101 1 1 8
101 1 1 82
101 1 1 108
101 1 1 92
101 1 1 2
101 1 1 91
101 1 1 105
101 1 1 51
101 1 1 3
101 1 1 60
101 1 1 101
101 1 1 24
101 1 1 10
101 1 1 60
101 1 1 114
101 1 1 71
101 1 1 2
101 1 1 69
101 1 1 103
101 1 1 119
101 1 2 3
101 1 2 50
101 1 2 110
101 1 2 77
101 1 2 10
101 1 2 57
101 1 2 112
101 1 2 51
101 1 2 8
101 1 2 76
101 1 2 105
101 1 2 17
101 1 2 1
101 1 2 76
101 1 2 115
101 1 2 88
101 1 2 1
101 1 2 69
101 1 2 106
101 1 2 91
101 1 3 7
101 1 3 92
101 1 3 111
101 1 3 110
101 1 3 8
101 1 3 55
101 1 3 107
101 1 3 75
101 1 3 7
101 1 3 80
101 1 3 107
101 1 3 32
101 1 3 8
101 1 3 56
101 1 3 116
101 1 3 29
101 1 3 5
101 1 3 77
101 1 3 115
101 1 3 53
101 1 4 4
101 1 4 50
101 1 4 109
101 1 4 66
101 1 4 6
101 1 4 97
101 1 4 117
101 1 4 115
101 1 4 5
101 1 4 67
101 1 4 116
101 1 4 92
101 1 4 3
101 1 4 71
101 1 4 112
101 1 4 120
101 1 4 1
101 1 4 52
101 1 4 117
101 1 4 112
101 1 5 3
101 1 5 96
101 1 5 108
101 1 5 25
101 1 5 8
101 1 5 89
101 1 5 116
101 1 5 80
101 1 5 5
101 1 5 76
101 1 5 102
101 1 5 47
101 1 5 8
101 1 5 54
101 1 5 102
101 1 5 78
101 1 5 1
101 1 5 62
101 1 5 112
101 1 5 5
101 1 6 5
101 1 6 68
101 1 6 111
101 1 6 49
101 1 6 3
101 1 6 69
101 1 6 117
101 1 6 63
101 1 6 8
101 1 6 75
101 1 6 101
101 1 6 104
101 1 6 5
101 1 6 71
101 1 6 122
101 1 6 41
101 1 6 10
101 1 6 91
101 1 6 116
101 1 6 34
101 1 7 8
101 1 7 94
101 1 7 121
101 1 7 65
101 1 7 7
101 1 7 51
101 1 7 114
101 1 7 6
101 1 7 10
101 1 7 69
101 1 7 118
101 1 7 93
101 1 7 5
101 1 7 78
101 1 7 107
101 1 7 22
101 1 7 5
101 1 7 81
101 1 7 103
101 1 7 3
101 1 8 7
101 1 8 64
101 1 8 113
101 1 8 10
101 1 8 5
101 1 8 85
101 1 8 116
101 1 8 43
101 1 8 2
101 1 8 91
101 1 8 113
101 1 8 85
101 1 8 3
101 1 8 66
101 1 8 102
101 1 8 68
101 1 8 6
101 1 8 73
101 1 8 111
101 1 8 15
101 1 9 1
101 1 9 96
101 1 9 109
101 1 9 43
101 1 9 2
101 1 9 78
101 1 9 122
101 1 9 5
101 1 9 8
101 1 9 86
101 1 9 109
101 1 9 5
101 1 9 2
101 1 9 95
101 1 9 113
101 1 9 73
101 1 9 7
101 1 9 54
101 1 9 101
101 1 9 15
101 1 10 7
101 1 10 76
101 1 10 116
101 1 10 35
101 1 10 2
101 1 10 95
101 1 10 119
101 1 10 10
101 1 10 7
101 1 10 90
101 1 10 120
101 1 10 44
101 1 10 4
101 1 10 76
101 1 10 109
101 1 10 56
101 1 10 4
101 1 10 65
101 1 10 115
101 1 10 102
101 1 11 8
101 1 11 86
101 1 11 116
101 1 11 72
101 1 11 7
101 1 11 71
101 1 11 115
101 1 11 18
101 1 11 9
101 1 11 89
101 1 11 112
101 1 11 27
101 1 11 5
101 1 11 82
101 1 11 101
101 1 11 104
101 1 11 4
101 1 11 80
101 1 11 119
101 1 11 27
101 1 12 9
101 1 12 51
101 1 12 111
101 1 12 116
101 1 12 9
101 1 12 50
101 1 12 102
101 1 12 54
101 1 12 5
101 1 12 95
101 1 12 111
101 1 12 98
101 1 12 6
101 1 12 101
101 1 12 111
101 1 12 114
101 1 12 2
101 1 12 91
101 1 12 119
101 1 12 118
101 1 13 5
101 1 13 75
101 1 13 104
101 1 13 110
101 1 13 8
101 1 13 79
101 1 13 120
101 1 13 115
101 1 13 3
101 1 13 82
101 1 13 105
101 1 13 40
101 1 13 10
101 1 13 52
101 1 13 113
101 1 13 24
101 1 13 6
101 1 13 94
101 1 13 113
101 1 13 51
101 1 14 10
101 1 14 101
101 1 14 113
101 1 14 53
101 1 14 2
101 1 14 52
101 1 14 110
101 1 14 15
101 1 14 4
101 1 14 56
101 1 14 108
101 1 14 119
101 1 14 3
101 1 14 80
101 1 14 115
101 1 14 32
101 1 14 9
101 1 14 91
101 1 14 106
101 1 14 116
101 2 1 8
101 2 1 74
101 2 1 105
101 2 1 38
101 2 1 6
101 2 1 52
101 2 1 119
101 2 1 75
101 2 1 4
101 2 1 60
101 2 1 115
101 2 1 5
101 2 1 10
101 2 1 67
101 2 1 104
101 2 1 27
101 2 1 2
101 2 1 87
101 2 1 107
101 2 1 23
101 2 2 2
101 2 2 100
101 2 2 105
101 2 2 22
101 2 2 2
101 2 2 56
101 2 2 102
101 2 2 65
101 2 2 5
101 2 2 56
101 2 2 120
101 2 2 91
101 2 2 3
101 2 2 55
101 2 2 119
101 2 2 1
101 2 2 8
101 2 2 83
101 2 2 109
101 2 2 80
101 2 3 9
101 2 3 68
101 2 3 112
101 2 3 41
101 2 3 2
101 2 3 87
101 2 3 112
101 2 3 49
101 2 3 8
101 2 3 55
101 2 3 106
101 2 3 63
101 2 3 6
101 2 3 51
101 2 3 116
101 2 3 100
101 2 3 1
101 2 3 81
101 2 3 102
101 2 3 59
101 2 4 1
101 2 4 64
101 2 4 108
101 2 4 58
101 2 4 5
101 2 4 78
101 2 4 114
101 2 4 86
101 2 4 10
101 2 4 97
101 2 4 109
101 2 4 72
101 2 4 5
101 2 4 77
101 2 4 108
101 2 4 66
101 2 4 1
101 2 4 74
101 2 4 103
101 2 4 44
101 2 5 2
101 2 5 57
101 2 5 122
101 2 5 27
101 2 5 1
101 2 5 53
101 2 5 116
101 2 5 68
101 2 5 10
101 2 5 85
101 2 5 118
101 2 5 113
101 2 5 7
101 2 5 82
101 2 5 121
101 2 5 12
101 2 5 7
101 2 5 91
101 2 5 111
101 2 5 64
101 2 6 9
101 2 6 67
101 2 6 109
101 2 6 51
101 2 6 9
101 2 6 100
101 2 6 114
101 2 6 75
101 2 6 3
101 2 6 66
101 2 6 115
101 2 6 26
101 2 6 8
101 2 6 57
101 2 6 120
101 2 6 48
101 2 6 10
101 2 6 62
101 2 6 113
101 2 6 4
101 2 7 8
101 2 7 89
101 2 7 102
101 2 7 13
101 2 7 3
101 2 7 74
101 2 7 118
101 2 7 104
101 2 7 4
101 2 7 64
101 2 7 111
101 2 7 54
101 2 7 5
101 2 7 50
101 2 7 114
101 2 7 108
101 2 7 5
101 2 7 71
101 2 7 102
101 2 7 121
101 2 8 8
101 2 8 54
101 2 8 111
101 2 8 121
101 2 8 5
101 2 8 99
101 2 8 116
101 2 8 109
101 2 8 2
101 2 8 90
101 2 8 116
101 2 8 27
101 2 8 8
101 2 8 68
101 2 8 109
101 2 8 9
101 2 8 4
101 2 8 61
101 2 8 119
101 2 8 4
101 2 9 1
101 2 9 72
101 2 9 112
101 2 9 108
101 2 9 6
101 2 9 88
101 2 9 113
101 2 9 6
101 2 9 4
101 2 9 57
101 2 9 108
101 2 9 95
101 2 9 8
101 2 9 57
101 2 9 109
101 2 9 42
101 2 9 6
101 2 9 65
101 2 9 107
101 2 9 55
101 2 10 9
101 2 10 60
101 2 10 112
101 2 10 79
101 2 10 7
101 2 10 81
101 2 10 101
101 2 10 23
101 2 10 1
101 2 10 84
101 2 10 117
101 2 10 50
101 2 10 5
101 2 10 92
101 2 10 103
101 2 10 26
101 2 10 10
101 2 10 89
101 2 10 108
101 2 10 103
101 2 11 7
101 2 11 56
101 2 11 102
101 2 11 64
101 2 11 6
101 2 11 68
101 2 11 122
101 2 11 70
101 2 11 10
101 2 11 64
101 2 11 119
101 2 11 5
101 2 11 2
101 2 11 67
101 2 11 104
101 2 11 81
101 2 11 3
101 2 11 92
101 2 11 116
101 2 11 65
101 2 12 10
101 2 12 62
101 2 12 119
101 2 12 117
101 2 12 1
101 2 12 82
101 2 12 104
101 2 12 82
101 2 12 4
101 2 12 53
101 2 12 101
101 2 12 73
101 2 12 6
101 2 12 68
101 2 12 115
101 2 12 59
101 2 12 8
101 2 12 87
101 2 12 108
101 2 12 92
101 2 13 2
101 2 13 54
101 2 13 103
101 2 13 36
101 2 13 9
101 2 13 101
101 2 13 121
101 2 13 23
101 2 13 6
101 2 13 52
101 2 13 117
101 2 13 23
101 2 13 4
101 2 13 54
101 2 13 105
101 2 13 55
101 2 13 10
101 2 13 92
101 2 13 111
101 2 13 24
101 2 14 7
101 2 14 69
101 2 14 118
101 2 14 87
101 2 14 8
101 2 14 80
101 2 14 102
101 2 14 67
101 2 14 2
101 2 14 72
101 2 14 105
101 2 14 119
101 2 14 3
101 2 14 57
101 2 14 120
101 2 14 83
101 2 14 4
101 2 14 56
101 2 14 120
101 2 14 117
101 8 10 54
101 8 10 103
101 8 12 49
101 8 12 2
101 8 12 79
101 8 12 118
101 8 12 5
101 8 12 6
101 8 12 87
101 8 12 101
101 8 12 101
101 8 12 5
101 8 12 75
101 8 12 105
101 8 12 72
101 8 12 4
101 8 12 71
101 8 12 111
101 8 12 26
101 8 13 2
101 8 13 92
101 8 13 102
101 8 13 72
101 8 13 8
101 8 13 99
101 8 13 122
101 8 13 117
101 8 13 4
101 8 13 87
101 8 13 116
101 8 13 74
101 8 13 4
101 8 13 74
101 8 13 113
101 8 13 112
101 8 13 2
101 8 13 84
101 8 13 118
101 8 13 66
101 8 14 9
101 8 14 94
101 8 14 120
101 8 14 105
101 8 14 7
101 8 14 90
101 8 14 107
101 8 14 114
101 8 14 10
101 8 14 79
101 8 14 103
101 8 14 104
101 8 14 4
101 8 14 71
101 8 14 116
101 8 14 64
101 8 14 4
101 8 14 76
101 8 14 119
101 8 14 54
101 9 1 4
101 9 1 63
101 9 1 110
101 9 1 53
101 9 1 6
101 9 1 74
101 9 1 112
101 9 1 3
101 9 1 5
101 9 1 67
101 9 1 107
101 9 1 92
101 9 1 8
101 9 1 87
101 9 1 110
101 9 1 50
101 9 1 6
101 9 1 80
101 9 1 117
101 9 1 57
101 9 2 4
101 9 2 78
101 9 2 119
101 9 2 117
101 9 2 2
101 9 2 85
101 9 2 104
101 9 2 32
101 9 2 2
101 9 2 61
101 9 2 122
101 9 2 86
101 9 2 6
101 9 2 76
101 9 2 121
101 9 2 12
101 9 2 8
101 9 2 56
101 9 2 114
101 9 2 5
101 9 3 1
101 9 3 96
101 9 3 121
101 9 3 70
101 9 3 8
101 9 3 57
101 9 3 121
101 9 3 14
101 9 3 9
101 9 3 90
101 9 3 105
101 9 3 96
101 9 3 8
101 9 3 97
101 9 3 117
101 9 3 3
101 9 3 9
101 9 3 89
101 9 3 119
101 9 3 26
101 9 4 8
101 9 4 82
101 9 4 106
101 9 4 33
101 9 4 7
101 9 4 89
101 9 4 120
101 9 4 115
101 9 4 5
101 9 4 98
101 9 4 116
101 9 4 111
101 9 4 2
101 9 4 79
101 9 4 103
101 9 4 110
101 9 4 2
101 9 4 84
101 9 4 122
101 9 4 34
101 9 5 5
101 9 5 56
101 9 5 102
101 9 5 114
101 9 5 10
101 9 5 64
101 9 5 115
101 9 5 66
101 9 5 5
101 9 5 87
101 9 5 117
101 9 5 4
101 9 5 6
101 9 5 73
101 9 5 121
101 9 5 96
101 9 5 9
101 9 5 93
101 9 5 114
101 9 5 67
101 9 6 8
101 9 6 53
101 9 6 112
101 9 6 48
101 9 6 10
101 9 6 97
101 9 6 112
101 9 6 54
101 9 6 6
101 9 6 89
101 9 6 105
101 9 6 55
101 9 6 4
101 9 6 64
101 9 6 112
101 9 6 97
101 9 6 2
101 9 6 59
101 9 6 102
101 9 6 42
101 9 7 5
101 9 7 98
101 9 7 103
101 9 7 8
101 9 7 6
101 9 7 78
101 9 7 117
101 9 7 67
101 9 7 2
101 9 7 82
101 9 7 119
101 9 7 110
101 9 7 2
101 9 7 76
101 9 7 121
101 9 7 53
101 9 7 2
101 9 7 77
101 9 7 119
101 9 7 2
101 9 8 8
101 9 8 53
101 9 8 107
101 9 8 6
101 9 8 10
101 9 8 95
101 9 8 114
101 9 8 88
101 9 8 8
101 9 8 74
101 9 8 106
101 9 8 96
101 9 8 5
101 9 8 64
101 9 8 119
101 9 8 59
101 9 8 2
101 9 8 93
101 9 8 102
101 9 8 99
101 9 9 6
101 9 9 80
101 9 9 119
101 9 9 65
101 9 9 2
101 9 9 80
101 9 9 101
101 9 9 20
101 9 9 7
101 9 9 80
101 9 9 119
101 9 9 47
101 9 9 7
101 9 9 59
101 9 9 110
101 9 9 75
101 9 9 5
101 9 9 84
101 9 9 103
101 9 9 13
101 9 10 7
101 9 10 84
101 9 10 105
101 9 10 30
101 9 10 1
101 9 10 76
101 9 10 116
101 9 10 21
101 9 10 2
101 9 10 73
101 9 10 120
101 9 10 109
101 9 10 3
101 9 10 97
101 9 10 118
101 9 10 105
101 9 10 2
101 9 10 70
101 9 10 103
101 9 10 89
101 9 11 1
101 9 11 89
101 9 11 108
101 9 11 9
101 9 11 6
101 9 11 65
101 9 11 114
101 9 11 25
101 9 11 5
101 9 11 100
101 9 11 101
101 9 11 108
101 9 11 6
101 9 11 68
101 9 11 111
101 9 11 52
101 9 11 8
101 9 11 96
101 9 11 104
101 9 11 37
101 9 12 10
101 9 12 54
101 9 12 107
101 9 12 102
101 9 12 2
101 9 12 51
101 9 12 121
101 9 12 109
101 9 12 8
101 9 12 75
101 9 12 114
101 9 12 95
101 9 12 7
101 9 12 63
101 9 12 113
101 9 12 92
101 9 12 6
101 9 12 60
101 9 12 106
101 9 12 116
101 9 13 1
101 9 13 72
101 9 13 113
101 9 13 15
101 9 13 6
101 9 13 100
101 9 13 112
101 9 13 88
101 9 13 4
101 9 13 63
101 9 13 103
101 9 13 7
101 9 13 1
101 9 13 93
101 9 13 113
101 9 13 116
101 9 13 2
101 9 13 91
101 9 13 118
101 9 13 41
101 9 14 9
101 9 14 65
101 9 14 103
101 9 14 53
101 9 14 3
101 9 14 57
101 9 14 121
101 9 14 100
101 9 14 3
101 9 14 61
101 9 14 103
101 9 14 45
101 9 14 9
101 9 14 64
101 9 14 117
101 9 14 25
101 9 14 10
101 9 14 56
101 9 14 101
101 9 14 35
101 10 1 10
101 10 1 58
101 10 1 122
101 10 1 113
101 10 1 7
101 10 1 73
101 10 1 121
101 10 1 25
101 10 1 2
101 10 1 99
101 10 1 102
101 10 1 103
101 10 1 4
101 10 1 80
101 10 1 107
101 10 1 5
101 10 1 10
101 10 1 84
101 10 1 118
101 10 1 52
101 10 2 3
101 10 2 80
101 10 2 101
101 10 2 76
101 10 2 7
101 10 2 70
101 10 2 122
101 10 2 112
101 10 2 2
101 10 2 57
101 10 2 119
101 10 2 27
101 10 2 10
101 10 2 90
101 10 2 111
101 10 2 115
101 10 2 7
101 10 2 68
101 10 2 111
101 10 2 96
101 10 3 8
101 10 3 52
101 10 3 103
101 10 3 35
101 10 3 4
101 10 3 51
101 10 3 120
101 10 3 64
101 10 3 5
101 10 3 90
101 10 3 115
101 10 3 30
101 10 3 8
101 10 3 77
101 10 3 109
101 10 3 9
101 10 3 9
101 10 3 80
101 10 3 109
101 10 3 11
101 10 4 9
101 10 4 71
101 10 4 101
101 10 4 28
101 10 4 4
101 10 4 77
101 10 4 121
101 10 4 37
101 10 4 9
101 10 4 77
101 10 4 118
101 10 4 107
101 10 4 8
101 10 4 97
101 10 4 104
101 10 4 57
101 10 4 6
101 10 4 55
101 10 4 107
101 10 4 100
101 10 5 5
101 10 5 77
101 10 5 114
101 10 5 56
101 10 5 4
101 10 5 77
101 10 5 104
101 10 5 77
101 10 5 3
101 10 5 73
101 10 5 103
101 10 5 89
101 10 5 6
101 10 5 76
101 10 5 106
101 10 5 18
101 10 5 8
101 10 5 78
101 10 5 113
101 10 5 68
101 10 6 2
101 10 6 69
101 10 6 108
101 10 6 97
101 10 6 6
101 10 6 81
101 10 6 114
101 10 6 10
101 10 6 3
101 10 6 92
101 10 6 111
101 10 6 56
101 10 6 6
101 10 6 101
101 10 6 122
101 10 6 14
101 10 6 9
101 10 6 87
101 10 6 108
101 10 6 87
101 10 7 10
101 10 7 53
101 10 7 119
101 10 7 45
101 10 7 5
101 10 7 93
101 10 7 107
101 10 7 54
101 10 7 2
101 10 7 51
101 10 7 104
101 10 7 35
101 10 7 4
101 10 7 63
101 10 7 106
101 10 7 11
101 10 7 3
101 10 7 73
101 10 7 120
101 10 7 42
101 10 8 4
101 10 8 71
101 10 8 120
101 10 8 58
101 10 8 3
101 10 8 83
101 10 8 106
101 10 8 11
101 10 8 5
101 10 8 94
101 10 8 114
101 10 8 26
101 10 8 10
101 10 8 50
101 10 8 106
101 10 8 8
101 10 8 7
101 10 8 93
101 10 8 121
101 10 8 91
101 10 9 10
101 10 9 61
101 10 9 112
101 10 9 92
101 10 9 5
101 10 9 65
101 10 9 117
101 10 9 121
101 10 9 9
101 10 9 75
101 10 9 120
101 10 9 23
101 10 9 4
101 10 9 90
101 10 9 120
101 10 9 65
101 10 9 4
101 10 9 93
101 10 9 101
101 10 9 99
101 10 10 5
101 10 10 57
101 10 10 102
101 10 10 43
101 10 10 7
101 10 10 91
101 10 10 103
101 10 10 62
101 10 10 10
101 10 10 64
101 10 10 119
101 10 10 51
101 10 10 7
101 10 10 51
101 10 10 105
101 10 10 69
101 10 10 4
101 10 10 94
101 10 10 120
101 10 10 102
101 10 11 10
101 10 11 51
101 10 11 108
101 10 11 6
101 10 11 8
101 10 11 94
101 10 11 106
101 10 11 95
101 10 11 5
101 10 11 82
101 10 11 119
101 10 11 117
101 10 11 8
101 10 11 97
101 10 11 104
101 10 11 18
101 10 11 8
101 10 11 79
101 10 11 121
101 10 11 120
101 10 12 10
101 10 12 79
101 10 12 103
101 10 12 88
101 10 12 8
101 10 12 84
101 10 12 117
101 10 12 32
101 10 12 7
101 10 12 61
101 10 12 118
101 10 12 95
101 10 12 5
101 10 12 95
101 10 12 118
101 10 12 18
101 10 12 5
101 10 12 72
101 10 12 111
101 10 12 99
101 10 13 6
101 10 13 96
101 10 13 103
101 10 13 82
101 10 13 4
101 10 13 94
101 10 13 115
101 10 13 97
101 10 13 6
101 10 13 101
101 10 13 118
101 10 13 107
101 10 13 6
101 10 13 50
101 10 13 115
101 10 13 62
101 10 13 8
101 10 13 75
101 10 13 106
101 10 13 103
101 10 14 4
101 10 14 87
101 10 14 105
101 10 14 1
101 10 14 8
101 10 14 54
101 10 14 104
101 10 14 93
101 10 14 1
101 10 14 77
101 10 14 116
101 10 14 31
101 10 14 5
101 10 14 75
101 10 14 113
101 10 14 5
101 10 14 1
101 10 14 74
101 10 14 122
101 10 14 74
101 11 1 1
101 11 1 100
101 11 1 120
101 11 1 97
101 11 1 7
101 11 1 89
101 11 1 117
101 11 1 49
101 11 1 6
101 11 1 69
101 11 1 121
101 11 1 106
101 11 1 4
101 11 1 100
101 11 1 113
101 11 1 77
101 11 1 3
101 11 1 79
101 11 1 115
101 11 1 6
101 11 2 9
101 11 2 90
101 11 2 113
101 11 2 73
101 11 2 10
101 11 2 92
101 11 2 102
101 11 2 35
101 11 2 5
101 11 2 53
101 11 2 119
101 11 2 108
101 11 2 9
101 11 2 101
101 11 2 111
101 11 2 9
101 11 2 2
101 11 2 51
101 11 2 104
101 11 2 102
101 11 3 7
101 11 3 69
101 11 3 117
101 11 3 84
101 11 3 10
101 11 3 79
101 11 3 107
101 11 3 86
101 11 3 9
101 11 3 84
101 11 3 105
101 11 3 67
101 11 3 2
101 11 3 54
101 11 3 105
101 11 3 65
101 11 3 7
101 11 3 81
101 11 3 122
101 11 3 39
101 11 4 1
101 11 4 82
101 11 4 103
101 11 4 116
101 11 4 6
101 11 4 68
101 11 4 104
101 11 4 94
101 11 4 1
101 11 4 79
101 11 4 104
101 11 4 114
101 11 4 5
101 11 4 99
101 11 4 119
101 11 4 58
101 11 4 9
101 11 4 101
101 11 4 117
101 11 4 43
101 11 5 4
101 11 5 69
101 11 5 102
101 11 5 87
101 11 5 6
101 11 5 90
101 11 5 103
101 11 5 8
101 11 5 4
101 11 5 70
101 11 5 118
101 11 5 112
101 11 5 8
101 11 5 82
101 11 5 102
101 11 5 94
101 11 5 1
101 11 5 68
101 11 5 121
101 11 5 46
101 11 6 10
101 11 6 67
101 11 6 110
101 11 6 22
101 11 6 10
101 11 6 82
101 11 6 104
101 11 6 89
101 11 6 2
101 11 6 69
101 11 6 110
101 11 6 37
101 11 6 10
101 11 6 68
101 11 6 111
101 11 6 24
101 11 6 8
101 11 6 86
101 11 6 103
101 11 6 50
101 11 7 7
101 11 7 95
101 11 7 114
101 11 7 88
101 11 7 3
101 11 7 56
101 11 7 111
101 11 7 56
101 11 7 9
101 11 7 97
101 11 7 122
101 11 7 14
101 11 7 5
101 11 7 70
101 11 7 117
101 11 7 98
101 11 7 9
101 11 7 84
101 11 7 107
101 11 7 54
101 11 8 9
101 11 8 101
101 11 8 116
101 11 8 46
101 11 8 7
101 11 8 62
101 11 8 122
101 11 8 104
101 11 8 6
101 11 8 72
101 11 8 115
101 11 8 18
101 11 8 8
101 11 8 78
101 11 8 105
101 11 8 106
101 11 8 6
101 11 8 98
101 11 8 113
101 11 8 9
101 11 9 8
101 11 9 100
101 11 9 122
101 11 9 70
101 11 9 4
101 11 9 68
101 11 9 116
101 11 9 18
101 11 9 1
101 11 9 97
101 11 9 118
101 11 9 102
101 11 9 10
101 11 9 83
101 11 9 105
101 11 9 78
101 11 9 7
101 11 9 56
101 11 9 118
101 11 9 57
101 11 10 8
101 11 10 92
101 11 10 116
101 11 10 25
101 11 10 8
101 11 10 53
101 11 10 104
101 11 10 84
101 11 10 3
101 11 10 76
101 11 10 117
101 11 10 98
101 11 10 4
101 11 10 74
101 11 10 111
101 11 10 45
101 11 10 1
101 11 10 70
101 11 10 106
101 11 10 52
101 11 11 5
101 11 11 97
101 11 11 115
101 11 11 72
101 11 11 8
101 11 11 85
101 11 11 120
101 11 11 60
101 11 11 8
101 11 11 86
101 11 11 109
101 11 11 95
101 11 11 1
101 11 11 79
101 11 11 106
101 11 11 42
101 11 11 10
101 11 11 66
101 11 11 107
101 11 11 122
101 11 12 8
101 11 12 85
101 11 12 118
101 11 12 97
101 11 12 5
101 11 12 57
101 11 12 116
101 11 12 23
101 11 12 6
101 11 12 70
101 11 12 105
101 11 12 1
101 11 12 2
101 11 12 80
101 11 12 122
101 11 12 55
101 11 12 3
101 11 12 58
101 11 12 122
101 11 12 112
101 11 13 4
101 11 13 66
101 11 13 105
101 11 13 72
101 11 13 2
101 11 13 83
101 11 13 122
101 11 13 13
101 11 13 7
101 11 13 61
101 11 13 121
101 11 13 55
101 11 13 10
101 11 13 100
101 11 13 110
101 11 13 75
101 11 13 4
101 11 13 60
101 11 13 118
101 11 13 94
101 11 14 6
101 11 14 95
101 11 14 116
101 11 14 60
101 11 14 8
101 11 14 61
101 11 14 122
101 11 14 65
101 11 14 10
101 11 14 99
101 11 14 103
101 11 14 93
101 11 14 6
101 11 14 51
101 11 14 105
101 11 14 121
101 11 14 3
101 11 14 79
101 11 14 115
101 11 14 51
101 12 1 7
101 12 1 63
101 12 1 112
101 12 1 53
101 12 1 3
101 12 1 65
101 12 1 105
101 12 1 17
101 12 1 1
101 12 1 79
101 12 1 115
101 12 1 6
101 12 1 7
101 12 1 79
101 12 1 111
101 12 1 92
101 12 1 1
101 12 1 99
101 12 1 101
101 12 1 95
101 12 2 5
101 12 2 77
101 12 2 115
101 12 2 63
101 12 2 4
101 12 2 64
101 12 2 101
101 12 2 96
101 12 2 10
101 12 2 95
101 12 2 113
101 12 2 122
101 12 2 8
101 12 2 62
101 12 2 104
101 12 2 66
101 12 2 4
101 12 2 88
101 12 2 101
101 12 2 9
101 12 3 8
101 12 3 100
101 12 3 121
101 12 3 29
101 12 3 1
101 12 3 52
101 12 3 114
101 12 3 69
101 12 3 4
101 12 3 73
101 12 3 102
101 12 3 115
101 12 3 7
101 12 3 75
101 12 3 102
101 12 3 26
101 12 3 9
101 12 3 67
101 12 3 122
101 12 3 84
101 12 4 5
101 12 4 100
101 12 4 117
101 12 4 74
101 12 4 4
101 12 4 56
101 12 4 121
101 12 4 47
101 12 4 2
101 12 4 78
101 12 4 104
101 12 4 70
101 12 4 6
101 12 4 52
101 12 4 105
101 12 4 42
101 12 4 10
101 12 4 55
101 12 4 121
101 12 4 115
101 12 5 9
101 12 5 96
101 12 5 117
101 12 5 101
101 12 5 8
101 12 5 100
101 12 5 107
101 12 5 96
101 12 5 4
101 12 5 93
101 12 5 102
101 12 5 11
101 12 5 10
101 12 5 50
101 12 5 119
101 12 5 29
101 12 5 3
101 12 5 66
101 12 5 121
101 12 5 5
101 12 6 9
101 12 6 67
101 12 6 118
101 12 6 11
101 12 6 5
101 12 6 77
101 12 6 121
101 12 6 79
101 12 6 1
101 12 6 96
101 12 6 110
101 12 6 121
101 12 6 8
101 12 6 101
101 12 6 115
101 12 6 52
101 12 6 10
101 12 6 65
101 12 6 115
101 12 6 2
101 12 7 5
101 12 7 84
101 12 7 122
101 12 7 69
101 12 7 3
101 12 7 69
101 12 7 118
101 12 7 15
101 12 7 4
101 12 7 81
101 12 7 111
101 12 7 115
101 12 7 1
101 12 7 82
101 12 7 111
101 12 7 89
101 12 7 1
101 12 7 82
101 12 7 101
101 12 7 58
101 12 8 8
101 12 8 92
101 12 8 115
101 12 8 51
101 12 8 3
101 12 8 60
101 12 8 115
101 12 8 110
101 12 8 8
101 12 8 73
101 12 8 122
101 12 8 118
101 12 8 10
101 12 8 50
101 12 8 114
101 12 8 8
101 12 8 2
101 12 8 60
101 12 8 109
101 12 8 73
101 12 9 7
101 12 9 63
101 12 9 113
101 12 9 32
101 12 9 4
101 12 9 93
101 12 9 109
101 12 9 64
101 12 9 7
101 12 9 88
101 12 9 109
101 12 9 14
101 12 9 10
101 12 9 96
101 12 9 122
101 12 9 50
101 12 9 10
101 12 9 63
101 12 9 102
101 12 9 40
101 12 10 10
101 12 10 74
101 12 10 103
101 12 10 92
101 12 10 2
101 12 10 53
101 12 10 106
101 12 10 34
101 12 10 2
101 12 10 73
101 12 10 113
101 12 10 113
101 12 10 7
101 12 10 61
101 12 10 110
101 12 10 50
101 12 10 2
101 12 10 56
101 12 10 111
101 12 10 118
101 12 11 10
101 12 11 93
101 12 11 119
101 12 11 54
101 12 11 4
101 12 11 68
101 12 11 110
101 12 11 34
101 12 11 2
101 12 11 101
101 12 11 112
101 12 11 97
101 12 11 5
101 12 11 62
101 12 11 111
101 12 11 75
101 12 11 6
101 12 11 91
101 12 11 104
101 12 11 101
101 12 12 7
101 12 12 91
101 12 12 122
101 12 12 97
101 12 12 4
101 12 12 94
101 12 12 104
101 12 12 10
101 12 12 4
101 12 12 61
101 12 12 122
101 12 12 90
101 12 12 6
101 12 12 58
101 12 12 111
101 12 12 72
101 12 12 3
101 12 12 80
101 12 12 122
101 12 12 94
101 12 13 3
101 12 13 89
101 12 13 106
101 12 13 96
101 12 13 10
101 12 13 70
101 12 13 115
101 12 13 39
101 12 13 9
101 12 13 55
101 12 13 107
101 12 13 107
101 12 13 3
101 12 13 80
101 12 13 114
101 12 13 6
101 12 13 3
101 12 13 72
101 12 13 120
101 12 13 28
101 12 14 10
101 12 14 61
101 12 14 116
101 12 14 73
101 12 14 4
101 12 14 76
101 12 14 118
101 12 14 84
101 12 14 4
101 12 14 93
101 12 14 117
101 12 14 39
101 12 14 7
101 12 14 70
101 12 14 113
101 12 14 105
101 12 14 7
101 12 14 92
101 12 14 113
101 12 14 56
101 13 1 7
101 13 1 60
101 13 1 119
101 13 1 32
101 13 1 3
101 13 1 71
101 13 1 103
101 13 1 30
101 13 1 7
101 13 1 77
101 13 1 114
101 13 1 66
101 13 1 8
101 13 1 50
101 13 1 118
101 13 1 103
101 13 1 7
101 13 1 78
101 13 1 114
101 13 1 36
101 13 2 8
101 13 2 84
101 13 2 111
101 13 2 15
101 13 2 4
101 13 2 83
101 13 2 116
101 13 2 81
101 13 2 4
101 13 2 58
101 13 2 108
101 13 2 94
101 13 2 6
101 13 2 61
101 13 2 102
101 13 2 56
101 13 2 3
101 13 2 81
101 13 2 122
101 13 2 89
101 13 3 4
101 13 3 94
101 13 3 111
101 13 3 32
101 13 3 7
101 13 3 77
101 13 3 101
101 13 3 90
101 13 3 3
101 13 3 50
101 13 3 119
101 13 3 96
101 13 3 1
101 13 3 59
101 13 3 101
101 13 3 47
101 13 3 2
101 13 3 101
101 13 3 106
101 13 3 15
101 13 4 3
101 13 4 97
101 13 4 122
101 13 4 81
101 13 4 2
101 13 4 57
101 13 4 108
101 13 4 3
101 13 4 1
101 13 4 64
101 13 4 120
101 13 4 89
101 13 4 9
101 13 4 98
101 13 4 103
101 13 4 32
101 13 4 5
101 13 4 95
101 13 4 102
101 13 4 24
101 13 5 9
101 13 5 55
101 13 5 101
101 13 5 15
101 13 5 9
101 13 5 87
101 13 5 108
101 13 5 38
101 13 5 2
101 13 5 83
101 13 5 121
101 13 5 8
101 13 5 8
101 13 5 56
101 13 5 101
101 13 5 62
101 13 5 3
101 13 5 59
101 13 5 101
101 13 5 29
101 13 6 8
101 13 6 96
101 13 6 108
101 13 6 16
101 13 6 10
101 13 6 57
101 13 6 120
101 13 6 105
101 13 6 6
101 13 6 67
101 13 6 106
101 13 6 78
101 13 6 7
101 13 6 52
101 13 6 122
101 13 6 112
101 13 6 10
101 13 6 91
101 13 6 118
101 13 6 57
101 13 7 2
101 13 7 87
101 13 7 114
101 13 7 61
101 13 7 7
101 13 7 70
101 13 7 108
101 13 7 25
101 13 7 5
101 13 7 90
101 13 7 113
101 13 7 87
101 13 7 8
101 13 7 58
101 13 7 122
101 13 7 95
101 13 7 3
101 13 7 95
101 13 7 113
101 13 7 4
101 13 8 4
101 13 8 76
101 13 8 105
101 13 8 78
101 13 8 3
101 13 8 85
101 13 8 117
101 13 8 34
101 13 8 10
101 13 8 86
101 13 8 121
101 13 8 39
101 13 8 2
101 13 8 99
101 13 8 120
101 13 8 121
101 13 8 8
101 13 8 85
101 13 8 115
101 13 8 81
101 13 9 6
101 13 9 73
101 13 9 111
101 13 9 88
101 13 9 9
101 13 9 71
101 13 9 106
101 13 9 29
101 13 9 6
101 13 9 90
101 13 9 121
101 13 9 47
101 13 9 9
101 13 9 82
101 13 9 107
101 13 9 110
101 13 9 1
101 13 9 52
101 13 9 122
101 13 9 88
101 13 10 7
101 13 10 67
101 13 10 118
101 13 10 48
101 13 10 10
101 13 10 77
101 13 10 113
101 13 10 5
101 13 10 6
101 13 10 90
101 13 10 111
101 13 10 1
101 13 10 7
101 13 10 61
101 13 10 112
101 13 10 18
101 13 10 1
101 13 10 80
101 13 10 102
101 13 10 58
101 13 11 5
101 13 11 90
101 13 11 115
101 13 11 33
101 13 11 6
101 13 11 63
101 13 11 118
101 13 11 30
101 13 11 2
101 13 11 52
101 13 11 110
101 13 11 99
101 13 11 3
101 13 11 85
101 13 11 109
101 13 11 109
101 13 11 3
101 13 11 98
101 13 11 105
101 13 11 103
101 13 12 2
101 13 12 96
101 13 12 117
101 13 12 79
101 13 12 2
101 13 12 87
101 13 12 111
101 13 12 116
101 13 12 6
101 13 12 53
101 13 12 107
101 13 12 56
101 13 12 3
101 13 12 79
101 13 12 109
101 13 12 120
101 13 12 9
101 13 12 75
101 13 12 120
101 13 12 60
101 13 13 7
101 13 13 66
101 13 13 122
101 13 13 72
101 13 13 9
101 13 13 61
101 13 13 121
101 13 13 69
101 13 13 10
101 13 13 56
101 13 13 110
101 13 13 78
101 13 13 10
101 13 13 85
101 13 13 103
101 13 13 116
101 13 13 2
101 13 13 50
101 13 13 110
101 13 13 2
101 13 14 6
101 13 14 74
101 13 14 109
101 13 14 111
101 13 14 4
101 13 14 54
101 13 14 104
101 13 14 17
101 13 14 7
101 13 14 81
101 13 14 119
101 13 14 5
101 13 14 8
101 13 14 100
101 13 14 112
101 13 14 39
101 13 14 9
101 13 14 88
101 13 14 120
101 13 14 41
101 14 1 10
101 14 1 52
101 14 1 112
101 14 1 95
101 14 1 1
101 14 1 73
101 14 1 114
101 14 1 78
101 14 1 2
101 14 1 61
101 14 1 117
101 14 1 64
101 14 1 10
101 14 1 72
101 14 1 106
101 14 1 87
101 14 1 7
101 14 1 69
101 14 1 104
101 14 1 38
101 14 2 1
101 14 2 68
101 14 2 102
101 14 2 72
101 14 2 2
101 14 2 72
101 14 2 112
101 14 2 88
101 14 2 10
101 14 2 62
101 14 2 112
101 14 2 73
101 14 2 10
101 14 2 77
101 14 2 117
101 14 2 12
101 14 2 8
101 14 2 91
101 14 2 111
101 14 2 84
101 14 3 2
101 14 3 66
101 14 3 118
101 14 3 1
101 14 3 5
101 14 3 70
101 14 3 120
101 14 3 120
101 14 3 9
101 14 3 65
101 14 3 110
101 14 3 41
101 14 3 2
101 14 3 76
101 14 3 109
101 14 3 84
101 14 3 7
101 14 3 91
101 14 3 121
101 14 3 8
101 14 4 7
101 14 4 67
101 14 4 121
101 14 4 28
101 14 4 2
101 14 4 77
101 14 4 111
101 14 4 53
101 14 4 4
101 14 4 91
101 14 4 122
101 14 4 6
101 14 4 4
101 14 4 98
101 14 4 104
101 14 4 50
101 14 4 6
101 14 4 73
101 14 4 102
101 14 4 90
101 14 5 6
101 14 5 52
101 14 5 122
101 14 5 112
101 14 5 10
101 14 5 60
101 14 5 117
101 14 5 27
101 14 5 1
101 14 5 99
101 14 5 119
101 14 5 122
101 14 5 1
101 14 5 57
101 14 5 111
101 14 5 109
101 14 5 4
101 14 5 75
101 14 5 119
101 14 5 20
101 14 6 7
101 14 6 56
101 14 6 107
101 14 6 62
101 14 6 1
101 14 6 71
101 14 6 114
101 14 6 103
101 14 6 9
101 14 6 98
101 14 6 105
101 14 6 83
101 14 6 6
101 14 6 98
101 14 6 120
101 14 6 26
101 14 6 8
101 14 6 99
101 14 6 113
101 14 6 69
101 14 7 1
101 14 7 69
101 14 7 122
101 14 7 13
101 14 7 6
101 14 7 80
101 14 7 119
101 14 7 53
101 14 7 3
101 14 7 88
101 14 7 110
101 14 7 24
101 14 7 10
101 14 7 82
101 14 7 104
101 14 7 67
101 14 7 2
101 14 7 96
101 14 7 121
101 14 7 77
101 14 8 3
101 14 8 90
101 14 8 112
101 14 8 82
101 14 8 6
101 14 8 75
101 14 8 108
101 14 8 17
101 14 8 3
101 14 8 79
101 14 8 105
101 14 8 43
101 14 8 7
101 14 8 61
101 14 8 122
101 14 8 56
101 14 8 1
101 14 8 66
101 14 8 111
101 14 8 102
101 14 9 7
101 14 9 61
101 14 9 105
101 14 9 27
101 14 9 8
101 14 9 75
101 14 9 116
101 14 9 20
101 14 9 6
101 14 9 77
101 14 9 118
101 14 9 42
101 14 9 9
101 14 9 64
101 14 9 115
101 14 9 102
101 14 9 3
101 14 9 97
101 14 9 106
101 14 9 47
101 14 10 3
101 14 10 51
101 14 10 121
101 14 10 83
101 14 10 7
101 14 10 100
101 14 10 115
101 14 10 34
101 14 10 4
101 14 10 91
101 14 10 104
101 14 10 116
101 14 10 9
101 14 10 64
101 14 10 118
101 14 10 65
101 14 10 1
101 14 10 96
101 14 10 101
101 14 10 107
101 14 11 8
101 14 11 58
101 14 11 112
101 14 11 105
101 14 11 3
101 14 11 100
101 14 11 102
101 14 11 108
101 14 11 7
101 14 11 100
101 14 11 107
101 14 11 71
101 14 11 10
101 14 11 76
101 14 11 111
101 14 11 16
101 14 11 8
101 14 11 88
101 14 11 111
101 14 11 7
101 14 12 1
101 14 12 68
101 14 12 108
101 14 12 16
101 14 12 9
101 14 12 86
101 14 12 121
101 14 12 71
101 14 12 4
101 14 12 54
101 14 12 117
101 14 12 7
101 14 12 6
101 14 12 56
101 14 12 120
101 14 12 28
101 14 12 7
101 14 12 66
101 14 12 117
101 14 12 46
101 14 13 5
101 14 13 55
101 14 13 104
101 14 13 27
101 14 13 8
101 14 13 94
101 14 13 115
101 14 13 23
101 14 13 4
101 14 13 74
101 14 13 115
101 14 13 119
101 14 13 7
101 14 13 51
101 14 13 122
101 14 13 107
101 14 13 5
101 14 13 89
101 14 13 112
101 14 13 48
101 14 14 4
101 14 14 90
101 14 14 111
101 14 14 91
101 14 14 6
101 14 14 85
101 14 14 121
101 14 14 98
101 14 14 2
101 14 14 68
101 14 14 114
101 14 14 101
101 14 14 7
101 14 14 52
101 14 14 122
101 14 14 25
101 14 14 8
101 14 14 66
101 14 14 110
101 14 14 20
103 1 1 4
103 1 1 88
103 1 1 114
103 1 1 34
103 1 1 6
103 1 1 62
103 1 1 108
103 1 1 63
103 1 1 4
103 1 1 61
103 1 1 124
103 1 1 9
103 1 1 2
103 1 1 61
103 1 1 121
103 1 1 5
103 1 1 4
103 1 1 70
103 1 1 110
103 1 1 92
103 1 2 4
103 1 2 98
103 1 2 120
103 1 2 87
103 1 2 9
103 1 2 98
103 1 2 108
103 1 2 27
103 1 2 1
103 1 2 73
103 1 2 120
103 1 2 123
103 1 2 3
103 1 2 67
103 1 2 104
103 1 2 51
103 1 2 5
103 1 2 80
103 1 2 109
103 1 2 104
103 1 3 9
103 1 3 59
103 1 3 115
103 1 3 84
103 1 3 6
103 1 3 61
103 1 3 117
103 1 3 112
103 1 3 9
103 1 3 81
103 1 3 123
103 1 3 8
103 1 3 10
103 1 3 81
103 1 3 105
103 1 3 25
103 1 3 8
103 1 3 70
103 1 3 115
103 1 3 94
103 1 4 7
103 1 4 68
103 1 4 109
103 1 4 68
103 1 4 2
103 1 4 70
103 1 4 117
103 1 4 106
103 1 4 3
103 1 4 55
103 1 4 112
103 1 4 86
103 1 4 5
103 1 4 84
103 1 4 106
103 1 4 68
103 1 4 9
103 1 4 54
103 1 4 107
103 1 4 36
103 1 5 3
103 1 5 86
103 1 5 109
103 1 5 10
103 1 5 9
103 1 5 58
103 1 5 106
103 1 5 31
103 1 5 8
103 1 5 100
103 1 5 116
103 1 5 75
103 1 5 7
103 1 5 84
103 1 5 123
103 1 5 93
103 1 5 9
103 1 5 67
103 1 5 105
103 1 5 102
103 1 6 2
103 1 6 90
103 1 6 123
103 1 6 77
103 1 6 6
103 1 6 79
103 1 6 116
103 1 6 98
103 1 6 8
103 1 6 71
103 1 6 115
103 1 6 109
103 1 6 6
103 1 6 59
103 1 6 112
103 1 6 90
103 1 6 1
103 1 6 101
103 1 6 121
103 1 6 44
103 1 7 8
103 1 7 80
103 1 7 111
103 1 7 67
103 1 7 9
103 1 7 83
103 1 7 109
103 1 7 1
103 1 7 10
103 1 7 87
103 1 7 112
103 1 7 103
103 1 7 5
103 1 7 59
103 1 7 124
103 1 7 98
103 1 7 2
103 1 7 55
103 1 7 118
103 1 7 7
103 1 8 6
103 1 8 78
103 1 8 111
103 1 8 87
103 1 8 4
103 1 8 85
103 1 8 113
103 1 8 57
103 1 8 2
103 1 8 67
103 1 8 123
103 1 8 82
103 1 8 4
103 1 8 85
103 1 8 123
103 1 8 62
103 1 8 3
103 1 8 77
103 1 8 109
103 1 8 69
103 1 9 6
103 1 9 62
103 1 9 112
103 1 9 89
103 1 9 1
103 1 9 72
103 1 9 118
103 1 9 110
103 1 9 3
103 1 9 78
103 1 9 111
103 1 9 55
103 1 9 7
103 1 9 83
103 1 9 104
103 1 9 111
103 1 9 3
103 1 9 67
103 1 9 110
103 1 9 53
103 1 10 8
103 1 10 67
103 1 10 122
103 1 10 40
103 1 10 4
103 1 10 71
103 1 10 110
103 1 10 34
103 1 10 9
103 1 10 51
103 1 10 114
103 1 10 122
103 1 10 8
103 1 10 70
103 1 10 106
103 1 10 40
103 1 10 4
103 1 10 89
103 1 10 103
103 1 10 115
103 1 11 10
103 1 11 91
103 1 11 110
103 1 11 56
103 1 11 10
103 1 11 69
103 1 11 123
103 1 11 115
103 1 11 1
103 1 11 69
103 1 11 106
103 1 11 111
103 1 11 7
103 1 11 61
103 1 11 103
103 1 11 61
103 1 11 2
103 1 11 53
103 1 11 115
103 1 11 99
103 1 12 8
103 1 12 93
103 1 12 116
103 1 12 72
103 1 12 8
103 1 12 82
103 1 12 109
103 1 12 38
103 1 12 7
103 1 12 99
103 1 12 115
103 1 12 91
103 1 12 4
103 1 12 83
103 1 12 114
103 1 12 45
103 1 12 6
103 1 12 80
103 1 12 116
103 1 12 48
103 1 13 7
103 1 13 63
103 1 13 118
103 1 13 75
103 1 13 4
103 1 13 87
103 1 13 111
103 1 13 106
103 1 13 10
103 1 13 71
103 1 13 121
103 1 13 88
103 1 13 5
103 1 13 101
103 1 13 114
103 1 13 68
103 1 13 9
103 1 13 63
103 1 13 117
103 1 13 53
103 1 14 9
103 1 14 71
103 1 14 117
103 1 14 85
103 1 14 1
103 1 14 81
103 1 14 105
103 1 14 16
103 1 14 9
103 1 14 73
103 1 14 116
103 1 14 21
103 1 14 2
103 1 14 82
103 1 14 113
103 1 14 44
103 1 14 8
103 1 14 79
103 1 14 112
103 1 14 90
103 2 1 9
103 2 1 56
103 2 1 120
103 2 1 76
103 2 1 4
103 2 1 52
103 2 1 108
103 2 1 50
103 2 1 1
103 2 1 68
103 2 1 110
103 2 1 32
103 2 1 1
103 2 1 62
103 2 1 113
103 2 1 15
103 2 1 3
103 2 1 101
103 2 1 118
103 2 1 124
103 2 2 9
103 2 2 74
103 2 2 115
103 2 2 106
103 2 2 5
103 2 2 94
103 2 2 113
103 2 2 21
103 2 2 4
103 2 2 76
103 2 2 106
103 2 2 86
103 2 2 7
103 2 2 88
103 2 2 107
103 2 2 59
103 2 2 4
103 2 2 100
103 2 2 103
103 2 2 23
103 2 3 7
103 2 3 86
103 2 3 112
103 2 3 23
103 2 3 6
103 2 3 88
103 2 3 118
103 2 3 46
103 2 3 8
103 2 3 78
103 2 3 111
103 2 3 40
103 2 3 10
103 2 3 70
103 2 3 104
103 2 3 6
103 2 3 4
103 2 3 101
103 2 3 110
103 2 3 95
103 2 4 8
103 2 4 97
103 2 4 120
103 2 4 84
103 2 4 6
103 2 4 68
103 2 4 112
103 2 4 40
103 2 4 10
103 2 4 93
103 2 4 116
103 2 4 37
103 2 4 9
103 2 4 63
103 2 4 119
103 2 4 8
103 2 4 4
103 2 4 85
103 2 4 111
103 2 4 76
103 2 5 10
103 2 5 92
103 2 5 123
103 2 5 57
103 2 5 3
103 2 5 99
103 2 5 124
103 2 5 28
103 2 5 9
103 2 5 85
103 2 5 116
103 2 5 40
103 2 5 9
103 2 5 103
103 2 5 109
103 2 5 23
103 2 5 2
103 2 5 53
103 2 5 119
103 2 5 69
103 2 6 10
103 2 6 93
103 2 6 104
103 2 6 3
103 2 6 1
103 2 6 75
103 2 6 118
103 2 6 97
103 2 6 4
103 2 6 103
103 2 6 114
103 2 6 30
103 2 6 1
103 2 6 98
103 2 6 106
103 2 6 12
103 2 6 1
103 2 6 90
103 2 6 103
103 2 6 80
103 2 7 10
103 2 7 98
103 2 7 106
103 2 7 111
103 2 7 7
103 2 7 93
103 2 7 112
103 2 7 90
103 2 7 9
103 2 7 100
103 2 7 122
103 2 7 101
103 2 7 10
103 2 7 95
103 2 7 112
103 2 7 65
103 2 7 7
103 2 7 87
103 2 7 120
103 2 7 120
103 2 8 8
103 2 8 70
103 2 8 114
103 2 8 15
103 2 8 1
103 2 8 62
103 2 8 111
103 2 8 69
103 2 8 9
103 2 8 76
103 2 8 110
103 2 8 77
103 2 8 9
103 2 8 96
103 2 8 123
103 2 8 29
103 2 8 7
103 2 8 85
103 2 8 120
103 2 8 23
103 2 9 5
103 2 9 64
103 2 9 120
103 2 9 2
103 2 9 1
103 2 9 65
103 2 9 113
103 2 9 37
103 2 9 3
103 2 9 53
103 2 9 109
103 2 9 60
103 2 9 8
103 2 9 51
103 2 9 116
103 2 9 100
103 2 9 8
103 2 9 51
103 2 9 105
103 2 9 124
103 2 10 9
103 2 10 94
103 2 10 103
103 2 10 95
103 2 10 3
103 2 10 51
103 2 10 122
103 2 10 57
103 2 10 5
103 2 10 82
103 2 10 111
103 2 10 66
103 2 10 2
103 2 10 55
103 2 10 109
103 2 10 27
103 2 10 4
103 2 10 69
103 2 10 120
103 2 10 10
103 2 11 9
103 2 11 72
103 2 11 120
103 2 11 81
103 2 11 2
103 2 11 71
103 2 11 111
103 2 11 104
103 2 11 7
103 2 11 79
103 2 11 121
103 2 11 38
103 2 11 8
103 2 11 66
103 2 11 123
103 2 11 57
103 2 11 6
103 2 11 61
103 2 11 119
103 2 11 26
103 2 12 5
103 2 12 77
103 2 12 106
103 2 12 23
103 2 12 7
103 2 12 63
103 2 12 113
103 2 12 86
103 2 12 9
103 2 12 96
103 2 12 118
103 2 12 75
103 2 12 3
103 2 12 99
103 2 12 115
103 2 12 61
103 2 12 8
103 2 12 57
103 2 12 121
103 2 12 79
103 2 13 10
103 2 13 67
103 2 13 115
103 2 13 100
103 2 13 2
103 2 13 77
103 2 13 107
103 2 13 107
103 2 13 10
103 2 13 80
103 2 13 111
103 2 13 13
103 2 13 8
103 2 13 64
103 2 13 108
103 2 13 107
103 2 13 10
103 2 13 52
103 2 13 118
103 2 13 124
103 2 14 1
103 2 14 65
103 2 14 117
103 2 14 16
103 2 14 10
103 2 14 63
103 2 14 120
103 2 14 7
103 2 14 7
103 2 14 63
103 2 14 106
103 2 14 34
103 2 14 1
103 2 14 52
103 2 14 109
103 2 14 15
103 2 14 6
103 2 14 58
103 2 14 109
103 2 14 48
103 3 1 10
103 3 1 64
103 3 1 114
103 3 1 118
103 3 1 7
103 3 1 55
103 3 1 122
103 3 1 100
103 3 1 2
103 3 1 61
103 3 1 118
103 3 1 26
103 3 1 2
103 3 1 84
103 3 1 113
103 3 1 20
103 3 1 8
103 3 1 84
103 3 1 111
103 3 1 63
103 3 2 8
103 3 2 103
103 3 2 116
103 3 2 49
103 3 2 10
103 3 2 74
103 3 2 104
103 3 2 105
103 3 2 9
103 3 2 73
103 3 2 110
103 3 2 48
103 3 2 7
103 3 2 96
103 3 2 111
103 3 2 7
103 3 2 3
103 3 2 92
103 3 2 109
103 3 2 10
103 3 3 4
103 3 3 75
103 3 3 114
103 3 3 26
103 3 3 4
103 3 3 87
103 3 3 118
103 3 3 88
103 3 3 2
103 3 3 53
103 3 3 112
103 3 3 83
103 3 3 3
103 3 3 83
103 3 3 109
103 3 3 27
103 3 3 8
103 3 3 89
103 3 3 112
103 3 3 62
103 3 4 10
103 3 4 78
103 3 4 114
103 3 4 79
103 3 4 3
103 3 4 77
103 3 4 109
103 3 4 112
103 3 4 9
103 3 4 63
103 3 4 113
103 3 4 36
103 3 4 3
103 3 4 99
103 3 4 114
103 3 4 25
103 3 4 9
103 3 4 74
103 3 4 110
103 3 4 72
103 3 5 5
103 3 5 67
103 3 5 109
103 3 5 94
103 3 5 10
103 3 5 99
103 3 5 107
103 3 5 49
103 3 5 8
103 3 5 51
103 3 5 113
103 3 5 108
103 3 5 4
103 3 5 63
103 3 5 117
103 3 5 16
103 3 5 6
103 3 5 57
103 3 5 123
103 3 5 43
103 3 6 1
103 3 6 52
103 3 6 118
103 3 6 93
103 3 6 2
103 3 6 58
103 3 6 105
103 3 6 85
103 3 6 3
103 3 6 101
103 3 6 118
103 3 6 91
103 3 6 10
103 3 6 90
103 3 6 122
103 3 6 109
103 3 6 7
103 3 6 51
103 3 6 115
103 3 6 68
103 3 7 7
103 3 7 52
103 3 7 113
103 3 7 41
103 3 7 10
103 3 7 96
103 3 7 112
103 3 7 31
103 3 7 2
103 3 7 92
103 3 7 116
103 3 7 39
103 3 7 10
103 3 7 51
103 3 7 124
103 3 7 36
103 3 7 9
103 3 7 103
103 3 7 120
103 3 7 24
103 3 8 10
103 3 8 79
103 3 8 117
103 3 8 14
103 3 8 10
103 3 8 89
103 3 8 121
103 3 8 62
103 3 8 9
103 3 8 102
103 3 8 120
103 3 8 52
103 3 8 5
103 3 8 82
103 3 8 123
103 3 8 57
103 3 8 5
103 3 8 83
103 3 8 124
103 3 8 24
103 3 9 6
103 3 9 85
103 3 9 121
103 3 9 4
103 3 9 2
103 3 9 66
103 3 9 117
103 3 9 14
103 3 9 8
103 3 9 57
103 3 9 109
103 3 9 112
103 3 9 5
103 3 9 75
103 3 9 107
103 3 9 66
103 3 9 4
103 3 9 54
103 3 9 121
103 3 9 89
103 3 10 8
103 3 10 75
103 3 10 121
103 3 10 63
103 3 10 6
103 3 10 68
103 3 10 109
103 3 10 21
103 3 10 8
103 3 10 94
103 3 10 122
103 3 10 11
103 3 10 2
103 3 10 72
103 3 10 112
103 3 10 47
103 3 10 10
103 3 10 53
103 3 10 121
103 3 10 98
103 3 11 10
103 3 11 55
103 3 11 107
103 3 11 71
103 3 11 5
103 3 11 99
103 3 11 108
103 3 11 124
103 3 11 10
103 3 11 58
103 3 11 118
103 3 11 64
103 3 11 9
103 3 11 95
103 3 11 119
103 3 11 47
103 3 11 9
103 3 11 101
103 3 11 112
103 3 11 117
103 3 12 2
103 3 12 51
103 3 12 106
103 3 12 67
103 3 12 2
103 3 12 59
103 3 12 124
103 3 12 56
103 3 12 2
103 3 12 72
103 3 12 113
103 3 12 75
103 3 12 8
103 3 12 93
103 3 12 111
103 3 12 34
103 3 12 9
103 3 12 88
103 3 12 111
103 3 12 79
103 3 13 6
103 3 13 79
103 3 13 113
103 3 13 103
103 3 13 8
103 3 13 69
103 3 13 119
103 3 13 113
103 3 13 7
103 3 13 85
103 3 13 124
103 3 13 59
103 3 13 2
103 3 13 57
103 3 13 118
103 3 13 57
103 3 13 8
103 3 13 63
103 3 13 106
103 3 13 43
103 3 14 4
103 3 14 79
103 3 14 116
103 3 14 70
103 3 14 1
103 3 14 62
103 3 14 117
103 3 14 37
103 3 14 7
103 3 14 74
103 3 14 110
103 3 14 14
103 3 14 4
103 3 14 102
103 3 14 119
103 3 14 35
103 3 14 10
103 3 14 103
103 3 14 109
103 3 14 42
103 4 1 5
103 4 1 99
103 4 1 120
103 4 1 70
103 4 1 9
103 4 1 99
103 4 1 106
103 4 1 68
103 4 1 9
103 4 1 55
103 4 1 113
103 4 1 9
103 4 1 6
103 4 1 74
103 4 1 122
103 4 1 97
103 4 1 3
103 4 1 65
103 4 1 114
103 4 1 15
103 4 2 10
103 4 2 90
103 4 2 120
103 4 2 40
103 4 2 7
103 4 2 73
103 4 2 119
103 4 2 104
103 4 2 8
103 4 2 62
103 4 2 122
103 4 2 72
103 4 2 10
103 4 2 72
103 4 2 111
103 4 2 93
103 4 2 6
103 4 2 81
103 4 2 103
103 4 2 91
103 4 3 5
103 4 3 100
103 4 3 112
103 4 3 86
103 4 3 3
103 4 3 67
103 4 3 104
103 4 3 107
103 4 3 10
103 4 3 59
103 4 3 118
103 4 3 70
103 4 3 10
103 4 3 64
103 4 3 104
103 4 3 37
103 4 3 10
103 4 3 75
103 4 3 117
103 4 3 12
103 4 4 5
103 4 4 81
103 4 4 120
103 4 4 63
103 4 4 8
103 4 4 102
103 4 4 124
103 4 4 36
103 4 4 6
103 4 4 71
103 4 4 103
103 4 4 14
103 4 4 9
103 4 4 61
103 4 4 114
103 4 4 80
103 4 4 9
103 4 4 60
103 4 4 111
103 4 4 40
103 4 5 7
103 4 5 100
103 4 5 106
103 4 5 35
103 4 5 5
103 4 5 87
103 4 5 120
103 4 5 73
103 4 5 2
103 4 5 80
103 4 5 104
103 4 5 73
103 4 5 8
103 4 5 77
103 4 5 121
103 4 5 103
103 4 5 7
103 4 5 72
103 4 5 109
103 4 5 42
103 4 6 3
103 4 6 57
103 4 6 114
103 4 6 10
103 4 6 3
103 4 6 98
103 4 6 110
103 4 6 50
103 4 6 6
103 4 6 87
103 4 6 112
103 4 6 42
103 4 6 3
103 4 6 81
103 4 6 105
103 4 6 89
103 4 6 7
103 4 6 61
103 4 6 107
103 4 6 98
103 4 7 3
103 4 7 70
103 4 7 107
103 4 7 2
103 4 7 2
103 4 7 91
103 4 7 121
103 4 7 19
103 4 7 10
103 4 7 63
103 4 7 116
103 4 7 92
103 4 7 9
103 4 7 94
103 4 7 109
103 4 7 1
103 4 7 9
103 4 7 74
103 4 7 113
103 4 7 67
103 4 8 10
103 4 8 90
103 4 8 109
103 4 8 94
103 4 8 4
103 4 8 88
103 4 8 115
103 4 8 67
103 4 8 2
103 4 8 61
103 4 8 109
103 4 8 73
103 4 8 1
103 4 8 65
103 4 8 122
103 4 8 42
103 4 8 10
103 4 8 77
103 4 8 115
103 4 8 72
103 4 9 6
103 4 9 73
103 4 9 124
103 4 9 61
103 4 9 7
103 4 9 78
103 4 9 115
103 4 9 31
103 4 9 1
103 4 9 102
103 4 9 113
103 4 9 8
103 4 9 4
103 4 9 63
103 4 9 107
103 4 9 39
103 4 9 3
103 4 9 95
103 4 9 115
103 4 9 48
103 4 10 9
103 4 10 75
103 4 10 108
103 4 10 77
103 4 10 4
103 4 10 97
103 4 10 103
103 4 10 51
103 4 10 8
103 4 10 97
103 4 10 112
103 4 10 72
103 4 10 2
103 4 10 67
103 4 10 119
103 4 10 96
103 4 10 3
103 4 10 54
103 4 10 116
103 4 10 20
103 4 11 8
103 4 11 52
103 4 11 113
103 4 11 34
103 4 11 5
103 4 11 84
103 4 11 120
103 4 11 3
103 4 11 3
103 4 11 62
103 4 11 107
103 4 11 11
103 4 11 5
103 4 11 58
103 4 11 121
103 4 11 116
103 4 11 7
103 4 11 62
103 4 11 118
103 4 11 39
103 4 12 4
103 4 12 100
103 4 12 109
103 4 12 7
103 4 12 5
103 4 12 71
103 4 12 113
103 4 12 93
103 4 12 10
103 4 12 96
103 4 12 123
103 4 12 56
103 4 12 8
103 4 12 83
103 4 12 113
103 4 12 85
103 4 12 6
103 4 12 55
103 4 12 116
103 4 12 108
103 4 13 4
103 4 13 71
103 4 13 124
103 4 13 82
103 4 13 9
103 4 13 60
103 4 13 122
103 4 13 117
103 4 13 7
103 4 13 89
103 4 13 106
103 4 13 15
103 4 13 5
103 4 13 55
103 4 13 105
103 4 13 63
103 4 13 4
103 4 13 85
103 4 13 119
103 4 13 23
103 4 14 9
103 4 14 66
103 4 14 112
103 4 14 74
103 4 14 9
103 4 14 92
103 4 14 118
103 4 14 8
103 4 14 4
103 4 14 65
103 4 14 109
103 4 14 6
103 4 14 4
103 4 14 57
103 4 14 119
103 4 14 18
103 4 14 4
103 4 14 83
103 4 14 103
103 4 14 74
103 5 1 4
103 5 1 52
103 5 1 123
103 5 1 48
103 5 1 3
103 5 1 79
103 5 1 104
103 5 1 14
103 5 1 5
103 5 1 85
103 5 1 118
103 5 1 113
103 5 1 7
103 5 1 80
103 5 1 107
103 5 1 69
103 5 1 6
103 5 1 93
103 5 1 111
103 5 1 123
103 5 2 7
103 5 2 83
103 5 2 111
103 5 2 94
103 5 2 7
103 5 2 70
103 5 2 103
103 5 2 116
103 5 2 4
103 5 2 88
103 5 2 112
103 5 2 103
103 5 2 3
103 5 2 61
103 5 2 106
103 5 2 17
103 5 2 8
103 5 2 96
103 5 2 113
103 5 2 80
103 5 3 8
103 5 3 61
103 5 3 106
103 5 3 3
103 5 3 1
103 5 3 62
103 5 3 106
103 5 3 107
103 5 3 6
103 5 3 81
103 5 3 122
103 5 3 75
103 5 3 1
103 5 3 51
103 5 3 119
103 5 3 15
103 5 3 6
103 5 3 96
103 5 3 110
103 5 3 36
103 5 4 7
103 5 4 58
103 5 4 104
103 5 4 54
103 5 4 10
103 5 4 75
103 5 4 103
103 5 4 77
103 5 4 6
103 5 4 79
103 5 4 118
103 5 4 63
103 5 4 2
103 5 4 94
103 5 4 113
103 5 4 73
103 5 4 8
103 5 4 92
103 5 4 116
103 5 4 73
103 5 5 2
103 5 5 76
103 5 5 122
103 5 5 122
103 5 5 8
103 5 5 75
103 5 5 107
103 5 5 90
103 5 5 1
103 5 5 69
103 5 5 115
103 5 5 27
103 5 5 10
103 5 5 51
103 5 5 117
103 5 5 92
103 5 5 6
103 5 5 79
103 5 5 109
103 5 5 52
103 5 6 10
103 5 6 69
103 5 6 123
103 5 6 105
103 5 6 3
103 5 6 90
103 5 6 120
103 5 6 33
103 5 6 4
103 5 6 89
103 5 6 122
103 5 6 34
103 5 6 4
103 5 6 69
103 5 6 114
103 5 6 33
103 5 6 3
103 5 6 69
103 5 6 123
103 5 6 123
103 5 7 8
103 5 7 63
103 5 7 110
103 5 7 87
103 5 7 8
103 5 7 86
103 5 7 113
103 5 7 98
103 5 7 6
103 5 7 61
103 5 7 105
103 5 7 55
103 5 7 10
103 5 7 61
103 5 7 114
103 5 7 100
103 5 7 3
103 5 7 80
103 5 7 119
103 5 7 115
103 5 8 10
103 5 8 95
103 5 8 122
103 5 8 2
103 5 8 8
103 5 8 62
103 5 8 107
103 5 8 54
103 5 8 1
103 5 8 52
103 5 8 109
103 5 8 37
103 5 8 5
103 5 8 95
103 5 8 108
103 5 8 22
103 5 8 5
103 5 8 65
103 5 8 111
103 5 8 72
103 5 9 5
103 5 9 55
103 5 9 106
103 5 9 75
103 5 9 2
103 5 9 51
103 5 9 119
103 5 9 107
103 5 9 10
103 5 9 70
103 5 9 112
103 5 9 91
103 5 9 7
103 5 9 89
103 5 9 122
103 5 9 78
103 5 9 7
103 5 9 63
103 5 9 122
103 5 9 122
103 5 10 2
103 5 10 82
103 5 10 117
103 5 10 90
103 5 10 1
103 5 10 68
103 5 10 118
103 5 10 54
103 5 10 6
103 5 10 96
103 5 10 121
103 5 10 63
103 5 10 2
103 5 10 65
103 5 10 110
103 5 10 120
103 5 10 5
103 5 10 103
103 5 10 115
103 5 10 96
103 5 11 3
103 5 11 68
103 5 11 119
103 5 11 80
103 5 11 7
103 5 11 92
103 5 11 105
103 5 11 82
103 5 11 2
103 5 11 81
103 5 11 110
103 5 11 8
103 5 11 8
103 5 11 52
103 5 11 114
103 5 11 42
103 5 11 2
103 5 11 72
103 5 11 110
103 5 11 52
103 5 12 7
103 5 12 62
103 5 12 124
103 5 12 67
103 5 12 6
103 5 12 86
103 5 12 112
103 5 12 51
103 5 12 4
103 5 12 63
103 5 12 110
103 5 12 38
103 5 12 8
103 5 12 81
103 5 12 118
103 5 12 34
103 5 12 2
103 5 12 73
103 5 12 108
103 5 12 21
103 5 13 10
103 5 13 76
103 5 13 109
103 5 13 21
103 5 13 2
103 5 13 71
103 5 13 113
103 5 13 18
103 5 13 8
103 5 13 76
103 5 13 107
103 5 13 80
103 5 13 3
103 5 13 92
103 5 13 121
103 5 13 35
103 5 13 9
103 5 13 63
103 5 13 124
103 5 13 9
103 5 14 10
103 5 14 60
103 5 14 110
103 5 14 97
103 5 14 7
103 5 14 73
103 5 14 118
103 5 14 33
103 5 14 9
103 5 14 75
103 5 14 103
103 5 14 50
103 5 14 2
103 5 14 84
103 5 14 123
103 5 14 12
103 5 14 1
103 5 14 102
103 5 14 105
103 5 14 41
103 6 1 10
103 6 1 58
103 6 1 122
103 6 1 57
103 6 1 6
103 6 1 85
103 6 1 103
103 6 1 64
103 6 1 1
103 6 1 53
103 6 1 112
103 6 1 71
103 6 1 8
103 6 1 102
103 6 1 108
103 6 1 78
103 6 1 4
103 6 1 91
103 6 1 117
103 6 1 36
103 6 2 4
103 6 2 83
103 6 2 117
103 6 2 111
103 6 2 6
103 6 2 94
103 6 2 107
103 6 2 15
103 6 2 1
103 6 2 98
103 6 2 115
103 6 2 45
103 6 2 6
103 6 2 56
103 6 2 104
103 6 2 74
103 6 2 2
103 6 2 74
103 6 2 114
103 6 2 23
103 6 3 6
103 6 3 87
103 6 3 117
103 6 3 89
103 6 3 3
103 6 3 52
103 6 3 118
103 6 3 106
103 6 3 3
103 6 3 59
103 6 3 115
103 6 3 42
103 6 3 1
103 6 3 86
103 6 3 112
103 6 3 76
103 6 3 2
103 6 3 76
103 6 3 123
103 6 3 53
103 6 4 6
103 6 4 57
103 6 4 117
103 6 4 99
103 6 4 9
103 6 4 61
103 6 4 109
103 6 4 122
103 6 4 6
103 6 4 57
103 6 4 114
103 6 4 33
103 6 4 4
103 6 4 99
103 6 4 118
103 6 4 105
103 6 4 10
103 6 4 98
103 6 4 110
103 6 4 104
103 6 5 6
103 6 5 81
103 6 5 116
103 6 5 72
103 6 5 6
103 6 5 62
103 6 5 103
103 6 5 41
103 6 5 2
103 6 5 73
103 6 5 120
103 6 5 41
103 6 5 5
103 6 5 64
103 6 5 108
103 6 5 90
103 6 5 2
103 6 5 60
103 6 5 120
103 6 5 72
103 6 6 6
103 6 6 75
103 6 6 114
103 6 6 22
103 6 6 5
103 6 6 93
103 6 6 108
103 6 6 117
103 6 6 8
103 6 6 100
103 6 6 114
103 6 6 4
103 6 6 8
103 6 6 71
103 6 6 120
103 6 6 104
103 6 6 2
103 6 6 85
103 6 6 111
103 6 6 102
103 6 7 1
103 6 7 58
103 6 7 121
103 6 7 106
103 6 7 9
103 6 7 70
103 6 7 119
103 6 7 24
103 6 7 9
103 6 7 72
103 6 7 109
103 6 7 61
103 6 7 4
103 6 7 86
103 6 7 108
103 6 7 69
103 6 7 7
103 6 7 91
103 6 7 111
103 6 7 14
103 6 8 9
103 6 8 63
103 6 8 111
103 6 8 119
103 6 8 8
103 6 8 77
103 6 8 119
103 6 8 38
103 6 8 2
103 6 8 99
103 6 8 115
103 6 8 77
103 6 8 1
103 6 8 97
103 6 8 106
103 6 8 31
103 6 8 2
103 6 8 63
103 6 8 111
103 6 8 50
103 6 9 1
103 6 9 76
103 6 9 121
103 6 9 86
103 6 9 7
103 6 9 62
103 6 9 107
103 6 9 83
103 6 9 7
103 6 9 69
103 6 9 105
103 6 9 86
103 6 9 2
103 6 9 71
103 6 9 123
103 6 9 99
103 6 9 8
103 6 9 66
103 6 9 119
103 6 9 124
103 6 10 10
103 6 10 73
103 6 10 118
103 6 10 22
103 6 10 2
103 6 10 90
103 6 10 117
103 6 10 52
103 6 10 9
103 6 10 84
103 6 10 119
103 6 10 51
103 6 10 6
103 6 10 73
103 6 10 110
103 6 10 79
103 6 10 5
103 6 10 61
103 6 10 103
103 6 10 23
103 6 11 6
103 6 11 87
103 6 11 104
103 6 11 4
103 6 11 10
103 6 11 75
103 6 11 116
103 6 11 69
103 6 11 7
103 6 11 59
103 6 11 113
103 6 11 55
103 6 11 6
103 6 11 84
103 6 11 109
103 6 11 83
103 6 11 1
103 6 11 55
103 6 11 111
103 6 11 41
103 6 12 3
103 6 12 63
103 6 12 108
103 6 12 8
103 6 12 4
103 6 12 77
103 6 12 124
103 6 12 36
103 6 12 6
103 6 12 93
103 6 12 108
103 6 12 64
103 6 12 9
103 6 12 103
103 6 12 107
103 6 12 71
103 6 12 9
103 6 12 79
103 6 12 103
103 6 12 114
103 6 13 8
103 6 13 56
103 6 13 118
103 6 13 56
103 6 13 9
103 6 13 54
103 6 13 107
103 6 13 34
103 6 13 3
103 6 13 86
103 6 13 124
103 6 13 56
103 6 13 5
103 6 13 76
103 6 13 124
103 6 13 29
103 6 13 5
103 6 13 99
103 6 13 117
103 6 13 18
103 6 14 5
103 6 14 59
103 6 14 115
103 6 14 108
103 6 14 7
103 6 14 89
103 6 14 111
103 6 14 76
103 6 14 3
103 6 14 101
103 6 14 111
103 6 14 24
103 6 14 8
103 6 14 73
103 6 14 117
103 6 14 91
103 6 14 4
103 6 14 71
103 6 14 120
103 6 14 46
103 7 1 2
103 7 1 65
103 7 1 113
103 7 1 86
103 7 1 6
103 7 1 80
103 7 1 105
103 7 1 118
103 7 1 1
103 7 1 103
103 7 1 124
103 7 1 23
103 7 1 10
103 7 1 83
103 7 1 116
103 7 1 10
103 7 1 2
103 7 1 80
103 7 1 105
103 7 1 52
103 7 2 2
103 7 2 81
103 7 2 106
103 7 2 15
103 7 2 5
103 7 2 51
103 7 2 120
103 7 2 86
103 7 2 4
103 7 2 100
103 7 2 107
103 7 2 87
103 7 2 5
103 7 2 54
103 7 2 111
103 7 2 67
103 7 2 10
103 7 2 97
103 7 2 113
103 7 2 117
103 7 3 3
103 7 3 57
103 7 3 113
103 7 3 109
103 7 3 5
103 7 3 82
103 7 3 112
103 7 3 79
103 7 3 10
103 7 3 99
103 7 3 120
103 7 3 52
103 7 3 10
103 7 3 70
103 7 3 119
103 7 3 57
103 7 3 1
103 7 3 79
103 7 3 116
103 7 3 9
103 7 4 10
103 7 4 83
103 7 4 104
103 7 4 13
103 7 4 5
103 7 4 101
103 7 4 117
103 7 4 45
103 7 4 7
103 7 4 55
103 7 4 115
103 7 4 97
103 7 4 5
103 7 4 66
103 7 4 103
103 7 4 75
103 7 4 1
103 7 4 102
103 7 4 105
103 7 4 14
103 7 5 6
103 7 5 51
103 7 5 112
103 7 5 95
103 7 5 3
103 7 5 82
103 7 5 122
103 7 5 67
103 7 5 5
103 7 5 99
103 7 5 119
103 7 5 96
103 7 5 8
103 7 5 90
103 7 5 111
103 7 5 14
103 7 5 6
103 7 5 97
103 7 5 115
103 7 5 31
103 7 6 10
103 7 6 88
103 7 6 107
103 7 6 70
103 7 6 1
103 7 6 87
103 7 6 104
103 7 6 3
103 7 6 2
103 7 6 74
103 7 6 116
103 7 6 124
103 7 6 2
103 7 6 68
103 7 6 111
103 7 6 15
103 7 6 4
103 7 6 68
103 7 6 117
103 7 6 27
103 7 7 7
103 7 7 83
103 7 7 110
103 7 7 18
103 7 7 9
103 7 7 84
103 7 7 118
103 7 7 101
103 7 7 1
103 7 7 68
103 7 7 123
103 7 7 71
103 7 7 9
103 7 7 61
103 7 7 123
103 7 7 4
103 7 7 2
103 7 7 61
103 7 7 119
103 7 7 27
103 7 8 6
103 7 8 65
103 7 8 118
103 7 8 52
103 7 8 5
103 7 8 64
103 7 8 108
103 7 8 87
103 7 8 6
103 7 8 96
103 7 8 103
103 7 8 36
103 7 8 9
103 7 8 102
103 7 8 113
103 7 8 80
103 7 8 1
103 7 8 72
103 7 8 108
103 7 8 77
103 7 9 1
103 7 9 64
103 7 9 109
103 7 9 120
103 7 9 1
103 7 9 55
103 7 9 111
103 7 9 16
103 7 9 4
103 7 9 89
103 7 9 110
103 7 9 5
103 7 9 3
103 7 9 101
103 7 9 122
103 7 9 53
103 7 9 7
103 7 9 67
103 7 9 115
103 7 9 28
103 7 10 3
103 7 10 74
103 7 10 114
103 7 10 4
103 7 10 2
103 7 10 75
103 7 10 109
103 7 10 40
103 7 10 8
103 7 10 73
103 7 10 113
103 7 10 40
103 7 10 2
103 7 10 66
103 7 10 124
103 7 10 98
103 7 10 3
103 7 10 73
103 7 10 123
103 7 10 65
103 7 11 8
103 7 11 75
103 7 11 114
103 7 11 89
103 7 11 2
103 7 11 61
103 7 11 112
103 7 11 69
103 7 11 6
103 7 11 53
103 7 11 104
103 7 11 53
103 7 11 2
103 7 11 75
103 7 11 115
103 7 11 81
103 7 11 9
103 7 11 81
103 7 11 109
103 7 11 113
103 7 12 5
103 7 12 95
103 7 12 123
103 7 12 63
103 7 12 4
103 7 12 87
103 7 12 108
103 7 12 9
103 7 12 8
103 7 12 61
103 7 12 103
103 7 12 96
103 7 12 2
103 7 12 94
103 7 12 115
103 7 12 113
103 7 12 10
103 7 12 102
103 7 12 123
103 7 12 113
103 7 13 5
103 7 13 89
103 7 13 112
103 7 13 12
103 7 13 4
103 7 13 75
103 7 13 124
103 7 13 69
103 7 13 7
103 7 13 88
103 7 13 122
103 7 13 25
103 7 13 2
103 7 13 71
103 7 13 111
103 7 13 114
103 7 13 8
103 7 13 70
103 7 13 110
103 7 13 76
103 7 14 6
103 7 14 83
103 7 14 119
103 7 14 14
103 7 14 8
103 7 14 85
103 7 14 116
103 7 14 52
103 7 14 4
103 7 14 101
103 7 14 115
103 7 14 27
103 7 14 4
103 7 14 94
103 7 14 115
103 7 14 85
103 7 14 6
103 7 14 94
103 7 14 124
103 7 14 111
103 8 1 7
103 8 1 75
103 8 1 123
103 8 1 122
103 8 1 4
103 8 1 85
103 8 1 110
103 8 1 51
103 8 1 9
103 8 1 67
103 8 1 123
103 8 1 116
103 8 1 5
103 8 1 101
103 8 1 123
103 8 1 105
103 8 1 2
103 8 1 71
103 8 1 103
103 8 1 124
103 8 2 5
103 8 2 94
103 8 2 103
103 8 2 91
103 8 2 8
103 8 2 93
103 8 2 110
103 8 2 10
103 8 2 1
103 8 2 84
103 8 2 121
103 8 2 110
103 8 2 7
103 8 2 94
103 8 2 108
103 8 2 60
103 8 2 2
103 8 2 99
103 8 2 124
103 8 2 70
103 8 3 3
103 8 3 77
103 8 3 120
103 8 3 119
103 8 3 2
103 8 3 51
103 8 3 117
103 8 3 49
103 8 3 6
103 8 3 68
103 8 3 108
103 8 3 60
103 8 3 8
103 8 3 52
103 8 3 117
103 8 3 62
103 8 3 8
103 8 3 92
103 8 3 121
103 8 3 13
103 8 4 6
103 8 4 79
103 8 4 123
103 8 4 50
103 8 4 10
103 8 4 91
103 8 4 113
103 8 4 29
103 8 4 10
103 8 4 72
103 8 4 108
103 8 4 33
103 8 4 4
103 8 4 56
103 8 4 105
103 8 4 76
103 8 4 3
103 8 4 61
103 8 4 107
103 8 4 111
103 8 5 2
103 8 5 78
103 8 5 112
103 8 5 20
103 8 5 9
103 8 5 74
103 8 5 107
103 8 5 32
103 8 5 4
103 8 5 56
103 8 5 119
103 8 5 114
103 8 5 2
103 8 5 75
103 8 5 107
103 8 5 54
103 8 5 4
103 8 5 63
103 8 5 119
103 8 5 39
103 8 6 7
103 8 6 76
103 8 6 108
103 8 6 9
103 8 6 9
103 8 6 53
103 8 6 113
103 8 6 27
103 8 6 8
103 8 6 94
103 8 6 124
103 8 6 27
103 8 6 7
103 8 6 72
103 8 6 116
103 8 6 56
103 8 6 3
103 8 6 55
103 8 6 113
103 8 6 97
103 8 7 5
103 8 7 68
103 8 7 109
103 8 7 83
103 8 7 4
103 8 7 74
103 8 7 114
103 8 7 105
103 8 7 6
103 8 7 73
103 8 7 113
103 8 7 10
103 8 7 3
103 8 7 62
103 8 7 110
103 8 7 93
103 8 7 9
103 8 7 60
103 8 7 122
103 8 7 22
103 8 8 8
103 8 8 55
103 8 8 103
103 8 8 22
103 8 8 7
103 8 8 68
103 8 8 124
103 8 8 62
103 8 8 10
103 8 8 97
103 8 8 115
103 8 8 59
103 8 8 3
103 8 8 73
103 8 8 107
103 8 8 123
103 8 8 6
103 8 8 73
103 8 8 111
103 8 8 64
103 8 9 10
103 8 9 81
103 8 9 108
103 8 9 121
103 8 9 5
103 8 9 56
103 8 9 104
103 8 9 74
103 8 9 6
103 8 9 101
103 8 9 117
103 8 9 82
103 8 9 1
103 8 9 101
103 8 9 122
103 8 9 23
103 8 9 7
103 8 9 86
103 8 9 123
103 8 9 17
103 8 10 5
103 8 10 99
103 8 10 114
103 8 10 107
103 8 10 3
103 8 10 100
103 8 10 122
103 8 10 101
103 8 10 9
103 8 10 51
103 8 10 117
103 8 10 15
103 8 10 5
103 8 10 99
103 8 10 117
103 8 10 85
103 8 10 5
103 8 10 60
103 8 10 115
103 8 10 75
103 8 11 8
103 8 11 72
103 8 11 110
103 8 11 124
103 8 11 6
103 8 11 103
103 8 11 113
103 8 11 83
103 8 11 1
103 8 11 83
103 8 11 116
103 8 11 95
103 8 11 3
103 8 11 91
103 8 11 121
103 8 11 15
103 8 11 10
103 8 11 87
103 8 11 104
103 8 11 43
103 8 12 5
103 8 12 56
103 8 12 116
103 8 12 46
103 8 12 10
103 8 12 67
103 8 12 124
103 8 12 12
103 8 12 4
103 8 12 80
103 8 12 115
103 8 12 69
103 8 12 10
103 8 12 60
103 8 12 124
103 8 12 28
103 8 12 9
103 8 12 82
103 8 12 120
103 8 12 28
103 8 13 6
103 8 13 68
103 8 13 121
103 8 13 105
103 8 13 7
103 8 13 58
103 8 13 122
103 8 13 48
103 8 13 7
103 8 13 83
103 8 13 117
103 8 13 121
103 8 13 2
103 8 13 88
103 8 13 122
103 8 13 74
103 8 13 1
103 8 13 78
103 8 13 105
103 8 13 22
103 8 14 8
103 8 14 96
103 8 14 121
103 8 14 5
103 8 14 7
103 8 14 79
103 8 14 114
103 8 14 93
103 8 14 6
103 8 14 102
103 8 14 107
103 8 14 82
103 8 14 4
103 8 14 88
103 8 14 121
103 8 14 71
103 8 14 10
103 8 14 73
103 8 14 109
103 8 14 76
103 9 1 2
103 9 1 67
103 9 1 118
103 9 1 85
103 9 1 4
103 9 1 98
103 9 1 109
103 9 1 100
103 9 1 6
103 9 1 63
103 9 1 111
103 9 1 73
103 9 1 7
103 9 1 63
103 9 1 110
103 9 1 120
103 9 1 1
103 9 1 58
103 9 1 115
103 9 1 101
103 9 2 10
103 9 2 73
103 9 2 105
103 9 2 97
103 9 2 8
103 9 2 67
103 9 2 114
103 9 2 22
103 9 2 6
103 9 2 103
103 9 2 106
103 9 2 121
103 9 2 7
103 9 2 83
103 9 2 111
103 9 2 91
103 9 2 2
103 9 2 81
103 9 2 111
103 9 2 122
103 9 3 2
103 9 3 99
103 9 3 117
103 9 3 95
103 9 3 9
103 9 3 83
103 9 3 117
103 9 3 57
103 9 3 6
103 9 3 55
103 9 3 107
103 9 3 62
103 9 3 10
103 9 3 52
103 9 3 115
103 9 3 110
103 9 3 6
103 9 3 82
103 9 3 107
103 9 3 91
103 9 4 5
103 9 4 94
103 9 4 114
103 9 4 40
103 9 4 8
103 9 4 53
103 9 4 121
103 9 4 34
103 9 4 2
103 9 4 81
103 9 4 109
103 9 4 71
103 9 4 5
103 9 4 74
103 9 4 117
103 9 4 120
103 9 4 10
103 9 4 51
103 9 4 107
103 9 4 10
103 9 5 10
103 9 5 88
103 9 5 115
103 9 5 100
103 9 5 5
103 9 5 82
103 9 5 105
103 9 5 9
103 9 5 3
103 9 5 98
103 9 5 122
103 9 5 105
103 9 5 8
103 9 5 99
103 9 5 107
103 9 5 9
103 9 5 3
103 9 5 73
103 9 5 107
103 9 5 4
103 9 6 1
103 9 6 75
103 9 6 113
103 9 6 17
103 9 6 2
103 9 6 77
103 9 6 123
103 9 6 48
103 9 6 9
103 9 6 95
103 9 6 105
103 9 6 44
103 9 6 10
103 9 6 72
103 9 6 113
103 9 6 70
103 9 6 4
103 9 6 90
103 9 6 110
103 9 6 32
103 9 7 3
103 9 7 58
103 9 7 121
103 9 7 92
103 9 7 8
103 9 7 102
103 9 7 110
103 9 7 9
103 9 7 2
103 9 7 98
103 9 7 109
103 9 7 19
103 9 7 8
103 9 7 85
103 9 7 105
103 9 7 43
103 9 7 10
103 9 7 64
103 9 7 107
103 9 7 118
103 9 8 1
103 9 8 100
103 9 8 113
103 9 8 85
103 9 8 7
103 9 8 89
103 9 8 107
103 9 8 62
103 9 8 5
103 9 8 65
103 9 8 105
103 9 8 47
103 9 8 2
103 9 8 79
103 9 8 123
103 9 8 17
103 9 8 7
103 9 8 79
103 9 8 112
103 9 8 1
103 9 9 1
103 9 9 74
103 9 9 106
103 9 9 71
103 9 9 8
103 9 9 99
103 9 9 112
103 9 9 85
103 9 9 7
103 9 9 99
103 9 9 122
103 9 9 98
103 9 9 7
103 9 9 56
103 9 9 123
103 9 9 37
103 9 9 1
103 9 9 95
103 9 9 113
103 9 9 93
103 9 10 5
103 9 10 94
103 9 10 123
103 9 10 77
103 9 10 9
103 9 10 103
103 9 10 117
103 9 10 19
103 9 10 6
103 9 10 84
103 9 10 108
103 9 10 108
103 9 10 4
103 9 10 96
103 9 10 114
103 9 10 9
103 9 10 4
103 9 10 59
103 9 10 122
103 9 10 14
103 9 11 7
103 9 11 82
103 9 11 121
103 9 11 1
103 9 11 7
103 9 11 88
103 9 11 116
103 9 11 76
103 9 11 6
103 9 11 83
103 9 11 111
103 9 11 27
103 9 11 6
103 9 11 63
103 9 11 124
103 9 11 4
103 9 11 9
103 9 11 80
103 9 11 117
103 9 11 49
103 9 12 8
103 9 12 102
103 9 12 108
103 9 12 2
103 9 12 6
103 9 12 74
103 9 12 123
103 9 12 106
103 9 12 10
103 9 12 73
103 9 12 114
103 9 12 28
103 9 12 8
103 9 12 71
103 9 12 116
103 9 12 9
103 9 12 7
103 9 12 73
103 9 12 109
103 9 12 6
103 9 13 7
103 9 13 92
103 9 13 115
103 9 13 124
103 9 13 4
103 9 13 65
103 9 13 123
103 9 13 66
103 9 13 1
103 9 13 73
103 9 13 121
103 9 13 121
103 9 13 10
103 9 13 82
103 9 13 117
103 9 13 82
103 9 13 6
103 9 13 81
103 9 13 121
103 9 13 9
103 9 14 6
103 9 14 91
103 9 14 116
103 9 14 64
103 9 14 4
103 9 14 76
103 9 14 104
103 9 14 27
103 9 14 5
103 9 14 58
103 9 14 123
103 9 14 35
103 9 14 1
103 9 14 83
103 9 14 105
103 9 14 22
103 9 14 9
103 9 14 91
103 9 14 107
103 9 14 33
103 10 1 6
103 10 1 100
103 10 1 118
103 10 1 105
103 10 1 7
103 10 1 98
103 10 1 112
103 10 1 72
103 10 1 9
103 10 1 99
103 10 1 124
103 10 1 122
103 10 1 9
103 10 1 63
103 10 1 123
103 10 1 107
103 10 1 9
103 10 1 98
103 10 1 115
103 10 1 55
103 10 2 3
103 10 2 88
103 10 2 124
103 10 2 2
103 10 2 1
103 10 2 66
103 10 2 115
103 10 2 40
103 10 2 4
103 10 2 78
103 10 2 103
103 10 2 120
103 10 2 9
103 10 2 58
103 10 2 110
103 10 2 89
103 10 2 7
103 10 2 68
103 10 2 109
103 10 2 105
103 10 3 8
103 10 3 71
103 10 3 116
103 10 3 61
103 10 3 5
103 10 3 81
103 10 3 121
103 10 3 59
103 10 3 4
103 10 3 69
103 10 3 104
103 10 3 2
103 10 3 4
103 10 3 56
103 10 3 103
103 10 3 122
103 10 3 8
103 10 3 85
103 10 3 119
103 10 3 44
103 10 4 8
103 10 4 96
103 10 4 119
103 10 4 121
103 10 4 1
103 10 4 94
103 10 4 115
103 10 4 77
103 10 4 6
103 10 4 91
103 10 4 109
103 10 4 43
103 10 4 7
103 10 4 87
103 10 4 103
103 10 4 68
103 10 4 7
103 10 4 79
103 10 4 119
103 10 4 69
103 10 5 6
103 10 5 92
103 10 5 109
103 10 5 38
103 10 5 2
103 10 5 93
103 10 5 113
103 10 5 100
103 10 5 7
103 10 5 99
103 10 5 118
103 10 5 29
103 10 5 4
103 10 5 102
103 10 5 115
103 10 5 8
103 10 5 5
103 10 5 64
103 10 5 108
103 10 5 33
103 10 6 9
103 10 6 56
103 10 6 106
103 10 6 92
103 10 6 4
103 10 6 53
103 10 6 112
103 10 6 46
103 10 6 2
103 10 6 80
103 10 6 111
103 10 6 45
103 10 6 10
103 10 6 99
103 10 6 121
103 10 6 20
103 10 6 3
103 10 6 93
103 10 6 103
103 10 6 37
103 10 7 4
103 10 7 70
103 10 7 112
103 10 7 102
103 10 7 5
103 10 7 103
103 10 7 120
103 10 7 59
103 10 7 9
103 10 7 66
103 10 7 110
103 10 7 33
103 10 7 3
103 10 7 68
103 10 7 107
103 10 7 1
103 10 7 6
103 10 7 56
103 10 7 105
103 10 7 103
103 10 8 7
103 10 8 81
103 10 8 121
103 10 8 92
103 10 8 3
103 10 8 52
103 10 8 122
103 10 8 69
103 10 8 8
103 10 8 96
103 10 8 106
103 10 8 25
103 10 8 4
103 10 8 78
103 10 8 112
103 10 8 92
103 10 8 7
103 10 8 78
103 10 8 109
103 10 8 90
103 10 9 6
103 10 9 98
103 10 9 110
103 10 9 81
103 10 9 8
103 10 9 80
103 10 9 110
103 10 9 12
103 10 9 9
103 10 9 82
103 10 9 123
103 10 9 101
103 10 9 8
103 10 9 72
103 10 9 110
103 10 9 39
103 10 9 9
103 10 9 52
103 10 9 122
103 10 9 48
103 10 10 4
103 10 10 75
103 10 10 103
103 10 10 81
103 10 10 10
103 10 10 64
103 10 10 119
103 10 10 102
103 10 10 7
103 10 10 79
103 10 10 106
103 10 10 63
103 10 10 3
103 10 10 93
103 10 10 103
103 10 10 51
103 10 10 9
103 10 10 78
103 10 10 115
103 10 10 4
103 10 11 7
103 10 11 72
103 10 11 109
103 10 11 33
103 10 11 3
103 10 11 93
103 10 11 117
103 10 11 61
103 10 11 10
103 10 11 81
103 10 11 110
103 10 11 46
103 10 11 7
103 10 11 66
103 10 11 106
103 10 11 45
103 10 11 5
103 10 11 51
103 10 11 119
103 10 11 56
103 10 12 9
103 10 12 77
103 10 12 104
103 10 12 30
103 10 12 4
103 10 12 79
103 10 12 109
103 10 12 106
103 10 12 1
103 10 12 87
103 10 12 104
103 10 12 105
103 10 12 8
103 10 12 84
103 10 12 119
103 10 12 51
103 10 12 5
103 10 12 62
103 10 12 106
103 10 12 55
103 10 13 1
103 10 13 70
103 10 13 110
103 10 13 109
103 10 13 6
103 10 13 54
103 10 13 114
103 10 13 112
103 10 13 1
103 10 13 86
103 10 13 110
103 10 13 72
103 10 13 7
103 10 13 67
103 10 13 111
103 10 13 58
103 10 13 2
103 10 13 64
103 10 13 119
103 10 13 31
103 10 14 1
103 10 14 103
103 10 14 118
103 10 14 79
103 10 14 6
103 10 14 57
103 10 14 109
103 10 14 18
103 10 14 1
103 10 14 87
103 10 14 122
103 10 14 35
103 10 14 1
103 10 14 67
103 10 14 108
103 10 14 30
103 10 14 10
103 10 14 81
103 10 14 116
103 10 14 19
103 11 1 6
103 11 1 87
103 11 1 105
103 11 1 6
103 11 1 6
103 11 1 57
103 11 1 116
103 11 1 6
103 11 1 2
103 11 1 83
103 11 1 108
103 11 1 98
103 11 1 6
103 11 1 53
103 11 1 114
103 11 1 52
103 11 1 6
103 11 1 85
103 11 1 122
103 11 1 49
103 11 2 1
103 11 2 82
103 11 2 106
103 11 2 77
103 11 2 6
103 11 2 87
103 11 2 110
103 11 2 51
103 11 2 9
103 11 2 81
103 11 2 118
103 11 2 100
103 11 2 8
103 11 2 51
103 11 2 115
103 11 2 46
103 11 2 8
103 11 2 90
103 11 2 121
103 11 2 43
103 11 3 4
103 11 3 78
103 11 3 116
103 11 3 98
103 11 3 5
103 11 3 71
103 11 3 109
103 11 3 34
103 11 3 6
103 11 3 95
103 11 3 112
103 11 3 8
103 11 3 6
103 11 3 97
103 11 3 112
103 11 3 47
103 11 3 6
103 11 3 53
103 11 3 119
103 11 3 82
103 11 4 4
103 11 4 53
103 11 4 121
103 11 4 112
103 11 4 6
103 11 4 79
103 11 4 116
103 11 4 97
103 11 4 10
103 11 4 60
103 11 4 124
103 11 4 85
103 11 4 5
103 11 4 85
103 11 4 114
103 11 4 86
103 11 4 10
103 11 4 53
103 11 4 115
103 11 4 30
103 11 5 4
103 11 5 103
103 11 5 118
103 11 5 52
103 11 5 6
103 11 5 68
103 11 5 111
103 11 5 92
103 11 5 9
103 11 5 92
103 11 5 116
103 11 5 33
103 11 5 8
103 11 5 77
103 11 5 105
103 11 5 89
103 11 5 1
103 11 5 79
103 11 5 115
103 11 5 110
103 11 6 1
103 11 6 69
103 11 6 104
103 11 6 31
103 11 6 8
103 11 6 68
103 11 6 104
103 11 6 56
103 11 6 5
103 11 6 92
103 11 6 121
103 11 6 39
103 11 6 4
103 11 6 93
103 11 6 119
103 11 6 119
103 11 6 6
103 11 6 62
103 11 6 121
103 11 6 69
103 11 7 4
103 11 7 86
103 11 7 120
103 11 7 40
103 11 7 2
103 11 7 53
103 11 7 107
103 11 7 7
103 11 7 5
103 11 7 97
103 11 7 113
103 11 7 85
103 11 7 7
103 11 7 63
103 11 7 112
103 11 7 122
103 11 7 2
103 11 7 84
103 11 7 110
103 11 7 51
103 11 8 2
103 11 8 99
103 11 8 116
103 11 8 67
103 11 8 10
103 11 8 52
103 11 8 112
103 11 8 57
103 11 8 5
103 11 8 76
103 11 8 110
103 11 8 61
103 11 8 8
103 11 8 82
103 11 8 123
103 11 8 56
103 11 8 5
103 11 8 76
103 11 8 124
103 11 8 20
103 11 9 1
103 11 9 69
103 11 9 120
103 11 9 64
103 11 9 2
103 11 9 70
103 11 9 113
103 11 9 68
103 11 9 6
103 11 9 58
103 11 9 112
103 11 9 65
103 11 9 3
103 11 9 79
103 11 9 105
103 11 9 25
103 11 9 6
103 11 9 87
103 11 9 112
103 11 9 118
103 11 10 5
103 11 10 90
103 11 10 104
103 11 10 21
103 11 10 8
103 11 10 89
103 11 10 108
103 11 10 69
103 11 10 3
103 11 10 66
103 11 10 119
103 11 10 86
103 11 10 1
103 11 10 63
103 11 10 115
103 11 10 94
103 11 10 7
103 11 10 80
103 11 10 109
103 11 10 66
103 11 11 9
103 11 11 68
103 11 11 109
103 11 11 19
103 11 11 1
103 11 11 54
103 11 11 112
103 11 11 54
103 11 11 7
103 11 11 88
103 11 11 107
103 11 11 95
103 11 11 10
103 11 11 87
103 11 11 122
103 11 11 76
103 11 11 5
103 11 11 69
103 11 11 103
103 11 11 111
103 11 12 6
103 11 12 52
103 11 12 117
103 11 12 30
103 11 12 6
103 11 12 101
103 11 12 122
103 11 12 1
103 11 12 3
103 11 12 66
103 11 12 122
103 11 12 19
103 11 12 10
103 11 12 74
103 11 12 110
103 11 12 5
103 11 12 2
103 11 12 76
103 11 12 121
103 11 12 92
103 11 13 2
103 11 13 76
103 11 13 119
103 11 13 96
103 11 13 10
103 11 13 87
103 11 13 114
103 11 13 87
103 11 13 4
103 11 13 82
103 11 13 110
103 11 13 55
103 11 13 2
103 11 13 57
103 11 13 117
103 11 13 118
103 11 13 4
103 11 13 60
103 11 13 120
103 11 13 89
103 11 14 8
103 11 14 79
103 11 14 114
103 11 14 103
103 11 14 2
103 11 14 57
103 11 14 116
103 11 14 21
103 11 14 4
103 11 14 72
103 11 14 105
103 11 14 101
103 11 14 4
103 11 14 73
103 11 14 103
103 11 14 77
103 11 14 5
103 11 14 52
103 11 14 108
103 11 14 74
103 12 1 4
103 12 1 61
103 12 1 113
103 12 1 38
103 12 1 5
103 12 1 98
103 12 1 116
103 12 1 100
103 12 1 4
103 12 1 54
103 12 1 123
103 12 1 22
103 12 1 3
103 12 1 69
103 12 1 107
103 12 1 11
103 12 1 1
103 12 1 91
103 12 1 121
103 12 1 85
103 12 2 4
103 12 2 67
103 12 2 106
103 12 2 51
103 12 2 6
103 12 2 90
103 12 2 103
103 12 2 13
103 12 2 2
103 12 2 89
103 12 2 120
103 12 2 37
103 12 2 10
103 12 2 64
103 12 2 120
103 12 2 83
103 12 2 10
103 12 2 53
103 12 2 111
103 12 2 45
103 12 3 8
103 12 3 97
103 12 3 117
103 12 3 2
103 12 3 8
103 12 3 86
103 12 3 103
103 12 3 81
103 12 3 4
103 12 3 73
103 12 3 122
103 12 3 62
103 12 3 4
103 12 3 91
103 12 3 114
103 12 3 49
103 12 3 8
103 12 3 97
103 12 3 109
103 12 3 18
103 12 4 1
103 12 4 65
103 12 4 113
103 12 4 85
103 12 4 10
103 12 4 52
103 12 4 114
103 12 4 66
103 12 4 5
103 12 4 99
103 12 4 123
103 12 4 56
103 12 4 5
103 12 4 83
103 12 4 123
103 12 4 90
103 12 4 2
103 12 4 90
103 12 4 112
103 12 4 98
103 12 5 3
103 12 5 91
103 12 5 119
103 12 5 26
103 12 5 9
103 12 5 93
103 12 5 106
103 12 5 113
103 12 5 2
103 12 5 51
103 12 5 119
103 12 5 107
103 12 5 1
103 12 5 66
103 12 5 116
103 12 5 31
103 12 5 5
103 12 5 58
103 12 5 106
103 12 5 122
103 12 6 8
103 12 6 82
103 12 6 109
103 12 6 53
103 12 6 6
103 12 6 94
103 12 6 107
103 12 6 79
103 12 6 7
103 12 6 95
103 12 6 106
103 12 6 80
103 12 6 5
103 12 6 84
103 12 6 107
103 12 6 12
103 12 6 1
103 12 6 92
103 12 6 118
103 12 6 59
103 12 7 8
103 12 7 83
103 12 7 124
103 12 7 39
103 12 7 1
103 12 7 78
103 12 7 119
103 12 7 34
103 12 7 1
103 12 7 85
103 12 7 109
103 12 7 38
103 12 7 1
103 12 7 96
103 12 7 107
103 12 7 36
103 12 7 5
103 12 7 64
103 12 7 121
103 12 7 24
103 12 8 3
103 12 8 87
103 12 8 104
103 12 8 100
103 12 8 5
103 12 8 73
103 12 8 120
103 12 8 38
103 12 8 1
103 12 8 84
103 12 8 124
103 12 8 42
103 12 8 1
103 12 8 93
103 12 8 119
103 12 8 44
103 12 8 7
103 12 8 56
103 12 8 107
103 12 8 116
103 12 9 9
103 12 9 102
103 12 9 112
103 12 9 54
103 12 9 4
103 12 9 103
103 12 9 119
103 12 9 90
103 12 9 10
103 12 9 62
103 12 9 124
103 12 9 66
103 12 9 8
103 12 9 57
103 12 9 123
103 12 9 69
103 12 9 5
103 12 9 89
103 12 9 112
103 12 9 10
103 12 10 10
103 12 10 73
103 12 10 120
103 12 10 70
103 12 10 5
103 12 10 86
103 12 10 115
103 12 10 105
103 12 10 4
103 12 10 93
103 12 10 103
103 12 10 11
103 12 10 7
103 12 10 82
103 12 10 119
103 12 10 109
103 12 10 8
103 12 10 67
103 12 10 115
103 12 10 20
103 12 11 7
103 12 11 79
103 12 11 120
103 12 11 11
103 12 11 3
103 12 11 101
103 12 11 104
103 12 11 63
103 12 11 6
103 12 11 52
103 12 11 109
103 12 11 26
103 12 11 8
103 12 11 87
103 12 11 111
103 12 11 37
103 12 11 7
103 12 11 54
103 12 11 110
103 12 11 51
103 12 12 9
103 12 12 81
103 12 12 121
103 12 12 57
103 12 12 6
103 12 12 69
103 12 12 107
103 12 12 38
103 12 12 10
103 12 12 52
103 12 12 121
103 12 12 62
103 12 12 2
103 12 12 68
103 12 12 115
103 12 12 122
103 12 12 2
103 12 12 85
103 12 12 115
103 12 12 27
103 12 13 10
103 12 13 70
103 12 13 110
103 12 13 67
103 12 13 9
103 12 13 92
103 12 13 103
103 12 13 51
103 12 13 2
103 12 13 61
103 12 13 123
103 12 13 52
103 12 13 9
103 12 13 94
103 12 13 105
103 12 13 121
103 12 13 6
103 12 13 56
103 12 13 123
103 12 13 120
103 12 14 9
103 12 14 54
103 12 14 121
103 12 14 45
103 12 14 6
103 12 14 57
103 12 14 115
103 12 14 22
103 12 14 2
103 12 14 98
103 12 14 122
103 12 14 95
103 12 14 4
103 12 14 61
103 12 14 123
103 12 14 40
103 12 14 6
103 12 14 75
103 12 14 104
103 12 14 74
103 13 1 7
103 13 1 91
103 13 1 118
103 13 1 118
103 13 1 9
103 13 1 56
103 13 1 117
103 13 1 75
103 13 1 5
103 13 1 57
103 13 1 104
103 13 1 76
103 13 1 8
103 13 1 89
103 13 1 118
103 13 1 75
103 13 1 6
103 13 1 95
103 13 1 112
103 13 1 97
103 13 2 9
103 13 2 73
103 13 2 107
103 13 2 32
103 13 2 1
103 13 2 58
103 13 2 122
103 13 2 36
103 13 2 2
103 13 2 88
103 13 2 123
103 13 2 21
103 13 2 9
103 13 2 102
103 13 2 111
103 13 2 120
103 13 2 4
103 13 2 91
103 13 2 122
103 13 2 37
103 13 3 7
103 13 3 72
103 13 3 109
103 13 3 75
103 13 3 7
103 13 3 78
103 13 3 105
103 13 3 21
103 13 3 6
103 13 3 53
103 13 3 112
103 13 3 107
103 13 3 8
103 13 3 54
103 13 3 119
103 13 3 23
103 13 3 9
103 13 3 90
103 13 3 105
103 13 3 39
103 13 4 1
103 13 4 83
103 13 4 108
103 13 4 38
103 13 4 2
103 13 4 65
103 13 4 117
103 13 4 92
103 13 4 3
103 13 4 90
103 13 4 106
103 13 4 97
103 13 4 9
103 13 4 84
103 13 4 121
103 13 4 42
103 13 4 3
103 13 4 51
103 13 4 120
103 13 4 58
103 13 5 8
103 13 5 98
103 13 5 116
103 13 5 116
103 13 5 7
103 13 5 72
103 13 5 107
103 13 5 84
103 13 5 10
103 13 5 60
103 13 5 115
103 13 5 66
103 13 5 2
103 13 5 86
103 13 5 123
103 13 5 107
103 13 5 10
103 13 5 85
103 13 5 114
103 13 5 15
103 13 6 2
103 13 6 93
103 13 6 118
103 13 6 49
103 13 6 2
103 13 6 68
103 13 6 110
103 13 6 45
103 13 6 10
103 13 6 81
103 13 6 118
103 13 6 90
103 13 6 6
103 13 6 102
103 13 6 120
103 13 6 32
103 13 6 7
103 13 6 74
103 13 6 117
103 13 6 18
103 13 7 6
103 13 7 72
103 13 7 106
103 13 7 45
103 13 7 4
103 13 7 87
103 13 7 115
103 13 7 57
103 13 7 3
103 13 7 94
103 13 7 113
103 13 7 37
103 13 7 10
103 13 7 54
103 13 7 103
103 13 7 22
103 13 7 8
103 13 7 69
103 13 7 119
103 13 7 91
103 13 8 4
103 13 8 86
103 13 8 110
103 13 8 97
103 13 8 3
103 13 8 95
103 13 8 107
103 13 8 33
103 13 8 2
103 13 8 69
103 13 8 107
103 13 8 95
103 13 8 4
103 13 8 94
103 13 8 111
103 13 8 98
103 13 8 5
103 13 8 87
103 13 8 106
103 13 8 3
103 13 9 10
103 13 9 90
103 13 9 103
103 13 9 18
103 13 9 2
103 13 9 103
103 13 9 117
103 13 9 10
103 13 9 6
103 13 9 85
103 13 9 107
103 13 9 97
103 13 9 9
103 13 9 102
103 13 9 110
103 13 9 44
103 13 9 6
103 13 9 64
103 13 9 113
103 13 9 112
103 13 10 6
103 13 10 69
103 13 10 118
103 13 10 49
103 13 10 1
103 13 10 58
103 13 10 106
103 13 10 7
103 13 10 4
103 13 10 58
103 13 10 119
103 13 10 1
103 13 10 9
103 13 10 87
103 13 10 120
103 13 10 107
103 13 10 8
103 13 10 99
103 13 10 111
103 13 10 1
103 13 11 4
103 13 11 70
103 13 11 123
103 13 11 122
103 13 11 1
103 13 11 88
103 13 11 104
103 13 11 51
103 13 11 9
103 13 11 76
103 13 11 117
103 13 11 104
103 13 11 5
103 13 11 91
103 13 11 117
103 13 11 53
103 13 11 9
103 13 11 65
103 13 11 123
103 13 11 78
103 13 12 6
103 13 12 60
103 13 12 105
103 13 12 58
103 13 12 8
103 13 12 73
103 13 12 103
103 13 12 91
103 13 12 3
103 13 12 69
103 13 12 117
103 13 12 6
103 13 12 9
103 13 12 95
103 13 12 122
103 13 12 116
103 13 12 9
103 13 12 72
103 13 12 111
103 13 12 43
103 13 13 4
103 13 13 55
103 13 13 105
103 13 13 24
103 13 13 9
103 13 13 94
103 13 13 116
103 13 13 102
103 13 13 5
103 13 13 101
103 13 13 116
103 13 13 111
103 13 13 7
103 13 13 103
103 13 13 119
103 13 13 122
103 13 13 5
103 13 13 102
103 13 13 109
103 13 13 121
103 13 14 1
103 13 14 59
103 13 14 118
103 13 14 42
103 13 14 4
103 13 14 55
103 13 14 121
103 13 14 83
103 13 14 9
103 13 14 66
103 13 14 119
103 13 14 101
103 13 14 6
103 13 14 68
103 13 14 118
103 13 14 30
103 13 14 9
103 13 14 91
103 13 14 103
103 13 14 64
103 14 1 9
103 14 1 81
103 14 1 104
103 14 1 68
103 14 1 8
103 14 1 71
103 14 1 107
103 14 1 4
103 14 1 9
103 14 1 56
103 14 1 110
103 14 1 63
103 14 1 9
103 14 1 54
103 14 1 103
103 14 1 92
103 14 1 1
103 14 1 52
103 14 1 120
103 14 1 97
103 14 2 3
103 14 2 75
103 14 2 120
103 14 2 98
103 14 2 8
103 14 2 82
103 14 2 124
103 14 2 76
103 14 2 2
103 14 2 68
103 14 2 111
103 14 2 92
103 14 2 6
103 14 2 86
103 14 2 105
103 14 2 84
103 14 2 6
103 14 2 55
103 14 2 106
103 14 2 74
103 14 3 7
103 14 3 61
103 14 3 112
103 14 3 28
103 14 3 9
103 14 3 75
103 14 3 105
103 14 3 81
103 14 3 10
103 14 3 83
103 14 3 109
103 14 3 36
103 14 3 3
103 14 3 82
103 14 3 111
103 14 3 80
103 14 3 5
103 14 3 91
103 14 3 108
103 14 3 18
103 14 4 8
103 14 4 100
103 14 4 124
103 14 4 111
103 14 4 9
103 14 4 62
103 14 4 122
103 14 4 60
103 14 4 9
103 14 4 58
103 14 4 112
103 14 4 91
103 14 4 4
103 14 4 78
103 14 4 114
103 14 4 113
103 14 4 1
103 14 4 93
103 14 4 122
103 14 4 81
103 14 5 8
103 14 5 97
103 14 5 104
103 14 5 83
103 14 5 3
103 14 5 59
103 14 5 116
103 14 5 54
103 14 5 1
103 14 5 95
103 14 5 112
103 14 5 69
103 14 5 4
103 14 5 103
103 14 5 103
103 14 5 91
103 14 5 1
103 14 5 62
103 14 5 106
103 14 5 15
103 14 6 10
103 14 6 100
103 14 6 106
103 14 6 59
103 14 6 3
103 14 6 71
103 14 6 114
103 14 6 116
103 14 6 10
103 14 6 60
103 14 6 104
103 14 6 56
103 14 6 1
103 14 6 81
103 14 6 112
103 14 6 68
103 14 6 8
103 14 6 51
103 14 6 110
103 14 6 8
103 14 7 8
103 14 7 52
103 14 7 111
103 14 7 7
103 14 7 7
103 14 7 74
103 14 7 122
103 14 7 94
103 14 7 3
103 14 7 103
103 14 7 104
103 14 7 86
103 14 7 9
103 14 7 82
103 14 7 123
103 14 7 54
103 14 7 2
103 14 7 97
103 14 7 121
103 14 7 8
103 14 8 5
103 14 8 62
103 14 8 104
103 14 8 19
103 14 8 6
103 14 8 95
103 14 8 119
103 14 8 45
103 14 8 10
103 14 8 59
103 14 8 105
103 14 8 3
103 14 8 5
103 14 8 64
103 14 8 120
103 14 8 76
103 14 8 2
103 14 8 63
103 14 8 118
103 14 8 119
103 14 9 6
103 14 9 71
103 14 9 117
103 14 9 35
103 14 9 9
103 14 9 70
103 14 9 124
103 14 9 115
103 14 9 5
103 14 9 51
103 14 9 122
103 14 9 63
103 14 9 8
103 14 9 66
103 14 9 115
103 14 9 8
103 14 9 6
103 14 9 52
103 14 9 112
103 14 9 82
103 14 10 10
103 14 10 70
103 14 10 106
103 14 10 29
103 14 10 2
103 14 10 60
103 14 10 108
103 14 10 62
103 14 10 2
103 14 10 95
103 14 10 119
103 14 10 3
103 14 10 2
103 14 10 77
103 14 10 115
103 14 10 94
103 14 10 10
103 14 10 84
103 14 10 105
103 14 10 15
103 14 11 1
103 14 11 91
103 14 11 109
103 14 11 123
103 14 11 2
103 14 11 77
103 14 11 103
103 14 11 3
103 14 11 9
103 14 11 94
103 14 11 111
103 14 11 100
103 14 11 4
103 14 11 67
103 14 11 108
103 14 11 78
103 14 11 7
103 14 11 55
103 14 11 116
103 14 11 62
103 14 12 3
103 14 12 87
103 14 12 116
103 14 12 26
103 14 12 6
103 14 12 67
103 14 12 109
103 14 12 20
103 14 12 8
103 14 12 91
103 14 12 122
103 14 12 123
103 14 12 8
103 14 12 83
103 14 12 106
103 14 12 80
103 14 12 6
103 14 12 51
103 14 12 116
103 14 12 89
103 14 13 6
103 14 13 57
103 14 13 104
103 14 13 104
103 14 13 5
103 14 13 72
103 14 13 119
103 14 13 53
103 14 13 1
103 14 13 62
103 14 13 105
103 14 13 43
103 14 13 6
103 14 13 99
103 14 13 105
103 14 13 56
103 14 13 3
103 14 13 74
103 14 13 104
103 14 13 64
103 14 14 10
103 14 14 63
103 14 14 117
103 14 14 19
103 14 14 6
103 14 14 69
103 14 14 104
103 14 14 4
103 14 14 7
103 14 14 89
103 14 14 103
103 14 14 39
103 14 14 8
103 14 14 74
103 14 14 120
103 14 14 97
103 14 14 5
103 14 14 66
103 14 14 121
103 14 14 34
107 1 1 8
107 1 1 106
107 1 1 107
107 1 1 68
107 1 1 7
107 1 1 74
107 1 1 109
107 1 1 41
107 1 1 4
107 1 1 93
107 1 1 108
107 1 1 53
107 1 1 8
107 1 1 98
107 1 1 118
107 1 1 107
107 1 1 5
107 1 1 78
107 1 1 121
107 1 1 76
107 1 2 10
107 1 2 53
107 1 2 108
107 1 2 36
107 1 2 7
107 1 2 64
107 1 2 110
107 1 2 76
107 1 2 6
107 1 2 60
107 1 2 116
107 1 2 102
107 1 2 10
107 1 2 69
107 1 2 114
107 1 2 84
107 1 2 3
107 1 2 81
107 1 2 116
107 1 2 29
107 1 3 3
107 1 3 104
107 1 3 125
107 1 3 106
107 1 3 6
107 1 3 85
107 1 3 109
107 1 3 47
107 1 3 8
107 1 3 91
107 1 3 107
107 1 3 57
107 1 3 3
107 1 3 89
107 1 3 120
107 1 3 82
107 1 3 8
107 1 3 103
107 1 3 109
107 1 3 41
107 1 4 9
107 1 4 63
107 1 4 108
107 1 4 20
107 1 4 10
107 1 4 90
107 1 4 120
107 1 4 116
107 1 4 4
107 1 4 73
107 1 4 111
107 1 4 91
107 1 4 8
107 1 4 55
107 1 4 115
107 1 4 31
107 1 4 10
107 1 4 90
107 1 4 107
107 1 4 36
107 1 5 8
107 1 5 80
107 1 5 115
107 1 5 99
107 1 5 8
107 1 5 105
107 1 5 127
107 1 5 88
107 1 5 6
107 1 5 93
107 1 5 108
107 1 5 50
107 1 5 10
107 1 5 77
107 1 5 115
107 1 5 18
107 1 5 1
107 1 5 87
107 1 5 124
107 1 5 50
107 1 6 1
107 1 6 67
107 1 6 124
107 1 6 26
107 1 6 10
107 1 6 99
107 1 6 115
107 1 6 113
107 1 6 10
107 1 6 78
107 1 6 117
107 1 6 128
107 1 6 4
107 1 6 59
107 1 6 122
107 1 6 98
107 1 6 4
107 1 6 64
107 1 6 108
107 1 6 17
107 1 7 4
107 1 7 90
107 1 7 126
107 1 7 43
107 1 7 2
107 1 7 104
107 1 7 114
107 1 7 70
107 1 7 5
107 1 7 97
107 1 7 121
107 1 7 126
107 1 7 7
107 1 7 82
107 1 7 118
107 1 7 60
107 1 7 10
107 1 7 82
107 1 7 115
107 1 7 87
107 1 8 8
107 1 8 74
107 1 8 113
107 1 8 19
107 1 8 5
107 1 8 69
107 1 8 108
107 1 8 85
107 1 8 5
107 1 8 96
107 1 8 118
107 1 8 34
107 1 8 4
107 1 8 54
107 1 8 123
107 1 8 15
107 1 8 2
107 1 8 88
107 1 8 116
107 1 8 70
107 1 9 4
107 1 9 91
107 1 9 107
107 1 9 103
107 1 9 8
107 1 9 55
107 1 9 128
107 1 9 109
107 1 9 7
107 1 9 68
107 1 9 110
107 1 9 16
107 1 9 6
107 1 9 106
107 1 9 113
107 1 9 61
107 1 9 3
107 1 9 66
107 1 9 128
107 1 9 98
107 1 10 5
107 1 10 64
107 1 10 115
107 1 10 16
107 1 10 5
107 1 10 96
107 1 10 109
107 1 10 41
107 1 10 7
107 1 10 83
107 1 10 112
107 1 10 2
107 1 10 5
107 1 10 65
107 1 10 121
107 1 10 56
107 1 10 9
107 1 10 104
107 1 10 119
107 1 10 116
107 1 11 4
107 1 11 101
107 1 11 119
107 1 11 33
107 1 11 5
107 1 11 77
107 1 11 113
107 1 11 85
107 1 11 10
107 1 11 97
107 1 11 119
107 1 11 109
107 1 11 2
107 1 11 107
107 1 11 108
107 1 11 99
107 1 11 6
107 1 11 99
107 1 11 113
107 1 11 112
107 1 12 1
107 1 12 98
107 1 12 115
107 1 12 97
107 1 12 5
107 1 12 65
107 1 12 111
107 1 12 82
107 1 12 4
107 1 12 75
107 1 12 128
107 1 12 69
107 1 12 3
107 1 12 93
107 1 12 112
107 1 12 61
107 1 12 4
107 1 12 60
107 1 12 109
107 1 12 114
107 1 13 5
107 1 13 72
107 1 13 126
107 1 13 113
107 1 13 7
107 1 13 99
107 1 13 109
107 1 13 18
107 1 13 8
107 1 13 76
107 1 13 114
107 1 13 105
107 1 13 2
107 1 13 93
107 1 13 108
107 1 13 49
107 1 13 7
107 1 13 56
107 1 13 123
107 1 13 117
107 1 14 1
107 1 14 101
107 1 14 127
107 1 14 89
107 1 14 2
107 1 14 86
107 1 14 124
107 1 14 45
107 1 14 9
107 1 14 99
107 1 14 123
107 1 14 67
107 1 14 10
107 1 14 106
107 1 14 115
107 1 14 13
107 1 14 8
107 1 14 98
107 1 14 120
107 1 14 74
107 2 1 5
107 2 1 70
107 2 1 117
107 2 1 101
107 2 1 9
107 2 1 95
107 2 1 120
107 2 1 58
107 2 1 2
107 2 1 68
107 2 1 123
107 2 1 76
107 2 1 5
107 2 1 86
107 2 1 119
107 2 1 37
107 2 1 5
107 2 1 84
107 2 1 125
107 2 1 5
107 2 2 4
107 2 2 53
107 2 2 115
107 2 2 74
107 2 2 10
107 2 2 60
107 2 2 126
107 2 2 57
107 2 2 2
107 2 2 101
107 2 2 123
107 2 2 87
107 2 2 7
107 2 2 93
107 2 2 128
107 2 2 94
107 2 2 5
107 2 2 57
107 2 2 121
107 2 2 27
107 2 3 4
107 2 3 79
107 2 3 115
107 2 3 78
107 2 3 2
107 2 3 84
107 2 3 125
107 2 3 122
107 2 3 9
107 2 3 97
107 2 3 121
107 2 3 54
107 2 3 7
107 2 3 89
107 2 3 122
107 2 3 41
107 2 3 10
107 2 3 88
107 2 3 120
107 2 3 55
107 2 4 8
107 2 4 93
107 2 4 115
107 2 4 74
107 2 4 6
107 2 4 94
107 2 4 110
107 2 4 47
107 2 4 8
107 2 4 83
107 2 4 113
107 2 4 124
107 2 4 2
107 2 4 86
107 2 4 125
107 2 4 80
107 2 4 4
107 2 4 83
107 2 4 111
107 2 4 77
107 2 5 4
107 2 5 71
107 2 5 122
107 2 5 113
107 2 5 2
107 2 5 99
107 2 5 119
107 2 5 1
107 2 5 6
107 2 5 60
107 2 5 108
107 2 5 86
107 2 5 2
107 2 5 95
107 2 5 119
107 2 5 33
107 2 5 6
107 2 5 62
107 2 5 126
107 2 5 91
107 2 6 6
107 2 6 63
107 2 6 124
107 2 6 121
107 2 6 7
107 2 6 102
107 2 6 112
107 2 6 92
107 2 6 9
107 2 6 83
107 2 6 109
107 2 6 54
107 2 6 8
107 2 6 82
107 2 6 125
107 2 6 83
107 2 6 8
107 2 6 95
107 2 6 114
107 2 6 68
107 2 7 1
107 2 7 102
107 2 7 109
107 2 7 122
107 2 7 8
107 2 7 98
107 2 7 112
107 2 7 117
107 2 7 2
107 2 7 57
107 2 7 120
107 2 7 16
107 2 7 3
107 2 7 79
107 2 7 116
107 2 7 18
107 2 7 8
107 2 7 69
107 2 7 124
107 2 7 8
107 2 8 5
107 2 8 63
107 2 8 128
107 2 8 70
107 2 8 6
107 2 8 79
107 2 8 126
107 2 8 5
107 2 8 6
107 2 8 59
107 2 8 126
107 2 8 37
107 2 8 4
107 2 8 82
107 2 8 108
107 2 8 62
107 2 8 10
107 2 8 89
107 2 8 127
107 2 8 67
107 2 9 3
107 2 9 53
107 2 9 122
107 2 9 54
107 2 9 3
107 2 9 104
107 2 9 111
107 2 9 120
107 2 9 9
107 2 9 67
107 2 9 128
107 2 9 11
107 2 9 6
107 2 9 55
107 2 9 110
107 2 9 107
107 2 9 8
107 2 9 58
107 2 9 116
107 2 9 45
107 2 10 4
107 2 10 77
107 2 10 121
107 2 10 77
107 2 10 4
107 2 10 82
107 2 10 117
107 2 10 120
107 2 10 4
107 2 10 81
107 2 10 119
107 2 10 62
107 2 10 5
107 2 10 67
107 2 10 114
107 2 10 11
107 2 10 5
107 2 10 90
107 2 10 118
107 2 10 28
107 2 11 7
107 2 11 70
107 2 11 113
107 2 11 121
107 2 11 9
107 2 11 59
107 2 11 108
107 2 11 94
107 2 11 9
107 2 11 62
107 2 11 118
107 2 11 52
107 2 11 5
107 2 11 69
107 2 11 107
107 2 11 114
107 2 11 7
107 2 11 69
107 2 11 114
107 2 11 116
107 2 12 4
107 2 12 80
107 2 12 126
107 2 12 40
107 2 12 4
107 2 12 81
107 2 12 115
107 2 12 101
107 2 12 9
107 2 12 58
107 2 12 120
107 2 12 66
107 2 12 9
107 2 12 84
107 2 12 118
107 2 12 20
107 2 12 2
107 2 12 67
107 2 12 107
107 2 12 22
107 2 13 9
107 2 13 70
107 2 13 122
107 2 13 64
107 2 13 3
107 2 13 64
107 2 13 109
107 2 13 51
107 2 13 8
107 2 13 84
107 2 13 125
107 2 13 8
107 2 13 8
107 2 13 102
107 2 13 117
107 2 13 98
107 2 13 6
107 2 13 102
107 2 13 108
107 2 13 16
107 2 14 2
107 2 14 81
107 2 14 117
107 2 14 62
107 2 14 1
107 2 14 97
107 2 14 124
107 2 14 55
107 2 14 2
107 2 14 100
107 2 14 121
107 2 14 75
107 2 14 1
107 2 14 74
107 2 14 109
107 2 14 30
107 2 14 6
107 2 14 107
107 2 14 119
107 2 14 49
107 3 1 5
107 3 1 66
107 3 1 120
107 3 1 76
107 3 1 4
107 3 1 83
107 3 1 123
107 3 1 4
107 3 1 10
107 3 1 72
107 3 1 108
107 3 1 84
107 3 1 2
107 3 1 93
107 3 1 109
107 3 1 11
107 3 1 6
107 3 1 58
107 3 1 108
107 3 1 92
107 3 2 5
107 3 2 59
107 3 2 128
107 3 2 7
107 3 2 6
107 3 2 71
107 3 2 125
107 3 2 127
107 3 2 8
107 3 2 71
107 3 2 128
107 3 2 74
107 3 2 6
107 3 2 83
107 3 2 110
107 3 2 94
107 3 2 4
107 3 2 95
107 3 2 108
107 3 2 66
107 3 3 10
107 3 3 69
107 3 3 112
107 3 3 121
107 3 3 4
107 3 3 71
107 3 3 114
107 3 3 14
107 3 3 2
107 3 3 66
107 3 3 123
107 3 3 75
107 3 3 1
107 3 3 99
107 3 3 124
107 3 3 31
107 3 3 9
107 3 3 53
107 3 3 119
107 3 3 37
107 3 4 5
107 3 4 86
107 3 4 111
107 3 4 110
107 3 4 9
107 3 4 68
107 3 4 126
107 3 4 52
107 3 4 5
107 3 4 54
107 3 4 126
107 3 4 18
107 3 4 1
107 3 4 78
107 3 4 112
107 3 4 121
107 3 4 8
107 3 4 74
107 3 4 111
107 3 4 14
107 3 5 7
107 3 5 97
107 3 5 121
107 3 5 92
107 3 5 9
107 3 5 95
107 3 5 118
107 3 5 128
107 3 5 5
107 3 5 63
107 3 5 126
107 3 5 72
107 3 5 1
107 3 5 101
107 3 5 109
107 3 5 59
107 3 5 10
107 3 5 67
107 3 5 120
107 3 5 61
107 3 6 9
107 3 6 63
107 3 6 120
107 3 6 119
107 3 6 4
107 3 6 99
107 3 6 117
107 3 6 6
107 3 6 10
107 3 6 106
107 3 6 128
107 3 6 41
107 3 6 4
107 3 6 82
107 3 6 107
107 3 6 118
107 3 6 6
107 3 6 66
107 3 6 110
107 3 6 71
107 3 7 1
107 3 7 97
107 3 7 127
107 3 7 47
107 3 7 4
107 3 7 107
107 3 7 108
107 3 7 35
107 3 7 7
107 3 7 55
107 3 7 122
107 3 7 83
107 3 7 4
107 3 7 103
107 3 7 115
107 3 7 69
107 3 7 9
107 3 7 55
107 3 7 108
107 3 7 2
107 3 8 9
107 3 8 84
107 3 8 126
107 3 8 23
107 3 8 2
107 3 8 81
107 3 8 114
107 3 8 68
107 3 8 7
107 3 8 74
107 3 8 109
107 3 8 33
107 3 8 3
107 3 8 86
107 3 8 113
107 3 8 83
107 3 8 4
107 3 8 95
107 3 8 121
107 3 8 64
107 3 9 5
107 3 9 58
107 3 9 128
107 3 9 81
107 3 9 5
107 3 9 80
107 3 9 108
107 3 9 116
107 3 9 4
107 3 9 107
107 3 9 108
107 3 9 40
107 3 9 5
107 3 9 80
107 3 9 120
107 3 9 128
107 3 9 7
107 3 9 104
107 3 9 112
107 3 9 90
107 3 10 2
107 3 10 56
107 3 10 121
107 3 10 113
107 3 10 9
107 3 10 63
107 3 10 115
107 3 10 22
107 3 10 4
107 3 10 71
107 3 10 117
107 3 10 93
107 3 10 10
107 3 10 87
107 3 10 121
107 3 10 39
107 3 10 10
107 3 10 82
107 3 10 112
107 3 10 80
107 3 11 5
107 3 11 66
107 3 11 124
107 3 11 39
107 3 11 8
107 3 11 61
107 3 11 128
107 3 11 82
107 3 11 7
107 3 11 106
107 3 11 111
107 3 11 22
107 3 11 6
107 3 11 105
107 3 11 108
107 3 11 64
107 3 11 8
107 3 11 69
107 3 11 123
107 3 11 127
107 3 12 7
107 3 12 69
107 3 12 108
107 3 12 121
107 3 12 3
107 3 12 97
107 3 12 113
107 3 12 64
107 3 12 1
107 3 12 65
107 3 12 113
107 3 12 43
107 3 12 6
107 3 12 87
107 3 12 127
107 3 12 27
107 3 12 1
107 3 12 105
107 3 12 109
107 3 12 114
107 3 13 4
107 3 13 87
107 3 13 108
107 3 13 34
107 3 13 1
107 3 13 97
107 3 13 120
107 3 13 46
107 3 13 3
107 3 13 90
107 3 13 116
107 3 13 40
107 3 13 7
107 3 13 79
107 3 13 116
107 3 13 42
107 3 13 10
107 3 13 64
107 3 13 110
107 3 13 124
107 3 14 6
107 3 14 82
107 3 14 116
107 3 14 8
107 3 14 10
107 3 14 68
107 3 14 121
107 3 14 13
107 3 14 6
107 3 14 81
107 3 14 111
107 3 14 128
107 3 14 1
107 3 14 61
107 3 14 115
107 3 14 11
107 3 14 1
107 3 14 83
107 3 14 123
107 3 14 10
107 4 1 9
107 4 1 84
107 4 1 107
107 4 1 19
107 4 1 8
107 4 1 74
107 4 1 126
107 4 1 19
107 4 1 6
107 4 1 79
107 4 1 126
107 4 1 53
107 4 1 1
107 4 1 66
107 4 1 125
107 4 1 20
107 4 1 6
107 4 1 59
107 4 1 120
107 4 1 33
107 4 2 10
107 4 2 88
107 4 2 117
107 4 2 91
107 4 2 2
107 4 2 87
107 4 2 110
107 4 2 2
107 4 2 8
107 4 2 96
107 4 2 108
107 4 2 104
107 4 2 5
107 4 2 96
107 4 2 125
107 4 2 108
107 4 2 6
107 4 2 76
107 4 2 110
107 4 2 8
107 4 3 5
107 4 3 71
107 4 3 111
107 4 3 127
107 4 3 7
107 4 3 102
107 4 3 117
107 4 3 105
107 4 3 5
107 4 3 59
107 4 3 118
107 4 3 3
107 4 3 3
107 4 3 83
107 4 3 120
107 4 3 79
107 4 3 6
107 4 3 93
107 4 3 128
107 4 3 39
107 4 4 8
107 4 4 69
107 4 4 117
107 4 4 77
107 4 4 7
107 4 4 83
107 4 4 113
107 4 4 33
107 4 4 7
107 4 4 56
107 4 4 111
107 4 4 91
107 4 4 6
107 4 4 60
107 4 4 127
107 4 4 35
107 4 4 6
107 4 4 74
107 4 4 118
107 4 4 14
107 4 5 3
107 4 5 73
107 4 5 117
107 4 5 85
107 4 5 3
107 4 5 66
107 4 5 123
107 4 5 91
107 4 5 8
107 4 5 84
107 4 5 111
107 4 5 38
107 4 5 4
107 4 5 82
107 4 5 113
107 4 5 30
107 4 5 7
107 4 5 85
107 4 5 112
107 4 5 7
107 4 6 9
107 4 6 75
107 4 6 114
107 4 6 5
107 4 6 9
107 4 6 93
107 4 6 109
107 4 6 34
107 4 6 10
107 4 6 88
107 4 6 127
107 4 6 104
107 4 6 10
107 4 6 56
107 4 6 107
107 4 6 72
107 4 6 9
107 4 6 68
107 4 6 128
107 4 6 125
107 4 7 5
107 4 7 63
107 4 7 111
107 4 7 37
107 4 7 3
107 4 7 78
107 4 7 114
107 4 7 10
107 4 7 6
107 4 7 82
107 4 7 109
107 4 7 65
107 4 7 1
107 4 7 54
107 4 7 112
107 4 7 90
107 4 7 9
107 4 7 53
107 4 7 117
107 4 7 110
107 4 8 6
107 4 8 74
107 4 8 119
107 4 8 22
107 4 8 2
107 4 8 79
107 4 8 115
107 4 8 88
107 4 8 6
107 4 8 56
107 4 8 120
107 4 8 121
107 4 8 2
107 4 8 86
107 4 8 124
107 4 8 76
107 4 8 10
107 4 8 62
107 4 8 126
107 4 8 128
107 4 9 5
107 4 9 58
107 4 9 128
107 4 9 8
107 4 9 1
107 4 9 69
107 4 9 109
107 4 9 3
107 4 9 3
107 4 9 107
107 4 9 125
107 4 9 79
107 4 9 9
107 4 9 82
107 4 9 112
107 4 9 61
107 4 9 3
107 4 9 79
107 4 9 123
107 4 9 21
107 4 10 3
107 4 10 59
107 4 10 110
107 4 10 82
107 4 10 6
107 4 10 71
107 4 10 127
107 4 10 98
107 4 10 9
107 4 10 96
107 4 10 108
107 4 10 87
107 4 10 7
107 4 10 86
107 4 10 111
107 4 10 122
107 4 10 1
107 4 10 67
107 4 10 117
107 4 10 48
107 4 11 2
107 4 11 93
107 4 11 126
107 4 11 17
107 4 11 6
107 4 11 98
107 4 11 108
107 4 11 64
107 4 11 2
107 4 11 103
107 4 11 113
107 4 11 116
107 4 11 5
107 4 11 57
107 4 11 115
107 4 11 18
107 4 11 1
107 4 11 102
107 4 11 120
107 4 11 8
107 4 12 9
107 4 12 106
107 4 12 116
107 4 12 93
107 4 12 6
107 4 12 74
107 4 12 126
107 4 12 89
107 4 12 1
107 4 12 65
107 4 12 123
107 4 12 73
107 4 12 6
107 4 12 61
107 4 12 127
107 4 12 96
107 4 12 5
107 4 12 103
107 4 12 108
107 4 12 117
107 4 13 4
107 4 13 107
107 4 13 123
107 4 13 82
107 4 13 1
107 4 13 98
107 4 13 110
107 4 13 105
107 4 13 8
107 4 13 85
107 4 13 108
107 4 13 88
107 4 13 10
107 4 13 58
107 4 13 111
107 4 13 90
107 4 13 5
107 4 13 107
107 4 13 122
107 4 13 24
107 4 14 6
107 4 14 95
107 4 14 119
107 4 14 18
107 4 14 8
107 4 14 93
107 4 14 112
107 4 14 36
107 4 14 3
107 4 14 67
107 4 14 112
107 4 14 58
107 4 14 4
107 4 14 94
107 4 14 112
107 4 14 9
107 4 14 1
107 4 14 60
107 4 14 125
107 4 14 117
107 5 1 3
107 5 1 76
107 5 1 121
107 5 1 108
107 5 1 7
107 5 1 59
107 5 1 127
107 5 1 128
107 5 1 4
107 5 1 66
107 5 1 112
107 5 1 96
107 5 1 9
107 5 1 93
107 5 1 121
107 5 1 122
107 5 1 2
107 5 1 83
107 5 1 127
107 5 1 89
107 5 2 7
107 5 2 101
107 5 2 114
107 5 2 21
107 5 2 7
107 5 2 63
107 5 2 108
107 5 2 29
107 5 2 6
107 5 2 105
107 5 2 123
107 5 2 93
107 5 2 8
107 5 2 72
107 5 2 109
107 5 2 57
107 5 2 5
107 5 2 75
107 5 2 122
107 5 2 29
107 5 3 2
107 5 3 106
107 5 3 120
107 5 3 95
107 5 3 10
107 5 3 100
107 5 3 124
107 5 3 28
107 5 3 5
107 5 3 63
107 5 3 127
107 5 3 103
107 5 3 3
107 5 3 63
107 5 3 110
107 5 3 60
107 5 3 7
107 5 3 106
107 5 3 113
107 5 3 105
107 5 4 3
107 5 4 75
107 5 4 111
107 5 4 32
107 5 4 10
107 5 4 70
107 5 4 114
107 5 4 3
107 5 4 8
107 5 4 65
107 5 4 115
107 5 4 112
107 5 4 1
107 5 4 64
107 5 4 121
107 5 4 63
107 5 4 3
107 5 4 71
107 5 4 122
107 5 4 62
107 5 5 2
107 5 5 64
107 5 5 124
107 5 5 1
107 5 5 8
107 5 5 89
107 5 5 118
107 5 5 43
107 5 5 5
107 5 5 102
107 5 5 115
107 5 5 75
107 5 5 4
107 5 5 107
107 5 5 126
107 5 5 69
107 5 5 1
107 5 5 73
107 5 5 111
107 5 5 89
107 5 6 5
107 5 6 106
107 5 6 125
107 5 6 85
107 5 6 2
107 5 6 97
107 5 6 116
107 5 6 3
107 5 6 2
107 5 6 105
107 5 6 122
107 5 6 58
107 5 6 10
107 5 6 107
107 5 6 115
107 5 6 51
107 5 6 3
107 5 6 54
107 5 6 116
107 5 6 120
107 5 7 1
107 5 7 94
107 5 7 121
107 5 7 99
107 5 7 3
107 5 7 91
107 5 7 117
107 5 7 113
107 5 7 3
107 5 7 103
107 5 7 118
107 5 7 49
107 5 7 3
107 5 7 70
107 5 7 121
107 5 7 74
107 5 7 4
107 5 7 96
107 5 7 114
107 5 7 73
107 5 8 3
107 5 8 56
107 5 8 119
107 5 8 123
107 5 8 9
107 5 8 78
107 5 8 121
107 5 8 99
107 5 8 5
107 5 8 75
107 5 8 107
107 5 8 38
107 5 8 3
107 5 8 66
107 5 8 109
107 5 8 117
107 5 8 1
107 5 8 104
107 5 8 122
107 5 8 70
107 5 9 9
107 5 9 67
107 5 9 120
107 5 9 112
107 5 9 9
107 5 9 92
107 5 9 107
107 5 9 126
107 5 9 10
107 5 9 61
107 5 9 107
107 5 9 81
107 5 9 9
107 5 9 105
107 5 9 111
107 5 9 26
107 5 9 9
107 5 9 104
107 5 9 115
107 5 9 44
107 5 10 8
107 5 10 91
107 5 10 120
107 5 10 6
107 5 10 3
107 5 10 99
107 5 10 111
107 5 10 33
107 5 10 2
107 5 10 88
107 5 10 117
107 5 10 95
107 5 10 1
107 5 10 92
107 5 10 121
107 5 10 85
107 5 10 1
107 5 10 97
107 5 10 122
107 5 10 25
107 5 11 8
107 5 11 55
107 5 11 109
107 5 11 71
107 5 11 9
107 5 11 104
107 5 11 109
107 5 11 114
107 5 11 7
107 5 11 75
107 5 11 116
107 5 11 43
107 5 11 9
107 5 11 82
107 5 11 118
107 5 11 31
107 5 11 9
107 5 11 74
107 5 11 107
107 5 11 126
107 5 12 9
107 5 12 92
107 5 12 126
107 5 12 9
107 5 12 2
107 5 12 56
107 5 12 112
107 5 12 98
107 5 12 6
107 5 12 89
107 5 12 120
107 5 12 37
107 5 12 8
107 5 12 59
107 5 12 109
107 5 12 74
107 5 12 8
107 5 12 86
107 5 12 122
107 5 12 29
107 5 13 2
107 5 13 102
107 5 13 108
107 5 13 120
107 5 13 3
107 5 13 66
107 5 13 120
107 5 13 92
107 5 13 4
107 5 13 88
107 5 13 109
107 5 13 48
107 5 13 6
107 5 13 69
107 5 13 108
107 5 13 82
107 5 13 7
107 5 13 106
107 5 13 114
107 5 13 86
107 5 14 5
107 5 14 61
107 5 14 115
107 5 14 124
107 5 14 8
107 5 14 59
107 5 14 117
107 5 14 3
107 5 14 3
107 5 14 77
107 5 14 118
107 5 14 12
107 5 14 9
107 5 14 77
107 5 14 109
107 5 14 115
107 5 14 9
107 5 14 70
107 5 14 115
107 5 14 33
107 6 1 10
107 6 1 71
107 6 1 116
107 6 1 8
107 6 1 3
107 6 1 99
107 6 1 116
107 6 1 7
107 6 1 10
107 6 1 104
107 6 1 127
107 6 1 27
107 6 1 1
107 6 1 98
107 6 1 112
107 6 1 12
107 6 1 10
107 6 1 91
107 6 1 108
107 6 1 76
107 6 2 7
107 6 2 66
107 6 2 116
107 6 2 48
107 6 2 4
107 6 2 103
107 6 2 118
107 6 2 78
107 6 2 1
107 6 2 87
107 6 2 117
107 6 2 111
107 6 2 10
107 6 2 62
107 6 2 118
107 6 2 74
107 6 2 9
107 6 2 58
107 6 2 128
107 6 2 95
107 6 3 3
107 6 3 56
107 6 3 120
107 6 3 72
107 6 3 2
107 6 3 92
107 6 3 124
107 6 3 86
107 6 3 2
107 6 3 104
107 6 3 119
107 6 3 107
107 6 3 9
107 6 3 84
107 6 3 112
107 6 3 84
107 6 3 9
107 6 3 74
107 6 3 124
107 6 3 90
107 6 4 7
107 6 4 97
107 6 4 119
107 6 4 56
107 6 4 1
107 6 4 55
107 6 4 114
107 6 4 20
107 6 4 1
107 6 4 101
107 6 4 127
107 6 4 3
107 6 4 10
107 6 4 61
107 6 4 120
107 6 4 28
107 6 4 1
107 6 4 94
107 6 4 115
107 6 4 73
107 6 5 3
107 6 5 65
107 6 5 111
107 6 5 18
107 6 5 4
107 6 5 55
107 6 5 114
107 6 5 58
107 6 5 7
107 6 5 105
107 6 5 127
107 6 5 19
107 6 5 8
107 6 5 77
107 6 5 128
107 6 5 15
107 6 5 10
107 6 5 67
107 6 5 109
107 6 5 40
107 6 6 2
107 6 6 69
107 6 6 115
107 6 6 64
107 6 6 4
107 6 6 53
107 6 6 109
107 6 6 93
107 6 6 6
107 6 6 65
107 6 6 122
107 6 6 40
107 6 6 8
107 6 6 72
107 6 6 123
107 6 6 116
107 6 6 7
107 6 6 107
107 6 6 117
107 6 6 88
107 6 7 6
107 6 7 73
107 6 7 107
107 6 7 51
107 6 7 1
107 6 7 63
107 6 7 121
107 6 7 96
107 6 7 10
107 6 7 80
107 6 7 109
107 6 7 2
107 6 7 2
107 6 7 61
107 6 7 119
107 6 7 4
107 6 7 10
107 6 7 86
107 6 7 126
107 6 7 14
107 6 8 4
107 6 8 55
107 6 8 111
107 6 8 50
107 6 8 10
107 6 8 91
107 6 8 112
107 6 8 113
107 6 8 8
107 6 8 55
107 6 8 127
107 6 8 92
107 6 8 6
107 6 8 88
107 6 8 111
107 6 8 40
107 6 8 6
107 6 8 62
107 6 8 119
107 6 8 110
107 6 9 1
107 6 9 58
107 6 9 115
107 6 9 55
107 6 9 10
107 6 9 53
107 6 9 116
107 6 9 92
107 6 9 3
107 6 9 90
107 6 9 111
107 6 9 63
107 6 9 3
107 6 9 62
107 6 9 110
107 6 9 93
107 6 9 2
107 6 9 84
107 6 9 125
107 6 9 128
107 6 10 4
107 6 10 105
107 6 10 112
107 6 10 2
107 6 10 7
107 6 10 54
107 6 10 112
107 6 10 8
107 6 10 6
107 6 10 92
107 6 10 110
107 6 10 78
107 6 10 9
107 6 10 57
107 6 10 116
107 6 10 46
107 6 10 2
107 6 10 58
107 6 10 114
107 6 10 22
107 6 11 4
107 6 11 91
107 6 11 115
107 6 11 62
107 6 11 4
107 6 11 61
107 6 11 113
107 6 11 78
107 6 11 6
107 6 11 103
107 6 11 116
107 6 11 3
107 6 11 5
107 6 11 69
107 6 11 116
107 6 11 46
107 6 11 9
107 6 11 73
107 6 11 127
107 6 11 119
107 6 12 7
107 6 12 103
107 6 12 113
107 6 12 109
107 6 12 4
107 6 12 75
107 6 12 122
107 6 12 61
107 6 12 1
107 6 12 71
107 6 12 107
107 6 12 91
107 6 12 9
107 6 12 83
107 6 12 125
107 6 12 28
107 6 12 1
107 6 12 86
107 6 12 117
107 6 12 86
107 6 13 2
107 6 13 89
107 6 13 120
107 6 13 70
107 6 13 8
107 6 13 64
107 6 13 118
107 6 13 58
107 6 13 8
107 6 13 92
107 6 13 110
107 6 13 90
107 6 13 8
107 6 13 92
107 6 13 110
107 6 13 77
107 6 13 2
107 6 13 89
107 6 13 120
107 6 13 109
107 6 14 10
107 6 14 87
107 6 14 108
107 6 14 40
107 6 14 7
107 6 14 60
107 6 14 127
107 6 14 53
107 6 14 1
107 6 14 106
107 6 14 113
107 6 14 80
107 6 14 4
107 6 14 59
107 6 14 124
107 6 14 121
107 6 14 9
107 6 14 60
107 6 14 111
107 6 14 105
107 7 1 4
107 7 1 72
107 7 1 121
107 7 1 59
107 7 1 2
107 7 1 86
107 7 1 124
107 7 1 109
107 7 1 9
107 7 1 61
107 7 1 111
107 7 1 6
107 7 1 3
107 7 1 70
107 7 1 108
107 7 1 119
107 7 1 10
107 7 1 57
107 7 1 114
107 7 1 7
107 7 2 2
107 7 2 86
107 7 2 125
107 7 2 72
107 7 2 2
107 7 2 71
107 7 2 111
107 7 2 31
107 7 2 7
107 7 2 64
107 7 2 124
107 7 2 118
107 7 2 7
107 7 2 100
107 7 2 111
107 7 2 117
107 7 2 7
107 7 2 63
107 7 2 112
107 7 2 115
107 7 3 10
107 7 3 68
107 7 3 125
107 7 3 86
107 7 3 7
107 7 3 104
107 7 3 110
107 7 3 8
107 7 3 7
107 7 3 75
107 7 3 125
107 7 3 18
107 7 3 9
107 7 3 57
107 7 3 109
107 7 3 87
107 7 3 4
107 7 3 104
107 7 3 128
107 7 3 93
107 7 4 7
107 7 4 87
107 7 4 118
107 7 4 33
107 7 4 5
107 7 4 97
107 7 4 113
107 7 4 36
107 7 4 2
107 7 4 76
107 7 4 108
107 7 4 84
107 7 4 6
107 7 4 80
107 7 4 114
107 7 4 47
107 7 4 5
107 7 4 66
107 7 4 107
107 7 4 21
107 7 5 2
107 7 5 100
107 7 5 111
107 7 5 78
107 7 5 4
107 7 5 57
107 7 5 123
107 7 5 121
107 7 5 3
107 7 5 94
107 7 5 121
107 7 5 92
107 7 5 10
107 7 5 55
107 7 5 119
107 7 5 68
107 7 5 5
107 7 5 101
107 7 5 123
107 7 5 126
107 7 6 9
107 7 6 88
107 7 6 128
107 7 6 82
107 7 6 6
107 7 6 55
107 7 6 109
107 7 6 52
107 7 6 7
107 7 6 96
107 7 6 109
107 7 6 12
107 7 6 5
107 7 6 54
107 7 6 114
107 7 6 25
107 7 6 5
107 7 6 63
107 7 6 126
107 7 6 111
107 7 7 2
107 7 7 88
107 7 7 124
107 7 7 11
107 7 7 3
107 7 7 54
107 7 7 116
107 7 7 113
107 7 7 9
107 7 7 75
107 7 7 110
107 7 7 20
107 7 7 1
107 7 7 71
107 7 7 122
107 7 7 121
107 7 7 6
107 7 7 74
107 7 7 114
107 7 7 66
107 7 8 4
107 7 8 104
107 7 8 125
107 7 8 64
107 7 8 1
107 7 8 104
107 7 8 120
107 7 8 36
107 7 8 9
107 7 8 100
107 7 8 124
107 7 8 96
107 7 8 4
107 7 8 61
107 7 8 123
107 7 8 124
107 7 8 5
107 7 8 60
107 7 8 124
107 7 8 68
107 7 9 1
107 7 9 98
107 7 9 125
107 7 9 115
107 7 9 3
107 7 9 94
107 7 9 111
107 7 9 62
107 7 9 8
107 7 9 58
107 7 9 115
107 7 9 26
107 7 9 4
107 7 9 55
107 7 9 124
107 7 9 26
107 7 9 4
107 7 9 87
107 7 9 109
107 7 9 54
107 7 10 8
107 7 10 105
107 7 10 123
107 7 10 47
107 7 10 4
107 7 10 85
107 7 10 110
107 7 10 107
107 7 10 6
107 7 10 58
107 7 10 116
107 7 10 68
107 7 10 10
107 7 10 89
107 7 10 116
107 7 10 92
107 7 10 3
107 7 10 92
107 7 10 128
107 7 10 85
107 7 11 2
107 7 11 104
107 7 11 119
107 7 11 17
107 7 11 6
107 7 11 106
107 7 11 114
107 7 11 71
107 7 11 9
107 7 11 84
107 7 11 108
107 7 11 95
107 7 11 1
107 7 11 98
107 7 11 109
107 7 11 21
107 7 11 8
107 7 11 55
107 7 11 113
107 7 11 38
107 7 12 3
107 7 12 85
107 7 12 119
107 7 12 54
107 7 12 10
107 7 12 58
107 7 12 111
107 7 12 96
107 7 12 4
107 7 12 55
107 7 12 108
107 7 12 6
107 7 12 8
107 7 12 62
107 7 12 109
107 7 12 116
107 7 12 8
107 7 12 54
107 7 12 109
107 7 12 4
107 7 13 9
107 7 13 63
107 7 13 117
107 7 13 41
107 7 13 3
107 7 13 53
107 7 13 116
107 7 13 38
107 7 13 6
107 7 13 83
107 7 13 112
107 7 13 54
107 7 13 10
107 7 13 96
107 7 13 116
107 7 13 51
107 7 13 10
107 7 13 78
107 7 13 121
107 7 13 58
107 7 14 5
107 7 14 56
107 7 14 112
107 7 14 25
107 7 14 1
107 7 14 73
107 7 14 118
107 7 14 102
107 7 14 9
107 7 14 89
107 7 14 109
107 7 14 93
107 7 14 5
107 7 14 61
107 7 14 113
107 7 14 18
107 7 14 9
107 7 14 84
107 7 14 110
107 7 14 116
107 8 1 3
107 8 1 87
107 8 1 109
107 8 1 111
107 8 1 10
107 8 1 81
107 8 1 120
107 8 1 106
107 8 1 7
107 8 1 86
107 8 1 113
107 8 1 120
107 8 1 7
107 8 1 79
107 8 1 121
107 8 1 28
107 8 1 4
107 8 1 101
107 8 1 111
107 8 1 67
107 8 2 10
107 8 2 104
107 8 2 117
107 8 2 91
107 8 2 7
107 8 2 57
107 8 2 128
107 8 2 36
107 8 2 4
107 8 2 103
107 8 2 119
107 8 2 30
107 8 2 2
107 8 2 83
107 8 2 115
107 8 2 19
107 8 2 5
107 8 2 94
107 8 2 110
107 8 2 9
107 8 3 3
107 8 3 64
107 8 3 114
107 8 3 29
107 8 3 8
107 8 3 63
107 8 3 124
107 8 3 104
107 8 3 2
107 8 3 53
107 8 3 110
107 8 3 29
107 8 3 8
107 8 3 69
107 8 3 112
107 8 3 86
107 8 3 9
107 8 3 105
107 8 3 113
107 8 3 128
107 8 4 10
107 8 4 82
107 8 4 122
107 8 4 78
107 8 4 4
107 8 4 78
107 8 4 113
107 8 4 1
107 8 4 7
107 8 4 57
107 8 4 114
107 8 4 101
107 8 4 6
107 8 4 67
107 8 4 110
107 8 4 67
107 8 4 5
107 8 4 73
107 8 4 113
107 8 4 64
107 8 5 2
107 8 5 106
107 8 5 123
107 8 5 41
107 8 5 8
107 8 5 97
107 8 5 109
107 8 5 126
107 8 5 9
107 8 5 95
107 8 5 121
107 8 5 36
107 8 5 7
107 8 5 69
107 8 5 116
107 8 5 79
107 8 5 4
107 8 5 104
107 8 5 111
107 8 5 93
107 8 6 8
107 8 6 85
107 8 6 127
107 8 6 6
107 8 6 5
107 8 6 78
107 8 6 111
107 8 6 89
107 8 6 1
107 8 6 86
107 8 6 117
107 8 6 10
107 8 6 6
107 8 6 80
107 8 6 108
107 8 6 48
107 8 6 6
107 8 6 97
107 8 6 110
107 8 6 88
107 8 7 9
107 8 7 107
107 8 7 114
107 8 7 32
107 8 7 4
107 8 7 60
107 8 7 126
107 8 7 122
107 8 7 9
107 8 7 67
107 8 7 120
107 8 7 48
107 8 7 2
107 8 7 96
107 8 7 113
107 8 7 96
107 8 7 9
107 8 7 82
107 8 7 124
107 8 7 19
107 8 8 8
107 8 8 89
107 8 8 122
107 8 8 45
107 8 8 7
107 8 8 99
107 8 8 124
107 8 8 59
107 8 8 1
107 8 8 56
107 8 8 126
107 8 8 12
107 8 8 4
107 8 8 105
107 8 8 122
107 8 8 124
107 8 8 1
107 8 8 105
107 8 8 123
107 8 8 50
107 8 9 2
107 8 9 81
107 8 9 111
107 8 9 34
107 8 9 1
107 8 9 57
107 8 9 114
107 8 9 35
107 8 9 2
107 8 9 53
107 8 9 107
107 8 9 20
107 8 9 10
107 8 9 58
107 8 9 125
107 8 9 71
107 8 9 8
107 8 9 58
107 8 9 107
107 8 9 96
107 8 10 4
107 8 10 79
107 8 10 121
107 8 10 73
107 8 10 10
107 8 10 98
107 8 10 109
107 8 10 103
107 8 10 10
107 8 10 90
107 8 10 111
107 8 10 103
107 8 10 6
107 8 10 58
107 8 10 113
107 8 10 33
107 8 10 5
107 8 10 102
107 8 10 126
107 8 10 88
107 8 11 7
107 8 11 87
107 8 11 109
107 8 11 66
107 8 11 4
107 8 11 69
107 8 11 128
107 8 11 103
107 8 11 7
107 8 11 82
107 8 11 126
107 8 11 102
107 8 11 7
107 8 11 96
107 8 11 122
107 8 11 125
107 8 11 1
107 8 11 96
107 8 11 124
107 8 11 3
107 8 12 7
107 8 12 101
107 8 12 119
107 8 12 87
107 8 12 7
107 8 12 68
107 8 12 111
107 8 12 124
107 8 12 6
107 8 12 93
107 8 12 126
107 8 12 26
107 8 12 10
107 8 12 73
107 8 12 121
107 8 12 117
107 8 12 6
107 8 12 59
107 8 12 114
107 8 12 63
107 8 13 4
107 8 13 107
107 8 13 119
107 8 13 63
107 8 13 6
107 8 13 69
107 8 13 120
107 8 13 10
107 8 13 1
107 8 13 56
107 8 13 107
107 8 13 90
107 8 13 8
107 8 13 95
107 8 13 125
107 8 13 126
107 8 13 6
107 8 13 72
107 8 13 120
107 8 13 80
107 8 14 2
107 8 14 66
107 8 14 118
107 8 14 115
107 8 14 4
107 8 14 101
107 8 14 125
107 8 14 125
107 8 14 7
107 8 14 69
107 8 14 112
107 8 14 63
107 8 14 3
107 8 14 86
107 8 14 124
107 8 14 46
107 8 14 6
107 8 14 106
107 8 14 115
107 8 14 69
107 9 1 7
107 9 1 102
107 9 1 117
107 9 1 112
107 9 1 8
107 9 1 87
107 9 1 127
107 9 1 36
107 9 1 9
107 9 1 69
107 9 1 107
107 9 1 41
107 9 1 4
107 9 1 99
107 9 1 111
107 9 1 47
107 9 1 10
107 9 1 94
107 9 1 119
107 9 1 32
107 9 2 9
107 9 2 79
107 9 2 118
107 9 2 27
107 9 2 10
107 9 2 73
107 9 2 112
107 9 2 116
107 9 2 3
107 9 2 70
107 9 2 125
107 9 2 10
107 9 2 10
107 9 2 63
107 9 2 117
107 9 2 32
107 9 2 6
107 9 2 89
107 9 2 114
107 9 2 79
107 9 3 9
107 9 3 85
107 9 3 113
107 9 3 16
107 9 3 2
107 9 3 64
107 9 3 110
107 9 3 76
107 9 3 3
107 9 3 95
107 9 3 122
107 9 3 111
107 9 3 1
107 9 3 67
107 9 3 117
107 9 3 67
107 9 3 10
107 9 3 99
107 9 3 124
107 9 3 56
107 9 4 10
107 9 4 56
107 9 4 119
107 9 4 88
107 9 4 4
107 9 4 92
107 9 4 110
107 9 4 95
107 9 4 2
107 9 4 105
107 9 4 114
107 9 4 57
107 9 4 7
107 9 4 95
107 9 4 125
107 9 4 13
107 9 4 6
107 9 4 96
107 9 4 127
107 9 4 71
107 9 5 7
107 9 5 58
107 9 5 115
107 9 5 21
107 9 5 4
107 9 5 74
107 9 5 122
107 9 5 62
107 9 5 9
107 9 5 93
107 9 5 126
107 9 5 30
107 9 5 6
107 9 5 96
107 9 5 108
107 9 5 53
107 9 5 1
107 9 5 104
107 9 5 121
107 9 5 54
107 9 6 2
107 9 6 107
107 9 6 115
107 9 6 87
107 9 6 10
107 9 6 76
107 9 6 116
107 9 6 88
107 9 6 8
107 9 6 100
107 9 6 117
107 9 6 19
107 9 6 9
107 9 6 82
107 9 6 127
107 9 6 60
107 9 6 9
107 9 6 93
107 9 6 109
107 9 6 60
107 9 7 8
107 9 7 79
107 9 7 110
107 9 7 123
107 9 7 2
107 9 7 105
107 9 7 128
107 9 7 25
107 9 7 9
107 9 7 67
107 9 7 119
107 9 7 119
107 9 7 10
107 9 7 107
107 9 7 123
107 9 7 12
107 9 7 4
107 9 7 77
107 9 7 116
107 9 7 83
107 9 8 3
107 9 8 56
107 9 8 124
107 9 8 79
107 9 8 10
107 9 8 71
107 9 8 110
107 9 8 77
107 9 8 6
107 9 8 95
107 9 8 113
107 9 8 1
107 9 8 2
107 9 8 53
107 9 8 127
107 9 8 105
107 9 8 6
107 9 8 79
107 9 8 107
107 9 8 86
107 9 9 7
107 9 9 53
107 9 9 128
107 9 9 98
107 9 9 10
107 9 9 74
107 9 9 109
107 9 9 23
107 9 9 9
107 9 9 80
107 9 9 107
107 9 9 109
107 9 9 1
107 9 9 107
107 9 9 119
107 9 9 31
107 9 9 5
107 9 9 76
107 9 9 110
107 9 9 73
107 9 10 4
107 9 10 100
107 9 10 121
107 9 10 99
107 9 10 2
107 9 10 85
107 9 10 118
107 9 10 85
107 9 10 8
107 9 10 96
107 9 10 113
107 9 10 109
107 9 10 8
107 9 10 87
107 9 10 120
107 9 10 98
107 9 10 3
107 9 10 68
107 9 10 119
107 9 10 88
107 9 11 10
107 9 11 55
107 9 11 127
107 9 11 4
107 9 11 2
107 9 11 97
107 9 11 107
107 9 11 95
107 9 11 3
107 9 11 78
107 9 11 119
107 9 11 50
107 9 11 1
107 9 11 82
107 9 11 108
107 9 11 70
107 9 11 7
107 9 11 55
107 9 11 120
107 9 11 109
107 9 12 8
107 9 12 58
107 9 12 113
107 9 12 113
107 9 12 7
107 9 12 79
107 9 12 124
107 9 12 93
107 9 12 3
107 9 12 58
107 9 12 123
107 9 12 77
107 9 12 10
107 9 12 77
107 9 12 124
107 9 12 3
107 9 12 10
107 9 12 101
107 9 12 112
107 9 12 91
107 9 13 3
107 9 13 89
107 9 13 125
107 9 13 83
107 9 13 10
107 9 13 94
107 9 13 111
107 9 13 15
107 9 13 9
107 9 13 58
107 9 13 109
107 9 13 90
107 9 13 1
107 9 13 57
107 9 13 114
107 9 13 108
107 9 13 6
107 9 13 81
107 9 13 115
107 9 13 102
107 9 14 8
107 9 14 86
107 9 14 113
107 9 14 39
107 9 14 3
107 9 14 56
107 9 14 124
107 9 14 79
107 9 14 7
107 9 14 81
107 9 14 108
107 9 14 89
107 9 14 10
107 9 14 56
107 9 14 126
107 9 14 70
107 9 14 6
107 9 14 104
107 9 14 118
107 9 14 24
107 10 1 4
107 10 1 81
107 10 1 109
107 10 1 42
107 10 1 4
107 10 1 72
107 10 1 107
107 10 1 88
107 10 1 1
107 10 1 96
107 10 1 108
107 10 1 27
107 10 1 5
107 10 1 81
107 10 1 120
107 10 1 121
107 10 1 7
107 10 1 64
107 10 1 124
107 10 1 39
107 10 2 8
107 10 2 74
107 10 2 117
107 10 2 17
107 10 2 7
107 10 2 83
107 10 2 118
107 10 2 1
107 10 2 6
107 10 2 92
107 10 2 112
107 10 2 120
107 10 2 5
107 10 2 66
107 10 2 126
107 10 2 95
107 10 2 6
107 10 2 103
107 10 2 107
107 10 2 43
107 10 3 2
107 10 3 73
107 10 3 122
107 10 3 5
107 10 3 7
107 10 3 65
107 10 3 118
107 10 3 74
107 10 3 10
107 10 3 72
107 10 3 122
107 10 3 31
107 10 3 3
107 10 3 84
107 10 3 108
107 10 3 16
107 10 3 7
107 10 3 101
107 10 3 109
107 10 3 33
107 10 4 5
107 10 4 101
107 10 4 118
107 10 4 128
107 10 4 4
107 10 4 99
107 10 4 119
107 10 4 62
107 10 4 6
107 10 4 81
107 10 4 109
107 10 4 48
107 10 4 10
107 10 4 97
107 10 4 115
107 10 4 45
107 10 4 9
107 10 4 88
107 10 4 127
107 10 4 51
107 10 5 7
107 10 5 92
107 10 5 122
107 10 5 11
107 10 5 10
107 10 5 70
107 10 5 120
107 10 5 21
107 10 5 4
107 10 5 60
107 10 5 124
107 10 5 115
107 10 5 7
107 10 5 101
107 10 5 121
107 10 5 111
107 10 5 5
107 10 5 107
107 10 5 118
107 10 5 45
107 10 6 4
107 10 6 106
107 10 6 126
107 10 6 47
107 10 6 6
107 10 6 90
107 10 6 123
107 10 6 23
107 10 6 2
107 10 6 94
107 10 6 118
107 10 6 48
107 10 6 8
107 10 6 78
107 10 6 111
107 10 6 87
107 10 6 5
107 10 6 60
107 10 6 125
107 10 6 102
107 10 7 6
107 10 7 59
107 10 7 127
107 10 7 4
107 10 7 9
107 10 7 69
107 10 7 120
107 10 7 112
107 10 7 6
107 10 7 91
107 10 7 121
107 10 7 113
107 10 7 2
107 10 7 93
107 10 7 109
107 10 7 48
107 10 7 9
107 10 7 74
107 10 7 113
107 10 7 24
107 10 8 2
107 10 8 53
107 10 8 126
107 10 8 23
107 10 8 9
107 10 8 84
107 10 8 125
107 10 8 16
107 10 8 4
107 10 8 83
107 10 8 115
107 10 8 8
107 10 8 4
107 10 8 54
107 10 8 110
107 10 8 64
107 10 8 4
107 10 8 78
107 10 8 124
107 10 8 75
107 10 9 5
107 10 9 103
107 10 9 109
107 10 9 55
107 10 9 9
107 10 9 98
107 10 9 109
107 10 9 26
107 10 9 5
107 10 9 107
107 10 9 108
107 10 9 45
107 10 9 2
107 10 9 93
107 10 9 115
107 10 9 34
107 10 9 9
107 10 9 78
107 10 9 126
107 10 9 96
107 10 10 2
107 10 10 96
107 10 10 122
107 10 10 81
107 10 10 4
107 10 10 93
107 10 10 113
107 10 10 22
107 10 10 2
107 10 10 103
107 10 10 123
107 10 10 116
107 10 10 6
107 10 10 54
107 10 10 114
107 10 10 2
107 10 10 8
107 10 10 74
107 10 10 110
107 10 10 27
107 10 11 6
107 10 11 79
107 10 11 112
107 10 11 111
107 10 11 5
107 10 11 75
107 10 11 118
107 10 11 117
107 10 11 8
107 10 11 62
107 10 11 115
107 10 11 18
107 10 11 8
107 10 11 69
107 10 11 110
107 10 11 70
107 10 11 7
107 10 11 84
107 10 11 126
107 10 11 25
107 10 12 6
107 10 12 106
107 10 12 112
107 10 12 85
107 10 12 1
107 10 12 91
107 10 12 119
107 10 12 58
107 10 12 1
107 10 12 56
107 10 12 112
107 10 12 22
107 10 12 9
107 10 12 94
107 10 12 109
107 10 12 68
107 10 12 5
107 10 12 86
107 10 12 117
107 10 12 68
107 10 13 3
107 10 13 76
107 10 13 117
107 10 13 59
107 10 13 7
107 10 13 73
107 10 13 109
107 10 13 94
107 10 13 9
107 10 13 104
107 10 13 120
107 10 13 47
107 10 13 8
107 10 13 76
107 10 13 111
107 10 13 71
107 10 13 10
107 10 13 101
107 10 13 107
107 10 13 48
107 10 14 5
107 10 14 84
107 10 14 113
107 10 14 61
107 10 14 2
107 10 14 98
107 10 14 113
107 10 14 107
107 10 14 1
107 10 14 106
107 10 14 120
107 10 14 49
107 10 14 3
107 10 14 89
107 10 14 127
107 10 14 48
107 10 14 2
107 10 14 98
107 10 14 126
107 10 14 53
107 11 1 1
107 11 1 75
107 11 1 123
107 11 1 29
107 11 1 10
107 11 1 105
107 11 1 123
107 11 1 23
107 11 1 4
107 11 1 92
107 11 1 111
107 11 1 61
107 11 1 9
107 11 1 68
107 11 1 118
107 11 1 128
107 11 1 5
107 11 1 78
107 11 1 120
107 11 1 79
107 11 2 6
107 11 2 86
107 11 2 117
107 11 2 15
107 11 2 9
107 11 2 102
107 11 2 122
107 11 2 4
107 11 2 1
107 11 2 70
107 11 2 118
107 11 2 66
107 11 2 10
107 11 2 88
107 11 2 119
107 11 2 90
107 11 2 6
107 11 2 93
107 11 2 116
107 11 2 21
107 11 3 2
107 11 3 97
107 11 3 120
107 11 3 20
107 11 3 1
107 11 3 93
107 11 3 124
107 11 3 82
107 11 3 10
107 11 3 54
107 11 3 128
107 11 3 73
107 11 3 2
107 11 3 62
107 11 3 120
107 11 3 11
107 11 3 3
107 11 3 103
107 11 3 111
107 11 3 10
107 11 4 8
107 11 4 63
107 11 4 117
107 11 4 51
107 11 4 8
107 11 4 87
107 11 4 121
107 11 4 29
107 11 4 4
107 11 4 70
107 11 4 107
107 11 4 127
107 11 4 10
107 11 4 58
107 11 4 126
107 11 4 98
107 11 4 3
107 11 4 96
107 11 4 111
107 11 4 14
107 11 5 4
107 11 5 94
107 11 5 126
107 11 5 99
107 11 5 10
107 11 5 67
107 11 5 109
107 11 5 5
107 11 5 2
107 11 5 61
107 11 5 121
107 11 5 80
107 11 5 2
107 11 5 76
107 11 5 109
107 11 5 66
107 11 5 9
107 11 5 71
107 11 5 120
107 11 5 17
107 11 6 3
107 11 6 54
107 11 6 126
107 11 6 35
107 11 6 1
107 11 6 66
107 11 6 127
107 11 6 95
107 11 6 9
107 11 6 58
107 11 6 112
107 11 6 9
107 11 6 6
107 11 6 96
107 11 6 124
107 11 6 46
107 11 6 2
107 11 6 67
107 11 6 107
107 11 6 2
107 11 7 2
107 11 7 87
107 11 7 128
107 11 7 56
107 11 7 8
107 11 7 66
107 11 7 119
107 11 7 81
107 11 7 7
107 11 7 66
107 11 7 123
107 11 7 22
107 11 7 2
107 11 7 95
107 11 7 121
107 11 7 22
107 11 7 8
107 11 7 75
107 11 7 126
107 11 7 91
107 11 8 6
107 11 8 61
107 11 8 128
107 11 8 5
107 11 8 6
107 11 8 99
107 11 8 108
107 11 8 103
107 11 8 3
107 11 8 65
107 11 8 128
107 11 8 66
107 11 8 7
107 11 8 78
107 11 8 114
107 11 8 12
107 11 8 6
107 11 8 98
107 11 8 128
107 11 8 65
107 11 9 8
107 11 9 71
107 11 9 109
107 11 9 8
107 11 9 7
107 11 9 65
107 11 9 118
107 11 9 50
107 11 9 6
107 11 9 63
107 11 9 113
107 11 9 20
107 11 9 5
107 11 9 76
107 11 9 127
107 11 9 58
107 11 9 3
107 11 9 68
107 11 9 111
107 11 9 92
107 11 10 7
107 11 10 91
107 11 10 115
107 11 10 34
107 11 10 7
107 11 10 95
107 11 10 124
107 11 10 91
107 11 10 9
107 11 10 95
107 11 10 121
107 11 10 126
107 11 10 1
107 11 10 60
107 11 10 121
107 11 10 44
107 11 10 1
107 11 10 104
107 11 10 109
107 11 10 76
107 11 11 1
107 11 11 85
107 11 11 128
107 11 11 52
107 11 11 1
107 11 11 61
107 11 11 118
107 11 11 110
107 11 11 8
107 11 11 54
107 11 11 128
107 11 11 17
107 11 11 5
107 11 11 84
107 11 11 112
107 11 11 62
107 11 11 7
107 11 11 65
107 11 11 108
107 11 11 88
107 11 12 1
107 11 12 88
107 11 12 109
107 11 12 31
107 11 12 4
107 11 12 72
107 11 12 119
107 11 12 80
107 11 12 9
107 11 12 81
107 11 12 115
107 11 12 73
107 11 12 9
107 11 12 105
107 11 12 127
107 11 12 9
107 11 12 1
107 11 12 70
107 11 12 123
107 11 12 81
107 11 13 2
107 11 13 77
107 11 13 127
107 11 13 75
107 11 13 2
107 11 13 103
107 11 13 107
107 11 13 3
107 11 13 10
107 11 13 100
107 11 13 116
107 11 13 79
107 11 13 6
107 11 13 105
107 11 13 109
107 11 13 127
107 11 13 9
107 11 13 69
107 11 13 109
107 11 13 28
107 11 14 1
107 11 14 90
107 11 14 122
107 11 14 37
107 11 14 1
107 11 14 74
107 11 14 109
107 11 14 13
107 11 14 3
107 11 14 56
107 11 14 107
107 11 14 119
107 11 14 4
107 11 14 71
107 11 14 126
107 11 14 71
107 11 14 9
107 11 14 102
107 11 14 120
107 11 14 40
107 12 1 8
107 12 1 66
107 12 1 121
107 12 1 76
107 12 1 5
107 12 1 76
107 12 1 107
107 12 1 93
107 12 1 2
107 12 1 58
107 12 1 116
107 12 1 30
107 12 1 4
107 12 1 103
107 12 1 118
107 12 1 121
107 12 1 3
107 12 1 54
107 12 1 122
107 12 1 112
107 12 2 2
107 12 2 58
107 12 2 125
107 12 2 86
107 12 2 4
107 12 2 82
107 12 2 120
107 12 2 10
107 12 2 6
107 12 2 88
107 12 2 108
107 12 2 17
107 12 2 9
107 12 2 101
107 12 2 122
107 12 2 21
107 12 2 9
107 12 2 97
107 12 2 115
107 12 2 69
107 12 3 10
107 12 3 84
107 12 3 114
107 12 3 50
107 12 3 7
107 12 3 68
107 12 3 114
107 12 3 56
107 12 3 10
107 12 3 78
107 12 3 113
107 12 3 14
107 12 3 5
107 12 3 68
107 12 3 128
107 12 3 111
107 12 3 5
107 12 3 77
107 12 3 119
107 12 3 60
107 12 4 5
107 12 4 105
107 12 4 112
107 12 4 67
107 12 4 3
107 12 4 92
107 12 4 114
107 12 4 100
107 12 4 1
107 12 4 92
107 12 4 124
107 12 4 22
107 12 4 4
107 12 4 83
107 12 4 125
107 12 4 87
107 12 4 7
107 12 4 67
107 12 4 109
107 12 4 6
107 12 5 6
107 12 5 68
107 12 5 123
107 12 5 72
107 12 5 7
107 12 5 57
107 12 5 110
107 12 5 15
107 12 5 1
107 12 5 79
107 12 5 109
107 12 5 119
107 12 5 8
107 12 5 87
107 12 5 109
107 12 5 83
107 12 5 5
107 12 5 67
107 12 5 124
107 12 5 15
107 12 6 9
107 12 6 104
107 12 6 126
107 12 6 76
107 12 6 8
107 12 6 88
107 12 6 116
107 12 6 52
107 12 6 1
107 12 6 89
107 12 6 122
107 12 6 11
107 12 6 4
107 12 6 99
107 12 6 127
107 12 6 81
107 12 6 1
107 12 6 87
107 12 6 112
107 12 6 38
107 12 7 6
107 12 7 93
107 12 7 119
107 12 7 104
107 12 7 3
107 12 7 68
107 12 7 128
107 12 7 117
107 12 7 4
107 12 7 57
107 12 7 119
107 12 7 48
107 12 7 10
107 12 7 95
107 12 7 109
107 12 7 89
107 12 7 5
107 12 7 80
107 12 7 114
107 12 7 38
107 12 8 10
107 12 8 81
107 12 8 125
107 12 8 79
107 12 8 4
107 12 8 65
107 12 8 124
107 12 8 53
107 12 8 2
107 12 8 81
107 12 8 123
107 12 8 122
107 12 8 3
107 12 8 93
107 12 8 113
107 12 8 58
107 12 8 2
107 12 8 101
107 12 8 111
107 12 8 55
107 12 9 5
107 12 9 101
107 12 9 116
107 12 9 30
107 12 9 3
107 12 9 56
107 12 9 121
107 12 9 36
107 12 9 9
107 12 9 75
107 12 9 114
107 12 9 77
107 12 9 3
107 12 9 65
107 12 9 123
107 12 9 99
107 12 9 8
107 12 9 54
107 12 9 119
107 12 9 116
107 12 10 6
107 12 10 85
107 12 10 125
107 12 10 82
107 12 10 9
107 12 10 92
107 12 10 109
107 12 10 110
107 12 10 1
107 12 10 99
107 12 10 125
107 12 10 34
107 12 10 1
107 12 10 77
107 12 10 113
107 12 10 59
107 12 10 8
107 12 10 80
107 12 10 124
107 12 10 2
107 12 11 6
107 12 11 54
107 12 11 119
107 12 11 5
107 12 11 10
107 12 11 107
107 12 11 126
107 12 11 25
107 12 11 9
107 12 11 68
107 12 11 110
107 12 11 118
107 12 11 7
107 12 11 106
107 12 11 111
107 12 11 79
107 12 11 5
107 12 11 80
107 12 11 124
107 12 11 18
107 12 12 6
107 12 12 85
107 12 12 116
107 12 12 121
107 12 12 5
107 12 12 102
107 12 12 112
107 12 12 105
107 12 12 3
107 12 12 88
107 12 12 111
107 12 12 19
107 12 12 3
107 12 12 88
107 12 12 111
107 12 12 42
107 12 12 4
107 12 12 106
107 12 12 120
107 12 12 115
107 12 13 7
107 12 13 69
107 12 13 114
107 12 13 2
107 12 13 3
107 12 13 76
107 12 13 107
107 12 13 85
107 12 13 1
107 12 13 103
107 12 13 125
107 12 13 31
107 12 13 5
107 12 13 56
107 12 13 121
107 12 13 65
107 12 13 2
107 12 13 84
107 12 13 121
107 12 13 72
107 12 14 8
107 12 14 79
107 12 14 118
107 12 14 109
107 12 14 10
107 12 14 90
107 12 14 109
107 12 14 44
107 12 14 10
107 12 14 58
107 12 14 125
107 12 14 111
107 12 14 9
107 12 14 97
107 12 14 109
107 12 14 44
107 12 14 8
107 12 14 56
107 12 14 108
107 12 14 105
107 13 1 10
107 13 1 90
107 13 1 113
107 13 1 87
107 13 1 7
107 13 1 65
107 13 1 127
107 13 1 47
107 13 1 6
107 13 1 102
107 13 1 124
107 13 1 10
107 13 1 4
107 13 1 93
107 13 1 125
107 13 1 94
107 13 1 7
107 13 1 85
107 13 1 125
107 13 1 31
107 13 2 1
107 13 2 64
107 13 2 108
107 13 2 117
107 13 2 3
107 13 2 87
107 13 2 115
107 13 2 68
107 13 2 9
107 13 2 94
107 13 2 116
107 13 2 39
107 13 2 6
107 13 2 102
107 13 2 117
107 13 2 123
107 13 2 2
107 13 2 66
107 13 2 120
107 13 2 74
107 13 3 1
107 13 3 95
107 13 3 122
107 13 3 77
107 13 3 5
107 13 3 85
107 13 3 118
107 13 3 20
107 13 3 4
107 13 3 101
107 13 3 108
107 13 3 111
107 13 3 9
107 13 3 89
107 13 3 117
107 13 3 18
107 13 3 5
107 13 3 60
107 13 3 114
107 13 3 40
107 13 4 9
107 13 4 70
107 13 4 122
107 13 4 12
107 13 4 2
107 13 4 103
107 13 4 124
107 13 4 46
107 13 4 7
107 13 4 97
107 13 4 121
107 13 4 86
107 13 4 3
107 13 4 80
107 13 4 115
107 13 4 79
107 13 4 9
107 13 4 105
107 13 4 126
107 13 4 73
107 13 5 4
107 13 5 71
107 13 5 111
107 13 5 39
107 13 5 3
107 13 5 85
107 13 5 111
107 13 5 21
107 13 5 7
107 13 5 59
107 13 5 118
107 13 5 25
107 13 5 6
107 13 5 73
107 13 5 122
107 13 5 125
107 13 5 10
107 13 5 85
107 13 5 125
107 13 5 8
107 13 6 3
107 13 6 61
107 13 6 110
107 13 6 45
107 13 6 2
107 13 6 95
107 13 6 125
107 13 6 116
107 13 6 7
107 13 6 99
107 13 6 112
107 13 6 125
107 13 6 4
107 13 6 68
107 13 6 121
107 13 6 124
107 13 6 1
107 13 6 53
107 13 6 119
107 13 6 111
107 13 7 3
107 13 7 98
107 13 7 114
107 13 7 100
107 13 7 10
107 13 7 102
107 13 7 107
107 13 7 41
107 13 7 9
107 13 7 66
107 13 7 123
107 13 7 39
107 13 7 8
107 13 7 66
107 13 7 108
107 13 7 10
107 13 7 5
107 13 7 88
107 13 7 123
107 13 7 55
107 13 8 4
107 13 8 92
107 13 8 126
107 13 8 24
107 13 8 9
107 13 8 103
107 13 8 119
107 13 8 122
107 13 8 8
107 13 8 93
107 13 8 111
107 13 8 94
107 13 8 5
107 13 8 101
107 13 8 128
107 13 8 105
107 13 8 2
107 13 8 62
107 13 8 121
107 13 8 44
107 13 9 5
107 13 9 96
107 13 9 124
107 13 9 102
107 13 9 3
107 13 9 68
107 13 9 121
107 13 9 80
107 13 9 4
107 13 9 58
107 13 9 115
107 13 9 70
107 13 9 5
107 13 9 83
107 13 9 118
107 13 9 100
107 13 9 8
107 13 9 91
107 13 9 120
107 13 9 7
107 13 10 3
107 13 10 93
107 13 10 119
107 13 10 2
107 13 10 8
107 13 10 89
107 13 10 113
107 13 10 33
107 13 10 6
107 13 10 84
107 13 10 114
107 13 10 42
107 13 10 8
107 13 10 68
107 13 10 127
107 13 10 46
107 13 10 4
107 13 10 55
107 13 10 108
107 13 10 99
107 13 11 3
107 13 11 93
107 13 11 107
107 13 11 121
107 13 11 4
107 13 11 58
107 13 11 115
107 13 11 73
107 13 11 2
107 13 11 84
107 13 11 115
107 13 11 58
107 13 11 4
107 13 11 71
107 13 11 118
107 13 11 75
107 13 11 4
107 13 11 69
107 13 11 119
107 13 11 60
107 13 12 2
107 13 12 65
107 13 12 122
107 13 12 82
107 13 12 10
107 13 12 61
107 13 12 111
107 13 12 88
107 13 12 1
107 13 12 72
107 13 12 112
107 13 12 74
107 13 12 8
107 13 12 93
107 13 12 108
107 13 12 76
107 13 12 4
107 13 12 85
107 13 12 118
107 13 12 86
107 13 13 9
107 13 13 102
107 13 13 109
107 13 13 23
107 13 13 8
107 13 13 77
107 13 13 108
107 13 13 110
107 13 13 1
107 13 13 104
107 13 13 111
107 13 13 69
107 13 13 5
107 13 13 95
107 13 13 116
107 13 13 74
107 13 13 10
107 13 13 56
107 13 13 109
107 13 13 9
107 13 14 7
107 13 14 82
107 13 14 112
107 13 14 74
107 13 14 10
107 13 14 68
107 13 14 125
107 13 14 57
107 13 14 1
107 13 14 56
107 13 14 108
107 13 14 26
107 13 14 4
107 13 14 81
107 13 14 118
107 13 14 28
107 13 14 9
107 13 14 106
107 13 14 111
107 13 14 102
107 14 1 4
107 14 1 99
107 14 1 128
107 14 1 111
107 14 1 3
107 14 1 107
107 14 1 114
107 14 1 30
107 14 1 5
107 14 1 74
107 14 1 117
107 14 1 98
107 14 1 9
107 14 1 85
107 14 1 120
107 14 1 68
107 14 1 7
107 14 1 81
107 14 1 118
107 14 1 27
107 14 2 2
107 14 2 57
107 14 2 122
107 14 2 60
107 14 2 4
107 14 2 90
107 14 2 128
107 14 2 79
107 14 2 2
107 14 2 81
107 14 2 123
107 14 2 56
107 14 2 3
107 14 2 102
107 14 2 109
107 14 2 29
107 14 2 8
107 14 2 81
107 14 2 128
107 14 2 91
107 14 3 3
107 14 3 107
107 14 3 127
107 14 3 41
107 14 3 10
107 14 3 103
107 14 3 120
107 14 3 14
107 14 3 4
107 14 3 56
107 14 3 118
107 14 3 111
107 14 3 5
107 14 3 76
107 14 3 128
107 14 3 76
107 14 3 6
107 14 3 99
107 14 3 124
107 14 3 28
107 14 4 10
107 14 4 61
107 14 4 112
107 14 4 48
107 14 4 6
107 14 4 80
107 14 4 109
107 14 4 29
107 14 4 3
107 14 4 102
107 14 4 111
107 14 4 11
107 14 4 6
107 14 4 64
107 14 4 112
107 14 4 16
107 14 4 10
107 14 4 64
107 14 4 107
107 14 4 127
107 14 5 5
107 14 5 102
107 14 5 125
107 14 5 72
107 14 5 4
107 14 5 80
107 14 5 112
107 14 5 107
107 14 5 6
107 14 5 89
107 14 5 127
107 14 5 126
107 14 5 3
107 14 5 63
107 14 5 109
107 14 5 93
107 14 5 2
107 14 5 65
107 14 5 112
107 14 5 12
107 14 6 6
107 14 6 63
107 14 6 108
107 14 6 106
107 14 6 8
107 14 6 59
107 14 6 121
107 14 6 95
107 14 6 5
107 14 6 61
107 14 6 124
107 14 6 68
107 14 6 9
107 14 6 63
107 14 6 128
107 14 6 122
107 14 6 7
107 14 6 85
107 14 6 128
107 14 6 114
107 14 7 1
107 14 7 88
107 14 7 111
107 14 7 83
107 14 7 3
107 14 7 58
107 14 7 114
107 14 7 105
107 14 7 7
107 14 7 67
107 14 7 118
107 14 7 56
107 14 7 2
107 14 7 65
107 14 7 116
107 14 7 39
107 14 7 2
107 14 7 75
107 14 7 112
107 14 7 14
107 14 8 7
107 14 8 80
107 14 8 111
107 14 8 15
107 14 8 5
107 14 8 61
107 14 8 108
107 14 8 37
107 14 8 10
107 14 8 94
107 14 8 120
107 14 8 20
107 14 8 1
107 14 8 80
107 14 8 125
107 14 8 57
107 14 8 3
107 14 8 70
107 14 8 113
107 14 8 32
107 14 9 1
107 14 9 101
107 14 9 111
107 14 9 89
107 14 9 10
107 14 9 96
107 14 9 108
107 14 9 127
107 14 9 5
107 14 9 84
107 14 9 114
107 14 9 31
107 14 9 2
107 14 9 97
107 14 9 108
107 14 9 96
107 14 9 1
107 14 9 69
107 14 9 125
107 14 9 15
107 14 10 3
107 14 10 86
107 14 10 128
107 14 10 88
107 14 10 4
107 14 10 78
107 14 10 108
107 14 10 17
107 14 10 6
107 14 10 96
107 14 10 112
107 14 10 73
107 14 10 4
107 14 10 77
107 14 10 109
107 14 10 72
107 14 10 9
107 14 10 55
107 14 10 113
107 14 10 3
107 14 11 5
107 14 11 87
107 14 11 107
107 14 11 119
107 14 11 3
107 14 11 53
107 14 11 126
107 14 11 91
107 14 11 8
107 14 11 66
107 14 11 117
107 14 11 11
107 14 11 9
107 14 11 78
107 14 11 121
107 14 11 74
107 14 11 5
107 14 11 55
107 14 11 116
107 14 11 97
107 14 12 6
107 14 12 84
107 14 12 112
107 14 12 8
107 14 12 4
107 14 12 62
107 14 12 123
107 14 12 37
107 14 12 5
107 14 12 105
107 14 12 120
107 14 12 31
107 14 12 1
107 14 12 55
107 14 12 109
107 14 12 84
107 14 12 8
107 14 12 63
107 14 12 123
107 14 12 89
107 14 13 9
107 14 13 92
107 14 13 121
107 14 13 103
107 14 13 2
107 14 13 91
107 14 13 119
107 14 13 2
107 14 13 4
107 14 13 86
107 14 13 108
107 14 13 31
107 14 13 7
107 14 13 89
107 14 13 122
107 14 13 125
107 14 13 10
107 14 13 83
107 14 13 115
107 14 13 15
107 14 14 8
107 14 14 94
107 14 14 111
107 14 14 56
107 14 14 2
107 14 14 68
107 14 14 119
107 14 14 46
107 14 14 6
107 14 14 90
107 14 14 115
107 14 14 27
107 14 14 6
107 14 14 87
107 14 14 118
107 14 14 50
107 14 14 5
107 14 14 83
107 14 14 107
107 14 14 116
109 1 1 4
109 1 1 69
109 1 1 122
109 1 1 43
109 1 1 6
109 1 1 81
109 1 1 116
109 1 1 72
109 1 1 6
109 1 1 78
109 1 1 117
109 1 1 31
109 1 1 9
109 1 1 79
109 1 1 125
109 1 1 98
109 1 1 8
109 1 1 71
109 1 1 126
109 1 1 99
109 1 2 3
109 1 2 68
109 1 2 123
109 1 2 53
109 1 2 9
109 1 2 62
109 1 2 112
109 1 2 54
109 1 2 3
109 1 2 80
109 1 2 109
109 1 2 117
109 1 2 9
109 1 2 91
109 1 2 130
109 1 2 115
109 1 2 8
109 1 2 100
109 1 2 110
109 1 2 17
109 1 3 6
109 1 3 68
109 1 3 130
109 1 3 2
109 1 3 7
109 1 3 72
109 1 3 116
109 1 3 14
109 1 3 1
109 1 3 107
109 1 3 129
109 1 3 111
109 1 3 3
109 1 3 65
109 1 3 115
109 1 3 126
109 1 3 4
109 1 3 78
109 1 3 111
109 1 3 9
109 1 4 10
109 1 4 82
109 1 4 109
109 1 4 110
109 1 4 7
109 1 4 81
109 1 4 116
109 1 4 99
109 1 4 2
109 1 4 75
109 1 4 122
109 1 4 60
109 1 4 6
109 1 4 99
109 1 4 121
109 1 4 65
109 1 4 10
109 1 4 104
109 1 4 110
109 1 4 113
109 1 5 3
109 1 5 95
109 1 5 110
109 1 5 43
109 1 5 9
109 1 5 87
109 1 5 125
109 1 5 21
109 1 5 3
109 1 5 102
109 1 5 112
109 1 5 34
109 1 5 1
109 1 5 103
109 1 5 126
109 1 5 37
109 1 5 7
109 1 5 109
109 1 5 126
109 1 5 63
109 1 6 7
109 1 6 102
109 1 6 115
109 1 6 84
109 1 6 9
109 1 6 92
109 1 6 118
109 1 6 50
109 1 6 8
109 1 6 103
109 1 6 130
109 1 6 99
109 1 6 10
109 1 6 85
109 1 6 114
109 1 6 50
109 1 6 1
109 1 6 100
109 1 6 109
109 1 6 35
109 1 7 7
109 1 7 64
109 1 7 126
109 1 7 129
109 1 7 4
109 1 7 80
109 1 7 116
109 1 7 125
109 1 7 2
109 1 7 54
109 1 7 122
109 1 7 28
109 1 7 6
109 1 7 75
109 1 7 114
109 1 7 59
109 1 7 3
109 1 7 99
109 1 7 112
109 1 7 105
109 1 8 4
109 1 8 92
109 1 8 121
109 1 8 112
109 1 8 10
109 1 8 59
109 1 8 130
109 1 8 60
109 1 8 1
109 1 8 91
109 1 8 110
109 1 8 63
109 1 8 3
109 1 8 103
109 1 8 112
109 1 8 13
109 1 8 1
109 1 8 95
109 1 8 116
109 1 8 78
109 1 9 10
109 1 9 95
109 1 9 117
109 1 9 19
109 1 9 1
109 1 9 59
109 1 9 110
109 1 9 99
109 1 9 6
109 1 9 88
109 1 9 127
109 1 9 83
109 1 9 2
109 1 9 80
109 1 9 118
109 1 9 111
109 1 9 7
109 1 9 93
109 1 9 114
109 1 9 32
109 1 10 2
109 1 10 81
109 1 10 128
109 1 10 115
109 1 10 6
109 1 10 89
109 1 10 129
109 1 10 64
109 1 10 9
109 1 10 106
109 1 10 111
109 1 10 32
109 1 10 10
109 1 10 104
109 1 10 122
109 1 10 105
109 1 10 8
109 1 10 74
109 1 10 116
109 1 10 63
109 1 11 9
109 1 11 80
109 1 11 121
109 1 11 81
109 1 11 9
109 1 11 56
109 1 11 111
109 1 11 17
109 1 11 10
109 1 11 72
109 1 11 120
109 1 11 117
109 1 11 7
109 1 11 71
109 1 11 114
109 1 11 48
109 1 11 3
109 1 11 109
109 1 11 128
109 1 11 106
109 1 12 10
109 1 12 59
109 1 12 129
109 1 12 38
109 1 12 8
109 1 12 66
109 1 12 125
109 1 12 24
109 1 12 6
109 1 12 95
109 1 12 109
109 1 12 18
109 1 12 2
109 1 12 69
109 1 12 120
109 1 12 39
109 1 12 10
109 1 12 84
109 1 12 119
109 1 12 1
109 1 13 2
109 1 13 89
109 1 13 120
109 1 13 46
109 1 13 10
109 1 13 59
109 1 13 110
109 1 13 98
109 1 13 6
109 1 13 57
109 1 13 113
109 1 13 36
109 1 13 2
109 1 13 75
109 1 13 113
109 1 13 118
109 1 13 3
109 1 13 94
109 1 13 113
109 1 13 49
109 1 14 1
109 1 14 81
109 1 14 111
109 1 14 74
109 1 14 4
109 1 14 105
109 1 14 128
109 1 14 49
109 1 14 1
109 1 14 55
109 1 14 129
109 1 14 122
109 1 14 7
109 1 14 66
109 1 14 113
109 1 14 84
109 1 14 3
109 1 14 83
109 1 14 129
109 1 14 70
109 2 1 3
109 2 1 71
109 2 1 110
109 2 1 2
109 2 1 3
109 2 1 70
109 2 1 110
109 2 1 19
109 2 1 8
109 2 1 58
109 2 1 109
109 2 1 34
109 2 1 5
109 2 1 92
109 2 1 114
109 2 1 60
109 2 1 10
109 2 1 57
109 2 1 117
109 2 1 48
109 2 2 9
109 2 2 74
109 2 2 128
109 2 2 84
109 2 2 10
109 2 2 88
109 2 2 127
109 2 2 81
109 2 2 5
109 2 2 91
109 2 2 113
109 2 2 101
109 2 2 1
109 2 2 60
109 2 2 127
109 2 2 40
109 2 2 7
109 2 2 72
109 2 2 111
109 2 2 115
109 2 3 10
109 2 3 57
109 2 3 109
109 2 3 58
109 2 3 8
109 2 3 78
109 2 3 125
109 2 3 60
109 2 3 10
109 2 3 75
109 2 3 130
109 2 3 55
109 2 3 8
109 2 3 107
109 2 3 130
109 2 3 90
109 2 3 1
109 2 3 56
109 2 3 114
109 2 3 14
109 2 4 9
109 2 4 66
109 2 4 115
109 2 4 6
109 2 4 8
109 2 4 68
109 2 4 120
109 2 4 39
109 2 4 2
109 2 4 94
109 2 4 119
109 2 4 42
109 2 4 1
109 2 4 73
109 2 4 128
109 2 4 95
109 2 4 6
109 2 4 64
109 2 4 127
109 2 4 24
109 2 5 9
109 2 5 98
109 2 5 120
109 2 5 17
109 2 5 5
109 2 5 99
109 2 5 124
109 2 5 55
109 2 5 6
109 2 5 106
109 2 5 121
109 2 5 34
109 2 5 4
109 2 5 70
109 2 5 112
109 2 5 93
109 2 5 1
109 2 5 109
109 2 5 128
109 2 5 114
109 2 6 4
109 2 6 63
109 2 6 130
109 2 6 124
109 2 6 10
109 2 6 63
109 2 6 126
109 2 6 1
109 2 6 7
109 2 6 63
109 2 6 128
109 2 6 44
109 2 6 2
109 2 6 96
109 2 6 111
109 2 6 12
109 2 6 6
109 2 6 59
109 2 6 115
109 2 6 2
109 2 7 2
109 2 7 86
109 2 7 120
109 2 7 122
109 2 7 10
109 2 7 60
109 2 7 118
109 2 7 17
109 2 7 2
109 2 7 61
109 2 7 130
109 2 7 27
109 2 7 6
109 2 7 94
109 2 7 114
109 2 7 41
109 2 7 1
109 2 7 98
109 2 7 119
109 2 7 105
109 2 8 7
109 2 8 67
109 2 8 127
109 2 8 35
109 2 8 5
109 2 8 84
109 2 8 129
109 2 8 16
109 2 8 10
109 2 8 73
109 2 8 118
109 2 8 42
109 2 8 10
109 2 8 101
109 2 8 121
109 2 8 43
109 2 8 1
109 2 8 100
109 2 8 113
109 2 8 18
109 2 9 9
109 2 9 100
109 2 9 118
109 2 9 117
109 2 9 3
109 2 9 74
109 2 9 122
109 2 9 56
109 2 9 6
109 2 9 97
109 2 9 121
109 2 9 30
109 2 9 2
109 2 9 79
109 2 9 111
109 2 9 36
109 2 9 5
109 2 9 58
109 2 9 124
109 2 9 113
109 2 10 1
109 2 10 61
109 2 10 115
109 2 10 75
109 2 10 5
109 2 10 59
109 2 10 128
109 2 10 91
109 2 10 4
109 2 10 72
109 2 10 112
109 2 10 4
109 2 10 2
109 2 10 85
109 2 10 126
109 2 10 54
109 2 10 8
109 2 10 73
109 2 10 121
109 2 10 55
109 2 11 9
109 2 11 82
109 2 11 123
109 2 11 51
109 2 11 9
109 2 11 100
109 2 11 123
109 2 11 109
109 2 11 1
109 2 11 66
109 2 11 130
109 2 11 34
109 2 11 2
109 2 11 62
109 2 11 129
109 2 11 44
109 2 11 8
109 2 11 87
109 2 11 129
109 2 11 37
109 2 12 2
109 2 12 91
109 2 12 111
109 2 12 50
109 2 12 6
109 2 12 105
109 2 12 111
109 2 12 49
109 2 12 2
109 2 12 93
109 2 12 125
109 2 12 122
109 2 12 3
109 2 12 74
109 2 12 121
109 2 12 82
109 2 12 10
109 2 12 105
109 2 12 126
109 2 12 86
109 2 13 6
109 2 13 100
109 2 13 112
109 2 13 47
109 2 13 3
109 2 13 92
109 2 13 111
109 2 13 107
109 2 13 3
109 2 13 84
109 2 13 125
109 2 13 8
109 2 13 5
109 2 13 103
109 2 13 130
109 2 13 41
109 2 13 4
109 2 13 72
109 2 13 123
109 2 13 69
109 2 14 3
109 2 14 92
109 2 14 122
109 2 14 45
109 2 14 8
109 2 14 97
109 2 14 124
109 2 14 12
109 2 14 10
109 2 14 106
109 2 14 114
109 2 14 56
109 2 14 5
109 2 14 70
109 2 14 112
109 2 14 121
109 2 14 3
109 2 14 62
109 2 14 125
109 2 14 32
109 3 1 1
109 3 1 60
109 3 1 111
109 3 1 101
109 3 1 10
109 3 1 65
109 3 1 120
109 3 1 62
109 3 1 10
109 3 1 60
109 3 1 115
109 3 1 17
109 3 1 3
109 3 1 69
109 3 1 124
109 3 1 48
109 3 1 10
109 3 1 82
109 3 1 111
109 3 1 67
109 3 2 1
109 3 2 85
109 3 2 125
109 3 2 98
109 3 2 2
109 3 2 64
109 3 2 119
109 3 2 115
109 3 2 5
109 3 2 106
109 3 2 126
109 3 2 102
109 3 2 1
109 3 2 62
109 3 2 130
109 3 2 85
109 3 2 6
109 3 2 79
109 3 2 110
109 3 2 119
109 3 3 4
109 3 3 63
109 3 3 127
109 3 3 85
109 3 3 7
109 3 3 96
109 3 3 121
109 3 3 129
109 3 3 3
109 3 3 58
109 3 3 124
109 3 3 49
109 3 3 5
109 3 3 102
109 3 3 122
109 3 3 12
109 3 3 4
109 3 3 85
109 3 3 129
109 3 3 7
109 3 4 5
109 3 4 81
109 3 4 122
109 3 4 5
109 3 4 6
109 3 4 65
109 3 4 119
109 3 4 108
109 3 4 10
109 3 4 92
109 3 4 124
109 3 4 117
109 3 4 10
109 3 4 96
109 3 4 122
109 3 4 64
109 3 4 1
109 3 4 74
109 3 4 123
109 3 4 119
109 3 5 7
109 3 5 102
109 3 5 128
109 3 5 26
109 3 5 9
109 3 5 109
109 3 5 119
109 3 5 121
109 3 5 2
109 3 5 91
109 3 5 126
109 3 5 98
109 3 5 10
109 3 5 55
109 3 5 129
109 3 5 93
109 3 5 3
109 3 5 75
109 3 5 125
109 3 5 47
109 3 6 10
109 3 6 82
109 3 6 129
109 3 6 55
109 3 6 10
109 3 6 106
109 3 6 110
109 3 6 9
109 3 6 4
109 3 6 105
109 3 6 112
109 3 6 98
109 3 6 7
109 3 6 89
109 3 6 119
109 3 6 72
109 3 6 1
109 3 6 98
109 3 6 116
109 3 6 97
109 3 7 6
109 3 7 73
109 3 7 120
109 3 7 93
109 3 7 2
109 3 7 91
109 3 7 118
109 3 7 111
109 3 7 3
109 3 7 62
109 3 7 119
109 3 7 128
109 3 7 7
109 3 7 100
109 3 7 129
109 3 7 12
109 3 7 6
109 3 7 79
109 3 7 122
109 3 7 13
109 3 8 3
109 3 8 105
109 3 8 129
109 3 8 1
109 3 8 10
109 3 8 69
109 3 8 123
109 3 8 92
109 3 8 1
109 3 8 77
109 3 8 111
109 3 8 49
109 3 8 8
109 3 8 68
109 3 8 124
109 3 8 129
109 3 8 2
109 3 8 104
109 3 8 114
109 3 8 73
109 3 9 4
109 3 9 97
109 3 9 122
109 3 9 110
109 3 9 6
109 3 9 94
109 3 9 120
109 3 9 90
109 3 9 3
109 3 9 94
109 3 9 109
109 3 9 125
109 3 9 1
109 3 9 99
109 3 9 114
109 3 9 85
109 3 9 1
109 3 9 91
109 3 9 130
109 3 9 76
109 3 10 10
109 3 10 83
109 3 10 122
109 3 10 49
109 3 10 4
109 3 10 95
109 3 10 113
109 3 10 88
109 3 10 9
109 3 10 87
109 3 10 118
109 3 10 67
109 3 10 2
109 3 10 99
109 3 10 127
109 3 10 15
109 3 10 10
109 3 10 101
109 3 10 115
109 3 10 59
109 3 11 9
109 3 11 107
109 3 11 129
109 3 11 84
109 3 11 6
109 3 11 74
109 3 11 124
109 3 11 90
109 3 11 6
109 3 11 68
109 3 11 123
109 3 11 59
109 3 11 3
109 3 11 91
109 3 11 110
109 3 11 9
109 3 11 2
109 3 11 72
109 3 11 127
109 3 11 59
109 3 12 2
109 3 12 102
109 3 12 125
109 3 12 84
109 3 12 10
109 3 12 83
109 3 12 119
109 3 12 5
109 3 12 10
109 3 12 107
109 3 12 128
109 3 12 41
109 3 12 3
109 3 12 96
109 3 12 127
109 3 12 32
109 3 12 2
109 3 12 86
109 3 12 122
109 3 12 18
109 3 13 10
109 3 13 107
109 3 13 124
109 3 13 77
109 3 13 6
109 3 13 88
109 3 13 118
109 3 13 23
109 3 13 4
109 3 13 70
109 3 13 112
109 3 13 11
109 3 13 6
109 3 13 64
109 3 13 121
109 3 13 74
109 3 13 8
109 3 13 109
109 3 13 129
109 3 13 20
109 3 14 5
109 3 14 104
109 3 14 129
109 3 14 59
109 3 14 7
109 3 14 66
109 3 14 128
109 3 14 60
109 3 14 7
109 3 14 104
109 3 14 130
109 3 14 21
109 3 14 8
109 3 14 64
109 3 14 111
109 3 14 21
109 3 14 10
109 3 14 89
109 3 14 130
109 3 14 24
109 4 1 5
109 4 1 55
109 4 1 119
109 4 1 60
109 4 1 7
109 4 1 104
109 4 1 120
109 4 1 44
109 4 1 9
109 4 1 62
109 4 1 129
109 4 1 102
109 4 1 2
109 4 1 58
109 4 1 120
109 4 1 65
109 4 1 6
109 4 1 69
109 4 1 126
109 4 1 101
109 4 2 3
109 4 2 79
109 4 2 130
109 4 2 31
109 4 2 10
109 4 2 98
109 4 2 110
109 4 2 34
109 4 2 6
109 4 2 92
109 4 2 111
109 4 2 45
109 4 2 10
109 4 2 68
109 4 2 128
109 4 2 80
109 4 2 6
109 4 2 56
109 4 2 129
109 4 2 92
109 4 3 7
109 4 3 84
109 4 3 113
109 4 3 72
109 4 3 1
109 4 3 57
109 4 3 119
109 4 3 33
109 4 3 1
109 4 3 60
109 4 3 116
109 4 3 70
109 4 3 4
109 4 3 97
109 4 3 115
109 4 3 115
109 4 3 4
109 4 3 83
109 4 3 126
109 4 3 116
109 4 4 9
109 4 4 87
109 4 4 121
109 4 4 82
109 4 4 3
109 4 4 54
109 4 4 114
109 4 4 93
109 4 4 3
109 4 4 74
109 4 4 125
109 4 4 77
109 4 4 7
109 4 4 96
109 4 4 117
109 4 4 48
109 4 4 3
109 4 4 90
109 4 4 114
109 4 4 130
109 4 5 8
109 4 5 72
109 4 5 112
109 4 5 27
109 4 5 6
109 4 5 78
109 4 5 120
109 4 5 102
109 4 5 10
109 4 5 101
109 4 5 116
109 4 5 69
109 4 5 6
109 4 5 65
109 4 5 128
109 4 5 28
109 4 5 6
109 4 5 95
109 4 5 126
109 4 5 66
109 4 6 6
109 4 6 76
109 4 6 128
109 4 6 8
109 4 6 4
109 4 6 78
109 4 6 115
109 4 6 26
109 4 6 6
109 4 6 103
109 4 6 123
109 4 6 107
109 4 6 8
109 4 6 107
109 4 6 112
109 4 6 12
109 4 6 6
109 4 6 97
109 4 6 109
109 4 6 39
109 4 7 8
109 4 7 94
109 4 7 112
109 4 7 52
109 4 7 6
109 4 7 75
109 4 7 129
109 4 7 84
109 4 7 10
109 4 7 91
109 4 7 119
109 4 7 124
109 4 7 9
109 4 7 92
109 4 7 117
109 4 7 103
109 4 7 9
109 4 7 57
109 4 7 116
109 4 7 117
109 4 8 3
109 4 8 91
109 4 8 129
109 4 8 88
109 4 8 9
109 4 8 66
109 4 8 126
109 4 8 97
109 4 8 8
109 4 8 85
109 4 8 122
109 4 8 84
109 4 8 3
109 4 8 86
109 4 8 111
109 4 8 104
109 4 8 7
109 4 8 73
109 4 8 124
109 4 8 51
109 4 9 4
109 4 9 75
109 4 9 130
109 4 9 42
109 4 9 2
109 4 9 64
109 4 9 130
109 4 9 93
109 4 9 10
109 4 9 95
109 4 9 116
109 4 9 71
109 4 9 3
109 4 9 61
109 4 9 117
109 4 9 79
109 4 9 4
109 4 9 103
109 4 9 130
109 4 9 49
109 4 10 1
109 4 10 72
109 4 10 111
109 4 10 14
109 4 10 10
109 4 10 58
109 4 10 129
109 4 10 65
109 4 10 6
109 4 10 104
109 4 10 110
109 4 10 95
109 4 10 1
109 4 10 76
109 4 10 125
109 4 10 110
109 4 10 3
109 4 10 62
109 4 10 117
109 4 10 4
109 4 11 8
109 4 11 77
109 4 11 111
109 4 11 64
109 4 11 2
109 4 11 62
109 4 11 111
109 4 11 87
109 4 11 2
109 4 11 73
109 4 11 116
109 4 11 45
109 4 11 7
109 4 11 64
109 4 11 130
109 4 11 1
109 4 11 10
109 4 11 70
109 4 11 124
109 4 11 14
109 4 12 4
109 4 12 106
109 4 12 121
109 4 12 65
109 4 12 6
109 4 12 58
109 4 12 118
109 4 12 62
109 4 12 3
109 4 12 82
109 4 12 122
109 4 12 43
109 4 12 4
109 4 12 84
109 4 12 117
109 4 12 77
109 4 12 5
109 4 12 77
109 4 12 110
109 4 12 21
109 4 13 8
109 4 13 101
109 4 13 125
109 4 13 18
109 4 13 9
109 4 13 87
109 4 13 128
109 4 13 23
109 4 13 5
109 4 13 64
109 4 13 130
109 4 13 52
109 4 13 9
109 4 13 72
109 4 13 118
109 4 13 36
109 4 13 7
109 4 13 75
109 4 13 109
109 4 13 40
109 4 14 8
109 4 14 87
109 4 14 121
109 4 14 47
109 4 14 1
109 4 14 64
109 4 14 109
109 4 14 104
109 4 14 5
109 4 14 99
109 4 14 110
109 4 14 103
109 4 14 2
109 4 14 70
109 4 14 113
109 4 14 130
109 4 14 6
109 4 14 101
109 4 14 129
109 4 14 67
109 5 1 9
109 5 1 90
109 5 1 117
109 5 1 3
109 5 1 6
109 5 1 73
109 5 1 121
109 5 1 89
109 5 1 10
109 5 1 99
109 5 1 121
109 5 1 86
109 5 1 9
109 5 1 93
109 5 1 119
109 5 1 64
109 5 1 3
109 5 1 107
109 5 1 110
109 5 1 23
109 5 2 3
109 5 2 80
109 5 2 119
109 5 2 65
109 5 2 8
109 5 2 59
109 5 2 118
109 5 2 28
109 5 2 1
109 5 2 83
109 5 2 118
109 5 2 120
109 5 2 2
109 5 2 102
109 5 2 124
109 5 2 126
109 5 2 2
109 5 2 87
109 5 2 129
109 5 2 36
109 5 3 4
109 5 3 96
109 5 3 113
109 5 3 118
109 5 3 5
109 5 3 60
109 5 3 114
109 5 3 58
109 5 3 3
109 5 3 56
109 5 3 109
109 5 3 12
109 5 3 5
109 5 3 76
109 5 3 109
109 5 3 84
109 5 3 4
109 5 3 54
109 5 3 121
109 5 3 126
109 5 4 8
109 5 4 57
109 5 4 129
109 5 4 63
109 5 4 2
109 5 4 89
109 5 4 109
109 5 4 26
109 5 4 5
109 5 4 59
109 5 4 122
109 5 4 30
109 5 4 8
109 5 4 54
109 5 4 117
109 5 4 103
109 5 4 10
109 5 4 59
109 5 4 118
109 5 4 37
109 5 5 7
109 5 5 75
109 5 5 129
109 5 5 57
109 5 5 8
109 5 5 78
109 5 5 130
109 5 5 115
109 5 5 1
109 5 5 62
109 5 5 125
109 5 5 118
109 5 5 9
109 5 5 82
109 5 5 118
109 5 5 27
109 5 5 9
109 5 5 85
109 5 5 111
109 5 5 21
109 5 6 8
109 5 6 97
109 5 6 124
109 5 6 20
109 5 6 3
109 5 6 76
109 5 6 124
109 5 6 6
109 5 6 2
109 5 6 65
109 5 6 113
109 5 6 101
109 5 6 8
109 5 6 61
109 5 6 126
109 5 6 101
109 5 6 1
109 5 6 93
109 5 6 119
109 5 6 5
109 5 7 7
109 5 7 54
109 5 7 129
109 5 7 38
109 5 7 9
109 5 7 81
109 5 7 120
109 5 7 103
109 5 7 9
109 5 7 57
109 5 7 121
109 5 7 81
109 5 7 9
109 5 7 59
109 5 7 129
109 5 7 59
109 5 7 1
109 5 7 54
109 5 7 114
109 5 7 9
109 5 8 2
109 5 8 73
109 5 8 114
109 5 8 115
109 5 8 2
109 5 8 95
109 5 8 123
109 5 8 88
109 5 8 6
109 5 8 79
109 5 8 124
109 5 8 45
109 5 8 9
109 5 8 83
109 5 8 126
109 5 8 129
109 5 8 10
109 5 8 80
109 5 8 118
109 5 8 82
109 5 9 2
109 5 9 57
109 5 9 113
109 5 9 17
109 5 9 2
109 5 9 79
109 5 9 112
109 5 9 27
109 5 9 7
109 5 9 62
109 5 9 120
109 5 9 88
109 5 9 8
109 5 9 70
109 5 9 130
109 5 9 107
109 5 9 7
109 5 9 104
109 5 9 115
109 5 9 98
109 5 10 2
109 5 10 66
109 5 10 120
109 5 10 26
109 5 10 4
109 5 10 89
109 5 10 117
109 5 10 38
109 5 10 7
109 5 10 86
109 5 10 118
109 5 10 44
109 5 10 8
109 5 10 71
109 5 10 118
109 5 10 129
109 5 10 3
109 5 10 71
109 5 10 127
109 5 10 32
109 5 11 2
109 5 11 67
109 5 11 115
109 5 11 46
109 5 11 1
109 5 11 108
109 5 11 125
109 5 11 82
109 5 11 10
109 5 11 108
109 5 11 112
109 5 11 93
109 5 11 2
109 5 11 89
109 5 11 116
109 5 11 15
109 5 11 8
109 5 11 95
109 5 11 128
109 5 11 78
109 5 12 1
109 5 12 56
109 5 12 115
109 5 12 103
109 5 12 1
109 5 12 106
109 5 12 119
109 5 12 13
109 5 12 9
109 5 12 104
109 5 12 130
109 5 12 18
109 5 12 3
109 5 12 60
109 5 12 126
109 5 12 94
109 5 12 10
109 5 12 68
109 5 12 110
109 5 12 11
109 5 13 10
109 5 13 106
109 5 13 128
109 5 13 42
109 5 13 3
109 5 13 109
109 5 13 125
109 5 13 76
109 5 13 7
109 5 13 73
109 5 13 113
109 5 13 93
109 5 13 3
109 5 13 97
109 5 13 114
109 5 13 62
109 5 13 3
109 5 13 54
109 5 13 119
109 5 13 17
109 5 14 3
109 5 14 109
109 5 14 121
109 5 14 83
109 5 14 7
109 5 14 57
109 5 14 130
109 5 14 65
109 5 14 9
109 5 14 106
109 5 14 127
109 5 14 21
109 5 14 5
109 5 14 89
109 5 14 109
109 5 14 72
109 5 14 2
109 5 14 81
109 5 14 123
109 5 14 129
109 6 1 6
109 6 1 73
109 6 1 114
109 6 1 53
109 6 1 7
109 6 1 62
109 6 1 112
109 6 1 117
109 6 1 10
109 6 1 106
109 6 1 126
109 6 1 57
109 6 1 9
109 6 1 109
109 6 1 123
109 6 1 127
109 6 1 7
109 6 1 92
109 6 1 114
109 6 1 16
109 6 2 7
109 6 2 57
109 6 2 109
109 6 2 42
109 6 2 8
109 6 2 79
109 6 2 130
109 6 2 51
109 6 2 3
109 6 2 70
109 6 2 118
109 6 2 74
109 6 2 10
109 6 2 61
109 6 2 115
109 6 2 106
109 6 2 4
109 6 2 94
109 6 2 121
109 6 2 61
109 6 3 10
109 6 3 96
109 6 3 126
109 6 3 69
109 6 3 5
109 6 3 78
109 6 3 121
109 6 3 27
109 6 3 6
109 6 3 63
109 6 3 111
109 6 3 98
109 6 3 4
109 6 3 65
109 6 3 112
109 6 3 125
109 6 3 2
109 6 3 55
109 6 3 123
109 6 3 65
109 6 4 5
109 6 4 66
109 6 4 117
109 6 4 123
109 6 4 1
109 6 4 74
109 6 4 115
109 6 4 91
109 6 4 9
109 6 4 104
109 6 4 111
109 6 4 97
109 6 4 2
109 6 4 61
109 6 4 126
109 6 4 108
109 6 4 10
109 6 4 66
109 6 4 117
109 6 4 20
109 6 5 4
109 6 5 98
109 6 5 127
109 6 5 42
109 6 5 8
109 6 5 90
109 6 5 113
109 6 5 120
109 6 5 6
109 6 5 57
109 6 5 115
109 6 5 110
109 6 5 9
109 6 5 80
109 6 5 115
109 6 5 100
109 6 5 9
109 6 5 76
109 6 5 120
109 6 5 117
109 6 6 6
109 6 6 57
109 6 6 129
109 6 6 119
109 6 6 9
109 6 6 67
109 6 6 118
109 6 6 110
109 6 6 10
109 6 6 83
109 6 6 115
109 6 6 4
109 6 6 8
109 6 6 82
109 6 6 119
109 6 6 85
109 6 6 4
109 6 6 107
109 6 6 116
109 6 6 24
109 6 7 4
109 6 7 84
109 6 7 115
109 6 7 45
109 6 7 5
109 6 7 95
109 6 7 113
109 6 7 38
109 6 7 4
109 6 7 72
109 6 7 117
109 6 7 71
109 6 7 2
109 6 7 84
109 6 7 126
109 6 7 71
109 6 7 9
109 6 7 62
109 6 7 113
109 6 7 41
109 6 8 1
109 6 8 61
109 6 8 118
109 6 8 113
109 6 8 10
109 6 8 107
109 6 8 112
109 6 8 65
109 6 8 6
109 6 8 79
109 6 8 110
109 6 8 93
109 6 8 5
109 6 8 78
109 6 8 126
109 6 8 95
109 6 8 5
109 6 8 61
109 6 8 118
109 6 8 121
109 6 9 4
109 6 9 74
109 6 9 116
109 6 9 31
109 6 9 2
109 6 9 56
109 6 9 118
109 6 9 115
109 6 9 1
109 6 9 105
109 6 9 110
109 6 9 130
109 6 9 1
109 6 9 63
109 6 9 110
109 6 9 52
109 6 9 8
109 6 9 76
109 6 9 123
109 6 9 44
109 6 10 8
109 6 10 94
109 6 10 121
109 6 10 123
109 6 10 6
109 6 10 69
109 6 10 127
109 6 10 76
109 6 10 4
109 6 10 81
109 6 10 129
109 6 10 11
109 6 10 5
109 6 10 65
109 6 10 119
109 6 10 80
109 6 10 7
109 6 10 56
109 6 10 126
109 6 10 106
109 6 11 10
109 6 11 107
109 6 11 125
109 6 11 115
109 6 11 6
109 6 11 79
109 6 11 125
109 6 11 129
109 6 11 1
109 6 11 103
109 6 11 122
109 6 11 38
109 6 11 2
109 6 11 62
109 6 11 115
109 6 11 82
109 6 11 8
109 6 11 76
109 6 11 113
109 6 11 105
109 6 12 4
109 6 12 85
109 6 12 110
109 6 12 39
109 6 12 2
109 6 12 56
109 6 12 118
109 6 12 39
109 6 12 8
109 6 12 109
109 6 12 126
109 6 12 61
109 6 12 10
109 6 12 81
109 6 12 120
109 6 12 58
109 6 12 2
109 6 12 93
109 6 12 127
109 6 12 84
109 6 13 6
109 6 13 66
109 6 13 110
109 6 13 48
109 6 13 8
109 6 13 85
109 6 13 129
109 6 13 114
109 6 13 9
109 6 13 77
109 6 13 125
109 6 13 46
109 6 13 9
109 6 13 74
109 6 13 116
109 6 13 97
109 6 13 10
109 6 13 95
109 6 13 128
109 6 13 51
109 6 14 3
109 6 14 72
109 6 14 121
109 6 14 54
109 6 14 5
109 6 14 91
109 6 14 119
109 6 14 2
109 6 14 3
109 6 14 105
109 6 14 113
109 6 14 95
109 6 14 8
109 6 14 57
109 6 14 127
109 6 14 101
109 6 14 9
109 6 14 78
109 6 14 115
109 6 14 46
109 7 1 7
109 7 1 108
109 7 1 115
109 7 1 94
109 7 1 4
109 7 1 98
109 7 1 110
109 7 1 88
109 7 1 10
109 7 1 73
109 7 1 130
109 7 1 9
109 7 1 10
109 7 1 91
109 7 1 129
109 7 1 62
109 7 1 1
109 7 1 98
109 7 1 124
109 7 1 33
109 7 2 5
109 7 2 104
109 7 2 130
109 7 2 8
109 7 2 10
109 7 2 87
109 7 2 112
109 7 2 12
109 7 2 4
109 7 2 92
109 7 2 125
109 7 2 81
109 7 2 7
109 7 2 82
109 7 2 122
109 7 2 82
109 7 2 2
109 7 2 86
109 7 2 116
109 7 2 98
109 7 3 9
109 7 3 71
109 7 3 112
109 7 3 1
109 7 3 2
109 7 3 68
109 7 3 128
109 7 3 124
109 7 3 6
109 7 3 62
109 7 3 127
109 7 3 125
109 7 3 4
109 7 3 98
109 7 3 123
109 7 3 94
109 7 3 9
109 7 3 67
109 7 3 115
109 7 3 104
109 7 4 8
109 7 4 87
109 7 4 117
109 7 4 81
109 7 4 6
109 7 4 80
109 7 4 122
109 7 4 94
109 7 4 3
109 7 4 102
109 7 4 121
109 7 4 2
109 7 4 2
109 7 4 105
109 7 4 125
109 7 4 44
109 7 4 5
109 7 4 71
109 7 4 116
109 7 4 86
109 7 5 3
109 7 5 98
109 7 5 110
109 7 5 96
109 7 5 4
109 7 5 94
109 7 5 116
109 7 5 98
109 7 5 5
109 7 5 76
109 7 5 117
109 7 5 97
109 7 5 8
109 7 5 62
109 7 5 127
109 7 5 15
109 7 5 6
109 7 5 91
109 7 5 127
109 7 5 52
109 7 6 6
109 7 6 83
109 7 6 120
109 7 6 104
109 7 6 1
109 7 6 93
109 7 6 109
109 7 6 93
109 7 6 3
109 7 6 104
109 7 6 120
109 7 6 56
109 7 6 7
109 7 6 87
109 7 6 114
109 7 6 64
109 7 6 9
109 7 6 56
109 7 6 129
109 7 6 43
109 7 7 7
109 7 7 91
109 7 7 116
109 7 7 29
109 7 7 5
109 7 7 66
109 7 7 113
109 7 7 127
109 7 7 2
109 7 7 60
109 7 7 126
109 7 7 67
109 7 7 1
109 7 7 64
109 7 7 115
109 7 7 51
109 7 7 4
109 7 7 82
109 7 7 128
109 7 7 23
109 7 8 9
109 7 8 90
109 7 8 130
109 7 8 115
109 7 8 5
109 7 8 86
109 7 8 121
109 7 8 26
109 7 8 6
109 7 8 99
109 7 8 126
109 7 8 35
109 7 8 8
109 7 8 90
109 7 8 126
109 7 8 121
109 7 8 7
109 7 8 102
109 7 8 116
109 7 8 107
109 7 9 4
109 7 9 88
109 7 9 110
109 7 9 32
109 7 9 9
109 7 9 96
109 7 9 110
109 7 9 14
109 7 9 8
109 7 9 63
109 7 9 117
109 7 9 32
109 7 9 5
109 7 9 70
109 7 9 118
109 7 9 90
109 7 9 4
109 7 9 78
109 7 9 118
109 7 9 93
109 7 10 2
109 7 10 103
109 7 10 118
109 7 10 82
109 7 10 1
109 7 10 55
109 7 10 130
109 7 10 130
109 7 10 4
109 7 10 72
109 7 10 127
109 7 10 96
109 7 10 4
109 7 10 79
109 7 10 122
109 7 10 32
109 7 10 6
109 7 10 54
109 7 10 124
109 7 10 11
109 7 11 1
109 7 11 74
109 7 11 117
109 7 11 95
109 7 11 3
109 7 11 74
109 7 11 110
109 7 11 5
109 7 11 5
109 7 11 89
109 7 11 130
109 7 11 129
109 7 11 5
109 7 11 97
109 7 11 123
109 7 11 26
109 7 11 6
109 7 11 58
109 7 11 121
109 7 11 23
109 7 12 5
109 7 12 66
109 7 12 130
109 7 12 74
109 7 12 3
109 7 12 88
109 7 12 130
109 7 12 90
109 7 12 7
109 7 12 96
109 7 12 116
109 7 12 14
109 7 12 3
109 7 12 99
109 7 12 111
109 7 12 130
109 7 12 2
109 7 12 104
109 7 12 112
109 7 12 20
109 7 13 7
109 7 13 55
109 7 13 122
109 7 13 10
109 7 13 10
109 7 13 58
109 7 13 111
109 7 13 39
109 7 13 2
109 7 13 84
109 7 13 115
109 7 13 79
109 7 13 4
109 7 13 103
109 7 13 116
109 7 13 95
109 7 13 4
109 7 13 94
109 7 13 113
109 7 13 125
109 7 14 7
109 7 14 106
109 7 14 126
109 7 14 105
109 7 14 2
109 7 14 71
109 7 14 110
109 7 14 110
109 7 14 7
109 7 14 68
109 7 14 120
109 7 14 96
109 7 14 4
109 7 14 70
109 7 14 117
109 7 14 119
109 7 14 9
109 7 14 55
109 7 14 121
109 7 14 56
109 8 1 6
109 8 1 77
109 8 1 120
109 8 1 33
109 8 1 5
109 8 1 68
109 8 1 114
109 8 1 9
109 8 1 10
109 8 1 94
109 8 1 111
109 8 1 56
109 8 1 6
109 8 1 97
109 8 1 117
109 8 1 114
109 8 1 7
109 8 1 68
109 8 1 111
109 8 1 43
109 8 2 5
109 8 2 99
109 8 2 127
109 8 2 73
109 8 2 8
109 8 2 95
109 8 2 117
109 8 2 45
109 8 2 9
109 8 2 54
109 8 2 113
109 8 2 119
109 8 2 9
109 8 2 80
109 8 2 129
109 8 2 20
109 8 2 2
109 8 2 65
109 8 2 126
109 8 2 120
109 8 3 2
109 8 3 62
109 8 3 112
109 8 3 84
109 8 3 8
109 8 3 94
109 8 3 125
109 8 3 54
109 8 3 7
109 8 3 75
109 8 3 128
109 8 3 15
109 8 3 10
109 8 3 78
109 8 3 125
109 8 3 1
109 8 3 5
109 8 3 76
109 8 3 127
109 8 3 128
109 8 4 2
109 8 4 66
109 8 4 127
109 8 4 21
109 8 4 9
109 8 4 82
109 8 4 114
109 8 4 87
109 8 4 3
109 8 4 85
109 8 4 124
109 8 4 79
109 8 4 6
109 8 4 79
109 8 4 122
109 8 4 104
109 8 4 5
109 8 4 95
109 8 4 110
109 8 4 15
109 8 5 10
109 8 5 65
109 8 5 115
109 8 5 122
109 8 5 9
109 8 5 70
109 8 5 128
109 8 5 16
109 8 5 3
109 8 5 54
109 8 5 126
109 8 5 104
109 8 5 6
109 8 5 75
109 8 5 122
109 8 5 68
109 8 5 9
109 8 5 97
109 8 5 114
109 8 5 56
109 8 6 5
109 8 6 86
109 8 6 110
109 8 6 93
109 8 6 9
109 8 6 102
109 8 6 125
109 8 6 14
109 8 6 4
109 8 6 59
109 8 6 113
109 8 6 51
109 8 6 4
109 8 6 83
109 8 6 117
109 8 6 15
109 8 6 5
109 8 6 64
109 8 6 112
109 8 6 1
109 8 7 6
109 8 7 97
109 8 7 117
109 8 7 94
109 8 7 8
109 8 7 84
109 8 7 113
109 8 7 74
109 8 7 7
109 8 7 101
109 8 7 122
109 8 7 27
109 8 7 5
109 8 7 97
109 8 7 117
109 8 7 11
109 8 7 1
109 8 7 71
109 8 7 130
109 8 7 61
109 8 8 9
109 8 8 88
109 8 8 109
109 8 8 100
109 8 8 5
109 8 8 90
109 8 8 114
109 8 8 38
109 8 8 2
109 8 8 77
109 8 8 115
109 8 8 83
109 8 8 2
109 8 8 66
109 8 8 117
109 8 8 111
109 8 8 4
109 8 8 59
109 8 8 119
109 8 8 106
109 8 9 7
109 8 9 69
109 8 9 126
109 8 9 68
109 8 9 2
109 8 9 77
109 8 9 111
109 8 9 115
109 8 9 10
109 8 9 56
109 8 9 121
109 8 9 115
109 8 9 9
109 8 9 107
109 8 9 119
109 8 9 18
109 8 9 10
109 8 9 106
109 8 9 130
109 8 9 79
109 8 10 1
109 8 10 65
109 8 10 127
109 8 10 102
109 8 10 2
109 8 10 92
109 8 10 112
109 8 10 59
109 8 10 7
109 8 10 90
109 8 10 129
109 8 10 95
109 8 10 3
109 8 10 94
109 8 10 129
109 8 10 107
109 8 10 7
109 8 10 57
109 8 10 111
109 8 10 89
109 8 11 8
109 8 11 60
109 8 11 109
109 8 11 128
109 8 11 4
109 8 11 56
109 8 11 128
109 8 11 60
109 8 11 10
109 8 11 89
109 8 11 116
109 8 11 124
109 8 11 5
109 8 11 57
109 8 11 110
109 8 11 95
109 8 11 8
109 8 11 71
109 8 11 113
109 8 11 11
109 8 12 3
109 8 12 68
109 8 12 117
109 8 12 1
109 8 12 6
109 8 12 90
109 8 12 110
109 8 12 91
109 8 12 8
109 8 12 59
109 8 12 121
109 8 12 105
109 8 12 6
109 8 12 55
109 8 12 127
109 8 12 46
109 8 12 9
109 8 12 102
109 8 12 128
109 8 12 36
109 8 13 10
109 8 13 88
109 8 13 130
109 8 13 73
109 8 13 6
109 8 13 71
109 8 13 109
109 8 13 118
109 8 13 9
109 8 13 89
109 8 13 110
109 8 13 87
109 8 13 7
109 8 13 68
109 8 13 114
109 8 13 76
109 8 13 1
109 8 13 93
109 8 13 127
109 8 13 71
109 8 14 10
109 8 14 70
109 8 14 112
109 8 14 105
109 8 14 3
109 8 14 79
109 8 14 119
109 8 14 98
109 8 14 10
109 8 14 65
109 8 14 129
109 8 14 33
109 8 14 5
109 8 14 63
109 8 14 112
109 8 14 13
109 8 14 7
109 8 14 94
109 8 14 117
109 8 14 17
109 9 1 1
109 9 1 99
109 9 1 114
109 9 1 57
109 9 1 3
109 9 1 61
109 9 1 122
109 9 1 63
109 9 1 1
109 9 1 97
109 9 1 129
109 9 1 34
109 9 1 6
109 9 1 58
109 9 1 119
109 9 1 71
109 9 1 5
109 9 1 78
109 9 1 128
109 9 1 14
109 9 2 7
109 9 2 75
109 9 2 113
109 9 2 27
109 9 2 7
109 9 2 63
109 9 2 117
109 9 2 118
109 9 2 5
109 9 2 71
109 9 2 120
109 9 2 23
109 9 2 10
109 9 2 58
109 9 2 115
109 9 2 101
109 9 2 10
109 9 2 78
109 9 2 112
109 9 2 87
109 9 3 5
109 9 3 76
109 9 3 112
109 9 3 86
109 9 3 3
109 9 3 87
109 9 3 121
109 9 3 111
109 9 3 5
109 9 3 100
109 9 3 118
109 9 3 46
109 9 3 9
109 9 3 102
109 9 3 122
109 9 3 83
109 9 3 3
109 9 3 99
109 9 3 112
109 9 3 65
109 9 4 8
109 9 4 58
109 9 4 126
109 9 4 107
109 9 4 9
109 9 4 66
109 9 4 120
109 9 4 65
109 9 4 6
109 9 4 88
109 9 4 118
109 9 4 86
109 9 4 1
109 9 4 105
109 9 4 119
109 9 4 85
109 9 4 10
109 9 4 108
109 9 4 117
109 9 4 93
109 9 5 3
109 9 5 72
109 9 5 124
109 9 5 118
109 9 5 3
109 9 5 61
109 9 5 118
109 9 5 97
109 9 5 5
109 9 5 65
109 9 5 118
109 9 5 26
109 9 5 1
109 9 5 63
109 9 5 127
109 9 5 98
109 9 5 9
109 9 5 66
109 9 5 120
109 9 5 59
109 9 6 9
109 9 6 82
109 9 6 116
109 9 6 31
109 9 6 1
109 9 6 101
109 9 6 130
109 9 6 116
109 9 6 8
109 9 6 84
109 9 6 110
109 9 6 100
109 9 6 10
109 9 6 65
109 9 6 121
109 9 6 90
109 9 6 5
109 9 6 98
109 9 6 124
109 9 6 64
109 9 7 5
109 9 7 83
109 9 7 130
109 9 7 75
109 9 7 4
109 9 7 71
109 9 7 119
109 9 7 63
109 9 7 2
109 9 7 73
109 9 7 116
109 9 7 111
109 9 7 4
109 9 7 62
109 9 7 120
109 9 7 92
109 9 7 5
109 9 7 99
109 9 7 118
109 9 7 96
109 9 8 10
109 9 8 103
109 9 8 127
109 9 8 99
109 9 8 7
109 9 8 55
109 9 8 115
109 9 8 77
109 9 8 9
109 9 8 97
109 9 8 118
109 9 8 56
109 9 8 4
109 9 8 66
109 9 8 118
109 9 8 27
109 9 8 1
109 9 8 84
109 9 8 109
109 9 8 27
109 9 9 1
109 9 9 107
109 9 9 112
109 9 9 7
109 9 9 10
109 9 9 70
109 9 9 123
109 9 9 23
109 9 9 6
109 9 9 103
109 9 9 115
109 9 9 82
109 9 9 4
109 9 9 86
109 9 9 110
109 9 9 88
109 9 9 3
109 9 9 99
109 9 9 115
109 9 9 117
109 9 10 7
109 9 10 80
109 9 10 119
109 9 10 64
109 9 10 1
109 9 10 83
109 9 10 130
109 9 10 107
109 9 10 10
109 9 10 57
109 9 10 110
109 9 10 58
109 9 10 10
109 9 10 89
109 9 10 113
109 9 10 3
109 9 10 6
109 9 10 96
109 9 10 122
109 9 10 118
109 9 11 10
109 9 11 68
109 9 11 118
109 9 11 32
109 9 11 9
109 9 11 77
109 9 11 111
109 9 11 89
109 9 11 2
109 9 11 108
109 9 11 123
109 9 11 19
109 9 11 7
109 9 11 80
109 9 11 127
109 9 11 7
109 9 11 9
109 9 11 84
109 9 11 117
109 9 11 114
109 9 12 6
109 9 12 56
109 9 12 110
109 9 12 76
109 9 12 1
109 9 12 102
109 9 12 113
109 9 12 84
109 9 12 10
109 9 12 97
109 9 12 115
109 9 12 65
109 9 12 9
109 9 12 66
109 9 12 112
109 9 12 105
109 9 12 10
109 9 12 72
109 9 12 129
109 9 12 100
109 9 13 3
109 9 13 66
109 9 13 121
109 9 13 117
109 9 13 10
109 9 13 105
109 9 13 124
109 9 13 124
109 9 13 10
109 9 13 91
109 9 13 110
109 9 13 89
109 9 13 8
109 9 13 89
109 9 13 129
109 9 13 18
109 9 13 1
109 9 13 92
109 9 13 114
109 9 13 9
109 9 14 5
109 9 14 62
109 9 14 124
109 9 14 99
109 9 14 6
109 9 14 108
109 9 14 127
109 9 14 46
109 9 14 7
109 9 14 64
109 9 14 113
109 9 14 62
109 9 14 1
109 9 14 60
109 9 14 125
109 9 14 13
109 9 14 2
109 9 14 55
109 9 14 126
109 9 14 40
109 10 1 3
109 10 1 103
109 10 1 109
109 10 1 71
109 10 1 5
109 10 1 89
109 10 1 114
109 10 1 115
109 10 1 7
109 10 1 105
109 10 1 109
109 10 1 30
109 10 1 1
109 10 1 54
109 10 1 129
109 10 1 75
109 10 1 5
109 10 1 103
109 10 1 114
109 10 1 123
109 10 2 2
109 10 2 80
109 10 2 117
109 10 2 51
109 10 2 9
109 10 2 94
109 10 2 128
109 10 2 62
109 10 2 1
109 10 2 99
109 10 2 115
109 10 2 76
109 10 2 5
109 10 2 105
109 10 2 112
109 10 2 121
109 10 2 3
109 10 2 69
109 10 2 122
109 10 2 28
109 10 3 6
109 10 3 63
109 10 3 127
109 10 3 74
109 10 3 1
109 10 3 94
109 10 3 118
109 10 3 17
109 10 3 3
109 10 3 91
109 10 3 112
109 10 3 22
109 10 3 2
109 10 3 103
109 10 3 130
109 10 3 12
109 10 3 1
109 10 3 87
109 10 3 122
109 10 3 93
109 10 4 6
109 10 4 63
109 10 4 122
109 10 4 40
109 10 4 6
109 10 4 100
109 10 4 127
109 10 4 9
109 10 4 7
109 10 4 99
109 10 4 119
109 10 4 83
109 10 4 5
109 10 4 70
109 10 4 125
109 10 4 71
109 10 4 9
109 10 4 91
109 10 4 123
109 10 4 47
109 10 5 6
109 10 5 86
109 10 5 113
109 10 5 5
109 10 5 2
109 10 5 61
109 10 5 128
109 10 5 127
109 10 5 1
109 10 5 90
109 10 5 125
109 10 5 21
109 10 5 7
109 10 5 62
109 10 5 126
109 10 5 61
109 10 5 4
109 10 5 106
109 10 5 125
109 10 5 28
109 10 6 2
109 10 6 70
109 10 6 126
109 10 6 47
109 10 6 1
109 10 6 108
109 10 6 129
109 10 6 57
109 10 6 10
109 10 6 66
109 10 6 113
109 10 6 97
109 10 6 4
109 10 6 54
109 10 6 120
109 10 6 48
109 10 6 8
109 10 6 54
109 10 6 111
109 10 6 104
109 10 7 5
109 10 7 89
109 10 7 110
109 10 7 10
109 10 7 2
109 10 7 106
109 10 7 128
109 10 7 12
109 10 7 3
109 10 7 92
109 10 7 112
109 10 7 110
109 10 7 4
109 10 7 85
109 10 7 120
109 10 7 90
109 10 7 7
109 10 7 58
109 10 7 128
109 10 7 77
109 10 8 8
109 10 8 94
109 10 8 110
109 10 8 15
109 10 8 10
109 10 8 86
109 10 8 119
109 10 8 79
109 10 8 2
109 10 8 58
109 10 8 120
109 10 8 48
109 10 8 9
109 10 8 64
109 10 8 123
109 10 8 39
109 10 8 9
109 10 8 75
109 10 8 110
109 10 8 91
109 10 9 7
109 10 9 109
109 10 9 122
109 10 9 109
109 10 9 2
109 10 9 95
109 10 9 129
109 10 9 33
109 10 9 1
109 10 9 106
109 10 9 124
109 10 9 39
109 10 9 4
109 10 9 70
109 10 9 114
109 10 9 65
109 10 9 4
109 10 9 70
109 10 9 116
109 10 9 36
109 10 10 2
109 10 10 88
109 10 10 125
109 10 10 107
109 10 10 4
109 10 10 55
109 10 10 112
109 10 10 96
109 10 10 8
109 10 10 84
109 10 10 123
109 10 10 25
109 10 10 9
109 10 10 69
109 10 10 120
109 10 10 37
109 10 10 4
109 10 10 71
109 10 10 129
109 10 10 121
109 10 11 2
109 10 11 95
109 10 11 120
109 10 11 20
109 10 11 7
109 10 11 108
109 10 11 114
109 10 11 106
109 10 11 7
109 10 11 57
109 10 11 130
109 10 11 11
109 10 11 9
109 10 11 71
109 10 11 113
109 10 11 51
109 10 11 4
109 10 11 70
109 10 11 116
109 10 11 119
109 10 12 2
109 10 12 58
109 10 12 110
109 10 12 12
109 10 12 1
109 10 12 93
109 10 12 112
109 10 12 99
109 10 12 10
109 10 12 54
109 10 12 118
109 10 12 26
109 10 12 4
109 10 12 89
109 10 12 120
109 10 12 83
109 10 12 9
109 10 12 77
109 10 12 120
109 10 12 92
109 10 13 7
109 10 13 68
109 10 13 123
109 10 13 49
109 10 13 6
109 10 13 71
109 10 13 124
109 10 13 109
109 10 13 4
109 10 13 107
109 10 13 112
109 10 13 48
109 10 13 7
109 10 13 91
109 10 13 127
109 10 13 76
109 10 13 2
109 10 13 81
109 10 13 130
109 10 13 19
109 10 14 4
109 10 14 66
109 10 14 121
109 10 14 67
109 10 14 5
109 10 14 86
109 10 14 110
109 10 14 92
109 10 14 3
109 10 14 85
109 10 14 118
109 10 14 15
109 10 14 1
109 10 14 105
109 10 14 128
109 10 14 5
109 10 14 7
109 10 14 107
109 10 14 118
109 10 14 59
109 11 1 5
109 11 1 93
109 11 1 118
109 11 1 96
109 11 1 3
109 11 1 106
109 11 1 130
109 11 1 54
109 11 1 7
109 11 1 57
109 11 1 109
109 11 1 69
109 11 1 5
109 11 1 64
109 11 1 113
109 11 1 28
109 11 1 6
109 11 1 77
109 11 1 110
109 11 1 36
109 11 2 10
109 11 2 60
109 11 2 123
109 11 2 3
109 11 2 3
109 11 2 59
109 11 2 122
109 11 2 86
109 11 2 6
109 11 2 64
109 11 2 122
109 11 2 7
109 11 2 10
109 11 2 73
109 11 2 116
109 11 2 57
109 11 2 4
109 11 2 69
109 11 2 111
109 11 2 104
109 11 3 4
109 11 3 84
109 11 3 118
109 11 3 50
109 11 3 10
109 11 3 103
109 11 3 127
109 11 3 60
109 11 3 1
109 11 3 104
109 11 3 111
109 11 3 119
109 11 3 1
109 11 3 87
109 11 3 111
109 11 3 8
109 11 3 10
109 11 3 106
109 11 3 118
109 11 3 123
109 11 4 9
109 11 4 55
109 11 4 119
109 11 4 47
109 11 4 10
109 11 4 61
109 11 4 121
109 11 4 120
109 11 4 3
109 11 4 89
109 11 4 115
109 11 4 26
109 11 4 3
109 11 4 81
109 11 4 128
109 11 4 55
109 11 4 6
109 11 4 87
109 11 4 114
109 11 4 21
109 11 5 4
109 11 5 60
109 11 5 109
109 11 5 105
109 11 5 6
109 11 5 80
109 11 5 126
109 11 5 82
109 11 5 3
109 11 5 56
109 11 5 114
109 11 5 23
109 11 5 7
109 11 5 93
109 11 5 129
109 11 5 7
109 11 5 5
109 11 5 60
109 11 5 109
109 11 5 62
109 11 6 5
109 11 6 78
109 11 6 114
109 11 6 65
109 11 6 5
109 11 6 85
109 11 6 117
109 11 6 7
109 11 6 5
109 11 6 65
109 11 6 123
109 11 6 44
109 11 6 6
109 11 6 88
109 11 6 123
109 11 6 20
109 11 6 2
109 11 6 63
109 11 6 121
109 11 6 13
109 11 7 5
109 11 7 59
109 11 7 113
109 11 7 126
109 11 7 5
109 11 7 107
109 11 7 111
109 11 7 6
109 11 7 1
109 11 7 95
109 11 7 120
109 11 7 63
109 11 7 1
109 11 7 104
109 11 7 125
109 11 7 57
109 11 7 7
109 11 7 83
109 11 7 130
109 11 7 99
109 11 8 5
109 11 8 95
109 11 8 117
109 11 8 90
109 11 8 1
109 11 8 62
109 11 8 127
109 11 8 42
109 11 8 6
109 11 8 71
109 11 8 125
109 11 8 69
109 11 8 10
109 11 8 68
109 11 8 110
109 11 8 72
109 11 8 8
109 11 8 63
109 11 8 115
109 11 8 103
109 11 9 9
109 11 9 64
109 11 9 126
109 11 9 80
109 11 9 4
109 11 9 78
109 11 9 113
109 11 9 128
109 11 9 8
109 11 9 73
109 11 9 119
109 11 9 15
109 11 9 7
109 11 9 60
109 11 9 113
109 11 9 15
109 11 9 2
109 11 9 94
109 11 9 114
109 11 9 43
109 11 10 1
109 11 10 87
109 11 10 121
109 11 10 11
109 11 10 3
109 11 10 56
109 11 10 127
109 11 10 128
109 11 10 10
109 11 10 103
109 11 10 118
109 11 10 110
109 11 10 6
109 11 10 64
109 11 10 118
109 11 10 97
109 11 10 3
109 11 10 104
109 11 10 116
109 11 10 50
109 11 11 3
109 11 11 103
109 11 11 111
109 11 11 60
109 11 11 6
109 11 11 57
109 11 11 115
109 11 11 76
109 11 11 2
109 11 11 81
109 11 11 123
109 11 11 94
109 11 11 6
109 11 11 96
109 11 11 112
109 11 11 75
109 11 11 6
109 11 11 93
109 11 11 128
109 11 11 23
109 11 12 5
109 11 12 86
109 11 12 111
109 11 12 57
109 11 12 9
109 11 12 99
109 11 12 119
109 11 12 2
109 11 12 5
109 11 12 81
109 11 12 130
109 11 12 69
109 11 12 3
109 11 12 78
109 11 12 128
109 11 12 45
109 11 12 7
109 11 12 61
109 11 12 125
109 11 12 61
109 11 13 2
109 11 13 80
109 11 13 128
109 11 13 62
109 11 13 6
109 11 13 85
109 11 13 129
109 11 13 102
109 11 13 10
109 11 13 86
109 11 13 110
109 11 13 14
109 11 13 10
109 11 13 78
109 11 13 116
109 11 13 104
109 11 13 3
109 11 13 58
109 11 13 120
109 11 13 98
109 11 14 5
109 11 14 83
109 11 14 118
109 11 14 101
109 11 14 8
109 11 14 65
109 11 14 125
109 11 14 87
109 11 14 9
109 11 14 88
109 11 14 119
109 11 14 99
109 11 14 8
109 11 14 83
109 11 14 109
109 11 14 64
109 11 14 2
109 11 14 63
109 11 14 111
109 11 14 98
109 12 1 4
109 12 1 55
109 12 1 112
109 12 1 111
109 12 1 5
109 12 1 101
109 12 1 111
109 12 1 12
109 12 1 10
109 12 1 87
109 12 1 128
109 12 1 114
109 12 1 1
109 12 1 75
109 12 1 119
109 12 1 125
109 12 1 4
109 12 1 69
109 12 1 117
109 12 1 91
109 12 2 1
109 12 2 91
109 12 2 129
109 12 2 91
109 12 2 2
109 12 2 78
109 12 2 110
109 12 2 12
109 12 2 7
109 12 2 105
109 12 2 117
109 12 2 44
109 12 2 6
109 12 2 77
109 12 2 129
109 12 2 23
109 12 2 8
109 12 2 70
109 12 2 126
109 12 2 120
109 12 3 9
109 12 3 76
109 12 3 128
109 12 3 128
109 12 3 9
109 12 3 59
109 12 3 109
109 12 3 28
109 12 3 6
109 12 3 105
109 12 3 114
109 12 3 92
109 12 3 8
109 12 3 71
109 12 3 117
109 12 3 116
109 12 3 2
109 12 3 61
109 12 3 127
109 12 3 30
109 12 4 1
109 12 4 80
109 12 4 120
109 12 4 3
109 12 4 5
109 12 4 93
109 12 4 123
109 12 4 130
109 12 4 7
109 12 4 87
109 12 4 122
109 12 4 56
109 12 4 10
109 12 4 107
109 12 4 115
109 12 4 75
109 12 4 4
109 12 4 60
109 12 4 127
109 12 4 109
109 12 5 1
109 12 5 83
109 12 5 118
109 12 5 96
109 12 5 7
109 12 5 55
109 12 5 122
109 12 5 31
109 12 5 6
109 12 5 91
109 12 5 113
109 12 5 95
109 12 5 4
109 12 5 66
109 12 5 127
109 12 5 27
109 12 5 7
109 12 5 79
109 12 5 113
109 12 5 113
109 12 6 2
109 12 6 89
109 12 6 114
109 12 6 115
109 12 6 8
109 12 6 98
109 12 6 120
109 12 6 4
109 12 6 1
109 12 6 78
109 12 6 129
109 12 6 27
109 12 6 8
109 12 6 58
109 12 6 115
109 12 6 77
109 12 6 10
109 12 6 104
109 12 6 114
109 12 6 69
109 12 7 1
109 12 7 66
109 12 7 111
109 12 7 41
109 12 7 5
109 12 7 57
109 12 7 120
109 12 7 4
109 12 7 4
109 12 7 64
109 12 7 125
109 12 7 128
109 12 7 9
109 12 7 109
109 12 7 113
109 12 7 77
109 12 7 2
109 12 7 73
109 12 7 127
109 12 7 4
109 12 8 5
109 12 8 57
109 12 8 128
109 12 8 14
109 12 8 6
109 12 8 99
109 12 8 111
109 12 8 52
109 12 8 10
109 12 8 99
109 12 8 122
109 12 8 113
109 12 8 3
109 12 8 76
109 12 8 115
109 12 8 102
109 12 8 10
109 12 8 62
109 12 8 113
109 12 8 12
109 12 9 10
109 12 9 65
109 12 9 115
109 12 9 87
109 12 9 1
109 12 9 103
109 12 9 116
109 12 9 80
109 12 9 8
109 12 9 57
109 12 9 119
109 12 9 51
109 12 9 10
109 12 9 68
109 12 9 120
109 12 9 72
109 12 9 8
109 12 9 63
109 12 9 122
109 12 9 55
109 12 10 3
109 12 10 62
109 12 10 117
109 12 10 10
109 12 10 1
109 12 10 63
109 12 10 127
109 12 10 1
109 12 10 1
109 12 10 90
109 12 10 118
109 12 10 38
109 12 10 2
109 12 10 91
109 12 10 109
109 12 10 56
109 12 10 9
109 12 10 76
109 12 10 114
109 12 10 52
109 12 11 9
109 12 11 61
109 12 11 112
109 12 11 83
109 12 11 5
109 12 11 79
109 12 11 124
109 12 11 33
109 12 11 3
109 12 11 92
109 12 11 112
109 12 11 88
109 12 11 2
109 12 11 74
109 12 11 114
109 12 11 130
109 12 11 10
109 12 11 94
109 12 11 115
109 12 11 46
109 12 12 3
109 12 12 99
109 12 12 122
109 12 12 17
109 12 12 2
109 12 12 97
109 12 12 116
109 12 12 49
109 12 12 1
109 12 12 104
109 12 12 118
109 12 12 84
109 12 12 5
109 12 12 58
109 12 12 117
109 12 12 22
109 12 12 8
109 12 12 63
109 12 12 127
109 12 12 86
109 12 13 6
109 12 13 94
109 12 13 124
109 12 13 69
109 12 13 4
109 12 13 71
109 12 13 110
109 12 13 120
109 12 13 9
109 12 13 66
109 12 13 129
109 12 13 18
109 12 13 8
109 12 13 86
109 12 13 117
109 12 13 113
109 12 13 4
109 12 13 100
109 12 13 116
109 12 13 127
109 12 14 2
109 12 14 70
109 12 14 126
109 12 14 48
109 12 14 1
109 12 14 92
109 12 14 109
109 12 14 61
109 12 14 2
109 12 14 80
109 12 14 120
109 12 14 13
109 12 14 9
109 12 14 65
109 12 14 124
109 12 14 73
109 12 14 6
109 12 14 59
109 12 14 129
109 12 14 40
109 13 1 10
109 13 1 104
109 13 1 122
109 13 1 126
109 13 1 6
109 13 1 94
109 13 1 110
109 13 1 108
109 13 1 4
109 13 1 92
109 13 1 127
109 13 1 121
109 13 1 2
109 13 1 104
109 13 1 112
109 13 1 4
109 13 1 1
109 13 1 93
109 13 1 109
109 13 1 75
109 13 2 4
109 13 2 82
109 13 2 116
109 13 2 110
109 13 2 1
109 13 2 80
109 13 2 121
109 13 2 87
109 13 2 2
109 13 2 55
109 13 2 128
109 13 2 112
109 13 2 7
109 13 2 63
109 13 2 110
109 13 2 36
109 13 2 9
109 13 2 102
109 13 2 123
109 13 2 28
109 13 3 4
109 13 3 75
109 13 3 119
109 13 3 87
109 13 3 6
109 13 3 85
109 13 3 121
109 13 3 107
109 13 3 9
109 13 3 88
109 13 3 112
109 13 3 20
109 13 3 8
109 13 3 83
109 13 3 119
109 13 3 118
109 13 3 9
109 13 3 79
109 13 3 119
109 13 3 54
109 13 4 3
109 13 4 57
109 13 4 121
109 13 4 102
109 13 4 10
109 13 4 91
109 13 4 128
109 13 4 72
109 13 4 1
109 13 4 79
109 13 4 122
109 13 4 42
109 13 4 3
109 13 4 67
109 13 4 116
109 13 4 3
109 13 4 2
109 13 4 96
109 13 4 114
109 13 4 43
109 13 5 10
109 13 5 75
109 13 5 117
109 13 5 60
109 13 5 10
109 13 5 79
109 13 5 117
109 13 5 129
109 13 5 8
109 13 5 102
109 13 5 122
109 13 5 86
109 13 5 9
109 13 5 106
109 13 5 123
109 13 5 21
109 13 5 3
109 13 5 55
109 13 5 124
109 13 5 126
109 13 6 8
109 13 6 94
109 13 6 129
109 13 6 106
109 13 6 9
109 13 6 70
109 13 6 126
109 13 6 11
109 13 6 3
109 13 6 58
109 13 6 111
109 13 6 98
109 13 6 8
109 13 6 96
109 13 6 118
109 13 6 67
109 13 6 6
109 13 6 105
109 13 6 129
109 13 6 98
109 13 7 7
109 13 7 89
109 13 7 129
109 13 7 36
109 13 7 9
109 13 7 67
109 13 7 115
109 13 7 21
109 13 7 6
109 13 7 96
109 13 7 122
109 13 7 6
109 13 7 6
109 13 7 73
109 13 7 113
109 13 7 83
109 13 7 10
109 13 7 91
109 13 7 121
109 13 7 53
109 13 8 2
109 13 8 56
109 13 8 128
109 13 8 39
109 13 8 1
109 13 8 96
109 13 8 114
109 13 8 29
109 13 8 2
109 13 8 101
109 13 8 118
109 13 8 4
109 13 8 5
109 13 8 66
109 13 8 119
109 13 8 84
109 13 8 3
109 13 8 86
109 13 8 120
109 13 8 37
109 13 9 1
109 13 9 61
109 13 9 115
109 13 9 98
109 13 9 10
109 13 9 87
109 13 9 117
109 13 9 38
109 13 9 5
109 13 9 108
109 13 9 113
109 13 9 34
109 13 9 9
109 13 9 62
109 13 9 114
109 13 9 33
109 13 9 5
109 13 9 90
109 13 9 109
109 13 9 60
109 13 10 6
109 13 10 61
109 13 10 128
109 13 10 112
109 13 10 5
109 13 10 64
109 13 10 109
109 13 10 42
109 13 10 3
109 13 10 67
109 13 10 118
109 13 10 79
109 13 10 2
109 13 10 92
109 13 10 130
109 13 10 46
109 13 10 4
109 13 10 90
109 13 10 115
109 13 10 80
109 13 11 4
109 13 11 92
109 13 11 111
109 13 11 34
109 13 11 6
109 13 11 56
109 13 11 119
109 13 11 6
109 13 11 5
109 13 11 76
109 13 11 109
109 13 11 15
109 13 11 2
109 13 11 85
109 13 11 123
109 13 11 104
109 13 11 9
109 13 11 80
109 13 11 112
109 13 11 56
109 13 12 6
109 13 12 79
109 13 12 113
109 13 12 89
109 13 12 2
109 13 12 90
109 13 12 123
109 13 12 36
109 13 12 10
109 13 12 94
109 13 12 119
109 13 12 32
109 13 12 8
109 13 12 71
109 13 12 114
109 13 12 43
109 13 12 10
109 13 12 107
109 13 12 127
109 13 12 34
109 13 13 9
109 13 13 98
109 13 13 117
109 13 13 67
109 13 13 8
109 13 13 69
109 13 13 121
109 13 13 10
109 13 13 1
109 13 13 88
109 13 13 120
109 13 13 97
109 13 13 5
109 13 13 91
109 13 13 127
109 13 13 117
109 13 13 9
109 13 13 102
109 13 13 129
109 13 13 118
109 13 14 8
109 13 14 74
109 13 14 125
109 13 14 49
109 13 14 3
109 13 14 72
109 13 14 120
109 13 14 27
109 13 14 6
109 13 14 92
109 13 14 114
109 13 14 45
109 13 14 5
109 13 14 101
109 13 14 124
109 13 14 15
109 13 14 6
109 13 14 96
109 13 14 120
109 13 14 93
109 14 1 2
109 14 1 89
109 14 1 122
109 14 1 92
109 14 1 2
109 14 1 104
109 14 1 115
109 14 1 28
109 14 1 3
109 14 1 70
109 14 1 130
109 14 1 70
109 14 1 1
109 14 1 83
109 14 1 127
109 14 1 130
109 14 1 3
109 14 1 102
109 14 1 113
109 14 1 17
109 14 2 10
109 14 2 61
109 14 2 110
109 14 2 15
109 14 2 3
109 14 2 96
109 14 2 113
109 14 2 100
109 14 2 4
109 14 2 59
109 14 2 116
109 14 2 8
109 14 2 3
109 14 2 89
109 14 2 116
109 14 2 53
109 14 2 7
109 14 2 108
109 14 2 110
109 14 2 12
109 14 3 6
109 14 3 80
109 14 3 120
109 14 3 97
109 14 3 2
109 14 3 74
109 14 3 119
109 14 3 100
109 14 3 8
109 14 3 109
109 14 3 125
109 14 3 4
109 14 3 10
109 14 3 94
109 14 3 116
109 14 3 72
109 14 3 6
109 14 3 88
109 14 3 126
109 14 3 46
109 14 4 9
109 14 4 100
109 14 4 114
109 14 4 64
109 14 4 5
109 14 4 89
109 14 4 117
109 14 4 55
109 14 4 7
109 14 4 82
109 14 4 123
109 14 4 26
109 14 4 4
109 14 4 95
109 14 4 121
109 14 4 41
109 14 4 6
109 14 4 55
109 14 4 115
109 14 4 17
109 14 5 3
109 14 5 66
109 14 5 113
109 14 5 102
109 14 5 9
109 14 5 96
109 14 5 110
109 14 5 10
109 14 5 6
109 14 5 91
109 14 5 126
109 14 5 31
109 14 5 9
109 14 5 63
109 14 5 112
109 14 5 38
109 14 5 6
109 14 5 75
109 14 5 115
109 14 5 8
109 14 6 8
109 14 6 61
109 14 6 114
109 14 6 40
109 14 6 5
109 14 6 72
109 14 6 122
109 14 6 118
109 14 6 5
109 14 6 104
109 14 6 129
109 14 6 108
109 14 6 3
109 14 6 96
109 14 6 115
109 14 6 68
109 14 6 5
109 14 6 87
109 14 6 125
109 14 6 10
109 14 7 2
109 14 7 66
109 14 7 109
109 14 7 68
109 14 7 6
109 14 7 58
109 14 7 123
109 14 7 71
109 14 7 7
109 14 7 87
109 14 7 123
109 14 7 66
109 14 7 10
109 14 7 69
109 14 7 113
109 14 7 65
109 14 7 2
109 14 7 83
109 14 7 122
109 14 7 103
109 14 8 9
109 14 8 90
109 14 8 125
109 14 8 44
109 14 8 4
109 14 8 58
109 14 8 119
109 14 8 46
109 14 8 1
109 14 8 85
109 14 8 125
109 14 8 71
109 14 8 4
109 14 8 91
109 14 8 125
109 14 8 18
109 14 8 10
109 14 8 96
109 14 8 123
109 14 8 21
109 14 9 6
109 14 9 102
109 14 9 123
109 14 9 117
109 14 9 4
109 14 9 69
109 14 9 122
109 14 9 118
109 14 9 6
109 14 9 62
109 14 9 116
109 14 9 27
109 14 9 8
109 14 9 69
109 14 9 122
109 14 9 43
109 14 9 7
109 14 9 98
109 14 9 122
109 14 9 61
109 14 10 8
109 14 10 109
109 14 10 114
109 14 10 83
109 14 10 2
109 14 10 66
109 14 10 126
109 14 10 21
109 14 10 1
109 14 10 79
109 14 10 124
109 14 10 76
109 14 10 4
109 14 10 59
109 14 10 119
109 14 10 104
109 14 10 10
109 14 10 80
109 14 10 120
109 14 10 83
109 14 11 8
109 14 11 98
109 14 11 124
109 14 11 85
109 14 11 1
109 14 11 62
109 14 11 111
109 14 11 122
109 14 11 9
109 14 11 94
109 14 11 116
109 14 11 121
109 14 11 5
109 14 11 54
109 14 11 119
109 14 11 91
109 14 11 8
109 14 11 68
109 14 11 124
109 14 11 75
109 14 12 10
109 14 12 101
109 14 12 125
109 14 12 59
109 14 12 5
109 14 12 66
109 14 12 118
109 14 12 10
109 14 12 7
109 14 12 71
109 14 12 118
109 14 12 108
109 14 12 5
109 14 12 80
109 14 12 114
109 14 12 35
109 14 12 8
109 14 12 106
109 14 12 129
109 14 12 26
109 14 13 4
109 14 13 94
109 14 13 116
109 14 13 79
109 14 13 5
109 14 13 101
109 14 13 119
109 14 13 11
109 14 13 6
109 14 13 66
109 14 13 125
109 14 13 76
109 14 13 6
109 14 13 68
109 14 13 128
109 14 13 12
109 14 13 2
109 14 13 57
109 14 13 123
109 14 13 1
109 14 14 6
109 14 14 81
109 14 14 123
109 14 14 49
109 14 14 2
109 14 14 86
109 14 14 121
109 14 14 103
109 14 14 4
109 14 14 83
109 14 14 114
109 14 14 74
109 14 14 5
109 14 14 100
109 14 14 116
109 14 14 58
109 14 14 9
109 14 14 109
109 14 14 114
109 14 14 52
113 1 1 2
113 1 1 92
113 1 1 129
113 1 1 69
113 1 1 1
113 1 1 100
113 1 1 134
113 1 1 30
113 1 1 9
113 1 1 67
113 1 1 122
113 1 1 131
113 1 1 5
113 1 1 111
113 1 1 127
113 1 1 69
113 1 1 10
113 1 1 102
113 1 1 114
113 1 1 110
113 1 2 7
113 1 2 77
113 1 2 129
113 1 2 18
113 1 2 2
113 1 2 68
113 1 2 127
113 1 2 16
113 1 2 5
113 1 2 67
113 1 2 134
113 1 2 106
113 1 2 4
113 1 2 75
113 1 2 115
113 1 2 132
113 1 2 10
113 1 2 82
113 1 2 132
113 1 2 76
113 1 3 7
113 1 3 69
113 1 3 132
113 1 3 86
113 1 3 3
113 1 3 83
113 1 3 115
113 1 3 118
113 1 3 7
113 1 3 74
113 1 3 120
113 1 3 130
113 1 3 2
113 1 3 106
113 1 3 133
113 1 3 39
113 1 3 8
113 1 3 80
113 1 3 113
113 1 3 125
113 1 4 9
113 1 4 71
113 1 4 120
113 1 4 56
113 1 4 9
113 1 4 104
113 1 4 123
113 1 4 29
113 1 4 2
113 1 4 84
113 1 4 118
113 1 4 17
113 1 4 2
113 1 4 107
113 1 4 133
113 1 4 23
113 1 4 10
113 1 4 81
113 1 4 127
113 1 4 56
113 1 5 9
113 1 5 102
113 1 5 124
113 1 5 80
113 1 5 8
113 1 5 75
113 1 5 127
113 1 5 20
113 1 5 7
113 1 5 110
113 1 5 113
113 1 5 31
113 1 5 10
113 1 5 64
113 1 5 117
113 1 5 42
113 1 5 3
113 1 5 102
113 1 5 131
113 1 5 78
113 1 6 1
113 1 6 92
113 1 6 121
113 1 6 5
113 1 6 2
113 1 6 80
113 1 6 127
113 1 6 79
113 1 6 1
113 1 6 104
113 1 6 134
113 1 6 26
113 1 6 8
113 1 6 65
113 1 6 120
113 1 6 40
113 1 6 6
113 1 6 71
113 1 6 130
113 1 6 15
113 1 7 8
113 1 7 95
113 1 7 128
113 1 7 22
113 1 7 2
113 1 7 73
113 1 7 123
113 1 7 44
113 1 7 9
113 1 7 93
113 1 7 124
113 1 7 19
113 1 7 3
113 1 7 103
113 1 7 126
113 1 7 10
113 1 7 4
113 1 7 60
113 1 7 128
113 1 7 104
113 1 8 6
113 1 8 60
113 1 8 128
113 1 8 17
113 1 8 6
113 1 8 60
113 1 8 116
113 1 8 69
113 1 8 7
113 1 8 113
113 1 8 116
113 1 8 72
113 1 8 9
113 1 8 100
113 1 8 134
113 1 8 85
113 1 8 8
113 1 8 83
113 1 8 119
113 1 8 119
113 1 9 6
113 1 9 98
113 1 9 130
113 1 9 73
113 1 9 10
113 1 9 99
113 1 9 131
113 1 9 67
113 1 9 7
113 1 9 65
113 1 9 115
113 1 9 106
113 1 9 7
113 1 9 70
113 1 9 134
113 1 9 82
113 1 9 5
113 1 9 67
113 1 9 132
113 1 9 75
113 1 10 8
113 1 10 67
113 1 10 120
113 1 10 44
113 1 10 9
113 1 10 74
113 1 10 123
113 1 10 49
113 1 10 6
113 1 10 84
113 1 10 122
113 1 10 10
113 1 10 5
113 1 10 102
113 1 10 114
113 1 10 89
113 1 10 3
113 1 10 65
113 1 10 124
113 1 10 116
113 1 11 2
113 1 11 113
113 1 11 134
113 1 11 77
113 1 11 6
113 1 11 81
113 1 11 116
113 1 11 65
113 1 11 7
113 1 11 67
113 1 11 125
113 1 11 117
113 1 11 4
113 1 11 93
113 1 11 123
113 1 11 78
113 1 11 1
113 1 11 56
113 1 11 115
113 1 11 46
113 1 12 2
113 1 12 110
113 1 12 130
113 1 12 1
113 1 12 1
113 1 12 82
113 1 12 127
113 1 12 71
113 1 12 4
113 1 12 105
113 1 12 134
113 1 12 92
113 1 12 4
113 1 12 102
113 1 12 113
113 1 12 84
113 1 12 7
113 1 12 74
113 1 12 113
113 1 12 26
113 1 13 1
113 1 13 110
113 1 13 123
113 1 13 68
113 1 13 1
113 1 13 109
113 1 13 125
113 1 13 17
113 1 13 10
113 1 13 101
113 1 13 131
113 1 13 49
113 1 13 10
113 1 13 89
113 1 13 122
113 1 13 115
113 1 13 6
113 1 13 83
113 1 13 130
113 1 13 90
113 1 14 5
113 1 14 84
113 1 14 113
113 1 14 41
113 1 14 1
113 1 14 109
113 1 14 116
113 1 14 14
113 1 14 3
113 1 14 84
113 1 14 121
113 1 14 32
113 1 14 1
113 1 14 71
113 1 14 119
113 1 14 78
113 1 14 1
113 1 14 86
113 1 14 129
113 1 14 51
113 2 1 3
113 2 1 92
113 2 1 134
113 2 1 4
113 2 1 4
113 2 1 72
113 2 1 126
113 2 1 1
113 2 1 8
113 2 1 111
113 2 1 116
113 2 1 106
113 2 1 7
113 2 1 107
113 2 1 123
113 2 1 105
113 2 1 6
113 2 1 60
113 2 1 119
113 2 1 32
113 2 2 4
113 2 2 88
113 2 2 123
113 2 2 32
113 2 2 2
113 2 2 70
113 2 2 114
113 2 2 95
113 2 2 1
113 2 2 102
113 2 2 113
113 2 2 109
113 2 2 7
113 2 2 56
113 2 2 125
113 2 2 65
113 2 2 7
113 2 2 101
113 2 2 134
113 2 2 82
113 2 3 10
113 2 3 93
113 2 3 119
113 2 3 67
113 2 3 9
113 2 3 111
113 2 3 125
113 2 3 38
113 2 3 5
113 2 3 111
113 2 3 114
113 2 3 97
113 2 3 10
113 2 3 106
113 2 3 122
113 2 3 9
113 2 3 3
113 2 3 79
113 2 3 116
113 2 3 105
113 2 4 6
113 2 4 78
113 2 4 131
113 2 4 98
113 2 4 2
113 2 4 89
113 2 4 130
113 2 4 46
113 2 4 9
113 2 4 61
113 2 4 133
113 2 4 58
113 2 4 1
113 2 4 93
113 2 4 116
113 2 4 51
113 2 4 4
113 2 4 83
113 2 4 126
113 2 4 58
113 2 5 3
113 2 5 67
113 2 5 119
113 2 5 25
113 2 5 5
113 2 5 97
113 2 5 133
113 2 5 93
113 2 5 3
113 2 5 69
113 2 5 128
113 2 5 83
113 2 5 9
113 2 5 56
113 2 5 113
113 2 5 38
113 2 5 2
113 2 5 72
113 2 5 114
113 2 5 7
113 2 6 10
113 2 6 72
113 2 6 127
113 2 6 60
113 2 6 10
113 2 6 86
113 2 6 133
113 2 6 38
113 2 6 6
113 2 6 75
113 2 6 116
113 2 6 62
113 2 6 9
113 2 6 82
113 2 6 113
113 2 6 74
113 2 6 5
113 2 6 75
113 2 6 115
113 2 6 15
113 2 7 6
113 2 7 72
113 2 7 128
113 2 7 114
113 2 7 5
113 2 7 61
113 2 7 116
113 2 7 112
113 2 7 1
113 2 7 68
113 2 7 123
113 2 7 106
113 2 7 3
113 2 7 78
113 2 7 129
113 2 7 15
113 2 7 4
113 2 7 109
113 2 7 117
113 2 7 26
113 2 8 7
113 2 8 87
113 2 8 128
113 2 8 35
113 2 8 8
113 2 8 82
113 2 8 127
113 2 8 116
113 2 8 4
113 2 8 95
113 2 8 134
113 2 8 119
113 2 8 5
113 2 8 91
113 2 8 124
113 2 8 8
113 2 8 1
113 2 8 105
113 2 8 123
113 2 8 116
113 2 9 9
113 2 9 107
113 2 9 130
113 2 9 83
113 2 9 8
113 2 9 105
113 2 9 123
113 2 9 8
113 2 9 1
113 2 9 100
113 2 9 127
113 2 9 70
113 2 9 4
113 2 9 67
113 2 9 118
113 2 9 21
113 2 9 5
113 2 9 66
113 2 9 128
113 2 9 119
113 2 10 9
113 2 10 107
113 2 10 125
113 2 10 118
113 2 10 8
113 2 10 74
113 2 10 122
113 2 10 52
113 2 10 5
113 2 10 66
113 2 10 115
113 2 10 3
113 2 10 5
113 2 10 89
113 2 10 124
113 2 10 67
113 2 10 9
113 2 10 85
113 2 10 130
113 2 10 101
113 2 11 3
113 2 11 61
113 2 11 127
113 2 11 86
113 2 11 2
113 2 11 83
113 2 11 128
113 2 11 80
113 2 11 9
113 2 11 68
113 2 11 132
113 2 11 11
113 2 11 3
113 2 11 59
113 2 11 128
113 2 11 99
113 2 11 3
113 2 11 108
113 2 11 129
113 2 11 38
113 2 12 9
113 2 12 57
113 2 12 133
113 2 12 20
113 2 12 9
113 2 12 79
113 2 12 133
113 2 12 3
113 2 12 4
113 2 12 110
113 2 12 124
113 2 12 61
113 2 12 9
113 2 12 75
113 2 12 115
113 2 12 105
113 2 12 3
113 2 12 75
113 2 12 118
113 2 12 44
113 2 13 7
113 2 13 58
113 2 13 123
113 2 13 34
113 2 13 2
113 2 13 58
113 2 13 131
113 2 13 40
113 2 13 8
113 2 13 57
113 2 13 121
113 2 13 134
113 2 13 4
113 2 13 88
113 2 13 127
113 2 13 124
113 2 13 6
113 2 13 91
113 2 13 122
113 2 13 22
113 2 14 5
113 2 14 97
113 2 14 118
113 2 14 40
113 2 14 6
113 2 14 57
113 2 14 114
113 2 14 37
113 2 14 10
113 2 14 68
113 2 14 119
113 2 14 40
113 2 14 2
113 2 14 107
113 2 14 123
113 2 14 87
113 2 14 10
113 2 14 103
113 2 14 116
113 2 14 101
113 3 1 6
113 3 1 64
113 3 1 116
113 3 1 21
113 3 1 4
113 3 1 88
113 3 1 126
113 3 1 99
113 3 1 9
113 3 1 66
113 3 1 122
113 3 1 88
113 3 1 4
113 3 1 81
113 3 1 128
113 3 1 7
113 3 1 2
113 3 1 101
113 3 1 127
113 3 1 76
113 3 2 6
113 3 2 66
113 3 2 119
113 3 2 116
113 3 2 3
113 3 2 73
113 3 2 123
113 3 2 122
113 3 2 2
113 3 2 91
113 3 2 133
113 3 2 117
113 3 2 6
113 3 2 72
113 3 2 116
113 3 2 73
113 3 2 3
113 3 2 77
113 3 2 116
113 3 2 73
113 3 3 6
113 3 3 106
113 3 3 117
113 3 3 82
113 3 3 6
113 3 3 98
113 3 3 131
113 3 3 75
113 3 3 5
113 3 3 88
113 3 3 128
113 3 3 114
113 3 3 5
113 3 3 75
113 3 3 115
113 3 3 81
113 3 3 4
113 3 3 113
113 3 3 127
113 3 3 39
113 3 4 8
113 3 4 72
113 3 4 129
113 3 4 90
113 3 4 3
113 3 4 99
113 3 4 129
113 3 4 22
113 3 4 10
113 3 4 63
113 3 4 121
113 3 4 87
113 3 4 8
113 3 4 81
113 3 4 130
113 3 4 14
113 3 4 5
113 3 4 105
113 3 4 131
113 3 4 127
113 3 5 3
113 3 5 95
113 3 5 134
113 3 5 39
113 3 5 1
113 3 5 82
113 3 5 113
113 3 5 37
113 3 5 2
113 3 5 80
113 3 5 126
113 3 5 104
113 3 5 9
113 3 5 94
113 3 5 127
113 3 5 114
113 3 5 9
113 3 5 78
113 3 5 121
113 3 5 71
113 3 6 8
113 3 6 81
113 3 6 118
113 3 6 128
113 3 6 7
113 3 6 98
113 3 6 127
113 3 6 101
113 3 6 4
113 3 6 104
113 3 6 122
113 3 6 50
113 3 6 9
113 3 6 98
113 3 6 123
113 3 6 58
113 3 6 7
113 3 6 90
113 3 6 127
113 3 6 95
113 3 7 4
113 3 7 94
113 3 7 118
113 3 7 81
113 3 7 8
113 3 7 81
113 3 7 128
113 3 7 63
113 3 7 3
113 3 7 110
113 3 7 127
113 3 7 74
113 3 7 1
113 3 7 98
113 3 7 117
113 3 7 59
113 3 7 1
113 3 7 77
113 3 7 121
113 3 7 132
113 3 8 10
113 3 8 86
113 3 8 130
113 3 8 39
113 3 8 6
113 3 8 79
113 3 8 133
113 3 8 57
113 3 8 4
113 3 8 62
113 3 8 116
113 3 8 127
113 3 8 9
113 3 8 113
113 3 8 125
113 3 8 7
113 3 8 1
113 3 8 93
113 3 8 118
113 3 8 94
113 3 9 10
113 3 9 70
113 3 9 120
113 3 9 25
113 3 9 9
113 3 9 84
113 3 9 130
113 3 9 46
113 3 9 4
113 3 9 73
113 3 9 126
113 3 9 63
113 3 9 4
113 3 9 75
113 3 9 130
113 3 9 26
113 3 9 10
113 3 9 73
113 3 9 131
113 3 9 102
113 3 10 5
113 3 10 74
113 3 10 125
113 3 10 20
113 3 10 9
113 3 10 106
113 3 10 130
113 3 10 120
113 3 10 3
113 3 10 89
113 3 10 132
113 3 10 130
113 3 10 1
113 3 10 73
113 3 10 126
113 3 10 20
113 3 10 7
113 3 10 109
113 3 10 116
113 3 10 23
113 3 11 6
113 3 11 88
113 3 11 121
113 3 11 63
113 3 11 10
113 3 11 78
113 3 11 124
113 3 11 44
113 3 11 1
113 3 11 61
113 3 11 123
113 3 11 109
113 3 11 10
113 3 11 85
113 3 11 114
113 3 11 29
113 3 11 5
113 3 11 95
113 3 11 113
113 3 11 41
113 3 12 1
113 3 12 110
113 3 12 121
113 3 12 17
113 3 12 4
113 3 12 97
113 3 12 123
113 3 12 49
113 3 12 6
113 3 12 83
113 3 12 125
113 3 12 121
113 3 12 9
113 3 12 98
113 3 12 123
113 3 12 128
113 3 12 8
113 3 12 91
113 3 12 134
113 3 12 111
113 3 13 4
113 3 13 77
113 3 13 130
113 3 13 19
113 3 13 7
113 3 13 94
113 3 13 117
113 3 13 33
113 3 13 8
113 3 13 71
113 3 13 118
113 3 13 34
113 3 13 5
113 3 13 57
113 3 13 129
113 3 13 63
113 3 13 4
113 3 13 89
113 3 13 133
113 3 13 41
113 3 14 5
113 3 14 93
113 3 14 122
113 3 14 132
113 3 14 1
113 3 14 77
113 3 14 130
113 3 14 5
113 3 14 2
113 3 14 98
113 3 14 117
113 3 14 84
113 3 14 2
113 3 14 98
113 3 14 134
113 3 14 19
113 3 14 1
113 3 14 79
113 3 14 113
113 3 14 125
113 4 1 7
113 4 1 73
113 4 1 126
113 4 1 92
113 4 1 7
113 4 1 96
113 4 1 118
113 4 1 75
113 4 1 4
113 4 1 69
113 4 1 126
113 4 1 91
113 4 1 8
113 4 1 61
113 4 1 134
113 4 1 63
113 4 1 9
113 4 1 91
113 4 1 130
113 4 1 20
113 4 2 8
113 4 2 83
113 4 2 115
113 4 2 94
113 4 2 5
113 4 2 71
113 4 2 131
113 4 2 29
113 4 2 7
113 4 2 57
113 4 2 123
113 4 2 85
113 4 2 6
113 4 2 62
113 4 2 128
113 4 2 85
113 4 2 10
113 4 2 70
113 4 2 132
113 4 2 124
113 4 3 5
113 4 3 59
113 4 3 134
113 4 3 31
113 4 3 4
113 4 3 100
113 4 3 129
113 4 3 72
113 4 3 10
113 4 3 84
113 4 3 119
113 4 3 91
113 4 3 7
113 4 3 102
113 4 3 116
113 4 3 50
113 4 3 1
113 4 3 72
113 4 3 113
113 4 3 11
113 4 4 7
113 4 4 59
113 4 4 114
113 4 4 123
113 4 4 1
113 4 4 61
113 4 4 132
113 4 4 103
113 4 4 9
113 4 4 113
113 4 4 127
113 4 4 113
113 4 4 2
113 4 4 70
113 4 4 133
113 4 4 82
113 4 4 1
113 4 4 57
113 4 4 131
113 4 4 61
113 4 5 1
113 4 5 84
113 4 5 131
113 4 5 40
113 4 5 3
113 4 5 74
113 4 5 117
113 4 5 21
113 4 5 6
113 4 5 60
113 4 5 114
113 4 5 108
113 4 5 2
113 4 5 75
113 4 5 125
113 4 5 120
113 4 5 5
113 4 5 59
113 4 5 126
113 4 5 8
113 4 6 6
113 4 6 83
113 4 6 124
113 4 6 36
113 4 6 2
113 4 6 58
113 4 6 124
113 4 6 125
113 4 6 9
113 4 6 89
113 4 6 117
113 4 6 108
113 4 6 2
113 4 6 98
113 4 6 133
113 4 6 35
113 4 6 2
113 4 6 67
113 4 6 123
113 4 6 9
113 4 7 1
113 4 7 112
113 4 7 131
113 4 7 25
113 4 7 8
113 4 7 88
113 4 7 122
113 4 7 20
113 4 7 9
113 4 7 88
113 4 7 127
113 4 7 117
113 4 7 6
113 4 7 107
113 4 7 120
113 4 7 107
113 4 7 3
113 4 7 107
113 4 7 122
113 4 7 108
113 4 8 3
113 4 8 95
113 4 8 126
113 4 8 27
113 4 8 2
113 4 8 65
113 4 8 127
113 4 8 38
113 4 8 4
113 4 8 92
113 4 8 123
113 4 8 8
113 4 8 3
113 4 8 83
113 4 8 126
113 4 8 51
113 4 8 2
113 4 8 103
113 4 8 127
113 4 8 53
113 4 9 2
113 4 9 91
113 4 9 129
113 4 9 4
113 4 9 10
113 4 9 73
113 4 9 123
113 4 9 65
113 4 9 3
113 4 9 76
113 4 9 116
113 4 9 7
113 4 9 6
113 4 9 75
113 4 9 132
113 4 9 90
113 4 9 8
113 4 9 107
113 4 9 126
113 4 9 16
113 4 10 6
113 4 10 67
113 4 10 133
113 4 10 123
113 4 10 9
113 4 10 101
113 4 10 114
113 4 10 34
113 4 10 5
113 4 10 63
113 4 10 131
113 4 10 62
113 4 10 4
113 4 10 64
113 4 10 129
113 4 10 64
113 4 10 6
113 4 10 61
113 4 10 115
113 4 10 66
113 4 11 9
113 4 11 71
113 4 11 134
113 4 11 120
113 4 11 8
113 4 11 75
113 4 11 133
113 4 11 133
113 4 11 4
113 4 11 78
113 4 11 129
113 4 11 105
113 4 11 1
113 4 11 60
113 4 11 115
113 4 11 11
113 4 11 7
113 4 11 103
113 4 11 122
113 4 11 105
113 4 12 5
113 4 12 98
113 4 12 124
113 4 12 38
113 4 12 9
113 4 12 63
113 4 12 131
113 4 12 14
113 4 12 5
113 4 12 106
113 4 12 132
113 4 12 87
113 4 12 4
113 4 12 73
113 4 12 123
113 4 12 73
113 4 12 4
113 4 12 98
113 4 12 117
113 4 12 46
113 4 13 1
113 4 13 110
113 4 13 118
113 4 13 123
113 4 13 7
113 4 13 95
113 4 13 131
113 4 13 19
113 4 13 5
113 4 13 95
113 4 13 114
113 4 13 96
113 4 13 4
113 4 13 106
113 4 13 115
113 4 13 103
113 4 13 5
113 4 13 68
113 4 13 125
113 4 13 123
113 4 14 9
113 4 14 113
113 4 14 131
113 4 14 16
113 4 14 7
113 4 14 58
113 4 14 117
113 4 14 60
113 4 14 4
113 4 14 106
113 4 14 130
113 4 14 71
113 4 14 3
113 4 14 62
113 4 14 134
113 4 14 112
113 4 14 4
113 4 14 113
113 4 14 133
113 4 14 74
113 5 1 10
113 5 1 62
113 5 1 122
113 5 1 90
113 5 1 9
113 5 1 107
113 5 1 130
113 5 1 105
113 5 1 10
113 5 1 62
113 5 1 120
113 5 1 24
113 5 1 2
113 5 1 77
113 5 1 118
113 5 1 107
113 5 1 4
113 5 1 99
113 5 1 115
113 5 1 133
113 5 2 6
113 5 2 97
113 5 2 114
113 5 2 57
113 5 2 3
113 5 2 86
113 5 2 114
113 5 2 27
113 5 2 2
113 5 2 87
113 5 2 113
113 5 2 76
113 5 2 4
113 5 2 73
113 5 2 116
113 5 2 94
113 5 2 2
113 5 2 97
113 5 2 128
113 5 2 98
113 5 3 8
113 5 3 63
113 5 3 130
113 5 3 108
113 5 3 3
113 5 3 81
113 5 3 132
113 5 3 51
113 5 3 2
113 5 3 57
113 5 3 122
113 5 3 61
113 5 3 3
113 5 3 111
113 5 3 116
113 5 3 92
113 5 3 4
113 5 3 101
113 5 3 119
113 5 3 20
113 5 4 9
113 5 4 101
113 5 4 131
113 5 4 91
113 5 4 6
113 5 4 84
113 5 4 113
113 5 4 92
113 5 4 3
113 5 4 63
113 5 4 128
113 5 4 71
113 5 4 4
113 5 4 93
113 5 4 126
113 5 4 102
113 5 4 10
113 5 4 77
113 5 4 129
113 5 4 104
113 5 5 5
113 5 5 105
113 5 5 114
113 5 5 100
113 5 5 1
113 5 5 70
113 5 5 117
113 5 5 71
113 5 5 4
113 5 5 93
113 5 5 126
113 5 5 81
113 5 5 1
113 5 5 80
113 5 5 117
113 5 5 131
113 5 5 10
113 5 5 58
113 5 5 114
113 5 5 5
113 5 6 3
113 5 6 108
113 5 6 119
113 5 6 57
113 5 6 10
113 5 6 69
113 5 6 133
113 5 6 79
113 5 6 5
113 5 6 95
113 5 6 119
113 5 6 73
113 5 6 3
113 5 6 67
113 5 6 121
113 5 6 73
113 5 6 4
113 5 6 71
113 5 6 119
113 5 6 36
113 5 7 3
113 5 7 75
113 5 7 113
113 5 7 14
113 5 7 3
113 5 7 92
113 5 7 127
113 5 7 28
113 5 7 8
113 5 7 93
113 5 7 133
113 5 7 27
113 5 7 1
113 5 7 72
113 5 7 134
113 5 7 60
113 5 7 4
113 5 7 108
113 5 7 124
113 5 7 99
113 5 8 7
113 5 8 95
113 5 8 131
113 5 8 69
113 5 8 7
113 5 8 56
113 5 8 134
113 5 8 71
113 5 8 3
113 5 8 100
113 5 8 120
113 5 8 123
113 5 8 1
113 5 8 72
113 5 8 117
113 5 8 4
113 5 8 1
113 5 8 89
113 5 8 120
113 5 8 21
113 5 9 4
113 5 9 60
113 5 9 121
113 5 9 94
113 5 9 7
113 5 9 72
113 5 9 113
113 5 9 81
113 5 9 9
113 5 9 67
113 5 9 127
113 5 9 126
113 5 9 3
113 5 9 93
113 5 9 121
113 5 9 85
113 5 9 8
113 5 9 56
113 5 9 126
113 5 9 51
113 5 10 8
113 5 10 58
113 5 10 116
113 5 10 101
113 5 10 3
113 5 10 109
113 5 10 129
113 5 10 87
113 5 10 3
113 5 10 97
113 5 10 127
113 5 10 22
113 5 10 4
113 5 10 60
113 5 10 123
113 5 10 15
113 5 10 8
113 5 10 91
113 5 10 126
113 5 10 134
113 5 11 2
113 5 11 77
113 5 11 114
113 5 11 15
113 5 11 2
113 5 11 95
113 5 11 122
113 5 11 67
113 5 11 1
113 5 11 71
113 5 11 117
113 5 11 101
113 5 11 5
113 5 11 65
113 5 11 126
113 5 11 18
113 5 11 5
113 5 11 95
113 5 11 121
113 5 11 118
113 5 12 5
113 5 12 93
113 5 12 113
113 5 12 60
113 5 12 5
113 5 12 82
113 5 12 119
113 5 12 24
113 5 12 1
113 5 12 59
113 5 12 120
113 5 12 122
113 5 12 6
113 5 12 70
113 5 12 127
113 5 12 9
113 5 12 4
113 5 12 73
113 5 12 115
113 5 12 114
113 5 13 10
113 5 13 89
113 5 13 132
113 5 13 69
113 5 13 2
113 5 13 98
113 5 13 132
113 5 13 91
113 5 13 1
113 5 13 94
113 5 13 128
113 5 13 47
113 5 13 3
113 5 13 75
113 5 13 122
113 5 13 123
113 5 13 1
113 5 13 80
113 5 13 130
113 5 13 91
113 5 14 8
113 5 14 106
113 5 14 134
113 5 14 49
113 5 14 10
113 5 14 97
113 5 14 124
113 5 14 3
113 5 14 4
113 5 14 108
113 5 14 117
113 5 14 130
113 5 14 2
113 5 14 85
113 5 14 114
113 5 14 32
113 5 14 1
113 5 14 69
113 5 14 116
113 5 14 82
113 6 1 5
113 6 1 97
113 6 1 117
113 6 1 4
113 6 1 9
113 6 1 74
113 6 1 120
113 6 1 49
113 6 1 3
113 6 1 112
113 6 1 113
113 6 1 50
113 6 1 7
113 6 1 68
113 6 1 119
113 6 1 21
113 6 1 2
113 6 1 111
113 6 1 129
113 6 1 111
113 6 2 3
113 6 2 74
113 6 2 125
113 6 2 112
113 6 2 2
113 6 2 87
113 6 2 132
113 6 2 54
113 6 2 6
113 6 2 57
113 6 2 123
113 6 2 3
113 6 2 8
113 6 2 57
113 6 2 124
113 6 2 14
113 6 2 8
113 6 2 110
113 6 2 130
113 6 2 110
113 6 3 1
113 6 3 82
113 6 3 128
113 6 3 79
113 6 3 5
113 6 3 78
113 6 3 123
113 6 3 27
113 6 3 7
113 6 3 111
113 6 3 122
113 6 3 119
113 6 3 6
113 6 3 107
113 6 3 129
113 6 3 30
113 6 3 6
113 6 3 103
113 6 3 114
113 6 3 70
113 6 4 1
113 6 4 108
113 6 4 133
113 6 4 29
113 6 4 4
113 6 4 56
113 6 4 133
113 6 4 44
113 6 4 1
113 6 4 90
113 6 4 126
113 6 4 73
113 6 4 2
113 6 4 67
113 6 4 116
113 6 4 37
113 6 4 8
113 6 4 95
113 6 4 134
113 6 4 71
113 6 5 2
113 6 5 104
113 6 5 114
113 6 5 28
113 6 5 9
113 6 5 63
113 6 5 131
113 6 5 109
113 6 5 8
113 6 5 60
113 6 5 134
113 6 5 122
113 6 5 7
113 6 5 92
113 6 5 118
113 6 5 34
113 6 5 6
113 6 5 78
113 6 5 114
113 6 5 105
113 6 6 3
113 6 6 92
113 6 6 133
113 6 6 8
113 6 6 9
113 6 6 70
113 6 6 132
113 6 6 99
113 6 6 9
113 6 6 110
113 6 6 125
113 6 6 38
113 6 6 3
113 6 6 88
113 6 6 126
113 6 6 118
113 6 6 6
113 6 6 89
113 6 6 116
113 6 6 60
113 6 7 8
113 6 7 100
113 6 7 116
113 6 7 33
113 6 7 1
113 6 7 82
113 6 7 122
113 6 7 61
113 6 7 2
113 6 7 90
113 6 7 119
113 6 7 96
113 6 7 1
113 6 7 62
113 6 7 134
113 6 7 102
113 6 7 3
113 6 7 65
113 6 7 115
113 6 7 13
113 6 8 5
113 6 8 93
113 6 8 118
113 6 8 107
113 6 8 1
113 6 8 110
113 6 8 132
113 6 8 18
113 6 8 2
113 6 8 107
113 6 8 134
113 6 8 110
113 6 8 2
113 6 8 75
113 6 8 120
113 6 8 86
113 6 8 7
113 6 8 72
113 6 8 120
113 6 8 69
113 6 9 7
113 6 9 109
113 6 9 123
113 6 9 89
113 6 9 5
113 6 9 64
113 6 9 133
113 6 9 127
113 6 9 2
113 6 9 68
113 6 9 125
113 6 9 14
113 6 9 10
113 6 9 65
113 6 9 118
113 6 9 10
113 6 9 4
113 6 9 110
113 6 9 131
113 6 9 124
113 6 10 8
113 6 10 56
113 6 10 131
113 6 10 38
113 6 10 9
113 6 10 95
113 6 10 116
113 6 10 49
113 6 10 7
113 6 10 66
113 6 10 115
113 6 10 18
113 6 10 8
113 6 10 85
113 6 10 116
113 6 10 113
113 6 10 9
113 6 10 80
113 6 10 126
113 6 10 57
113 6 11 9
113 6 11 87
113 6 11 127
113 6 11 72
113 6 11 9
113 6 11 87
113 6 11 127
113 6 11 21
113 6 11 10
113 6 11 58
113 6 11 124
113 6 11 68
113 6 11 8
113 6 11 105
113 6 11 123
113 6 11 68
113 6 11 1
113 6 11 76
113 6 11 129
113 6 11 40
113 6 12 1
113 6 12 112
113 6 12 128
113 6 12 52
113 6 12 5
113 6 12 67
113 6 12 128
113 6 12 134
113 6 12 6
113 6 12 71
113 6 12 116
113 6 12 124
113 6 12 2
113 6 12 79
113 6 12 120
113 6 12 31
113 6 12 10
113 6 12 82
113 6 12 126
113 6 12 118
113 6 13 4
113 6 13 113
113 6 13 113
113 6 13 18
113 6 13 8
113 6 13 61
113 6 13 124
113 6 13 94
113 6 13 1
113 6 13 69
113 6 13 115
113 6 13 68
113 6 13 1
113 6 13 56
113 6 13 131
113 6 13 38
113 6 13 3
113 6 13 86
113 6 13 123
113 6 13 105
113 6 14 1
113 6 14 110
113 6 14 131
113 6 14 4
113 6 14 2
113 6 14 101
113 6 14 133
113 6 14 27
113 6 14 5
113 6 14 87
113 6 14 132
113 6 14 18
113 6 14 1
113 6 14 87
113 6 14 116
113 6 14 112
113 6 14 2
113 6 14 106
113 6 14 127
113 6 14 73
113 7 1 7
113 7 1 63
113 7 1 115
113 7 1 85
113 7 1 7
113 7 1 100
113 7 1 113
113 7 1 61
113 7 1 10
113 7 1 103
113 7 1 131
113 7 1 75
113 7 1 4
113 7 1 113
113 7 1 132
113 7 1 72
113 7 1 5
113 7 1 86
113 7 1 132
113 7 1 123
113 7 2 10
113 7 2 70
113 7 2 127
113 7 2 30
113 7 2 10
113 7 2 62
113 7 2 118
113 7 2 45
113 7 2 3
113 7 2 90
113 7 2 113
113 7 2 90
113 7 2 1
113 7 2 56
113 7 2 131
113 7 2 99
113 7 2 6
113 7 2 109
113 7 2 114
113 7 2 2
113 7 3 2
113 7 3 75
113 7 3 120
113 7 3 92
113 7 3 1
113 7 3 77
113 7 3 123
113 7 3 100
113 7 3 6
113 7 3 59
113 7 3 127
113 7 3 5
113 7 3 3
113 7 3 69
113 7 3 118
113 7 3 62
113 7 3 1
113 7 3 107
113 7 3 115
113 7 3 118
113 7 4 1
113 7 4 106
113 7 4 122
113 7 4 101
113 7 4 1
113 7 4 113
113 7 4 131
113 7 4 126
113 7 4 10
113 7 4 81
113 7 4 124
113 7 4 97
113 7 4 5
113 7 4 68
113 7 4 128
113 7 4 90
113 7 4 8
113 7 4 65
113 7 4 129
113 7 4 116
113 7 5 4
113 7 5 112
113 7 5 134
113 7 5 81
113 7 5 5
113 7 5 67
113 7 5 126
113 7 5 104
113 7 5 9
113 7 5 59
113 7 5 134
113 7 5 68
113 7 5 6
113 7 5 58
113 7 5 120
113 7 5 46
113 7 5 4
113 7 5 82
113 7 5 121
113 7 5 118
113 7 6 8
113 7 6 112
113 7 6 134
113 7 6 14
113 7 6 3
113 7 6 69
113 7 6 134
113 7 6 21
113 7 6 8
113 7 6 87
113 7 6 134
113 7 6 24
113 7 6 4
113 7 6 82
113 7 6 128
113 7 6 130
113 7 6 7
113 7 6 56
113 7 6 115
113 7 6 39
113 7 7 4
113 7 7 100
113 7 7 126
113 7 7 127
113 7 7 5
113 7 7 97
113 7 7 114
113 7 7 102
113 7 7 3
113 7 7 67
113 7 7 115
113 7 7 62
113 7 7 4
113 7 7 70
113 7 7 129
113 7 7 33
113 7 7 10
113 7 7 76
113 7 7 131
113 7 7 116
113 7 8 4
113 7 8 71
113 7 8 123
113 7 8 40
113 7 8 3
113 7 8 110
113 7 8 123
113 7 8 106
113 7 8 3
113 7 8 88
113 7 8 134
113 7 8 103
113 7 8 1
113 7 8 80
113 7 8 134
113 7 8 55
113 7 8 10
113 7 8 103
113 7 8 124
113 7 8 34
113 7 9 7
113 7 9 80
113 7 9 129
113 7 9 121
113 7 9 10
113 7 9 76
113 7 9 124
113 7 9 87
113 7 9 1
113 7 9 85
113 7 9 114
113 7 9 130
113 7 9 8
113 7 9 101
113 7 9 134
113 7 9 95
113 7 9 9
113 7 9 82
113 7 9 124
113 7 9 72
113 7 10 8
113 7 10 65
113 7 10 133
113 7 10 26
113 7 10 2
113 7 10 102
113 7 10 125
113 7 10 65
113 7 10 10
113 7 10 65
113 7 10 123
113 7 10 121
113 7 10 6
113 7 10 72
113 7 10 120
113 7 10 67
113 7 10 1
113 7 10 72
113 7 10 120
113 7 10 46
113 7 11 5
113 7 11 104
113 7 11 116
113 7 11 77
113 7 11 8
113 7 11 73
113 7 11 128
113 7 11 113
113 7 11 3
113 7 11 62
113 7 11 122
113 7 11 117
113 7 11 3
113 7 11 100
113 7 11 129
113 7 11 6
113 7 11 8
113 7 11 83
113 7 11 118
113 7 11 45
113 7 12 10
113 7 12 78
113 7 12 133
113 7 12 103
113 7 12 1
113 7 12 90
113 7 12 131
113 7 12 128
113 7 12 2
113 7 12 75
113 7 12 124
113 7 12 92
113 7 12 1
113 7 12 81
113 7 12 129
113 7 12 35
113 7 12 10
113 7 12 61
113 7 12 131
113 7 12 122
113 7 13 4
113 7 13 73
113 7 13 117
113 7 13 89
113 7 13 4
113 7 13 71
113 7 13 120
113 7 13 16
113 7 13 2
113 7 13 99
113 7 13 121
113 7 13 24
113 7 13 3
113 7 13 96
113 7 13 116
113 7 13 132
113 7 13 7
113 7 13 73
113 7 13 124
113 7 13 26
113 7 14 2
113 7 14 77
113 7 14 130
113 7 14 70
113 7 14 10
113 7 14 72
113 7 14 127
113 7 14 102
113 7 14 4
113 7 14 107
113 7 14 134
113 7 14 44
113 7 14 2
113 7 14 101
113 7 14 115
113 7 14 125
113 7 14 5
113 7 14 101
113 7 14 116
113 7 14 44
113 8 1 2
113 8 1 85
113 8 1 121
113 8 1 106
113 8 1 8
113 8 1 75
113 8 1 129
113 8 1 79
113 8 1 5
113 8 1 59
113 8 1 123
113 8 1 117
113 8 1 7
113 8 1 89
113 8 1 129
113 8 1 113
113 8 1 3
113 8 1 77
113 8 1 121
113 8 1 93
113 8 2 9
113 8 2 100
113 8 2 134
113 8 2 64
113 8 2 1
113 8 2 81
113 8 2 125
113 8 2 105
113 8 2 4
113 8 2 92
113 8 2 126
113 8 2 49
113 8 2 4
113 8 2 101
113 8 2 124
113 8 2 94
113 8 2 3
113 8 2 90
113 8 2 129
113 8 2 84
113 8 3 6
113 8 3 91
113 8 3 117
113 8 3 8
113 8 3 6
113 8 3 61
113 8 3 128
113 8 3 89
113 8 3 5
113 8 3 112
113 8 3 116
113 8 3 41
113 8 3 7
113 8 3 92
113 8 3 131
113 8 3 23
113 8 3 6
113 8 3 89
113 8 3 116
113 8 3 32
113 8 4 5
113 8 4 68
113 8 4 129
113 8 4 75
113 8 4 6
113 8 4 111
113 8 4 130
113 8 4 134
113 8 4 9
113 8 4 65
113 8 4 118
113 8 4 33
113 8 4 1
113 8 4 73
113 8 4 123
113 8 4 134
113 8 4 4
113 8 4 103
113 8 4 130
113 8 4 92
113 8 5 8
113 8 5 58
113 8 5 116
113 8 5 85
113 8 5 3
113 8 5 99
113 8 5 116
113 8 5 28
113 8 5 3
113 8 5 86
113 8 5 113
113 8 5 52
113 8 5 9
113 8 5 107
113 8 5 128
113 8 5 27
113 8 5 5
113 8 5 81
113 8 5 119
113 8 5 6
113 8 6 8
113 8 6 77
113 8 6 121
113 8 6 20
113 8 6 5
113 8 6 107
113 8 6 116
113 8 6 13
113 8 6 4
113 8 6 59
113 8 6 131
113 8 6 29
113 8 6 2
113 8 6 69
113 8 6 133
113 8 6 87
113 8 6 1
113 8 6 92
113 8 6 127
113 8 6 134
113 8 7 10
113 8 7 113
113 8 7 128
113 8 7 73
113 8 7 1
113 8 7 98
113 8 7 123
113 8 7 22
113 8 7 10
113 8 7 103
113 8 7 116
113 8 7 1
113 8 7 7
113 8 7 94
113 8 7 119
113 8 7 5
113 8 7 4
113 8 7 63
113 8 7 133
113 8 7 47
113 8 8 9
113 8 8 67
113 8 8 117
113 8 8 83
113 8 8 5
113 8 8 88
113 8 8 121
113 8 8 42
113 8 8 5
113 8 8 84
113 8 8 133
113 8 8 9
113 8 8 2
113 8 8 69
113 8 8 130
113 8 8 129
113 8 8 2
113 8 8 90
113 8 8 129
113 8 8 45
113 8 9 9
113 8 9 79
113 8 9 126
113 8 9 11
113 8 9 2
113 8 9 100
113 8 9 133
113 8 9 93
113 8 9 7
113 8 9 113
113 8 9 131
113 8 9 103
113 8 9 4
113 8 9 82
113 8 9 130
113 8 9 114
113 8 9 6
113 8 9 91
113 8 9 122
113 8 9 68
113 8 10 4
113 8 10 62
113 8 10 134
113 8 10 20
113 8 10 2
113 8 10 92
113 8 10 131
113 8 10 92
113 8 10 2
113 8 10 105
113 8 10 119
113 8 10 28
113 8 10 2
113 8 10 77
113 8 10 123
113 8 10 12
113 8 10 3
113 8 10 58
113 8 10 127
113 8 10 64
113 8 11 8
113 8 11 86
113 8 11 123
113 8 11 4
113 8 11 7
113 8 11 94
113 8 11 117
113 8 11 119
113 8 11 5
113 8 11 98
113 8 11 119
113 8 11 30
113 8 11 7
113 8 11 95
113 8 11 133
113 8 11 20
113 8 11 2
113 8 11 81
113 8 11 125
113 8 11 128
113 8 12 5
113 8 12 104
113 8 12 122
113 8 12 70
113 8 12 6
113 8 12 71
113 8 12 131
113 8 12 6
113 8 12 6
113 8 12 87
113 8 12 128
113 8 12 89
113 8 12 8
113 8 12 79
113 8 12 113
113 8 12 64
113 8 12 6
113 8 12 90
113 8 12 113
113 8 12 133
113 8 13 7
113 8 13 71
113 8 13 123
113 8 13 8
113 8 13 10
113 8 13 98
113 8 13 122
113 8 13 67
113 8 13 4
113 8 13 70
113 8 13 120
113 8 13 28
113 8 13 1
113 8 13 93
113 8 13 121
113 8 13 11
113 8 13 8
113 8 13 104
113 8 13 124
113 8 13 113
113 8 14 4
113 8 14 101
113 8 14 134
113 8 14 102
113 8 14 8
113 8 14 102
113 8 14 116
113 8 14 2
113 8 14 10
113 8 14 66
113 8 14 116
113 8 14 26
113 8 14 9
113 8 14 71
113 8 14 130
113 8 14 51
113 8 14 10
113 8 14 95
113 8 14 124
113 8 14 121
113 9 1 2
113 9 1 90
113 9 1 120
113 9 1 127
113 9 1 8
113 9 1 91
113 9 1 114
113 9 1 44
113 9 1 6
113 9 1 56
113 9 1 121
113 9 1 33
113 9 1 1
113 9 1 106
113 9 1 129
113 9 1 68
113 9 1 1
113 9 1 111
113 9 1 113
113 9 1 51
113 9 2 4
113 9 2 101
113 9 2 133
113 9 2 106
113 9 2 6
113 9 2 96
113 9 2 126
113 9 2 7
113 9 2 8
113 9 2 104
113 9 2 117
113 9 2 64
113 9 2 4
113 9 2 71
113 9 2 133
113 9 2 47
113 9 2 5
113 9 2 110
113 9 2 124
113 9 2 45
113 9 3 4
113 9 3 100
113 9 3 128
113 9 3 15
113 9 3 1
113 9 3 90
113 9 3 130
113 9 3 2
113 9 3 10
113 9 3 73
113 9 3 124
113 9 3 81
113 9 3 6
113 9 3 82
113 9 3 120
113 9 3 41
113 9 3 2
113 9 3 100
113 9 3 119
113 9 3 25
113 9 4 4
113 9 4 75
113 9 4 130
113 9 4 40
113 9 4 4
113 9 4 67
113 9 4 117
113 9 4 91
113 9 4 8
113 9 4 75
113 9 4 117
113 9 4 86
113 9 4 9
113 9 4 105
113 9 4 113
113 9 4 2
113 9 4 7
113 9 4 74
113 9 4 127
113 9 4 99
113 9 5 8
113 9 5 83
113 9 5 114
113 9 5 70
113 9 5 4
113 9 5 87
113 9 5 132
113 9 5 3
113 9 5 6
113 9 5 111
113 9 5 119
113 9 5 22
113 9 5 10
113 9 5 90
113 9 5 129
113 9 5 2
113 9 5 10
113 9 5 107
113 9 5 123
113 9 5 80
113 9 6 3
113 9 6 81
113 9 6 125
113 9 6 17
113 9 6 5
113 9 6 99
113 9 6 119
113 9 6 64
113 9 6 2
113 9 6 66
113 9 6 118
113 9 6 74
113 9 6 3
113 9 6 79
113 9 6 116
113 9 6 20
113 9 6 1
113 9 6 112
113 9 6 117
113 9 6 96
113 9 7 8
113 9 7 64
113 9 7 116
113 9 7 43
113 9 7 5
113 9 7 96
113 9 7 124
113 9 7 75
113 9 7 7
113 9 7 83
113 9 7 114
113 9 7 28
113 9 7 10
113 9 7 96
113 9 7 132
113 9 7 55
113 9 7 9
113 9 7 70
113 9 7 115
113 9 7 111
113 9 8 3
113 9 8 95
113 9 8 125
113 9 8 133
113 9 8 8
113 9 8 113
113 9 8 119
113 9 8 17
113 9 8 10
113 9 8 93
113 9 8 132
113 9 8 108
113 9 8 3
113 9 8 104
113 9 8 133
113 9 8 111
113 9 8 10
113 9 8 98
113 9 8 125
113 9 8 10
113 9 9 1
113 9 9 105
113 9 9 122
113 9 9 48
113 9 9 1
113 9 9 92
113 9 9 113
113 9 9 58
113 9 9 1
113 9 9 75
113 9 9 126
113 9 9 44
113 9 9 8
113 9 9 67
113 9 9 133
113 9 9 23
113 9 9 10
113 9 9 112
113 9 9 130
113 9 9 103
113 9 10 6
113 9 10 59
113 9 10 114
113 9 10 35
113 9 10 1
113 9 10 75
113 9 10 116
113 9 10 105
113 9 10 9
113 9 10 70
113 9 10 124
113 9 10 108
113 9 10 5
113 9 10 107
113 9 10 125
113 9 10 86
113 9 10 7
113 9 10 112
113 9 10 114
113 9 10 29
113 9 11 10
113 9 11 112
113 9 11 134
113 9 11 64
113 9 11 5
113 9 11 56
113 9 11 131
113 9 11 48
113 9 11 6
113 9 11 74
113 9 11 120
113 9 11 94
113 9 11 8
113 9 11 91
113 9 11 124
113 9 11 14
113 9 11 9
113 9 11 80
113 9 11 123
113 9 11 4
113 9 12 10
113 9 12 112
113 9 12 133
113 9 12 103
113 9 12 8
113 9 12 100
113 9 12 134
113 9 12 118
113 9 12 9
113 9 12 85
113 9 12 123
113 9 12 81
113 9 12 6
113 9 12 85
113 9 12 127
113 9 12 16
113 9 12 2
113 9 12 93
113 9 12 126
113 9 12 58
113 9 13 8
113 9 13 75
113 9 13 131
113 9 13 71
113 9 13 5
113 9 13 101
113 9 13 123
113 9 13 34
113 9 13 5
113 9 13 107
113 9 13 126
113 9 13 95
113 9 13 6
113 9 13 68
113 9 13 118
113 9 13 72
113 9 13 4
113 9 13 66
113 9 13 134
113 9 13 113
113 9 14 4
113 9 14 109
113 9 14 117
113 9 14 70
113 9 14 2
113 9 14 75
113 9 14 131
113 9 14 6
113 9 14 4
113 9 14 80
113 9 14 129
113 9 14 14
113 9 14 6
113 9 14 87
113 9 14 119
113 9 14 40
113 9 14 2
113 9 14 85
113 9 14 117
113 9 14 43
113 10 1 6
113 10 1 84
113 10 1 131
113 10 1 113
113 10 1 5
113 10 1 104
113 10 1 116
113 10 1 95
113 10 1 6
113 10 1 112
113 10 1 124
113 10 1 71
113 10 1 9
113 10 1 108
113 10 1 128
113 10 1 100
113 10 1 1
113 10 1 65
113 10 1 117
113 10 1 123
113 10 2 7
113 10 2 70
113 10 2 120
113 10 2 55
113 10 2 10
113 10 2 61
113 10 2 127
113 10 2 118
113 10 2 10
113 10 2 71
113 10 2 131
113 10 2 36
113 10 2 9
113 10 2 110
113 10 2 131
113 10 2 48
113 10 2 9
113 10 2 81
113 10 2 121
113 10 2 75
113 10 3 10
113 10 3 112
113 10 3 114
113 10 3 99
113 10 3 9
113 10 3 60
113 10 3 124
113 10 3 44
113 10 3 5
113 10 3 79
113 10 3 118
113 10 3 120
113 10 3 7
113 10 3 99
113 10 3 119
113 10 3 87
113 10 3 2
113 10 3 59
113 10 3 124
113 10 3 46
113 10 4 1
113 10 4 109
113 10 4 114
113 10 4 18
113 10 4 1
113 10 4 61
113 10 4 134
113 10 4 46
113 10 4 4
113 10 4 109
113 10 4 125
113 10 4 20
113 10 4 10
113 10 4 92
113 10 4 122
113 10 4 125
113 10 4 2
113 10 4 90
113 10 4 134
113 10 4 35
113 10 5 10
113 10 5 70
113 10 5 118
113 10 5 125
113 10 5 2
113 10 5 93
113 10 5 131
113 10 5 60
113 10 5 6
113 10 5 95
113 10 5 132
113 10 5 38
113 10 5 5
113 10 5 91
113 10 5 123
113 10 5 85
113 10 5 3
113 10 5 71
113 10 5 117
113 10 5 48
113 10 6 10
113 10 6 57
113 10 6 118
113 10 6 25
113 10 6 1
113 10 6 58
113 10 6 128
113 10 6 74
113 10 6 8
113 10 6 96
113 10 6 117
113 10 6 21
113 10 6 2
113 10 6 86
113 10 6 132
113 10 6 60
113 10 6 8
113 10 6 62
113 10 6 131
113 10 6 48
113 10 7 7
113 10 7 70
113 10 7 114
113 10 7 112
113 10 7 6
113 10 7 102
113 10 7 113
113 10 7 65
113 10 7 7
113 10 7 78
113 10 7 122
113 10 7 51
113 10 7 3
113 10 7 108
113 10 7 125
113 10 7 104
113 10 7 9
113 10 7 62
113 10 7 125
113 10 7 44
113 10 8 3
113 10 8 87
113 10 8 128
113 10 8 74
113 10 8 7
113 10 8 63
113 10 8 114
113 10 8 97
113 10 8 8
113 10 8 86
113 10 8 118
113 10 8 22
113 10 8 3
113 10 8 69
113 10 8 123
113 10 8 61
113 10 8 2
113 10 8 58
113 10 8 116
113 10 8 37
113 10 9 7
113 10 9 91
113 10 9 132
113 10 9 82
113 10 9 7
113 10 9 96
113 10 9 121
113 10 9 113
113 10 9 1
113 10 9 72
113 10 9 117
113 10 9 17
113 10 9 4
113 10 9 87
113 10 9 133
113 10 9 86
113 10 9 4
113 10 9 80
113 10 9 134
113 10 9 133
113 10 10 8
113 10 10 83
113 10 10 134
113 10 10 50
113 10 10 7
113 10 10 70
113 10 10 128
113 10 10 104
113 10 10 8
113 10 10 112
113 10 10 128
113 10 10 99
113 10 10 9
113 10 10 105
113 10 10 116
113 10 10 3
113 10 10 10
113 10 10 103
113 10 10 130
113 10 10 113
113 10 11 1
113 10 11 95
113 10 11 123
113 10 11 100
113 10 11 9
113 10 11 79
113 10 11 130
113 10 11 106
113 10 11 3
113 10 11 83
113 10 11 121
113 10 11 30
113 10 11 4
113 10 11 95
113 10 11 128
113 10 11 90
113 10 11 5
113 10 11 66
113 10 11 132
113 10 11 116
113 10 12 9
113 10 12 80
113 10 12 117
113 10 12 93
113 10 12 6
113 10 12 77
113 10 12 132
113 10 12 45
113 10 12 5
113 10 12 56
113 10 12 129
113 10 12 40
113 10 12 2
113 10 12 102
113 10 12 133
113 10 12 57
113 10 12 8
113 10 12 62
113 10 12 117
113 10 12 39
113 10 13 2
113 10 13 92
113 10 13 134
113 10 13 115
113 10 13 10
113 10 13 68
113 10 13 128
113 10 13 12
113 10 13 7
113 10 13 87
113 10 13 134
113 10 13 99
113 10 13 6
113 10 13 105
113 10 13 118
113 10 13 69
113 10 13 4
113 10 13 61
113 10 13 118
113 10 13 86
113 10 14 6
113 10 14 106
113 10 14 115
113 10 14 94
113 10 14 8
113 10 14 102
113 10 14 113
113 10 14 43
113 10 14 6
113 10 14 90
113 10 14 116
113 10 14 22
113 10 14 6
113 10 14 98
113 10 14 133
113 10 14 2
113 10 14 1
113 10 14 98
113 10 14 125
113 10 14 44
113 11 1 3
113 11 1 83
113 11 1 115
113 11 1 30
113 11 1 2
113 11 1 79
113 11 1 131
113 11 1 94
113 11 1 3
113 11 1 110
113 11 1 129
113 11 1 106
113 11 1 6
113 11 1 59
113 11 1 129
113 11 1 60
113 11 1 6
113 11 1 70
113 11 1 125
113 11 1 29
113 11 2 10
113 11 2 62
113 11 2 127
113 11 2 81
113 11 2 3
113 11 2 112
113 11 2 126
113 11 2 18
113 11 2 4
113 11 2 72
113 11 2 114
113 11 2 59
113 11 2 4
113 11 2 77
113 11 2 126
113 11 2 113
113 11 2 10
113 11 2 90
113 11 2 127
113 11 2 90
113 11 3 7
113 11 3 80
113 11 3 130
113 11 3 77
113 11 3 6
113 11 3 59
113 11 3 120
113 11 3 49
113 11 3 4
113 11 3 100
113 11 3 120
113 11 3 86
113 11 3 8
113 11 3 59
113 11 3 125
113 11 3 61
113 11 3 3
113 11 3 104
113 11 3 129
113 11 3 23
113 11 4 4
113 11 4 72
113 11 4 126
113 11 4 125
113 11 4 8
113 11 4 59
113 11 4 124
113 11 4 102
113 11 4 7
113 11 4 62
113 11 4 115
113 11 4 106
113 11 4 8
113 11 4 107
113 11 4 128
113 11 4 107
113 11 4 4
113 11 4 104
113 11 4 128
113 11 4 33
113 11 5 3
113 11 5 87
113 11 5 124
113 11 5 105
113 11 5 2
113 11 5 111
113 11 5 114
113 11 5 43
113 11 5 3
113 11 5 110
113 11 5 132
113 11 5 49
113 11 5 7
113 11 5 87
113 11 5 115
113 11 5 31
113 11 5 7
113 11 5 63
113 11 5 127
113 11 5 75
113 11 6 8
113 11 6 107
113 11 6 132
113 11 6 47
113 11 6 3
113 11 6 110
113 11 6 118
113 11 6 61
113 11 6 2
113 11 6 96
113 11 6 132
113 11 6 100
113 11 6 1
113 11 6 62
113 11 6 124
113 11 6 111
113 11 6 10
113 11 6 109
113 11 6 131
113 11 6 116
113 11 7 4
113 11 7 61
113 11 7 125
113 11 7 60
113 11 7 2
113 11 7 79
113 11 7 128
113 11 7 25
113 11 7 8
113 11 7 94
113 11 7 123
113 11 7 109
113 11 7 3
113 11 7 62
113 11 7 114
113 11 7 55
113 11 7 1
113 11 7 89
113 11 7 120
113 11 7 87
113 11 8 8
113 11 8 110
113 11 8 125
113 11 8 5
113 11 8 1
113 11 8 92
113 11 8 132
113 11 8 119
113 11 8 4
113 11 8 85
113 11 8 116
113 11 8 9
113 11 8 1
113 11 8 66
113 11 8 115
113 11 8 46
113 11 8 8
113 11 8 99
113 11 8 115
113 11 8 85
113 11 9 10
113 11 9 109
113 11 9 133
113 11 9 69
113 11 9 6
113 11 9 89
113 11 9 130
113 11 9 102
113 11 9 6
113 11 9 76
113 11 9 128
113 11 9 11
113 11 9 2
113 11 9 78
113 11 9 119
113 11 9 9
113 11 9 6
113 11 9 86
113 11 9 119
113 11 9 42
113 11 10 8
113 11 10 80
113 11 10 119
113 11 10 115
113 11 10 9
113 11 10 88
113 11 10 126
113 11 10 123
113 11 10 10
113 11 10 94
113 11 10 118
113 11 10 96
113 11 10 6
113 11 10 109
113 11 10 122
113 11 10 120
113 11 10 7
113 11 10 108
113 11 10 129
113 11 10 1
113 11 11 6
113 11 11 60
113 11 11 134
113 11 11 37
113 11 11 6
113 11 11 104
113 11 11 128
113 11 11 16
113 11 11 2
113 11 11 102
113 11 11 115
113 11 11 84
113 11 11 3
113 11 11 96
113 11 11 116
113 11 11 97
113 11 11 6
113 11 11 72
113 11 11 133
113 11 11 22
113 11 12 9
113 11 12 72
113 11 12 123
113 11 12 65
113 11 12 10
113 11 12 78
113 11 12 128
113 11 12 66
113 11 12 8
113 11 12 92
113 11 12 132
113 11 12 131
113 11 12 8
113 11 12 63
113 11 12 116
113 11 12 87
113 11 12 7
113 11 12 86
113 11 12 118
113 11 12 80
113 11 13 1
113 11 13 113
113 11 13 132
113 11 13 79
113 11 13 9
113 11 13 58
113 11 13 132
113 11 13 88
113 11 13 5
113 11 13 101
113 11 13 125
113 11 13 1
113 11 13 5
113 11 13 95
113 11 13 131
113 11 13 90
113 11 13 10
113 11 13 96
113 11 13 126
113 11 13 61
113 11 14 7
113 11 14 91
113 11 14 120
113 11 14 50
113 11 14 2
113 11 14 56
113 11 14 114
113 11 14 80
113 11 14 5
113 11 14 95
113 11 14 127
113 11 14 44
113 11 14 1
113 11 14 89
113 11 14 121
113 11 14 112
113 11 14 10
113 11 14 92
113 11 14 117
113 11 14 83
113 12 1 8
113 12 1 57
113 12 1 126
113 12 1 84
113 12 1 9
113 12 1 103
113 12 1 126
113 12 1 66
113 12 1 2
113 12 1 64
113 12 1 114
113 12 1 60
113 12 1 7
113 12 1 60
113 12 1 124
113 12 1 24
113 12 1 7
113 12 1 90
113 12 1 119
113 12 1 85
113 12 2 10
113 12 2 61
113 12 2 120
113 12 2 67
113 12 2 10
113 12 2 105
113 12 2 119
113 12 2 71
113 12 2 1
113 12 2 65
113 12 2 133
113 12 2 103
113 12 2 2
113 12 2 65
113 12 2 128
113 12 2 49
113 12 2 8
113 12 2 60
113 12 2 125
113 12 2 94
113 12 3 1
113 12 3 79
113 12 3 130
113 12 3 8
113 12 3 2
113 12 3 101
113 12 3 118
113 12 3 130
113 12 3 7
113 12 3 109
113 12 3 130
113 12 3 81
113 12 3 2
113 12 3 102
113 12 3 132
113 12 3 71
113 12 3 10
113 12 3 73
113 12 3 122
113 12 3 55
113 12 4 5
113 12 4 67
113 12 4 123
113 12 4 54
113 12 4 3
113 12 4 80
113 12 4 134
113 12 4 114
113 12 4 6
113 12 4 71
113 12 4 123
113 12 4 75
113 12 4 8
113 12 4 79
113 12 4 121
113 12 4 88
113 12 4 10
113 12 4 100
113 12 4 114
113 12 4 12
113 12 5 5
113 12 5 79
113 12 5 124
113 12 5 106
113 12 5 1
113 12 5 86
113 12 5 125
113 12 5 58
113 12 5 10
113 12 5 92
113 12 5 126
113 12 5 95
113 12 5 2
113 12 5 80
113 12 5 127
113 12 5 129
113 12 5 3
113 12 5 61
113 12 5 132
113 12 5 81
113 12 6 9
113 12 6 94
113 12 6 129
113 12 6 81
113 12 6 9
113 12 6 60
113 12 6 119
113 12 6 116
113 12 6 2
113 12 6 60
113 12 6 129
113 12 6 122
113 12 6 1
113 12 6 109
113 12 6 119
113 12 6 107
113 12 6 10
113 12 6 79
113 12 6 134
113 12 6 75
113 12 7 1
113 12 7 95
113 12 7 126
113 12 7 121
113 12 7 7
113 12 7 103
113 12 7 126
113 12 7 104
113 12 7 2
113 12 7 96
113 12 7 120
113 12 7 112
113 12 7 2
113 12 7 93
113 12 7 128
113 12 7 56
113 12 7 4
113 12 7 108
113 12 7 120
113 12 7 35
113 12 8 3
113 12 8 56
113 12 8 131
113 12 8 32
113 12 8 4
113 12 8 72
113 12 8 117
113 12 8 49
113 12 8 9
113 12 8 101
113 12 8 134
113 12 8 82
113 12 8 1
113 12 8 100
113 12 8 121
113 12 8 126
113 12 8 7
113 12 8 107
113 12 8 124
113 12 8 122
113 12 9 1
113 12 9 107
113 12 9 121
113 12 9 75
113 12 9 4
113 12 9 92
113 12 9 122
113 12 9 113
113 12 9 5
113 12 9 106
113 12 9 115
113 12 9 22
113 12 9 4
113 12 9 98
113 12 9 116
113 12 9 54
113 12 9 2
113 12 9 105
113 12 9 123
113 12 9 91
113 12 10 7
113 12 10 84
113 12 10 113
113 12 10 123
113 12 10 3
113 12 10 99
113 12 10 115
113 12 10 47
113 12 10 6
113 12 10 104
113 12 10 116
113 12 10 26
113 12 10 9
113 12 10 67
113 12 10 129
113 12 10 90
113 12 10 1
113 12 10 94
113 12 10 132
113 12 10 57
113 12 11 6
113 12 11 65
113 12 11 134
113 12 11 39
113 12 11 4
113 12 11 79
113 12 11 132
113 12 11 125
113 12 11 1
113 12 11 56
113 12 11 123
113 12 11 113
113 12 11 7
113 12 11 107
113 12 11 118
113 12 11 62
113 12 11 6
113 12 11 101
113 12 11 131
113 12 11 115
113 12 12 4
113 12 12 63
113 12 12 120
113 12 12 51
113 12 12 10
113 12 12 69
113 12 12 128
113 12 12 43
113 12 12 3
113 12 12 88
113 12 12 116
113 12 12 78
113 12 12 10
113 12 12 110
113 12 12 116
113 12 12 55
113 12 12 2
113 12 12 75
113 12 12 129
113 12 12 44
113 12 13 7
113 12 13 94
113 12 13 123
113 12 13 60
113 12 13 5
113 12 13 63
113 12 13 115
113 12 13 133
113 12 13 8
113 12 13 78
113 12 13 120
113 12 13 65
113 12 13 7
113 12 13 104
113 12 13 121
113 12 13 4
113 12 13 8
113 12 13 78
113 12 13 127
113 12 13 21
113 12 14 3
113 12 14 63
113 12 14 122
113 12 14 113
113 12 14 10
113 12 14 105
113 12 14 123
113 12 14 107
113 12 14 1
113 12 14 106
113 12 14 130
113 12 14 28
113 12 14 3
113 12 14 104
113 12 14 122
113 12 14 55
113 12 14 8
113 12 14 90
113 12 14 128
113 12 14 6
113 13 1 4
113 13 1 88
113 13 1 119
113 13 1 122
113 13 1 2
113 13 1 106
113 13 1 121
113 13 1 75
113 13 1 4
113 13 1 96
113 13 1 120
113 13 1 123
113 13 1 3
113 13 1 107
113 13 1 115
113 13 1 133
113 13 1 3
113 13 1 60
113 13 1 118
113 13 1 3
113 13 2 4
113 13 2 72
113 13 2 126
113 13 2 133
113 13 2 1
113 13 2 63
113 13 2 122
113 13 2 74
113 13 2 1
113 13 2 112
113 13 2 128
113 13 2 108
113 13 2 5
113 13 2 111
113 13 2 126
113 13 2 48
113 13 2 3
113 13 2 103
113 13 2 124
113 13 2 117
113 13 3 5
113 13 3 91
113 13 3 129
113 13 3 34
113 13 3 6
113 13 3 63
113 13 3 128
113 13 3 93
113 13 3 1
113 13 3 111
113 13 3 119
113 13 3 104
113 13 3 7
113 13 3 65
113 13 3 134
113 13 3 19
113 13 3 6
113 13 3 63
113 13 3 129
113 13 3 100
113 13 4 8
113 13 4 56
113 13 4 115
113 13 4 59
113 13 4 4
113 13 4 57
113 13 4 118
113 13 4 37
113 13 4 1
113 13 4 109
113 13 4 120
113 13 4 51
113 13 4 4
113 13 4 66
113 13 4 129
113 13 4 124
113 13 4 7
113 13 4 61
113 13 4 133
113 13 4 21
113 13 5 5
113 13 5 62
113 13 5 116
113 13 5 21
113 13 5 6
113 13 5 107
113 13 5 122
113 13 5 67
113 13 5 2
113 13 5 112
113 13 5 128
113 13 5 25
113 13 5 7
113 13 5 67
113 13 5 119
113 13 5 71
113 13 5 5
113 13 5 111
113 13 5 121
113 13 5 10
113 13 6 3
113 13 6 109
113 13 6 134
113 13 6 78
113 13 6 6
113 13 6 62
113 13 6 118
113 13 6 109
113 13 6 2
113 13 6 100
113 13 6 113
113 13 6 75
113 13 6 8
113 13 6 75
113 13 6 127
113 13 6 113
113 13 6 3
113 13 6 97
113 13 6 133
113 13 6 123
113 13 7 5
113 13 7 110
113 13 7 115
113 13 7 66
113 13 7 8
113 13 7 92
113 13 7 131
113 13 7 45
113 13 7 4
113 13 7 57
113 13 7 118
113 13 7 129
113 13 7 3
113 13 7 63
113 13 7 129
113 13 7 52
113 13 7 3
113 13 7 76
113 13 7 123
113 13 7 14
113 13 8 2
113 13 8 90
113 13 8 127
113 13 8 85
113 13 8 3
113 13 8 62
113 13 8 129
113 13 8 123
113 13 8 10
113 13 8 67
113 13 8 123
113 13 8 42
113 13 8 2
113 13 8 103
113 13 8 122
113 13 8 25
113 13 8 5
113 13 8 67
113 13 8 134
113 13 8 39
113 13 9 3
113 13 9 62
113 13 9 132
113 13 9 121
113 13 9 5
113 13 9 68
113 13 9 130
113 13 9 113
113 13 9 2
113 13 9 69
113 13 9 130
113 13 9 45
113 13 9 5
113 13 9 103
113 13 9 127
113 13 9 105
113 13 9 3
113 13 9 70
113 13 9 113
113 13 9 18
113 13 10 1
113 13 10 94
113 13 10 124
113 13 10 14
113 13 10 9
113 13 10 65
113 13 10 125
113 13 10 122
113 13 10 9
113 13 10 69
113 13 10 131
113 13 10 71
113 13 10 5
113 13 10 63
113 13 10 132
113 13 10 13
113 13 10 8
113 13 10 78
113 13 10 132
113 13 10 91
113 13 11 8
113 13 11 61
113 13 11 133
113 13 11 103
113 13 11 8
113 13 11 91
113 13 11 120
113 13 11 95
113 13 11 7
113 13 11 78
113 13 11 134
113 13 11 43
113 13 11 5
113 13 11 80
113 13 11 134
113 13 11 87
113 13 11 7
113 13 11 71
113 13 11 114
113 13 11 67
113 13 12 9
113 13 12 60
113 13 12 113
113 13 12 38
113 13 12 8
113 13 12 91
113 13 12 127
113 13 12 51
113 13 12 4
113 13 12 65
113 13 12 119
113 13 12 8
113 13 12 7
113 13 12 94
113 13 12 116
113 13 12 95
113 13 12 2
113 13 12 109
113 13 12 128
113 13 12 114
113 13 13 1
113 13 13 83
113 13 13 113
113 13 13 107
113 13 13 2
113 13 13 85
113 13 13 127
113 13 13 67
113 13 13 9
113 13 13 113
113 13 13 129
113 13 13 116
113 13 13 9
113 13 13 75
113 13 13 125
113 13 13 88
113 13 13 9
113 13 13 90
113 13 13 117
113 13 13 22
113 13 14 1
113 13 14 59
113 13 14 122
113 13 14 105
113 13 14 4
113 13 14 67
113 13 14 125
113 13 14 74
113 13 14 4
113 13 14 94
113 13 14 131
113 13 14 108
113 13 14 5
113 13 14 66
113 13 14 113
113 13 14 3
113 13 14 6
113 13 14 96
113 13 14 131
113 13 14 87
113 14 1 3
113 14 1 104
113 14 1 128
113 14 1 38
113 14 1 9
113 14 1 109
113 14 1 129
113 14 1 71
113 14 1 1
113 14 1 73
113 14 1 114
113 14 1 58
113 14 1 10
113 14 1 91
113 14 1 133
113 14 1 39
113 14 1 1
113 14 1 89
113 14 1 129
113 14 1 110
113 14 2 6
113 14 2 96
113 14 2 116
113 14 2 42
113 14 2 1
113 14 2 66
113 14 2 115
113 14 2 122
113 14 2 9
113 14 2 104
113 14 2 113
113 14 2 82
113 14 2 6
113 14 2 63
113 14 2 113
113 14 2 12
113 14 2 10
113 14 2 65
113 14 2 120
113 14 2 43
113 14 3 8
113 14 3 110
113 14 3 120
113 14 3 15
113 14 3 10
113 14 3 66
113 14 3 116
113 14 3 51
113 14 3 5
113 14 3 82
113 14 3 134
113 14 3 67
113 14 3 3
113 14 3 79
113 14 3 121
113 14 3 15
113 14 3 9
113 14 3 65
113 14 3 131
113 14 3 42
113 14 4 8
113 14 4 83
113 14 4 122
113 14 4 36
113 14 4 8
113 14 4 99
113 14 4 116
113 14 4 87
113 14 4 3
113 14 4 98
113 14 4 114
113 14 4 108
113 14 4 7
113 14 4 98
113 14 4 116
113 14 4 63
113 14 4 6
113 14 4 100
113 14 4 114
113 14 4 52
113 14 5 4
113 14 5 71
113 14 5 126
113 14 5 118
113 14 5 3
113 14 5 80
113 14 5 118
113 14 5 92
113 14 5 4
113 14 5 61
113 14 5 120
113 14 5 99
113 14 5 6
113 14 5 88
113 14 5 128
113 14 5 42
113 14 5 8
113 14 5 105
113 14 5 122
113 14 5 66
113 14 6 3
113 14 6 93
113 14 6 128
113 14 6 25
113 14 6 1
113 14 6 101
113 14 6 121
113 14 6 69
113 14 6 5
113 14 6 87
113 14 6 124
113 14 6 132
113 14 6 7
113 14 6 104
113 14 6 129
113 14 6 126
113 14 6 1
113 14 6 72
113 14 6 127
113 14 6 48
113 14 7 7
113 14 7 61
113 14 7 131
113 14 7 118
113 14 7 2
113 14 7 69
113 14 7 130
113 14 7 27
113 14 7 3
113 14 7 100
113 14 7 117
113 14 7 44
113 14 7 10
113 14 7 69
113 14 7 120
113 14 7 116
113 14 7 9
113 14 7 101
113 14 7 126
113 14 7 11
113 14 8 10
113 14 8 92
113 14 8 134
113 14 8 89
113 14 8 4
113 14 8 75
113 14 8 116
113 14 8 130
113 14 8 8
113 14 8 57
113 14 8 125
113 14 8 30
113 14 8 9
113 14 8 90
113 14 8 121
113 14 8 113
113 14 8 5
113 14 8 70
113 14 8 127
113 14 8 103
113 14 9 2
113 14 9 79
113 14 9 122
113 14 9 35
113 14 9 9
113 14 9 106
113 14 9 129
113 14 9 46
113 14 9 9
113 14 9 93
113 14 9 113
113 14 9 95
113 14 9 4
113 14 9 78
113 14 9 127
113 14 9 96
113 14 9 4
113 14 9 88
113 14 9 130
113 14 9 32
113 14 10 3
113 14 10 99
113 14 10 132
113 14 10 45
113 14 10 2
113 14 10 106
113 14 10 126
113 14 10 123
113 14 10 7
113 14 10 68
113 14 10 122
113 14 10 77
113 14 10 6
113 14 10 75
113 14 10 121
113 14 10 132
113 14 10 5
113 14 10 64
113 14 10 125
113 14 10 108
113 14 11 7
113 14 11 111
113 14 11 125
113 14 11 86
113 14 11 1
113 14 11 100
113 14 11 115
113 14 11 56
113 14 11 2
113 14 11 109
113 14 11 120
113 14 11 44
113 14 11 6
113 14 11 60
113 14 11 116
113 14 11 85
113 14 11 6
113 14 11 96
113 14 11 123
113 14 11 38
113 14 12 10
113 14 12 60
113 14 12 114
113 14 12 13
113 14 12 2
113 14 12 90
113 14 12 118
113 14 12 11
113 14 12 7
113 14 12 66
113 14 12 125
113 14 12 111
113 14 12 3
113 14 12 83
113 14 12 124
113 14 12 96
113 14 12 6
113 14 12 72
113 14 12 125
113 14 12 91
113 14 13 3
113 14 13 112
113 14 13 126
113 14 13 68
113 14 13 2
113 14 13 92
113 14 13 122
113 14 13 107
113 14 13 8
113 14 13 96
113 14 13 132
113 14 13 121
113 14 13 6
113 14 13 97
113 14 13 117
113 14 13 76
113 14 13 5
113 14 13 66
113 14 13 119
113 14 13 90
113 14 14 8
113 14 14 68
113 14 14 123
113 14 14 122
113 14 14 10
113 14 14 56
113 14 14 123
113 14 14 134
113 14 14 8
113 14 14 96
113 14 14 116
113 14 14 17
113 14 14 5
113 14 14 105
113 14 14 134
113 14 14 54
113 14 14 2
113 14 14 67
113 14 14 129
113 14 14 19
127 1 1 2
127 1 1 91
127 1 1 132
127 1 1 14
127 1 1 10
127 1 1 100
127 1 1 150
127 1 1 43
127 1 1 9
127 1 1 113
127 1 1 149
127 1 1 93
127 1 1 3
127 1 1 72
127 1 1 130
127 1 1 79
127 1 1 2
127 1 1 107
127 1 1 142
127 1 1 13
127 1 2 7
127 1 2 97
127 1 2 148
127 1 2 27
127 1 2 6
127 1 2 101
127 1 2 150
127 1 2 104
127 1 2 2
127 1 2 92
127 1 2 149
127 1 2 140
127 1 2 2
127 1 2 72
127 1 2 136
127 1 2 59
127 1 2 10
127 1 2 117
127 1 2 143
127 1 2 134
127 1 3 7
127 1 3 112
127 1 3 139
127 1 3 74
127 1 3 9
127 1 3 117
127 1 3 132
127 1 3 90
127 1 3 4
127 1 3 117
127 1 3 139
127 1 3 13
127 1 3 2
127 1 3 64
127 1 3 131
127 1 3 13
127 1 3 10
127 1 3 108
127 1 3 150
127 1 3 109
127 1 4 5
127 1 4 101
127 1 4 149
127 1 4 17
127 1 4 5
127 1 4 76
127 1 4 134
127 1 4 118
127 1 4 10
127 1 4 79
127 1 4 149
127 1 4 79
127 1 4 6
127 1 4 63
127 1 4 145
127 1 4 131
127 1 4 8
127 1 4 75
127 1 4 149
127 1 4 18
127 1 5 6
127 1 5 104
127 1 5 138
127 1 5 122
127 1 5 6
127 1 5 78
127 1 5 140
127 1 5 117
127 1 5 1
127 1 5 66
127 1 5 147
127 1 5 32
127 1 5 8
127 1 5 86
127 1 5 148
127 1 5 46
127 1 5 10
127 1 5 78
127 1 5 130
127 1 5 10
127 1 6 5
127 1 6 115
127 1 6 128
127 1 6 58
127 1 6 4
127 1 6 111
127 1 6 139
127 1 6 105
127 1 6 4
127 1 6 65
127 1 6 147
127 1 6 131
127 1 6 10
127 1 6 86
127 1 6 142
127 1 6 144
127 1 6 6
127 1 6 108
127 1 6 139
127 1 6 55
127 1 7 4
127 1 7 124
127 1 7 140
127 1 7 51
127 1 7 7
127 1 7 127
127 1 7 130
127 1 7 6
127 1 7 6
127 1 7 65
127 1 7 139
127 1 7 11
127 1 7 10
127 1 7 71
127 1 7 139
127 1 7 101
127 1 7 6
127 1 7 91
127 1 7 132
127 1 7 32
127 1 8 5
127 1 8 126
127 1 8 140
127 1 8 55
127 1 8 4
127 1 8 70
127 1 8 129
127 1 8 104
127 1 8 9
127 1 8 91
127 1 8 132
127 1 8 29
127 1 8 5
127 1 8 106
127 1 8 145
127 1 8 73
127 1 8 1
127 1 8 79
127 1 8 148
127 1 8 86
127 1 9 1
127 1 9 111
127 1 9 128
127 1 9 3
127 1 9 3
127 1 9 103
127 1 9 140
127 1 9 107
127 1 9 1
127 1 9 97
127 1 9 149
127 1 9 150
127 1 9 6
127 1 9 111
127 1 9 134
127 1 9 71
127 1 9 6
127 1 9 65
127 1 9 148
127 1 9 123
127 1 10 2
127 1 10 113
127 1 10 136
127 1 10 59
127 1 10 5
127 1 10 126
127 1 10 147
127 1 10 106
127 1 10 8
127 1 10 94
127 1 10 148
127 1 10 16
127 1 10 6
127 1 10 109
127 1 10 127
127 1 10 100
127 1 10 10
127 1 10 126
127 1 10 149
127 1 10 141
127 1 11 2
127 1 11 106
127 1 11 147
127 1 11 122
127 1 11 8
127 1 11 121
127 1 11 144
127 1 11 147
127 1 11 1
127 1 11 71
127 1 11 139
127 1 11 29
127 1 11 2
127 1 11 64
127 1 11 135
127 1 11 138
127 1 11 8
127 1 11 124
127 1 11 131
127 1 11 60
127 1 12 9
127 1 12 76
127 1 12 135
127 1 12 139
127 1 12 3
127 1 12 72
127 1 12 135
127 1 12 117
127 1 12 2
127 1 12 96
127 1 12 148
127 1 12 92
127 1 12 5
127 1 12 119
127 1 12 130
127 1 12 122
127 1 12 7
127 1 12 88
127 1 12 131
127 1 12 30
127 1 13 3
127 1 13 123
127 1 13 146
127 1 13 144
127 1 13 7
127 1 13 114
127 1 13 134
127 1 13 93
127 1 13 4
127 1 13 118
127 1 13 147
127 1 13 42
127 1 13 9
127 1 13 108
127 1 13 134
127 1 13 121
127 1 13 6
127 1 13 68
127 1 13 130
127 1 13 58
127 1 14 10
127 1 14 116
127 1 14 146
127 1 14 80
127 1 14 5
127 1 14 65
127 1 14 133
127 1 14 100
127 1 14 1
127 1 14 81
127 1 14 135
127 1 14 85
127 1 14 1
127 1 14 98
127 1 14 144
127 1 14 149
127 1 14 5
127 1 14 69
127 1 14 132
127 1 14 10
127 2 1 10
127 2 1 67
127 2 1 148
127 2 1 126
127 2 1 1
127 2 1 82
127 2 1 131
127 2 1 11
127 2 1 6
127 2 1 127
127 2 1 127
127 2 1 135
127 2 1 6
127 2 1 76
127 2 1 134
127 2 1 63
127 2 1 7
127 2 1 74
127 2 1 143
127 2 1 128
127 2 2 4
127 2 2 119
127 2 2 131
127 2 2 40
127 2 2 10
127 2 2 77
127 2 2 128
127 2 2 65
127 2 2 2
127 2 2 103
127 2 2 127
127 2 2 58
127 2 2 6
127 2 2 86
127 2 2 132
127 2 2 83
127 2 2 7
127 2 2 95
127 2 2 137
127 2 2 58
127 2 3 8
127 2 3 86
127 2 3 133
127 2 3 108
127 2 3 1
127 2 3 116
127 2 3 143
127 2 3 46
127 2 3 6
127 2 3 85
127 2 3 133
127 2 3 59
127 2 3 6
127 2 3 67
127 2 3 135
127 2 3 18
127 2 3 8
127 2 3 69
127 2 3 128
127 2 3 1
127 2 4 4
127 2 4 93
127 2 4 150
127 2 4 53
127 2 4 9
127 2 4 112
127 2 4 141
127 2 4 33
127 2 4 4
127 2 4 117
127 2 4 134
127 2 4 147
127 2 4 1
127 2 4 68
127 2 4 140
127 2 4 80
127 2 4 5
127 2 4 69
127 2 4 134
127 2 4 144
127 2 5 3
127 2 5 82
127 2 5 143
127 2 5 144
127 2 5 1
127 2 5 94
127 2 5 147
127 2 5 17
127 2 5 2
127 2 5 111
127 2 5 143
127 2 5 87
127 2 5 4
127 2 5 99
127 2 5 137
127 2 5 55
127 2 5 2
127 2 5 71
127 2 5 148
127 2 5 130
127 2 6 4
127 2 6 89
127 2 6 143
127 2 6 146
127 2 6 10
127 2 6 72
127 2 6 133
127 2 6 17
127 2 6 3
127 2 6 122
127 2 6 133
127 2 6 4
127 2 6 10
127 2 6 105
127 2 6 133
127 2 6 33
127 2 6 5
127 2 6 102
127 2 6 128
127 2 6 78
127 2 7 2
127 2 7 111
127 2 7 141
127 2 7 11
127 2 7 3
127 2 7 113
127 2 7 143
127 2 7 89
127 2 7 4
127 2 7 67
127 2 7 139
127 2 7 85
127 2 7 10
127 2 7 105
127 2 7 135
127 2 7 128
127 2 7 4
127 2 7 120
127 2 7 129
127 2 7 41
127 2 8 10
127 2 8 91
127 2 8 132
127 2 8 32
127 2 8 4
127 2 8 71
127 2 8 146
127 2 8 29
127 2 8 2
127 2 8 102
127 2 8 143
127 2 8 126
127 2 8 6
127 2 8 105
127 2 8 143
127 2 8 148
127 2 8 10
127 2 8 82
127 2 8 130
127 2 8 83
127 2 9 6
127 2 9 124
127 2 9 127
127 2 9 136
127 2 9 6
127 2 9 102
127 2 9 144
127 2 9 37
127 2 9 6
127 2 9 105
127 2 9 144
127 2 9 32
127 2 9 1
127 2 9 104
127 2 9 132
127 2 9 84
127 2 9 4
127 2 9 66
127 2 9 135
127 2 9 21
127 2 10 7
127 2 10 67
127 2 10 141
127 2 10 16
127 2 10 6
127 2 10 105
127 2 10 131
127 2 10 95
127 2 10 10
127 2 10 83
127 2 10 139
127 2 10 78
127 2 10 7
127 2 10 101
127 2 10 146
127 2 10 79
127 2 10 7
127 2 10 111
127 2 10 137
127 2 10 65
127 2 11 7
127 2 11 103
127 2 11 150
127 2 11 4
127 2 11 4
127 2 11 99
127 2 11 129
127 2 11 27
127 2 11 5
127 2 11 124
127 2 11 134
127 2 11 115
127 2 11 7
127 2 11 127
127 2 11 149
127 2 11 126
127 2 11 4
127 2 11 105
127 2 11 138
127 2 11 10
127 2 12 3
127 2 12 85
127 2 12 127
127 2 12 15
127 2 12 4
127 2 12 78
127 2 12 140
127 2 12 88
127 2 12 2
127 2 12 87
127 2 12 150
127 2 12 92
127 2 12 2
127 2 12 86
127 2 12 131
127 2 12 31
127 2 12 5
127 2 12 101
127 2 12 139
127 2 12 149
127 2 13 9
127 2 13 77
127 2 13 136
127 2 13 83
127 2 13 6
127 2 13 104
127 2 13 137
127 2 13 67
127 2 13 7
127 2 13 72
127 2 13 136
127 2 13 145
127 2 13 10
127 2 13 106
127 2 13 128
127 2 13 129
127 2 13 4
127 2 13 87
127 2 13 144
127 2 13 130
127 2 14 10
127 2 14 106
127 2 14 135
127 2 14 11
127 2 14 5
127 2 14 119
127 2 14 148
127 2 14 31
127 2 14 10
127 2 14 70
127 2 14 131
127 2 14 57
127 2 14 10
127 2 14 91
127 2 14 131
127 2 14 40
127 2 14 3
127 2 14 74
127 2 14 128
127 2 14 26
127 3 1 5
127 3 1 102
127 3 1 129
127 3 1 133
127 3 1 8
127 3 1 94
127 3 1 137
127 3 1 71
127 3 1 8
127 3 1 87
127 3 1 145
127 3 1 129
127 3 1 9
127 3 1 79
127 3 1 150
127 3 1 8
127 3 1 5
127 3 1 75
127 3 1 130
127 3 1 124
127 3 2 7
127 3 2 111
127 3 2 150
127 3 2 63
127 3 2 6
127 3 2 75
127 3 2 129
127 3 2 65
127 3 2 8
127 3 2 71
127 3 2 138
127 3 2 13
127 3 2 8
127 3 2 102
127 3 2 132
127 3 2 24
127 3 2 7
127 3 2 92
127 3 2 142
127 3 2 24
127 3 3 5
127 3 3 104
127 3 3 147
127 3 3 139
127 3 3 1
127 3 3 86
127 3 3 135
127 3 3 38
127 3 3 1
127 3 3 113
127 3 3 148
127 3 3 64
127 3 3 9
127 3 3 90
127 3 3 130
127 3 3 69
127 3 3 5
127 3 3 102
127 3 3 129
127 3 3 140
127 3 4 9
127 3 4 112
127 3 4 136
127 3 4 77
127 3 4 6
127 3 4 85
127 3 4 148
127 3 4 48
127 3 4 10
127 3 4 91
127 3 4 150
127 3 4 63
127 3 4 10
127 3 4 102
127 3 4 141
127 3 4 100
127 3 4 1
127 3 4 92
127 3 4 141
127 3 4 139
127 3 5 7
127 3 5 116
127 3 5 138
127 3 5 57
127 3 5 10
127 3 5 81
127 3 5 141
127 3 5 42
127 3 5 5
127 3 5 126
127 3 5 144
127 3 5 24
127 3 5 3
127 3 5 66
127 3 5 140
127 3 5 22
127 3 5 10
127 3 5 67
127 3 5 143
127 3 5 106
127 3 6 7
127 3 6 105
127 3 6 139
127 3 6 74
127 3 6 8
127 3 6 64
127 3 6 134
127 3 6 20
127 3 6 8
127 3 6 94
127 3 6 148
127 3 6 15
127 3 6 1
127 3 6 97
127 3 6 143
127 3 6 127
127 3 6 10
127 3 6 118
127 3 6 127
127 3 6 93
127 3 7 3
127 3 7 101
127 3 7 142
127 3 7 82
127 3 7 1
127 3 7 89
127 3 7 130
127 3 7 52
127 3 7 3
127 3 7 123
127 3 7 136
127 3 7 116
127 3 7 5
127 3 7 100
127 3 7 139
127 3 7 33
127 3 7 8
127 3 7 125
127 3 7 142
127 3 7 41
127 3 8 3
127 3 8 116
127 3 8 149
127 3 8 134
127 3 8 1
127 3 8 112
127 3 8 128
127 3 8 117
127 3 8 7
127 3 8 77
127 3 8 133
127 3 8 92
127 3 8 6
127 3 8 64
127 3 8 134
127 3 8 61
127 3 8 7
127 3 8 102
127 3 8 139
127 3 8 51
127 3 9 10
127 3 9 65
127 3 9 146
127 3 9 98
127 3 9 3
127 3 9 69
127 3 9 150
127 3 9 29
127 3 9 1
127 3 9 127
127 3 9 129
127 3 9 37
127 3 9 10
127 3 9 116
127 3 9 143
127 3 9 25
127 3 9 7
127 3 9 84
127 3 9 146
127 3 9 48
127 3 10 1
127 3 10 118
127 3 10 142
127 3 10 105
127 3 10 10
127 3 10 79
127 3 10 143
127 3 10 116
127 3 10 6
127 3 10 112
127 3 10 139
127 3 10 78
127 3 10 9
127 3 10 104
127 3 10 141
127 3 10 4
127 3 10 10
127 3 10 65
127 3 10 138
127 3 10 55
127 3 11 3
127 3 11 100
127 3 11 140
127 3 11 90
127 3 11 10
127 3 11 92
127 3 11 127
127 3 11 87
127 3 11 9
127 3 11 66
127 3 11 137
127 3 11 27
127 3 11 9
127 3 11 97
127 3 11 140
127 3 11 84
127 3 11 2
127 3 11 125
127 3 11 132
127 3 11 90
127 3 12 1
127 3 12 85
127 3 12 133
127 3 12 147
127 3 12 2
127 3 12 82
127 3 12 143
127 3 12 115
127 3 12 10
127 3 12 68
127 3 12 135
127 3 12 132
127 3 12 6
127 3 12 112
127 3 12 150
127 3 12 13
127 3 12 5
127 3 12 64
127 3 12 131
127 3 12 34
127 3 13 7
127 3 13 115
127 3 13 128
127 3 13 66
127 3 13 6
127 3 13 78
127 3 13 139
127 3 13 136
127 3 13 6
127 3 13 125
127 3 13 142
127 3 13 39
127 3 13 8
127 3 13 122
127 3 13 144
127 3 13 14
127 3 13 4
127 3 13 93
127 3 13 129
127 3 13 118
127 3 14 1
127 3 14 64
127 3 14 133
127 3 14 20
127 3 14 1
127 3 14 72
127 3 14 136
127 3 14 108
127 3 14 2
127 3 14 86
127 3 14 147
127 3 14 3
127 3 14 5
127 3 14 64
127 3 14 140
127 3 14 143
127 3 14 10
127 3 14 122
127 3 14 139
127 3 14 135
127 4 1 2
127 4 1 95
127 4 1 141
127 4 1 72
127 4 1 5
127 4 1 122
127 4 1 140
127 4 1 104
127 4 1 9
127 4 1 85
127 4 1 130
127 4 1 76
127 4 1 6
127 4 1 88
127 4 1 128
127 4 1 78
127 4 1 9
127 4 1 123
127 4 1 141
127 4 1 57
127 4 2 6
127 4 2 122
127 4 2 131
127 4 2 4
127 4 2 6
127 4 2 93
127 4 2 127
127 4 2 65
127 4 2 8
127 4 2 109
127 4 2 138
127 4 2 102
127 4 2 4
127 4 2 80
127 4 2 131
127 4 2 58
127 4 2 3
127 4 2 64
127 4 2 146
127 4 2 27
127 4 3 6
127 4 3 78
127 4 3 146
127 4 3 9
127 4 3 8
127 4 3 64
127 4 3 142
127 4 3 128
127 4 3 9
127 4 3 64
127 4 3 141
127 4 3 102
127 4 3 7
127 4 3 86
127 4 3 143
127 4 3 122
127 4 3 8
127 4 3 82
127 4 3 144
127 4 3 144
127 4 4 1
127 4 4 103
127 4 4 128
127 4 4 135
127 4 4 10
127 4 4 74
127 4 4 146
127 4 4 145
127 4 4 1
127 4 4 79
127 4 4 143
127 4 4 62
127 4 4 3
127 4 4 73
127 4 4 147
127 4 4 73
127 4 4 2
127 4 4 75
127 4 4 135
127 4 4 105
127 4 5 9
127 4 5 84
127 4 5 148
127 4 5 60
127 4 5 5
127 4 5 104
127 4 5 131
127 4 5 65
127 4 5 1
127 4 5 63
127 4 5 142
127 4 5 148
127 4 5 1
127 4 5 117
127 4 5 145
127 4 5 1
127 4 5 4
127 4 5 84
127 4 5 131
127 4 5 16
127 4 6 1
127 4 6 88
127 4 6 150
127 4 6 101
127 4 6 2
127 4 6 63
127 4 6 128
127 4 6 93
127 4 6 10
127 4 6 87
127 4 6 133
127 4 6 57
127 4 6 1
127 4 6 110
127 4 6 138
127 4 6 131
127 4 6 9
127 4 6 64
127 4 6 150
127 4 6 143
127 4 7 7
127 4 7 69
127 4 7 133
127 4 7 6
127 4 7 3
127 4 7 69
127 4 7 137
127 4 7 110
127 4 7 8
127 4 7 68
127 4 7 144
127 4 7 129
127 4 7 1
127 4 7 99
127 4 7 128
127 4 7 15
127 4 7 1
127 4 7 108
127 4 7 133
127 4 7 130
127 4 8 3
127 4 8 72
127 4 8 142
127 4 8 89
127 4 8 6
127 4 8 119
127 4 8 131
127 4 8 64
127 4 8 1
127 4 8 71
127 4 8 133
127 4 8 90
127 4 8 6
127 4 8 79
127 4 8 129
127 4 8 19
127 4 8 6
127 4 8 73
127 4 8 143
127 4 8 71
127 4 9 1
127 4 9 67
127 4 9 127
127 4 9 8
127 4 9 10
127 4 9 81
127 4 9 139
127 4 9 51
127 4 9 4
127 4 9 114
127 4 9 145
127 4 9 76
127 4 9 1
127 4 9 125
127 4 9 132
127 4 9 5
127 4 9 3
127 4 9 96
127 4 9 133
127 4 9 17
127 4 10 5
127 4 10 124
127 4 10 147
127 4 10 25
127 4 10 9
127 4 10 78
127 4 10 133
127 4 10 112
127 4 10 5
127 4 10 78
127 4 10 147
127 4 10 21
127 4 10 3
127 4 10 109
127 4 10 141
127 4 10 140
127 4 10 9
127 4 10 104
127 4 10 141
127 4 10 28
127 4 11 10
127 4 11 81
127 4 11 127
127 4 11 104
127 4 11 8
127 4 11 86
127 4 11 142
127 4 11 92
127 4 11 10
127 4 11 89
127 4 11 130
127 4 11 55
127 4 11 1
127 4 11 85
127 4 11 139
127 4 11 6
127 4 11 3
127 4 11 120
127 4 11 139
127 4 11 78
127 4 12 9
127 4 12 104
127 4 12 133
127 4 12 150
127 4 12 8
127 4 12 102
127 4 12 147
127 4 12 87
127 4 12 8
127 4 12 95
127 4 12 136
127 4 12 122
127 4 12 6
127 4 12 95
127 4 12 128
127 4 12 134
127 4 12 1
127 4 12 106
127 4 12 131
127 4 12 99
127 4 13 10
127 4 13 106
127 4 13 148
127 4 13 116
127 4 13 3
127 4 13 120
127 4 13 142
127 4 13 68
127 4 13 1
127 4 13 96
127 4 13 150
127 4 13 16
127 4 13 4
127 4 13 92
127 4 13 137
127 4 13 86
127 4 13 1
127 4 13 75
127 4 13 135
127 4 13 126
127 4 14 9
127 4 14 107
127 4 14 145
127 4 14 26
127 4 14 1
127 4 14 119
127 4 14 136
127 4 14 72
127 4 14 3
127 4 14 92
127 4 14 136
127 4 14 133
127 4 14 1
127 4 14 126
127 4 14 136
127 4 14 18
127 4 14 6
127 4 14 94
127 4 14 137
127 4 14 108
127 5 1 4
127 5 1 83
127 5 1 142
127 5 1 113
127 5 1 5
127 5 1 115
127 5 1 129
127 5 1 83
127 5 1 5
127 5 1 68
127 5 1 131
127 5 1 51
127 5 1 7
127 5 1 72
127 5 1 145
127 5 1 8
127 5 1 1
127 5 1 96
127 5 1 147
127 5 1 79
127 5 2 9
127 5 2 80
127 5 2 131
127 5 2 132
127 5 2 5
127 5 2 74
127 5 2 127
127 5 2 124
127 5 2 6
127 5 2 106
127 5 2 148
127 5 2 63
127 5 2 6
127 5 2 104
127 5 2 140
127 5 2 17
127 5 2 8
127 5 2 89
127 5 2 142
127 5 2 136
127 5 3 3
127 5 3 86
127 5 3 134
127 5 3 57
127 5 3 9
127 5 3 104
127 5 3 141
127 5 3 133
127 5 3 3
127 5 3 126
127 5 3 146
127 5 3 86
127 5 3 7
127 5 3 124
127 5 3 135
127 5 3 138
127 5 3 2
127 5 3 93
127 5 3 143
127 5 3 108
127 5 4 9
127 5 4 82
127 5 4 149
127 5 4 5
127 5 4 7
127 5 4 117
127 5 4 127
127 5 4 5
127 5 4 8
127 5 4 113
127 5 4 145
127 5 4 35
127 5 4 2
127 5 4 83
127 5 4 129
127 5 4 2
127 5 4 5
127 5 4 90
127 5 4 138
127 5 4 44
127 5 5 10
127 5 5 99
127 5 5 131
127 5 5 6
127 5 5 1
127 5 5 102
127 5 5 150
127 5 5 147
127 5 5 5
127 5 5 65
127 5 5 147
127 5 5 79
127 5 5 6
127 5 5 93
127 5 5 136
127 5 5 122
127 5 5 3
127 5 5 123
127 5 5 140
127 5 5 72
127 5 6 8
127 5 6 91
127 5 6 128
127 5 6 53
127 5 6 3
127 5 6 104
127 5 6 149
127 5 6 94
127 5 6 3
127 5 6 101
127 5 6 137
127 5 6 150
127 5 6 7
127 5 6 111
127 5 6 143
127 5 6 112
127 5 6 9
127 5 6 110
127 5 6 132
127 5 6 105
127 5 7 8
127 5 7 125
127 5 7 133
127 5 7 19
127 5 7 4
127 5 7 125
127 5 7 149
127 5 7 19
127 5 7 8
127 5 7 103
127 5 7 150
127 5 7 91
127 5 7 6
127 5 7 105
127 5 7 138
127 5 7 97
127 5 7 4
127 5 7 80
127 5 7 133
127 5 7 148
127 5 8 6
127 5 8 91
127 5 8 129
127 5 8 89
127 5 8 6
127 5 8 94
127 5 8 129
127 5 8 130
127 5 8 7
127 5 8 92
127 5 8 144
127 5 8 87
127 5 8 1
127 5 8 98
127 5 8 133
127 5 8 74
127 5 8 5
127 5 8 96
127 5 8 138
127 5 8 135
127 5 9 2
127 5 9 107
127 5 9 140
127 5 9 142
127 5 9 3
127 5 9 87
127 5 9 143
127 5 9 39
127 5 9 1
127 5 9 65
127 5 9 150
127 5 9 110
127 5 9 1
127 5 9 80
127 5 9 131
127 5 9 29
127 5 9 6
127 5 9 77
127 5 9 136
127 5 9 15
127 5 10 10
127 5 10 95
127 5 10 132
127 5 10 94
127 5 10 9
127 5 10 116
127 5 10 136
127 5 10 107
127 5 10 10
127 5 10 90
127 5 10 137
127 5 10 131
127 5 10 8
127 5 10 99
127 5 10 130
127 5 10 133
127 5 10 3
127 5 10 76
127 5 10 138
127 5 10 110
127 5 11 5
127 5 11 109
127 5 11 131
127 5 11 130
127 5 11 9
127 5 11 111
127 5 11 141
127 5 11 4
127 5 11 8
127 5 11 96
127 5 11 128
127 5 11 39
127 5 11 10
127 5 11 65
127 5 11 132
127 5 11 51
127 5 11 1
127 5 11 112
127 5 11 144
127 5 11 46
127 5 12 2
127 5 12 80
127 5 12 127
127 5 12 40
127 5 12 2
127 5 12 87
127 5 12 133
127 5 12 119
127 5 12 10
127 5 12 123
127 5 12 133
127 5 12 67
127 5 12 8
127 5 12 124
127 5 12 140
127 5 12 95
127 5 12 9
127 5 12 80
127 5 12 144
127 5 12 76
127 5 13 1
127 5 13 123
127 5 13 146
127 5 13 138
127 5 13 6
127 5 13 76
127 5 13 127
127 5 13 66
127 5 13 6
127 5 13 73
127 5 13 142
127 5 13 43
127 5 13 9
127 5 13 122
127 5 13 134
127 5 13 103
127 5 13 10
127 5 13 105
127 5 13 149
127 5 13 101
127 5 14 1
127 5 14 121
127 5 14 138
127 5 14 110
127 5 14 10
127 5 14 118
127 5 14 138
127 5 14 98
127 5 14 8
127 5 14 100
127 5 14 128
127 5 14 142
127 5 14 5
127 5 14 126
127 5 14 146
127 5 14 56
127 5 14 8
127 5 14 114
127 5 14 148
127 5 14 99
127 6 1 5
127 6 1 91
127 6 1 141
127 6 1 129
127 6 1 3
127 6 1 116
127 6 1 134
127 6 1 145
127 6 1 5
127 6 1 107
127 6 1 146
127 6 1 24
127 6 1 2
127 6 1 77
127 6 1 150
127 6 1 129
127 6 1 6
127 6 1 103
127 6 1 131
127 6 1 70
127 6 2 1
127 6 2 104
127 6 2 135
127 6 2 68
127 6 2 3
127 6 2 108
127 6 2 135
127 6 2 34
127 6 2 7
127 6 2 106
127 6 2 143
127 6 2 2
127 6 2 6
127 6 2 116
127 6 2 133
127 6 2 72
127 6 2 10
127 6 2 117
127 6 2 133
127 6 2 96
127 6 3 2
127 6 3 74
127 6 3 139
127 6 3 116
127 6 3 1
127 6 3 80
127 6 3 136
127 6 3 68
127 6 3 3
127 6 3 83
127 6 3 146
127 6 3 68
127 6 3 8
127 6 3 123
127 6 3 145
127 6 3 12
127 6 3 1
127 6 3 86
127 6 3 137
127 6 3 145
127 6 4 8
127 6 4 93
127 6 4 146
127 6 4 59
127 6 4 5
127 6 4 114
127 6 4 143
127 6 4 93
127 6 4 9
127 6 4 101
127 6 4 144
127 6 4 82
127 6 4 5
127 6 4 114
127 6 4 137
127 6 4 27
127 6 4 6
127 6 4 88
127 6 4 137
127 6 4 76
127 6 5 3
127 6 5 111
127 6 5 136
127 6 5 78
127 6 5 7
127 6 5 116
127 6 5 130
127 6 5 47
127 6 5 9
127 6 5 122
127 6 5 134
127 6 5 101
127 6 5 9
127 6 5 118
127 6 5 142
127 6 5 100
127 6 5 2
127 6 5 97
127 6 5 128
127 6 5 62
127 6 6 10
127 6 6 105
127 6 6 143
127 6 6 122
127 6 6 5
127 6 6 91
127 6 6 138
127 6 6 2
127 6 6 10
127 6 6 109
127 6 6 146
127 6 6 36
127 6 6 4
127 6 6 90
127 6 6 141
127 6 6 67
127 6 6 9
127 6 6 86
127 6 6 147
127 6 6 29
127 6 7 6
127 6 7 76
127 6 7 137
127 6 7 23
127 6 7 8
127 6 7 122
127 6 7 132
127 6 7 79
127 6 7 8
127 6 7 106
127 6 7 132
127 6 7 150
127 6 7 4
127 6 7 90
127 6 7 137
127 6 7 75
127 6 7 10
127 6 7 95
127 6 7 140
127 6 7 130
127 6 8 3
127 6 8 101
127 6 8 134
127 6 8 142
127 6 8 1
127 6 8 83
127 6 8 134
127 6 8 133
127 6 8 8
127 6 8 91
127 6 8 137
127 6 8 23
127 6 8 8
127 6 8 77
127 6 8 140
127 6 8 46
127 6 8 4
127 6 8 100
127 6 8 142
127 6 8 142
127 6 9 2
127 6 9 91
127 6 9 132
127 6 9 91
127 6 9 6
127 6 9 82
127 6 9 146
127 6 9 50
127 6 9 5
127 6 9 121
127 6 9 136
127 6 9 14
127 6 9 3
127 6 9 64
127 6 9 135
127 6 9 51
127 6 9 10
127 6 9 68
127 6 9 135
127 6 9 71
127 6 10 10
127 6 10 122
127 6 10 129
127 6 10 27
127 6 10 7
127 6 10 89
127 6 10 133
127 6 10 5
127 6 10 5
127 6 10 80
127 6 10 144
127 6 10 96
127 6 10 8
127 6 10 109
127 6 10 150
127 6 10 8
127 6 10 10
127 6 10 68
127 6 10 130
127 6 10 92
127 6 11 7
127 6 11 86
127 6 11 135
127 6 11 83
127 6 11 2
127 6 11 72
127 6 11 129
127 6 11 89
127 6 11 6
127 6 11 69
127 6 11 146
127 6 11 12
127 6 11 10
127 6 11 117
127 6 11 132
127 6 11 26
127 6 11 8
127 6 11 121
127 6 11 133
127 6 11 123
127 6 12 9
127 6 12 109
127 6 12 137
127 6 12 145
127 6 12 5
127 6 12 77
127 6 12 142
127 6 12 70
127 6 12 8
127 6 12 126
127 6 12 128
127 6 12 72
127 6 12 1
127 6 12 78
127 6 12 146
127 6 12 80
127 6 12 8
127 6 12 91
127 6 12 147
127 6 12 7
127 6 13 10
127 6 13 94
127 6 13 131
127 6 13 86
127 6 13 1
127 6 13 92
127 6 13 138
127 6 13 61
127 6 13 7
127 6 13 95
127 6 13 149
127 6 13 56
127 6 13 10
127 6 13 111
127 6 13 139
127 6 13 131
127 6 13 6
127 6 13 78
127 6 13 139
127 6 13 34
127 6 14 4
127 6 14 98
127 6 14 148
127 6 14 92
127 6 14 4
127 6 14 91
127 6 14 131
127 6 14 31
127 6 14 8
127 6 14 104
127 6 14 139
127 6 14 126
127 6 14 6
127 6 14 93
127 6 14 133
127 6 14 118
127 6 14 8
127 6 14 100
127 6 14 135
127 6 14 18
127 7 1 4
127 7 1 109
127 7 1 130
127 7 1 28
127 7 1 8
127 7 1 97
127 7 1 127
127 7 1 51
127 7 1 2
127 7 1 71
127 7 1 130
127 7 1 115
127 7 1 10
127 7 1 115
127 7 1 137
127 7 1 35
127 7 1 3
127 7 1 127
127 7 1 147
127 7 1 146
127 7 2 6
127 7 2 98
127 7 2 127
127 7 2 107
127 7 2 9
127 7 2 117
127 7 2 143
127 7 2 71
127 7 2 3
127 7 2 66
127 7 2 133
127 7 2 7
127 7 2 4
127 7 2 110
127 7 2 141
127 7 2 106
127 7 2 6
127 7 2 122
127 7 2 144
127 7 2 55
127 7 3 3
127 7 3 107
127 7 3 140
127 7 3 4
127 7 3 6
127 7 3 116
127 7 3 150
127 7 3 11
127 7 3 5
127 7 3 95
127 7 3 129
127 7 3 28
127 7 3 6
127 7 3 80
127 7 3 136
127 7 3 122
127 7 3 4
127 7 3 116
127 7 3 133
127 7 3 85
127 7 4 1
127 7 4 98
127 7 4 145
127 7 4 120
127 7 4 7
127 7 4 109
127 7 4 146
127 7 4 31
127 7 4 2
127 7 4 99
127 7 4 138
127 7 4 2
127 7 4 4
127 7 4 70
127 7 4 135
127 7 4 21
127 7 4 3
127 7 4 86
127 7 4 140
127 7 4 53
127 7 5 10
127 7 5 75
127 7 5 132
127 7 5 116
127 7 5 2
127 7 5 65
127 7 5 143
127 7 5 107
127 7 5 7
127 7 5 79
127 7 5 142
127 7 5 117
127 7 5 9
127 7 5 79
127 7 5 127
127 7 5 88
127 7 5 10
127 7 5 94
127 7 5 141
127 7 5 51
127 7 6 9
127 7 6 66
127 7 6 144
127 7 6 86
127 7 6 9
127 7 6 91
127 7 6 150
127 7 6 112
127 7 6 3
127 7 6 96
127 7 6 128
127 7 6 138
127 7 6 3
127 7 6 65
127 7 6 135
127 7 6 106
127 7 6 1
127 7 6 114
127 7 6 145
127 7 6 27
127 7 7 4
127 7 7 65
127 7 7 132
127 7 7 46
127 7 7 9
127 7 7 75
127 7 7 142
127 7 7 109
127 7 7 9
127 7 7 75
127 7 7 140
127 7 7 111
127 7 7 6
127 7 7 114
127 7 7 142
127 7 7 125
127 7 7 10
127 7 7 82
127 7 7 129
127 7 7 91
127 7 8 8
127 7 8 93
127 7 8 145
127 7 8 80
127 7 8 6
127 7 8 113
127 7 8 131
127 7 8 47
127 7 8 6
127 7 8 72
127 7 8 144
127 7 8 58
127 7 8 6
127 7 8 105
127 7 8 142
127 7 8 29
127 7 8 10
127 7 8 65
127 7 8 132
127 7 8 126
127 7 9 10
127 7 9 78
127 7 9 127
127 7 9 35
127 7 9 4
127 7 9 109
127 7 9 136
127 7 9 110
127 7 9 8
127 7 9 92
127 7 9 150
127 7 9 134
127 7 9 4
127 7 9 102
127 7 9 138
127 7 9 117
127 7 9 6
127 7 9 74
127 7 9 134
127 7 9 9
127 7 10 8
127 7 10 97
127 7 10 150
127 7 10 84
127 7 10 7
127 7 10 67
127 7 10 150
127 7 10 120
127 7 10 6
127 7 10 109
127 7 10 132
127 7 10 89
127 7 10 6
127 7 10 70
127 7 10 128
127 7 10 2
127 7 10 8
127 7 10 77
127 7 10 146
127 7 10 31
127 7 11 3
127 7 11 80
127 7 11 133
127 7 11 78
127 7 11 2
127 7 11 99
127 7 11 133
127 7 11 54
127 7 11 3
127 7 11 127
127 7 11 150
127 7 11 43
127 7 11 1
127 7 11 68
127 7 11 138
127 7 11 85
127 7 11 7
127 7 11 90
127 7 11 149
127 7 11 12
127 7 12 2
127 7 12 102
127 7 12 148
127 7 12 133
127 7 12 5
127 7 12 105
127 7 12 150
127 7 12 92
127 7 12 2
127 7 12 98
127 7 12 135
127 7 12 26
127 7 12 8
127 7 12 112
127 7 12 144
127 7 12 37
127 7 12 7
127 7 12 116
127 7 12 150
127 7 12 95
127 7 13 3
127 7 13 121
127 7 13 150
127 7 13 73
127 7 13 3
127 7 13 80
127 7 13 145
127 7 13 76
127 7 13 4
127 7 13 102
127 7 13 138
127 7 13 147
127 7 13 1
127 7 13 76
127 7 13 150
127 7 13 142
127 7 13 2
127 7 13 89
127 7 13 133
127 7 13 16
127 7 14 8
127 7 14 112
127 7 14 137
127 7 14 85
127 7 14 4
127 7 14 99
127 7 14 129
127 7 14 37
127 7 14 1
127 7 14 117
127 7 14 144
127 7 14 41
127 7 14 9
127 7 14 109
127 7 14 140
127 7 14 74
127 7 14 6
127 7 14 120
127 7 14 148
127 7 14 22
127 8 1 9
127 8 1 93
127 8 1 142
127 8 1 3
127 8 1 5
127 8 1 117
127 8 1 144
127 8 1 79
127 8 1 6
127 8 1 76
127 8 1 140
127 8 1 97
127 8 1 7
127 8 1 119
127 8 1 143
127 8 1 40
127 8 1 6
127 8 1 121
127 8 1 143
127 8 1 35
127 8 2 9
127 8 2 120
127 8 2 129
127 8 2 57
127 8 2 9
127 8 2 109
127 8 2 149
127 8 2 15
127 8 2 3
127 8 2 118
127 8 2 138
127 8 2 78
127 8 2 6
127 8 2 88
127 8 2 131
127 8 2 39
127 8 2 7
127 8 2 92
127 8 2 129
127 8 2 53
127 8 3 7
127 8 3 91
127 8 3 141
127 8 3 85
127 8 3 4
127 8 3 63
127 8 3 131
127 8 3 31
127 8 3 5
127 8 3 103
127 8 3 139
127 8 3 76
127 8 3 7
127 8 3 86
127 8 3 147
127 8 3 18
127 8 3 10
127 8 3 110
127 8 3 136
127 8 3 10
127 8 4 9
127 8 4 84
127 8 4 144
127 8 4 113
127 8 4 6
127 8 4 108
127 8 4 129
127 8 4 119
127 8 4 8
127 8 4 112
127 8 4 132
127 8 4 59
127 8 4 6
127 8 4 88
127 8 4 145
127 8 4 49
127 8 4 8
127 8 4 87
127 8 4 133
127 8 4 112
127 8 5 9
127 8 5 74
127 8 5 142
127 8 5 142
127 8 5 7
127 8 5 93
127 8 5 128
127 8 5 105
127 8 5 1
127 8 5 109
127 8 5 134
127 8 5 76
127 8 5 3
127 8 5 63
127 8 5 146
127 8 5 47
127 8 5 3
127 8 5 111
127 8 5 137
127 8 5 53
127 8 6 3
127 8 6 70
127 8 6 139
127 8 6 149
127 8 6 2
127 8 6 69
127 8 6 138
127 8 6 52
127 8 6 4
127 8 6 91
127 8 6 149
127 8 6 105
127 8 6 6
127 8 6 66
127 8 6 138
127 8 6 51
127 8 6 4
127 8 6 97
127 8 6 150
127 8 6 76
127 8 7 7
127 8 7 89
127 8 7 145
127 8 7 22
127 8 7 1
127 8 7 64
127 8 7 148
127 8 7 81
127 8 7 9
127 8 7 78
127 8 7 138
127 8 7 149
127 8 7 8
127 8 7 97
127 8 7 129
127 8 7 2
127 8 7 4
127 8 7 98
127 8 7 150
127 8 7 70
127 8 8 4
127 8 8 90
127 8 8 145
127 8 8 89
127 8 8 3
127 8 8 126
127 8 8 141
127 8 8 127
127 8 8 3
127 8 8 97
127 8 8 129
127 8 8 26
127 8 8 6
127 8 8 106
127 8 8 130
127 8 8 28
127 8 8 5
127 8 8 112
127 8 8 135
127 8 8 70
127 8 9 5
127 8 9 91
127 8 9 131
127 8 9 52
127 8 9 3
127 8 9 81
127 8 9 143
127 8 9 67
127 8 9 3
127 8 9 92
127 8 9 141
127 8 9 39
127 8 9 1
127 8 9 95
127 8 9 129
127 8 9 108
127 8 9 2
127 8 9 110
127 8 9 135
127 8 9 39
127 8 10 6
127 8 10 91
127 8 10 131
127 8 10 1
127 8 10 7
127 8 10 92
127 8 10 132
127 8 10 85
127 8 10 9
127 8 10 81
127 8 10 148
127 8 10 96
127 8 10 4
127 8 10 88
127 8 10 135
127 8 10 113
127 8 10 1
127 8 10 88
127 8 10 140
127 8 10 147
127 8 11 8
127 8 11 106
127 8 11 132
127 8 11 124
127 8 11 1
127 8 11 64
127 8 11 150
127 8 11 73
127 8 11 4
127 8 11 87
127 8 11 129
127 8 11 98
127 8 11 10
127 8 11 70
127 8 11 130
127 8 11 112
127 8 11 6
127 8 11 102
127 8 11 130
127 8 11 102
127 8 12 5
127 8 12 77
127 8 12 141
127 8 12 46
127 8 12 4
127 8 12 96
127 8 12 132
127 8 12 28
127 8 12 5
127 8 12 85
127 8 12 146
127 8 12 51
127 8 12 2
127 8 12 81
127 8 12 133
127 8 12 121
127 8 12 7
127 8 12 94
127 8 12 135
127 8 12 45
127 8 13 2
127 8 13 84
127 8 13 134
127 8 13 16
127 8 13 10
127 8 13 124
127 8 13 146
127 8 13 13
127 8 13 3
127 8 13 63
127 8 13 133
127 8 13 148
127 8 13 7
127 8 13 97
127 8 13 131
127 8 13 81
127 8 13 5
127 8 13 105
127 8 13 147
127 8 13 106
127 8 14 4
127 8 14 123
127 8 14 143
127 8 14 2
127 8 14 8
127 8 14 65
127 8 14 150
127 8 14 30
127 8 14 7
127 8 14 120
127 8 14 141
127 8 14 54
127 8 14 9
127 8 14 94
127 8 14 145
127 8 14 97
127 8 14 2
127 8 14 127
127 8 14 140
127 8 14 94
127 9 1 6
127 9 1 106
127 9 1 146
127 9 1 1
127 9 1 4
127 9 1 95
127 9 1 137
127 9 1 65
127 9 1 8
127 9 1 85
127 9 1 145
127 9 1 50
127 9 1 8
127 9 1 110
127 9 1 143
127 9 1 79
127 9 1 5
127 9 1 70
127 9 1 129
127 9 1 35
127 9 2 9
127 9 2 71
127 9 2 134
127 9 2 110
127 9 2 6
127 9 2 66
127 9 2 137
127 9 2 84
127 9 2 5
127 9 2 111
127 9 2 142
127 9 2 50
127 9 2 10
127 9 2 105
127 9 2 146
127 9 2 103
127 9 2 4
127 9 2 94
127 9 2 141
127 9 2 43
127 9 3 3
127 9 3 87
127 9 3 127
127 9 3 110
127 9 3 9
127 9 3 75
127 9 3 136
127 9 3 148
127 9 3 8
127 9 3 66
127 9 3 133
127 9 3 54
127 9 3 3
127 9 3 104
127 9 3 142
127 9 3 144
127 9 3 4
127 9 3 98
127 9 3 147
127 9 3 92
127 9 4 7
127 9 4 124
127 9 4 128
127 9 4 28
127 9 4 4
127 9 4 92
127 9 4 149
127 9 4 88
127 9 4 4
127 9 4 81
127 9 4 147
127 9 4 119
127 9 4 2
127 9 4 66
127 9 4 146
127 9 4 139
127 9 4 6
127 9 4 119
127 9 4 129
127 9 4 147
127 9 5 1
127 9 5 106
127 9 5 128
127 9 5 135
127 9 5 3
127 9 5 68
127 9 5 138
127 9 5 144
127 9 5 3
127 9 5 78
127 9 5 141
127 9 5 71
127 9 5 1
127 9 5 70
127 9 5 129
127 9 5 146
127 9 5 6
127 9 5 98
127 9 5 129
127 9 5 11
127 9 6 6
127 9 6 113
127 9 6 133
127 9 6 9
127 9 6 7
127 9 6 100
127 9 6 133
127 9 6 29
127 9 6 9
127 9 6 99
127 9 6 147
127 9 6 23
127 9 6 6
127 9 6 89
127 9 6 129
127 9 6 23
127 9 6 9
127 9 6 82
127 9 6 145
127 9 6 85
127 9 7 10
127 9 7 114
127 9 7 131
127 9 7 21
127 9 7 2
127 9 7 98
127 9 7 141
127 9 7 129
127 9 7 8
127 9 7 117
127 9 7 143
127 9 7 105
127 9 7 4
127 9 7 94
127 9 7 145
127 9 7 140
127 9 7 2
127 9 7 108
127 9 7 137
127 9 7 75
127 9 8 1
127 9 8 112
127 9 8 133
127 9 8 94
127 9 8 4
127 9 8 75
127 9 8 127
127 9 8 66
127 9 8 9
127 9 8 123
127 9 8 150
127 9 8 95
127 9 8 10
127 9 8 79
127 9 8 148
127 9 8 24
127 9 8 2
127 9 8 64
127 9 8 128
127 9 8 19
127 9 9 9
127 9 9 124
127 9 9 127
127 9 9 148
127 9 9 4
127 9 9 123
127 9 9 143
127 9 9 64
127 9 9 4
127 9 9 75
127 9 9 136
127 9 9 115
127 9 9 1
127 9 9 97
127 9 9 129
127 9 9 7
127 9 9 1
127 9 9 88
127 9 9 135
127 9 9 135
127 9 10 5
127 9 10 78
127 9 10 146
127 9 10 35
127 9 10 9
127 9 10 79
127 9 10 142
127 9 10 127
127 9 10 9
127 9 10 106
127 9 10 136
127 9 10 62
127 9 10 8
127 9 10 70
127 9 10 150
127 9 10 136
127 9 10 8
127 9 10 96
127 9 10 136
127 9 10 103
127 9 11 8
127 9 11 112
127 9 11 135
127 9 11 77
127 9 11 2
127 9 11 96
127 9 11 143
127 9 11 98
127 9 11 7
127 9 11 67
127 9 11 130
127 9 11 87
127 9 11 3
127 9 11 65
127 9 11 129
127 9 11 11
127 9 11 4
127 9 11 112
127 9 11 138
127 9 11 21
127 9 12 1
127 9 12 92
127 9 12 132
127 9 12 114
127 9 12 7
127 9 12 109
127 9 12 144
127 9 12 80
127 9 12 3
127 9 12 102
127 9 12 139
127 9 12 90
127 9 12 8
127 9 12 121
127 9 12 133
127 9 12 128
127 9 12 1
127 9 12 89
127 9 12 144
127 9 12 142
127 9 13 1
127 9 13 122
127 9 13 134
127 9 13 39
127 9 13 1
127 9 13 95
127 9 13 150
127 9 13 55
127 9 13 8
127 9 13 107
127 9 13 148
127 9 13 32
127 9 13 4
127 9 13 105
127 9 13 135
127 9 13 134
127 9 13 3
127 9 13 104
127 9 13 150
127 9 13 60
127 9 14 7
127 9 14 68
127 9 14 135
127 9 14 114
127 9 14 2
127 9 14 79
127 9 14 133
127 9 14 46
127 9 14 4
127 9 14 69
127 9 14 142
127 9 14 92
127 9 14 2
127 9 14 125
127 9 14 138
127 9 14 76
127 9 14 3
127 9 14 94
127 9 14 129
127 9 14 12
127 10 1 2
127 10 1 96
127 10 1 130
127 10 1 25
127 10 1 8
127 10 1 101
127 10 1 150
127 10 1 12
127 10 1 2
127 10 1 122
127 10 1 141
127 10 1 24
127 10 1 3
127 10 1 83
127 10 1 137
127 10 1 107
127 10 1 6
127 10 1 75
127 10 1 127
127 10 1 55
127 10 2 4
127 10 2 89
127 10 2 142
127 10 2 106
127 10 2 10
127 10 2 88
127 10 2 137
127 10 2 4
127 10 2 9
127 10 2 84
127 10 2 149
127 10 2 65
127 10 2 8
127 10 2 83
127 10 2 136
127 10 2 144
127 10 2 2
127 10 2 117
127 10 2 138
127 10 2 121
127 10 3 7
127 10 3 116
127 10 3 145
127 10 3 87
127 10 3 2
127 10 3 75
127 10 3 135
127 10 3 64
127 10 3 7
127 10 3 124
127 10 3 145
127 10 3 7
127 10 3 1
127 10 3 83
127 10 3 145
127 10 3 14
127 10 3 5
127 10 3 73
127 10 3 135
127 10 3 77
127 10 4 6
127 10 4 117
127 10 4 147
127 10 4 147
127 10 4 7
127 10 4 94
127 10 4 146
127 10 4 141
127 10 4 1
127 10 4 98
127 10 4 147
127 10 4 99
127 10 4 7
127 10 4 127
127 10 4 135
127 10 4 141
127 10 4 10
127 10 4 85
127 10 4 149
127 10 4 115
127 10 5 6
127 10 5 88
127 10 5 137
127 10 5 100
127 10 5 2
127 10 5 74
127 10 5 150
127 10 5 112
127 10 5 9
127 10 5 99
127 10 5 140
127 10 5 24
127 10 5 1
127 10 5 102
127 10 5 137
127 10 5 132
127 10 5 5
127 10 5 122
127 10 5 143
127 10 5 92
127 10 6 3
127 10 6 107
127 10 6 143
127 10 6 136
127 10 6 1
127 10 6 96
127 10 6 135
127 10 6 127
127 10 6 2
127 10 6 102
127 10 6 145
127 10 6 150
127 10 6 7
127 10 6 109
127 10 6 146
127 10 6 101
127 10 6 6
127 10 6 98
127 10 6 143
127 10 6 108
127 10 7 2
127 10 7 71
127 10 7 139
127 10 7 132
127 10 7 1
127 10 7 64
127 10 7 129
127 10 7 84
127 10 7 6
127 10 7 127
127 10 7 131
127 10 7 62
127 10 7 8
127 10 7 79
127 10 7 133
127 10 7 69
127 10 7 9
127 10 7 127
127 10 7 150
127 10 7 72
127 10 8 3
127 10 8 124
127 10 8 148
127 10 8 92
127 10 8 3
127 10 8 108
127 10 8 134
127 10 8 136
127 10 8 4
127 10 8 125
127 10 8 130
127 10 8 136
127 10 8 9
127 10 8 98
127 10 8 138
127 10 8 85
127 10 8 5
127 10 8 63
127 10 8 144
127 10 8 93
127 10 9 1
127 10 9 99
127 10 9 148
127 10 9 37
127 10 9 1
127 10 9 85
127 10 9 140
127 10 9 3
127 10 9 6
127 10 9 97
127 10 9 149
127 10 9 25
127 10 9 5
127 10 9 118
127 10 9 132
127 10 9 83
127 10 9 9
127 10 9 102
127 10 9 128
127 10 9 55
127 10 10 3
127 10 10 71
127 10 10 133
127 10 10 90
127 10 10 6
127 10 10 81
127 10 10 135
127 10 10 116
127 10 10 4
127 10 10 76
127 10 10 147
127 10 10 46
127 10 10 7
127 10 10 115
127 10 10 139
127 10 10 74
127 10 10 2
127 10 10 111
127 10 10 149
127 10 10 70
127 10 11 4
127 10 11 127
127 10 11 134
127 10 11 10
127 10 11 9
127 10 11 73
127 10 11 131
127 10 11 24
127 10 11 1
127 10 11 123
127 10 11 132
127 10 11 143
127 10 11 3
127 10 11 110
127 10 11 149
127 10 11 141
127 10 11 7
127 10 11 63
127 10 11 146
127 10 11 14
127 10 12 7
127 10 12 122
127 10 12 142
127 10 12 21
127 10 12 1
127 10 12 78
127 10 12 133
127 10 12 97
127 10 12 7
127 10 12 81
127 10 12 138
127 10 12 121
127 10 12 9
127 10 12 69
127 10 12 131
127 10 12 68
127 10 12 1
127 10 12 125
127 10 12 143
127 10 12 18
127 10 13 7
127 10 13 70
127 10 13 138
127 10 13 118
127 10 13 10
127 10 13 109
127 10 13 135
127 10 13 9
127 10 13 10
127 10 13 98
127 10 13 136
127 10 13 141
127 10 13 6
127 10 13 64
127 10 13 147
127 10 13 56
127 10 13 6
127 10 13 74
127 10 13 135
127 10 13 38
127 10 14 3
127 10 14 80
127 10 14 141
127 10 14 137
127 10 14 6
127 10 14 66
127 10 14 145
127 10 14 132
127 10 14 5
127 10 14 126
127 10 14 148
127 10 14 41
127 10 14 1
127 10 14 110
127 10 14 128
127 10 14 22
127 10 14 5
127 10 14 67
127 10 14 132
127 10 14 90
127 11 1 4
127 11 1 114
127 11 1 146
127 11 1 5
127 11 1 10
127 11 1 117
127 11 1 133
127 11 1 36
127 11 1 7
127 11 1 99
127 11 1 134
127 11 1 47
127 11 1 2
127 11 1 97
127 11 1 135
127 11 1 119
127 11 1 8
127 11 1 120
127 11 1 127
127 11 1 140
127 11 2 7
127 11 2 69
127 11 2 129
127 11 2 122
127 11 2 1
127 11 2 124
127 11 2 145
127 11 2 145
127 11 2 4
127 11 2 117
127 11 2 143
127 11 2 59
127 11 2 4
127 11 2 124
127 11 2 141
127 11 2 19
127 11 2 6
127 11 2 77
127 11 2 141
127 11 2 115
127 11 3 1
127 11 3 72
127 11 3 146
127 11 3 60
127 11 3 7
127 11 3 105
127 11 3 137
127 11 3 13
127 11 3 5
127 11 3 113
127 11 3 135
127 11 3 22
127 11 3 4
127 11 3 112
127 11 3 135
127 11 3 150
127 11 3 9
127 11 3 117
127 11 3 144
127 11 3 77
127 11 4 2
127 11 4 109
127 11 4 137
127 11 4 106
127 11 4 6
127 11 4 119
127 11 4 142
127 11 4 73
127 11 4 3
127 11 4 121
127 11 4 147
127 11 4 93
127 11 4 9
127 11 4 89
127 11 4 147
127 11 4 64
127 11 4 9
127 11 4 107
127 11 4 143
127 11 4 122
127 11 5 4
127 11 5 102
127 11 5 128
127 11 5 102
127 11 5 5
127 11 5 75
127 11 5 136
127 11 5 39
127 11 5 6
127 11 5 90
127 11 5 147
127 11 5 149
127 11 5 10
127 11 5 124
127 11 5 139
127 11 5 58
127 11 5 8
127 11 5 115
127 11 5 133
127 11 5 94
127 11 6 1
127 11 6 80
127 11 6 141
127 11 6 41
127 11 6 6
127 11 6 87
127 11 6 148
127 11 6 8
127 11 6 2
127 11 6 112
127 11 6 149
127 11 6 86
127 11 6 4
127 11 6 126
127 11 6 129
127 11 6 96
127 11 6 4
127 11 6 97
127 11 6 147
127 11 6 90
127 11 7 4
127 11 7 89
127 11 7 139
127 11 7 53
127 11 7 6
127 11 7 114
127 11 7 131
127 11 7 70
127 11 7 2
127 11 7 119
127 11 7 127
127 11 7 64
127 11 7 1
127 11 7 123
127 11 7 130
127 11 7 14
127 11 7 2
127 11 7 118
127 11 7 127
127 11 7 24
127 11 8 9
127 11 8 90
127 11 8 132
127 11 8 125
127 11 8 6
127 11 8 100
127 11 8 134
127 11 8 69
127 11 8 8
127 11 8 106
127 11 8 147
127 11 8 94
127 11 8 1
127 11 8 75
127 11 8 130
127 11 8 83
127 11 8 9
127 11 8 81
127 11 8 137
127 11 8 29
127 11 9 10
127 11 9 66
127 11 9 142
127 11 9 125
127 11 9 3
127 11 9 83
127 11 9 138
127 11 9 68
127 11 9 3
127 11 9 95
127 11 9 128
127 11 9 118
127 11 9 8
127 11 9 102
127 11 9 145
127 11 9 84
127 11 9 9
127 11 9 116
127 11 9 140
127 11 9 72
127 11 10 3
127 11 10 94
127 11 10 140
127 11 10 104
127 11 10 6
127 11 10 88
127 11 10 136
127 11 10 149
127 11 10 6
127 11 10 106
127 11 10 147
127 11 10 84
127 11 10 1
127 11 10 87
127 11 10 127
127 11 10 22
127 11 10 1
127 11 10 117
127 11 10 128
127 11 10 78
127 11 11 3
127 11 11 83
127 11 11 133
127 11 11 106
127 11 11 2
127 11 11 102
127 11 11 130
127 11 11 110
127 11 11 8
127 11 11 99
127 11 11 141
127 11 11 131
127 11 11 4
127 11 11 127
127 11 11 134
127 11 11 121
127 11 11 6
127 11 11 103
127 11 11 150
127 11 11 13
127 11 12 3
127 11 12 64
127 11 12 132
127 11 12 144
127 11 12 3
127 11 12 115
127 11 12 146
127 11 12 58
127 11 12 1
127 11 12 71
127 11 12 140
127 11 12 52
127 11 12 7
127 11 12 97
127 11 12 146
127 11 12 80
127 11 12 7
127 11 12 118
127 11 12 147
127 11 12 78
127 11 13 8
127 11 13 66
127 11 13 150
127 11 13 128
127 11 13 3
127 11 13 107
127 11 13 135
127 11 13 125
127 11 13 8
127 11 13 87
127 11 13 127
127 11 13 149
127 11 13 10
127 11 13 127
127 11 13 147
127 11 13 84
127 11 13 2
127 11 13 90
127 11 13 148
127 11 13 109
127 11 14 3
127 11 14 121
127 11 14 128
127 11 14 61
127 11 14 6
127 11 14 77
127 11 14 135
127 11 14 103
127 11 14 5
127 11 14 63
127 11 14 131
127 11 14 134
127 11 14 9
127 11 14 107
127 11 14 141
127 11 14 144
127 11 14 2
127 11 14 102
127 11 14 127
127 11 14 8
127 12 1 6
127 12 1 97
127 12 1 142
127 12 1 131
127 12 1 9
127 12 1 67
127 12 1 145
127 12 1 89
127 12 1 2
127 12 1 108
127 12 1 142
127 12 1 117
127 12 1 10
127 12 1 106
127 12 1 140
127 12 1 23
127 12 1 6
127 12 1 67
127 12 1 145
127 12 1 48
127 12 2 9
127 12 2 82
127 12 2 129
127 12 2 21
127 12 2 6
127 12 2 79
127 12 2 149
127 12 2 3
127 12 2 3
127 12 2 119
127 12 2 145
127 12 2 61
127 12 2 2
127 12 2 122
127 12 2 135
127 12 2 93
127 12 2 1
127 12 2 73
127 12 2 148
127 12 2 21
127 12 3 1
127 12 3 108
127 12 3 138
127 12 3 6
127 12 3 9
127 12 3 68
127 12 3 133
127 12 3 111
127 12 3 6
127 12 3 116
127 12 3 137
127 12 3 104
127 12 3 6
127 12 3 84
127 12 3 133
127 12 3 107
127 12 3 10
127 12 3 124
127 12 3 129
127 12 3 55
127 12 4 9
127 12 4 76
127 12 4 143
127 12 4 36
127 12 4 5
127 12 4 119
127 12 4 145
127 12 4 28
127 12 4 9
127 12 4 93
127 12 4 139
127 12 4 67
127 12 4 5
127 12 4 123
127 12 4 136
127 12 4 56
127 12 4 9
127 12 4 63
127 12 4 136
127 12 4 83
127 12 5 4
127 12 5 93
127 12 5 145
127 12 5 48
127 12 5 9
127 12 5 68
127 12 5 135
127 12 5 116
127 12 5 10
127 12 5 70
127 12 5 139
127 12 5 57
127 12 5 6
127 12 5 75
127 12 5 138
127 12 5 94
127 12 5 10
127 12 5 111
127 12 5 136
127 12 5 87
127 12 6 3
127 12 6 84
127 12 6 132
127 12 6 26
127 12 6 5
127 12 6 68
127 12 6 130
127 12 6 95
127 12 6 5
127 12 6 115
127 12 6 131
127 12 6 70
127 12 6 2
127 12 6 68
127 12 6 150
127 12 6 1
127 12 6 6
127 12 6 102
127 12 6 142
127 12 6 16
127 12 7 5
127 12 7 117
127 12 7 144
127 12 7 19
127 12 7 7
127 12 7 105
127 12 7 128
127 12 7 51
127 12 7 3
127 12 7 94
127 12 7 132
127 12 7 95
127 12 7 10
127 12 7 91
127 12 7 145
127 12 7 147
127 12 7 10
127 12 7 114
127 12 7 138
127 12 7 64
127 12 8 2
127 12 8 65
127 12 8 130
127 12 8 142
127 12 8 3
127 12 8 118
127 12 8 137
127 12 8 140
127 12 8 9
127 12 8 76
127 12 8 150
127 12 8 87
127 12 8 3
127 12 8 102
127 12 8 144
127 12 8 123
127 12 8 7
127 12 8 81
127 12 8 137
127 12 8 35
127 12 9 3
127 12 9 91
127 12 9 146
127 12 9 125
127 12 9 3
127 12 9 73
127 12 9 145
127 12 9 108
127 12 9 5
127 12 9 79
127 12 9 144
127 12 9 4
127 12 9 3
127 12 9 85
127 12 9 135
127 12 9 118
127 12 9 2
127 12 9 96
127 12 9 132
127 12 9 86
127 12 10 2
127 12 10 127
127 12 10 150
127 12 10 140
127 12 10 5
127 12 10 105
127 12 10 142
127 12 10 7
127 12 10 4
127 12 10 97
127 12 10 133
127 12 10 139
127 12 10 4
127 12 10 64
127 12 10 142
127 12 10 28
127 12 10 3
127 12 10 74
127 12 10 149
127 12 10 129
127 12 11 9
127 12 11 86
127 12 11 145
127 12 11 41
127 12 11 10
127 12 11 104
127 12 11 143
127 12 11 99
127 12 11 10
127 12 11 74
127 12 11 134
127 12 11 105
127 12 11 6
127 12 11 83
127 12 11 141
127 12 11 71
127 12 11 10
127 12 11 89
127 12 11 138
127 12 11 138
127 12 12 7
127 12 12 88
127 12 12 133
127 12 12 57
127 12 12 3
127 12 12 64
127 12 12 147
127 12 12 69
127 12 12 3
127 12 12 101
127 12 12 145
127 12 12 17
127 12 12 5
127 12 12 127
127 12 12 143
127 12 12 78
127 12 12 7
127 12 12 99
127 12 12 127
127 12 12 60
127 12 13 10
127 12 13 70
127 12 13 129
127 12 13 24
127 12 13 8
127 12 13 105
127 12 13 132
127 12 13 130
127 12 13 6
127 12 13 124
127 12 13 141
127 12 13 96
127 12 13 5
127 12 13 81
127 12 13 135
127 12 13 111
127 12 13 10
127 12 13 108
127 12 13 129
127 12 13 69
127 12 14 2
127 12 14 80
127 12 14 133
127 12 14 63
127 12 14 3
127 12 14 102
127 12 14 143
127 12 14 146
127 12 14 7
127 12 14 127
127 12 14 149
127 12 14 150
127 12 14 5
127 12 14 101
127 12 14 148
127 12 14 19
127 12 14 3
127 12 14 85
127 12 14 132
127 12 14 87
127 13 1 6
127 13 1 105
127 13 1 128
127 13 1 103
127 13 1 7
127 13 1 97
127 13 1 140
127 13 1 99
127 13 1 6
127 13 1 99
127 13 1 128
127 13 1 5
127 13 1 5
127 13 1 70
127 13 1 150
127 13 1 69
127 13 1 3
127 13 1 102
127 13 1 128
127 13 1 7
127 13 2 7
127 13 2 97
127 13 2 145
127 13 2 93
127 13 2 5
127 13 2 94
127 13 2 142
127 13 2 40
127 13 2 7
127 13 2 98
127 13 2 140
127 13 2 118
127 13 2 9
127 13 2 116
127 13 2 141
127 13 2 91
127 13 2 5
127 13 2 66
127 13 2 144
127 13 2 102
127 13 3 5
127 13 3 119
127 13 3 150
127 13 3 87
127 13 3 3
127 13 3 83
127 13 3 146
127 13 3 138
127 13 3 6
127 13 3 74
127 13 3 145
127 13 3 90
127 13 3 9
127 13 3 80
127 13 3 129
127 13 3 86
127 13 3 9
127 13 3 120
127 13 3 138
127 13 3 64
127 13 4 6
127 13 4 67
127 13 4 140
127 13 4 59
127 13 4 1
127 13 4 88
127 13 4 134
127 13 4 46
127 13 4 9
127 13 4 107
127 13 4 138
127 13 4 114
127 13 4 2
127 13 4 88
127 13 4 131
127 13 4 47
127 13 4 6
127 13 4 116
127 13 4 140
127 13 4 88
127 13 5 4
127 13 5 124
127 13 5 144
127 13 5 35
127 13 5 8
127 13 5 119
127 13 5 146
127 13 5 21
127 13 5 9
127 13 5 77
127 13 5 149
127 13 5 107
127 13 5 2
127 13 5 114
127 13 5 144
127 13 5 63
127 13 5 6
127 13 5 67
127 13 5 136
127 13 5 96
127 13 6 4
127 13 6 120
127 13 6 150
127 13 6 42
127 13 6 8
127 13 6 111
127 13 6 136
127 13 6 87
127 13 6 6
127 13 6 72
127 13 6 144
127 13 6 113
127 13 6 7
127 13 6 90
127 13 6 131
127 13 6 133
127 13 6 7
127 13 6 90
127 13 6 138
127 13 6 4
127 13 7 4
127 13 7 77
127 13 7 137
127 13 7 51
127 13 7 7
127 13 7 93
127 13 7 145
127 13 7 114
127 13 7 6
127 13 7 97
127 13 7 136
127 13 7 109
127 13 7 5
127 13 7 88
127 13 7 136
127 13 7 74
127 13 7 2
127 13 7 114
127 13 7 130
127 13 7 76
127 13 8 9
127 13 8 120
127 13 8 141
127 13 8 104
127 13 8 9
127 13 8 114
127 13 8 140
127 13 8 38
127 13 8 2
127 13 8 111
127 13 8 131
127 13 8 88
127 13 8 3
127 13 8 92
127 13 8 131
127 13 8 98
127 13 8 6
127 13 8 73
127 13 8 137
127 13 8 28
127 13 9 7
127 13 9 65
127 13 9 133
127 13 9 87
127 13 9 3
127 13 9 114
127 13 9 139
127 13 9 29
127 13 9 1
127 13 9 113
127 13 9 140
127 13 9 94
127 13 9 10
127 13 9 79
127 13 9 148
127 13 9 123
127 13 9 3
127 13 9 98
127 13 9 150
127 13 9 25
127 13 10 7
127 13 10 93
127 13 10 133
127 13 10 62
127 13 10 8
127 13 10 72
127 13 10 130
127 13 10 71
127 13 10 5
127 13 10 96
127 13 10 145
127 13 10 21
127 13 10 10
127 13 10 79
127 13 10 147
127 13 10 28
127 13 10 8
127 13 10 127
127 13 10 128
127 13 10 55
127 13 11 2
127 13 11 87
127 13 11 139
127 13 11 37
127 13 11 9
127 13 11 91
127 13 11 129
127 13 11 102
127 13 11 6
127 13 11 93
127 13 11 137
127 13 11 73
127 13 11 10
127 13 11 66
127 13 11 136
127 13 11 132
127 13 11 4
127 13 11 87
127 13 11 141
127 13 11 62
127 13 12 6
127 13 12 68
127 13 12 149
127 13 12 40
127 13 12 1
127 13 12 83
127 13 12 136
127 13 12 135
127 13 12 9
127 13 12 117
127 13 12 136
127 13 12 53
127 13 12 3
127 13 12 114
127 13 12 134
127 13 12 143
127 13 12 5
127 13 12 92
127 13 12 128
127 13 12 22
127 13 13 10
127 13 13 94
127 13 13 139
127 13 13 117
127 13 13 7
127 13 13 75
127 13 13 148
127 13 13 94
127 13 13 10
127 13 13 108
127 13 13 133
127 13 13 45
127 13 13 10
127 13 13 64
127 13 13 142
127 13 13 74
127 13 13 2
127 13 13 66
127 13 13 137
127 13 13 145
127 13 14 9
127 13 14 102
127 13 14 149
127 13 14 79
127 13 14 10
127 13 14 64
127 13 14 148
127 13 14 24
127 13 14 2
127 13 14 103
127 13 14 143
127 13 14 54
127 13 14 5
127 13 14 81
127 13 14 147
127 13 14 142
127 13 14 9
127 13 14 89
127 13 14 134
127 13 14 112
127 14 1 3
127 14 1 69
127 14 1 145
127 14 1 94
127 14 1 2
127 14 1 63
127 14 1 145
127 14 1 16
127 14 1 8
127 14 1 98
127 14 1 141
127 14 1 74
127 14 1 8
127 14 1 82
127 14 1 149
127 14 1 88
127 14 1 9
127 14 1 122
127 14 1 141
127 14 1 117
127 14 2 1
127 14 2 124
127 14 2 133
127 14 2 75
127 14 2 10
127 14 2 98
127 14 2 141
127 14 2 96
127 14 2 5
127 14 2 115
127 14 2 149
127 14 2 91
127 14 2 7
127 14 2 86
127 14 2 129
127 14 2 149
127 14 2 9
127 14 2 124
127 14 2 142
127 14 2 61
127 14 3 7
127 14 3 98
127 14 3 128
127 14 3 32
127 14 3 3
127 14 3 87
127 14 3 128
127 14 3 147
127 14 3 9
127 14 3 109
127 14 3 127
127 14 3 110
127 14 3 4
127 14 3 70
127 14 3 148
127 14 3 27
127 14 3 7
127 14 3 101
127 14 3 150
127 14 3 82
127 14 4 8
127 14 4 83
127 14 4 128
127 14 4 115
127 14 4 8
127 14 4 89
127 14 4 150
127 14 4 130
127 14 4 10
127 14 4 93
127 14 4 140
127 14 4 108
127 14 4 6
127 14 4 100
127 14 4 147
127 14 4 54
127 14 4 6
127 14 4 63
127 14 4 148
127 14 4 132
127 14 5 4
127 14 5 76
127 14 5 139
127 14 5 78
127 14 5 4
127 14 5 89
127 14 5 134
127 14 5 112
127 14 5 4
127 14 5 63
127 14 5 128
127 14 5 40
127 14 5 6
127 14 5 126
127 14 5 128
127 14 5 120
127 14 5 8
127 14 5 99
127 14 5 128
127 14 5 10
127 14 6 2
127 14 6 99
127 14 6 135
127 14 6 55
127 14 6 8
127 14 6 71
127 14 6 130
127 14 6 1
127 14 6 1
127 14 6 74
127 14 6 135
127 14 6 32
127 14 6 4
127 14 6 97
127 14 6 139
127 14 6 142
127 14 6 7
127 14 6 106
127 14 6 134
127 14 6 138
127 14 7 3
127 14 7 98
127 14 7 150
127 14 7 64
127 14 7 4
127 14 7 112
127 14 7 132
127 14 7 138
127 14 7 2
127 14 7 68
127 14 7 147
127 14 7 80
127 14 7 1
127 14 7 86
127 14 7 144
127 14 7 24
127 14 7 9
127 14 7 88
127 14 7 127
127 14 7 7
127 14 8 6
127 14 8 68
127 14 8 134
127 14 8 129
127 14 8 3
127 14 8 82
127 14 8 138
127 14 8 131
127 14 8 1
127 14 8 70
127 14 8 138
127 14 8 79
127 14 8 2
127 14 8 117
127 14 8 127
127 14 8 29
127 14 8 4
127 14 8 63
127 14 8 139
127 14 8 25
127 14 9 7
127 14 9 77
127 14 9 140
127 14 9 73
127 14 9 7
127 14 9 120
127 14 9 129
127 14 9 146
127 14 9 3
127 14 9 120
127 14 9 147
127 14 9 73
127 14 9 4
127 14 9 91
127 14 9 127
127 14 9 148
127 14 9 1
127 14 9 121
127 14 9 131
127 14 9 47
127 14 10 3
127 14 10 117
127 14 10 143
127 14 10 138
127 14 10 3
127 14 10 90
127 14 10 129
127 14 10 2
127 14 10 9
127 14 10 115
127 14 10 145
127 14 10 130
127 14 10 5
127 14 10 65
127 14 10 147
127 14 10 120
127 14 10 3
127 14 10 119
127 14 10 135
127 14 10 58
127 14 11 10
127 14 11 72
127 14 11 145
127 14 11 73
127 14 11 10
127 14 11 116
127 14 11 130
127 14 11 79
127 14 11 1
127 14 11 112
127 14 11 142
127 14 11 40
127 14 11 2
127 14 11 75
127 14 11 150
127 14 11 82
127 14 11 5
127 14 11 87
127 14 11 131
127 14 11 19
127 14 12 7
127 14 12 81
127 14 12 144
127 14 12 46
127 14 12 6
127 14 12 84
127 14 12 147
127 14 12 134
127 14 12 5
127 14 12 122
127 14 12 137
127 14 12 144
127 14 12 6
127 14 12 69
127 14 12 134
127 14 12 56
127 14 12 5
127 14 12 116
127 14 12 131
127 14 12 130
127 14 13 8
127 14 13 85
127 14 13 139
127 14 13 12
127 14 13 8
127 14 13 68
127 14 13 136
127 14 13 30
127 14 13 2
127 14 13 108
127 14 13 132
127 14 13 56
127 14 13 9
127 14 13 95
127 14 13 136
127 14 13 142
127 14 13 7
127 14 13 81
127 14 13 134
127 14 13 112
127 14 14 1
127 14 14 100
127 14 14 136
127 14 14 132
127 14 14 7
127 14 14 110
127 14 14 139
127 14 14 108
127 14 14 6
127 14 14 108
127 14 14 141
127 14 14 4
127 14 14 8
127 14 14 122
127 14 14 143
127 14 14 1
127 14 14 3
127 14 14 113
127 14 14 146
127 14 14 121
131 1 1 4
131 1 1 122
131 1 1 136
131 1 1 140
131 1 1 2
131 1 1 109
131 1 1 147
131 1 1 80
131 1 1 10
131 1 1 122
131 1 1 133
131 1 1 34
131 1 1 4
131 1 1 109
131 1 1 143
131 1 1 109
131 1 1 1
131 1 1 130
131 1 1 144
131 1 1 26
131 1 2 10
131 1 2 106
131 1 2 146
131 1 2 53
131 1 2 2
131 1 2 116
131 1 2 136
131 1 2 99
131 1 2 1
131 1 2 98
131 1 2 138
131 1 2 131
131 1 2 7
131 1 2 94
131 1 2 145
131 1 2 32
131 1 2 8
131 1 2 80
131 1 2 141
131 1 2 85
131 1 3 6
131 1 3 67
131 1 3 142
131 1 3 61
131 1 3 10
131 1 3 129
131 1 3 154
131 1 3 41
131 1 3 5
131 1 3 99
131 1 3 136
131 1 3 29
131 1 3 1
131 1 3 65
131 1 3 144
131 1 3 83
131 1 3 8
131 1 3 80
131 1 3 146
131 1 3 62
131 1 4 2
131 1 4 73
131 1 4 147
131 1 4 121
131 1 4 9
131 1 4 106
131 1 4 146
131 1 4 92
131 1 4 4
131 1 4 89
131 1 4 142
131 1 4 41
131 1 4 7
131 1 4 92
131 1 4 140
131 1 4 114
131 1 4 9
131 1 4 126
131 1 4 148
131 1 4 19
131 1 5 7
131 1 5 127
131 1 5 152
131 1 5 141
131 1 5 2
131 1 5 66
131 1 5 153
131 1 5 126
131 1 5 10
131 1 5 73
131 1 5 153
131 1 5 18
131 1 5 2
131 1 5 79
131 1 5 134
131 1 5 55
131 1 5 4
131 1 5 92
131 1 5 152
131 1 5 10
131 1 6 3
131 1 6 74
131 1 6 148
131 1 6 42
131 1 6 4
131 1 6 99
131 1 6 144
131 1 6 1
131 1 6 5
131 1 6 83
131 1 6 153
131 1 6 139
131 1 6 3
131 1 6 99
131 1 6 131
131 1 6 41
131 1 6 2
131 1 6 99
131 1 6 146
131 1 6 135
131 1 7 10
131 1 7 76
131 1 7 143
131 1 7 22
131 1 7 9
131 1 7 69
131 1 7 142
131 1 7 92
131 1 7 5
131 1 7 74
131 1 7 135
131 1 7 85
131 1 7 7
131 1 7 85
131 1 7 146
131 1 7 105
131 1 7 1
131 1 7 108
131 1 7 145
131 1 7 129
131 1 8 4
131 1 8 95
131 1 8 152
131 1 8 30
131 1 8 10
131 1 8 74
131 1 8 141
131 1 8 71
131 1 8 7
131 1 8 66
131 1 8 149
131 1 8 63
131 1 8 4
131 1 8 99
131 1 8 148
131 1 8 48
131 1 8 2
131 1 8 108
131 1 8 150
131 1 8 109
131 1 9 9
131 1 9 75
131 1 9 151
131 1 9 25
131 1 9 6
131 1 9 90
131 1 9 145
131 1 9 31
131 1 9 10
131 1 9 120
131 1 9 137
131 1 9 47
131 1 9 2
131 1 9 81
131 1 9 139
131 1 9 79
131 1 9 6
131 1 9 127
131 1 9 148
131 1 9 101
131 1 10 6
131 1 10 124
131 1 10 133
131 1 10 117
131 1 10 1
131 1 10 83
131 1 10 137
131 1 10 102
131 1 10 1
131 1 10 86
131 1 10 135
131 1 10 7
131 1 10 6
131 1 10 131
131 1 10 131
131 1 10 56
131 1 10 2
131 1 10 96
131 1 10 132
131 1 10 33
131 1 11 4
131 1 11 121
131 1 11 139
131 1 11 27
131 1 11 4
131 1 11 114
131 1 11 142
131 1 11 106
131 1 11 1
131 1 11 89
131 1 11 145
131 1 11 96
131 1 11 4
131 1 11 115
131 1 11 135
131 1 11 128
131 1 11 3
131 1 11 84
131 1 11 131
131 1 11 10
131 1 12 4
131 1 12 69
131 1 12 132
131 1 12 153
131 1 12 9
131 1 12 116
131 1 12 132
131 1 12 53
131 1 12 7
131 1 12 115
131 1 12 148
131 1 12 64
131 1 12 5
131 1 12 65
131 1 12 139
131 1 12 114
131 1 12 3
131 1 12 79
131 1 12 135
131 1 12 101
131 1 13 3
131 1 13 115
131 1 13 139
131 1 13 24
131 1 13 10
131 1 13 125
131 1 13 153
131 1 13 69
131 1 13 7
131 1 13 89
131 1 13 152
131 1 13 39
131 1 13 4
131 1 13 99
131 1 13 152
131 1 13 113
131 1 13 6
131 1 13 83
131 1 13 148
131 1 13 12
131 1 14 9
131 1 14 124
131 1 14 138
131 1 14 90
131 1 14 1
131 1 14 76
131 1 14 135
131 1 14 112
131 1 14 7
131 1 14 110
131 1 14 132
131 1 14 21
131 1 14 4
131 1 14 122
131 1 14 136
131 1 14 111
131 1 14 3
131 1 14 79
131 1 14 151
131 1 14 23
131 2 1 2
131 2 1 106
131 2 1 145
131 2 1 125
131 2 1 9
131 2 1 100
131 2 1 151
131 2 1 130
131 2 1 9
131 2 1 102
131 2 1 135
131 2 1 105
131 2 1 3
131 2 1 118
131 2 1 143
131 2 1 102
131 2 1 8
131 2 1 91
131 2 1 148
131 2 1 83
131 2 2 1
131 2 2 84
131 2 2 142
131 2 2 57
131 2 2 4
131 2 2 119
131 2 2 152
131 2 2 16
131 2 2 3
131 2 2 91
131 2 2 146
131 2 2 29
131 2 2 6
131 2 2 120
131 2 2 142
131 2 2 26
131 2 2 1
131 2 2 94
131 2 2 142
131 2 2 132
131 2 3 7
131 2 3 117
131 2 3 132
131 2 3 20
131 2 3 2
131 2 3 130
131 2 3 131
131 2 3 9
131 2 3 2
131 2 3 101
131 2 3 134
131 2 3 16
131 2 3 4
131 2 3 70
131 2 3 154
131 2 3 102
131 2 3 4
131 2 3 74
131 2 3 145
131 2 3 23
131 2 4 7
131 2 4 71
131 2 4 151
131 2 4 18
131 2 4 2
131 2 4 66
131 2 4 152
131 2 4 147
131 2 4 10
131 2 4 100
131 2 4 150
131 2 4 96
131 2 4 1
131 2 4 76
131 2 4 135
131 2 4 115
131 2 4 9
131 2 4 70
131 2 4 132
131 2 4 65
131 2 5 3
131 2 5 125
131 2 5 151
131 2 5 141
131 2 5 5
131 2 5 122
131 2 5 139
131 2 5 31
131 2 5 4
131 2 5 71
131 2 5 149
131 2 5 123
131 2 5 8
131 2 5 69
131 2 5 147
131 2 5 109
131 2 5 8
131 2 5 128
131 2 5 133
131 2 5 33
131 2 6 5
131 2 6 112
131 2 6 132
131 2 6 4
131 2 6 9
131 2 6 83
131 2 6 137
131 2 6 10
131 2 6 2
131 2 6 75
131 2 6 144
131 2 6 100
131 2 6 6
131 2 6 96
131 2 6 148
131 2 6 31
131 2 6 4
131 2 6 90
131 2 6 153
131 2 6 26
131 2 7 7
131 2 7 91
131 2 7 139
131 2 7 22
131 2 7 7
131 2 7 92
131 2 7 147
131 2 7 124
131 2 7 3
131 2 7 104
131 2 7 146
131 2 7 32
131 2 7 2
131 2 7 92
131 2 7 133
131 2 7 148
131 2 7 2
131 2 7 77
131 2 7 137
131 2 7 138
131 2 8 9
131 2 8 76
131 2 8 145
131 2 8 134
131 2 8 9
131 2 8 78
131 2 8 150
131 2 8 43
131 2 8 4
131 2 8 85
131 2 8 150
131 2 8 149
131 2 8 8
131 2 8 70
131 2 8 143
131 2 8 150
131 2 8 3
131 2 8 128
131 2 8 134
131 2 8 56
131 2 9 3
131 2 9 101
131 2 9 144
131 2 9 109
131 2 9 3
131 2 9 101
131 2 9 152
131 2 9 36
131 2 9 8
131 2 9 113
131 2 9 153
131 2 9 72
131 2 9 6
131 2 9 118
131 2 9 146
131 2 9 69
131 2 9 3
131 2 9 125
131 2 9 143
131 2 9 2
131 2 10 2
131 2 10 70
131 2 10 150
131 2 10 63
131 2 10 6
131 2 10 98
131 2 10 149
131 2 10 2
131 2 10 9
131 2 10 114
131 2 10 138
131 2 10 63
131 2 10 1
131 2 10 107
131 2 10 152
131 2 10 61
131 2 10 10
131 2 10 116
131 2 10 139
131 2 10 41
131 2 11 6
131 2 11 100
131 2 11 139
131 2 11 12
131 2 11 7
131 2 11 108
131 2 11 133
131 2 11 18
131 2 11 3
131 2 11 83
131 2 11 146
131 2 11 99
131 2 11 3
131 2 11 93
131 2 11 150
131 2 11 144
131 2 11 9
131 2 11 127
131 2 11 145
131 2 11 81
131 2 12 7
131 2 12 84
131 2 12 132
131 2 12 2
131 2 12 1
131 2 12 81
131 2 12 131
131 2 12 101
131 2 12 9
131 2 12 103
131 2 12 148
131 2 12 123
131 2 12 4
131 2 12 83
131 2 12 139
131 2 12 115
131 2 12 7
131 2 12 103
131 2 12 138
131 2 12 139
131 2 13 5
131 2 13 67
131 2 13 139
131 2 13 19
131 2 13 1
131 2 13 101
131 2 13 138
131 2 13 94
131 2 13 10
131 2 13 78
131 2 13 135
131 2 13 7
131 2 13 9
131 2 13 72
131 2 13 139
131 2 13 133
131 2 13 3
131 2 13 80
131 2 13 131
131 2 13 105
131 2 14 8
131 2 14 101
131 2 14 136
131 2 14 92
131 2 14 2
131 2 14 74
131 2 14 151
131 2 14 37
131 2 14 6
131 2 14 120
131 2 14 139
131 2 14 124
131 2 14 2
131 2 14 100
131 2 14 144
131 2 14 115
131 2 14 1
131 2 14 127
131 2 14 138
131 2 14 151
131 3 1 10
131 3 1 78
131 3 1 138
131 3 1 63
131 3 1 7
131 3 1 72
131 3 1 142
131 3 1 146
131 3 1 9
131 3 1 92
131 3 1 141
131 3 1 70
131 3 1 3
131 3 1 115
131 3 1 133
131 3 1 38
131 3 1 6
131 3 1 84
131 3 1 134
131 3 1 66
131 3 2 10
131 3 2 121
131 3 2 150
131 3 2 46
131 3 2 3
131 3 2 124
131 3 2 143
131 3 2 40
131 3 2 2
131 3 2 70
131 3 2 154
131 3 2 87
131 3 2 7
131 3 2 116
131 3 2 147
131 3 2 64
131 3 2 2
131 3 2 93
131 3 2 146
131 3 2 105
131 3 3 3
131 3 3 124
131 3 3 145
131 3 3 138
131 3 3 4
131 3 3 110
131 3 3 141
131 3 3 136
131 3 3 8
131 3 3 111
131 3 3 144
131 3 3 18
131 3 3 9
131 3 3 104
131 3 3 148
131 3 3 77
131 3 3 4
131 3 3 127
131 3 3 147
131 3 3 70
131 3 4 1
131 3 4 86
131 3 4 138
131 3 4 99
131 3 4 6
131 3 4 120
131 3 4 150
131 3 4 48
131 3 4 8
131 3 4 117
131 3 4 145
131 3 4 94
131 3 4 1
131 3 4 121
131 3 4 136
131 3 4 123
131 3 4 7
131 3 4 127
131 3 4 146
131 3 4 11
131 3 5 10
131 3 5 113
131 3 5 145
131 3 5 98
131 3 5 9
131 3 5 77
131 3 5 140
131 3 5 154
131 3 5 7
131 3 5 108
131 3 5 149
131 3 5 45
131 3 5 10
131 3 5 127
131 3 5 132
131 3 5 8
131 3 5 3
131 3 5 75
131 3 5 144
131 3 5 58
131 3 6 3
131 3 6 74
131 3 6 152
131 3 6 85
131 3 6 9
131 3 6 86
131 3 6 147
131 3 6 54
131 3 6 10
131 3 6 117
131 3 6 152
131 3 6 139
131 3 6 6
131 3 6 93
131 3 6 140
131 3 6 132
131 3 6 1
131 3 6 68
131 3 6 137
131 3 6 140
131 3 7 8
131 3 7 81
131 3 7 146
131 3 7 151
131 3 7 7
131 3 7 99
131 3 7 140
131 3 7 29
131 3 7 5
131 3 7 124
131 3 7 139
131 3 7 36
131 3 7 10
131 3 7 99
131 3 7 131
131 3 7 127
131 3 7 7
131 3 7 66
131 3 7 148
131 3 7 21
131 3 8 6
131 3 8 109
131 3 8 149
131 3 8 97
131 3 8 1
131 3 8 96
131 3 8 135
131 3 8 33
131 3 8 3
131 3 8 120
131 3 8 144
131 3 8 120
131 3 8 9
131 3 8 99
131 3 8 140
131 3 8 66
131 3 8 6
131 3 8 102
131 3 8 134
131 3 8 144
131 3 9 6
131 3 9 89
131 3 9 154
131 3 9 91
131 3 9 3
131 3 9 98
131 3 9 148
131 3 9 119
131 3 9 7
131 3 9 93
131 3 9 143
131 3 9 67
131 3 9 8
131 3 9 123
131 3 9 142
131 3 9 38
131 3 9 7
131 3 9 127
131 3 9 151
131 3 9 36
131 3 10 10
131 3 10 85
131 3 10 135
131 3 10 87
131 3 10 3
131 3 10 102
131 3 10 144
131 3 10 115
131 3 10 7
131 3 10 120
131 3 10 148
131 3 10 147
131 3 10 6
131 3 10 72
131 3 10 148
131 3 10 70
131 3 10 10
131 3 10 67
131 3 10 133
131 3 10 145
131 3 11 6
131 3 11 72
131 3 11 139
131 3 11 77
131 3 11 8
131 3 11 130
131 3 11 147
131 3 11 39
131 3 11 4
131 3 11 113
131 3 11 137
131 3 11 99
131 3 11 10
131 3 11 82
131 3 11 139
131 3 11 84
131 3 11 8
131 3 11 130
131 3 11 146
131 3 11 98
131 3 12 10
131 3 12 91
131 3 12 135
131 3 12 124
131 3 12 4
131 3 12 99
131 3 12 137
131 3 12 4
131 3 12 3
131 3 12 108
131 3 12 141
131 3 12 133
131 3 12 1
131 3 12 70
131 3 12 149
131 3 12 26
131 3 12 2
131 3 12 105
131 3 12 144
131 3 12 23
131 3 13 10
131 3 13 109
131 3 13 131
131 3 13 38
131 3 13 7
131 3 13 71
131 3 13 140
131 3 13 127
131 3 13 8
131 3 13 66
131 3 13 135
131 3 13 71
131 3 13 2
131 3 13 103
131 3 13 147
131 3 13 9
131 3 13 2
131 3 13 119
131 3 13 136
131 3 13 42
131 3 14 8
131 3 14 86
131 3 14 153
131 3 14 36
131 3 14 8
131 3 14 114
131 3 14 139
131 3 14 82
131 3 14 9
131 3 14 93
131 3 14 142
131 3 14 17
131 3 14 2
131 3 14 70
131 3 14 152
131 3 14 150
131 3 14 7
131 3 14 111
131 3 14 145
131 3 14 139
131 4 1 2
131 4 1 113
131 4 1 134
131 4 1 135
131 4 1 4
131 4 1 77
131 4 1 146
131 4 1 1
131 4 1 1
131 4 1 121
131 4 1 133
131 4 1 154
131 4 1 6
131 4 1 93
131 4 1 137
131 4 1 119
131 4 1 1
131 4 1 74
131 4 1 140
131 4 1 70
131 4 2 3
131 4 2 105
131 4 2 134
131 4 2 64
131 4 2 8
131 4 2 94
131 4 2 153
131 4 2 48
131 4 2 10
131 4 2 66
131 4 2 133
131 4 2 10
131 4 2 6
131 4 2 93
131 4 2 136
131 4 2 98
131 4 2 8
131 4 2 73
131 4 2 137
131 4 2 142
131 4 3 5
131 4 3 120
131 4 3 132
131 4 3 131
131 4 3 2
131 4 3 118
131 4 3 134
131 4 3 143
131 4 3 7
131 4 3 74
131 4 3 150
131 4 3 32
131 4 3 2
131 4 3 91
131 4 3 146
131 4 3 34
131 4 3 3
131 4 3 130
131 4 3 143
131 4 3 154
131 4 4 3
131 4 4 87
131 4 4 151
131 4 4 3
131 4 4 4
131 4 4 120
131 4 4 148
131 4 4 85
131 4 4 3
131 4 4 104
131 4 4 144
131 4 4 3
131 4 4 2
131 4 4 117
131 4 4 142
131 4 4 137
131 4 4 2
131 4 4 125
131 4 4 136
131 4 4 149
131 4 5 6
131 4 5 66
131 4 5 151
131 4 5 45
131 4 5 1
131 4 5 107
131 4 5 149
131 4 5 81
131 4 5 5
131 4 5 106
131 4 5 149
131 4 5 81
131 4 5 9
131 4 5 69
131 4 5 133
131 4 5 1
131 4 5 5
131 4 5 67
131 4 5 147
131 4 5 76
131 4 6 8
131 4 6 73
131 4 6 149
131 4 6 90
131 4 6 6
131 4 6 100
131 4 6 154
131 4 6 4
131 4 6 8
131 4 6 113
131 4 6 151
131 4 6 62
131 4 6 6
131 4 6 99
131 4 6 146
131 4 6 101
131 4 6 2
131 4 6 127
131 4 6 132
131 4 6 105
131 4 7 5
131 4 7 102
131 4 7 147
131 4 7 19
131 4 7 3
131 4 7 101
131 4 7 131
131 4 7 122
131 4 7 9
131 4 7 109
131 4 7 131
131 4 7 14
131 4 7 4
131 4 7 115
131 4 7 150
131 4 7 56
131 4 7 8
131 4 7 86
131 4 7 142
131 4 7 102
131 4 8 9
131 4 8 73
131 4 8 145
131 4 8 25
131 4 8 7
131 4 8 80
131 4 8 149
131 4 8 86
131 4 8 5
131 4 8 67
131 4 8 150
131 4 8 136
131 4 8 4
131 4 8 82
131 4 8 144
131 4 8 75
131 4 8 4
131 4 8 75
131 4 8 154
131 4 8 59
131 4 9 10
131 4 9 86
131 4 9 154
131 4 9 80
131 4 9 6
131 4 9 128
131 4 9 150
131 4 9 48
131 4 9 4
131 4 9 95
131 4 9 147
131 4 9 39
131 4 9 6
131 4 9 77
131 4 9 152
131 4 9 130
131 4 9 8
131 4 9 73
131 4 9 133
131 4 9 104
131 4 10 9
131 4 10 80
131 4 10 136
131 4 10 43
131 4 10 10
131 4 10 124
131 4 10 146
131 4 10 126
131 4 10 1
131 4 10 111
131 4 10 136
131 4 10 153
131 4 10 1
131 4 10 81
131 4 10 142
131 4 10 153
131 4 10 3
131 4 10 77
131 4 10 137
131 4 10 89
131 4 11 2
131 4 11 119
131 4 11 147
131 4 11 154
131 4 11 8
131 4 11 94
131 4 11 142
131 4 11 70
131 4 11 2
131 4 11 131
131 4 11 151
131 4 11 68
131 4 11 1
131 4 11 105
131 4 11 134
131 4 11 120
131 4 11 3
131 4 11 121
131 4 11 147
131 4 11 98
131 4 12 3
131 4 12 89
131 4 12 137
131 4 12 103
131 4 12 3
131 4 12 127
131 4 12 132
131 4 12 44
131 4 12 8
131 4 12 118
131 4 12 145
131 4 12 149
131 4 12 3
131 4 12 87
131 4 12 147
131 4 12 112
131 4 12 4
131 4 12 129
131 4 12 140
131 4 12 80
131 4 13 5
131 4 13 96
131 4 13 137
131 4 13 17
131 4 13 5
131 4 13 128
131 4 13 131
131 4 13 21
131 4 13 1
131 4 13 96
131 4 13 151
131 4 13 73
131 4 13 10
131 4 13 111
131 4 13 144
131 4 13 143
131 4 13 1
131 4 13 91
131 4 13 140
131 4 13 36
131 4 14 10
131 4 14 87
131 4 14 134
131 4 14 153
131 4 14 10
131 4 14 107
131 4 14 142
131 4 14 19
131 4 14 1
131 4 14 73
131 4 14 133
131 4 14 101
131 4 14 8
131 4 14 98
131 4 14 133
131 4 14 139
131 4 14 9
131 4 14 101
131 4 14 144
131 4 14 46
131 5 1 9
131 5 1 112
131 5 1 132
131 5 1 34
131 5 1 9
131 5 1 99
131 5 1 153
131 5 1 40
131 5 1 2
131 5 1 121
131 5 1 131
131 5 1 2
131 5 1 7
131 5 1 93
131 5 1 139
131 5 1 101
131 5 1 10
131 5 1 120
131 5 1 151
131 5 1 144
131 5 2 2
131 5 2 92
131 5 2 145
131 5 2 151
131 5 2 8
131 5 2 79
131 5 2 141
131 5 2 45
131 5 2 4
131 5 2 105
131 5 2 133
131 5 2 19
131 5 2 4
131 5 2 122
131 5 2 152
131 5 2 74
131 5 2 1
131 5 2 76
131 5 2 137
131 5 2 130
131 5 3 7
131 5 3 66
131 5 3 144
131 5 3 78
131 5 3 5
131 5 3 116
131 5 3 146
131 5 3 36
131 5 3 9
131 5 3 84
131 5 3 150
131 5 3 120
131 5 3 5
131 5 3 130
131 5 3 137
131 5 3 70
131 5 3 7
131 5 3 115
131 5 3 147
131 5 3 73
131 5 4 7
131 5 4 112
131 5 4 140
131 5 4 90
131 5 4 7
131 5 4 97
131 5 4 147
131 5 4 146
131 5 4 4
131 5 4 106
131 5 4 145
131 5 4 35
131 5 4 4
131 5 4 118
131 5 4 143
131 5 4 30
131 5 4 7
131 5 4 99
131 5 4 147
131 5 4 114
131 5 5 4
131 5 5 130
131 5 5 150
131 5 5 40
131 5 5 6
131 5 5 88
131 5 5 152
131 5 5 151
131 5 5 3
131 5 5 130
131 5 5 145
131 5 5 125
131 5 5 10
131 5 5 81
131 5 5 144
131 5 5 104
131 5 5 1
131 5 5 89
131 5 5 141
131 5 5 25
131 5 6 5
131 5 6 68
131 5 6 131
131 5 6 120
131 5 6 5
131 5 6 120
131 5 6 154
131 5 6 61
131 5 6 10
131 5 6 131
131 5 6 134
131 5 6 70
131 5 6 6
131 5 6 101
131 5 6 146
131 5 6 109
131 5 6 10
131 5 6 116
131 5 6 147
131 5 6 39
131 5 7 5
131 5 7 77
131 5 7 137
131 5 7 146
131 5 7 5
131 5 7 115
131 5 7 153
131 5 7 42
131 5 7 6
131 5 7 83
131 5 7 131
131 5 7 137
131 5 7 3
131 5 7 109
131 5 7 131
131 5 7 111
131 5 7 3
131 5 7 75
131 5 7 147
131 5 7 29
131 5 8 8
131 5 8 89
131 5 8 141
131 5 8 132
131 5 8 9
131 5 8 113
131 5 8 138
131 5 8 28
131 5 8 9
131 5 8 87
131 5 8 145
131 5 8 134
131 5 8 2
131 5 8 75
131 5 8 138
131 5 8 114
131 5 8 3
131 5 8 78
131 5 8 149
131 5 8 95
131 5 9 4
131 5 9 97
131 5 9 150
131 5 9 19
131 5 9 5
131 5 9 89
131 5 9 133
131 5 9 80
131 5 9 2
131 5 9 80
131 5 9 142
131 5 9 75
131 5 9 3
131 5 9 74
131 5 9 131
131 5 9 2
131 5 9 2
131 5 9 70
131 5 9 135
131 5 9 77
131 5 10 5
131 5 10 95
131 5 10 145
131 5 10 10
131 5 10 8
131 5 10 101
131 5 10 148
131 5 10 30
131 5 10 9
131 5 10 73
131 5 10 145
131 5 10 9
131 5 10 4
131 5 10 123
131 5 10 138
131 5 10 16
131 5 10 8
131 5 10 88
131 5 10 147
131 5 10 132
131 5 11 2
131 5 11 109
131 5 11 141
131 5 11 4
131 5 11 6
131 5 11 108
131 5 11 139
131 5 11 54
131 5 11 6
131 5 11 104
131 5 11 144
131 5 11 77
131 5 11 9
131 5 11 101
131 5 11 135
131 5 11 4
131 5 11 9
131 5 11 131
131 5 11 139
131 5 11 75
131 5 12 2
131 5 12 71
131 5 12 142
131 5 12 153
131 5 12 1
131 5 12 66
131 5 12 138
131 5 12 103
131 5 12 3
131 5 12 86
131 5 12 135
131 5 12 7
131 5 12 8
131 5 12 80
131 5 12 135
131 5 12 151
131 5 12 1
131 5 12 83
131 5 12 134
131 5 12 20
131 5 13 9
131 5 13 88
131 5 13 148
131 5 13 69
131 5 13 1
131 5 13 127
131 5 13 142
131 5 13 112
131 5 13 10
131 5 13 88
131 5 13 153
131 5 13 103
131 5 13 3
131 5 13 87
131 5 13 132
131 5 13 37
131 5 13 9
131 5 13 124
131 5 13 144
131 5 13 134
131 5 14 6
131 5 14 76
131 5 14 145
131 5 14 48
131 5 14 7
131 5 14 127
131 5 14 139
131 5 14 140
131 5 14 8
131 5 14 110
131 5 14 140
131 5 14 41
131 5 14 10
131 5 14 111
131 5 14 140
131 5 14 121
131 5 14 2
131 5 14 80
131 5 14 131
131 5 14 33
131 6 1 3
131 6 1 88
131 6 1 140
131 6 1 100
131 6 1 5
131 6 1 88
131 6 1 148
131 6 1 39
131 6 1 7
131 6 1 68
131 6 1 142
131 6 1 23
131 6 1 1
131 6 1 126
131 6 1 152
131 6 1 39
131 6 1 10
131 6 1 82
131 6 1 148
131 6 1 23
131 6 2 6
131 6 2 100
131 6 2 139
131 6 2 57
131 6 2 3
131 6 2 104
131 6 2 141
131 6 2 68
131 6 2 7
131 6 2 81
131 6 2 154
131 6 2 123
131 6 2 6
131 6 2 90
131 6 2 141
131 6 2 140
131 6 2 10
131 6 2 118
131 6 2 137
131 6 2 57
131 6 3 9
131 6 3 77
131 6 3 131
131 6 3 64
131 6 3 9
131 6 3 101
131 6 3 134
131 6 3 47
131 6 3 3
131 6 3 71
131 6 3 147
131 6 3 31
131 6 3 5
131 6 3 98
131 6 3 153
131 6 3 134
131 6 3 9
131 6 3 114
131 6 3 137
131 6 3 26
131 6 4 2
131 6 4 86
131 6 4 153
131 6 4 143
131 6 4 6
131 6 4 76
131 6 4 144
131 6 4 52
131 6 4 3
131 6 4 100
131 6 4 140
131 6 4 91
131 6 4 3
131 6 4 94
131 6 4 145
131 6 4 122
131 6 4 9
131 6 4 108
131 6 4 145
131 6 4 153
131 6 5 1
131 6 5 89
131 6 5 149
131 6 5 13
131 6 5 3
131 6 5 127
131 6 5 144
131 6 5 23
131 6 5 3
131 6 5 111
131 6 5 134
131 6 5 147
131 6 5 1
131 6 5 125
131 6 5 152
131 6 5 154
131 6 5 5
131 6 5 76
131 6 5 142
131 6 5 132
131 6 6 10
131 6 6 110
131 6 6 145
131 6 6 141
131 6 6 7
131 6 6 116
131 6 6 134
131 6 6 87
131 6 6 2
131 6 6 113
131 6 6 142
131 6 6 26
131 6 6 8
131 6 6 89
131 6 6 143
131 6 6 27
131 6 6 7
131 6 6 90
131 6 6 147
131 6 6 27
131 6 7 9
131 6 7 88
131 6 7 140
131 6 7 104
131 6 7 4
131 6 7 69
131 6 7 139
131 6 7 33
131 6 7 9
131 6 7 96
131 6 7 149
131 6 7 33
131 6 7 7
131 6 7 119
131 6 7 148
131 6 7 94
131 6 7 3
131 6 7 94
131 6 7 135
131 6 7 46
131 6 8 5
131 6 8 127
131 6 8 144
131 6 8 59
131 6 8 9
131 6 8 72
131 6 8 146
131 6 8 12
131 6 8 3
131 6 8 94
131 6 8 145
131 6 8 2
131 6 8 7
131 6 8 84
131 6 8 131
131 6 8 35
131 6 8 1
131 6 8 90
131 6 8 132
131 6 8 109
131 6 9 5
131 6 9 129
131 6 9 149
131 6 9 79
131 6 9 1
131 6 9 122
131 6 9 133
131 6 9 2
131 6 9 8
131 6 9 119
131 6 9 152
131 6 9 115
131 6 9 5
131 6 9 101
131 6 9 152
131 6 9 46
131 6 9 9
131 6 9 78
131 6 9 139
131 6 9 29
131 6 10 6
131 6 10 128
131 6 10 154
131 6 10 23
131 6 10 8
131 6 10 81
131 6 10 147
131 6 10 103
131 6 10 7
131 6 10 95
131 6 10 137
131 6 10 77
131 6 10 4
131 6 10 98
131 6 10 133
131 6 10 44
131 6 10 2
131 6 10 88
131 6 10 143
131 6 10 48
131 6 11 2
131 6 11 101
131 6 11 148
131 6 11 31
131 6 11 5
131 6 11 103
131 6 11 137
131 6 11 120
131 6 11 8
131 6 11 86
131 6 11 135
131 6 11 37
131 6 11 6
131 6 11 122
131 6 11 142
131 6 11 65
131 6 11 4
131 6 11 115
131 6 11 148
131 6 11 108
131 6 12 3
131 6 12 128
131 6 12 136
131 6 12 140
131 6 12 8
131 6 12 129
131 6 12 145
131 6 12 130
131 6 12 4
131 6 12 79
131 6 12 135
131 6 12 47
131 6 12 5
131 6 12 103
131 6 12 136
131 6 12 150
131 6 12 5
131 6 12 130
131 6 12 152
131 6 12 48
131 6 13 8
131 6 13 66
131 6 13 152
131 6 13 62
131 6 13 4
131 6 13 124
131 6 13 150
131 6 13 27
131 6 13 1
131 6 13 85
131 6 13 147
131 6 13 12
131 6 13 1
131 6 13 131
131 6 13 151
131 6 13 87
131 6 13 8
131 6 13 86
131 6 13 140
131 6 13 102
131 6 14 4
131 6 14 95
131 6 14 150
131 6 14 69
131 6 14 3
131 6 14 111
131 6 14 144
131 6 14 42
131 6 14 7
131 6 14 105
131 6 14 148
131 6 14 23
131 6 14 10
131 6 14 86
131 6 14 148
131 6 14 71
131 6 14 3
131 6 14 121
131 6 14 132
131 6 14 94
131 7 1 8
131 7 1 105
131 7 1 144
131 7 1 24
131 7 1 4
131 7 1 109
131 7 1 146
131 7 1 87
131 7 1 1
131 7 1 78
131 7 1 133
131 7 1 134
131 7 1 9
131 7 1 91
131 7 1 154
131 7 1 51
131 7 1 4
131 7 1 66
131 7 1 133
131 7 1 107
131 7 2 7
131 7 2 76
131 7 2 143
131 7 2 35
131 7 2 8
131 7 2 115
131 7 2 132
131 7 2 98
131 7 2 6
131 7 2 101
131 7 2 146
131 7 2 60
131 7 2 6
131 7 2 109
131 7 2 150
131 7 2 147
131 7 2 6
131 7 2 74
131 7 2 133
131 7 2 60
131 7 3 6
131 7 3 120
131 7 3 141
131 7 3 107
131 7 3 9
131 7 3 121
131 7 3 144
131 7 3 16
131 7 3 3
131 7 3 94
131 7 3 136
131 7 3 104
131 7 3 2
131 7 3 110
131 7 3 153
131 7 3 56
131 7 3 8
131 7 3 117
131 7 3 152
131 7 3 100
131 7 4 3
131 7 4 104
131 7 4 148
131 7 4 122
131 7 4 6
131 7 4 91
131 7 4 139
131 7 4 77
131 7 4 7
131 7 4 117
131 7 4 145
131 7 4 91
131 7 4 2
131 7 4 88
131 7 4 153
131 7 4 58
131 7 4 8
131 7 4 89
131 7 4 151
131 7 4 23
131 7 5 1
131 7 5 90
131 7 5 141
131 7 5 76
131 7 5 4
131 7 5 100
131 7 5 137
131 7 5 47
131 7 5 3
131 7 5 99
131 7 5 152
131 7 5 3
131 7 5 7
131 7 5 128
131 7 5 143
131 7 5 21
131 7 5 9
131 7 5 109
131 7 5 145
131 7 5 151
131 7 6 9
131 7 6 130
131 7 6 136
131 7 6 106
131 7 6 1
131 7 6 65
131 7 6 153
131 7 6 98
131 7 6 4
131 7 6 106
131 7 6 148
131 7 6 133
131 7 6 6
131 7 6 102
131 7 6 132
131 7 6 15
131 7 6 1
131 7 6 129
131 7 6 152
131 7 6 54
131 7 7 10
131 7 7 73
131 7 7 138
131 7 7 8
131 7 7 4
131 7 7 80
131 7 7 149
131 7 7 68
131 7 7 9
131 7 7 116
131 7 7 152
131 7 7 16
131 7 7 4
131 7 7 113
131 7 7 143
131 7 7 99
131 7 7 1
131 7 7 111
131 7 7 152
131 7 7 16
131 7 8 3
131 7 8 113
131 7 8 143
131 7 8 23
131 7 8 4
131 7 8 85
131 7 8 148
131 7 8 138
131 7 8 2
131 7 8 95
131 7 8 147
131 7 8 124
131 7 8 3
131 7 8 114
131 7 8 135
131 7 8 71
131 7 8 2
131 7 8 115
131 7 8 149
131 7 8 16
131 7 9 5
131 7 9 109
131 7 9 149
131 7 9 57
131 7 9 9
131 7 9 69
131 7 9 146
131 7 9 95
131 7 9 1
131 7 9 106
131 7 9 131
131 7 9 102
131 7 9 10
131 7 9 115
131 7 9 150
131 7 9 48
131 7 9 9
131 7 9 86
131 7 9 132
131 7 9 55
131 7 10 2
131 7 10 113
131 7 10 141
131 7 10 86
131 7 10 3
131 7 10 100
131 7 10 131
131 7 10 12
131 7 10 6
131 7 10 128
131 7 10 143
131 7 10 136
131 7 10 4
131 7 10 131
131 7 10 139
131 7 10 138
131 7 10 6
131 7 10 115
131 7 10 133
131 7 10 81
131 7 11 9
131 7 11 94
131 7 11 131
131 7 11 12
131 7 11 1
131 7 11 114
131 7 11 140
131 7 11 47
131 7 11 10
131 7 11 103
131 7 11 141
131 7 11 39
131 7 11 5
131 7 11 93
131 7 11 146
131 7 11 138
131 7 11 4
131 7 11 114
131 7 11 132
131 7 11 129
131 7 12 7
131 7 12 74
131 7 12 132
131 7 12 58
131 7 12 8
131 7 12 127
131 7 12 134
131 7 12 16
131 7 12 3
131 7 12 67
131 7 12 135
131 7 12 5
131 7 12 10
131 7 12 86
131 7 12 152
131 7 12 141
131 7 12 8
131 7 12 116
131 7 12 146
131 7 12 52
131 7 13 7
131 7 13 72
131 7 13 134
131 7 13 6
131 7 13 10
131 7 13 109
131 7 13 131
131 7 13 98
131 7 13 9
131 7 13 103
131 7 13 135
131 7 13 69
131 7 13 10
131 7 13 89
131 7 13 134
131 7 13 12
131 7 13 7
131 7 13 92
131 7 13 143
131 7 13 68
131 7 14 3
131 7 14 68
131 7 14 151
131 7 14 51
131 7 14 9
131 7 14 111
131 7 14 137
131 7 14 56
131 7 14 6
131 7 14 100
131 7 14 142
131 7 14 25
131 7 14 10
131 7 14 103
131 7 14 147
131 7 14 31
131 7 14 9
131 7 14 108
131 7 14 148
131 7 14 43
131 8 1 3
131 8 1 99
131 8 1 146
131 8 1 38
131 8 1 3
131 8 1 104
131 8 1 145
131 8 1 133
131 8 1 9
131 8 1 76
131 8 1 138
131 8 1 135
131 8 1 6
131 8 1 85
131 8 1 149
131 8 1 42
131 8 1 2
131 8 1 109
131 8 1 135
131 8 1 2
131 8 2 3
131 8 2 81
131 8 2 139
131 8 2 136
131 8 2 8
131 8 2 110
131 8 2 141
131 8 2 113
131 8 2 5
131 8 2 100
131 8 2 139
131 8 2 41
131 8 2 10
131 8 2 70
131 8 2 151
131 8 2 48
131 8 2 9
131 8 2 68
131 8 2 146
131 8 2 25
131 8 3 6
131 8 3 114
131 8 3 141
131 8 3 99
131 8 3 3
131 8 3 92
131 8 3 154
131 8 3 124
131 8 3 2
131 8 3 74
131 8 3 139
131 8 3 58
131 8 3 9
131 8 3 65
131 8 3 145
131 8 3 45
131 8 3 1
131 8 3 123
131 8 3 153
131 8 3 129
131 8 4 8
131 8 4 95
131 8 4 146
131 8 4 60
131 8 4 1
131 8 4 67
131 8 4 138
131 8 4 126
131 8 4 3
131 8 4 84
131 8 4 134
131 8 4 151
131 8 4 1
131 8 4 128
131 8 4 143
131 8 4 116
131 8 4 3
131 8 4 106
131 8 4 151
131 8 4 30
131 8 5 8
131 8 5 110
131 8 5 137
131 8 5 147
131 8 5 7
131 8 5 124
131 8 5 150
131 8 5 3
131 8 5 2
131 8 5 104
131 8 5 139
131 8 5 113
131 8 5 4
131 8 5 114
131 8 5 153
131 8 5 64
131 8 5 4
131 8 5 131
131 8 5 142
131 8 5 139
131 8 6 6
131 8 6 124
131 8 6 151
131 8 6 119
131 8 6 5
131 8 6 128
131 8 6 131
131 8 6 22
131 8 6 6
131 8 6 70
131 8 6 153
131 8 6 143
131 8 6 2
131 8 6 104
131 8 6 131
131 8 6 146
131 8 6 2
131 8 6 88
131 8 6 152
131 8 6 152
131 8 7 8
131 8 7 104
131 8 7 147
131 8 7 15
131 8 7 4
131 8 7 87
131 8 7 148
131 8 7 130
131 8 7 9
131 8 7 78
131 8 7 149
131 8 7 59
131 8 7 9
131 8 7 104
131 8 7 139
131 8 7 82
131 8 7 3
131 8 7 98
131 8 7 140
131 8 7 110
131 8 8 4
131 8 8 105
131 8 8 140
131 8 8 78
131 8 8 10
131 8 8 67
131 8 8 150
131 8 8 71
131 8 8 5
131 8 8 69
131 8 8 131
131 8 8 137
131 8 8 5
131 8 8 109
131 8 8 147
131 8 8 101
131 8 8 2
131 8 8 123
131 8 8 145
131 8 8 111
131 8 9 10
131 8 9 122
131 8 9 144
131 8 9 6
131 8 9 8
131 8 9 65
131 8 9 148
131 8 9 49
131 8 9 9
131 8 9 96
131 8 9 140
131 8 9 132
131 8 9 8
131 8 9 77
131 8 9 131
131 8 9 47
131 8 9 6
131 8 9 108
131 8 9 149
131 8 9 5
131 8 10 6
131 8 10 126
131 8 10 147
131 8 10 25
131 8 10 8
131 8 10 110
131 8 10 152
131 8 10 131
131 8 10 7
131 8 10 131
131 8 10 154
131 8 10 108
131 8 10 4
131 8 10 103
131 8 10 152
131 8 10 102
131 8 10 6
131 8 10 114
131 8 10 131
131 8 10 138
131 8 11 10
131 8 11 131
131 8 11 134
131 8 11 108
131 8 11 5
131 8 11 106
131 8 11 150
131 8 11 91
131 8 11 4
131 8 11 97
131 8 11 148
131 8 11 127
131 8 11 7
131 8 11 122
131 8 11 133
131 8 11 126
131 8 11 1
131 8 11 128
131 8 11 146
131 8 11 26
131 8 12 8
131 8 12 117
131 8 12 140
131 8 12 53
131 8 12 5
131 8 12 119
131 8 12 145
131 8 12 13
131 8 12 8
131 8 12 111
131 8 12 139
131 8 12 28
131 8 12 8
131 8 12 123
131 8 12 148
131 8 12 22
131 8 12 9
131 8 12 114
131 8 12 140
131 8 12 80
131 8 13 6
131 8 13 90
131 8 13 144
131 8 13 50
131 8 13 4
131 8 13 130
131 8 13 146
131 8 13 56
131 8 13 9
131 8 13 67
131 8 13 147
131 8 13 148
131 8 13 4
131 8 13 105
131 8 13 143
131 8 13 29
131 8 13 9
131 8 13 96
131 8 13 131
131 8 13 26
131 8 14 6
131 8 14 100
131 8 14 150
131 8 14 129
131 8 14 8
131 8 14 116
131 8 14 154
131 8 14 108
131 8 14 1
131 8 14 70
131 8 14 133
131 8 14 21
131 8 14 4
131 8 14 91
131 8 14 133
131 8 14 8
131 8 14 8
131 8 14 118
131 8 14 150
131 8 14 128
131 9 1 5
131 9 1 129
131 9 1 139
131 9 1 37
131 9 1 5
131 9 1 94
131 9 1 136
131 9 1 56
131 9 1 8
131 9 1 125
131 9 1 147
131 9 1 150
131 9 1 4
131 9 1 73
131 9 1 153
131 9 1 106
131 9 1 6
131 9 1 107
131 9 1 149
131 9 1 81
131 9 2 3
131 9 2 119
131 9 2 136
131 9 2 20
131 9 2 4
131 9 2 91
131 9 2 134
131 9 2 15
131 9 2 5
131 9 2 112
131 9 2 149
131 9 2 28
131 9 2 1
131 9 2 93
131 9 2 152
131 9 2 4
131 9 2 8
131 9 2 74
131 9 2 149
131 9 2 150
131 9 3 2
131 9 3 86
131 9 3 150
131 9 3 152
131 9 3 3
131 9 3 108
131 9 3 140
131 9 3 150
131 9 3 2
131 9 3 90
131 9 3 145
131 9 3 107
131 9 3 1
131 9 3 119
131 9 3 148
131 9 3 17
131 9 3 1
131 9 3 125
131 9 3 149
131 9 3 134
131 9 4 8
131 9 4 128
131 9 4 143
131 9 4 35
131 9 4 8
131 9 4 100
131 9 4 149
131 9 4 4
131 9 4 2
131 9 4 75
131 9 4 135
131 9 4 152
131 9 4 10
131 9 4 96
131 9 4 144
131 9 4 120
131 9 4 8
131 9 4 105
131 9 4 136
131 9 4 59
131 9 5 2
131 9 5 109
131 9 5 149
131 9 5 51
131 9 5 9
131 9 5 100
131 9 5 144
131 9 5 10
131 9 5 8
131 9 5 130
131 9 5 142
131 9 5 37
131 9 5 7
131 9 5 117
131 9 5 147
131 9 5 86
131 9 5 5
131 9 5 81
131 9 5 143
131 9 5 144
131 9 6 1
131 9 6 70
131 9 6 152
131 9 6 123
131 9 6 4
131 9 6 91
131 9 6 139
131 9 6 141
131 9 6 4
131 9 6 117
131 9 6 133
131 9 6 107
131 9 6 10
131 9 6 84
131 9 6 152
131 9 6 56
131 9 6 4
131 9 6 111
131 9 6 141
131 9 6 34
131 9 7 9
131 9 7 74
131 9 7 152
131 9 7 43
131 9 7 2
131 9 7 113
131 9 7 138
131 9 7 141
131 9 7 6
131 9 7 78
131 9 7 131
131 9 7 46
131 9 7 1
131 9 7 123
131 9 7 144
131 9 7 93
131 9 7 9
131 9 7 124
131 9 7 138
131 9 7 34
131 9 8 3
131 9 8 73
131 9 8 141
131 9 8 20
131 9 8 1
131 9 8 94
131 9 8 135
131 9 8 119
131 9 8 5
131 9 8 118
131 9 8 140
131 9 8 133
131 9 8 2
131 9 8 117
131 9 8 150
131 9 8 38
131 9 8 5
131 9 8 82
131 9 8 153
131 9 8 97
131 9 9 4
131 9 9 114
131 9 9 152
131 9 9 134
131 9 9 9
131 9 9 70
131 9 9 144
131 9 9 52
131 9 9 2
131 9 9 110
131 9 9 139
131 9 9 78
131 9 9 9
131 9 9 70
131 9 9 131
131 9 9 149
131 9 9 1
131 9 9 94
131 9 9 131
131 9 9 7
131 9 10 8
131 9 10 100
131 9 10 138
131 9 10 135
131 9 10 7
131 9 10 108
131 9 10 131
131 9 10 101
131 9 10 8
131 9 10 122
131 9 10 149
131 9 10 13
131 9 10 6
131 9 10 67
131 9 10 147
131 9 10 22
131 9 10 10
131 9 10 82
131 9 10 142
131 9 10 80
131 9 11 6
131 9 11 92
131 9 11 140
131 9 11 109
131 9 11 5
131 9 11 116
131 9 11 144
131 9 11 79
131 9 11 4
131 9 11 81
131 9 11 135
131 9 11 103
131 9 11 3
131 9 11 70
131 9 11 143
131 9 11 22
131 9 11 10
131 9 11 92
131 9 11 152
131 9 11 21
131 9 12 7
131 9 12 122
131 9 12 137
131 9 12 142
131 9 12 3
131 9 12 120
131 9 12 148
131 9 12 41
131 9 12 2
131 9 12 100
131 9 12 137
131 9 12 55
131 9 12 4
131 9 12 130
131 9 12 149
131 9 12 55
131 9 12 5
131 9 12 114
131 9 12 153
131 9 12 3
131 9 13 3
131 9 13 89
131 9 13 137
131 9 13 96
131 9 13 8
131 9 13 70
131 9 13 150
131 9 13 45
131 9 13 6
131 9 13 72
131 9 13 153
131 9 13 151
131 9 13 8
131 9 13 118
131 9 13 131
131 9 13 111
131 9 13 10
131 9 13 121
131 9 13 147
131 9 13 138
131 9 14 2
131 9 14 95
131 9 14 134
131 9 14 9
131 9 14 8
131 9 14 108
131 9 14 140
131 9 14 14
131 9 14 3
131 9 14 122
131 9 14 133
131 9 14 104
131 9 14 2
131 9 14 90
131 9 14 131
131 9 14 53
131 9 14 4
131 9 14 118
131 9 14 151
131 9 14 72
131 10 1 5
131 10 1 110
131 10 1 145
131 10 1 74
131 10 1 6
131 10 1 67
131 10 1 136
131 10 1 89
131 10 1 9
131 10 1 110
131 10 1 147
131 10 1 6
131 10 1 1
131 10 1 68
131 10 1 135
131 10 1 32
131 10 1 6
131 10 1 111
131 10 1 154
131 10 1 19
131 10 2 7
131 10 2 114
131 10 2 133
131 10 2 6
131 10 2 5
131 10 2 100
131 10 2 137
131 10 2 7
131 10 2 10
131 10 2 127
131 10 2 140
131 10 2 150
131 10 2 4
131 10 2 99
131 10 2 134
131 10 2 70
131 10 2 10
131 10 2 102
131 10 2 131
131 10 2 47
131 10 3 10
131 10 3 81
131 10 3 149
131 10 3 151
131 10 3 9
131 10 3 86
131 10 3 144
131 10 3 117
131 10 3 8
131 10 3 126
131 10 3 147
131 10 3 45
131 10 3 10
131 10 3 121
131 10 3 149
131 10 3 145
131 10 3 10
131 10 3 89
131 10 3 147
131 10 3 54
131 10 4 1
131 10 4 76
131 10 4 150
131 10 4 111
131 10 4 3
131 10 4 86
131 10 4 135
131 10 4 82
131 10 4 4
131 10 4 109
131 10 4 145
131 10 4 45
131 10 4 1
131 10 4 80
131 10 4 136
131 10 4 42
131 10 4 9
131 10 4 129
131 10 4 147
131 10 4 116
131 10 5 3
131 10 5 127
131 10 5 142
131 10 5 125
131 10 5 6
131 10 5 79
131 10 5 150
131 10 5 102
131 10 5 7
131 10 5 82
131 10 5 150
131 10 5 84
131 10 5 6
131 10 5 75
131 10 5 148
131 10 5 7
131 10 5 7
131 10 5 118
131 10 5 153
131 10 5 102
131 10 6 5
131 10 6 114
131 10 6 134
131 10 6 132
131 10 6 4
131 10 6 65
131 10 6 153
131 10 6 154
131 10 6 1
131 10 6 100
131 10 6 134
131 10 6 12
131 10 6 6
131 10 6 123
131 10 6 148
131 10 6 54
131 10 6 3
131 10 6 70
131 10 6 141
131 10 6 105
131 10 7 4
131 10 7 104
131 10 7 143
131 10 7 5
131 10 7 7
131 10 7 79
131 10 7 151
131 10 7 117
131 10 7 4
131 10 7 103
131 10 7 142
131 10 7 44
131 10 7 7
131 10 7 123
131 10 7 153
131 10 7 50
131 10 7 8
131 10 7 103
131 10 7 147
131 10 7 42
131 10 8 7
131 10 8 89
131 10 8 147
131 10 8 112
131 10 8 2
131 10 8 85
131 10 8 146
131 10 8 5
131 10 8 6
131 10 8 68
131 10 8 146
131 10 8 93
131 10 8 7
131 10 8 119
131 10 8 146
131 10 8 115
131 10 8 5
131 10 8 125
131 10 8 140
131 10 8 33
131 10 9 3
131 10 9 84
131 10 9 141
131 10 9 54
131 10 9 2
131 10 9 95
131 10 9 141
131 10 9 82
131 10 9 5
131 10 9 67
131 10 9 146
131 10 9 72
131 10 9 1
131 10 9 97
131 10 9 143
131 10 9 132
131 10 9 6
131 10 9 106
131 10 9 140
131 10 9 153
131 10 10 9
131 10 10 128
131 10 10 136
131 10 10 58
131 10 10 10
131 10 10 111
131 10 10 135
131 10 10 35
131 10 10 10
131 10 10 129
131 10 10 140
131 10 10 59
131 10 10 1
131 10 10 88
131 10 10 135
131 10 10 117
131 10 10 2
131 10 10 129
131 10 10 152
131 10 10 9
131 10 11 2
131 10 11 93
131 10 11 138
131 10 11 148
131 10 11 1
131 10 11 87
131 10 11 132
131 10 11 18
131 10 11 6
131 10 11 118
131 10 11 143
131 10 11 47
131 10 11 1
131 10 11 101
131 10 11 136
131 10 11 67
131 10 11 2
131 10 11 81
131 10 11 150
131 10 11 111
131 10 12 6
131 10 12 89
131 10 12 154
131 10 12 137
131 10 12 9
131 10 12 104
131 10 12 149
131 10 12 58
131 10 12 4
131 10 12 69
131 10 12 149
131 10 12 11
131 10 12 10
131 10 12 71
131 10 12 144
131 10 12 29
131 10 12 8
131 10 12 80
131 10 12 140
131 10 12 65
131 10 13 4
131 10 13 94
131 10 13 148
131 10 13 140
131 10 13 6
131 10 13 110
131 10 13 134
131 10 13 111
131 10 13 2
131 10 13 103
131 10 13 148
131 10 13 92
131 10 13 8
131 10 13 87
131 10 13 146
131 10 13 50
131 10 13 9
131 10 13 76
131 10 13 131
131 10 13 113
131 10 14 8
131 10 14 114
131 10 14 136
131 10 14 122
131 10 14 3
131 10 14 88
131 10 14 145
131 10 14 52
131 10 14 4
131 10 14 126
131 10 14 136
131 10 14 115
131 10 14 6
131 10 14 115
131 10 14 146
131 10 14 43
131 10 14 5
131 10 14 82
131 10 14 152
131 10 14 53
131 11 1 8
131 11 1 78
131 11 1 133
131 11 1 13
131 11 1 8
131 11 1 111
131 11 1 136
131 11 1 38
131 11 1 8
131 11 1 127
131 11 1 133
131 11 1 35
131 11 1 1
131 11 1 122
131 11 1 146
131 11 1 75
131 11 1 7
131 11 1 103
131 11 1 148
131 11 1 144
131 11 2 4
131 11 2 115
131 11 2 143
131 11 2 66
131 11 2 5
131 11 2 99
131 11 2 134
131 11 2 152
131 11 2 1
131 11 2 96
131 11 2 148
131 11 2 24
131 11 2 9
131 11 2 91
131 11 2 134
131 11 2 132
131 11 2 9
131 11 2 68
131 11 2 148
131 11 2 14
131 11 3 2
131 11 3 85
131 11 3 135
131 11 3 79
131 11 3 10
131 11 3 92
131 11 3 137
131 11 3 133
131 11 3 10
131 11 3 121
131 11 3 146
131 11 3 47
131 11 3 5
131 11 3 91
131 11 3 133
131 11 3 107
131 11 3 5
131 11 3 98
131 11 3 134
131 11 3 120
131 11 4 7
131 11 4 108
131 11 4 150
131 11 4 68
131 11 4 9
131 11 4 92
131 11 4 141
131 11 4 103
131 11 4 8
131 11 4 112
131 11 4 134
131 11 4 103
131 11 4 2
131 11 4 78
131 11 4 133
131 11 4 154
131 11 4 5
131 11 4 66
131 11 4 132
131 11 4 100
131 11 5 6
131 11 5 67
131 11 5 140
131 11 5 98
131 11 5 2
131 11 5 108
131 11 5 145
131 11 5 42
131 11 5 6
131 11 5 117
131 11 5 143
131 11 5 129
131 11 5 7
131 11 5 129
131 11 5 135
131 11 5 103
131 11 5 3
131 11 5 84
131 11 5 132
131 11 5 59
131 11 6 6
131 11 6 126
131 11 6 153
131 11 6 24
131 11 6 9
131 11 6 77
131 11 6 148
131 11 6 146
131 11 6 3
131 11 6 99
131 11 6 142
131 11 6 11
131 11 6 9
131 11 6 71
131 11 6 142
131 11 6 35
131 11 6 2
131 11 6 115
131 11 6 136
131 11 6 73
131 11 7 10
131 11 7 78
131 11 7 143
131 11 7 146
131 11 7 4
131 11 7 73
131 11 7 132
131 11 7 1
131 11 7 6
131 11 7 109
131 11 7 150
131 11 7 125
131 11 7 1
131 11 7 93
131 11 7 131
131 11 7 86
131 11 7 7
131 11 7 114
131 11 7 142
131 11 7 120
131 11 8 4
131 11 8 119
131 11 8 151
131 11 8 117
131 11 8 3
131 11 8 91
131 11 8 141
131 11 8 40
131 11 8 5
131 11 8 82
131 11 8 147
131 11 8 63
131 11 8 6
131 11 8 75
131 11 8 151
131 11 8 35
131 11 8 1
131 11 8 127
131 11 8 143
131 11 8 58
131 11 9 4
131 11 9 103
131 11 9 146
131 11 9 115
131 11 9 9
131 11 9 110
131 11 9 150
131 11 9 136
131 11 9 2
131 11 9 68
131 11 9 142
131 11 9 138
131 11 9 5
131 11 9 76
131 11 9 143
131 11 9 43
131 11 9 9
131 11 9 79
131 11 9 131
131 11 9 131
131 11 10 4
131 11 10 130
131 11 10 133
131 11 10 138
131 11 10 7
131 11 10 87
131 11 10 141
131 11 10 4
131 11 10 8
131 11 10 102
131 11 10 137
131 11 10 92
131 11 10 8
131 11 10 113
131 11 10 134
131 11 10 140
131 11 10 10
131 11 10 66
131 11 10 131
131 11 10 133
131 11 11 9
131 11 11 78
131 11 11 133
131 11 11 58
131 11 11 3
131 11 11 90
131 11 11 151
131 11 11 127
131 11 11 6
131 11 11 74
131 11 11 132
131 11 11 49
131 11 11 5
131 11 11 74
131 11 11 133
131 11 11 148
131 11 11 9
131 11 11 90
131 11 11 142
131 11 11 145
131 11 12 8
131 11 12 65
131 11 12 145
131 11 12 48
131 11 12 5
131 11 12 65
131 11 12 141
131 11 12 130
131 11 12 8
131 11 12 76
131 11 12 153
131 11 12 73
131 11 12 6
131 11 12 67
131 11 12 148
131 11 12 43
131 11 12 2
131 11 12 85
131 11 12 138
131 11 12 78
131 11 13 1
131 11 13 122
131 11 13 142
131 11 13 82
131 11 13 1
131 11 13 126
131 11 13 139
131 11 13 87
131 11 13 4
131 11 13 86
131 11 13 150
131 11 13 142
131 11 13 10
131 11 13 101
131 11 13 144
131 11 13 121
131 11 13 9
131 11 13 69
131 11 13 147
131 11 13 44
131 11 14 4
131 11 14 81
131 11 14 134
131 11 14 75
131 11 14 7
131 11 14 131
131 11 14 140
131 11 14 41
131 11 14 8
131 11 14 123
131 11 14 147
131 11 14 121
131 11 14 9
131 11 14 76
131 11 14 148
131 11 14 145
131 11 14 4
131 11 14 70
131 11 14 141
131 11 14 144
131 12 1 3
131 12 1 84
131 12 1 137
131 12 1 76
131 12 1 9
131 12 1 118
131 12 1 142
131 12 1 51
131 12 1 8
131 12 1 81
131 12 1 139
131 12 1 23
131 12 1 5
131 12 1 84
131 12 1 136
131 12 1 93
131 12 1 10
131 12 1 128
131 12 1 153
131 12 1 34
131 12 2 4
131 12 2 78
131 12 2 133
131 12 2 88
131 12 2 6
131 12 2 115
131 12 2 150
131 12 2 17
131 12 2 8
131 12 2 76
131 12 2 132
131 12 2 111
131 12 2 2
131 12 2 109
131 12 2 151
131 12 2 127
131 12 2 5
131 12 2 109
131 12 2 142
131 12 2 135
131 12 3 3
131 12 3 65
131 12 3 135
131 12 3 99
131 12 3 3
131 12 3 88
131 12 3 140
131 12 3 60
131 12 3 6
131 12 3 67
131 12 3 143
131 12 3 90
131 12 3 7
131 12 3 102
131 12 3 139
131 12 3 72
131 12 3 10
131 12 3 117
131 12 3 142
131 12 3 21
131 12 4 4
131 12 4 82
131 12 4 133
131 12 4 86
131 12 4 5
131 12 4 121
131 12 4 133
131 12 4 141
131 12 4 2
131 12 4 119
131 12 4 140
131 12 4 97
131 12 4 8
131 12 4 123
131 12 4 146
131 12 4 107
131 12 4 5
131 12 4 97
131 12 4 139
131 12 4 103
131 12 5 10
131 12 5 121
131 12 5 131
131 12 5 75
131 12 5 8
131 12 5 86
131 12 5 136
131 12 5 56
131 12 5 5
131 12 5 106
131 12 5 132
131 12 5 44
131 12 5 4
131 12 5 92
131 12 5 134
131 12 5 47
131 12 5 4
131 12 5 127
131 12 5 133
131 12 5 96
131 12 6 1
131 12 6 85
131 12 6 149
131 12 6 46
131 12 6 1
131 12 6 130
131 12 6 132
131 12 6 43
131 12 6 10
131 12 6 65
131 12 6 132
131 12 6 109
131 12 6 7
131 12 6 106
131 12 6 133
131 12 6 83
131 12 6 1
131 12 6 122
131 12 6 144
131 12 6 76
131 12 7 9
131 12 7 71
131 12 7 154
131 12 7 1
131 12 7 8
131 12 7 72
131 12 7 131
131 12 7 147
131 12 7 4
131 12 7 125
131 12 7 147
131 12 7 92
131 12 7 4
131 12 7 90
131 12 7 138
131 12 7 69
131 12 7 6
131 12 7 128
131 12 7 152
131 12 7 124
131 12 8 8
131 12 8 72
131 12 8 132
131 12 8 67
131 12 8 9
131 12 8 77
131 12 8 151
131 12 8 122
131 12 8 4
131 12 8 111
131 12 8 148
131 12 8 44
131 12 8 1
131 12 8 131
131 12 8 136
131 12 8 98
131 12 8 5
131 12 8 94
131 12 8 135
131 12 8 18
131 12 9 9
131 12 9 85
131 12 9 139
131 12 9 70
131 12 9 10
131 12 9 123
131 12 9 148
131 12 9 75
131 12 9 4
131 12 9 87
131 12 9 134
131 12 9 146
131 12 9 5
131 12 9 124
131 12 9 146
131 12 9 59
131 12 9 7
131 12 9 115
131 12 9 142
131 12 9 90
131 12 10 9
131 12 10 113
131 12 10 149
131 12 10 127
131 12 10 5
131 12 10 75
131 12 10 146
131 12 10 122
131 12 10 6
131 12 10 69
131 12 10 144
131 12 10 62
131 12 10 1
131 12 10 126
131 12 10 151
131 12 10 37
131 12 10 5
131 12 10 76
131 12 10 133
131 12 10 80
131 12 11 3
131 12 11 80
131 12 11 148
131 12 11 135
131 12 11 5
131 12 11 105
131 12 11 146
131 12 11 53
131 12 11 9
131 12 11 68
131 12 11 144
131 12 11 113
131 12 11 1
131 12 11 107
131 12 11 147
131 12 11 78
131 12 11 9
131 12 11 109
131 12 11 142
131 12 11 147
131 12 12 7
131 12 12 106
131 12 12 152
131 12 12 150
131 12 12 9
131 12 12 127
131 12 12 131
131 12 12 84
131 12 12 4
131 12 12 81
131 12 12 146
131 12 12 63
131 12 12 4
131 12 12 110
131 12 12 133
131 12 12 154
131 12 12 9
131 12 12 124
131 12 12 139
131 12 12 33
131 12 13 10
131 12 13 127
131 12 13 142
131 12 13 64
131 12 13 10
131 12 13 72
131 12 13 152
131 12 13 54
131 12 13 4
131 12 13 128
131 12 13 154
131 12 13 124
131 12 13 3
131 12 13 127
131 12 13 149
131 12 13 83
131 12 13 1
131 12 13 106
131 12 13 142
131 12 13 60
131 12 14 1
131 12 14 84
131 12 14 150
131 12 14 18
131 12 14 3
131 12 14 68
131 12 14 131
131 12 14 128
131 12 14 5
131 12 14 105
131 12 14 154
131 12 14 71
131 12 14 4
131 12 14 115
131 12 14 154
131 12 14 106
131 12 14 1
131 12 14 86
131 12 14 137
131 12 14 31
131 13 1 10
131 13 1 75
131 13 1 141
131 13 1 73
131 13 1 6
131 13 1 82
131 13 1 135
131 13 1 98
131 13 1 3
131 13 1 100
131 13 1 154
131 13 1 131
131 13 1 5
131 13 1 80
131 13 1 142
131 13 1 105
131 13 1 1
131 13 1 129
131 13 1 148
131 13 1 72
131 13 2 2
131 13 2 88
131 13 2 146
131 13 2 25
131 13 2 10
131 13 2 91
131 13 2 145
131 13 2 152
131 13 2 8
131 13 2 122
131 13 2 140
131 13 2 67
131 13 2 2
131 13 2 78
131 13 2 143
131 13 2 90
131 13 2 3
131 13 2 131
131 13 2 141
131 13 2 151
131 13 3 6
131 13 3 67
131 13 3 150
131 13 3 45
131 13 3 7
131 13 3 127
131 13 3 150
131 13 3 152
131 13 3 3
131 13 3 88
131 13 3 145
131 13 3 125
131 13 3 1
131 13 3 131
131 13 3 144
131 13 3 132
131 13 3 8
131 13 3 101
131 13 3 152
131 13 3 37
131 13 4 7
131 13 4 70
131 13 4 139
131 13 4 127
131 13 4 8
131 13 4 95
131 13 4 145
131 13 4 10
131 13 4 9
131 13 4 93
131 13 4 141
131 13 4 68
131 13 4 2
131 13 4 65
131 13 4 151
131 13 4 130
131 13 4 3
131 13 4 122
131 13 4 132
131 13 4 126
131 13 5 6
131 13 5 118
131 13 5 132
131 13 5 42
131 13 5 7
131 13 5 117
131 13 5 143
131 13 5 43
131 13 5 9
131 13 5 111
131 13 5 139
131 13 5 39
131 13 5 3
131 13 5 90
131 13 5 148
131 13 5 54
131 13 5 5
131 13 5 78
131 13 5 132
131 13 5 125
131 13 6 3
131 13 6 112
131 13 6 132
131 13 6 48
131 13 6 9
131 13 6 122
131 13 6 135
131 13 6 142
131 13 6 3
131 13 6 68
131 13 6 132
131 13 6 82
131 13 6 7
131 13 6 74
131 13 6 148
131 13 6 71
131 13 6 9
131 13 6 75
131 13 6 137
131 13 6 90
131 13 7 2
131 13 7 111
131 13 7 151
131 13 7 74
131 13 7 7
131 13 7 105
131 13 7 154
131 13 7 119
131 13 7 3
131 13 7 116
131 13 7 137
131 13 7 116
131 13 7 1
131 13 7 72
131 13 7 135
131 13 7 133
131 13 7 10
131 13 7 99
131 13 7 132
131 13 7 147
131 13 8 2
131 13 8 126
131 13 8 152
131 13 8 104
131 13 8 5
131 13 8 99
131 13 8 134
131 13 8 45
131 13 8 4
131 13 8 79
131 13 8 142
131 13 8 39
131 13 8 4
131 13 8 127
131 13 8 147
131 13 8 100
131 13 8 5
131 13 8 84
131 13 8 145
131 13 8 52
131 13 9 2
131 13 9 81
131 13 9 151
131 13 9 130
131 13 9 5
131 13 9 114
131 13 9 138
131 13 9 80
131 13 9 3
131 13 9 82
131 13 9 148
131 13 9 112
131 13 9 4
131 13 9 107
131 13 9 147
131 13 9 136
131 13 9 4
131 13 9 79
131 13 9 151
131 13 9 134
131 13 10 7
131 13 10 68
131 13 10 139
131 13 10 83
131 13 10 8
131 13 10 70
131 13 10 147
131 13 10 106
131 13 10 3
131 13 10 129
131 13 10 132
131 13 10 129
131 13 10 3
131 13 10 81
131 13 10 147
131 13 10 74
131 13 10 4
131 13 10 88
131 13 10 136
131 13 10 4
131 13 11 9
131 13 11 109
131 13 11 154
131 13 11 63
131 13 11 4
131 13 11 93
131 13 11 154
131 13 11 37
131 13 11 10
131 13 11 76
131 13 11 133
131 13 11 25
131 13 11 5
131 13 11 91
131 13 11 148
131 13 11 54
131 13 11 4
131 13 11 70
131 13 11 151
131 13 11 89
131 13 12 9
131 13 12 100
131 13 12 141
131 13 12 66
131 13 12 8
131 13 12 83
131 13 12 148
131 13 12 118
131 13 12 1
131 13 12 78
131 13 12 150
131 13 12 91
131 13 12 9
131 13 12 100
131 13 12 140
131 13 12 50
131 13 12 4
131 13 12 71
131 13 12 143
131 13 12 49
131 13 13 4
131 13 13 77
131 13 13 135
131 13 13 71
131 13 13 8
131 13 13 69
131 13 13 134
131 13 13 131
131 13 13 3
131 13 13 103
131 13 13 132
131 13 13 16
131 13 13 5
131 13 13 115
131 13 13 149
131 13 13 101
131 13 13 4
131 13 13 116
131 13 13 147
131 13 13 139
131 13 14 3
131 13 14 126
131 13 14 132
131 13 14 24
131 13 14 8
131 13 14 118
131 13 14 149
131 13 14 64
131 13 14 8
131 13 14 68
131 13 14 140
131 13 14 97
131 13 14 2
131 13 14 76
131 13 14 144
131 13 14 31
131 13 14 10
131 13 14 127
131 13 14 146
131 13 14 132
131 14 1 7
131 14 1 91
131 14 1 147
131 14 1 41
131 14 1 10
131 14 1 77
131 14 1 150
131 14 1 43
131 14 1 8
131 14 1 105
131 14 1 139
131 14 1 65
131 14 1 8
131 14 1 123
131 14 1 149
131 14 1 106
131 14 1 9
131 14 1 88
131 14 1 147
131 14 1 27
131 14 2 2
131 14 2 76
131 14 2 141
131 14 2 127
131 14 2 10
131 14 2 67
131 14 2 133
131 14 2 51
131 14 2 8
131 14 2 79
131 14 2 154
131 14 2 71
131 14 2 9
131 14 2 131
131 14 2 151
131 14 2 62
131 14 2 2
131 14 2 113
131 14 2 141
131 14 2 36
131 14 3 1
131 14 3 78
131 14 3 137
131 14 3 145
131 14 3 8
131 14 3 110
131 14 3 135
131 14 3 23
131 14 3 9
131 14 3 120
131 14 3 140
131 14 3 29
131 14 3 7
131 14 3 108
131 14 3 149
131 14 3 41
131 14 3 5
131 14 3 70
131 14 3 147
131 14 3 42
131 14 4 4
131 14 4 110
131 14 4 139
131 14 4 147
131 14 4 1
131 14 4 83
131 14 4 147
131 14 4 15
131 14 4 10
131 14 4 105
131 14 4 149
131 14 4 136
131 14 4 6
131 14 4 95
131 14 4 142
131 14 4 9
131 14 4 2
131 14 4 122
131 14 4 133
131 14 4 74
131 14 5 10
131 14 5 102
131 14 5 151
131 14 5 142
131 14 5 3
131 14 5 117
131 14 5 131
131 14 5 20
131 14 5 2
131 14 5 108
131 14 5 133
131 14 5 67
131 14 5 7
131 14 5 111
131 14 5 146
131 14 5 81
131 14 5 10
131 14 5 103
131 14 5 151
131 14 5 76
131 14 6 5
131 14 6 105
131 14 6 151
131 14 6 38
131 14 6 9
131 14 6 117
131 14 6 151
131 14 6 116
131 14 6 4
131 14 6 128
131 14 6 140
131 14 6 45
131 14 6 7
131 14 6 104
131 14 6 153
131 14 6 104
131 14 6 3
131 14 6 116
131 14 6 142
131 14 6 67
131 14 7 8
131 14 7 75
131 14 7 142
131 14 7 73
131 14 7 2
131 14 7 72
131 14 7 147
131 14 7 137
131 14 7 1
131 14 7 122
131 14 7 145
131 14 7 61
131 14 7 2
131 14 7 92
131 14 7 140
131 14 7 75
131 14 7 2
131 14 7 118
131 14 7 133
131 14 7 152
131 14 8 8
131 14 8 117
131 14 8 142
131 14 8 75
131 14 8 6
131 14 8 106
131 14 8 131
131 14 8 80
131 14 8 1
131 14 8 80
131 14 8 150
131 14 8 51
131 14 8 9
131 14 8 104
131 14 8 153
131 14 8 89
131 14 8 10
131 14 8 88
131 14 8 135
131 14 8 43
131 14 9 5
131 14 9 114
131 14 9 153
131 14 9 111
131 14 9 2
131 14 9 96
131 14 9 151
131 14 9 101
131 14 9 10
131 14 9 77
131 14 9 141
131 14 9 18
131 14 9 7
131 14 9 68
131 14 9 133
131 14 9 88
131 14 9 4
131 14 9 102
131 14 9 137
131 14 9 62
131 14 10 8
131 14 10 102
131 14 10 140
131 14 10 133
131 14 10 5
131 14 10 112
131 14 10 152
131 14 10 35
131 14 10 1
131 14 10 125
131 14 10 133
131 14 10 87
131 14 10 5
131 14 10 107
131 14 10 139
131 14 10 154
131 14 10 9
131 14 10 111
131 14 10 154
131 14 10 34
131 14 11 6
131 14 11 84
131 14 11 131
131 14 11 39
131 14 11 6
131 14 11 102
131 14 11 133
131 14 11 43
131 14 11 1
131 14 11 66
131 14 11 148
131 14 11 36
131 14 11 8
131 14 11 116
131 14 11 149
131 14 11 17
131 14 11 4
131 14 11 69
131 14 11 143
131 14 11 97
131 14 12 7
131 14 12 81
131 14 12 151
131 14 12 84
131 14 12 9
131 14 12 76
131 14 12 144
131 14 12 92
131 14 12 10
131 14 12 107
131 14 12 148
131 14 12 132
131 14 12 6
131 14 12 68
131 14 12 138
131 14 12 1
131 14 12 6
131 14 12 84
131 14 12 133
131 14 12 38
131 14 13 8
131 14 13 89
131 14 13 134
131 14 13 109
131 14 13 7
131 14 13 77
131 14 13 146
131 14 13 77
131 14 13 3
131 14 13 74
131 14 13 152
131 14 13 34
131 14 13 9
131 14 13 95
131 14 13 136
131 14 13 11
131 14 13 10
131 14 13 85
131 14 13 148
131 14 13 122
131 14 14 6
131 14 14 79
131 14 14 142
131 14 14 11
131 14 14 6
131 14 14 68
131 14 14 144
131 14 14 1
131 14 14 4
131 14 14 106
131 14 14 154
131 14 14 25
131 14 14 6
131 14 14 121
131 14 14 133
131 14 14 117
131 14 14 2
131 14 14 103
131 14 14 153
131 14 14 48
137 1 1 8
137 1 1 113
137 1 1 142
137 1 1 73
137 1 1 6
137 1 1 76
137 1 1 148
137 1 1 61
137 1 1 5
137 1 1 109
137 1 1 148
137 1 1 101
137 1 1 7
137 1 1 122
137 1 1 137
137 1 1 7
137 1 1 8
137 1 1 117
137 1 1 140
137 1 1 123
137 1 2 7
137 1 2 127
137 1 2 155
137 1 2 100
137 1 2 4
137 1 2 135
137 1 2 158
137 1 2 15
137 1 2 7
137 1 2 88
137 1 2 145
137 1 2 115
137 1 2 9
137 1 2 102
137 1 2 155
137 1 2 153
137 1 2 9
137 1 2 122
137 1 2 159
137 1 2 125
137 1 3 10
137 1 3 131
137 1 3 139
137 1 3 40
137 1 3 2
137 1 3 125
137 1 3 154
137 1 3 148
137 1 3 5
137 1 3 130
137 1 3 149
137 1 3 143
137 1 3 3
137 1 3 118
137 1 3 159
137 1 3 86
137 1 3 3
137 1 3 105
137 1 3 152
137 1 3 84
137 1 4 2
137 1 4 101
137 1 4 148
137 1 4 110
137 1 4 8
137 1 4 72
137 1 4 157
137 1 4 126
137 1 4 9
137 1 4 81
137 1 4 138
137 1 4 40
137 1 4 5
137 1 4 137
137 1 4 155
137 1 4 80
137 1 4 4
137 1 4 134
137 1 4 160
137 1 4 156
137 1 5 1
137 1 5 129
137 1 5 156
137 1 5 146
137 1 5 1
137 1 5 105
137 1 5 144
137 1 5 144
137 1 5 6
137 1 5 69
137 1 5 145
137 1 5 126
137 1 5 8
137 1 5 94
137 1 5 141
137 1 5 121
137 1 5 6
137 1 5 103
137 1 5 154
137 1 5 88
137 1 6 4
137 1 6 95
137 1 6 157
137 1 6 159
137 1 6 10
137 1 6 129
137 1 6 148
137 1 6 59
137 1 6 1
137 1 6 133
137 1 6 143
137 1 6 159
137 1 6 4
137 1 6 120
137 1 6 159
137 1 6 60
137 1 6 8
137 1 6 94
137 1 6 148
137 1 6 12
137 1 7 5
137 1 7 126
137 1 7 151
137 1 7 73
137 1 7 10
137 1 7 98
137 1 7 158
137 1 7 109
137 1 7 6
137 1 7 117
137 1 7 141
137 1 7 78
137 1 7 1
137 1 7 79
137 1 7 150
137 1 7 71
137 1 7 2
137 1 7 114
137 1 7 147
137 1 7 150
137 1 8 9
137 1 8 95
137 1 8 148
137 1 8 71
137 1 8 2
137 1 8 119
137 1 8 140
137 1 8 32
137 1 8 6
137 1 8 118
137 1 8 160
137 1 8 110
137 1 8 4
137 1 8 119
137 1 8 156
137 1 8 107
137 1 8 7
137 1 8 85
137 1 8 142
137 1 8 17
137 1 9 9
137 1 9 137
137 1 9 146
137 1 9 144
137 1 9 6
137 1 9 102
137 1 9 155
137 1 9 91
137 1 9 5
137 1 9 86
137 1 9 137
137 1 9 100
137 1 9 8
137 1 9 125
137 1 9 139
137 1 9 24
137 1 9 3
137 1 9 114
137 1 9 143
137 1 9 133
137 1 10 1
137 1 10 94
137 1 10 155
137 1 10 148
137 1 10 2
137 1 10 121
137 1 10 160
137 1 10 160
137 1 10 5
137 1 10 115
137 1 10 155
137 1 10 24
137 1 10 1
137 1 10 122
137 1 10 157
137 1 10 35
137 1 10 7
137 1 10 82
137 1 10 159
137 1 10 145
137 1 11 2
137 1 11 98
137 1 11 153
137 1 11 128
137 1 11 4
137 1 11 81
137 1 11 159
137 1 11 157
137 1 11 8
137 1 11 119
137 1 11 160
137 1 11 118
137 1 11 4
137 1 11 81
137 1 11 148
137 1 11 111
137 1 11 9
137 1 11 73
137 1 11 138
137 1 11 6
137 1 12 4
137 1 12 119
137 1 12 150
137 1 12 82
137 1 12 3
137 1 12 83
137 1 12 153
137 1 12 41
137 1 12 2
137 1 12 122
137 1 12 157
137 1 12 160
137 1 12 8
137 1 12 74
137 1 12 158
137 1 12 115
137 1 12 7
137 1 12 77
137 1 12 158
137 1 12 130
137 1 13 5
137 1 13 81
137 1 13 152
137 1 13 118
137 1 13 4
137 1 13 136
137 1 13 143
137 1 13 20
137 1 13 9
137 1 13 119
137 1 13 152
137 1 13 58
137 1 13 7
137 1 13 69
137 1 13 157
137 1 13 99
137 1 13 8
137 1 13 113
137 1 13 140
137 1 13 60
137 1 14 7
137 1 14 124
137 1 14 144
137 1 14 122
137 1 14 4
137 1 14 86
137 1 14 139
137 1 14 72
137 1 14 9
137 1 14 85
137 1 14 150
137 1 14 127
137 1 14 3
137 1 14 73
137 1 14 159
137 1 14 122
137 1 14 3
137 1 14 82
137 1 14 152
137 1 14 34
137 2 1 7
137 2 1 106
137 2 1 151
137 2 1 147
137 2 1 4
137 2 1 122
137 2 1 149
137 2 1 50
137 2 1 9
137 2 1 75
137 2 1 144
137 2 1 155
137 2 1 6
137 2 1 70
137 2 1 156
137 2 1 78
137 2 1 2
137 2 1 90
137 2 1 147
137 2 1 149
137 2 2 8
137 2 2 111
137 2 2 145
137 2 2 92
137 2 2 3
137 2 2 86
137 2 2 139
137 2 2 130
137 2 2 7
137 2 2 95
137 2 2 153
137 2 2 64
137 2 2 7
137 2 2 100
137 2 2 138
137 2 2 57
137 2 2 8
137 2 2 111
137 2 2 151
137 2 2 125
137 2 3 3
137 2 3 88
137 2 3 143
137 2 3 44
137 2 3 10
137 2 3 73
137 2 3 158
137 2 3 129
137 2 3 3
137 2 3 89
137 2 3 158
137 2 3 117
137 2 3 1
137 2 3 78
137 2 3 152
137 2 3 80
137 2 3 2
137 2 3 108
137 2 3 155
137 2 3 122
137 2 4 7
137 2 4 69
137 2 4 155
137 2 4 26
137 2 4 10
137 2 4 87
137 2 4 149
137 2 4 134
137 2 4 5
137 2 4 121
137 2 4 157
137 2 4 135
137 2 4 7
137 2 4 127
137 2 4 154
137 2 4 55
137 2 4 5
137 2 4 120
137 2 4 148
137 2 4 117
137 2 5 1
137 2 5 101
137 2 5 148
137 2 5 15
137 2 5 6
137 2 5 106
137 2 5 153
137 2 5 79
137 2 5 2
137 2 5 86
137 2 5 155
137 2 5 118
137 2 5 5
137 2 5 126
137 2 5 147
137 2 5 77
137 2 5 2
137 2 5 95
137 2 5 139
137 2 5 95
137 2 6 7
137 2 6 96
137 2 6 149
137 2 6 5
137 2 6 2
137 2 6 93
137 2 6 147
137 2 6 52
137 2 6 6
137 2 6 123
137 2 6 147
137 2 6 39
137 2 6 4
137 2 6 130
137 2 6 141
137 2 6 70
137 2 6 5
137 2 6 133
137 2 6 141
137 2 6 74
137 2 7 4
137 2 7 111
137 2 7 138
137 2 7 19
137 2 7 1
137 2 7 114
137 2 7 147
137 2 7 123
137 2 7 1
137 2 7 79
137 2 7 137
137 2 7 151
137 2 7 2
137 2 7 87
137 2 7 159
137 2 7 2
137 2 7 10
137 2 7 68
137 2 7 158
137 2 7 38
137 2 8 1
137 2 8 74
137 2 8 139
137 2 8 66
137 2 8 3
137 2 8 127
137 2 8 140
137 2 8 22
137 2 8 10
137 2 8 107
137 2 8 139
137 2 8 80
137 2 8 7
137 2 8 89
137 2 8 142
137 2 8 59
137 2 8 1
137 2 8 92
137 2 8 147
137 2 8 119
137 2 9 10
137 2 9 133
137 2 9 141
137 2 9 147
137 2 9 2
137 2 9 123
137 2 9 141
137 2 9 33
137 2 9 7
137 2 9 76
137 2 9 147
137 2 9 23
137 2 9 7
137 2 9 104
137 2 9 142
137 2 9 63
137 2 9 1
137 2 9 94
137 2 9 138
137 2 9 89
137 2 10 3
137 2 10 70
137 2 10 139
137 2 10 80
137 2 10 9
137 2 10 119
137 2 10 154
137 2 10 83
137 2 10 2
137 2 10 70
137 2 10 137
137 2 10 115
137 2 10 3
137 2 10 124
137 2 10 159
137 2 10 131
137 2 10 1
137 2 10 70
137 2 10 150
137 2 10 22
137 2 11 6
137 2 11 68
137 2 11 156
137 2 11 151
137 2 11 10
137 2 11 94
137 2 11 147
137 2 11 23
137 2 11 3
137 2 11 108
137 2 11 157
137 2 11 12
137 2 11 6
137 2 11 84
137 2 11 145
137 2 11 75
137 2 11 10
137 2 11 111
137 2 11 147
137 2 11 84
137 2 12 5
137 2 12 117
137 2 12 148
137 2 12 159
137 2 12 6
137 2 12 96
137 2 12 144
137 2 12 87
137 2 12 5
137 2 12 134
137 2 12 137
137 2 12 57
137 2 12 1
137 2 12 68
137 2 12 143
137 2 12 100
137 2 12 2
137 2 12 68
137 2 12 142
137 2 12 31
137 2 13 4
137 2 13 102
137 2 13 137
137 2 13 137
137 2 13 2
137 2 13 104
137 2 13 160
137 2 13 130
137 2 13 8
137 2 13 101
137 2 13 155
137 2 13 33
137 2 13 2
137 2 13 85
137 2 13 158
137 2 13 29
137 2 13 4
137 2 13 119
137 2 13 153
137 2 13 73
137 2 14 6
137 2 14 112
137 2 14 140
137 2 14 93
137 2 14 8
137 2 14 91
137 2 14 147
137 2 14 76
137 2 14 8
137 2 14 93
137 2 14 150
137 2 14 108
137 2 14 7
137 2 14 92
137 2 14 155
137 2 14 140
137 2 14 7
137 2 14 77
137 2 14 138
137 2 14 154
137 3 1 1
137 3 1 69
137 3 1 159
137 3 1 70
137 3 1 8
137 3 1 100
137 3 1 156
137 3 1 13
137 3 1 10
137 3 1 85
137 3 1 141
137 3 1 113
137 3 1 8
137 3 1 97
137 3 1 151
137 3 1 73
137 3 1 5
137 3 1 118
137 3 1 154
137 3 1 84
137 3 2 6
137 3 2 78
137 3 2 156
137 3 2 126
137 3 2 1
137 3 2 129
137 3 2 160
137 3 2 83
137 3 2 5
137 3 2 102
137 3 2 142
137 3 2 13
137 3 2 5
137 3 2 126
137 3 2 140
137 3 2 157
137 3 2 5
137 3 2 77
137 3 2 146
137 3 2 63
137 3 3 1
137 3 3 76
137 3 3 137
137 3 3 83
137 3 3 6
137 3 3 129
137 3 3 155
137 3 3 119
137 3 3 8
137 3 3 86
137 3 3 157
137 3 3 141
137 3 3 1
137 3 3 126
137 3 3 148
137 3 3 139
137 3 3 3
137 3 3 77
137 3 3 144
137 3 3 45
137 3 4 9
137 3 4 84
137 3 4 145
137 3 4 142
137 3 4 8
137 3 4 78
137 3 4 149
137 3 4 107
137 3 4 5
137 3 4 75
137 3 4 141
137 3 4 154
137 3 4 8
137 3 4 99
137 3 4 151
137 3 4 91
137 3 4 10
137 3 4 128
137 3 4 146
137 3 4 88
137 3 5 7
137 3 5 118
137 3 5 144
137 3 5 45
137 3 5 3
137 3 5 105
137 3 5 143
137 3 5 54
137 3 5 6
137 3 5 106
137 3 5 157
137 3 5 134
137 3 5 1
137 3 5 129
137 3 5 152
137 3 5 84
137 3 5 3
137 3 5 82
137 3 5 143
137 3 5 40
137 3 6 9
137 3 6 76
137 3 6 146
137 3 6 20
137 3 6 3
137 3 6 110
137 3 6 151
137 3 6 37
137 3 6 7
137 3 6 132
137 3 6 152
137 3 6 26
137 3 6 4
137 3 6 131
137 3 6 148
137 3 6 144
137 3 6 5
137 3 6 116
137 3 6 147
137 3 6 30
137 3 7 9
137 3 7 83
137 3 7 153
137 3 7 30
137 3 7 5
137 3 7 126
137 3 7 159
137 3 7 99
137 3 7 9
137 3 7 128
137 3 7 158
137 3 7 98
137 3 7 10
137 3 7 95
137 3 7 142
137 3 7 87
137 3 7 7
137 3 7 98
137 3 7 153
137 3 7 75
137 3 8 2
137 3 8 76
137 3 8 149
137 3 8 56
137 3 8 9
137 3 8 132
137 3 8 143
137 3 8 83
137 3 8 2
137 3 8 111
137 3 8 146
137 3 8 152
137 3 8 5
137 3 8 87
137 3 8 153
137 3 8 59
137 3 8 10
137 3 8 82
137 3 8 151
137 3 8 42
137 3 9 6
137 3 9 122
137 3 9 141
137 3 9 70
137 3 9 2
137 3 9 75
137 3 9 140
137 3 9 70
137 3 9 2
137 3 9 120
137 3 9 150
137 3 9 50
137 3 9 10
137 3 9 79
137 3 9 137
137 3 9 119
137 3 9 6
137 3 9 121
137 3 9 149
137 3 9 60
137 3 10 9
137 3 10 98
137 3 10 141
137 3 10 102
137 3 10 3
137 3 10 102
137 3 10 137
137 3 10 89
137 3 10 9
137 3 10 103
137 3 10 141
137 3 10 95
137 3 10 6
137 3 10 103
137 3 10 158
137 3 10 159
137 3 10 5
137 3 10 109
137 3 10 138
137 3 10 19
137 3 11 3
137 3 11 103
137 3 11 147
137 3 11 18
137 3 11 8
137 3 11 91
137 3 11 160
137 3 11 22
137 3 11 10
137 3 11 132
137 3 11 149
137 3 11 149
137 3 11 5
137 3 11 69
137 3 11 159
137 3 11 46
137 3 11 7
137 3 11 109
137 3 11 140
137 3 11 154
137 3 12 9
137 3 12 72
137 3 12 150
137 3 12 149
137 3 12 10
137 3 12 117
137 3 12 138
137 3 12 3
137 3 12 2
137 3 12 117
137 3 12 159
137 3 12 59
137 3 12 1
137 3 12 103
137 3 12 143
137 3 12 88
137 3 12 3
137 3 12 77
137 3 12 150
137 3 12 106
137 3 13 1
137 3 13 93
137 3 13 147
137 3 13 23
137 3 13 6
137 3 13 94
137 3 13 150
137 3 13 148
137 3 13 10
137 3 13 132
137 3 13 141
137 3 13 96
137 3 13 3
137 3 13 93
137 3 13 155
137 3 13 155
137 3 13 6
137 3 13 123
137 3 13 142
137 3 13 7
137 3 14 2
137 3 14 95
137 3 14 157
137 3 14 3
137 3 14 8
137 3 14 83
137 3 14 137
137 3 14 65
137 3 14 8
137 3 14 106
137 3 14 149
137 3 14 142
137 3 14 3
137 3 14 135
137 3 14 138
137 3 14 9
137 3 14 5
137 3 14 72
137 3 14 143
137 3 14 69
137 4 1 1
137 4 1 114
137 4 1 147
137 4 1 150
137 4 1 3
137 4 1 126
137 4 1 154
137 4 1 51
137 4 1 4
137 4 1 97
137 4 1 145
137 4 1 129
137 4 1 4
137 4 1 69
137 4 1 151
137 4 1 17
137 4 1 1
137 4 1 77
137 4 1 149
137 4 1 82
137 4 2 10
137 4 2 73
137 4 2 139
137 4 2 26
137 4 2 3
137 4 2 129
137 4 2 144
137 4 2 19
137 4 2 1
137 4 2 108
137 4 2 152
137 4 2 96
137 4 2 5
137 4 2 123
137 4 2 147
137 4 2 75
137 4 2 1
137 4 2 136
137 4 2 156
137 4 2 100
137 4 3 8
137 4 3 101
137 4 3 159
137 4 3 157
137 4 3 10
137 4 3 72
137 4 3 146
137 4 3 141
137 4 3 10
137 4 3 69
137 4 3 156
137 4 3 10
137 4 3 9
137 4 3 86
137 4 3 144
137 4 3 122
137 4 3 9
137 4 3 71
137 4 3 139
137 4 3 118
137 4 4 2
137 4 4 107
137 4 4 143
137 4 4 50
137 4 4 6
137 4 4 128
137 4 4 152
137 4 4 42
137 4 4 7
137 4 4 115
137 4 4 159
137 4 4 99
137 4 4 1
137 4 4 124
137 4 4 150
137 4 4 37
137 4 4 9
137 4 4 81
137 4 4 149
137 4 4 91
137 4 5 8
137 4 5 74
137 4 5 151
137 4 5 160
137 4 5 5
137 4 5 126
137 4 5 157
137 4 5 91
137 4 5 10
137 4 5 78
137 4 5 148
137 4 5 50
137 4 5 8
137 4 5 77
137 4 5 153
137 4 5 119
137 4 5 7
137 4 5 106
137 4 5 146
137 4 5 27
137 4 6 4
137 4 6 75
137 4 6 152
137 4 6 21
137 4 6 10
137 4 6 108
137 4 6 149
137 4 6 132
137 4 6 10
137 4 6 129
137 4 6 137
137 4 6 32
137 4 6 9
137 4 6 129
137 4 6 160
137 4 6 125
137 4 6 10
137 4 6 109
137 4 6 152
137 4 6 35
137 4 7 8
137 4 7 121
137 4 7 145
137 4 7 102
137 4 7 3
137 4 7 85
137 4 7 140
137 4 7 121
137 4 7 10
137 4 7 111
137 4 7 149
137 4 7 1
137 4 7 3
137 4 7 71
137 4 7 137
137 4 7 159
137 4 7 6
137 4 7 111
137 4 7 141
137 4 7 1
137 4 8 7
137 4 8 127
137 4 8 141
137 4 8 137
137 4 8 2
137 4 8 114
137 4 8 149
137 4 8 68
137 4 8 7
137 4 8 92
137 4 8 149
137 4 8 130
137 4 8 1
137 4 8 115
137 4 8 144
137 4 8 79
137 4 8 7
137 4 8 137
137 4 8 148
137 4 8 20
137 4 9 8
137 4 9 72
137 4 9 153
137 4 9 136
137 4 9 2
137 4 9 100
137 4 9 157
137 4 9 109
137 4 9 9
137 4 9 77
137 4 9 139
137 4 9 105
137 4 9 10
137 4 9 110
137 4 9 139
137 4 9 120
137 4 9 3
137 4 9 76
137 4 9 145
137 4 9 56
137 4 10 1
137 4 10 94
137 4 10 160
137 4 10 100
137 4 10 4
137 4 10 116
137 4 10 154
137 4 10 90
137 4 10 6
137 4 10 104
137 4 10 157
137 4 10 20
137 4 10 2
137 4 10 132
137 4 10 155
137 4 10 69
137 4 10 2
137 4 10 130
137 4 10 152
137 4 10 6
137 4 11 5
137 4 11 95
137 4 11 157
137 4 11 74
137 4 11 9
137 4 11 84
137 4 11 140
137 4 11 30
137 4 11 10
137 4 11 107
137 4 11 153
137 4 11 138
137 4 11 6
137 4 11 112
137 4 11 146
137 4 11 59
137 4 11 2
137 4 11 73
137 4 11 143
137 4 11 32
137 4 12 2
137 4 12 113
137 4 12 140
137 4 12 95
137 4 12 6
137 4 12 71
137 4 12 144
137 4 12 154
137 4 12 3
137 4 12 131
137 4 12 155
137 4 12 6
137 4 12 9
137 4 12 92
137 4 12 153
137 4 12 51
137 4 12 6
137 4 12 104
137 4 12 144
137 4 12 155
137 4 13 9
137 4 13 112
137 4 13 141
137 4 13 17
137 4 13 1
137 4 13 114
137 4 13 148
137 4 13 56
137 4 13 2
137 4 13 108
137 4 13 156
137 4 13 154
137 4 13 8
137 4 13 115
137 4 13 137
137 4 13 49
137 4 13 1
137 4 13 104
137 4 13 148
137 4 13 38
137 4 14 2
137 4 14 83
137 4 14 147
137 4 14 142
137 4 14 3
137 4 14 133
137 4 14 145
137 4 14 134
137 4 14 8
137 4 14 73
137 4 14 158
137 4 14 120
137 4 14 10
137 4 14 118
137 4 14 147
137 4 14 133
137 4 14 7
137 4 14 73
137 4 14 150
137 4 14 21
137 5 1 8
137 5 1 127
137 5 1 144
137 5 1 35
137 5 1 9
137 5 1 128
137 5 1 139
137 5 1 26
137 5 1 6
137 5 1 102
137 5 1 141
137 5 1 83
137 5 1 6
137 5 1 99
137 5 1 147
137 5 1 62
137 5 1 10
137 5 1 102
137 5 1 152
137 5 1 102
137 5 2 10
137 5 2 71
137 5 2 160
137 5 2 118
137 5 2 1
137 5 2 86
137 5 2 141
137 5 2 1
137 5 2 2
137 5 2 87
137 5 2 144
137 5 2 152
137 5 2 9
137 5 2 104
137 5 2 138
137 5 2 33
137 5 2 1
137 5 2 119
137 5 2 144
137 5 2 20
137 5 3 10
137 5 3 122
137 5 3 158
137 5 3 44
137 5 3 6
137 5 3 117
137 5 3 153
137 5 3 109
137 5 3 9
137 5 3 123
137 5 3 146
137 5 3 144
137 5 3 9
137 5 3 99
137 5 3 143
137 5 3 137
137 5 3 9
137 5 3 125
137 5 3 156
137 5 3 5
137 5 4 7
137 5 4 118
137 5 4 145
137 5 4 95
137 5 4 7
137 5 4 82
137 5 4 157
137 5 4 62
137 5 4 10
137 5 4 119
137 5 4 155
137 5 4 38
137 5 4 5
137 5 4 89
137 5 4 143
137 5 4 67
137 5 4 9
137 5 4 119
137 5 4 156
137 5 4 50
137 5 5 9
137 5 5 104
137 5 5 140
137 5 5 52
137 5 5 3
137 5 5 116
137 5 5 137
137 5 5 58
137 5 5 9
137 5 5 79
137 5 5 146
137 5 5 2
137 5 5 5
137 5 5 126
137 5 5 147
137 5 5 77
137 5 5 1
137 5 5 129
137 5 5 148
137 5 5 55
137 5 6 9
137 5 6 109
137 5 6 146
137 5 6 74
137 5 6 9
137 5 6 71
137 5 6 143
137 5 6 141
137 5 6 2
137 5 6 135
137 5 6 149
137 5 6 129
137 5 6 4
137 5 6 95
137 5 6 151
137 5 6 16
137 5 6 5
137 5 6 130
137 5 6 141
137 5 6 52
137 5 7 3
137 5 7 80
137 5 7 146
137 5 7 133
137 5 7 10
137 5 7 133
137 5 7 153
137 5 7 103
137 5 7 2
137 5 7 70
137 5 7 142
137 5 7 83
137 5 7 6
137 5 7 81
137 5 7 137
137 5 7 146
137 5 7 9
137 5 7 71
137 5 7 147
137 5 7 77
137 5 8 3
137 5 8 121
137 5 8 147
137 5 8 101
137 5 8 8
137 5 8 112
137 5 8 143
137 5 8 73
137 5 8 5
137 5 8 125
137 5 8 141
137 5 8 94
137 5 8 1
137 5 8 86
137 5 8 139
137 5 8 58
137 5 8 6
137 5 8 123
137 5 8 142
137 5 8 135
137 5 9 5
137 5 9 108
137 5 9 150
137 5 9 143
137 5 9 10
137 5 9 137
137 5 9 158
137 5 9 53
137 5 9 5
137 5 9 68
137 5 9 149
137 5 9 81
137 5 9 7
137 5 9 101
137 5 9 142
137 5 9 127
137 5 9 1
137 5 9 106
137 5 9 141
137 5 9 72
137 5 10 4
137 5 10 82
137 5 10 151
137 5 10 8
137 5 10 2
137 5 10 93
137 5 10 157
137 5 10 52
137 5 10 5
137 5 10 129
137 5 10 154
137 5 10 130
137 5 10 6
137 5 10 111
137 5 10 138
137 5 10 111
137 5 10 6
137 5 10 136
137 5 10 146
137 5 10 127
137 5 11 6
137 5 11 105
137 5 11 153
137 5 11 48
137 5 11 5
137 5 11 96
137 5 11 140
137 5 11 14
137 5 11 4
137 5 11 127
137 5 11 150
137 5 11 97
137 5 11 5
137 5 11 115
137 5 11 149
137 5 11 71
137 5 11 5
137 5 11 70
137 5 11 160
137 5 11 102
137 5 12 6
137 5 12 73
137 5 12 160
137 5 12 68
137 5 12 6
137 5 12 81
137 5 12 144
137 5 12 46
137 5 12 7
137 5 12 95
137 5 12 146
137 5 12 112
137 5 12 5
137 5 12 122
137 5 12 148
137 5 12 97
137 5 12 1
137 5 12 78
137 5 12 157
137 5 12 11
137 5 13 5
137 5 13 120
137 5 13 148
137 5 13 59
137 5 13 4
137 5 13 131
137 5 13 148
137 5 13 156
137 5 13 10
137 5 13 77
137 5 13 140
137 5 13 122
137 5 13 8
137 5 13 122
137 5 13 147
137 5 13 20
137 5 13 6
137 5 13 70
137 5 13 139
137 5 13 38
137 5 14 3
137 5 14 108
137 5 14 142
137 5 14 124
137 5 14 9
137 5 14 96
137 5 14 143
137 5 14 94
137 5 14 7
137 5 14 79
137 5 14 142
137 5 14 140
137 5 14 9
137 5 14 79
137 5 14 139
137 5 14 3
137 5 14 5
137 5 14 71
137 5 14 140
137 5 14 82
137 6 1 1
137 6 1 98
137 6 1 148
137 6 1 126
137 6 1 3
137 6 1 74
137 6 1 138
137 6 1 31
137 6 1 8
137 6 1 121
137 6 1 144
137 6 1 85
137 6 1 1
137 6 1 92
137 6 1 137
137 6 1 138
137 6 1 2
137 6 1 73
137 6 1 158
137 6 1 33
137 6 2 3
137 6 2 83
137 6 2 137
137 6 2 30
137 6 2 5
137 6 2 74
137 6 2 138
137 6 2 47
137 6 2 3
137 6 2 85
137 6 2 154
137 6 2 35
137 6 2 5
137 6 2 84
137 6 2 149
137 6 2 135
137 6 2 3
137 6 2 98
137 6 2 152
137 6 2 133
137 6 3 6
137 6 3 104
137 6 3 148
137 6 3 159
137 6 3 5
137 6 3 131
137 6 3 138
137 6 3 20
137 6 3 4
137 6 3 84
137 6 3 155
137 6 3 3
137 6 3 6
137 6 3 105
137 6 3 142
137 6 3 19
137 6 3 4
137 6 3 97
137 6 3 144
137 6 3 108
137 6 4 7
137 6 4 117
137 6 4 138
137 6 4 46
137 6 4 5
137 6 4 91
137 6 4 156
137 6 4 133
137 6 4 8
137 6 4 111
137 6 4 152
137 6 4 141
137 6 4 5
137 6 4 137
137 6 4 138
137 6 4 76
137 6 4 10
137 6 4 69
137 6 4 151
137 6 4 13
137 6 5 7
137 6 5 86
137 6 5 155
137 6 5 84
137 6 5 2
137 6 5 114
137 6 5 159
137 6 5 142
137 6 5 2
137 6 5 109
137 6 5 151
137 6 5 138
137 6 5 10
137 6 5 89
137 6 5 146
137 6 5 75
137 6 5 10
137 6 5 91
137 6 5 137
137 6 5 89
137 6 6 2
137 6 6 108
137 6 6 159
137 6 6 13
137 6 6 9
137 6 6 121
137 6 6 152
137 6 6 115
137 6 6 3
137 6 6 74
137 6 6 137
137 6 6 9
137 6 6 1
137 6 6 110
137 6 6 144
137 6 6 136
137 6 6 7
137 6 6 88
137 6 6 148
137 6 6 112
137 6 7 8
137 6 7 94
137 6 7 145
137 6 7 62
137 6 7 1
137 6 7 106
137 6 7 145
137 6 7 152
137 6 7 6
137 6 7 93
137 6 7 138
137 6 7 3
137 6 7 9
137 6 7 132
137 6 7 152
137 6 7 142
137 6 7 6
137 6 7 68
137 6 7 146
137 6 7 90
137 6 8 7
137 6 8 93
137 6 8 142
137 6 8 4
137 6 8 10
137 6 8 114
137 6 8 158
137 6 8 146
137 6 8 2
137 6 8 75
137 6 8 146
137 6 8 41
137 6 8 7
137 6 8 98
137 6 8 159
137 6 8 10
137 6 8 2
137 6 8 101
137 6 8 146
137 6 8 137
137 6 9 8
137 6 9 94
137 6 9 145
137 6 9 65
137 6 9 8
137 6 9 135
137 6 9 160
137 6 9 135
137 6 9 5
137 6 9 102
137 6 9 150
137 6 9 139
137 6 9 8
137 6 9 109
137 6 9 151
137 6 9 102
137 6 9 3
137 6 9 73
137 6 9 154
137 6 9 56
137 6 10 9
137 6 10 128
137 6 10 141
137 6 10 60
137 6 10 2
137 6 10 96
137 6 10 152
137 6 10 63
137 6 10 7
137 6 10 126
137 6 10 152
137 6 10 138
137 6 10 8
137 6 10 136
137 6 10 150
137 6 10 11
137 6 10 1
137 6 10 84
137 6 10 155
137 6 10 160
137 6 11 1
137 6 11 77
137 6 11 157
137 6 11 133
137 6 11 9
137 6 11 71
137 6 11 160
137 6 11 122
137 6 11 1
137 6 11 98
137 6 11 150
137 6 11 111
137 6 11 7
137 6 11 126
137 6 11 143
137 6 11 37
137 6 11 3
137 6 11 81
137 6 11 148
137 6 11 92
137 6 12 8
137 6 12 129
137 6 12 160
137 6 12 18
137 6 12 6
137 6 12 94
137 6 12 139
137 6 12 68
137 6 12 1
137 6 12 126
137 6 12 148
137 6 12 140
137 6 12 5
137 6 12 130
137 6 12 154
137 6 12 67
137 6 12 6
137 6 12 82
137 6 12 156
137 6 12 67
137 6 13 5
137 6 13 108
137 6 13 152
137 6 13 24
137 6 13 9
137 6 13 94
137 6 13 146
137 6 13 123
137 6 13 3
137 6 13 117
137 6 13 157
137 6 13 83
137 6 13 6
137 6 13 74
137 6 13 149
137 6 13 19
137 6 13 4
137 6 13 133
137 6 13 158
137 6 13 49
137 6 14 7
137 6 14 135
137 6 14 153
137 6 14 77
137 6 14 9
137 6 14 110
137 6 14 156
137 6 14 123
137 6 14 2
137 6 14 94
137 6 14 139
137 6 14 156
137 6 14 10
137 6 14 131
137 6 14 141
137 6 14 41
137 6 14 7
137 6 14 126
137 6 14 159
137 6 14 151
137 7 1 2
137 7 1 92
137 7 1 146
137 7 1 48
137 7 1 2
137 7 1 75
137 7 1 150
137 7 1 119
137 7 1 6
137 7 1 85
137 7 1 149
137 7 1 105
137 7 1 10
137 7 1 69
137 7 1 154
137 7 1 103
137 7 1 2
137 7 1 126
137 7 1 141
137 7 1 132
137 7 2 1
137 7 2 129
137 7 2 154
137 7 2 123
137 7 2 6
137 7 2 74
137 7 2 156
137 7 2 101
137 7 2 7
137 7 2 72
137 7 2 143
137 7 2 24
137 7 2 1
137 7 2 90
137 7 2 140
137 7 2 122
137 7 2 1
137 7 2 89
137 7 2 140
137 7 2 69
137 7 3 4
137 7 3 117
137 7 3 141
137 7 3 8
137 7 3 6
137 7 3 73
137 7 3 143
137 7 3 75
137 7 3 7
137 7 3 135
137 7 3 147
137 7 3 26
137 7 3 7
137 7 3 92
137 7 3 137
137 7 3 72
137 7 3 6
137 7 3 132
137 7 3 155
137 7 3 60
137 7 4 2
137 7 4 69
137 7 4 148
137 7 4 75
137 7 4 3
137 7 4 101
137 7 4 141
137 7 4 63
137 7 4 2
137 7 4 103
137 7 4 146
137 7 4 86
137 7 4 4
137 7 4 127
137 7 4 147
137 7 4 20
137 7 4 8
137 7 4 75
137 7 4 148
137 7 4 66
137 7 5 10
137 7 5 87
137 7 5 158
137 7 5 121
137 7 5 4
137 7 5 83
137 7 5 155
137 7 5 140
137 7 5 7
137 7 5 104
137 7 5 158
137 7 5 111
137 7 5 6
137 7 5 122
137 7 5 148
137 7 5 112
137 7 5 7
137 7 5 117
137 7 5 142
137 7 5 38
137 7 6 8
137 7 6 122
137 7 6 138
137 7 6 131
137 7 6 7
137 7 6 74
137 7 6 145
137 7 6 23
137 7 6 10
137 7 6 86
137 7 6 141
137 7 6 1
137 7 6 6
137 7 6 117
137 7 6 156
137 7 6 107
137 7 6 6
137 7 6 101
137 7 6 147
137 7 6 48
137 7 7 8
137 7 7 112
137 7 7 157
137 7 7 22
137 7 7 2
137 7 7 71
137 7 7 142
137 7 7 97
137 7 7 4
137 7 7 69
137 7 7 151
137 7 7 157
137 7 7 4
137 7 7 137
137 7 7 150
137 7 7 6
137 7 7 1
137 7 7 81
137 7 7 150
137 7 7 12
137 7 8 1
137 7 8 117
137 7 8 156
137 7 8 27
137 7 8 3
137 7 8 108
137 7 8 156
137 7 8 94
137 7 8 7
137 7 8 128
137 7 8 155
137 7 8 121
137 7 8 7
137 7 8 107
137 7 8 140
137 7 8 87
137 7 8 6
137 7 8 113
137 7 8 140
137 7 8 35
137 7 9 9
137 7 9 91
137 7 9 141
137 7 9 73
137 7 9 2
137 7 9 72
137 7 9 150
137 7 9 45
137 7 9 8
137 7 9 122
137 7 9 156
137 7 9 32
137 7 9 9
137 7 9 132
137 7 9 155
137 7 9 57
137 7 9 4
137 7 9 129
137 7 9 140
137 7 9 65
137 7 10 2
137 7 10 92
137 7 10 154
137 7 10 37
137 7 10 8
137 7 10 115
137 7 10 150
137 7 10 19
137 7 10 5
137 7 10 79
137 7 10 158
137 7 10 69
137 7 10 3
137 7 10 109
137 7 10 141
137 7 10 16
137 7 10 6
137 7 10 78
137 7 10 149
137 7 10 98
137 7 11 6
137 7 11 110
137 7 11 153
137 7 11 41
137 7 11 1
137 7 11 88
137 7 11 148
137 7 11 51
137 7 11 5
137 7 11 120
137 7 11 152
137 7 11 93
137 7 11 8
137 7 11 132
137 7 11 149
137 7 11 93
137 7 11 5
137 7 11 96
137 7 11 151
137 7 11 61
137 7 12 2
137 7 12 118
137 7 12 160
137 7 12 51
137 7 12 10
137 7 12 98
137 7 12 144
137 7 12 83
137 7 12 1
137 7 12 71
137 7 12 139
137 7 12 81
137 7 12 8
137 7 12 68
137 7 12 158
137 7 12 133
137 7 12 1
137 7 12 101
137 7 12 157
137 7 12 14
137 7 13 7
137 7 13 110
137 7 13 145
137 7 13 91
137 7 13 2
137 7 13 103
137 7 13 148
137 7 13 104
137 7 13 10
137 7 13 129
137 7 13 147
137 7 13 75
137 7 13 3
137 7 13 126
137 7 13 148
137 7 13 154
137 7 13 2
137 7 13 134
137 7 13 153
137 7 13 47
137 7 14 7
137 7 14 128
137 7 14 137
137 7 14 26
137 7 14 3
137 7 14 125
137 7 14 155
137 7 14 133
137 7 14 6
137 7 14 136
137 7 14 146
137 7 14 121
137 7 14 4
137 7 14 104
137 7 14 138
137 7 14 9
137 7 14 6
137 7 14 110
137 7 14 156
137 7 14 91
137 8 1 1
137 8 1 83
137 8 1 148
137 8 1 133
137 8 1 7
137 8 1 131
137 8 1 156
137 8 1 60
137 8 1 2
137 8 1 123
137 8 1 138
137 8 1 57
137 8 1 6
137 8 1 92
137 8 1 157
137 8 1 37
137 8 1 4
137 8 1 104
137 8 1 137
137 8 1 76
137 8 2 6
137 8 2 127
137 8 2 142
137 8 2 4
137 8 2 4
137 8 2 137
137 8 2 148
137 8 2 139
137 8 2 2
137 8 2 92
137 8 2 149
137 8 2 150
137 8 2 2
137 8 2 133
137 8 2 140
137 8 2 3
137 8 2 7
137 8 2 91
137 8 2 149
137 8 2 117
137 8 3 4
137 8 3 86
137 8 3 147
137 8 3 72
137 8 3 10
137 8 3 132
137 8 3 150
137 8 3 147
137 8 3 3
137 8 3 101
137 8 3 147
137 8 3 99
137 8 3 2
137 8 3 129
137 8 3 138
137 8 3 131
137 8 3 6
137 8 3 107
137 8 3 140
137 8 3 8
137 8 4 8
137 8 4 123
137 8 4 151
137 8 4 78
137 8 4 2
137 8 4 110
137 8 4 144
137 8 4 150
137 8 4 2
137 8 4 126
137 8 4 137
137 8 4 32
137 8 4 2
137 8 4 99
137 8 4 137
137 8 4 78
137 8 4 2
137 8 4 125
137 8 4 143
137 8 4 126
137 8 5 4
137 8 5 103
137 8 5 151
137 8 5 1
137 8 5 5
137 8 5 129
137 8 5 158
137 8 5 75
137 8 5 5
137 8 5 87
137 8 5 142
137 8 5 75
137 8 5 4
137 8 5 135
137 8 5 157
137 8 5 96
137 8 5 9
137 8 5 90
137 8 5 153
137 8 5 11
137 8 6 9
137 8 6 94
137 8 6 143
137 8 6 117
137 8 6 4
137 8 6 76
137 8 6 159
137 8 6 148
137 8 6 6
137 8 6 127
137 8 6 149
137 8 6 85
137 8 6 4
137 8 6 80
137 8 6 144
137 8 6 35
137 8 6 4
137 8 6 91
137 8 6 155
137 8 6 100
137 8 7 3
137 8 7 98
137 8 7 141
137 8 7 27
137 8 7 6
137 8 7 96
137 8 7 137
137 8 7 12
137 8 7 6
137 8 7 109
137 8 7 149
137 8 7 145
137 8 7 2
137 8 7 88
137 8 7 139
137 8 7 110
137 8 7 10
137 8 7 126
137 8 7 160
137 8 7 97
137 8 8 5
137 8 8 131
137 8 8 146
137 8 8 117
137 8 8 9
137 8 8 84
137 8 8 157
137 8 8 104
137 8 8 9
137 8 8 136
137 8 8 157
137 8 8 53
137 8 8 2
137 8 8 121
137 8 8 155
137 8 8 99
137 8 8 8
137 8 8 75
137 8 8 148
137 8 8 127
137 8 9 5
137 8 9 105
137 8 9 151
137 8 9 18
137 8 9 7
137 8 9 94
137 8 9 156
137 8 9 108
137 8 9 4
137 8 9 78
137 8 9 142
137 8 9 57
137 8 9 7
137 8 9 114
137 8 9 142
137 8 9 146
137 8 9 3
137 8 9 133
137 8 9 150
137 8 9 17
137 8 10 8
137 8 10 109
137 8 10 148
137 8 10 114
137 8 10 9
137 8 10 116
137 8 10 154
137 8 10 150
137 8 10 4
137 8 10 132
137 8 10 142
137 8 10 70
137 8 10 8
137 8 10 128
137 8 10 149
137 8 10 135
137 8 10 6
137 8 10 91
137 8 10 159
137 8 10 127
137 8 11 1
137 8 11 92
137 8 11 144
137 8 11 69
137 8 11 10
137 8 11 83
137 8 11 159
137 8 11 107
137 8 11 9
137 8 11 88
137 8 11 145
137 8 11 73
137 8 11 1
137 8 11 103
137 8 11 155
137 8 11 26
137 8 11 1
137 8 11 132
137 8 11 140
137 8 11 76
137 8 12 2
137 8 12 88
137 8 12 158
137 8 12 34
137 8 12 7
137 8 12 99
137 8 12 149
137 8 12 3
137 8 12 4
137 8 12 82
137 8 12 150
137 8 12 159
137 8 12 7
137 8 12 117
137 8 12 157
137 8 12 31
137 8 12 6
137 8 12 109
137 8 12 148
137 8 12 94
137 8 13 10
137 8 13 74
137 8 13 160
137 8 13 140
137 8 13 7
137 8 13 135
137 8 13 143
137 8 13 58
137 8 13 7
137 8 13 131
137 8 13 141
137 8 13 145
137 8 13 2
137 8 13 68
137 8 13 141
137 8 13 65
137 8 13 4
137 8 13 135
137 8 13 137
137 8 13 81
137 8 14 1
137 8 14 123
137 8 14 157
137 8 14 131
137 8 14 9
137 8 14 100
137 8 14 141
137 8 14 13
137 8 14 2
137 8 14 110
137 8 14 143
137 8 14 93
137 8 14 10
137 8 14 93
137 8 14 156
137 8 14 85
137 8 14 4
137 8 14 123
137 8 14 143
137 8 14 147
137 9 1 4
137 9 1 94
137 9 1 153
137 9 1 30
137 9 1 5
137 9 1 111
137 9 1 143
137 9 1 65
137 9 1 9
137 9 1 80
137 9 1 154
137 9 1 33
137 9 1 4
137 9 1 128
137 9 1 145
137 9 1 44
137 9 1 4
137 9 1 89
137 9 1 141
137 9 1 120
137 9 2 7
137 9 2 113
137 9 2 152
137 9 2 91
137 9 2 7
137 9 2 87
137 9 2 150
137 9 2 45
137 9 2 9
137 9 2 86
137 9 2 143
137 9 2 18
137 9 2 5
137 9 2 113
137 9 2 149
137 9 2 12
137 9 2 5
137 9 2 94
137 9 2 140
137 9 2 21
137 9 3 1
137 9 3 98
137 9 3 143
137 9 3 69
137 9 3 9
137 9 3 103
137 9 3 140
137 9 3 67
137 9 3 6
137 9 3 77
137 9 3 157
137 9 3 70
137 9 3 9
137 9 3 98
137 9 3 138
137 9 3 56
137 9 3 7
137 9 3 132
137 9 3 157
137 9 3 84
137 9 4 1
137 9 4 111
137 9 4 140
137 9 4 88
137 9 4 1
137 9 4 105
137 9 4 160
137 9 4 35
137 9 4 2
137 9 4 76
137 9 4 142
137 9 4 75
137 9 4 8
137 9 4 102
137 9 4 142
137 9 4 147
137 9 4 1
137 9 4 123
137 9 4 159
137 9 4 155
137 9 5 9
137 9 5 127
137 9 5 160
137 9 5 44
137 9 5 5
137 9 5 126
137 9 5 143
137 9 5 16
137 9 5 7
137 9 5 134
137 9 5 138
137 9 5 117
137 9 5 7
137 9 5 123
137 9 5 151
137 9 5 73
137 9 5 8
137 9 5 74
137 9 5 160
137 9 5 120
137 9 6 8
137 9 6 93
137 9 6 158
137 9 6 154
137 9 6 6
137 9 6 136
137 9 6 138
137 9 6 127
137 9 6 10
137 9 6 72
137 9 6 149
137 9 6 83
137 9 6 8
137 9 6 80
137 9 6 148
137 9 6 137
137 9 6 7
137 9 6 123
137 9 6 140
137 9 6 46
137 9 7 1
137 9 7 100
137 9 7 153
137 9 7 8
137 9 7 7
137 9 7 85
137 9 7 148
137 9 7 149
137 9 7 1
137 9 7 123
137 9 7 150
137 9 7 17
137 9 7 1
137 9 7 90
137 9 7 153
137 9 7 125
137 9 7 8
137 9 7 124
137 9 7 147
137 9 7 132
137 9 8 1
137 9 8 93
137 9 8 148
137 9 8 66
137 9 8 6
137 9 8 80
137 9 8 142
137 9 8 109
137 9 8 4
137 9 8 97
137 9 8 149
137 9 8 30
137 9 8 3
137 9 8 124
137 9 8 156
137 9 8 39
137 9 8 5
137 9 8 121
137 9 8 137
137 9 8 62
137 9 9 2
137 9 9 128
137 9 9 147
137 9 9 84
137 9 9 5
137 9 9 97
137 9 9 145
137 9 9 125
137 9 9 8
137 9 9 109
137 9 9 147
137 9 9 100
137 9 9 7
137 9 9 73
137 9 9 142
137 9 9 96
137 9 9 1
137 9 9 127
137 9 9 144
137 9 9 134
137 9 10 7
137 9 10 128
137 9 10 160
137 9 10 126
137 9 10 9
137 9 10 136
137 9 10 144
137 9 10 20
137 9 10 1
137 9 10 98
137 9 10 154
137 9 10 3
137 9 10 5
137 9 10 93
137 9 10 159
137 9 10 31
137 9 10 10
137 9 10 98
137 9 10 144
137 9 10 2
137 9 11 10
137 9 11 125
137 9 11 157
137 9 11 49
137 9 11 6
137 9 11 114
137 9 11 150
137 9 11 30
137 9 11 4
137 9 11 70
137 9 11 147
137 9 11 1
137 9 11 10
137 9 11 132
137 9 11 145
137 9 11 88
137 9 11 7
137 9 11 85
137 9 11 145
137 9 11 131
137 9 12 3
137 9 12 120
137 9 12 157
137 9 12 121
137 9 12 5
137 9 12 126
137 9 12 153
137 9 12 125
137 9 12 3
137 9 12 94
137 9 12 148
137 9 12 140
137 9 12 9
137 9 12 81
137 9 12 144
137 9 12 55
137 9 12 8
137 9 12 110
137 9 12 139
137 9 12 30
137 9 13 4
137 9 13 68
137 9 13 137
137 9 13 88
137 9 13 7
137 9 13 112
137 9 13 154
137 9 13 93
137 9 13 9
137 9 13 112
137 9 13 152
137 9 13 24
137 9 13 6
137 9 13 77
137 9 13 155
137 9 13 44
137 9 13 3
137 9 13 106
137 9 13 156
137 9 13 135
137 9 14 7
137 9 14 133
137 9 14 149
137 9 14 43
137 9 14 4
137 9 14 137
137 9 14 153
137 9 14 103
137 9 14 4
137 9 14 103
137 9 14 150
137 9 14 113
137 9 14 6
137 9 14 82
137 9 14 149
137 9 14 70
137 9 14 2
137 9 14 76
137 9 14 144
137 9 14 122
137 10 1 2
137 10 1 92
137 10 1 153
137 10 1 144
137 10 1 9
137 10 1 122
137 10 1 152
137 10 1 103
137 10 1 9
137 10 1 91
137 10 1 138
137 10 1 47
137 10 1 6
137 10 1 131
137 10 1 148
137 10 1 127
137 10 1 1
137 10 1 74
137 10 1 137
137 10 1 9
137 10 2 3
137 10 2 96
137 10 2 137
137 10 2 154
137 10 2 4
137 10 2 75
137 10 2 158
137 10 2 3
137 10 2 1
137 10 2 109
137 10 2 138
137 10 2 22
137 10 2 9
137 10 2 75
137 10 2 140
137 10 2 116
137 10 2 1
137 10 2 70
137 10 2 141
137 10 2 16
137 10 3 4
137 10 3 91
137 10 3 150
137 10 3 89
137 10 3 9
137 10 3 126
137 10 3 150
137 10 3 108
137 10 3 9
137 10 3 88
137 10 3 158
137 10 3 116
137 10 3 4
137 10 3 118
137 10 3 155
137 10 3 7
137 10 3 4
137 10 3 104
137 10 3 146
137 10 3 41
137 10 4 8
137 10 4 116
137 10 4 137
137 10 4 2
137 10 4 4
137 10 4 72
137 10 4 145
137 10 4 11
137 10 4 3
137 10 4 83
137 10 4 142
137 10 4 31
137 10 4 1
137 10 4 110
137 10 4 148
137 10 4 41
137 10 4 7
137 10 4 84
137 10 4 148
137 10 4 21
137 10 5 5
137 10 5 118
137 10 5 159
137 10 5 144
137 10 5 6
137 10 5 86
137 10 5 158
137 10 5 57
137 10 5 9
137 10 5 84
137 10 5 153
137 10 5 159
137 10 5 9
137 10 5 96
137 10 5 150
137 10 5 41
137 10 5 9
137 10 5 128
137 10 5 145
137 10 5 33
137 10 6 1
137 10 6 70
137 10 6 144
137 10 6 56
137 10 6 9
137 10 6 121
137 10 6 138
137 10 6 13
137 10 6 1
137 10 6 69
137 10 6 154
137 10 6 16
137 10 6 3
137 10 6 119
137 10 6 154
137 10 6 36
137 10 6 6
137 10 6 85
137 10 6 141
137 10 6 136
137 10 7 1
137 10 7 136
137 10 7 142
137 10 7 92
137 10 7 6
137 10 7 92
137 10 7 140
137 10 7 112
137 10 7 4
137 10 7 133
137 10 7 148
137 10 7 39
137 10 7 9
137 10 7 81
137 10 7 159
137 10 7 67
137 10 7 10
137 10 7 88
137 10 7 156
137 10 7 72
137 10 8 9
137 10 8 102
137 10 8 152
137 10 8 18
137 10 8 5
137 10 8 71
137 10 8 157
137 10 8 149
137 10 8 6
137 10 8 73
137 10 8 147
137 10 8 96
137 10 8 9
137 10 8 78
137 10 8 139
137 10 8 108
137 10 8 6
137 10 8 125
137 10 8 151
137 10 8 21
137 10 9 5
137 10 9 128
137 10 9 153
137 10 9 78
137 10 9 3
137 10 9 110
137 10 9 145
137 10 9 17
137 10 9 4
137 10 9 93
137 10 9 147
137 10 9 160
137 10 9 7
137 10 9 72
137 10 9 141
137 10 9 125
137 10 9 7
137 10 9 109
137 10 9 142
137 10 9 88
137 10 10 6
137 10 10 111
137 10 10 145
137 10 10 97
137 10 10 9
137 10 10 83
137 10 10 141
137 10 10 104
137 10 10 4
137 10 10 88
137 10 10 158
137 10 10 25
137 10 10 2
137 10 10 70
137 10 10 143
137 10 10 92
137 10 10 5
137 10 10 113
137 10 10 160
137 10 10 11
137 10 11 5
137 10 11 132
137 10 11 151
137 10 11 154
137 10 11 2
137 10 11 99
137 10 11 140
137 10 11 111
137 10 11 8
137 10 11 106
137 10 11 155
137 10 11 154
137 10 11 4
137 10 11 120
137 10 11 158
137 10 11 144
137 10 11 5
137 10 11 126
137 10 11 137
137 10 11 22
137 10 12 4
137 10 12 113
137 10 12 141
137 10 12 99
137 10 12 6
137 10 12 127
137 10 12 160
137 10 12 16
137 10 12 9
137 10 12 91
137 10 12 153
137 10 12 81
137 10 12 1
137 10 12 121
137 10 12 159
137 10 12 91
137 10 12 5
137 10 12 102
137 10 12 148
137 10 12 31
137 10 13 6
137 10 13 110
137 10 13 144
137 10 13 115
137 10 13 6
137 10 13 69
137 10 13 160
137 10 13 80
137 10 13 6
137 10 13 99
137 10 13 144
137 10 13 133
137 10 13 5
137 10 13 132
137 10 13 148
137 10 13 81
137 10 13 9
137 10 13 87
137 10 13 156
137 10 13 142
137 10 14 1
137 10 14 122
137 10 14 150
137 10 14 81
137 10 14 4
137 10 14 71
137 10 14 158
137 10 14 144
137 10 14 3
137 10 14 111
137 10 14 143
137 10 14 113
137 10 14 9
137 10 14 71
137 10 14 137
137 10 14 45
137 10 14 1
137 10 14 117
137 10 14 150
137 10 14 64
137 11 1 1
137 11 1 137
137 11 1 138
137 11 1 129
137 11 1 10
137 11 1 74
137 11 1 156
137 11 1 8
137 11 1 6
137 11 1 100
137 11 1 137
137 11 1 130
137 11 1 1
137 11 1 121
137 11 1 144
137 11 1 79
137 11 1 10
137 11 1 68
137 11 1 154
137 11 1 4
137 11 2 4
137 11 2 137
137 11 2 153
137 11 2 72
137 11 2 8
137 11 2 99
137 11 2 141
137 11 2 141
137 11 2 1
137 11 2 105
137 11 2 158
137 11 2 93
137 11 2 6
137 11 2 113
137 11 2 139
137 11 2 21
137 11 2 6
137 11 2 68
137 11 2 141
137 11 2 49
137 11 3 1
137 11 3 130
137 11 3 144
137 11 3 90
137 11 3 5
137 11 3 79
137 11 3 153
137 11 3 45
137 11 3 5
137 11 3 83
137 11 3 158
137 11 3 19
137 11 3 3
137 11 3 125
137 11 3 149
137 11 3 45
137 11 3 9
137 11 3 131
137 11 3 158
137 11 3 6
137 11 4 5
137 11 4 71
137 11 4 149
137 11 4 5
137 11 4 1
137 11 4 101
137 11 4 156
137 11 4 18
137 11 4 10
137 11 4 116
137 11 4 158
137 11 4 40
137 11 4 2
137 11 4 80
137 11 4 154
137 11 4 89
137 11 4 7
137 11 4 118
137 11 4 146
137 11 4 32
137 11 5 9
137 11 5 88
137 11 5 137
137 11 5 73
137 11 5 9
137 11 5 81
137 11 5 142
137 11 5 104
137 11 5 9
137 11 5 130
137 11 5 149
137 11 5 77
137 11 5 2
137 11 5 120
137 11 5 146
137 11 5 105
137 11 5 9
137 11 5 91
137 11 5 144
137 11 5 2
137 11 6 6
137 11 6 120
137 11 6 149
137 11 6 3
137 11 6 2
137 11 6 110
137 11 6 155
137 11 6 104
137 11 6 2
137 11 6 95
137 11 6 156
137 11 6 34
137 11 6 7
137 11 6 79
137 11 6 148
137 11 6 94
137 11 6 2
137 11 6 89
137 11 6 156
137 11 6 11
137 11 7 1
137 11 7 76
137 11 7 148
137 11 7 97
137 11 7 5
137 11 7 78
137 11 7 139
137 11 7 7
137 11 7 6
137 11 7 123
137 11 7 150
137 11 7 96
137 11 7 3
137 11 7 77
137 11 7 145
137 11 7 135
137 11 7 2
137 11 7 86
137 11 7 145
137 11 7 80
137 11 8 1
137 11 8 80
137 11 8 137
137 11 8 34
137 11 8 9
137 11 8 82
137 11 8 138
137 11 8 94
137 11 8 3
137 11 8 115
137 11 8 148
137 11 8 84
137 11 8 3
137 11 8 98
137 11 8 142
137 11 8 95
137 11 8 4
137 11 8 136
137 11 8 160
137 11 8 137
137 11 9 1
137 11 9 136
137 11 9 154
137 11 9 134
137 11 9 3
137 11 9 86
137 11 9 143
137 11 9 140
137 11 9 1
137 11 9 123
137 11 9 146
137 11 9 22
137 11 9 1
137 11 9 89
137 11 9 145
137 11 9 21
137 11 9 7
137 11 9 114
137 11 9 148
137 11 9 49
137 11 10 6
137 11 10 119
137 11 10 159
137 11 10 124
137 11 10 8
137 11 10 70
137 11 10 148
137 11 10 62
137 11 10 8
137 11 10 80
137 11 10 155
137 11 10 13
137 11 10 4
137 11 10 123
137 11 10 145
137 11 10 6
137 11 10 1
137 11 10 112
137 11 10 146
137 11 10 65
137 11 11 9
137 11 11 79
137 11 11 156
137 11 11 94
137 11 11 9
137 11 11 112
137 11 11 154
137 11 11 9
137 11 11 5
137 11 11 130
137 11 11 160
137 11 11 140
137 11 11 1
137 11 11 112
137 11 11 146
137 11 11 119
137 11 11 7
137 11 11 111
137 11 11 152
137 11 11 90
137 11 12 7
137 11 12 119
137 11 12 141
137 11 12 107
137 11 12 9
137 11 12 119
137 11 12 148
137 11 12 62
137 11 12 5
137 11 12 108
137 11 12 142
137 11 12 147
137 11 12 9
137 11 12 124
137 11 12 142
137 11 12 15
137 11 12 3
137 11 12 136
137 11 12 145
137 11 12 77
137 11 13 8
137 11 13 109
137 11 13 147
137 11 13 149
137 11 13 4
137 11 13 71
137 11 13 150
137 11 13 154
137 11 13 8
137 11 13 73
137 11 13 137
137 11 13 23
137 11 13 9
137 11 13 68
137 11 13 151
137 11 13 38
137 11 13 9
137 11 13 90
137 11 13 154
137 11 13 8
137 11 14 4
137 11 14 105
137 11 14 156
137 11 14 36
137 11 14 8
137 11 14 87
137 11 14 157
137 11 14 114
137 11 14 3
137 11 14 85
137 11 14 139
137 11 14 68
137 11 14 8
137 11 14 83
137 11 14 158
137 11 14 28
137 11 14 10
137 11 14 99
137 11 14 140
137 11 14 145
137 12 1 10
137 12 1 116
137 12 1 148
137 12 1 90
137 12 1 10
137 12 1 137
137 12 1 147
137 12 1 134
137 12 1 1
137 12 1 111
137 12 1 139
137 12 1 40
137 12 1 10
137 12 1 128
137 12 1 148
137 12 1 58
137 12 1 9
137 12 1 105
137 12 1 140
137 12 1 131
137 12 2 2
137 12 2 114
137 12 2 157
137 12 2 48
137 12 2 6
137 12 2 68
137 12 2 148
137 12 2 158
137 12 2 5
137 12 2 86
137 12 2 159
137 12 2 144
137 12 2 8
137 12 2 105
137 12 2 156
137 12 2 124
137 12 2 8
137 12 2 88
137 12 2 159
137 12 2 13
137 12 3 1
137 12 3 71
137 12 3 138
137 12 3 28
137 12 3 10
137 12 3 119
137 12 3 150
137 12 3 118
137 12 3 10
137 12 3 86
137 12 3 150
137 12 3 56
137 12 3 4
137 12 3 103
137 12 3 145
137 12 3 153
137 12 3 4
137 12 3 116
137 12 3 151
137 12 3 143
137 12 4 3
137 12 4 76
137 12 4 144
137 12 4 118
137 12 4 1
137 12 4 134
137 12 4 159
137 12 4 54
137 12 4 9
137 12 4 101
137 12 4 154
137 12 4 89
137 12 4 6
137 12 4 127
137 12 4 147
137 12 4 82
137 12 4 5
137 12 4 95
137 12 4 156
137 12 4 70
137 12 5 10
137 12 5 87
137 12 5 142
137 12 5 156
137 12 5 4
137 12 5 75
137 12 5 149
137 12 5 110
137 12 5 4
137 12 5 97
137 12 5 147
137 12 5 145
137 12 5 9
137 12 5 103
137 12 5 139
137 12 5 34
137 12 5 3
137 12 5 70
137 12 5 152
137 12 5 59
137 12 6 4
137 12 6 82
137 12 6 148
137 12 6 108
137 12 6 2
137 12 6 101
137 12 6 160
137 12 6 87
137 12 6 7
137 12 6 109
137 12 6 157
137 12 6 32
137 12 6 5
137 12 6 98
137 12 6 152
137 12 6 36
137 12 6 5
137 12 6 74
137 12 6 148
137 12 6 130
137 12 7 3
137 12 7 92
137 12 7 155
137 12 7 156
137 12 7 4
137 12 7 90
137 12 7 156
137 12 7 72
137 12 7 5
137 12 7 112
137 12 7 146
137 12 7 108
137 12 7 6
137 12 7 113
137 12 7 150
137 12 7 97
137 12 7 9
137 12 7 115
137 12 7 150
137 12 7 147
137 12 8 3
137 12 8 110
137 12 8 145
137 12 8 131
137 12 8 1
137 12 8 119
137 12 8 141
137 12 8 143
137 12 8 4
137 12 8 72
137 12 8 149
137 12 8 134
137 12 8 8
137 12 8 126
137 12 8 144
137 12 8 124
137 12 8 8
137 12 8 135
137 12 8 153
137 12 8 15
137 12 9 5
137 12 9 74
137 12 9 142
137 12 9 86
137 12 9 9
137 12 9 105
137 12 9 149
137 12 9 69
137 12 9 9
137 12 9 72
137 12 9 140
137 12 9 33
137 12 9 7
137 12 9 104
137 12 9 149
137 12 9 62
137 12 9 10
137 12 9 130
137 12 9 155
137 12 9 159
137 12 10 2
137 12 10 102
137 12 10 157
137 12 10 157
137 12 10 9
137 12 10 88
137 12 10 140
137 12 10 104
137 12 10 5
137 12 10 68
137 12 10 158
137 12 10 45
137 12 10 6
137 12 10 98
137 12 10 155
137 12 10 132
137 12 10 3
137 12 10 137
137 12 10 148
137 12 10 78
137 12 11 1
137 12 11 116
137 12 11 141
137 12 11 79
137 12 11 2
137 12 11 96
137 12 11 153
137 12 11 63
137 12 11 10
137 12 11 100
137 12 11 160
137 12 11 27
137 12 11 2
137 12 11 81
137 12 11 155
137 12 11 133
137 12 11 8
137 12 11 121
137 12 11 152
137 12 11 5
137 12 12 10
137 12 12 128
137 12 12 146
137 12 12 68
137 12 12 3
137 12 12 124
137 12 12 153
137 12 12 36
137 12 12 10
137 12 12 82
137 12 12 154
137 12 12 23
137 12 12 5
137 12 12 81
137 12 12 152
137 12 12 150
137 12 12 2
137 12 12 126
137 12 12 149
137 12 12 132
137 12 13 5
137 12 13 114
137 12 13 146
137 12 13 54
137 12 13 4
137 12 13 88
137 12 13 156
137 12 13 53
137 12 13 8
137 12 13 93
137 12 13 139
137 12 13 25
137 12 13 10
137 12 13 69
137 12 13 140
137 12 13 108
137 12 13 2
137 12 13 104
137 12 13 146
137 12 13 119
137 12 14 8
137 12 14 117
137 12 14 159
137 12 14 107
137 12 14 8
137 12 14 118
137 12 14 143
137 12 14 33
137 12 14 10
137 12 14 95
137 12 14 153
137 12 14 94
137 12 14 7
137 12 14 84
137 12 14 141
137 12 14 66
137 12 14 6
137 12 14 70
137 12 14 146
137 12 14 35
137 13 1 3
137 13 1 86
137 13 1 160
137 13 1 96
137 13 1 2
137 13 1 116
137 13 1 137
137 13 1 13
137 13 1 4
137 13 1 110
137 13 1 160
137 13 1 32
137 13 1 1
137 13 1 101
137 13 1 146
137 13 1 89
137 13 1 2
137 13 1 123
137 13 1 143
137 13 1 11
137 13 2 4
137 13 2 120
137 13 2 138
137 13 2 18
137 13 2 2
137 13 2 130
137 13 2 142
137 13 2 109
137 13 2 10
137 13 2 72
137 13 2 138
137 13 2 151
137 13 2 7
137 13 2 133
137 13 2 146
137 13 2 6
137 13 2 9
137 13 2 114
137 13 2 158
137 13 2 53
137 13 3 8
137 13 3 87
137 13 3 160
137 13 3 82
137 13 3 10
137 13 3 83
137 13 3 139
137 13 3 141
137 13 3 2
137 13 3 122
137 13 3 152
137 13 3 114
137 13 3 9
137 13 3 80
137 13 3 137
137 13 3 78
137 13 3 7
137 13 3 70
137 13 3 154
137 13 3 15
137 13 4 10
137 13 4 76
137 13 4 160
137 13 4 39
137 13 4 3
137 13 4 123
137 13 4 141
137 13 4 57
137 13 4 7
137 13 4 98
137 13 4 146
137 13 4 106
137 13 4 5
137 13 4 112
137 13 4 153
137 13 4 90
137 13 4 10
137 13 4 107
137 13 4 137
137 13 4 57
137 13 5 7
137 13 5 105
137 13 5 145
137 13 5 21
137 13 5 10
137 13 5 108
137 13 5 148
137 13 5 40
137 13 5 4
137 13 5 75
137 13 5 159
137 13 5 100
137 13 5 8
137 13 5 79
137 13 5 145
137 13 5 111
137 13 5 4
137 13 5 71
137 13 5 146
137 13 5 10
137 13 6 6
137 13 6 101
137 13 6 154
137 13 6 2
137 13 6 10
137 13 6 97
137 13 6 156
137 13 6 47
137 13 6 5
137 13 6 116
137 13 6 154
137 13 6 158
137 13 6 10
137 13 6 78
137 13 6 144
137 13 6 145
137 13 6 7
137 13 6 83
137 13 6 139
137 13 6 33
137 13 7 4
137 13 7 75
137 13 7 146
137 13 7 112
137 13 7 6
137 13 7 109
137 13 7 142
137 13 7 102
137 13 7 1
137 13 7 95
137 13 7 155
137 13 7 89
137 13 7 10
137 13 7 136
137 13 7 139
137 13 7 60
137 13 7 6
137 13 7 87
137 13 7 150
137 13 7 29
137 13 8 3
137 13 8 77
137 13 8 156
137 13 8 70
137 13 8 4
137 13 8 118
137 13 8 154
137 13 8 125
137 13 8 2
137 13 8 99
137 13 8 137
137 13 8 113
137 13 8 8
137 13 8 105
137 13 8 148
137 13 8 141
137 13 8 5
137 13 8 114
137 13 8 144
137 13 8 28
137 13 9 1
137 13 9 104
137 13 9 148
137 13 9 61
137 13 9 2
137 13 9 93
137 13 9 143
137 13 9 7
137 13 9 3
137 13 9 103
137 13 9 150
137 13 9 140
137 13 9 3
137 13 9 109
137 13 9 139
137 13 9 113
137 13 9 9
137 13 9 100
137 13 9 142
137 13 9 27
137 13 10 1
137 13 10 97
137 13 10 143
137 13 10 82
137 13 10 5
137 13 10 81
137 13 10 146
137 13 10 97
137 13 10 9
137 13 10 136
137 13 10 142
137 13 10 72
137 13 10 8
137 13 10 125
137 13 10 155
137 13 10 65
137 13 10 10
137 13 10 71
137 13 10 147
137 13 10 132
137 13 11 8
137 13 11 108
137 13 11 160
137 13 11 59
137 13 11 7
137 13 11 126
137 13 11 147
137 13 11 130
137 13 11 10
137 13 11 78
137 13 11 152
137 13 11 141
137 13 11 10
137 13 11 89
137 13 11 152
137 13 11 25
137 13 11 10
137 13 11 88
137 13 11 140
137 13 11 117
137 13 12 9
137 13 12 73
137 13 12 157
137 13 12 140
137 13 12 5
137 13 12 87
137 13 12 154
137 13 12 116
137 13 12 6
137 13 12 119
137 13 12 148
137 13 12 20
137 13 12 8
137 13 12 107
137 13 12 153
137 13 12 127
137 13 12 10
137 13 12 108
137 13 12 151
137 13 12 6
137 13 13 5
137 13 13 102
137 13 13 142
137 13 13 34
137 13 13 3
137 13 13 119
137 13 13 143
137 13 13 3
137 13 13 5
137 13 13 94
137 13 13 151
137 13 13 87
137 13 13 10
137 13 13 73
137 13 13 143
137 13 13 134
137 13 13 2
137 13 13 82
137 13 13 152
137 13 13 26
137 13 14 6
137 13 14 73
137 13 14 144
137 13 14 61
137 13 14 2
137 13 14 81
137 13 14 144
137 13 14 69
137 13 14 7
137 13 14 132
137 13 14 148
137 13 14 133
137 13 14 2
137 13 14 89
137 13 14 159
137 13 14 6
137 13 14 2
137 13 14 133
137 13 14 159
137 13 14 140
137 14 1 9
137 14 1 121
137 14 1 159
137 14 1 72
137 14 1 6
137 14 1 105
137 14 1 149
137 14 1 31
137 14 1 6
137 14 1 133
137 14 1 156
137 14 1 69
137 14 1 10
137 14 1 104
137 14 1 147
137 14 1 72
137 14 1 8
137 14 1 119
137 14 1 153
137 14 1 39
137 14 2 8
137 14 2 74
137 14 2 141
137 14 2 45
137 14 2 7
137 14 2 86
137 14 2 152
137 14 2 145
137 14 2 6
137 14 2 109
137 14 2 140
137 14 2 5
137 14 2 6
137 14 2 95
137 14 2 159
137 14 2 133
137 14 2 9
137 14 2 115
137 14 2 150
137 14 2 43
137 14 3 3
137 14 3 91
137 14 3 144
137 14 3 142
137 14 3 10
137 14 3 75
137 14 3 143
137 14 3 63
137 14 3 6
137 14 3 81
137 14 3 139
137 14 3 106
137 14 3 3
137 14 3 127
137 14 3 156
137 14 3 99
137 14 3 4
137 14 3 137
137 14 3 147
137 14 3 134
137 14 4 7
137 14 4 129
137 14 4 150
137 14 4 111
137 14 4 6
137 14 4 121
137 14 4 144
137 14 4 139
137 14 4 6
137 14 4 135
137 14 4 149
137 14 4 82
137 14 4 1
137 14 4 81
137 14 4 158
137 14 4 153
137 14 4 8
137 14 4 86
137 14 4 152
137 14 4 36
137 14 5 5
137 14 5 116
137 14 5 140
137 14 5 44
137 14 5 5
137 14 5 98
137 14 5 145
137 14 5 55
137 14 5 5
137 14 5 113
137 14 5 148
137 14 5 60
137 14 5 7
137 14 5 103
137 14 5 153
137 14 5 148
137 14 5 5
137 14 5 121
137 14 5 150
137 14 5 106
137 14 6 2
137 14 6 108
137 14 6 152
137 14 6 21
137 14 6 5
137 14 6 88
137 14 6 149
137 14 6 135
137 14 6 5
137 14 6 96
137 14 6 158
137 14 6 96
137 14 6 7
137 14 6 72
137 14 6 153
137 14 6 47
137 14 6 7
137 14 6 119
137 14 6 150
137 14 6 96
137 14 7 8
137 14 7 86
137 14 7 156
137 14 7 47
137 14 7 6
137 14 7 92
137 14 7 160
137 14 7 80
137 14 7 2
137 14 7 128
137 14 7 153
137 14 7 151
137 14 7 10
137 14 7 104
137 14 7 156
137 14 7 143
137 14 7 6
137 14 7 91
137 14 7 148
137 14 7 77
137 14 8 8
137 14 8 130
137 14 8 150
137 14 8 11
137 14 8 1
137 14 8 98
137 14 8 156
137 14 8 152
137 14 8 4
137 14 8 125
137 14 8 148
137 14 8 122
137 14 8 2
137 14 8 127
137 14 8 148
137 14 8 114
137 14 8 9
137 14 8 93
137 14 8 154
137 14 8 5
137 14 9 10
137 14 9 108
137 14 9 145
137 14 9 156
137 14 9 2
137 14 9 73
137 14 9 144
137 14 9 92
137 14 9 8
137 14 9 113
137 14 9 156
137 14 9 23
137 14 9 5
137 14 9 126
137 14 9 155
137 14 9 112
137 14 9 1
137 14 9 110
137 14 9 147
137 14 9 97
137 14 10 6
137 14 10 126
137 14 10 151
137 14 10 45
137 14 10 10
137 14 10 80
137 14 10 152
137 14 10 70
137 14 10 4
137 14 10 112
137 14 10 141
137 14 10 62
137 14 10 8
137 14 10 109
137 14 10 139
137 14 10 140
137 14 10 4
137 14 10 123
137 14 10 160
137 14 10 136
137 14 11 6
137 14 11 98
137 14 11 154
137 14 11 6
137 14 11 8
137 14 11 105
137 14 11 149
137 14 11 150
137 14 11 7
137 14 11 131
137 14 11 146
137 14 11 151
137 14 11 5
137 14 11 92
137 14 11 149
137 14 11 58
137 14 11 8
137 14 11 127
137 14 11 157
137 14 11 63
137 14 12 9
137 14 12 125
137 14 12 159
137 14 12 114
137 14 12 10
137 14 12 125
137 14 12 160
137 14 12 40
137 14 12 10
137 14 12 109
137 14 12 139
137 14 12 124
137 14 12 7
137 14 12 85
137 14 12 137
137 14 12 157
137 14 12 2
137 14 12 104
137 14 12 155
137 14 12 19
137 14 13 1
137 14 13 75
137 14 13 147
137 14 13 87
137 14 13 8
137 14 13 84
137 14 13 137
137 14 13 52
137 14 13 8
137 14 13 83
137 14 13 150
137 14 13 54
137 14 13 2
137 14 13 119
137 14 13 149
137 14 13 36
137 14 13 10
137 14 13 137
137 14 13 158
137 14 13 142
137 14 14 10
137 14 14 86
137 14 14 152
137 14 14 152
137 14 14 10
137 14 14 126
137 14 14 149
137 14 14 64
137 14 14 8
137 14 14 73
137 14 14 145
137 14 14 123
137 14 14 2
137 14 14 108
137 14 14 151
137 14 14 86
137 14 14 9
137 14 14 100
137 14 14 138
137 14 14 40
139 1 1 6
139 1 1 114
139 1 1 139
139 1 1 43
139 1 1 7
139 1 1 80
139 1 1 149
139 1 1 133
139 1 1 6
139 1 1 107
139 1 1 151
139 1 1 144
139 1 1 9
139 1 1 93
139 1 1 141
139 1 1 116
139 1 1 1
139 1 1 76
139 1 1 161
139 1 1 98
139 1 2 6
139 1 2 114
139 1 2 154
139 1 2 86
139 1 2 8
139 1 2 139
139 1 2 141
139 1 2 77
139 1 2 6
139 1 2 73
139 1 2 158
139 1 2 137
139 1 2 1
139 1 2 99
139 1 2 150
139 1 2 35
139 1 2 4
139 1 2 70
139 1 2 151
139 1 2 31
139 1 3 9
139 1 3 69
139 1 3 158
139 1 3 100
139 1 3 7
139 1 3 124
139 1 3 140
139 1 3 147
139 1 3 8
139 1 3 69
139 1 3 144
139 1 3 127
139 1 3 9
139 1 3 128
139 1 3 161
139 1 3 152
139 1 3 10
139 1 3 118
139 1 3 148
139 1 3 154
139 1 4 6
139 1 4 118
139 1 4 141
139 1 4 39
139 1 4 9
139 1 4 134
139 1 4 152
139 1 4 4
139 1 4 1
139 1 4 91
139 1 4 160
139 1 4 98
139 1 4 2
139 1 4 74
139 1 4 162
139 1 4 120
139 1 4 1
139 1 4 91
139 1 4 162
139 1 4 15
139 1 5 4
139 1 5 111
139 1 5 143
139 1 5 15
139 1 5 1
139 1 5 138
139 1 5 160
139 1 5 103
139 1 5 8
139 1 5 85
139 1 5 148
139 1 5 101
139 1 5 7
139 1 5 86
139 1 5 146
139 1 5 110
139 1 5 1
139 1 5 92
139 1 5 147
139 1 5 16
139 1 6 4
139 1 6 102
139 1 6 148
139 1 6 147
139 1 6 10
139 1 6 89
139 1 6 139
139 1 6 84
139 1 6 9
139 1 6 74
139 1 6 150
139 1 6 43
139 1 6 10
139 1 6 114
139 1 6 147
139 1 6 127
139 1 6 6
139 1 6 114
139 1 6 144
139 1 6 59
139 1 7 10
139 1 7 100
139 1 7 162
139 1 7 45
139 1 7 10
139 1 7 123
139 1 7 150
139 1 7 160
139 1 7 8
139 1 7 139
139 1 7 147
139 1 7 159
139 1 7 6
139 1 7 116
139 1 7 144
139 1 7 140
139 1 7 10
139 1 7 100
139 1 7 152
139 1 7 120
139 1 8 6
139 1 8 95
139 1 8 145
139 1 8 67
139 1 8 8
139 1 8 105
139 1 8 142
139 1 8 113
139 1 8 6
139 1 8 135
139 1 8 157
139 1 8 55
139 1 8 8
139 1 8 134
139 1 8 146
139 1 8 10
139 1 8 3
139 1 8 118
139 1 8 142
139 1 8 19
139 1 9 5
139 1 9 79
139 1 9 146
139 1 9 158
139 1 9 5
139 1 9 106
139 1 9 145
139 1 9 76
139 1 9 10
139 1 9 83
139 1 9 149
139 1 9 28
139 1 9 1
139 1 9 102
139 1 9 152
139 1 9 140
139 1 9 3
139 1 9 73
139 1 9 145
139 1 9 50
139 1 10 7
139 1 10 112
139 1 10 160
139 1 10 9
139 1 10 6
139 1 10 96
139 1 10 156
139 1 10 25
139 1 10 2
139 1 10 136
139 1 10 158
139 1 10 3
139 1 10 7
139 1 10 70
139 1 10 154
139 1 10 133
139 1 10 2
139 1 10 77
139 1 10 146
139 1 10 47
139 1 11 1
139 1 11 122
139 1 11 154
139 1 11 90
139 1 11 9
139 1 11 94
139 1 11 155
139 1 11 89
139 1 11 8
139 1 11 101
139 1 11 153
139 1 11 126
139 1 11 6
139 1 11 134
139 1 11 150
139 1 11 106
139 1 11 1
139 1 11 80
139 1 11 156
139 1 11 96
139 1 12 3
139 1 12 107
139 1 12 150
139 1 12 129
139 1 12 8
139 1 12 87
139 1 12 153
139 1 12 64
139 1 12 5
139 1 12 118
139 1 12 140
139 1 12 54
139 1 12 1
139 1 12 71
139 1 12 147
139 1 12 116
139 1 12 2
139 1 12 92
139 1 12 141
139 1 12 104
139 1 13 7
139 1 13 85
139 1 13 161
139 1 13 61
139 1 13 3
139 1 13 93
139 1 13 154
139 1 13 16
139 1 13 10
139 1 13 128
139 1 13 154
139 1 13 38
139 1 13 3
139 1 13 115
139 1 13 144
139 1 13 56
139 1 13 6
139 1 13 99
139 1 13 142
139 1 13 117
139 1 14 2
139 1 14 115
139 1 14 153
139 1 14 31
139 1 14 10
139 1 14 107
139 1 14 147
139 1 14 128
139 1 14 6
139 1 14 115
139 1 14 160
139 1 14 103
139 1 14 9
139 1 14 102
139 1 14 142
139 1 14 33
139 1 14 4
139 1 14 82
139 1 14 141
139 1 14 11
139 2 1 4
139 2 1 135
139 2 1 150
139 2 1 20
139 2 1 8
139 2 1 80
139 2 1 155
139 2 1 91
139 2 1 2
139 2 1 98
139 2 1 139
139 2 1 146
139 2 1 5
139 2 1 90
139 2 1 161
139 2 1 49
139 2 1 1
139 2 1 78
139 2 1 153
139 2 1 151
139 2 2 1
139 2 2 72
139 2 2 143
139 2 2 11
139 2 2 6
139 2 2 120
139 2 2 161
139 2 2 93
139 2 2 10
139 2 2 88
139 2 2 145
139 2 2 154
139 2 2 6
139 2 2 84
139 2 2 158
139 2 2 60
139 2 2 2
139 2 2 113
139 2 2 154
139 2 2 12
139 2 3 4
139 2 3 69
139 2 3 146
139 2 3 76
139 2 3 3
139 2 3 77
139 2 3 160
139 2 3 31
139 2 3 2
139 2 3 101
139 2 3 141
139 2 3 119
139 2 3 7
139 2 3 80
139 2 3 149
139 2 3 149
139 2 3 6
139 2 3 106
139 2 3 151
139 2 3 76
139 2 4 2
139 2 4 89
139 2 4 147
139 2 4 39
139 2 4 5
139 2 4 77
139 2 4 143
139 2 4 49
139 2 4 7
139 2 4 97
139 2 4 152
139 2 4 94
139 2 4 6
139 2 4 72
139 2 4 152
139 2 4 115
139 2 4 5
139 2 4 126
139 2 4 141
139 2 4 6
139 2 5 9
139 2 5 134
139 2 5 153
139 2 5 85
139 2 5 4
139 2 5 69
139 2 5 155
139 2 5 68
139 2 5 10
139 2 5 102
139 2 5 159
139 2 5 46
139 2 5 8
139 2 5 87
139 2 5 141
139 2 5 135
139 2 5 8
139 2 5 135
139 2 5 160
139 2 5 157
139 2 6 3
139 2 6 77
139 2 6 142
139 2 6 88
139 2 6 8
139 2 6 102
139 2 6 149
139 2 6 127
139 2 6 9
139 2 6 73
139 2 6 142
139 2 6 32
139 2 6 2
139 2 6 136
139 2 6 142
139 2 6 80
139 2 6 4
139 2 6 119
139 2 6 150
139 2 6 127
139 2 7 1
139 2 7 73
139 2 7 150
139 2 7 152
139 2 7 8
139 2 7 116
139 2 7 161
139 2 7 69
139 2 7 9
139 2 7 81
139 2 7 153
139 2 7 68
139 2 7 9
139 2 7 101
139 2 7 153
139 2 7 162
139 2 7 6
139 2 7 134
139 2 7 150
139 2 7 158
139 2 8 7
139 2 8 82
139 2 8 145
139 2 8 99
139 2 8 8
139 2 8 106
139 2 8 157
139 2 8 6
139 2 8 4
139 2 8 115
139 2 8 143
139 2 8 68
139 2 8 9
139 2 8 114
139 2 8 153
139 2 8 39
139 2 8 4
139 2 8 90
139 2 8 142
139 2 8 10
139 2 9 8
139 2 9 94
139 2 9 149
139 2 9 118
139 2 9 9
139 2 9 109
139 2 9 162
139 2 9 7
139 2 9 7
139 2 9 115
139 2 9 159
139 2 9 126
139 2 9 9
139 2 9 118
139 2 9 152
139 2 9 37
139 2 9 3
139 2 9 70
139 2 9 139
139 2 9 16
139 2 10 7
139 2 10 89
139 2 10 152
139 2 10 76
139 2 10 10
139 2 10 104
139 2 10 145
139 2 10 6
139 2 10 5
139 2 10 100
139 2 10 159
139 2 10 60
139 2 10 5
139 2 10 91
139 2 10 144
139 2 10 30
139 2 10 3
139 2 10 125
139 2 10 158
139 2 10 109
139 2 11 6
139 2 11 126
139 2 11 153
139 2 11 58
139 2 11 4
139 2 11 98
139 2 11 146
139 2 11 74
139 2 11 3
139 2 11 123
139 2 11 158
139 2 11 2
139 2 11 9
139 2 11 88
139 2 11 140
139 2 11 105
139 2 11 8
139 2 11 128
139 2 11 143
139 2 11 50
139 2 12 4
139 2 12 72
139 2 12 162
139 2 12 29
139 2 12 1
139 2 12 85
139 2 12 141
139 2 12 92
139 2 12 3
139 2 12 94
139 2 12 148
139 2 12 140
139 2 12 6
139 2 12 89
139 2 12 142
139 2 12 42
139 2 12 8
139 2 12 99
139 2 12 151
139 2 12 35
139 2 13 4
139 2 13 139
139 2 13 149
139 2 13 30
139 2 13 7
139 2 13 104
139 2 13 153
139 2 13 35
139 2 13 5
139 2 13 72
139 2 13 142
139 2 13 98
139 2 13 5
139 2 13 77
139 2 13 142
139 2 13 68
139 2 13 1
139 2 13 104
139 2 13 143
139 2 13 139
139 2 14 10
139 2 14 102
139 2 14 154
139 2 14 119
139 2 14 4
139 2 14 137
139 2 14 159
139 2 14 51
139 2 14 10
139 2 14 133
139 2 14 146
139 2 14 133
139 2 14 2
139 2 14 133
139 2 14 140
139 2 14 65
139 2 14 10
139 2 14 139
139 2 14 155
139 2 14 122
139 3 1 6
139 3 1 123
139 3 1 143
139 3 1 75
139 3 1 3
139 3 1 83
139 3 1 152
139 3 1 19
139 3 1 8
139 3 1 75
139 3 1 151
139 3 1 36
139 3 1 5
139 3 1 107
139 3 1 157
139 3 1 112
139 3 1 3
139 3 1 138
139 3 1 139
139 3 1 133
139 3 2 9
139 3 2 85
139 3 2 140
139 3 2 106
139 3 2 8
139 3 2 105
139 3 2 161
139 3 2 116
139 3 2 9
139 3 2 94
139 3 2 143
139 3 2 15
139 3 2 10
139 3 2 81
139 3 2 139
139 3 2 84
139 3 2 2
139 3 2 134
139 3 2 159
139 3 2 33
139 3 3 8
139 3 3 80
139 3 3 145
139 3 3 67
139 3 3 10
139 3 3 108
139 3 3 155
139 3 3 57
139 3 3 10
139 3 3 96
139 3 3 143
139 3 3 123
139 3 3 6
139 3 3 102
139 3 3 148
139 3 3 69
139 3 3 3
139 3 3 111
139 3 3 162
139 3 3 85
139 3 4 7
139 3 4 111
139 3 4 159
139 3 4 62
139 3 4 2
139 3 4 131
139 3 4 156
139 3 4 41
139 3 4 4
139 3 4 87
139 3 4 158
139 3 4 43
139 3 4 7
139 3 4 92
139 3 4 156
139 3 4 145
139 3 4 5
139 3 4 135
139 3 4 157
139 3 4 24
139 3 5 9
139 3 5 94
139 3 5 140
139 3 5 145
139 3 5 8
139 3 5 87
139 3 5 152
139 3 5 76
139 3 5 6
139 3 5 108
139 3 5 148
139 3 5 13
139 3 5 6
139 3 5 116
139 3 5 154
139 3 5 70
139 3 5 7
139 3 5 88
139 3 5 146
139 3 5 150
139 3 6 8
139 3 6 84
139 3 6 159
139 3 6 120
139 3 6 6
139 3 6 128
139 3 6 153
139 3 6 11
139 3 6 2
139 3 6 76
139 3 6 144
139 3 6 40
139 3 6 4
139 3 6 75
139 3 6 158
139 3 6 107
139 3 6 5
139 3 6 111
139 3 6 157
139 3 6 108
139 3 7 9
139 3 7 78
139 3 7 161
139 3 7 55
139 3 7 1
139 3 7 81
139 3 7 158
139 3 7 31
139 3 7 3
139 3 7 124
139 3 7 140
139 3 7 60
139 3 7 4
139 3 7 137
139 3 7 161
139 3 7 85
139 3 7 9
139 3 7 136
139 3 7 157
139 3 7 11
139 3 8 3
139 3 8 85
139 3 8 139
139 3 8 2
139 3 8 6
139 3 8 88
139 3 8 144
139 3 8 119
139 3 8 9
139 3 8 79
139 3 8 143
139 3 8 159
139 3 8 6
139 3 8 130
139 3 8 139
139 3 8 105
139 3 8 7
139 3 8 78
139 3 8 151
139 3 8 69
139 3 9 9
139 3 9 121
139 3 9 148
139 3 9 125
139 3 9 2
139 3 9 107
139 3 9 158
139 3 9 66
139 3 9 4
139 3 9 126
139 3 9 162
139 3 9 121
139 3 9 1
139 3 9 109
139 3 9 149
139 3 9 79
139 3 9 4
139 3 9 137
139 3 9 148
139 3 9 79
139 3 10 5
139 3 10 77
139 3 10 148
139 3 10 47
139 3 10 10
139 3 10 80
139 3 10 140
139 3 10 118
139 3 10 9
139 3 10 125
139 3 10 160
139 3 10 88
139 3 10 10
139 3 10 90
139 3 10 150
139 3 10 156
139 3 10 4
139 3 10 139
139 3 10 153
139 3 10 33
139 3 11 4
139 3 11 112
139 3 11 155
139 3 11 92
139 3 11 8
139 3 11 125
139 3 11 150
139 3 11 26
139 3 11 9
139 3 11 123
139 3 11 149
139 3 11 90
139 3 11 5
139 3 11 100
139 3 11 152
139 3 11 65
139 3 11 10
139 3 11 99
139 3 11 156
139 3 11 126
139 3 12 9
139 3 12 129
139 3 12 141
139 3 12 40
139 3 12 3
139 3 12 89
139 3 12 146
139 3 12 91
139 3 12 5
139 3 12 90
139 3 12 158
139 3 12 11
139 3 12 1
139 3 12 107
139 3 12 148
139 3 12 67
139 3 12 5
139 3 12 78
139 3 12 152
139 3 12 104
139 3 13 3
139 3 13 110
139 3 13 158
139 3 13 44
139 3 13 2
139 3 13 103
139 3 13 159
139 3 13 34
139 3 13 7
139 3 13 113
139 3 13 146
139 3 13 22
139 3 13 3
139 3 13 137
139 3 13 147
139 3 13 25
139 3 13 7
139 3 13 92
139 3 13 143
139 3 13 69
139 3 14 7
139 3 14 94
139 3 14 146
139 3 14 136
139 3 14 10
139 3 14 87
139 3 14 154
139 3 14 118
139 3 14 9
139 3 14 129
139 3 14 147
139 3 14 11
139 3 14 1
139 3 14 139
139 3 14 151
139 3 14 56
139 3 14 10
139 3 14 97
139 3 14 148
139 3 14 130
139 4 1 2
139 4 1 121
139 4 1 143
139 4 1 12
139 4 1 3
139 4 1 70
139 4 1 142
139 4 1 65
139 4 1 9
139 4 1 84
139 4 1 159
139 4 1 69
139 4 1 9
139 4 1 111
139 4 1 154
139 4 1 51
139 4 1 1
139 4 1 98
139 4 1 146
139 4 1 22
139 4 2 1
139 4 2 132
139 4 2 148
139 4 2 62
139 4 2 3
139 4 2 90
139 4 2 144
139 4 2 62
139 4 2 8
139 4 2 89
139 4 2 155
139 4 2 15
139 4 2 7
139 4 2 83
139 4 2 161
139 4 2 131
139 4 2 3
139 4 2 77
139 4 2 159
139 4 2 13
139 4 3 6
139 4 3 83
139 4 3 160
139 4 3 11
139 4 3 8
139 4 3 73
139 4 3 155
139 4 3 84
139 4 3 8
139 4 3 117
139 4 3 155
139 4 3 122
139 4 3 8
139 4 3 69
139 4 3 142
139 4 3 100
139 4 3 7
139 4 3 101
139 4 3 160
139 4 3 67
139 4 4 6
139 4 4 114
139 4 4 147
139 4 4 22
139 4 4 10
139 4 4 104
139 4 4 150
139 4 4 71
139 4 4 2
139 4 4 101
139 4 4 155
139 4 4 14
139 4 4 5
139 4 4 77
139 4 4 156
139 4 4 40
139 4 4 8
139 4 4 81
139 4 4 147
139 4 4 9
139 4 5 4
139 4 5 71
139 4 5 152
139 4 5 157
139 4 5 10
139 4 5 71
139 4 5 141
139 4 5 118
139 4 5 10
139 4 5 91
139 4 5 156
139 4 5 66
139 4 5 1
139 4 5 90
139 4 5 156
139 4 5 150
139 4 5 10
139 4 5 129
139 4 5 147
139 4 5 29
139 4 6 4
139 4 6 115
139 4 6 140
139 4 6 105
139 4 6 3
139 4 6 109
139 4 6 146
139 4 6 148
139 4 6 2
139 4 6 76
139 4 6 157
139 4 6 72
139 4 6 6
139 4 6 123
139 4 6 142
139 4 6 145
139 4 6 5
139 4 6 136
139 4 6 155
139 4 6 126
139 4 7 10
139 4 7 76
139 4 7 155
139 4 7 36
139 4 7 8
139 4 7 111
139 4 7 149
139 4 7 115
139 4 7 3
139 4 7 104
139 4 7 139
139 4 7 78
139 4 7 5
139 4 7 98
139 4 7 139
139 4 7 123
139 4 7 9
139 4 7 114
139 4 7 149
139 4 7 145
139 4 8 2
139 4 8 111
139 4 8 161
139 4 8 39
139 4 8 5
139 4 8 79
139 4 8 146
139 4 8 91
139 4 8 1
139 4 8 136
139 4 8 155
139 4 8 110
139 4 8 4
139 4 8 127
139 4 8 146
139 4 8 57
139 4 8 7
139 4 8 92
139 4 8 161
139 4 8 55
139 4 9 1
139 4 9 121
139 4 9 153
139 4 9 66
139 4 9 5
139 4 9 120
139 4 9 140
139 4 9 86
139 4 9 1
139 4 9 104
139 4 9 157
139 4 9 135
139 4 9 1
139 4 9 99
139 4 9 151
139 4 9 7
139 4 9 5
139 4 9 77
139 4 9 159
139 4 9 39
139 4 10 7
139 4 10 124
139 4 10 161
139 4 10 131
139 4 10 10
139 4 10 81
139 4 10 152
139 4 10 113
139 4 10 6
139 4 10 105
139 4 10 154
139 4 10 162
139 4 10 1
139 4 10 109
139 4 10 144
139 4 10 157
139 4 10 2
139 4 10 118
139 4 10 154
139 4 10 129
139 4 11 6
139 4 11 87
139 4 11 158
139 4 11 42
139 4 11 1
139 4 11 134
139 4 11 161
139 4 11 108
139 4 11 3
139 4 11 74
139 4 11 154
139 4 11 113
139 4 11 1
139 4 11 121
139 4 11 139
139 4 11 95
139 4 11 1
139 4 11 71
139 4 11 142
139 4 11 39
139 4 12 1
139 4 12 138
139 4 12 145
139 4 12 20
139 4 12 7
139 4 12 95
139 4 12 145
139 4 12 100
139 4 12 6
139 4 12 127
139 4 12 161
139 4 12 138
139 4 12 4
139 4 12 139
139 4 12 150
139 4 12 131
139 4 12 9
139 4 12 71
139 4 12 140
139 4 12 104
139 4 13 7
139 4 13 97
139 4 13 147
139 4 13 65
139 4 13 5
139 4 13 89
139 4 13 159
139 4 13 99
139 4 13 3
139 4 13 112
139 4 13 139
139 4 13 110
139 4 13 4
139 4 13 105
139 4 13 143
139 4 13 102
139 4 13 6
139 4 13 85
139 4 13 158
139 4 13 94
139 4 14 5
139 4 14 108
139 4 14 161
139 4 14 58
139 4 14 2
139 4 14 129
139 4 14 158
139 4 14 49
139 4 14 6
139 4 14 123
139 4 14 146
139 4 14 120
139 4 14 2
139 4 14 69
139 4 14 153
139 4 14 1
139 4 14 8
139 4 14 79
139 4 14 141
139 4 14 27
139 5 1 7
139 5 1 109
139 5 1 157
139 5 1 149
139 5 1 6
139 5 1 70
139 5 1 156
139 5 1 54
139 5 1 5
139 5 1 92
139 5 1 145
139 5 1 27
139 5 1 7
139 5 1 92
139 5 1 157
139 5 1 6
139 5 1 1
139 5 1 135
139 5 1 145
139 5 1 105
139 5 2 5
139 5 2 123
139 5 2 140
139 5 2 152
139 5 2 6
139 5 2 69
139 5 2 142
139 5 2 16
139 5 2 6
139 5 2 121
139 5 2 147
139 5 2 153
139 5 2 3
139 5 2 113
139 5 2 146
139 5 2 142
139 5 2 6
139 5 2 77
139 5 2 159
139 5 2 92
139 5 3 1
139 5 3 81
139 5 3 153
139 5 3 72
139 5 3 1
139 5 3 123
139 5 3 148
139 5 3 84
139 5 3 4
139 5 3 87
139 5 3 155
139 5 3 36
139 5 3 8
139 5 3 132
139 5 3 162
139 5 3 47
139 5 3 3
139 5 3 76
139 5 3 143
139 5 3 137
139 5 4 8
139 5 4 105
139 5 4 153
139 5 4 91
139 5 4 1
139 5 4 77
139 5 4 157
139 5 4 34
139 5 4 2
139 5 4 115
139 5 4 145
139 5 4 73
139 5 4 10
139 5 4 71
139 5 4 161
139 5 4 86
139 5 4 5
139 5 4 93
139 5 4 145
139 5 4 11
139 5 5 5
139 5 5 91
139 5 5 157
139 5 5 114
139 5 5 5
139 5 5 76
139 5 5 144
139 5 5 21
139 5 5 5
139 5 5 133
139 5 5 149
139 5 5 140
139 5 5 10
139 5 5 88
139 5 5 161
139 5 5 94
139 5 5 1
139 5 5 120
139 5 5 162
139 5 5 60
139 5 6 8
139 5 6 122
139 5 6 141
139 5 6 77
139 5 6 9
139 5 6 118
139 5 6 146
139 5 6 132
139 5 6 3
139 5 6 76
139 5 6 140
139 5 6 88
139 5 6 8
139 5 6 72
139 5 6 151
139 5 6 151
139 5 6 2
139 5 6 80
139 5 6 162
139 5 6 16
139 5 7 3
139 5 7 102
139 5 7 147
139 5 7 21
139 5 7 1
139 5 7 139
139 5 7 141
139 5 7 157
139 5 7 8
139 5 7 94
139 5 7 140
139 5 7 67
139 5 7 10
139 5 7 105
139 5 7 159
139 5 7 64
139 5 7 10
139 5 7 137
139 5 7 158
139 5 7 5
139 5 8 2
139 5 8 138
139 5 8 142
139 5 8 57
139 5 8 4
139 5 8 132
139 5 8 156
139 5 8 85
139 5 8 7
139 5 8 128
139 5 8 141
139 5 8 81
139 5 8 9
139 5 8 76
139 5 8 160
139 5 8 25
139 5 8 8
139 5 8 125
139 5 8 141
139 5 8 82
139 5 9 10
139 5 9 79
139 5 9 148
139 5 9 73
139 5 9 9
139 5 9 117
139 5 9 140
139 5 9 59
139 5 9 6
139 5 9 110
139 5 9 152
139 5 9 76
139 5 9 6
139 5 9 107
139 5 9 160
139 5 9 67
139 5 9 2
139 5 9 90
139 5 9 160
139 5 9 119
139 5 10 8
139 5 10 95
139 5 10 148
139 5 10 20
139 5 10 1
139 5 10 107
139 5 10 147
139 5 10 141
139 5 10 10
139 5 10 95
139 5 10 145
139 5 10 49
139 5 10 7
139 5 10 105
139 5 10 162
139 5 10 60
139 5 10 4
139 5 10 75
139 5 10 139
139 5 10 45
139 5 11 3
139 5 11 81
139 5 11 143
139 5 11 68
139 5 11 8
139 5 11 111
139 5 11 161
139 5 11 156
139 5 11 8
139 5 11 126
139 5 11 155
139 5 11 140
139 5 11 8
139 5 11 90
139 5 11 162
139 5 11 93
139 5 11 8
139 5 11 73
139 5 11 159
139 5 11 43
139 5 12 6
139 5 12 85
139 5 12 142
139 5 12 91
139 5 12 1
139 5 12 139
139 5 12 159
139 5 12 112
139 5 12 9
139 5 12 75
139 5 12 151
139 5 12 113
139 5 12 10
139 5 12 127
139 5 12 147
139 5 12 65
139 5 12 3
139 5 12 77
139 5 12 152
139 5 12 82
139 5 13 9
139 5 13 123
139 5 13 152
139 5 13 161
139 5 13 7
139 5 13 112
139 5 13 140
139 5 13 130
139 5 13 7
139 5 13 114
139 5 13 152
139 5 13 23
139 5 13 4
139 5 13 76
139 5 13 158
139 5 13 56
139 5 13 2
139 5 13 129
139 5 13 151
139 5 13 78
139 5 14 2
139 5 14 138
139 5 14 152
139 5 14 153
139 5 14 6
139 5 14 80
139 5 14 156
139 5 14 103
139 5 14 3
139 5 14 136
139 5 14 152
139 5 14 148
139 5 14 7
139 5 14 73
139 5 14 161
139 5 14 130
139 5 14 1
139 5 14 117
139 5 14 158
139 5 14 82
139 6 1 3
139 6 1 77
139 6 1 152
139 6 1 104
139 6 1 8
139 6 1 118
139 6 1 145
139 6 1 159
139 6 1 8
139 6 1 73
139 6 1 157
139 6 1 127
139 6 1 2
139 6 1 106
139 6 1 139
139 6 1 66
139 6 1 1
139 6 1 100
139 6 1 156
139 6 1 28
139 6 2 4
139 6 2 111
139 6 2 145
139 6 2 24
139 6 2 3
139 6 2 75
139 6 2 157
139 6 2 34
139 6 2 3
139 6 2 90
139 6 2 150
139 6 2 42
139 6 2 5
139 6 2 94
139 6 2 158
139 6 2 134
139 6 2 8
139 6 2 90
139 6 2 154
139 6 2 93
139 6 3 7
139 6 3 96
139 6 3 143
139 6 3 62
139 6 3 5
139 6 3 123
139 6 3 151
139 6 3 118
139 6 3 1
139 6 3 138
139 6 3 151
139 6 3 65
139 6 3 1
139 6 3 83
139 6 3 158
139 6 3 24
139 6 3 8
139 6 3 125
139 6 3 143
139 6 3 132
139 6 4 5
139 6 4 111
139 6 4 146
139 6 4 139
139 6 4 10
139 6 4 96
139 6 4 151
139 6 4 76
139 6 4 1
139 6 4 74
139 6 4 141
139 6 4 61
139 6 4 3
139 6 4 93
139 6 4 157
139 6 4 88
139 6 4 5
139 6 4 96
139 6 4 160
139 6 4 10
139 6 5 3
139 6 5 99
139 6 5 149
139 6 5 22
139 6 5 10
139 6 5 97
139 6 5 156
139 6 5 145
139 6 5 10
139 6 5 120
139 6 5 148
139 6 5 50
139 6 5 2
139 6 5 85
139 6 5 162
139 6 5 46
139 6 5 1
139 6 5 79
139 6 5 153
139 6 5 15
139 6 6 2
139 6 6 139
139 6 6 148
139 6 6 34
139 6 6 6
139 6 6 120
139 6 6 139
139 6 6 64
139 6 6 3
139 6 6 80
139 6 6 149
139 6 6 41
139 6 6 2
139 6 6 119
139 6 6 145
139 6 6 144
139 6 6 4
139 6 6 80
139 6 6 146
139 6 6 54
139 6 7 4
139 6 7 117
139 6 7 149
139 6 7 58
139 6 7 4
139 6 7 106
139 6 7 144
139 6 7 10
139 6 7 6
139 6 7 103
139 6 7 149
139 6 7 15
139 6 7 7
139 6 7 93
139 6 7 161
139 6 7 79
139 6 7 6
139 6 7 103
139 6 7 155
139 6 7 102
139 6 8 10
139 6 8 112
139 6 8 144
139 6 8 155
139 6 8 10
139 6 8 84
139 6 8 160
139 6 8 118
139 6 8 5
139 6 8 115
139 6 8 155
139 6 8 137
139 6 8 5
139 6 8 83
139 6 8 142
139 6 8 141
139 6 8 1
139 6 8 138
139 6 8 147
139 6 8 65
139 6 9 9
139 6 9 125
139 6 9 145
139 6 9 87
139 6 9 8
139 6 9 135
139 6 9 142
139 6 9 148
139 6 9 7
139 6 9 132
139 6 9 145
139 6 9 24
139 6 9 8
139 6 9 92
139 6 9 141
139 6 9 89
139 6 9 3
139 6 9 121
139 6 9 145
139 6 9 145
139 6 10 2
139 6 10 87
139 6 10 161
139 6 10 115
139 6 10 8
139 6 10 83
139 6 10 162
139 6 10 81
139 6 10 6
139 6 10 81
139 6 10 153
139 6 10 95
139 6 10 9
139 6 10 83
139 6 10 143
139 6 10 106
139 6 10 3
139 6 10 76
139 6 10 154
139 6 10 158
139 6 11 10
139 6 11 78
139 6 11 147
139 6 11 120
139 6 11 1
139 6 11 80
139 6 11 160
139 6 11 35
139 6 11 9
139 6 11 127
139 6 11 144
139 6 11 146
139 6 11 5
139 6 11 75
139 6 11 154
139 6 11 148
139 6 11 8
139 6 11 126
139 6 11 156
139 6 11 41
139 6 12 2
139 6 12 100
139 6 12 162
139 6 12 17
139 6 12 6
139 6 12 134
139 6 12 140
139 6 12 104
139 6 12 10
139 6 12 80
139 6 12 152
139 6 12 50
139 6 12 7
139 6 12 116
139 6 12 152
139 6 12 47
139 6 12 9
139 6 12 108
139 6 12 154
139 6 12 131
139 6 13 5
139 6 13 77
139 6 13 140
139 6 13 117
139 6 13 10
139 6 13 80
139 6 13 162
139 6 13 63
139 6 13 5
139 6 13 112
139 6 13 160
139 6 13 144
139 6 13 4
139 6 13 84
139 6 13 152
139 6 13 59
139 6 13 4
139 6 13 134
139 6 13 139
139 6 13 147
139 6 14 2
139 6 14 105
139 6 14 159
139 6 14 115
139 6 14 1
139 6 14 130
139 6 14 162
139 6 14 134
139 6 14 10
139 6 14 108
139 6 14 159
139 6 14 1
139 6 14 1
139 6 14 121
139 6 14 150
139 6 14 106
139 6 14 6
139 6 14 114
139 6 14 157
139 6 14 74
139 7 1 10
139 7 1 116
139 7 1 159
139 7 1 23
139 7 1 6
139 7 1 70
139 7 1 145
139 7 1 85
139 7 1 2
139 7 1 70
139 7 1 144
139 7 1 34
139 7 1 10
139 7 1 119
139 7 1 162
139 7 1 123
139 7 1 7
139 7 1 85
139 7 1 145
139 7 1 78
139 7 2 5
139 7 2 78
139 7 2 154
139 7 2 24
139 7 2 1
139 7 2 73
139 7 2 139
139 7 2 19
139 7 2 6
139 7 2 81
139 7 2 155
139 7 2 71
139 7 2 6
139 7 2 111
139 7 2 153
139 7 2 13
139 7 2 2
139 7 2 139
139 7 2 152
139 7 2 138
139 7 3 5
139 7 3 132
139 7 3 149
139 7 3 21
139 7 3 9
139 7 3 102
139 7 3 140
139 7 3 13
139 7 3 3
139 7 3 125
139 7 3 157
139 7 3 161
139 7 3 9
139 7 3 69
139 7 3 156
139 7 3 138
139 7 3 3
139 7 3 96
139 7 3 151
139 7 3 94
139 7 4 6
139 7 4 81
139 7 4 152
139 7 4 89
139 7 4 5
139 7 4 136
139 7 4 147
139 7 4 137
139 7 4 3
139 7 4 74
139 7 4 160
139 7 4 13
139 7 4 9
139 7 4 86
139 7 4 142
139 7 4 107
139 7 4 6
139 7 4 136
139 7 4 156
139 7 4 108
139 7 5 8
139 7 5 124
139 7 5 140
139 7 5 139
139 7 5 1
139 7 5 105
139 7 5 145
139 7 5 112
139 7 5 8
139 7 5 78
139 7 5 152
139 7 5 28
139 7 5 10
139 7 5 128
139 7 5 157
139 7 5 2
139 7 5 2
139 7 5 138
139 7 5 152
139 7 5 93
139 7 6 9
139 7 6 78
139 7 6 158
139 7 6 153
139 7 6 6
139 7 6 130
139 7 6 147
139 7 6 157
139 7 6 10
139 7 6 109
139 7 6 158
139 7 6 30
139 7 6 6
139 7 6 100
139 7 6 146
139 7 6 61
139 7 6 5
139 7 6 132
139 7 6 158
139 7 6 16
139 7 7 8
139 7 7 74
139 7 7 154
139 7 7 1
139 7 7 1
139 7 7 116
139 7 7 145
139 7 7 121
139 7 7 7
139 7 7 71
139 7 7 145
139 7 7 23
139 7 7 8
139 7 7 96
139 7 7 150
139 7 7 150
139 7 7 4
139 7 7 80
139 7 7 149
139 7 7 65
139 7 8 8
139 7 8 118
139 7 8 156
139 7 8 25
139 7 8 6
139 7 8 129
139 7 8 141
139 7 8 99
139 7 8 4
139 7 8 103
139 7 8 153
139 7 8 158
139 7 8 4
139 7 8 116
139 7 8 139
139 7 8 72
139 7 8 7
139 7 8 138
139 7 8 154
139 7 8 110
139 7 9 7
139 7 9 96
139 7 9 143
139 7 9 118
139 7 9 1
139 7 9 85
139 7 9 143
139 7 9 59
139 7 9 6
139 7 9 131
139 7 9 157
139 7 9 18
139 7 9 6
139 7 9 77
139 7 9 140
139 7 9 31
139 7 9 10
139 7 9 95
139 7 9 157
139 7 9 2
139 7 10 2
139 7 10 69
139 7 10 150
139 7 10 32
139 7 10 4
139 7 10 90
139 7 10 145
139 7 10 17
139 7 10 3
139 7 10 128
139 7 10 143
139 7 10 88
139 7 10 5
139 7 10 105
139 7 10 161
139 7 10 106
139 7 10 6
139 7 10 79
139 7 10 157
139 7 10 108
139 7 11 2
139 7 11 99
139 7 11 159
139 7 11 19
139 7 11 7
139 7 11 122
139 7 11 141
139 7 11 159
139 7 11 3
139 7 11 75
139 7 11 161
139 7 11 104
139 7 11 4
139 7 11 74
139 7 11 147
139 7 11 143
139 7 11 8
139 7 11 133
139 7 11 148
139 7 11 4
139 7 12 10
139 7 12 123
139 7 12 149
139 7 12 87
139 7 12 8
139 7 12 94
139 7 12 153
139 7 12 7
139 7 12 1
139 7 12 104
139 7 12 156
139 7 12 13
139 7 12 5
139 7 12 82
139 7 12 149
139 7 12 87
139 7 12 9
139 7 12 96
139 7 12 140
139 7 12 27
139 7 13 7
139 7 13 69
139 7 13 157
139 7 13 138
139 7 13 6
139 7 13 78
139 7 13 152
139 7 13 121
139 7 13 3
139 7 13 76
139 7 13 157
139 7 13 63
139 7 13 4
139 7 13 115
139 7 13 143
139 7 13 145
139 7 13 2
139 7 13 115
139 7 13 142
139 7 13 140
139 7 14 4
139 7 14 101
139 7 14 139
139 7 14 143
139 7 14 1
139 7 14 109
139 7 14 148
139 7 14 19
139 7 14 2
139 7 14 134
139 7 14 149
139 7 14 35
139 7 14 10
139 7 14 135
139 7 14 154
139 7 14 55
139 7 14 5
139 7 14 126
139 7 14 146
139 7 14 3
139 8 1 6
139 8 1 134
139 8 1 141
139 8 1 74
139 8 1 8
139 8 1 88
139 8 1 152
139 8 1 142
139 8 1 3
139 8 1 111
139 8 1 156
139 8 1 118
139 8 1 3
139 8 1 86
139 8 1 158
139 8 1 127
139 8 1 2
139 8 1 71
139 8 1 140
139 8 1 29
139 8 2 9
139 8 2 106
139 8 2 141
139 8 2 98
139 8 2 8
139 8 2 72
139 8 2 149
139 8 2 109
139 8 2 1
139 8 2 80
139 8 2 155
139 8 2 146
139 8 2 8
139 8 2 119
139 8 2 157
139 8 2 87
139 8 2 2
139 8 2 98
139 8 2 162
139 8 2 147
139 8 3 8
139 8 3 100
139 8 3 151
139 8 3 98
139 8 3 8
139 8 3 99
139 8 3 144
139 8 3 39
139 8 3 3
139 8 3 139
139 8 3 150
139 8 3 42
139 8 3 10
139 8 3 69
139 8 3 139
139 8 3 156
139 8 3 6
139 8 3 134
139 8 3 156
139 8 3 79
139 8 4 4
139 8 4 91
139 8 4 139
139 8 4 104
139 8 4 6
139 8 4 95
139 8 4 143
139 8 4 88
139 8 4 9
139 8 4 122
139 8 4 159
139 8 4 68
139 8 4 8
139 8 4 92
139 8 4 155
139 8 4 48
139 8 4 3
139 8 4 123
139 8 4 144
139 8 4 24
139 8 5 9
139 8 5 107
139 8 5 151
139 8 5 90
139 8 5 7
139 8 5 122
139 8 5 156
139 8 5 40
139 8 5 8
139 8 5 135
139 8 5 148
139 8 5 121
139 8 5 6
139 8 5 98
139 8 5 156
139 8 5 159
139 8 5 5
139 8 5 117
139 8 5 156
139 8 5 148
139 8 6 2
139 8 6 91
139 8 6 146
139 8 6 14
139 8 6 4
139 8 6 90
139 8 6 142
139 8 6 95
139 8 6 2
139 8 6 108
139 8 6 157
139 8 6 39
139 8 6 1
139 8 6 102
139 8 6 139
139 8 6 109
139 8 6 3
139 8 6 108
139 8 6 162
139 8 6 132
139 8 7 1
139 8 7 87
139 8 7 157
139 8 7 144
139 8 7 10
139 8 7 94
139 8 7 161
139 8 7 20
139 8 7 2
139 8 7 112
139 8 7 153
139 8 7 71
139 8 7 7
139 8 7 72
139 8 7 139
139 8 7 1
139 8 7 4
139 8 7 125
139 8 7 142
139 8 7 43
139 8 8 10
139 8 8 112
139 8 8 153
139 8 8 4
139 8 8 10
139 8 8 94
139 8 8 158
139 8 8 112
139 8 8 10
139 8 8 82
139 8 8 139
139 8 8 31
139 8 8 5
139 8 8 69
139 8 8 143
139 8 8 161
139 8 8 9
139 8 8 103
139 8 8 144
139 8 8 63
139 8 9 7
139 8 9 87
139 8 9 141
139 8 9 88
139 8 9 9
139 8 9 98
139 8 9 147
139 8 9 78
139 8 9 4
139 8 9 112
139 8 9 159
139 8 9 90
139 8 9 9
139 8 9 97
139 8 9 161
139 8 9 87
139 8 9 9
139 8 9 120
139 8 9 149
139 8 9 92
139 8 10 8
139 8 10 117
139 8 10 159
139 8 10 131
139 8 10 4
139 8 10 133
139 8 10 144
139 8 10 159
139 8 10 2
139 8 10 123
139 8 10 140
139 8 10 19
139 8 10 5
139 8 10 119
139 8 10 151
139 8 10 26
139 8 10 8
139 8 10 78
139 8 10 143
139 8 10 62
139 8 11 3
139 8 11 116
139 8 11 144
139 8 11 9
139 8 11 8
139 8 11 94
139 8 11 161
139 8 11 101
139 8 11 9
139 8 11 124
139 8 11 156
139 8 11 161
139 8 11 9
139 8 11 71
139 8 11 141
139 8 11 68
139 8 11 5
139 8 11 79
139 8 11 162
139 8 11 132
139 8 12 6
139 8 12 87
139 8 12 146
139 8 12 146
139 8 12 10
139 8 12 77
139 8 12 143
139 8 12 146
139 8 12 3
139 8 12 72
139 8 12 151
139 8 12 122
139 8 12 3
139 8 12 113
139 8 12 149
139 8 12 84
139 8 12 1
139 8 12 81
139 8 12 151
139 8 12 59
139 8 13 9
139 8 13 129
139 8 13 159
139 8 13 40
139 8 13 9
139 8 13 94
139 8 13 142
139 8 13 137
139 8 13 10
139 8 13 100
139 8 13 141
139 8 13 23
139 8 13 4
139 8 13 109
139 8 13 151
139 8 13 46
139 8 13 1
139 8 13 118
139 8 13 149
139 8 13 111
139 8 14 1
139 8 14 118
139 8 14 159
139 8 14 73
139 8 14 1
139 8 14 102
139 8 14 159
139 8 14 154
139 8 14 3
139 8 14 133
139 8 14 156
139 8 14 12
139 8 14 9
139 8 14 123
139 8 14 153
139 8 14 106
139 8 14 6
139 8 14 116
139 8 14 147
139 8 14 77
139 9 1 9
139 9 1 98
139 9 1 140
139 9 1 50
139 9 1 2
139 9 1 92
139 9 1 153
139 9 1 125
139 9 1 6
139 9 1 98
139 9 1 149
139 9 1 87
139 9 1 2
139 9 1 83
139 9 1 144
139 9 1 24
139 9 1 2
139 9 1 76
139 9 1 149
139 9 1 159
139 9 2 5
139 9 2 137
139 9 2 155
139 9 2 142
139 9 2 9
139 9 2 108
139 9 2 158
139 9 2 62
139 9 2 4
139 9 2 79
139 9 2 161
139 9 2 14
139 9 2 5
139 9 2 85
139 9 2 153
139 9 2 25
139 9 2 9
139 9 2 97
139 9 2 143
139 9 2 141
139 9 3 10
139 9 3 69
139 9 3 144
139 9 3 72
139 9 3 6
139 9 3 137
139 9 3 159
139 9 3 97
139 9 3 5
139 9 3 100
139 9 3 161
139 9 3 19
139 9 3 8
139 9 3 113
139 9 3 157
139 9 3 126
139 9 3 9
139 9 3 70
139 9 3 160
139 9 3 34
139 9 4 9
139 9 4 84
139 9 4 160
139 9 4 158
139 9 4 5
139 9 4 84
139 9 4 160
139 9 4 114
139 9 4 1
139 9 4 70
139 9 4 141
139 9 4 122
139 9 4 7
139 9 4 136
139 9 4 154
139 9 4 43
139 9 4 3
139 9 4 127
139 9 4 156
139 9 4 156
139 9 5 4
139 9 5 83
139 9 5 159
139 9 5 29
139 9 5 10
139 9 5 134
139 9 5 139
139 9 5 136
139 9 5 10
139 9 5 90
139 9 5 154
139 9 5 49
139 9 5 3
139 9 5 124
139 9 5 145
139 9 5 22
139 9 5 1
139 9 5 100
139 9 5 144
139 9 5 90
139 9 6 6
139 9 6 134
139 9 6 155
139 9 6 52
139 9 6 8
139 9 6 76
139 9 6 157
139 9 6 156
139 9 6 1
139 9 6 134
139 9 6 155
139 9 6 9
139 9 6 4
139 9 6 136
139 9 6 145
139 9 6 116
139 9 6 7
139 9 6 103
139 9 6 147
139 9 6 85
139 9 7 3
139 9 7 92
139 9 7 151
139 9 7 64
139 9 7 7
139 9 7 98
139 9 7 141
139 9 7 42
139 9 7 5
139 9 7 93
139 9 7 145
139 9 7 156
139 9 7 3
139 9 7 101
139 9 7 152
139 9 7 92
139 9 7 10
139 9 7 87
139 9 7 139
139 9 7 101
139 9 8 10
139 9 8 87
139 9 8 152
139 9 8 16
139 9 8 8
139 9 8 128
139 9 8 157
139 9 8 107
139 9 8 5
139 9 8 91
139 9 8 150
139 9 8 77
139 9 8 5
139 9 8 128
139 9 8 161
139 9 8 121
139 9 8 4
139 9 8 84
139 9 8 142
139 9 8 140
139 9 9 1
139 9 9 115
139 9 9 162
139 9 9 77
139 9 9 5
139 9 9 85
139 9 9 157
139 9 9 59
139 9 9 4
139 9 9 102
139 9 9 148
139 9 9 120
139 9 9 10
139 9 9 75
139 9 9 141
139 9 9 108
139 9 9 1
139 9 9 82
139 9 9 151
139 9 9 150
139 9 10 10
139 9 10 110
139 9 10 148
139 9 10 98
139 9 10 4
139 9 10 123
139 9 10 149
139 9 10 54
139 9 10 9
139 9 10 87
139 9 10 146
139 9 10 111
139 9 10 10
139 9 10 135
139 9 10 158
139 9 10 20
139 9 10 8
139 9 10 106
139 9 10 155
139 9 10 138
139 9 11 5
139 9 11 86
139 9 11 156
139 9 11 113
139 9 11 10
139 9 11 71
139 9 11 156
139 9 11 59
139 9 11 10
139 9 11 87
139 9 11 146
139 9 11 11
139 9 11 1
139 9 11 107
139 9 11 140
139 9 11 147
139 9 11 4
139 9 11 127
139 9 11 153
139 9 11 37
139 9 12 3
139 9 12 135
139 9 12 162
139 9 12 101
139 9 12 3
139 9 12 85
139 9 12 147
139 9 12 34
139 9 12 4
139 9 12 74
139 9 12 146
139 9 12 162
139 9 12 9
139 9 12 75
139 9 12 142
139 9 12 21
139 9 12 6
139 9 12 105
139 9 12 145
139 9 12 147
139 9 13 2
139 9 13 80
139 9 13 140
139 9 13 43
139 9 13 10
139 9 13 96
139 9 13 140
139 9 13 127
139 9 13 9
139 9 13 82
139 9 13 146
139 9 13 61
139 9 13 9
139 9 13 127
139 9 13 139
139 9 13 95
139 9 13 9
139 9 13 90
139 9 13 162
139 9 13 2
139 9 14 5
139 9 14 82
139 9 14 149
139 9 14 159
139 9 14 3
139 9 14 135
139 9 14 153
139 9 14 51
139 9 14 7
139 9 14 81
139 9 14 150
139 9 14 13
139 9 14 3
139 9 14 85
139 9 14 144
139 9 14 83
139 9 14 3
139 9 14 73
139 9 14 139
139 9 14 138
139 10 1 7
139 10 1 85
139 10 1 154
139 10 1 161
139 10 1 10
139 10 1 103
139 10 1 149
139 10 1 69
139 10 1 4
139 10 1 78
139 10 1 154
139 10 1 70
139 10 1 10
139 10 1 118
139 10 1 142
139 10 1 100
139 10 1 1
139 10 1 119
139 10 1 142
139 10 1 97
139 10 2 8
139 10 2 69
139 10 2 152
139 10 2 81
139 10 2 5
139 10 2 116
139 10 2 145
139 10 2 81
139 10 2 5
139 10 2 124
139 10 2 150
139 10 2 12
139 10 2 9
139 10 2 133
139 10 2 141
139 10 2 44
139 10 2 8
139 10 2 76
139 10 2 162
139 10 2 39
139 10 3 6
139 10 3 100
139 10 3 151
139 10 3 48
139 10 3 5
139 10 3 130
139 10 3 151
139 10 3 69
139 10 3 4
139 10 3 92
139 10 3 140
139 10 3 118
139 10 3 2
139 10 3 139
139 10 3 162
139 10 3 111
139 10 3 9
139 10 3 131
139 10 3 140
139 10 3 18
139 10 4 3
139 10 4 130
139 10 4 151
139 10 4 155
139 10 4 7
139 10 4 92
139 10 4 158
139 10 4 8
139 10 4 3
139 10 4 115
139 10 4 149
139 10 4 30
139 10 4 3
139 10 4 74
139 10 4 153
139 10 4 126
139 10 4 3
139 10 4 132
139 10 4 161
139 10 4 70
139 10 5 4
139 10 5 79
139 10 5 160
139 10 5 159
139 10 5 2
139 10 5 94
139 10 5 151
139 10 5 157
139 10 5 9
139 10 5 114
139 10 5 152
139 10 5 120
139 10 5 6
139 10 5 119
139 10 5 147
139 10 5 102
139 10 5 6
139 10 5 139
139 10 5 142
139 10 5 39
139 10 6 7
139 10 6 109
139 10 6 146
139 10 6 18
139 10 6 4
139 10 6 113
139 10 6 155
139 10 6 25
139 10 6 9
139 10 6 75
139 10 6 139
139 10 6 72
139 10 6 4
139 10 6 75
139 10 6 149
139 10 6 6
139 10 6 1
139 10 6 110
139 10 6 151
139 10 6 57
139 10 7 5
139 10 7 107
139 10 7 141
139 10 7 158
139 10 7 2
139 10 7 111
139 10 7 162
139 10 7 52
139 10 7 5
139 10 7 86
139 10 7 156
139 10 7 88
139 10 7 5
139 10 7 73
139 10 7 155
139 10 7 59
139 10 7 10
139 10 7 83
139 10 7 149
139 10 7 47
139 10 8 6
139 10 8 86
139 10 8 140
139 10 8 131
139 10 8 4
139 10 8 124
139 10 8 162
139 10 8 145
139 10 8 1
139 10 8 135
139 10 8 157
139 10 8 63
139 10 8 6
139 10 8 91
139 10 8 154
139 10 8 17
139 10 8 3
139 10 8 124
139 10 8 157
139 10 8 30
139 10 9 2
139 10 9 127
139 10 9 142
139 10 9 67
139 10 9 5
139 10 9 93
139 10 9 139
139 10 9 43
139 10 9 7
139 10 9 121
139 10 9 155
139 10 9 121
139 10 9 1
139 10 9 79
139 10 9 146
139 10 9 6
139 10 9 3
139 10 9 80
139 10 9 148
139 10 9 24
139 10 10 1
139 10 10 99
139 10 10 152
139 10 10 30
139 10 10 9
139 10 10 101
139 10 10 139
139 10 10 65
139 10 10 9
139 10 10 126
139 10 10 157
139 10 10 58
139 10 10 8
139 10 10 69
139 10 10 141
139 10 10 56
139 10 10 8
139 10 10 126
139 10 10 153
139 10 10 68
139 10 11 5
139 10 11 74
139 10 11 141
139 10 11 67
139 10 11 8
139 10 11 90
139 10 11 140
139 10 11 23
139 10 11 9
139 10 11 119
139 10 11 155
139 10 11 52
139 10 11 3
139 10 11 138
139 10 11 151
139 10 11 81
139 10 11 5
139 10 11 119
139 10 11 143
139 10 11 30
139 10 12 10
139 10 12 107
139 10 12 139
139 10 12 2
139 10 12 7
139 10 12 135
139 10 12 153
139 10 12 120
139 10 12 3
139 10 12 70
139 10 12 156
139 10 12 125
139 10 12 10
139 10 12 131
139 10 12 146
139 10 12 126
139 10 12 7
139 10 12 116
139 10 12 158
139 10 12 78
139 10 13 9
139 10 13 114
139 10 13 153
139 10 13 22
139 10 13 2
139 10 13 80
139 10 13 139
139 10 13 11
139 10 13 5
139 10 13 115
139 10 13 147
139 10 13 114
139 10 13 6
139 10 13 110
139 10 13 156
139 10 13 143
139 10 13 2
139 10 13 70
139 10 13 151
139 10 13 35
139 10 14 5
139 10 14 138
139 10 14 156
139 10 14 26
139 10 14 9
139 10 14 85
139 10 14 161
139 10 14 67
139 10 14 3
139 10 14 120
139 10 14 159
139 10 14 150
139 10 14 5
139 10 14 113
139 10 14 148
139 10 14 117
139 10 14 1
139 10 14 70
139 10 14 142
139 10 14 75
139 11 1 5
139 11 1 79
139 11 1 156
139 11 1 19
139 11 1 8
139 11 1 95
139 11 1 142
139 11 1 89
139 11 1 8
139 11 1 98
139 11 1 141
139 11 1 77
139 11 1 6
139 11 1 114
139 11 1 143
139 11 1 43
139 11 1 5
139 11 1 138
139 11 1 149
139 11 1 129
139 11 2 10
139 11 2 122
139 11 2 160
139 11 2 16
139 11 2 1
139 11 2 136
139 11 2 147
139 11 2 71
139 11 2 3
139 11 2 98
139 11 2 144
139 11 2 45
139 11 2 9
139 11 2 100
139 11 2 156
139 11 2 31
139 11 2 5
139 11 2 117
139 11 2 140
139 11 2 34
139 11 3 9
139 11 3 132
139 11 3 154
139 11 3 95
139 11 3 1
139 11 3 136
139 11 3 146
139 11 3 36
139 11 3 8
139 11 3 90
139 11 3 148
139 11 3 77
139 11 3 9
139 11 3 79
139 11 3 149
139 11 3 13
139 11 3 1
139 11 3 107
139 11 3 151
139 11 3 147
139 11 4 9
139 11 4 104
139 11 4 157
139 11 4 78
139 11 4 1
139 11 4 114
139 11 4 139
139 11 4 5
139 11 4 6
139 11 4 139
139 11 4 162
139 11 4 35
139 11 4 8
139 11 4 86
139 11 4 143
139 11 4 77
139 11 4 5
139 11 4 99
139 11 4 156
139 11 4 120
139 11 5 9
139 11 5 128
139 11 5 145
139 11 5 156
139 11 5 4
139 11 5 77
139 11 5 139
139 11 5 94
139 11 5 7
139 11 5 106
139 11 5 154
139 11 5 161
139 11 5 8
139 11 5 77
139 11 5 161
139 11 5 27
139 11 5 3
139 11 5 103
139 11 5 148
139 11 5 60
139 11 6 5
139 11 6 113
139 11 6 159
139 11 6 68
139 11 6 7
139 11 6 74
139 11 6 160
139 11 6 158
139 11 6 5
139 11 6 99
139 11 6 144
139 11 6 53
139 11 6 9
139 11 6 80
139 11 6 149
139 11 6 93
139 11 6 4
139 11 6 102
139 11 6 143
139 11 6 120
139 11 7 4
139 11 7 101
139 11 7 158
139 11 7 73
139 11 7 8
139 11 7 74
139 11 7 142
139 11 7 10
139 11 7 9
139 11 7 87
139 11 7 160
139 11 7 109
139 11 7 4
139 11 7 82
139 11 7 145
139 11 7 138
139 11 7 6
139 11 7 119
139 11 7 140
139 11 7 89
139 11 8 2
139 11 8 127
139 11 8 142
139 11 8 101
139 11 8 3
139 11 8 70
139 11 8 145
139 11 8 42
139 11 8 9
139 11 8 75
139 11 8 157
139 11 8 64
139 11 8 5
139 11 8 127
139 11 8 154
139 11 8 39
139 11 8 4
139 11 8 109
139 11 8 150
139 11 8 95
139 11 9 2
139 11 9 106
139 11 9 147
139 11 9 79
139 11 9 1
139 11 9 106
139 11 9 160
139 11 9 120
139 11 9 10
139 11 9 124
139 11 9 157
139 11 9 11
139 11 9 9
139 11 9 133
139 11 9 159
139 11 9 121
139 11 9 9
139 11 9 74
139 11 9 148
139 11 9 111
139 11 10 6
139 11 10 109
139 11 10 150
139 11 10 111
139 11 10 8
139 11 10 113
139 11 10 160
139 11 10 127
139 11 10 8
139 11 10 88
139 11 10 146
139 11 10 16
139 11 10 6
139 11 10 91
139 11 10 146
139 11 10 108
139 11 10 10
139 11 10 114
139 11 10 142
139 11 10 13
139 11 11 3
139 11 11 130
139 11 11 150
139 11 11 37
139 11 11 10
139 11 11 114
139 11 11 139
139 11 11 27
139 11 11 1
139 11 11 124
139 11 11 152
139 11 11 5
139 11 11 2
139 11 11 112
139 11 11 149
139 11 11 157
139 11 11 10
139 11 11 121
139 11 11 148
139 11 11 72
139 11 12 10
139 11 12 114
139 11 12 161
139 11 12 88
139 11 12 2
139 11 12 97
139 11 12 143
139 11 12 2
139 11 12 4
139 11 12 116
139 11 12 159
139 11 12 143
139 11 12 4
139 11 12 80
139 11 12 157
139 11 12 27
139 11 12 4
139 11 12 94
139 11 12 160
139 11 12 84
139 11 13 9
139 11 13 93
139 11 13 144
139 11 13 51
139 11 13 10
139 11 13 104
139 11 13 145
139 11 13 21
139 11 13 9
139 11 13 123
139 11 13 150
139 11 13 4
139 11 13 2
139 11 13 82
139 11 13 147
139 11 13 57
139 11 13 1
139 11 13 120
139 11 13 145
139 11 13 98
139 11 14 5
139 11 14 100
139 11 14 147
139 11 14 40
139 11 14 8
139 11 14 71
139 11 14 157
139 11 14 76
139 11 14 5
139 11 14 123
139 11 14 141
139 11 14 119
139 11 14 5
139 11 14 135
139 11 14 143
139 11 14 10
139 11 14 3
139 11 14 75
139 11 14 151
139 11 14 71
139 12 1 10
139 12 1 92
139 12 1 147
139 12 1 22
139 12 1 4
139 12 1 134
139 12 1 154
139 12 1 42
139 12 1 4
139 12 1 112
139 12 1 143
139 12 1 87
139 12 1 10
139 12 1 94
139 12 1 161
139 12 1 37
139 12 1 8
139 12 1 110
139 12 1 160
139 12 1 19
139 12 2 3
139 12 2 70
139 12 2 141
139 12 2 91
139 12 2 2
139 12 2 126
139 12 2 149
139 12 2 102
139 12 2 4
139 12 2 101
139 12 2 157
139 12 2 26
139 12 2 6
139 12 2 127
139 12 2 150
139 12 2 94
139 12 2 5
139 12 2 127
139 12 2 157
139 12 2 51
139 12 3 9
139 12 3 75
139 12 3 157
139 12 3 148
139 12 3 6
139 12 3 91
139 12 3 157
139 12 3 98
139 12 3 3
139 12 3 126
139 12 3 156
139 12 3 100
139 12 3 7
139 12 3 107
139 12 3 162
139 12 3 24
139 12 3 7
139 12 3 132
139 12 3 144
139 12 3 56
139 12 4 9
139 12 4 104
139 12 4 144
139 12 4 51
139 12 4 7
139 12 4 86
139 12 4 155
139 12 4 67
139 12 4 3
139 12 4 81
139 12 4 144
139 12 4 17
139 12 4 10
139 12 4 137
139 12 4 162
139 12 4 6
139 12 4 6
139 12 4 108
139 12 4 145
139 12 4 83
139 12 5 7
139 12 5 97
139 12 5 149
139 12 5 133
139 12 5 3
139 12 5 73
139 12 5 145
139 12 5 2
139 12 5 1
139 12 5 107
139 12 5 155
139 12 5 155
139 12 5 6
139 12 5 92
139 12 5 144
139 12 5 137
139 12 5 3
139 12 5 130
139 12 5 158
139 12 5 86
139 12 6 3
139 12 6 102
139 12 6 145
139 12 6 75
139 12 6 4
139 12 6 98
139 12 6 145
139 12 6 32
139 12 6 9
139 12 6 111
139 12 6 148
139 12 6 18
139 12 6 8
139 12 6 89
139 12 6 162
139 12 6 75
139 12 6 10
139 12 6 85
139 12 6 142
139 12 6 157
139 12 7 1
139 12 7 91
139 12 7 157
139 12 7 39
139 12 7 9
139 12 7 81
139 12 7 153
139 12 7 121
139 12 7 3
139 12 7 70
139 12 7 155
139 12 7 137
139 12 7 5
139 12 7 128
139 12 7 139
139 12 7 23
139 12 7 7
139 12 7 136
139 12 7 143
139 12 7 15
139 12 8 2
139 12 8 78
139 12 8 143
139 12 8 144
139 12 8 7
139 12 8 112
139 12 8 150
139 12 8 96
139 12 8 1
139 12 8 121
139 12 8 141
139 12 8 89
139 12 8 6
139 12 8 103
139 12 8 151
139 12 8 37
139 12 8 2
139 12 8 139
139 12 8 148
139 12 8 12
139 12 9 9
139 12 9 119
139 12 9 157
139 12 9 5
139 12 9 4
139 12 9 109
139 12 9 146
139 12 9 63
139 12 9 8
139 12 9 93
139 12 9 162
139 12 9 22
139 12 9 2
139 12 9 133
139 12 9 151
139 12 9 75
139 12 9 2
139 12 9 101
139 12 9 141
139 12 9 101
139 12 10 9
139 12 10 79
139 12 10 148
139 12 10 79
139 12 10 9
139 12 10 126
139 12 10 154
139 12 10 115
139 12 10 2
139 12 10 109
139 12 10 155
139 12 10 83
139 12 10 4
139 12 10 137
139 12 10 158
139 12 10 12
139 12 10 6
139 12 10 70
139 12 10 162
139 12 10 108
139 12 11 8
139 12 11 130
139 12 11 162
139 12 11 124
139 12 11 6
139 12 11 122
139 12 11 149
139 12 11 19
139 12 11 5
139 12 11 121
139 12 11 142
139 12 11 99
139 12 11 2
139 12 11 81
139 12 11 159
139 12 11 115
139 12 11 2
139 12 11 73
139 12 11 155
139 12 11 48
139 12 12 8
139 12 12 83
139 12 12 143
139 12 12 123
139 12 12 7
139 12 12 115
139 12 12 142
139 12 12 93
139 12 12 8
139 12 12 119
139 12 12 158
139 12 12 118
139 12 12 8
139 12 12 115
139 12 12 153
139 12 12 93
139 12 12 6
139 12 12 91
139 12 12 143
139 12 12 143
139 12 13 7
139 12 13 102
139 12 13 151
139 12 13 52
139 12 13 9
139 12 13 95
139 12 13 150
139 12 13 30
139 12 13 8
139 12 13 74
139 12 13 143
139 12 13 155
139 12 13 3
139 12 13 122
139 12 13 156
139 12 13 58
139 12 13 6
139 12 13 121
139 12 13 150
139 12 13 148
139 12 14 7
139 12 14 111
139 12 14 157
139 12 14 48
139 12 14 7
139 12 14 94
139 12 14 152
139 12 14 147
139 12 14 10
139 12 14 105
139 12 14 146
139 12 14 120
139 12 14 9
139 12 14 76
139 12 14 149
139 12 14 42
139 12 14 3
139 12 14 98
139 12 14 152
139 12 14 28
139 13 1 5
139 13 1 116
139 13 1 146
139 13 1 28
139 13 1 3
139 13 1 83
139 13 1 157
139 13 1 14
139 13 1 5
139 13 1 95
139 13 1 139
139 13 1 160
139 13 1 1
139 13 1 97
139 13 1 142
139 13 1 46
139 13 1 3
139 13 1 135
139 13 1 145
139 13 1 121
139 13 2 9
139 13 2 86
139 13 2 152
139 13 2 42
139 13 2 6
139 13 2 87
139 13 2 159
139 13 2 145
139 13 2 2
139 13 2 107
139 13 2 157
139 13 2 83
139 13 2 2
139 13 2 93
139 13 2 148
139 13 2 17
139 13 2 8
139 13 2 97
139 13 2 151
139 13 2 32
139 13 3 10
139 13 3 85
139 13 3 158
139 13 3 12
139 13 3 2
139 13 3 136
139 13 3 147
139 13 3 60
139 13 3 4
139 13 3 110
139 13 3 162
139 13 3 67
139 13 3 6
139 13 3 86
139 13 3 161
139 13 3 62
139 13 3 5
139 13 3 97
139 13 3 146
139 13 3 144
139 13 4 8
139 13 4 99
139 13 4 145
139 13 4 11
139 13 4 1
139 13 4 93
139 13 4 144
139 13 4 80
139 13 4 1
139 13 4 102
139 13 4 143
139 13 4 55
139 13 4 8
139 13 4 119
139 13 4 145
139 13 4 8
139 13 4 1
139 13 4 122
139 13 4 154
139 13 4 158
139 13 5 10
139 13 5 97
139 13 5 145
139 13 5 88
139 13 5 7
139 13 5 138
139 13 5 141
139 13 5 8
139 13 5 4
139 13 5 85
139 13 5 146
139 13 5 78
139 13 5 9
139 13 5 120
139 13 5 160
139 13 5 41
139 13 5 6
139 13 5 132
139 13 5 147
139 13 5 120
139 13 6 5
139 13 6 133
139 13 6 140
139 13 6 65
139 13 6 8
139 13 6 100
139 13 6 158
139 13 6 150
139 13 6 4
139 13 6 119
139 13 6 140
139 13 6 135
139 13 6 4
139 13 6 75
139 13 6 151
139 13 6 80
139 13 6 7
139 13 6 70
139 13 6 161
139 13 6 107
139 13 7 7
139 13 7 75
139 13 7 154
139 13 7 38
139 13 7 4
139 13 7 110
139 13 7 162
139 13 7 4
139 13 7 2
139 13 7 101
139 13 7 145
139 13 7 95
139 13 7 3
139 13 7 124
139 13 7 153
139 13 7 40
139 13 7 7
139 13 7 109
139 13 7 144
139 13 7 152
139 13 8 9
139 13 8 136
139 13 8 155
139 13 8 141
139 13 8 10
139 13 8 113
139 13 8 143
139 13 8 127
139 13 8 9
139 13 8 117
139 13 8 161
139 13 8 91
139 13 8 2
139 13 8 127
139 13 8 146
139 13 8 135
139 13 8 2
139 13 8 86
139 13 8 140
139 13 8 42
139 13 9 7
139 13 9 99
139 13 9 158
139 13 9 159
139 13 9 6
139 13 9 105
139 13 9 150
139 13 9 22
139 13 9 4
139 13 9 118
139 13 9 150
139 13 9 28
139 13 9 4
139 13 9 78
139 13 9 159
139 13 9 150
139 13 9 7
139 13 9 93
139 13 9 159
139 13 9 136
139 13 10 4
139 13 10 106
139 13 10 140
139 13 10 40
139 13 10 10
139 13 10 111
139 13 10 145
139 13 10 60
139 13 10 7
139 13 10 88
139 13 10 155
139 13 10 68
139 13 10 6
139 13 10 94
139 13 10 159
139 13 10 6
139 13 10 4
139 13 10 107
139 13 10 156
139 13 10 98
139 13 11 7
139 13 11 74
139 13 11 148
139 13 11 145
139 13 11 7
139 13 11 119
139 13 11 149
139 13 11 44
139 13 11 2
139 13 11 79
139 13 11 151
139 13 11 64
139 13 11 1
139 13 11 134
139 13 11 162
139 13 11 5
139 13 11 7
139 13 11 84
139 13 11 157
139 13 11 11
139 13 12 8
139 13 12 127
139 13 12 162
139 13 12 32
139 13 12 7
139 13 12 113
139 13 12 162
139 13 12 8
139 13 12 8
139 13 12 105
139 13 12 159
139 13 12 66
139 13 12 6
139 13 12 113
139 13 12 153
139 13 12 35
139 13 12 9
139 13 12 132
139 13 12 146
139 13 12 56
139 13 13 1
139 13 13 121
139 13 13 153
139 13 13 9
139 13 13 5
139 13 13 102
139 13 13 139
139 13 13 160
139 13 13 10
139 13 13 138
139 13 13 160
139 13 13 34
139 13 13 10
139 13 13 91
139 13 13 140
139 13 13 133
139 13 13 7
139 13 13 129
139 13 13 148
139 13 13 147
139 13 14 10
139 13 14 113
139 13 14 154
139 13 14 63
139 13 14 5
139 13 14 75
139 13 14 158
139 13 14 1
139 13 14 5
139 13 14 111
139 13 14 149
139 13 14 112
139 13 14 5
139 13 14 94
139 13 14 155
139 13 14 58
139 13 14 8
139 13 14 86
139 13 14 139
139 13 14 68
139 14 1 10
139 14 1 101
139 14 1 143
139 14 1 108
139 14 1 8
139 14 1 130
139 14 1 145
139 14 1 127
139 14 1 3
139 14 1 108
139 14 1 158
139 14 1 119
139 14 1 7
139 14 1 122
139 14 1 140
139 14 1 155
139 14 1 2
139 14 1 136
139 14 1 156
139 14 1 6
139 14 2 6
139 14 2 97
139 14 2 150
139 14 2 38
139 14 2 6
139 14 2 129
139 14 2 162
139 14 2 13
139 14 2 9
139 14 2 83
139 14 2 162
139 14 2 8
139 14 2 6
139 14 2 123
139 14 2 148
139 14 2 118
139 14 2 5
139 14 2 114
139 14 2 142
139 14 2 41
139 14 3 1
139 14 3 77
139 14 3 143
139 14 3 39
139 14 3 7
139 14 3 90
139 14 3 140
139 14 3 92
139 14 3 10
139 14 3 91
139 14 3 150
139 14 3 112
139 14 3 9
139 14 3 87
139 14 3 146
139 14 3 151
139 14 3 8
139 14 3 76
139 14 3 146
139 14 3 55
139 14 4 7
139 14 4 91
139 14 4 156
139 14 4 135
139 14 4 8
139 14 4 120
139 14 4 158
139 14 4 139
139 14 4 4
139 14 4 117
139 14 4 157
139 14 4 145
139 14 4 10
139 14 4 85
139 14 4 141
139 14 4 47
139 14 4 10
139 14 4 87
139 14 4 159
139 14 4 33
139 14 5 2
139 14 5 119
139 14 5 140
139 14 5 8
139 14 5 4
139 14 5 111
139 14 5 144
139 14 5 45
139 14 5 5
139 14 5 134
139 14 5 155
139 14 5 100
139 14 5 2
139 14 5 98
139 14 5 141
139 14 5 159
139 14 5 10
139 14 5 97
139 14 5 139
139 14 5 6
139 14 6 2
139 14 6 100
139 14 6 148
139 14 6 78
139 14 6 5
139 14 6 70
139 14 6 144
139 14 6 66
139 14 6 8
139 14 6 121
139 14 6 154
139 14 6 130
139 14 6 1
139 14 6 69
139 14 6 140
139 14 6 131
139 14 6 5
139 14 6 132
139 14 6 161
139 14 6 87
139 14 7 2
139 14 7 129
139 14 7 158
139 14 7 102
139 14 7 6
139 14 7 72
139 14 7 155
139 14 7 28
139 14 7 7
139 14 7 78
139 14 7 144
139 14 7 126
139 14 7 3
139 14 7 127
139 14 7 148
139 14 7 88
139 14 7 9
139 14 7 89
139 14 7 146
139 14 7 80
139 14 8 10
139 14 8 111
139 14 8 145
139 14 8 99
139 14 8 4
139 14 8 69
139 14 8 153
139 14 8 81
139 14 8 9
139 14 8 94
139 14 8 141
139 14 8 72
139 14 8 7
139 14 8 119
139 14 8 159
139 14 8 66
139 14 8 5
139 14 8 99
139 14 8 139
139 14 8 122
139 14 9 8
139 14 9 111
139 14 9 140
139 14 9 144
139 14 9 1
139 14 9 116
139 14 9 160
139 14 9 106
139 14 9 4
139 14 9 82
139 14 9 144
139 14 9 102
139 14 9 2
139 14 9 95
139 14 9 144
139 14 9 51
139 14 9 5
139 14 9 100
139 14 9 150
139 14 9 100
139 14 10 7
139 14 10 131
139 14 10 160
139 14 10 74
139 14 10 6
139 14 10 105
139 14 10 160
139 14 10 109
139 14 10 1
139 14 10 111
139 14 10 146
139 14 10 126
139 14 10 10
139 14 10 133
139 14 10 141
139 14 10 126
139 14 10 6
139 14 10 139
139 14 10 143
139 14 10 14
139 14 11 6
139 14 11 70
139 14 11 152
139 14 11 153
139 14 11 1
139 14 11 78
139 14 11 158
139 14 11 106
139 14 11 7
139 14 11 134
139 14 11 144
139 14 11 154
139 14 11 5
139 14 11 69
139 14 11 150
139 14 11 27
139 14 11 1
139 14 11 118
139 14 11 139
139 14 11 46
139 14 12 8
139 14 12 130
139 14 12 158
139 14 12 59
139 14 12 6
139 14 12 75
139 14 12 162
139 14 12 20
139 14 12 6
139 14 12 116
139 14 12 142
139 14 12 88
139 14 12 6
139 14 12 112
139 14 12 149
139 14 12 100
139 14 12 5
139 14 12 81
139 14 12 140
139 14 12 9
139 14 13 7
139 14 13 135
139 14 13 149
139 14 13 160
139 14 13 5
139 14 13 125
139 14 13 162
139 14 13 34
139 14 13 4
139 14 13 74
139 14 13 146
139 14 13 84
139 14 13 8
139 14 13 70
139 14 13 153
139 14 13 122
139 14 13 9
139 14 13 74
139 14 13 152
139 14 13 44
139 14 14 3
139 14 14 105
139 14 14 159
139 14 14 21
139 14 14 7
139 14 14 111
139 14 14 150
139 14 14 2
139 14 14 9
139 14 14 84
139 14 14 152
139 14 14 112
139 14 14 10
139 14 14 85
139 14 14 141
139 14 14 17
139 14 14 7
139 14 14 86
139 14 14 159
139 14 14 152
149 1 1 9
149 1 1 127
149 1 1 154
149 1 1 116
149 1 1 7
149 1 1 101
149 1 1 161
149 1 1 111
149 1 1 7
149 1 1 128
149 1 1 156
149 1 1 63
149 1 1 3
149 1 1 146
149 1 1 170
149 1 1 59
149 1 1 9
149 1 1 113
149 1 1 151
149 1 1 78
149 1 2 7
149 1 2 107
149 1 2 168
149 1 2 164
149 1 2 9
149 1 2 93
149 1 2 166
149 1 2 143
149 1 2 10
149 1 2 119
149 1 2 159
149 1 2 119
149 1 2 7
149 1 2 139
149 1 2 167
149 1 2 21
149 1 2 4
149 1 2 135
149 1 2 158
149 1 2 80
149 1 3 1
149 1 3 145
149 1 3 173
149 1 3 172
149 1 3 8
149 1 3 148
149 1 3 161
149 1 3 23
149 1 3 6
149 1 3 112
149 1 3 165
149 1 3 105
149 1 3 6
149 1 3 135
149 1 3 174
149 1 3 5
149 1 3 6
149 1 3 84
149 1 3 169
149 1 3 7
149 1 4 2
149 1 4 142
149 1 4 152
149 1 4 66
149 1 4 10
149 1 4 135
149 1 4 167
149 1 4 142
149 1 4 1
149 1 4 94
149 1 4 168
149 1 4 174
149 1 4 6
149 1 4 117
149 1 4 169
149 1 4 43
149 1 4 2
149 1 4 120
149 1 4 152
149 1 4 47
149 1 5 5
149 1 5 100
149 1 5 164
149 1 5 44
149 1 5 1
149 1 5 99
149 1 5 170
149 1 5 74
149 1 5 7
149 1 5 118
149 1 5 168
149 1 5 126
149 1 5 10
149 1 5 112
149 1 5 154
149 1 5 136
149 1 5 8
149 1 5 144
149 1 5 155
149 1 5 153
149 1 6 4
149 1 6 89
149 1 6 160
149 1 6 46
149 1 6 4
149 1 6 117
149 1 6 168
149 1 6 41
149 1 6 1
149 1 6 84
149 1 6 170
149 1 6 115
149 1 6 2
149 1 6 89
149 1 6 165
149 1 6 30
149 1 6 6
149 1 6 136
149 1 6 151
149 1 6 113
149 1 7 7
149 1 7 75
149 1 7 157
149 1 7 41
149 1 7 4
149 1 7 90
149 1 7 167
149 1 7 169
149 1 7 7
149 1 7 111
149 1 7 165
149 1 7 53
149 1 7 9
149 1 7 79
149 1 7 170
149 1 7 44
149 1 7 7
149 1 7 78
149 1 7 167
149 1 7 119
149 1 8 6
149 1 8 117
149 1 8 151
149 1 8 47
149 1 8 8
149 1 8 149
149 1 8 162
149 1 8 136
149 1 8 2
149 1 8 92
149 1 8 153
149 1 8 146
149 1 8 3
149 1 8 145
149 1 8 149
149 1 8 3
149 1 8 8
149 1 8 75
149 1 8 163
149 1 8 77
149 1 9 3
149 1 9 109
149 1 9 156
149 1 9 128
149 1 9 4
149 1 9 130
149 1 9 156
149 1 9 149
149 1 9 5
149 1 9 79
149 1 9 163
149 1 9 122
149 1 9 8
149 1 9 116
149 1 9 170
149 1 9 107
149 1 9 8
149 1 9 112
149 1 9 155
149 1 9 172
149 1 10 2
149 1 10 144
149 1 10 150
149 1 10 116
149 1 10 2
149 1 10 128
149 1 10 157
149 1 10 139
149 1 10 6
149 1 10 122
149 1 10 174
149 1 10 106
149 1 10 3
149 1 10 79
149 1 10 172
149 1 10 13
149 1 10 5
149 1 10 106
149 1 10 151
149 1 10 94
149 1 11 4
149 1 11 149
149 1 11 160
149 1 11 105
149 1 11 9
149 1 11 135
149 1 11 172
149 1 11 16
149 1 11 9
149 1 11 132
149 1 11 164
149 1 11 11
149 1 11 4
149 1 11 111
149 1 11 165
149 1 11 17
149 1 11 7
149 1 11 128
149 1 11 171
149 1 11 13
149 1 12 9
149 1 12 86
149 1 12 157
149 1 12 82
149 1 12 4
149 1 12 81
149 1 12 162
149 1 12 55
149 1 12 9
149 1 12 80
149 1 12 158
149 1 12 154
149 1 12 1
149 1 12 112
149 1 12 162
149 1 12 150
149 1 12 2
149 1 12 108
149 1 12 158
149 1 12 25
149 1 13 5
149 1 13 90
149 1 13 157
149 1 13 31
149 1 13 1
149 1 13 104
149 1 13 169
149 1 13 114
149 1 13 8
149 1 13 94
149 1 13 158
149 1 13 70
149 1 13 4
149 1 13 114
149 1 13 159
149 1 13 159
149 1 13 10
149 1 13 120
149 1 13 161
149 1 13 88
149 1 14 1
149 1 14 85
149 1 14 163
149 1 14 37
149 1 14 6
149 1 14 96
149 1 14 159
149 1 14 46
149 1 14 6
149 1 14 91
149 1 14 162
149 1 14 63
149 1 14 4
149 1 14 112
149 1 14 151
149 1 14 43
149 1 14 7
149 1 14 129
149 1 14 156
149 1 14 21
149 2 1 8
149 2 1 85
149 2 1 159
149 2 1 56
149 2 1 2
149 2 1 141
149 2 1 162
149 2 1 54
149 2 1 9
149 2 1 85
149 2 1 162
149 2 1 62
149 2 1 8
149 2 1 117
149 2 1 151
149 2 1 161
149 2 1 2
149 2 1 96
149 2 1 159
149 2 1 13
149 2 2 2
149 2 2 132
149 2 2 155
149 2 2 85
149 2 2 10
149 2 2 75
149 2 2 156
149 2 2 111
149 2 2 3
149 2 2 103
149 2 2 163
149 2 2 129
149 2 2 2
149 2 2 103
149 2 2 163
149 2 2 113
149 2 2 10
149 2 2 105
149 2 2 167
149 2 2 108
149 2 3 6
149 2 3 74
149 2 3 166
149 2 3 170
149 2 3 3
149 2 3 149
149 2 3 166
149 2 3 161
149 2 3 8
149 2 3 126
149 2 3 165
149 2 3 85
149 2 3 10
149 2 3 136
149 2 3 171
149 2 3 159
149 2 3 3
149 2 3 74
149 2 3 173
149 2 3 137
149 2 4 1
149 2 4 97
149 2 4 166
149 2 4 98
149 2 4 1
149 2 4 92
149 2 4 171
149 2 4 33
149 2 4 3
149 2 4 79
149 2 4 174
149 2 4 13
149 2 4 3
149 2 4 107
149 2 4 172
149 2 4 38
149 2 4 6
149 2 4 126
149 2 4 151
149 2 4 46
149 2 5 8
149 2 5 88
149 2 5 163
149 2 5 29
149 2 5 3
149 2 5 82
149 2 5 169
149 2 5 154
149 2 5 9
149 2 5 149
149 2 5 169
149 2 5 34
149 2 5 7
149 2 5 78
149 2 5 154
149 2 5 133
149 2 5 2
149 2 5 116
149 2 5 168
149 2 5 79
149 2 6 4
149 2 6 98
149 2 6 173
149 2 6 97
149 2 6 1
149 2 6 84
149 2 6 159
149 2 6 89
149 2 6 4
149 2 6 104
149 2 6 160
149 2 6 60
149 2 6 4
149 2 6 106
149 2 6 154
149 2 6 41
149 2 6 6
149 2 6 75
149 2 6 156
149 2 6 64
149 2 7 8
149 2 7 114
149 2 7 159
149 2 7 13
149 2 7 2
149 2 7 149
149 2 7 165
149 2 7 59
149 2 7 3
149 2 7 104
149 2 7 163
149 2 7 167
149 2 7 10
149 2 7 129
149 2 7 158
149 2 7 65
149 2 7 2
149 2 7 113
149 2 7 153
149 2 7 144
149 2 8 4
149 2 8 121
149 2 8 174
149 2 8 61
149 2 8 6
149 2 8 74
149 2 8 160
149 2 8 91
149 2 8 10
149 2 8 87
149 2 8 169
149 2 8 170
149 2 8 1
149 2 8 142
149 2 8 164
149 2 8 27
149 2 8 4
149 2 8 147
149 2 8 149
149 2 8 3
149 2 9 9
149 2 9 98
149 2 9 151
149 2 9 7
149 2 9 7
149 2 9 96
149 2 9 154
149 2 9 88
149 2 9 3
149 2 9 96
149 2 9 165
149 2 9 53
149 2 9 7
149 2 9 108
149 2 9 172
149 2 9 51
149 2 9 6
149 2 9 77
149 2 9 164
149 2 9 114
149 2 10 10
149 2 10 87
149 2 10 153
149 2 10 118
149 2 10 6
149 2 10 102
149 2 10 161
149 2 10 165
149 2 10 5
149 2 10 142
149 2 10 156
149 2 10 76
149 2 10 1
149 2 10 91
149 2 10 166
149 2 10 48
149 2 10 7
149 2 10 93
149 2 10 163
149 2 10 139
149 2 11 3
149 2 11 147
149 2 11 157
149 2 11 5
149 2 11 3
149 2 11 130
149 2 11 173
149 2 11 26
149 2 11 8
149 2 11 78
149 2 11 152
149 2 11 23
149 2 11 10
149 2 11 114
149 2 11 163
149 2 11 61
149 2 11 6
149 2 11 113
149 2 11 156
149 2 11 31
149 2 12 10
149 2 12 138
149 2 12 155
149 2 12 45
149 2 12 8
149 2 12 132
149 2 12 164
149 2 12 142
149 2 12 9
149 2 12 81
149 2 12 155
149 2 12 46
149 2 12 7
149 2 12 121
149 2 12 156
149 2 12 168
149 2 12 7
149 2 12 93
149 2 12 172
149 2 12 74
149 2 13 5
149 2 13 102
149 2 13 150
149 2 13 112
149 2 13 7
149 2 13 128
149 2 13 172
149 2 13 55
149 2 13 1
149 2 13 109
149 2 13 160
149 2 13 82
149 2 13 4
149 2 13 130
149 2 13 157
149 2 13 79
149 2 13 8
149 2 13 77
149 2 13 165
149 2 13 27
149 2 14 6
149 2 14 75
149 2 14 174
149 2 14 131
149 2 14 7
149 2 14 123
149 2 14 152
149 2 14 130
149 2 14 9
149 2 14 104
149 2 14 158
149 2 14 157
149 2 14 6
149 2 14 77
149 2 14 150
149 2 14 155
149 2 14 5
149 2 14 124
149 2 14 170
149 2 14 143
149 3 1 3
149 3 1 90
149 3 1 173
149 3 1 90
149 3 1 9
149 3 1 78
149 3 1 170
149 3 1 108
149 3 1 2
149 3 1 137
149 3 1 162
149 3 1 5
149 3 1 5
149 3 1 116
149 3 1 158
149 3 1 54
149 3 1 5
149 3 1 91
149 3 1 167
149 3 1 113
149 3 2 1
149 3 2 98
149 3 2 156
149 3 2 85
149 3 2 6
149 3 2 129
149 3 2 162
149 3 2 146
149 3 2 9
149 3 2 119
149 3 2 164
149 3 2 36
149 3 2 6
149 3 2 148
149 3 2 151
149 3 2 139
149 3 2 8
149 3 2 122
149 3 2 171
149 3 2 50
149 3 3 2
149 3 3 101
149 3 3 157
149 3 3 43
149 3 3 10
149 3 3 78
149 3 3 170
149 3 3 6
149 3 3 7
149 3 3 90
149 3 3 167
149 3 3 67
149 3 3 1
149 3 3 119
149 3 3 157
149 3 3 101
149 3 3 3
149 3 3 98
149 3 3 149
149 3 3 26
149 3 4 8
149 3 4 84
149 3 4 162
149 3 4 8
149 3 4 5
149 3 4 98
149 3 4 168
149 3 4 23
149 3 4 3
149 3 4 132
149 3 4 167
149 3 4 90
149 3 4 6
149 3 4 120
149 3 4 169
149 3 4 79
149 3 4 3
149 3 4 74
149 3 4 169
149 3 4 120
149 3 5 9
149 3 5 115
149 3 5 155
149 3 5 70
149 3 5 1
149 3 5 90
149 3 5 156
149 3 5 38
149 3 5 9
149 3 5 83
149 3 5 157
149 3 5 29
149 3 5 4
149 3 5 127
149 3 5 168
149 3 5 163
149 3 5 9
149 3 5 86
149 3 5 149
149 3 5 8
149 3 6 7
149 3 6 143
149 3 6 167
149 3 6 111
149 3 6 6
149 3 6 92
149 3 6 157
149 3 6 8
149 3 6 9
149 3 6 144
149 3 6 164
149 3 6 34
149 3 6 3
149 3 6 77
149 3 6 149
149 3 6 148
149 3 6 2
149 3 6 134
149 3 6 154
149 3 6 91
149 3 7 8
149 3 7 132
149 3 7 149
149 3 7 19
149 3 7 2
149 3 7 82
149 3 7 170
149 3 7 1
149 3 7 2
149 3 7 105
149 3 7 171
149 3 7 78
149 3 7 1
149 3 7 111
149 3 7 150
149 3 7 87
149 3 7 3
149 3 7 129
149 3 7 167
149 3 7 44
149 3 8 7
149 3 8 148
149 3 8 160
149 3 8 17
149 3 8 6
149 3 8 135
149 3 8 150
149 3 8 142
149 3 8 7
149 3 8 147
149 3 8 166
149 3 8 154
149 3 8 9
149 3 8 108
149 3 8 153
149 3 8 173
149 3 8 2
149 3 8 114
149 3 8 155
149 3 8 4
149 3 9 10
149 3 9 119
149 3 9 153
149 3 9 145
149 3 9 3
149 3 9 119
149 3 9 149
149 3 9 159
149 3 9 9
149 3 9 90
149 3 9 157
149 3 9 33
149 3 9 7
149 3 9 135
149 3 9 159
149 3 9 43
149 3 9 6
149 3 9 143
149 3 9 166
149 3 9 131
149 3 10 10
149 3 10 143
149 3 10 151
149 3 10 91
149 3 10 6
149 3 10 76
149 3 10 164
149 3 10 95
149 3 10 4
149 3 10 131
149 3 10 167
149 3 10 94
149 3 10 2
149 3 10 84
149 3 10 156
149 3 10 169
149 3 10 2
149 3 10 118
149 3 10 173
149 3 10 52
149 3 11 7
149 3 11 88
149 3 11 166
149 3 11 125
149 3 11 2
149 3 11 128
149 3 11 165
149 3 11 71
149 3 11 9
149 3 11 124
149 3 11 159
149 3 11 124
149 3 11 8
149 3 11 89
149 3 11 158
149 3 11 34
149 3 11 7
149 3 11 111
149 3 11 165
149 3 11 60
149 3 12 6
149 3 12 87
149 3 12 158
149 3 12 79
149 3 12 2
149 3 12 77
149 3 12 156
149 3 12 145
149 3 12 10
149 3 12 142
149 3 12 157
149 3 12 77
149 3 12 10
149 3 12 94
149 3 12 168
149 3 12 149
149 3 12 2
149 3 12 149
149 3 12 166
149 3 12 16
149 3 13 4
149 3 13 109
149 3 13 150
149 3 13 120
149 3 13 6
149 3 13 92
149 3 13 172
149 3 13 63
149 3 13 2
149 3 13 118
149 3 13 164
149 3 13 32
149 3 13 6
149 3 13 123
149 3 13 156
149 3 13 55
149 3 13 9
149 3 13 104
149 3 13 166
149 3 13 148
149 3 14 1
149 3 14 125
149 3 14 160
149 3 14 29
149 3 14 2
149 3 14 126
149 3 14 174
149 3 14 20
149 3 14 10
149 3 14 129
149 3 14 161
149 3 14 48
149 3 14 8
149 3 14 101
149 3 14 171
149 3 14 98
149 3 14 5
149 3 14 127
149 3 14 171
149 3 14 141
149 4 1 10
149 4 1 80
149 4 1 170
149 4 1 58
149 4 1 4
149 4 1 85
149 4 1 156
149 4 1 172
149 4 1 9
149 4 1 127
149 4 1 154
149 4 1 54
149 4 1 9
149 4 1 100
149 4 1 154
149 4 1 97
149 4 1 1
149 4 1 112
149 4 1 173
149 4 1 97
149 4 2 7
149 4 2 80
149 4 2 164
149 4 2 138
149 4 2 2
149 4 2 125
149 4 2 162
149 4 2 120
149 4 2 6
149 4 2 78
149 4 2 171
149 4 2 102
149 4 2 2
149 4 2 129
149 4 2 154
149 4 2 107
149 4 2 10
149 4 2 134
149 4 2 172
149 4 2 101
149 4 3 8
149 4 3 93
149 4 3 155
149 4 3 32
149 4 3 9
149 4 3 144
149 4 3 166
149 4 3 143
149 4 3 6
149 4 3 131
149 4 3 173
149 4 3 124
149 4 3 4
149 4 3 85
149 4 3 162
149 4 3 55
149 4 3 1
149 4 3 143
149 4 3 165
149 4 3 77
149 4 4 7
149 4 4 115
149 4 4 165
149 4 4 158
149 4 4 1
149 4 4 105
149 4 4 169
149 4 4 139
149 4 4 8
149 4 4 90
149 4 4 161
149 4 4 150
149 4 4 10
149 4 4 89
149 4 4 160
149 4 4 62
149 4 4 6
149 4 4 78
149 4 4 155
149 4 4 101
149 4 5 7
149 4 5 113
149 4 5 165
149 4 5 118
149 4 5 5
149 4 5 107
149 4 5 167
149 4 5 27
149 4 5 9
149 4 5 111
149 4 5 163
149 4 5 121
149 4 5 7
149 4 5 121
149 4 5 158
149 4 5 151
149 4 5 10
149 4 5 101
149 4 5 157
149 4 5 126
149 4 6 3
149 4 6 94
149 4 6 150
149 4 6 82
149 4 6 4
149 4 6 115
149 4 6 160
149 4 6 13
149 4 6 4
149 4 6 111
149 4 6 174
149 4 6 100
149 4 6 3
149 4 6 84
149 4 6 154
149 4 6 153
149 4 6 2
149 4 6 148
149 4 6 149
149 4 6 161
149 4 7 2
149 4 7 136
149 4 7 174
149 4 7 117
149 4 7 6
149 4 7 83
149 4 7 156
149 4 7 145
149 4 7 9
149 4 7 78
149 4 7 174
149 4 7 17
149 4 7 1
149 4 7 105
149 4 7 168
149 4 7 105
149 4 7 5
149 4 7 133
149 4 7 151
149 4 7 173
149 4 8 4
149 4 8 125
149 4 8 169
149 4 8 57
149 4 8 2
149 4 8 120
149 4 8 160
149 4 8 44
149 4 8 3
149 4 8 132
149 4 8 165
149 4 8 104
149 4 8 5
149 4 8 135
149 4 8 160
149 4 8 107
149 4 8 2
149 4 8 105
149 4 8 157
149 4 8 123
149 4 9 5
149 4 9 107
149 4 9 154
149 4 9 3
149 4 9 5
149 4 9 123
149 4 9 154
149 4 9 78
149 4 9 2
149 4 9 143
149 4 9 163
149 4 9 137
149 4 9 5
149 4 9 97
149 4 9 158
149 4 9 41
149 4 9 9
149 4 9 114
149 4 9 156
149 4 9 133
149 4 10 3
149 4 10 121
149 4 10 170
149 4 10 100
149 4 10 2
149 4 10 74
149 4 10 165
149 4 10 23
149 4 10 1
149 4 10 94
149 4 10 162
149 4 10 59
149 4 10 1
149 4 10 148
149 4 10 166
149 4 10 145
149 4 10 6
149 4 10 95
149 4 10 157
149 4 10 42
149 4 11 8
149 4 11 119
149 4 11 167
149 4 11 69
149 4 11 8
149 4 11 99
149 4 11 163
149 4 11 109
149 4 11 3
149 4 11 119
149 4 11 157
149 4 11 133
149 4 11 10
149 4 11 86
149 4 11 158
149 4 11 114
149 4 11 4
149 4 11 140
149 4 11 173
149 4 11 126
149 4 12 5
149 4 12 100
149 4 12 165
149 4 12 132
149 4 12 2
149 4 12 128
149 4 12 156
149 4 12 91
149 4 12 1
149 4 12 124
149 4 12 162
149 4 12 19
149 4 12 4
149 4 12 82
149 4 12 169
149 4 12 173
149 4 12 3
149 4 12 95
149 4 12 172
149 4 12 46
149 4 13 5
149 4 13 136
149 4 13 170
149 4 13 174
149 4 13 8
149 4 13 113
149 4 13 159
149 4 13 110
149 4 13 5
149 4 13 103
149 4 13 173
149 4 13 159
149 4 13 2
149 4 13 94
149 4 13 157
149 4 13 171
149 4 13 9
149 4 13 140
149 4 13 172
149 4 13 123
149 4 14 1
149 4 14 112
149 4 14 157
149 4 14 17
149 4 14 7
149 4 14 138
149 4 14 174
149 4 14 82
149 4 14 8
149 4 14 148
149 4 14 158
149 4 14 122
149 4 14 9
149 4 14 145
149 4 14 164
149 4 14 140
149 4 14 1
149 4 14 125
149 4 14 149
149 4 14 116
149 5 1 9
149 5 1 81
149 5 1 162
149 5 1 2
149 5 1 4
149 5 1 89
149 5 1 156
149 5 1 113
149 5 1 3
149 5 1 111
149 5 1 160
149 5 1 77
149 5 1 9
149 5 1 92
149 5 1 158
149 5 1 115
149 5 1 1
149 5 1 107
149 5 1 173
149 5 1 56
149 5 2 6
149 5 2 147
149 5 2 166
149 5 2 115
149 5 2 3
149 5 2 123
149 5 2 155
149 5 2 25
149 5 2 7
149 5 2 143
149 5 2 167
149 5 2 89
149 5 2 9
149 5 2 135
149 5 2 169
149 5 2 107
149 5 2 7
149 5 2 138
149 5 2 155
149 5 2 174
149 5 3 8
149 5 3 140
149 5 3 173
149 5 3 134
149 5 3 5
149 5 3 148
149 5 3 154
149 5 3 133
149 5 3 4
149 5 3 136
149 5 3 159
149 5 3 11
149 5 3 9
149 5 3 101
149 5 3 165
149 5 3 85
149 5 3 8
149 5 3 114
149 5 3 168
149 5 3 108
149 5 4 9
149 5 4 128
149 5 4 162
149 5 4 30
149 5 4 3
149 5 4 118
149 5 4 163
149 5 4 166
149 5 4 10
149 5 4 84
149 5 4 173
149 5 4 11
149 5 4 10
149 5 4 100
149 5 4 159
149 5 4 83
149 5 4 1
149 5 4 74
149 5 4 162
149 5 4 39
149 5 5 5
149 5 5 129
149 5 5 151
149 5 5 43
149 5 5 2
149 5 5 117
149 5 5 168
149 5 5 170
149 5 5 2
149 5 5 80
149 5 5 163
149 5 5 142
149 5 5 1
149 5 5 77
149 5 5 169
149 5 5 149
149 5 5 3
149 5 5 120
149 5 5 158
149 5 5 59
149 5 6 8
149 5 6 121
149 5 6 161
149 5 6 13
149 5 6 7
149 5 6 94
149 5 6 173
149 5 6 143
149 5 6 7
149 5 6 147
149 5 6 158
149 5 6 34
149 5 6 10
149 5 6 76
149 5 6 151
149 5 6 39
149 5 6 7
149 5 6 75
149 5 6 158
149 5 6 30
149 5 7 5
149 5 7 94
149 5 7 173
149 5 7 99
149 5 7 10
149 5 7 144
149 5 7 167
149 5 7 1
149 5 7 7
149 5 7 91
149 5 7 172
149 5 7 136
149 5 7 6
149 5 7 77
149 5 7 165
149 5 7 26
149 5 7 5
149 5 7 128
149 5 7 164
149 5 7 118
149 5 8 9
149 5 8 97
149 5 8 174
149 5 8 83
149 5 8 7
149 5 8 136
149 5 8 161
149 5 8 74
149 5 8 8
149 5 8 143
149 5 8 167
149 5 8 162
149 5 8 2
149 5 8 149
149 5 8 149
149 5 8 48
149 5 8 8
149 5 8 137
149 5 8 165
149 5 8 116
149 5 9 2
149 5 9 84
149 5 9 164
149 5 9 164
149 5 9 1
149 5 9 98
149 5 9 168
149 5 9 21
149 5 9 1
149 5 9 131
149 5 9 165
149 5 9 172
149 5 9 9
149 5 9 100
149 5 9 162
149 5 9 109
149 5 9 6
149 5 9 75
149 5 9 160
149 5 9 46
149 5 10 2
149 5 10 93
149 5 10 163
149 5 10 67
149 5 10 2
149 5 10 91
149 5 10 164
149 5 10 134
149 5 10 6
149 5 10 97
149 5 10 162
149 5 10 24
149 5 10 7
149 5 10 123
149 5 10 153
149 5 10 82
149 5 10 7
149 5 10 126
149 5 10 170
149 5 10 142
149 5 11 8
149 5 11 127
149 5 11 163
149 5 11 170
149 5 11 10
149 5 11 129
149 5 11 152
149 5 11 138
149 5 11 10
149 5 11 75
149 5 11 171
149 5 11 110
149 5 11 5
149 5 11 111
149 5 11 156
149 5 11 84
149 5 11 4
149 5 11 76
149 5 11 163
149 5 11 75
149 5 12 10
149 5 12 134
149 5 12 156
149 5 12 15
149 5 12 1
149 5 12 85
149 5 12 157
149 5 12 143
149 5 12 2
149 5 12 146
149 5 12 152
149 5 12 151
149 5 12 5
149 5 12 79
149 5 12 149
149 5 12 66
149 5 12 8
149 5 12 79
149 5 12 160
149 5 12 132
149 5 13 3
149 5 13 136
149 5 13 153
149 5 13 153
149 5 13 2
149 5 13 126
149 5 13 164
149 5 13 140
149 5 13 1
149 5 13 85
149 5 13 170
149 5 13 104
149 5 13 9
149 5 13 79
149 5 13 164
149 5 13 77
149 5 13 8
149 5 13 112
149 5 13 156
149 5 13 147
149 5 14 10
149 5 14 133
149 5 14 165
149 5 14 139
149 5 14 7
149 5 14 128
149 5 14 165
149 5 14 83
149 5 14 3
149 5 14 141
149 5 14 159
149 5 14 2
149 5 14 7
149 5 14 78
149 5 14 152
149 5 14 7
149 5 14 6
149 5 14 147
149 5 14 163
149 5 14 120
149 6 1 10
149 6 1 82
149 6 1 169
149 6 1 122
149 6 1 1
149 6 1 84
149 6 1 168
149 6 1 46
149 6 1 9
149 6 1 113
149 6 1 154
149 6 1 48
149 6 1 1
149 6 1 74
149 6 1 159
149 6 1 154
149 6 1 3
149 6 1 80
149 6 1 162
149 6 1 84
149 6 2 7
149 6 2 76
149 6 2 150
149 6 2 78
149 6 2 3
149 6 2 92
149 6 2 159
149 6 2 22
149 6 2 9
149 6 2 131
149 6 2 173
149 6 2 50
149 6 2 6
149 6 2 149
149 6 2 171
149 6 2 139
149 6 2 4
149 6 2 122
149 6 2 149
149 6 2 11
149 6 3 10
149 6 3 76
149 6 3 157
149 6 3 47
149 6 3 1
149 6 3 81
149 6 3 168
149 6 3 122
149 6 3 1
149 6 3 112
149 6 3 161
149 6 3 72
149 6 3 9
149 6 3 97
149 6 3 149
149 6 3 19
149 6 3 4
149 6 3 131
149 6 3 162
149 6 3 102
149 6 4 8
149 6 4 130
149 6 4 172
149 6 4 116
149 6 4 8
149 6 4 87
149 6 4 161
149 6 4 125
149 6 4 8
149 6 4 136
149 6 4 153
149 6 4 95
149 6 4 4
149 6 4 86
149 6 4 168
149 6 4 66
149 6 4 3
149 6 4 112
149 6 4 154
149 6 4 169
149 6 5 6
149 6 5 132
149 6 5 151
149 6 5 102
149 6 5 2
149 6 5 91
149 6 5 157
149 6 5 27
149 6 5 6
149 6 5 125
149 6 5 168
149 6 5 76
149 6 5 8
149 6 5 99
149 6 5 150
149 6 5 69
149 6 5 5
149 6 5 146
149 6 5 174
149 6 5 75
149 6 6 10
149 6 6 106
149 6 6 168
149 6 6 88
149 6 6 4
149 6 6 95
149 6 6 150
149 6 6 126
149 6 6 10
149 6 6 79
149 6 6 174
149 6 6 97
149 6 6 5
149 6 6 107
149 6 6 167
149 6 6 94
149 6 6 6
149 6 6 102
149 6 6 165
149 6 6 49
149 6 7 4
149 6 7 90
149 6 7 150
149 6 7 170
149 6 7 8
149 6 7 135
149 6 7 156
149 6 7 48
149 6 7 6
149 6 7 126
149 6 7 172
149 6 7 47
149 6 7 2
149 6 7 112
149 6 7 153
149 6 7 4
149 6 7 8
149 6 7 123
149 6 7 174
149 6 7 155
149 6 8 7
149 6 8 120
149 6 8 170
149 6 8 167
149 6 8 7
149 6 8 149
149 6 8 165
149 6 8 105
149 6 8 3
149 6 8 116
149 6 8 158
149 6 8 78
149 6 8 10
149 6 8 75
149 6 8 158
149 6 8 154
149 6 8 2
149 6 8 75
149 6 8 161
149 6 8 33
149 6 9 10
149 6 9 93
149 6 9 155
149 6 9 140
149 6 9 1
149 6 9 115
149 6 9 169
149 6 9 69
149 6 9 6
149 6 9 148
149 6 9 160
149 6 9 151
149 6 9 2
149 6 9 129
149 6 9 154
149 6 9 106
149 6 9 8
149 6 9 128
149 6 9 156
149 6 9 164
149 6 10 4
149 6 10 127
149 6 10 167
149 6 10 144
149 6 10 6
149 6 10 86
149 6 10 165
149 6 10 173
149 6 10 2
149 6 10 79
149 6 10 155
149 6 10 26
149 6 10 8
149 6 10 147
149 6 10 149
149 6 10 56
149 6 10 8
149 6 10 91
149 6 10 165
149 6 10 1
149 6 11 10
149 6 11 110
149 6 11 170
149 6 11 59
149 6 11 5
149 6 11 83
149 6 11 161
149 6 11 119
149 6 11 8
149 6 11 118
149 6 11 160
149 6 11 71
149 6 11 9
149 6 11 128
149 6 11 152
149 6 11 174
149 6 11 5
149 6 11 143
149 6 11 163
149 6 11 69
149 6 12 7
149 6 12 118
149 6 12 174
149 6 12 58
149 6 12 9
149 6 12 100
149 6 12 170
149 6 12 95
149 6 12 8
149 6 12 126
149 6 12 157
149 6 12 138
149 6 12 3
149 6 12 134
149 6 12 151
149 6 12 32
149 6 12 8
149 6 12 139
149 6 12 150
149 6 12 126
149 6 13 10
149 6 13 94
149 6 13 162
149 6 13 169
149 6 13 1
149 6 13 87
149 6 13 153
149 6 13 17
149 6 13 9
149 6 13 84
149 6 13 170
149 6 13 65
149 6 13 4
149 6 13 80
149 6 13 172
149 6 13 144
149 6 13 4
149 6 13 88
149 6 13 158
149 6 13 89
149 6 14 2
149 6 14 92
149 6 14 168
149 6 14 168
149 6 14 3
149 6 14 132
149 6 14 151
149 6 14 89
149 6 14 5
149 6 14 130
149 6 14 166
149 6 14 42
149 6 14 6
149 6 14 119
149 6 14 174
149 6 14 114
149 6 14 8
149 6 14 78
149 6 14 155
149 6 14 134
149 7 1 5
149 7 1 86
149 7 1 171
149 7 1 134
149 7 1 7
149 7 1 136
149 7 1 153
149 7 1 24
149 7 1 2
149 7 1 144
149 7 1 172
149 7 1 27
149 7 1 2
149 7 1 98
149 7 1 162
149 7 1 35
149 7 1 7
149 7 1 83
149 7 1 167
149 7 1 78
149 7 2 4
149 7 2 125
149 7 2 154
149 7 2 74
149 7 2 8
149 7 2 139
149 7 2 161
149 7 2 134
149 7 2 10
149 7 2 145
149 7 2 170
149 7 2 11
149 7 2 4
149 7 2 138
149 7 2 154
149 7 2 3
149 7 2 1
149 7 2 135
149 7 2 151
149 7 2 169
149 7 3 1
149 7 3 76
149 7 3 168
149 7 3 144
149 7 3 5
149 7 3 81
149 7 3 160
149 7 3 159
149 7 3 2
149 7 3 80
149 7 3 162
149 7 3 122
149 7 3 4
149 7 3 75
149 7 3 167
149 7 3 118
149 7 3 7
149 7 3 104
149 7 3 167
149 7 3 111
149 7 4 7
149 7 4 102
149 7 4 166
149 7 4 29
149 7 4 1
149 7 4 91
149 7 4 159
149 7 4 127
149 7 4 9
149 7 4 84
149 7 4 155
149 7 4 44
149 7 4 6
149 7 4 119
149 7 4 161
149 7 4 63
149 7 4 10
149 7 4 130
149 7 4 150
149 7 4 35
149 7 5 7
149 7 5 101
149 7 5 151
149 7 5 152
149 7 5 3
149 7 5 105
149 7 5 160
149 7 5 119
149 7 5 6
149 7 5 107
149 7 5 167
149 7 5 163
149 7 5 5
149 7 5 114
149 7 5 168
149 7 5 116
149 7 5 3
149 7 5 145
149 7 5 149
149 7 5 8
149 7 6 10
149 7 6 134
149 7 6 158
149 7 6 156
149 7 6 5
149 7 6 146
149 7 6 157
149 7 6 92
149 7 6 7
149 7 6 114
149 7 6 167
149 7 6 159
149 7 6 2
149 7 6 80
149 7 6 154
149 7 6 50
149 7 6 4
149 7 6 142
149 7 6 161
149 7 6 162
149 7 7 4
149 7 7 123
149 7 7 153
149 7 7 168
149 7 7 3
149 7 7 135
149 7 7 156
149 7 7 152
149 7 7 10
149 7 7 118
149 7 7 166
149 7 7 59
149 7 7 1
149 7 7 144
149 7 7 170
149 7 7 39
149 7 7 8
149 7 7 94
149 7 7 162
149 7 7 91
149 7 8 9
149 7 8 114
149 7 8 170
149 7 8 1
149 7 8 10
149 7 8 134
149 7 8 167
149 7 8 43
149 7 8 6
149 7 8 119
149 7 8 152
149 7 8 15
149 7 8 6
149 7 8 112
149 7 8 168
149 7 8 6
149 7 8 5
149 7 8 129
149 7 8 152
149 7 8 128
149 7 9 4
149 7 9 139
149 7 9 173
149 7 9 113
149 7 9 3
149 7 9 138
149 7 9 169
149 7 9 114
149 7 9 5
149 7 9 93
149 7 9 162
149 7 9 162
149 7 9 3
149 7 9 132
149 7 9 168
149 7 9 164
149 7 9 2
149 7 9 145
149 7 9 164
149 7 9 54
149 7 10 4
149 7 10 108
149 7 10 153
149 7 10 61
149 7 10 4
149 7 10 93
149 7 10 173
149 7 10 72
149 7 10 7
149 7 10 139
149 7 10 173
149 7 10 4
149 7 10 10
149 7 10 90
149 7 10 165
149 7 10 10
149 7 10 7
149 7 10 120
149 7 10 149
149 7 10 138
149 7 11 9
149 7 11 112
149 7 11 161
149 7 11 75
149 7 11 3
149 7 11 81
149 7 11 151
149 7 11 128
149 7 11 1
149 7 11 119
149 7 11 169
149 7 11 71
149 7 11 1
149 7 11 141
149 7 11 156
149 7 11 115
149 7 11 3
149 7 11 99
149 7 11 162
149 7 11 150
149 7 12 5
149 7 12 128
149 7 12 161
149 7 12 34
149 7 12 1
149 7 12 118
149 7 12 166
149 7 12 6
149 7 12 7
149 7 12 113
149 7 12 165
149 7 12 170
149 7 12 5
149 7 12 113
149 7 12 165
149 7 12 1
149 7 12 4
149 7 12 119
149 7 12 151
149 7 12 39
149 7 13 6
149 7 13 125
149 7 13 170
149 7 13 129
149 7 13 8
149 7 13 141
149 7 13 172
149 7 13 166
149 7 13 3
149 7 13 110
149 7 13 169
149 7 13 122
149 7 13 8
149 7 13 123
149 7 13 171
149 7 13 15
149 7 13 3
149 7 13 103
149 7 13 154
149 7 13 11
149 7 14 3
149 7 14 119
149 7 14 152
149 7 14 36
149 7 14 8
149 7 14 132
149 7 14 158
149 7 14 18
149 7 14 2
149 7 14 142
149 7 14 154
149 7 14 141
149 7 14 2
149 7 14 126
149 7 14 164
149 7 14 91
149 7 14 5
149 7 14 136
149 7 14 172
149 7 14 102
149 8 1 7
149 8 1 128
149 8 1 169
149 8 1 22
149 8 1 3
149 8 1 133
149 8 1 152
149 8 1 18
149 8 1 9
149 8 1 111
149 8 1 160
149 8 1 30
149 8 1 5
149 8 1 135
149 8 1 170
149 8 1 24
149 8 1 9
149 8 1 128
149 8 1 173
149 8 1 152
149 8 2 1
149 8 2 107
149 8 2 172
149 8 2 122
149 8 2 5
149 8 2 82
149 8 2 172
149 8 2 173
149 8 2 1
149 8 2 112
149 8 2 170
149 8 2 31
149 8 2 3
149 8 2 100
149 8 2 159
149 8 2 145
149 8 2 7
149 8 2 95
149 8 2 156
149 8 2 145
149 8 3 10
149 8 3 120
149 8 3 162
149 8 3 108
149 8 3 5
149 8 3 146
149 8 3 156
149 8 3 41
149 8 3 5
149 8 3 113
149 8 3 154
149 8 3 163
149 8 3 5
149 8 3 108
149 8 3 169
149 8 3 149
149 8 3 1
149 8 3 117
149 8 3 162
149 8 3 61
149 8 4 5
149 8 4 142
149 8 4 162
149 8 4 29
149 8 4 7
149 8 4 145
149 8 4 158
149 8 4 114
149 8 4 6
149 8 4 148
149 8 4 173
149 8 4 77
149 8 4 3
149 8 4 76
149 8 4 166
149 8 4 98
149 8 4 1
149 8 4 85
149 8 4 159
149 8 4 100
149 8 5 10
149 8 5 114
149 8 5 163
149 8 5 166
149 8 5 4
149 8 5 145
149 8 5 174
149 8 5 171
149 8 5 3
149 8 5 96
149 8 5 169
149 8 5 84
149 8 5 1
149 8 5 85
149 8 5 169
149 8 5 136
149 8 5 9
149 8 5 81
149 8 5 155
149 8 5 149
149 8 6 4
149 8 6 102
149 8 6 153
149 8 6 110
149 8 6 5
149 8 6 109
149 8 6 160
149 8 6 106
149 8 6 8
149 8 6 137
149 8 6 163
149 8 6 94
149 8 6 7
149 8 6 119
149 8 6 164
149 8 6 71
149 8 6 3
149 8 6 142
149 8 6 167
149 8 6 32
149 8 7 9
149 8 7 121
149 8 7 165
149 8 7 7
149 8 7 7
149 8 7 77
149 8 7 162
149 8 7 56
149 8 7 8
149 8 7 99
149 8 7 159
149 8 7 145
149 8 7 8
149 8 7 145
149 8 7 153
149 8 7 108
149 8 7 2
149 8 7 101
149 8 7 163
149 8 7 102
149 8 8 5
149 8 8 132
149 8 8 168
149 8 8 78
149 8 8 10
149 8 8 118
149 8 8 171
149 8 8 119
149 8 8 8
149 8 8 102
149 8 8 162
149 8 8 153
149 8 8 9
149 8 8 142
149 8 8 155
149 8 8 54
149 8 8 4
149 8 8 108
149 8 8 151
149 8 8 19
149 8 9 9
149 8 9 100
149 8 9 167
149 8 9 66
149 8 9 4
149 8 9 85
149 8 9 149
149 8 9 173
149 8 9 10
149 8 9 127
149 8 9 171
149 8 9 8
149 8 9 5
149 8 9 148
149 8 9 155
149 8 9 168
149 8 9 10
149 8 9 117
149 8 9 173
149 8 9 170
149 8 10 1
149 8 10 148
149 8 10 174
149 8 10 88
149 8 10 9
149 8 10 126
149 8 10 168
149 8 10 57
149 8 10 4
149 8 10 136
149 8 10 170
149 8 10 98
149 8 10 5
149 8 10 84
149 8 10 161
149 8 10 90
149 8 10 4
149 8 10 87
149 8 10 160
149 8 10 142
149 8 11 3
149 8 11 99
149 8 11 158
149 8 11 172
149 8 11 10
149 8 11 87
149 8 11 162
149 8 11 41
149 8 11 9
149 8 11 139
149 8 11 169
149 8 11 73
149 8 11 7
149 8 11 148
149 8 11 160
149 8 11 169
149 8 11 1
149 8 11 104
149 8 11 166
149 8 11 80
149 8 12 5
149 8 12 90
149 8 12 173
149 8 12 114
149 8 12 10
149 8 12 137
149 8 12 151
149 8 12 43
149 8 12 8
149 8 12 120
149 8 12 161
149 8 12 91
149 8 12 4
149 8 12 141
149 8 12 158
149 8 12 148
149 8 12 8
149 8 12 139
149 8 12 158
149 8 12 123
149 8 13 5
149 8 13 75
149 8 13 160
149 8 13 157
149 8 13 5
149 8 13 119
149 8 13 152
149 8 13 166
149 8 13 9
149 8 13 136
149 8 13 151
149 8 13 91
149 8 13 3
149 8 13 84
149 8 13 152
149 8 13 137
149 8 13 3
149 8 13 132
149 8 13 165
149 8 13 145
149 8 14 3
149 8 14 90
149 8 14 172
149 8 14 168
149 8 14 10
149 8 14 90
149 8 14 157
149 8 14 61
149 8 14 4
149 8 14 116
149 8 14 167
149 8 14 169
149 8 14 10
149 8 14 74
149 8 14 152
149 8 14 129
149 8 14 10
149 8 14 123
149 8 14 165
149 8 14 61
149 9 1 6
149 9 1 95
149 9 1 163
149 9 1 108
149 9 1 6
149 9 1 115
149 9 1 152
149 9 1 143
149 9 1 6
149 9 1 114
149 9 1 164
149 9 1 115
149 9 1 10
149 9 1 126
149 9 1 169
149 9 1 42
149 9 1 2
149 9 1 75
149 9 1 163
149 9 1 137
149 9 2 5
149 9 2 82
149 9 2 164
149 9 2 92
149 9 2 2
149 9 2 79
149 9 2 153
149 9 2 100
149 9 2 7
149 9 2 86
149 9 2 151
149 9 2 8
149 9 2 8
149 9 2 76
149 9 2 166
149 9 2 115
149 9 2 10
149 9 2 131
149 9 2 153
149 9 2 156
149 9 3 7
149 9 3 85
149 9 3 168
149 9 3 71
149 9 3 9
149 9 3 120
149 9 3 172
149 9 3 156
149 9 3 4
149 9 3 98
149 9 3 158
149 9 3 78
149 9 3 8
149 9 3 87
149 9 3 159
149 9 3 31
149 9 3 10
149 9 3 120
149 9 3 169
149 9 3 126
149 9 4 4
149 9 4 111
149 9 4 174
149 9 4 131
149 9 4 10
149 9 4 117
149 9 4 150
149 9 4 158
149 9 4 8
149 9 4 113
149 9 4 172
149 9 4 157
149 9 4 5
149 9 4 95
149 9 4 155
149 9 4 67
149 9 4 2
149 9 4 135
149 9 4 150
149 9 4 18
149 9 5 4
149 9 5 149
149 9 5 165
149 9 5 88
149 9 5 8
149 9 5 113
149 9 5 170
149 9 5 86
149 9 5 6
149 9 5 146
149 9 5 166
149 9 5 19
149 9 5 4
149 9 5 147
149 9 5 174
149 9 5 8
149 9 5 9
149 9 5 82
149 9 5 161
149 9 5 121
149 9 6 8
149 9 6 79
149 9 6 163
149 9 6 134
149 9 6 10
149 9 6 86
149 9 6 152
149 9 6 46
149 9 6 8
149 9 6 100
149 9 6 167
149 9 6 17
149 9 6 10
149 9 6 93
149 9 6 170
149 9 6 110
149 9 6 1
149 9 6 131
149 9 6 156
149 9 6 71
149 9 7 3
149 9 7 138
149 9 7 164
149 9 7 136
149 9 7 2
149 9 7 139
149 9 7 156
149 9 7 7
149 9 7 5
149 9 7 109
149 9 7 149
149 9 7 116
149 9 7 5
149 9 7 111
149 9 7 153
149 9 7 68
149 9 7 2
149 9 7 84
149 9 7 170
149 9 7 17
149 9 8 7
149 9 8 125
149 9 8 157
149 9 8 45
149 9 8 8
149 9 8 131
149 9 8 154
149 9 8 49
149 9 8 1
149 9 8 95
149 9 8 151
149 9 8 109
149 9 8 6
149 9 8 140
149 9 8 154
149 9 8 174
149 9 8 7
149 9 8 85
149 9 8 170
149 9 8 15
149 9 9 6
149 9 9 102
149 9 9 152
149 9 9 89
149 9 9 8
149 9 9 78
149 9 9 173
149 9 9 119
149 9 9 3
149 9 9 142
149 9 9 151
149 9 9 37
149 9 9 5
149 9 9 132
149 9 9 172
149 9 9 34
149 9 9 6
149 9 9 103
149 9 9 158
149 9 9 126
149 9 10 8
149 9 10 102
149 9 10 153
149 9 10 15
149 9 10 4
149 9 10 140
149 9 10 157
149 9 10 139
149 9 10 8
149 9 10 138
149 9 10 164
149 9 10 152
149 9 10 6
149 9 10 133
149 9 10 161
149 9 10 79
149 9 10 9
149 9 10 89
149 9 10 163
149 9 10 155
149 9 11 5
149 9 11 76
149 9 11 154
149 9 11 102
149 9 11 1
149 9 11 135
149 9 11 150
149 9 11 81
149 9 11 6
149 9 11 94
149 9 11 170
149 9 11 56
149 9 11 5
149 9 11 82
149 9 11 165
149 9 11 146
149 9 11 6
149 9 11 101
149 9 11 162
149 9 11 76
149 9 12 8
149 9 12 97
149 9 12 150
149 9 12 63
149 9 12 1
149 9 12 139
149 9 12 168
149 9 12 121
149 9 12 4
149 9 12 81
149 9 12 161
149 9 12 170
149 9 12 6
149 9 12 115
149 9 12 156
149 9 12 134
149 9 12 5
149 9 12 116
149 9 12 154
149 9 12 5
149 9 13 3
149 9 13 142
149 9 13 155
149 9 13 25
149 9 13 4
149 9 13 149
149 9 13 157
149 9 13 47
149 9 13 8
149 9 13 95
149 9 13 159
149 9 13 109
149 9 13 8
149 9 13 78
149 9 13 157
149 9 13 16
149 9 13 8
149 9 13 144
149 9 13 161
149 9 13 137
149 9 14 6
149 9 14 147
149 9 14 160
149 9 14 131
149 9 14 1
149 9 14 89
149 9 14 150
149 9 14 47
149 9 14 1
149 9 14 122
149 9 14 168
149 9 14 26
149 9 14 7
149 9 14 104
149 9 14 171
149 9 14 138
149 9 14 5
149 9 14 109
149 9 14 169
149 9 14 139
149 10 1 3
149 10 1 95
149 10 1 153
149 10 1 110
149 10 1 4
149 10 1 103
149 10 1 174
149 10 1 36
149 10 1 3
149 10 1 141
149 10 1 166
149 10 1 61
149 10 1 4
149 10 1 120
149 10 1 168
149 10 1 110
149 10 1 10
149 10 1 83
149 10 1 173
149 10 1 98
149 10 2 5
149 10 2 99
149 10 2 172
149 10 2 143
149 10 2 6
149 10 2 126
149 10 2 155
149 10 2 19
149 10 2 3
149 10 2 128
149 10 2 172
149 10 2 17
149 10 2 9
149 10 2 105
149 10 2 151
149 10 2 44
149 10 2 9
149 10 2 108
149 10 2 159
149 10 2 83
149 10 3 10
149 10 3 82
149 10 3 156
149 10 3 139
149 10 3 4
149 10 3 84
149 10 3 161
149 10 3 92
149 10 3 7
149 10 3 87
149 10 3 159
149 10 3 159
149 10 3 4
149 10 3 126
149 10 3 167
149 10 3 124
149 10 3 1
149 10 3 118
149 10 3 153
149 10 3 46
149 10 4 4
149 10 4 98
149 10 4 159
149 10 4 166
149 10 4 4
149 10 4 148
149 10 4 152
149 10 4 124
149 10 4 9
149 10 4 117
149 10 4 149
149 10 4 104
149 10 4 8
149 10 4 122
149 10 4 152
149 10 4 27
149 10 4 2
149 10 4 75
149 10 4 170
149 10 4 71
149 10 5 6
149 10 5 103
149 10 5 168
149 10 5 102
149 10 5 9
149 10 5 85
149 10 5 171
149 10 5 166
149 10 5 6
149 10 5 141
149 10 5 163
149 10 5 74
149 10 5 5
149 10 5 145
149 10 5 162
149 10 5 5
149 10 5 4
149 10 5 127
149 10 5 154
149 10 5 133
149 10 6 5
149 10 6 95
149 10 6 158
149 10 6 123
149 10 6 6
149 10 6 91
149 10 6 168
149 10 6 59
149 10 6 10
149 10 6 98
149 10 6 169
149 10 6 106
149 10 6 5
149 10 6 81
149 10 6 161
149 10 6 107
149 10 6 6
149 10 6 120
149 10 6 150
149 10 6 48
149 10 7 5
149 10 7 148
149 10 7 156
149 10 7 26
149 10 7 5
149 10 7 86
149 10 7 162
149 10 7 160
149 10 7 1
149 10 7 105
149 10 7 157
149 10 7 111
149 10 7 1
149 10 7 137
149 10 7 152
149 10 7 12
149 10 7 9
149 10 7 130
149 10 7 167
149 10 7 56
149 10 8 10
149 10 8 137
149 10 8 152
149 10 8 132
149 10 8 7
149 10 8 117
149 10 8 156
149 10 8 65
149 10 8 10
149 10 8 118
149 10 8 162
149 10 8 69
149 10 8 5
149 10 8 110
149 10 8 149
149 10 8 51
149 10 8 1
149 10 8 134
149 10 8 150
149 10 8 90
149 10 9 7
149 10 9 145
149 10 9 162
149 10 9 120
149 10 9 3
149 10 9 118
149 10 9 160
149 10 9 68
149 10 9 6
149 10 9 83
149 10 9 152
149 10 9 63
149 10 9 8
149 10 9 74
149 10 9 163
149 10 9 115
149 10 9 10
149 10 9 118
149 10 9 151
149 10 9 11
149 10 10 8
149 10 10 109
149 10 10 167
149 10 10 1
149 10 10 9
149 10 10 81
149 10 10 172
149 10 10 132
149 10 10 7
149 10 10 76
149 10 10 170
149 10 10 98
149 10 10 10
149 10 10 130
149 10 10 171
149 10 10 9
149 10 10 1
149 10 10 106
149 10 10 170
149 10 10 7
149 10 11 2
149 10 11 79
149 10 11 155
149 10 11 63
149 10 11 9
149 10 11 133
149 10 11 156
149 10 11 21
149 10 11 8
149 10 11 129
149 10 11 163
149 10 11 172
149 10 11 3
149 10 11 102
149 10 11 151
149 10 11 162
149 10 11 9
149 10 11 142
149 10 11 152
149 10 11 124
149 10 12 4
149 10 12 76
149 10 12 160
149 10 12 36
149 10 12 5
149 10 12 139
149 10 12 158
149 10 12 64
149 10 12 4
149 10 12 103
149 10 12 171
149 10 12 130
149 10 12 7
149 10 12 106
149 10 12 154
149 10 12 102
149 10 12 6
149 10 12 86
149 10 12 163
149 10 12 141
149 10 13 6
149 10 13 118
149 10 13 149
149 10 13 163
149 10 13 10
149 10 13 97
149 10 13 150
149 10 13 11
149 10 13 7
149 10 13 79
149 10 13 174
149 10 13 103
149 10 13 4
149 10 13 115
149 10 13 171
149 10 13 11
149 10 13 6
149 10 13 110
149 10 13 169
149 10 13 112
149 10 14 10
149 10 14 119
149 10 14 162
149 10 14 120
149 10 14 9
149 10 14 97
149 10 14 172
149 10 14 73
149 10 14 6
149 10 14 111
149 10 14 162
149 10 14 47
149 10 14 9
149 10 14 103
149 10 14 151
149 10 14 136
149 10 14 2
149 10 14 120
149 10 14 167
149 10 14 55
149 11 1 7
149 11 1 146
149 11 1 165
149 11 1 35
149 11 1 4
149 11 1 104
149 11 1 154
149 11 1 119
149 11 1 9
149 11 1 112
149 11 1 169
149 11 1 126
149 11 1 7
149 11 1 89
149 11 1 157
149 11 1 41
149 11 1 10
149 11 1 91
149 11 1 154
149 11 1 47
149 11 2 7
149 11 2 102
149 11 2 157
149 11 2 33
149 11 2 7
149 11 2 121
149 11 2 164
149 11 2 26
149 11 2 9
149 11 2 108
149 11 2 151
149 11 2 56
149 11 2 5
149 11 2 90
149 11 2 168
149 11 2 39
149 11 2 10
149 11 2 94
149 11 2 152
149 11 2 154
149 11 3 9
149 11 3 118
149 11 3 169
149 11 3 15
149 11 3 8
149 11 3 83
149 11 3 172
149 11 3 18
149 11 3 3
149 11 3 147
149 11 3 160
149 11 3 7
149 11 3 8
149 11 3 77
149 11 3 165
149 11 3 174
149 11 3 1
149 11 3 121
149 11 3 173
149 11 3 21
149 11 4 3
149 11 4 132
149 11 4 159
149 11 4 72
149 11 4 1
149 11 4 137
149 11 4 173
149 11 4 36
149 11 4 1
149 11 4 95
149 11 4 158
149 11 4 155
149 11 4 9
149 11 4 94
149 11 4 172
149 11 4 124
149 11 4 9
149 11 4 106
149 11 4 156
149 11 4 34
149 11 5 7
149 11 5 89
149 11 5 160
149 11 5 37
149 11 5 5
149 11 5 111
149 11 5 169
149 11 5 114
149 11 5 6
149 11 5 79
149 11 5 168
149 11 5 114
149 11 5 4
149 11 5 133
149 11 5 173
149 11 5 105
149 11 5 8
149 11 5 126
149 11 5 164
149 11 5 101
149 11 6 3
149 11 6 108
149 11 6 169
149 11 6 46
149 11 6 5
149 11 6 114
149 11 6 174
149 11 6 161
149 11 6 3
149 11 6 126
149 11 6 166
149 11 6 97
149 11 6 7
149 11 6 149
149 11 6 164
149 11 6 170
149 11 6 6
149 11 6 111
149 11 6 164
149 11 6 50
149 11 7 10
149 11 7 88
149 11 7 171
149 11 7 39
149 11 7 9
149 11 7 135
149 11 7 158
149 11 7 77
149 11 7 3
149 11 7 79
149 11 7 171
149 11 7 148
149 11 7 10
149 11 7 116
149 11 7 157
149 11 7 154
149 11 7 6
149 11 7 108
149 11 7 150
149 11 7 130
149 11 8 3
149 11 8 84
149 11 8 161
149 11 8 137
149 11 8 1
149 11 8 119
149 11 8 154
149 11 8 45
149 11 8 5
149 11 8 140
149 11 8 164
149 11 8 36
149 11 8 5
149 11 8 105
149 11 8 169
149 11 8 61
149 11 8 10
149 11 8 78
149 11 8 162
149 11 8 113
149 11 9 3
149 11 9 147
149 11 9 171
149 11 9 5
149 11 9 6
149 11 9 93
149 11 9 170
149 11 9 59
149 11 9 5
149 11 9 144
149 11 9 161
149 11 9 174
149 11 9 6
149 11 9 87
149 11 9 163
149 11 9 71
149 11 9 2
149 11 9 148
149 11 9 153
149 11 9 131
149 11 10 4
149 11 10 93
149 11 10 153
149 11 10 17
149 11 10 10
149 11 10 85
149 11 10 169
149 11 10 67
149 11 10 9
149 11 10 139
149 11 10 153
149 11 10 132
149 11 10 2
149 11 10 88
149 11 10 150
149 11 10 172
149 11 10 3
149 11 10 107
149 11 10 150
149 11 10 168
149 11 11 1
149 11 11 110
149 11 11 162
149 11 11 88
149 11 11 9
149 11 11 98
149 11 11 158
149 11 11 38
149 11 11 3
149 11 11 141
149 11 11 166
149 11 11 65
149 11 11 8
149 11 11 148
149 11 11 161
149 11 11 122
149 11 11 4
149 11 11 96
149 11 11 153
149 11 11 44
149 11 12 1
149 11 12 83
149 11 12 155
149 11 12 18
149 11 12 9
149 11 12 121
149 11 12 171
149 11 12 146
149 11 12 3
149 11 12 132
149 11 12 160
149 11 12 115
149 11 12 5
149 11 12 144
149 11 12 150
149 11 12 171
149 11 12 10
149 11 12 95
149 11 12 154
149 11 12 105
149 11 13 1
149 11 13 141
149 11 13 150
149 11 13 121
149 11 13 5
149 11 13 86
149 11 13 156
149 11 13 72
149 11 13 7
149 11 13 97
149 11 13 151
149 11 13 115
149 11 13 9
149 11 13 124
149 11 13 156
149 11 13 158
149 11 13 9
149 11 13 95
149 11 13 161
149 11 13 24
149 11 14 4
149 11 14 84
149 11 14 153
149 11 14 156
149 11 14 9
149 11 14 128
149 11 14 151
149 11 14 18
149 11 14 2
149 11 14 144
149 11 14 157
149 11 14 110
149 11 14 9
149 11 14 121
149 11 14 174
149 11 14 145
149 11 14 4
149 11 14 133
149 11 14 160
149 11 14 132
149 12 1 9
149 12 1 104
149 12 1 166
149 12 1 31
149 12 1 1
149 12 1 142
149 12 1 172
149 12 1 157
149 12 1 7
149 12 1 125
149 12 1 160
149 12 1 80
149 12 1 4
149 12 1 93
149 12 1 171
149 12 1 39
149 12 1 7
149 12 1 114
149 12 1 173
149 12 1 59
149 12 2 1
149 12 2 145
149 12 2 170
149 12 2 145
149 12 2 5
149 12 2 84
149 12 2 171
149 12 2 8
149 12 2 6
149 12 2 148
149 12 2 156
149 12 2 44
149 12 2 10
149 12 2 131
149 12 2 157
149 12 2 8
149 12 2 1
149 12 2 100
149 12 2 172
149 12 2 129
149 12 3 6
149 12 3 85
149 12 3 164
149 12 3 38
149 12 3 10
149 12 3 147
149 12 3 156
149 12 3 142
149 12 3 10
149 12 3 129
149 12 3 157
149 12 3 161
149 12 3 7
149 12 3 140
149 12 3 161
149 12 3 108
149 12 3 5
149 12 3 119
149 12 3 172
149 12 3 100
149 12 4 6
149 12 4 95
149 12 4 156
149 12 4 118
149 12 4 10
149 12 4 111
149 12 4 149
149 12 4 81
149 12 4 5
149 12 4 128
149 12 4 155
149 12 4 93
149 12 4 2
149 12 4 123
149 12 4 165
149 12 4 106
149 12 4 10
149 12 4 79
149 12 4 162
149 12 4 97
149 12 5 6
149 12 5 145
149 12 5 158
149 12 5 10
149 12 5 5
149 12 5 104
149 12 5 171
149 12 5 109
149 12 5 7
149 12 5 126
149 12 5 163
149 12 5 46
149 12 5 3
149 12 5 149
149 12 5 158
149 12 5 134
149 12 5 7
149 12 5 90
149 12 5 167
149 12 5 30
149 12 6 8
149 12 6 107
149 12 6 155
149 12 6 138
149 12 6 7
149 12 6 95
149 12 6 165
149 12 6 88
149 12 6 7
149 12 6 96
149 12 6 171
149 12 6 6
149 12 6 4
149 12 6 115
149 12 6 157
149 12 6 47
149 12 6 1
149 12 6 77
149 12 6 172
149 12 6 119
149 12 7 2
149 12 7 115
149 12 7 165
149 12 7 129
149 12 7 9
149 12 7 116
149 12 7 160
149 12 7 100
149 12 7 3
149 12 7 145
149 12 7 174
149 12 7 104
149 12 7 3
149 12 7 83
149 12 7 163
149 12 7 19
149 12 7 8
149 12 7 75
149 12 7 155
149 12 7 170
149 12 8 9
149 12 8 125
149 12 8 158
149 12 8 8
149 12 8 4
149 12 8 113
149 12 8 163
149 12 8 121
149 12 8 1
149 12 8 97
149 12 8 153
149 12 8 35
149 12 8 10
149 12 8 125
149 12 8 168
149 12 8 165
149 12 8 9
149 12 8 124
149 12 8 174
149 12 8 73
149 12 9 1
149 12 9 129
149 12 9 156
149 12 9 117
149 12 9 5
149 12 9 135
149 12 9 167
149 12 9 20
149 12 9 3
149 12 9 97
149 12 9 152
149 12 9 172
149 12 9 3
149 12 9 124
149 12 9 153
149 12 9 110
149 12 9 7
149 12 9 148
149 12 9 160
149 12 9 48
149 12 10 4
149 12 10 91
149 12 10 150
149 12 10 104
149 12 10 5
149 12 10 131
149 12 10 165
149 12 10 160
149 12 10 9
149 12 10 89
149 12 10 153
149 12 10 156
149 12 10 8
149 12 10 106
149 12 10 153
149 12 10 44
149 12 10 6
149 12 10 94
149 12 10 161
149 12 10 85
149 12 11 2
149 12 11 93
149 12 11 164
149 12 11 131
149 12 11 9
149 12 11 114
149 12 11 151
149 12 11 2
149 12 11 7
149 12 11 77
149 12 11 150
149 12 11 64
149 12 11 5
149 12 11 81
149 12 11 159
149 12 11 30
149 12 11 9
149 12 11 139
149 12 11 153
149 12 11 66
149 12 12 1
149 12 12 134
149 12 12 162
149 12 12 53
149 12 12 6
149 12 12 99
149 12 12 165
149 12 12 48
149 12 12 8
149 12 12 141
149 12 12 165
149 12 12 2
149 12 12 4
149 12 12 83
149 12 12 154
149 12 12 10
149 12 12 9
149 12 12 145
149 12 12 154
149 12 12 76
149 12 13 5
149 12 13 132
149 12 13 166
149 12 13 14
149 12 13 2
149 12 13 107
149 12 13 151
149 12 13 127
149 12 13 2
149 12 13 143
149 12 13 154
149 12 13 6
149 12 13 8
149 12 13 146
149 12 13 164
149 12 13 30
149 12 13 4
149 12 13 126
149 12 13 171
149 12 13 55
149 12 14 4
149 12 14 113
149 12 14 165
149 12 14 155
149 12 14 8
149 12 14 148
149 12 14 152
149 12 14 31
149 12 14 5
149 12 14 87
149 12 14 159
149 12 14 56
149 12 14 9
149 12 14 123
149 12 14 150
149 12 14 9
149 12 14 1
149 12 14 86
149 12 14 170
149 12 14 49
149 13 1 3
149 13 1 130
149 13 1 156
149 13 1 97
149 13 1 8
149 13 1 124
149 13 1 170
149 13 1 136
149 13 1 10
149 13 1 143
149 13 1 153
149 13 1 103
149 13 1 2
149 13 1 82
149 13 1 162
149 13 1 80
149 13 1 4
149 13 1 124
149 13 1 169
149 13 1 24
149 13 2 4
149 13 2 107
149 13 2 160
149 13 2 135
149 13 2 10
149 13 2 100
149 13 2 151
149 13 2 143
149 13 2 9
149 13 2 132
149 13 2 156
149 13 2 65
149 13 2 2
149 13 2 75
149 13 2 166
149 13 2 153
149 13 2 3
149 13 2 136
149 13 2 151
149 13 2 77
149 13 3 3
149 13 3 91
149 13 3 165
149 13 3 57
149 13 3 7
149 13 3 77
149 13 3 167
149 13 3 25
149 13 3 1
149 13 3 87
149 13 3 151
149 13 3 93
149 13 3 5
149 13 3 140
149 13 3 157
149 13 3 170
149 13 3 10
149 13 3 106
149 13 3 152
149 13 3 40
149 13 4 2
149 13 4 145
149 13 4 156
149 13 4 99
149 13 4 5
149 13 4 146
149 13 4 151
149 13 4 7
149 13 4 6
149 13 4 88
149 13 4 150
149 13 4 63
149 13 4 5
149 13 4 116
149 13 4 155
149 13 4 69
149 13 4 8
149 13 4 122
149 13 4 159
149 13 4 165
149 13 5 7
149 13 5 77
149 13 5 171
149 13 5 12
149 13 5 7
149 13 5 99
149 13 5 153
149 13 5 143
149 13 5 1
149 13 5 111
149 13 5 151
149 13 5 141
149 13 5 6
149 13 5 100
149 13 5 151
149 13 5 119
149 13 5 9
149 13 5 131
149 13 5 155
149 13 5 73
149 13 6 1
149 13 6 124
149 13 6 170
149 13 6 130
149 13 6 8
149 13 6 106
149 13 6 159
149 13 6 162
149 13 6 9
149 13 6 145
149 13 6 174
149 13 6 94
149 13 6 8
149 13 6 88
149 13 6 151
149 13 6 125
149 13 6 1
149 13 6 81
149 13 6 157
149 13 6 104
149 13 7 4
149 13 7 140
149 13 7 169
149 13 7 161
149 13 7 9
149 13 7 128
149 13 7 161
149 13 7 52
149 13 7 8
149 13 7 75
149 13 7 174
149 13 7 24
149 13 7 1
149 13 7 76
149 13 7 152
149 13 7 74
149 13 7 3
149 13 7 127
149 13 7 174
149 13 7 150
149 13 8 4
149 13 8 86
149 13 8 161
149 13 8 39
149 13 8 4
149 13 8 132
149 13 8 168
149 13 8 3
149 13 8 5
149 13 8 120
149 13 8 174
149 13 8 156
149 13 8 8
149 13 8 83
149 13 8 163
149 13 8 28
149 13 8 3
149 13 8 87
149 13 8 159
149 13 8 85
149 13 9 3
149 13 9 139
149 13 9 152
149 13 9 53
149 13 9 3
149 13 9 91
149 13 9 170
149 13 9 122
149 13 9 9
149 13 9 102
149 13 9 172
149 13 9 69
149 13 9 3
149 13 9 110
149 13 9 158
149 13 9 79
149 13 9 8
149 13 9 87
149 13 9 171
149 13 9 150
149 13 10 8
149 13 10 121
149 13 10 173
149 13 10 146
149 13 10 9
149 13 10 140
149 13 10 172
149 13 10 30
149 13 10 2
149 13 10 100
149 13 10 152
149 13 10 109
149 13 10 9
149 13 10 147
149 13 10 160
149 13 10 63
149 13 10 2
149 13 10 100
149 13 10 159
149 13 10 60
149 13 11 8
149 13 11 83
149 13 11 171
149 13 11 94
149 13 11 2
149 13 11 123
149 13 11 159
149 13 11 2
149 13 11 7
149 13 11 77
149 13 11 160
149 13 11 8
149 13 11 5
149 13 11 75
149 13 11 157
149 13 11 34
149 13 11 7
149 13 11 131
149 13 11 156
149 13 11 59
149 13 12 8
149 13 12 95
149 13 12 164
149 13 12 81
149 13 12 6
149 13 12 75
149 13 12 163
149 13 12 138
149 13 12 4
149 13 12 79
149 13 12 172
149 13 12 80
149 13 12 2
149 13 12 118
149 13 12 152
149 13 12 121
149 13 12 1
149 13 12 81
149 13 12 161
149 13 12 26
149 13 13 6
149 13 13 146
149 13 13 174
149 13 13 134
149 13 13 3
149 13 13 114
149 13 13 167
149 13 13 78
149 13 13 6
149 13 13 141
149 13 13 157
149 13 13 131
149 13 13 2
149 13 13 104
149 13 13 153
149 13 13 3
149 13 13 1
149 13 13 82
149 13 13 160
149 13 13 133
149 13 14 7
149 13 14 78
149 13 14 151
149 13 14 98
149 13 14 7
149 13 14 111
149 13 14 171
149 13 14 21
149 13 14 6
149 13 14 86
149 13 14 152
149 13 14 12
149 13 14 3
149 13 14 138
149 13 14 174
149 13 14 65
149 13 14 2
149 13 14 132
149 13 14 173
149 13 14 144
149 14 1 1
149 14 1 81
149 14 1 171
149 14 1 59
149 14 1 1
149 14 1 87
149 14 1 151
149 14 1 161
149 14 1 10
149 14 1 127
149 14 1 151
149 14 1 126
149 14 1 8
149 14 1 105
149 14 1 162
149 14 1 33
149 14 1 8
149 14 1 111
149 14 1 164
149 14 1 141
149 14 2 5
149 14 2 144
149 14 2 169
149 14 2 92
149 14 2 8
149 14 2 95
149 14 2 162
149 14 2 107
149 14 2 2
149 14 2 105
149 14 2 158
149 14 2 22
149 14 2 4
149 14 2 119
149 14 2 150
149 14 2 159
149 14 2 7
149 14 2 115
149 14 2 155
149 14 2 119
149 14 3 6
149 14 3 114
149 14 3 171
149 14 3 141
149 14 3 4
149 14 3 132
149 14 3 155
149 14 3 1
149 14 3 9
149 14 3 92
149 14 3 155
149 14 3 19
149 14 3 5
149 14 3 77
149 14 3 161
149 14 3 10
149 14 3 1
149 14 3 85
149 14 3 152
149 14 3 148
149 14 4 1
149 14 4 127
149 14 4 167
149 14 4 70
149 14 4 3
149 14 4 131
149 14 4 149
149 14 4 165
149 14 4 5
149 14 4 140
149 14 4 161
149 14 4 122
149 14 4 3
149 14 4 76
149 14 4 153
149 14 4 97
149 14 4 9
149 14 4 133
149 14 4 167
149 14 4 69
149 14 5 4
149 14 5 149
149 14 5 150
149 14 5 111
149 14 5 5
149 14 5 125
149 14 5 172
149 14 5 28
149 14 5 2
149 14 5 87
149 14 5 167
149 14 5 168
149 14 5 8
149 14 5 124
149 14 5 162
149 14 5 172
149 14 5 3
149 14 5 108
149 14 5 153
149 14 5 158
149 14 6 9
149 14 6 106
149 14 6 153
149 14 6 137
149 14 6 4
149 14 6 143
149 14 6 152
149 14 6 93
149 14 6 8
149 14 6 141
149 14 6 171
149 14 6 49
149 14 6 3
149 14 6 142
149 14 6 156
149 14 6 124
149 14 6 1
149 14 6 141
149 14 6 149
149 14 6 151
149 14 7 1
149 14 7 93
149 14 7 168
149 14 7 69
149 14 7 3
149 14 7 90
149 14 7 155
149 14 7 15
149 14 7 10
149 14 7 75
149 14 7 156
149 14 7 139
149 14 7 1
149 14 7 125
149 14 7 164
149 14 7 1
149 14 7 7
149 14 7 116
149 14 7 153
149 14 7 63
149 14 8 10
149 14 8 98
149 14 8 151
149 14 8 35
149 14 8 4
149 14 8 133
149 14 8 167
149 14 8 18
149 14 8 2
149 14 8 119
149 14 8 169
149 14 8 94
149 14 8 4
149 14 8 135
149 14 8 154
149 14 8 90
149 14 8 9
149 14 8 139
149 14 8 154
149 14 8 152
149 14 9 5
149 14 9 122
149 14 9 174
149 14 9 6
149 14 9 9
149 14 9 93
149 14 9 166
149 14 9 122
149 14 9 8
149 14 9 83
149 14 9 170
149 14 9 110
149 14 9 3
149 14 9 80
149 14 9 174
149 14 9 156
149 14 9 3
149 14 9 149
149 14 9 173
149 14 9 136
149 14 10 9
149 14 10 95
149 14 10 161
149 14 10 111
149 14 10 5
149 14 10 87
149 14 10 164
149 14 10 75
149 14 10 1
149 14 10 122
149 14 10 161
149 14 10 76
149 14 10 4
149 14 10 99
149 14 10 173
149 14 10 76
149 14 10 1
149 14 10 113
149 14 10 150
149 14 10 140
149 14 11 10
149 14 11 132
149 14 11 150
149 14 11 22
149 14 11 5
149 14 11 144
149 14 11 170
149 14 11 43
149 14 11 1
149 14 11 112
149 14 11 161
149 14 11 151
149 14 11 6
149 14 11 99
149 14 11 156
149 14 11 129
149 14 11 4
149 14 11 147
149 14 11 155
149 14 11 25
149 14 12 1
149 14 12 107
149 14 12 159
149 14 12 27
149 14 12 4
149 14 12 74
149 14 12 155
149 14 12 10
149 14 12 4
149 14 12 86
149 14 12 167
149 14 12 53
149 14 12 10
149 14 12 141
149 14 12 153
149 14 12 164
149 14 12 10
149 14 12 120
149 14 12 174
149 14 12 159
149 14 13 6
149 14 13 86
149 14 13 152
149 14 13 85
149 14 13 1
149 14 13 112
149 14 13 152
149 14 13 98
149 14 13 8
149 14 13 93
149 14 13 162
149 14 13 145
149 14 13 6
149 14 13 125
149 14 13 173
149 14 13 11
149 14 13 7
149 14 13 107
149 14 13 165
149 14 13 121
149 14 14 9
149 14 14 133
149 14 14 160
149 14 14 15
149 14 14 5
149 14 14 122
149 14 14 171
149 14 14 131
149 14 14 9
149 14 14 97
149 14 14 173
149 14 14 79
149 14 14 3
149 14 14 123
149 14 14 157
149 14 14 10
149 14 14 9
149 14 14 120
149 14 14 169
149 14 14 55
151 1 1 10
151 1 1 133
151 1 1 158
151 1 1 111
151 1 1 7
151 1 1 91
151 1 1 170
151 1 1 123
151 1 1 10
151 1 1 147
151 1 1 154
151 1 1 75
151 1 1 6
151 1 1 75
151 1 1 166
151 1 1 72
151 1 1 4
151 1 1 137
151 1 1 155
151 1 1 60
151 1 2 9
151 1 2 124
151 1 2 161
151 1 2 79
151 1 2 2
151 1 2 91
151 1 2 158
151 1 2 2
151 1 2 6
151 1 2 83
151 1 2 158
151 1 2 142
151 1 2 5
151 1 2 107
151 1 2 173
151 1 2 173
151 1 2 10
151 1 2 96
151 1 2 173
151 1 2 79
151 1 3 1
151 1 3 122
151 1 3 163
151 1 3 46
151 1 3 8
151 1 3 88
151 1 3 156
151 1 3 158
151 1 3 9
151 1 3 143
151 1 3 153
151 1 3 134
151 1 3 5
151 1 3 138
151 1 3 156
151 1 3 30
151 1 3 1
151 1 3 100
151 1 3 173
151 1 3 163
151 1 4 4
151 1 4 143
151 1 4 176
151 1 4 23
151 1 4 2
151 1 4 78
151 1 4 153
151 1 4 96
151 1 4 9
151 1 4 86
151 1 4 163
151 1 4 107
151 1 4 3
151 1 4 105
151 1 4 175
151 1 4 106
151 1 4 6
151 1 4 150
151 1 4 167
151 1 4 32
151 1 5 6
151 1 5 79
151 1 5 159
151 1 5 136
151 1 5 7
151 1 5 89
151 1 5 154
151 1 5 104
151 1 5 7
151 1 5 107
151 1 5 169
151 1 5 22
151 1 5 6
151 1 5 133
151 1 5 162
151 1 5 23
151 1 5 3
151 1 5 82
151 1 5 162
151 1 5 80
151 1 6 4
151 1 6 122
151 1 6 158
151 1 6 80
151 1 6 5
151 1 6 82
151 1 6 154
151 1 6 92
151 1 6 9
151 1 6 104
151 1 6 156
151 1 6 121
151 1 6 2
151 1 6 89
151 1 6 157
151 1 6 117
151 1 6 9
151 1 6 78
151 1 6 158
151 1 6 134
151 1 7 1
151 1 7 119
151 1 7 153
151 1 7 116
151 1 7 2
151 1 7 140
151 1 7 170
151 1 7 153
151 1 7 10
151 1 7 144
151 1 7 153
151 1 7 142
151 1 7 9
151 1 7 125
151 1 7 162
151 1 7 110
151 1 7 9
151 1 7 136
151 1 7 156
151 1 7 170
151 1 8 2
151 1 8 82
151 1 8 151
151 1 8 84
151 1 8 6
151 1 8 130
151 1 8 155
151 1 8 65
151 1 8 10
151 1 8 89
151 1 8 158
151 1 8 55
151 1 8 6
151 1 8 107
151 1 8 173
151 1 8 74
151 1 8 7
151 1 8 106
151 1 8 162
151 1 8 145
151 1 9 3
151 1 9 133
151 1 9 158
151 1 9 71
151 1 9 1
151 1 9 109
151 1 9 163
151 1 9 101
151 1 9 5
151 1 9 112
151 1 9 164
151 1 9 92
151 1 9 4
151 1 9 139
151 1 9 173
151 1 9 83
151 1 9 9
151 1 9 128
151 1 9 170
151 1 9 29
151 1 10 6
151 1 10 82
151 1 10 151
151 1 10 176
151 1 10 6
151 1 10 87
151 1 10 160
151 1 10 158
151 1 10 10
151 1 10 93
151 1 10 162
151 1 10 11
151 1 10 1
151 1 10 133
151 1 10 153
151 1 10 52
151 1 10 1
151 1 10 90
151 1 10 163
151 1 10 120
151 1 11 5
151 1 11 81
151 1 11 160
151 1 11 93
151 1 11 2
151 1 11 99
151 1 11 160
151 1 11 35
151 1 11 7
151 1 11 108
151 1 11 159
151 1 11 126
151 1 11 6
151 1 11 94
151 1 11 165
151 1 11 158
151 1 11 8
151 1 11 109
151 1 11 159
151 1 11 64
151 1 12 1
151 1 12 128
151 1 12 163
151 1 12 96
151 1 12 7
151 1 12 119
151 1 12 173
151 1 12 1
151 1 12 10
151 1 12 86
151 1 12 170
151 1 12 122
151 1 12 6
151 1 12 118
151 1 12 174
151 1 12 10
151 1 12 3
151 1 12 125
151 1 12 151
151 1 12 153
151 1 13 3
151 1 13 124
151 1 13 154
151 1 13 32
151 1 13 9
151 1 13 77
151 1 13 167
151 1 13 8
151 1 13 9
151 1 13 83
151 1 13 176
151 1 13 107
151 1 13 3
151 1 13 102
151 1 13 176
151 1 13 47
151 1 13 7
151 1 13 85
151 1 13 159
151 1 13 126
151 1 14 1
151 1 14 127
151 1 14 162
151 1 14 6
151 1 14 10
151 1 14 90
151 1 14 160
151 1 14 149
151 1 14 7
151 1 14 149
151 1 14 164
151 1 14 67
151 1 14 8
151 1 14 116
151 1 14 161
151 1 14 89
151 1 14 7
151 1 14 86
151 1 14 172
151 1 14 141
151 2 1 4
151 2 1 88
151 2 1 169
151 2 1 36
151 2 1 5
151 2 1 107
151 2 1 160
151 2 1 148
151 2 1 10
151 2 1 87
151 2 1 159
151 2 1 129
151 2 1 7
151 2 1 87
151 2 1 158
151 2 1 122
151 2 1 10
151 2 1 132
151 2 1 171
151 2 1 90
151 2 2 3
151 2 2 119
151 2 2 160
151 2 2 86
151 2 2 5
151 2 2 79
151 2 2 157
151 2 2 17
151 2 2 5
151 2 2 138
151 2 2 176
151 2 2 74
151 2 2 5
151 2 2 84
151 2 2 154
151 2 2 104
151 2 2 10
151 2 2 144
151 2 2 171
151 2 2 33
151 2 3 6
151 2 3 94
151 2 3 172
151 2 3 58
151 2 3 2
151 2 3 132
151 2 3 157
151 2 3 172
151 2 3 4
151 2 3 109
151 2 3 161
151 2 3 39
151 2 3 10
151 2 3 138
151 2 3 176
151 2 3 86
151 2 3 3
151 2 3 82
151 2 3 165
151 2 3 13
151 2 4 1
151 2 4 149
151 2 4 164
151 2 4 52
151 2 4 4
151 2 4 114
151 2 4 173
151 2 4 158
151 2 4 5
151 2 4 140
151 2 4 158
151 2 4 72
151 2 4 1
151 2 4 145
151 2 4 172
151 2 4 120
151 2 4 6
151 2 4 127
151 2 4 162
151 2 4 133
151 2 5 2
151 2 5 145
151 2 5 152
151 2 5 11
151 2 5 2
151 2 5 90
151 2 5 174
151 2 5 130
151 2 5 3
151 2 5 87
151 2 5 156
151 2 5 117
151 2 5 10
151 2 5 97
151 2 5 159
151 2 5 97
151 2 5 10
151 2 5 129
151 2 5 168
151 2 5 130
151 2 6 2
151 2 6 97
151 2 6 168
151 2 6 170
151 2 6 2
151 2 6 115
151 2 6 157
151 2 6 39
151 2 6 2
151 2 6 129
151 2 6 163
151 2 6 35
151 2 6 8
151 2 6 89
151 2 6 158
151 2 6 28
151 2 6 1
151 2 6 129
151 2 6 174
151 2 6 71
151 2 7 10
151 2 7 143
151 2 7 171
151 2 7 140
151 2 7 10
151 2 7 103
151 2 7 168
151 2 7 27
151 2 7 6
151 2 7 144
151 2 7 155
151 2 7 30
151 2 7 1
151 2 7 119
151 2 7 165
151 2 7 109
151 2 7 9
151 2 7 129
151 2 7 157
151 2 7 113
151 2 8 8
151 2 8 96
151 2 8 159
151 2 8 59
151 2 8 7
151 2 8 85
151 2 8 163
151 2 8 70
151 2 8 2
151 2 8 151
151 2 8 163
151 2 8 132
151 2 8 8
151 2 8 77
151 2 8 165
151 2 8 147
151 2 8 5
151 2 8 125
151 2 8 171
151 2 8 124
151 2 9 3
151 2 9 81
151 2 9 156
151 2 9 140
151 2 9 6
151 2 9 95
151 2 9 173
151 2 9 138
151 2 9 4
151 2 9 104
151 2 9 174
151 2 9 161
151 2 9 2
151 2 9 77
151 2 9 172
151 2 9 134
151 2 9 3
151 2 9 116
151 2 9 166
151 2 9 49
151 2 10 4
151 2 10 122
151 2 10 154
151 2 10 153
151 2 10 4
151 2 10 82
151 2 10 156
151 2 10 67
151 2 10 6
151 2 10 125
151 2 10 174
151 2 10 28
151 2 10 6
151 2 10 149
151 2 10 152
151 2 10 90
151 2 10 7
151 2 10 94
151 2 10 166
151 2 10 173
151 2 11 10
151 2 11 132
151 2 11 164
151 2 11 173
151 2 11 9
151 2 11 148
151 2 11 158
151 2 11 111
151 2 11 6
151 2 11 122
151 2 11 159
151 2 11 4
151 2 11 9
151 2 11 95
151 2 11 159
151 2 11 21
151 2 11 10
151 2 11 92
151 2 11 165
151 2 11 55
151 2 12 9
151 2 12 88
151 2 12 155
151 2 12 84
151 2 12 2
151 2 12 98
151 2 12 160
151 2 12 82
151 2 12 4
151 2 12 138
151 2 12 154
151 2 12 26
151 2 12 10
151 2 12 81
151 2 12 160
151 2 12 82
151 2 12 2
151 2 12 109
151 2 12 176
151 2 12 116
151 2 13 5
151 2 13 92
151 2 13 153
151 2 13 154
151 2 13 3
151 2 13 76
151 2 13 158
151 2 13 56
151 2 13 1
151 2 13 113
151 2 13 160
151 2 13 150
151 2 13 8
151 2 13 138
151 2 13 155
151 2 13 160
151 2 13 8
151 2 13 77
151 2 13 169
151 2 13 151
151 2 14 1
151 2 14 120
151 2 14 151
151 2 14 11
151 2 14 6
151 2 14 140
151 2 14 163
151 2 14 101
151 2 14 2
151 2 14 123
151 2 14 159
151 2 14 153
151 2 14 9
151 2 14 76
151 2 14 153
151 2 14 48
151 2 14 9
151 2 14 102
151 2 14 152
151 2 14 42
151 3 1 9
151 3 1 77
151 3 1 169
151 3 1 87
151 3 1 6
151 3 1 131
151 3 1 174
151 3 1 78
151 3 1 8
151 3 1 96
151 3 1 158
151 3 1 163
151 3 1 5
151 3 1 144
151 3 1 168
151 3 1 103
151 3 1 6
151 3 1 108
151 3 1 165
151 3 1 119
151 3 2 1
151 3 2 80
151 3 2 154
151 3 2 166
151 3 2 4
151 3 2 121
151 3 2 165
151 3 2 143
151 3 2 8
151 3 2 100
151 3 2 151
151 3 2 40
151 3 2 6
151 3 2 148
151 3 2 172
151 3 2 129
151 3 2 3
151 3 2 148
151 3 2 165
151 3 2 8
151 3 3 10
151 3 3 141
151 3 3 162
151 3 3 8
151 3 3 9
151 3 3 92
151 3 3 158
151 3 3 67
151 3 3 7
151 3 3 117
151 3 3 174
151 3 3 172
151 3 3 9
151 3 3 116
151 3 3 171
151 3 3 120
151 3 3 9
151 3 3 80
151 3 3 157
151 3 3 176
151 3 4 10
151 3 4 89
151 3 4 160
151 3 4 64
151 3 4 4
151 3 4 146
151 3 4 155
151 3 4 166
151 3 4 2
151 3 4 77
151 3 4 162
151 3 4 137
151 3 4 1
151 3 4 150
151 3 4 151
151 3 4 87
151 3 4 10
151 3 4 86
151 3 4 175
151 3 4 3
151 3 5 9
151 3 5 78
151 3 5 174
151 3 5 29
151 3 5 3
151 3 5 132
151 3 5 154
151 3 5 81
151 3 5 9
151 3 5 113
151 3 5 151
151 3 5 54
151 3 5 4
151 3 5 97
151 3 5 158
151 3 5 90
151 3 5 3
151 3 5 127
151 3 5 155
151 3 5 131
151 3 6 10
151 3 6 77
151 3 6 167
151 3 6 112
151 3 6 6
151 3 6 85
151 3 6 162
151 3 6 106
151 3 6 8
151 3 6 87
151 3 6 174
151 3 6 96
151 3 6 7
151 3 6 134
151 3 6 170
151 3 6 147
151 3 6 5
151 3 6 79
151 3 6 160
151 3 6 20
151 3 7 2
151 3 7 151
151 3 7 156
151 3 7 136
151 3 7 7
151 3 7 91
151 3 7 154
151 3 7 133
151 3 7 3
151 3 7 147
151 3 7 159
151 3 7 5
151 3 7 4
151 3 7 102
151 3 7 175
151 3 7 92
151 3 7 3
151 3 7 132
151 3 7 162
151 3 7 106
151 3 8 7
151 3 8 148
151 3 8 157
151 3 8 113
151 3 8 1
151 3 8 107
151 3 8 167
151 3 8 90
151 3 8 2
151 3 8 151
151 3 8 154
151 3 8 28
151 3 8 3
151 3 8 88
151 3 8 155
151 3 8 6
151 3 8 9
151 3 8 133
151 3 8 163
151 3 8 51
151 3 9 4
151 3 9 145
151 3 9 156
151 3 9 1
151 3 9 2
151 3 9 92
151 3 9 167
151 3 9 12
151 3 9 9
151 3 9 130
151 3 9 151
151 3 9 3
151 3 9 4
151 3 9 145
151 3 9 173
151 3 9 86
151 3 9 9
151 3 9 135
151 3 9 166
151 3 9 66
151 3 10 3
151 3 10 143
151 3 10 152
151 3 10 161
151 3 10 2
151 3 10 149
151 3 10 155
151 3 10 13
151 3 10 2
151 3 10 149
151 3 10 174
151 3 10 143
151 3 10 4
151 3 10 106
151 3 10 164
151 3 10 46
151 3 10 6
151 3 10 129
151 3 10 164
151 3 10 12
151 3 11 9
151 3 11 111
151 3 11 166
151 3 11 147
151 3 11 5
151 3 11 148
151 3 11 174
151 3 11 105
151 3 11 8
151 3 11 102
151 3 11 158
151 3 11 103
151 3 11 2
151 3 11 117
151 3 11 167
151 3 11 155
151 3 11 9
151 3 11 111
151 3 11 170
151 3 11 111
151 3 12 10
151 3 12 133
151 3 12 163
151 3 12 19
151 3 12 6
151 3 12 83
151 3 12 164
151 3 12 80
151 3 12 7
151 3 12 120
151 3 12 170
151 3 12 61
151 3 12 5
151 3 12 145
151 3 12 152
151 3 12 22
151 3 12 6
151 3 12 131
151 3 12 175
151 3 12 132
151 3 13 1
151 3 13 99
151 3 13 160
151 3 13 64
151 3 13 9
151 3 13 92
151 3 13 158
151 3 13 176
151 3 13 2
151 3 13 114
151 3 13 151
151 3 13 53
151 3 13 4
151 3 13 145
151 3 13 153
151 3 13 163
151 3 13 8
151 3 13 143
151 3 13 174
151 3 13 152
151 3 14 5
151 3 14 113
151 3 14 162
151 3 14 124
151 3 14 10
151 3 14 82
151 3 14 152
151 3 14 59
151 3 14 6
151 3 14 142
151 3 14 151
151 3 14 165
151 3 14 10
151 3 14 134
151 3 14 174
151 3 14 25
151 3 14 6
151 3 14 75
151 3 14 173
151 3 14 71
151 4 1 8
151 4 1 84
151 4 1 169
151 4 1 76
151 4 1 7
151 4 1 125
151 4 1 153
151 4 1 46
151 4 1 8
151 4 1 140
151 4 1 172
151 4 1 2
151 4 1 8
151 4 1 97
151 4 1 163
151 4 1 171
151 4 1 3
151 4 1 106
151 4 1 174
151 4 1 162
151 4 2 6
151 4 2 98
151 4 2 163
151 4 2 125
151 4 2 6
151 4 2 109
151 4 2 157
151 4 2 98
151 4 2 10
151 4 2 116
151 4 2 171
151 4 2 2
151 4 2 1
151 4 2 111
151 4 2 172
151 4 2 5
151 4 2 4
151 4 2 133
151 4 2 165
151 4 2 126
151 4 3 4
151 4 3 80
151 4 3 170
151 4 3 12
151 4 3 1
151 4 3 151
151 4 3 152
151 4 3 131
151 4 3 1
151 4 3 117
151 4 3 158
151 4 3 120
151 4 3 1
151 4 3 95
151 4 3 160
151 4 3 119
151 4 3 5
151 4 3 142
151 4 3 154
151 4 3 24
151 4 4 1
151 4 4 92
151 4 4 155
151 4 4 98
151 4 4 8
151 4 4 137
151 4 4 155
151 4 4 157
151 4 4 3
151 4 4 128
151 4 4 159
151 4 4 15
151 4 4 4
151 4 4 140
151 4 4 174
151 4 4 36
151 4 4 9
151 4 4 126
151 4 4 154
151 4 4 92
151 4 5 2
151 4 5 84
151 4 5 162
151 4 5 156
151 4 5 6
151 4 5 79
151 4 5 165
151 4 5 176
151 4 5 7
151 4 5 105
151 4 5 154
151 4 5 94
151 4 5 1
151 4 5 145
151 4 5 155
151 4 5 60
151 4 5 7
151 4 5 106
151 4 5 166
151 4 5 12
151 4 6 7
151 4 6 78
151 4 6 176
151 4 6 144
151 4 6 4
151 4 6 102
151 4 6 158
151 4 6 173
151 4 6 6
151 4 6 93
151 4 6 162
151 4 6 51
151 4 6 1
151 4 6 97
151 4 6 155
151 4 6 92
151 4 6 3
151 4 6 78
151 4 6 170
151 4 6 111
151 4 7 4
151 4 7 140
151 4 7 157
151 4 7 89
151 4 7 3
151 4 7 83
151 4 7 162
151 4 7 28
151 4 7 5
151 4 7 113
151 4 7 172
151 4 7 13
151 4 7 8
151 4 7 128
151 4 7 173
151 4 7 70
151 4 7 5
151 4 7 91
151 4 7 168
151 4 7 71
151 4 8 7
151 4 8 84
151 4 8 164
151 4 8 51
151 4 8 4
151 4 8 88
151 4 8 151
151 4 8 95
151 4 8 6
151 4 8 97
151 4 8 157
151 4 8 93
151 4 8 3
151 4 8 112
151 4 8 169
151 4 8 176
151 4 8 10
151 4 8 123
151 4 8 172
151 4 8 12
151 4 9 9
151 4 9 103
151 4 9 162
151 4 9 144
151 4 9 6
151 4 9 151
151 4 9 155
151 4 9 51
151 4 9 4
151 4 9 139
151 4 9 157
151 4 9 133
151 4 9 9
151 4 9 148
151 4 9 163
151 4 9 77
151 4 9 9
151 4 9 94
151 4 9 170
151 4 9 38
151 4 10 8
151 4 10 151
151 4 10 160
151 4 10 100
151 4 10 4
151 4 10 99
151 4 10 170
151 4 10 68
151 4 10 5
151 4 10 79
151 4 10 164
151 4 10 61
151 4 10 7
151 4 10 86
151 4 10 168
151 4 10 100
151 4 10 4
151 4 10 137
151 4 10 157
151 4 10 2
151 4 11 4
151 4 11 137
151 4 11 157
151 4 11 88
151 4 11 6
151 4 11 78
151 4 11 160
151 4 11 13
151 4 11 10
151 4 11 109
151 4 11 165
151 4 11 58
151 4 11 5
151 4 11 100
151 4 11 172
151 4 11 163
151 4 11 2
151 4 11 88
151 4 11 153
151 4 11 142
151 4 12 3
151 4 12 104
151 4 12 170
151 4 12 53
151 4 12 2
151 4 12 127
151 4 12 153
151 4 12 153
151 4 12 7
151 4 12 130
151 4 12 173
151 4 12 145
151 4 12 10
151 4 12 131
151 4 12 151
151 4 12 128
151 4 12 2
151 4 12 106
151 4 12 167
151 4 12 101
151 4 13 2
151 4 13 112
151 4 13 158
151 4 13 118
151 4 13 4
151 4 13 85
151 4 13 170
151 4 13 65
151 4 13 5
151 4 13 138
151 4 13 163
151 4 13 133
151 4 13 7
151 4 13 96
151 4 13 172
151 4 13 146
151 4 13 10
151 4 13 100
151 4 13 165
151 4 13 155
151 4 14 6
151 4 14 101
151 4 14 157
151 4 14 104
151 4 14 6
151 4 14 98
151 4 14 152
151 4 14 176
151 4 14 9
151 4 14 77
151 4 14 157
151 4 14 58
151 4 14 8
151 4 14 93
151 4 14 151
151 4 14 73
151 4 14 2
151 4 14 118
151 4 14 174
151 4 14 113
151 5 1 4
151 5 1 121
151 5 1 159
151 5 1 47
151 5 1 7
151 5 1 140
151 5 1 176
151 5 1 138
151 5 1 8
151 5 1 89
151 5 1 176
151 5 1 158
151 5 1 7
151 5 1 89
151 5 1 174
151 5 1 40
151 5 1 4
151 5 1 98
151 5 1 155
151 5 1 172
151 5 2 4
151 5 2 95
151 5 2 171
151 5 2 26
151 5 2 10
151 5 2 106
151 5 2 161
151 5 2 63
151 5 2 7
151 5 2 118
151 5 2 167
151 5 2 137
151 5 2 6
151 5 2 119
151 5 2 164
151 5 2 23
151 5 2 8
151 5 2 114
151 5 2 169
151 5 2 17
151 5 3 5
151 5 3 135
151 5 3 155
151 5 3 162
151 5 3 5
151 5 3 85
151 5 3 173
151 5 3 23
151 5 3 6
151 5 3 80
151 5 3 174
151 5 3 15
151 5 3 6
151 5 3 140
151 5 3 152
151 5 3 138
151 5 3 7
151 5 3 129
151 5 3 164
151 5 3 34
151 5 4 9
151 5 4 111
151 5 4 175
151 5 4 17
151 5 4 5
151 5 4 125
151 5 4 156
151 5 4 6
151 5 4 10
151 5 4 149
151 5 4 168
151 5 4 102
151 5 4 5
151 5 4 75
151 5 4 156
151 5 4 162
151 5 4 6
151 5 4 108
151 5 4 171
151 5 4 89
151 5 5 6
151 5 5 136
151 5 5 169
151 5 5 118
151 5 5 5
151 5 5 128
151 5 5 170
151 5 5 5
151 5 5 6
151 5 5 148
151 5 5 170
151 5 5 120
151 5 5 4
151 5 5 139
151 5 5 174
151 5 5 81
151 5 5 9
151 5 5 101
151 5 5 162
151 5 5 148
151 5 6 10
151 5 6 109
151 5 6 172
151 5 6 81
151 5 6 5
151 5 6 88
151 5 6 170
151 5 6 140
151 5 6 4
151 5 6 111
151 5 6 163
151 5 6 40
151 5 6 7
151 5 6 127
151 5 6 160
151 5 6 26
151 5 6 5
151 5 6 137
151 5 6 164
151 5 6 120
151 5 7 10
151 5 7 141
151 5 7 163
151 5 7 78
151 5 7 4
151 5 7 109
151 5 7 154
151 5 7 71
151 5 7 6
151 5 7 100
151 5 7 164
151 5 7 79
151 5 7 5
151 5 7 84
151 5 7 153
151 5 7 72
151 5 7 4
151 5 7 96
151 5 7 167
151 5 7 16
151 5 8 6
151 5 8 88
151 5 8 161
151 5 8 128
151 5 8 4
151 5 8 93
151 5 8 171
151 5 8 88
151 5 8 10
151 5 8 101
151 5 8 158
151 5 8 143
151 5 8 1
151 5 8 130
151 5 8 160
151 5 8 150
151 5 8 2
151 5 8 138
151 5 8 174
151 5 8 88
151 5 9 5
151 5 9 98
151 5 9 159
151 5 9 141
151 5 9 7
151 5 9 103
151 5 9 151
151 5 9 83
151 5 9 6
151 5 9 116
151 5 9 153
151 5 9 147
151 5 9 8
151 5 9 115
151 5 9 166
151 5 9 54
151 5 9 3
151 5 9 94
151 5 9 174
151 5 9 76
151 5 10 6
151 5 10 126
151 5 10 151
151 5 10 131
151 5 10 6
151 5 10 107
151 5 10 162
151 5 10 170
151 5 10 2
151 5 10 79
151 5 10 167
151 5 10 12
151 5 10 1
151 5 10 89
151 5 10 166
151 5 10 111
151 5 10 7
151 5 10 94
151 5 10 172
151 5 10 6
151 5 11 9
151 5 11 133
151 5 11 157
151 5 11 32
151 5 11 10
151 5 11 130
151 5 11 176
151 5 11 157
151 5 11 6
151 5 11 83
151 5 11 176
151 5 11 85
151 5 11 1
151 5 11 141
151 5 11 164
151 5 11 109
151 5 11 7
151 5 11 108
151 5 11 166
151 5 11 117
151 5 12 6
151 5 12 94
151 5 12 167
151 5 12 121
151 5 12 5
151 5 12 101
151 5 12 172
151 5 12 46
151 5 12 2
151 5 12 136
151 5 12 172
151 5 12 86
151 5 12 9
151 5 12 109
151 5 12 155
151 5 12 134
151 5 12 2
151 5 12 128
151 5 12 165
151 5 12 25
151 5 13 8
151 5 13 101
151 5 13 167
151 5 13 121
151 5 13 9
151 5 13 137
151 5 13 171
151 5 13 101
151 5 13 4
151 5 13 147
151 5 13 157
151 5 13 128
151 5 13 3
151 5 13 142
151 5 13 168
151 5 13 110
151 5 13 6
151 5 13 81
151 5 13 160
151 5 13 125
151 5 14 6
151 5 14 89
151 5 14 167
151 5 14 117
151 5 14 5
151 5 14 146
151 5 14 164
151 5 14 158
151 5 14 1
151 5 14 132
151 5 14 154
151 5 14 71
151 5 14 6
151 5 14 145
151 5 14 159
151 5 14 140
151 5 14 7
151 5 14 101
151 5 14 151
151 5 14 107
151 6 1 8
151 6 1 84
151 6 1 151
151 6 1 22
151 6 1 8
151 6 1 117
151 6 1 171
151 6 1 13
151 6 1 9
151 6 1 134
151 6 1 155
151 6 1 110
151 6 1 8
151 6 1 99
151 6 1 174
151 6 1 141
151 6 1 4
151 6 1 148
151 6 1 156
151 6 1 59
151 6 2 9
151 6 2 136
151 6 2 170
151 6 2 97
151 6 2 4
151 6 2 133
151 6 2 172
151 6 2 152
151 6 2 9
151 6 2 79
151 6 2 157
151 6 2 107
151 6 2 3
151 6 2 129
151 6 2 174
151 6 2 116
151 6 2 1
151 6 2 119
151 6 2 153
151 6 2 148
151 6 3 2
151 6 3 140
151 6 3 171
151 6 3 120
151 6 3 1
151 6 3 89
151 6 3 168
151 6 3 68
151 6 3 3
151 6 3 100
151 6 3 174
151 6 3 132
151 6 3 7
151 6 3 100
151 6 3 170
151 6 3 24
151 6 3 9
151 6 3 103
151 6 3 165
151 6 3 118
151 6 4 8
151 6 4 131
151 6 4 170
151 6 4 163
151 6 4 7
151 6 4 146
151 6 4 158
151 6 4 168
151 6 4 9
151 6 4 97
151 6 4 166
151 6 4 130
151 6 4 8
151 6 4 102
151 6 4 152
151 6 4 170
151 6 4 5
151 6 4 81
151 6 4 174
151 6 4 163
151 6 5 8
151 6 5 121
151 6 5 167
151 6 5 72
151 6 5 3
151 6 5 119
151 6 5 158
151 6 5 43
151 6 5 1
151 6 5 108
151 6 5 157
151 6 5 173
151 6 5 1
151 6 5 123
151 6 5 164
151 6 5 169
151 6 5 5
151 6 5 127
151 6 5 157
151 6 5 152
151 6 6 7
151 6 6 117
151 6 6 164
151 6 6 125
151 6 6 8
151 6 6 85
151 6 6 176
151 6 6 109
151 6 6 8
151 6 6 80
151 6 6 152
151 6 6 124
151 6 6 5
151 6 6 98
151 6 6 167
151 6 6 172
151 6 6 1
151 6 6 100
151 6 6 170
151 6 6 7
151 6 7 6
151 6 7 111
151 6 7 165
151 6 7 83
151 6 7 5
151 6 7 114
151 6 7 176
151 6 7 38
151 6 7 9
151 6 7 106
151 6 7 176
151 6 7 65
151 6 7 2
151 6 7 141
151 6 7 175
151 6 7 63
151 6 7 8
151 6 7 77
151 6 7 168
151 6 7 113
151 6 8 5
151 6 8 119
151 6 8 160
151 6 8 14
151 6 8 4
151 6 8 135
151 6 8 158
151 6 8 110
151 6 8 2
151 6 8 134
151 6 8 152
151 6 8 161
151 6 8 5
151 6 8 132
151 6 8 174
151 6 8 79
151 6 8 10
151 6 8 138
151 6 8 171
151 6 8 11
151 6 9 10
151 6 9 91
151 6 9 175
151 6 9 108
151 6 9 4
151 6 9 94
151 6 9 167
151 6 9 21
151 6 9 8
151 6 9 98
151 6 9 172
151 6 9 102
151 6 9 2
151 6 9 129
151 6 9 169
151 6 9 169
151 6 9 8
151 6 9 95
151 6 9 160
151 6 9 155
151 6 10 6
151 6 10 129
151 6 10 171
151 6 10 36
151 6 10 4
151 6 10 129
151 6 10 168
151 6 10 148
151 6 10 2
151 6 10 82
151 6 10 174
151 6 10 156
151 6 10 4
151 6 10 127
151 6 10 156
151 6 10 105
151 6 10 6
151 6 10 114
151 6 10 151
151 6 10 94
151 6 11 5
151 6 11 132
151 6 11 172
151 6 11 13
151 6 11 9
151 6 11 75
151 6 11 169
151 6 11 162
151 6 11 10
151 6 11 104
151 6 11 153
151 6 11 71
151 6 11 7
151 6 11 107
151 6 11 168
151 6 11 9
151 6 11 8
151 6 11 92
151 6 11 176
151 6 11 129
151 6 12 7
151 6 12 144
151 6 12 170
151 6 12 113
151 6 12 10
151 6 12 111
151 6 12 174
151 6 12 171
151 6 12 9
151 6 12 99
151 6 12 171
151 6 12 140
151 6 12 2
151 6 12 149
151 6 12 152
151 6 12 155
151 6 12 7
151 6 12 126
151 6 12 170
151 6 12 109
151 6 13 6
151 6 13 148
151 6 13 169
151 6 13 113
151 6 13 8
151 6 13 114
151 6 13 166
151 6 13 168
151 6 13 3
151 6 13 88
151 6 13 152
151 6 13 46
151 6 13 3
151 6 13 103
151 6 13 166
151 6 13 46
151 6 13 8
151 6 13 86
151 6 13 174
151 6 13 156
151 6 14 9
151 6 14 77
151 6 14 171
151 6 14 95
151 6 14 3
151 6 14 106
151 6 14 162
151 6 14 22
151 6 14 2
151 6 14 134
151 6 14 170
151 6 14 123
151 6 14 6
151 6 14 130
151 6 14 176
151 6 14 142
151 6 14 1
151 6 14 143
151 6 14 176
151 6 14 94
151 7 1 10
151 7 1 99
151 7 1 165
151 7 1 107
151 7 1 8
151 7 1 149
151 7 1 155
151 7 1 19
151 7 1 6
151 7 1 76
151 7 1 154
151 7 1 13
151 7 1 4
151 7 1 132
151 7 1 161
151 7 1 140
151 7 1 8
151 7 1 135
151 7 1 156
151 7 1 15
151 7 2 3
151 7 2 135
151 7 2 163
151 7 2 146
151 7 2 6
151 7 2 109
151 7 2 159
151 7 2 170
151 7 2 5
151 7 2 81
151 7 2 168
151 7 2 37
151 7 2 3
151 7 2 97
151 7 2 165
151 7 2 64
151 7 2 3
151 7 2 120
151 7 2 169
151 7 2 136
151 7 3 4
151 7 3 102
151 7 3 156
151 7 3 34
151 7 3 4
151 7 3 115
151 7 3 166
151 7 3 84
151 7 3 1
151 7 3 94
151 7 3 169
151 7 3 139
151 7 3 10
151 7 3 121
151 7 3 153
151 7 3 24
151 7 3 8
151 7 3 141
151 7 3 170
151 7 3 121
151 7 4 2
151 7 4 139
151 7 4 155
151 7 4 136
151 7 4 9
151 7 4 110
151 7 4 171
151 7 4 81
151 7 4 10
151 7 4 96
151 7 4 165
151 7 4 156
151 7 4 9
151 7 4 81
151 7 4 175
151 7 4 79
151 7 4 1
151 7 4 117
151 7 4 157
151 7 4 170
151 7 5 1
151 7 5 121
151 7 5 156
151 7 5 170
151 7 5 5
151 7 5 107
151 7 5 155
151 7 5 147
151 7 5 6
151 7 5 132
151 7 5 151
151 7 5 96
151 7 5 6
151 7 5 91
151 7 5 175
151 7 5 52
151 7 5 10
151 7 5 87
151 7 5 161
151 7 5 92
151 7 6 1
151 7 6 148
151 7 6 153
151 7 6 119
151 7 6 7
151 7 6 82
151 7 6 152
151 7 6 59
151 7 6 4
151 7 6 89
151 7 6 152
151 7 6 41
151 7 6 5
151 7 6 95
151 7 6 176
151 7 6 135
151 7 6 2
151 7 6 147
151 7 6 159
151 7 6 140
151 7 7 10
151 7 7 125
151 7 7 169
151 7 7 15
151 7 7 2
151 7 7 151
151 7 7 172
151 7 7 168
151 7 7 10
151 7 7 150
151 7 7 174
151 7 7 37
151 7 7 6
151 7 7 99
151 7 7 165
151 7 7 121
151 7 7 1
151 7 7 113
151 7 7 156
151 7 7 72
151 7 8 5
151 7 8 122
151 7 8 174
151 7 8 107
151 7 8 10
151 7 8 90
151 7 8 154
151 7 8 31
151 7 8 2
151 7 8 124
151 7 8 173
151 7 8 69
151 7 8 4
151 7 8 93
151 7 8 169
151 7 8 175
151 7 8 8
151 7 8 137
151 7 8 158
151 7 8 55
151 7 9 5
151 7 9 99
151 7 9 159
151 7 9 44
151 7 9 4
151 7 9 148
151 7 9 171
151 7 9 172
151 7 9 1
151 7 9 95
151 7 9 165
151 7 9 149
151 7 9 8
151 7 9 83
151 7 9 158
151 7 9 153
151 7 9 7
151 7 9 95
151 7 9 166
151 7 9 171
151 7 10 3
151 7 10 148
151 7 10 152
151 7 10 152
151 7 10 8
151 7 10 117
151 7 10 156
151 7 10 141
151 7 10 10
151 7 10 86
151 7 10 153
151 7 10 137
151 7 10 7
151 7 10 131
151 7 10 173
151 7 10 148
151 7 10 2
151 7 10 123
151 7 10 161
151 7 10 12
151 7 11 4
151 7 11 135
151 7 11 158
151 7 11 64
151 7 11 6
151 7 11 80
151 7 11 171
151 7 11 5
151 7 11 6
151 7 11 100
151 7 11 170
151 7 11 44
151 7 11 9
151 7 11 150
151 7 11 160
151 7 11 87
151 7 11 5
151 7 11 109
151 7 11 165
151 7 11 66
151 7 12 8
151 7 12 118
151 7 12 157
151 7 12 94
151 7 12 5
151 7 12 79
151 7 12 170
151 7 12 134
151 7 12 5
151 7 12 145
151 7 12 155
151 7 12 22
151 7 12 9
151 7 12 149
151 7 12 176
151 7 12 78
151 7 12 1
151 7 12 136
151 7 12 156
151 7 12 39
151 7 13 2
151 7 13 97
151 7 13 160
151 7 13 100
151 7 13 3
151 7 13 119
151 7 13 158
151 7 13 108
151 7 13 4
151 7 13 122
151 7 13 170
151 7 13 176
151 7 13 7
151 7 13 102
151 7 13 176
151 7 13 21
151 7 13 5
151 7 13 84
151 7 13 173
151 7 13 85
151 7 14 6
151 7 14 126
151 7 14 167
151 7 14 101
151 7 14 6
151 7 14 101
151 7 14 158
151 7 14 82
151 7 14 6
151 7 14 85
151 7 14 152
151 7 14 163
151 7 14 4
151 7 14 106
151 7 14 152
151 7 14 106
151 7 14 9
151 7 14 149
151 7 14 160
151 7 14 149
151 8 1 8
151 8 1 81
151 8 1 174
151 8 1 26
151 8 1 5
151 8 1 143
151 8 1 164
151 8 1 54
151 8 1 9
151 8 1 121
151 8 1 152
151 8 1 39
151 8 1 7
151 8 1 122
151 8 1 153
151 8 1 55
151 8 1 7
151 8 1 77
151 8 1 163
151 8 1 74
151 8 2 10
151 8 2 136
151 8 2 172
151 8 2 125
151 8 2 3
151 8 2 86
151 8 2 155
151 8 2 38
151 8 2 6
151 8 2 139
151 8 2 162
151 8 2 84
151 8 2 1
151 8 2 130
151 8 2 159
151 8 2 16
151 8 2 6
151 8 2 146
151 8 2 156
151 8 2 165
151 8 3 2
151 8 3 131
151 8 3 153
151 8 3 3
151 8 3 6
151 8 3 142
151 8 3 167
151 8 3 11
151 8 3 6
151 8 3 75
151 8 3 176
151 8 3 53
151 8 3 5
151 8 3 127
151 8 3 155
151 8 3 143
151 8 3 10
151 8 3 111
151 8 3 175
151 8 3 101
151 8 4 1
151 8 4 120
151 8 4 153
151 8 4 141
151 8 4 3
151 8 4 147
151 8 4 153
151 8 4 71
151 8 4 8
151 8 4 105
151 8 4 165
151 8 4 106
151 8 4 10
151 8 4 125
151 8 4 169
151 8 4 5
151 8 4 10
151 8 4 82
151 8 4 166
151 8 4 84
151 8 5 8
151 8 5 78
151 8 5 155
151 8 5 62
151 8 5 6
151 8 5 108
151 8 5 171
151 8 5 149
151 8 5 2
151 8 5 106
151 8 5 162
151 8 5 134
151 8 5 6
151 8 5 125
151 8 5 167
151 8 5 142
151 8 5 3
151 8 5 80
151 8 5 158
151 8 5 29
151 8 6 3
151 8 6 110
151 8 6 151
151 8 6 52
151 8 6 4
151 8 6 123
151 8 6 171
151 8 6 117
151 8 6 3
151 8 6 113
151 8 6 163
151 8 6 162
151 8 6 8
151 8 6 142
151 8 6 176
151 8 6 21
151 8 6 4
151 8 6 119
151 8 6 174
151 8 6 136
151 8 7 7
151 8 7 124
151 8 7 164
151 8 7 92
151 8 7 6
151 8 7 85
151 8 7 152
151 8 7 146
151 8 7 2
151 8 7 109
151 8 7 152
151 8 7 116
151 8 7 1
151 8 7 112
151 8 7 176
151 8 7 27
151 8 7 2
151 8 7 140
151 8 7 175
151 8 7 105
151 8 8 6
151 8 8 114
151 8 8 174
151 8 8 43
151 8 8 2
151 8 8 88
151 8 8 168
151 8 8 126
151 8 8 8
151 8 8 146
151 8 8 174
151 8 8 83
151 8 8 9
151 8 8 137
151 8 8 151
151 8 8 148
151 8 8 2
151 8 8 81
151 8 8 155
151 8 8 37
151 8 9 1
151 8 9 116
151 8 9 154
151 8 9 165
151 8 9 8
151 8 9 125
151 8 9 169
151 8 9 13
151 8 9 2
151 8 9 116
151 8 9 160
151 8 9 74
151 8 9 5
151 8 9 132
151 8 9 158
151 8 9 88
151 8 9 10
151 8 9 145
151 8 9 160
151 8 9 62
151 8 10 2
151 8 10 90
151 8 10 161
151 8 10 160
151 8 10 10
151 8 10 102
151 8 10 167
151 8 10 117
151 8 10 8
151 8 10 126
151 8 10 169
151 8 10 48
151 8 10 10
151 8 10 129
151 8 10 159
151 8 10 6
151 8 10 4
151 8 10 85
151 8 10 170
151 8 10 11
151 8 11 5
151 8 11 139
151 8 11 167
151 8 11 12
151 8 11 9
151 8 11 109
151 8 11 176
151 8 11 125
151 8 11 10
151 8 11 143
151 8 11 162
151 8 11 24
151 8 11 8
151 8 11 82
151 8 11 171
151 8 11 151
151 8 11 3
151 8 11 109
151 8 11 161
151 8 11 128
151 8 12 3
151 8 12 92
151 8 12 171
151 8 12 115
151 8 12 4
151 8 12 123
151 8 12 172
151 8 12 174
151 8 12 3
151 8 12 137
151 8 12 157
151 8 12 112
151 8 12 7
151 8 12 104
151 8 12 158
151 8 12 141
151 8 12 8
151 8 12 121
151 8 12 156
151 8 12 88
151 8 13 10
151 8 13 85
151 8 13 156
151 8 13 26
151 8 13 6
151 8 13 102
151 8 13 154
151 8 13 50
151 8 13 2
151 8 13 149
151 8 13 168
151 8 13 46
151 8 13 9
151 8 13 137
151 8 13 163
151 8 13 91
151 8 13 4
151 8 13 75
151 8 13 165
151 8 13 73
151 8 14 4
151 8 14 125
151 8 14 171
151 8 14 44
151 8 14 1
151 8 14 81
151 8 14 176
151 8 14 76
151 8 14 5
151 8 14 147
151 8 14 176
151 8 14 33
151 8 14 4
151 8 14 75
151 8 14 152
151 8 14 71
151 8 14 7
151 8 14 83
151 8 14 169
151 8 14 49
151 9 1 1
151 9 1 143
151 9 1 151
151 9 1 91
151 9 1 10
151 9 1 98
151 9 1 154
151 9 1 38
151 9 1 6
151 9 1 124
151 9 1 167
151 9 1 120
151 9 1 1
151 9 1 85
151 9 1 173
151 9 1 148
151 9 1 7
151 9 1 149
151 9 1 168
151 9 1 124
151 9 2 9
151 9 2 88
151 9 2 170
151 9 2 78
151 9 2 9
151 9 2 128
151 9 2 154
151 9 2 74
151 9 2 1
151 9 2 103
151 9 2 166
151 9 2 164
151 9 2 1
151 9 2 94
151 9 2 154
151 9 2 89
151 9 2 8
151 9 2 131
151 9 2 164
151 9 2 14
151 9 3 1
151 9 3 85
151 9 3 175
151 9 3 61
151 9 3 10
151 9 3 143
151 9 3 166
151 9 3 72
151 9 3 7
151 9 3 129
151 9 3 175
151 9 3 143
151 9 3 7
151 9 3 114
151 9 3 151
151 9 3 163
151 9 3 8
151 9 3 118
151 9 3 171
151 9 3 133
151 9 4 8
151 9 4 111
151 9 4 169
151 9 4 134
151 9 4 4
151 9 4 116
151 9 4 171
151 9 4 162
151 9 4 6
151 9 4 139
151 9 4 166
151 9 4 173
151 9 4 6
151 9 4 149
151 9 4 173
151 9 4 108
151 9 4 5
151 9 4 114
151 9 4 169
151 9 4 61
151 9 5 1
151 9 5 109
151 9 5 174
151 9 5 157
151 9 5 3
151 9 5 91
151 9 5 166
151 9 5 93
151 9 5 2
151 9 5 109
151 9 5 174
151 9 5 146
151 9 5 4
151 9 5 90
151 9 5 171
151 9 5 173
151 9 5 2
151 9 5 137
151 9 5 157
151 9 5 42
151 9 6 9
151 9 6 134
151 9 6 174
151 9 6 136
151 9 6 3
151 9 6 148
151 9 6 171
151 9 6 77
151 9 6 10
151 9 6 85
151 9 6 161
151 9 6 43
151 9 6 2
151 9 6 102
151 9 6 159
151 9 6 82
151 9 6 1
151 9 6 106
151 9 6 176
151 9 6 137
151 9 7 4
151 9 7 150
151 9 7 166
151 9 7 89
151 9 7 2
151 9 7 118
151 9 7 176
151 9 7 168
151 9 7 1
151 9 7 104
151 9 7 155
151 9 7 65
151 9 7 5
151 9 7 148
151 9 7 170
151 9 7 125
151 9 7 10
151 9 7 126
151 9 7 169
151 9 7 56
151 9 8 5
151 9 8 93
151 9 8 157
151 9 8 24
151 9 8 4
151 9 8 138
151 9 8 164
151 9 8 157
151 9 8 4
151 9 8 124
151 9 8 158
151 9 8 168
151 9 8 1
151 9 8 93
151 9 8 164
151 9 8 96
151 9 8 4
151 9 8 112
151 9 8 168
151 9 8 111
151 9 9 1
151 9 9 134
151 9 9 155
151 9 9 24
151 9 9 7
151 9 9 127
151 9 9 171
151 9 9 16
151 9 9 1
151 9 9 85
151 9 9 171
151 9 9 78
151 9 9 6
151 9 9 148
151 9 9 159
151 9 9 62
151 9 9 10
151 9 9 92
151 9 9 170
151 9 9 91
151 9 10 5
151 9 10 99
151 9 10 163
151 9 10 22
151 9 10 9
151 9 10 93
151 9 10 159
151 9 10 143
151 9 10 4
151 9 10 102
151 9 10 166
151 9 10 104
151 9 10 7
151 9 10 114
151 9 10 166
151 9 10 134
151 9 10 3
151 9 10 145
151 9 10 160
151 9 10 89
151 9 11 3
151 9 11 106
151 9 11 171
151 9 11 117
151 9 11 1
151 9 11 127
151 9 11 166
151 9 11 5
151 9 11 7
151 9 11 137
151 9 11 155
151 9 11 89
151 9 11 10
151 9 11 79
151 9 11 153
151 9 11 88
151 9 11 10
151 9 11 127
151 9 11 176
151 9 11 46
151 9 12 6
151 9 12 114
151 9 12 164
151 9 12 53
151 9 12 6
151 9 12 114
151 9 12 159
151 9 12 124
151 9 12 2
151 9 12 77
151 9 12 174
151 9 12 151
151 9 12 2
151 9 12 150
151 9 12 163
151 9 12 47
151 9 12 6
151 9 12 80
151 9 12 170
151 9 12 141
151 9 13 7
151 9 13 87
151 9 13 165
151 9 13 1
151 9 13 8
151 9 13 137
151 9 13 160
151 9 13 73
151 9 13 8
151 9 13 86
151 9 13 174
151 9 13 59
151 9 13 8
151 9 13 115
151 9 13 162
151 9 13 46
151 9 13 9
151 9 13 81
151 9 13 155
151 9 13 85
151 9 14 4
151 9 14 77
151 9 14 170
151 9 14 43
151 9 14 5
151 9 14 131
151 9 14 161
151 9 14 56
151 9 14 7
151 9 14 105
151 9 14 158
151 9 14 21
151 9 14 6
151 9 14 145
151 9 14 174
151 9 14 34
151 9 14 7
151 9 14 77
151 9 14 176
151 9 14 129
151 10 1 2
151 10 1 148
151 10 1 161
151 10 1 68
151 10 1 8
151 10 1 138
151 10 1 151
151 10 1 61
151 10 1 9
151 10 1 117
151 10 1 156
151 10 1 25
151 10 1 8
151 10 1 88
151 10 1 175
151 10 1 47
151 10 1 4
151 10 1 114
151 10 1 153
151 10 1 80
151 10 2 8
151 10 2 93
151 10 2 164
151 10 2 92
151 10 2 6
151 10 2 109
151 10 2 159
151 10 2 173
151 10 2 7
151 10 2 101
151 10 2 161
151 10 2 110
151 10 2 5
151 10 2 150
151 10 2 158
151 10 2 35
151 10 2 8
151 10 2 143
151 10 2 174
151 10 2 37
151 10 3 1
151 10 3 137
151 10 3 164
151 10 3 72
151 10 3 1
151 10 3 129
151 10 3 151
151 10 3 53
151 10 3 3
151 10 3 80
151 10 3 160
151 10 3 61
151 10 3 9
151 10 3 82
151 10 3 166
151 10 3 165
151 10 3 9
151 10 3 128
151 10 3 161
151 10 3 1
151 10 4 4
151 10 4 124
151 10 4 164
151 10 4 143
151 10 4 2
151 10 4 84
151 10 4 169
151 10 4 165
151 10 4 1
151 10 4 138
151 10 4 154
151 10 4 92
151 10 4 7
151 10 4 79
151 10 4 176
151 10 4 155
151 10 4 1
151 10 4 104
151 10 4 153
151 10 4 71
151 10 5 7
151 10 5 87
151 10 5 173
151 10 5 39
151 10 5 9
151 10 5 134
151 10 5 160
151 10 5 138
151 10 5 9
151 10 5 84
151 10 5 151
151 10 5 80
151 10 5 6
151 10 5 130
151 10 5 161
151 10 5 104
151 10 5 5
151 10 5 85
151 10 5 170
151 10 5 91
151 10 6 3
151 10 6 77
151 10 6 159
151 10 6 128
151 10 6 6
151 10 6 138
151 10 6 159
151 10 6 32
151 10 6 10
151 10 6 145
151 10 6 158
151 10 6 17
151 10 6 7
151 10 6 127
151 10 6 154
151 10 6 24
151 10 6 2
151 10 6 123
151 10 6 163
151 10 6 97
151 10 7 6
151 10 7 90
151 10 7 173
151 10 7 138
151 10 7 2
151 10 7 145
151 10 7 166
151 10 7 108
151 10 7 1
151 10 7 97
151 10 7 160
151 10 7 50
151 10 7 1
151 10 7 150
151 10 7 166
151 10 7 10
151 10 7 3
151 10 7 138
151 10 7 154
151 10 7 162
151 10 8 2
151 10 8 129
151 10 8 167
151 10 8 55
151 10 8 4
151 10 8 116
151 10 8 172
151 10 8 78
151 10 8 5
151 10 8 75
151 10 8 152
151 10 8 101
151 10 8 4
151 10 8 123
151 10 8 156
151 10 8 35
151 10 8 3
151 10 8 141
151 10 8 175
151 10 8 65
151 10 9 2
151 10 9 100
151 10 9 165
151 10 9 169
151 10 9 5
151 10 9 125
151 10 9 172
151 10 9 74
151 10 9 2
151 10 9 140
151 10 9 155
151 10 9 50
151 10 9 5
151 10 9 95
151 10 9 161
151 10 9 152
151 10 9 4
151 10 9 133
151 10 9 176
151 10 9 139
151 10 10 2
151 10 10 78
151 10 10 168
151 10 10 139
151 10 10 4
151 10 10 132
151 10 10 166
151 10 10 161
151 10 10 9
151 10 10 81
151 10 10 162
151 10 10 1
151 10 10 9
151 10 10 109
151 10 10 162
151 10 10 27
151 10 10 3
151 10 10 114
151 10 10 159
151 10 10 81
151 10 11 10
151 10 11 148
151 10 11 165
151 10 11 77
151 10 11 7
151 10 11 113
151 10 11 166
151 10 11 34
151 10 11 7
151 10 11 115
151 10 11 154
151 10 11 33
151 10 11 5
151 10 11 129
151 10 11 167
151 10 11 81
151 10 11 9
151 10 11 102
151 10 11 171
151 10 11 148
151 10 12 6
151 10 12 141
151 10 12 153
151 10 12 91
151 10 12 9
151 10 12 87
151 10 12 151
151 10 12 65
151 10 12 2
151 10 12 101
151 10 12 166
151 10 12 21
151 10 12 5
151 10 12 85
151 10 12 160
151 10 12 65
151 10 12 8
151 10 12 82
151 10 12 164
151 10 12 168
151 10 13 6
151 10 13 96
151 10 13 162
151 10 13 13
151 10 13 3
151 10 13 119
151 10 13 170
151 10 13 79
151 10 13 9
151 10 13 105
151 10 13 151
151 10 13 108
151 10 13 10
151 10 13 100
151 10 13 172
151 10 13 10
151 10 13 8
151 10 13 124
151 10 13 152
151 10 13 67
151 10 14 2
151 10 14 92
151 10 14 160
151 10 14 90
151 10 14 9
151 10 14 127
151 10 14 157
151 10 14 76
151 10 14 9
151 10 14 138
151 10 14 157
151 10 14 50
151 10 14 4
151 10 14 145
151 10 14 153
151 10 14 4
151 10 14 2
151 10 14 83
151 10 14 168
151 10 14 134
151 11 1 10
151 11 1 136
151 11 1 165
151 11 1 172
151 11 1 8
151 11 1 95
151 11 1 156
151 11 1 111
151 11 1 5
151 11 1 108
151 11 1 158
151 11 1 118
151 11 1 7
151 11 1 111
151 11 1 164
151 11 1 132
151 11 1 9
151 11 1 142
151 11 1 174
151 11 1 14
151 11 2 2
151 11 2 104
151 11 2 169
151 11 2 74
151 11 2 9
151 11 2 86
151 11 2 165
151 11 2 35
151 11 2 7
151 11 2 121
151 11 2 172
151 11 2 49
151 11 2 8
151 11 2 96
151 11 2 168
151 11 2 96
151 11 2 1
151 11 2 84
151 11 2 159
151 11 2 141
151 11 3 7
151 11 3 147
151 11 3 152
151 11 3 90
151 11 3 1
151 11 3 106
151 11 3 174
151 11 3 76
151 11 3 10
151 11 3 114
151 11 3 163
151 11 3 73
151 11 3 3
151 11 3 92
151 11 3 159
151 11 3 126
151 11 3 2
151 11 3 90
151 11 3 170
151 11 3 89
151 11 4 6
151 11 4 146
151 11 4 171
151 11 4 28
151 11 4 6
151 11 4 110
151 11 4 176
151 11 4 175
151 11 4 1
151 11 4 92
151 11 4 168
151 11 4 70
151 11 4 1
151 11 4 131
151 11 4 154
151 11 4 77
151 11 4 2
151 11 4 87
151 11 4 171
151 11 4 69
151 11 5 6
151 11 5 98
151 11 5 162
151 11 5 146
151 11 5 2
151 11 5 144
151 11 5 153
151 11 5 22
151 11 5 4
151 11 5 137
151 11 5 162
151 11 5 102
151 11 5 9
151 11 5 105
151 11 5 152
151 11 5 113
151 11 5 2
151 11 5 101
151 11 5 174
151 11 5 54
151 11 6 4
151 11 6 104
151 11 6 169
151 11 6 29
151 11 6 6
151 11 6 108
151 11 6 161
151 11 6 84
151 11 6 3
151 11 6 132
151 11 6 154
151 11 6 28
151 11 6 3
151 11 6 80
151 11 6 157
151 11 6 19
151 11 6 5
151 11 6 109
151 11 6 173
151 11 6 40
151 11 7 4
151 11 7 77
151 11 7 169
151 11 7 129
151 11 7 1
151 11 7 151
151 11 7 155
151 11 7 121
151 11 7 8
151 11 7 137
151 11 7 160
151 11 7 166
151 11 7 9
151 11 7 114
151 11 7 163
151 11 7 109
151 11 7 2
151 11 7 93
151 11 7 173
151 11 7 41
151 11 8 4
151 11 8 128
151 11 8 172
151 11 8 13
151 11 8 10
151 11 8 90
151 11 8 160
151 11 8 160
151 11 8 2
151 11 8 98
151 11 8 155
151 11 8 100
151 11 8 4
151 11 8 83
151 11 8 171
151 11 8 169
151 11 8 6
151 11 8 138
151 11 8 165
151 11 8 157
151 11 9 1
151 11 9 93
151 11 9 156
151 11 9 72
151 11 9 2
151 11 9 108
151 11 9 168
151 11 9 166
151 11 9 9
151 11 9 101
151 11 9 159
151 11 9 113
151 11 9 9
151 11 9 111
151 11 9 159
151 11 9 174
151 11 9 7
151 11 9 130
151 11 9 165
151 11 9 16
151 11 10 2
151 11 10 127
151 11 10 175
151 11 10 85
151 11 10 5
151 11 10 81
151 11 10 171
151 11 10 56
151 11 10 4
151 11 10 116
151 11 10 167
151 11 10 56
151 11 10 7
151 11 10 132
151 11 10 162
151 11 10 6
151 11 10 7
151 11 10 97
151 11 10 159
151 11 10 115
151 11 11 9
151 11 11 145
151 11 11 157
151 11 11 61
151 11 11 7
151 11 11 123
151 11 11 167
151 11 11 47
151 11 11 4
151 11 11 135
151 11 11 165
151 11 11 174
151 11 11 4
151 11 11 117
151 11 11 164
151 11 11 88
151 11 11 2
151 11 11 95
151 11 11 153
151 11 11 174
151 11 12 4
151 11 12 97
151 11 12 157
151 11 12 77
151 11 12 1
151 11 12 81
151 11 12 161
151 11 12 172
151 11 12 3
151 11 12 88
151 11 12 166
151 11 12 166
151 11 12 8
151 11 12 141
151 11 12 153
151 11 12 61
151 11 12 7
151 11 12 147
151 11 12 156
151 11 12 176
151 11 13 2
151 11 13 149
151 11 13 167
151 11 13 131
151 11 13 3
151 11 13 84
151 11 13 165
151 11 13 97
151 11 13 5
151 11 13 83
151 11 13 154
151 11 13 72
151 11 13 9
151 11 13 143
151 11 13 151
151 11 13 119
151 11 13 9
151 11 13 127
151 11 13 159
151 11 13 30
151 11 14 10
151 11 14 101
151 11 14 159
151 11 14 9
151 11 14 6
151 11 14 124
151 11 14 167
151 11 14 44
151 11 14 4
151 11 14 110
151 11 14 170
151 11 14 171
151 11 14 10
151 11 14 133
151 11 14 158
151 11 14 89
151 11 14 6
151 11 14 138
151 11 14 161
151 11 14 146
151 12 1 1
151 12 1 111
151 12 1 171
151 12 1 49
151 12 1 4
151 12 1 122
151 12 1 170
151 12 1 110
151 12 1 9
151 12 1 132
151 12 1 152
151 12 1 99
151 12 1 5
151 12 1 135
151 12 1 163
151 12 1 38
151 12 1 8
151 12 1 121
151 12 1 160
151 12 1 119
151 12 2 4
151 12 2 100
151 12 2 161
151 12 2 85
151 12 2 1
151 12 2 99
151 12 2 166
151 12 2 174
151 12 2 1
151 12 2 131
151 12 2 175
151 12 2 99
151 12 2 9
151 12 2 115
151 12 2 160
151 12 2 164
151 12 2 6
151 12 2 114
151 12 2 165
151 12 2 98
151 12 3 3
151 12 3 134
151 12 3 168
151 12 3 114
151 12 3 3
151 12 3 135
151 12 3 160
151 12 3 104
151 12 3 3
151 12 3 98
151 12 3 168
151 12 3 68
151 12 3 2
151 12 3 120
151 12 3 164
151 12 3 117
151 12 3 8
151 12 3 119
151 12 3 165
151 12 3 103
151 12 4 4
151 12 4 110
151 12 4 170
151 12 4 56
151 12 4 5
151 12 4 99
151 12 4 176
151 12 4 134
151 12 4 2
151 12 4 114
151 12 4 163
151 12 4 156
151 12 4 9
151 12 4 131
151 12 4 159
151 12 4 168
151 12 4 8
151 12 4 147
151 12 4 157
151 12 4 28
151 12 5 1
151 12 5 93
151 12 5 156
151 12 5 79
151 12 5 3
151 12 5 89
151 12 5 153
151 12 5 59
151 12 5 9
151 12 5 79
151 12 5 175
151 12 5 120
151 12 5 2
151 12 5 150
151 12 5 155
151 12 5 46
151 12 5 2
151 12 5 112
151 12 5 175
151 12 5 176
151 12 6 9
151 12 6 137
151 12 6 153
151 12 6 21
151 12 6 5
151 12 6 130
151 12 6 173
151 12 6 59
151 12 6 7
151 12 6 86
151 12 6 168
151 12 6 148
151 12 6 4
151 12 6 111
151 12 6 154
151 12 6 119
151 12 6 3
151 12 6 90
151 12 6 154
151 12 6 151
151 12 7 7
151 12 7 82
151 12 7 155
151 12 7 162
151 12 7 5
151 12 7 86
151 12 7 166
151 12 7 172
151 12 7 7
151 12 7 118
151 12 7 175
151 12 7 64
151 12 7 1
151 12 7 144
151 12 7 161
151 12 7 156
151 12 7 7
151 12 7 118
151 12 7 175
151 12 7 168
151 12 8 1
151 12 8 148
151 12 8 161
151 12 8 65
151 12 8 7
151 12 8 128
151 12 8 154
151 12 8 31
151 12 8 1
151 12 8 107
151 12 8 163
151 12 8 19
151 12 8 6
151 12 8 144
151 12 8 164
151 12 8 152
151 12 8 5
151 12 8 103
151 12 8 157
151 12 8 174
151 12 9 5
151 12 9 120
151 12 9 159
151 12 9 158
151 12 9 5
151 12 9 114
151 12 9 160
151 12 9 138
151 12 9 8
151 12 9 91
151 12 9 174
151 12 9 151
151 12 9 4
151 12 9 139
151 12 9 159
151 12 9 165
151 12 9 6
151 12 9 89
151 12 9 154
151 12 9 168
151 12 10 6
151 12 10 138
151 12 10 161
151 12 10 103
151 12 10 4
151 12 10 83
151 12 10 161
151 12 10 39
151 12 10 2
151 12 10 150
151 12 10 157
151 12 10 21
151 12 10 6
151 12 10 84
151 12 10 175
151 12 10 32
151 12 10 4
151 12 10 128
151 12 10 157
151 12 10 147
151 12 11 4
151 12 11 137
151 12 11 152
151 12 11 82
151 12 11 9
151 12 11 92
151 12 11 165
151 12 11 148
151 12 11 5
151 12 11 95
151 12 11 173
151 12 11 65
151 12 11 4
151 12 11 138
151 12 11 155
151 12 11 47
151 12 11 10
151 12 11 77
151 12 11 157
151 12 11 162
151 12 12 8
151 12 12 86
151 12 12 170
151 12 12 20
151 12 12 6
151 12 12 125
151 12 12 174
151 12 12 81
151 12 12 8
151 12 12 112
151 12 12 167
151 12 12 23
151 12 12 3
151 12 12 138
151 12 12 156
151 12 12 32
151 12 12 3
151 12 12 97
151 12 12 165
151 12 12 46
151 12 13 10
151 12 13 132
151 12 13 167
151 12 13 135
151 12 13 9
151 12 13 79
151 12 13 174
151 12 13 143
151 12 13 7
151 12 13 84
151 12 13 153
151 12 13 2
151 12 13 4
151 12 13 90
151 12 13 155
151 12 13 111
151 12 13 4
151 12 13 151
151 12 13 166
151 12 13 111
151 12 14 7
151 12 14 150
151 12 14 172
151 12 14 103
151 12 14 8
151 12 14 131
151 12 14 164
151 12 14 59
151 12 14 8
151 12 14 75
151 12 14 168
151 12 14 68
151 12 14 9
151 12 14 94
151 12 14 161
151 12 14 40
151 12 14 6
151 12 14 138
151 12 14 156
151 12 14 149
151 13 1 7
151 13 1 111
151 13 1 162
151 13 1 115
151 13 1 4
151 13 1 98
151 13 1 161
151 13 1 122
151 13 1 3
151 13 1 150
151 13 1 153
151 13 1 9
151 13 1 6
151 13 1 140
151 13 1 160
151 13 1 38
151 13 1 2
151 13 1 145
151 13 1 158
151 13 1 19
151 13 2 1
151 13 2 136
151 13 2 154
151 13 2 109
151 13 2 3
151 13 2 144
151 13 2 164
151 13 2 76
151 13 2 9
151 13 2 104
151 13 2 156
151 13 2 89
151 13 2 8
151 13 2 78
151 13 2 154
151 13 2 93
151 13 2 9
151 13 2 79
151 13 2 175
151 13 2 141
151 13 3 5
151 13 3 98
151 13 3 165
151 13 3 123
151 13 3 7
151 13 3 81
151 13 3 152
151 13 3 159
151 13 3 3
151 13 3 125
151 13 3 166
151 13 3 43
151 13 3 10
151 13 3 93
151 13 3 167
151 13 3 85
151 13 3 2
151 13 3 85
151 13 3 162
151 13 3 38
151 13 4 4
151 13 4 149
151 13 4 160
151 13 4 9
151 13 4 10
151 13 4 128
151 13 4 151
151 13 4 98
151 13 4 5
151 13 4 147
151 13 4 160
151 13 4 30
151 13 4 2
151 13 4 138
151 13 4 154
151 13 4 174
151 13 4 3
151 13 4 103
151 13 4 161
151 13 4 71
151 13 5 9
151 13 5 83
151 13 5 155
151 13 5 82
151 13 5 4
151 13 5 85
151 13 5 170
151 13 5 12
151 13 5 1
151 13 5 125
151 13 5 172
151 13 5 96
151 13 5 4
151 13 5 97
151 13 5 171
151 13 5 39
151 13 5 5
151 13 5 88
151 13 5 156
151 13 5 147
151 13 6 5
151 13 6 149
151 13 6 159
151 13 6 36
151 13 6 3
151 13 6 75
151 13 6 164
151 13 6 20
151 13 6 8
151 13 6 109
151 13 6 173
151 13 6 121
151 13 6 6
151 13 6 90
151 13 6 158
151 13 6 147
151 13 6 5
151 13 6 147
151 13 6 153
151 13 6 33
151 13 7 7
151 13 7 146
151 13 7 153
151 13 7 123
151 13 7 1
151 13 7 114
151 13 7 174
151 13 7 122
151 13 7 5
151 13 7 93
151 13 7 163
151 13 7 52
151 13 7 1
151 13 7 136
151 13 7 163
151 13 7 136
151 13 7 4
151 13 7 131
151 13 7 163
151 13 7 173
151 13 8 4
151 13 8 107
151 13 8 169
151 13 8 15
151 13 8 1
151 13 8 86
151 13 8 172
151 13 8 2
151 13 8 10
151 13 8 126
151 13 8 176
151 13 8 125
151 13 8 2
151 13 8 107
151 13 8 162
151 13 8 43
151 13 8 3
151 13 8 145
151 13 8 174
151 13 8 154
151 13 9 2
151 13 9 99
151 13 9 166
151 13 9 66
151 13 9 7
151 13 9 81
151 13 9 163
151 13 9 14
151 13 9 2
151 13 9 92
151 13 9 157
151 13 9 93
151 13 9 3
151 13 9 80
151 13 9 167
151 13 9 48
151 13 9 3
151 13 9 99
151 13 9 151
151 13 9 51
151 13 10 6
151 13 10 79
151 13 10 169
151 13 10 172
151 13 10 3
151 13 10 120
151 13 10 172
151 13 10 121
151 13 10 10
151 13 10 113
151 13 10 162
151 13 10 95
151 13 10 10
151 13 10 133
151 13 10 170
151 13 10 99
151 13 10 7
151 13 10 93
151 13 10 163
151 13 10 7
151 13 11 4
151 13 11 138
151 13 11 173
151 13 11 161
151 13 11 8
151 13 11 151
151 13 11 166
151 13 11 119
151 13 11 1
151 13 11 101
151 13 11 152
151 13 11 55
151 13 11 8
151 13 11 107
151 13 11 163
151 13 11 138
151 13 11 10
151 13 11 122
151 13 11 169
151 13 11 69
151 13 12 8
151 13 12 144
151 13 12 153
151 13 12 120
151 13 12 7
151 13 12 112
151 13 12 173
151 13 12 6
151 13 12 1
151 13 12 81
151 13 12 175
151 13 12 16
151 13 12 4
151 13 12 132
151 13 12 158
151 13 12 29
151 13 12 3
151 13 12 127
151 13 12 161
151 13 12 48
151 13 13 9
151 13 13 85
151 13 13 157
151 13 13 151
151 13 13 4
151 13 13 134
151 13 13 160
151 13 13 79
151 13 13 2
151 13 13 84
151 13 13 169
151 13 13 116
151 13 13 3
151 13 13 94
151 13 13 162
151 13 13 44
151 13 13 9
151 13 13 127
151 13 13 166
151 13 13 46
151 13 14 5
151 13 14 85
151 13 14 155
151 13 14 49
151 13 14 9
151 13 14 88
151 13 14 154
151 13 14 80
151 13 14 3
151 13 14 123
151 13 14 161
151 13 14 54
151 13 14 9
151 13 14 75
151 13 14 164
151 13 14 154
151 13 14 6
151 13 14 108
151 13 14 171
151 13 14 163
151 14 1 3
151 14 1 104
151 14 1 154
151 14 1 86
151 14 1 6
151 14 1 118
151 14 1 166
151 14 1 134
151 14 1 2
151 14 1 92
151 14 1 157
151 14 1 118
151 14 1 8
151 14 1 82
151 14 1 166
151 14 1 141
151 14 1 8
151 14 1 82
151 14 1 169
151 14 1 39
151 14 2 8
151 14 2 81
151 14 2 164
151 14 2 26
151 14 2 10
151 14 2 132
151 14 2 152
151 14 2 21
151 14 2 2
151 14 2 137
151 14 2 154
151 14 2 98
151 14 2 5
151 14 2 85
151 14 2 159
151 14 2 122
151 14 2 4
151 14 2 132
151 14 2 156
151 14 2 109
151 14 3 4
151 14 3 80
151 14 3 168
151 14 3 79
151 14 3 1
151 14 3 91
151 14 3 166
151 14 3 5
151 14 3 6
151 14 3 130
151 14 3 155
151 14 3 45
151 14 3 9
151 14 3 121
151 14 3 151
151 14 3 103
151 14 3 9
151 14 3 113
151 14 3 151
151 14 3 13
151 14 4 3
151 14 4 82
151 14 4 152
151 14 4 161
151 14 4 6
151 14 4 98
151 14 4 155
151 14 4 17
151 14 4 3
151 14 4 117
151 14 4 159
151 14 4 86
151 14 4 9
151 14 4 104
151 14 4 165
151 14 4 22
151 14 4 1
151 14 4 78
151 14 4 171
151 14 4 161
151 14 5 1
151 14 5 78
151 14 5 158
151 14 5 140
151 14 5 4
151 14 5 77
151 14 5 164
151 14 5 75
151 14 5 8
151 14 5 146
151 14 5 157
151 14 5 167
151 14 5 5
151 14 5 140
151 14 5 168
151 14 5 122
151 14 5 5
151 14 5 149
151 14 5 156
151 14 5 87
151 14 6 4
151 14 6 135
151 14 6 173
151 14 6 50
151 14 6 7
151 14 6 119
151 14 6 166
151 14 6 152
151 14 6 9
151 14 6 151
151 14 6 160
151 14 6 42
151 14 6 5
151 14 6 118
151 14 6 153
151 14 6 50
151 14 6 3
151 14 6 86
151 14 6 164
151 14 6 171
151 14 7 10
151 14 7 141
151 14 7 162
151 14 7 77
151 14 7 6
151 14 7 141
151 14 7 159
151 14 7 138
151 14 7 4
151 14 7 140
151 14 7 172
151 14 7 37
151 14 7 1
151 14 7 81
151 14 7 170
151 14 7 62
151 14 7 4
151 14 7 113
151 14 7 166
151 14 7 154
151 14 8 9
151 14 8 121
151 14 8 154
151 14 8 85
151 14 8 8
151 14 8 107
151 14 8 166
151 14 8 42
151 14 8 7
151 14 8 151
151 14 8 158
151 14 8 66
151 14 8 2
151 14 8 85
151 14 8 155
151 14 8 39
151 14 8 3
151 14 8 76
151 14 8 165
151 14 8 139
151 14 9 5
151 14 9 132
151 14 9 167
151 14 9 50
151 14 9 1
151 14 9 135
151 14 9 156
151 14 9 174
151 14 9 4
151 14 9 106
151 14 9 165
151 14 9 147
151 14 9 5
151 14 9 81
151 14 9 167
151 14 9 114
151 14 9 1
151 14 9 76
151 14 9 167
151 14 9 12
151 14 10 7
151 14 10 124
151 14 10 168
151 14 10 20
151 14 10 5
151 14 10 100
151 14 10 175
151 14 10 76
151 14 10 10
151 14 10 100
151 14 10 169
151 14 10 67
151 14 10 2
151 14 10 100
151 14 10 176
151 14 10 48
151 14 10 4
151 14 10 134
151 14 10 165
151 14 10 68
151 14 11 10
151 14 11 82
151 14 11 174
151 14 11 14
151 14 11 3
151 14 11 98
151 14 11 154
151 14 11 88
151 14 11 6
151 14 11 135
151 14 11 154
151 14 11 163
151 14 11 2
151 14 11 115
151 14 11 156
151 14 11 43
151 14 11 4
151 14 11 140
151 14 11 162
151 14 11 91
151 14 12 3
151 14 12 108
151 14 12 173
151 14 12 60
151 14 12 7
151 14 12 136
151 14 12 166
151 14 12 19
151 14 12 4
151 14 12 106
151 14 12 170
151 14 12 171
151 14 12 2
151 14 12 148
151 14 12 166
151 14 12 168
151 14 12 5
151 14 12 125
151 14 12 159
151 14 12 140
151 14 13 8
151 14 13 141
151 14 13 152
151 14 13 59
151 14 13 2
151 14 13 128
151 14 13 160
151 14 13 71
151 14 13 9
151 14 13 131
151 14 13 153
151 14 13 114
151 14 13 10
151 14 13 128
151 14 13 152
151 14 13 112
151 14 13 2
151 14 13 144
151 14 13 175
151 14 13 23
151 14 14 10
151 14 14 92
151 14 14 169
151 14 14 126
151 14 14 10
151 14 14 106
151 14 14 160
151 14 14 128
151 14 14 2
151 14 14 136
151 14 14 161
151 14 14 49
151 14 14 7
151 14 14 79
151 14 14 170
151 14 14 29
151 14 14 1
151 14 14 143
151 14 14 176
151 14 14 89
157 1 1 7
157 1 1 92
157 1 1 171
157 1 1 6
157 1 1 5
157 1 1 129
157 1 1 161
157 1 1 72
157 1 1 10
157 1 1 121
157 1 1 161
157 1 1 3
157 1 1 10
157 1 1 116
157 1 1 159
157 1 1 181
157 1 1 8
157 1 1 144
157 1 1 177
157 1 1 43
157 1 2 9
157 1 2 127
157 1 2 179
157 1 2 150
157 1 2 2
157 1 2 86
157 1 2 159
157 1 2 146
157 1 2 7
157 1 2 146
157 1 2 179
157 1 2 68
157 1 2 4
157 1 2 134
157 1 2 160
157 1 2 65
157 1 2 5
157 1 2 93
157 1 2 160
157 1 2 12
157 1 3 1
157 1 3 125
157 1 3 163
157 1 3 155
157 1 3 7
157 1 3 111
157 1 3 167
157 1 3 43
157 1 3 2
157 1 3 157
157 1 3 180
157 1 3 68
157 1 3 2
157 1 3 84
157 1 3 164
157 1 3 52
157 1 3 4
157 1 3 156
157 1 3 168
157 1 3 115
157 1 4 1
157 1 4 96
157 1 4 175
157 1 4 91
157 1 4 5
157 1 4 81
157 1 4 177
157 1 4 76
157 1 4 5
157 1 4 156
157 1 4 169
157 1 4 182
157 1 4 9
157 1 4 129
157 1 4 176
157 1 4 108
157 1 4 5
157 1 4 148
157 1 4 167
157 1 4 2
157 1 5 4
157 1 5 120
157 1 5 165
157 1 5 37
157 1 5 4
157 1 5 147
157 1 5 158
157 1 5 25
157 1 5 8
157 1 5 115
157 1 5 163
157 1 5 66
157 1 5 3
157 1 5 152
157 1 5 164
157 1 5 112
157 1 5 7
157 1 5 129
157 1 5 162
157 1 5 21
157 1 6 1
157 1 6 89
157 1 6 166
157 1 6 93
157 1 6 2
157 1 6 103
157 1 6 175
157 1 6 84
157 1 6 4
157 1 6 129
157 1 6 160
157 1 6 11
157 1 6 6
157 1 6 105
157 1 6 182
157 1 6 74
157 1 6 7
157 1 6 125
157 1 6 166
157 1 6 12
157 1 7 2
157 1 7 136
157 1 7 174
157 1 7 155
157 1 7 7
157 1 7 156
157 1 7 158
157 1 7 161
157 1 7 3
157 1 7 147
157 1 7 176
157 1 7 178
157 1 7 9
157 1 7 106
157 1 7 160
157 1 7 64
157 1 7 6
157 1 7 111
157 1 7 180
157 1 7 106
157 1 8 4
157 1 8 81
157 1 8 179
157 1 8 163
157 1 8 1
157 1 8 122
157 1 8 166
157 1 8 75
157 1 8 8
157 1 8 133
157 1 8 161
157 1 8 65
157 1 8 9
157 1 8 138
157 1 8 161
157 1 8 111
157 1 8 2
157 1 8 80
157 1 8 157
157 1 8 54
157 1 9 9
157 1 9 130
157 1 9 173
157 1 9 61
157 1 9 10
157 1 9 146
157 1 9 171
157 1 9 178
157 1 9 9
157 1 9 144
157 1 9 164
157 1 9 145
157 1 9 6
157 1 9 135
157 1 9 181
157 1 9 48
157 1 9 8
157 1 9 94
157 1 9 182
157 1 9 146
157 1 10 2
157 1 10 153
157 1 10 169
157 1 10 53
157 1 10 2
157 1 10 131
157 1 10 167
157 1 10 130
157 1 10 9
157 1 10 137
157 1 10 163
157 1 10 156
157 1 10 7
157 1 10 134
157 1 10 173
157 1 10 51
157 1 10 4
157 1 10 110
157 1 10 178
157 1 10 32
157 1 11 6
157 1 11 84
157 1 11 163
157 1 11 68
157 1 11 10
157 1 11 115
157 1 11 167
157 1 11 45
157 1 11 9
157 1 11 99
157 1 11 174
157 1 11 46
157 1 11 1
157 1 11 94
157 1 11 166
157 1 11 177
157 1 11 8
157 1 11 82
157 1 11 175
157 1 11 37
157 1 12 6
157 1 12 80
157 1 12 182
157 1 12 70
157 1 12 1
157 1 12 128
157 1 12 171
157 1 12 166
157 1 12 1
157 1 12 109
157 1 12 165
157 1 12 103
157 1 12 3
157 1 12 103
157 1 12 169
157 1 12 41
157 1 12 2
157 1 12 142
157 1 12 165
157 1 12 174
157 1 13 10
157 1 13 106
157 1 13 173
157 1 13 84
157 1 13 2
157 1 13 124
157 1 13 179
157 1 13 80
157 1 13 3
157 1 13 97
157 1 13 171
157 1 13 121
157 1 13 6
157 1 13 130
157 1 13 164
157 1 13 40
157 1 13 4
157 1 13 142
157 1 13 180
157 1 13 126
157 1 14 4
157 1 14 92
157 1 14 168
157 1 14 17
157 1 14 6
157 1 14 141
157 1 14 169
157 1 14 144
157 1 14 3
157 1 14 110
157 1 14 168
157 1 14 117
157 1 14 3
157 1 14 131
157 1 14 179
157 1 14 34
157 1 14 5
157 1 14 144
157 1 14 181
157 1 14 1
157 2 1 9
157 2 1 101
157 2 1 169
157 2 1 92
157 2 1 8
157 2 1 145
157 2 1 159
157 2 1 101
157 2 1 10
157 2 1 81
157 2 1 161
157 2 1 88
157 2 1 7
157 2 1 155
157 2 1 166
157 2 1 178
157 2 1 9
157 2 1 156
157 2 1 163
157 2 1 9
157 2 2 1
157 2 2 123
157 2 2 161
157 2 2 167
157 2 2 3
157 2 2 98
157 2 2 180
157 2 2 71
157 2 2 7
157 2 2 123
157 2 2 159
157 2 2 1
157 2 2 1
157 2 2 113
157 2 2 159
157 2 2 3
157 2 2 1
157 2 2 99
157 2 2 172
157 2 2 177
157 2 3 7
157 2 3 148
157 2 3 167
157 2 3 31
157 2 3 4
157 2 3 157
157 2 3 168
157 2 3 46
157 2 3 6
157 2 3 126
157 2 3 176
157 2 3 53
157 2 3 5
157 2 3 109
157 2 3 167
157 2 3 43
157 2 3 10
157 2 3 113
157 2 3 165
157 2 3 61
157 2 4 9
157 2 4 135
157 2 4 174
157 2 4 172
157 2 4 4
157 2 4 127
157 2 4 178
157 2 4 30
157 2 4 4
157 2 4 123
157 2 4 162
157 2 4 113
157 2 4 3
157 2 4 120
157 2 4 172
157 2 4 131
157 2 4 8
157 2 4 129
157 2 4 176
157 2 4 95
157 2 5 10
157 2 5 105
157 2 5 170
157 2 5 113
157 2 5 5
157 2 5 147
157 2 5 177
157 2 5 43
157 2 5 8
157 2 5 132
157 2 5 173
157 2 5 68
157 2 5 4
157 2 5 83
157 2 5 178
157 2 5 106
157 2 5 9
157 2 5 138
157 2 5 176
157 2 5 90
157 2 6 1
157 2 6 135
157 2 6 166
157 2 6 177
157 2 6 4
157 2 6 111
157 2 6 165
157 2 6 70
157 2 6 1
157 2 6 105
157 2 6 158
157 2 6 127
157 2 6 4
157 2 6 134
157 2 6 166
157 2 6 100
157 2 6 6
157 2 6 91
157 2 6 170
157 2 6 65
157 2 7 7
157 2 7 112
157 2 7 166
157 2 7 20
157 2 7 2
157 2 7 113
157 2 7 163
157 2 7 42
157 2 7 2
157 2 7 97
157 2 7 180
157 2 7 111
157 2 7 6
157 2 7 93
157 2 7 158
157 2 7 28
157 2 7 3
157 2 7 122
157 2 7 176
157 2 7 120
157 2 8 2
157 2 8 78
157 2 8 176
157 2 8 98
157 2 8 2
157 2 8 88
157 2 8 178
157 2 8 30
157 2 8 10
157 2 8 112
157 2 8 169
157 2 8 118
157 2 8 6
157 2 8 134
157 2 8 174
157 2 8 36
157 2 8 5
157 2 8 103
157 2 8 165
157 2 8 108
157 2 9 4
157 2 9 153
157 2 9 175
157 2 9 48
157 2 9 9
157 2 9 101
157 2 9 173
157 2 9 39
157 2 9 9
157 2 9 86
157 2 9 180
157 2 9 8
157 2 9 3
157 2 9 151
157 2 9 163
157 2 9 74
157 2 9 7
157 2 9 140
157 2 9 165
157 2 9 18
157 2 10 10
157 2 10 128
157 2 10 177
157 2 10 3
157 2 10 2
157 2 10 124
157 2 10 180
157 2 10 139
157 2 10 8
157 2 10 84
157 2 10 162
157 2 10 88
157 2 10 10
157 2 10 99
157 2 10 164
157 2 10 14
157 2 10 9
157 2 10 107
157 2 10 164
157 2 10 177
157 2 11 7
157 2 11 86
157 2 11 180
157 2 11 29
157 2 11 2
157 2 11 111
157 2 11 174
157 2 11 120
157 2 11 6
157 2 11 111
157 2 11 166
157 2 11 58
157 2 11 2
157 2 11 100
157 2 11 174
157 2 11 181
157 2 11 9
157 2 11 118
157 2 11 172
157 2 11 67
157 2 12 6
157 2 12 112
157 2 12 158
157 2 12 63
157 2 12 4
157 2 12 147
157 2 12 170
157 2 12 133
157 2 12 6
157 2 12 145
157 2 12 167
157 2 12 13
157 2 12 1
157 2 12 115
157 2 12 167
157 2 12 128
157 2 12 6
157 2 12 145
157 2 12 179
157 2 12 172
157 2 13 3
157 2 13 82
157 2 13 157
157 2 13 46
157 2 13 3
157 2 13 91
157 2 13 181
157 2 13 8
157 2 13 10
157 2 13 85
157 2 13 170
157 2 13 31
157 2 13 8
157 2 13 148
157 2 13 170
157 2 13 120
157 2 13 9
157 2 13 147
157 2 13 177
157 2 13 106
157 2 14 2
157 2 14 87
157 2 14 177
157 2 14 150
157 2 14 4
157 2 14 117
157 2 14 167
157 2 14 104
157 2 14 9
157 2 14 113
157 2 14 171
157 2 14 170
157 2 14 4
157 2 14 95
157 2 14 169
157 2 14 22
157 2 14 1
157 2 14 140
157 2 14 176
157 2 14 148
157 3 1 9
157 3 1 98
157 3 1 158
157 3 1 89
157 3 1 6
157 3 1 90
157 3 1 164
157 3 1 17
157 3 1 4
157 3 1 138
157 3 1 169
157 3 1 170
157 3 1 3
157 3 1 97
157 3 1 167
157 3 1 94
157 3 1 1
157 3 1 92
157 3 1 178
157 3 1 164
157 3 2 9
157 3 2 153
157 3 2 159
157 3 2 92
157 3 2 2
157 3 2 136
157 3 2 160
157 3 2 127
157 3 2 3
157 3 2 88
157 3 2 159
157 3 2 39
157 3 2 4
157 3 2 132
157 3 2 177
157 3 2 115
157 3 2 4
157 3 2 118
157 3 2 169
157 3 2 49
157 3 3 10
157 3 3 147
157 3 3 177
157 3 3 100
157 3 3 6
157 3 3 136
157 3 3 163
157 3 3 22
157 3 3 8
157 3 3 85
157 3 3 162
157 3 3 146
157 3 3 6
157 3 3 156
157 3 3 157
157 3 3 29
157 3 3 6
157 3 3 111
157 3 3 174
157 3 3 42
157 3 4 10
157 3 4 84
157 3 4 169
157 3 4 130
157 3 4 2
157 3 4 143
157 3 4 180
157 3 4 106
157 3 4 5
157 3 4 120
157 3 4 175
157 3 4 7
157 3 4 5
157 3 4 93
157 3 4 166
157 3 4 45
157 3 4 5
157 3 4 109
157 3 4 164
157 3 4 169
157 3 5 9
157 3 5 130
157 3 5 161
157 3 5 83
157 3 5 7
157 3 5 108
157 3 5 170
157 3 5 44
157 3 5 3
157 3 5 155
157 3 5 166
157 3 5 97
157 3 5 6
157 3 5 151
157 3 5 161
157 3 5 108
157 3 5 10
157 3 5 107
157 3 5 170
157 3 5 14
157 3 6 8
157 3 6 106
157 3 6 173
157 3 6 33
157 3 6 2
157 3 6 118
157 3 6 174
157 3 6 78
157 3 6 3
157 3 6 101
157 3 6 167
157 3 6 158
157 3 6 2
157 3 6 152
157 3 6 176
157 3 6 18
157 3 6 9
157 3 6 96
157 3 6 182
157 3 6 126
157 3 7 2
157 3 7 151
157 3 7 157
157 3 7 23
157 3 7 5
157 3 7 82
157 3 7 175
157 3 7 146
157 3 7 10
157 3 7 112
157 3 7 166
157 3 7 176
157 3 7 5
157 3 7 134
157 3 7 166
157 3 7 131
157 3 7 9
157 3 7 107
157 3 7 177
157 3 7 18
157 3 8 9
157 3 8 130
157 3 8 175
157 3 8 49
157 3 8 3
157 3 8 122
157 3 8 173
157 3 8 139
157 3 8 8
157 3 8 156
157 3 8 167
157 3 8 34
157 3 8 3
157 3 8 127
157 3 8 163
157 3 8 139
157 3 8 2
157 3 8 112
157 3 8 172
157 3 8 22
157 3 9 3
157 3 9 121
157 3 9 180
157 3 9 63
157 3 9 5
157 3 9 89
157 3 9 166
157 3 9 115
157 3 9 8
157 3 9 127
157 3 9 172
157 3 9 96
157 3 9 9
157 3 9 106
157 3 9 158
157 3 9 131
157 3 9 10
157 3 9 112
157 3 9 161
157 3 9 25
157 3 10 10
157 3 10 141
157 3 10 179
157 3 10 167
157 3 10 1
157 3 10 102
157 3 10 164
157 3 10 111
157 3 10 10
157 3 10 90
157 3 10 165
157 3 10 59
157 3 10 9
157 3 10 125
157 3 10 169
157 3 10 62
157 3 10 2
157 3 10 111
157 3 10 173
157 3 10 67
157 3 11 1
157 3 11 127
157 3 11 170
157 3 11 23
157 3 11 5
157 3 11 130
157 3 11 167
157 3 11 157
157 3 11 6
157 3 11 104
157 3 11 182
157 3 11 136
157 3 11 8
157 3 11 132
157 3 11 182
157 3 11 2
157 3 11 3
157 3 11 132
157 3 11 157
157 3 11 116
157 3 12 1
157 3 12 142
157 3 12 173
157 3 12 71
157 3 12 8
157 3 12 127
157 3 12 162
157 3 12 107
157 3 12 5
157 3 12 142
157 3 12 181
157 3 12 88
157 3 12 5
157 3 12 108
157 3 12 158
157 3 12 116
157 3 12 3
157 3 12 101
157 3 12 171
157 3 12 6
157 3 13 1
157 3 13 88
157 3 13 161
157 3 13 153
157 3 13 3
157 3 13 133
157 3 13 177
157 3 13 44
157 3 13 1
157 3 13 155
157 3 13 162
157 3 13 19
157 3 13 10
157 3 13 84
157 3 13 177
157 3 13 115
157 3 13 2
157 3 13 92
157 3 13 175
157 3 13 160
157 3 14 8
157 3 14 108
157 3 14 164
157 3 14 28
157 3 14 9
157 3 14 92
157 3 14 164
157 3 14 63
157 3 14 6
157 3 14 103
157 3 14 173
157 3 14 124
157 3 14 7
157 3 14 123
157 3 14 176
157 3 14 43
157 3 14 1
157 3 14 123
157 3 14 179
157 3 14 12
157 4 1 1
157 4 1 157
157 4 1 166
157 4 1 67
157 4 1 10
157 4 1 106
157 4 1 159
157 4 1 3
157 4 1 5
157 4 1 91
157 4 1 175
157 4 1 161
157 4 1 1
157 4 1 82
157 4 1 171
157 4 1 108
157 4 1 1
157 4 1 153
157 4 1 176
157 4 1 11
157 4 2 4
157 4 2 122
157 4 2 176
157 4 2 93
157 4 2 4
157 4 2 141
157 4 2 159
157 4 2 82
157 4 2 10
157 4 2 91
157 4 2 167
157 4 2 60
157 4 2 6
157 4 2 118
157 4 2 168
157 4 2 4
157 4 2 2
157 4 2 108
157 4 2 172
157 4 2 94
157 4 3 4
157 4 3 88
157 4 3 177
157 4 3 16
157 4 3 7
157 4 3 125
157 4 3 174
157 4 3 153
157 4 3 10
157 4 3 144
157 4 3 170
157 4 3 72
157 4 3 1
157 4 3 123
157 4 3 176
157 4 3 106
157 4 3 9
157 4 3 112
157 4 3 170
157 4 3 114
157 4 4 9
157 4 4 91
157 4 4 169
157 4 4 55
157 4 4 4
157 4 4 84
157 4 4 182
157 4 4 182
157 4 4 1
157 4 4 85
157 4 4 168
157 4 4 27
157 4 4 8
157 4 4 137
157 4 4 169
157 4 4 113
157 4 4 10
157 4 4 133
157 4 4 180
157 4 4 92
157 4 5 6
157 4 5 127
157 4 5 168
157 4 5 168
157 4 5 8
157 4 5 100
157 4 5 168
157 4 5 22
157 4 5 3
157 4 5 97
157 4 5 166
157 4 5 180
157 4 5 2
157 4 5 120
157 4 5 163
157 4 5 34
157 4 5 3
157 4 5 112
157 4 5 180
157 4 5 44
157 4 6 6
157 4 6 117
157 4 6 157
157 4 6 74
157 4 6 8
157 4 6 125
157 4 6 175
157 4 6 165
157 4 6 9
157 4 6 98
157 4 6 162
157 4 6 83
157 4 6 5
157 4 6 90
157 4 6 165
157 4 6 77
157 4 6 7
157 4 6 79
157 4 6 180
157 4 6 147
157 4 7 9
157 4 7 88
157 4 7 165
157 4 7 180
157 4 7 9
157 4 7 106
157 4 7 167
157 4 7 126
157 4 7 5
157 4 7 88
157 4 7 173
157 4 7 95
157 4 7 2
157 4 7 117
157 4 7 167
157 4 7 124
157 4 7 8
157 4 7 107
157 4 7 159
157 4 7 54
157 4 8 4
157 4 8 157
157 4 8 164
157 4 8 83
157 4 8 2
157 4 8 112
157 4 8 167
157 4 8 98
157 4 8 6
157 4 8 153
157 4 8 175
157 4 8 93
157 4 8 7
157 4 8 140
157 4 8 166
157 4 8 146
157 4 8 6
157 4 8 108
157 4 8 170
157 4 8 84
157 4 9 9
157 4 9 94
157 4 9 163
157 4 9 121
157 4 9 10
157 4 9 123
157 4 9 178
157 4 9 64
157 4 9 3
157 4 9 157
157 4 9 161
157 4 9 5
157 4 9 10
157 4 9 93
157 4 9 168
157 4 9 92
157 4 9 4
157 4 9 142
157 4 9 173
157 4 9 36
157 4 10 10
157 4 10 103
157 4 10 180
157 4 10 182
157 4 10 3
157 4 10 122
157 4 10 171
157 4 10 93
157 4 10 7
157 4 10 138
157 4 10 164
157 4 10 74
157 4 10 8
157 4 10 146
157 4 10 162
157 4 10 129
157 4 10 9
157 4 10 120
157 4 10 181
157 4 10 133
157 4 11 9
157 4 11 81
157 4 11 180
157 4 11 8
157 4 11 6
157 4 11 98
157 4 11 173
157 4 11 25
157 4 11 4
157 4 11 119
157 4 11 162
157 4 11 11
157 4 11 7
157 4 11 80
157 4 11 181
157 4 11 116
157 4 11 8
157 4 11 119
157 4 11 175
157 4 11 55
157 4 12 4
157 4 12 146
157 4 12 164
157 4 12 146
157 4 12 9
157 4 12 114
157 4 12 179
157 4 12 111
157 4 12 2
157 4 12 119
157 4 12 161
157 4 12 38
157 4 12 7
157 4 12 139
157 4 12 175
157 4 12 149
157 4 12 10
157 4 12 125
157 4 12 157
157 4 12 65
157 4 13 1
157 4 13 104
157 4 13 175
157 4 13 32
157 4 13 2
157 4 13 135
157 4 13 160
157 4 13 3
157 4 13 3
157 4 13 142
157 4 13 168
157 4 13 42
157 4 13 2
157 4 13 78
157 4 13 173
157 4 13 83
157 4 13 4
157 4 13 109
157 4 13 162
157 4 13 101
157 4 14 10
157 4 14 143
157 4 14 176
157 4 14 56
157 4 14 7
157 4 14 144
157 4 14 160
157 4 14 147
157 4 14 1
157 4 14 126
157 4 14 160
157 4 14 175
157 4 14 5
157 4 14 148
157 4 14 159
157 4 14 145
157 4 14 8
157 4 14 116
157 4 14 157
157 4 14 101
157 5 1 4
157 5 1 92
157 5 1 161
157 5 1 58
157 5 1 8
157 5 1 78
157 5 1 165
157 5 1 54
157 5 1 3
157 5 1 137
157 5 1 175
157 5 1 81
157 5 1 5
157 5 1 130
157 5 1 178
157 5 1 62
157 5 1 1
157 5 1 100
157 5 1 170
157 5 1 20
157 5 2 10
157 5 2 102
157 5 2 167
157 5 2 136
157 5 2 10
157 5 2 117
157 5 2 171
157 5 2 77
157 5 2 3
157 5 2 110
157 5 2 182
157 5 2 114
157 5 2 8
157 5 2 157
157 5 2 158
157 5 2 30
157 5 2 7
157 5 2 100
157 5 2 170
157 5 2 74
157 5 3 4
157 5 3 114
157 5 3 169
157 5 3 18
157 5 3 8
157 5 3 152
157 5 3 172
157 5 3 145
157 5 3 3
157 5 3 156
157 5 3 177
157 5 3 8
157 5 3 6
157 5 3 119
157 5 3 158
157 5 3 47
157 5 3 3
157 5 3 84
157 5 3 164
157 5 3 146
157 5 4 8
157 5 4 124
157 5 4 174
157 5 4 142
157 5 4 8
157 5 4 148
157 5 4 165
157 5 4 138
157 5 4 5
157 5 4 148
157 5 4 166
157 5 4 89
157 5 4 2
157 5 4 127
157 5 4 157
157 5 4 101
157 5 4 4
157 5 4 96
157 5 4 179
157 5 4 113
157 5 5 8
157 5 5 118
157 5 5 171
157 5 5 165
157 5 5 4
157 5 5 106
157 5 5 165
157 5 5 86
157 5 5 7
157 5 5 85
157 5 5 168
157 5 5 114
157 5 5 8
157 5 5 94
157 5 5 161
157 5 5 11
157 5 5 6
157 5 5 89
157 5 5 162
157 5 5 113
157 5 6 7
157 5 6 101
157 5 6 162
157 5 6 76
157 5 6 9
157 5 6 135
157 5 6 160
157 5 6 54
157 5 6 8
157 5 6 140
157 5 6 167
157 5 6 104
157 5 6 3
157 5 6 95
157 5 6 165
157 5 6 124
157 5 6 1
157 5 6 118
157 5 6 182
157 5 6 110
157 5 7 3
157 5 7 155
157 5 7 160
157 5 7 21
157 5 7 10
157 5 7 109
157 5 7 181
157 5 7 49
157 5 7 9
157 5 7 109
157 5 7 182
157 5 7 10
157 5 7 6
157 5 7 84
157 5 7 162
157 5 7 77
157 5 7 9
157 5 7 91
157 5 7 160
157 5 7 87
157 5 8 4
157 5 8 128
157 5 8 175
157 5 8 161
157 5 8 2
157 5 8 98
157 5 8 165
157 5 8 23
157 5 8 5
157 5 8 125
157 5 8 167
157 5 8 78
157 5 8 7
157 5 8 81
157 5 8 179
157 5 8 173
157 5 8 6
157 5 8 148
157 5 8 162
157 5 8 97
157 5 9 6
157 5 9 143
157 5 9 167
157 5 9 88
157 5 9 8
157 5 9 92
157 5 9 181
157 5 9 31
157 5 9 4
157 5 9 147
157 5 9 177
157 5 9 92
157 5 9 3
157 5 9 136
157 5 9 172
157 5 9 175
157 5 9 9
157 5 9 87
157 5 9 179
157 5 9 30
157 5 10 10
157 5 10 88
157 5 10 158
157 5 10 64
157 5 10 6
157 5 10 131
157 5 10 168
157 5 10 41
157 5 10 10
157 5 10 126
157 5 10 181
157 5 10 154
157 5 10 9
157 5 10 128
157 5 10 177
157 5 10 24
157 5 10 9
157 5 10 154
157 5 10 168
157 5 10 51
157 5 11 3
157 5 11 96
157 5 11 172
157 5 11 108
157 5 11 3
157 5 11 150
157 5 11 180
157 5 11 101
157 5 11 6
157 5 11 127
157 5 11 164
157 5 11 42
157 5 11 10
157 5 11 142
157 5 11 173
157 5 11 106
157 5 11 6
157 5 11 103
157 5 11 177
157 5 11 144
157 5 12 2
157 5 12 103
157 5 12 177
157 5 12 110
157 5 12 10
157 5 12 120
157 5 12 174
157 5 12 121
157 5 12 9
157 5 12 123
157 5 12 178
157 5 12 30
157 5 12 5
157 5 12 107
157 5 12 160
157 5 12 138
157 5 12 6
157 5 12 144
157 5 12 171
157 5 12 113
157 5 13 4
157 5 13 90
157 5 13 162
157 5 13 2
157 5 13 4
157 5 13 123
157 5 13 160
157 5 13 74
157 5 13 9
157 5 13 81
157 5 13 180
157 5 13 163
157 5 13 1
157 5 13 120
157 5 13 178
157 5 13 26
157 5 13 4
157 5 13 113
157 5 13 167
157 5 13 13
157 5 14 2
157 5 14 110
157 5 14 170
157 5 14 162
157 5 14 1
157 5 14 123
157 5 14 168
157 5 14 101
157 5 14 2
157 5 14 86
157 5 14 162
157 5 14 3
157 5 14 9
157 5 14 156
157 5 14 163
157 5 14 96
157 5 14 1
157 5 14 131
157 5 14 177
157 5 14 131
157 6 1 2
157 6 1 155
157 6 1 160
157 6 1 45
157 6 1 2
157 6 1 136
157 6 1 180
157 6 1 60
157 6 1 3
157 6 1 81
157 6 1 159
157 6 1 19
157 6 1 10
157 6 1 112
157 6 1 176
157 6 1 162
157 6 1 6
157 6 1 134
157 6 1 181
157 6 1 93
157 6 2 1
157 6 2 83
157 6 2 167
157 6 2 15
157 6 2 7
157 6 2 133
157 6 2 172
157 6 2 158
157 6 2 3
157 6 2 142
157 6 2 157
157 6 2 88
157 6 2 6
157 6 2 85
157 6 2 157
157 6 2 72
157 6 2 4
157 6 2 141
157 6 2 168
157 6 2 30
157 6 3 4
157 6 3 95
157 6 3 167
157 6 3 34
157 6 3 10
157 6 3 122
157 6 3 160
157 6 3 167
157 6 3 4
157 6 3 107
157 6 3 172
157 6 3 155
157 6 3 5
157 6 3 99
157 6 3 162
157 6 3 35
157 6 3 10
157 6 3 124
157 6 3 172
157 6 3 8
157 6 4 7
157 6 4 110
157 6 4 161
157 6 4 67
157 6 4 3
157 6 4 108
157 6 4 162
157 6 4 73
157 6 4 5
157 6 4 79
157 6 4 158
157 6 4 94
157 6 4 4
157 6 4 92
157 6 4 166
157 6 4 138
157 6 4 8
157 6 4 106
157 6 4 158
157 6 4 180
157 6 5 2
157 6 5 95
157 6 5 178
157 6 5 48
157 6 5 4
157 6 5 133
157 6 5 173
157 6 5 8
157 6 5 2
157 6 5 123
157 6 5 181
157 6 5 89
157 6 5 6
157 6 5 129
157 6 5 165
157 6 5 125
157 6 5 8
157 6 5 126
157 6 5 172
157 6 5 89
157 6 6 4
157 6 6 88
157 6 6 161
157 6 6 134
157 6 6 6
157 6 6 120
157 6 6 176
157 6 6 145
157 6 6 6
157 6 6 122
157 6 6 177
157 6 6 118
157 6 6 1
157 6 6 88
157 6 6 176
157 6 6 1
157 6 6 8
157 6 6 125
157 6 6 174
157 6 6 74
157 6 7 5
157 6 7 126
157 6 7 174
157 6 7 145
157 6 7 6
157 6 7 91
157 6 7 157
157 6 7 136
157 6 7 9
157 6 7 84
157 6 7 174
157 6 7 111
157 6 7 3
157 6 7 124
157 6 7 170
157 6 7 181
157 6 7 2
157 6 7 114
157 6 7 177
157 6 7 107
157 6 8 1
157 6 8 146
157 6 8 169
157 6 8 6
157 6 8 7
157 6 8 111
157 6 8 169
157 6 8 176
157 6 8 10
157 6 8 114
157 6 8 178
157 6 8 6
157 6 8 5
157 6 8 88
157 6 8 159
157 6 8 40
157 6 8 10
157 6 8 135
157 6 8 161
157 6 8 114
157 6 9 3
157 6 9 131
157 6 9 163
157 6 9 70
157 6 9 10
157 6 9 153
157 6 9 176
157 6 9 174
157 6 9 10
157 6 9 86
157 6 9 177
157 6 9 19
157 6 9 1
157 6 9 107
157 6 9 176
157 6 9 9
157 6 9 2
157 6 9 145
157 6 9 166
157 6 9 142
157 6 10 5
157 6 10 89
157 6 10 159
157 6 10 136
157 6 10 10
157 6 10 134
157 6 10 174
157 6 10 22
157 6 10 1
157 6 10 115
157 6 10 176
157 6 10 100
157 6 10 1
157 6 10 140
157 6 10 159
157 6 10 83
157 6 10 6
157 6 10 84
157 6 10 173
157 6 10 170
157 6 11 2
157 6 11 124
157 6 11 175
157 6 11 67
157 6 11 6
157 6 11 81
157 6 11 182
157 6 11 70
157 6 11 9
157 6 11 79
157 6 11 158
157 6 11 124
157 6 11 7
157 6 11 102
157 6 11 172
157 6 11 50
157 6 11 6
157 6 11 93
157 6 11 177
157 6 11 43
157 6 12 2
157 6 12 119
157 6 12 172
157 6 12 59
157 6 12 4
157 6 12 134
157 6 12 182
157 6 12 90
157 6 12 7
157 6 12 125
157 6 12 172
157 6 12 7
157 6 12 7
157 6 12 88
157 6 12 170
157 6 12 38
157 6 12 1
157 6 12 81
157 6 12 167
157 6 12 21
157 6 13 6
157 6 13 114
157 6 13 176
157 6 13 120
157 6 13 9
157 6 13 138
157 6 13 170
157 6 13 181
157 6 13 2
157 6 13 146
157 6 13 157
157 6 13 85
157 6 13 2
157 6 13 116
157 6 13 180
157 6 13 131
157 6 13 5
157 6 13 129
157 6 13 157
157 6 13 107
157 6 14 2
157 6 14 110
157 6 14 161
157 6 14 30
157 6 14 8
157 6 14 157
157 6 14 165
157 6 14 117
157 6 14 1
157 6 14 118
157 6 14 161
157 6 14 6
157 6 14 3
157 6 14 109
157 6 14 170
157 6 14 122
157 6 14 5
157 6 14 151
157 6 14 161
157 6 14 46
157 7 1 8
157 7 1 106
157 7 1 175
157 7 1 57
157 7 1 9
157 7 1 113
157 7 1 158
157 7 1 65
157 7 1 3
157 7 1 144
157 7 1 177
157 7 1 21
157 7 1 2
157 7 1 138
157 7 1 173
157 7 1 146
157 7 1 2
157 7 1 90
157 7 1 170
157 7 1 140
157 7 2 7
157 7 2 131
157 7 2 169
157 7 2 133
157 7 2 8
157 7 2 139
157 7 2 159
157 7 2 76
157 7 2 8
157 7 2 123
157 7 2 166
157 7 2 62
157 7 2 7
157 7 2 94
157 7 2 165
157 7 2 23
157 7 2 3
157 7 2 82
157 7 2 163
157 7 2 163
157 7 3 10
157 7 3 131
157 7 3 157
157 7 3 173
157 7 3 9
157 7 3 157
157 7 3 160
157 7 3 111
157 7 3 9
157 7 3 138
157 7 3 177
157 7 3 145
157 7 3 1
157 7 3 139
157 7 3 172
157 7 3 85
157 7 3 4
157 7 3 90
157 7 3 166
157 7 3 79
157 7 4 1
157 7 4 130
157 7 4 177
157 7 4 72
157 7 4 2
157 7 4 139
157 7 4 179
157 7 4 102
157 7 4 2
157 7 4 154
157 7 4 160
157 7 4 74
157 7 4 7
157 7 4 140
157 7 4 159
157 7 4 88
157 7 4 4
157 7 4 96
157 7 4 167
157 7 4 111
157 7 5 2
157 7 5 97
157 7 5 166
157 7 5 161
157 7 5 10
157 7 5 141
157 7 5 162
157 7 5 172
157 7 5 2
157 7 5 88
157 7 5 180
157 7 5 119
157 7 5 2
157 7 5 154
157 7 5 171
157 7 5 3
157 7 5 7
157 7 5 143
157 7 5 170
157 7 5 116
157 7 6 7
157 7 6 131
157 7 6 180
157 7 6 3
157 7 6 1
157 7 6 85
157 7 6 159
157 7 6 119
157 7 6 7
157 7 6 115
157 7 6 158
157 7 6 153
157 7 6 7
157 7 6 153
157 7 6 157
157 7 6 94
157 7 6 9
157 7 6 126
157 7 6 165
157 7 6 111
157 7 7 4
157 7 7 107
157 7 7 175
157 7 7 118
157 7 7 6
157 7 7 137
157 7 7 159
157 7 7 47
157 7 7 7
157 7 7 136
157 7 7 179
157 7 7 32
157 7 7 6
157 7 7 78
157 7 7 182
157 7 7 143
157 7 7 1
157 7 7 146
157 7 7 178
157 7 7 41
157 7 8 4
157 7 8 95
157 7 8 157
157 7 8 173
157 7 8 5
157 7 8 146
157 7 8 173
157 7 8 102
157 7 8 3
157 7 8 78
157 7 8 176
157 7 8 166
157 7 8 8
157 7 8 124
157 7 8 158
157 7 8 139
157 7 8 7
157 7 8 149
157 7 8 161
157 7 8 47
157 7 9 5
157 7 9 156
157 7 9 171
157 7 9 59
157 7 9 3
157 7 9 83
157 7 9 167
157 7 9 53
157 7 9 9
157 7 9 118
157 7 9 158
157 7 9 11
157 7 9 9
157 7 9 86
157 7 9 169
157 7 9 19
157 7 9 1
157 7 9 156
157 7 9 170
157 7 9 91
157 7 10 10
157 7 10 119
157 7 10 176
157 7 10 147
157 7 10 8
157 7 10 147
157 7 10 157
157 7 10 29
157 7 10 10
157 7 10 135
157 7 10 165
157 7 10 143
157 7 10 10
157 7 10 86
157 7 10 172
157 7 10 71
157 7 10 10
157 7 10 120
157 7 10 176
157 7 10 95
157 7 11 1
157 7 11 137
157 7 11 157
157 7 11 23
157 7 11 5
157 7 11 113
157 7 11 167
157 7 11 79
157 7 11 2
157 7 11 103
157 7 11 175
157 7 11 19
157 7 11 8
157 7 11 97
157 7 11 164
157 7 11 182
157 7 11 7
157 7 11 141
157 7 11 165
157 7 11 152
157 7 12 4
157 7 12 154
157 7 12 158
157 7 12 88
157 7 12 10
157 7 12 134
157 7 12 167
157 7 12 76
157 7 12 8
157 7 12 109
157 7 12 159
157 7 12 82
157 7 12 4
157 7 12 154
157 7 12 161
157 7 12 148
157 7 12 3
157 7 12 102
157 7 12 176
157 7 12 163
157 7 13 10
157 7 13 87
157 7 13 159
157 7 13 13
157 7 13 3
157 7 13 137
157 7 13 169
157 7 13 174
157 7 13 2
157 7 13 122
157 7 13 158
157 7 13 60
157 7 13 1
157 7 13 121
157 7 13 162
157 7 13 112
157 7 13 3
157 7 13 142
157 7 13 162
157 7 13 65
157 7 14 5
157 7 14 151
157 7 14 170
157 7 14 62
157 7 14 10
157 7 14 116
157 7 14 169
157 7 14 6
157 7 14 10
157 7 14 140
157 7 14 164
157 7 14 28
157 7 14 1
157 7 14 100
157 7 14 177
157 7 14 109
157 7 14 2
157 7 14 137
157 7 14 173
157 7 14 60
157 8 1 8
157 8 1 97
157 8 1 168
157 8 1 162
157 8 1 3
157 8 1 100
157 8 1 176
157 8 1 35
157 8 1 6
157 8 1 131
157 8 1 181
157 8 1 99
157 8 1 1
157 8 1 93
157 8 1 169
157 8 1 59
157 8 1 6
157 8 1 105
157 8 1 162
157 8 1 94
157 8 2 1
157 8 2 126
157 8 2 160
157 8 2 113
157 8 2 3
157 8 2 143
157 8 2 178
157 8 2 57
157 8 2 4
157 8 2 148
157 8 2 160
157 8 2 18
157 8 2 5
157 8 2 87
157 8 2 158
157 8 2 58
157 8 2 8
157 8 2 125
157 8 2 164
157 8 2 95
157 8 3 5
157 8 3 133
157 8 3 176
157 8 3 37
157 8 3 3
157 8 3 115
157 8 3 177
157 8 3 43
157 8 3 4
157 8 3 143
157 8 3 163
157 8 3 53
157 8 3 9
157 8 3 142
157 8 3 163
157 8 3 120
157 8 3 5
157 8 3 105
157 8 3 176
157 8 3 119
157 8 4 5
157 8 4 103
157 8 4 172
157 8 4 118
157 8 4 10
157 8 4 140
157 8 4 177
157 8 4 66
157 8 4 10
157 8 4 133
157 8 4 179
157 8 4 45
157 8 4 2
157 8 4 137
157 8 4 177
157 8 4 161
157 8 4 1
157 8 4 108
157 8 4 164
157 8 4 88
157 8 5 2
157 8 5 117
157 8 5 170
157 8 5 71
157 8 5 3
157 8 5 97
157 8 5 181
157 8 5 143
157 8 5 3
157 8 5 84
157 8 5 178
157 8 5 178
157 8 5 6
157 8 5 143
157 8 5 179
157 8 5 47
157 8 5 6
157 8 5 132
157 8 5 162
157 8 5 37
157 8 6 1
157 8 6 146
157 8 6 182
157 8 6 156
157 8 6 4
157 8 6 111
157 8 6 166
157 8 6 79
157 8 6 1
157 8 6 106
157 8 6 159
157 8 6 42
157 8 6 7
157 8 6 125
157 8 6 167
157 8 6 77
157 8 6 3
157 8 6 123
157 8 6 161
157 8 6 15
157 8 7 4
157 8 7 105
157 8 7 166
157 8 7 166
157 8 7 6
157 8 7 153
157 8 7 172
157 8 7 169
157 8 7 9
157 8 7 89
157 8 7 170
157 8 7 152
157 8 7 5
157 8 7 87
157 8 7 167
157 8 7 78
157 8 7 8
157 8 7 112
157 8 7 174
157 8 7 82
157 8 8 2
157 8 8 136
157 8 8 159
157 8 8 107
157 8 8 3
157 8 8 140
157 8 8 180
157 8 8 27
157 8 8 5
157 8 8 109
157 8 8 164
157 8 8 69
157 8 8 8
157 8 8 121
157 8 8 163
157 8 8 57
157 8 8 8
157 8 8 126
157 8 8 180
157 8 8 24
157 8 9 2
157 8 9 154
157 8 9 171
157 8 9 110
157 8 9 6
157 8 9 134
157 8 9 171
157 8 9 25
157 8 9 5
157 8 9 78
157 8 9 157
157 8 9 138
157 8 9 3
157 8 9 111
157 8 9 176
157 8 9 1
157 8 9 2
157 8 9 87
157 8 9 170
157 8 9 67
157 8 10 1
157 8 10 118
157 8 10 182
157 8 10 37
157 8 10 4
157 8 10 90
157 8 10 164
157 8 10 111
157 8 10 8
157 8 10 94
157 8 10 160
157 8 10 174
157 8 10 9
157 8 10 150
157 8 10 182
157 8 10 32
157 8 10 4
157 8 10 109
157 8 10 180
157 8 10 8
157 8 11 9
157 8 11 145
157 8 11 165
157 8 11 90
157 8 11 6
157 8 11 106
157 8 11 158
157 8 11 39
157 8 11 5
157 8 11 135
157 8 11 177
157 8 11 2
157 8 11 2
157 8 11 93
157 8 11 180
157 8 11 31
157 8 11 1
157 8 11 149
157 8 11 179
157 8 11 178
157 8 12 8
157 8 12 93
157 8 12 171
157 8 12 72
157 8 12 2
157 8 12 110
157 8 12 166
157 8 12 178
157 8 12 7
157 8 12 83
157 8 12 162
157 8 12 104
157 8 12 7
157 8 12 127
157 8 12 171
157 8 12 60
157 8 12 7
157 8 12 83
157 8 12 171
157 8 12 135
157 8 13 1
157 8 13 113
157 8 13 175
157 8 13 15
157 8 13 10
157 8 13 98
157 8 13 160
157 8 13 86
157 8 13 6
157 8 13 152
157 8 13 168
157 8 13 18
157 8 13 10
157 8 13 88
157 8 13 169
157 8 13 71
157 8 13 9
157 8 13 94
157 8 13 176
157 8 13 124
157 8 14 3
157 8 14 127
157 8 14 172
157 8 14 159
157 8 14 5
157 8 14 133
157 8 14 171
157 8 14 43
157 8 14 1
157 8 14 88
157 8 14 170
157 8 14 80
157 8 14 2
157 8 14 136
157 8 14 178
157 8 14 131
157 8 14 5
157 8 14 79
157 8 14 166
157 8 14 156
157 9 1 8
157 9 1 116
157 9 1 159
157 9 1 32
157 9 1 7
157 9 1 81
157 9 1 179
157 9 1 88
157 9 1 3
157 9 1 104
157 9 1 164
157 9 1 27
157 9 1 9
157 9 1 145
157 9 1 175
157 9 1 108
157 9 1 7
157 9 1 93
157 9 1 182
157 9 1 167
157 9 2 5
157 9 2 119
157 9 2 163
157 9 2 59
157 9 2 8
157 9 2 116
157 9 2 173
157 9 2 10
157 9 2 3
157 9 2 139
157 9 2 169
157 9 2 112
157 9 2 2
157 9 2 81
157 9 2 163
157 9 2 170
157 9 2 9
157 9 2 136
157 9 2 166
157 9 2 169
157 9 3 8
157 9 3 111
157 9 3 162
157 9 3 71
157 9 3 3
157 9 3 145
157 9 3 179
157 9 3 43
157 9 3 8
157 9 3 130
157 9 3 164
157 9 3 48
157 9 3 5
157 9 3 90
157 9 3 176
157 9 3 156
157 9 3 4
157 9 3 124
157 9 3 165
157 9 3 94
157 9 4 9
157 9 4 157
157 9 4 174
157 9 4 21
157 9 4 4
157 9 4 111
157 9 4 180
157 9 4 69
157 9 4 6
157 9 4 121
157 9 4 180
157 9 4 46
157 9 4 2
157 9 4 83
157 9 4 178
157 9 4 12
157 9 4 8
157 9 4 99
157 9 4 170
157 9 4 114
157 9 5 10
157 9 5 156
157 9 5 174
157 9 5 51
157 9 5 9
157 9 5 105
157 9 5 182
157 9 5 40
157 9 5 4
157 9 5 131
157 9 5 159
157 9 5 157
157 9 5 4
157 9 5 87
157 9 5 159
157 9 5 69
157 9 5 3
157 9 5 96
157 9 5 168
157 9 5 122
157 9 6 6
157 9 6 88
157 9 6 169
157 9 6 65
157 9 6 6
157 9 6 137
157 9 6 157
157 9 6 96
157 9 6 9
157 9 6 80
157 9 6 166
157 9 6 180
157 9 6 1
157 9 6 136
157 9 6 177
157 9 6 134
157 9 6 5
157 9 6 105
157 9 6 158
157 9 6 99
157 9 7 4
157 9 7 105
157 9 7 181
157 9 7 9
157 9 7 7
157 9 7 96
157 9 7 163
157 9 7 82
157 9 7 10
157 9 7 81
157 9 7 160
157 9 7 30
157 9 7 10
157 9 7 96
157 9 7 182
157 9 7 19
157 9 7 5
157 9 7 114
157 9 7 170
157 9 7 140
157 9 8 6
157 9 8 121
157 9 8 163
157 9 8 5
157 9 8 7
157 9 8 154
157 9 8 170
157 9 8 129
157 9 8 2
157 9 8 109
157 9 8 173
157 9 8 139
157 9 8 5
157 9 8 154
157 9 8 169
157 9 8 43
157 9 8 1
157 9 8 137
157 9 8 178
157 9 8 25
157 9 9 3
157 9 9 131
157 9 9 160
157 9 9 138
157 9 9 7
157 9 9 142
157 9 9 178
157 9 9 173
157 9 9 8
157 9 9 96
157 9 9 157
157 9 9 67
157 9 9 2
157 9 9 98
157 9 9 158
157 9 9 109
157 9 9 3
157 9 9 141
157 9 9 176
157 9 9 90
157 9 10 1
157 9 10 98
157 9 10 176
157 9 10 33
157 9 10 2
157 9 10 86
157 9 10 166
157 9 10 141
157 9 10 6
157 9 10 111
157 9 10 181
157 9 10 68
157 9 10 7
157 9 10 140
157 9 10 166
157 9 10 168
157 9 10 7
157 9 10 140
157 9 10 162
157 9 10 30
157 9 11 3
157 9 11 100
157 9 11 170
157 9 11 84
157 9 11 7
157 9 11 87
157 9 11 173
157 9 11 74
157 9 11 2
157 9 11 146
157 9 11 172
157 9 11 112
157 9 11 8
157 9 11 107
157 9 11 158
157 9 11 129
157 9 11 5
157 9 11 119
157 9 11 161
157 9 11 93
157 9 12 3
157 9 12 85
157 9 12 159
157 9 12 23
157 9 12 2
157 9 12 149
157 9 12 166
157 9 12 14
157 9 12 7
157 9 12 106
157 9 12 165
157 9 12 81
157 9 12 3
157 9 12 88
157 9 12 159
157 9 12 145
157 9 12 6
157 9 12 143
157 9 12 162
157 9 12 108
157 9 13 5
157 9 13 143
157 9 13 171
157 9 13 145
157 9 13 8
157 9 13 146
157 9 13 174
157 9 13 175
157 9 13 10
157 9 13 104
157 9 13 159
157 9 13 21
157 9 13 1
157 9 13 90
157 9 13 182
157 9 13 165
157 9 13 9
157 9 13 121
157 9 13 163
157 9 13 75
157 9 14 3
157 9 14 112
157 9 14 165
157 9 14 144
157 9 14 8
157 9 14 92
157 9 14 166
157 9 14 9
157 9 14 7
157 9 14 134
157 9 14 159
157 9 14 95
157 9 14 2
157 9 14 91
157 9 14 166
157 9 14 177
157 9 14 9
157 9 14 127
157 9 14 158
157 9 14 145
157 10 1 1
157 10 1 145
157 10 1 181
157 10 1 60
157 10 1 1
157 10 1 117
157 10 1 178
157 10 1 166
157 10 1 1
157 10 1 103
157 10 1 162
157 10 1 1
157 10 1 7
157 10 1 96
157 10 1 164
157 10 1 79
157 10 1 4
157 10 1 95
157 10 1 163
157 10 1 156
157 10 2 10
157 10 2 80
157 10 2 178
157 10 2 61
157 10 2 8
157 10 2 113
157 10 2 169
157 10 2 77
157 10 2 1
157 10 2 142
157 10 2 160
157 10 2 22
157 10 2 1
157 10 2 145
157 10 2 179
157 10 2 79
157 10 2 10
157 10 2 122
157 10 2 162
157 10 2 87
157 10 3 2
157 10 3 86
157 10 3 175
157 10 3 15
157 10 3 7
157 10 3 80
157 10 3 173
157 10 3 128
157 10 3 4
157 10 3 141
157 10 3 168
157 10 3 92
157 10 3 7
157 10 3 147
157 10 3 167
157 10 3 5
157 10 3 2
157 10 3 154
157 10 3 175
157 10 3 154
157 10 4 5
157 10 4 90
157 10 4 162
157 10 4 128
157 10 4 6
157 10 4 124
157 10 4 160
157 10 4 75
157 10 4 3
157 10 4 102
157 10 4 177
157 10 4 123
157 10 4 10
157 10 4 90
157 10 4 182
157 10 4 74
157 10 4 2
157 10 4 98
157 10 4 167
157 10 4 40
157 10 5 2
157 10 5 116
157 10 5 170
157 10 5 141
157 10 5 10
157 10 5 151
157 10 5 170
157 10 5 43
157 10 5 1
157 10 5 130
157 10 5 169
157 10 5 35
157 10 5 1
157 10 5 127
157 10 5 157
157 10 5 136
157 10 5 9
157 10 5 95
157 10 5 178
157 10 5 24
157 10 6 5
157 10 6 106
157 10 6 165
157 10 6 112
157 10 6 1
157 10 6 142
157 10 6 157
157 10 6 122
157 10 6 9
157 10 6 152
157 10 6 158
157 10 6 141
157 10 6 8
157 10 6 153
157 10 6 172
157 10 6 52
157 10 6 5
157 10 6 114
157 10 6 168
157 10 6 133
157 10 7 1
157 10 7 79
157 10 7 182
157 10 7 68
157 10 7 2
157 10 7 124
157 10 7 173
157 10 7 112
157 10 7 6
157 10 7 113
157 10 7 161
157 10 7 31
157 10 7 4
157 10 7 81
157 10 7 158
157 10 7 140
157 10 7 4
157 10 7 93
157 10 7 170
157 10 7 73
157 10 8 5
157 10 8 103
157 10 8 175
157 10 8 177
157 10 8 10
157 10 8 137
157 10 8 162
157 10 8 16
157 10 8 6
157 10 8 148
157 10 8 167
157 10 8 109
157 10 8 9
157 10 8 84
157 10 8 176
157 10 8 63
157 10 8 8
157 10 8 136
157 10 8 160
157 10 8 123
157 10 9 8
157 10 9 121
157 10 9 178
157 10 9 162
157 10 9 8
157 10 9 131
157 10 9 165
157 10 9 151
157 10 9 3
157 10 9 140
157 10 9 175
157 10 9 77
157 10 9 8
157 10 9 147
157 10 9 175
157 10 9 29
157 10 9 6
157 10 9 128
157 10 9 175
157 10 9 97
157 10 10 7
157 10 10 123
157 10 10 158
157 10 10 10
157 10 10 4
157 10 10 86
157 10 10 171
157 10 10 55
157 10 10 8
157 10 10 129
157 10 10 175
157 10 10 46
157 10 10 6
157 10 10 101
157 10 10 157
157 10 10 93
157 10 10 2
157 10 10 92
157 10 10 174
157 10 10 29
157 10 11 8
157 10 11 136
157 10 11 160
157 10 11 14
157 10 11 4
157 10 11 118
157 10 11 164
157 10 11 102
157 10 11 4
157 10 11 148
157 10 11 162
157 10 11 48
157 10 11 7
157 10 11 114
157 10 11 181
157 10 11 15
157 10 11 4
157 10 11 105
157 10 11 163
157 10 11 86
157 10 12 7
157 10 12 134
157 10 12 177
157 10 12 35
157 10 12 1
157 10 12 116
157 10 12 181
157 10 12 78
157 10 12 5
157 10 12 154
157 10 12 168
157 10 12 91
157 10 12 7
157 10 12 119
157 10 12 162
157 10 12 137
157 10 12 8
157 10 12 107
157 10 12 178
157 10 12 136
157 10 13 5
157 10 13 147
157 10 13 182
157 10 13 140
157 10 13 9
157 10 13 109
157 10 13 179
157 10 13 64
157 10 13 2
157 10 13 127
157 10 13 157
157 10 13 48
157 10 13 3
157 10 13 101
157 10 13 161
157 10 13 132
157 10 13 3
157 10 13 103
157 10 13 173
157 10 13 97
157 10 14 6
157 10 14 122
157 10 14 172
157 10 14 143
157 10 14 2
157 10 14 153
157 10 14 157
157 10 14 137
157 10 14 6
157 10 14 89
157 10 14 171
157 10 14 37
157 10 14 9
157 10 14 156
157 10 14 172
157 10 14 31
157 10 14 1
157 10 14 99
157 10 14 158
157 10 14 170
157 11 1 4
157 11 1 142
157 11 1 168
157 11 1 135
157 11 1 2
157 11 1 126
157 11 1 169
157 11 1 149
157 11 1 9
157 11 1 116
157 11 1 174
157 11 1 53
157 11 1 2
157 11 1 109
157 11 1 170
157 11 1 26
157 11 1 9
157 11 1 142
157 11 1 169
157 11 1 175
157 11 2 7
157 11 2 115
157 11 2 157
157 11 2 35
157 11 2 5
157 11 2 94
157 11 2 178
157 11 2 51
157 11 2 8
157 11 2 96
157 11 2 176
157 11 2 43
157 11 2 8
157 11 2 111
157 11 2 170
157 11 2 128
157 11 2 2
157 11 2 99
157 11 2 167
157 11 2 133
157 11 3 5
157 11 3 110
157 11 3 162
157 11 3 147
157 11 3 6
157 11 3 110
157 11 3 181
157 11 3 145
157 11 3 1
157 11 3 104
157 11 3 169
157 11 3 9
157 11 3 10
157 11 3 156
157 11 3 172
157 11 3 131
157 11 3 1
157 11 3 126
157 11 3 159
157 11 3 144
157 11 4 7
157 11 4 78
157 11 4 160
157 11 4 74
157 11 4 9
157 11 4 87
157 11 4 169
157 11 4 150
157 11 4 5
157 11 4 95
157 11 4 159
157 11 4 128
157 11 4 3
157 11 4 97
157 11 4 174
157 11 4 90
157 11 4 10
157 11 4 113
157 11 4 177
157 11 4 175
157 11 5 9
157 11 5 100
157 11 5 166
157 11 5 125
157 11 5 3
157 11 5 130
157 11 5 176
157 11 5 8
157 11 5 9
157 11 5 147
157 11 5 168
157 11 5 53
157 11 5 4
157 11 5 87
157 11 5 167
157 11 5 47
157 11 5 7
157 11 5 139
157 11 5 172
157 11 5 157
157 11 6 7
157 11 6 86
157 11 6 166
157 11 6 149
157 11 6 9
157 11 6 85
157 11 6 161
157 11 6 162
157 11 6 1
157 11 6 146
157 11 6 168
157 11 6 11
157 11 6 10
157 11 6 99
157 11 6 167
157 11 6 153
157 11 6 6
157 11 6 132
157 11 6 159
157 11 6 76
157 11 7 6
157 11 7 84
157 11 7 179
157 11 7 176
157 11 7 7
157 11 7 143
157 11 7 169
157 11 7 95
157 11 7 1
157 11 7 137
157 11 7 157
157 11 7 62
157 11 7 3
157 11 7 133
157 11 7 173
157 11 7 168
157 11 7 2
157 11 7 129
157 11 7 169
157 11 7 163
157 11 8 3
157 11 8 137
157 11 8 167
157 11 8 61
157 11 8 4
157 11 8 136
157 11 8 166
157 11 8 77
157 11 8 7
157 11 8 89
157 11 8 169
157 11 8 113
157 11 8 5
157 11 8 118
157 11 8 168
157 11 8 7
157 11 8 9
157 11 8 119
157 11 8 161
157 11 8 52
157 11 9 3
157 11 9 90
157 11 9 182
157 11 9 60
157 11 9 4
157 11 9 145
157 11 9 166
157 11 9 77
157 11 9 3
157 11 9 103
157 11 9 167
157 11 9 182
157 11 9 1
157 11 9 147
157 11 9 168
157 11 9 139
157 11 9 10
157 11 9 87
157 11 9 167
157 11 9 117
157 11 10 2
157 11 10 96
157 11 10 159
157 11 10 144
157 11 10 10
157 11 10 104
157 11 10 180
157 11 10 103
157 11 10 9
157 11 10 137
157 11 10 164
157 11 10 180
157 11 10 7
157 11 10 126
157 11 10 161
157 11 10 30
157 11 10 3
157 11 10 105
157 11 10 182
157 11 10 98
157 11 11 2
157 11 11 92
157 11 11 177
157 11 11 181
157 11 11 9
157 11 11 130
157 11 11 175
157 11 11 112
157 11 11 1
157 11 11 80
157 11 11 158
157 11 11 31
157 11 11 1
157 11 11 107
157 11 11 166
157 11 11 137
157 11 11 10
157 11 11 118
157 11 11 177
157 11 11 153
157 11 12 3
157 11 12 83
157 11 12 177
157 11 12 165
157 11 12 9
157 11 12 125
157 11 12 164
157 11 12 20
157 11 12 5
157 11 12 107
157 11 12 173
157 11 12 108
157 11 12 6
157 11 12 106
157 11 12 172
157 11 12 166
157 11 12 8
157 11 12 118
157 11 12 171
157 11 12 135
157 11 13 9
157 11 13 132
157 11 13 166
157 11 13 145
157 11 13 9
157 11 13 119
157 11 13 178
157 11 13 152
157 11 13 5
157 11 13 97
157 11 13 182
157 11 13 176
157 11 13 1
157 11 13 84
157 11 13 174
157 11 13 9
157 11 13 3
157 11 13 137
157 11 13 171
157 11 13 96
157 11 14 6
157 11 14 114
157 11 14 178
157 11 14 133
157 11 14 3
157 11 14 122
157 11 14 175
157 11 14 38
157 11 14 7
157 11 14 153
157 11 14 179
157 11 14 54
157 11 14 8
157 11 14 81
157 11 14 172
157 11 14 53
157 11 14 7
157 11 14 122
157 11 14 160
157 11 14 14
157 12 1 10
157 12 1 145
157 12 1 162
157 12 1 166
157 12 1 10
157 12 1 147
157 12 1 160
157 12 1 167
157 12 1 9
157 12 1 142
157 12 1 180
157 12 1 157
157 12 1 10
157 12 1 100
157 12 1 180
157 12 1 98
157 12 1 1
157 12 1 121
157 12 1 178
157 12 1 120
157 12 2 6
157 12 2 143
157 12 2 180
157 12 2 95
157 12 2 6
157 12 2 125
157 12 2 181
157 12 2 158
157 12 2 5
157 12 2 141
157 12 2 174
157 12 2 135
157 12 2 10
157 12 2 157
157 12 2 168
157 12 2 131
157 12 2 3
157 12 2 129
157 12 2 160
157 12 2 119
157 12 3 6
157 12 3 103
157 12 3 168
157 12 3 174
157 12 3 7
157 12 3 140
157 12 3 181
157 12 3 173
157 12 3 3
157 12 3 85
157 12 3 173
157 12 3 43
157 12 3 4
157 12 3 143
157 12 3 177
157 12 3 42
157 12 3 5
157 12 3 88
157 12 3 178
157 12 3 33
157 12 4 3
157 12 4 150
157 12 4 168
157 12 4 172
157 12 4 7
157 12 4 157
157 12 4 173
157 12 4 63
157 12 4 9
157 12 4 95
157 12 4 165
157 12 4 114
157 12 4 2
157 12 4 152
157 12 4 164
157 12 4 122
157 12 4 2
157 12 4 100
157 12 4 181
157 12 4 72
157 12 5 9
157 12 5 129
157 12 5 165
157 12 5 173
157 12 5 6
157 12 5 121
157 12 5 164
157 12 5 139
157 12 5 10
157 12 5 132
157 12 5 165
157 12 5 15
157 12 5 7
157 12 5 78
157 12 5 159
157 12 5 127
157 12 5 8
157 12 5 133
157 12 5 161
157 12 5 148
157 12 6 5
157 12 6 123
157 12 6 177
157 12 6 74
157 12 6 1
157 12 6 83
157 12 6 178
157 12 6 163
157 12 6 3
157 12 6 90
157 12 6 162
157 12 6 136
157 12 6 6
157 12 6 85
157 12 6 171
157 12 6 144
157 12 6 1
157 12 6 133
157 12 6 182
157 12 6 137
157 12 7 7
157 12 7 140
157 12 7 159
157 12 7 121
157 12 7 8
157 12 7 134
157 12 7 171
157 12 7 159
157 12 7 7
157 12 7 118
157 12 7 170
157 12 7 56
157 12 7 6
157 12 7 135
157 12 7 176
157 12 7 107
157 12 7 5
157 12 7 84
157 12 7 159
157 12 7 149
157 12 8 8
157 12 8 116
157 12 8 175
157 12 8 57
157 12 8 4
157 12 8 123
157 12 8 178
157 12 8 61
157 12 8 4
157 12 8 104
157 12 8 180
157 12 8 172
157 12 8 7
157 12 8 134
157 12 8 168
157 12 8 75
157 12 8 1
157 12 8 118
157 12 8 157
157 12 8 87
157 12 9 2
157 12 9 105
157 12 9 169
157 12 9 102
157 12 9 6
157 12 9 144
157 12 9 157
157 12 9 38
157 12 9 5
157 12 9 152
157 12 9 163
157 12 9 156
157 12 9 7
157 12 9 125
157 12 9 169
157 12 9 171
157 12 9 9
157 12 9 98
157 12 9 169
157 12 9 131
157 12 10 3
157 12 10 106
157 12 10 168
157 12 10 93
157 12 10 8
157 12 10 126
157 12 10 158
157 12 10 166
157 12 10 8
157 12 10 148
157 12 10 165
157 12 10 171
157 12 10 5
157 12 10 130
157 12 10 160
157 12 10 37
157 12 10 5
157 12 10 85
157 12 10 168
157 12 10 178
157 12 11 3
157 12 11 119
157 12 11 178
157 12 11 32
157 12 11 2
157 12 11 96
157 12 11 159
157 12 11 126
157 12 11 9
157 12 11 78
157 12 11 179
157 12 11 48
157 12 11 5
157 12 11 101
157 12 11 163
157 12 11 140
157 12 11 8
157 12 11 120
157 12 11 166
157 12 11 101
157 12 12 7
157 12 12 135
157 12 12 164
157 12 12 177
157 12 12 10
157 12 12 80
157 12 12 162
157 12 12 71
157 12 12 4
157 12 12 89
157 12 12 163
157 12 12 58
157 12 12 7
157 12 12 103
157 12 12 178
157 12 12 5
157 12 12 5
157 12 12 117
157 12 12 171
157 12 12 67
157 12 13 7
157 12 13 116
157 12 13 165
157 12 13 106
157 12 13 6
157 12 13 107
157 12 13 167
157 12 13 21
157 12 13 9
157 12 13 106
157 12 13 172
157 12 13 48
157 12 13 9
157 12 13 83
157 12 13 182
157 12 13 142
157 12 13 8
157 12 13 103
157 12 13 160
157 12 13 178
157 12 14 4
157 12 14 138
157 12 14 172
157 12 14 66
157 12 14 3
157 12 14 146
157 12 14 175
157 12 14 63
157 12 14 4
157 12 14 128
157 12 14 178
157 12 14 29
157 12 14 4
157 12 14 119
157 12 14 182
157 12 14 147
157 12 14 5
157 12 14 84
157 12 14 174
157 12 14 36
157 13 1 4
157 13 1 87
157 13 1 177
157 13 1 92
157 13 1 1
157 13 1 123
157 13 1 158
157 13 1 139
157 13 1 2
157 13 1 103
157 13 1 164
157 13 1 152
157 13 1 4
157 13 1 92
157 13 1 174
157 13 1 93
157 13 1 10
157 13 1 80
157 13 1 167
157 13 1 19
157 13 2 5
157 13 2 84
157 13 2 179
157 13 2 60
157 13 2 6
157 13 2 119
157 13 2 175
157 13 2 88
157 13 2 4
157 13 2 143
157 13 2 167
157 13 2 34
157 13 2 3
157 13 2 103
157 13 2 176
157 13 2 90
157 13 2 9
157 13 2 118
157 13 2 165
157 13 2 74
157 13 3 1
157 13 3 81
157 13 3 168
157 13 3 106
157 13 3 5
157 13 3 92
157 13 3 169
157 13 3 56
157 13 3 7
157 13 3 153
157 13 3 182
157 13 3 85
157 13 3 4
157 13 3 147
157 13 3 164
157 13 3 59
157 13 3 2
157 13 3 116
157 13 3 173
157 13 3 76
157 13 4 5
157 13 4 78
157 13 4 164
157 13 4 137
157 13 4 7
157 13 4 101
157 13 4 159
157 13 4 65
157 13 4 7
157 13 4 87
157 13 4 175
157 13 4 25
157 13 4 8
157 13 4 96
157 13 4 158
157 13 4 137
157 13 4 8
157 13 4 130
157 13 4 166
157 13 4 169
157 13 5 2
157 13 5 129
157 13 5 176
157 13 5 168
157 13 5 9
157 13 5 132
157 13 5 177
157 13 5 76
157 13 5 9
157 13 5 151
157 13 5 178
157 13 5 153
157 13 5 5
157 13 5 116
157 13 5 182
157 13 5 101
157 13 5 6
157 13 5 139
157 13 5 162
157 13 5 141
157 13 6 1
157 13 6 96
157 13 6 175
157 13 6 8
157 13 6 3
157 13 6 124
157 13 6 180
157 13 6 101
157 13 6 4
157 13 6 99
157 13 6 181
157 13 6 136
157 13 6 10
157 13 6 109
157 13 6 158
157 13 6 82
157 13 6 7
157 13 6 102
157 13 6 163
157 13 6 49
157 13 7 2
157 13 7 97
157 13 7 168
157 13 7 114
157 13 7 3
157 13 7 154
157 13 7 162
157 13 7 115
157 13 7 7
157 13 7 151
157 13 7 168
157 13 7 99
157 13 7 10
157 13 7 146
157 13 7 159
157 13 7 107
157 13 7 1
157 13 7 106
157 13 7 175
157 13 7 152
157 13 8 2
157 13 8 93
157 13 8 179
157 13 8 166
157 13 8 2
157 13 8 129
157 13 8 172
157 13 8 142
157 13 8 8
157 13 8 111
157 13 8 181
157 13 8 131
157 13 8 6
157 13 8 139
157 13 8 165
157 13 8 91
157 13 8 1
157 13 8 93
157 13 8 175
157 13 8 164
157 13 9 3
157 13 9 127
157 13 9 162
157 13 9 24
157 13 9 4
157 13 9 103
157 13 9 175
157 13 9 179
157 13 9 10
157 13 9 95
157 13 9 178
157 13 9 121
157 13 9 3
157 13 9 103
157 13 9 179
157 13 9 142
157 13 9 10
157 13 9 115
157 13 9 177
157 13 9 152
157 13 10 2
157 13 10 84
157 13 10 157
157 13 10 19
157 13 10 1
157 13 10 147
157 13 10 157
157 13 10 151
157 13 10 6
157 13 10 113
157 13 10 169
157 13 10 90
157 13 10 3
157 13 10 129
157 13 10 160
157 13 10 53
157 13 10 5
157 13 10 82
157 13 10 172
157 13 10 165
157 13 11 2
157 13 11 85
157 13 11 175
157 13 11 165
157 13 11 8
157 13 11 155
157 13 11 180
157 13 11 72
157 13 11 5
157 13 11 107
157 13 11 182
157 13 11 76
157 13 11 7
157 13 11 144
157 13 11 176
157 13 11 92
157 13 11 7
157 13 11 145
157 13 11 159
157 13 11 52
157 13 12 4
157 13 12 95
157 13 12 167
157 13 12 85
157 13 12 4
157 13 12 87
157 13 12 158
157 13 12 56
157 13 12 3
157 13 12 146
157 13 12 168
157 13 12 36
157 13 12 9
157 13 12 113
157 13 12 171
157 13 12 114
157 13 12 5
157 13 12 86
157 13 12 182
157 13 12 163
157 13 13 4
157 13 13 107
157 13 13 165
157 13 13 102
157 13 13 7
157 13 13 92
157 13 13 172
157 13 13 31
157 13 13 9
157 13 13 100
157 13 13 162
157 13 13 138
157 13 13 1
157 13 13 144
157 13 13 178
157 13 13 156
157 13 13 8
157 13 13 146
157 13 13 162
157 13 13 75
157 13 14 8
157 13 14 99
157 13 14 176
157 13 14 139
157 13 14 1
157 13 14 94
157 13 14 164
157 13 14 73
157 13 14 8
157 13 14 144
157 13 14 165
157 13 14 166
157 13 14 4
157 13 14 90
157 13 14 181
157 13 14 72
157 13 14 10
157 13 14 121
157 13 14 162
157 13 14 137
157 14 1 7
157 14 1 144
157 14 1 158
157 14 1 161
157 14 1 8
157 14 1 130
157 14 1 158
157 14 1 166
157 14 1 1
157 14 1 128
157 14 1 181
157 14 1 35
157 14 1 3
157 14 1 130
157 14 1 177
157 14 1 45
157 14 1 10
157 14 1 153
157 14 1 177
157 14 1 105
157 14 2 7
157 14 2 135
157 14 2 181
157 14 2 181
157 14 2 4
157 14 2 115
157 14 2 182
157 14 2 46
157 14 2 6
157 14 2 113
157 14 2 157
157 14 2 139
157 14 2 10
157 14 2 101
157 14 2 166
157 14 2 89
157 14 2 9
157 14 2 146
157 14 2 159
157 14 2 3
157 14 3 3
157 14 3 146
157 14 3 163
157 14 3 90
157 14 3 2
157 14 3 118
157 14 3 178
157 14 3 57
157 14 3 2
157 14 3 144
157 14 3 176
157 14 3 115
157 14 3 2
157 14 3 149
157 14 3 173
157 14 3 179
157 14 3 5
157 14 3 125
157 14 3 171
157 14 3 63
157 14 4 1
157 14 4 133
157 14 4 165
157 14 4 52
157 14 4 7
157 14 4 154
157 14 4 160
157 14 4 77
157 14 4 4
157 14 4 91
157 14 4 172
157 14 4 33
157 14 4 1
157 14 4 142
157 14 4 179
157 14 4 164
157 14 4 1
157 14 4 92
157 14 4 172
157 14 4 14
157 14 5 5
157 14 5 122
157 14 5 173
157 14 5 40
157 14 5 2
157 14 5 121
157 14 5 160
157 14 5 122
157 14 5 6
157 14 5 97
157 14 5 181
157 14 5 7
157 14 5 2
157 14 5 113
157 14 5 165
157 14 5 5
157 14 5 9
157 14 5 87
157 14 5 166
157 14 5 12
157 14 6 5
157 14 6 78
157 14 6 181
157 14 6 99
157 14 6 4
157 14 6 141
157 14 6 164
157 14 6 116
157 14 6 6
157 14 6 83
157 14 6 160
157 14 6 1
157 14 6 10
157 14 6 79
157 14 6 182
157 14 6 126
157 14 6 5
157 14 6 139
157 14 6 175
157 14 6 58
157 14 7 7
157 14 7 110
157 14 7 167
157 14 7 18
157 14 7 5
157 14 7 95
157 14 7 168
157 14 7 109
157 14 7 10
157 14 7 130
157 14 7 165
157 14 7 114
157 14 7 4
157 14 7 88
157 14 7 163
157 14 7 5
157 14 7 7
157 14 7 145
157 14 7 181
157 14 7 146
157 14 8 7
157 14 8 91
157 14 8 167
157 14 8 18
157 14 8 4
157 14 8 148
157 14 8 157
157 14 8 174
157 14 8 5
157 14 8 99
157 14 8 179
157 14 8 66
157 14 8 9
157 14 8 153
157 14 8 163
157 14 8 118
157 14 8 8
157 14 8 130
157 14 8 163
157 14 8 126
157 14 9 5
157 14 9 101
157 14 9 166
157 14 9 173
157 14 9 9
157 14 9 148
157 14 9 175
157 14 9 25
157 14 9 10
157 14 9 78
157 14 9 173
157 14 9 84
157 14 9 5
157 14 9 89
157 14 9 182
157 14 9 32
157 14 9 5
157 14 9 125
157 14 9 161
157 14 9 160
157 14 10 5
157 14 10 110
157 14 10 164
157 14 10 34
157 14 10 6
157 14 10 130
157 14 10 177
157 14 10 170
157 14 10 1
157 14 10 91
157 14 10 177
157 14 10 75
157 14 10 2
157 14 10 154
157 14 10 173
157 14 10 160
157 14 10 10
157 14 10 128
157 14 10 160
157 14 10 112
157 14 11 3
157 14 11 84
157 14 11 180
157 14 11 124
157 14 11 5
157 14 11 78
157 14 11 162
157 14 11 6
157 14 11 1
157 14 11 130
157 14 11 178
157 14 11 135
157 14 11 7
157 14 11 107
157 14 11 179
157 14 11 116
157 14 11 7
157 14 11 114
157 14 11 164
157 14 11 143
157 14 12 10
157 14 12 84
157 14 12 181
157 14 12 88
157 14 12 8
157 14 12 152
157 14 12 160
157 14 12 96
157 14 12 4
157 14 12 152
157 14 12 180
157 14 12 26
157 14 12 4
157 14 12 130
157 14 12 162
157 14 12 4
157 14 12 9
157 14 12 149
157 14 12 171
157 14 12 80
157 14 13 7
157 14 13 89
157 14 13 171
157 14 13 87
157 14 13 1
157 14 13 129
157 14 13 166
157 14 13 79
157 14 13 7
157 14 13 137
157 14 13 172
157 14 13 108
157 14 13 10
157 14 13 144
157 14 13 160
157 14 13 168
157 14 13 5
157 14 13 130
157 14 13 179
157 14 13 7
157 14 14 1
157 14 14 99
157 14 14 162
157 14 14 117
157 14 14 1
157 14 14 108
157 14 14 166
157 14 14 20
157 14 14 1
157 14 14 79
157 14 14 157
157 14 14 38
157 14 14 2
157 14 14 134
157 14 14 160
157 14 14 174
157 14 14 2
157 14 14 127
157 14 14 170
157 14 14 174
163 1 1 2
163 1 1 92
163 1 1 188
163 1 1 66
163 1 1 5
163 1 1 154
163 1 1 184
163 1 1 17
163 1 1 5
163 1 1 89
163 1 1 177
163 1 1 51
163 1 1 2
163 1 1 126
163 1 1 178
163 1 1 97
163 1 1 6
163 1 1 87
163 1 1 170
163 1 1 84
163 1 2 1
163 1 2 126
163 1 2 178
163 1 2 31
163 1 2 1
163 1 2 163
163 1 2 183
163 1 2 79
163 1 2 6
163 1 2 131
163 1 2 168
163 1 2 66
163 1 2 4
163 1 2 99
163 1 2 179
163 1 2 185
163 1 2 1
163 1 2 150
163 1 2 187
163 1 2 126
163 1 3 7
163 1 3 114
163 1 3 180
163 1 3 19
163 1 3 1
163 1 3 129
163 1 3 163
163 1 3 83
163 1 3 6
163 1 3 149
163 1 3 182
163 1 3 183
163 1 3 8
163 1 3 125
163 1 3 180
163 1 3 114
163 1 3 2
163 1 3 107
163 1 3 184
163 1 3 115
163 1 4 2
163 1 4 100
163 1 4 172
163 1 4 181
163 1 4 4
163 1 4 141
163 1 4 183
163 1 4 90
163 1 4 5
163 1 4 106
163 1 4 163
163 1 4 161
163 1 4 5
163 1 4 127
163 1 4 176
163 1 4 46
163 1 4 10
163 1 4 92
163 1 4 167
163 1 4 107
163 1 5 10
163 1 5 157
163 1 5 173
163 1 5 149
163 1 5 10
163 1 5 108
163 1 5 174
163 1 5 3
163 1 5 3
163 1 5 157
163 1 5 170
163 1 5 187
163 1 5 2
163 1 5 131
163 1 5 164
163 1 5 185
163 1 5 2
163 1 5 137
163 1 5 166
163 1 5 95
163 1 6 4
163 1 6 158
163 1 6 167
163 1 6 159
163 1 6 4
163 1 6 93
163 1 6 182
163 1 6 1
163 1 6 3
163 1 6 161
163 1 6 169
163 1 6 26
163 1 6 4
163 1 6 143
163 1 6 174
163 1 6 135
163 1 6 9
163 1 6 106
163 1 6 182
163 1 6 41
163 1 7 9
163 1 7 110
163 1 7 168
163 1 7 98
163 1 7 3
163 1 7 103
163 1 7 165
163 1 7 87
163 1 7 9
163 1 7 103
163 1 7 177
163 1 7 150
163 1 7 9
163 1 7 109
163 1 7 164
163 1 7 124
163 1 7 10
163 1 7 140
163 1 7 188
163 1 7 37
163 1 8 5
163 1 8 161
163 1 8 170
163 1 8 5
163 1 8 7
163 1 8 116
163 1 8 170
163 1 8 125
163 1 8 4
163 1 8 131
163 1 8 172
163 1 8 181
163 1 8 7
163 1 8 130
163 1 8 187
163 1 8 53
163 1 8 10
163 1 8 119
163 1 8 188
163 1 8 130
163 1 9 7
163 1 9 137
163 1 9 173
163 1 9 117
163 1 9 1
163 1 9 100
163 1 9 169
163 1 9 69
163 1 9 6
163 1 9 130
163 1 9 180
163 1 9 142
163 1 9 9
163 1 9 105
163 1 9 168
163 1 9 30
163 1 9 1
163 1 9 86
163 1 9 178
163 1 9 32
163 1 10 7
163 1 10 109
163 1 10 171
163 1 10 2
163 1 10 4
163 1 10 159
163 1 10 165
163 1 10 178
163 1 10 4
163 1 10 161
163 1 10 180
163 1 10 143
163 1 10 6
163 1 10 129
163 1 10 178
163 1 10 158
163 1 10 10
163 1 10 154
163 1 10 163
163 1 10 126
163 1 11 5
163 1 11 124
163 1 11 172
163 1 11 49
163 1 11 9
163 1 11 153
163 1 11 183
163 1 11 35
163 1 11 9
163 1 11 150
163 1 11 183
163 1 11 107
163 1 11 6
163 1 11 131
163 1 11 176
163 1 11 33
163 1 11 1
163 1 11 81
163 1 11 179
163 1 11 183
163 1 12 1
163 1 12 147
163 1 12 184
163 1 12 187
163 1 12 9
163 1 12 151
163 1 12 178
163 1 12 43
163 1 12 3
163 1 12 127
163 1 12 179
163 1 12 119
163 1 12 10
163 1 12 163
163 1 12 169
163 1 12 143
163 1 12 5
163 1 12 162
163 1 12 178
163 1 12 55
163 1 13 5
163 1 13 120
163 1 13 166
163 1 13 69
163 1 13 2
163 1 13 89
163 1 13 177
163 1 13 104
163 1 13 6
163 1 13 83
163 1 13 177
163 1 13 2
163 1 13 10
163 1 13 143
163 1 13 180
163 1 13 39
163 1 13 6
163 1 13 86
163 1 13 186
163 1 13 151
163 1 14 9
163 1 14 121
163 1 14 168
163 1 14 142
163 1 14 5
163 1 14 129
163 1 14 172
163 1 14 147
163 1 14 9
163 1 14 152
163 1 14 175
163 1 14 62
163 1 14 8
163 1 14 97
163 1 14 187
163 1 14 43
163 1 14 9
163 1 14 104
163 1 14 184
163 1 14 171
163 2 1 8
163 2 1 121
163 2 1 183
163 2 1 123
163 2 1 1
163 2 1 144
163 2 1 164
163 2 1 114
163 2 1 5
163 2 1 99
163 2 1 170
163 2 1 174
163 2 1 9
163 2 1 93
163 2 1 171
163 2 1 72
163 2 1 6
163 2 1 101
163 2 1 186
163 2 1 153
163 2 2 3
163 2 2 137
163 2 2 168
163 2 2 141
163 2 2 8
163 2 2 117
163 2 2 180
163 2 2 169
163 2 2 1
163 2 2 111
163 2 2 178
163 2 2 147
163 2 2 3
163 2 2 104
163 2 2 172
163 2 2 172
163 2 2 5
163 2 2 154
163 2 2 167
163 2 2 103
163 2 3 7
163 2 3 123
163 2 3 173
163 2 3 76
163 2 3 7
163 2 3 132
163 2 3 167
163 2 3 87
163 2 3 5
163 2 3 90
163 2 3 187
163 2 3 126
163 2 3 9
163 2 3 102
163 2 3 164
163 2 3 164
163 2 3 10
163 2 3 120
163 2 3 181
163 2 3 181
163 2 4 7
163 2 4 159
163 2 4 186
163 2 4 171
163 2 4 9
163 2 4 127
163 2 4 177
163 2 4 153
163 2 4 10
163 2 4 132
163 2 4 180
163 2 4 158
163 2 4 9
163 2 4 130
163 2 4 168
163 2 4 157
163 2 4 5
163 2 4 159
163 2 4 182
163 2 4 171
163 2 5 3
163 2 5 98
163 2 5 183
163 2 5 45
163 2 5 7
163 2 5 123
163 2 5 173
163 2 5 54
163 2 5 8
163 2 5 91
163 2 5 167
163 2 5 30
163 2 5 4
163 2 5 98
163 2 5 179
163 2 5 20
163 2 5 3
163 2 5 131
163 2 5 182
163 2 5 181
163 2 6 4
163 2 6 122
163 2 6 176
163 2 6 139
163 2 6 1
163 2 6 163
163 2 6 185
163 2 6 9
163 2 6 1
163 2 6 132
163 2 6 167
163 2 6 181
163 2 6 6
163 2 6 162
163 2 6 186
163 2 6 63
163 2 6 1
163 2 6 132
163 2 6 170
163 2 6 122
163 2 7 4
163 2 7 129
163 2 7 173
163 2 7 85
163 2 7 10
163 2 7 134
163 2 7 184
163 2 7 166
163 2 7 6
163 2 7 118
163 2 7 167
163 2 7 120
163 2 7 3
163 2 7 94
163 2 7 173
163 2 7 52
163 2 7 2
163 2 7 131
163 2 7 171
163 2 7 137
163 2 8 2
163 2 8 104
163 2 8 187
163 2 8 61
163 2 8 2
163 2 8 98
163 2 8 178
163 2 8 17
163 2 8 3
163 2 8 104
163 2 8 184
163 2 8 114
163 2 8 7
163 2 8 102
163 2 8 171
163 2 8 1
163 2 8 2
163 2 8 89
163 2 8 183
163 2 8 4
163 2 9 5
163 2 9 97
163 2 9 166
163 2 9 87
163 2 9 8
163 2 9 113
163 2 9 173
163 2 9 69
163 2 9 2
163 2 9 106
163 2 9 169
163 2 9 41
163 2 9 6
163 2 9 127
163 2 9 179
163 2 9 81
163 2 9 2
163 2 9 159
163 2 9 180
163 2 9 103
163 2 10 5
163 2 10 135
163 2 10 186
163 2 10 125
163 2 10 1
163 2 10 100
163 2 10 176
163 2 10 180
163 2 10 2
163 2 10 155
163 2 10 168
163 2 10 74
163 2 10 5
163 2 10 154
163 2 10 179
163 2 10 26
163 2 10 9
163 2 10 144
163 2 10 165
163 2 10 125
163 2 11 4
163 2 11 117
163 2 11 168
163 2 11 97
163 2 11 2
163 2 11 95
163 2 11 186
163 2 11 68
163 2 11 7
163 2 11 96
163 2 11 165
163 2 11 7
163 2 11 3
163 2 11 83
163 2 11 164
163 2 11 131
163 2 11 3
163 2 11 145
163 2 11 184
163 2 11 101
163 2 12 1
163 2 12 143
163 2 12 166
163 2 12 12
163 2 12 5
163 2 12 92
163 2 12 169
163 2 12 64
163 2 12 5
163 2 12 140
163 2 12 186
163 2 12 97
163 2 12 5
163 2 12 116
163 2 12 173
163 2 12 112
163 2 12 2
163 2 12 105
163 2 12 181
163 2 12 126
163 2 13 8
163 2 13 131
163 2 13 188
163 2 13 7
163 2 13 10
163 2 13 91
163 2 13 173
163 2 13 59
163 2 13 8
163 2 13 158
163 2 13 164
163 2 13 99
163 2 13 4
163 2 13 163
163 2 13 177
163 2 13 22
163 2 13 10
163 2 13 99
163 2 13 172
163 2 13 122
163 2 14 6
163 2 14 110
163 2 14 168
163 2 14 157
163 2 14 6
163 2 14 121
163 2 14 184
163 2 14 22
163 2 14 8
163 2 14 154
163 2 14 174
163 2 14 84
163 2 14 5
163 2 14 101
163 2 14 180
163 2 14 145
163 2 14 1
163 2 14 110
163 2 14 166
163 2 14 137
163 3 1 1
163 3 1 142
163 3 1 170
163 3 1 150
163 3 1 1
163 3 1 116
163 3 1 187
163 3 1 89
163 3 1 2
163 3 1 121
163 3 1 178
163 3 1 186
163 3 1 3
163 3 1 97
163 3 1 178
163 3 1 59
163 3 1 3
163 3 1 151
163 3 1 182
163 3 1 96
163 3 2 2
163 3 2 126
163 3 2 164
163 3 2 1
163 3 2 2
163 3 2 160
163 3 2 175
163 3 2 161
163 3 2 1
163 3 2 137
163 3 2 165
163 3 2 158
163 3 2 1
163 3 2 111
163 3 2 171
163 3 2 82
163 3 2 6
163 3 2 93
163 3 2 179
163 3 2 54
163 3 3 3
163 3 3 124
163 3 3 183
163 3 3 87
163 3 3 8
163 3 3 119
163 3 3 168
163 3 3 148
163 3 3 10
163 3 3 147
163 3 3 186
163 3 3 166
163 3 3 5
163 3 3 130
163 3 3 163
163 3 3 112
163 3 3 5
163 3 3 161
163 3 3 187
163 3 3 164
163 3 4 4
163 3 4 81
163 3 4 187
163 3 4 60
163 3 4 6
163 3 4 138
163 3 4 179
163 3 4 141
163 3 4 2
163 3 4 110
163 3 4 188
163 3 4 8
163 3 4 5
163 3 4 140
163 3 4 183
163 3 4 171
163 3 4 6
163 3 4 112
163 3 4 163
163 3 4 93
163 3 5 6
163 3 5 136
163 3 5 170
163 3 5 137
163 3 5 7
163 3 5 148
163 3 5 180
163 3 5 86
163 3 5 4
163 3 5 126
163 3 5 165
163 3 5 169
163 3 5 2
163 3 5 85
163 3 5 166
163 3 5 150
163 3 5 8
163 3 5 136
163 3 5 187
163 3 5 116
163 3 6 9
163 3 6 118
163 3 6 184
163 3 6 26
163 3 6 5
163 3 6 140
163 3 6 180
163 3 6 128
163 3 6 10
163 3 6 139
163 3 6 183
163 3 6 20
163 3 6 10
163 3 6 144
163 3 6 170
163 3 6 70
163 3 6 7
163 3 6 148
163 3 6 179
163 3 6 28
163 3 7 8
163 3 7 151
163 3 7 183
163 3 7 139
163 3 7 9
163 3 7 98
163 3 7 188
163 3 7 143
163 3 7 7
163 3 7 142
163 3 7 181
163 3 7 61
163 3 7 3
163 3 7 115
163 3 7 164
163 3 7 145
163 3 7 10
163 3 7 103
163 3 7 178
163 3 7 67
163 3 8 4
163 3 8 160
163 3 8 183
163 3 8 19
163 3 8 7
163 3 8 131
163 3 8 169
163 3 8 159
163 3 8 6
163 3 8 109
163 3 8 179
163 3 8 128
163 3 8 3
163 3 8 118
163 3 8 188
163 3 8 62
163 3 8 9
163 3 8 142
163 3 8 178
163 3 8 86
163 3 9 5
163 3 9 158
163 3 9 177
163 3 9 84
163 3 9 9
163 3 9 141
163 3 9 163
163 3 9 51
163 3 9 2
163 3 9 146
163 3 9 172
163 3 9 88
163 3 9 2
163 3 9 88
163 3 9 177
163 3 9 33
163 3 9 4
163 3 9 85
163 3 9 178
163 3 9 52
163 3 10 8
163 3 10 116
163 3 10 181
163 3 10 151
163 3 10 7
163 3 10 139
163 3 10 165
163 3 10 125
163 3 10 6
163 3 10 83
163 3 10 170
163 3 10 85
163 3 10 9
163 3 10 148
163 3 10 176
163 3 10 83
163 3 10 3
163 3 10 91
163 3 10 165
163 3 10 8
163 3 11 8
163 3 11 136
163 3 11 184
163 3 11 59
163 3 11 7
163 3 11 84
163 3 11 183
163 3 11 21
163 3 11 4
163 3 11 130
163 3 11 166
163 3 11 187
163 3 11 2
163 3 11 109
163 3 11 187
163 3 11 58
163 3 11 4
163 3 11 83
163 3 11 185
163 3 11 130
163 3 12 9
163 3 12 127
163 3 12 170
163 3 12 105
163 3 12 9
163 3 12 155
163 3 12 181
163 3 12 38
163 3 12 10
163 3 12 94
163 3 12 187
163 3 12 160
163 3 12 9
163 3 12 83
163 3 12 183
163 3 12 133
163 3 12 1
163 3 12 124
163 3 12 186
163 3 12 15
163 3 13 3
163 3 13 112
163 3 13 180
163 3 13 78
163 3 13 10
163 3 13 126
163 3 13 184
163 3 13 18
163 3 13 7
163 3 13 91
163 3 13 185
163 3 13 137
163 3 13 8
163 3 13 121
163 3 13 188
163 3 13 78
163 3 13 6
163 3 13 135
163 3 13 184
163 3 13 164
163 3 14 2
163 3 14 147
163 3 14 181
163 3 14 66
163 3 14 10
163 3 14 163
163 3 14 187
163 3 14 162
163 3 14 10
163 3 14 105
163 3 14 172
163 3 14 25
163 3 14 1
163 3 14 98
163 3 14 183
163 3 14 164
163 3 14 8
163 3 14 160
163 3 14 166
163 3 14 51
163 4 1 1
163 4 1 152
163 4 1 176
163 4 1 45
163 4 1 2
163 4 1 115
163 4 1 170
163 4 1 137
163 4 1 4
163 4 1 130
163 4 1 165
163 4 1 91
163 4 1 4
163 4 1 146
163 4 1 171
163 4 1 10
163 4 1 5
163 4 1 156
163 4 1 186
163 4 1 1
163 4 2 8
163 4 2 106
163 4 2 170
163 4 2 120
163 4 2 7
163 4 2 140
163 4 2 186
163 4 2 134
163 4 2 1
163 4 2 147
163 4 2 174
163 4 2 176
163 4 2 4
163 4 2 113
163 4 2 179
163 4 2 114
163 4 2 9
163 4 2 136
163 4 2 179
163 4 2 101
163 4 3 6
163 4 3 144
163 4 3 173
163 4 3 31
163 4 3 6
163 4 3 106
163 4 3 178
163 4 3 106
163 4 3 7
163 4 3 141
163 4 3 165
163 4 3 130
163 4 3 1
163 4 3 134
163 4 3 172
163 4 3 109
163 4 3 2
163 4 3 161
163 4 3 178
163 4 3 4
163 4 4 9
163 4 4 107
163 4 4 178
163 4 4 55
163 4 4 2
163 4 4 137
163 4 4 187
163 4 4 14
163 4 4 6
163 4 4 104
163 4 4 175
163 4 4 156
163 4 4 9
163 4 4 158
163 4 4 167
163 4 4 109
163 4 4 1
163 4 4 147
163 4 4 176
163 4 4 146
163 4 5 3
163 4 5 100
163 4 5 180
163 4 5 63
163 4 5 7
163 4 5 85
163 4 5 186
163 4 5 178
163 4 5 9
163 4 5 110
163 4 5 180
163 4 5 185
163 4 5 6
163 4 5 137
163 4 5 169
163 4 5 31
163 4 5 3
163 4 5 117
163 4 5 164
163 4 5 100
163 4 6 6
163 4 6 161
163 4 6 163
163 4 6 148
163 4 6 7
163 4 6 115
163 4 6 177
163 4 6 147
163 4 6 10
163 4 6 159
163 4 6 163
163 4 6 44
163 4 6 2
163 4 6 122
163 4 6 176
163 4 6 130
163 4 6 10
163 4 6 150
163 4 6 164
163 4 6 46
163 4 7 10
163 4 7 148
163 4 7 163
163 4 7 92
163 4 7 9
163 4 7 127
163 4 7 184
163 4 7 160
163 4 7 9
163 4 7 90
163 4 7 171
163 4 7 60
163 4 7 6
163 4 7 121
163 4 7 188
163 4 7 93
163 4 7 6
163 4 7 129
163 4 7 166
163 4 7 14
163 4 8 4
163 4 8 136
163 4 8 170
163 4 8 141
163 4 8 4
163 4 8 87
163 4 8 167
163 4 8 63
163 4 8 8
163 4 8 159
163 4 8 166
163 4 8 129
163 4 8 10
163 4 8 102
163 4 8 171
163 4 8 3
163 4 8 7
163 4 8 156
163 4 8 167
163 4 8 5
163 4 9 3
163 4 9 105
163 4 9 169
163 4 9 113
163 4 9 7
163 4 9 160
163 4 9 187
163 4 9 9
163 4 9 8
163 4 9 87
163 4 9 170
163 4 9 165
163 4 9 1
163 4 9 131
163 4 9 166
163 4 9 43
163 4 9 9
163 4 9 100
163 4 9 165
163 4 9 150
163 4 10 3
163 4 10 161
163 4 10 180
163 4 10 145
163 4 10 1
163 4 10 151
163 4 10 164
163 4 10 102
163 4 10 1
163 4 10 115
163 4 10 180
163 4 10 168
163 4 10 3
163 4 10 90
163 4 10 183
163 4 10 22
163 4 10 3
163 4 10 97
163 4 10 182
163 4 10 126
163 4 11 5
163 4 11 121
163 4 11 180
163 4 11 126
163 4 11 10
163 4 11 128
163 4 11 165
163 4 11 125
163 4 11 5
163 4 11 146
163 4 11 187
163 4 11 125
163 4 11 6
163 4 11 82
163 4 11 167
163 4 11 85
163 4 11 8
163 4 11 142
163 4 11 167
163 4 11 90
163 4 12 8
163 4 12 83
163 4 12 185
163 4 12 186
163 4 12 2
163 4 12 102
163 4 12 171
163 4 12 79
163 4 12 10
163 4 12 120
163 4 12 166
163 4 12 118
163 4 12 9
163 4 12 113
163 4 12 168
163 4 12 67
163 4 12 6
163 4 12 115
163 4 12 181
163 4 12 81
163 4 13 1
163 4 13 149
163 4 13 166
163 4 13 66
163 4 13 8
163 4 13 81
163 4 13 182
163 4 13 89
163 4 13 3
163 4 13 153
163 4 13 165
163 4 13 98
163 4 13 6
163 4 13 161
163 4 13 183
163 4 13 91
163 4 13 5
163 4 13 105
163 4 13 170
163 4 13 184
163 4 14 1
163 4 14 92
163 4 14 183
163 4 14 71
163 4 14 5
163 4 14 114
163 4 14 176
163 4 14 130
163 4 14 8
163 4 14 140
163 4 14 182
163 4 14 170
163 4 14 3
163 4 14 92
163 4 14 175
163 4 14 86
163 4 14 6
163 4 14 96
163 4 14 188
163 4 14 144
163 5 1 1
163 5 1 136
163 5 1 177
163 5 1 51
163 5 1 3
163 5 1 122
163 5 1 170
163 5 1 121
163 5 1 1
163 5 1 115
163 5 1 166
163 5 1 187
163 5 1 3
163 5 1 96
163 5 1 184
163 5 1 171
163 5 1 3
163 5 1 109
163 5 1 183
163 5 1 159
163 5 2 10
163 5 2 90
163 5 2 168
163 5 2 147
163 5 2 6
163 5 2 104
163 5 2 180
163 5 2 155
163 5 2 3
163 5 2 100
163 5 2 184
163 5 2 174
163 5 2 9
163 5 2 85
163 5 2 178
163 5 2 125
163 5 2 8
163 5 2 153
163 5 2 185
163 5 2 111
163 5 3 10
163 5 3 132
163 5 3 178
163 5 3 114
163 5 3 9
163 5 3 110
163 5 3 180
163 5 3 134
163 5 3 4
163 5 3 134
163 5 3 176
163 5 3 152
163 5 3 2
163 5 3 155
163 5 3 185
163 5 3 57
163 5 3 2
163 5 3 154
163 5 3 176
163 5 3 19
163 5 4 9
163 5 4 107
163 5 4 186
163 5 4 3
163 5 4 10
163 5 4 146
163 5 4 170
163 5 4 108
163 5 4 9
163 5 4 108
163 5 4 175
163 5 4 172
163 5 4 1
163 5 4 146
163 5 4 186
163 5 4 167
163 5 4 8
163 5 4 154
163 5 4 187
163 5 4 25
163 5 5 9
163 5 5 141
163 5 5 188
163 5 5 146
163 5 5 7
163 5 5 149
163 5 5 184
163 5 5 18
163 5 5 4
163 5 5 157
163 5 5 186
163 5 5 66
163 5 5 7
163 5 5 84
163 5 5 185
163 5 5 43
163 5 5 10
163 5 5 133
163 5 5 169
163 5 5 5
163 5 6 10
163 5 6 81
163 5 6 185
163 5 6 128
163 5 6 2
163 5 6 137
163 5 6 172
163 5 6 13
163 5 6 3
163 5 6 144
163 5 6 186
163 5 6 52
163 5 6 3
163 5 6 86
163 5 6 178
163 5 6 28
163 5 6 4
163 5 6 141
163 5 6 163
163 5 6 97
163 5 7 10
163 5 7 104
163 5 7 177
163 5 7 28
163 5 7 1
163 5 7 113
163 5 7 184
163 5 7 148
163 5 7 2
163 5 7 131
163 5 7 170
163 5 7 123
163 5 7 8
163 5 7 99
163 5 7 185
163 5 7 51
163 5 7 4
163 5 7 86
163 5 7 165
163 5 7 6
163 5 8 1
163 5 8 91
163 5 8 184
163 5 8 117
163 5 8 4
163 5 8 163
163 5 8 166
163 5 8 35
163 5 8 8
163 5 8 86
163 5 8 183
163 5 8 32
163 5 8 2
163 5 8 122
163 5 8 184
163 5 8 169
163 5 8 8
163 5 8 114
163 5 8 180
163 5 8 132
163 5 9 6
163 5 9 97
163 5 9 171
163 5 9 145
163 5 9 7
163 5 9 114
163 5 9 179
163 5 9 111
163 5 9 6
163 5 9 129
163 5 9 183
163 5 9 181
163 5 9 4
163 5 9 83
163 5 9 181
163 5 9 26
163 5 9 10
163 5 9 94
163 5 9 166
163 5 9 95
163 5 10 10
163 5 10 123
163 5 10 178
163 5 10 161
163 5 10 8
163 5 10 102
163 5 10 188
163 5 10 120
163 5 10 8
163 5 10 86
163 5 10 176
163 5 10 77
163 5 10 7
163 5 10 138
163 5 10 172
163 5 10 188
163 5 10 7
163 5 10 89
163 5 10 178
163 5 10 129
163 5 11 6
163 5 11 94
163 5 11 179
163 5 11 148
163 5 11 4
163 5 11 144
163 5 11 187
163 5 11 41
163 5 11 5
163 5 11 94
163 5 11 179
163 5 11 178
163 5 11 6
163 5 11 115
163 5 11 179
163 5 11 41
163 5 11 6
163 5 11 115
163 5 11 188
163 5 11 160
163 5 12 10
163 5 12 130
163 5 12 174
163 5 12 133
163 5 12 6
163 5 12 133
163 5 12 171
163 5 12 154
163 5 12 9
163 5 12 108
163 5 12 177
163 5 12 160
163 5 12 3
163 5 12 116
163 5 12 176
163 5 12 157
163 5 12 6
163 5 12 83
163 5 12 173
163 5 12 126
163 5 13 10
163 5 13 155
163 5 13 175
163 5 13 188
163 5 13 10
163 5 13 104
163 5 13 172
163 5 13 20
163 5 13 10
163 5 13 90
163 5 13 183
163 5 13 96
163 5 13 6
163 5 13 134
163 5 13 184
163 5 13 76
163 5 13 10
163 5 13 133
163 5 13 184
163 5 13 133
163 5 14 2
163 5 14 160
163 5 14 177
163 5 14 125
163 5 14 10
163 5 14 133
163 5 14 167
163 5 14 40
163 5 14 10
163 5 14 110
163 5 14 187
163 5 14 185
163 5 14 1
163 5 14 85
163 5 14 164
163 5 14 64
163 5 14 5
163 5 14 162
163 5 14 187
163 5 14 119
163 6 1 6
163 6 1 131
163 6 1 166
163 6 1 163
163 6 1 9
163 6 1 160
163 6 1 172
163 6 1 173
163 6 1 7
163 6 1 82
163 6 1 174
163 6 1 6
163 6 1 7
163 6 1 98
163 6 1 169
163 6 1 29
163 6 1 7
163 6 1 140
163 6 1 186
163 6 1 94
163 6 2 4
163 6 2 131
163 6 2 188
163 6 2 170
163 6 2 3
163 6 2 86
163 6 2 166
163 6 2 150
163 6 2 5
163 6 2 86
163 6 2 168
163 6 2 150
163 6 2 6
163 6 2 115
163 6 2 178
163 6 2 114
163 6 2 1
163 6 2 100
163 6 2 188
163 6 2 176
163 6 3 7
163 6 3 127
163 6 3 179
163 6 3 172
163 6 3 2
163 6 3 150
163 6 3 180
163 6 3 111
163 6 3 5
163 6 3 149
163 6 3 166
163 6 3 56
163 6 3 1
163 6 3 135
163 6 3 177
163 6 3 162
163 6 3 7
163 6 3 82
163 6 3 185
163 6 3 26
163 6 4 4
163 6 4 105
163 6 4 167
163 6 4 164
163 6 4 2
163 6 4 83
163 6 4 180
163 6 4 61
163 6 4 5
163 6 4 136
163 6 4 169
163 6 4 108
163 6 4 1
163 6 4 151
163 6 4 178
163 6 4 171
163 6 4 3
163 6 4 146
163 6 4 188
163 6 4 134
163 6 5 7
163 6 5 156
163 6 5 187
163 6 5 172
163 6 5 4
163 6 5 81
163 6 5 175
163 6 5 187
163 6 5 4
163 6 5 100
163 6 5 173
163 6 5 161
163 6 5 6
163 6 5 100
163 6 5 172
163 6 5 97
163 6 5 9
163 6 5 152
163 6 5 174
163 6 5 145
163 6 6 10
163 6 6 129
163 6 6 188
163 6 6 164
163 6 6 10
163 6 6 140
163 6 6 166
163 6 6 172
163 6 6 10
163 6 6 155
163 6 6 166
163 6 6 35
163 6 6 7
163 6 6 90
163 6 6 177
163 6 6 110
163 6 6 9
163 6 6 155
163 6 6 183
163 6 6 71
163 6 7 10
163 6 7 157
163 6 7 169
163 6 7 23
163 6 7 6
163 6 7 102
163 6 7 163
163 6 7 125
163 6 7 9
163 6 7 97
163 6 7 164
163 6 7 162
163 6 7 4
163 6 7 111
163 6 7 170
163 6 7 57
163 6 7 10
163 6 7 84
163 6 7 186
163 6 7 104
163 6 8 1
163 6 8 130
163 6 8 174
163 6 8 103
163 6 8 7
163 6 8 160
163 6 8 170
163 6 8 114
163 6 8 2
163 6 8 159
163 6 8 182
163 6 8 28
163 6 8 3
163 6 8 128
163 6 8 182
163 6 8 97
163 6 8 2
163 6 8 121
163 6 8 184
163 6 8 74
163 6 9 5
163 6 9 159
163 6 9 179
163 6 9 159
163 6 9 4
163 6 9 149
163 6 9 170
163 6 9 95
163 6 9 3
163 6 9 85
163 6 9 173
163 6 9 158
163 6 9 5
163 6 9 148
163 6 9 164
163 6 9 14
163 6 9 4
163 6 9 109
163 6 9 185
163 6 9 177
163 6 10 4
163 6 10 111
163 6 10 187
163 6 10 45
163 6 10 4
163 6 10 134
163 6 10 166
163 6 10 115
163 6 10 1
163 6 10 111
163 6 10 187
163 6 10 40
163 6 10 10
163 6 10 151
163 6 10 170
163 6 10 91
163 6 10 8
163 6 10 92
163 6 10 177
163 6 10 16
163 6 11 5
163 6 11 132
163 6 11 165
163 6 11 92
163 6 11 3
163 6 11 148
163 6 11 186
163 6 11 175
163 6 11 8
163 6 11 93
163 6 11 163
163 6 11 151
163 6 11 4
163 6 11 96
163 6 11 182
163 6 11 160
163 6 11 2
163 6 11 128
163 6 11 179
163 6 11 35
163 6 12 7
163 6 12 109
163 6 12 164
163 6 12 53
163 6 12 2
163 6 12 150
163 6 12 179
163 6 12 99
163 6 12 10
163 6 12 125
163 6 12 179
163 6 12 4
163 6 12 4
163 6 12 125
163 6 12 180
163 6 12 111
163 6 12 1
163 6 12 115
163 6 12 188
163 6 12 147
163 6 13 4
163 6 13 137
163 6 13 163
163 6 13 65
163 6 13 10
163 6 13 147
163 6 13 173
163 6 13 167
163 6 13 9
163 6 13 108
163 6 13 165
163 6 13 124
163 6 13 10
163 6 13 100
163 6 13 165
163 6 13 142
163 6 13 10
163 6 13 130
163 6 13 173
163 6 13 179
163 6 14 4
163 6 14 101
163 6 14 175
163 6 14 17
163 6 14 9
163 6 14 128
163 6 14 186
163 6 14 126
163 6 14 6
163 6 14 126
163 6 14 183
163 6 14 110
163 6 14 6
163 6 14 149
163 6 14 183
163 6 14 14
163 6 14 5
163 6 14 112
163 6 14 175
163 6 14 31
163 7 1 2
163 7 1 90
163 7 1 179
163 7 1 174
163 7 1 8
163 7 1 99
163 7 1 175
163 7 1 127
163 7 1 10
163 7 1 124
163 7 1 172
163 7 1 136
163 7 1 6
163 7 1 120
163 7 1 171
163 7 1 152
163 7 1 8
163 7 1 122
163 7 1 178
163 7 1 89
163 7 2 1
163 7 2 105
163 7 2 169
163 7 2 108
163 7 2 7
163 7 2 125
163 7 2 175
163 7 2 134
163 7 2 4
163 7 2 106
163 7 2 165
163 7 2 102
163 7 2 1
163 7 2 143
163 7 2 165
163 7 2 187
163 7 2 10
163 7 2 109
163 7 2 187
163 7 2 87
163 7 3 7
163 7 3 117
163 7 3 165
163 7 3 50
163 7 3 4
163 7 3 94
163 7 3 172
163 7 3 143
163 7 3 4
163 7 3 156
163 7 3 184
163 7 3 36
163 7 3 10
163 7 3 89
163 7 3 167
163 7 3 122
163 7 3 2
163 7 3 118
163 7 3 179
163 7 3 116
163 7 4 5
163 7 4 151
163 7 4 175
163 7 4 81
163 7 4 9
163 7 4 137
163 7 4 165
163 7 4 133
163 7 4 9
163 7 4 90
163 7 4 185
163 7 4 54
163 7 4 8
163 7 4 142
163 7 4 185
163 7 4 153
163 7 4 1
163 7 4 150
163 7 4 174
163 7 4 136
163 7 5 9
163 7 5 111
163 7 5 178
163 7 5 158
163 7 5 10
163 7 5 153
163 7 5 175
163 7 5 20
163 7 5 2
163 7 5 124
163 7 5 176
163 7 5 88
163 7 5 9
163 7 5 102
163 7 5 184
163 7 5 140
163 7 5 9
163 7 5 137
163 7 5 163
163 7 5 121
163 7 6 5
163 7 6 92
163 7 6 174
163 7 6 23
163 7 6 1
163 7 6 163
163 7 6 183
163 7 6 53
163 7 6 4
163 7 6 145
163 7 6 168
163 7 6 50
163 7 6 7
163 7 6 122
163 7 6 188
163 7 6 147
163 7 6 2
163 7 6 84
163 7 6 173
163 7 6 45
163 7 7 3
163 7 7 98
163 7 7 183
163 7 7 43
163 7 7 1
163 7 7 98
163 7 7 172
163 7 7 38
163 7 7 1
163 7 7 109
163 7 7 184
163 7 7 97
163 7 7 1
163 7 7 160
163 7 7 180
163 7 7 98
163 7 7 5
163 7 7 158
163 7 7 181
163 7 7 144
163 7 8 4
163 7 8 142
163 7 8 182
163 7 8 77
163 7 8 5
163 7 8 157
163 7 8 181
163 7 8 67
163 7 8 3
163 7 8 82
163 7 8 173
163 7 8 155
163 7 8 3
163 7 8 128
163 7 8 177
163 7 8 2
163 7 8 4
163 7 8 157
163 7 8 163
163 7 8 26
163 7 9 3
163 7 9 120
163 7 9 179
163 7 9 79
163 7 9 10
163 7 9 140
163 7 9 177
163 7 9 107
163 7 9 1
163 7 9 104
163 7 9 182
163 7 9 54
163 7 9 10
163 7 9 84
163 7 9 165
163 7 9 66
163 7 9 4
163 7 9 123
163 7 9 180
163 7 9 50
163 7 10 1
163 7 10 119
163 7 10 188
163 7 10 188
163 7 10 1
163 7 10 134
163 7 10 164
163 7 10 98
163 7 10 7
163 7 10 157
163 7 10 164
163 7 10 121
163 7 10 5
163 7 10 156
163 7 10 181
163 7 10 40
163 7 10 8
163 7 10 127
163 7 10 163
163 7 10 60
163 7 11 8
163 7 11 154
163 7 11 186
163 7 11 26
163 7 11 3
163 7 11 143
163 7 11 177
163 7 11 59
163 7 11 6
163 7 11 95
163 7 11 171
163 7 11 142
163 7 11 6
163 7 11 145
163 7 11 171
163 7 11 87
163 7 11 7
163 7 11 148
163 7 11 172
163 7 11 42
163 7 12 2
163 7 12 139
163 7 12 188
163 7 12 49
163 7 12 6
163 7 12 91
163 7 12 168
163 7 12 185
163 7 12 9
163 7 12 126
163 7 12 169
163 7 12 141
163 7 12 2
163 7 12 143
163 7 12 188
163 7 12 33
163 7 12 4
163 7 12 163
163 7 12 175
163 7 12 23
163 7 13 5
163 7 13 127
163 7 13 174
163 7 13 91
163 7 13 3
163 7 13 132
163 7 13 165
163 7 13 158
163 7 13 3
163 7 13 127
163 7 13 172
163 7 13 8
163 7 13 7
163 7 13 108
163 7 13 177
163 7 13 66
163 7 13 5
163 7 13 92
163 7 13 182
163 7 13 41
163 7 14 5
163 7 14 124
163 7 14 186
163 7 14 49
163 7 14 2
163 7 14 147
163 7 14 181
163 7 14 169
163 7 14 9
163 7 14 127
163 7 14 179
163 7 14 24
163 7 14 5
163 7 14 127
163 7 14 173
163 7 14 130
163 7 14 1
163 7 14 134
163 7 14 170
163 7 14 93
163 8 1 1
163 8 1 129
163 8 1 187
163 8 1 32
163 8 1 3
163 8 1 133
163 8 1 166
163 8 1 50
163 8 1 5
163 8 1 157
163 8 1 183
163 8 1 141
163 8 1 2
163 8 1 91
163 8 1 181
163 8 1 88
163 8 1 1
163 8 1 112
163 8 1 166
163 8 1 87
163 8 2 5
163 8 2 111
163 8 2 164
163 8 2 102
163 8 2 7
163 8 2 158
163 8 2 176
163 8 2 162
163 8 2 4
163 8 2 163
163 8 2 181
163 8 2 62
163 8 2 3
163 8 2 142
163 8 2 180
163 8 2 83
163 8 2 6
163 8 2 158
163 8 2 182
163 8 2 23
163 8 3 6
163 8 3 91
163 8 3 175
163 8 3 155
163 8 3 1
163 8 3 128
163 8 3 177
163 8 3 182
163 8 3 8
163 8 3 112
163 8 3 176
163 8 3 65
163 8 3 3
163 8 3 91
163 8 3 176
163 8 3 3
163 8 3 1
163 8 3 115
163 8 3 178
163 8 3 159
163 8 4 1
163 8 4 159
163 8 4 163
163 8 4 125
163 8 4 4
163 8 4 109
163 8 4 186
163 8 4 44
163 8 4 9
163 8 4 108
163 8 4 183
163 8 4 93
163 8 4 6
163 8 4 127
163 8 4 186
163 8 4 81
163 8 4 2
163 8 4 132
163 8 4 171
163 8 4 70
163 8 5 1
163 8 5 139
163 8 5 177
163 8 5 35
163 8 5 10
163 8 5 158
163 8 5 184
163 8 5 69
163 8 5 9
163 8 5 116
163 8 5 175
163 8 5 145
163 8 5 9
163 8 5 155
163 8 5 177
163 8 5 54
163 8 5 7
163 8 5 142
163 8 5 168
163 8 5 79
163 8 6 7
163 8 6 94
163 8 6 173
163 8 6 183
163 8 6 5
163 8 6 92
163 8 6 165
163 8 6 174
163 8 6 10
163 8 6 114
163 8 6 165
163 8 6 5
163 8 6 4
163 8 6 101
163 8 6 178
163 8 6 67
163 8 6 5
163 8 6 116
163 8 6 180
163 8 6 152
163 8 7 6
163 8 7 141
163 8 7 168
163 8 7 61
163 8 7 3
163 8 7 158
163 8 7 171
163 8 7 75
163 8 7 3
163 8 7 101
163 8 7 175
163 8 7 170
163 8 7 4
163 8 7 82
163 8 7 176
163 8 7 92
163 8 7 8
163 8 7 130
163 8 7 173
163 8 7 74
163 8 8 7
163 8 8 151
163 8 8 188
163 8 8 70
163 8 8 2
163 8 8 139
163 8 8 168
163 8 8 98
163 8 8 7
163 8 8 88
163 8 8 188
163 8 8 116
163 8 8 8
163 8 8 119
163 8 8 187
163 8 8 10
163 8 8 2
163 8 8 144
163 8 8 180
163 8 8 43
163 8 9 7
163 8 9 95
163 8 9 181
163 8 9 133
163 8 9 3
163 8 9 146
163 8 9 176
163 8 9 45
163 8 9 8
163 8 9 82
163 8 9 163
163 8 9 178
163 8 9 7
163 8 9 99
163 8 9 173
163 8 9 174
163 8 9 5
163 8 9 95
163 8 9 182
163 8 9 98
163 8 10 7
163 8 10 134
163 8 10 167
163 8 10 178
163 8 10 9
163 8 10 86
163 8 10 171
163 8 10 102
163 8 10 3
163 8 10 122
163 8 10 186
163 8 10 39
163 8 10 9
163 8 10 117
163 8 10 187
163 8 10 52
163 8 10 8
163 8 10 143
163 8 10 173
163 8 10 18
163 8 11 6
163 8 11 93
163 8 11 176
163 8 11 76
163 8 11 7
163 8 11 88
163 8 11 188
163 8 11 177
163 8 11 7
163 8 11 91
163 8 11 174
163 8 11 109
163 8 11 1
163 8 11 114
163 8 11 184
163 8 11 169
163 8 11 2
163 8 11 98
163 8 11 187
163 8 11 171
163 8 12 1
163 8 12 157
163 8 12 164
163 8 12 61
163 8 12 1
163 8 12 101
163 8 12 176
163 8 12 170
163 8 12 7
163 8 12 108
163 8 12 179
163 8 12 187
163 8 12 10
163 8 12 118
163 8 12 168
163 8 12 114
163 8 12 4
163 8 12 137
163 8 12 169
163 8 12 149
163 8 13 6
163 8 13 115
163 8 13 175
163 8 13 92
163 8 13 10
163 8 13 95
163 8 13 166
163 8 13 84
163 8 13 8
163 8 13 118
163 8 13 185
163 8 13 66
163 8 13 8
163 8 13 158
163 8 13 173
163 8 13 25
163 8 13 9
163 8 13 97
163 8 13 178
163 8 13 51
163 8 14 3
163 8 14 87
163 8 14 173
163 8 14 140
163 8 14 5
163 8 14 136
163 8 14 167
163 8 14 45
163 8 14 6
163 8 14 149
163 8 14 187
163 8 14 145
163 8 14 1
163 8 14 125
163 8 14 168
163 8 14 53
163 8 14 7
163 8 14 131
163 8 14 169
163 8 14 46
163 9 1 3
163 9 1 110
163 9 1 184
163 9 1 38
163 9 1 8
163 9 1 102
163 9 1 177
163 9 1 57
163 9 1 9
163 9 1 138
163 9 1 171
163 9 1 69
163 9 1 5
163 9 1 126
163 9 1 181
163 9 1 55
163 9 1 8
163 9 1 148
163 9 1 185
163 9 1 106
163 9 2 10
163 9 2 120
163 9 2 181
163 9 2 21
163 9 2 1
163 9 2 113
163 9 2 188
163 9 2 184
163 9 2 5
163 9 2 160
163 9 2 187
163 9 2 92
163 9 2 1
163 9 2 152
163 9 2 175
163 9 2 77
163 9 2 10
163 9 2 140
163 9 2 171
163 9 2 143
163 9 3 7
163 9 3 128
163 9 3 172
163 9 3 171
163 9 3 2
163 9 3 88
163 9 3 188
163 9 3 187
163 9 3 5
163 9 3 134
163 9 3 174
163 9 3 37
163 9 3 3
163 9 3 131
163 9 3 167
163 9 3 139
163 9 3 6
163 9 3 142
163 9 3 181
163 9 3 71
163 9 4 10
163 9 4 159
163 9 4 177
163 9 4 21
163 9 4 2
163 9 4 160
163 9 4 163
163 9 4 20
163 9 4 1
163 9 4 90
163 9 4 170
163 9 4 175
163 9 4 5
163 9 4 161
163 9 4 165
163 9 4 104
163 9 4 2
163 9 4 120
163 9 4 185
163 9 4 134
163 9 5 6
163 9 5 148
163 9 5 173
163 9 5 128
163 9 5 8
163 9 5 108
163 9 5 176
163 9 5 32
163 9 5 4
163 9 5 121
163 9 5 171
163 9 5 74
163 9 5 2
163 9 5 147
163 9 5 163
163 9 5 22
163 9 5 3
163 9 5 160
163 9 5 179
163 9 5 53
163 9 6 9
163 9 6 90
163 9 6 180
163 9 6 98
163 9 6 1
163 9 6 150
163 9 6 177
163 9 6 124
163 9 6 5
163 9 6 155
163 9 6 173
163 9 6 152
163 9 6 2
163 9 6 159
163 9 6 180
163 9 6 99
163 9 6 7
163 9 6 158
163 9 6 175
163 9 6 172
163 9 7 4
163 9 7 121
163 9 7 168
163 9 7 42
163 9 7 8
163 9 7 86
163 9 7 186
163 9 7 155
163 9 7 4
163 9 7 119
163 9 7 178
163 9 7 168
163 9 7 7
163 9 7 157
163 9 7 173
163 9 7 117
163 9 7 9
163 9 7 121
163 9 7 171
163 9 7 163
163 9 8 9
163 9 8 155
163 9 8 188
163 9 8 46
163 9 8 9
163 9 8 116
163 9 8 178
163 9 8 121
163 9 8 9
163 9 8 105
163 9 8 179
163 9 8 9
163 9 8 3
163 9 8 141
163 9 8 185
163 9 8 36
163 9 8 5
163 9 8 158
163 9 8 182
163 9 8 156
163 9 9 6
163 9 9 134
163 9 9 168
163 9 9 98
163 9 9 9
163 9 9 86
163 9 9 174
163 9 9 43
163 9 9 3
163 9 9 116
163 9 9 185
163 9 9 103
163 9 9 6
163 9 9 127
163 9 9 180
163 9 9 59
163 9 9 9
163 9 9 122
163 9 9 188
163 9 9 39
163 9 10 9
163 9 10 149
163 9 10 185
163 9 10 17
163 9 10 1
163 9 10 131
163 9 10 184
163 9 10 181
163 9 10 9
163 9 10 141
163 9 10 166
163 9 10 95
163 9 10 7
163 9 10 111
163 9 10 176
163 9 10 41
163 9 10 1
163 9 10 131
163 9 10 166
163 9 10 176
163 9 11 3
163 9 11 133
163 9 11 167
163 9 11 120
163 9 11 2
163 9 11 91
163 9 11 181
163 9 11 116
163 9 11 4
163 9 11 132
163 9 11 181
163 9 11 52
163 9 11 9
163 9 11 89
163 9 11 172
163 9 11 140
163 9 11 3
163 9 11 123
163 9 11 167
163 9 11 188
163 9 12 8
163 9 12 99
163 9 12 165
163 9 12 152
163 9 12 7
163 9 12 141
163 9 12 171
163 9 12 69
163 9 12 7
163 9 12 94
163 9 12 184
163 9 12 65
163 9 12 4
163 9 12 116
163 9 12 163
163 9 12 133
163 9 12 10
163 9 12 99
163 9 12 185
163 9 12 34
163 9 13 6
163 9 13 113
163 9 13 173
163 9 13 141
163 9 13 2
163 9 13 97
163 9 13 168
163 9 13 18
163 9 13 4
163 9 13 148
163 9 13 180
163 9 13 87
163 9 13 6
163 9 13 110
163 9 13 168
163 9 13 38
163 9 13 3
163 9 13 93
163 9 13 164
163 9 13 22
163 9 14 4
163 9 14 145
163 9 14 172
163 9 14 166
163 9 14 5
163 9 14 159
163 9 14 187
163 9 14 113
163 9 14 6
163 9 14 147
163 9 14 185
163 9 14 76
163 9 14 6
163 9 14 144
163 9 14 184
163 9 14 22
163 9 14 9
163 9 14 122
163 9 14 173
163 9 14 150
163 10 1 4
163 10 1 159
163 10 1 185
163 10 1 172
163 10 1 6
163 10 1 97
163 10 1 184
163 10 1 44
163 10 1 3
163 10 1 128
163 10 1 173
163 10 1 184
163 10 1 7
163 10 1 160
163 10 1 165
163 10 1 154
163 10 1 8
163 10 1 130
163 10 1 163
163 10 1 105
163 10 2 3
163 10 2 162
163 10 2 177
163 10 2 12
163 10 2 8
163 10 2 152
163 10 2 188
163 10 2 114
163 10 2 5
163 10 2 129
163 10 2 185
163 10 2 47
163 10 2 10
163 10 2 86
163 10 2 178
163 10 2 126
163 10 2 2
163 10 2 156
163 10 2 176
163 10 2 101
163 10 3 1
163 10 3 116
163 10 3 185
163 10 3 141
163 10 3 6
163 10 3 96
163 10 3 178
163 10 3 127
163 10 3 4
163 10 3 89
163 10 3 175
163 10 3 116
163 10 3 1
163 10 3 151
163 10 3 163
163 10 3 185
163 10 3 2
163 10 3 88
163 10 3 170
163 10 3 187
163 10 4 5
163 10 4 145
163 10 4 172
163 10 4 100
163 10 4 9
163 10 4 111
163 10 4 169
163 10 4 99
163 10 4 3
163 10 4 101
163 10 4 184
163 10 4 66
163 10 4 9
163 10 4 115
163 10 4 167
163 10 4 2
163 10 4 2
163 10 4 140
163 10 4 184
163 10 4 141
163 10 5 9
163 10 5 82
163 10 5 163
163 10 5 152
163 10 5 10
163 10 5 145
163 10 5 172
163 10 5 163
163 10 5 4
163 10 5 156
163 10 5 175
163 10 5 65
163 10 5 8
163 10 5 125
163 10 5 188
163 10 5 110
163 10 5 3
163 10 5 94
163 10 5 182
163 10 5 149
163 10 6 1
163 10 6 144
163 10 6 183
163 10 6 126
163 10 6 4
163 10 6 151
163 10 6 164
163 10 6 130
163 10 6 5
163 10 6 123
163 10 6 183
163 10 6 158
163 10 6 7
163 10 6 120
163 10 6 169
163 10 6 114
163 10 6 6
163 10 6 106
163 10 6 188
163 10 6 7
163 10 7 10
163 10 7 87
163 10 7 175
163 10 7 7
163 10 7 7
163 10 7 129
163 10 7 173
163 10 7 128
163 10 7 6
163 10 7 123
163 10 7 168
163 10 7 7
163 10 7 6
163 10 7 104
163 10 7 179
163 10 7 72
163 10 7 7
163 10 7 97
163 10 7 175
163 10 7 110
163 10 8 10
163 10 8 139
163 10 8 168
163 10 8 33
163 10 8 5
163 10 8 116
163 10 8 166
163 10 8 58
163 10 8 4
163 10 8 84
163 10 8 167
163 10 8 110
163 10 8 8
163 10 8 87
163 10 8 175
163 10 8 105
163 10 8 1
163 10 8 130
163 10 8 170
163 10 8 137
163 10 9 4
163 10 9 140
163 10 9 182
163 10 9 88
163 10 9 5
163 10 9 139
163 10 9 176
163 10 9 123
163 10 9 5
163 10 9 156
163 10 9 165
163 10 9 91
163 10 9 4
163 10 9 106
163 10 9 176
163 10 9 59
163 10 9 3
163 10 9 84
163 10 9 186
163 10 9 158
163 10 10 2
163 10 10 121
163 10 10 168
163 10 10 135
163 10 10 4
163 10 10 98
163 10 10 166
163 10 10 130
163 10 10 8
163 10 10 94
163 10 10 186
163 10 10 187
163 10 10 3
163 10 10 120
163 10 10 170
163 10 10 92
163 10 10 10
163 10 10 155
163 10 10 188
163 10 10 32
163 10 11 4
163 10 11 114
163 10 11 176
163 10 11 130
163 10 11 7
163 10 11 114
163 10 11 181
163 10 11 22
163 10 11 10
163 10 11 91
163 10 11 185
163 10 11 127
163 10 11 9
163 10 11 141
163 10 11 179
163 10 11 166
163 10 11 6
163 10 11 160
163 10 11 167
163 10 11 79
163 10 12 7
163 10 12 135
163 10 12 168
163 10 12 3
163 10 12 7
163 10 12 152
163 10 12 182
163 10 12 54
163 10 12 10
163 10 12 142
163 10 12 174
163 10 12 50
163 10 12 1
163 10 12 100
163 10 12 168
163 10 12 68
163 10 12 1
163 10 12 159
163 10 12 177
163 10 12 187
163 10 13 5
163 10 13 101
163 10 13 175
163 10 13 17
163 10 13 1
163 10 13 95
163 10 13 170
163 10 13 14
163 10 13 7
163 10 13 120
163 10 13 171
163 10 13 168
163 10 13 7
163 10 13 123
163 10 13 186
163 10 13 63
163 10 13 8
163 10 13 135
163 10 13 177
163 10 13 9
163 10 14 4
163 10 14 124
163 10 14 174
163 10 14 19
163 10 14 9
163 10 14 159
163 10 14 168
163 10 14 184
163 10 14 10
163 10 14 143
163 10 14 181
163 10 14 140
163 10 14 4
163 10 14 163
163 10 14 178
163 10 14 54
163 10 14 7
163 10 14 93
163 10 14 177
163 10 14 125
163 11 1 6
163 11 1 104
163 11 1 168
163 11 1 166
163 11 1 2
163 11 1 97
163 11 1 172
163 11 1 144
163 11 1 9
163 11 1 134
163 11 1 171
163 11 1 109
163 11 1 9
163 11 1 134
163 11 1 172
163 11 1 48
163 11 1 10
163 11 1 83
163 11 1 166
163 11 1 187
163 11 2 9
163 11 2 142
163 11 2 163
163 11 2 15
163 11 2 6
163 11 2 111
163 11 2 166
163 11 2 46
163 11 2 5
163 11 2 137
163 11 2 182
163 11 2 136
163 11 2 5
163 11 2 141
163 11 2 170
163 11 2 18
163 11 2 7
163 11 2 127
163 11 2 175
163 11 2 76
163 11 3 1
163 11 3 92
163 11 3 181
163 11 3 152
163 11 3 10
163 11 3 163
163 11 3 177
163 11 3 159
163 11 3 4
163 11 3 118
163 11 3 172
163 11 3 15
163 11 3 10
163 11 3 95
163 11 3 174
163 11 3 11
163 11 3 2
163 11 3 115
163 11 3 180
163 11 3 157
163 11 4 6
163 11 4 163
163 11 4 170
163 11 4 90
163 11 4 1
163 11 4 109
163 11 4 185
163 11 4 115
163 11 4 8
163 11 4 151
163 11 4 186
163 11 4 175
163 11 4 1
163 11 4 106
163 11 4 165
163 11 4 49
163 11 4 8
163 11 4 125
163 11 4 187
163 11 4 45
163 11 5 9
163 11 5 136
163 11 5 171
163 11 5 61
163 11 5 7
163 11 5 150
163 11 5 186
163 11 5 76
163 11 5 3
163 11 5 110
163 11 5 174
163 11 5 119
163 11 5 9
163 11 5 125
163 11 5 182
163 11 5 183
163 11 5 8
163 11 5 85
163 11 5 181
163 11 5 122
163 11 6 9
163 11 6 145
163 11 6 187
163 11 6 174
163 11 6 8
163 11 6 135
163 11 6 175
163 11 6 42
163 11 6 2
163 11 6 114
163 11 6 186
163 11 6 127
163 11 6 1
163 11 6 111
163 11 6 173
163 11 6 116
163 11 6 4
163 11 6 106
163 11 6 171
163 11 6 28
163 11 7 3
163 11 7 144
163 11 7 182
163 11 7 126
163 11 7 8
163 11 7 118
163 11 7 187
163 11 7 153
163 11 7 5
163 11 7 120
163 11 7 167
163 11 7 140
163 11 7 10
163 11 7 87
163 11 7 187
163 11 7 104
163 11 7 4
163 11 7 91
163 11 7 183
163 11 7 99
163 11 8 7
163 11 8 155
163 11 8 170
163 11 8 19
163 11 8 9
163 11 8 122
163 11 8 166
163 11 8 89
163 11 8 10
163 11 8 112
163 11 8 167
163 11 8 53
163 11 8 8
163 11 8 118
163 11 8 172
163 11 8 161
163 11 8 5
163 11 8 101
163 11 8 168
163 11 8 106
163 11 9 4
163 11 9 161
163 11 9 183
163 11 9 74
163 11 9 7
163 11 9 154
163 11 9 170
163 11 9 161
163 11 9 8
163 11 9 154
163 11 9 177
163 11 9 6
163 11 9 5
163 11 9 117
163 11 9 181
163 11 9 144
163 11 9 5
163 11 9 153
163 11 9 182
163 11 9 29
163 11 10 6
163 11 10 97
163 11 10 180
163 11 10 161
163 11 10 7
163 11 10 137
163 11 10 181
163 11 10 103
163 11 10 3
163 11 10 152
163 11 10 179
163 11 10 26
163 11 10 9
163 11 10 144
163 11 10 163
163 11 10 71
163 11 10 7
163 11 10 120
163 11 10 169
163 11 10 113
163 11 11 2
163 11 11 125
163 11 11 176
163 11 11 84
163 11 11 5
163 11 11 103
163 11 11 169
163 11 11 106
163 11 11 4
163 11 11 94
163 11 11 178
163 11 11 122
163 11 11 3
163 11 11 115
163 11 11 163
163 11 11 98
163 11 11 5
163 11 11 97
163 11 11 168
163 11 11 45
163 11 12 5
163 11 12 124
163 11 12 180
163 11 12 35
163 11 12 9
163 11 12 144
163 11 12 166
163 11 12 147
163 11 12 10
163 11 12 148
163 11 12 176
163 11 12 2
163 11 12 6
163 11 12 93
163 11 12 169
163 11 12 73
163 11 12 4
163 11 12 83
163 11 12 182
163 11 12 54
163 11 13 4
163 11 13 132
163 11 13 184
163 11 13 72
163 11 13 7
163 11 13 162
163 11 13 166
163 11 13 130
163 11 13 4
163 11 13 151
163 11 13 165
163 11 13 5
163 11 13 3
163 11 13 160
163 11 13 179
163 11 13 177
163 11 13 7
163 11 13 139
163 11 13 169
163 11 13 10
163 11 14 2
163 11 14 127
163 11 14 165
163 11 14 46
163 11 14 9
163 11 14 132
163 11 14 164
163 11 14 134
163 11 14 7
163 11 14 126
163 11 14 167
163 11 14 161
163 11 14 2
163 11 14 155
163 11 14 171
163 11 14 149
163 11 14 3
163 11 14 126
163 11 14 164
163 11 14 149
163 12 1 6
163 12 1 102
163 12 1 178
163 12 1 162
163 12 1 7
163 12 1 106
163 12 1 169
163 12 1 108
163 12 1 5
163 12 1 160
163 12 1 173
163 12 1 31
163 12 1 4
163 12 1 112
163 12 1 167
163 12 1 124
163 12 1 2
163 12 1 138
163 12 1 177
163 12 1 53
163 12 2 2
163 12 2 131
163 12 2 168
163 12 2 21
163 12 2 9
163 12 2 162
163 12 2 178
163 12 2 160
163 12 2 1
163 12 2 81
163 12 2 179
163 12 2 58
163 12 2 3
163 12 2 89
163 12 2 165
163 12 2 147
163 12 2 6
163 12 2 103
163 12 2 166
163 12 2 33
163 12 3 10
163 12 3 101
163 12 3 186
163 12 3 45
163 12 3 9
163 12 3 124
163 12 3 183
163 12 3 107
163 12 3 7
163 12 3 102
163 12 3 165
163 12 3 40
163 12 3 6
163 12 3 144
163 12 3 188
163 12 3 71
163 12 3 8
163 12 3 139
163 12 3 167
163 12 3 13
163 12 4 6
163 12 4 144
163 12 4 186
163 12 4 183
163 12 4 7
163 12 4 163
163 12 4 169
163 12 4 165
163 12 4 10
163 12 4 140
163 12 4 171
163 12 4 16
163 12 4 8
163 12 4 99
163 12 4 178
163 12 4 121
163 12 4 8
163 12 4 129
163 12 4 168
163 12 4 176
163 12 5 9
163 12 5 87
163 12 5 176
163 12 5 6
163 12 5 2
163 12 5 84
163 12 5 164
163 12 5 126
163 12 5 8
163 12 5 159
163 12 5 181
163 12 5 32
163 12 5 3
163 12 5 136
163 12 5 187
163 12 5 44
163 12 5 4
163 12 5 130
163 12 5 168
163 12 5 96
163 12 6 8
163 12 6 133
163 12 6 186
163 12 6 115
163 12 6 4
163 12 6 85
163 12 6 170
163 12 6 100
163 12 6 8
163 12 6 131
163 12 6 188
163 12 6 101
163 12 6 5
163 12 6 140
163 12 6 173
163 12 6 36
163 12 6 5
163 12 6 87
163 12 6 179
163 12 6 152
163 12 7 1
163 12 7 93
163 12 7 169
163 12 7 11
163 12 7 2
163 12 7 141
163 12 7 168
163 12 7 9
163 12 7 10
163 12 7 149
163 12 7 183
163 12 7 27
163 12 7 7
163 12 7 106
163 12 7 177
163 12 7 62
163 12 7 5
163 12 7 147
163 12 7 185
163 12 7 56
163 12 8 6
163 12 8 100
163 12 8 184
163 12 8 125
163 12 8 8
163 12 8 162
163 12 8 169
163 12 8 36
163 12 8 5
163 12 8 145
163 12 8 185
163 12 8 146
163 12 8 3
163 12 8 91
163 12 8 183
163 12 8 41
163 12 8 6
163 12 8 145
163 12 8 172
163 12 8 180
163 12 9 2
163 12 9 144
163 12 9 185
163 12 9 163
163 12 9 9
163 12 9 150
163 12 9 170
163 12 9 57
163 12 9 2
163 12 9 138
163 12 9 176
163 12 9 173
163 12 9 2
163 12 9 95
163 12 9 183
163 12 9 140
163 12 9 8
163 12 9 96
163 12 9 178
163 12 9 147
163 12 10 10
163 12 10 97
163 12 10 181
163 12 10 75
163 12 10 1
163 12 10 100
163 12 10 175
163 12 10 34
163 12 10 10
163 12 10 144
163 12 10 171
163 12 10 75
163 12 10 9
163 12 10 101
163 12 10 177
163 12 10 108
163 12 10 2
163 12 10 160
163 12 10 163
163 12 10 22
163 12 11 8
163 12 11 149
163 12 11 171
163 12 11 114
163 12 11 5
163 12 11 139
163 12 11 166
163 12 11 109
163 12 11 2
163 12 11 135
163 12 11 164
163 12 11 41
163 12 11 5
163 12 11 95
163 12 11 188
163 12 11 110
163 12 11 1
163 12 11 151
163 12 11 169
163 12 11 184
163 12 12 9
163 12 12 85
163 12 12 178
163 12 12 64
163 12 12 1
163 12 12 112
163 12 12 167
163 12 12 135
163 12 12 6
163 12 12 146
163 12 12 188
163 12 12 169
163 12 12 2
163 12 12 106
163 12 12 169
163 12 12 25
163 12 12 7
163 12 12 127
163 12 12 179
163 12 12 138
163 12 13 3
163 12 13 161
163 12 13 165
163 12 13 161
163 12 13 7
163 12 13 95
163 12 13 187
163 12 13 30
163 12 13 2
163 12 13 113
163 12 13 166
163 12 13 15
163 12 13 5
163 12 13 86
163 12 13 177
163 12 13 117
163 12 13 5
163 12 13 112
163 12 13 180
163 12 13 95
163 12 14 6
163 12 14 150
163 12 14 187
163 12 14 159
163 12 14 6
163 12 14 116
163 12 14 182
163 12 14 131
163 12 14 9
163 12 14 139
163 12 14 181
163 12 14 84
163 12 14 1
163 12 14 100
163 12 14 170
163 12 14 129
163 12 14 4
163 12 14 141
163 12 14 181
163 12 14 74
163 13 1 5
163 13 1 121
163 13 1 163
163 13 1 167
163 13 1 6
163 13 1 156
163 13 1 164
163 13 1 68
163 13 1 6
163 13 1 85
163 13 1 177
163 13 1 177
163 13 1 4
163 13 1 156
163 13 1 166
163 13 1 122
163 13 1 3
163 13 1 91
163 13 1 186
163 13 1 32
163 13 2 5
163 13 2 126
163 13 2 177
163 13 2 107
163 13 2 3
163 13 2 106
163 13 2 179
163 13 2 16
163 13 2 5
163 13 2 91
163 13 2 188
163 13 2 118
163 13 2 5
163 13 2 149
163 13 2 184
163 13 2 140
163 13 2 2
163 13 2 104
163 13 2 180
163 13 2 121
163 13 3 8
163 13 3 143
163 13 3 183
163 13 3 129
163 13 3 7
163 13 3 127
163 13 3 178
163 13 3 179
163 13 3 7
163 13 3 104
163 13 3 180
163 13 3 2
163 13 3 7
163 13 3 109
163 13 3 188
163 13 3 87
163 13 3 10
163 13 3 136
163 13 3 164
163 13 3 43
163 13 4 1
163 13 4 160
163 13 4 176
163 13 4 91
163 13 4 1
163 13 4 130
163 13 4 165
163 13 4 162
163 13 4 6
163 13 4 116
163 13 4 179
163 13 4 183
163 13 4 2
163 13 4 145
163 13 4 187
163 13 4 17
163 13 4 10
163 13 4 163
163 13 4 185
163 13 4 81
163 13 5 3
163 13 5 93
163 13 5 178
163 13 5 122
163 13 5 2
163 13 5 161
163 13 5 163
163 13 5 49
163 13 5 3
163 13 5 154
163 13 5 171
163 13 5 2
163 13 5 10
163 13 5 93
163 13 5 176
163 13 5 117
163 13 5 7
163 13 5 114
163 13 5 176
163 13 5 176
163 13 6 7
163 13 6 98
163 13 6 168
163 13 6 111
163 13 6 1
163 13 6 130
163 13 6 188
163 13 6 148
163 13 6 3
163 13 6 81
163 13 6 186
163 13 6 105
163 13 6 6
163 13 6 115
163 13 6 181
163 13 6 38
163 13 6 10
163 13 6 103
163 13 6 188
163 13 6 125
163 13 7 6
163 13 7 96
163 13 7 167
163 13 7 155
163 13 7 4
163 13 7 150
163 13 7 175
163 13 7 11
163 13 7 2
163 13 7 126
163 13 7 178
163 13 7 177
163 13 7 6
163 13 7 110
163 13 7 171
163 13 7 172
163 13 7 4
163 13 7 102
163 13 7 171
163 13 7 91
163 13 8 7
163 13 8 136
163 13 8 169
163 13 8 95
163 13 8 1
163 13 8 119
163 13 8 170
163 13 8 48
163 13 8 2
163 13 8 146
163 13 8 180
163 13 8 156
163 13 8 4
163 13 8 149
163 13 8 182
163 13 8 145
163 13 8 5
163 13 8 133
163 13 8 164
163 13 8 67
163 13 9 3
163 13 9 122
163 13 9 165
163 13 9 59
163 13 9 2
163 13 9 134
163 13 9 165
163 13 9 71
163 13 9 9
163 13 9 117
163 13 9 185
163 13 9 103
163 13 9 9
163 13 9 139
163 13 9 163
163 13 9 79
163 13 9 1
163 13 9 92
163 13 9 182
163 13 9 56
163 13 10 4
163 13 10 152
163 13 10 163
163 13 10 146
163 13 10 2
163 13 10 83
163 13 10 185
163 13 10 180
163 13 10 1
163 13 10 157
163 13 10 188
163 13 10 101
163 13 10 5
163 13 10 150
163 13 10 171
163 13 10 8
163 13 10 2
163 13 10 153
163 13 10 168
163 13 10 153
163 13 11 5
163 13 11 102
163 13 11 187
163 13 11 4
163 13 11 5
163 13 11 160
163 13 11 164
163 13 11 103
163 13 11 2
163 13 11 131
163 13 11 171
163 13 11 104
163 13 11 9
163 13 11 131
163 13 11 180
163 13 11 149
163 13 11 8
163 13 11 125
163 13 11 186
163 13 11 96
163 13 12 1
163 13 12 107
163 13 12 165
163 13 12 115
163 13 12 7
163 13 12 122
163 13 12 185
163 13 12 134
163 13 12 2
163 13 12 109
163 13 12 182
163 13 12 98
163 13 12 3
163 13 12 147
163 13 12 173
163 13 12 129
163 13 12 3
163 13 12 137
163 13 12 184
163 13 12 118
163 13 13 10
163 13 13 137
163 13 13 164
163 13 13 81
163 13 13 2
163 13 13 110
163 13 13 188
163 13 13 154
163 13 13 9
163 13 13 87
163 13 13 170
163 13 13 30
163 13 13 9
163 13 13 99
163 13 13 166
163 13 13 57
163 13 13 10
163 13 13 141
163 13 13 185
163 13 13 125
163 13 14 7
163 13 14 151
163 13 14 181
163 13 14 123
163 13 14 2
163 13 14 123
163 13 14 172
163 13 14 75
163 13 14 7
163 13 14 100
163 13 14 182
163 13 14 58
163 13 14 7
163 13 14 85
163 13 14 179
163 13 14 109
163 13 14 7
163 13 14 107
163 13 14 177
163 13 14 48
163 14 1 6
163 14 1 90
163 14 1 167
163 14 1 166
163 14 1 10
163 14 1 143
163 14 1 183
163 14 1 5
163 14 1 3
163 14 1 131
163 14 1 188
163 14 1 76
163 14 1 10
163 14 1 145
163 14 1 175
163 14 1 159
163 14 1 3
163 14 1 153
163 14 1 181
163 14 1 138
163 14 2 7
163 14 2 113
163 14 2 163
163 14 2 145
163 14 2 7
163 14 2 151
163 14 2 180
163 14 2 43
163 14 2 4
163 14 2 96
163 14 2 165
163 14 2 45
163 14 2 8
163 14 2 151
163 14 2 169
163 14 2 2
163 14 2 7
163 14 2 127
163 14 2 182
163 14 2 125
163 14 3 9
163 14 3 157
163 14 3 172
163 14 3 12
163 14 3 8
163 14 3 119
163 14 3 182
163 14 3 51
163 14 3 9
163 14 3 150
163 14 3 172
163 14 3 17
163 14 3 10
163 14 3 124
163 14 3 182
163 14 3 6
163 14 3 10
163 14 3 134
163 14 3 176
163 14 3 127
163 14 4 2
163 14 4 135
163 14 4 175
163 14 4 23
163 14 4 8
163 14 4 116
163 14 4 177
163 14 4 72
163 14 4 4
163 14 4 145
163 14 4 171
163 14 4 128
163 14 4 9
163 14 4 163
163 14 4 186
163 14 4 149
163 14 4 4
163 14 4 152
163 14 4 179
163 14 4 10
163 14 5 4
163 14 5 158
163 14 5 176
163 14 5 162
163 14 5 8
163 14 5 100
163 14 5 177
163 14 5 156
163 14 5 8
163 14 5 100
163 14 5 184
163 14 5 103
163 14 5 1
163 14 5 136
163 14 5 183
163 14 5 177
163 14 5 4
163 14 5 148
163 14 5 187
163 14 5 134
163 14 6 9
163 14 6 121
163 14 6 167
163 14 6 121
163 14 6 9
163 14 6 147
163 14 6 163
163 14 6 72
163 14 6 8
163 14 6 86
163 14 6 188
163 14 6 160
163 14 6 3
163 14 6 114
163 14 6 181
163 14 6 119
163 14 6 1
163 14 6 159
163 14 6 168
163 14 6 159
163 14 7 3
163 14 7 149
163 14 7 180
163 14 7 127
163 14 7 1
163 14 7 126
163 14 7 169
163 14 7 129
163 14 7 2
163 14 7 151
163 14 7 177
163 14 7 169
163 14 7 5
163 14 7 131
163 14 7 181
163 14 7 58
163 14 7 4
163 14 7 158
163 14 7 167
163 14 7 89
163 14 8 6
163 14 8 155
163 14 8 188
163 14 8 127
163 14 8 8
163 14 8 114
163 14 8 187
163 14 8 31
163 14 8 10
163 14 8 134
163 14 8 176
163 14 8 177
163 14 8 9
163 14 8 129
163 14 8 169
163 14 8 71
163 14 8 6
163 14 8 103
163 14 8 182
163 14 8 44
163 14 9 7
163 14 9 97
163 14 9 178
163 14 9 70
163 14 9 3
163 14 9 84
163 14 9 168
163 14 9 77
163 14 9 9
163 14 9 117
163 14 9 175
163 14 9 5
163 14 9 4
163 14 9 90
163 14 9 187
163 14 9 43
163 14 9 1
163 14 9 118
163 14 9 176
163 14 9 165
163 14 10 1
163 14 10 157
163 14 10 178
163 14 10 136
163 14 10 10
163 14 10 153
163 14 10 164
163 14 10 39
163 14 10 6
163 14 10 154
163 14 10 166
163 14 10 127
163 14 10 9
163 14 10 143
163 14 10 187
163 14 10 35
163 14 10 3
163 14 10 90
163 14 10 167
163 14 10 125
163 14 11 3
163 14 11 121
163 14 11 174
163 14 11 87
163 14 11 7
163 14 11 122
163 14 11 185
163 14 11 5
163 14 11 2
163 14 11 118
163 14 11 165
163 14 11 145
163 14 11 9
163 14 11 89
163 14 11 171
163 14 11 182
163 14 11 2
163 14 11 117
163 14 11 181
163 14 11 78
163 14 12 8
163 14 12 131
163 14 12 164
163 14 12 98
163 14 12 2
163 14 12 149
163 14 12 163
163 14 12 65
163 14 12 7
163 14 12 128
163 14 12 167
163 14 12 25
163 14 12 2
163 14 12 114
163 14 12 163
163 14 12 153
163 14 12 9
163 14 12 117
163 14 12 172
163 14 12 132
163 14 13 3
163 14 13 129
163 14 13 188
163 14 13 60
163 14 13 8
163 14 13 138
163 14 13 171
163 14 13 157
163 14 13 8
163 14 13 96
163 14 13 165
163 14 13 21
163 14 13 6
163 14 13 122
163 14 13 174
163 14 13 142
163 14 13 8
163 14 13 161
163 14 13 175
163 14 13 186
163 14 14 4
163 14 14 97
163 14 14 176
163 14 14 81
163 14 14 4
163 14 14 162
163 14 14 181
163 14 14 15
163 14 14 4
163 14 14 111
163 14 14 183
163 14 14 182
163 14 14 8
163 14 14 129
163 14 14 163
163 14 14 156
163 14 14 4
163 14 14 141
163 14 14 182
163 14 14 88
167 1 1 2
167 1 1 144
167 1 1 173
167 1 1 74
167 1 1 10
167 1 1 92
167 1 1 188
167 1 1 158
167 1 1 10
167 1 1 141
167 1 1 180
167 1 1 30
167 1 1 10
167 1 1 104
167 1 1 168
167 1 1 56
167 1 1 7
167 1 1 83
167 1 1 182
167 1 1 22
167 1 2 2
167 1 2 101
167 1 2 169
167 1 2 132
167 1 2 4
167 1 2 131
167 1 2 176
167 1 2 18
167 1 2 10
167 1 2 127
167 1 2 175
167 1 2 39
167 1 2 2
167 1 2 125
167 1 2 188
167 1 2 141
167 1 2 10
167 1 2 151
167 1 2 183
167 1 2 91
167 1 3 2
167 1 3 112
167 1 3 184
167 1 3 186
167 1 3 10
167 1 3 160
167 1 3 188
167 1 3 132
167 1 3 2
167 1 3 119
167 1 3 188
167 1 3 63
167 1 3 5
167 1 3 84
167 1 3 189
167 1 3 55
167 1 3 10
167 1 3 150
167 1 3 189
167 1 3 52
167 1 4 3
167 1 4 116
167 1 4 182
167 1 4 64
167 1 4 5
167 1 4 99
167 1 4 175
167 1 4 184
167 1 4 4
167 1 4 141
167 1 4 188
167 1 4 129
167 1 4 8
167 1 4 117
167 1 4 171
167 1 4 114
167 1 4 3
167 1 4 100
167 1 4 187
167 1 4 28
167 1 5 2
167 1 5 127
167 1 5 167
167 1 5 6
167 1 5 9
167 1 5 85
167 1 5 177
167 1 5 172
167 1 5 2
167 1 5 129
167 1 5 192
167 1 5 17
167 1 5 8
167 1 5 111
167 1 5 180
167 1 5 43
167 1 5 5
167 1 5 125
167 1 5 173
167 1 5 38
167 1 6 6
167 1 6 159
167 1 6 173
167 1 6 109
167 1 6 8
167 1 6 144
167 1 6 191
167 1 6 15
167 1 6 2
167 1 6 139
167 1 6 191
167 1 6 46
167 1 6 3
167 1 6 98
167 1 6 192
167 1 6 82
167 1 6 4
167 1 6 138
167 1 6 169
167 1 6 184
167 1 7 6
167 1 7 161
167 1 7 186
167 1 7 189
167 1 7 8
167 1 7 123
167 1 7 168
167 1 7 142
167 1 7 7
167 1 7 84
167 1 7 182
167 1 7 81
167 1 7 6
167 1 7 153
167 1 7 186
167 1 7 78
167 1 7 5
167 1 7 166
167 1 7 169
167 1 7 155
167 1 8 5
167 1 8 92
167 1 8 186
167 1 8 26
167 1 8 2
167 1 8 100
167 1 8 184
167 1 8 153
167 1 8 4
167 1 8 158
167 1 8 188
167 1 8 89
167 1 8 4
167 1 8 111
167 1 8 182
167 1 8 42
167 1 8 8
167 1 8 86
167 1 8 177
167 1 8 187
167 1 9 1
167 1 9 101
167 1 9 186
167 1 9 47
167 1 9 8
167 1 9 149
167 1 9 176
167 1 9 70
167 1 9 8
167 1 9 128
167 1 9 188
167 1 9 178
167 1 9 8
167 1 9 118
167 1 9 180
167 1 9 190
167 1 9 6
167 1 9 114
167 1 9 182
167 1 9 2
167 1 10 5
167 1 10 166
167 1 10 168
167 1 10 152
167 1 10 3
167 1 10 167
167 1 10 177
167 1 10 183
167 1 10 1
167 1 10 108
167 1 10 176
167 1 10 44
167 1 10 1
167 1 10 126
167 1 10 177
167 1 10 51
167 1 10 8
167 1 10 115
167 1 10 180
167 1 10 43
167 1 11 8
167 1 11 133
167 1 11 172
167 1 11 7
167 1 11 3
167 1 11 161
167 1 11 177
167 1 11 151
167 1 11 2
167 1 11 88
167 1 11 172
167 1 11 173
167 1 11 5
167 1 11 103
167 1 11 178
167 1 11 147
167 1 11 4
167 1 11 153
167 1 11 182
167 1 11 58
167 1 12 4
167 1 12 115
167 1 12 189
167 1 12 191
167 1 12 10
167 1 12 141
167 1 12 187
167 1 12 180
167 1 12 3
167 1 12 99
167 1 12 182
167 1 12 180
167 1 12 3
167 1 12 109
167 1 12 177
167 1 12 137
167 1 12 4
167 1 12 132
167 1 12 168
167 1 12 22
167 1 13 8
167 1 13 146
167 1 13 169
167 1 13 163
167 1 13 8
167 1 13 143
167 1 13 187
167 1 13 161
167 1 13 2
167 1 13 113
167 1 13 190
167 1 13 138
167 1 13 9
167 1 13 102
167 1 13 171
167 1 13 129
167 1 13 2
167 1 13 135
167 1 13 191
167 1 13 46
167 1 14 1
167 1 14 140
167 1 14 181
167 1 14 186
167 1 14 5
167 1 14 150
167 1 14 190
167 1 14 51
167 1 14 4
167 1 14 91
167 1 14 176
167 1 14 63
167 1 14 3
167 1 14 151
167 1 14 169
167 1 14 176
167 1 14 3
167 1 14 110
167 1 14 179
167 1 14 185
167 2 1 9
167 2 1 156
167 2 1 187
167 2 1 103
167 2 1 7
167 2 1 100
167 2 1 183
167 2 1 132
167 2 1 10
167 2 1 160
167 2 1 174
167 2 1 186
167 2 1 5
167 2 1 84
167 2 1 184
167 2 1 10
167 2 1 8
167 2 1 97
167 2 1 186
167 2 1 15
167 2 2 2
167 2 2 87
167 2 2 189
167 2 2 121
167 2 2 9
167 2 2 165
167 2 2 173
167 2 2 137
167 2 2 6
167 2 2 107
167 2 2 180
167 2 2 159
167 2 2 5
167 2 2 134
167 2 2 179
167 2 2 169
167 2 2 3
167 2 2 119
167 2 2 179
167 2 2 179
167 2 3 2
167 2 3 109
167 2 3 185
167 2 3 79
167 2 3 9
167 2 3 116
167 2 3 178
167 2 3 162
167 2 3 2
167 2 3 142
167 2 3 188
167 2 3 32
167 2 3 5
167 2 3 139
167 2 3 173
167 2 3 58
167 2 3 8
167 2 3 119
167 2 3 179
167 2 3 117
167 2 4 9
167 2 4 132
167 2 4 176
167 2 4 100
167 2 4 4
167 2 4 133
167 2 4 173
167 2 4 106
167 2 4 10
167 2 4 86
167 2 4 174
167 2 4 177
167 2 4 9
167 2 4 160
167 2 4 168
167 2 4 91
167 2 4 6
167 2 4 91
167 2 4 183
167 2 4 4
167 2 5 2
167 2 5 112
167 2 5 179
167 2 5 82
167 2 5 4
167 2 5 137
167 2 5 185
167 2 5 152
167 2 5 3
167 2 5 161
167 2 5 181
167 2 5 189
167 2 5 3
167 2 5 99
167 2 5 184
167 2 5 71
167 2 5 10
167 2 5 126
167 2 5 181
167 2 5 129
167 2 6 8
167 2 6 143
167 2 6 183
167 2 6 46
167 2 6 6
167 2 6 141
167 2 6 173
167 2 6 82
167 2 6 2
167 2 6 156
167 2 6 176
167 2 6 149
167 2 6 4
167 2 6 109
167 2 6 174
167 2 6 29
167 2 6 6
167 2 6 118
167 2 6 191
167 2 6 23
167 2 7 4
167 2 7 103
167 2 7 169
167 2 7 28
167 2 7 1
167 2 7 165
167 2 7 185
167 2 7 59
167 2 7 4
167 2 7 127
167 2 7 187
167 2 7 145
167 2 7 9
167 2 7 115
167 2 7 178
167 2 7 188
167 2 7 7
167 2 7 90
167 2 7 184
167 2 7 146
167 2 8 10
167 2 8 128
167 2 8 189
167 2 8 114
167 2 8 10
167 2 8 148
167 2 8 189
167 2 8 129
167 2 8 2
167 2 8 160
167 2 8 179
167 2 8 53
167 2 8 3
167 2 8 121
167 2 8 181
167 2 8 131
167 2 8 4
167 2 8 151
167 2 8 180
167 2 8 55
167 2 9 2
167 2 9 97
167 2 9 187
167 2 9 33
167 2 9 9
167 2 9 98
167 2 9 184
167 2 9 159
167 2 9 3
167 2 9 104
167 2 9 181
167 2 9 34
167 2 9 3
167 2 9 124
167 2 9 185
167 2 9 17
167 2 9 9
167 2 9 163
167 2 9 186
167 2 9 120
167 2 10 10
167 2 10 140
167 2 10 188
167 2 10 31
167 2 10 8
167 2 10 96
167 2 10 176
167 2 10 145
167 2 10 9
167 2 10 124
167 2 10 168
167 2 10 96
167 2 10 8
167 2 10 127
167 2 10 176
167 2 10 30
167 2 10 5
167 2 10 93
167 2 10 174
167 2 10 191
167 2 11 8
167 2 11 151
167 2 11 175
167 2 11 29
167 2 11 7
167 2 11 151
167 2 11 183
167 2 11 18
167 2 11 4
167 2 11 111
167 2 11 175
167 2 11 115
167 2 11 7
167 2 11 157
167 2 11 187
167 2 11 92
167 2 11 4
167 2 11 89
167 2 11 178
167 2 11 78
167 2 12 7
167 2 12 156
167 2 12 190
167 2 12 1
167 2 12 2
167 2 12 119
167 2 12 182
167 2 12 93
167 2 12 4
167 2 12 115
167 2 12 172
167 2 12 76
167 2 12 4
167 2 12 90
167 2 12 174
167 2 12 109
167 2 12 6
167 2 12 123
167 2 12 190
167 2 12 158
167 2 13 5
167 2 13 151
167 2 13 187
167 2 13 13
167 2 13 8
167 2 13 83
167 2 13 191
167 2 13 152
167 2 13 6
167 2 13 166
167 2 13 182
167 2 13 117
167 2 13 6
167 2 13 136
167 2 13 169
167 2 13 28
167 2 13 1
167 2 13 139
167 2 13 192
167 2 13 137
167 2 14 10
167 2 14 113
167 2 14 170
167 2 14 128
167 2 14 8
167 2 14 109
167 2 14 187
167 2 14 37
167 2 14 10
167 2 14 84
167 2 14 174
167 2 14 71
167 2 14 7
167 2 14 101
167 2 14 186
167 2 14 191
167 2 14 1
167 2 14 96
167 2 14 183
167 2 14 15
167 3 1 1
167 3 1 86
167 3 1 167
167 3 1 36
167 3 1 1
167 3 1 91
167 3 1 187
167 3 1 109
167 3 1 2
167 3 1 151
167 3 1 186
167 3 1 78
167 3 1 4
167 3 1 152
167 3 1 170
167 3 1 135
167 3 1 6
167 3 1 133
167 3 1 177
167 3 1 165
167 3 2 7
167 3 2 114
167 3 2 174
167 3 2 85
167 3 2 8
167 3 2 98
167 3 2 173
167 3 2 149
167 3 2 4
167 3 2 109
167 3 2 173
167 3 2 55
167 3 2 6
167 3 2 159
167 3 2 182
167 3 2 162
167 3 2 3
167 3 2 115
167 3 2 171
167 3 2 70
167 3 3 5
167 3 3 104
167 3 3 190
167 3 3 69
167 3 3 9
167 3 3 88
167 3 3 171
167 3 3 65
167 3 3 10
167 3 3 93
167 3 3 175
167 3 3 180
167 3 3 7
167 3 3 128
167 3 3 177
167 3 3 121
167 3 3 1
167 3 3 152
167 3 3 172
167 3 3 58
167 3 4 8
167 3 4 155
167 3 4 180
167 3 4 147
167 3 4 6
167 3 4 155
167 3 4 192
167 3 4 172
167 3 4 6
167 3 4 131
167 3 4 179
167 3 4 102
167 3 4 9
167 3 4 145
167 3 4 189
167 3 4 10
167 3 4 3
167 3 4 149
167 3 4 167
167 3 4 78
167 3 5 3
167 3 5 101
167 3 5 189
167 3 5 117
167 3 5 6
167 3 5 86
167 3 5 173
167 3 5 101
167 3 5 7
167 3 5 121
167 3 5 169
167 3 5 183
167 3 5 4
167 3 5 143
167 3 5 186
167 3 5 71
167 3 5 9
167 3 5 142
167 3 5 173
167 3 5 156
167 3 6 6
167 3 6 115
167 3 6 177
167 3 6 97
167 3 6 9
167 3 6 113
167 3 6 183
167 3 6 80
167 3 6 7
167 3 6 125
167 3 6 189
167 3 6 6
167 3 6 4
167 3 6 116
167 3 6 184
167 3 6 41
167 3 6 3
167 3 6 119
167 3 6 173
167 3 6 56
167 3 7 10
167 3 7 97
167 3 7 180
167 3 7 62
167 3 7 9
167 3 7 142
167 3 7 184
167 3 7 33
167 3 7 6
167 3 7 139
167 3 7 178
167 3 7 88
167 3 7 10
167 3 7 161
167 3 7 190
167 3 7 118
167 3 7 10
167 3 7 112
167 3 7 186
167 3 7 187
167 3 8 9
167 3 8 150
167 3 8 188
167 3 8 171
167 3 8 7
167 3 8 86
167 3 8 170
167 3 8 32
167 3 8 4
167 3 8 164
167 3 8 178
167 3 8 140
167 3 8 7
167 3 8 85
167 3 8 169
167 3 8 10
167 3 8 4
167 3 8 145
167 3 8 182
167 3 8 6
167 3 9 6
167 3 9 115
167 3 9 169
167 3 9 8
167 3 9 5
167 3 9 143
167 3 9 191
167 3 9 110
167 3 9 2
167 3 9 101
167 3 9 169
167 3 9 127
167 3 9 5
167 3 9 93
167 3 9 176
167 3 9 132
167 3 9 2
167 3 9 106
167 3 9 171
167 3 9 168
167 3 10 3
167 3 10 123
167 3 10 181
167 3 10 83
167 3 10 7
167 3 10 102
167 3 10 188
167 3 10 34
167 3 10 2
167 3 10 115
167 3 10 180
167 3 10 121
167 3 10 2
167 3 10 136
167 3 10 170
167 3 10 72
167 3 10 1
167 3 10 107
167 3 10 180
167 3 10 162
167 3 11 6
167 3 11 153
167 3 11 181
167 3 11 29
167 3 11 7
167 3 11 140
167 3 11 168
167 3 11 9
167 3 11 4
167 3 11 83
167 3 11 178
167 3 11 183
167 3 11 7
167 3 11 161
167 3 11 175
167 3 11 166
167 3 11 6
167 3 11 88
167 3 11 192
167 3 11 38
167 3 12 9
167 3 12 116
167 3 12 182
167 3 12 10
167 3 12 5
167 3 12 134
167 3 12 169
167 3 12 126
167 3 12 8
167 3 12 84
167 3 12 178
167 3 12 146
167 3 12 2
167 3 12 124
167 3 12 186
167 3 12 146
167 3 12 10
167 3 12 97
167 3 12 187
167 3 12 156
167 3 13 6
167 3 13 106
167 3 13 189
167 3 13 39
167 3 13 10
167 3 13 119
167 3 13 167
167 3 13 104
167 3 13 3
167 3 13 159
167 3 13 186
167 3 13 113
167 3 13 7
167 3 13 154
167 3 13 178
167 3 13 42
167 3 13 7
167 3 13 137
167 3 13 185
167 3 13 73
167 3 14 10
167 3 14 91
167 3 14 191
167 3 14 163
167 3 14 5
167 3 14 121
167 3 14 190
167 3 14 141
167 3 14 9
167 3 14 112
167 3 14 189
167 3 14 150
167 3 14 1
167 3 14 165
167 3 14 191
167 3 14 96
167 3 14 5
167 3 14 131
167 3 14 168
167 3 14 36
167 4 1 4
167 4 1 134
167 4 1 181
167 4 1 52
167 4 1 6
167 4 1 140
167 4 1 176
167 4 1 167
167 4 1 4
167 4 1 104
167 4 1 190
167 4 1 143
167 4 1 9
167 4 1 102
167 4 1 176
167 4 1 94
167 4 1 10
167 4 1 135
167 4 1 189
167 4 1 130
167 4 2 8
167 4 2 89
167 4 2 168
167 4 2 142
167 4 2 1
167 4 2 99
167 4 2 167
167 4 2 81
167 4 2 3
167 4 2 106
167 4 2 173
167 4 2 142
167 4 2 10
167 4 2 96
167 4 2 175
167 4 2 137
167 4 2 8
167 4 2 140
167 4 2 180
167 4 2 68
167 4 3 7
167 4 3 103
167 4 3 175
167 4 3 141
167 4 3 8
167 4 3 115
167 4 3 182
167 4 3 154
167 4 3 1
167 4 3 127
167 4 3 170
167 4 3 36
167 4 3 6
167 4 3 166
167 4 3 172
167 4 3 62
167 4 3 9
167 4 3 142
167 4 3 186
167 4 3 71
167 4 4 1
167 4 4 107
167 4 4 188
167 4 4 22
167 4 4 9
167 4 4 101
167 4 4 170
167 4 4 2
167 4 4 10
167 4 4 106
167 4 4 181
167 4 4 60
167 4 4 8
167 4 4 91
167 4 4 192
167 4 4 132
167 4 4 10
167 4 4 83
167 4 4 178
167 4 4 171
167 4 5 5
167 4 5 106
167 4 5 174
167 4 5 125
167 4 5 9
167 4 5 86
167 4 5 171
167 4 5 116
167 4 5 2
167 4 5 136
167 4 5 176
167 4 5 78
167 4 5 1
167 4 5 91
167 4 5 183
167 4 5 90
167 4 5 5
167 4 5 150
167 4 5 192
167 4 5 128
167 4 6 6
167 4 6 146
167 4 6 176
167 4 6 144
167 4 6 5
167 4 6 149
167 4 6 171
167 4 6 155
167 4 6 2
167 4 6 152
167 4 6 174
167 4 6 137
167 4 6 5
167 4 6 121
167 4 6 185
167 4 6 142
167 4 6 7
167 4 6 145
167 4 6 182
167 4 6 134
167 4 7 4
167 4 7 158
167 4 7 191
167 4 7 108
167 4 7 1
167 4 7 166
167 4 7 188
167 4 7 127
167 4 7 2
167 4 7 112
167 4 7 167
167 4 7 68
167 4 7 10
167 4 7 165
167 4 7 191
167 4 7 163
167 4 7 5
167 4 7 136
167 4 7 189
167 4 7 45
167 4 8 3
167 4 8 128
167 4 8 171
167 4 8 49
167 4 8 10
167 4 8 139
167 4 8 178
167 4 8 70
167 4 8 2
167 4 8 92
167 4 8 178
167 4 8 133
167 4 8 4
167 4 8 129
167 4 8 169
167 4 8 51
167 4 8 9
167 4 8 103
167 4 8 183
167 4 8 114
167 4 9 2
167 4 9 90
167 4 9 185
167 4 9 113
167 4 9 3
167 4 9 148
167 4 9 175
167 4 9 101
167 4 9 4
167 4 9 113
167 4 9 186
167 4 9 160
167 4 9 3
167 4 9 120
167 4 9 179
167 4 9 41
167 4 9 6
167 4 9 139
167 4 9 182
167 4 9 19
167 4 10 10
167 4 10 110
167 4 10 188
167 4 10 65
167 4 10 9
167 4 10 111
167 4 10 192
167 4 10 90
167 4 10 5
167 4 10 151
167 4 10 183
167 4 10 155
167 4 10 9
167 4 10 162
167 4 10 173
167 4 10 148
167 4 10 6
167 4 10 151
167 4 10 180
167 4 10 152
167 4 11 4
167 4 11 119
167 4 11 179
167 4 11 98
167 4 11 4
167 4 11 160
167 4 11 188
167 4 11 99
167 4 11 1
167 4 11 92
167 4 11 173
167 4 11 170
167 4 11 7
167 4 11 130
167 4 11 189
167 4 11 11
167 4 11 8
167 4 11 113
167 4 11 186
167 4 11 165
167 4 12 1
167 4 12 118
167 4 12 171
167 4 12 55
167 4 12 3
167 4 12 124
167 4 12 178
167 4 12 73
167 4 12 2
167 4 12 109
167 4 12 167
167 4 12 162
167 4 12 8
167 4 12 155
167 4 12 190
167 4 12 191
167 4 12 4
167 4 12 118
167 4 12 175
167 4 12 128
167 4 13 5
167 4 13 159
167 4 13 187
167 4 13 148
167 4 13 3
167 4 13 157
167 4 13 176
167 4 13 154
167 4 13 10
167 4 13 129
167 4 13 181
167 4 13 161
167 4 13 5
167 4 13 154
167 4 13 177
167 4 13 101
167 4 13 5
167 4 13 145
167 4 13 183
167 4 13 174
167 4 14 5
167 4 14 139
167 4 14 191
167 4 14 28
167 4 14 8
167 4 14 120
167 4 14 176
167 4 14 83
167 4 14 6
167 4 14 137
167 4 14 169
167 4 14 115
167 4 14 6
167 4 14 164
167 4 14 192
167 4 14 135
167 4 14 2
167 4 14 153
167 4 14 187
167 4 14 176
167 5 1 5
167 5 1 90
167 5 1 173
167 5 1 171
167 5 1 4
167 5 1 134
167 5 1 189
167 5 1 26
167 5 1 7
167 5 1 159
167 5 1 178
167 5 1 31
167 5 1 9
167 5 1 89
167 5 1 172
167 5 1 61
167 5 1 1
167 5 1 99
167 5 1 178
167 5 1 75
167 5 2 8
167 5 2 100
167 5 2 186
167 5 2 23
167 5 2 1
167 5 2 108
167 5 2 178
167 5 2 54
167 5 2 10
167 5 2 165
167 5 2 176
167 5 2 9
167 5 2 6
167 5 2 145
167 5 2 182
167 5 2 62
167 5 2 8
167 5 2 109
167 5 2 190
167 5 2 127
167 5 3 3
167 5 3 136
167 5 3 183
167 5 3 110
167 5 3 3
167 5 3 115
167 5 3 186
167 5 3 147
167 5 3 3
167 5 3 132
167 5 3 190
167 5 3 136
167 5 3 8
167 5 3 125
167 5 3 189
167 5 3 169
167 5 3 4
167 5 3 167
167 5 3 170
167 5 3 109
167 5 4 3
167 5 4 143
167 5 4 188
167 5 4 60
167 5 4 7
167 5 4 127
167 5 4 182
167 5 4 7
167 5 4 10
167 5 4 94
167 5 4 174
167 5 4 26
167 5 4 10
167 5 4 154
167 5 4 178
167 5 4 25
167 5 4 3
167 5 4 162
167 5 4 191
167 5 4 28
167 5 5 10
167 5 5 85
167 5 5 180
167 5 5 89
167 5 5 2
167 5 5 120
167 5 5 173
167 5 5 113
167 5 5 7
167 5 5 146
167 5 5 192
167 5 5 185
167 5 5 9
167 5 5 101
167 5 5 179
167 5 5 27
167 5 5 2
167 5 5 116
167 5 5 170
167 5 5 130
167 5 6 5
167 5 6 112
167 5 6 178
167 5 6 92
167 5 6 9
167 5 6 84
167 5 6 176
167 5 6 47
167 5 6 3
167 5 6 83
167 5 6 188
167 5 6 39
167 5 6 10
167 5 6 107
167 5 6 175
167 5 6 18
167 5 6 10
167 5 6 137
167 5 6 175
167 5 6 40
167 5 7 3
167 5 7 84
167 5 7 189
167 5 7 104
167 5 7 6
167 5 7 139
167 5 7 187
167 5 7 42
167 5 7 10
167 5 7 88
167 5 7 183
167 5 7 174
167 5 7 5
167 5 7 113
167 5 7 184
167 5 7 36
167 5 7 7
167 5 7 92
167 5 7 180
167 5 7 125
167 5 8 4
167 5 8 154
167 5 8 188
167 5 8 15
167 5 8 6
167 5 8 93
167 5 8 190
167 5 8 44
167 5 8 8
167 5 8 128
167 5 8 191
167 5 8 174
167 5 8 2
167 5 8 89
167 5 8 172
167 5 8 87
167 5 8 5
167 5 8 114
167 5 8 174
167 5 8 42
167 5 9 10
167 5 9 152
167 5 9 176
167 5 9 140
167 5 9 2
167 5 9 141
167 5 9 169
167 5 9 132
167 5 9 1
167 5 9 87
167 5 9 187
167 5 9 124
167 5 9 6
167 5 9 105
167 5 9 169
167 5 9 68
167 5 9 2
167 5 9 99
167 5 9 180
167 5 9 25
167 5 10 5
167 5 10 83
167 5 10 174
167 5 10 188
167 5 10 9
167 5 10 129
167 5 10 186
167 5 10 100
167 5 10 9
167 5 10 117
167 5 10 176
167 5 10 169
167 5 10 4
167 5 10 131
167 5 10 189
167 5 10 124
167 5 10 5
167 5 10 119
167 5 10 190
167 5 10 37
167 5 11 1
167 5 11 162
167 5 11 172
167 5 11 80
167 5 11 8
167 5 11 119
167 5 11 192
167 5 11 186
167 5 11 10
167 5 11 105
167 5 11 168
167 5 11 143
167 5 11 10
167 5 11 102
167 5 11 171
167 5 11 97
167 5 11 5
167 5 11 89
167 5 11 178
167 5 11 50
167 5 12 8
167 5 12 148
167 5 12 168
167 5 12 38
167 5 12 1
167 5 12 119
167 5 12 184
167 5 12 71
167 5 12 10
167 5 12 130
167 5 12 169
167 5 12 185
167 5 12 9
167 5 12 142
167 5 12 192
167 5 12 107
167 5 12 6
167 5 12 91
167 5 12 170
167 5 12 142
167 5 13 10
167 5 13 141
167 5 13 169
167 5 13 123
167 5 13 3
167 5 13 115
167 5 13 191
167 5 13 107
167 5 13 5
167 5 13 87
167 5 13 191
167 5 13 170
167 5 13 4
167 5 13 132
167 5 13 189
167 5 13 11
167 5 13 7
167 5 13 105
167 5 13 185
167 5 13 183
167 5 14 9
167 5 14 113
167 5 14 178
167 5 14 173
167 5 14 3
167 5 14 113
167 5 14 170
167 5 14 12
167 5 14 2
167 5 14 114
167 5 14 190
167 5 14 111
167 5 14 8
167 5 14 153
167 5 14 172
167 5 14 92
167 5 14 4
167 5 14 149
167 5 14 187
167 5 14 34
167 6 1 7
167 6 1 133
167 6 1 174
167 6 1 186
167 6 1 5
167 6 1 130
167 6 1 171
167 6 1 131
167 6 1 2
167 6 1 151
167 6 1 186
167 6 1 116
167 6 1 6
167 6 1 156
167 6 1 170
167 6 1 100
167 6 1 1
167 6 1 103
167 6 1 181
167 6 1 66
167 6 2 7
167 6 2 98
167 6 2 172
167 6 2 158
167 6 2 9
167 6 2 167
167 6 2 180
167 6 2 132
167 6 2 5
167 6 2 159
167 6 2 182
167 6 2 88
167 6 2 3
167 6 2 119
167 6 2 173
167 6 2 184
167 6 2 2
167 6 2 124
167 6 2 192
167 6 2 28
167 6 3 10
167 6 3 100
167 6 3 185
167 6 3 72
167 6 3 6
167 6 3 83
167 6 3 169
167 6 3 190
167 6 3 3
167 6 3 148
167 6 3 178
167 6 3 20
167 6 3 6
167 6 3 129
167 6 3 170
167 6 3 79
167 6 3 1
167 6 3 153
167 6 3 183
167 6 3 118
167 6 4 6
167 6 4 113
167 6 4 187
167 6 4 54
167 6 4 8
167 6 4 87
167 6 4 172
167 6 4 139
167 6 4 8
167 6 4 165
167 6 4 188
167 6 4 143
167 6 4 9
167 6 4 159
167 6 4 184
167 6 4 119
167 6 4 8
167 6 4 83
167 6 4 175
167 6 4 192
167 6 5 1
167 6 5 132
167 6 5 170
167 6 5 1
167 6 5 10
167 6 5 92
167 6 5 173
167 6 5 97
167 6 5 2
167 6 5 106
167 6 5 179
167 6 5 156
167 6 5 8
167 6 5 118
167 6 5 182
167 6 5 18
167 6 5 7
167 6 5 118
167 6 5 176
167 6 5 129
167 6 6 2
167 6 6 128
167 6 6 186
167 6 6 189
167 6 6 3
167 6 6 133
167 6 6 184
167 6 6 60
167 6 6 9
167 6 6 113
167 6 6 169
167 6 6 73
167 6 6 2
167 6 6 163
167 6 6 181
167 6 6 185
167 6 6 1
167 6 6 127
167 6 6 172
167 6 6 162
167 6 7 2
167 6 7 121
167 6 7 183
167 6 7 2
167 6 7 9
167 6 7 111
167 6 7 170
167 6 7 125
167 6 7 3
167 6 7 155
167 6 7 185
167 6 7 85
167 6 7 10
167 6 7 87
167 6 7 176
167 6 7 85
167 6 7 9
167 6 7 89
167 6 7 175
167 6 7 4
167 6 8 2
167 6 8 111
167 6 8 187
167 6 8 186
167 6 8 4
167 6 8 114
167 6 8 189
167 6 8 104
167 6 8 2
167 6 8 108
167 6 8 172
167 6 8 147
167 6 8 7
167 6 8 83
167 6 8 188
167 6 8 132
167 6 8 4
167 6 8 156
167 6 8 186
167 6 8 7
167 6 9 5
167 6 9 154
167 6 9 184
167 6 9 103
167 6 9 5
167 6 9 102
167 6 9 191
167 6 9 171
167 6 9 5
167 6 9 146
167 6 9 189
167 6 9 68
167 6 9 4
167 6 9 124
167 6 9 189
167 6 9 98
167 6 9 6
167 6 9 147
167 6 9 186
167 6 9 56
167 6 10 1
167 6 10 117
167 6 10 185
167 6 10 160
167 6 10 9
167 6 10 86
167 6 10 185
167 6 10 128
167 6 10 4
167 6 10 116
167 6 10 178
167 6 10 115
167 6 10 4
167 6 10 162
167 6 10 184
167 6 10 7
167 6 10 3
167 6 10 141
167 6 10 169
167 6 10 72
167 6 11 5
167 6 11 165
167 6 11 184
167 6 11 93
167 6 11 8
167 6 11 99
167 6 11 178
167 6 11 54
167 6 11 1
167 6 11 99
167 6 11 189
167 6 11 54
167 6 11 10
167 6 11 116
167 6 11 186
167 6 11 133
167 6 11 10
167 6 11 119
167 6 11 180
167 6 11 74
167 6 12 10
167 6 12 103
167 6 12 184
167 6 12 130
167 6 12 5
167 6 12 139
167 6 12 172
167 6 12 74
167 6 12 9
167 6 12 107
167 6 12 182
167 6 12 140
167 6 12 2
167 6 12 132
167 6 12 182
167 6 12 183
167 6 12 9
167 6 12 163
167 6 12 181
167 6 12 48
167 6 13 6
167 6 13 111
167 6 13 189
167 6 13 80
167 6 13 5
167 6 13 96
167 6 13 170
167 6 13 119
167 6 13 4
167 6 13 89
167 6 13 180
167 6 13 133
167 6 13 5
167 6 13 143
167 6 13 190
167 6 13 67
167 6 13 3
167 6 13 160
167 6 13 191
167 6 13 103
167 6 14 5
167 6 14 111
167 6 14 191
167 6 14 46
167 6 14 10
167 6 14 128
167 6 14 191
167 6 14 148
167 6 14 1
167 6 14 158
167 6 14 188
167 6 14 41
167 6 14 9
167 6 14 112
167 6 14 175
167 6 14 164
167 6 14 4
167 6 14 165
167 6 14 192
167 6 14 33
167 7 1 6
167 7 1 139
167 7 1 172
167 7 1 57
167 7 1 8
167 7 1 124
167 7 1 183
167 7 1 177
167 7 1 8
167 7 1 158
167 7 1 174
167 7 1 189
167 7 1 6
167 7 1 142
167 7 1 184
167 7 1 180
167 7 1 3
167 7 1 142
167 7 1 170
167 7 1 154
167 7 2 8
167 7 2 141
167 7 2 173
167 7 2 93
167 7 2 5
167 7 2 112
167 7 2 179
167 7 2 70
167 7 2 10
167 7 2 141
167 7 2 183
167 7 2 74
167 7 2 6
167 7 2 145
167 7 2 176
167 7 2 79
167 7 2 4
167 7 2 109
167 7 2 183
167 7 2 67
167 7 3 5
167 7 3 99
167 7 3 190
167 7 3 20
167 7 3 4
167 7 3 120
167 7 3 189
167 7 3 45
167 7 3 10
167 7 3 88
167 7 3 183
167 7 3 57
167 7 3 10
167 7 3 131
167 7 3 183
167 7 3 64
167 7 3 3
167 7 3 94
167 7 3 174
167 7 3 42
167 7 4 7
167 7 4 130
167 7 4 190
167 7 4 93
167 7 4 2
167 7 4 139
167 7 4 169
167 7 4 136
167 7 4 3
167 7 4 133
167 7 4 185
167 7 4 11
167 7 4 9
167 7 4 148
167 7 4 187
167 7 4 58
167 7 4 9
167 7 4 166
167 7 4 180
167 7 4 27
167 7 5 3
167 7 5 142
167 7 5 180
167 7 5 118
167 7 5 5
167 7 5 117
167 7 5 189
167 7 5 38
167 7 5 3
167 7 5 103
167 7 5 170
167 7 5 47
167 7 5 2
167 7 5 153
167 7 5 179
167 7 5 58
167 7 5 10
167 7 5 160
167 7 5 180
167 7 5 154
167 7 6 2
167 7 6 118
167 7 6 186
167 7 6 138
167 7 6 3
167 7 6 130
167 7 6 191
167 7 6 158
167 7 6 3
167 7 6 151
167 7 6 169
167 7 6 162
167 7 6 10
167 7 6 122
167 7 6 172
167 7 6 28
167 7 6 6
167 7 6 87
167 7 6 187
167 7 6 62
167 7 7 1
167 7 7 159
167 7 7 175
167 7 7 106
167 7 7 1
167 7 7 143
167 7 7 178
167 7 7 102
167 7 7 6
167 7 7 114
167 7 7 171
167 7 7 18
167 7 7 6
167 7 7 85
167 7 7 171
167 7 7 61
167 7 7 9
167 7 7 85
167 7 7 167
167 7 7 92
167 7 8 8
167 7 8 98
167 7 8 179
167 7 8 156
167 7 8 7
167 7 8 150
167 7 8 187
167 7 8 6
167 7 8 3
167 7 8 146
167 7 8 185
167 7 8 135
167 7 8 4
167 7 8 150
167 7 8 170
167 7 8 156
167 7 8 8
167 7 8 124
167 7 8 173
167 7 8 45
167 7 9 3
167 7 9 120
167 7 9 176
167 7 9 164
167 7 9 7
167 7 9 143
167 7 9 185
167 7 9 120
167 7 9 4
167 7 9 154
167 7 9 187
167 7 9 183
167 7 9 4
167 7 9 147
167 7 9 169
167 7 9 175
167 7 9 2
167 7 9 156
167 7 9 172
167 7 9 101
167 7 10 9
167 7 10 153
167 7 10 184
167 7 10 42
167 7 10 2
167 7 10 140
167 7 10 179
167 7 10 127
167 7 10 2
167 7 10 98
167 7 10 180
167 7 10 69
167 7 10 9
167 7 10 148
167 7 10 186
167 7 10 155
167 7 10 10
167 7 10 153
167 7 10 183
167 7 10 144
167 7 11 1
167 7 11 113
167 7 11 180
167 7 11 90
167 7 11 4
167 7 11 106
167 7 11 173
167 7 11 109
167 7 11 9
167 7 11 158
167 7 11 170
167 7 11 192
167 7 11 1
167 7 11 162
167 7 11 191
167 7 11 88
167 7 11 1
167 7 11 97
167 7 11 187
167 7 11 179
167 7 12 2
167 7 12 117
167 7 12 179
167 7 12 186
167 7 12 7
167 7 12 156
167 7 12 176
167 7 12 29
167 7 12 1
167 7 12 92
167 7 12 181
167 7 12 113
167 7 12 6
167 7 12 162
167 7 12 168
167 7 12 174
167 7 12 2
167 7 12 87
167 7 12 184
167 7 12 147
167 7 13 2
167 7 13 162
167 7 13 190
167 7 13 32
167 7 13 1
167 7 13 84
167 7 13 171
167 7 13 189
167 7 13 1
167 7 13 98
167 7 13 176
167 7 13 62
167 7 13 2
167 7 13 156
167 7 13 169
167 7 13 125
167 7 13 1
167 7 13 113
167 7 13 182
167 7 13 171
167 7 14 3
167 7 14 152
167 7 14 187
167 7 14 40
167 7 14 9
167 7 14 151
167 7 14 192
167 7 14 174
167 7 14 7
167 7 14 133
167 7 14 168
167 7 14 43
167 7 14 7
167 7 14 158
167 7 14 180
167 7 14 87
167 7 14 1
167 7 14 83
167 7 14 191
167 7 14 175
167 8 1 7
167 8 1 153
167 8 1 180
167 8 1 45
167 8 1 5
167 8 1 115
167 8 1 171
167 8 1 65
167 8 1 2
167 8 1 117
167 8 1 189
167 8 1 91
167 8 1 5
167 8 1 115
167 8 1 176
167 8 1 131
167 8 1 4
167 8 1 132
167 8 1 177
167 8 1 63
167 8 2 10
167 8 2 87
167 8 2 179
167 8 2 171
167 8 2 4
167 8 2 124
167 8 2 184
167 8 2 20
167 8 2 10
167 8 2 163
167 8 2 175
167 8 2 25
167 8 2 7
167 8 2 150
167 8 2 183
167 8 2 103
167 8 2 6
167 8 2 115
167 8 2 191
167 8 2 51
167 8 3 4
167 8 3 120
167 8 3 186
167 8 3 130
167 8 3 5
167 8 3 132
167 8 3 169
167 8 3 79
167 8 3 5
167 8 3 145
167 8 3 182
167 8 3 30
167 8 3 8
167 8 3 156
167 8 3 167
167 8 3 58
167 8 3 3
167 8 3 129
167 8 3 173
167 8 3 94
167 8 4 7
167 8 4 131
167 8 4 189
167 8 4 159
167 8 4 9
167 8 4 118
167 8 4 169
167 8 4 92
167 8 4 1
167 8 4 93
167 8 4 170
167 8 4 144
167 8 4 2
167 8 4 127
167 8 4 192
167 8 4 121
167 8 4 8
167 8 4 155
167 8 4 168
167 8 4 132
167 8 5 7
167 8 5 121
167 8 5 174
167 8 5 52
167 8 5 10
167 8 5 166
167 8 5 168
167 8 5 34
167 8 5 5
167 8 5 127
167 8 5 178
167 8 5 108
167 8 5 7
167 8 5 163
167 8 5 167
167 8 5 95
167 8 5 3
167 8 5 113
167 8 5 184
167 8 5 135
167 8 6 7
167 8 6 152
167 8 6 192
167 8 6 80
167 8 6 2
167 8 6 152
167 8 6 173
167 8 6 2
167 8 6 6
167 8 6 144
167 8 6 170
167 8 6 130
167 8 6 2
167 8 6 97
167 8 6 168
167 8 6 31
167 8 6 2
167 8 6 94
167 8 6 187
167 8 6 52
167 8 7 3
167 8 7 89
167 8 7 190
167 8 7 13
167 8 7 1
167 8 7 98
167 8 7 185
167 8 7 151
167 8 7 4
167 8 7 87
167 8 7 187
167 8 7 13
167 8 7 8
167 8 7 97
167 8 7 169
167 8 7 7
167 8 7 3
167 8 7 101
167 8 7 186
167 8 7 189
167 8 8 1
167 8 8 163
167 8 8 177
167 8 8 135
167 8 8 8
167 8 8 162
167 8 8 190
167 8 8 1
167 8 8 8
167 8 8 131
167 8 8 169
167 8 8 55
167 8 8 3
167 8 8 118
167 8 8 182
167 8 8 66
167 8 8 3
167 8 8 98
167 8 8 192
167 8 8 52
167 8 9 9
167 8 9 160
167 8 9 176
167 8 9 158
167 8 9 1
167 8 9 148
167 8 9 191
167 8 9 102
167 8 9 9
167 8 9 148
167 8 9 173
167 8 9 186
167 8 9 9
167 8 9 141
167 8 9 184
167 8 9 4
167 8 9 9
167 8 9 103
167 8 9 192
167 8 9 4
167 8 10 8
167 8 10 84
167 8 10 184
167 8 10 180
167 8 10 8
167 8 10 162
167 8 10 176
167 8 10 73
167 8 10 5
167 8 10 116
167 8 10 170
167 8 10 147
167 8 10 4
167 8 10 125
167 8 10 185
167 8 10 58
167 8 10 1
167 8 10 148
167 8 10 187
167 8 10 180
167 8 11 5
167 8 11 138
167 8 11 169
167 8 11 186
167 8 11 4
167 8 11 111
167 8 11 171
167 8 11 45
167 8 11 5
167 8 11 167
167 8 11 176
167 8 11 75
167 8 11 7
167 8 11 145
167 8 11 185
167 8 11 84
167 8 11 7
167 8 11 108
167 8 11 169
167 8 11 39
167 8 12 3
167 8 12 138
167 8 12 172
167 8 12 181
167 8 12 10
167 8 12 144
167 8 12 183
167 8 12 74
167 8 12 6
167 8 12 134
167 8 12 177
167 8 12 176
167 8 12 9
167 8 12 141
167 8 12 168
167 8 12 59
167 8 12 10
167 8 12 164
167 8 12 177
167 8 12 9
167 8 13 8
167 8 13 161
167 8 13 172
167 8 13 6
167 8 13 1
167 8 13 113
167 8 13 187
167 8 13 53
167 8 13 3
167 8 13 89
167 8 13 188
167 8 13 99
167 8 13 4
167 8 13 123
167 8 13 189
167 8 13 18
167 8 13 8
167 8 13 86
167 8 13 192
167 8 13 163
167 8 14 3
167 8 14 115
167 8 14 191
167 8 14 67
167 8 14 8
167 8 14 91
167 8 14 183
167 8 14 53
167 8 14 4
167 8 14 143
167 8 14 174
167 8 14 60
167 8 14 8
167 8 14 115
167 8 14 188
167 8 14 130
167 8 14 7
167 8 14 120
167 8 14 185
167 8 14 74
167 9 1 3
167 9 1 157
167 9 1 183
167 9 1 7
167 9 1 10
167 9 1 136
167 9 1 174
167 9 1 128
167 9 1 9
167 9 1 136
167 9 1 187
167 9 1 190
167 9 1 9
167 9 1 103
167 9 1 169
167 9 1 106
167 9 1 9
167 9 1 85
167 9 1 192
167 9 1 23
167 9 2 8
167 9 2 160
167 9 2 175
167 9 2 129
167 9 2 8
167 9 2 103
167 9 2 173
167 9 2 115
167 9 2 5
167 9 2 138
167 9 2 180
167 9 2 60
167 9 2 6
167 9 2 124
167 9 2 183
167 9 2 115
167 9 2 6
167 9 2 104
167 9 2 171
167 9 2 130
167 9 3 5
167 9 3 107
167 9 3 180
167 9 3 109
167 9 3 7
167 9 3 148
167 9 3 173
167 9 3 162
167 9 3 10
167 9 3 124
167 9 3 177
167 9 3 18
167 9 3 6
167 9 3 128
167 9 3 173
167 9 3 22
167 9 3 9
167 9 3 140
167 9 3 181
167 9 3 14
167 9 4 4
167 9 4 107
167 9 4 180
167 9 4 82
167 9 4 9
167 9 4 145
167 9 4 178
167 9 4 97
167 9 4 9
167 9 4 167
167 9 4 178
167 9 4 40
167 9 4 10
167 9 4 163
167 9 4 171
167 9 4 132
167 9 4 8
167 9 4 122
167 9 4 170
167 9 4 51
167 9 5 8
167 9 5 98
167 9 5 179
167 9 5 51
167 9 5 6
167 9 5 149
167 9 5 189
167 9 5 154
167 9 5 6
167 9 5 128
167 9 5 191
167 9 5 32
167 9 5 10
167 9 5 137
167 9 5 180
167 9 5 29
167 9 5 10
167 9 5 138
167 9 5 172
167 9 5 111
167 9 6 1
167 9 6 160
167 9 6 183
167 9 6 57
167 9 6 3
167 9 6 84
167 9 6 187
167 9 6 176
167 9 6 6
167 9 6 130
167 9 6 190
167 9 6 13
167 9 6 2
167 9 6 147
167 9 6 169
167 9 6 89
167 9 6 10
167 9 6 85
167 9 6 178
167 9 6 119
167 9 7 6
167 9 7 149
167 9 7 172
167 9 7 61
167 9 7 4
167 9 7 150
167 9 7 172
167 9 7 159
167 9 7 7
167 9 7 139
167 9 7 186
167 9 7 151
167 9 7 5
167 9 7 96
167 9 7 183
167 9 7 32
167 9 7 7
167 9 7 95
167 9 7 176
167 9 7 85
167 9 8 5
167 9 8 83
167 9 8 178
167 9 8 56
167 9 8 1
167 9 8 97
167 9 8 192
167 9 8 77
167 9 8 2
167 9 8 134
167 9 8 181
167 9 8 125
167 9 8 4
167 9 8 123
167 9 8 167
167 9 8 147
167 9 8 9
167 9 8 152
167 9 8 167
167 9 8 19
167 9 9 9
167 9 9 88
167 9 9 169
167 9 9 174
167 9 9 2
167 9 9 83
167 9 9 174
167 9 9 63
167 9 9 1
167 9 9 122
167 9 9 168
167 9 9 74
167 9 9 7
167 9 9 140
167 9 9 178
167 9 9 150
167 9 9 6
167 9 9 134
167 9 9 178
167 9 9 137
167 9 10 2
167 9 10 93
167 9 10 180
167 9 10 21
167 9 10 5
167 9 10 121
167 9 10 173
167 9 10 89
167 9 10 6
167 9 10 119
167 9 10 176
167 9 10 153
167 9 10 3
167 9 10 114
167 9 10 177
167 9 10 189
167 9 10 4
167 9 10 112
167 9 10 183
167 9 10 121
167 9 11 3
167 9 11 85
167 9 11 176
167 9 11 42
167 9 11 2
167 9 11 127
167 9 11 177
167 9 11 156
167 9 11 7
167 9 11 130
167 9 11 176
167 9 11 125
167 9 11 5
167 9 11 96
167 9 11 171
167 9 11 161
167 9 11 7
167 9 11 121
167 9 11 190
167 9 11 49
167 9 12 9
167 9 12 112
167 9 12 176
167 9 12 115
167 9 12 8
167 9 12 153
167 9 12 167
167 9 12 61
167 9 12 6
167 9 12 136
167 9 12 167
167 9 12 51
167 9 12 3
167 9 12 86
167 9 12 169
167 9 12 54
167 9 12 3
167 9 12 124
167 9 12 176
167 9 12 41
167 9 13 2
167 9 13 143
167 9 13 176
167 9 13 137
167 9 13 3
167 9 13 112
167 9 13 182
167 9 13 92
167 9 13 6
167 9 13 90
167 9 13 173
167 9 13 62
167 9 13 4
167 9 13 100
167 9 13 175
167 9 13 172
167 9 13 5
167 9 13 153
167 9 13 184
167 9 13 27
167 9 14 2
167 9 14 162
167 9 14 190
167 9 14 37
167 9 14 3
167 9 14 109
167 9 14 184
167 9 14 88
167 9 14 3
167 9 14 120
167 9 14 187
167 9 14 166
167 9 14 2
167 9 14 152
167 9 14 171
167 9 14 95
167 9 14 1
167 9 14 105
167 9 14 184
167 9 14 168
167 10 1 9
167 10 1 102
167 10 1 177
167 10 1 10
167 10 1 3
167 10 1 114
167 10 1 184
167 10 1 30
167 10 1 1
167 10 1 167
167 10 1 186
167 10 1 57
167 10 1 1
167 10 1 144
167 10 1 188
167 10 1 128
167 10 1 9
167 10 1 114
167 10 1 169
167 10 1 179
167 10 2 8
167 10 2 87
167 10 2 179
167 10 2 11
167 10 2 3
167 10 2 128
167 10 2 170
167 10 2 133
167 10 2 2
167 10 2 141
167 10 2 171
167 10 2 84
167 10 2 7
167 10 2 149
167 10 2 177
167 10 2 161
167 10 2 7
167 10 2 118
167 10 2 190
167 10 2 105
167 10 3 10
167 10 3 97
167 10 3 172
167 10 3 27
167 10 3 8
167 10 3 99
167 10 3 175
167 10 3 151
167 10 3 2
167 10 3 117
167 10 3 167
167 10 3 10
167 10 3 2
167 10 3 97
167 10 3 183
167 10 3 185
167 10 3 10
167 10 3 89
167 10 3 188
167 10 3 29
167 10 4 7
167 10 4 156
167 10 4 169
167 10 4 161
167 10 4 5
167 10 4 129
167 10 4 169
167 10 4 48
167 10 4 5
167 10 4 152
167 10 4 185
167 10 4 85
167 10 4 10
167 10 4 151
167 10 4 177
167 10 4 129
167 10 4 2
167 10 4 153
167 10 4 189
167 10 4 60
167 10 5 4
167 10 5 153
167 10 5 177
167 10 5 109
167 10 5 8
167 10 5 93
167 10 5 174
167 10 5 175
167 10 5 6
167 10 5 102
167 10 5 180
167 10 5 104
167 10 5 4
167 10 5 104
167 10 5 183
167 10 5 79
167 10 5 10
167 10 5 127
167 10 5 189
167 10 5 125
167 10 6 4
167 10 6 110
167 10 6 187
167 10 6 83
167 10 6 8
167 10 6 140
167 10 6 175
167 10 6 30
167 10 6 9
167 10 6 88
167 10 6 185
167 10 6 137
167 10 6 10
167 10 6 110
167 10 6 182
167 10 6 130
167 10 6 3
167 10 6 132
167 10 6 185
167 10 6 122
167 10 7 8
167 10 7 127
167 10 7 184
167 10 7 160
167 10 7 10
167 10 7 142
167 10 7 183
167 10 7 74
167 10 7 7
167 10 7 110
167 10 7 173
167 10 7 137
167 10 7 3
167 10 7 113
167 10 7 176
167 10 7 99
167 10 7 3
167 10 7 133
167 10 7 189
167 10 7 60
167 10 8 1
167 10 8 83
167 10 8 180
167 10 8 58
167 10 8 1
167 10 8 113
167 10 8 178
167 10 8 98
167 10 8 7
167 10 8 148
167 10 8 178
167 10 8 183
167 10 8 10
167 10 8 121
167 10 8 191
167 10 8 13
167 10 8 5
167 10 8 167
167 10 8 170
167 10 8 37
167 10 9 9
167 10 9 132
167 10 9 167
167 10 9 175
167 10 9 4
167 10 9 90
167 10 9 175
167 10 9 115
167 10 9 3
167 10 9 133
167 10 9 172
167 10 9 93
167 10 9 2
167 10 9 135
167 10 9 179
167 10 9 145
167 10 9 1
167 10 9 89
167 10 9 181
167 10 9 152
167 10 10 8
167 10 10 102
167 10 10 173
167 10 10 172
167 10 10 8
167 10 10 106
167 10 10 181
167 10 10 6
167 10 10 1
167 10 10 93
167 10 10 170
167 10 10 136
167 10 10 3
167 10 10 104
167 10 10 186
167 10 10 191
167 10 10 7
167 10 10 167
167 10 10 174
167 10 10 133
167 10 11 5
167 10 11 130
167 10 11 176
167 10 11 65
167 10 11 8
167 10 11 106
167 10 11 180
167 10 11 75
167 10 11 5
167 10 11 94
167 10 11 179
167 10 11 13
167 10 11 4
167 10 11 157
167 10 11 188
167 10 11 16
167 10 11 2
167 10 11 140
167 10 11 176
167 10 11 46
167 10 12 7
167 10 12 90
167 10 12 185
167 10 12 85
167 10 12 6
167 10 12 95
167 10 12 181
167 10 12 130
167 10 12 2
167 10 12 125
167 10 12 185
167 10 12 105
167 10 12 4
167 10 12 85
167 10 12 168
167 10 12 8
167 10 12 5
167 10 12 128
167 10 12 178
167 10 12 160
167 10 13 5
167 10 13 116
167 10 13 175
167 10 13 162
167 10 13 10
167 10 13 110
167 10 13 176
167 10 13 68
167 10 13 1
167 10 13 87
167 10 13 170
167 10 13 29
167 10 13 7
167 10 13 91
167 10 13 184
167 10 13 60
167 10 13 8
167 10 13 86
167 10 13 185
167 10 13 156
167 10 14 9
167 10 14 91
167 10 14 186
167 10 14 181
167 10 14 6
167 10 14 140
167 10 14 168
167 10 14 4
167 10 14 1
167 10 14 142
167 10 14 174
167 10 14 40
167 10 14 9
167 10 14 87
167 10 14 187
167 10 14 187
167 10 14 6
167 10 14 115
167 10 14 183
167 10 14 147
167 11 1 4
167 11 1 105
167 11 1 167
167 11 1 88
167 11 1 8
167 11 1 113
167 11 1 172
167 11 1 81
167 11 1 6
167 11 1 130
167 11 1 170
167 11 1 159
167 11 1 8
167 11 1 89
167 11 1 169
167 11 1 177
167 11 1 2
167 11 1 125
167 11 1 190
167 11 1 9
167 11 2 5
167 11 2 95
167 11 2 188
167 11 2 26
167 11 2 9
167 11 2 149
167 11 2 169
167 11 2 192
167 11 2 6
167 11 2 149
167 11 2 186
167 11 2 15
167 11 2 3
167 11 2 85
167 11 2 189
167 11 2 122
167 11 2 4
167 11 2 103
167 11 2 189
167 11 2 116
167 11 3 6
167 11 3 109
167 11 3 172
167 11 3 108
167 11 3 9
167 11 3 109
167 11 3 183
167 11 3 101
167 11 3 10
167 11 3 95
167 11 3 185
167 11 3 1
167 11 3 5
167 11 3 150
167 11 3 175
167 11 3 113
167 11 3 7
167 11 3 88
167 11 3 191
167 11 3 3
167 11 4 3
167 11 4 118
167 11 4 188
167 11 4 118
167 11 4 5
167 11 4 118
167 11 4 174
167 11 4 70
167 11 4 4
167 11 4 97
167 11 4 169
167 11 4 159
167 11 4 3
167 11 4 92
167 11 4 185
167 11 4 173
167 11 4 4
167 11 4 117
167 11 4 185
167 11 4 156
167 11 5 10
167 11 5 145
167 11 5 186
167 11 5 189
167 11 5 2
167 11 5 106
167 11 5 174
167 11 5 154
167 11 5 7
167 11 5 110
167 11 5 185
167 11 5 157
167 11 5 4
167 11 5 143
167 11 5 179
167 11 5 19
167 11 5 9
167 11 5 121
167 11 5 177
167 11 5 47
167 11 6 6
167 11 6 115
167 11 6 190
167 11 6 182
167 11 6 1
167 11 6 158
167 11 6 175
167 11 6 61
167 11 6 7
167 11 6 103
167 11 6 173
167 11 6 46
167 11 6 2
167 11 6 88
167 11 6 185
167 11 6 47
167 11 6 8
167 11 6 129
167 11 6 182
167 11 6 112
167 11 7 5
167 11 7 164
167 11 7 176
167 11 7 118
167 11 7 3
167 11 7 86
167 11 7 183
167 11 7 94
167 11 7 9
167 11 7 149
167 11 7 169
167 11 7 45
167 11 7 5
167 11 7 140
167 11 7 179
167 11 7 118
167 11 7 8
167 11 7 99
167 11 7 170
167 11 7 64
167 11 8 8
167 11 8 137
167 11 8 184
167 11 8 42
167 11 8 1
167 11 8 142
167 11 8 185
167 11 8 161
167 11 8 3
167 11 8 109
167 11 8 170
167 11 8 184
167 11 8 4
167 11 8 98
167 11 8 192
167 11 8 92
167 11 8 5
167 11 8 143
167 11 8 171
167 11 8 118
167 11 9 4
167 11 9 114
167 11 9 178
167 11 9 64
167 11 9 5
167 11 9 161
167 11 9 170
167 11 9 93
167 11 9 7
167 11 9 106
167 11 9 191
167 11 9 68
167 11 9 9
167 11 9 150
167 11 9 192
167 11 9 63
167 11 9 4
167 11 9 163
167 11 9 192
167 11 9 67
167 11 10 9
167 11 10 139
167 11 10 172
167 11 10 44
167 11 10 3
167 11 10 162
167 11 10 187
167 11 10 172
167 11 10 5
167 11 10 161
167 11 10 180
167 11 10 107
167 11 10 6
167 11 10 109
167 11 10 168
167 11 10 187
167 11 10 7
167 11 10 128
167 11 10 168
167 11 10 156
167 11 11 10
167 11 11 117
167 11 11 169
167 11 11 25
167 11 11 8
167 11 11 94
167 11 11 187
167 11 11 63
167 11 11 3
167 11 11 109
167 11 11 187
167 11 11 144
167 11 11 2
167 11 11 101
167 11 11 178
167 11 11 78
167 11 11 10
167 11 11 165
167 11 11 185
167 11 11 55
167 11 12 10
167 11 12 143
167 11 12 182
167 11 12 13
167 11 12 3
167 11 12 119
167 11 12 173
167 11 12 58
167 11 12 1
167 11 12 157
167 11 12 170
167 11 12 180
167 11 12 3
167 11 12 158
167 11 12 191
167 11 12 151
167 11 12 2
167 11 12 127
167 11 12 168
167 11 12 163
167 11 13 10
167 11 13 114
167 11 13 168
167 11 13 94
167 11 13 10
167 11 13 88
167 11 13 175
167 11 13 177
167 11 13 7
167 11 13 154
167 11 13 170
167 11 13 16
167 11 13 10
167 11 13 129
167 11 13 181
167 11 13 91
167 11 13 5
167 11 13 92
167 11 13 181
167 11 13 35
167 11 14 7
167 11 14 150
167 11 14 167
167 11 14 135
167 11 14 7
167 11 14 154
167 11 14 168
167 11 14 147
167 11 14 6
167 11 14 148
167 11 14 191
167 11 14 144
167 11 14 1
167 11 14 163
167 11 14 183
167 11 14 173
167 11 14 5
167 11 14 167
167 11 14 181
167 11 14 169
167 12 1 4
167 12 1 109
167 12 1 188
167 12 1 70
167 12 1 9
167 12 1 139
167 12 1 173
167 12 1 155
167 12 1 4
167 12 1 112
167 12 1 179
167 12 1 59
167 12 1 6
167 12 1 89
167 12 1 169
167 12 1 64
167 12 1 1
167 12 1 146
167 12 1 181
167 12 1 143
167 12 2 7
167 12 2 149
167 12 2 191
167 12 2 112
167 12 2 4
167 12 2 83
167 12 2 183
167 12 2 13
167 12 2 9
167 12 2 131
167 12 2 169
167 12 2 103
167 12 2 2
167 12 2 124
167 12 2 181
167 12 2 82
167 12 2 1
167 12 2 149
167 12 2 171
167 12 2 155
167 12 3 10
167 12 3 105
167 12 3 181
167 12 3 100
167 12 3 2
167 12 3 136
167 12 3 184
167 12 3 103
167 12 3 6
167 12 3 124
167 12 3 167
167 12 3 111
167 12 3 1
167 12 3 123
167 12 3 179
167 12 3 93
167 12 3 10
167 12 3 148
167 12 3 183
167 12 3 65
167 12 4 5
167 12 4 120
167 12 4 174
167 12 4 183
167 12 4 5
167 12 4 121
167 12 4 187
167 12 4 28
167 12 4 4
167 12 4 102
167 12 4 179
167 12 4 114
167 12 4 5
167 12 4 156
167 12 4 171
167 12 4 141
167 12 4 2
167 12 4 123
167 12 4 187
167 12 4 153
167 12 5 7
167 12 5 165
167 12 5 177
167 12 5 33
167 12 5 8
167 12 5 85
167 12 5 184
167 12 5 41
167 12 5 2
167 12 5 95
167 12 5 176
167 12 5 134
167 12 5 6
167 12 5 104
167 12 5 188
167 12 5 17
167 12 5 1
167 12 5 116
167 12 5 175
167 12 5 51
167 12 6 8
167 12 6 112
167 12 6 170
167 12 6 62
167 12 6 9
167 12 6 112
167 12 6 189
167 12 6 48
167 12 6 1
167 12 6 121
167 12 6 188
167 12 6 178
167 12 6 6
167 12 6 140
167 12 6 182
167 12 6 185
167 12 6 8
167 12 6 111
167 12 6 179
167 12 6 182
167 12 7 9
167 12 7 89
167 12 7 189
167 12 7 124
167 12 7 2
167 12 7 150
167 12 7 175
167 12 7 87
167 12 7 4
167 12 7 137
167 12 7 188
167 12 7 31
167 12 7 4
167 12 7 149
167 12 7 170
167 12 7 116
167 12 7 6
167 12 7 127
167 12 7 175
167 12 7 44
167 12 8 9
167 12 8 124
167 12 8 174
167 12 8 134
167 12 8 9
167 12 8 132
167 12 8 192
167 12 8 185
167 12 8 3
167 12 8 166
167 12 8 191
167 12 8 138
167 12 8 5
167 12 8 137
167 12 8 173
167 12 8 183
167 12 8 6
167 12 8 148
167 12 8 171
167 12 8 109
167 12 9 5
167 12 9 137
167 12 9 170
167 12 9 106
167 12 9 2
167 12 9 147
167 12 9 171
167 12 9 166
167 12 9 8
167 12 9 114
167 12 9 173
167 12 9 26
167 12 9 8
167 12 9 97
167 12 9 175
167 12 9 180
167 12 9 2
167 12 9 114
167 12 9 169
167 12 9 59
167 12 10 8
167 12 10 158
167 12 10 191
167 12 10 106
167 12 10 9
167 12 10 130
167 12 10 185
167 12 10 188
167 12 10 1
167 12 10 132
167 12 10 184
167 12 10 25
167 12 10 10
167 12 10 86
167 12 10 168
167 12 10 123
167 12 10 8
167 12 10 104
167 12 10 171
167 12 10 130
167 12 11 7
167 12 11 149
167 12 11 177
167 12 11 159
167 12 11 6
167 12 11 154
167 12 11 177
167 12 11 58
167 12 11 9
167 12 11 148
167 12 11 167
167 12 11 159
167 12 11 2
167 12 11 167
167 12 11 183
167 12 11 83
167 12 11 1
167 12 11 125
167 12 11 190
167 12 11 24
167 12 12 3
167 12 12 106
167 12 12 176
167 12 12 161
167 12 12 3
167 12 12 103
167 12 12 172
167 12 12 45
167 12 12 8
167 12 12 155
167 12 12 173
167 12 12 76
167 12 12 7
167 12 12 98
167 12 12 191
167 12 12 185
167 12 12 6
167 12 12 140
167 12 12 178
167 12 12 49
167 12 13 10
167 12 13 153
167 12 13 168
167 12 13 106
167 12 13 9
167 12 13 147
167 12 13 183
167 12 13 18
167 12 13 1
167 12 13 107
167 12 13 172
167 12 13 79
167 12 13 10
167 12 13 93
167 12 13 172
167 12 13 102
167 12 13 2
167 12 13 162
167 12 13 192
167 12 13 119
167 12 14 8
167 12 14 135
167 12 14 191
167 12 14 139
167 12 14 4
167 12 14 145
167 12 14 189
167 12 14 3
167 12 14 1
167 12 14 99
167 12 14 169
167 12 14 118
167 12 14 3
167 12 14 114
167 12 14 174
167 12 14 17
167 12 14 2
167 12 14 95
167 12 14 179
167 12 14 41
167 13 1 3
167 13 1 116
167 13 1 186
167 13 1 56
167 13 1 7
167 13 1 120
167 13 1 181
167 13 1 86
167 13 1 5
167 13 1 145
167 13 1 190
167 13 1 78
167 13 1 10
167 13 1 165
167 13 1 192
167 13 1 183
167 13 1 4
167 13 1 150
167 13 1 173
167 13 1 79
167 13 2 2
167 13 2 134
167 13 2 187
167 13 2 75
167 13 2 4
167 13 2 160
167 13 2 171
167 13 2 164
167 13 2 5
167 13 2 159
167 13 2 178
167 13 2 25
167 13 2 10
167 13 2 154
167 13 2 178
167 13 2 59
167 13 2 4
167 13 2 96
167 13 2 170
167 13 2 148
167 13 3 1
167 13 3 114
167 13 3 191
167 13 3 39
167 13 3 5
167 13 3 84
167 13 3 170
167 13 3 188
167 13 3 6
167 13 3 110
167 13 3 179
167 13 3 75
167 13 3 4
167 13 3 158
167 13 3 190
167 13 3 174
167 13 3 7
167 13 3 135
167 13 3 169
167 13 3 162
167 13 4 2
167 13 4 142
167 13 4 191
167 13 4 10
167 13 4 4
167 13 4 83
167 13 4 173
167 13 4 112
167 13 4 9
167 13 4 150
167 13 4 173
167 13 4 96
167 13 4 5
167 13 4 150
167 13 4 171
167 13 4 6
167 13 4 3
167 13 4 141
167 13 4 192
167 13 4 117
167 13 5 6
167 13 5 139
167 13 5 180
167 13 5 107
167 13 5 1
167 13 5 89
167 13 5 181
167 13 5 71
167 13 5 5
167 13 5 112
167 13 5 167
167 13 5 153
167 13 5 4
167 13 5 106
167 13 5 184
167 13 5 165
167 13 5 7
167 13 5 100
167 13 5 168
167 13 5 58
167 13 6 8
167 13 6 96
167 13 6 176
167 13 6 50
167 13 6 6
167 13 6 100
167 13 6 170
167 13 6 156
167 13 6 1
167 13 6 107
167 13 6 169
167 13 6 42
167 13 6 6
167 13 6 141
167 13 6 173
167 13 6 190
167 13 6 1
167 13 6 118
167 13 6 168
167 13 6 144
167 13 7 9
167 13 7 132
167 13 7 186
167 13 7 178
167 13 7 10
167 13 7 106
167 13 7 186
167 13 7 158
167 13 7 5
167 13 7 85
167 13 7 172
167 13 7 138
167 13 7 2
167 13 7 136
167 13 7 186
167 13 7 89
167 13 7 4
167 13 7 150
167 13 7 185
167 13 7 50
167 13 8 10
167 13 8 157
167 13 8 186
167 13 8 169
167 13 8 8
167 13 8 161
167 13 8 181
167 13 8 93
167 13 8 3
167 13 8 167
167 13 8 172
167 13 8 110
167 13 8 1
167 13 8 93
167 13 8 182
167 13 8 149
167 13 8 9
167 13 8 90
167 13 8 191
167 13 8 21
167 13 9 3
167 13 9 118
167 13 9 181
167 13 9 186
167 13 9 10
167 13 9 124
167 13 9 191
167 13 9 12
167 13 9 1
167 13 9 154
167 13 9 178
167 13 9 67
167 13 9 10
167 13 9 138
167 13 9 181
167 13 9 59
167 13 9 6
167 13 9 101
167 13 9 182
167 13 9 152
167 13 10 9
167 13 10 92
167 13 10 184
167 13 10 8
167 13 10 10
167 13 10 149
167 13 10 178
167 13 10 17
167 13 10 8
167 13 10 112
167 13 10 183
167 13 10 26
167 13 10 5
167 13 10 167
167 13 10 192
167 13 10 95
167 13 10 5
167 13 10 118
167 13 10 180
167 13 10 77
167 13 11 6
167 13 11 122
167 13 11 191
167 13 11 112
167 13 11 10
167 13 11 113
167 13 11 184
167 13 11 168
167 13 11 4
167 13 11 105
167 13 11 183
167 13 11 173
167 13 11 2
167 13 11 99
167 13 11 186
167 13 11 173
167 13 11 6
167 13 11 131
167 13 11 173
167 13 11 18
167 13 12 4
167 13 12 131
167 13 12 171
167 13 12 65
167 13 12 5
167 13 12 121
167 13 12 192
167 13 12 78
167 13 12 6
167 13 12 162
167 13 12 187
167 13 12 98
167 13 12 5
167 13 12 128
167 13 12 170
167 13 12 138
167 13 12 3
167 13 12 136
167 13 12 177
167 13 12 36
167 13 13 9
167 13 13 111
167 13 13 173
167 13 13 18
167 13 13 5
167 13 13 136
167 13 13 175
167 13 13 155
167 13 13 10
167 13 13 164
167 13 13 191
167 13 13 179
167 13 13 2
167 13 13 95
167 13 13 179
167 13 13 86
167 13 13 3
167 13 13 96
167 13 13 185
167 13 13 178
167 13 14 7
167 13 14 133
167 13 14 171
167 13 14 169
167 13 14 7
167 13 14 164
167 13 14 179
167 13 14 12
167 13 14 8
167 13 14 159
167 13 14 186
167 13 14 168
167 13 14 1
167 13 14 117
167 13 14 190
167 13 14 33
167 13 14 4
167 13 14 123
167 13 14 187
167 13 14 160
167 14 1 4
167 14 1 167
167 14 1 172
167 14 1 11
167 14 1 4
167 14 1 166
167 14 1 170
167 14 1 56
167 14 1 2
167 14 1 89
167 14 1 168
167 14 1 56
167 14 1 1
167 14 1 141
167 14 1 174
167 14 1 49
167 14 1 1
167 14 1 95
167 14 1 188
167 14 1 76
167 14 2 2
167 14 2 112
167 14 2 171
167 14 2 65
167 14 2 3
167 14 2 130
167 14 2 176
167 14 2 114
167 14 2 3
167 14 2 104
167 14 2 187
167 14 2 14
167 14 2 9
167 14 2 152
167 14 2 180
167 14 2 50
167 14 2 4
167 14 2 109
167 14 2 183
167 14 2 184
167 14 3 1
167 14 3 102
167 14 3 184
167 14 3 151
167 14 3 7
167 14 3 122
167 14 3 186
167 14 3 28
167 14 3 1
167 14 3 167
167 14 3 170
167 14 3 94
167 14 3 9
167 14 3 111
167 14 3 183
167 14 3 62
167 14 3 7
167 14 3 83
167 14 3 183
167 14 3 89
167 14 4 10
167 14 4 84
167 14 4 183
167 14 4 50
167 14 4 5
167 14 4 87
167 14 4 176
167 14 4 146
167 14 4 8
167 14 4 137
167 14 4 192
167 14 4 87
167 14 4 8
167 14 4 91
167 14 4 187
167 14 4 75
167 14 4 5
167 14 4 138
167 14 4 192
167 14 4 164
167 14 5 1
167 14 5 116
167 14 5 176
167 14 5 164
167 14 5 8
167 14 5 144
167 14 5 176
167 14 5 138
167 14 5 4
167 14 5 113
167 14 5 192
167 14 5 55
167 14 5 4
167 14 5 163
167 14 5 182
167 14 5 164
167 14 5 10
167 14 5 103
167 14 5 174
167 14 5 37
167 14 6 3
167 14 6 114
167 14 6 171
167 14 6 120
167 14 6 2
167 14 6 155
167 14 6 185
167 14 6 173
167 14 6 10
167 14 6 156
167 14 6 188
167 14 6 174
167 14 6 8
167 14 6 136
167 14 6 192
167 14 6 4
167 14 6 3
167 14 6 150
167 14 6 173
167 14 6 123
167 14 7 6
167 14 7 148
167 14 7 171
167 14 7 65
167 14 7 5
167 14 7 114
167 14 7 176
167 14 7 188
167 14 7 8
167 14 7 119
167 14 7 191
167 14 7 71
167 14 7 3
167 14 7 155
167 14 7 171
167 14 7 63
167 14 7 8
167 14 7 103
167 14 7 181
167 14 7 104
167 14 8 1
167 14 8 142
167 14 8 185
167 14 8 178
167 14 8 9
167 14 8 99
167 14 8 175
167 14 8 121
167 14 8 7
167 14 8 167
167 14 8 179
167 14 8 49
167 14 8 10
167 14 8 89
167 14 8 170
167 14 8 15
167 14 8 9
167 14 8 132
167 14 8 186
167 14 8 85
167 14 9 3
167 14 9 124
167 14 9 181
167 14 9 37
167 14 9 3
167 14 9 111
167 14 9 173
167 14 9 163
167 14 9 7
167 14 9 126
167 14 9 172
167 14 9 179
167 14 9 5
167 14 9 111
167 14 9 189
167 14 9 8
167 14 9 2
167 14 9 130
167 14 9 171
167 14 9 112
167 14 10 4
167 14 10 126
167 14 10 173
167 14 10 161
167 14 10 9
167 14 10 98
167 14 10 188
167 14 10 31
167 14 10 7
167 14 10 95
167 14 10 171
167 14 10 55
167 14 10 4
167 14 10 89
167 14 10 171
167 14 10 76
167 14 10 10
167 14 10 154
167 14 10 169
167 14 10 21
167 14 11 2
167 14 11 107
167 14 11 189
167 14 11 160
167 14 11 1
167 14 11 94
167 14 11 179
167 14 11 137
167 14 11 1
167 14 11 84
167 14 11 170
167 14 11 188
167 14 11 10
167 14 11 138
167 14 11 179
167 14 11 160
167 14 11 8
167 14 11 156
167 14 11 169
167 14 11 105
167 14 12 6
167 14 12 157
167 14 12 174
167 14 12 148
167 14 12 4
167 14 12 84
167 14 12 185
167 14 12 189
167 14 12 5
167 14 12 110
167 14 12 191
167 14 12 83
167 14 12 6
167 14 12 165
167 14 12 173
167 14 12 34
167 14 12 2
167 14 12 162
167 14 12 188
167 14 12 154
167 14 13 9
167 14 13 154
167 14 13 175
167 14 13 106
167 14 13 10
167 14 13 91
167 14 13 185
167 14 13 71
167 14 13 9
167 14 13 164
167 14 13 176
167 14 13 104
167 14 13 8
167 14 13 142
167 14 13 176
167 14 13 15
167 14 13 8
167 14 13 131
167 14 13 177
167 14 13 32
167 14 14 3
167 14 14 150
167 14 14 178
167 14 14 17
167 14 14 1
167 14 14 128
167 14 14 169
167 14 14 124
167 14 14 6
167 14 14 102
167 14 14 190
167 14 14 104
167 14 14 1
167 14 14 165
167 14 14 190
167 14 14 29
167 14 14 5
167 14 14 100
167 14 14 174
167 14 14 89
173 1 1 5
173 1 1 153
173 1 1 182
173 1 1 197
173 1 1 9
173 1 1 157
173 1 1 195
173 1 1 76
173 1 1 6
173 1 1 173
173 1 1 174
173 1 1 94
173 1 1 6
173 1 1 104
173 1 1 176
173 1 1 75
173 1 1 3
173 1 1 93
173 1 1 176
173 1 1 33
173 1 2 5
173 1 2 146
173 1 2 188
173 1 2 48
173 1 2 10
173 1 2 90
173 1 2 185
173 1 2 114
173 1 2 5
173 1 2 97
173 1 2 178
173 1 2 124
173 1 2 8
173 1 2 126
173 1 2 178
173 1 2 145
173 1 2 7
173 1 2 138
173 1 2 173
173 1 2 197
173 1 3 2
173 1 3 171
173 1 3 188
173 1 3 148
173 1 3 1
173 1 3 173
173 1 3 191
173 1 3 124
173 1 3 3
173 1 3 161
173 1 3 184
173 1 3 59
173 1 3 10
173 1 3 168
173 1 3 189
173 1 3 66
173 1 3 3
173 1 3 102
173 1 3 191
173 1 3 114
173 1 4 4
173 1 4 106
173 1 4 176
173 1 4 183
173 1 4 9
173 1 4 152
173 1 4 181
173 1 4 116
173 1 4 5
173 1 4 160
173 1 4 196
173 1 4 53
173 1 4 9
173 1 4 163
173 1 4 185
173 1 4 155
173 1 4 5
173 1 4 135
173 1 4 177
173 1 4 18
173 1 5 7
173 1 5 161
173 1 5 191
173 1 5 128
173 1 5 3
173 1 5 117
173 1 5 174
173 1 5 185
173 1 5 8
173 1 5 163
173 1 5 174
173 1 5 127
173 1 5 3
173 1 5 107
173 1 5 176
173 1 5 36
173 1 5 6
173 1 5 150
173 1 5 192
173 1 5 20
173 1 6 9
173 1 6 133
173 1 6 199
173 1 6 47
173 1 6 1
173 1 6 167
173 1 6 179
173 1 6 130
173 1 6 6
173 1 6 132
173 1 6 176
173 1 6 13
173 1 6 7
173 1 6 94
173 1 6 197
173 1 6 130
173 1 6 9
173 1 6 119
173 1 6 176
173 1 6 9
173 1 7 6
173 1 7 156
173 1 7 187
173 1 7 125
173 1 7 1
173 1 7 132
173 1 7 186
173 1 7 167
173 1 7 6
173 1 7 134
173 1 7 198
173 1 7 108
173 1 7 2
173 1 7 132
173 1 7 195
173 1 7 179
173 1 7 3
173 1 7 122
173 1 7 191
173 1 7 46
173 1 8 3
173 1 8 173
173 1 8 191
173 1 8 154
173 1 8 3
173 1 8 149
173 1 8 178
173 1 8 139
173 1 8 9
173 1 8 171
173 1 8 194
173 1 8 186
173 1 8 8
173 1 8 124
173 1 8 197
173 1 8 14
173 1 8 2
173 1 8 121
173 1 8 198
173 1 8 164
173 1 9 7
173 1 9 103
173 1 9 175
173 1 9 28
173 1 9 7
173 1 9 109
173 1 9 190
173 1 9 127
173 1 9 1
173 1 9 92
173 1 9 178
173 1 9 97
173 1 9 10
173 1 9 156
173 1 9 175
173 1 9 140
173 1 9 1
173 1 9 168
173 1 9 173
173 1 9 189
173 1 10 10
173 1 10 105
173 1 10 191
173 1 10 51
173 1 10 5
173 1 10 171
173 1 10 192
173 1 10 32
173 1 10 3
173 1 10 173
173 1 10 193
173 1 10 83
173 1 10 9
173 1 10 170
173 1 10 187
173 1 10 79
173 1 10 6
173 1 10 158
173 1 10 199
173 1 10 140
173 1 11 9
173 1 11 134
173 1 11 199
173 1 11 179
173 1 11 3
173 1 11 141
173 1 11 190
173 1 11 163
173 1 11 10
173 1 11 111
173 1 11 184
173 1 11 154
173 1 11 1
173 1 11 171
173 1 11 187
173 1 11 172
173 1 11 6
173 1 11 99
173 1 11 176
173 1 11 16
173 1 12 8
173 1 12 165
173 1 12 187
173 1 12 50
173 1 12 5
173 1 12 104
173 1 12 186
173 1 12 107
173 1 12 8
173 1 12 102
173 1 12 196
173 1 12 17
173 1 12 1
173 1 12 120
173 1 12 180
173 1 12 120
173 1 12 5
173 1 12 156
173 1 12 187
173 1 12 164
173 1 13 4
173 1 13 97
173 1 13 187
173 1 13 111
173 1 13 3
173 1 13 127
173 1 13 189
173 1 13 122
173 1 13 9
173 1 13 139
173 1 13 192
173 1 13 179
173 1 13 4
173 1 13 173
173 1 13 186
173 1 13 95
173 1 13 4
173 1 13 133
173 1 13 198
173 1 13 29
173 1 14 10
173 1 14 140
173 1 14 173
173 1 14 188
173 1 14 9
173 1 14 97
173 1 14 175
173 1 14 14
173 1 14 6
173 1 14 109
173 1 14 174
173 1 14 35
173 1 14 1
173 1 14 122
173 1 14 193
173 1 14 112
173 1 14 8
173 1 14 107
173 1 14 176
173 1 14 152
173 2 1 1
173 2 1 105
173 2 1 181
173 2 1 113
173 2 1 3
173 2 1 91
173 2 1 186
173 2 1 50
173 2 1 6
173 2 1 173
173 2 1 174
173 2 1 176
173 2 1 8
173 2 1 125
173 2 1 197
173 2 1 85
173 2 1 5
173 2 1 168
173 2 1 189
173 2 1 145
173 2 2 8
173 2 2 142
173 2 2 178
173 2 2 98
173 2 2 3
173 2 2 165
173 2 2 196
173 2 2 75
173 2 2 10
173 2 2 155
173 2 2 184
173 2 2 68
173 2 2 5
173 2 2 142
173 2 2 187
173 2 2 39
173 2 2 8
173 2 2 124
173 2 2 192
173 2 2 82
173 2 3 2
173 2 3 141
173 2 3 182
173 2 3 61
173 2 3 1
173 2 3 140
173 2 3 187
173 2 3 177
173 2 3 10
173 2 3 155
173 2 3 197
173 2 3 146
173 2 3 8
173 2 3 133
173 2 3 196
173 2 3 28
173 2 3 9
173 2 3 90
173 2 3 176
173 2 3 61
173 2 4 6
173 2 4 131
173 2 4 196
173 2 4 179
173 2 4 3
173 2 4 105
173 2 4 185
173 2 4 64
173 2 4 9
173 2 4 143
173 2 4 187
173 2 4 54
173 2 4 10
173 2 4 167
173 2 4 183
173 2 4 128
173 2 4 6
173 2 4 89
173 2 4 198
173 2 4 175
173 2 5 3
173 2 5 131
173 2 5 185
173 2 5 175
173 2 5 10
173 2 5 158
173 2 5 188
173 2 5 188
173 2 5 7
173 2 5 98
173 2 5 178
173 2 5 8
173 2 5 6
173 2 5 126
173 2 5 188
173 2 5 93
173 2 5 4
173 2 5 139
173 2 5 193
173 2 5 102
173 2 6 10
173 2 6 109
173 2 6 179
173 2 6 73
173 2 6 8
173 2 6 107
173 2 6 174
173 2 6 191
173 2 6 4
173 2 6 161
173 2 6 175
173 2 6 178
173 2 6 8
173 2 6 165
173 2 6 178
173 2 6 127
173 2 6 4
173 2 6 99
173 2 6 173
173 2 6 50
173 2 7 10
173 2 7 107
173 2 7 188
173 2 7 164
173 2 7 7
173 2 7 108
173 2 7 192
173 2 7 164
173 2 7 1
173 2 7 101
173 2 7 173
173 2 7 97
173 2 7 1
173 2 7 125
173 2 7 195
173 2 7 100
173 2 7 9
173 2 7 113
173 2 7 196
173 2 7 163
173 2 8 6
173 2 8 97
173 2 8 197
173 2 8 189
173 2 8 3
173 2 8 171
173 2 8 182
173 2 8 31
173 2 8 10
173 2 8 151
173 2 8 199
173 2 8 170
173 2 8 5
173 2 8 155
173 2 8 185
173 2 8 185
173 2 8 5
173 2 8 151
173 2 8 176
173 2 8 111
173 2 9 7
173 2 9 105
173 2 9 188
173 2 9 163
173 2 9 7
173 2 9 101
173 2 9 197
173 2 9 151
173 2 9 5
173 2 9 164
173 2 9 178
173 2 9 163
173 2 9 9
173 2 9 148
173 2 9 193
173 2 9 139
173 2 9 3
173 2 9 165
173 2 9 197
173 2 9 73
173 2 10 9
173 2 10 155
173 2 10 186
173 2 10 41
173 2 10 1
173 2 10 128
173 2 10 199
173 2 10 167
173 2 10 2
173 2 10 163
173 2 10 199
173 2 10 60
173 2 10 4
173 2 10 88
173 2 10 182
173 2 10 104
173 2 10 5
173 2 10 101
173 2 10 173
173 2 10 39
173 2 11 7
173 2 11 146
173 2 11 177
173 2 11 121
173 2 11 3
173 2 11 130
173 2 11 189
173 2 11 132
173 2 11 1
173 2 11 143
173 2 11 181
173 2 11 63
173 2 11 3
173 2 11 153
173 2 11 189
173 2 11 180
173 2 11 6
173 2 11 86
173 2 11 183
173 2 11 23
173 2 12 2
173 2 12 144
173 2 12 193
173 2 12 193
173 2 12 2
173 2 12 143
173 2 12 182
173 2 12 75
173 2 12 7
173 2 12 87
173 2 12 175
173 2 12 162
173 2 12 10
173 2 12 121
173 2 12 181
173 2 12 169
173 2 12 10
173 2 12 163
173 2 12 178
173 2 12 26
173 2 13 2
173 2 13 146
173 2 13 188
173 2 13 94
173 2 13 2
173 2 13 125
173 2 13 193
173 2 13 17
173 2 13 1
173 2 13 149
173 2 13 188
173 2 13 162
173 2 13 3
173 2 13 92
173 2 13 178
173 2 13 2
173 2 13 7
173 2 13 113
173 2 13 179
173 2 13 118
173 2 14 10
173 2 14 150
173 2 14 186
173 2 14 99
173 2 14 8
173 2 14 95
173 2 14 179
173 2 14 171
173 2 14 8
173 2 14 116
173 2 14 173
173 2 14 165
173 2 14 1
173 2 14 97
173 2 14 189
173 2 14 73
173 2 14 3
173 2 14 160
173 2 14 200
173 2 14 28
173 3 1 5
173 3 1 116
173 3 1 189
173 3 1 113
173 3 1 6
173 3 1 92
173 3 1 176
173 3 1 28
173 3 1 4
173 3 1 128
173 3 1 190
173 3 1 24
173 3 1 3
173 3 1 115
173 3 1 193
173 3 1 157
173 3 1 3
173 3 1 114
173 3 1 199
173 3 1 127
173 3 2 10
173 3 2 173
173 3 2 196
173 3 2 143
173 3 2 4
173 3 2 171
173 3 2 184
173 3 2 4
173 3 2 7
173 3 2 86
173 3 2 187
173 3 2 170
173 3 2 8
173 3 2 111
173 3 2 183
173 3 2 158
173 3 2 10
173 3 2 92
173 3 2 198
173 3 2 168
173 3 3 7
173 3 3 155
173 3 3 192
173 3 3 50
173 3 3 3
173 3 3 118
173 3 3 177
173 3 3 148
173 3 3 7
173 3 3 114
173 3 3 173
173 3 3 24
173 3 3 8
173 3 3 112
173 3 3 178
173 3 3 166
173 3 3 5
173 3 3 128
173 3 3 191
173 3 3 194
173 3 4 9
173 3 4 154
173 3 4 179
173 3 4 41
173 3 4 8
173 3 4 125
173 3 4 198
173 3 4 50
173 3 4 8
173 3 4 153
173 3 4 175
173 3 4 24
173 3 4 4
173 3 4 135
173 3 4 186
173 3 4 60
173 3 4 1
173 3 4 97
173 3 4 196
173 3 4 81
173 3 5 1
173 3 5 130
173 3 5 197
173 3 5 43
173 3 5 2
173 3 5 172
173 3 5 195
173 3 5 191
173 3 5 9
173 3 5 112
173 3 5 200
173 3 5 47
173 3 5 7
173 3 5 149
173 3 5 181
173 3 5 45
173 3 5 1
173 3 5 159
173 3 5 187
173 3 5 14
173 3 6 6
173 3 6 137
173 3 6 185
173 3 6 182
173 3 6 5
173 3 6 119
173 3 6 175
173 3 6 139
173 3 6 9
173 3 6 131
173 3 6 182
173 3 6 160
173 3 6 4
173 3 6 99
173 3 6 198
173 3 6 147
173 3 6 1
173 3 6 113
173 3 6 180
173 3 6 94
173 3 7 5
173 3 7 155
173 3 7 200
173 3 7 133
173 3 7 9
173 3 7 128
173 3 7 194
173 3 7 58
173 3 7 4
173 3 7 115
173 3 7 174
173 3 7 121
173 3 7 9
173 3 7 117
173 3 7 182
173 3 7 26
173 3 7 9
173 3 7 136
173 3 7 198
173 3 7 51
173 3 8 1
173 3 8 130
173 3 8 183
173 3 8 154
173 3 8 5
173 3 8 121
173 3 8 195
173 3 8 181
173 3 8 8
173 3 8 90
173 3 8 193
173 3 8 12
173 3 8 5
173 3 8 92
173 3 8 196
173 3 8 96
173 3 8 10
173 3 8 101
173 3 8 183
173 3 8 9
173 3 9 4
173 3 9 109
173 3 9 174
173 3 9 120
173 3 9 7
173 3 9 118
173 3 9 193
173 3 9 195
173 3 9 3
173 3 9 126
173 3 9 193
173 3 9 152
173 3 9 2
173 3 9 122
173 3 9 175
173 3 9 165
173 3 9 5
173 3 9 142
173 3 9 188
173 3 9 98
173 3 10 6
173 3 10 92
173 3 10 196
173 3 10 103
173 3 10 3
173 3 10 111
173 3 10 176
173 3 10 160
173 3 10 10
173 3 10 124
173 3 10 199
173 3 10 123
173 3 10 4
173 3 10 143
173 3 10 197
173 3 10 36
173 3 10 4
173 3 10 137
173 3 10 200
173 3 10 148
173 3 11 3
173 3 11 110
173 3 11 182
173 3 11 80
173 3 11 5
173 3 11 160
173 3 11 197
173 3 11 169
173 3 11 5
173 3 11 161
173 3 11 183
173 3 11 31
173 3 11 7
173 3 11 148
173 3 11 199
173 3 11 89
173 3 11 10
173 3 11 158
173 3 11 185
173 3 11 23
173 3 12 9
173 3 12 166
173 3 12 200
173 3 12 119
173 3 12 2
173 3 12 116
173 3 12 193
173 3 12 18
173 3 12 10
173 3 12 155
173 3 12 184
173 3 12 188
173 3 12 1
173 3 12 87
173 3 12 192
173 3 12 60
173 3 12 2
173 3 12 124
173 3 12 200
173 3 12 87
173 3 13 6
173 3 13 123
173 3 13 186
173 3 13 50
173 3 13 5
173 3 13 137
173 3 13 183
173 3 13 31
173 3 13 3
173 3 13 112
173 3 13 199
173 3 13 118
173 3 13 5
173 3 13 101
173 3 13 180
173 3 13 79
173 3 13 4
173 3 13 102
173 3 13 189
173 3 13 103
173 3 14 6
173 3 14 155
173 3 14 191
173 3 14 85
173 3 14 10
173 3 14 141
173 3 14 189
173 3 14 73
173 3 14 5
173 3 14 153
173 3 14 185
173 3 14 144
173 3 14 7
173 3 14 87
173 3 14 177
173 3 14 82
173 3 14 2
173 3 14 93
173 3 14 195
173 3 14 189
173 4 1 4
173 4 1 147
173 4 1 187
173 4 1 39
173 4 1 3
173 4 1 91
173 4 1 197
173 4 1 68
173 4 1 10
173 4 1 116
173 4 1 183
173 4 1 17
173 4 1 1
173 4 1 169
173 4 1 187
173 4 1 196
173 4 1 5
173 4 1 86
173 4 1 174
173 4 1 142
173 4 2 6
173 4 2 135
173 4 2 174
173 4 2 67
173 4 2 3
173 4 2 109
173 4 2 176
173 4 2 158
173 4 2 10
173 4 2 150
173 4 2 181
173 4 2 175
173 4 2 5
173 4 2 156
173 4 2 197
173 4 2 72
173 4 2 7
173 4 2 122
173 4 2 192
173 4 2 82
173 4 3 3
173 4 3 115
173 4 3 189
173 4 3 150
173 4 3 4
173 4 3 126
173 4 3 184
173 4 3 190
173 4 3 1
173 4 3 94
173 4 3 186
173 4 3 136
173 4 3 4
173 4 3 143
173 4 3 175
173 4 3 58
173 4 3 4
173 4 3 172
173 4 3 197
173 4 3 52
173 4 4 5
173 4 4 125
173 4 4 174
173 4 4 200
173 4 4 1
173 4 4 133
173 4 4 183
173 4 4 20
173 4 4 4
173 4 4 161
173 4 4 176
173 4 4 73
173 4 4 5
173 4 4 118
173 4 4 196
173 4 4 17
173 4 4 4
173 4 4 93
173 4 4 197
173 4 4 111
173 4 5 2
173 4 5 127
173 4 5 197
173 4 5 148
173 4 5 10
173 4 5 97
173 4 5 180
173 4 5 89
173 4 5 5
173 4 5 144
173 4 5 184
173 4 5 21
173 4 5 4
173 4 5 134
173 4 5 184
173 4 5 123
173 4 5 9
173 4 5 112
173 4 5 173
173 4 5 41
173 4 6 7
173 4 6 145
173 4 6 173
173 4 6 166
173 4 6 9
173 4 6 157
173 4 6 175
173 4 6 57
173 4 6 4
173 4 6 107
173 4 6 199
173 4 6 13
173 4 6 6
173 4 6 90
173 4 6 181
173 4 6 31
173 4 6 1
173 4 6 153
173 4 6 180
173 4 6 34
173 4 7 1
173 4 7 107
173 4 7 192
173 4 7 125
173 4 7 5
173 4 7 116
173 4 7 195
173 4 7 20
173 4 7 1
173 4 7 157
173 4 7 187
173 4 7 28
173 4 7 8
173 4 7 173
173 4 7 186
173 4 7 170
173 4 7 2
173 4 7 155
173 4 7 193
173 4 7 150
173 4 8 2
173 4 8 138
173 4 8 190
173 4 8 59
173 4 8 2
173 4 8 87
173 4 8 200
173 4 8 61
173 4 8 9
173 4 8 142
173 4 8 185
173 4 8 36
173 4 8 3
173 4 8 148
173 4 8 192
173 4 8 14
173 4 8 7
173 4 8 151
173 4 8 192
173 4 8 130
173 4 9 7
173 4 9 169
173 4 9 182
173 4 9 53
173 4 9 4
173 4 9 89
173 4 9 179
173 4 9 14
173 4 9 10
173 4 9 142
173 4 9 192
173 4 9 33
173 4 9 6
173 4 9 141
173 4 9 178
173 4 9 162
173 4 9 7
173 4 9 170
173 4 9 194
173 4 9 47
173 4 10 9
173 4 10 97
173 4 10 191
173 4 10 49
173 4 10 5
173 4 10 135
173 4 10 200
173 4 10 81
173 4 10 8
173 4 10 115
173 4 10 192
173 4 10 192
173 4 10 4
173 4 10 173
173 4 10 175
173 4 10 47
173 4 10 4
173 4 10 106
173 4 10 188
173 4 10 165
173 4 11 3
173 4 11 136
173 4 11 183
173 4 11 183
173 4 11 3
173 4 11 120
173 4 11 186
173 4 11 42
173 4 11 9
173 4 11 126
173 4 11 191
173 4 11 179
173 4 11 6
173 4 11 148
173 4 11 183
173 4 11 59
173 4 11 6
173 4 11 163
173 4 11 193
173 4 11 109
173 4 12 4
173 4 12 123
173 4 12 184
173 4 12 22
173 4 12 4
173 4 12 153
173 4 12 174
173 4 12 42
173 4 12 8
173 4 12 110
173 4 12 183
173 4 12 167
173 4 12 9
173 4 12 168
173 4 12 191
173 4 12 176
173 4 12 6
173 4 12 115
173 4 12 191
173 4 12 68
173 4 13 3
173 4 13 138
173 4 13 181
173 4 13 196
173 4 13 4
173 4 13 145
173 4 13 181
173 4 13 76
173 4 13 10
173 4 13 102
173 4 13 184
173 4 13 95
173 4 13 4
173 4 13 138
173 4 13 178
173 4 13 32
173 4 13 8
173 4 13 137
173 4 13 175
173 4 13 55
173 4 14 8
173 4 14 136
173 4 14 178
173 4 14 182
173 4 14 2
173 4 14 127
173 4 14 177
173 4 14 19
173 4 14 7
173 4 14 163
173 4 14 178
173 4 14 37
173 4 14 8
173 4 14 111
173 4 14 196
173 4 14 150
173 4 14 10
173 4 14 135
173 4 14 183
173 4 14 189
173 5 1 3
173 5 1 145
173 5 1 182
173 5 1 150
173 5 1 10
173 5 1 100
173 5 1 176
173 5 1 136
173 5 1 5
173 5 1 102
173 5 1 173
173 5 1 148
173 5 1 1
173 5 1 117
173 5 1 182
173 5 1 145
173 5 1 3
173 5 1 126
173 5 1 196
173 5 1 51
173 5 2 10
173 5 2 146
173 5 2 182
173 5 2 116
173 5 2 5
173 5 2 156
173 5 2 194
173 5 2 136
173 5 2 7
173 5 2 95
173 5 2 180
173 5 2 119
173 5 2 3
173 5 2 169
173 5 2 189
173 5 2 175
173 5 2 7
173 5 2 132
173 5 2 185
173 5 2 108
173 5 3 7
173 5 3 118
173 5 3 189
173 5 3 3
173 5 3 10
173 5 3 137
173 5 3 185
173 5 3 75
173 5 3 8
173 5 3 93
173 5 3 192
173 5 3 38
173 5 3 2
173 5 3 125
173 5 3 181
173 5 3 192
173 5 3 1
173 5 3 142
173 5 3 189
173 5 3 154
173 5 4 6
173 5 4 112
173 5 4 185
173 5 4 117
173 5 4 6
173 5 4 130
173 5 4 185
173 5 4 130
173 5 4 3
173 5 4 126
173 5 4 185
173 5 4 118
173 5 4 1
173 5 4 165
173 5 4 186
173 5 4 55
173 5 4 9
173 5 4 124
173 5 4 198
173 5 4 87
173 5 5 8
173 5 5 87
173 5 5 196
173 5 5 19
173 5 5 6
173 5 5 144
173 5 5 174
173 5 5 110
173 5 5 9
173 5 5 167
173 5 5 174
173 5 5 24
173 5 5 8
173 5 5 93
173 5 5 175
173 5 5 108
173 5 5 5
173 5 5 126
173 5 5 186
173 5 5 61
173 5 6 2
173 5 6 136
173 5 6 173
173 5 6 90
173 5 6 6
173 5 6 146
173 5 6 177
173 5 6 101
173 5 6 5
173 5 6 115
173 5 6 188
173 5 6 164
173 5 6 7
173 5 6 114
173 5 6 178
173 5 6 104
173 5 6 1
173 5 6 104
173 5 6 174
173 5 6 123
173 5 7 7
173 5 7 161
173 5 7 198
173 5 7 52
173 5 7 2
173 5 7 130
173 5 7 176
173 5 7 9
173 5 7 8
173 5 7 100
173 5 7 192
173 5 7 80
173 5 7 2
173 5 7 129
173 5 7 188
173 5 7 117
173 5 7 6
173 5 7 93
173 5 7 175
173 5 7 165
173 5 8 1
173 5 8 165
173 5 8 191
173 5 8 35
173 5 8 8
173 5 8 127
173 5 8 185
173 5 8 109
173 5 8 7
173 5 8 122
173 5 8 174
173 5 8 176
173 5 8 5
173 5 8 93
173 5 8 188
173 5 8 143
173 5 8 4
173 5 8 161
173 5 8 196
173 5 8 81
173 5 9 9
173 5 9 153
173 5 9 198
173 5 9 37
173 5 9 3
173 5 9 112
173 5 9 183
173 5 9 140
173 5 9 3
173 5 9 110
173 5 9 187
173 5 9 189
173 5 9 1
173 5 9 114
173 5 9 194
173 5 9 120
173 5 9 4
173 5 9 118
173 5 9 189
173 5 9 196
173 5 10 7
173 5 10 149
173 5 10 181
173 5 10 32
173 5 10 6
173 5 10 143
173 5 10 180
173 5 10 136
173 5 10 7
173 5 10 97
173 5 10 193
173 5 10 10
173 5 10 3
173 5 10 101
173 5 10 194
173 5 10 131
173 5 10 6
173 5 10 146
173 5 10 184
173 5 10 115
173 5 11 9
173 5 11 150
173 5 11 186
173 5 11 54
173 5 11 7
173 5 11 122
173 5 11 175
173 5 11 36
173 5 11 4
173 5 11 172
173 5 11 200
173 5 11 117
173 5 11 9
173 5 11 139
173 5 11 189
173 5 11 53
173 5 11 5
173 5 11 110
173 5 11 183
173 5 11 196
173 5 12 7
173 5 12 102
173 5 12 194
173 5 12 196
173 5 12 9
173 5 12 173
173 5 12 174
173 5 12 61
173 5 12 9
173 5 12 173
173 5 12 182
173 5 12 102
173 5 12 1
173 5 12 102
173 5 12 174
173 5 12 107
173 5 12 9
173 5 12 101
173 5 12 193
173 5 12 60
173 5 13 7
173 5 13 100
173 5 13 187
173 5 13 185
173 5 13 8
173 5 13 169
173 5 13 187
173 5 13 172
173 5 13 8
173 5 13 173
173 5 13 187
173 5 13 138
173 5 13 5
173 5 13 130
173 5 13 197
173 5 13 108
173 5 13 4
173 5 13 141
173 5 13 180
173 5 13 72
173 5 14 6
173 5 14 133
173 5 14 198
173 5 14 126
173 5 14 4
173 5 14 160
173 5 14 183
173 5 14 164
173 5 14 10
173 5 14 130
173 5 14 198
173 5 14 116
173 5 14 7
173 5 14 165
173 5 14 178
173 5 14 80
173 5 14 2
173 5 14 145
173 5 14 186
173 5 14 101
173 6 1 7
173 6 1 141
173 6 1 190
173 6 1 158
173 6 1 2
173 6 1 141
173 6 1 181
173 6 1 151
173 6 1 3
173 6 1 141
173 6 1 191
173 6 1 30
173 6 1 10
173 6 1 121
173 6 1 188
173 6 1 50
173 6 1 6
173 6 1 147
173 6 1 178
173 6 1 100
173 6 2 9
173 6 2 86
173 6 2 176
173 6 2 34
173 6 2 1
173 6 2 86
173 6 2 186
173 6 2 91
173 6 2 9
173 6 2 130
173 6 2 186
173 6 2 41
173 6 2 1
173 6 2 95
173 6 2 177
173 6 2 78
173 6 2 3
173 6 2 117
173 6 2 183
173 6 2 139
173 6 3 5
173 6 3 90
173 6 3 188
173 6 3 29
173 6 3 1
173 6 3 144
173 6 3 187
173 6 3 176
173 6 3 7
173 6 3 158
173 6 3 186
173 6 3 55
173 6 3 10
173 6 3 102
173 6 3 176
173 6 3 159
173 6 3 5
173 6 3 167
173 6 3 176
173 6 3 44
173 6 4 1
173 6 4 116
173 6 4 193
173 6 4 56
173 6 4 6
173 6 4 112
173 6 4 191
173 6 4 62
173 6 4 7
173 6 4 128
173 6 4 181
173 6 4 87
173 6 4 7
173 6 4 123
173 6 4 190
173 6 4 188
173 6 4 1
173 6 4 109
173 6 4 191
173 6 4 79
173 6 5 2
173 6 5 101
173 6 5 200
173 6 5 185
173 6 5 8
173 6 5 115
173 6 5 200
173 6 5 121
173 6 5 4
173 6 5 166
173 6 5 192
173 6 5 46
173 6 5 5
173 6 5 112
173 6 5 190
173 6 5 156
173 6 5 1
173 6 5 167
173 6 5 184
173 6 5 79
173 6 6 3
173 6 6 149
173 6 6 198
173 6 6 76
173 6 6 4
173 6 6 120
173 6 6 176
173 6 6 146
173 6 6 2
173 6 6 126
173 6 6 182
173 6 6 46
173 6 6 3
173 6 6 170
173 6 6 181
173 6 6 41
173 6 6 2
173 6 6 132
173 6 6 200
173 6 6 171
173 6 7 2
173 6 7 145
173 6 7 191
173 6 7 159
173 6 7 2
173 6 7 139
173 6 7 195
173 6 7 100
173 6 7 2
173 6 7 120
173 6 7 193
173 6 7 135
173 6 7 5
173 6 7 173
173 6 7 196
173 6 7 124
173 6 7 7
173 6 7 161
173 6 7 200
173 6 7 122
173 6 8 8
173 6 8 111
173 6 8 176
173 6 8 112
173 6 8 2
173 6 8 144
173 6 8 191
173 6 8 44
173 6 8 8
173 6 8 147
173 6 8 179
173 6 8 70
173 6 8 8
173 6 8 124
173 6 8 190
173 6 8 166
173 6 8 7
173 6 8 140
173 6 8 199
173 6 8 119
173 6 9 5
173 6 9 151
173 6 9 191
173 6 9 156
173 6 9 9
173 6 9 95
173 6 9 200
173 6 9 142
173 6 9 3
173 6 9 160
173 6 9 174
173 6 9 65
173 6 9 5
173 6 9 110
173 6 9 184
173 6 9 46
173 6 9 3
173 6 9 155
173 6 9 200
173 6 9 7
173 6 10 2
173 6 10 139
173 6 10 199
173 6 10 121
173 6 10 4
173 6 10 138
173 6 10 180
173 6 10 23
173 6 10 10
173 6 10 123
173 6 10 198
173 6 10 143
173 6 10 4
173 6 10 128
173 6 10 177
173 6 10 92
173 6 10 4
173 6 10 136
173 6 10 182
173 6 10 150
173 6 11 4
173 6 11 119
173 6 11 178
173 6 11 164
173 6 11 6
173 6 11 153
173 6 11 176
173 6 11 38
173 6 11 7
173 6 11 169
173 6 11 198
173 6 11 30
173 6 11 8
173 6 11 152
173 6 11 189
173 6 11 40
173 6 11 3
173 6 11 162
173 6 11 176
173 6 11 23
173 6 12 7
173 6 12 144
173 6 12 178
173 6 12 165
173 6 12 2
173 6 12 96
173 6 12 185
173 6 12 8
173 6 12 7
173 6 12 104
173 6 12 184
173 6 12 23
173 6 12 5
173 6 12 126
173 6 12 200
173 6 12 181
173 6 12 1
173 6 12 150
173 6 12 190
173 6 12 183
173 6 13 7
173 6 13 161
173 6 13 184
173 6 13 33
173 6 13 5
173 6 13 94
173 6 13 190
173 6 13 42
173 6 13 4
173 6 13 132
173 6 13 192
173 6 13 111
173 6 13 9
173 6 13 115
173 6 13 182
173 6 13 184
173 6 13 5
173 6 13 146
173 6 13 200
173 6 13 37
173 6 14 2
173 6 14 121
173 6 14 184
173 6 14 171
173 6 14 9
173 6 14 151
173 6 14 188
173 6 14 146
173 6 14 3
173 6 14 122
173 6 14 176
173 6 14 22
173 6 14 8
173 6 14 149
173 6 14 190
173 6 14 128
173 6 14 7
173 6 14 125
173 6 14 190
173 6 14 40
173 7 1 8
173 7 1 143
173 7 1 176
173 7 1 35
173 7 1 3
173 7 1 92
173 7 1 198
173 7 1 21
173 7 1 2
173 7 1 130
173 7 1 200
173 7 1 112
173 7 1 4
173 7 1 90
173 7 1 179
173 7 1 114
173 7 1 3
173 7 1 93
173 7 1 185
173 7 1 10
173 7 2 6
173 7 2 145
173 7 2 188
173 7 2 86
173 7 2 5
173 7 2 109
173 7 2 190
173 7 2 49
173 7 2 4
173 7 2 157
173 7 2 191
173 7 2 179
173 7 2 3
173 7 2 137
173 7 2 197
173 7 2 84
173 7 2 2
173 7 2 159
173 7 2 174
173 7 2 151
173 7 3 1
173 7 3 144
173 7 3 189
173 7 3 48
173 7 3 9
173 7 3 133
173 7 3 186
173 7 3 8
173 7 3 4
173 7 3 153
173 7 3 179
173 7 3 72
173 7 3 1
173 7 3 95
173 7 3 199
173 7 3 196
173 7 3 2
173 7 3 122
173 7 3 196
173 7 3 13
173 7 4 8
173 7 4 100
173 7 4 189
173 7 4 91
173 7 4 8
173 7 4 140
173 7 4 183
173 7 4 82
173 7 4 3
173 7 4 112
173 7 4 189
173 7 4 99
173 7 4 4
173 7 4 91
173 7 4 173
173 7 4 71
173 7 4 7
173 7 4 141
173 7 4 175
173 7 4 139
173 7 5 7
173 7 5 133
173 7 5 181
173 7 5 110
173 7 5 5
173 7 5 91
173 7 5 194
173 7 5 183
173 7 5 9
173 7 5 98
173 7 5 192
173 7 5 141
173 7 5 7
173 7 5 99
173 7 5 195
173 7 5 160
173 7 5 1
173 7 5 150
173 7 5 175
173 7 5 51
173 7 6 10
173 7 6 133
173 7 6 177
173 7 6 39
173 7 6 10
173 7 6 140
173 7 6 200
173 7 6 143
173 7 6 10
173 7 6 121
173 7 6 174
173 7 6 105
173 7 6 2
173 7 6 93
173 7 6 181
173 7 6 92
173 7 6 7
173 7 6 119
173 7 6 188
173 7 6 140
173 7 7 5
173 7 7 109
173 7 7 187
173 7 7 168
173 7 7 4
173 7 7 121
173 7 7 185
173 7 7 53
173 7 7 1
173 7 7 134
173 7 7 200
173 7 7 87
173 7 7 10
173 7 7 130
173 7 7 183
173 7 7 104
173 7 7 2
173 7 7 169
173 7 7 198
173 7 7 61
173 7 8 6
173 7 8 126
173 7 8 183
173 7 8 161
173 7 8 3
173 7 8 141
173 7 8 191
173 7 8 86
173 7 8 9
173 7 8 117
173 7 8 186
173 7 8 167
173 7 8 7
173 7 8 158
173 7 8 198
173 7 8 81
173 7 8 9
173 7 8 113
173 7 8 182
173 7 8 107
173 7 9 4
173 7 9 173
173 7 9 183
173 7 9 12
173 7 9 5
173 7 9 113
173 7 9 183
173 7 9 35
173 7 9 4
173 7 9 108
173 7 9 178
173 7 9 71
173 7 9 1
173 7 9 171
173 7 9 180
173 7 9 21
173 7 9 8
173 7 9 156
173 7 9 185
173 7 9 75
173 7 10 10
173 7 10 109
173 7 10 200
173 7 10 9
173 7 10 3
173 7 10 96
173 7 10 186
173 7 10 13
173 7 10 3
173 7 10 110
173 7 10 188
173 7 10 188
173 7 10 3
173 7 10 86
173 7 10 196
173 7 10 185
173 7 10 8
173 7 10 167
173 7 10 184
173 7 10 111
173 7 11 4
173 7 11 139
173 7 11 190
173 7 11 51
173 7 11 5
173 7 11 143
173 7 11 197
173 7 11 199
173 7 11 2
173 7 11 125
173 7 11 195
173 7 11 50
173 7 11 5
173 7 11 140
173 7 11 192
173 7 11 5
173 7 11 1
173 7 11 114
173 7 11 179
173 7 11 186
173 7 12 10
173 7 12 128
173 7 12 191
173 7 12 195
173 7 12 8
173 7 12 148
173 7 12 193
173 7 12 128
173 7 12 5
173 7 12 114
173 7 12 185
173 7 12 95
173 7 12 7
173 7 12 130
173 7 12 176
173 7 12 69
173 7 12 8
173 7 12 103
173 7 12 177
173 7 12 147
173 7 13 3
173 7 13 130
173 7 13 191
173 7 13 47
173 7 13 9
173 7 13 163
173 7 13 195
173 7 13 110
173 7 13 9
173 7 13 158
173 7 13 188
173 7 13 190
173 7 13 5
173 7 13 146
173 7 13 180
173 7 13 57
173 7 13 6
173 7 13 154
173 7 13 183
173 7 13 189
173 7 14 10
173 7 14 137
173 7 14 182
173 7 14 73
173 7 14 1
173 7 14 154
173 7 14 192
173 7 14 190
173 7 14 7
173 7 14 162
173 7 14 199
173 7 14 118
173 7 14 5
173 7 14 115
173 7 14 188
173 7 14 75
173 7 14 10
173 7 14 92
173 7 14 190
173 7 14 86
173 8 1 8
173 8 1 120
173 8 1 194
173 8 1 134
173 8 1 8
173 8 1 167
173 8 1 185
173 8 1 54
173 8 1 7
173 8 1 97
173 8 1 198
173 8 1 84
173 8 1 4
173 8 1 154
173 8 1 196
173 8 1 166
173 8 1 9
173 8 1 122
173 8 1 186
173 8 1 162
173 8 2 7
173 8 2 156
173 8 2 193
173 8 2 148
173 8 2 1
173 8 2 99
173 8 2 199
173 8 2 42
173 8 2 1
173 8 2 153
173 8 2 198
173 8 2 37
173 8 2 4
173 8 2 141
173 8 2 197
173 8 2 160
173 8 2 4
173 8 2 169
173 8 2 179
173 8 2 60
173 8 3 6
173 8 3 154
173 8 3 182
173 8 3 72
173 8 3 10
173 8 3 162
173 8 3 188
173 8 3 144
173 8 3 5
173 8 3 140
173 8 3 197
173 8 3 165
173 8 3 7
173 8 3 142
173 8 3 186
173 8 3 100
173 8 3 1
173 8 3 95
173 8 3 188
173 8 3 27
173 8 4 10
173 8 4 117
173 8 4 189
173 8 4 154
173 8 4 8
173 8 4 152
173 8 4 176
173 8 4 111
173 8 4 8
173 8 4 154
173 8 4 175
173 8 4 12
173 8 4 4
173 8 4 166
173 8 4 176
173 8 4 71
173 8 4 4
173 8 4 126
173 8 4 189
173 8 4 197
173 8 5 4
173 8 5 148
173 8 5 177
173 8 5 4
173 8 5 5
173 8 5 157
173 8 5 184
173 8 5 93
173 8 5 8
173 8 5 87
173 8 5 178
173 8 5 89
173 8 5 7
173 8 5 147
173 8 5 186
173 8 5 184
173 8 5 5
173 8 5 164
173 8 5 199
173 8 5 193
173 8 6 2
173 8 6 113
173 8 6 193
173 8 6 123
173 8 6 2
173 8 6 159
173 8 6 196
173 8 6 35
173 8 6 4
173 8 6 147
173 8 6 192
173 8 6 19
173 8 6 1
173 8 6 146
173 8 6 178
173 8 6 192
173 8 6 4
173 8 6 168
173 8 6 181
173 8 6 53
173 8 7 8
173 8 7 159
173 8 7 181
173 8 7 198
173 8 7 3
173 8 7 162
173 8 7 180
173 8 7 54
173 8 7 7
173 8 7 169
173 8 7 192
173 8 7 55
173 8 7 8
173 8 7 144
173 8 7 194
173 8 7 162
173 8 7 6
173 8 7 133
173 8 7 186
173 8 7 19
173 8 8 2
173 8 8 170
173 8 8 174
173 8 8 6
173 8 8 1
173 8 8 122
173 8 8 184
173 8 8 182
173 8 8 6
173 8 8 100
173 8 8 182
173 8 8 187
173 8 8 6
173 8 8 96
173 8 8 174
173 8 8 96
173 8 8 4
173 8 8 113
173 8 8 180
173 8 8 180
173 8 9 2
173 8 9 101
173 8 9 182
173 8 9 102
173 8 9 7
173 8 9 124
173 8 9 188
173 8 9 26
173 8 9 6
173 8 9 145
173 8 9 191
173 8 9 160
173 8 9 10
173 8 9 172
173 8 9 180
173 8 9 41
173 8 9 5
173 8 9 88
173 8 9 175
173 8 9 182
173 8 10 3
173 8 10 128
173 8 10 175
173 8 10 87
173 8 10 2
173 8 10 112
173 8 10 191
173 8 10 93
173 8 10 4
173 8 10 131
173 8 10 189
173 8 10 200
173 8 10 7
173 8 10 133
173 8 10 192
173 8 10 127
173 8 10 10
173 8 10 142
173 8 10 189
173 8 10 163
173 8 11 8
173 8 11 134
173 8 11 194
173 8 11 147
173 8 11 8
173 8 11 145
173 8 11 178
173 8 11 136
173 8 11 8
173 8 11 165
173 8 11 191
173 8 11 39
173 8 11 2
173 8 11 87
173 8 11 200
173 8 11 71
173 8 11 6
173 8 11 154
173 8 11 183
173 8 11 180
173 8 12 10
173 8 12 156
173 8 12 197
173 8 12 33
173 8 12 10
173 8 12 140
173 8 12 175
173 8 12 188
173 8 12 4
173 8 12 165
173 8 12 188
173 8 12 53
173 8 12 3
173 8 12 150
173 8 12 182
173 8 12 6
173 8 12 7
173 8 12 157
173 8 12 194
173 8 12 180
173 8 13 4
173 8 13 162
173 8 13 200
173 8 13 84
173 8 13 10
173 8 13 156
173 8 13 178
173 8 13 194
173 8 13 5
173 8 13 137
173 8 13 183
173 8 13 34
173 8 13 7
173 8 13 173
173 8 13 174
173 8 13 200
173 8 13 4
173 8 13 142
173 8 13 188
173 8 13 38
173 8 14 8
173 8 14 88
173 8 14 181
173 8 14 64
173 8 14 2
173 8 14 118
173 8 14 196
173 8 14 110
173 8 14 9
173 8 14 164
173 8 14 192
173 8 14 193
173 8 14 3
173 8 14 86
173 8 14 189
173 8 14 160
173 8 14 5
173 8 14 157
173 8 14 183
173 8 14 67
173 9 1 6
173 9 1 87
173 9 1 179
173 9 1 78
173 9 1 1
173 9 1 110
173 9 1 181
173 9 1 104
173 9 1 8
173 9 1 103
173 9 1 183
173 9 1 70
173 9 1 3
173 9 1 114
173 9 1 195
173 9 1 110
173 9 1 6
173 9 1 93
173 9 1 189
173 9 1 110
173 9 2 3
173 9 2 99
173 9 2 195
173 9 2 93
173 9 2 6
173 9 2 149
173 9 2 191
173 9 2 35
173 9 2 1
173 9 2 173
173 9 2 177
173 9 2 108
173 9 2 10
173 9 2 95
173 9 2 196
173 9 2 28
173 9 2 2
173 9 2 105
173 9 2 199
173 9 2 26
173 9 3 3
173 9 3 161
173 9 3 180
173 9 3 105
173 9 3 4
173 9 3 89
173 9 3 177
173 9 3 170
173 9 3 10
173 9 3 133
173 9 3 188
173 9 3 72
173 9 3 1
173 9 3 126
173 9 3 198
173 9 3 72
173 9 3 9
173 9 3 132
173 9 3 176
173 9 3 79
173 9 4 2
173 9 4 98
173 9 4 175
173 9 4 91
173 9 4 8
173 9 4 149
173 9 4 197
173 9 4 8
173 9 4 7
173 9 4 153
173 9 4 192
173 9 4 132
173 9 4 6
173 9 4 117
173 9 4 178
173 9 4 27
173 9 4 1
173 9 4 100
173 9 4 196
173 9 4 28
173 9 5 10
173 9 5 123
173 9 5 189
173 9 5 112
173 9 5 1
173 9 5 160
173 9 5 179
173 9 5 95
173 9 5 3
173 9 5 154
173 9 5 179
173 9 5 51
173 9 5 7
173 9 5 88
173 9 5 185
173 9 5 165
173 9 5 9
173 9 5 164
173 9 5 192
173 9 5 71
173 9 6 3
173 9 6 87
173 9 6 173
173 9 6 60
173 9 6 2
173 9 6 172
173 9 6 199
173 9 6 65
173 9 6 1
173 9 6 130
173 9 6 191
173 9 6 105
173 9 6 1
173 9 6 169
173 9 6 196
173 9 6 148
173 9 6 2
173 9 6 105
173 9 6 182
173 9 6 44
173 9 7 7
173 9 7 114
173 9 7 192
173 9 7 106
173 9 7 8
173 9 7 159
173 9 7 184
173 9 7 27
173 9 7 1
173 9 7 153
173 9 7 189
173 9 7 173
173 9 7 5
173 9 7 115
173 9 7 174
173 9 7 13
173 9 7 7
173 9 7 148
173 9 7 200
173 9 7 27
173 9 8 1
173 9 8 92
173 9 8 179
173 9 8 152
173 9 8 3
173 9 8 105
173 9 8 181
173 9 8 124
173 9 8 2
173 9 8 102
173 9 8 176
173 9 8 197
173 9 8 8
173 9 8 171
173 9 8 187
173 9 8 139
173 9 8 2
173 9 8 126
173 9 8 200
173 9 8 168
173 9 9 5
173 9 9 167
173 9 9 200
173 9 9 63
173 9 9 4
173 9 9 92
173 9 9 187
173 9 9 57
173 9 9 9
173 9 9 135
173 9 9 191
173 9 9 125
173 9 9 10
173 9 9 163
173 9 9 195
173 9 9 20
173 9 9 7
173 9 9 96
173 9 9 191
173 9 9 129
173 9 10 7
173 9 10 86
173 9 10 177
173 9 10 159
173 9 10 5
173 9 10 123
173 9 10 175
173 9 10 80
173 9 10 2
173 9 10 120
173 9 10 189
173 9 10 35
173 9 10 5
173 9 10 93
173 9 10 183
173 9 10 41
173 9 10 2
173 9 10 126
173 9 10 182
173 9 10 40
173 9 11 6
173 9 11 133
173 9 11 197
173 9 11 193
173 9 11 4
173 9 11 91
173 9 11 189
173 9 11 37
173 9 11 6
173 9 11 109
173 9 11 195
173 9 11 10
173 9 11 7
173 9 11 139
173 9 11 173
173 9 11 22
173 9 11 8
173 9 11 168
173 9 11 175
173 9 11 169
173 9 12 7
173 9 12 164
173 9 12 196
173 9 12 60
173 9 12 2
173 9 12 153
173 9 12 194
173 9 12 161
173 9 12 1
173 9 12 93
173 9 12 198
173 9 12 148
173 9 12 4
173 9 12 167
173 9 12 178
173 9 12 43
173 9 12 10
173 9 12 155
173 9 12 193
173 9 12 138
173 9 13 2
173 9 13 171
173 9 13 199
173 9 13 173
173 9 13 4
173 9 13 112
173 9 13 190
173 9 13 62
173 9 13 2
173 9 13 109
173 9 13 188
173 9 13 98
173 9 13 3
173 9 13 138
173 9 13 188
173 9 13 8
173 9 13 3
173 9 13 155
173 9 13 178
173 9 13 75
173 9 14 10
173 9 14 138
173 9 14 184
173 9 14 74
173 9 14 9
173 9 14 165
173 9 14 196
173 9 14 74
173 9 14 8
173 9 14 138
173 9 14 194
173 9 14 153
173 9 14 5
173 9 14 167
173 9 14 181
173 9 14 60
173 9 14 9
173 9 14 103
173 9 14 192
173 9 14 53
173 10 1 2
173 10 1 152
173 10 1 198
173 10 1 25
173 10 1 3
173 10 1 124
173 10 1 192
173 10 1 17
173 10 1 3
173 10 1 146
173 10 1 178
173 10 1 198
173 10 1 6
173 10 1 148
173 10 1 183
173 10 1 48
173 10 1 2
173 10 1 132
173 10 1 191
173 10 1 162
173 10 2 1
173 10 2 152
173 10 2 175
173 10 2 88
173 10 2 2
173 10 2 166
173 10 2 199
173 10 2 79
173 10 2 6
173 10 2 169
173 10 2 179
173 10 2 56
173 10 2 1
173 10 2 126
173 10 2 175
173 10 2 34
173 10 2 8
173 10 2 153
173 10 2 179
173 10 2 122
173 10 3 6
173 10 3 159
173 10 3 200
173 10 3 82
173 10 3 4
173 10 3 154
173 10 3 198
173 10 3 52
173 10 3 6
173 10 3 160
173 10 3 199
173 10 3 33
173 10 3 5
173 10 3 130
173 10 3 174
173 10 3 107
173 10 3 2
173 10 3 172
173 10 3 189
173 10 3 94
173 10 4 8
173 10 4 157
173 10 4 191
173 10 4 178
173 10 4 6
173 10 4 148
173 10 4 173
173 10 4 57
173 10 4 9
173 10 4 166
173 10 4 177
173 10 4 143
173 10 4 3
173 10 4 93
173 10 4 177
173 10 4 175
173 10 4 1
173 10 4 105
173 10 4 190
173 10 4 138
173 10 5 2
173 10 5 102
173 10 5 186
173 10 5 44
173 10 5 9
173 10 5 160
173 10 5 195
173 10 5 197
173 10 5 7
173 10 5 121
173 10 5 188
173 10 5 24
173 10 5 4
173 10 5 115
173 10 5 199
173 10 5 21
173 10 5 3
173 10 5 108
173 10 5 187
173 10 5 61
173 10 6 1
173 10 6 129
173 10 6 197
173 10 6 161
173 10 6 8
173 10 6 118
173 10 6 184
173 10 6 43
173 10 6 4
173 10 6 115
173 10 6 185
173 10 6 49
173 10 6 7
173 10 6 116
173 10 6 189
173 10 6 11
173 10 6 7
173 10 6 115
173 10 6 196
173 10 6 149
173 10 7 6
173 10 7 98
173 10 7 182
173 10 7 65
173 10 7 9
173 10 7 118
173 10 7 198
173 10 7 80
173 10 7 8
173 10 7 140
173 10 7 182
173 10 7 110
173 10 7 8
173 10 7 88
173 10 7 194
173 10 7 25
173 10 7 8
173 10 7 132
173 10 7 186
173 10 7 91
173 10 8 7
173 10 8 117
173 10 8 181
173 10 8 62
173 10 8 3
173 10 8 138
173 10 8 197
173 10 8 4
173 10 8 6
173 10 8 139
173 10 8 196
173 10 8 126
173 10 8 3
173 10 8 88
173 10 8 183
173 10 8 36
173 10 8 3
173 10 8 172
173 10 8 196
173 10 8 18
173 10 9 9
173 10 9 92
173 10 9 175
173 10 9 111
173 10 9 7
173 10 9 121
173 10 9 188
173 10 9 88
173 10 9 4
173 10 9 88
173 10 9 181
173 10 9 37
173 10 9 10
173 10 9 118
173 10 9 199
173 10 9 182
173 10 9 9
173 10 9 113
173 10 9 184
173 10 9 4
173 10 10 9
173 10 10 106
173 10 10 188
173 10 10 52
173 10 10 10
173 10 10 147
173 10 10 193
173 10 10 122
173 10 10 3
173 10 10 89
173 10 10 181
173 10 10 165
173 10 10 7
173 10 10 142
173 10 10 195
173 10 10 11
173 10 10 7
173 10 10 107
173 10 10 176
173 10 10 54
173 10 11 1
173 10 11 157
173 10 11 198
173 10 11 171
173 10 11 3
173 10 11 94
173 10 11 174
173 10 11 156
173 10 11 7
173 10 11 103
173 10 11 187
173 10 11 39
173 10 11 7
173 10 11 87
173 10 11 181
173 10 11 31
173 10 11 1
173 10 11 111
173 10 11 182
173 10 11 181
173 10 12 10
173 10 12 112
173 10 12 186
173 10 12 60
173 10 12 2
173 10 12 88
173 10 12 177
173 10 12 73
173 10 12 3
173 10 12 132
173 10 12 192
173 10 12 167
173 10 12 8
173 10 12 145
173 10 12 188
173 10 12 171
173 10 12 9
173 10 12 148
173 10 12 180
173 10 12 52
173 10 13 8
173 10 13 156
173 10 13 184
173 10 13 123
173 10 13 4
173 10 13 106
173 10 13 182
173 10 13 167
173 10 13 2
173 10 13 153
173 10 13 175
173 10 13 153
173 10 13 7
173 10 13 108
173 10 13 178
173 10 13 107
173 10 13 4
173 10 13 136
173 10 13 175
173 10 13 58
173 10 14 5
173 10 14 119
173 10 14 184
173 10 14 52
173 10 14 8
173 10 14 95
173 10 14 174
173 10 14 154
173 10 14 9
173 10 14 172
173 10 14 179
173 10 14 105
173 10 14 1
173 10 14 98
173 10 14 195
173 10 14 196
173 10 14 8
173 10 14 173
173 10 14 180
173 10 14 87
173 11 1 9
173 11 1 173
173 11 1 186
173 11 1 193
173 11 1 1
173 11 1 156
173 11 1 182
173 11 1 170
173 11 1 8
173 11 1 131
173 11 1 180
173 11 1 184
173 11 1 1
173 11 1 134
173 11 1 195
173 11 1 157
173 11 1 6
173 11 1 143
173 11 1 182
173 11 1 112
173 11 2 5
173 11 2 149
173 11 2 182
173 11 2 175
173 11 2 7
173 11 2 164
173 11 2 185
173 11 2 120
173 11 2 7
173 11 2 160
173 11 2 178
173 11 2 80
173 11 2 1
173 11 2 148
173 11 2 198
173 11 2 42
173 11 2 3
173 11 2 154
173 11 2 195
173 11 2 168
173 11 3 3
173 11 3 145
173 11 3 175
173 11 3 112
173 11 3 6
173 11 3 92
173 11 3 173
173 11 3 89
173 11 3 7
173 11 3 138
173 11 3 199
173 11 3 132
173 11 3 7
173 11 3 113
173 11 3 199
173 11 3 20
173 11 3 8
173 11 3 156
173 11 3 176
173 11 3 128
173 11 4 10
173 11 4 125
173 11 4 173
173 11 4 184
173 11 4 2
173 11 4 152
173 11 4 179
173 11 4 83
173 11 4 6
173 11 4 115
173 11 4 174
173 11 4 159
173 11 4 4
173 11 4 131
173 11 4 180
173 11 4 160
173 11 4 1
173 11 4 111
173 11 4 189
173 11 4 165
173 11 5 4
173 11 5 104
173 11 5 176
173 11 5 51
173 11 5 4
173 11 5 95
173 11 5 195
173 11 5 169
173 11 5 8
173 11 5 87
173 11 5 186
173 11 5 159
173 11 5 7
173 11 5 87
173 11 5 192
173 11 5 183
173 11 5 8
173 11 5 157
173 11 5 175
173 11 5 145
173 11 6 8
173 11 6 151
173 11 6 175
173 11 6 115
173 11 6 8
173 11 6 87
173 11 6 198
173 11 6 56
173 11 6 8
173 11 6 100
173 11 6 193
173 11 6 146
173 11 6 2
173 11 6 135
173 11 6 175
173 11 6 89
173 11 6 3
173 11 6 90
173 11 6 177
173 11 6 123
173 11 7 4
173 11 7 115
173 11 7 177
173 11 7 69
173 11 7 10
173 11 7 141
173 11 7 183
173 11 7 173
173 11 7 3
173 11 7 139
173 11 7 192
173 11 7 147
173 11 7 7
173 11 7 163
173 11 7 189
173 11 7 80
173 11 7 5
173 11 7 145
173 11 7 194
173 11 7 10
173 11 8 9
173 11 8 144
173 11 8 189
173 11 8 112
173 11 8 3
173 11 8 102
173 11 8 185
173 11 8 118
173 11 8 6
173 11 8 145
173 11 8 173
173 11 8 56
173 11 8 9
173 11 8 128
173 11 8 196
173 11 8 116
173 11 8 6
173 11 8 157
173 11 8 187
173 11 8 128
173 11 9 10
173 11 9 101
173 11 9 196
173 11 9 5
173 11 9 5
173 11 9 172
173 11 9 190
173 11 9 121
173 11 9 6
173 11 9 91
173 11 9 198
173 11 9 103
173 11 9 7
173 11 9 142
173 11 9 195
173 11 9 192
173 11 9 5
173 11 9 97
173 11 9 194
173 11 9 129
173 11 10 7
173 11 10 128
173 11 10 174
173 11 10 169
173 11 10 5
173 11 10 128
173 11 10 174
173 11 10 97
173 11 10 5
173 11 10 95
173 11 10 194
173 11 10 133
173 11 10 5
173 11 10 169
173 11 10 195
173 11 10 81
173 11 10 1
173 11 10 120
173 11 10 195
173 11 10 181
173 11 11 1
173 11 11 155
173 11 11 177
173 11 11 55
173 11 11 9
173 11 11 113
173 11 11 188
173 11 11 35
173 11 11 2
173 11 11 137
173 11 11 179
173 11 11 131
173 11 11 10
173 11 11 100
173 11 11 194
173 11 11 157
173 11 11 8
173 11 11 147
173 11 11 187
173 11 11 92
173 11 12 8
173 11 12 106
173 11 12 192
173 11 12 30
173 11 12 4
173 11 12 164
173 11 12 173
173 11 12 139
173 11 12 3
173 11 12 104
173 11 12 191
173 11 12 110
173 11 12 10
173 11 12 143
173 11 12 174
173 11 12 74
173 11 12 1
173 11 12 169
173 11 12 199
173 11 12 48
173 11 13 10
173 11 13 154
173 11 13 186
173 11 13 115
173 11 13 9
173 11 13 112
173 11 13 189
173 11 13 23
173 11 13 1
173 11 13 116
173 11 13 200
173 11 13 173
173 11 13 8
173 11 13 123
173 11 13 193
173 11 13 172
173 11 13 7
173 11 13 100
173 11 13 185
173 11 13 191
173 11 14 9
173 11 14 131
173 11 14 185
173 11 14 40
173 11 14 8
173 11 14 126
173 11 14 195
173 11 14 163
173 11 14 2
173 11 14 152
173 11 14 174
173 11 14 104
173 11 14 8
173 11 14 98
173 11 14 178
173 11 14 74
173 11 14 1
173 11 14 140
173 11 14 184
173 11 14 143
173 12 1 8
173 12 1 164
173 12 1 193
173 12 1 9
173 12 1 7
173 12 1 140
173 12 1 181
173 12 1 112
173 12 1 9
173 12 1 90
173 12 1 175
173 12 1 59
173 12 1 5
173 12 1 168
173 12 1 187
173 12 1 172
173 12 1 10
173 12 1 132
173 12 1 178
173 12 1 110
173 12 2 3
173 12 2 125
173 12 2 190
173 12 2 147
173 12 2 7
173 12 2 120
173 12 2 199
173 12 2 97
173 12 2 6
173 12 2 104
173 12 2 178
173 12 2 23
173 12 2 7
173 12 2 159
173 12 2 199
173 12 2 56
173 12 2 9
173 12 2 168
173 12 2 186
173 12 2 189
173 12 3 10
173 12 3 163
173 12 3 178
173 12 3 113
173 12 3 10
173 12 3 94
173 12 3 180
173 12 3 21
173 12 3 2
173 12 3 132
173 12 3 183
173 12 3 149
173 12 3 1
173 12 3 91
173 12 3 196
173 12 3 50
173 12 3 5
173 12 3 114
173 12 3 178
173 12 3 102
173 12 4 3
173 12 4 156
173 12 4 174
173 12 4 179
173 12 4 5
173 12 4 160
173 12 4 186
173 12 4 77
173 12 4 5
173 12 4 115
173 12 4 179
173 12 4 37
173 12 4 8
173 12 4 115
173 12 4 189
173 12 4 188
173 12 4 2
173 12 4 125
173 12 4 194
173 12 4 73
173 12 5 8
173 12 5 86
173 12 5 187
173 12 5 76
173 12 5 1
173 12 5 147
173 12 5 173
173 12 5 196
173 12 5 10
173 12 5 116
173 12 5 186
173 12 5 131
173 12 5 5
173 12 5 108
173 12 5 199
173 12 5 58
173 12 5 10
173 12 5 114
173 12 5 174
173 12 5 123
173 12 6 5
173 12 6 159
173 12 6 194
173 12 6 2
173 12 6 4
173 12 6 171
173 12 6 196
173 12 6 82
173 12 6 9
173 12 6 173
173 12 6 186
173 12 6 121
173 12 6 10
173 12 6 115
173 12 6 190
173 12 6 42
173 12 6 9
173 12 6 173
173 12 6 194
173 12 6 171
173 12 7 3
173 12 7 155
173 12 7 192
173 12 7 162
173 12 7 9
173 12 7 96
173 12 7 181
173 12 7 200
173 12 7 1
173 12 7 96
173 12 7 196
173 12 7 113
173 12 7 2
173 12 7 123
173 12 7 191
173 12 7 90
173 12 7 9
173 12 7 144
173 12 7 182
173 12 7 20
173 12 8 2
173 12 8 106
173 12 8 200
173 12 8 139
173 12 8 5
173 12 8 147
173 12 8 198
173 12 8 162
173 12 8 9
173 12 8 115
173 12 8 186
173 12 8 49
173 12 8 2
173 12 8 162
173 12 8 192
173 12 8 43
173 12 8 4
173 12 8 101
173 12 8 178
173 12 8 42
173 12 9 8
173 12 9 168
173 12 9 177
173 12 9 66
173 12 9 1
173 12 9 107
173 12 9 186
173 12 9 83
173 12 9 6
173 12 9 94
173 12 9 192
173 12 9 136
173 12 9 10
173 12 9 130
173 12 9 181
173 12 9 95
173 12 9 9
173 12 9 130
173 12 9 199
173 12 9 105
173 12 10 4
173 12 10 165
173 12 10 180
173 12 10 140
173 12 10 10
173 12 10 157
173 12 10 193
173 12 10 177
173 12 10 3
173 12 10 153
173 12 10 185
173 12 10 18
173 12 10 6
173 12 10 172
173 12 10 200
173 12 10 188
173 12 10 4
173 12 10 139
173 12 10 187
173 12 10 51
173 12 11 9
173 12 11 140
173 12 11 182
173 12 11 169
173 12 11 3
173 12 11 163
173 12 11 185
173 12 11 149
173 12 11 1
173 12 11 115
173 12 11 178
173 12 11 140
173 12 11 2
173 12 11 136
173 12 11 191
173 12 11 58
173 12 11 1
173 12 11 163
173 12 11 199
173 12 11 192
173 12 12 1
173 12 12 95
173 12 12 188
173 12 12 18
173 12 12 2
173 12 12 93
173 12 12 189
173 12 12 3
173 12 12 10
173 12 12 119
173 12 12 195
173 12 12 134
173 12 12 7
173 12 12 87
173 12 12 185
173 12 12 111
173 12 12 2
173 12 12 117
173 12 12 196
173 12 12 100
173 12 13 2
173 12 13 98
173 12 13 179
173 12 13 154
173 12 13 2
173 12 13 93
173 12 13 193
173 12 13 62
173 12 13 6
173 12 13 115
173 12 13 177
173 12 13 32
173 12 13 2
173 12 13 92
173 12 13 180
173 12 13 170
173 12 13 1
173 12 13 173
173 12 13 192
173 12 13 150
173 12 14 5
173 12 14 86
173 12 14 186
173 12 14 142
173 12 14 1
173 12 14 118
173 12 14 182
173 12 14 120
173 12 14 3
173 12 14 158
173 12 14 179
173 12 14 200
173 12 14 9
173 12 14 135
173 12 14 194
173 12 14 35
173 12 14 10
173 12 14 150
173 12 14 199
173 12 14 128
173 13 1 3
173 13 1 134
173 13 1 190
173 13 1 165
173 13 1 7
173 13 1 134
173 13 1 188
173 13 1 67
173 13 1 4
173 13 1 106
173 13 1 200
173 13 1 144
173 13 1 4
173 13 1 94
173 13 1 175
173 13 1 65
173 13 1 1
173 13 1 120
173 13 1 193
173 13 1 38
173 13 2 7
173 13 2 160
173 13 2 190
173 13 2 91
173 13 2 6
173 13 2 89
173 13 2 191
173 13 2 196
173 13 2 10
173 13 2 137
173 13 2 182
173 13 2 160
173 13 2 4
173 13 2 131
173 13 2 173
173 13 2 56
173 13 2 2
173 13 2 137
173 13 2 179
173 13 2 60
173 13 3 4
173 13 3 91
173 13 3 191
173 13 3 46
173 13 3 3
173 13 3 169
173 13 3 188
173 13 3 114
173 13 3 1
173 13 3 115
173 13 3 196
173 13 3 56
173 13 3 6
173 13 3 94
173 13 3 193
173 13 3 137
173 13 3 4
173 13 3 170
173 13 3 195
173 13 3 8
173 13 4 5
173 13 4 111
173 13 4 175
173 13 4 76
173 13 4 5
173 13 4 160
173 13 4 200
173 13 4 150
173 13 4 4
173 13 4 146
173 13 4 188
173 13 4 123
173 13 4 1
173 13 4 95
173 13 4 193
173 13 4 146
173 13 4 6
173 13 4 147
173 13 4 175
173 13 4 137
173 13 5 1
173 13 5 94
173 13 5 177
173 13 5 189
173 13 5 6
173 13 5 87
173 13 5 176
173 13 5 70
173 13 5 9
173 13 5 145
173 13 5 200
173 13 5 101
173 13 5 9
173 13 5 112
173 13 5 174
173 13 5 69
173 13 5 7
173 13 5 106
173 13 5 181
173 13 5 185
173 13 6 10
173 13 6 165
173 13 6 193
173 13 6 132
173 13 6 9
173 13 6 93
173 13 6 200
173 13 6 105
173 13 6 8
173 13 6 138
173 13 6 188
173 13 6 42
173 13 6 1
173 13 6 173
173 13 6 181
173 13 6 103
173 13 6 9
173 13 6 165
173 13 6 192
173 13 6 9
173 13 7 6
173 13 7 170
173 13 7 191
173 13 7 32
173 13 7 10
173 13 7 171
173 13 7 177
173 13 7 161
173 13 7 4
173 13 7 146
173 13 7 187
173 13 7 156
173 13 7 5
173 13 7 152
173 13 7 187
173 13 7 117
173 13 7 3
173 13 7 153
173 13 7 193
173 13 7 62
173 13 8 2
173 13 8 92
173 13 8 194
173 13 8 171
173 13 8 4
173 13 8 141
173 13 8 197
173 13 8 85
173 13 8 3
173 13 8 113
173 13 8 198
173 13 8 199
173 13 8 10
173 13 8 91
173 13 8 178
173 13 8 97
173 13 8 5
173 13 8 135
173 13 8 189
173 13 8 152
173 13 9 10
173 13 9 87
173 13 9 177
173 13 9 155
173 13 9 3
173 13 9 117
173 13 9 174
173 13 9 184
173 13 9 9
173 13 9 103
173 13 9 186
173 13 9 135
173 13 9 3
173 13 9 88
173 13 9 185
173 13 9 172
173 13 9 10
173 13 9 106
173 13 9 186
173 13 9 158
173 13 10 1
173 13 10 172
173 13 10 180
173 13 10 4
173 13 10 1
173 13 10 131
173 13 10 195
173 13 10 37
173 13 10 8
173 13 10 102
173 13 10 183
173 13 10 199
173 13 10 1
173 13 10 109
173 13 10 175
173 13 10 157
173 13 10 10
173 13 10 93
173 13 10 176
173 13 10 133
173 13 11 8
173 13 11 154
173 13 11 183
173 13 11 196
173 13 11 9
173 13 11 136
173 13 11 174
173 13 11 144
173 13 11 1
173 13 11 138
173 13 11 190
173 13 11 112
173 13 11 7
173 13 11 137
173 13 11 180
173 13 11 91
173 13 11 8
173 13 11 124
173 13 11 196
173 13 11 119
173 13 12 2
173 13 12 95
173 13 12 176
173 13 12 52
173 13 12 6
173 13 12 121
173 13 12 176
173 13 12 59
173 13 12 6
173 13 12 137
173 13 12 191
173 13 12 172
173 13 12 6
173 13 12 103
173 13 12 185
173 13 12 46
173 13 12 7
173 13 12 119
173 13 12 182
173 13 12 10
173 13 13 4
173 13 13 148
173 13 13 190
173 13 13 190
173 13 13 8
173 13 13 107
173 13 13 192
173 13 13 126
173 13 13 7
173 13 13 143
173 13 13 178
173 13 13 67
173 13 13 2
173 13 13 113
173 13 13 176
173 13 13 70
173 13 13 9
173 13 13 106
173 13 13 200
173 13 13 125
173 13 14 2
173 13 14 112
173 13 14 182
173 13 14 118
173 13 14 5
173 13 14 114
173 13 14 188
173 13 14 43
173 13 14 7
173 13 14 167
173 13 14 181
173 13 14 189
173 13 14 4
173 13 14 114
173 13 14 193
173 13 14 79
173 13 14 6
173 13 14 106
173 13 14 194
173 13 14 183
173 14 1 8
173 14 1 110
173 14 1 185
173 14 1 47
173 14 1 8
173 14 1 168
173 14 1 191
173 14 1 135
173 14 1 4
173 14 1 172
173 14 1 194
173 14 1 142
173 14 1 5
173 14 1 95
173 14 1 189
173 14 1 58
173 14 1 7
173 14 1 126
173 14 1 187
173 14 1 27
173 14 2 8
173 14 2 143
173 14 2 199
173 14 2 110
173 14 2 3
173 14 2 164
173 14 2 191
173 14 2 109
173 14 2 4
173 14 2 142
173 14 2 173
173 14 2 142
173 14 2 4
173 14 2 135
173 14 2 184
173 14 2 96
173 14 2 1
173 14 2 157
173 14 2 197
173 14 2 108
173 14 3 5
173 14 3 108
173 14 3 189
173 14 3 184
173 14 3 7
173 14 3 161
173 14 3 191
173 14 3 45
173 14 3 4
173 14 3 164
173 14 3 199
173 14 3 181
173 14 3 7
173 14 3 97
173 14 3 177
173 14 3 126
173 14 3 6
173 14 3 141
173 14 3 197
173 14 3 143
173 14 4 4
173 14 4 126
173 14 4 190
173 14 4 155
173 14 4 10
173 14 4 117
173 14 4 183
173 14 4 42
173 14 4 6
173 14 4 120
173 14 4 177
173 14 4 10
173 14 4 2
173 14 4 170
173 14 4 195
173 14 4 36
173 14 4 7
173 14 4 165
173 14 4 175
173 14 4 126
173 14 5 10
173 14 5 149
173 14 5 180
173 14 5 137
173 14 5 6
173 14 5 117
173 14 5 175
173 14 5 107
173 14 5 5
173 14 5 117
173 14 5 176
173 14 5 23
173 14 5 8
173 14 5 151
173 14 5 185
173 14 5 39
173 14 5 10
173 14 5 165
173 14 5 183
173 14 5 121
173 14 6 1
173 14 6 122
173 14 6 195
173 14 6 153
173 14 6 5
173 14 6 91
173 14 6 186
173 14 6 137
173 14 6 4
173 14 6 116
173 14 6 181
173 14 6 85
173 14 6 4
173 14 6 118
173 14 6 193
173 14 6 160
173 14 6 2
173 14 6 123
173 14 6 178
173 14 6 52
173 14 7 3
173 14 7 168
173 14 7 200
173 14 7 41
173 14 7 4
173 14 7 170
173 14 7 182
173 14 7 199
173 14 7 3
173 14 7 116
173 14 7 180
173 14 7 35
173 14 7 2
173 14 7 138
173 14 7 189
173 14 7 50
173 14 7 8
173 14 7 135
173 14 7 194
173 14 7 64
173 14 8 9
173 14 8 117
173 14 8 174
173 14 8 6
173 14 8 2
173 14 8 101
173 14 8 193
173 14 8 92
173 14 8 4
173 14 8 115
173 14 8 191
173 14 8 151
173 14 8 7
173 14 8 142
173 14 8 192
173 14 8 105
173 14 8 3
173 14 8 97
173 14 8 187
173 14 8 130
173 14 9 9
173 14 9 113
173 14 9 187
173 14 9 133
173 14 9 3
173 14 9 99
173 14 9 190
173 14 9 78
173 14 9 1
173 14 9 160
173 14 9 195
173 14 9 92
173 14 9 2
173 14 9 135
173 14 9 191
173 14 9 178
173 14 9 1
173 14 9 121
173 14 9 178
173 14 9 53
173 14 10 8
173 14 10 112
173 14 10 173
173 14 10 36
173 14 10 5
173 14 10 93
173 14 10 198
173 14 10 112
173 14 10 9
173 14 10 123
173 14 10 196
173 14 10 148
173 14 10 2
173 14 10 114
173 14 10 183
173 14 10 8
173 14 10 8
173 14 10 161
173 14 10 190
173 14 10 100
173 14 11 9
173 14 11 123
173 14 11 178
173 14 11 69
173 14 11 8
173 14 11 171
173 14 11 190
173 14 11 177
173 14 11 4
173 14 11 116
173 14 11 183
173 14 11 123
173 14 11 5
173 14 11 159
173 14 11 195
173 14 11 120
173 14 11 6
173 14 11 124
173 14 11 183
173 14 11 163
173 14 12 9
173 14 12 90
173 14 12 192
173 14 12 126
173 14 12 4
173 14 12 162
173 14 12 177
173 14 12 127
173 14 12 9
173 14 12 99
173 14 12 189
173 14 12 116
173 14 12 8
173 14 12 151
173 14 12 198
173 14 12 123
173 14 12 1
173 14 12 164
173 14 12 189
173 14 12 4
173 14 13 4
173 14 13 130
173 14 13 197
173 14 13 185
173 14 13 10
173 14 13 140
173 14 13 188
173 14 13 124
173 14 13 1
173 14 13 145
173 14 13 200
173 14 13 90
173 14 13 6
173 14 13 148
173 14 13 190
173 14 13 185
173 14 13 3
173 14 13 131
173 14 13 173
173 14 13 2
173 14 14 6
173 14 14 128
173 14 14 185
173 14 14 81
173 14 14 1
173 14 14 128
173 14 14 186
173 14 14 29
173 14 14 9
173 14 14 106
173 14 14 200
173 14 14 101
173 14 14 2
173 14 14 111
173 14 14 197
173 14 14 69
173 14 14 4
173 14 14 148
173 14 14 173
173 14 14 56
179 1 1 9
179 1 1 103
179 1 1 189
179 1 1 163
179 1 1 6
179 1 1 93
179 1 1 194
179 1 1 1
179 1 1 2
179 1 1 101
179 1 1 183
179 1 1 18
179 1 1 3
179 1 1 95
179 1 1 198
179 1 1 104
179 1 1 1
179 1 1 170
179 1 1 182
179 1 1 149
179 1 2 5
179 1 2 146
179 1 2 196
179 1 2 147
179 1 2 9
179 1 2 177
179 1 2 190
179 1 2 72
179 1 2 5
179 1 2 136
179 1 2 187
179 1 2 42
179 1 2 2
179 1 2 146
179 1 2 194
179 1 2 116
179 1 2 7
179 1 2 136
179 1 2 206
179 1 2 11
179 1 3 10
179 1 3 132
179 1 3 190
179 1 3 109
179 1 3 4
179 1 3 177
179 1 3 204
179 1 3 29
179 1 3 6
179 1 3 161
179 1 3 201
179 1 3 48
179 1 3 10
179 1 3 140
179 1 3 180
179 1 3 116
179 1 3 7
179 1 3 156
179 1 3 192
179 1 3 151
179 1 4 6
179 1 4 108
179 1 4 194
179 1 4 28
179 1 4 9
179 1 4 100
179 1 4 195
179 1 4 157
179 1 4 8
179 1 4 173
179 1 4 182
179 1 4 61
179 1 4 8
179 1 4 145
179 1 4 200
179 1 4 101
179 1 4 2
179 1 4 89
179 1 4 199
179 1 4 60
179 1 5 6
179 1 5 117
179 1 5 193
179 1 5 145
179 1 5 5
179 1 5 135
179 1 5 201
179 1 5 88
179 1 5 1
179 1 5 159
179 1 5 179
179 1 5 49
179 1 5 6
179 1 5 118
179 1 5 205
179 1 5 190
179 1 5 8
179 1 5 165
179 1 5 184
179 1 5 11
179 1 6 7
179 1 6 137
179 1 6 196
179 1 6 150
179 1 6 4
179 1 6 140
179 1 6 191
179 1 6 20
179 1 6 4
179 1 6 89
179 1 6 196
179 1 6 181
179 1 6 7
179 1 6 172
179 1 6 202
179 1 6 159
179 1 6 1
179 1 6 157
179 1 6 189
179 1 6 8
179 1 7 5
179 1 7 165
179 1 7 199
179 1 7 40
179 1 7 7
179 1 7 177
179 1 7 189
179 1 7 73
179 1 7 5
179 1 7 169
179 1 7 206
179 1 7 115
179 1 7 2
179 1 7 109
179 1 7 199
179 1 7 201
179 1 7 10
179 1 7 107
179 1 7 182
179 1 7 70
179 1 8 9
179 1 8 146
179 1 8 205
179 1 8 81
179 1 8 6
179 1 8 90
179 1 8 186
179 1 8 127
179 1 8 4
179 1 8 134
179 1 8 204
179 1 8 112
179 1 8 4
179 1 8 142
179 1 8 204
179 1 8 49
179 1 8 9
179 1 8 136
179 1 8 192
179 1 8 99
179 1 9 9
179 1 9 126
179 1 9 180
179 1 9 160
179 1 9 3
179 1 9 136
179 1 9 189
179 1 9 103
179 1 9 6
179 1 9 134
179 1 9 204
179 1 9 86
179 1 9 5
179 1 9 123
179 1 9 190
179 1 9 117
179 1 9 2
179 1 9 141
179 1 9 203
179 1 9 170
179 1 10 4
179 1 10 135
179 1 10 187
179 1 10 31
179 1 10 7
179 1 10 104
179 1 10 191
179 1 10 134
179 1 10 2
179 1 10 115
179 1 10 197
179 1 10 88
179 1 10 9
179 1 10 143
179 1 10 198
179 1 10 89
179 1 10 4
179 1 10 159
179 1 10 197
179 1 10 134
179 1 11 10
179 1 11 94
179 1 11 190
179 1 11 194
179 1 11 8
179 1 11 97
179 1 11 205
179 1 11 41
179 1 11 5
179 1 11 114
179 1 11 183
179 1 11 60
179 1 11 6
179 1 11 113
179 1 11 195
179 1 11 109
179 1 11 9
179 1 11 158
179 1 11 204
179 1 11 92
179 1 12 9
179 1 12 136
179 1 12 191
179 1 12 32
179 1 12 10
179 1 12 175
179 1 12 198
179 1 12 4
179 1 12 9
179 1 12 174
179 1 12 180
179 1 12 88
179 1 12 4
179 1 12 128
179 1 12 180
179 1 12 160
179 1 12 7
179 1 12 115
179 1 12 184
179 1 12 205
179 1 13 10
179 1 13 123
179 1 13 194
179 1 13 187
179 1 13 9
179 1 13 132
179 1 13 187
179 1 13 13
179 1 13 6
179 1 13 179
179 1 13 179
179 1 13 28
179 1 13 3
179 1 13 131
179 1 13 187
179 1 13 122
179 1 13 8
179 1 13 123
179 1 13 188
179 1 13 8
179 1 14 7
179 1 14 141
179 1 14 189
179 1 14 174
179 1 14 3
179 1 14 172
179 1 14 203
179 1 14 122
179 1 14 4
179 1 14 112
179 1 14 184
179 1 14 94
179 1 14 9
179 1 14 171
179 1 14 202
179 1 14 99
179 1 14 6
179 1 14 137
179 1 14 206
179 1 14 93
179 2 1 5
179 2 1 167
179 2 1 205
179 2 1 172
179 2 1 2
179 2 1 91
179 2 1 192
179 2 1 154
179 2 1 6
179 2 1 92
179 2 1 182
179 2 1 118
179 2 1 3
179 2 1 112
179 2 1 184
179 2 1 117
179 2 1 10
179 2 1 94
179 2 1 201
179 2 1 93
179 2 2 10
179 2 2 90
179 2 2 205
179 2 2 31
179 2 2 6
179 2 2 89
179 2 2 186
179 2 2 148
179 2 2 9
179 2 2 107
179 2 2 182
179 2 2 34
179 2 2 3
179 2 2 141
179 2 2 196
179 2 2 2
179 2 2 2
179 2 2 102
179 2 2 187
179 2 2 165
179 2 3 5
179 2 3 133
179 2 3 181
179 2 3 191
179 2 3 1
179 2 3 105
179 2 3 189
179 2 3 154
179 2 3 5
179 2 3 168
179 2 3 189
179 2 3 15
179 2 3 5
179 2 3 179
179 2 3 186
179 2 3 13
179 2 3 4
179 2 3 90
179 2 3 203
179 2 3 129
179 2 4 8
179 2 4 118
179 2 4 193
179 2 4 3
179 2 4 9
179 2 4 170
179 2 4 204
179 2 4 76
179 2 4 10
179 2 4 121
179 2 4 186
179 2 4 181
179 2 4 8
179 2 4 150
179 2 4 184
179 2 4 112
179 2 4 3
179 2 4 174
179 2 4 196
179 2 4 106
179 2 5 4
179 2 5 136
179 2 5 197
179 2 5 31
179 2 5 10
179 2 5 122
179 2 5 192
179 2 5 84
179 2 5 6
179 2 5 103
179 2 5 189
179 2 5 113
179 2 5 2
179 2 5 115
179 2 5 196
179 2 5 195
179 2 5 7
179 2 5 137
179 2 5 203
179 2 5 98
179 2 6 7
179 2 6 166
179 2 6 198
179 2 6 56
179 2 6 8
179 2 6 97
179 2 6 201
179 2 6 141
179 2 6 1
179 2 6 132
179 2 6 196
179 2 6 61
179 2 6 5
179 2 6 116
179 2 6 199
179 2 6 98
179 2 6 7
179 2 6 108
179 2 6 194
179 2 6 34
179 2 7 10
179 2 7 141
179 2 7 191
179 2 7 95
179 2 7 3
179 2 7 168
179 2 7 182
179 2 7 25
179 2 7 9
179 2 7 132
179 2 7 190
179 2 7 102
179 2 7 9
179 2 7 147
179 2 7 205
179 2 7 198
179 2 7 7
179 2 7 120
179 2 7 202
179 2 7 70
179 2 8 4
179 2 8 165
179 2 8 192
179 2 8 39
179 2 8 9
179 2 8 115
179 2 8 202
179 2 8 95
179 2 8 4
179 2 8 168
179 2 8 199
179 2 8 201
179 2 8 4
179 2 8 103
179 2 8 184
179 2 8 28
179 2 8 7
179 2 8 160
179 2 8 198
179 2 8 42
179 2 9 10
179 2 9 149
179 2 9 195
179 2 9 111
179 2 9 9
179 2 9 170
179 2 9 186
179 2 9 64
179 2 9 10
179 2 9 107
179 2 9 186
179 2 9 118
179 2 9 2
179 2 9 178
179 2 9 182
179 2 9 162
179 2 9 3
179 2 9 143
179 2 9 201
179 2 9 112
179 2 10 3
179 2 10 161
179 2 10 183
179 2 10 97
179 2 10 2
179 2 10 172
179 2 10 190
179 2 10 52
179 2 10 10
179 2 10 137
179 2 10 194
179 2 10 54
179 2 10 5
179 2 10 113
179 2 10 182
179 2 10 70
179 2 10 3
179 2 10 148
179 2 10 185
179 2 10 142
179 2 11 6
179 2 11 153
179 2 11 205
179 2 11 114
179 2 11 6
179 2 11 91
179 2 11 196
179 2 11 89
179 2 11 8
179 2 11 148
179 2 11 179
179 2 11 115
179 2 11 10
179 2 11 145
179 2 11 192
179 2 11 93
179 2 11 2
179 2 11 116
179 2 11 179
179 2 11 152
179 2 12 6
179 2 12 157
179 2 12 196
179 2 12 38
179 2 12 2
179 2 12 92
179 2 12 204
179 2 12 150
179 2 12 5
179 2 12 105
179 2 12 185
179 2 12 108
179 2 12 3
179 2 12 142
179 2 12 199
179 2 12 75
179 2 12 7
179 2 12 123
179 2 12 204
179 2 12 18
179 2 13 5
179 2 13 104
179 2 13 202
179 2 13 28
179 2 13 5
179 2 13 125
179 2 13 202
179 2 13 60
179 2 13 4
179 2 13 167
179 2 13 202
179 2 13 22
179 2 13 1
179 2 13 125
179 2 13 190
179 2 13 94
179 2 13 6
179 2 13 146
179 2 13 184
179 2 13 171
179 2 14 8
179 2 14 95
179 2 14 202
179 2 14 78
179 2 14 2
179 2 14 164
179 2 14 206
179 2 14 125
179 2 14 9
179 2 14 89
179 2 14 181
179 2 14 130
179 2 14 2
179 2 14 153
179 2 14 198
179 2 14 100
179 2 14 10
179 2 14 160
179 2 14 202
179 2 14 17
179 3 1 7
179 3 1 153
179 3 1 183
179 3 1 169
179 3 1 4
179 3 1 172
179 3 1 192
179 3 1 126
179 3 1 6
179 3 1 116
179 3 1 184
179 3 1 107
179 3 1 8
179 3 1 137
179 3 1 203
179 3 1 102
179 3 1 3
179 3 1 178
179 3 1 181
179 3 1 124
179 3 2 1
179 3 2 134
179 3 2 196
179 3 2 70
179 3 2 6
179 3 2 130
179 3 2 184
179 3 2 179
179 3 2 7
179 3 2 102
179 3 2 206
179 3 2 167
179 3 2 1
179 3 2 155
179 3 2 188
179 3 2 120
179 3 2 4
179 3 2 138
179 3 2 203
179 3 2 120
179 3 3 1
179 3 3 105
179 3 3 191
179 3 3 21
179 3 3 6
179 3 3 140
179 3 3 193
179 3 3 161
179 3 3 6
179 3 3 173
179 3 3 186
179 3 3 147
179 3 3 8
179 3 3 143
179 3 3 196
179 3 3 115
179 3 3 7
179 3 3 155
179 3 3 182
179 3 3 130
179 3 4 10
179 3 4 171
179 3 4 205
179 3 4 123
179 3 4 6
179 3 4 98
179 3 4 184
179 3 4 180
179 3 4 8
179 3 4 167
179 3 4 195
179 3 4 184
179 3 4 2
179 3 4 130
179 3 4 192
179 3 4 32
179 3 4 4
179 3 4 115
179 3 4 203
179 3 4 134
179 3 5 2
179 3 5 179
179 3 5 199
179 3 5 167
179 3 5 10
179 3 5 98
179 3 5 190
179 3 5 87
179 3 5 3
179 3 5 102
179 3 5 191
179 3 5 130
179 3 5 1
179 3 5 127
179 3 5 181
179 3 5 123
179 3 5 1
179 3 5 115
179 3 5 180
179 3 5 110
179 3 6 6
179 3 6 170
179 3 6 205
179 3 6 140
179 3 6 3
179 3 6 95
179 3 6 197
179 3 6 201
179 3 6 8
179 3 6 135
179 3 6 203
179 3 6 11
179 3 6 9
179 3 6 134
179 3 6 195
179 3 6 100
179 3 6 6
179 3 6 114
179 3 6 198
179 3 6 67
179 3 7 5
179 3 7 148
179 3 7 189
179 3 7 133
179 3 7 9
179 3 7 125
179 3 7 201
179 3 7 18
179 3 7 6
179 3 7 97
179 3 7 201
179 3 7 100
179 3 7 6
179 3 7 136
179 3 7 185
179 3 7 146
179 3 7 1
179 3 7 113
179 3 7 194
179 3 7 95
179 3 8 10
179 3 8 147
179 3 8 193
179 3 8 159
179 3 8 10
179 3 8 144
179 3 8 200
179 3 8 78
179 3 8 9
179 3 8 98
179 3 8 201
179 3 8 95
179 3 8 6
179 3 8 149
179 3 8 206
179 3 8 155
179 3 8 4
179 3 8 133
179 3 8 204
179 3 8 115
179 3 9 7
179 3 9 148
179 3 9 188
179 3 9 16
179 3 9 8
179 3 9 104
179 3 9 204
179 3 9 50
179 3 9 3
179 3 9 112
179 3 9 179
179 3 9 27
179 3 9 10
179 3 9 95
179 3 9 185
179 3 9 139
179 3 9 8
179 3 9 169
179 3 9 197
179 3 9 85
179 3 10 1
179 3 10 106
179 3 10 184
179 3 10 62
179 3 10 8
179 3 10 120
179 3 10 199
179 3 10 176
179 3 10 1
179 3 10 105
179 3 10 198
179 3 10 169
179 3 10 10
179 3 10 101
179 3 10 202
179 3 10 33
179 3 10 2
179 3 10 165
179 3 10 183
179 3 10 20
179 3 11 1
179 3 11 90
179 3 11 199
179 3 11 65
179 3 11 2
179 3 11 108
179 3 11 196
179 3 11 110
179 3 11 1
179 3 11 96
179 3 11 201
179 3 11 124
179 3 11 4
179 3 11 175
179 3 11 190
179 3 11 173
179 3 11 9
179 3 11 115
179 3 11 189
179 3 11 176
179 3 12 9
179 3 12 105
179 3 12 194
179 3 12 95
179 3 12 6
179 3 12 124
179 3 12 190
179 3 12 110
179 3 12 7
179 3 12 166
179 3 12 179
179 3 12 140
179 3 12 4
179 3 12 179
179 3 12 186
179 3 12 75
179 3 12 2
179 3 12 95
179 3 12 182
179 3 12 68
179 3 13 5
179 3 13 95
179 3 13 182
179 3 13 103
179 3 13 2
179 3 13 123
179 3 13 205
179 3 13 110
179 3 13 7
179 3 13 112
179 3 13 199
179 3 13 56
179 3 13 9
179 3 13 167
179 3 13 184
179 3 13 105
179 3 13 7
179 3 13 165
179 3 13 179
179 3 13 133
179 3 14 6
179 3 14 120
179 3 14 203
179 3 14 194
179 3 14 3
179 3 14 97
179 3 14 192
179 3 14 46
179 3 14 7
179 3 14 144
179 3 14 179
179 3 14 114
179 3 14 2
179 3 14 154
179 3 14 190
179 3 14 205
179 3 14 1
179 3 14 112
179 3 14 197
179 3 14 94
179 4 1 5
179 4 1 162
179 4 1 193
179 4 1 84
179 4 1 3
179 4 1 122
179 4 1 196
179 4 1 81
179 4 1 2
179 4 1 121
179 4 1 190
179 4 1 21
179 4 1 2
179 4 1 113
179 4 1 196
179 4 1 147
179 4 1 6
179 4 1 119
179 4 1 181
179 4 1 67
179 4 2 10
179 4 2 93
179 4 2 205
179 4 2 111
179 4 2 4
179 4 2 160
179 4 2 180
179 4 2 174
179 4 2 7
179 4 2 107
179 4 2 187
179 4 2 145
179 4 2 7
179 4 2 128
179 4 2 180
179 4 2 165
179 4 2 3
179 4 2 111
179 4 2 183
179 4 2 154
179 4 3 9
179 4 3 139
179 4 3 182
179 4 3 179
179 4 3 4
179 4 3 145
179 4 3 182
179 4 3 165
179 4 3 4
179 4 3 146
179 4 3 186
179 4 3 94
179 4 3 7
179 4 3 110
179 4 3 192
179 4 3 86
179 4 3 3
179 4 3 177
179 4 3 195
179 4 3 174
179 4 4 4
179 4 4 155
179 4 4 198
179 4 4 180
179 4 4 1
179 4 4 99
179 4 4 182
179 4 4 193
179 4 4 8
179 4 4 109
179 4 4 204
179 4 4 35
179 4 4 1
179 4 4 142
179 4 4 198
179 4 4 111
179 4 4 4
179 4 4 134
179 4 4 205
179 4 4 199
179 4 5 9
179 4 5 155
179 4 5 196
179 4 5 74
179 4 5 1
179 4 5 126
179 4 5 192
179 4 5 202
179 4 5 9
179 4 5 127
179 4 5 191
179 4 5 91
179 4 5 3
179 4 5 173
179 4 5 193
179 4 5 88
179 4 5 10
179 4 5 151
179 4 5 200
179 4 5 188
179 4 6 10
179 4 6 166
179 4 6 187
179 4 6 187
179 4 6 6
179 4 6 146
179 4 6 199
179 4 6 66
179 4 6 5
179 4 6 117
179 4 6 203
179 4 6 144
179 4 6 1
179 4 6 162
179 4 6 194
179 4 6 205
179 4 6 6
179 4 6 100
179 4 6 192
179 4 6 150
179 4 7 8
179 4 7 131
179 4 7 204
179 4 7 177
179 4 7 7
179 4 7 121
179 4 7 181
179 4 7 123
179 4 7 5
179 4 7 98
179 4 7 183
179 4 7 17
179 4 7 5
179 4 7 154
179 4 7 183
179 4 7 33
179 4 7 5
179 4 7 89
179 4 7 192
179 4 7 167
179 4 8 3
179 4 8 170
179 4 8 198
179 4 8 200
179 4 8 10
179 4 8 143
179 4 8 195
179 4 8 65
179 4 8 7
179 4 8 96
179 4 8 188
179 4 8 175
179 4 8 8
179 4 8 126
179 4 8 200
179 4 8 117
179 4 8 9
179 4 8 137
179 4 8 179
179 4 8 66
179 4 9 8
179 4 9 164
179 4 9 180
179 4 9 50
179 4 9 9
179 4 9 112
179 4 9 183
179 4 9 122
179 4 9 1
179 4 9 132
179 4 9 203
179 4 9 120
179 4 9 7
179 4 9 95
179 4 9 186
179 4 9 85
179 4 9 7
179 4 9 174
179 4 9 181
179 4 9 78
179 4 10 5
179 4 10 161
179 4 10 184
179 4 10 175
179 4 10 10
179 4 10 152
179 4 10 196
179 4 10 23
179 4 10 4
179 4 10 106
179 4 10 190
179 4 10 128
179 4 10 4
179 4 10 159
179 4 10 199
179 4 10 132
179 4 10 4
179 4 10 131
179 4 10 194
179 4 10 45
179 4 11 9
179 4 11 125
179 4 11 196
179 4 11 147
179 4 11 1
179 4 11 159
179 4 11 201
179 4 11 128
179 4 11 5
179 4 11 131
179 4 11 196
179 4 11 113
179 4 11 2
179 4 11 130
179 4 11 201
179 4 11 173
179 4 11 10
179 4 11 90
179 4 11 193
179 4 11 95
179 4 12 10
179 4 12 112
179 4 12 189
179 4 12 24
179 4 12 8
179 4 12 106
179 4 12 204
179 4 12 174
179 4 12 1
179 4 12 92
179 4 12 205
179 4 12 135
179 4 12 5
179 4 12 94
179 4 12 199
179 4 12 131
179 4 12 7
179 4 12 122
179 4 12 183
179 4 12 184
179 4 13 1
179 4 13 92
179 4 13 206
179 4 13 18
179 4 13 9
179 4 13 118
179 4 13 184
179 4 13 62
179 4 13 1
179 4 13 142
179 4 13 195
179 4 13 64
179 4 13 6
179 4 13 103
179 4 13 201
179 4 13 167
179 4 13 9
179 4 13 166
179 4 13 192
179 4 13 38
179 4 14 5
179 4 14 151
179 4 14 192
179 4 14 21
179 4 14 4
179 4 14 94
179 4 14 202
179 4 14 158
179 4 14 7
179 4 14 89
179 4 14 193
179 4 14 2
179 4 14 5
179 4 14 97
179 4 14 190
179 4 14 82
179 4 14 6
179 4 14 106
179 4 14 202
179 4 14 204
179 5 1 6
179 5 1 138
179 5 1 198
179 5 1 157
179 5 1 2
179 5 1 92
179 5 1 201
179 5 1 103
179 5 1 4
179 5 1 112
179 5 1 189
179 5 1 37
179 5 1 4
179 5 1 134
179 5 1 205
179 5 1 39
179 5 1 3
179 5 1 144
179 5 1 201
179 5 1 114
179 5 2 3
179 5 2 164
179 5 2 193
179 5 2 109
179 5 2 5
179 5 2 132
179 5 2 191
179 5 2 100
179 5 2 9
179 5 2 135
179 5 2 199
179 5 2 64
179 5 2 7
179 5 2 114
179 5 2 182
179 5 2 29
179 5 2 10
179 5 2 116
179 5 2 191
179 5 2 47
179 5 3 7
179 5 3 138
179 5 3 201
179 5 3 166
179 5 3 3
179 5 3 155
179 5 3 200
179 5 3 134
179 5 3 3
179 5 3 93
179 5 3 199
179 5 3 103
179 5 3 4
179 5 3 110
179 5 3 192
179 5 3 196
179 5 3 7
179 5 3 89
179 5 3 193
179 5 3 29
179 5 4 2
179 5 4 89
179 5 4 182
179 5 4 185
179 5 4 7
179 5 4 125
179 5 4 197
179 5 4 204
179 5 4 3
179 5 4 114
179 5 4 193
179 5 4 59
179 5 4 6
179 5 4 123
179 5 4 183
179 5 4 87
179 5 4 8
179 5 4 175
179 5 4 195
179 5 4 206
179 5 5 3
179 5 5 103
179 5 5 206
179 5 5 93
179 5 5 1
179 5 5 150
179 5 5 192
179 5 5 69
179 5 5 9
179 5 5 143
179 5 5 198
179 5 5 44
179 5 5 6
179 5 5 112
179 5 5 188
179 5 5 14
179 5 5 1
179 5 5 165
179 5 5 190
179 5 5 204
179 5 6 9
179 5 6 156
179 5 6 179
179 5 6 203
179 5 6 7
179 5 6 95
179 5 6 196
179 5 6 23
179 5 6 9
179 5 6 136
179 5 6 201
179 5 6 40
179 5 6 1
179 5 6 138
179 5 6 181
179 5 6 38
179 5 6 10
179 5 6 129
179 5 6 196
179 5 6 176
179 5 7 8
179 5 7 109
179 5 7 184
179 5 7 14
179 5 7 2
179 5 7 166
179 5 7 199
179 5 7 151
179 5 7 10
179 5 7 148
179 5 7 186
179 5 7 27
179 5 7 10
179 5 7 156
179 5 7 183
179 5 7 151
179 5 7 9
179 5 7 100
179 5 7 183
179 5 7 148
179 5 8 10
179 5 8 144
179 5 8 184
179 5 8 155
179 5 8 10
179 5 8 135
179 5 8 179
179 5 8 125
179 5 8 3
179 5 8 149
179 5 8 182
179 5 8 156
179 5 8 5
179 5 8 104
179 5 8 196
179 5 8 71
179 5 8 9
179 5 8 168
179 5 8 181
179 5 8 40
179 5 9 10
179 5 9 96
179 5 9 184
179 5 9 131
179 5 9 5
179 5 9 127
179 5 9 197
179 5 9 61
179 5 9 6
179 5 9 95
179 5 9 185
179 5 9 141
179 5 9 8
179 5 9 169
179 5 9 183
179 5 9 133
179 5 9 1
179 5 9 140
179 5 9 203
179 5 9 42
179 5 10 2
179 5 10 148
179 5 10 200
179 5 10 151
179 5 10 2
179 5 10 179
179 5 10 202
179 5 10 5
179 5 10 8
179 5 10 106
179 5 10 192
179 5 10 86
179 5 10 8
179 5 10 111
179 5 10 191
179 5 10 206
179 5 10 6
179 5 10 128
179 5 10 201
179 5 10 39
179 5 11 4
179 5 11 168
179 5 11 181
179 5 11 132
179 5 11 9
179 5 11 117
179 5 11 181
179 5 11 74
179 5 11 6
179 5 11 98
179 5 11 192
179 5 11 46
179 5 11 9
179 5 11 172
179 5 11 203
179 5 11 75
179 5 11 10
179 5 11 173
179 5 11 188
179 5 11 70
179 5 12 1
179 5 12 163
179 5 12 192
179 5 12 159
179 5 12 9
179 5 12 155
179 5 12 181
179 5 12 28
179 5 12 4
179 5 12 166
179 5 12 183
179 5 12 188
179 5 12 3
179 5 12 102
179 5 12 200
179 5 12 79
179 5 12 2
179 5 12 153
179 5 12 188
179 5 12 30
179 5 13 3
179 5 13 176
179 5 13 180
179 5 13 179
179 5 13 6
179 5 13 112
179 5 13 190
179 5 13 99
179 5 13 1
179 5 13 90
179 5 13 199
179 5 13 62
179 5 13 3
179 5 13 146
179 5 13 196
179 5 13 144
179 5 13 7
179 5 13 139
179 5 13 188
179 5 13 54
179 5 14 1
179 5 14 137
179 5 14 205
179 5 14 170
179 5 14 8
179 5 14 125
179 5 14 181
179 5 14 160
179 5 14 6
179 5 14 100
179 5 14 205
179 5 14 162
179 5 14 3
179 5 14 137
179 5 14 179
179 5 14 62
179 5 14 4
179 5 14 102
179 5 14 183
179 5 14 85
179 6 1 1
179 6 1 164
179 6 1 195
179 6 1 131
179 6 1 7
179 6 1 154
179 6 1 185
179 6 1 135
179 6 1 7
179 6 1 165
179 6 1 203
179 6 1 195
179 6 1 1
179 6 1 155
179 6 1 189
179 6 1 120
179 6 1 6
179 6 1 150
179 6 1 200
179 6 1 200
179 6 2 8
179 6 2 128
179 6 2 197
179 6 2 133
179 6 2 3
179 6 2 178
179 6 2 183
179 6 2 90
179 6 2 9
179 6 2 163
179 6 2 183
179 6 2 126
179 6 2 4
179 6 2 133
179 6 2 185
179 6 2 27
179 6 2 8
179 6 2 109
179 6 2 195
179 6 2 81
179 6 3 3
179 6 3 172
179 6 3 196
179 6 3 55
179 6 3 3
179 6 3 104
179 6 3 194
179 6 3 6
179 6 3 2
179 6 3 107
179 6 3 202
179 6 3 141
179 6 3 3
179 6 3 99
179 6 3 202
179 6 3 150
179 6 3 5
179 6 3 146
179 6 3 197
179 6 3 133
179 6 4 5
179 6 4 108
179 6 4 180
179 6 4 118
179 6 4 6
179 6 4 135
179 6 4 198
179 6 4 202
179 6 4 10
179 6 4 110
179 6 4 187
179 6 4 67
179 6 4 3
179 6 4 138
179 6 4 202
179 6 4 88
179 6 4 7
179 6 4 98
179 6 4 183
179 6 4 156
179 6 5 4
179 6 5 152
179 6 5 193
179 6 5 184
179 6 5 9
179 6 5 172
179 6 5 196
179 6 5 11
179 6 5 9
179 6 5 171
179 6 5 206
179 6 5 39
179 6 5 1
179 6 5 104
179 6 5 204
179 6 5 66
179 6 5 4
179 6 5 165
179 6 5 205
179 6 5 36
179 6 6 9
179 6 6 176
179 6 6 180
179 6 6 92
179 6 6 6
179 6 6 142
179 6 6 199
179 6 6 191
179 6 6 1
179 6 6 162
179 6 6 185
179 6 6 164
179 6 6 7
179 6 6 111
179 6 6 188
179 6 6 132
179 6 6 6
179 6 6 138
179 6 6 202
179 6 6 180
179 6 7 2
179 6 7 163
179 6 7 194
179 6 7 118
179 6 7 6
179 6 7 139
179 6 7 194
179 6 7 189
179 6 7 7
179 6 7 117
179 6 7 199
179 6 7 80
179 6 7 1
179 6 7 179
179 6 7 193
179 6 7 157
179 6 7 7
179 6 7 177
179 6 7 182
179 6 7 52
179 6 8 9
179 6 8 115
179 6 8 180
179 6 8 122
179 6 8 6
179 6 8 134
179 6 8 184
179 6 8 193
179 6 8 6
179 6 8 117
179 6 8 194
179 6 8 104
179 6 8 10
179 6 8 134
179 6 8 191
179 6 8 51
179 6 8 4
179 6 8 93
179 6 8 196
179 6 8 57
179 6 9 8
179 6 9 126
179 6 9 187
179 6 9 123
179 6 9 8
179 6 9 153
179 6 9 180
179 6 9 190
179 6 9 10
179 6 9 137
179 6 9 179
179 6 9 121
179 6 9 6
179 6 9 161
179 6 9 182
179 6 9 2
179 6 9 7
179 6 9 128
179 6 9 202
179 6 9 33
179 6 10 8
179 6 10 158
179 6 10 206
179 6 10 203
179 6 10 3
179 6 10 134
179 6 10 191
179 6 10 168
179 6 10 1
179 6 10 93
179 6 10 204
179 6 10 41
179 6 10 5
179 6 10 159
179 6 10 202
179 6 10 113
179 6 10 9
179 6 10 158
179 6 10 200
179 6 10 132
179 6 11 6
179 6 11 105
179 6 11 188
179 6 11 18
179 6 11 8
179 6 11 158
179 6 11 189
179 6 11 43
179 6 11 4
179 6 11 89
179 6 11 195
179 6 11 121
179 6 11 10
179 6 11 98
179 6 11 198
179 6 11 129
179 6 11 4
179 6 11 164
179 6 11 195
179 6 11 14
179 6 12 1
179 6 12 176
179 6 12 187
179 6 12 110
179 6 12 9
179 6 12 117
179 6 12 200
179 6 12 16
179 6 12 1
179 6 12 136
179 6 12 188
179 6 12 10
179 6 12 10
179 6 12 149
179 6 12 201
179 6 12 177
179 6 12 10
179 6 12 123
179 6 12 181
179 6 12 96
179 6 13 4
179 6 13 98
179 6 13 194
179 6 13 129
179 6 13 10
179 6 13 179
179 6 13 198
179 6 13 171
179 6 13 9
179 6 13 106
179 6 13 192
179 6 13 3
179 6 13 9
179 6 13 154
179 6 13 202
179 6 13 165
179 6 13 6
179 6 13 105
179 6 13 187
179 6 13 195
179 6 14 3
179 6 14 133
179 6 14 195
179 6 14 116
179 6 14 6
179 6 14 130
179 6 14 194
179 6 14 136
179 6 14 2
179 6 14 111
179 6 14 180
179 6 14 90
179 6 14 1
179 6 14 134
179 6 14 189
179 6 14 102
179 6 14 9
179 6 14 120
179 6 14 197
179 6 14 81
179 7 1 2
179 7 1 144
179 7 1 179
179 7 1 198
179 7 1 3
179 7 1 169
179 7 1 202
179 7 1 160
179 7 1 7
179 7 1 153
179 7 1 188
179 7 1 170
179 7 1 3
179 7 1 123
179 7 1 186
179 7 1 56
179 7 1 10
179 7 1 90
179 7 1 189
179 7 1 99
179 7 2 7
179 7 2 173
179 7 2 197
179 7 2 132
179 7 2 5
179 7 2 141
179 7 2 206
179 7 2 24
179 7 2 10
179 7 2 149
179 7 2 192
179 7 2 187
179 7 2 4
179 7 2 96
179 7 2 182
179 7 2 36
179 7 2 6
179 7 2 148
179 7 2 185
179 7 2 113
179 7 3 2
179 7 3 120
179 7 3 182
179 7 3 130
179 7 3 4
179 7 3 94
179 7 3 192
179 7 3 177
179 7 3 10
179 7 3 151
179 7 3 201
179 7 3 204
179 7 3 10
179 7 3 163
179 7 3 183
179 7 3 145
179 7 3 3
179 7 3 117
179 7 3 185
179 7 3 52
179 7 4 10
179 7 4 119
179 7 4 183
179 7 4 18
179 7 4 5
179 7 4 101
179 7 4 200
179 7 4 23
179 7 4 2
179 7 4 125
179 7 4 195
179 7 4 16
179 7 4 5
179 7 4 95
179 7 4 182
179 7 4 71
179 7 4 1
179 7 4 114
179 7 4 192
179 7 4 15
179 7 5 4
179 7 5 108
179 7 5 201
179 7 5 189
179 7 5 5
179 7 5 135
179 7 5 199
179 7 5 98
179 7 5 8
179 7 5 91
179 7 5 204
179 7 5 155
179 7 5 7
179 7 5 174
179 7 5 202
179 7 5 180
179 7 5 4
179 7 5 139
179 7 5 189
179 7 5 102
179 7 6 2
179 7 6 143
179 7 6 187
179 7 6 78
179 7 6 4
179 7 6 107
179 7 6 193
179 7 6 147
179 7 6 7
179 7 6 136
179 7 6 204
179 7 6 162
179 7 6 2
179 7 6 89
179 7 6 185
179 7 6 12
179 7 6 9
179 7 6 154
179 7 6 191
179 7 6 149
179 7 7 4
179 7 7 178
179 7 7 179
179 7 7 105
179 7 7 2
179 7 7 105
179 7 7 195
179 7 7 18
179 7 7 7
179 7 7 89
179 7 7 187
179 7 7 84
179 7 7 2
179 7 7 126
179 7 7 193
179 7 7 50
179 7 7 9
179 7 7 174
179 7 7 185
179 7 7 139
179 7 8 2
179 7 8 119
179 7 8 192
179 7 8 60
179 7 8 6
179 7 8 120
179 7 8 193
179 7 8 7
179 7 8 1
179 7 8 96
179 7 8 199
179 7 8 67
179 7 8 3
179 7 8 124
179 7 8 195
179 7 8 106
179 7 8 10
179 7 8 152
179 7 8 195
179 7 8 118
179 7 9 8
179 7 9 116
179 7 9 204
179 7 9 206
179 7 9 2
179 7 9 178
179 7 9 189
179 7 9 51
179 7 9 2
179 7 9 173
179 7 9 193
179 7 9 116
179 7 9 10
179 7 9 94
179 7 9 186
179 7 9 118
179 7 9 5
179 7 9 106
179 7 9 185
179 7 9 25
179 7 10 8
179 7 10 89
179 7 10 197
179 7 10 99
179 7 10 6
179 7 10 107
179 7 10 200
179 7 10 66
179 7 10 10
179 7 10 166
179 7 10 185
179 7 10 29
179 7 10 3
179 7 10 131
179 7 10 193
179 7 10 55
179 7 10 10
179 7 10 169
179 7 10 200
179 7 10 11
179 7 11 8
179 7 11 169
179 7 11 197
179 7 11 79
179 7 11 2
179 7 11 133
179 7 11 198
179 7 11 162
179 7 11 6
179 7 11 118
179 7 11 187
179 7 11 119
179 7 11 7
179 7 11 171
179 7 11 179
179 7 11 32
179 7 11 3
179 7 11 146
179 7 11 196
179 7 11 188
179 7 12 3
179 7 12 174
179 7 12 182
179 7 12 107
179 7 12 2
179 7 12 149
179 7 12 205
179 7 12 2
179 7 12 3
179 7 12 89
179 7 12 206
179 7 12 114
179 7 12 4
179 7 12 151
179 7 12 183
179 7 12 51
179 7 12 4
179 7 12 95
179 7 12 191
179 7 12 175
179 7 13 7
179 7 13 127
179 7 13 192
179 7 13 190
179 7 13 1
179 7 13 94
179 7 13 181
179 7 13 129
179 7 13 10
179 7 13 134
179 7 13 193
179 7 13 91
179 7 13 6
179 7 13 106
179 7 13 195
179 7 13 72
179 7 13 5
179 7 13 94
179 7 13 202
179 7 13 126
179 7 14 8
179 7 14 135
179 7 14 198
179 7 14 190
179 7 14 5
179 7 14 123
179 7 14 198
179 7 14 77
179 7 14 6
179 7 14 146
179 7 14 206
179 7 14 41
179 7 14 6
179 7 14 170
179 7 14 182
179 7 14 85
179 7 14 9
179 7 14 135
179 7 14 190
179 7 14 131
179 8 1 9
179 8 1 111
179 8 1 202
179 8 1 87
179 8 1 7
179 8 1 145
179 8 1 193
179 8 1 177
179 8 1 2
179 8 1 91
179 8 1 194
179 8 1 188
179 8 1 7
179 8 1 150
179 8 1 191
179 8 1 199
179 8 1 9
179 8 1 139
179 8 1 192
179 8 1 26
179 8 2 9
179 8 2 165
179 8 2 199
179 8 2 56
179 8 2 1
179 8 2 135
179 8 2 185
179 8 2 31
179 8 2 1
179 8 2 132
179 8 2 189
179 8 2 159
179 8 2 3
179 8 2 99
179 8 2 180
179 8 2 202
179 8 2 7
179 8 2 133
179 8 2 188
179 8 2 36
179 8 3 2
179 8 3 119
179 8 3 179
179 8 3 152
179 8 3 5
179 8 3 179
179 8 3 192
179 8 3 129
179 8 3 3
179 8 3 156
179 8 3 198
179 8 3 114
179 8 3 9
179 8 3 161
179 8 3 200
179 8 3 68
179 8 3 2
179 8 3 107
179 8 3 203
179 8 3 51
179 8 4 10
179 8 4 153
179 8 4 185
179 8 4 198
179 8 4 6
179 8 4 122
179 8 4 179
179 8 4 118
179 8 4 9
179 8 4 97
179 8 4 180
179 8 4 162
179 8 4 9
179 8 4 150
179 8 4 197
179 8 4 34
179 8 4 6
179 8 4 168
179 8 4 197
179 8 4 25
179 8 5 8
179 8 5 116
179 8 5 193
179 8 5 180
179 8 5 6
179 8 5 105
179 8 5 182
179 8 5 19
179 8 5 5
179 8 5 119
179 8 5 189
179 8 5 28
179 8 5 6
179 8 5 102
179 8 5 189
179 8 5 50
179 8 5 6
179 8 5 139
179 8 5 183
179 8 5 61
179 8 6 2
179 8 6 111
179 8 6 201
179 8 6 24
179 8 6 1
179 8 6 137
179 8 6 196
179 8 6 133
179 8 6 10
179 8 6 155
179 8 6 180
179 8 6 153
179 8 6 7
179 8 6 143
179 8 6 181
179 8 6 159
179 8 6 1
179 8 6 92
179 8 6 192
179 8 6 131
179 8 7 10
179 8 7 147
179 8 7 199
179 8 7 166
179 8 7 2
179 8 7 169
179 8 7 201
179 8 7 82
179 8 7 1
179 8 7 161
179 8 7 196
179 8 7 92
179 8 7 3
179 8 7 140
179 8 7 187
179 8 7 102
179 8 7 4
179 8 7 146
179 8 7 184
179 8 7 48
179 8 8 9
179 8 8 142
179 8 8 190
179 8 8 169
179 8 8 3
179 8 8 103
179 8 8 189
179 8 8 156
179 8 8 7
179 8 8 111
179 8 8 194
179 8 8 94
179 8 8 10
179 8 8 105
179 8 8 183
179 8 8 5
179 8 8 7
179 8 8 123
179 8 8 185
179 8 8 131
179 8 9 9
179 8 9 121
179 8 9 191
179 8 9 23
179 8 9 8
179 8 9 90
179 8 9 179
179 8 9 156
179 8 9 9
179 8 9 94
179 8 9 198
179 8 9 17
179 8 9 9
179 8 9 91
179 8 9 196
179 8 9 9
179 8 9 6
179 8 9 163
179 8 9 198
179 8 9 141
179 8 10 9
179 8 10 168
179 8 10 181
179 8 10 96
179 8 10 4
179 8 10 168
179 8 10 179
179 8 10 62
179 8 10 2
179 8 10 141
179 8 10 201
179 8 10 105
179 8 10 1
179 8 10 115
179 8 10 200
179 8 10 32
179 8 10 6
179 8 10 129
179 8 10 194
179 8 10 73
179 8 11 6
179 8 11 164
179 8 11 200
179 8 11 124
179 8 11 5
179 8 11 131
179 8 11 181
179 8 11 164
179 8 11 9
179 8 11 108
179 8 11 191
179 8 11 195
179 8 11 9
179 8 11 144
179 8 11 189
179 8 11 9
179 8 11 3
179 8 11 122
179 8 11 203
179 8 11 39
179 8 12 3
179 8 12 91
179 8 12 192
179 8 12 47
179 8 12 7
179 8 12 113
179 8 12 182
179 8 12 205
179 8 12 1
179 8 12 149
179 8 12 202
179 8 12 21
179 8 12 1
179 8 12 122
179 8 12 189
179 8 12 173
179 8 12 3
179 8 12 158
179 8 12 202
179 8 12 22
179 8 13 9
179 8 13 89
179 8 13 201
179 8 13 179
179 8 13 6
179 8 13 108
179 8 13 188
179 8 13 95
179 8 13 8
179 8 13 125
179 8 13 192
179 8 13 154
179 8 13 8
179 8 13 119
179 8 13 196
179 8 13 79
179 8 13 3
179 8 13 157
179 8 13 195
179 8 13 124
179 8 14 7
179 8 14 130
179 8 14 184
179 8 14 202
179 8 14 8
179 8 14 116
179 8 14 186
179 8 14 74
179 8 14 3
179 8 14 107
179 8 14 183
179 8 14 90
179 8 14 7
179 8 14 158
179 8 14 198
179 8 14 79
179 8 14 5
179 8 14 154
179 8 14 181
179 8 14 201
179 9 1 7
179 9 1 158
179 9 1 181
179 9 1 173
179 9 1 10
179 9 1 138
179 9 1 181
179 9 1 191
179 9 1 8
179 9 1 174
179 9 1 192
179 9 1 31
179 9 1 2
179 9 1 136
179 9 1 201
179 9 1 87
179 9 1 6
179 9 1 174
179 9 1 188
179 9 1 110
179 9 2 6
179 9 2 166
179 9 2 199
179 9 2 105
179 9 2 10
179 9 2 158
179 9 2 198
179 9 2 112
179 9 2 10
179 9 2 128
179 9 2 187
179 9 2 24
179 9 2 5
179 9 2 125
179 9 2 189
179 9 2 164
179 9 2 4
179 9 2 110
179 9 2 181
179 9 2 16
179 9 3 4
179 9 3 156
179 9 3 199
179 9 3 30
179 9 3 2
179 9 3 90
179 9 3 180
179 9 3 202
179 9 3 2
179 9 3 162
179 9 3 205
179 9 3 181
179 9 3 1
179 9 3 136
179 9 3 206
179 9 3 111
179 9 3 6
179 9 3 121
179 9 3 192
179 9 3 66
179 9 4 10
179 9 4 118
179 9 4 193
179 9 4 92
179 9 4 2
179 9 4 156
179 9 4 180
179 9 4 139
179 9 4 10
179 9 4 165
179 9 4 191
179 9 4 90
179 9 4 3
179 9 4 172
179 9 4 192
179 9 4 86
179 9 4 2
179 9 4 138
179 9 4 183
179 9 4 180
179 9 5 5
179 9 5 118
179 9 5 183
179 9 5 201
179 9 5 9
179 9 5 159
179 9 5 205
179 9 5 21
179 9 5 3
179 9 5 170
179 9 5 195
179 9 5 76
179 9 5 5
179 9 5 157
179 9 5 188
179 9 5 86
179 9 5 6
179 9 5 129
179 9 5 182
179 9 5 37
179 9 6 7
179 9 6 119
179 9 6 187
179 9 6 79
179 9 6 7
179 9 6 112
179 9 6 202
179 9 6 177
179 9 6 9
179 9 6 174
179 9 6 187
179 9 6 43
179 9 6 3
179 9 6 135
179 9 6 194
179 9 6 170
179 9 6 6
179 9 6 169
179 9 6 185
179 9 6 40
179 9 7 4
179 9 7 156
179 9 7 205
179 9 7 125
179 9 7 7
179 9 7 163
179 9 7 197
179 9 7 158
179 9 7 8
179 9 7 125
179 9 7 198
179 9 7 88
179 9 7 3
179 9 7 119
179 9 7 204
179 9 7 90
179 9 7 6
179 9 7 151
179 9 7 203
179 9 7 89
179 9 8 7
179 9 8 122
179 9 8 195
179 9 8 76
179 9 8 7
179 9 8 106
179 9 8 191
179 9 8 102
179 9 8 3
179 9 8 173
179 9 8 188
179 9 8 50
179 9 8 5
179 9 8 147
179 9 8 180
179 9 8 89
179 9 8 8
179 9 8 151
179 9 8 194
179 9 8 100
179 9 9 2
179 9 9 97
179 9 9 188
179 9 9 94
179 9 9 8
179 9 9 145
179 9 9 199
179 9 9 78
179 9 9 2
179 9 9 124
179 9 9 179
179 9 9 201
179 9 9 1
179 9 9 158
179 9 9 195
179 9 9 19
179 9 9 4
179 9 9 95
179 9 9 191
179 9 9 45
179 9 10 10
179 9 10 132
179 9 10 188
179 9 10 32
179 9 10 6
179 9 10 145
179 9 10 197
179 9 10 197
179 9 10 10
179 9 10 116
179 9 10 181
179 9 10 24
179 9 10 10
179 9 10 105
179 9 10 183
179 9 10 134
179 9 10 9
179 9 10 119
179 9 10 193
179 9 10 182
179 9 11 1
179 9 11 94
179 9 11 204
179 9 11 145
179 9 11 9
179 9 11 156
179 9 11 201
179 9 11 175
179 9 11 3
179 9 11 115
179 9 11 193
179 9 11 160
179 9 11 6
179 9 11 157
179 9 11 190
179 9 11 56
179 9 11 10
179 9 11 107
179 9 11 197
179 9 11 30
179 9 12 8
179 9 12 126
179 9 12 193
179 9 12 92
179 9 12 9
179 9 12 127
179 9 12 198
179 9 12 61
179 9 12 6
179 9 12 108
179 9 12 196
179 9 12 139
179 9 12 9
179 9 12 137
179 9 12 179
179 9 12 59
179 9 12 5
179 9 12 103
179 9 12 204
179 9 12 39
179 9 13 6
179 9 13 144
179 9 13 197
179 9 13 82
179 9 13 5
179 9 13 123
179 9 13 192
179 9 13 109
179 9 13 5
179 9 13 178
179 9 13 189
179 9 13 74
179 9 13 4
179 9 13 179
179 9 13 187
179 9 13 189
179 9 13 6
179 9 13 139
179 9 13 188
179 9 13 27
179 9 14 9
179 9 14 117
179 9 14 202
179 9 14 65
179 9 14 2
179 9 14 127
179 9 14 198
179 9 14 194
179 9 14 10
179 9 14 174
179 9 14 181
179 9 14 168
179 9 14 10
179 9 14 146
179 9 14 204
179 9 14 9
179 9 14 7
179 9 14 92
179 9 14 183
179 9 14 63
179 10 1 10
179 10 1 113
179 10 1 198
179 10 1 92
179 10 1 9
179 10 1 128
179 10 1 186
179 10 1 32
179 10 1 4
179 10 1 155
179 10 1 183
179 10 1 123
179 10 1 6
179 10 1 129
179 10 1 194
179 10 1 93
179 10 1 3
179 10 1 151
179 10 1 206
179 10 1 165
179 10 2 5
179 10 2 101
179 10 2 197
179 10 2 192
179 10 2 4
179 10 2 179
179 10 2 185
179 10 2 37
179 10 2 5
179 10 2 137
179 10 2 187
179 10 2 100
179 10 2 4
179 10 2 101
179 10 2 197
179 10 2 71
179 10 2 8
179 10 2 176
179 10 2 187
179 10 2 195
179 10 3 6
179 10 3 173
179 10 3 181
179 10 3 3
179 10 3 10
179 10 3 164
179 10 3 187
179 10 3 109
179 10 3 4
179 10 3 90
179 10 3 190
179 10 3 152
179 10 3 4
179 10 3 165
179 10 3 206
179 10 3 129
179 10 3 7
179 10 3 99
179 10 3 183
179 10 3 159
179 10 4 6
179 10 4 119
179 10 4 188
179 10 4 165
179 10 4 10
179 10 4 123
179 10 4 188
179 10 4 8
179 10 4 4
179 10 4 167
179 10 4 187
179 10 4 196
179 10 4 6
179 10 4 105
179 10 4 201
179 10 4 198
179 10 4 1
179 10 4 133
179 10 4 187
179 10 4 68
179 10 5 3
179 10 5 166
179 10 5 205
179 10 5 147
179 10 5 6
179 10 5 131
179 10 5 180
179 10 5 112
179 10 5 9
179 10 5 96
179 10 5 179
179 10 5 169
179 10 5 1
179 10 5 161
179 10 5 188
179 10 5 145
179 10 5 9
179 10 5 105
179 10 5 182
179 10 5 32
179 10 6 8
179 10 6 170
179 10 6 196
179 10 6 188
179 10 6 6
179 10 6 138
179 10 6 199
179 10 6 121
179 10 6 2
179 10 6 92
179 10 6 181
179 10 6 145
179 10 6 3
179 10 6 148
179 10 6 187
179 10 6 52
179 10 6 10
179 10 6 151
179 10 6 182
179 10 6 54
179 10 7 7
179 10 7 112
179 10 7 182
179 10 7 164
179 10 7 5
179 10 7 143
179 10 7 190
179 10 7 91
179 10 7 6
179 10 7 177
179 10 7 202
179 10 7 128
179 10 7 1
179 10 7 162
179 10 7 199
179 10 7 104
179 10 7 9
179 10 7 172
179 10 7 194
179 10 7 9
179 10 8 2
179 10 8 89
179 10 8 189
179 10 8 13
179 10 8 10
179 10 8 155
179 10 8 199
179 10 8 79
179 10 8 5
179 10 8 172
179 10 8 184
179 10 8 127
179 10 8 10
179 10 8 136
179 10 8 190
179 10 8 192
179 10 8 1
179 10 8 167
179 10 8 206
179 10 8 157
179 10 9 8
179 10 9 148
179 10 9 204
179 10 9 64
179 10 9 2
179 10 9 156
179 10 9 192
179 10 9 32
179 10 9 7
179 10 9 137
179 10 9 180
179 10 9 185
179 10 9 3
179 10 9 175
179 10 9 202
179 10 9 199
179 10 9 5
179 10 9 149
179 10 9 180
179 10 9 184
179 10 10 5
179 10 10 165
179 10 10 184
179 10 10 18
179 10 10 10
179 10 10 164
179 10 10 191
179 10 10 154
179 10 10 4
179 10 10 152
179 10 10 206
179 10 10 81
179 10 10 7
179 10 10 116
179 10 10 186
179 10 10 50
179 10 10 8
179 10 10 106
179 10 10 198
179 10 10 133
179 10 11 1
179 10 11 100
179 10 11 205
179 10 11 18
179 10 11 9
179 10 11 122
179 10 11 179
179 10 11 119
179 10 11 4
179 10 11 165
179 10 11 182
179 10 11 20
179 10 11 7
179 10 11 152
179 10 11 182
179 10 11 132
179 10 11 6
179 10 11 134
179 10 11 181
179 10 11 138
179 10 12 8
179 10 12 160
179 10 12 199
179 10 12 103
179 10 12 7
179 10 12 174
179 10 12 198
179 10 12 50
179 10 12 6
179 10 12 131
179 10 12 204
179 10 12 172
179 10 12 3
179 10 12 143
179 10 12 206
179 10 12 179
179 10 12 10
179 10 12 151
179 10 12 205
179 10 12 144
179 10 13 5
179 10 13 166
179 10 13 182
179 10 13 125
179 10 13 5
179 10 13 164
179 10 13 187
179 10 13 41
179 10 13 8
179 10 13 144
179 10 13 180
179 10 13 58
179 10 13 9
179 10 13 93
179 10 13 203
179 10 13 115
179 10 13 8
179 10 13 117
179 10 13 203
179 10 13 73
179 10 14 1
179 10 14 99
179 10 14 182
179 10 14 57
179 10 14 5
179 10 14 95
179 10 14 205
179 10 14 72
179 10 14 2
179 10 14 103
179 10 14 183
179 10 14 113
179 10 14 4
179 10 14 149
179 10 14 187
179 10 14 31
179 10 14 8
179 10 14 150
179 10 14 190
179 10 14 160
179 11 1 3
179 11 1 146
179 11 1 197
179 11 1 54
179 11 1 4
179 11 1 176
179 11 1 180
179 11 1 28
179 11 1 9
179 11 1 127
179 11 1 202
179 11 1 173
179 11 1 4
179 11 1 171
179 11 1 182
179 11 1 165
179 11 1 9
179 11 1 132
179 11 1 185
179 11 1 145
179 11 2 1
179 11 2 178
179 11 2 182
179 11 2 178
179 11 2 5
179 11 2 127
179 11 2 197
179 11 2 50
179 11 2 3
179 11 2 90
179 11 2 180
179 11 2 113
179 11 2 4
179 11 2 131
179 11 2 196
179 11 2 195
179 11 2 7
179 11 2 145
179 11 2 192
179 11 2 7
179 11 3 4
179 11 3 155
179 11 3 190
179 11 3 179
179 11 3 3
179 11 3 115
179 11 3 182
179 11 3 43
179 11 3 5
179 11 3 138
179 11 3 186
179 11 3 31
179 11 3 7
179 11 3 99
179 11 3 203
179 11 3 80
179 11 3 9
179 11 3 130
179 11 3 185
179 11 3 99
179 11 4 4
179 11 4 142
179 11 4 193
179 11 4 76
179 11 4 9
179 11 4 100
179 11 4 202
179 11 4 124
179 11 4 7
179 11 4 109
179 11 4 193
179 11 4 166
179 11 4 1
179 11 4 121
179 11 4 189
179 11 4 58
179 11 4 1
179 11 4 169
179 11 4 185
179 11 4 196
179 11 5 6
179 11 5 125
179 11 5 185
179 11 5 11
179 11 5 6
179 11 5 106
179 11 5 201
179 11 5 128
179 11 5 1
179 11 5 146
179 11 5 192
179 11 5 2
179 11 5 8
179 11 5 158
179 11 5 189
179 11 5 82
179 11 5 3
179 11 5 100
179 11 5 184
179 11 5 94
179 11 6 3
179 11 6 105
179 11 6 180
179 11 6 106
179 11 6 5
179 11 6 126
179 11 6 187
179 11 6 1
179 11 6 2
179 11 6 99
179 11 6 197
179 11 6 197
179 11 6 4
179 11 6 151
179 11 6 184
179 11 6 73
179 11 6 7
179 11 6 129
179 11 6 206
179 11 6 167
179 11 7 8
179 11 7 155
179 11 7 194
179 11 7 39
179 11 7 8
179 11 7 124
179 11 7 184
179 11 7 117
179 11 7 6
179 11 7 103
179 11 7 184
179 11 7 18
179 11 7 2
179 11 7 162
179 11 7 204
179 11 7 154
179 11 7 10
179 11 7 117
179 11 7 199
179 11 7 62
179 11 8 6
179 11 8 148
179 11 8 202
179 11 8 76
179 11 8 7
179 11 8 156
179 11 8 202
179 11 8 72
179 11 8 6
179 11 8 101
179 11 8 188
179 11 8 54
179 11 8 10
179 11 8 144
179 11 8 195
179 11 8 125
179 11 8 3
179 11 8 160
179 11 8 186
179 11 8 70
179 11 9 6
179 11 9 111
179 11 9 183
179 11 9 61
179 11 9 9
179 11 9 171
179 11 9 192
179 11 9 130
179 11 9 6
179 11 9 94
179 11 9 202
179 11 9 192
179 11 9 7
179 11 9 98
179 11 9 184
179 11 9 200
179 11 9 3
179 11 9 159
179 11 9 197
179 11 9 191
179 11 10 6
179 11 10 152
179 11 10 189
179 11 10 177
179 11 10 4
179 11 10 159
179 11 10 185
179 11 10 3
179 11 10 8
179 11 10 175
179 11 10 194
179 11 10 85
179 11 10 3
179 11 10 158
179 11 10 206
179 11 10 80
179 11 10 9
179 11 10 107
179 11 10 200
179 11 10 91
179 11 11 7
179 11 11 142
179 11 11 186
179 11 11 162
179 11 11 6
179 11 11 104
179 11 11 186
179 11 11 60
179 11 11 5
179 11 11 158
179 11 11 203
179 11 11 196
179 11 11 7
179 11 11 134
179 11 11 187
179 11 11 167
179 11 11 6
179 11 11 142
179 11 11 206
179 11 11 156
179 11 12 9
179 11 12 162
179 11 12 200
179 11 12 46
179 11 12 7
179 11 12 157
179 11 12 190
179 11 12 122
179 11 12 3
179 11 12 177
179 11 12 198
179 11 12 84
179 11 12 6
179 11 12 105
179 11 12 188
179 11 12 33
179 11 12 1
179 11 12 120
179 11 12 182
179 11 12 46
179 11 13 10
179 11 13 171
179 11 13 200
179 11 13 58
179 11 13 10
179 11 13 150
179 11 13 206
179 11 13 14
179 11 13 2
179 11 13 146
179 11 13 184
179 11 13 168
179 11 13 9
179 11 13 121
179 11 13 183
179 11 13 57
179 11 13 6
179 11 13 119
179 11 13 186
179 11 13 45
179 11 14 3
179 11 14 172
179 11 14 181
179 11 14 82
179 11 14 9
179 11 14 153
179 11 14 194
179 11 14 99
179 11 14 8
179 11 14 111
179 11 14 182
179 11 14 114
179 11 14 5
179 11 14 165
179 11 14 191
179 11 14 189
179 11 14 6
179 11 14 176
179 11 14 202
179 11 14 62
179 12 1 8
179 12 1 110
179 12 1 206
179 12 1 55
179 12 1 7
179 12 1 104
179 12 1 198
179 12 1 151
179 12 1 4
179 12 1 125
179 12 1 204
179 12 1 186
179 12 1 4
179 12 1 103
179 12 1 202
179 12 1 76
179 12 1 9
179 12 1 104
179 12 1 184
179 12 1 40
179 12 2 3
179 12 2 104
179 12 2 192
179 12 2 83
179 12 2 8
179 12 2 102
179 12 2 198
179 12 2 14
179 12 2 9
179 12 2 131
179 12 2 200
179 12 2 93
179 12 2 5
179 12 2 172
179 12 2 185
179 12 2 185
179 12 2 7
179 12 2 116
179 12 2 202
179 12 2 75
179 12 3 4
179 12 3 146
179 12 3 199
179 12 3 32
179 12 3 3
179 12 3 142
179 12 3 185
179 12 3 71
179 12 3 3
179 12 3 148
179 12 3 194
179 12 3 158
179 12 3 2
179 12 3 152
179 12 3 203
179 12 3 205
179 12 3 10
179 12 3 151
179 12 3 184
179 12 3 126
179 12 4 3
179 12 4 138
179 12 4 192
179 12 4 64
179 12 4 4
179 12 4 162
179 12 4 197
179 12 4 142
179 12 4 8
179 12 4 177
179 12 4 180
179 12 4 109
179 12 4 4
179 12 4 111
179 12 4 205
179 12 4 6
179 12 4 3
179 12 4 120
179 12 4 199
179 12 4 182
179 12 5 9
179 12 5 178
179 12 5 188
179 12 5 103
179 12 5 10
179 12 5 138
179 12 5 202
179 12 5 99
179 12 5 3
179 12 5 109
179 12 5 183
179 12 5 192
179 12 5 5
179 12 5 147
179 12 5 205
179 12 5 4
179 12 5 2
179 12 5 98
179 12 5 200
179 12 5 7
179 12 6 7
179 12 6 100
179 12 6 184
179 12 6 151
179 12 6 5
179 12 6 128
179 12 6 189
179 12 6 171
179 12 6 10
179 12 6 133
179 12 6 189
179 12 6 156
179 12 6 4
179 12 6 134
179 12 6 187
179 12 6 187
179 12 6 7
179 12 6 138
179 12 6 181
179 12 6 199
179 12 7 1
179 12 7 112
179 12 7 179
179 12 7 16
179 12 7 6
179 12 7 131
179 12 7 190
179 12 7 43
179 12 7 5
179 12 7 172
179 12 7 200
179 12 7 1
179 12 7 3
179 12 7 92
179 12 7 205
179 12 7 113
179 12 7 1
179 12 7 130
179 12 7 197
179 12 7 108
179 12 8 3
179 12 8 111
179 12 8 200
179 12 8 185
179 12 8 10
179 12 8 126
179 12 8 204
179 12 8 163
179 12 8 8
179 12 8 166
179 12 8 180
179 12 8 116
179 12 8 1
179 12 8 143
179 12 8 202
179 12 8 57
179 12 8 10
179 12 8 91
179 12 8 190
179 12 8 206
179 12 9 1
179 12 9 108
179 12 9 187
179 12 9 175
179 12 9 4
179 12 9 119
179 12 9 198
179 12 9 101
179 12 9 10
179 12 9 115
179 12 9 195
179 12 9 72
179 12 9 4
179 12 9 156
179 12 9 206
179 12 9 14
179 12 9 1
179 12 9 125
179 12 9 194
179 12 9 19
179 12 10 10
179 12 10 117
179 12 10 196
179 12 10 158
179 12 10 9
179 12 10 95
179 12 10 192
179 12 10 3
179 12 10 4
179 12 10 92
179 12 10 179
179 12 10 54
179 12 10 10
179 12 10 128
179 12 10 193
179 12 10 16
179 12 10 6
179 12 10 140
179 12 10 193
179 12 10 107
179 12 11 1
179 12 11 101
179 12 11 198
179 12 11 92
179 12 11 5
179 12 11 94
179 12 11 198
179 12 11 109
179 12 11 10
179 12 11 132
179 12 11 182
179 12 11 71
179 12 11 2
179 12 11 109
179 12 11 185
179 12 11 133
179 12 11 1
179 12 11 118
179 12 11 179
179 12 11 163
179 12 12 8
179 12 12 100
179 12 12 190
179 12 12 162
179 12 12 6
179 12 12 159
179 12 12 182
179 12 12 81
179 12 12 9
179 12 12 131
179 12 12 197
179 12 12 172
179 12 12 1
179 12 12 174
179 12 12 205
179 12 12 159
179 12 12 9
179 12 12 146
179 12 12 193
179 12 12 165
179 12 13 9
179 12 13 119
179 12 13 182
179 12 13 85
179 12 13 8
179 12 13 93
179 12 13 180
179 12 13 195
179 12 13 1
179 12 13 174
179 12 13 193
179 12 13 191
179 12 13 1
179 12 13 164
179 12 13 202
179 12 13 168
179 12 13 7
179 12 13 101
179 12 13 180
179 12 13 189
179 12 14 7
179 12 14 138
179 12 14 185
179 12 14 104
179 12 14 7
179 12 14 152
179 12 14 204
179 12 14 116
179 12 14 10
179 12 14 164
179 12 14 192
179 12 14 34
179 12 14 10
179 12 14 123
179 12 14 205
179 12 14 180
179 12 14 1
179 12 14 119
179 12 14 200
179 12 14 139
179 13 1 4
179 13 1 160
179 13 1 199
179 13 1 104
179 13 1 9
179 13 1 133
179 13 1 195
179 13 1 91
179 13 1 4
179 13 1 152
179 13 1 205
179 13 1 137
179 13 1 4
179 13 1 120
179 13 1 180
179 13 1 47
179 13 1 4
179 13 1 96
179 13 1 187
179 13 1 168
179 13 2 8
179 13 2 170
179 13 2 188
179 13 2 143
179 13 2 10
179 13 2 118
179 13 2 179
179 13 2 22
179 13 2 4
179 13 2 109
179 13 2 205
179 13 2 64
179 13 2 1
179 13 2 128
179 13 2 203
179 13 2 117
179 13 2 5
179 13 2 158
179 13 2 191
179 13 2 75
179 13 3 10
179 13 3 173
179 13 3 203
179 13 3 5
179 13 3 7
179 13 3 163
179 13 3 195
179 13 3 88
179 13 3 4
179 13 3 132
179 13 3 192
179 13 3 150
179 13 3 8
179 13 3 104
179 13 3 206
179 13 3 160
179 13 3 1
179 13 3 147
179 13 3 199
179 13 3 173
179 13 4 6
179 13 4 156
179 13 4 189
179 13 4 150
179 13 4 6
179 13 4 153
179 13 4 180
179 13 4 37
179 13 4 5
179 13 4 90
179 13 4 183
179 13 4 197
179 13 4 8
179 13 4 173
179 13 4 183
179 13 4 111
179 13 4 7
179 13 4 105
179 13 4 181
179 13 4 47
179 13 5 6
179 13 5 110
179 13 5 183
179 13 5 167
179 13 5 4
179 13 5 123
179 13 5 188
179 13 5 94
179 13 5 6
179 13 5 166
179 13 5 205
179 13 5 111
179 13 5 6
179 13 5 130
179 13 5 182
179 13 5 57
179 13 5 10
179 13 5 169
179 13 5 199
179 13 5 164
179 13 6 1
179 13 6 153
179 13 6 190
179 13 6 21
179 13 6 8
179 13 6 92
179 13 6 197
179 13 6 149
179 13 6 8
179 13 6 142
179 13 6 184
179 13 6 192
179 13 6 4
179 13 6 93
179 13 6 204
179 13 6 132
179 13 6 10
179 13 6 146
179 13 6 198
179 13 6 54
179 13 7 1
179 13 7 144
179 13 7 197
179 13 7 154
179 13 7 5
179 13 7 95
179 13 7 187
179 13 7 159
179 13 7 2
179 13 7 135
179 13 7 192
179 13 7 59
179 13 7 5
179 13 7 176
179 13 7 182
179 13 7 17
179 13 7 10
179 13 7 167
179 13 7 198
179 13 7 104
179 13 8 8
179 13 8 126
179 13 8 180
179 13 8 1
179 13 8 2
179 13 8 111
179 13 8 196
179 13 8 130
179 13 8 10
179 13 8 164
179 13 8 193
179 13 8 113
179 13 8 1
179 13 8 150
179 13 8 185
179 13 8 63
179 13 8 5
179 13 8 159
179 13 8 200
179 13 8 90
179 13 9 9
179 13 9 133
179 13 9 192
179 13 9 169
179 13 9 8
179 13 9 114
179 13 9 205
179 13 9 86
179 13 9 10
179 13 9 121
179 13 9 206
179 13 9 124
179 13 9 7
179 13 9 141
179 13 9 181
179 13 9 88
179 13 9 3
179 13 9 154
179 13 9 203
179 13 9 132
179 13 10 3
179 13 10 133
179 13 10 200
179 13 10 173
179 13 10 10
179 13 10 135
179 13 10 196
179 13 10 104
179 13 10 10
179 13 10 174
179 13 10 192
179 13 10 107
179 13 10 6
179 13 10 90
179 13 10 206
179 13 10 185
179 13 10 5
179 13 10 141
179 13 10 202
179 13 10 8
179 13 11 8
179 13 11 106
179 13 11 188
179 13 11 19
179 13 11 5
179 13 11 134
179 13 11 182
179 13 11 132
179 13 11 1
179 13 11 100
179 13 11 202
179 13 11 205
179 13 11 1
179 13 11 98
179 13 11 190
179 13 11 194
179 13 11 5
179 13 11 110
179 13 11 184
179 13 11 89
179 13 12 1
179 13 12 169
179 13 12 204
179 13 12 185
179 13 12 6
179 13 12 165
179 13 12 184
179 13 12 153
179 13 12 5
179 13 12 109
179 13 12 196
179 13 12 48
179 13 12 4
179 13 12 118
179 13 12 203
179 13 12 55
179 13 12 9
179 13 12 167
179 13 12 198
179 13 12 56
179 13 13 10
179 13 13 141
179 13 13 186
179 13 13 43
179 13 13 3
179 13 13 126
179 13 13 191
179 13 13 122
179 13 13 1
179 13 13 132
179 13 13 179
179 13 13 172
179 13 13 9
179 13 13 140
179 13 13 198
179 13 13 175
179 13 13 8
179 13 13 102
179 13 13 200
179 13 13 182
179 13 14 7
179 13 14 113
179 13 14 179
179 13 14 130
179 13 14 3
179 13 14 157
179 13 14 180
179 13 14 134
179 13 14 10
179 13 14 169
179 13 14 193
179 13 14 146
179 13 14 6
179 13 14 155
179 13 14 199
179 13 14 149
179 13 14 7
179 13 14 111
179 13 14 196
179 13 14 25
179 14 1 3
179 14 1 123
179 14 1 194
179 14 1 195
179 14 1 8
179 14 1 152
179 14 1 187
179 14 1 135
179 14 1 8
179 14 1 96
179 14 1 190
179 14 1 47
179 14 1 6
179 14 1 158
179 14 1 192
179 14 1 176
179 14 1 5
179 14 1 167
179 14 1 192
179 14 1 107
179 14 2 10
179 14 2 133
179 14 2 202
179 14 2 93
179 14 2 8
179 14 2 111
179 14 2 183
179 14 2 103
179 14 2 6
179 14 2 166
179 14 2 197
179 14 2 58
179 14 2 10
179 14 2 104
179 14 2 179
179 14 2 34
179 14 2 2
179 14 2 150
179 14 2 198
179 14 2 49
179 14 3 6
179 14 3 105
179 14 3 181
179 14 3 63
179 14 3 7
179 14 3 109
179 14 3 192
179 14 3 196
179 14 3 10
179 14 3 152
179 14 3 200
179 14 3 99
179 14 3 9
179 14 3 98
179 14 3 192
179 14 3 139
179 14 3 9
179 14 3 162
179 14 3 205
179 14 3 134
179 14 4 6
179 14 4 172
179 14 4 195
179 14 4 133
179 14 4 5
179 14 4 118
179 14 4 188
179 14 4 28
179 14 4 9
179 14 4 128
179 14 4 200
179 14 4 150
179 14 4 2
179 14 4 131
179 14 4 184
179 14 4 71
179 14 4 1
179 14 4 98
179 14 4 180
179 14 4 165
179 14 5 4
179 14 5 113
179 14 5 203
179 14 5 181
179 14 5 1
179 14 5 146
179 14 5 184
179 14 5 17
179 14 5 6
179 14 5 121
179 14 5 199
179 14 5 122
179 14 5 6
179 14 5 128
179 14 5 195
179 14 5 161
179 14 5 3
179 14 5 176
179 14 5 188
179 14 5 96
179 14 6 8
179 14 6 175
179 14 6 200
179 14 6 45
179 14 6 7
179 14 6 139
179 14 6 186
179 14 6 142
179 14 6 10
179 14 6 91
179 14 6 201
179 14 6 206
179 14 6 5
179 14 6 102
179 14 6 199
179 14 6 141
179 14 6 9
179 14 6 89
179 14 6 181
179 14 6 30
179 14 7 3
179 14 7 178
179 14 7 184
179 14 7 179
179 14 7 9
179 14 7 108
179 14 7 183
179 14 7 86
179 14 7 8
179 14 7 135
179 14 7 194
179 14 7 67
179 14 7 3
179 14 7 101
179 14 7 186
179 14 7 52
179 14 7 3
179 14 7 109
179 14 7 181
179 14 7 103
179 14 8 1
179 14 8 179
179 14 8 199
179 14 8 46
179 14 8 7
179 14 8 137
179 14 8 200
179 14 8 42
179 14 8 3
179 14 8 127
179 14 8 187
179 14 8 127
179 14 8 10
179 14 8 96
179 14 8 203
179 14 8 126
179 14 8 3
179 14 8 112
179 14 8 199
179 14 8 129
179 14 9 6
179 14 9 122
179 14 9 192
179 14 9 86
179 14 9 3
179 14 9 115
179 14 9 187
179 14 9 183
179 14 9 8
179 14 9 154
179 14 9 180
179 14 9 69
179 14 9 7
179 14 9 165
179 14 9 204
179 14 9 124
179 14 9 8
179 14 9 129
179 14 9 186
179 14 9 66
179 14 10 2
179 14 10 109
179 14 10 194
179 14 10 128
179 14 10 9
179 14 10 158
179 14 10 199
179 14 10 143
179 14 10 5
179 14 10 128
179 14 10 185
179 14 10 127
179 14 10 2
179 14 10 117
179 14 10 192
179 14 10 124
179 14 10 6
179 14 10 148
179 14 10 191
179 14 10 171
179 14 11 4
179 14 11 117
179 14 11 185
179 14 11 181
179 14 11 7
179 14 11 117
179 14 11 189
179 14 11 133
179 14 11 8
179 14 11 126
179 14 11 192
179 14 11 9
179 14 11 1
179 14 11 145
179 14 11 200
179 14 11 70
179 14 11 6
179 14 11 109
179 14 11 179
179 14 11 89
179 14 12 5
179 14 12 146
179 14 12 201
179 14 12 58
179 14 12 8
179 14 12 113
179 14 12 203
179 14 12 7
179 14 12 9
179 14 12 111
179 14 12 192
179 14 12 87
179 14 12 7
179 14 12 173
179 14 12 194
179 14 12 138
179 14 12 9
179 14 12 175
179 14 12 184
179 14 12 148
179 14 13 8
179 14 13 154
179 14 13 194
179 14 13 80
179 14 13 9
179 14 13 179
179 14 13 194
179 14 13 144
179 14 13 3
179 14 13 96
179 14 13 204
179 14 13 69
179 14 13 2
179 14 13 130
179 14 13 202
179 14 13 166
179 14 13 10
179 14 13 149
179 14 13 204
179 14 13 64
179 14 14 7
179 14 14 168
179 14 14 186
179 14 14 65
179 14 14 6
179 14 14 101
179 14 14 184
179 14 14 42
179 14 14 4
179 14 14 123
179 14 14 200
179 14 14 33
179 14 14 10
179 14 14 99
179 14 14 199
179 14 14 17
179 14 14 1
179 14 14 105
179 14 14 191
179 14 14 129
181 1 1 1
181 1 1 175
181 1 1 185
181 1 1 75
181 1 1 8
181 1 1 150
181 1 1 208
181 1 1 50
181 1 1 7
181 1 1 98
181 1 1 204
181 1 1 205
181 1 1 9
181 1 1 125
181 1 1 199
181 1 1 118
181 1 1 6
181 1 1 126
181 1 1 199
181 1 1 71
181 1 2 1
181 1 2 136
181 1 2 190
181 1 2 194
181 1 2 7
181 1 2 163
181 1 2 205
181 1 2 87
181 1 2 4
181 1 2 123
181 1 2 187
181 1 2 183
181 1 2 7
181 1 2 175
181 1 2 198
181 1 2 56
181 1 2 1
181 1 2 138
181 1 2 184
181 1 2 117
181 1 3 6
181 1 3 146
181 1 3 189
181 1 3 40
181 1 3 8
181 1 3 150
181 1 3 204
181 1 3 195
181 1 3 2
181 1 3 139
181 1 3 185
181 1 3 25
181 1 3 3
181 1 3 181
181 1 3 193
181 1 3 100
181 1 3 4
181 1 3 93
181 1 3 181
181 1 3 196
181 1 4 2
181 1 4 119
181 1 4 188
181 1 4 204
181 1 4 8
181 1 4 174
181 1 4 206
181 1 4 151
181 1 4 4
181 1 4 120
181 1 4 194
181 1 4 101
181 1 4 10
181 1 4 165
181 1 4 199
181 1 4 19
181 1 4 7
181 1 4 173
181 1 4 208
181 1 4 19
181 1 5 5
181 1 5 135
181 1 5 196
181 1 5 95
181 1 5 2
181 1 5 180
181 1 5 207
181 1 5 36
181 1 5 6
181 1 5 152
181 1 5 199
181 1 5 146
181 1 5 4
181 1 5 124
181 1 5 199
181 1 5 196
181 1 5 8
181 1 5 139
181 1 5 204
181 1 5 158
181 1 6 1
181 1 6 181
181 1 6 185
181 1 6 171
181 1 6 5
181 1 6 130
181 1 6 190
181 1 6 3
181 1 6 1
181 1 6 171
181 1 6 203
181 1 6 166
181 1 6 1
181 1 6 162
181 1 6 202
181 1 6 134
181 1 6 3
181 1 6 158
181 1 6 181
181 1 6 58
181 1 7 6
181 1 7 147
181 1 7 204
181 1 7 199
181 1 7 7
181 1 7 91
181 1 7 181
181 1 7 149
181 1 7 3
181 1 7 135
181 1 7 185
181 1 7 8
181 1 7 4
181 1 7 125
181 1 7 188
181 1 7 161
181 1 7 7
181 1 7 137
181 1 7 199
181 1 7 16
181 1 8 10
181 1 8 116
181 1 8 196
181 1 8 73
181 1 8 7
181 1 8 119
181 1 8 181
181 1 8 81
181 1 8 5
181 1 8 107
181 1 8 205
181 1 8 144
181 1 8 9
181 1 8 158
181 1 8 182
181 1 8 77
181 1 8 1
181 1 8 158
181 1 8 199
181 1 8 143
181 1 9 5
181 1 9 131
181 1 9 192
181 1 9 153
181 1 9 4
181 1 9 176
181 1 9 188
181 1 9 194
181 1 9 2
181 1 9 145
181 1 9 193
181 1 9 48
181 1 9 5
181 1 9 93
181 1 9 195
181 1 9 19
181 1 9 6
181 1 9 165
181 1 9 202
181 1 9 50
181 1 10 3
181 1 10 153
181 1 10 204
181 1 10 140
181 1 10 6
181 1 10 163
181 1 10 195
181 1 10 110
181 1 10 4
181 1 10 158
181 1 10 183
181 1 10 105
181 1 10 1
181 1 10 143
181 1 10 181
181 1 10 32
181 1 10 7
181 1 10 165
181 1 10 208
181 1 10 134
181 1 11 1
181 1 11 90
181 1 11 193
181 1 11 71
181 1 11 8
181 1 11 155
181 1 11 194
181 1 11 158
181 1 11 6
181 1 11 166
181 1 11 207
181 1 11 57
181 1 11 3
181 1 11 119
181 1 11 194
181 1 11 152
181 1 11 7
181 1 11 133
181 1 11 206
181 1 11 120
181 1 12 1
181 1 12 181
181 1 12 194
181 1 12 137
181 1 12 8
181 1 12 119
181 1 12 187
181 1 12 159
181 1 12 5
181 1 12 127
181 1 12 200
181 1 12 105
181 1 12 8
181 1 12 161
181 1 12 202
181 1 12 34
181 1 12 1
181 1 12 159
181 1 12 183
181 1 12 49
181 1 13 5
181 1 13 181
181 1 13 198
181 1 13 164
181 1 13 9
181 1 13 165
181 1 13 192
181 1 13 44
181 1 13 7
181 1 13 105
181 1 13 205
181 1 13 119
181 1 13 5
181 1 13 180
181 1 13 195
181 1 13 128
181 1 13 6
181 1 13 155
181 1 13 181
181 1 13 133
181 1 14 2
181 1 14 120
181 1 14 186
181 1 14 58
181 1 14 9
181 1 14 139
181 1 14 206
181 1 14 12
181 1 14 1
181 1 14 167
181 1 14 208
181 1 14 199
181 1 14 10
181 1 14 181
181 1 14 198
181 1 14 118
181 1 14 6
181 1 14 172
181 1 14 181
181 1 14 177
181 2 1 6
181 2 1 151
181 2 1 197
181 2 1 31
181 2 1 7
181 2 1 97
181 2 1 200
181 2 1 162
181 2 1 9
181 2 1 173
181 2 1 201
181 2 1 103
181 2 1 5
181 2 1 150
181 2 1 203
181 2 1 13
181 2 1 3
181 2 1 111
181 2 1 192
181 2 1 86
181 2 2 8
181 2 2 142
181 2 2 189
181 2 2 190
181 2 2 4
181 2 2 178
181 2 2 207
181 2 2 140
181 2 2 1
181 2 2 98
181 2 2 206
181 2 2 183
181 2 2 6
181 2 2 156
181 2 2 187
181 2 2 114
181 2 2 10
181 2 2 141
181 2 2 189
181 2 2 22
181 2 3 2
181 2 3 111
181 2 3 207
181 2 3 194
181 2 3 10
181 2 3 179
181 2 3 207
181 2 3 191
181 2 3 8
181 2 3 135
181 2 3 181
181 2 3 176
181 2 3 1
181 2 3 133
181 2 3 200
181 2 3 162
181 2 3 7
181 2 3 152
181 2 3 191
181 2 3 199
181 2 4 8
181 2 4 109
181 2 4 181
181 2 4 163
181 2 4 7
181 2 4 115
181 2 4 183
181 2 4 5
181 2 4 10
181 2 4 150
181 2 4 182
181 2 4 41
181 2 4 7
181 2 4 118
181 2 4 189
181 2 4 10
181 2 4 5
181 2 4 117
181 2 4 193
181 2 4 124
181 2 5 3
181 2 5 90
181 2 5 208
181 2 5 155
181 2 5 6
181 2 5 103
181 2 5 206
181 2 5 170
181 2 5 5
181 2 5 143
181 2 5 202
181 2 5 203
181 2 5 3
181 2 5 157
181 2 5 204
181 2 5 152
181 2 5 1
181 2 5 153
181 2 5 195
181 2 5 136
181 2 6 7
181 2 6 105
181 2 6 192
181 2 6 159
181 2 6 7
181 2 6 148
181 2 6 182
181 2 6 95
181 2 6 1
181 2 6 109
181 2 6 196
181 2 6 69
181 2 6 3
181 2 6 127
181 2 6 192
181 2 6 28
181 2 6 9
181 2 6 174
181 2 6 203
181 2 6 169
181 2 7 9
181 2 7 120
181 2 7 187
181 2 7 48
181 2 7 2
181 2 7 108
181 2 7 194
181 2 7 25
181 2 7 9
181 2 7 158
181 2 7 203
181 2 7 174
181 2 7 7
181 2 7 154
181 2 7 198
181 2 7 58
181 2 7 7
181 2 7 132
181 2 7 200
181 2 7 164
181 2 8 1
181 2 8 168
181 2 8 195
181 2 8 151
181 2 8 8
181 2 8 178
181 2 8 196
181 2 8 139
181 2 8 5
181 2 8 179
181 2 8 191
181 2 8 6
181 2 8 5
181 2 8 110
181 2 8 206
181 2 8 17
181 2 8 1
181 2 8 175
181 2 8 205
181 2 8 29
181 2 9 2
181 2 9 92
181 2 9 198
181 2 9 156
181 2 9 4
181 2 9 99
181 2 9 184
181 2 9 63
181 2 9 2
181 2 9 141
181 2 9 206
181 2 9 190
181 2 9 4
181 2 9 91
181 2 9 186
181 2 9 198
181 2 9 7
181 2 9 180
181 2 9 206
181 2 9 76
181 2 10 10
181 2 10 112
181 2 10 184
181 2 10 25
181 2 10 7
181 2 10 153
181 2 10 203
181 2 10 79
181 2 10 3
181 2 10 134
181 2 10 192
181 2 10 128
181 2 10 8
181 2 10 165
181 2 10 198
181 2 10 145
181 2 10 1
181 2 10 103
181 2 10 181
181 2 10 176
181 2 11 10
181 2 11 111
181 2 11 200
181 2 11 98
181 2 11 10
181 2 11 169
181 2 11 201
181 2 11 158
181 2 11 5
181 2 11 128
181 2 11 207
181 2 11 46
181 2 11 10
181 2 11 124
181 2 11 200
181 2 11 153
181 2 11 7
181 2 11 157
181 2 11 200
181 2 11 13
181 2 12 7
181 2 12 111
181 2 12 190
181 2 12 26
181 2 12 7
181 2 12 107
181 2 12 196
181 2 12 133
181 2 12 10
181 2 12 109
181 2 12 194
181 2 12 9
181 2 12 7
181 2 12 109
181 2 12 194
181 2 12 131
181 2 12 9
181 2 12 109
181 2 12 186
181 2 12 117
181 2 13 3
181 2 13 97
181 2 13 208
181 2 13 54
181 2 13 1
181 2 13 157
181 2 13 199
181 2 13 94
181 2 13 10
181 2 13 133
181 2 13 197
181 2 13 25
181 2 13 10
181 2 13 120
181 2 13 203
181 2 13 98
181 2 13 10
181 2 13 114
181 2 13 197
181 2 13 37
181 2 14 7
181 2 14 141
181 2 14 184
181 2 14 191
181 2 14 4
181 2 14 107
181 2 14 198
181 2 14 21
181 2 14 2
181 2 14 128
181 2 14 193
181 2 14 126
181 2 14 5
181 2 14 97
181 2 14 201
181 2 14 14
181 2 14 9
181 2 14 156
181 2 14 192
181 2 14 143
181 3 1 4
181 3 1 156
181 3 1 183
181 3 1 173
181 3 1 3
181 3 1 177
181 3 1 208
181 3 1 173
181 3 1 4
181 3 1 119
181 3 1 205
181 3 1 175
181 3 1 3
181 3 1 173
181 3 1 193
181 3 1 74
181 3 1 10
181 3 1 181
181 3 1 188
181 3 1 179
181 3 2 7
181 3 2 163
181 3 2 197
181 3 2 26
181 3 2 3
181 3 2 162
181 3 2 189
181 3 2 206
181 3 2 7
181 3 2 98
181 3 2 197
181 3 2 96
181 3 2 10
181 3 2 165
181 3 2 208
181 3 2 6
181 3 2 8
181 3 2 96
181 3 2 197
181 3 2 108
181 3 3 8
181 3 3 177
181 3 3 197
181 3 3 169
181 3 3 4
181 3 3 170
181 3 3 192
181 3 3 186
181 3 3 8
181 3 3 132
181 3 3 206
181 3 3 146
181 3 3 10
181 3 3 142
181 3 3 182
181 3 3 85
181 3 3 2
181 3 3 123
181 3 3 201
181 3 3 146
181 3 4 10
181 3 4 113
181 3 4 188
181 3 4 194
181 3 4 4
181 3 4 164
181 3 4 188
181 3 4 122
181 3 4 9
181 3 4 124
181 3 4 181
181 3 4 11
181 3 4 2
181 3 4 175
181 3 4 189
181 3 4 60
181 3 4 10
181 3 4 120
181 3 4 206
181 3 4 136
181 3 5 7
181 3 5 129
181 3 5 186
181 3 5 70
181 3 5 2
181 3 5 147
181 3 5 199
181 3 5 66
181 3 5 9
181 3 5 122
181 3 5 198
181 3 5 164
181 3 5 4
181 3 5 155
181 3 5 185
181 3 5 37
181 3 5 8
181 3 5 150
181 3 5 187
181 3 5 128
181 3 6 2
181 3 6 165
181 3 6 207
181 3 6 139
181 3 6 9
181 3 6 150
181 3 6 190
181 3 6 52
181 3 6 8
181 3 6 168
181 3 6 197
181 3 6 14
181 3 6 8
181 3 6 109
181 3 6 202
181 3 6 188
181 3 6 4
181 3 6 92
181 3 6 200
181 3 6 198
181 3 7 8
181 3 7 168
181 3 7 181
181 3 7 197
181 3 7 7
181 3 7 133
181 3 7 186
181 3 7 34
181 3 7 2
181 3 7 100
181 3 7 193
181 3 7 119
181 3 7 7
181 3 7 155
181 3 7 189
181 3 7 22
181 3 7 2
181 3 7 176
181 3 7 199
181 3 7 36
181 3 8 8
181 3 8 139
181 3 8 206
181 3 8 189
181 3 8 8
181 3 8 138
181 3 8 195
181 3 8 65
181 3 8 8
181 3 8 145
181 3 8 201
181 3 8 17
181 3 8 7
181 3 8 159
181 3 8 205
181 3 8 89
181 3 8 6
181 3 8 145
181 3 8 191
181 3 8 157
181 3 9 9
181 3 9 151
181 3 9 203
181 3 9 157
181 3 9 8
181 3 9 103
181 3 9 191
181 3 9 108
181 3 9 2
181 3 9 108
181 3 9 188
181 3 9 189
181 3 9 3
181 3 9 146
181 3 9 190
181 3 9 108
181 3 9 1
181 3 9 157
181 3 9 188
181 3 9 181
181 3 10 4
181 3 10 99
181 3 10 205
181 3 10 166
181 3 10 8
181 3 10 97
181 3 10 195
181 3 10 168
181 3 10 3
181 3 10 129
181 3 10 188
181 3 10 117
181 3 10 1
181 3 10 92
181 3 10 207
181 3 10 78
181 3 10 2
181 3 10 142
181 3 10 205
181 3 10 66
181 3 11 9
181 3 11 135
181 3 11 190
181 3 11 104
181 3 11 9
181 3 11 171
181 3 11 186
181 3 11 188
181 3 11 7
181 3 11 127
181 3 11 184
181 3 11 205
181 3 11 8
181 3 11 166
181 3 11 186
181 3 11 149
181 3 11 3
181 3 11 163
181 3 11 188
181 3 11 146
181 3 12 3
181 3 12 96
181 3 12 186
181 3 12 32
181 3 12 6
181 3 12 119
181 3 12 189
181 3 12 46
181 3 12 6
181 3 12 90
181 3 12 188
181 3 12 30
181 3 12 4
181 3 12 170
181 3 12 189
181 3 12 177
181 3 12 6
181 3 12 123
181 3 12 186
181 3 12 66
181 3 13 2
181 3 13 146
181 3 13 186
181 3 13 10
181 3 13 8
181 3 13 93
181 3 13 201
181 3 13 136
181 3 13 2
181 3 13 180
181 3 13 197
181 3 13 61
181 3 13 2
181 3 13 154
181 3 13 193
181 3 13 15
181 3 13 8
181 3 13 135
181 3 13 192
181 3 13 169
181 3 14 8
181 3 14 130
181 3 14 191
181 3 14 142
181 3 14 5
181 3 14 170
181 3 14 190
181 3 14 152
181 3 14 7
181 3 14 106
181 3 14 205
181 3 14 15
181 3 14 8
181 3 14 106
181 3 14 191
181 3 14 204
181 3 14 4
181 3 14 108
181 3 14 195
181 3 14 183
181 4 1 2
181 4 1 155
181 4 1 205
181 4 1 106
181 4 1 10
181 4 1 99
181 4 1 193
181 4 1 53
181 4 1 6
181 4 1 114
181 4 1 202
181 4 1 40
181 4 1 5
181 4 1 138
181 4 1 203
181 4 1 189
181 4 1 5
181 4 1 168
181 4 1 200
181 4 1 116
181 4 2 5
181 4 2 146
181 4 2 196
181 4 2 197
181 4 2 8
181 4 2 172
181 4 2 195
181 4 2 8
181 4 2 1
181 4 2 100
181 4 2 208
181 4 2 58
181 4 2 1
181 4 2 111
181 4 2 203
181 4 2 114
181 4 2 9
181 4 2 113
181 4 2 183
181 4 2 50
181 4 3 10
181 4 3 136
181 4 3 184
181 4 3 143
181 4 3 2
181 4 3 97
181 4 3 182
181 4 3 119
181 4 3 8
181 4 3 147
181 4 3 190
181 4 3 198
181 4 3 8
181 4 3 93
181 4 3 193
181 4 3 20
181 4 3 5
181 4 3 123
181 4 3 185
181 4 3 95
181 4 4 4
181 4 4 115
181 4 4 183
181 4 4 129
181 4 4 8
181 4 4 116
181 4 4 190
181 4 4 186
181 4 4 1
181 4 4 180
181 4 4 191
181 4 4 7
181 4 4 7
181 4 4 147
181 4 4 200
181 4 4 46
181 4 4 1
181 4 4 108
181 4 4 205
181 4 4 114
181 4 5 4
181 4 5 98
181 4 5 208
181 4 5 64
181 4 5 8
181 4 5 142
181 4 5 191
181 4 5 54
181 4 5 7
181 4 5 93
181 4 5 199
181 4 5 15
181 4 5 10
181 4 5 133
181 4 5 186
181 4 5 141
181 4 5 3
181 4 5 106
181 4 5 184
181 4 5 71
181 4 6 8
181 4 6 126
181 4 6 205
181 4 6 79
181 4 6 1
181 4 6 115
181 4 6 202
181 4 6 88
181 4 6 6
181 4 6 145
181 4 6 201
181 4 6 62
181 4 6 6
181 4 6 95
181 4 6 186
181 4 6 127
181 4 6 6
181 4 6 141
181 4 6 196
181 4 6 24
181 4 7 5
181 4 7 173
181 4 7 182
181 4 7 88
181 4 7 7
181 4 7 159
181 4 7 207
181 4 7 154
181 4 7 4
181 4 7 168
181 4 7 205
181 4 7 4
181 4 7 5
181 4 7 179
181 4 7 187
181 4 7 69
181 4 7 1
181 4 7 172
181 4 7 208
181 4 7 159
181 4 8 3
181 4 8 96
181 4 8 194
181 4 8 152
181 4 8 8
181 4 8 111
181 4 8 190
181 4 8 187
181 4 8 5
181 4 8 111
181 4 8 203
181 4 8 10
181 4 8 1
181 4 8 148
181 4 8 193
181 4 8 200
181 4 8 10
181 4 8 176
181 4 8 203
181 4 8 102
181 4 9 3
181 4 9 180
181 4 9 200
181 4 9 148
181 4 9 7
181 4 9 108
181 4 9 182
181 4 9 173
181 4 9 2
181 4 9 154
181 4 9 201
181 4 9 191
181 4 9 7
181 4 9 106
181 4 9 190
181 4 9 120
181 4 9 4
181 4 9 118
181 4 9 188
181 4 9 144
181 4 10 6
181 4 10 102
181 4 10 194
181 4 10 87
181 4 10 8
181 4 10 109
181 4 10 197
181 4 10 53
181 4 10 8
181 4 10 167
181 4 10 197
181 4 10 153
181 4 10 7
181 4 10 163
181 4 10 202
181 4 10 4
181 4 10 3
181 4 10 142
181 4 10 194
181 4 10 152
181 4 11 1
181 4 11 105
181 4 11 192
181 4 11 109
181 4 11 3
181 4 11 113
181 4 11 198
181 4 11 30
181 4 11 4
181 4 11 119
181 4 11 193
181 4 11 42
181 4 11 10
181 4 11 180
181 4 11 185
181 4 11 101
181 4 11 10
181 4 11 161
181 4 11 198
181 4 11 17
181 4 12 6
181 4 12 130
181 4 12 206
181 4 12 111
181 4 12 9
181 4 12 115
181 4 12 186
181 4 12 26
181 4 12 7
181 4 12 122
181 4 12 197
181 4 12 5
181 4 12 2
181 4 12 130
181 4 12 186
181 4 12 167
181 4 12 10
181 4 12 112
181 4 12 204
181 4 12 199
181 4 13 1
181 4 13 157
181 4 13 191
181 4 13 99
181 4 13 10
181 4 13 95
181 4 13 182
181 4 13 104
181 4 13 8
181 4 13 105
181 4 13 184
181 4 13 191
181 4 13 9
181 4 13 159
181 4 13 206
181 4 13 11
181 4 13 8
181 4 13 149
181 4 13 192
181 4 13 71
181 4 14 1
181 4 14 104
181 4 14 189
181 4 14 206
181 4 14 4
181 4 14 99
181 4 14 188
181 4 14 124
181 4 14 8
181 4 14 141
181 4 14 201
181 4 14 153
181 4 14 10
181 4 14 180
181 4 14 206
181 4 14 110
181 4 14 5
181 4 14 97
181 4 14 196
181 4 14 119
181 5 1 3
181 5 1 113
181 5 1 200
181 5 1 130
181 5 1 1
181 5 1 181
181 5 1 188
181 5 1 13
181 5 1 3
181 5 1 169
181 5 1 191
181 5 1 15
181 5 1 5
181 5 1 155
181 5 1 185
181 5 1 85
181 5 1 7
181 5 1 137
181 5 1 200
181 5 1 158
181 5 2 1
181 5 2 138
181 5 2 187
181 5 2 79
181 5 2 9
181 5 2 109
181 5 2 183
181 5 2 154
181 5 2 8
181 5 2 101
181 5 2 189
181 5 2 97
181 5 2 5
181 5 2 147
181 5 2 196
181 5 2 145
181 5 2 9
181 5 2 95
181 5 2 200
181 5 2 142
181 5 3 8
181 5 3 118
181 5 3 189
181 5 3 118
181 5 3 1
181 5 3 134
181 5 3 189
181 5 3 89
181 5 3 9
181 5 3 99
181 5 3 196
181 5 3 188
181 5 3 10
181 5 3 117
181 5 3 205
181 5 3 188
181 5 3 10
181 5 3 129
181 5 3 205
181 5 3 158
181 5 4 2
181 5 4 128
181 5 4 194
181 5 4 192
181 5 4 2
181 5 4 158
181 5 4 202
181 5 4 184
181 5 4 8
181 5 4 141
181 5 4 181
181 5 4 170
181 5 4 1
181 5 4 165
181 5 4 201
181 5 4 11
181 5 4 6
181 5 4 93
181 5 4 200
181 5 4 61
181 5 5 6
181 5 5 153
181 5 5 197
181 5 5 183
181 5 5 4
181 5 5 92
181 5 5 202
181 5 5 189
181 5 5 9
181 5 5 127
181 5 5 204
181 5 5 53
181 5 5 8
181 5 5 149
181 5 5 197
181 5 5 139
181 5 5 4
181 5 5 155
181 5 5 187
181 5 5 186
181 5 6 2
181 5 6 107
181 5 6 197
181 5 6 10
181 5 6 2
181 5 6 141
181 5 6 182
181 5 6 177
181 5 6 1
181 5 6 155
181 5 6 181
181 5 6 149
181 5 6 2
181 5 6 126
181 5 6 207
181 5 6 66
181 5 6 9
181 5 6 132
181 5 6 193
181 5 6 141
181 5 7 4
181 5 7 102
181 5 7 187
181 5 7 109
181 5 7 10
181 5 7 167
181 5 7 185
181 5 7 179
181 5 7 5
181 5 7 156
181 5 7 189
181 5 7 167
181 5 7 10
181 5 7 134
181 5 7 202
181 5 7 41
181 5 7 2
181 5 7 99
181 5 7 182
181 5 7 83
181 5 8 2
181 5 8 181
181 5 8 194
181 5 8 7
181 5 8 2
181 5 8 162
181 5 8 191
181 5 8 69
181 5 8 9
181 5 8 122
181 5 8 207
181 5 8 46
181 5 8 5
181 5 8 141
181 5 8 190
181 5 8 198
181 5 8 8
181 5 8 173
181 5 8 203
181 5 8 2
181 5 9 6
181 5 9 90
181 5 9 185
181 5 9 113
181 5 9 2
181 5 9 121
181 5 9 192
181 5 9 194
181 5 9 2
181 5 9 90
181 5 9 207
181 5 9 90
181 5 9 3
181 5 9 161
181 5 9 196
181 5 9 20
181 5 9 7
181 5 9 121
181 5 9 194
181 5 9 179
181 5 10 2
181 5 10 120
181 5 10 204
181 5 10 22
181 5 10 1
181 5 10 141
181 5 10 192
181 5 10 41
181 5 10 6
181 5 10 90
181 5 10 206
181 5 10 4
181 5 10 3
181 5 10 108
181 5 10 187
181 5 10 158
181 5 10 6
181 5 10 94
181 5 10 188
181 5 10 201
181 5 11 7
181 5 11 162
181 5 11 192
181 5 11 186
181 5 11 8
181 5 11 124
181 5 11 186
181 5 11 133
181 5 11 10
181 5 11 95
181 5 11 199
181 5 11 79
181 5 11 6
181 5 11 154
181 5 11 185
181 5 11 151
181 5 11 7
181 5 11 148
181 5 11 198
181 5 11 117
181 5 12 8
181 5 12 159
181 5 12 186
181 5 12 155
181 5 12 1
181 5 12 178
181 5 12 185
181 5 12 151
181 5 12 2
181 5 12 97
181 5 12 185
181 5 12 47
181 5 12 9
181 5 12 181
181 5 12 188
181 5 12 160
181 5 12 5
181 5 12 128
181 5 12 192
181 5 12 4
181 5 13 7
181 5 13 129
181 5 13 183
181 5 13 125
181 5 13 7
181 5 13 178
181 5 13 181
181 5 13 129
181 5 13 8
181 5 13 158
181 5 13 199
181 5 13 115
181 5 13 1
181 5 13 151
181 5 13 207
181 5 13 165
181 5 13 5
181 5 13 100
181 5 13 181
181 5 13 45
181 5 14 4
181 5 14 174
181 5 14 207
181 5 14 4
181 5 14 5
181 5 14 169
181 5 14 205
181 5 14 55
181 5 14 3
181 5 14 97
181 5 14 203
181 5 14 120
181 5 14 3
181 5 14 99
181 5 14 202
181 5 14 172
181 5 14 8
181 5 14 153
181 5 14 196
181 5 14 89
181 6 1 6
181 6 1 150
181 6 1 182
181 6 1 107
181 6 1 1
181 6 1 123
181 6 1 192
181 6 1 164
181 6 1 3
181 6 1 94
181 6 1 184
181 6 1 6
181 6 1 2
181 6 1 122
181 6 1 184
181 6 1 69
181 6 1 2
181 6 1 147
181 6 1 185
181 6 1 20
181 6 2 9
181 6 2 117
181 6 2 203
181 6 2 21
181 6 2 1
181 6 2 179
181 6 2 207
181 6 2 175
181 6 2 3
181 6 2 153
181 6 2 204
181 6 2 130
181 6 2 8
181 6 2 121
181 6 2 195
181 6 2 101
181 6 2 2
181 6 2 170
181 6 2 186
181 6 2 138
181 6 3 1
181 6 3 92
181 6 3 195
181 6 3 116
181 6 3 2
181 6 3 136
181 6 3 206
181 6 3 22
181 6 3 5
181 6 3 169
181 6 3 186
181 6 3 105
181 6 3 6
181 6 3 171
181 6 3 188
181 6 3 101
181 6 3 9
181 6 3 106
181 6 3 205
181 6 3 179
181 6 4 8
181 6 4 123
181 6 4 191
181 6 4 40
181 6 4 8
181 6 4 124
181 6 4 198
181 6 4 55
181 6 4 1
181 6 4 128
181 6 4 197
181 6 4 160
181 6 4 7
181 6 4 104
181 6 4 205
181 6 4 15
181 6 4 5
181 6 4 136
181 6 4 205
181 6 4 135
181 6 5 9
181 6 5 102
181 6 5 183
181 6 5 23
181 6 5 9
181 6 5 130
181 6 5 195
181 6 5 70
181 6 5 7
181 6 5 118
181 6 5 190
181 6 5 58
181 6 5 10
181 6 5 156
181 6 5 194
181 6 5 142
181 6 5 10
181 6 5 105
181 6 5 199
181 6 5 6
181 6 6 6
181 6 6 173
181 6 6 202
181 6 6 37
181 6 6 9
181 6 6 143
181 6 6 202
181 6 6 122
181 6 6 6
181 6 6 99
181 6 6 197
181 6 6 6
181 6 6 6
181 6 6 157
181 6 6 208
181 6 6 183
181 6 6 5
181 6 6 140
181 6 6 189
181 6 6 82
181 6 7 8
181 6 7 115
181 6 7 197
181 6 7 53
181 6 7 2
181 6 7 181
181 6 7 195
181 6 7 51
181 6 7 4
181 6 7 142
181 6 7 191
181 6 7 57
181 6 7 9
181 6 7 167
181 6 7 181
181 6 7 60
181 6 7 6
181 6 7 100
181 6 7 188
181 6 7 22
181 6 8 2
181 6 8 108
181 6 8 182
181 6 8 6
181 6 8 1
181 6 8 119
181 6 8 192
181 6 8 164
181 6 8 6
181 6 8 111
181 6 8 186
181 6 8 62
181 6 8 2
181 6 8 116
181 6 8 185
181 6 8 26
181 6 8 1
181 6 8 149
181 6 8 182
181 6 8 29
181 6 9 4
181 6 9 101
181 6 9 199
181 6 9 10
181 6 9 5
181 6 9 96
181 6 9 189
181 6 9 104
181 6 9 4
181 6 9 142
181 6 9 188
181 6 9 159
181 6 9 4
181 6 9 90
181 6 9 207
181 6 9 142
181 6 9 3
181 6 9 122
181 6 9 185
181 6 9 110
181 6 10 10
181 6 10 104
181 6 10 199
181 6 10 20
181 6 10 4
181 6 10 110
181 6 10 183
181 6 10 115
181 6 10 4
181 6 10 109
181 6 10 203
181 6 10 50
181 6 10 8
181 6 10 119
181 6 10 184
181 6 10 128
181 6 10 2
181 6 10 96
181 6 10 194
181 6 10 37
181 6 11 3
181 6 11 160
181 6 11 188
181 6 11 18
181 6 11 2
181 6 11 151
181 6 11 182
181 6 11 162
181 6 11 7
181 6 11 163
181 6 11 203
181 6 11 172
181 6 11 10
181 6 11 95
181 6 11 184
181 6 11 205
181 6 11 10
181 6 11 159
181 6 11 207
181 6 11 175
181 6 12 2
181 6 12 132
181 6 12 195
181 6 12 196
181 6 12 10
181 6 12 165
181 6 12 191
181 6 12 13
181 6 12 6
181 6 12 160
181 6 12 181
181 6 12 13
181 6 12 3
181 6 12 125
181 6 12 207
181 6 12 132
181 6 12 9
181 6 12 104
181 6 12 189
181 6 12 90
181 6 13 4
181 6 13 113
181 6 13 202
181 6 13 7
181 6 13 2
181 6 13 148
181 6 13 205
181 6 13 114
181 6 13 3
181 6 13 171
181 6 13 182
181 6 13 203
181 6 13 5
181 6 13 149
181 6 13 189
181 6 13 36
181 6 13 6
181 6 13 150
181 6 13 199
181 6 13 94
181 6 14 7
181 6 14 98
181 6 14 197
181 6 14 108
181 6 14 5
181 6 14 172
181 6 14 207
181 6 14 156
181 6 14 9
181 6 14 159
181 6 14 202
181 6 14 114
181 6 14 2
181 6 14 143
181 6 14 188
181 6 14 83
181 6 14 1
181 6 14 128
181 6 14 181
181 6 14 140
181 7 1 5
181 7 1 180
181 7 1 199
181 7 1 93
181 7 1 8
181 7 1 166
181 7 1 191
181 7 1 47
181 7 1 4
181 7 1 108
181 7 1 207
181 7 1 88
181 7 1 7
181 7 1 106
181 7 1 200
181 7 1 111
181 7 1 4
181 7 1 106
181 7 1 206
181 7 1 208
181 7 2 8
181 7 2 128
181 7 2 208
181 7 2 50
181 7 2 8
181 7 2 175
181 7 2 181
181 7 2 46
181 7 2 4
181 7 2 127
181 7 2 204
181 7 2 23
181 7 2 1
181 7 2 110
181 7 2 186
181 7 2 138
181 7 2 2
181 7 2 144
181 7 2 187
181 7 2 44
181 7 3 5
181 7 3 120
181 7 3 204
181 7 3 122
181 7 3 2
181 7 3 175
181 7 3 208
181 7 3 26
181 7 3 2
181 7 3 140
181 7 3 194
181 7 3 86
181 7 3 3
181 7 3 160
181 7 3 208
181 7 3 132
181 7 3 3
181 7 3 121
181 7 3 202
181 7 3 146
181 7 4 7
181 7 4 106
181 7 4 187
181 7 4 68
181 7 4 5
181 7 4 142
181 7 4 195
181 7 4 148
181 7 4 3
181 7 4 141
181 7 4 185
181 7 4 25
181 7 4 8
181 7 4 176
181 7 4 194
181 7 4 157
181 7 4 2
181 7 4 171
181 7 4 197
181 7 4 104
181 7 5 9
181 7 5 145
181 7 5 190
181 7 5 161
181 7 5 7
181 7 5 146
181 7 5 195
181 7 5 143
181 7 5 8
181 7 5 118
181 7 5 187
181 7 5 187
181 7 5 1
181 7 5 90
181 7 5 190
181 7 5 98
181 7 5 2
181 7 5 166
181 7 5 193
181 7 5 49
181 7 6 3
181 7 6 176
181 7 6 183
181 7 6 118
181 7 6 3
181 7 6 179
181 7 6 198
181 7 6 11
181 7 6 5
181 7 6 137
181 7 6 198
181 7 6 78
181 7 6 10
181 7 6 100
181 7 6 193
181 7 6 85
181 7 6 9
181 7 6 165
181 7 6 207
181 7 6 2
181 7 7 8
181 7 7 115
181 7 7 204
181 7 7 157
181 7 7 8
181 7 7 165
181 7 7 204
181 7 7 53
181 7 7 6
181 7 7 154
181 7 7 197
181 7 7 193
181 7 7 10
181 7 7 174
181 7 7 204
181 7 7 22
181 7 7 7
181 7 7 102
181 7 7 181
181 7 7 52
181 7 8 8
181 7 8 122
181 7 8 198
181 7 8 105
181 7 8 5
181 7 8 151
181 7 8 202
181 7 8 86
181 7 8 7
181 7 8 141
181 7 8 185
181 7 8 43
181 7 8 4
181 7 8 154
181 7 8 203
181 7 8 193
181 7 8 8
181 7 8 163
181 7 8 198
181 7 8 56
181 7 9 2
181 7 9 170
181 7 9 183
181 7 9 133
181 7 9 3
181 7 9 96
181 7 9 184
181 7 9 203
181 7 9 2
181 7 9 179
181 7 9 189
181 7 9 135
181 7 9 8
181 7 9 92
181 7 9 193
181 7 9 205
181 7 9 9
181 7 9 90
181 7 9 183
181 7 9 37
181 7 10 6
181 7 10 123
181 7 10 207
181 7 10 17
181 7 10 4
181 7 10 114
181 7 10 200
181 7 10 80
181 7 10 6
181 7 10 134
181 7 10 204
181 7 10 110
181 7 10 3
181 7 10 152
181 7 10 186
181 7 10 78
181 7 10 9
181 7 10 96
181 7 10 185
181 7 10 21
181 7 11 3
181 7 11 94
181 7 11 202
181 7 11 23
181 7 11 2
181 7 11 102
181 7 11 182
181 7 11 66
181 7 11 10
181 7 11 133
181 7 11 185
181 7 11 138
181 7 11 8
181 7 11 129
181 7 11 188
181 7 11 38
181 7 11 3
181 7 11 90
181 7 11 189
181 7 11 108
181 7 12 2
181 7 12 149
181 7 12 189
181 7 12 45
181 7 12 5
181 7 12 168
181 7 12 190
181 7 12 144
181 7 12 5
181 7 12 161
181 7 12 194
181 7 12 93
181 7 12 4
181 7 12 171
181 7 12 197
181 7 12 58
181 7 12 9
181 7 12 131
181 7 12 190
181 7 12 166
181 7 13 8
181 7 13 166
181 7 13 193
181 7 13 96
181 7 13 1
181 7 13 161
181 7 13 189
181 7 13 49
181 7 13 6
181 7 13 132
181 7 13 195
181 7 13 75
181 7 13 8
181 7 13 121
181 7 13 202
181 7 13 87
181 7 13 3
181 7 13 167
181 7 13 205
181 7 13 110
181 7 14 5
181 7 14 180
181 7 14 183
181 7 14 86
181 7 14 5
181 7 14 124
181 7 14 193
181 7 14 192
181 7 14 1
181 7 14 116
181 7 14 207
181 7 14 125
181 7 14 5
181 7 14 168
181 7 14 204
181 7 14 10
181 7 14 7
181 7 14 179
181 7 14 194
181 7 14 78
181 8 1 7
181 8 1 163
181 8 1 203
181 8 1 172
181 8 1 8
181 8 1 133
181 8 1 198
181 8 1 174
181 8 1 5
181 8 1 135
181 8 1 188
181 8 1 7
181 8 1 2
181 8 1 105
181 8 1 182
181 8 1 114
181 8 1 3
181 8 1 105
181 8 1 189
181 8 1 9
181 8 2 1
181 8 2 144
181 8 2 194
181 8 2 23
181 8 2 3
181 8 2 181
181 8 2 195
181 8 2 70
181 8 2 4
181 8 2 178
181 8 2 208
181 8 2 76
181 8 2 10
181 8 2 136
181 8 2 181
181 8 2 161
181 8 2 6
181 8 2 99
181 8 2 188
181 8 2 128
181 8 3 5
181 8 3 165
181 8 3 188
181 8 3 147
181 8 3 2
181 8 3 128
181 8 3 203
181 8 3 208
181 8 3 8
181 8 3 95
181 8 3 208
181 8 3 168
181 8 3 5
181 8 3 116
181 8 3 192
181 8 3 76
181 8 3 7
181 8 3 133
181 8 3 200
181 8 3 143
181 8 4 6
181 8 4 144
181 8 4 207
181 8 4 201
181 8 4 2
181 8 4 169
181 8 4 186
181 8 4 101
181 8 4 10
181 8 4 138
181 8 4 193
181 8 4 157
181 8 4 7
181 8 4 131
181 8 4 183
181 8 4 156
181 8 4 1
181 8 4 109
181 8 4 187
181 8 4 7
181 8 5 2
181 8 5 142
181 8 5 204
181 8 5 196
181 8 5 7
181 8 5 134
181 8 5 208
181 8 5 128
181 8 5 3
181 8 5 137
181 8 5 189
181 8 5 6
181 8 5 9
181 8 5 137
181 8 5 195
181 8 5 95
181 8 5 2
181 8 5 109
181 8 5 186
181 8 5 7
181 8 6 7
181 8 6 102
181 8 6 198
181 8 6 101
181 8 6 8
181 8 6 167
181 8 6 191
181 8 6 59
181 8 6 6
181 8 6 139
181 8 6 181
181 8 6 57
181 8 6 7
181 8 6 181
181 8 6 205
181 8 6 146
181 8 6 3
181 8 6 95
181 8 6 186
181 8 6 86
181 8 7 6
181 8 7 112
181 8 7 198
181 8 7 62
181 8 7 5
181 8 7 141
181 8 7 207
181 8 7 30
181 8 7 5
181 8 7 108
181 8 7 184
181 8 7 51
181 8 7 3
181 8 7 122
181 8 7 181
181 8 7 34
181 8 7 2
181 8 7 113
181 8 7 206
181 8 7 89
181 8 8 6
181 8 8 150
181 8 8 184
181 8 8 45
181 8 8 5
181 8 8 167
181 8 8 184
181 8 8 103
181 8 8 5
181 8 8 139
181 8 8 192
181 8 8 150
181 8 8 4
181 8 8 107
181 8 8 190
181 8 8 174
181 8 8 5
181 8 8 140
181 8 8 197
181 8 8 55
181 8 9 5
181 8 9 146
181 8 9 203
181 8 9 117
181 8 9 2
181 8 9 153
181 8 9 207
181 8 9 110
181 8 9 6
181 8 9 167
181 8 9 190
181 8 9 4
181 8 9 7
181 8 9 112
181 8 9 190
181 8 9 28
181 8 9 7
181 8 9 145
181 8 9 193
181 8 9 180
181 8 10 5
181 8 10 147
181 8 10 201
181 8 10 74
181 8 10 6
181 8 10 160
181 8 10 191
181 8 10 31
181 8 10 9
181 8 10 105
181 8 10 198
181 8 10 2
181 8 10 8
181 8 10 98
181 8 10 189
181 8 10 189
181 8 10 6
181 8 10 157
181 8 10 184
181 8 10 76
181 8 11 4
181 8 11 159
181 8 11 208
181 8 11 11
181 8 11 10
181 8 11 91
181 8 11 189
181 8 11 27
181 8 11 3
181 8 11 125
181 8 11 202
181 8 11 8
181 8 11 3
181 8 11 113
181 8 11 184
181 8 11 101
181 8 11 8
181 8 11 111
181 8 11 195
181 8 11 102
181 8 12 2
181 8 12 98
181 8 12 199
181 8 12 54
181 8 12 4
181 8 12 177
181 8 12 194
181 8 12 139
181 8 12 3
181 8 12 151
181 8 12 207
181 8 12 196
181 8 12 9
181 8 12 122
181 8 12 208
181 8 12 111
181 8 12 6
181 8 12 117
181 8 12 204
181 8 12 82
181 8 13 5
181 8 13 152
181 8 13 198
181 8 13 92
181 8 13 3
181 8 13 109
181 8 13 205
181 8 13 91
181 8 13 2
181 8 13 119
181 8 13 183
181 8 13 13
181 8 13 10
181 8 13 104
181 8 13 188
181 8 13 159
181 8 13 7
181 8 13 112
181 8 13 188
181 8 13 168
181 8 14 7
181 8 14 91
181 8 14 200
181 8 14 126
181 8 14 2
181 8 14 99
181 8 14 195
181 8 14 193
181 8 14 1
181 8 14 142
181 8 14 199
181 8 14 22
181 8 14 10
181 8 14 170
181 8 14 207
181 8 14 80
181 8 14 8
181 8 14 175
181 8 14 199
181 8 14 136
181 9 1 7
181 9 1 173
181 9 1 204
181 9 1 149
181 9 1 8
181 9 1 113
181 9 1 199
181 9 1 139
181 9 1 10
181 9 1 132
181 9 1 196
181 9 1 109
181 9 1 1
181 9 1 179
181 9 1 207
181 9 1 1
181 9 1 6
181 9 1 133
181 9 1 186
181 9 1 201
181 9 2 2
181 9 2 152
181 9 2 197
181 9 2 58
181 9 2 6
181 9 2 127
181 9 2 188
181 9 2 29
181 9 2 4
181 9 2 100
181 9 2 185
181 9 2 187
181 9 2 6
181 9 2 128
181 9 2 188
181 9 2 55
181 9 2 8
181 9 2 163
181 9 2 190
181 9 2 185
181 9 3 8
181 9 3 95
181 9 3 195
181 9 3 127
181 9 3 2
181 9 3 98
181 9 3 206
181 9 3 122
181 9 3 10
181 9 3 92
181 9 3 187
181 9 3 135
181 9 3 6
181 9 3 161
181 9 3 204
181 9 3 103
181 9 3 9
181 9 3 172
181 9 3 185
181 9 3 165
181 9 4 6
181 9 4 95
181 9 4 199
181 9 4 152
181 9 4 3
181 9 4 123
181 9 4 208
181 9 4 45
181 9 4 5
181 9 4 102
181 9 4 206
181 9 4 21
181 9 4 3
181 9 4 103
181 9 4 196
181 9 4 42
181 9 4 3
181 9 4 165
181 9 4 190
181 9 4 73
181 9 5 3
181 9 5 107
181 9 5 186
181 9 5 1
181 9 5 8
181 9 5 155
181 9 5 185
181 9 5 86
181 9 5 3
181 9 5 95
181 9 5 205
181 9 5 53
181 9 5 4
181 9 5 103
181 9 5 208
181 9 5 68
181 9 5 1
181 9 5 179
181 9 5 203
181 9 5 148
181 9 6 3
181 9 6 155
181 9 6 187
181 9 6 163
181 9 6 8
181 9 6 94
181 9 6 190
181 9 6 204
181 9 6 4
181 9 6 95
181 9 6 192
181 9 6 30
181 9 6 8
181 9 6 129
181 9 6 205
181 9 6 189
181 9 6 4
181 9 6 99
181 9 6 208
181 9 6 38
181 9 7 2
181 9 7 95
181 9 7 189
181 9 7 19
181 9 7 8
181 9 7 162
181 9 7 203
181 9 7 202
181 9 7 7
181 9 7 100
181 9 7 182
181 9 7 144
181 9 7 9
181 9 7 159
181 9 7 187
181 9 7 23
181 9 7 10
181 9 7 179
181 9 7 202
181 9 7 168
181 9 8 2
181 9 8 110
181 9 8 181
181 9 8 182
181 9 8 3
181 9 8 163
181 9 8 191
181 9 8 46
181 9 8 7
181 9 8 138
181 9 8 181
181 9 8 10
181 9 8 1
181 9 8 119
181 9 8 200
181 9 8 100
181 9 8 8
181 9 8 120
181 9 8 196
181 9 8 61
181 9 9 4
181 9 9 97
181 9 9 188
181 9 9 208
181 9 9 3
181 9 9 154
181 9 9 205
181 9 9 120
181 9 9 9
181 9 9 178
181 9 9 193
181 9 9 151
181 9 9 7
181 9 9 108
181 9 9 183
181 9 9 6
181 9 9 10
181 9 9 167
181 9 9 186
181 9 9 136
181 9 10 6
181 9 10 96
181 9 10 202
181 9 10 105
181 9 10 4
181 9 10 178
181 9 10 203
181 9 10 155
181 9 10 5
181 9 10 180
181 9 10 191
181 9 10 79
181 9 10 2
181 9 10 171
181 9 10 197
181 9 10 196
181 9 10 10
181 9 10 103
181 9 10 206
181 9 10 93
181 9 11 7
181 9 11 134
181 9 11 182
181 9 11 126
181 9 11 7
181 9 11 103
181 9 11 202
181 9 11 90
181 9 11 4
181 9 11 161
181 9 11 208
181 9 11 99
181 9 11 9
181 9 11 94
181 9 11 199
181 9 11 62
181 9 11 10
181 9 11 170
181 9 11 189
181 9 11 199
181 9 12 6
181 9 12 135
181 9 12 196
181 9 12 201
181 9 12 2
181 9 12 157
181 9 12 184
181 9 12 96
181 9 12 8
181 9 12 162
181 9 12 189
181 9 12 201
181 9 12 9
181 9 12 105
181 9 12 183
181 9 12 207
181 9 12 5
181 9 12 178
181 9 12 205
181 9 12 208
181 9 13 5
181 9 13 111
181 9 13 200
181 9 13 186
181 9 13 1
181 9 13 99
181 9 13 187
181 9 13 120
181 9 13 2
181 9 13 98
181 9 13 208
181 9 13 69
181 9 13 7
181 9 13 105
181 9 13 200
181 9 13 184
181 9 13 7
181 9 13 116
181 9 13 208
181 9 13 61
181 9 14 4
181 9 14 96
181 9 14 207
181 9 14 54
181 9 14 9
181 9 14 142
181 9 14 187
181 9 14 103
181 9 14 5
181 9 14 126
181 9 14 195
181 9 14 112
181 9 14 2
181 9 14 137
181 9 14 181
181 9 14 42
181 9 14 6
181 9 14 104
181 9 14 198
181 9 14 163
181 10 1 9
181 10 1 129
181 10 1 189
181 10 1 43
181 10 1 6
181 10 1 117
181 10 1 183
181 10 1 190
181 10 1 1
181 10 1 131
181 10 1 199
181 10 1 77
181 10 1 7
181 10 1 117
181 10 1 194
181 10 1 199
181 10 1 1
181 10 1 157
181 10 1 207
181 10 1 45
181 10 2 5
181 10 2 97
181 10 2 201
181 10 2 67
181 10 2 7
181 10 2 138
181 10 2 189
181 10 2 203
181 10 2 6
181 10 2 175
181 10 2 201
181 10 2 129
181 10 2 9
181 10 2 135
181 10 2 199
181 10 2 7
181 10 2 3
181 10 2 167
181 10 2 195
181 10 2 120
181 10 3 10
181 10 3 180
181 10 3 182
181 10 3 10
181 10 3 1
181 10 3 95
181 10 3 197
181 10 3 150
181 10 3 9
181 10 3 109
181 10 3 194
181 10 3 157
181 10 3 10
181 10 3 100
181 10 3 189
181 10 3 160
181 10 3 4
181 10 3 128
181 10 3 190
181 10 3 180
181 10 4 9
181 10 4 114
181 10 4 199
181 10 4 5
181 10 4 6
181 10 4 177
181 10 4 188
181 10 4 182
181 10 4 3
181 10 4 90
181 10 4 198
181 10 4 92
181 10 4 9
181 10 4 124
181 10 4 207
181 10 4 199
181 10 4 3
181 10 4 166
181 10 4 201
181 10 4 121
181 10 5 9
181 10 5 101
181 10 5 183
181 10 5 3
181 10 5 7
181 10 5 162
181 10 5 190
181 10 5 184
181 10 5 2
181 10 5 96
181 10 5 185
181 10 5 83
181 10 5 6
181 10 5 128
181 10 5 201
181 10 5 157
181 10 5 7
181 10 5 141
181 10 5 181
181 10 5 65
181 10 6 7
181 10 6 175
181 10 6 182
181 10 6 153
181 10 6 2
181 10 6 132
181 10 6 183
181 10 6 143
181 10 6 7
181 10 6 128
181 10 6 183
181 10 6 7
181 10 6 8
181 10 6 101
181 10 6 207
181 10 6 144
181 10 6 5
181 10 6 136
181 10 6 201
181 10 6 157
181 10 7 7
181 10 7 128
181 10 7 184
181 10 7 1
181 10 7 9
181 10 7 95
181 10 7 190
181 10 7 203
181 10 7 9
181 10 7 168
181 10 7 208
181 10 7 139
181 10 7 1
181 10 7 100
181 10 7 184
181 10 7 40
181 10 7 2
181 10 7 170
181 10 7 195
181 10 7 56
181 10 8 8
181 10 8 148
181 10 8 187
181 10 8 196
181 10 8 8
181 10 8 110
181 10 8 185
181 10 8 117
181 10 8 3
181 10 8 153
181 10 8 198
181 10 8 169
181 10 8 2
181 10 8 168
181 10 8 195
181 10 8 164
181 10 8 10
181 10 8 163
181 10 8 199
181 10 8 36
181 10 9 5
181 10 9 165
181 10 9 197
181 10 9 189
181 10 9 9
181 10 9 168
181 10 9 208
181 10 9 21
181 10 9 4
181 10 9 137
181 10 9 196
181 10 9 38
181 10 9 9
181 10 9 99
181 10 9 182
181 10 9 81
181 10 9 3
181 10 9 141
181 10 9 197
181 10 9 56
181 10 10 4
181 10 10 153
181 10 10 198
181 10 10 137
181 10 10 2
181 10 10 179
181 10 10 189
181 10 10 192
181 10 10 1
181 10 10 111
181 10 10 195
181 10 10 110
181 10 10 2
181 10 10 110
181 10 10 204
181 10 10 53
181 10 10 1
181 10 10 178
181 10 10 201
181 10 10 116
181 10 11 3
181 10 11 142
181 10 11 200
181 10 11 176
181 10 11 3
181 10 11 128
181 10 11 193
181 10 11 195
181 10 11 7
181 10 11 162
181 10 11 190
181 10 11 160
181 10 11 9
181 10 11 119
181 10 11 181
181 10 11 61
181 10 11 8
181 10 11 164
181 10 11 187
181 10 11 34
181 10 12 3
181 10 12 117
181 10 12 204
181 10 12 176
181 10 12 1
181 10 12 122
181 10 12 194
181 10 12 58
181 10 12 5
181 10 12 103
181 10 12 205
181 10 12 34
181 10 12 5
181 10 12 117
181 10 12 184
181 10 12 197
181 10 12 7
181 10 12 102
181 10 12 186
181 10 12 20
181 10 13 9
181 10 13 157
181 10 13 190
181 10 13 24
181 10 13 10
181 10 13 149
181 10 13 188
181 10 13 99
181 10 13 10
181 10 13 93
181 10 13 203
181 10 13 22
181 10 13 2
181 10 13 155
181 10 13 199
181 10 13 169
181 10 13 4
181 10 13 103
181 10 13 193
181 10 13 194
181 10 14 3
181 10 14 115
181 10 14 188
181 10 14 158
181 10 14 2
181 10 14 128
181 10 14 205
181 10 14 158
181 10 14 10
181 10 14 98
181 10 14 186
181 10 14 207
181 10 14 6
181 10 14 127
181 10 14 187
181 10 14 22
181 10 14 8
181 10 14 148
181 10 14 202
181 10 14 95
181 11 1 2
181 11 1 102
181 11 1 189
181 11 1 21
181 11 1 1
181 11 1 135
181 11 1 194
181 11 1 44
181 11 1 5
181 11 1 168
181 11 1 196
181 11 1 44
181 11 1 9
181 11 1 115
181 11 1 188
181 11 1 109
181 11 1 5
181 11 1 104
181 11 1 189
181 11 1 121
181 11 2 6
181 11 2 160
181 11 2 191
181 11 2 108
181 11 2 2
181 11 2 160
181 11 2 206
181 11 2 14
181 11 2 9
181 11 2 138
181 11 2 199
181 11 2 171
181 11 2 5
181 11 2 113
181 11 2 207
181 11 2 45
181 11 2 3
181 11 2 95
181 11 2 188
181 11 2 70
181 11 3 5
181 11 3 166
181 11 3 187
181 11 3 165
181 11 3 3
181 11 3 116
181 11 3 190
181 11 3 68
181 11 3 4
181 11 3 159
181 11 3 193
181 11 3 10
181 11 3 2
181 11 3 155
181 11 3 185
181 11 3 34
181 11 3 9
181 11 3 153
181 11 3 202
181 11 3 15
181 11 4 10
181 11 4 164
181 11 4 197
181 11 4 23
181 11 4 6
181 11 4 130
181 11 4 202
181 11 4 36
181 11 4 10
181 11 4 165
181 11 4 189
181 11 4 176
181 11 4 5
181 11 4 117
181 11 4 183
181 11 4 169
181 11 4 9
181 11 4 120
181 11 4 203
181 11 4 146
181 11 5 4
181 11 5 95
181 11 5 189
181 11 5 206
181 11 5 1
181 11 5 150
181 11 5 195
181 11 5 124
181 11 5 6
181 11 5 103
181 11 5 195
181 11 5 109
181 11 5 10
181 11 5 154
181 11 5 193
181 11 5 33
181 11 5 10
181 11 5 165
181 11 5 184
181 11 5 82
181 11 6 1
181 11 6 159
181 11 6 204
181 11 6 148
181 11 6 9
181 11 6 177
181 11 6 202
181 11 6 119
181 11 6 7
181 11 6 119
181 11 6 183
181 11 6 121
181 11 6 2
181 11 6 159
181 11 6 193
181 11 6 40
181 11 6 8
181 11 6 103
181 11 6 204
181 11 6 95
181 11 7 3
181 11 7 145
181 11 7 202
181 11 7 150
181 11 7 3
181 11 7 163
181 11 7 183
181 11 7 170
181 11 7 2
181 11 7 136
181 11 7 206
181 11 7 181
181 11 7 4
181 11 7 108
181 11 7 195
181 11 7 77
181 11 7 6
181 11 7 142
181 11 7 203
181 11 7 5
181 11 8 4
181 11 8 179
181 11 8 193
181 11 8 44
181 11 8 5
181 11 8 103
181 11 8 199
181 11 8 97
181 11 8 8
181 11 8 109
181 11 8 192
181 11 8 195
181 11 8 8
181 11 8 96
181 11 8 185
181 11 8 114
181 11 8 9
181 11 8 112
181 11 8 183
181 11 8 164
181 11 9 8
181 11 9 177
181 11 9 196
181 11 9 52
181 11 9 10
181 11 9 140
181 11 9 190
181 11 9 136
181 11 9 1
181 11 9 138
181 11 9 195
181 11 9 102
181 11 9 4
181 11 9 130
181 11 9 193
181 11 9 37
181 11 9 6
181 11 9 150
181 11 9 194
181 11 9 170
181 11 10 7
181 11 10 138
181 11 10 197
181 11 10 49
181 11 10 2
181 11 10 175
181 11 10 191
181 11 10 205
181 11 10 2
181 11 10 116
181 11 10 193
181 11 10 91
181 11 10 2
181 11 10 180
181 11 10 196
181 11 10 181
181 11 10 10
181 11 10 134
181 11 10 185
181 11 10 136
181 11 11 4
181 11 11 155
181 11 11 184
181 11 11 46
181 11 11 5
181 11 11 180
181 11 11 182
181 11 11 116
181 11 11 10
181 11 11 146
181 11 11 184
181 11 11 45
181 11 11 5
181 11 11 128
181 11 11 193
181 11 11 112
181 11 11 7
181 11 11 175
181 11 11 183
181 11 11 166
181 11 12 3
181 11 12 166
181 11 12 202
181 11 12 117
181 11 12 6
181 11 12 168
181 11 12 193
181 11 12 137
181 11 12 7
181 11 12 153
181 11 12 195
181 11 12 53
181 11 12 8
181 11 12 114
181 11 12 194
181 11 12 160
181 11 12 6
181 11 12 90
181 11 12 189
181 11 12 20
181 11 13 1
181 11 13 145
181 11 13 183
181 11 13 55
181 11 13 9
181 11 13 107
181 11 13 193
181 11 13 56
181 11 13 6
181 11 13 128
181 11 13 198
181 11 13 138
181 11 13 4
181 11 13 151
181 11 13 184
181 11 13 191
181 11 13 2
181 11 13 108
181 11 13 207
181 11 13 119
181 11 14 9
181 11 14 159
181 11 14 207
181 11 14 167
181 11 14 3
181 11 14 178
181 11 14 192
181 11 14 79
181 11 14 10
181 11 14 92
181 11 14 205
181 11 14 17
181 11 14 6
181 11 14 149
181 11 14 199
181 11 14 9
181 11 14 4
181 11 14 116
181 11 14 206
181 11 14 169
181 12 1 7
181 12 1 115
181 12 1 206
181 12 1 50
181 12 1 9
181 12 1 102
181 12 1 208
181 12 1 41
181 12 1 5
181 12 1 129
181 12 1 189
181 12 1 204
181 12 1 6
181 12 1 171
181 12 1 194
181 12 1 141
181 12 1 9
181 12 1 176
181 12 1 203
181 12 1 169
181 12 2 6
181 12 2 131
181 12 2 184
181 12 2 194
181 12 2 10
181 12 2 145
181 12 2 199
181 12 2 4
181 12 2 7
181 12 2 99
181 12 2 189
181 12 2 92
181 12 2 7
181 12 2 179
181 12 2 208
181 12 2 9
181 12 2 4
181 12 2 122
181 12 2 199
181 12 2 116
181 12 3 4
181 12 3 153
181 12 3 207
181 12 3 181
181 12 3 4
181 12 3 159
181 12 3 205
181 12 3 80
181 12 3 4
181 12 3 150
181 12 3 192
181 12 3 163
181 12 3 2
181 12 3 155
181 12 3 189
181 12 3 147
181 12 3 5
181 12 3 153
181 12 3 185
181 12 3 7
181 12 4 4
181 12 4 104
181 12 4 196
181 12 4 59
181 12 4 8
181 12 4 114
181 12 4 191
181 12 4 30
181 12 4 2
181 12 4 94
181 12 4 203
181 12 4 89
181 12 4 1
181 12 4 179
181 12 4 183
181 12 4 65
181 12 4 6
181 12 4 177
181 12 4 185
181 12 4 46
181 12 5 9
181 12 5 158
181 12 5 199
181 12 5 183
181 12 5 3
181 12 5 119
181 12 5 183
181 12 5 99
181 12 5 8
181 12 5 165
181 12 5 194
181 12 5 6
181 12 5 9
181 12 5 129
181 12 5 185
181 12 5 36
181 12 5 10
181 12 5 164
181 12 5 189
181 12 5 92
181 12 6 9
181 12 6 148
181 12 6 202
181 12 6 202
181 12 6 6
181 12 6 122
181 12 6 205
181 12 6 91
181 12 6 10
181 12 6 155
181 12 6 186
181 12 6 169
181 12 6 3
181 12 6 119
181 12 6 191
181 12 6 62
181 12 6 10
181 12 6 147
181 12 6 207
181 12 6 71
181 12 7 2
181 12 7 148
181 12 7 182
181 12 7 60
181 12 7 2
181 12 7 156
181 12 7 194
181 12 7 164
181 12 7 5
181 12 7 131
181 12 7 196
181 12 7 53
181 12 7 9
181 12 7 125
181 12 7 193
181 12 7 18
181 12 7 7
181 12 7 148
181 12 7 194
181 12 7 163
181 12 8 9
181 12 8 138
181 12 8 205
181 12 8 102
181 12 8 4
181 12 8 111
181 12 8 189
181 12 8 199
181 12 8 7
181 12 8 123
181 12 8 207
181 12 8 66
181 12 8 3
181 12 8 114
181 12 8 189
181 12 8 171
181 12 8 3
181 12 8 130
181 12 8 199
181 12 8 145
181 12 9 3
181 12 9 152
181 12 9 198
181 12 9 199
181 12 9 3
181 12 9 119
181 12 9 190
181 12 9 44
181 12 9 4
181 12 9 152
181 12 9 203
181 12 9 199
181 12 9 1
181 12 9 95
181 12 9 192
181 12 9 160
181 12 9 3
181 12 9 135
181 12 9 194
181 12 9 206
181 12 10 1
181 12 10 115
181 12 10 193
181 12 10 190
181 12 10 10
181 12 10 135
181 12 10 196
181 12 10 80
181 12 10 9
181 12 10 176
181 12 10 187
181 12 10 57
181 12 10 9
181 12 10 135
181 12 10 203
181 12 10 142
181 12 10 3
181 12 10 125
181 12 10 182
181 12 10 93
181 12 11 7
181 12 11 138
181 12 11 189
181 12 11 196
181 12 11 1
181 12 11 144
181 12 11 184
181 12 11 165
181 12 11 1
181 12 11 176
181 12 11 197
181 12 11 181
181 12 11 2
181 12 11 178
181 12 11 198
181 12 11 8
181 12 11 5
181 12 11 163
181 12 11 198
181 12 11 84
181 12 12 1
181 12 12 158
181 12 12 182
181 12 12 105
181 12 12 4
181 12 12 137
181 12 12 204
181 12 12 54
181 12 12 4
181 12 12 132
181 12 12 201
181 12 12 69
181 12 12 1
181 12 12 99
181 12 12 195
181 12 12 22
181 12 12 1
181 12 12 129
181 12 12 195
181 12 12 77
181 12 13 2
181 12 13 137
181 12 13 184
181 12 13 39
181 12 13 10
181 12 13 154
181 12 13 192
181 12 13 83
181 12 13 10
181 12 13 94
181 12 13 189
181 12 13 139
181 12 13 6
181 12 13 136
181 12 13 200
181 12 13 130
181 12 13 1
181 12 13 166
181 12 13 186
181 12 13 88
181 12 14 2
181 12 14 165
181 12 14 189
181 12 14 181
181 12 14 1
181 12 14 141
181 12 14 206
181 12 14 198
181 12 14 6
181 12 14 181
181 12 14 197
181 12 14 84
181 12 14 2
181 12 14 108
181 12 14 198
181 12 14 23
181 12 14 5
181 12 14 117
181 12 14 205
181 12 14 83
181 13 1 9
181 13 1 166
181 13 1 188
181 13 1 119
181 13 1 1
181 13 1 128
181 13 1 188
181 13 1 47
181 13 1 2
181 13 1 158
181 13 1 186
181 13 1 170
181 13 1 5
181 13 1 104
181 13 1 188
181 13 1 158
181 13 1 8
181 13 1 164
181 13 1 208
181 13 1 18
181 13 2 4
181 13 2 123
181 13 2 208
181 13 2 90
181 13 2 9
181 13 2 127
181 13 2 181
181 13 2 130
181 13 2 7
181 13 2 125
181 13 2 197
181 13 2 99
181 13 2 9
181 13 2 146
181 13 2 201
181 13 2 142
181 13 2 9
181 13 2 175
181 13 2 184
181 13 2 3
181 13 3 3
181 13 3 104
181 13 3 182
181 13 3 96
181 13 3 9
181 13 3 156
181 13 3 198
181 13 3 77
181 13 3 9
181 13 3 127
181 13 3 193
181 13 3 186
181 13 3 7
181 13 3 119
181 13 3 208
181 13 3 50
181 13 3 10
181 13 3 125
181 13 3 193
181 13 3 16
181 13 4 4
181 13 4 130
181 13 4 192
181 13 4 71
181 13 4 1
181 13 4 160
181 13 4 193
181 13 4 156
181 13 4 6
181 13 4 146
181 13 4 196
181 13 4 155
181 13 4 9
181 13 4 101
181 13 4 195
181 13 4 136
181 13 4 4
181 13 4 103
181 13 4 186
181 13 4 93
181 13 5 2
181 13 5 102
181 13 5 192
181 13 5 177
181 13 5 2
181 13 5 100
181 13 5 188
181 13 5 157
181 13 5 3
181 13 5 107
181 13 5 196
181 13 5 100
181 13 5 2
181 13 5 115
181 13 5 208
181 13 5 129
181 13 5 1
181 13 5 118
181 13 5 203
181 13 5 67
181 13 6 4
181 13 6 153
181 13 6 208
181 13 6 200
181 13 6 2
181 13 6 175
181 13 6 195
181 13 6 50
181 13 6 6
181 13 6 126
181 13 6 198
181 13 6 48
181 13 6 5
181 13 6 140
181 13 6 193
181 13 6 54
181 13 6 8
181 13 6 99
181 13 6 197
181 13 6 14
181 13 7 9
181 13 7 171
181 13 7 206
181 13 7 125
181 13 7 8
181 13 7 137
181 13 7 198
181 13 7 177
181 13 7 4
181 13 7 140
181 13 7 190
181 13 7 13
181 13 7 4
181 13 7 135
181 13 7 203
181 13 7 38
181 13 7 2
181 13 7 179
181 13 7 205
181 13 7 159
181 13 8 6
181 13 8 167
181 13 8 205
181 13 8 137
181 13 8 3
181 13 8 137
181 13 8 183
181 13 8 63
181 13 8 2
181 13 8 114
181 13 8 187
181 13 8 113
181 13 8 7
181 13 8 149
181 13 8 197
181 13 8 26
181 13 8 10
181 13 8 140
181 13 8 203
181 13 8 38
181 13 9 5
181 13 9 180
181 13 9 184
181 13 9 5
181 13 9 8
181 13 9 140
181 13 9 198
181 13 9 151
181 13 9 1
181 13 9 98
181 13 9 184
181 13 9 146
181 13 9 5
181 13 9 145
181 13 9 193
181 13 9 200
181 13 9 6
181 13 9 169
181 13 9 191
181 13 9 195
181 13 10 9
181 13 10 149
181 13 10 204
181 13 10 130
181 13 10 10
181 13 10 155
181 13 10 199
181 13 10 90
181 13 10 4
181 13 10 118
181 13 10 183
181 13 10 130
181 13 10 3
181 13 10 154
181 13 10 194
181 13 10 49
181 13 10 8
181 13 10 135
181 13 10 199
181 13 10 60
181 13 11 6
181 13 11 92
181 13 11 184
181 13 11 100
181 13 11 1
181 13 11 105
181 13 11 193
181 13 11 91
181 13 11 6
181 13 11 117
181 13 11 183
181 13 11 133
181 13 11 7
181 13 11 132
181 13 11 195
181 13 11 167
181 13 11 9
181 13 11 141
181 13 11 189
181 13 11 80
181 13 12 9
181 13 12 94
181 13 12 206
181 13 12 141
181 13 12 2
181 13 12 93
181 13 12 187
181 13 12 91
181 13 12 6
181 13 12 129
181 13 12 203
181 13 12 77
181 13 12 4
181 13 12 178
181 13 12 191
181 13 12 67
181 13 12 5
181 13 12 116
181 13 12 207
181 13 12 143
181 13 13 9
181 13 13 147
181 13 13 200
181 13 13 193
181 13 13 10
181 13 13 176
181 13 13 205
181 13 13 89
181 13 13 1
181 13 13 130
181 13 13 185
181 13 13 174
181 13 13 9
181 13 13 107
181 13 13 204
181 13 13 58
181 13 13 5
181 13 13 177
181 13 13 198
181 13 13 74
181 13 14 8
181 13 14 153
181 13 14 202
181 13 14 67
181 13 14 5
181 13 14 121
181 13 14 194
181 13 14 73
181 13 14 6
181 13 14 122
181 13 14 200
181 13 14 141
181 13 14 9
181 13 14 109
181 13 14 182
181 13 14 188
181 13 14 2
181 13 14 111
181 13 14 182
181 13 14 97
181 14 1 1
181 14 1 162
181 14 1 202
181 14 1 143
181 14 1 6
181 14 1 107
181 14 1 187
181 14 1 95
181 14 1 4
181 14 1 96
181 14 1 193
181 14 1 118
181 14 1 5
181 14 1 164
181 14 1 185
181 14 1 27
181 14 1 6
181 14 1 152
181 14 1 199
181 14 1 136
181 14 2 7
181 14 2 171
181 14 2 208
181 14 2 205
181 14 2 3
181 14 2 121
181 14 2 194
181 14 2 97
181 14 2 3
181 14 2 156
181 14 2 200
181 14 2 129
181 14 2 3
181 14 2 120
181 14 2 199
181 14 2 177
181 14 2 9
181 14 2 143
181 14 2 205
181 14 2 80
181 14 3 2
181 14 3 133
181 14 3 202
181 14 3 160
181 14 3 6
181 14 3 105
181 14 3 189
181 14 3 203
181 14 3 3
181 14 3 106
181 14 3 200
181 14 3 181
181 14 3 10
181 14 3 108
181 14 3 187
181 14 3 15
181 14 3 2
181 14 3 123
181 14 3 203
181 14 3 163
181 14 4 1
181 14 4 90
181 14 4 184
181 14 4 118
181 14 4 1
181 14 4 175
181 14 4 195
181 14 4 43
181 14 4 10
181 14 4 93
181 14 4 199
181 14 4 18
181 14 4 4
181 14 4 131
181 14 4 208
181 14 4 145
181 14 4 6
181 14 4 125
181 14 4 195
181 14 4 66
181 14 5 1
181 14 5 163
181 14 5 183
181 14 5 18
181 14 5 10
181 14 5 146
181 14 5 187
181 14 5 73
181 14 5 9
181 14 5 167
181 14 5 205
181 14 5 134
181 14 5 6
181 14 5 129
181 14 5 198
181 14 5 22
181 14 5 7
181 14 5 119
181 14 5 183
181 14 5 162
181 14 6 7
181 14 6 126
181 14 6 198
181 14 6 147
181 14 6 10
181 14 6 126
181 14 6 199
181 14 6 129
181 14 6 4
181 14 6 147
181 14 6 195
181 14 6 137
181 14 6 4
181 14 6 124
181 14 6 201
181 14 6 148
181 14 6 4
181 14 6 167
181 14 6 185
181 14 6 25
181 14 7 2
181 14 7 132
181 14 7 185
181 14 7 90
181 14 7 1
181 14 7 102
181 14 7 208
181 14 7 53
181 14 7 9
181 14 7 127
181 14 7 196
181 14 7 95
181 14 7 7
181 14 7 173
181 14 7 194
181 14 7 121
181 14 7 5
181 14 7 117
181 14 7 181
181 14 7 10
181 14 8 2
181 14 8 140
181 14 8 185
181 14 8 98
181 14 8 6
181 14 8 170
181 14 8 182
181 14 8 181
181 14 8 2
181 14 8 134
181 14 8 185
181 14 8 180
181 14 8 8
181 14 8 92
181 14 8 183
181 14 8 144
181 14 8 1
181 14 8 126
181 14 8 203
181 14 8 38
181 14 9 8
181 14 9 140
181 14 9 202
181 14 9 73
181 14 9 6
181 14 9 93
181 14 9 184
181 14 9 27
181 14 9 7
181 14 9 120
181 14 9 196
181 14 9 123
181 14 9 3
181 14 9 135
181 14 9 185
181 14 9 137
181 14 9 1
181 14 9 121
181 14 9 182
181 14 9 204
181 14 10 7
181 14 10 149
181 14 10 194
181 14 10 28
181 14 10 10
181 14 10 106
181 14 10 191
181 14 10 91
181 14 10 3
181 14 10 118
181 14 10 196
181 14 10 67
181 14 10 6
181 14 10 126
181 14 10 208
181 14 10 17
181 14 10 6
181 14 10 160
181 14 10 200
181 14 10 112
181 14 11 3
181 14 11 142
181 14 11 183
181 14 11 26
181 14 11 9
181 14 11 91
181 14 11 195
181 14 11 199
181 14 11 9
181 14 11 110
181 14 11 192
181 14 11 103
181 14 11 3
181 14 11 105
181 14 11 184
181 14 11 144
181 14 11 8
181 14 11 157
181 14 11 184
181 14 11 42
181 14 12 4
181 14 12 97
181 14 12 189
181 14 12 163
181 14 12 3
181 14 12 170
181 14 12 184
181 14 12 46
181 14 12 10
181 14 12 94
181 14 12 195
181 14 12 7
181 14 12 9
181 14 12 140
181 14 12 207
181 14 12 3
181 14 12 5
181 14 12 99
181 14 12 205
181 14 12 68
181 14 13 5
181 14 13 101
181 14 13 190
181 14 13 8
181 14 13 10
181 14 13 115
181 14 13 204
181 14 13 35
181 14 13 5
181 14 13 143
181 14 13 184
181 14 13 69
181 14 13 2
181 14 13 162
181 14 13 207
181 14 13 163
181 14 13 3
181 14 13 133
181 14 13 208
181 14 13 101
181 14 14 9
181 14 14 115
181 14 14 182
181 14 14 8
181 14 14 5
181 14 14 127
181 14 14 187
181 14 14 179
181 14 14 8
181 14 14 121
181 14 14 195
181 14 14 30
181 14 14 9
181 14 14 133
181 14 14 204
181 14 14 196
181 14 14 2
181 14 14 161
181 14 14 201
181 14 14 150
191 1 1 2
191 1 1 108
191 1 1 192
191 1 1 117
191 1 1 4
191 1 1 145
191 1 1 203
191 1 1 196
191 1 1 7
191 1 1 168
191 1 1 195
191 1 1 88
191 1 1 6
191 1 1 127
191 1 1 199
191 1 1 33
191 1 1 9
191 1 1 160
191 1 1 195
191 1 1 118
191 1 2 5
191 1 2 176
191 1 2 209
191 1 2 53
191 1 2 5
191 1 2 149
191 1 2 197
191 1 2 63
191 1 2 2
191 1 2 121
191 1 2 201
191 1 2 137
191 1 2 10
191 1 2 159
191 1 2 195
191 1 2 88
191 1 2 9
191 1 2 107
191 1 2 205
191 1 2 103
191 1 3 6
191 1 3 147
191 1 3 217
191 1 3 156
191 1 3 7
191 1 3 127
191 1 3 209
191 1 3 123
191 1 3 9
191 1 3 145
191 1 3 216
191 1 3 108
191 1 3 3
191 1 3 172
191 1 3 193
191 1 3 127
191 1 3 2
191 1 3 166
191 1 3 217
191 1 3 83
191 1 4 3
191 1 4 140
191 1 4 214
191 1 4 12
191 1 4 7
191 1 4 142
191 1 4 206
191 1 4 168
191 1 4 3
191 1 4 165
191 1 4 217
191 1 4 38
191 1 4 2
191 1 4 99
191 1 4 207
191 1 4 52
191 1 4 2
191 1 4 182
191 1 4 200
191 1 4 166
191 1 5 4
191 1 5 108
191 1 5 197
191 1 5 66
191 1 5 3
191 1 5 141
191 1 5 191
191 1 5 66
191 1 5 5
191 1 5 124
191 1 5 201
191 1 5 136
191 1 5 1
191 1 5 132
191 1 5 201
191 1 5 122
191 1 5 8
191 1 5 95
191 1 5 195
191 1 5 193
191 1 6 9
191 1 6 125
191 1 6 208
191 1 6 38
191 1 6 9
191 1 6 95
191 1 6 208
191 1 6 40
191 1 6 9
191 1 6 121
191 1 6 196
191 1 6 154
191 1 6 3
191 1 6 158
191 1 6 213
191 1 6 147
191 1 6 4
191 1 6 114
191 1 6 197
191 1 6 85
191 1 7 6
191 1 7 124
191 1 7 204
191 1 7 11
191 1 7 2
191 1 7 162
191 1 7 191
191 1 7 84
191 1 7 1
191 1 7 185
191 1 7 195
191 1 7 151
191 1 7 6
191 1 7 142
191 1 7 193
191 1 7 38
191 1 7 5
191 1 7 175
191 1 7 218
191 1 7 207
191 1 8 6
191 1 8 159
191 1 8 195
191 1 8 50
191 1 8 3
191 1 8 138
191 1 8 213
191 1 8 91
191 1 8 5
191 1 8 107
191 1 8 216
191 1 8 150
191 1 8 2
191 1 8 140
191 1 8 195
191 1 8 108
191 1 8 6
191 1 8 168
191 1 8 210
191 1 8 168
191 1 9 10
191 1 9 164
191 1 9 208
191 1 9 13
191 1 9 9
191 1 9 114
191 1 9 210
191 1 9 141
191 1 9 5
191 1 9 168
191 1 9 218
191 1 9 44
191 1 9 6
191 1 9 141
191 1 9 217
191 1 9 24
191 1 9 8
191 1 9 129
191 1 9 214
191 1 9 112
191 1 10 4
191 1 10 134
191 1 10 194
191 1 10 6
191 1 10 8
191 1 10 125
191 1 10 192
191 1 10 2
191 1 10 9
191 1 10 105
191 1 10 200
191 1 10 157
191 1 10 10
191 1 10 144
191 1 10 195
191 1 10 103
191 1 10 6
191 1 10 104
191 1 10 204
191 1 10 63
191 1 11 1
191 1 11 122
191 1 11 213
191 1 11 193
191 1 11 7
191 1 11 131
191 1 11 194
191 1 11 192
191 1 11 5
191 1 11 96
191 1 11 208
191 1 11 122
191 1 11 8
191 1 11 114
191 1 11 196
191 1 11 66
191 1 11 7
191 1 11 186
191 1 11 217
191 1 11 146
191 1 12 5
191 1 12 171
191 1 12 211
191 1 12 144
191 1 12 10
191 1 12 146
191 1 12 202
191 1 12 155
191 1 12 1
191 1 12 118
191 1 12 196
191 1 12 76
191 1 12 7
191 1 12 96
191 1 12 207
191 1 12 188
191 1 12 6
191 1 12 97
191 1 12 211
191 1 12 39
191 1 13 10
191 1 13 174
191 1 13 195
191 1 13 147
191 1 13 1
191 1 13 170
191 1 13 206
191 1 13 77
191 1 13 2
191 1 13 132
191 1 13 197
191 1 13 45
191 1 13 1
191 1 13 140
191 1 13 207
191 1 13 185
191 1 13 1
191 1 13 148
191 1 13 205
191 1 13 132
191 1 14 7
191 1 14 111
191 1 14 202
191 1 14 114
191 1 14 2
191 1 14 132
191 1 14 212
191 1 14 86
191 1 14 10
191 1 14 114
191 1 14 216
191 1 14 182
191 1 14 8
191 1 14 95
191 1 14 212
191 1 14 196
191 1 14 10
191 1 14 151
191 1 14 196
191 1 14 212
191 2 1 4
191 2 1 175
191 2 1 205
191 2 1 57
191 2 1 7
191 2 1 131
191 2 1 215
191 2 1 23
191 2 1 4
191 2 1 129
191 2 1 218
191 2 1 54
191 2 1 5
191 2 1 170
191 2 1 217
191 2 1 210
191 2 1 6
191 2 1 116
191 2 1 197
191 2 1 133
191 2 2 3
191 2 2 157
191 2 2 201
191 2 2 46
191 2 2 2
191 2 2 110
191 2 2 212
191 2 2 62
191 2 2 8
191 2 2 95
191 2 2 201
191 2 2 196
191 2 2 6
191 2 2 162
191 2 2 216
191 2 2 14
191 2 2 5
191 2 2 172
191 2 2 208
191 2 2 84
191 2 3 4
191 2 3 190
191 2 3 192
191 2 3 57
191 2 3 5
191 2 3 97
191 2 3 218
191 2 3 153
191 2 3 7
191 2 3 115
191 2 3 202
191 2 3 158
191 2 3 8
191 2 3 157
191 2 3 199
191 2 3 74
191 2 3 2
191 2 3 187
191 2 3 200
191 2 3 207
191 2 4 4
191 2 4 132
191 2 4 206
191 2 4 212
191 2 4 1
191 2 4 173
191 2 4 210
191 2 4 6
191 2 4 8
191 2 4 128
191 2 4 200
191 2 4 32
191 2 4 3
191 2 4 150
191 2 4 217
191 2 4 22
191 2 4 2
191 2 4 188
191 2 4 194
191 2 4 106
191 2 5 5
191 2 5 151
191 2 5 196
191 2 5 12
191 2 5 9
191 2 5 96
191 2 5 201
191 2 5 168
191 2 5 4
191 2 5 108
191 2 5 198
191 2 5 167
191 2 5 2
191 2 5 148
191 2 5 204
191 2 5 78
191 2 5 3
191 2 5 110
191 2 5 212
191 2 5 42
191 2 6 2
191 2 6 110
191 2 6 206
191 2 6 111
191 2 6 10
191 2 6 146
191 2 6 196
191 2 6 128
191 2 6 3
191 2 6 146
191 2 6 213
191 2 6 97
191 2 6 9
191 2 6 126
191 2 6 214
191 2 6 46
191 2 6 9
191 2 6 184
191 2 6 213
191 2 6 107
191 2 7 10
191 2 7 124
191 2 7 204
191 2 7 196
191 2 7 8
191 2 7 158
191 2 7 198
191 2 7 161
191 2 7 1
191 2 7 124
191 2 7 200
191 2 7 150
191 2 7 10
191 2 7 100
191 2 7 199
191 2 7 30
191 2 7 8
191 2 7 135
191 2 7 199
191 2 7 121
191 2 8 8
191 2 8 139
191 2 8 213
191 2 8 48
191 2 8 3
191 2 8 191
191 2 8 202
191 2 8 3
191 2 8 9
191 2 8 104
191 2 8 201
191 2 8 203
191 2 8 10
191 2 8 113
191 2 8 195
191 2 8 103
191 2 8 10
191 2 8 112
191 2 8 214
191 2 8 34
191 2 9 8
191 2 9 104
191 2 9 199
191 2 9 167
191 2 9 9
191 2 9 104
191 2 9 213
191 2 9 173
191 2 9 1
191 2 9 141
191 2 9 204
191 2 9 68
191 2 9 9
191 2 9 115
191 2 9 211
191 2 9 61
191 2 9 7
191 2 9 179
191 2 9 210
191 2 9 37
191 2 10 7
191 2 10 179
191 2 10 205
191 2 10 68
191 2 10 2
191 2 10 142
191 2 10 216
191 2 10 161
191 2 10 2
191 2 10 189
191 2 10 214
191 2 10 45
191 2 10 9
191 2 10 170
191 2 10 196
191 2 10 95
191 2 10 5
191 2 10 121
191 2 10 211
191 2 10 146
191 2 11 5
191 2 11 143
191 2 11 199
191 2 11 65
191 2 11 6
191 2 11 138
191 2 11 191
191 2 11 150
191 2 11 1
191 2 11 96
191 2 11 200
191 2 11 97
191 2 11 6
191 2 11 134
191 2 11 206
191 2 11 146
191 2 11 8
191 2 11 99
191 2 11 197
191 2 11 121
191 2 12 9
191 2 12 150
191 2 12 191
191 2 12 85
191 2 12 3
191 2 12 189
191 2 12 209
191 2 12 148
191 2 12 2
191 2 12 139
191 2 12 214
191 2 12 97
191 2 12 4
191 2 12 172
191 2 12 201
191 2 12 187
191 2 12 7
191 2 12 162
191 2 12 199
191 2 12 78
191 2 13 8
191 2 13 161
191 2 13 216
191 2 13 201
191 2 13 5
191 2 13 177
191 2 13 201
191 2 13 50
191 2 13 6
191 2 13 140
191 2 13 194
191 2 13 65
191 2 13 7
191 2 13 121
191 2 13 196
191 2 13 99
191 2 13 5
191 2 13 160
191 2 13 217
191 2 13 59
191 2 14 4
191 2 14 161
191 2 14 216
191 2 14 128
191 2 14 6
191 2 14 119
191 2 14 195
191 2 14 46
191 2 14 8
191 2 14 143
191 2 14 212
191 2 14 143
191 2 14 1
191 2 14 137
191 2 14 215
191 2 14 139
191 2 14 4
191 2 14 120
191 2 14 211
191 2 14 16
191 3 1 7
191 3 1 169
191 3 1 196
191 3 1 35
191 3 1 4
191 3 1 159
191 3 1 207
191 3 1 86
191 3 1 4
191 3 1 183
191 3 1 207
191 3 1 74
191 3 1 1
191 3 1 116
191 3 1 197
191 3 1 124
191 3 1 4
191 3 1 127
191 3 1 210
191 3 1 75
191 3 2 3
191 3 2 186
191 3 2 193
191 3 2 22
191 3 2 9
191 3 2 128
191 3 2 197
191 3 2 170
191 3 2 2
191 3 2 106
191 3 2 207
191 3 2 3
191 3 2 2
191 3 2 129
191 3 2 192
191 3 2 103
191 3 2 4
191 3 2 180
191 3 2 217
191 3 2 197
191 3 3 7
191 3 3 127
191 3 3 213
191 3 3 151
191 3 3 8
191 3 3 137
191 3 3 197
191 3 3 9
191 3 3 7
191 3 3 123
191 3 3 217
191 3 3 73
191 3 3 3
191 3 3 108
191 3 3 196
191 3 3 177
191 3 3 5
191 3 3 142
191 3 3 192
191 3 3 19
191 3 4 4
191 3 4 151
191 3 4 202
191 3 4 26
191 3 4 3
191 3 4 125
191 3 4 197
191 3 4 208
191 3 4 4
191 3 4 96
191 3 4 204
191 3 4 97
191 3 4 9
191 3 4 167
191 3 4 193
191 3 4 151
191 3 4 2
191 3 4 175
191 3 4 214
191 3 4 190
191 3 5 6
191 3 5 128
191 3 5 197
191 3 5 76
191 3 5 5
191 3 5 117
191 3 5 206
191 3 5 26
191 3 5 2
191 3 5 177
191 3 5 198
191 3 5 215
191 3 5 5
191 3 5 171
191 3 5 210
191 3 5 135
191 3 5 7
191 3 5 161
191 3 5 199
191 3 5 211
191 3 6 8
191 3 6 122
191 3 6 194
191 3 6 48
191 3 6 1
191 3 6 150
191 3 6 194
191 3 6 58
191 3 6 2
191 3 6 189
191 3 6 203
191 3 6 150
191 3 6 9
191 3 6 164
191 3 6 198
191 3 6 142
191 3 6 7
191 3 6 113
191 3 6 211
191 3 6 105
191 3 7 3
191 3 7 182
191 3 7 210
191 3 7 26
191 3 7 4
191 3 7 105
191 3 7 197
191 3 7 74
191 3 7 4
191 3 7 181
191 3 7 191
191 3 7 75
191 3 7 6
191 3 7 108
191 3 7 215
191 3 7 108
191 3 7 9
191 3 7 161
191 3 7 204
191 3 7 178
191 3 8 10
191 3 8 161
191 3 8 201
191 3 8 87
191 3 8 6
191 3 8 123
191 3 8 193
191 3 8 187
191 3 8 6
191 3 8 144
191 3 8 211
191 3 8 4
191 3 8 10
191 3 8 134
191 3 8 206
191 3 8 174
191 3 8 2
191 3 8 189
191 3 8 191
191 3 8 27
191 3 9 6
191 3 9 182
191 3 9 215
191 3 9 47
191 3 9 1
191 3 9 148
191 3 9 207
191 3 9 205
191 3 9 10
191 3 9 95
191 3 9 216
191 3 9 117
191 3 9 3
191 3 9 137
191 3 9 209
191 3 9 154
191 3 9 6
191 3 9 189
191 3 9 208
191 3 9 210
191 3 10 2
191 3 10 148
191 3 10 208
191 3 10 99
191 3 10 1
191 3 10 124
191 3 10 192
191 3 10 106
191 3 10 10
191 3 10 99
191 3 10 200
191 3 10 64
191 3 10 1
191 3 10 167
191 3 10 215
191 3 10 166
191 3 10 10
191 3 10 145
191 3 10 201
191 3 10 74
191 3 11 6
191 3 11 119
191 3 11 198
191 3 11 50
191 3 11 2
191 3 11 109
191 3 11 206
191 3 11 46
191 3 11 7
191 3 11 134
191 3 11 192
191 3 11 43
191 3 11 1
191 3 11 138
191 3 11 210
191 3 11 157
191 3 11 10
191 3 11 104
191 3 11 210
191 3 11 3
191 3 12 10
191 3 12 144
191 3 12 209
191 3 12 4
191 3 12 3
191 3 12 174
191 3 12 210
191 3 12 189
191 3 12 1
191 3 12 97
191 3 12 210
191 3 12 95
191 3 12 4
191 3 12 168
191 3 12 205
191 3 12 170
191 3 12 7
191 3 12 157
191 3 12 212
191 3 12 20
191 3 13 5
191 3 13 146
191 3 13 195
191 3 13 115
191 3 13 2
191 3 13 187
191 3 13 211
191 3 13 9
191 3 13 1
191 3 13 130
191 3 13 197
191 3 13 214
191 3 13 6
191 3 13 139
191 3 13 202
191 3 13 117
191 3 13 5
191 3 13 122
191 3 13 201
191 3 13 61
191 3 14 6
191 3 14 137
191 3 14 214
191 3 14 78
191 3 14 5
191 3 14 100
191 3 14 210
191 3 14 57
191 3 14 7
191 3 14 141
191 3 14 216
191 3 14 31
191 3 14 9
191 3 14 173
191 3 14 192
191 3 14 129
191 3 14 9
191 3 14 185
191 3 14 216
191 3 14 180
191 4 1 5
191 4 1 123
191 4 1 210
191 4 1 70
191 4 1 9
191 4 1 168
191 4 1 202
191 4 1 202
191 4 1 1
191 4 1 157
191 4 1 195
191 4 1 95
191 4 1 8
191 4 1 143
191 4 1 206
191 4 1 77
191 4 1 3
191 4 1 167
191 4 1 216
191 4 1 20
191 4 2 2
191 4 2 104
191 4 2 194
191 4 2 118
191 4 2 10
191 4 2 114
191 4 2 191
191 4 2 65
191 4 2 4
191 4 2 102
191 4 2 203
191 4 2 128
191 4 2 5
191 4 2 169
191 4 2 206
191 4 2 47
191 4 2 7
191 4 2 111
191 4 2 200
191 4 2 193
191 4 3 9
191 4 3 126
191 4 3 203
191 4 3 79
191 4 3 6
191 4 3 116
191 4 3 193
191 4 3 205
191 4 3 10
191 4 3 144
191 4 3 217
191 4 3 140
191 4 3 9
191 4 3 133
191 4 3 216
191 4 3 26
191 4 3 3
191 4 3 99
191 4 3 199
191 4 3 173
191 4 4 2
191 4 4 113
191 4 4 192
191 4 4 109
191 4 4 5
191 4 4 151
191 4 4 195
191 4 4 111
191 4 4 2
191 4 4 169
191 4 4 196
191 4 4 138
191 4 4 1
191 4 4 184
191 4 4 208
191 4 4 150
191 4 4 4
191 4 4 148
191 4 4 211
191 4 4 217
191 4 5 7
191 4 5 111
191 4 5 206
191 4 5 143
191 4 5 2
191 4 5 147
191 4 5 198
191 4 5 207
191 4 5 8
191 4 5 134
191 4 5 194
191 4 5 177
191 4 5 10
191 4 5 182
191 4 5 213
191 4 5 77
191 4 5 2
191 4 5 151
191 4 5 204
191 4 5 149
191 4 6 6
191 4 6 146
191 4 6 209
191 4 6 131
191 4 6 5
191 4 6 137
191 4 6 207
191 4 6 166
191 4 6 4
191 4 6 173
191 4 6 194
191 4 6 48
191 4 6 5
191 4 6 122
191 4 6 194
191 4 6 202
191 4 6 10
191 4 6 130
191 4 6 209
191 4 6 179
191 4 7 3
191 4 7 161
191 4 7 198
191 4 7 67
191 4 7 5
191 4 7 119
191 4 7 210
191 4 7 153
191 4 7 1
191 4 7 190
191 4 7 196
191 4 7 87
191 4 7 9
191 4 7 157
191 4 7 215
191 4 7 33
191 4 7 10
191 4 7 140
191 4 7 209
191 4 7 46
191 4 8 9
191 4 8 121
191 4 8 215
191 4 8 56
191 4 8 6
191 4 8 157
191 4 8 193
191 4 8 40
191 4 8 6
191 4 8 112
191 4 8 218
191 4 8 59
191 4 8 2
191 4 8 127
191 4 8 210
191 4 8 196
191 4 8 4
191 4 8 159
191 4 8 202
191 4 8 140
191 4 9 6
191 4 9 119
191 4 9 196
191 4 9 88
191 4 9 7
191 4 9 151
191 4 9 213
191 4 9 153
191 4 9 10
191 4 9 179
191 4 9 216
191 4 9 97
191 4 9 10
191 4 9 144
191 4 9 212
191 4 9 77
191 4 9 2
191 4 9 97
191 4 9 210
191 4 9 196
191 4 10 7
191 4 10 174
191 4 10 200
191 4 10 211
191 4 10 10
191 4 10 114
191 4 10 192
191 4 10 193
191 4 10 10
191 4 10 123
191 4 10 212
191 4 10 32
191 4 10 5
191 4 10 161
191 4 10 205
191 4 10 215
191 4 10 1
191 4 10 165
191 4 10 199
191 4 10 120
191 4 11 4
191 4 11 119
191 4 11 198
191 4 11 190
191 4 11 4
191 4 11 145
191 4 11 214
191 4 11 166
191 4 11 2
191 4 11 132
191 4 11 212
191 4 11 129
191 4 11 4
191 4 11 180
191 4 11 215
191 4 11 155
191 4 11 4
191 4 11 150
191 4 11 201
191 4 11 141
191 4 12 6
191 4 12 134
191 4 12 206
191 4 12 156
191 4 12 10
191 4 12 95
191 4 12 193
191 4 12 45
191 4 12 4
191 4 12 116
191 4 12 202
191 4 12 34
191 4 12 9
191 4 12 103
191 4 12 206
191 4 12 208
191 4 12 3
191 4 12 112
191 4 12 213
191 4 12 169
191 4 13 5
191 4 13 126
191 4 13 208
191 4 13 12
191 4 13 1
191 4 13 158
191 4 13 199
191 4 13 218
191 4 13 7
191 4 13 181
191 4 13 197
191 4 13 37
191 4 13 5
191 4 13 150
191 4 13 205
191 4 13 177
191 4 13 10
191 4 13 107
191 4 13 197
191 4 13 180
191 4 14 4
191 4 14 126
191 4 14 192
191 4 14 3
191 4 14 6
191 4 14 123
191 4 14 199
191 4 14 128
191 4 14 7
191 4 14 105
191 4 14 214
191 4 14 140
191 4 14 8
191 4 14 130
191 4 14 202
191 4 14 16
191 4 14 3
191 4 14 177
191 4 14 209
191 4 14 49
191 5 1 8
191 5 1 118
191 5 1 197
191 5 1 47
191 5 1 10
191 5 1 152
191 5 1 204
191 5 1 140
191 5 1 2
191 5 1 191
191 5 1 200
191 5 1 137
191 5 1 2
191 5 1 158
191 5 1 205
191 5 1 214
191 5 1 2
191 5 1 117
191 5 1 213
191 5 1 51
191 5 2 3
191 5 2 174
191 5 2 204
191 5 2 156
191 5 2 7
191 5 2 153
191 5 2 193
191 5 2 176
191 5 2 8
191 5 2 141
191 5 2 213
191 5 2 109
191 5 2 6
191 5 2 187
191 5 2 200
191 5 2 51
191 5 2 1
191 5 2 184
191 5 2 202
191 5 2 206
191 5 3 8
191 5 3 157
191 5 3 216
191 5 3 49
191 5 3 7
191 5 3 164
191 5 3 206
191 5 3 179
191 5 3 6
191 5 3 122
191 5 3 204
191 5 3 29
191 5 3 5
191 5 3 168
191 5 3 208
191 5 3 125
191 5 3 6
191 5 3 180
191 5 3 217
191 5 3 15
191 5 4 10
191 5 4 176
191 5 4 197
191 5 4 152
191 5 4 3
191 5 4 111
191 5 4 207
191 5 4 10
191 5 4 3
191 5 4 140
191 5 4 217
191 5 4 117
191 5 4 3
191 5 4 111
191 5 4 199
191 5 4 172
191 5 4 3
191 5 4 189
191 5 4 218
191 5 4 188
191 5 5 4
191 5 5 153
191 5 5 217
191 5 5 69
191 5 5 4
191 5 5 115
191 5 5 212
191 5 5 89
191 5 5 3
191 5 5 130
191 5 5 201
191 5 5 175
191 5 5 8
191 5 5 133
191 5 5 210
191 5 5 43
191 5 5 7
191 5 5 146
191 5 5 215
191 5 5 56
191 5 6 7
191 5 6 122
191 5 6 193
191 5 6 202
191 5 6 8
191 5 6 102
191 5 6 199
191 5 6 14
191 5 6 9
191 5 6 127
191 5 6 191
191 5 6 67
191 5 6 7
191 5 6 117
191 5 6 200
191 5 6 48
191 5 6 6
191 5 6 151
191 5 6 211
191 5 6 4
191 5 7 3
191 5 7 168
191 5 7 209
191 5 7 124
191 5 7 2
191 5 7 98
191 5 7 207
191 5 7 208
191 5 7 3
191 5 7 130
191 5 7 192
191 5 7 132
191 5 7 2
191 5 7 104
191 5 7 205
191 5 7 27
191 5 7 2
191 5 7 171
191 5 7 191
191 5 7 202
191 5 8 2
191 5 8 167
191 5 8 200
191 5 8 21
191 5 8 6
191 5 8 151
191 5 8 202
191 5 8 152
191 5 8 9
191 5 8 149
191 5 8 217
191 5 8 17
191 5 8 1
191 5 8 124
191 5 8 196
191 5 8 73
191 5 8 1
191 5 8 161
191 5 8 205
191 5 8 172
191 5 9 9
191 5 9 178
191 5 9 193
191 5 9 78
191 5 9 6
191 5 9 165
191 5 9 201
191 5 9 57
191 5 9 5
191 5 9 121
191 5 9 192
191 5 9 59
191 5 9 5
191 5 9 156
191 5 9 199
191 5 9 216
191 5 9 1
191 5 9 136
191 5 9 208
191 5 9 171
191 5 10 8
191 5 10 149
191 5 10 218
191 5 10 156
191 5 10 10
191 5 10 119
191 5 10 217
191 5 10 82
191 5 10 4
191 5 10 178
191 5 10 203
191 5 10 212
191 5 10 10
191 5 10 135
191 5 10 205
191 5 10 57
191 5 10 9
191 5 10 104
191 5 10 200
191 5 10 93
191 5 11 8
191 5 11 181
191 5 11 212
191 5 11 89
191 5 11 5
191 5 11 109
191 5 11 194
191 5 11 109
191 5 11 7
191 5 11 136
191 5 11 212
191 5 11 41
191 5 11 4
191 5 11 168
191 5 11 194
191 5 11 78
191 5 11 7
191 5 11 113
191 5 11 195
191 5 11 45
191 5 12 10
191 5 12 144
191 5 12 203
191 5 12 84
191 5 12 4
191 5 12 109
191 5 12 212
191 5 12 108
191 5 12 10
191 5 12 118
191 5 12 209
191 5 12 24
191 5 12 6
191 5 12 115
191 5 12 212
191 5 12 137
191 5 12 8
191 5 12 140
191 5 12 213
191 5 12 181
191 5 13 6
191 5 13 164
191 5 13 209
191 5 13 80
191 5 13 9
191 5 13 180
191 5 13 205
191 5 13 20
191 5 13 8
191 5 13 121
191 5 13 197
191 5 13 207
191 5 13 8
191 5 13 164
191 5 13 206
191 5 13 126
191 5 13 3
191 5 13 126
191 5 13 202
191 5 13 81
191 5 14 7
191 5 14 105
191 5 14 203
191 5 14 113
191 5 14 5
191 5 14 101
191 5 14 198
191 5 14 19
191 5 14 2
191 5 14 99
191 5 14 191
191 5 14 69
191 5 14 5
191 5 14 143
191 5 14 198
191 5 14 115
191 5 14 1
191 5 14 179
191 5 14 209
191 5 14 153
191 6 1 7
191 6 1 95
191 6 1 193
191 6 1 81
191 6 1 8
191 6 1 95
191 6 1 197
191 6 1 200
191 6 1 5
191 6 1 134
191 6 1 218
191 6 1 59
191 6 1 9
191 6 1 103
191 6 1 207
191 6 1 198
191 6 1 3
191 6 1 170
191 6 1 215
191 6 1 70
191 6 2 4
191 6 2 101
191 6 2 194
191 6 2 142
191 6 2 4
191 6 2 105
191 6 2 207
191 6 2 23
191 6 2 5
191 6 2 162
191 6 2 216
191 6 2 177
191 6 2 1
191 6 2 188
191 6 2 218
191 6 2 159
191 6 2 10
191 6 2 187
191 6 2 212
191 6 2 94
191 6 3 2
191 6 3 179
191 6 3 194
191 6 3 46
191 6 3 5
191 6 3 185
191 6 3 204
191 6 3 58
191 6 3 10
191 6 3 97
191 6 3 194
191 6 3 88
191 6 3 5
191 6 3 157
191 6 3 194
191 6 3 37
191 6 3 1
191 6 3 177
191 6 3 204
191 6 3 82
191 6 4 1
191 6 4 124
191 6 4 196
191 6 4 176
191 6 4 3
191 6 4 97
191 6 4 215
191 6 4 73
191 6 4 8
191 6 4 132
191 6 4 200
191 6 4 106
191 6 4 8
191 6 4 97
191 6 4 194
191 6 4 137
191 6 4 5
191 6 4 114
191 6 4 192
191 6 4 89
191 6 5 6
191 6 5 164
191 6 5 193
191 6 5 193
191 6 5 8
191 6 5 159
191 6 5 209
191 6 5 23
191 6 5 8
191 6 5 183
191 6 5 199
191 6 5 103
191 6 5 3
191 6 5 152
191 6 5 215
191 6 5 125
191 6 5 9
191 6 5 98
191 6 5 214
191 6 5 28
191 6 6 4
191 6 6 162
191 6 6 203
191 6 6 165
191 6 6 9
191 6 6 131
191 6 6 206
191 6 6 2
191 6 6 7
191 6 6 189
191 6 6 209
191 6 6 32
191 6 6 10
191 6 6 173
191 6 6 212
191 6 6 199
191 6 6 7
191 6 6 188
191 6 6 211
191 6 6 6
191 6 7 1
191 6 7 103
191 6 7 212
191 6 7 31
191 6 7 4
191 6 7 144
191 6 7 192
191 6 7 110
191 6 7 9
191 6 7 189
191 6 7 196
191 6 7 4
191 6 7 2
191 6 7 188
191 6 7 198
191 6 7 135
191 6 7 10
191 6 7 98
191 6 7 209
191 6 7 95
191 6 8 9
191 6 8 151
191 6 8 203
191 6 8 188
191 6 8 8
191 6 8 187
191 6 8 214
191 6 8 201
191 6 8 5
191 6 8 177
191 6 8 206
191 6 8 141
191 6 8 5
191 6 8 182
191 6 8 201
191 6 8 142
191 6 8 6
191 6 8 157
191 6 8 194
191 6 8 117
191 6 9 4
191 6 9 143
191 6 9 207
191 6 9 15
191 6 9 3
191 6 9 144
191 6 9 197
191 6 9 123
191 6 9 6
191 6 9 152
191 6 9 213
191 6 9 145
191 6 9 2
191 6 9 124
191 6 9 215
191 6 9 177
191 6 9 4
191 6 9 104
191 6 9 206
191 6 9 105
191 6 10 3
191 6 10 162
191 6 10 191
191 6 10 101
191 6 10 6
191 6 10 160
191 6 10 203
191 6 10 216
191 6 10 8
191 6 10 136
191 6 10 210
191 6 10 24
191 6 10 6
191 6 10 144
191 6 10 213
191 6 10 47
191 6 10 3
191 6 10 161
191 6 10 201
191 6 10 171
191 6 11 9
191 6 11 109
191 6 11 194
191 6 11 149
191 6 11 8
191 6 11 159
191 6 11 200
191 6 11 109
191 6 11 10
191 6 11 176
191 6 11 193
191 6 11 95
191 6 11 6
191 6 11 143
191 6 11 192
191 6 11 31
191 6 11 1
191 6 11 188
191 6 11 215
191 6 11 34
191 6 12 6
191 6 12 183
191 6 12 192
191 6 12 140
191 6 12 2
191 6 12 117
191 6 12 194
191 6 12 5
191 6 12 4
191 6 12 125
191 6 12 200
191 6 12 121
191 6 12 2
191 6 12 161
191 6 12 200
191 6 12 206
191 6 12 2
191 6 12 103
191 6 12 197
191 6 12 79
191 6 13 10
191 6 13 177
191 6 13 203
191 6 13 71
191 6 13 2
191 6 13 132
191 6 13 214
191 6 13 175
191 6 13 7
191 6 13 95
191 6 13 208
191 6 13 87
191 6 13 10
191 6 13 121
191 6 13 194
191 6 13 41
191 6 13 8
191 6 13 136
191 6 13 204
191 6 13 195
191 6 14 5
191 6 14 171
191 6 14 192
191 6 14 74
191 6 14 1
191 6 14 107
191 6 14 215
191 6 14 66
191 6 14 1
191 6 14 165
191 6 14 218
191 6 14 44
191 6 14 4
191 6 14 159
191 6 14 206
191 6 14 91
191 6 14 3
191 6 14 127
191 6 14 197
191 6 14 94
191 7 1 8
191 7 1 96
191 7 1 201
191 7 1 50
191 7 1 7
191 7 1 137
191 7 1 199
191 7 1 57
191 7 1 4
191 7 1 171
191 7 1 205
191 7 1 213
191 7 1 9
191 7 1 165
191 7 1 201
191 7 1 41
191 7 1 2
191 7 1 125
191 7 1 208
191 7 1 81
191 7 2 5
191 7 2 157
191 7 2 213
191 7 2 196
191 7 2 10
191 7 2 134
191 7 2 194
191 7 2 127
191 7 2 2
191 7 2 180
191 7 2 217
191 7 2 118
191 7 2 8
191 7 2 116
191 7 2 202
191 7 2 86
191 7 2 6
191 7 2 124
191 7 2 196
191 7 2 104
191 7 3 10
191 7 3 116
191 7 3 192
191 7 3 75
191 7 3 7
191 7 3 131
191 7 3 202
191 7 3 143
191 7 3 9
191 7 3 141
191 7 3 203
191 7 3 77
191 7 3 9
191 7 3 162
191 7 3 215
191 7 3 203
191 7 3 8
191 7 3 168
191 7 3 204
191 7 3 45
191 7 4 4
191 7 4 110
191 7 4 207
191 7 4 71
191 7 4 3
191 7 4 138
191 7 4 209
191 7 4 174
191 7 4 7
191 7 4 127
191 7 4 217
191 7 4 153
191 7 4 6
191 7 4 116
191 7 4 205
191 7 4 134
191 7 4 4
191 7 4 136
191 7 4 212
191 7 4 201
191 7 5 3
191 7 5 105
191 7 5 211
191 7 5 153
191 7 5 1
191 7 5 180
191 7 5 211
191 7 5 115
191 7 5 8
191 7 5 135
191 7 5 199
191 7 5 134
191 7 5 9
191 7 5 136
191 7 5 212
191 7 5 37
191 7 5 3
191 7 5 186
191 7 5 193
191 7 5 177
191 7 6 9
191 7 6 102
191 7 6 212
191 7 6 204
191 7 6 6
191 7 6 109
191 7 6 201
191 7 6 153
191 7 6 7
191 7 6 102
191 7 6 216
191 7 6 99
191 7 6 4
191 7 6 113
191 7 6 199
191 7 6 121
191 7 6 1
191 7 6 113
191 7 6 206
191 7 6 124
191 7 7 6
191 7 7 96
191 7 7 205
191 7 7 68
191 7 7 3
191 7 7 113
191 7 7 205
191 7 7 51
191 7 7 10
191 7 7 103
191 7 7 202
191 7 7 43
191 7 7 9
191 7 7 177
191 7 7 207
191 7 7 195
191 7 7 6
191 7 7 103
191 7 7 211
191 7 7 7
191 7 8 6
191 7 8 104
191 7 8 218
191 7 8 84
191 7 8 7
191 7 8 186
191 7 8 200
191 7 8 114
191 7 8 1
191 7 8 157
191 7 8 205
191 7 8 182
191 7 8 2
191 7 8 149
191 7 8 212
191 7 8 200
191 7 8 5
191 7 8 127
191 7 8 200
191 7 8 172
191 7 9 7
191 7 9 179
191 7 9 195
191 7 9 86
191 7 9 1
191 7 9 154
191 7 9 198
191 7 9 218
191 7 9 3
191 7 9 187
191 7 9 199
191 7 9 95
191 7 9 2
191 7 9 104
191 7 9 218
191 7 9 54
191 7 9 4
191 7 9 146
191 7 9 215
191 7 9 112
191 7 10 2
191 7 10 153
191 7 10 193
191 7 10 37
191 7 10 3
191 7 10 166
191 7 10 217
191 7 10 80
191 7 10 7
191 7 10 130
191 7 10 203
191 7 10 106
191 7 10 4
191 7 10 95
191 7 10 191
191 7 10 181
191 7 10 5
191 7 10 173
191 7 10 217
191 7 10 36
191 7 11 1
191 7 11 150
191 7 11 212
191 7 11 17
191 7 11 7
191 7 11 179
191 7 11 191
191 7 11 66
191 7 11 9
191 7 11 170
191 7 11 202
191 7 11 37
191 7 11 5
191 7 11 175
191 7 11 196
191 7 11 109
191 7 11 8
191 7 11 108
191 7 11 217
191 7 11 164
191 7 12 4
191 7 12 97
191 7 12 191
191 7 12 133
191 7 12 1
191 7 12 114
191 7 12 192
191 7 12 98
191 7 12 9
191 7 12 189
191 7 12 196
191 7 12 132
191 7 12 3
191 7 12 133
191 7 12 197
191 7 12 117
191 7 12 8
191 7 12 102
191 7 12 196
191 7 12 174
191 7 13 1
191 7 13 162
191 7 13 210
191 7 13 145
191 7 13 7
191 7 13 138
191 7 13 199
191 7 13 83
191 7 13 9
191 7 13 161
191 7 13 216
191 7 13 153
191 7 13 8
191 7 13 141
191 7 13 210
191 7 13 136
191 7 13 1
191 7 13 159
191 7 13 201
191 7 13 116
191 7 14 6
191 7 14 165
191 7 14 198
191 7 14 113
191 7 14 8
191 7 14 107
191 7 14 203
191 7 14 141
191 7 14 8
191 7 14 172
191 7 14 191
191 7 14 27
191 7 14 3
191 7 14 178
191 7 14 212
191 7 14 143
191 7 14 9
191 7 14 152
191 7 14 209
191 7 14 124
191 8 1 3
191 8 1 159
191 8 1 211
191 8 1 2
191 8 1 10
191 8 1 121
191 8 1 217
191 8 1 75
191 8 1 6
191 8 1 107
191 8 1 195
191 8 1 105
191 8 1 6
191 8 1 98
191 8 1 213
191 8 1 188
191 8 1 2
191 8 1 170
191 8 1 197
191 8 1 218
191 8 2 4
191 8 2 112
191 8 2 207
191 8 2 189
191 8 2 1
191 8 2 126
191 8 2 199
191 8 2 195
191 8 2 2
191 8 2 178
191 8 2 207
191 8 2 80
191 8 2 7
191 8 2 102
191 8 2 199
191 8 2 100
191 8 2 4
191 8 2 146
191 8 2 205
191 8 2 23
191 8 3 3
191 8 3 172
191 8 3 216
191 8 3 52
191 8 3 8
191 8 3 165
191 8 3 207
191 8 3 87
191 8 3 2
191 8 3 135
191 8 3 211
191 8 3 44
191 8 3 3
191 8 3 109
191 8 3 209
191 8 3 193
191 8 3 6
191 8 3 186
191 8 3 196
191 8 3 165
191 8 4 10
191 8 4 141
191 8 4 216
191 8 4 57
191 8 4 7
191 8 4 182
191 8 4 204
191 8 4 102
191 8 4 1
191 8 4 95
191 8 4 213
191 8 4 111
191 8 4 3
191 8 4 170
191 8 4 192
191 8 4 39
191 8 4 7
191 8 4 177
191 8 4 210
191 8 4 85
191 8 5 5
191 8 5 125
191 8 5 198
191 8 5 14
191 8 5 4
191 8 5 160
191 8 5 203
191 8 5 51
191 8 5 3
191 8 5 107
191 8 5 192
191 8 5 68
191 8 5 8
191 8 5 177
191 8 5 212
191 8 5 139
191 8 5 5
191 8 5 186
191 8 5 194
191 8 5 200
191 8 6 1
191 8 6 144
191 8 6 215
191 8 6 19
191 8 6 7
191 8 6 130
191 8 6 205
191 8 6 128
191 8 6 7
191 8 6 162
191 8 6 206
191 8 6 23
191 8 6 2
191 8 6 156
191 8 6 217
191 8 6 143
191 8 6 8
191 8 6 171
191 8 6 205
191 8 6 160
191 8 7 5
191 8 7 179
191 8 7 217
191 8 7 176
191 8 7 3
191 8 7 139
191 8 7 193
191 8 7 31
191 8 7 8
191 8 7 143
191 8 7 193
191 8 7 153
191 8 7 3
191 8 7 127
191 8 7 217
191 8 7 143
191 8 7 2
191 8 7 151
191 8 7 216
191 8 7 196
191 8 8 4
191 8 8 99
191 8 8 213
191 8 8 96
191 8 8 1
191 8 8 166
191 8 8 203
191 8 8 107
191 8 8 2
191 8 8 185
191 8 8 198
191 8 8 61
191 8 8 8
191 8 8 138
191 8 8 203
191 8 8 166
191 8 8 5
191 8 8 161
191 8 8 212
191 8 8 73
191 8 9 4
191 8 9 145
191 8 9 194
191 8 9 95
191 8 9 10
191 8 9 109
191 8 9 217
191 8 9 97
191 8 9 9
191 8 9 114
191 8 9 206
191 8 9 141
191 8 9 1
191 8 9 173
191 8 9 207
191 8 9 6
191 8 9 2
191 8 9 95
191 8 9 193
191 8 9 157
191 8 10 6
191 8 10 129
191 8 10 201
191 8 10 80
191 8 10 1
191 8 10 138
191 8 10 191
191 8 10 55
191 8 10 2
191 8 10 153
191 8 10 216
191 8 10 211
191 8 10 2
191 8 10 125
191 8 10 194
191 8 10 75
191 8 10 5
191 8 10 149
191 8 10 212
191 8 10 66
191 8 11 7
191 8 11 159
191 8 11 191
191 8 11 175
191 8 11 1
191 8 11 106
191 8 11 201
191 8 11 188
191 8 11 3
191 8 11 156
191 8 11 197
191 8 11 75
191 8 11 3
191 8 11 191
191 8 11 208
191 8 11 102
191 8 11 5
191 8 11 101
191 8 11 208
191 8 11 211
191 8 12 9
191 8 12 110
191 8 12 212
191 8 12 96
191 8 12 1
191 8 12 178
191 8 12 199
191 8 12 151
191 8 12 1
191 8 12 171
191 8 12 206
191 8 12 110
191 8 12 9
191 8 12 106
191 8 12 212
191 8 12 124
191 8 12 4
191 8 12 133
191 8 12 201
191 8 12 117
191 8 13 9
191 8 13 185
191 8 13 202
191 8 13 43
191 8 13 6
191 8 13 152
191 8 13 207
191 8 13 24
191 8 13 3
191 8 13 191
191 8 13 204
191 8 13 3
191 8 13 6
191 8 13 122
191 8 13 208
191 8 13 193
191 8 13 6
191 8 13 191
191 8 13 193
191 8 13 115
191 8 14 5
191 8 14 153
191 8 14 215
191 8 14 123
191 8 14 10
191 8 14 180
191 8 14 194
191 8 14 53
191 8 14 8
191 8 14 159
191 8 14 207
191 8 14 70
191 8 14 6
191 8 14 188
191 8 14 194
191 8 14 201
191 8 14 6
191 8 14 157
191 8 14 200
191 8 14 180
191 9 1 6
191 9 1 131
191 9 1 198
191 9 1 183
191 9 1 4
191 9 1 116
191 9 1 192
191 9 1 87
191 9 1 10
191 9 1 111
191 9 1 196
191 9 1 160
191 9 1 1
191 9 1 179
191 9 1 205
191 9 1 70
191 9 1 7
191 9 1 165
191 9 1 216
191 9 1 8
191 9 2 10
191 9 2 98
191 9 2 208
191 9 2 130
191 9 2 7
191 9 2 140
191 9 2 204
191 9 2 194
191 9 2 4
191 9 2 158
191 9 2 215
191 9 2 138
191 9 2 4
191 9 2 176
191 9 2 210
191 9 2 72
191 9 2 10
191 9 2 157
191 9 2 205
191 9 2 194
191 9 3 5
191 9 3 147
191 9 3 206
191 9 3 74
191 9 3 5
191 9 3 95
191 9 3 202
191 9 3 143
191 9 3 5
191 9 3 115
191 9 3 214
191 9 3 57
191 9 3 9
191 9 3 142
191 9 3 203
191 9 3 51
191 9 3 2
191 9 3 117
191 9 3 200
191 9 3 57
191 9 4 9
191 9 4 186
191 9 4 211
191 9 4 125
191 9 4 2
191 9 4 170
191 9 4 193
191 9 4 62
191 9 4 3
191 9 4 114
191 9 4 194
191 9 4 49
191 9 4 5
191 9 4 147
191 9 4 191
191 9 4 116
191 9 4 10
191 9 4 117
191 9 4 201
191 9 4 172
191 9 5 6
191 9 5 158
191 9 5 218
191 9 5 161
191 9 5 2
191 9 5 109
191 9 5 212
191 9 5 150
191 9 5 2
191 9 5 141
191 9 5 202
191 9 5 139
191 9 5 1
191 9 5 175
191 9 5 202
191 9 5 58
191 9 5 7
191 9 5 128
191 9 5 193
191 9 5 65
191 9 6 3
191 9 6 160
191 9 6 197
191 9 6 190
191 9 6 10
191 9 6 159
191 9 6 211
191 9 6 167
191 9 6 3
191 9 6 146
191 9 6 215
191 9 6 1
191 9 6 9
191 9 6 163
191 9 6 192
191 9 6 89
191 9 6 8
191 9 6 122
191 9 6 194
191 9 6 153
191 9 7 4
191 9 7 184
191 9 7 196
191 9 7 153
191 9 7 6
191 9 7 127
191 9 7 195
191 9 7 106
191 9 7 8
191 9 7 187
191 9 7 193
191 9 7 173
191 9 7 1
191 9 7 140
191 9 7 218
191 9 7 54
191 9 7 2
191 9 7 126
191 9 7 197
191 9 7 148
191 9 8 5
191 9 8 108
191 9 8 193
191 9 8 194
191 9 8 10
191 9 8 177
191 9 8 205
191 9 8 120
191 9 8 6
191 9 8 160
191 9 8 200
191 9 8 122
191 9 8 10
191 9 8 191
191 9 8 206
191 9 8 54
191 9 8 9
191 9 8 166
191 9 8 212
191 9 8 85
191 9 9 10
191 9 9 160
191 9 9 192
191 9 9 176
191 9 9 4
191 9 9 128
191 9 9 193
191 9 9 32
191 9 9 1
191 9 9 144
191 9 9 208
191 9 9 128
191 9 9 1
191 9 9 156
191 9 9 200
191 9 9 158
191 9 9 7
191 9 9 158
191 9 9 216
191 9 9 170
191 9 10 5
191 9 10 154
191 9 10 192
191 9 10 3
191 9 10 1
191 9 10 146
191 9 10 191
191 9 10 82
191 9 10 8
191 9 10 153
191 9 10 198
191 9 10 204
191 9 10 1
191 9 10 184
191 9 10 197
191 9 10 12
191 9 10 4
191 9 10 186
191 9 10 200
191 9 10 172
191 9 11 1
191 9 11 171
191 9 11 211
191 9 11 106
191 9 11 2
191 9 11 131
191 9 11 217
191 9 11 106
191 9 11 1
191 9 11 164
191 9 11 213
191 9 11 182
191 9 11 3
191 9 11 146
191 9 11 209
191 9 11 92
191 9 11 9
191 9 11 152
191 9 11 208
191 9 11 95
191 9 12 6
191 9 12 170
191 9 12 203
191 9 12 124
191 9 12 6
191 9 12 142
191 9 12 191
191 9 12 201
191 9 12 7
191 9 12 152
191 9 12 193
191 9 12 146
191 9 12 8
191 9 12 120
191 9 12 200
191 9 12 70
191 9 12 1
191 9 12 133
191 9 12 216
191 9 12 208
191 9 13 8
191 9 13 161
191 9 13 216
191 9 13 173
191 9 13 6
191 9 13 98
191 9 13 191
191 9 13 100
191 9 13 3
191 9 13 189
191 9 13 191
191 9 13 159
191 9 13 7
191 9 13 184
191 9 13 214
191 9 13 18
191 9 13 10
191 9 13 125
191 9 13 213
191 9 13 10
191 9 14 7
191 9 14 138
191 9 14 194
191 9 14 178
191 9 14 5
191 9 14 153
191 9 14 209
191 9 14 60
191 9 14 3
191 9 14 109
191 9 14 211
191 9 14 161
191 9 14 6
191 9 14 95
191 9 14 210
191 9 14 132
191 9 14 8
191 9 14 102
191 9 14 214
191 9 14 43
191 10 1 8
191 10 1 155
191 10 1 193
191 10 1 188
191 10 1 4
191 10 1 187
191 10 1 212
191 10 1 152
191 10 1 2
191 10 1 185
191 10 1 193
191 10 1 63
191 10 1 8
191 10 1 160
191 10 1 196
191 10 1 8
191 10 1 8
191 10 1 108
191 10 1 215
191 10 1 61
191 10 2 5
191 10 2 161
191 10 2 191
191 10 2 33
191 10 2 4
191 10 2 125
191 10 2 194
191 10 2 218
191 10 2 8
191 10 2 109
191 10 2 196
191 10 2 104
191 10 2 8
191 10 2 117
191 10 2 211
191 10 2 154
191 10 2 8
191 10 2 151
191 10 2 218
191 10 2 108
191 10 3 10
191 10 3 126
191 10 3 210
191 10 3 44
191 10 3 4
191 10 3 148
191 10 3 193
191 10 3 58
191 10 3 8
191 10 3 191
191 10 3 205
191 10 3 17
191 10 3 2
191 10 3 174
191 10 3 202
191 10 3 53
191 10 3 9
191 10 3 126
191 10 3 211
191 10 3 56
191 10 4 1
191 10 4 166
191 10 4 216
191 10 4 81
191 10 4 7
191 10 4 132
191 10 4 201
191 10 4 21
191 10 4 2
191 10 4 125
191 10 4 206
191 10 4 142
191 10 4 6
191 10 4 163
191 10 4 205
191 10 4 125
191 10 4 3
191 10 4 116
191 10 4 202
191 10 4 55
191 10 5 6
191 10 5 157
191 10 5 208
191 10 5 95
191 10 5 7
191 10 5 124
191 10 5 199
191 10 5 106
191 10 5 5
191 10 5 148
191 10 5 202
191 10 5 69
191 10 5 10
191 10 5 128
191 10 5 192
191 10 5 8
191 10 5 9
191 10 5 158
191 10 5 194
191 10 5 121
191 10 6 6
191 10 6 166
191 10 6 209
191 10 6 44
191 10 6 6
191 10 6 166
191 10 6 198
191 10 6 63
191 10 6 8
191 10 6 107
191 10 6 205
191 10 6 126
191 10 6 5
191 10 6 126
191 10 6 199
191 10 6 64
191 10 6 10
191 10 6 172
191 10 6 197
191 10 6 97
191 10 7 5
191 10 7 187
191 10 7 201
191 10 7 42
191 10 7 9
191 10 7 107
191 10 7 200
191 10 7 66
191 10 7 8
191 10 7 179
191 10 7 198
191 10 7 19
191 10 7 7
191 10 7 177
191 10 7 214
191 10 7 90
191 10 7 5
191 10 7 186
191 10 7 198
191 10 7 175
191 10 8 3
191 10 8 185
191 10 8 216
191 10 8 86
191 10 8 4
191 10 8 144
191 10 8 211
191 10 8 167
191 10 8 4
191 10 8 102
191 10 8 218
191 10 8 94
191 10 8 4
191 10 8 101
191 10 8 214
191 10 8 92
191 10 8 1
191 10 8 120
191 10 8 210
191 10 8 62
191 10 9 9
191 10 9 119
191 10 9 214
191 10 9 136
191 10 9 6
191 10 9 129
191 10 9 200
191 10 9 48
191 10 9 2
191 10 9 118
191 10 9 203
191 10 9 64
191 10 9 7
191 10 9 171
191 10 9 192
191 10 9 67
191 10 9 10
191 10 9 147
191 10 9 214
191 10 9 6
191 10 10 9
191 10 10 167
191 10 10 205
191 10 10 35
191 10 10 1
191 10 10 159
191 10 10 216
191 10 10 122
191 10 10 6
191 10 10 129
191 10 10 197
191 10 10 84
191 10 10 2
191 10 10 180
191 10 10 197
191 10 10 18
191 10 10 9
191 10 10 178
191 10 10 202
191 10 10 101
191 10 11 4
191 10 11 133
191 10 11 203
191 10 11 8
191 10 11 4
191 10 11 138
191 10 11 210
191 10 11 189
191 10 11 3
191 10 11 161
191 10 11 215
191 10 11 14
191 10 11 4
191 10 11 145
191 10 11 203
191 10 11 17
191 10 11 9
191 10 11 167
191 10 11 207
191 10 11 36
191 10 12 2
191 10 12 139
191 10 12 218
191 10 12 18
191 10 12 8
191 10 12 163
191 10 12 208
191 10 12 132
191 10 12 2
191 10 12 164
191 10 12 200
191 10 12 156
191 10 12 7
191 10 12 170
191 10 12 195
191 10 12 151
191 10 12 2
191 10 12 127
191 10 12 213
191 10 12 78
191 10 13 9
191 10 13 131
191 10 13 199
191 10 13 149
191 10 13 10
191 10 13 181
191 10 13 194
191 10 13 80
191 10 13 4
191 10 13 166
191 10 13 214
191 10 13 26
191 10 13 1
191 10 13 190
191 10 13 195
191 10 13 183
191 10 13 6
191 10 13 180
191 10 13 209
191 10 13 24
191 10 14 9
191 10 14 159
191 10 14 207
191 10 14 2
191 10 14 7
191 10 14 109
191 10 14 202
191 10 14 118
191 10 14 2
191 10 14 149
191 10 14 213
191 10 14 178
191 10 14 9
191 10 14 109
191 10 14 192
191 10 14 136
191 10 14 6
191 10 14 150
191 10 14 204
191 10 14 30
191 11 1 3
191 11 1 153
191 11 1 215
191 11 1 198
191 11 1 4
191 11 1 142
191 11 1 210
191 11 1 105
191 11 1 4
191 11 1 149
191 11 1 208
191 11 1 15
191 11 1 1
191 11 1 186
191 11 1 208
191 11 1 88
191 11 1 4
191 11 1 185
191 11 1 205
191 11 1 188
191 11 2 9
191 11 2 103
191 11 2 218
191 11 2 5
191 11 2 10
191 11 2 178
191 11 2 204
191 11 2 203
191 11 2 3
191 11 2 122
191 11 2 215
191 11 2 25
191 11 2 10
191 11 2 101
191 11 2 194
191 11 2 144
191 11 2 3
191 11 2 174
191 11 2 198
191 11 2 107
191 11 3 6
191 11 3 155
191 11 3 209
191 11 3 194
191 11 3 7
191 11 3 97
191 11 3 218
191 11 3 55
191 11 3 8
191 11 3 107
191 11 3 199
191 11 3 179
191 11 3 2
191 11 3 106
191 11 3 210
191 11 3 195
191 11 3 10
191 11 3 158
191 11 3 218
191 11 3 9
191 11 4 2
191 11 4 100
191 11 4 206
191 11 4 193
191 11 4 5
191 11 4 102
191 11 4 195
191 11 4 116
191 11 4 6
191 11 4 110
191 11 4 200
191 11 4 82
191 11 4 8
191 11 4 157
191 11 4 193
191 11 4 206
191 11 4 3
191 11 4 142
191 11 4 212
191 11 4 100
191 11 5 6
191 11 5 161
191 11 5 211
191 11 5 210
191 11 5 8
191 11 5 153
191 11 5 193
191 11 5 107
191 11 5 9
191 11 5 151
191 11 5 200
191 11 5 114
191 11 5 10
191 11 5 132
191 11 5 218
191 11 5 161
191 11 5 9
191 11 5 142
191 11 5 216
191 11 5 66
191 11 6 8
191 11 6 177
191 11 6 216
191 11 6 62
191 11 6 4
191 11 6 112
191 11 6 214
191 11 6 29
191 11 6 6
191 11 6 189
191 11 6 218
191 11 6 1
191 11 6 3
191 11 6 130
191 11 6 201
191 11 6 152
191 11 6 6
191 11 6 157
191 11 6 209
191 11 6 110
191 11 7 7
191 11 7 172
191 11 7 218
191 11 7 25
191 11 7 8
191 11 7 154
191 11 7 195
191 11 7 212
191 11 7 3
191 11 7 142
191 11 7 210
191 11 7 36
191 11 7 1
191 11 7 186
191 11 7 207
191 11 7 49
191 11 7 6
191 11 7 110
191 11 7 194
191 11 7 20
191 11 8 4
191 11 8 134
191 11 8 218
191 11 8 207
191 11 8 6
191 11 8 117
191 11 8 204
191 11 8 39
191 11 8 6
191 11 8 114
191 11 8 191
191 11 8 21
191 11 8 1
191 11 8 165
191 11 8 214
191 11 8 16
191 11 8 2
191 11 8 101
191 11 8 199
191 11 8 52
191 11 9 7
191 11 9 141
191 11 9 200
191 11 9 79
191 11 9 2
191 11 9 108
191 11 9 214
191 11 9 155
191 11 9 6
191 11 9 167
191 11 9 204
191 11 9 121
191 11 9 9
191 11 9 121
191 11 9 203
191 11 9 185
191 11 9 9
191 11 9 173
191 11 9 212
191 11 9 92
191 11 10 4
191 11 10 143
191 11 10 204
191 11 10 117
191 11 10 3
191 11 10 137
191 11 10 196
191 11 10 49
191 11 10 8
191 11 10 125
191 11 10 203
191 11 10 93
191 11 10 9
191 11 10 147
191 11 10 213
191 11 10 111
191 11 10 4
191 11 10 145
191 11 10 218
191 11 10 11
191 11 11 5
191 11 11 131
191 11 11 212
191 11 11 145
191 11 11 6
191 11 11 158
191 11 11 213
191 11 11 13
191 11 11 9
191 11 11 188
191 11 11 212
191 11 11 212
191 11 11 2
191 11 11 183
191 11 11 195
191 11 11 131
191 11 11 2
191 11 11 180
191 11 11 200
191 11 11 3
191 11 12 3
191 11 12 160
191 11 12 214
191 11 12 26
191 11 12 6
191 11 12 136
191 11 12 207
191 11 12 32
191 11 12 8
191 11 12 167
191 11 12 214
191 11 12 96
191 11 12 7
191 11 12 189
191 11 12 194
191 11 12 125
191 11 12 9
191 11 12 157
191 11 12 205
191 11 12 135
191 11 13 1
191 11 13 123
191 11 13 204
191 11 13 148
191 11 13 5
191 11 13 177
191 11 13 198
191 11 13 61
191 11 13 1
191 11 13 110
191 11 13 201
191 11 13 37
191 11 13 2
191 11 13 184
191 11 13 214
191 11 13 167
191 11 13 10
191 11 13 178
191 11 13 194
191 11 13 77
191 11 14 5
191 11 14 122
191 11 14 194
191 11 14 174
191 11 14 5
191 11 14 156
191 11 14 218
191 11 14 86
191 11 14 3
191 11 14 159
191 11 14 192
191 11 14 165
191 11 14 7
191 11 14 141
191 11 14 195
191 11 14 29
191 11 14 5
191 11 14 145
191 11 14 215
191 11 14 90
191 12 1 9
191 12 1 162
191 12 1 210
191 12 1 17
191 12 1 5
191 12 1 106
191 12 1 207
191 12 1 165
191 12 1 9
191 12 1 176
191 12 1 201
191 12 1 140
191 12 1 6
191 12 1 176
191 12 1 192
191 12 1 41
191 12 1 7
191 12 1 177
191 12 1 215
191 12 1 169
191 12 2 1
191 12 2 188
191 12 2 191
191 12 2 208
191 12 2 9
191 12 2 122
191 12 2 212
191 12 2 157
191 12 2 3
191 12 2 182
191 12 2 214
191 12 2 143
191 12 2 4
191 12 2 191
191 12 2 210
191 12 2 193
191 12 2 7
191 12 2 185
191 12 2 195
191 12 2 63
191 12 3 8
191 12 3 177
191 12 3 202
191 12 3 218
191 12 3 8
191 12 3 165
191 12 3 213
191 12 3 97
191 12 3 6
191 12 3 160
191 12 3 208
191 12 3 183
191 12 3 6
191 12 3 125
191 12 3 202
191 12 3 172
191 12 3 6
191 12 3 185
191 12 3 214
191 12 3 131
191 12 4 10
191 12 4 190
191 12 4 204
191 12 4 187
191 12 4 3
191 12 4 108
191 12 4 216
191 12 4 119
191 12 4 6
191 12 4 160
191 12 4 216
191 12 4 143
191 12 4 2
191 12 4 158
191 12 4 213
191 12 4 89
191 12 4 5
191 12 4 157
191 12 4 193
191 12 4 209
191 12 5 10
191 12 5 183
191 12 5 198
191 12 5 197
191 12 5 10
191 12 5 105
191 12 5 207
191 12 5 174
191 12 5 2
191 12 5 167
191 12 5 215
191 12 5 37
191 12 5 2
191 12 5 134
191 12 5 191
191 12 5 20
191 12 5 1
191 12 5 120
191 12 5 203
191 12 5 125
191 12 6 8
191 12 6 129
191 12 6 203
191 12 6 115
191 12 6 3
191 12 6 123
191 12 6 218
191 12 6 141
191 12 6 6
191 12 6 163
191 12 6 211
191 12 6 12
191 12 6 5
191 12 6 163
191 12 6 213
191 12 6 134
191 12 6 7
191 12 6 182
191 12 6 212
191 12 6 188
191 12 7 8
191 12 7 177
191 12 7 201
191 12 7 103
191 12 7 3
191 12 7 146
191 12 7 197
191 12 7 23
191 12 7 6
191 12 7 161
191 12 7 210
191 12 7 126
191 12 7 3
191 12 7 135
191 12 7 193
191 12 7 160
191 12 7 9
191 12 7 116
191 12 7 200
191 12 7 204
191 12 8 8
191 12 8 172
191 12 8 200
191 12 8 216
191 12 8 4
191 12 8 180
191 12 8 205
191 12 8 107
191 12 8 10
191 12 8 97
191 12 8 193
191 12 8 14
191 12 8 3
191 12 8 124
191 12 8 204
191 12 8 146
191 12 8 3
191 12 8 102
191 12 8 192
191 12 8 7
191 12 9 10
191 12 9 104
191 12 9 208
191 12 9 127
191 12 9 10
191 12 9 152
191 12 9 211
191 12 9 174
191 12 9 7
191 12 9 167
191 12 9 194
191 12 9 104
191 12 9 10
191 12 9 176
191 12 9 213
191 12 9 199
191 12 9 4
191 12 9 162
191 12 9 194
191 12 9 211
191 12 10 6
191 12 10 104
191 12 10 207
191 12 10 191
191 12 10 7
191 12 10 179
191 12 10 214
191 12 10 34
191 12 10 1
191 12 10 189
191 12 10 218
191 12 10 86
191 12 10 2
191 12 10 121
191 12 10 195
191 12 10 200
191 12 10 8
191 12 10 172
191 12 10 191
191 12 10 39
191 12 11 7
191 12 11 136
191 12 11 211
191 12 11 189
191 12 11 7
191 12 11 180
191 12 11 214
191 12 11 155
191 12 11 6
191 12 11 136
191 12 11 215
191 12 11 164
191 12 11 7
191 12 11 179
191 12 11 197
191 12 11 53
191 12 11 3
191 12 11 191
191 12 11 211
191 12 11 184
191 12 12 8
191 12 12 116
191 12 12 216
191 12 12 38
191 12 12 1
191 12 12 164
191 12 12 194
191 12 12 195
191 12 12 10
191 12 12 136
191 12 12 206
191 12 12 4
191 12 12 1
191 12 12 167
191 12 12 197
191 12 12 23
191 12 12 9
191 12 12 159
191 12 12 195
191 12 12 147
191 12 13 9
191 12 13 122
191 12 13 206
191 12 13 153
191 12 13 6
191 12 13 187
191 12 13 196
191 12 13 117
191 12 13 7
191 12 13 186
191 12 13 204
191 12 13 104
191 12 13 6
191 12 13 185
191 12 13 206
191 12 13 97
191 12 13 4
191 12 13 115
191 12 13 200
191 12 13 14
191 12 14 10
191 12 14 141
191 12 14 203
191 12 14 174
191 12 14 2
191 12 14 132
191 12 14 195
191 12 14 96
191 12 14 8
191 12 14 126
191 12 14 199
191 12 14 188
191 12 14 6
191 12 14 143
191 12 14 211
191 12 14 23
191 12 14 4
191 12 14 136
191 12 14 210
191 12 14 36
191 13 1 5
191 13 1 163
191 13 1 202
191 13 1 74
191 13 1 7
191 13 1 164
191 13 1 215
191 13 1 134
191 13 1 1
191 13 1 108
191 13 1 200
191 13 1 15
191 13 1 5
191 13 1 167
191 13 1 212
191 13 1 144
191 13 1 8
191 13 1 115
191 13 1 198
191 13 1 197
191 13 2 9
191 13 2 107
191 13 2 216
191 13 2 143
191 13 2 3
191 13 2 127
191 13 2 203
191 13 2 118
191 13 2 9
191 13 2 179
191 13 2 215
191 13 2 141
191 13 2 9
191 13 2 103
191 13 2 191
191 13 2 3
191 13 2 6
191 13 2 183
191 13 2 198
191 13 2 111
191 13 3 4
191 13 3 102
191 13 3 199
191 13 3 218
191 13 3 7
191 13 3 147
191 13 3 212
191 13 3 70
191 13 3 4
191 13 3 118
191 13 3 206
191 13 3 85
191 13 3 8
191 13 3 148
191 13 3 212
191 13 3 117
191 13 3 2
191 13 3 163
191 13 3 192
191 13 3 129
191 13 4 5
191 13 4 167
191 13 4 214
191 13 4 142
191 13 4 3
191 13 4 174
191 13 4 216
191 13 4 90
191 13 4 3
191 13 4 118
191 13 4 195
191 13 4 107
191 13 4 4
191 13 4 97
191 13 4 201
191 13 4 150
191 13 4 7
191 13 4 149
191 13 4 200
191 13 4 202
191 13 5 2
191 13 5 102
191 13 5 214
191 13 5 114
191 13 5 6
191 13 5 113
191 13 5 194
191 13 5 110
191 13 5 7
191 13 5 135
191 13 5 195
191 13 5 162
191 13 5 3
191 13 5 163
191 13 5 205
191 13 5 215
191 13 5 7
191 13 5 98
191 13 5 204
191 13 5 10
191 13 6 7
191 13 6 118
191 13 6 205
191 13 6 211
191 13 6 8
191 13 6 182
191 13 6 214
191 13 6 132
191 13 6 2
191 13 6 96
191 13 6 195
191 13 6 212
191 13 6 10
191 13 6 156
191 13 6 193
191 13 6 206
191 13 6 6
191 13 6 155
191 13 6 203
191 13 6 96
191 13 7 3
191 13 7 147
191 13 7 192
191 13 7 107
191 13 7 7
191 13 7 104
191 13 7 203
191 13 7 171
191 13 7 3
191 13 7 152
191 13 7 210
191 13 7 117
191 13 7 7
191 13 7 150
191 13 7 201
191 13 7 9
191 13 7 4
191 13 7 107
191 13 7 211
191 13 7 195
191 13 8 10
191 13 8 156
191 13 8 197
191 13 8 126
191 13 8 4
191 13 8 178
191 13 8 212
191 13 8 79
191 13 8 7
191 13 8 102
191 13 8 199
191 13 8 50
191 13 8 8
191 13 8 123
191 13 8 218
191 13 8 206
191 13 8 9
191 13 8 107
191 13 8 213
191 13 8 5
191 13 9 9
191 13 9 115
191 13 9 209
191 13 9 202
191 13 9 9
191 13 9 141
191 13 9 207
191 13 9 111
191 13 9 3
191 13 9 171
191 13 9 215
191 13 9 208
191 13 9 5
191 13 9 141
191 13 9 216
191 13 9 108
191 13 9 1
191 13 9 161
191 13 9 194
191 13 9 131
191 13 10 1
191 13 10 175
191 13 10 214
191 13 10 156
191 13 10 6
191 13 10 177
191 13 10 198
191 13 10 147
191 13 10 9
191 13 10 178
191 13 10 199
191 13 10 113
191 13 10 4
191 13 10 177
191 13 10 194
191 13 10 175
191 13 10 8
191 13 10 149
191 13 10 211
191 13 10 72
191 13 11 2
191 13 11 158
191 13 11 202
191 13 11 200
191 13 11 4
191 13 11 144
191 13 11 216
191 13 11 213
191 13 11 8
191 13 11 169
191 13 11 218
191 13 11 170
191 13 11 9
191 13 11 134
191 13 11 194
191 13 11 14
191 13 11 9
191 13 11 139
191 13 11 218
191 13 11 80
191 13 12 4
191 13 12 125
191 13 12 191
191 13 12 121
191 13 12 5
191 13 12 108
191 13 12 211
191 13 12 114
191 13 12 1
191 13 12 140
191 13 12 211
191 13 12 132
191 13 12 1
191 13 12 151
191 13 12 206
191 13 12 92
191 13 12 9
191 13 12 100
191 13 12 203
191 13 12 204
191 13 13 5
191 13 13 139
191 13 13 211
191 13 13 204
191 13 13 10
191 13 13 147
191 13 13 217
191 13 13 48
191 13 13 3
191 13 13 125
191 13 13 199
191 13 13 121
191 13 13 6
191 13 13 184
191 13 13 218
191 13 13 26
191 13 13 1
191 13 13 101
191 13 13 201
191 13 13 8
191 13 14 2
191 13 14 181
191 13 14 209
191 13 14 20
191 13 14 1
191 13 14 146
191 13 14 217
191 13 14 158
191 13 14 1
191 13 14 189
191 13 14 207
191 13 14 133
191 13 14 5
191 13 14 128
191 13 14 211
191 13 14 7
191 13 14 3
191 13 14 142
191 13 14 218
191 13 14 53
191 14 1 10
191 14 1 139
191 14 1 215
191 14 1 130
191 14 1 10
191 14 1 182
191 14 1 209
191 14 1 25
191 14 1 5
191 14 1 138
191 14 1 205
191 14 1 175
191 14 1 2
191 14 1 154
191 14 1 197
191 14 1 83
191 14 1 3
191 14 1 113
191 14 1 194
191 14 1 27
191 14 2 2
191 14 2 183
191 14 2 211
191 14 2 46
191 14 2 7
191 14 2 97
191 14 2 207
191 14 2 154
191 14 2 9
191 14 2 117
191 14 2 216
191 14 2 26
191 14 2 4
191 14 2 179
191 14 2 201
191 14 2 83
191 14 2 3
191 14 2 152
191 14 2 202
191 14 2 41
191 14 3 8
191 14 3 140
191 14 3 193
191 14 3 82
191 14 3 6
191 14 3 140
191 14 3 193
191 14 3 25
191 14 3 4
191 14 3 169
191 14 3 211
191 14 3 15
191 14 3 2
191 14 3 188
191 14 3 217
191 14 3 17
191 14 3 3
191 14 3 151
191 14 3 193
191 14 3 206
191 14 4 3
191 14 4 153
191 14 4 195
191 14 4 186
191 14 4 6
191 14 4 150
191 14 4 193
191 14 4 111
191 14 4 10
191 14 4 121
191 14 4 216
191 14 4 31
191 14 4 5
191 14 4 139
191 14 4 205
191 14 4 59
191 14 4 4
191 14 4 133
191 14 4 203
191 14 4 78
191 14 5 8
191 14 5 145
191 14 5 193
191 14 5 28
191 14 5 4
191 14 5 157
191 14 5 213
191 14 5 51
191 14 5 4
191 14 5 160
191 14 5 214
191 14 5 1
191 14 5 6
191 14 5 146
191 14 5 194
191 14 5 212
191 14 5 8
191 14 5 115
191 14 5 202
191 14 5 31
191 14 6 8
191 14 6 141
191 14 6 209
191 14 6 205
191 14 6 4
191 14 6 182
191 14 6 207
191 14 6 80
191 14 6 7
191 14 6 128
191 14 6 210
191 14 6 186
191 14 6 2
191 14 6 106
191 14 6 198
191 14 6 112
191 14 6 7
191 14 6 129
191 14 6 191
191 14 6 44
191 14 7 2
191 14 7 128
191 14 7 202
191 14 7 146
191 14 7 7
191 14 7 145
191 14 7 194
191 14 7 139
191 14 7 6
191 14 7 113
191 14 7 198
191 14 7 157
191 14 7 2
191 14 7 105
191 14 7 213
191 14 7 187
191 14 7 10
191 14 7 178
191 14 7 197
191 14 7 166
191 14 8 1
191 14 8 134
191 14 8 209
191 14 8 155
191 14 8 7
191 14 8 154
191 14 8 195
191 14 8 13
191 14 8 1
191 14 8 182
191 14 8 205
191 14 8 186
191 14 8 10
191 14 8 178
191 14 8 199
191 14 8 9
191 14 8 3
191 14 8 188
191 14 8 201
191 14 8 122
191 14 9 6
191 14 9 170
191 14 9 212
191 14 9 13
191 14 9 8
191 14 9 96
191 14 9 196
191 14 9 189
191 14 9 5
191 14 9 186
191 14 9 209
191 14 9 123
191 14 9 9
191 14 9 185
191 14 9 213
191 14 9 183
191 14 9 10
191 14 9 103
191 14 9 203
191 14 9 137
191 14 10 10
191 14 10 143
191 14 10 192
191 14 10 152
191 14 10 1
191 14 10 117
191 14 10 191
191 14 10 170
191 14 10 5
191 14 10 117
191 14 10 198
191 14 10 39
191 14 10 6
191 14 10 162
191 14 10 206
191 14 10 112
191 14 10 4
191 14 10 116
191 14 10 206
191 14 10 126
191 14 11 3
191 14 11 108
191 14 11 204
191 14 11 21
191 14 11 7
191 14 11 148
191 14 11 211
191 14 11 96
191 14 11 4
191 14 11 182
191 14 11 194
191 14 11 176
191 14 11 9
191 14 11 189
191 14 11 207
191 14 11 78
191 14 11 8
191 14 11 125
191 14 11 202
191 14 11 132
191 14 12 6
191 14 12 186
191 14 12 203
191 14 12 214
191 14 12 10
191 14 12 188
191 14 12 205
191 14 12 168
191 14 12 4
191 14 12 172
191 14 12 217
191 14 12 77
191 14 12 2
191 14 12 108
191 14 12 205
191 14 12 144
191 14 12 10
191 14 12 160
191 14 12 215
191 14 12 28
191 14 13 4
191 14 13 154
191 14 13 218
191 14 13 212
191 14 13 2
191 14 13 104
191 14 13 211
191 14 13 74
191 14 13 8
191 14 13 170
191 14 13 201
191 14 13 180
191 14 13 4
191 14 13 128
191 14 13 210
191 14 13 28
191 14 13 10
191 14 13 102
191 14 13 205
191 14 13 195
191 14 14 2
191 14 14 133
191 14 14 195
191 14 14 35
191 14 14 4
191 14 14 171
191 14 14 209
191 14 14 78
191 14 14 9
191 14 14 159
191 14 14 204
191 14 14 35
191 14 14 6
191 14 14 140
191 14 14 210
191 14 14 60
191 14 14 4
191 14 14 166
191 14 14 214
191 14 14 188
193 1 1 8
193 1 1 128
193 1 1 200
193 1 1 162
193 1 1 3
193 1 1 121
193 1 1 194
193 1 1 192
193 1 1 4
193 1 1 142
193 1 1 214
193 1 1 15
193 1 1 4
193 1 1 147
193 1 1 205
193 1 1 55
193 1 1 6
193 1 1 121
193 1 1 208
193 1 1 176
193 1 2 10
193 1 2 119
193 1 2 197
193 1 2 121
193 1 2 1
193 1 2 180
193 1 2 216
193 1 2 163
193 1 2 6
193 1 2 163
193 1 2 208
193 1 2 202
193 1 2 9
193 1 2 170
193 1 2 196
193 1 2 131
193 1 2 9
193 1 2 105
193 1 2 195
193 1 2 62
193 1 3 2
193 1 3 124
193 1 3 207
193 1 3 144
193 1 3 3
193 1 3 102
193 1 3 211
193 1 3 125
193 1 3 9
193 1 3 123
193 1 3 219
193 1 3 43
193 1 3 3
193 1 3 110
193 1 3 200
193 1 3 158
193 1 3 7
193 1 3 167
193 1 3 195
193 1 3 83
193 1 4 5
193 1 4 103
193 1 4 211
193 1 4 197
193 1 4 4
193 1 4 179
193 1 4 197
193 1 4 175
193 1 4 3
193 1 4 151
193 1 4 215
193 1 4 83
193 1 4 8
193 1 4 191
193 1 4 196
193 1 4 3
193 1 4 8
193 1 4 165
193 1 4 217
193 1 4 179
193 1 5 1
193 1 5 110
193 1 5 197
193 1 5 55
193 1 5 10
193 1 5 124
193 1 5 209
193 1 5 18
193 1 5 7
193 1 5 137
193 1 5 205
193 1 5 203
193 1 5 6
193 1 5 141
193 1 5 220
193 1 5 192
193 1 5 9
193 1 5 169
193 1 5 219
193 1 5 57
193 1 6 10
193 1 6 96
193 1 6 219
193 1 6 160
193 1 6 3
193 1 6 108
193 1 6 215
193 1 6 100
193 1 6 7
193 1 6 137
193 1 6 209
193 1 6 220
193 1 6 2
193 1 6 99
193 1 6 193
193 1 6 117
193 1 6 2
193 1 6 139
193 1 6 208
193 1 6 155
193 1 7 3
193 1 7 154
193 1 7 214
193 1 7 153
193 1 7 7
193 1 7 157
193 1 7 219
193 1 7 18
193 1 7 3
193 1 7 113
193 1 7 207
193 1 7 97
193 1 7 7
193 1 7 116
193 1 7 217
193 1 7 170
193 1 7 7
193 1 7 133
193 1 7 217
193 1 7 205
193 1 8 8
193 1 8 180
193 1 8 208
193 1 8 167
193 1 8 8
193 1 8 101
193 1 8 215
193 1 8 86
193 1 8 6
193 1 8 156
193 1 8 209
193 1 8 151
193 1 8 4
193 1 8 110
193 1 8 209
193 1 8 6
193 1 8 4
193 1 8 167
193 1 8 198
193 1 8 165
193 1 9 10
193 1 9 170
193 1 9 219
193 1 9 182
193 1 9 1
193 1 9 98
193 1 9 209
193 1 9 62
193 1 9 9
193 1 9 173
193 1 9 203
193 1 9 119
193 1 9 8
193 1 9 157
193 1 9 212
193 1 9 135
193 1 9 10
193 1 9 106
193 1 9 200
193 1 9 134
193 1 10 6
193 1 10 118
193 1 10 216
193 1 10 191
193 1 10 5
193 1 10 116
193 1 10 212
193 1 10 120
193 1 10 8
193 1 10 158
193 1 10 208
193 1 10 153
193 1 10 7
193 1 10 187
193 1 10 209
193 1 10 52
193 1 10 5
193 1 10 98
193 1 10 203
193 1 10 134
193 1 11 8
193 1 11 165
193 1 11 193
193 1 11 73
193 1 11 2
193 1 11 97
193 1 11 215
193 1 11 44
193 1 11 8
193 1 11 96
193 1 11 219
193 1 11 178
193 1 11 2
193 1 11 127
193 1 11 207
193 1 11 171
193 1 11 3
193 1 11 180
193 1 11 194
193 1 11 141
193 1 12 7
193 1 12 119
193 1 12 211
193 1 12 35
193 1 12 9
193 1 12 191
193 1 12 214
193 1 12 61
193 1 12 3
193 1 12 133
193 1 12 219
193 1 12 5
193 1 12 6
193 1 12 181
193 1 12 204
193 1 12 43
193 1 12 4
193 1 12 126
193 1 12 201
193 1 12 91
193 1 13 4
193 1 13 162
193 1 13 196
193 1 13 116
193 1 13 1
193 1 13 127
193 1 13 199
193 1 13 136
193 1 13 9
193 1 13 147
193 1 13 213
193 1 13 119
193 1 13 2
193 1 13 130
193 1 13 216
193 1 13 108
193 1 13 6
193 1 13 158
193 1 13 200
193 1 13 172
193 1 14 5
193 1 14 179
193 1 14 212
193 1 14 123
193 1 14 10
193 1 14 140
193 1 14 213
193 1 14 95
193 1 14 10
193 1 14 156
193 1 14 204
193 1 14 45
193 1 14 4
193 1 14 186
193 1 14 207
193 1 14 12
193 1 14 8
193 1 14 135
193 1 14 199
193 1 14 101
193 2 1 3
193 2 1 165
193 2 1 203
193 2 1 163
193 2 1 8
193 2 1 119
193 2 1 210
193 2 1 41
193 2 1 1
193 2 1 107
193 2 1 198
193 2 1 92
193 2 1 6
193 2 1 145
193 2 1 198
193 2 1 191
193 2 1 3
193 2 1 158
193 2 1 194
193 2 1 141
193 2 2 10
193 2 2 141
193 2 2 219
193 2 2 96
193 2 2 2
193 2 2 142
193 2 2 219
193 2 2 118
193 2 2 8
193 2 2 115
193 2 2 215
193 2 2 204
193 2 2 6
193 2 2 131
193 2 2 194
193 2 2 82
193 2 2 2
193 2 2 103
193 2 2 203
193 2 2 139
193 2 3 5
193 2 3 100
193 2 3 201
193 2 3 144
193 2 3 3
193 2 3 165
193 2 3 220
193 2 3 77
193 2 3 8
193 2 3 189
193 2 3 213
193 2 3 102
193 2 3 8
193 2 3 173
193 2 3 194
193 2 3 154
193 2 3 8
193 2 3 172
193 2 3 200
193 2 3 6
193 2 4 5
193 2 4 170
193 2 4 219
193 2 4 167
193 2 4 1
193 2 4 173
193 2 4 196
193 2 4 215
193 2 4 10
193 2 4 178
193 2 4 194
193 2 4 156
193 2 4 2
193 2 4 165
193 2 4 200
193 2 4 206
193 2 4 8
193 2 4 106
193 2 4 206
193 2 4 29
193 2 5 4
193 2 5 130
193 2 5 202
193 2 5 123
193 2 5 2
193 2 5 181
193 2 5 207
193 2 5 35
193 2 5 1
193 2 5 178
193 2 5 199
193 2 5 206
193 2 5 2
193 2 5 108
193 2 5 213
193 2 5 181
193 2 5 8
193 2 5 141
193 2 5 212
193 2 5 131
193 2 6 9
193 2 6 153
193 2 6 207
193 2 6 36
193 2 6 8
193 2 6 163
193 2 6 199
193 2 6 118
193 2 6 9
193 2 6 108
193 2 6 194
193 2 6 82
193 2 6 8
193 2 6 140
193 2 6 205
193 2 6 78
193 2 6 7
193 2 6 183
193 2 6 207
193 2 6 128
193 2 7 9
193 2 7 126
193 2 7 202
193 2 7 16
193 2 7 7
193 2 7 128
193 2 7 196
193 2 7 100
193 2 7 7
193 2 7 130
193 2 7 203
193 2 7 208
193 2 7 4
193 2 7 161
193 2 7 217
193 2 7 125
193 2 7 4
193 2 7 135
193 2 7 207
193 2 7 4
193 2 8 3
193 2 8 152
193 2 8 200
193 2 8 179
193 2 8 10
193 2 8 137
193 2 8 217
193 2 8 86
193 2 8 1
193 2 8 188
193 2 8 194
193 2 8 39
193 2 8 4
193 2 8 155
193 2 8 218
193 2 8 205
193 2 8 10
193 2 8 124
193 2 8 206
193 2 8 194
193 2 9 8
193 2 9 108
193 2 9 206
193 2 9 39
193 2 9 9
193 2 9 126
193 2 9 210
193 2 9 176
193 2 9 6
193 2 9 123
193 2 9 220
193 2 9 168
193 2 9 4
193 2 9 130
193 2 9 212
193 2 9 216
193 2 9 9
193 2 9 184
193 2 9 204
193 2 9 179
193 2 10 10
193 2 10 192
193 2 10 210
193 2 10 79
193 2 10 8
193 2 10 184
193 2 10 204
193 2 10 176
193 2 10 2
193 2 10 152
193 2 10 219
193 2 10 135
193 2 10 2
193 2 10 133
193 2 10 213
193 2 10 94
193 2 10 1
193 2 10 178
193 2 10 205
193 2 10 47
193 2 11 10
193 2 11 142
193 2 11 202
193 2 11 155
193 2 11 3
193 2 11 181
193 2 11 199
193 2 11 65
193 2 11 8
193 2 11 115
193 2 11 203
193 2 11 175
193 2 11 3
193 2 11 148
193 2 11 220
193 2 11 3
193 2 11 6
193 2 11 99
193 2 11 220
193 2 11 68
193 2 12 3
193 2 12 98
193 2 12 206
193 2 12 47
193 2 12 3
193 2 12 187
193 2 12 196
193 2 12 71
193 2 12 10
193 2 12 108
193 2 12 196
193 2 12 194
193 2 12 9
193 2 12 130
193 2 12 217
193 2 12 99
193 2 12 5
193 2 12 106
193 2 12 211
193 2 12 143
193 2 13 10
193 2 13 102
193 2 13 198
193 2 13 165
193 2 13 6
193 2 13 104
193 2 13 210
193 2 13 77
193 2 13 9
193 2 13 151
193 2 13 194
193 2 13 66
193 2 13 9
193 2 13 112
193 2 13 198
193 2 13 68
193 2 13 9
193 2 13 147
193 2 13 193
193 2 13 98
193 2 14 6
193 2 14 127
193 2 14 213
193 2 14 179
193 2 14 1
193 2 14 146
193 2 14 214
193 2 14 42
193 2 14 6
193 2 14 120
193 2 14 201
193 2 14 22
193 2 14 1
193 2 14 125
193 2 14 219
193 2 14 208
193 2 14 6
193 2 14 112
193 2 14 206
193 2 14 66
193 3 1 3
193 3 1 115
193 3 1 208
193 3 1 119
193 3 1 1
193 3 1 157
193 3 1 219
193 3 1 126
193 3 1 3
193 3 1 109
193 3 1 202
193 3 1 65
193 3 1 7
193 3 1 127
193 3 1 196
193 3 1 97
193 3 1 1
193 3 1 168
193 3 1 200
193 3 1 105
193 3 2 8
193 3 2 104
193 3 2 217
193 3 2 77
193 3 2 2
193 3 2 185
193 3 2 219
193 3 2 39
193 3 2 4
193 3 2 150
193 3 2 195
193 3 2 27
193 3 2 6
193 3 2 100
193 3 2 218
193 3 2 11
193 3 2 7
193 3 2 148
193 3 2 202
193 3 2 196
193 3 3 2
193 3 3 109
193 3 3 201
193 3 3 147
193 3 3 8
193 3 3 184
193 3 3 204
193 3 3 220
193 3 3 8
193 3 3 152
193 3 3 201
193 3 3 202
193 3 3 7
193 3 3 110
193 3 3 206
193 3 3 125
193 3 3 6
193 3 3 158
193 3 3 194
193 3 3 156
193 3 4 9
193 3 4 185
193 3 4 213
193 3 4 150
193 3 4 3
193 3 4 136
193 3 4 212
193 3 4 22
193 3 4 2
193 3 4 115
193 3 4 208
193 3 4 77
193 3 4 5
193 3 4 158
193 3 4 197
193 3 4 46
193 3 4 4
193 3 4 147
193 3 4 218
193 3 4 45
193 3 5 10
193 3 5 133
193 3 5 215
193 3 5 138
193 3 5 2
193 3 5 132
193 3 5 203
193 3 5 167
193 3 5 5
193 3 5 185
193 3 5 204
193 3 5 33
193 3 5 9
193 3 5 147
193 3 5 205
193 3 5 200
193 3 5 5
193 3 5 165
193 3 5 198
193 3 5 178
193 3 6 2
193 3 6 101
193 3 6 203
193 3 6 184
193 3 6 3
193 3 6 120
193 3 6 213
193 3 6 137
193 3 6 8
193 3 6 176
193 3 6 209
193 3 6 185
193 3 6 2
193 3 6 104
193 3 6 196
193 3 6 4
193 3 6 9
193 3 6 157
193 3 6 209
193 3 6 56
193 3 7 7
193 3 7 163
193 3 7 203
193 3 7 78
193 3 7 5
193 3 7 184
193 3 7 201
193 3 7 90
193 3 7 1
193 3 7 122
193 3 7 195
193 3 7 12
193 3 7 2
193 3 7 132
193 3 7 202
193 3 7 80
193 3 7 8
193 3 7 109
193 3 7 217
193 3 7 102
193 3 8 4
193 3 8 107
193 3 8 205
193 3 8 157
193 3 8 2
193 3 8 156
193 3 8 205
193 3 8 184
193 3 8 8
193 3 8 119
193 3 8 208
193 3 8 63
193 3 8 8
193 3 8 165
193 3 8 199
193 3 8 152
193 3 8 3
193 3 8 158
193 3 8 220
193 3 8 1
193 3 9 9
193 3 9 154
193 3 9 204
193 3 9 129
193 3 9 5
193 3 9 113
193 3 9 211
193 3 9 77
193 3 9 4
193 3 9 170
193 3 9 218
193 3 9 52
193 3 9 8
193 3 9 127
193 3 9 212
193 3 9 129
193 3 9 2
193 3 9 171
193 3 9 201
193 3 9 157
193 3 10 6
193 3 10 121
193 3 10 199
193 3 10 136
193 3 10 2
193 3 10 157
193 3 10 202
193 3 10 121
193 3 10 10
193 3 10 109
193 3 10 211
193 3 10 41
193 3 10 7
193 3 10 138
193 3 10 197
193 3 10 151
193 3 10 10
193 3 10 133
193 3 10 209
193 3 10 128
193 3 11 1
193 3 11 117
193 3 11 200
193 3 11 121
193 3 11 5
193 3 11 186
193 3 11 198
193 3 11 142
193 3 11 9
193 3 11 100
193 3 11 209
193 3 11 147
193 3 11 1
193 3 11 138
193 3 11 211
193 3 11 44
193 3 11 3
193 3 11 124
193 3 11 205
193 3 11 1
193 3 12 1
193 3 12 175
193 3 12 216
193 3 12 180
193 3 12 10
193 3 12 148
193 3 12 212
193 3 12 81
193 3 12 10
193 3 12 110
193 3 12 199
193 3 12 183
193 3 12 9
193 3 12 159
193 3 12 217
193 3 12 76
193 3 12 3
193 3 12 167
193 3 12 220
193 3 12 45
193 3 13 10
193 3 13 121
193 3 13 193
193 3 13 138
193 3 13 2
193 3 13 108
193 3 13 217
193 3 13 83
193 3 13 8
193 3 13 140
193 3 13 196
193 3 13 149
193 3 13 8
193 3 13 106
193 3 13 202
193 3 13 6
193 3 13 2
193 3 13 123
193 3 13 201
193 3 13 12
193 3 14 7
193 3 14 131
193 3 14 206
193 3 14 38
193 3 14 3
193 3 14 135
193 3 14 211
193 3 14 90
193 3 14 7
193 3 14 135
193 3 14 196
193 3 14 113
193 3 14 7
193 3 14 118
193 3 14 214
193 3 14 132
193 3 14 1
193 3 14 133
193 3 14 206
193 3 14 95
193 4 1 6
193 4 1 189
193 4 1 220
193 4 1 111
193 4 1 7
193 4 1 97
193 4 1 217
193 4 1 135
193 4 1 4
193 4 1 180
193 4 1 220
193 4 1 108
193 4 1 7
193 4 1 162
193 4 1 217
193 4 1 123
193 4 1 8
193 4 1 103
193 4 1 215
193 4 1 161
193 4 2 4
193 4 2 190
193 4 2 201
193 4 2 37
193 4 2 4
193 4 2 167
193 4 2 197
193 4 2 111
193 4 2 1
193 4 2 124
193 4 2 211
193 4 2 37
193 4 2 9
193 4 2 127
193 4 2 220
193 4 2 172
193 4 2 3
193 4 2 141
193 4 2 204
193 4 2 46
193 4 3 10
193 4 3 169
193 4 3 216
193 4 3 78
193 4 3 10
193 4 3 164
193 4 3 214
193 4 3 65
193 4 3 6
193 4 3 126
193 4 3 207
193 4 3 137
193 4 3 1
193 4 3 125
193 4 3 212
193 4 3 32
193 4 3 1
193 4 3 108
193 4 3 194
193 4 3 58
193 4 4 4
193 4 4 125
193 4 4 219
193 4 4 36
193 4 4 4
193 4 4 150
193 4 4 219
193 4 4 35
193 4 4 2
193 4 4 105
193 4 4 210
193 4 4 8
193 4 4 7
193 4 4 172
193 4 4 201
193 4 4 31
193 4 4 4
193 4 4 179
193 4 4 209
193 4 4 211
193 4 5 7
193 4 5 158
193 4 5 213
193 4 5 111
193 4 5 8
193 4 5 187
193 4 5 204
193 4 5 17
193 4 5 3
193 4 5 144
193 4 5 217
193 4 5 115
193 4 5 9
193 4 5 148
193 4 5 200
193 4 5 194
193 4 5 9
193 4 5 98
193 4 5 217
193 4 5 6
193 4 6 3
193 4 6 97
193 4 6 217
193 4 6 7
193 4 6 5
193 4 6 133
193 4 6 209
193 4 6 64
193 4 6 6
193 4 6 114
193 4 6 197
193 4 6 125
193 4 6 8
193 4 6 180
193 4 6 208
193 4 6 144
193 4 6 7
193 4 6 132
193 4 6 206
193 4 6 141
193 4 7 8
193 4 7 105
193 4 7 200
193 4 7 163
193 4 7 1
193 4 7 102
193 4 7 220
193 4 7 182
193 4 7 4
193 4 7 192
193 4 7 204
193 4 7 197
193 4 7 2
193 4 7 159
193 4 7 220
193 4 7 204
193 4 7 10
193 4 7 158
193 4 7 195
193 4 7 178
193 4 8 6
193 4 8 168
193 4 8 196
193 4 8 141
193 4 8 3
193 4 8 112
193 4 8 211
193 4 8 143
193 4 8 3
193 4 8 134
193 4 8 203
193 4 8 211
193 4 8 10
193 4 8 145
193 4 8 216
193 4 8 81
193 4 8 6
193 4 8 123
193 4 8 220
193 4 8 169
193 4 9 2
193 4 9 106
193 4 9 216
193 4 9 167
193 4 9 9
193 4 9 110
193 4 9 209
193 4 9 106
193 4 9 3
193 4 9 165
193 4 9 206
193 4 9 85
193 4 9 8
193 4 9 111
193 4 9 196
193 4 9 131
193 4 9 6
193 4 9 130
193 4 9 208
193 4 9 66
193 4 10 3
193 4 10 161
193 4 10 217
193 4 10 144
193 4 10 4
193 4 10 157
193 4 10 199
193 4 10 146
193 4 10 3
193 4 10 164
193 4 10 214
193 4 10 111
193 4 10 7
193 4 10 158
193 4 10 208
193 4 10 121
193 4 10 10
193 4 10 115
193 4 10 212
193 4 10 155
193 4 11 5
193 4 11 193
193 4 11 219
193 4 11 48
193 4 11 10
193 4 11 99
193 4 11 212
193 4 11 103
193 4 11 6
193 4 11 133
193 4 11 219
193 4 11 157
193 4 11 8
193 4 11 158
193 4 11 218
193 4 11 40
193 4 11 7
193 4 11 106
193 4 11 208
193 4 11 55
193 4 12 5
193 4 12 118
193 4 12 207
193 4 12 42
193 4 12 6
193 4 12 110
193 4 12 196
193 4 12 43
193 4 12 9
193 4 12 147
193 4 12 217
193 4 12 121
193 4 12 1
193 4 12 154
193 4 12 204
193 4 12 91
193 4 12 1
193 4 12 175
193 4 12 201
193 4 12 123
193 4 13 6
193 4 13 126
193 4 13 202
193 4 13 108
193 4 13 10
193 4 13 130
193 4 13 219
193 4 13 126
193 4 13 8
193 4 13 132
193 4 13 211
193 4 13 55
193 4 13 7
193 4 13 134
193 4 13 216
193 4 13 132
193 4 13 4
193 4 13 133
193 4 13 216
193 4 13 190
193 4 14 10
193 4 14 110
193 4 14 196
193 4 14 79
193 4 14 8
193 4 14 188
193 4 14 209
193 4 14 170
193 4 14 2
193 4 14 118
193 4 14 210
193 4 14 20
193 4 14 8
193 4 14 119
193 4 14 207
193 4 14 4
193 4 14 9
193 4 14 101
193 4 14 219
193 4 14 189
193 5 1 6
193 5 1 117
193 5 1 213
193 5 1 118
193 5 1 7
193 5 1 167
193 5 1 203
193 5 1 145
193 5 1 4
193 5 1 185
193 5 1 200
193 5 1 141
193 5 1 9
193 5 1 115
193 5 1 195
193 5 1 85
193 5 1 1
193 5 1 140
193 5 1 207
193 5 1 36
193 5 2 9
193 5 2 154
193 5 2 193
193 5 2 124
193 5 2 1
193 5 2 152
193 5 2 197
193 5 2 120
193 5 2 5
193 5 2 117
193 5 2 220
193 5 2 148
193 5 2 1
193 5 2 103
193 5 2 214
193 5 2 199
193 5 2 4
193 5 2 160
193 5 2 201
193 5 2 199
193 5 3 6
193 5 3 164
193 5 3 195
193 5 3 36
193 5 3 5
193 5 3 184
193 5 3 219
193 5 3 76
193 5 3 2
193 5 3 162
193 5 3 217
193 5 3 220
193 5 3 10
193 5 3 180
193 5 3 193
193 5 3 53
193 5 3 6
193 5 3 149
193 5 3 194
193 5 3 150
193 5 4 5
193 5 4 127
193 5 4 204
193 5 4 132
193 5 4 6
193 5 4 129
193 5 4 195
193 5 4 77
193 5 4 8
193 5 4 184
193 5 4 213
193 5 4 210
193 5 4 3
193 5 4 136
193 5 4 211
193 5 4 68
193 5 4 1
193 5 4 109
193 5 4 212
193 5 4 85
193 5 5 6
193 5 5 138
193 5 5 203
193 5 5 103
193 5 5 10
193 5 5 99
193 5 5 200
193 5 5 176
193 5 5 10
193 5 5 102
193 5 5 193
193 5 5 178
193 5 5 7
193 5 5 163
193 5 5 194
193 5 5 31
193 5 5 8
193 5 5 170
193 5 5 206
193 5 5 32
193 5 6 8
193 5 6 150
193 5 6 217
193 5 6 1
193 5 6 10
193 5 6 193
193 5 6 219
193 5 6 50
193 5 6 8
193 5 6 106
193 5 6 206
193 5 6 21
193 5 6 3
193 5 6 96
193 5 6 201
193 5 6 44
193 5 6 5
193 5 6 109
193 5 6 193
193 5 6 142
193 5 7 5
193 5 7 145
193 5 7 206
193 5 7 172
193 5 7 6
193 5 7 124
193 5 7 209
193 5 7 104
193 5 7 5
193 5 7 102
193 5 7 210
193 5 7 140
193 5 7 5
193 5 7 123
193 5 7 214
193 5 7 157
193 5 7 2
193 5 7 120
193 5 7 201
193 5 7 94
193 5 8 9
193 5 8 170
193 5 8 210
193 5 8 190
193 5 8 4
193 5 8 151
193 5 8 201
193 5 8 169
193 5 8 6
193 5 8 139
193 5 8 216
193 5 8 13
193 5 8 2
193 5 8 150
193 5 8 199
193 5 8 145
193 5 8 2
193 5 8 127
193 5 8 208
193 5 8 124
193 5 9 8
193 5 9 145
193 5 9 193
193 5 9 114
193 5 9 4
193 5 9 166
193 5 9 206
193 5 9 14
193 5 9 3
193 5 9 188
193 5 9 218
193 5 9 214
193 5 9 7
193 5 9 188
193 5 9 219
193 5 9 75
193 5 9 4
193 5 9 126
193 5 9 199
193 5 9 208
193 5 10 7
193 5 10 127
193 5 10 220
193 5 10 211
193 5 10 10
193 5 10 109
193 5 10 201
193 5 10 176
193 5 10 3
193 5 10 125
193 5 10 193
193 5 10 70
193 5 10 2
193 5 10 116
193 5 10 219
193 5 10 169
193 5 10 2
193 5 10 125
193 5 10 197
193 5 10 69
193 5 11 10
193 5 11 96
193 5 11 211
193 5 11 160
193 5 11 6
193 5 11 151
193 5 11 213
193 5 11 84
193 5 11 6
193 5 11 110
193 5 11 218
193 5 11 4
193 5 11 1
193 5 11 151
193 5 11 213
193 5 11 118
193 5 11 6
193 5 11 103
193 5 11 201
193 5 11 197
193 5 12 4
193 5 12 186
193 5 12 196
193 5 12 212
193 5 12 10
193 5 12 188
193 5 12 206
193 5 12 183
193 5 12 1
193 5 12 154
193 5 12 212
193 5 12 116
193 5 12 9
193 5 12 119
193 5 12 199
193 5 12 48
193 5 12 4
193 5 12 141
193 5 12 220
193 5 12 79
193 5 13 8
193 5 13 176
193 5 13 206
193 5 13 202
193 5 13 6
193 5 13 131
193 5 13 203
193 5 13 74
193 5 13 5
193 5 13 127
193 5 13 207
193 5 13 32
193 5 13 2
193 5 13 167
193 5 13 206
193 5 13 23
193 5 13 7
193 5 13 192
193 5 13 199
193 5 13 218
193 5 14 8
193 5 14 120
193 5 14 219
193 5 14 136
193 5 14 5
193 5 14 108
193 5 14 196
193 5 14 212
193 5 14 9
193 5 14 160
193 5 14 208
193 5 14 220
193 5 14 5
193 5 14 108
193 5 14 215
193 5 14 90
193 5 14 6
193 5 14 112
193 5 14 196
193 5 14 213
193 6 1 7
193 6 1 161
193 6 1 218
193 6 1 178
193 6 1 8
193 6 1 127
193 6 1 214
193 6 1 82
193 6 1 2
193 6 1 171
193 6 1 193
193 6 1 110
193 6 1 1
193 6 1 177
193 6 1 216
193 6 1 173
193 6 1 9
193 6 1 169
193 6 1 207
193 6 1 41
193 6 2 9
193 6 2 100
193 6 2 214
193 6 2 131
193 6 2 4
193 6 2 135
193 6 2 202
193 6 2 115
193 6 2 3
193 6 2 160
193 6 2 210
193 6 2 69
193 6 2 4
193 6 2 104
193 6 2 193
193 6 2 219
193 6 2 4
193 6 2 96
193 6 2 194
193 6 2 217
193 6 3 10
193 6 3 103
193 6 3 202
193 6 3 133
193 6 3 6
193 6 3 125
193 6 3 201
193 6 3 19
193 6 3 1
193 6 3 115
193 6 3 202
193 6 3 160
193 6 3 1
193 6 3 185
193 6 3 201
193 6 3 128
193 6 3 1
193 6 3 145
193 6 3 209
193 6 3 98
193 6 4 4
193 6 4 162
193 6 4 206
193 6 4 27
193 6 4 6
193 6 4 148
193 6 4 194
193 6 4 76
193 6 4 9
193 6 4 149
193 6 4 208
193 6 4 203
193 6 4 2
193 6 4 110
193 6 4 217
193 6 4 172
193 6 4 1
193 6 4 175
193 6 4 218
193 6 4 216
193 6 5 5
193 6 5 171
193 6 5 207
193 6 5 170
193 6 5 10
193 6 5 184
193 6 5 194
193 6 5 30
193 6 5 10
193 6 5 132
193 6 5 214
193 6 5 48
193 6 5 5
193 6 5 166
193 6 5 220
193 6 5 202
193 6 5 5
193 6 5 107
193 6 5 199
193 6 5 134
193 6 6 6
193 6 6 160
193 6 6 212
193 6 6 13
193 6 6 9
193 6 6 172
193 6 6 207
193 6 6 48
193 6 6 8
193 6 6 187
193 6 6 214
193 6 6 123
193 6 6 5
193 6 6 187
193 6 6 212
193 6 6 27
193 6 6 2
193 6 6 180
193 6 6 193
193 6 6 219
193 6 7 6
193 6 7 168
193 6 7 219
193 6 7 90
193 6 7 9
193 6 7 155
193 6 7 193
193 6 7 26
193 6 7 7
193 6 7 128
193 6 7 217
193 6 7 178
193 6 7 5
193 6 7 149
193 6 7 196
193 6 7 58
193 6 7 4
193 6 7 156
193 6 7 211
193 6 7 85
193 6 8 9
193 6 8 115
193 6 8 209
193 6 8 99
193 6 8 1
193 6 8 136
193 6 8 214
193 6 8 61
193 6 8 8
193 6 8 183
193 6 8 200
193 6 8 83
193 6 8 2
193 6 8 188
193 6 8 204
193 6 8 170
193 6 8 5
193 6 8 147
193 6 8 217
193 6 8 43
193 6 9 1
193 6 9 118
193 6 9 219
193 6 9 16
193 6 9 1
193 6 9 138
193 6 9 208
193 6 9 133
193 6 9 8
193 6 9 160
193 6 9 202
193 6 9 42
193 6 9 4
193 6 9 166
193 6 9 205
193 6 9 60
193 6 9 2
193 6 9 173
193 6 9 214
193 6 9 135
193 6 10 2
193 6 10 129
193 6 10 211
193 6 10 159
193 6 10 2
193 6 10 103
193 6 10 214
193 6 10 94
193 6 10 10
193 6 10 124
193 6 10 194
193 6 10 173
193 6 10 1
193 6 10 108
193 6 10 209
193 6 10 63
193 6 10 3
193 6 10 160
193 6 10 217
193 6 10 182
193 6 11 7
193 6 11 184
193 6 11 197
193 6 11 44
193 6 11 9
193 6 11 114
193 6 11 216
193 6 11 24
193 6 11 9
193 6 11 145
193 6 11 215
193 6 11 100
193 6 11 9
193 6 11 161
193 6 11 194
193 6 11 193
193 6 11 3
193 6 11 129
193 6 11 206
193 6 11 126
193 6 12 6
193 6 12 191
193 6 12 219
193 6 12 96
193 6 12 9
193 6 12 146
193 6 12 202
193 6 12 182
193 6 12 7
193 6 12 170
193 6 12 195
193 6 12 207
193 6 12 6
193 6 12 134
193 6 12 216
193 6 12 148
193 6 12 10
193 6 12 155
193 6 12 215
193 6 12 172
193 6 13 4
193 6 13 152
193 6 13 216
193 6 13 96
193 6 13 6
193 6 13 156
193 6 13 208
193 6 13 211
193 6 13 4
193 6 13 158
193 6 13 211
193 6 13 206
193 6 13 6
193 6 13 110
193 6 13 206
193 6 13 203
193 6 13 5
193 6 13 98
193 6 13 214
193 6 13 121
193 6 14 9
193 6 14 172
193 6 14 203
193 6 14 145
193 6 14 7
193 6 14 171
193 6 14 214
193 6 14 113
193 6 14 1
193 6 14 118
193 6 14 220
193 6 14 55
193 6 14 8
193 6 14 109
193 6 14 220
193 6 14 132
193 6 14 7
193 6 14 180
193 6 14 207
193 6 14 85
193 7 1 8
193 7 1 153
193 7 1 198
193 7 1 98
193 7 1 6
193 7 1 147
193 7 1 213
193 7 1 56
193 7 1 5
193 7 1 111
193 7 1 219
193 7 1 167
193 7 1 3
193 7 1 171
193 7 1 219
193 7 1 74
193 7 1 6
193 7 1 192
193 7 1 219
193 7 1 125
193 7 2 4
193 7 2 124
193 7 2 200
193 7 2 77
193 7 2 4
193 7 2 124
193 7 2 219
193 7 2 178
193 7 2 2
193 7 2 169
193 7 2 210
193 7 2 216
193 7 2 7
193 7 2 120
193 7 2 219
193 7 2 69
193 7 2 7
193 7 2 118
193 7 2 195
193 7 2 8
193 7 3 5
193 7 3 99
193 7 3 217
193 7 3 176
193 7 3 8
193 7 3 182
193 7 3 203
193 7 3 217
193 7 3 1
193 7 3 174
193 7 3 219
193 7 3 177
193 7 3 9
193 7 3 110
193 7 3 213
193 7 3 90
193 7 3 6
193 7 3 124
193 7 3 198
193 7 3 207
193 7 4 1
193 7 4 151
193 7 4 204
193 7 4 71
193 7 4 1
193 7 4 135
193 7 4 209
193 7 4 176
193 7 4 8
193 7 4 133
193 7 4 212
193 7 4 186
193 7 4 2
193 7 4 176
193 7 4 217
193 7 4 220
193 7 4 3
193 7 4 166
193 7 4 202
193 7 4 54
193 7 5 10
193 7 5 169
193 7 5 218
193 7 5 202
193 7 5 9
193 7 5 96
193 7 5 209
193 7 5 1
193 7 5 4
193 7 5 119
193 7 5 219
193 7 5 57
193 7 5 5
193 7 5 187
193 7 5 196
193 7 5 104
193 7 5 8
193 7 5 151
193 7 5 197
193 7 5 131
193 7 6 3
193 7 6 151
193 7 6 218
193 7 6 218
193 7 6 6
193 7 6 143
193 7 6 215
193 7 6 6
193 7 6 6
193 7 6 187
193 7 6 206
193 7 6 49
193 7 6 7
193 7 6 147
193 7 6 217
193 7 6 68
193 7 6 6
193 7 6 104
193 7 6 193
193 7 6 12
193 7 7 5
193 7 7 135
193 7 7 212
193 7 7 93
193 7 7 1
193 7 7 139
193 7 7 210
193 7 7 217
193 7 7 6
193 7 7 164
193 7 7 216
193 7 7 57
193 7 7 5
193 7 7 105
193 7 7 201
193 7 7 141
193 7 7 10
193 7 7 185
193 7 7 202
193 7 7 14
193 7 8 2
193 7 8 192
193 7 8 219
193 7 8 13
193 7 8 7
193 7 8 162
193 7 8 204
193 7 8 18
193 7 8 7
193 7 8 183
193 7 8 205
193 7 8 167
193 7 8 4
193 7 8 125
193 7 8 210
193 7 8 102
193 7 8 3
193 7 8 173
193 7 8 203
193 7 8 116
193 7 9 10
193 7 9 104
193 7 9 195
193 7 9 199
193 7 9 10
193 7 9 174
193 7 9 213
193 7 9 186
193 7 9 2
193 7 9 157
193 7 9 214
193 7 9 120
193 7 9 9
193 7 9 107
193 7 9 195
193 7 9 220
193 7 9 3
193 7 9 103
193 7 9 196
193 7 9 199
193 7 10 10
193 7 10 148
193 7 10 200
193 7 10 167
193 7 10 2
193 7 10 109
193 7 10 205
193 7 10 211
193 7 10 2
193 7 10 96
193 7 10 216
193 7 10 193
193 7 10 9
193 7 10 161
193 7 10 215
193 7 10 92
193 7 10 3
193 7 10 124
193 7 10 203
193 7 10 205
193 7 11 2
193 7 11 182
193 7 11 218
193 7 11 199
193 7 11 7
193 7 11 189
193 7 11 197
193 7 11 172
193 7 11 9
193 7 11 155
193 7 11 220
193 7 11 60
193 7 11 4
193 7 11 170
193 7 11 194
193 7 11 98
193 7 11 3
193 7 11 157
193 7 11 212
193 7 11 30
193 7 12 7
193 7 12 191
193 7 12 210
193 7 12 128
193 7 12 4
193 7 12 168
193 7 12 214
193 7 12 36
193 7 12 10
193 7 12 139
193 7 12 210
193 7 12 216
193 7 12 1
193 7 12 130
193 7 12 218
193 7 12 102
193 7 12 6
193 7 12 144
193 7 12 220
193 7 12 184
193 7 13 6
193 7 13 106
193 7 13 211
193 7 13 153
193 7 13 1
193 7 13 130
193 7 13 217
193 7 13 154
193 7 13 2
193 7 13 167
193 7 13 193
193 7 13 153
193 7 13 4
193 7 13 116
193 7 13 197
193 7 13 19
193 7 13 7
193 7 13 167
193 7 13 213
193 7 13 69
193 7 14 1
193 7 14 100
193 7 14 214
193 7 14 210
193 7 14 3
193 7 14 138
193 7 14 208
193 7 14 50
193 7 14 2
193 7 14 102
193 7 14 202
193 7 14 185
193 7 14 4
193 7 14 112
193 7 14 218
193 7 14 102
193 7 14 9
193 7 14 159
193 7 14 214
193 7 14 54
193 8 1 1
193 8 1 98
193 8 1 206
193 8 1 57
193 8 1 4
193 8 1 132
193 8 1 199
193 8 1 13
193 8 1 8
193 8 1 131
193 8 1 193
193 8 1 161
193 8 1 3
193 8 1 184
193 8 1 214
193 8 1 172
193 8 1 4
193 8 1 127
193 8 1 207
193 8 1 105
193 8 2 10
193 8 2 179
193 8 2 202
193 8 2 115
193 8 2 8
193 8 2 130
193 8 2 219
193 8 2 150
193 8 2 2
193 8 2 135
193 8 2 218
193 8 2 52
193 8 2 10
193 8 2 115
193 8 2 196
193 8 2 209
193 8 2 8
193 8 2 177
193 8 2 218
193 8 2 130
193 8 3 10
193 8 3 127
193 8 3 214
193 8 3 26
193 8 3 10
193 8 3 188
193 8 3 218
193 8 3 69
193 8 3 6
193 8 3 152
193 8 3 211
193 8 3 208
193 8 3 7
193 8 3 116
193 8 3 198
193 8 3 65
193 8 3 1
193 8 3 147
193 8 3 196
193 8 3 201
193 8 4 10
193 8 4 138
193 8 4 197
193 8 4 130
193 8 4 4
193 8 4 177
193 8 4 200
193 8 4 73
193 8 4 6
193 8 4 134
193 8 4 212
193 8 4 208
193 8 4 1
193 8 4 149
193 8 4 205
193 8 4 216
193 8 4 4
193 8 4 147
193 8 4 207
193 8 4 96
193 8 5 4
193 8 5 190
193 8 5 212
193 8 5 59
193 8 5 8
193 8 5 185
193 8 5 212
193 8 5 49
193 8 5 6
193 8 5 189
193 8 5 202
193 8 5 100
193 8 5 9
193 8 5 189
193 8 5 196
193 8 5 7
193 8 5 8
193 8 5 139
193 8 5 217
193 8 5 123
193 8 6 9
193 8 6 100
193 8 6 202
193 8 6 185
193 8 6 1
193 8 6 112
193 8 6 208
193 8 6 77
193 8 6 1
193 8 6 190
193 8 6 220
193 8 6 190
193 8 6 6
193 8 6 112
193 8 6 220
193 8 6 3
193 8 6 8
193 8 6 139
193 8 6 208
193 8 6 151
193 8 7 6
193 8 7 182
193 8 7 196
193 8 7 48
193 8 7 7
193 8 7 181
193 8 7 200
193 8 7 27
193 8 7 3
193 8 7 136
193 8 7 215
193 8 7 148
193 8 7 4
193 8 7 119
193 8 7 206
193 8 7 205
193 8 7 10
193 8 7 113
193 8 7 198
193 8 7 121
193 8 8 2
193 8 8 109
193 8 8 208
193 8 8 126
193 8 8 6
193 8 8 156
193 8 8 209
193 8 8 54
193 8 8 4
193 8 8 169
193 8 8 196
193 8 8 23
193 8 8 2
193 8 8 177
193 8 8 195
193 8 8 43
193 8 8 9
193 8 8 107
193 8 8 215
193 8 8 154
193 8 9 6
193 8 9 141
193 8 9 194
193 8 9 177
193 8 9 8
193 8 9 136
193 8 9 211
193 8 9 199
193 8 9 9
193 8 9 106
193 8 9 203
193 8 9 135
193 8 9 9
193 8 9 151
193 8 9 214
193 8 9 121
193 8 9 5
193 8 9 171
193 8 9 208
193 8 9 80
193 8 10 3
193 8 10 107
193 8 10 195
193 8 10 131
193 8 10 1
193 8 10 152
193 8 10 203
193 8 10 156
193 8 10 8
193 8 10 121
193 8 10 220
193 8 10 145
193 8 10 2
193 8 10 153
193 8 10 193
193 8 10 167
193 8 10 10
193 8 10 125
193 8 10 216
193 8 10 37
193 8 11 1
193 8 11 155
193 8 11 196
193 8 11 140
193 8 11 9
193 8 11 151
193 8 11 215
193 8 11 114
193 8 11 5
193 8 11 125
193 8 11 202
193 8 11 22
193 8 11 2
193 8 11 190
193 8 11 193
193 8 11 173
193 8 11 6
193 8 11 130
193 8 11 203
193 8 11 53
193 8 12 9
193 8 12 125
193 8 12 215
193 8 12 159
193 8 12 5
193 8 12 155
193 8 12 205
193 8 12 41
193 8 12 3
193 8 12 176
193 8 12 206
193 8 12 34
193 8 12 8
193 8 12 139
193 8 12 198
193 8 12 188
193 8 12 8
193 8 12 129
193 8 12 198
193 8 12 14
193 8 13 2
193 8 13 109
193 8 13 217
193 8 13 49
193 8 13 7
193 8 13 119
193 8 13 206
193 8 13 24
193 8 13 6
193 8 13 174
193 8 13 206
193 8 13 111
193 8 13 7
193 8 13 112
193 8 13 213
193 8 13 25
193 8 13 1
193 8 13 126
193 8 13 194
193 8 13 56
193 8 14 1
193 8 14 97
193 8 14 200
193 8 14 181
193 8 14 9
193 8 14 179
193 8 14 200
193 8 14 93
193 8 14 4
193 8 14 167
193 8 14 196
193 8 14 32
193 8 14 3
193 8 14 113
193 8 14 200
193 8 14 103
193 8 14 4
193 8 14 111
193 8 14 193
193 8 14 113
193 9 1 9
193 9 1 164
193 9 1 210
193 9 1 31
193 9 1 10
193 9 1 113
193 9 1 199
193 9 1 183
193 9 1 10
193 9 1 112
193 9 1 201
193 9 1 40
193 9 1 8
193 9 1 174
193 9 1 213
193 9 1 50
193 9 1 2
193 9 1 155
193 9 1 215
193 9 1 13
193 9 2 6
193 9 2 110
193 9 2 202
193 9 2 86
193 9 2 1
193 9 2 170
193 9 2 210
193 9 2 137
193 9 2 10
193 9 2 174
193 9 2 209
193 9 2 155
193 9 2 9
193 9 2 162
193 9 2 210
193 9 2 150
193 9 2 7
193 9 2 190
193 9 2 201
193 9 2 160
193 9 3 2
193 9 3 128
193 9 3 204
193 9 3 39
193 9 3 5
193 9 3 177
193 9 3 209
193 9 3 173
193 9 3 3
193 9 3 142
193 9 3 195
193 9 3 84
193 9 3 3
193 9 3 116
193 9 3 193
193 9 3 18
193 9 3 5
193 9 3 165
193 9 3 194
193 9 3 41
193 9 4 7
193 9 4 135
193 9 4 201
193 9 4 5
193 9 4 8
193 9 4 120
193 9 4 209
193 9 4 89
193 9 4 2
193 9 4 104
193 9 4 210
193 9 4 192
193 9 4 10
193 9 4 159
193 9 4 204
193 9 4 103
193 9 4 5
193 9 4 111
193 9 4 195
193 9 4 83
193 9 5 3
193 9 5 111
193 9 5 220
193 9 5 206
193 9 5 6
193 9 5 144
193 9 5 194
193 9 5 50
193 9 5 2
193 9 5 158
193 9 5 218
193 9 5 40
193 9 5 8
193 9 5 181
193 9 5 194
193 9 5 47
193 9 5 4
193 9 5 146
193 9 5 213
193 9 5 76
193 9 6 6
193 9 6 167
193 9 6 214
193 9 6 94
193 9 6 6
193 9 6 135
193 9 6 212
193 9 6 89
193 9 6 2
193 9 6 147
193 9 6 206
193 9 6 125
193 9 6 6
193 9 6 134
193 9 6 216
193 9 6 185
193 9 6 3
193 9 6 128
193 9 6 199
193 9 6 66
193 9 7 7
193 9 7 192
193 9 7 215
193 9 7 52
193 9 7 7
193 9 7 111
193 9 7 202
193 9 7 114
193 9 7 3
193 9 7 121
193 9 7 203
193 9 7 162
193 9 7 10
193 9 7 138
193 9 7 217
193 9 7 155
193 9 7 4
193 9 7 160
193 9 7 197
193 9 7 70
193 9 8 8
193 9 8 180
193 9 8 203
193 9 8 149
193 9 8 4
193 9 8 173
193 9 8 199
193 9 8 103
193 9 8 7
193 9 8 166
193 9 8 219
193 9 8 136
193 9 8 2
193 9 8 132
193 9 8 203
193 9 8 8
193 9 8 3
193 9 8 117
193 9 8 212
193 9 8 210
193 9 9 3
193 9 9 101
193 9 9 193
193 9 9 95
193 9 9 2
193 9 9 184
193 9 9 193
193 9 9 117
193 9 9 9
193 9 9 174
193 9 9 194
193 9 9 92
193 9 9 10
193 9 9 103
193 9 9 200
193 9 9 99
193 9 9 5
193 9 9 172
193 9 9 219
193 9 9 92
193 9 10 1
193 9 10 109
193 9 10 196
193 9 10 80
193 9 10 5
193 9 10 127
193 9 10 215
193 9 10 173
193 9 10 2
193 9 10 150
193 9 10 203
193 9 10 56
193 9 10 3
193 9 10 98
193 9 10 199
193 9 10 16
193 9 10 2
193 9 10 145
193 9 10 193
193 9 10 9
193 9 11 10
193 9 11 156
193 9 11 213
193 9 11 115
193 9 11 1
193 9 11 102
193 9 11 214
193 9 11 109
193 9 11 1
193 9 11 184
193 9 11 202
193 9 11 154
193 9 11 6
193 9 11 108
193 9 11 201
193 9 11 213
193 9 11 2
193 9 11 102
193 9 11 201
193 9 11 126
193 9 12 10
193 9 12 118
193 9 12 197
193 9 12 41
193 9 12 7
193 9 12 153
193 9 12 211
193 9 12 1
193 9 12 1
193 9 12 116
193 9 12 194
193 9 12 57
193 9 12 6
193 9 12 143
193 9 12 219
193 9 12 64
193 9 12 10
193 9 12 170
193 9 12 200
193 9 12 65
193 9 13 4
193 9 13 171
193 9 13 220
193 9 13 19
193 9 13 2
193 9 13 127
193 9 13 209
193 9 13 92
193 9 13 3
193 9 13 145
193 9 13 209
193 9 13 217
193 9 13 6
193 9 13 124
193 9 13 194
193 9 13 60
193 9 13 2
193 9 13 165
193 9 13 210
193 9 13 147
193 9 14 9
193 9 14 180
193 9 14 218
193 9 14 138
193 9 14 8
193 9 14 189
193 9 14 193
193 9 14 165
193 9 14 7
193 9 14 149
193 9 14 220
193 9 14 66
193 9 14 1
193 9 14 123
193 9 14 207
193 9 14 32
193 9 14 5
193 9 14 146
193 9 14 213
193 9 14 32
193 10 1 10
193 10 1 120
193 10 1 199
193 10 1 39
193 10 1 1
193 10 1 152
193 10 1 214
193 10 1 126
193 10 1 5
193 10 1 102
193 10 1 208
193 10 1 110
193 10 1 3
193 10 1 141
193 10 1 213
193 10 1 43
193 10 1 8
193 10 1 118
193 10 1 195
193 10 1 188
193 10 2 8
193 10 2 119
193 10 2 220
193 10 2 1
193 10 2 3
193 10 2 103
193 10 2 194
193 10 2 16
193 10 2 2
193 10 2 152
193 10 2 219
193 10 2 155
193 10 2 5
193 10 2 102
193 10 2 210
193 10 2 149
193 10 2 10
193 10 2 102
193 10 2 204
193 10 2 189
193 10 3 10
193 10 3 138
193 10 3 214
193 10 3 73
193 10 3 9
193 10 3 145
193 10 3 219
193 10 3 88
193 10 3 9
193 10 3 113
193 10 3 197
193 10 3 125
193 10 3 5
193 10 3 105
193 10 3 205
193 10 3 177
193 10 3 4
193 10 3 114
193 10 3 215
193 10 3 187
193 10 4 1
193 10 4 157
193 10 4 210
193 10 4 57
193 10 4 6
193 10 4 99
193 10 4 208
193 10 4 99
193 10 4 4
193 10 4 128
193 10 4 208
193 10 4 4
193 10 4 1
193 10 4 146
193 10 4 214
193 10 4 97
193 10 4 4
193 10 4 188
193 10 4 195
193 10 4 203
193 10 5 6
193 10 5 160
193 10 5 218
193 10 5 108
193 10 5 6
193 10 5 146
193 10 5 212
193 10 5 29
193 10 5 1
193 10 5 182
193 10 5 219
193 10 5 169
193 10 5 5
193 10 5 178
193 10 5 206
193 10 5 30
193 10 5 5
193 10 5 107
193 10 5 198
193 10 5 90
193 10 6 4
193 10 6 106
193 10 6 215
193 10 6 136
193 10 6 9
193 10 6 121
193 10 6 194
193 10 6 125
193 10 6 9
193 10 6 96
193 10 6 211
193 10 6 41
193 10 6 1
193 10 6 156
193 10 6 214
193 10 6 137
193 10 6 3
193 10 6 148
193 10 6 216
193 10 6 106
193 10 7 7
193 10 7 133
193 10 7 193
193 10 7 159
193 10 7 1
193 10 7 163
193 10 7 213
193 10 7 131
193 10 7 3
193 10 7 192
193 10 7 197
193 10 7 161
193 10 7 4
193 10 7 146
193 10 7 199
193 10 7 207
193 10 7 10
193 10 7 114
193 10 7 200
193 10 7 181
193 10 8 5
193 10 8 134
193 10 8 220
193 10 8 70
193 10 8 5
193 10 8 134
193 10 8 220
193 10 8 132
193 10 8 4
193 10 8 192
193 10 8 218
193 10 8 207
193 10 8 2
193 10 8 187
193 10 8 214
193 10 8 195
193 10 8 7
193 10 8 151
193 10 8 194
193 10 8 53
193 10 9 8
193 10 9 139
193 10 9 211
193 10 9 26
193 10 9 6
193 10 9 143
193 10 9 194
193 10 9 19
193 10 9 8
193 10 9 111
193 10 9 199
193 10 9 113
193 10 9 5
193 10 9 121
193 10 9 201
193 10 9 79
193 10 9 8
193 10 9 129
193 10 9 210
193 10 9 90
193 10 10 10
193 10 10 117
193 10 10 219
193 10 10 95
193 10 10 6
193 10 10 164
193 10 10 216
193 10 10 138
193 10 10 10
193 10 10 129
193 10 10 201
193 10 10 107
193 10 10 4
193 10 10 108
193 10 10 204
193 10 10 69
193 10 10 10
193 10 10 186
193 10 10 203
193 10 10 28
193 10 11 2
193 10 11 116
193 10 11 193
193 10 11 100
193 10 11 7
193 10 11 127
193 10 11 210
193 10 11 114
193 10 11 2
193 10 11 108
193 10 11 204
193 10 11 218
193 10 11 4
193 10 11 190
193 10 11 210
193 10 11 151
193 10 11 5
193 10 11 162
193 10 11 218
193 10 11 23
193 10 12 3
193 10 12 174
193 10 12 219
193 10 12 64
193 10 12 8
193 10 12 149
193 10 12 205
193 10 12 167
193 10 12 8
193 10 12 106
193 10 12 195
193 10 12 209
193 10 12 9
193 10 12 118
193 10 12 212
193 10 12 129
193 10 12 5
193 10 12 125
193 10 12 195
193 10 12 82
193 10 13 5
193 10 13 179
193 10 13 197
193 10 13 102
193 10 13 7
193 10 13 172
193 10 13 201
193 10 13 216
193 10 13 3
193 10 13 156
193 10 13 197
193 10 13 1
193 10 13 10
193 10 13 109
193 10 13 219
193 10 13 72
193 10 13 4
193 10 13 151
193 10 13 218
193 10 13 84
193 10 14 9
193 10 14 164
193 10 14 215
193 10 14 213
193 10 14 6
193 10 14 104
193 10 14 203
193 10 14 169
193 10 14 7
193 10 14 187
193 10 14 197
193 10 14 80
193 10 14 10
193 10 14 133
193 10 14 198
193 10 14 181
193 10 14 1
193 10 14 151
193 10 14 201
193 10 14 218
193 11 1 9
193 11 1 102
193 11 1 213
193 11 1 45
193 11 1 7
193 11 1 169
193 11 1 210
193 11 1 191
193 11 1 1
193 11 1 138
193 11 1 220
193 11 1 89
193 11 1 8
193 11 1 115
193 11 1 201
193 11 1 15
193 11 1 4
193 11 1 160
193 11 1 199
193 11 1 203
193 11 2 3
193 11 2 139
193 11 2 204
193 11 2 28
193 11 2 10
193 11 2 134
193 11 2 207
193 11 2 133
193 11 2 10
193 11 2 171
193 11 2 217
193 11 2 146
193 11 2 10
193 11 2 134
193 11 2 215
193 11 2 102
193 11 2 1
193 11 2 135
193 11 2 194
193 11 2 200
193 11 3 4
193 11 3 173
193 11 3 219
193 11 3 58
193 11 3 7
193 11 3 109
193 11 3 196
193 11 3 213
193 11 3 4
193 11 3 120
193 11 3 208
193 11 3 198
193 11 3 5
193 11 3 166
193 11 3 205
193 11 3 150
193 11 3 9
193 11 3 186
193 11 3 193
193 11 3 20
193 11 4 9
193 11 4 129
193 11 4 220
193 11 4 146
193 11 4 5
193 11 4 129
193 11 4 206
193 11 4 163
193 11 4 2
193 11 4 180
193 11 4 205
193 11 4 151
193 11 4 9
193 11 4 163
193 11 4 218
193 11 4 159
193 11 4 5
193 11 4 101
193 11 4 202
193 11 4 26
193 11 5 9
193 11 5 128
193 11 5 202
193 11 5 214
193 11 5 7
193 11 5 158
193 11 5 208
193 11 5 87
193 11 5 1
193 11 5 175
193 11 5 195
193 11 5 112
193 11 5 8
193 11 5 192
193 11 5 198
193 11 5 185
193 11 5 7
193 11 5 148
193 11 5 207
193 11 5 212
193 11 6 9
193 11 6 155
193 11 6 219
193 11 6 196
193 11 6 10
193 11 6 110
193 11 6 202
193 11 6 203
193 11 6 3
193 11 6 137
193 11 6 196
193 11 6 5
193 11 6 8
193 11 6 128
193 11 6 216
193 11 6 152
193 11 6 10
193 11 6 130
193 11 6 196
193 11 6 155
193 11 7 7
193 11 7 143
193 11 7 206
193 11 7 26
193 11 7 1
193 11 7 188
193 11 7 211
193 11 7 143
193 11 7 6
193 11 7 137
193 11 7 207
193 11 7 27
193 11 7 2
193 11 7 124
193 11 7 203
193 11 7 82
193 11 7 5
193 11 7 118
193 11 7 220
193 11 7 56
193 11 8 5
193 11 8 123
193 11 8 193
193 11 8 19
193 11 8 4
193 11 8 189
193 11 8 213
193 11 8 102
193 11 8 6
193 11 8 112
193 11 8 202
193 11 8 114
193 11 8 4
193 11 8 105
193 11 8 211
193 11 8 183
193 11 8 4
193 11 8 185
193 11 8 194
193 11 8 85
193 11 9 10
193 11 9 113
193 11 9 195
193 11 9 218
193 11 9 10
193 11 9 192
193 11 9 211
193 11 9 70
193 11 9 4
193 11 9 179
193 11 9 197
193 11 9 73
193 11 9 4
193 11 9 159
193 11 9 204
193 11 9 169
193 11 9 3
193 11 9 166
193 11 9 196
193 11 9 219
193 11 10 10
193 11 10 131
193 11 10 193
193 11 10 113
193 11 10 1
193 11 10 147
193 11 10 199
193 11 10 213
193 11 10 9
193 11 10 119
193 11 10 206
193 11 10 85
193 11 10 3
193 11 10 130
193 11 10 206
193 11 10 44
193 11 10 4
193 11 10 188
193 11 10 199
193 11 10 90
193 11 11 5
193 11 11 139
193 11 11 198
193 11 11 169
193 11 11 5
193 11 11 158
193 11 11 194
193 11 11 169
193 11 11 9
193 11 11 132
193 11 11 206
193 11 11 8
193 11 11 2
193 11 11 184
193 11 11 220
193 11 11 128
193 11 11 2
193 11 11 125
193 11 11 218
193 11 11 168
193 11 12 4
193 11 12 128
193 11 12 198
193 11 12 59
193 11 12 7
193 11 12 170
193 11 12 215
193 11 12 129
193 11 12 2
193 11 12 165
193 11 12 214
193 11 12 203
193 11 12 6
193 11 12 169
193 11 12 194
193 11 12 48
193 11 12 2
193 11 12 193
193 11 12 207
193 11 12 185
193 11 13 9
193 11 13 184
193 11 13 207
193 11 13 176
193 11 13 4
193 11 13 109
193 11 13 219
193 11 13 146
193 11 13 8
193 11 13 126
193 11 13 207
193 11 13 66
193 11 13 8
193 11 13 97
193 11 13 216
193 11 13 83
193 11 13 6
193 11 13 164
193 11 13 212
193 11 13 5
193 11 14 4
193 11 14 130
193 11 14 195
193 11 14 192
193 11 14 3
193 11 14 145
193 11 14 214
193 11 14 117
193 11 14 4
193 11 14 104
193 11 14 211
193 11 14 161
193 11 14 6
193 11 14 175
193 11 14 194
193 11 14 119
193 11 14 3
193 11 14 123
193 11 14 214
193 11 14 82
193 12 1 5
193 12 1 135
193 12 1 199
193 12 1 213
193 12 1 1
193 12 1 137
193 12 1 212
193 12 1 165
193 12 1 6
193 12 1 166
193 12 1 200
193 12 1 183
193 12 1 6
193 12 1 137
193 12 1 209
193 12 1 5
193 12 1 6
193 12 1 117
193 12 1 216
193 12 1 205
193 12 2 7
193 12 2 131
193 12 2 218
193 12 2 159
193 12 2 10
193 12 2 160
193 12 2 207
193 12 2 40
193 12 2 9
193 12 2 136
193 12 2 208
193 12 2 121
193 12 2 1
193 12 2 150
193 12 2 206
193 12 2 64
193 12 2 9
193 12 2 117
193 12 2 199
193 12 2 27
193 12 3 6
193 12 3 190
193 12 3 219
193 12 3 169
193 12 3 8
193 12 3 124
193 12 3 210
193 12 3 209
193 12 3 9
193 12 3 158
193 12 3 198
193 12 3 192
193 12 3 3
193 12 3 129
193 12 3 220
193 12 3 202
193 12 3 2
193 12 3 164
193 12 3 212
193 12 3 37
193 12 4 4
193 12 4 193
193 12 4 200
193 12 4 118
193 12 4 7
193 12 4 100
193 12 4 213
193 12 4 119
193 12 4 8
193 12 4 193
193 12 4 211
193 12 4 153
193 12 4 10
193 12 4 191
193 12 4 197
193 12 4 54
193 12 4 4
193 12 4 134
193 12 4 199
193 12 4 56
193 12 5 1
193 12 5 109
193 12 5 200
193 12 5 116
193 12 5 1
193 12 5 137
193 12 5 209
193 12 5 14
193 12 5 10
193 12 5 186
193 12 5 207
193 12 5 181
193 12 5 6
193 12 5 114
193 12 5 205
193 12 5 27
193 12 5 6
193 12 5 158
193 12 5 208
193 12 5 163
193 12 6 10
193 12 6 112
193 12 6 194
193 12 6 6
193 12 6 6
193 12 6 187
193 12 6 196
193 12 6 115
193 12 6 4
193 12 6 136
193 12 6 199
193 12 6 73
193 12 6 9
193 12 6 107
193 12 6 193
193 12 6 195
193 12 6 4
193 12 6 124
193 12 6 211
193 12 6 140
193 12 7 9
193 12 7 103
193 12 7 205
193 12 7 32
193 12 7 6
193 12 7 166
193 12 7 216
193 12 7 208
193 12 7 7
193 12 7 185
193 12 7 198
193 12 7 50
193 12 7 10
193 12 7 144
193 12 7 199
193 12 7 20
193 12 7 6
193 12 7 162
193 12 7 216
193 12 7 135
193 12 8 5
193 12 8 172
193 12 8 214
193 12 8 78
193 12 8 10
193 12 8 189
193 12 8 207
193 12 8 96
193 12 8 6
193 12 8 189
193 12 8 209
193 12 8 173
193 12 8 2
193 12 8 134
193 12 8 210
193 12 8 219
193 12 8 3
193 12 8 126
193 12 8 204
193 12 8 106
193 12 9 5
193 12 9 153
193 12 9 203
193 12 9 99
193 12 9 1
193 12 9 165
193 12 9 201
193 12 9 141
193 12 9 6
193 12 9 118
193 12 9 201
193 12 9 75
193 12 9 5
193 12 9 184
193 12 9 216
193 12 9 95
193 12 9 3
193 12 9 162
193 12 9 212
193 12 9 33
193 12 10 7
193 12 10 178
193 12 10 203
193 12 10 149
193 12 10 8
193 12 10 187
193 12 10 196
193 12 10 23
193 12 10 5
193 12 10 183
193 12 10 212
193 12 10 19
193 12 10 1
193 12 10 144
193 12 10 198
193 12 10 170
193 12 10 8
193 12 10 149
193 12 10 214
193 12 10 139
193 12 11 2
193 12 11 192
193 12 11 205
193 12 11 128
193 12 11 9
193 12 11 127
193 12 11 213
193 12 11 83
193 12 11 1
193 12 11 147
193 12 11 216
193 12 11 19
193 12 11 2
193 12 11 103
193 12 11 207
193 12 11 178
193 12 11 6
193 12 11 96
193 12 11 208
193 12 11 208
193 12 12 3
193 12 12 146
193 12 12 202
193 12 12 116
193 12 12 6
193 12 12 147
193 12 12 195
193 12 12 140
193 12 12 2
193 12 12 145
193 12 12 214
193 12 12 63
193 12 12 3
193 12 12 172
193 12 12 208
193 12 12 100
193 12 12 4
193 12 12 106
193 12 12 219
193 12 12 156
193 12 13 3
193 12 13 177
193 12 13 206
193 12 13 176
193 12 13 8
193 12 13 96
193 12 13 203
193 12 13 17
193 12 13 1
193 12 13 122
193 12 13 200
193 12 13 211
193 12 13 2
193 12 13 105
193 12 13 210
193 12 13 85
193 12 13 1
193 12 13 176
193 12 13 200
193 12 13 161
193 12 14 9
193 12 14 116
193 12 14 202
193 12 14 210
193 12 14 9
193 12 14 192
193 12 14 212
193 12 14 49
193 12 14 1
193 12 14 137
193 12 14 209
193 12 14 58
193 12 14 9
193 12 14 187
193 12 14 217
193 12 14 55
193 12 14 3
193 12 14 167
193 12 14 210
193 12 14 12
193 13 1 2
193 13 1 154
193 13 1 208
193 13 1 214
193 13 1 2
193 13 1 179
193 13 1 219
193 13 1 113
193 13 1 6
193 13 1 177
193 13 1 207
193 13 1 111
193 13 1 4
193 13 1 148
193 13 1 217
193 13 1 125
193 13 1 9
193 13 1 103
193 13 1 210
193 13 1 102
193 13 2 10
193 13 2 175
193 13 2 201
193 13 2 48
193 13 2 8
193 13 2 115
193 13 2 194
193 13 2 96
193 13 2 1
193 13 2 166
193 13 2 208
193 13 2 160
193 13 2 7
193 13 2 137
193 13 2 220
193 13 2 138
193 13 2 8
193 13 2 165
193 13 2 215
193 13 2 181
193 13 3 9
193 13 3 107
193 13 3 206
193 13 3 93
193 13 3 1
193 13 3 106
193 13 3 214
193 13 3 181
193 13 3 7
193 13 3 191
193 13 3 203
193 13 3 107
193 13 3 1
193 13 3 169
193 13 3 204
193 13 3 169
193 13 3 1
193 13 3 146
193 13 3 212
193 13 3 61
193 13 4 2
193 13 4 100
193 13 4 202
193 13 4 69
193 13 4 6
193 13 4 157
193 13 4 217
193 13 4 219
193 13 4 8
193 13 4 170
193 13 4 214
193 13 4 81
193 13 4 4
193 13 4 158
193 13 4 195
193 13 4 65
193 13 4 10
193 13 4 177
193 13 4 219
193 13 4 169
193 13 5 1
193 13 5 160
193 13 5 203
193 13 5 74
193 13 5 8
193 13 5 192
193 13 5 202
193 13 5 195
193 13 5 8
193 13 5 107
193 13 5 200
193 13 5 204
193 13 5 1
193 13 5 174
193 13 5 219
193 13 5 145
193 13 5 10
193 13 5 136
193 13 5 217
193 13 5 218
193 13 6 3
193 13 6 115
193 13 6 201
193 13 6 52
193 13 6 1
193 13 6 145
193 13 6 212
193 13 6 111
193 13 6 2
193 13 6 97
193 13 6 216
193 13 6 53
193 13 6 3
193 13 6 158
193 13 6 203
193 13 6 71
193 13 6 3
193 13 6 155
193 13 6 207
193 13 6 68
193 13 7 10
193 13 7 130
193 13 7 203
193 13 7 194
193 13 7 7
193 13 7 155
193 13 7 211
193 13 7 87
193 13 7 7
193 13 7 105
193 13 7 193
193 13 7 45
193 13 7 7
193 13 7 164
193 13 7 201
193 13 7 198
193 13 7 9
193 13 7 127
193 13 7 218
193 13 7 159
193 13 8 2
193 13 8 150
193 13 8 206
193 13 8 38
193 13 8 6
193 13 8 133
193 13 8 211
193 13 8 85
193 13 8 3
193 13 8 157
193 13 8 201
193 13 8 136
193 13 8 7
193 13 8 152
193 13 8 216
193 13 8 123
193 13 8 10
193 13 8 182
193 13 8 213
193 13 8 33
193 13 9 3
193 13 9 155
193 13 9 197
193 13 9 38
193 13 9 9
193 13 9 169
193 13 9 207
193 13 9 44
193 13 9 1
193 13 9 112
193 13 9 198
193 13 9 199
193 13 9 5
193 13 9 132
193 13 9 202
193 13 9 58
193 13 9 10
193 13 9 121
193 13 9 214
193 13 9 20
193 13 10 9
193 13 10 151
193 13 10 208
193 13 10 12
193 13 10 5
193 13 10 187
193 13 10 206
193 13 10 92
193 13 10 8
193 13 10 105
193 13 10 194
193 13 10 211
193 13 10 2
193 13 10 190
193 13 10 220
193 13 10 203
193 13 10 2
193 13 10 156
193 13 10 196
193 13 10 211
193 13 11 6
193 13 11 126
193 13 11 219
193 13 11 185
193 13 11 8
193 13 11 105
193 13 11 202
193 13 11 41
193 13 11 7
193 13 11 182
193 13 11 213
193 13 11 128
193 13 11 8
193 13 11 156
193 13 11 215
193 13 11 196
193 13 11 7
193 13 11 188
193 13 11 208
193 13 11 169
193 13 12 7
193 13 12 149
193 13 12 206
193 13 12 131
193 13 12 3
193 13 12 143
193 13 12 217
193 13 12 144
193 13 12 8
193 13 12 170
193 13 12 198
193 13 12 149
193 13 12 5
193 13 12 112
193 13 12 197
193 13 12 19
193 13 12 1
193 13 12 141
193 13 12 209
193 13 12 183
193 13 13 7
193 13 13 126
193 13 13 212
193 13 13 1
193 13 13 10
193 13 13 98
193 13 13 211
193 13 13 47
193 13 13 5
193 13 13 96
193 13 13 194
193 13 13 215
193 13 13 2
193 13 13 118
193 13 13 212
193 13 13 47
193 13 13 6
193 13 13 168
193 13 13 196
193 13 13 5
193 13 14 4
193 13 14 127
193 13 14 215
193 13 14 11
193 13 14 8
193 13 14 161
193 13 14 216
193 13 14 212
193 13 14 7
193 13 14 126
193 13 14 215
193 13 14 110
193 13 14 9
193 13 14 144
193 13 14 196
193 13 14 160
193 13 14 5
193 13 14 151
193 13 14 219
193 13 14 172
193 14 1 7
193 14 1 109
193 14 1 213
193 14 1 194
193 14 1 1
193 14 1 149
193 14 1 214
193 14 1 30
193 14 1 9
193 14 1 157
193 14 1 206
193 14 1 101
193 14 1 6
193 14 1 119
193 14 1 220
193 14 1 201
193 14 1 3
193 14 1 171
193 14 1 212
193 14 1 8
193 14 2 2
193 14 2 99
193 14 2 212
193 14 2 160
193 14 2 3
193 14 2 159
193 14 2 193
193 14 2 66
193 14 2 5
193 14 2 170
193 14 2 208
193 14 2 135
193 14 2 10
193 14 2 185
193 14 2 208
193 14 2 65
193 14 2 7
193 14 2 161
193 14 2 213
193 14 2 9
193 14 3 4
193 14 3 130
193 14 3 215
193 14 3 96
193 14 3 6
193 14 3 146
193 14 3 211
193 14 3 163
193 14 3 4
193 14 3 175
193 14 3 197
193 14 3 123
193 14 3 6
193 14 3 116
193 14 3 213
193 14 3 135
193 14 3 1
193 14 3 132
193 14 3 220
193 14 3 213
193 14 4 9
193 14 4 193
193 14 4 200
193 14 4 37
193 14 4 8
193 14 4 151
193 14 4 220
193 14 4 190
193 14 4 5
193 14 4 192
193 14 4 215
193 14 4 143
193 14 4 2
193 14 4 174
193 14 4 212
193 14 4 141
193 14 4 1
193 14 4 193
193 14 4 214
193 14 4 133
193 14 5 4
193 14 5 157
193 14 5 219
193 14 5 151
193 14 5 9
193 14 5 180
193 14 5 210
193 14 5 118
193 14 5 10
193 14 5 131
193 14 5 219
193 14 5 113
193 14 5 2
193 14 5 147
193 14 5 208
193 14 5 204
193 14 5 7
193 14 5 172
193 14 5 213
193 14 5 168
193 14 6 2
193 14 6 153
193 14 6 212
193 14 6 98
193 14 6 4
193 14 6 109
193 14 6 207
193 14 6 115
193 14 6 1
193 14 6 184
193 14 6 202
193 14 6 145
193 14 6 7
193 14 6 182
193 14 6 196
193 14 6 173
193 14 6 5
193 14 6 127
193 14 6 217
193 14 6 41
193 14 7 1
193 14 7 190
193 14 7 211
193 14 7 135
193 14 7 6
193 14 7 96
193 14 7 198
193 14 7 43
193 14 7 6
193 14 7 107
193 14 7 202
193 14 7 19
193 14 7 4
193 14 7 115
193 14 7 196
193 14 7 213
193 14 7 1
193 14 7 155
193 14 7 198
193 14 7 165
193 14 8 4
193 14 8 149
193 14 8 203
193 14 8 155
193 14 8 2
193 14 8 167
193 14 8 203
193 14 8 41
193 14 8 9
193 14 8 167
193 14 8 214
193 14 8 173
193 14 8 10
193 14 8 147
193 14 8 201
193 14 8 28
193 14 8 3
193 14 8 181
193 14 8 217
193 14 8 52
193 14 9 10
193 14 9 126
193 14 9 204
193 14 9 27
193 14 9 2
193 14 9 135
193 14 9 203
193 14 9 114
193 14 9 6
193 14 9 151
193 14 9 193
193 14 9 110
193 14 9 5
193 14 9 112
193 14 9 208
193 14 9 129
193 14 9 6
193 14 9 159
193 14 9 195
193 14 9 45
193 14 10 4
193 14 10 118
193 14 10 205
193 14 10 94
193 14 10 7
193 14 10 140
193 14 10 203
193 14 10 144
193 14 10 8
193 14 10 174
193 14 10 211
193 14 10 41
193 14 10 5
193 14 10 98
193 14 10 215
193 14 10 30
193 14 10 7
193 14 10 118
193 14 10 206
193 14 10 45
193 14 11 2
193 14 11 126
193 14 11 217
193 14 11 187
193 14 11 7
193 14 11 145
193 14 11 216
193 14 11 81
193 14 11 9
193 14 11 114
193 14 11 199
193 14 11 145
193 14 11 7
193 14 11 138
193 14 11 215
193 14 11 18
193 14 11 5
193 14 11 111
193 14 11 211
193 14 11 80
193 14 12 10
193 14 12 191
193 14 12 207
193 14 12 3
193 14 12 8
193 14 12 126
193 14 12 220
193 14 12 102
193 14 12 10
193 14 12 186
193 14 12 205
193 14 12 3
193 14 12 2
193 14 12 109
193 14 12 204
193 14 12 57
193 14 12 2
193 14 12 120
193 14 12 207
193 14 12 180
193 14 13 8
193 14 13 132
193 14 13 204
193 14 13 126
193 14 13 10
193 14 13 152
193 14 13 218
193 14 13 100
193 14 13 8
193 14 13 104
193 14 13 195
193 14 13 90
193 14 13 5
193 14 13 148
193 14 13 206
193 14 13 208
193 14 13 10
193 14 13 100
193 14 13 209
193 14 13 148
193 14 14 3
193 14 14 169
193 14 14 214
193 14 14 15
193 14 14 4
193 14 14 177
193 14 14 200
193 14 14 101
193 14 14 7
193 14 14 108
193 14 14 196
193 14 14 136
193 14 14 5
193 14 14 120
193 14 14 216
193 14 14 75
193 14 14 2
193 14 14 114
193 14 14 195
193 14 14 23
197 1 1 1
197 1 1 119
197 1 1 201
197 1 1 201
197 1 1 7
197 1 1 195
197 1 1 222
197 1 1 84
197 1 1 8
197 1 1 160
197 1 1 201
197 1 1 51
197 1 1 8
197 1 1 138
197 1 1 223
197 1 1 87
197 1 1 1
197 1 1 163
197 1 1 226
197 1 1 136
197 1 2 6
197 1 2 171
197 1 2 222
197 1 2 120
197 1 2 6
197 1 2 187
197 1 2 205
197 1 2 92
197 1 2 5
197 1 2 149
197 1 2 201
197 1 2 9
197 1 2 9
197 1 2 99
197 1 2 221
197 1 2 173
197 1 2 4
197 1 2 101
197 1 2 211
197 1 2 220
197 1 3 2
197 1 3 186
197 1 3 198
197 1 3 35
197 1 3 10
197 1 3 192
197 1 3 217
197 1 3 226
197 1 3 6
197 1 3 166
197 1 3 197
197 1 3 152
197 1 3 1
197 1 3 127
197 1 3 201
197 1 3 152
197 1 3 1
197 1 3 183
197 1 3 206
197 1 3 183
197 1 4 5
197 1 4 160
197 1 4 199
197 1 4 13
197 1 4 6
197 1 4 187
197 1 4 214
197 1 4 178
197 1 4 9
197 1 4 166
197 1 4 218
197 1 4 200
197 1 4 9
197 1 4 169
197 1 4 197
197 1 4 153
197 1 4 7
197 1 4 125
197 1 4 226
197 1 4 146
197 1 5 7
197 1 5 188
197 1 5 198
197 1 5 126
197 1 5 8
197 1 5 186
197 1 5 225
197 1 5 158
197 1 5 9
197 1 5 139
197 1 5 221
197 1 5 159
197 1 5 7
197 1 5 139
197 1 5 204
197 1 5 75
197 1 5 5
197 1 5 153
197 1 5 214
197 1 5 73
197 1 6 9
197 1 6 142
197 1 6 214
197 1 6 112
197 1 6 4
197 1 6 124
197 1 6 203
197 1 6 82
197 1 6 7
197 1 6 98
197 1 6 220
197 1 6 61
197 1 6 3
197 1 6 175
197 1 6 207
197 1 6 127
197 1 6 9
197 1 6 183
197 1 6 203
197 1 6 134
197 1 7 4
197 1 7 170
197 1 7 210
197 1 7 62
197 1 7 3
197 1 7 180
197 1 7 225
197 1 7 39
197 1 7 7
197 1 7 141
197 1 7 206
197 1 7 62
197 1 7 7
197 1 7 153
197 1 7 214
197 1 7 204
197 1 7 7
197 1 7 129
197 1 7 201
197 1 7 197
197 1 8 10
197 1 8 138
197 1 8 224
197 1 8 65
197 1 8 8
197 1 8 190
197 1 8 213
197 1 8 135
197 1 8 2
197 1 8 182
197 1 8 222
197 1 8 93
197 1 8 7
197 1 8 191
197 1 8 199
197 1 8 155
197 1 8 1
197 1 8 107
197 1 8 212
197 1 8 116
197 1 9 10
197 1 9 126
197 1 9 205
197 1 9 88
197 1 9 5
197 1 9 176
197 1 9 216
197 1 9 171
197 1 9 1
197 1 9 110
197 1 9 201
197 1 9 83
197 1 9 10
197 1 9 187
197 1 9 197
197 1 9 102
197 1 9 5
197 1 9 108
197 1 9 219
197 1 9 144
197 1 10 1
197 1 10 182
197 1 10 205
197 1 10 32
197 1 10 1
197 1 10 99
197 1 10 199
197 1 10 58
197 1 10 2
197 1 10 161
197 1 10 201
197 1 10 110
197 1 10 3
197 1 10 131
197 1 10 224
197 1 10 158
197 1 10 10
197 1 10 133
197 1 10 210
197 1 10 107
197 1 11 4
197 1 11 101
197 1 11 197
197 1 11 175
197 1 11 1
197 1 11 196
197 1 11 222
197 1 11 60
197 1 11 3
197 1 11 167
197 1 11 211
197 1 11 54
197 1 11 4
197 1 11 171
197 1 11 226
197 1 11 36
197 1 11 6
197 1 11 134
197 1 11 203
197 1 11 91
197 1 12 1
197 1 12 125
197 1 12 199
197 1 12 35
197 1 12 1
197 1 12 152
197 1 12 212
197 1 12 96
197 1 12 8
197 1 12 183
197 1 12 208
197 1 12 186
197 1 12 1
197 1 12 125
197 1 12 214
197 1 12 208
197 1 12 5
197 1 12 157
197 1 12 198
197 1 12 23
197 1 13 4
197 1 13 145
197 1 13 207
197 1 13 30
197 1 13 9
197 1 13 151
197 1 13 225
197 1 13 159
197 1 13 6
197 1 13 116
197 1 13 211
197 1 13 167
197 1 13 6
197 1 13 126
197 1 13 223
197 1 13 133
197 1 13 8
197 1 13 175
197 1 13 207
197 1 13 189
197 1 14 3
197 1 14 120
197 1 14 224
197 1 14 215
197 1 14 6
197 1 14 126
197 1 14 199
197 1 14 153
197 1 14 4
197 1 14 187
197 1 14 211
197 1 14 182
197 1 14 2
197 1 14 139
197 1 14 209
197 1 14 220
197 1 14 7
197 1 14 184
197 1 14 200
197 1 14 49
197 2 1 3
197 2 1 176
197 2 1 219
197 2 1 48
197 2 1 8
197 2 1 165
197 2 1 199
197 2 1 18
197 2 1 3
197 2 1 160
197 2 1 213
197 2 1 43
197 2 1 7
197 2 1 145
197 2 1 225
197 2 1 94
197 2 1 1
197 2 1 117
197 2 1 218
197 2 1 33
197 2 2 8
197 2 2 167
197 2 2 198
197 2 2 92
197 2 2 3
197 2 2 141
197 2 2 208
197 2 2 195
197 2 2 6
197 2 2 181
197 2 2 214
197 2 2 58
197 2 2 6
197 2 2 190
197 2 2 208
197 2 2 117
197 2 2 6
197 2 2 104
197 2 2 223
197 2 2 54
197 2 3 10
197 2 3 154
197 2 3 226
197 2 3 186
197 2 3 8
197 2 3 165
197 2 3 198
197 2 3 122
197 2 3 3
197 2 3 185
197 2 3 207
197 2 3 42
197 2 3 1
197 2 3 154
197 2 3 220
197 2 3 167
197 2 3 9
197 2 3 188
197 2 3 211
197 2 3 5
197 2 4 5
197 2 4 157
197 2 4 223
197 2 4 19
197 2 4 3
197 2 4 195
197 2 4 221
197 2 4 35
197 2 4 7
197 2 4 194
197 2 4 226
197 2 4 171
197 2 4 5
197 2 4 192
197 2 4 215
197 2 4 210
197 2 4 3
197 2 4 100
197 2 4 206
197 2 4 71
197 2 5 7
197 2 5 135
197 2 5 212
197 2 5 3
197 2 5 7
197 2 5 171
197 2 5 201
197 2 5 137
197 2 5 7
197 2 5 159
197 2 5 223
197 2 5 110
197 2 5 3
197 2 5 186
197 2 5 213
197 2 5 189
197 2 5 9
197 2 5 149
197 2 5 199
197 2 5 53
197 2 6 3
197 2 6 139
197 2 6 202
197 2 6 13
197 2 6 7
197 2 6 174
197 2 6 217
197 2 6 144
197 2 6 7
197 2 6 136
197 2 6 209
197 2 6 149
197 2 6 7
197 2 6 186
197 2 6 218
197 2 6 10
197 2 6 4
197 2 6 180
197 2 6 210
197 2 6 81
197 2 7 4
197 2 7 191
197 2 7 204
197 2 7 107
197 2 7 4
197 2 7 105
197 2 7 208
197 2 7 211
197 2 7 3
197 2 7 159
197 2 7 217
197 2 7 79
197 2 7 5
197 2 7 194
197 2 7 208
197 2 7 10
197 2 7 1
197 2 7 173
197 2 7 205
197 2 7 224
197 2 8 8
197 2 8 175
197 2 8 224
197 2 8 183
197 2 8 7
197 2 8 120
197 2 8 200
197 2 8 136
197 2 8 6
197 2 8 154
197 2 8 201
197 2 8 35
197 2 8 6
197 2 8 103
197 2 8 219
197 2 8 115
197 2 8 4
197 2 8 107
197 2 8 199
197 2 8 187
197 2 9 2
197 2 9 181
197 2 9 213
197 2 9 112
197 2 9 6
197 2 9 132
197 2 9 198
197 2 9 7
197 2 9 2
197 2 9 144
197 2 9 217
197 2 9 20
197 2 9 9
197 2 9 108
197 2 9 226
197 2 9 132
197 2 9 6
197 2 9 196
197 2 9 203
197 2 9 21
197 2 10 8
197 2 10 107
197 2 10 216
197 2 10 21
197 2 10 7
197 2 10 194
197 2 10 222
197 2 10 8
197 2 10 9
197 2 10 167
197 2 10 213
197 2 10 199
197 2 10 5
197 2 10 134
197 2 10 226
197 2 10 63
197 2 10 3
197 2 10 191
197 2 10 200
197 2 10 77
197 2 11 6
197 2 11 162
197 2 11 216
197 2 11 94
197 2 11 4
197 2 11 147
197 2 11 204
197 2 11 23
197 2 11 8
197 2 11 172
197 2 11 208
197 2 11 193
197 2 11 8
197 2 11 111
197 2 11 224
197 2 11 11
197 2 11 3
197 2 11 180
197 2 11 200
197 2 11 98
197 2 12 10
197 2 12 195
197 2 12 226
197 2 12 90
197 2 12 1
197 2 12 134
197 2 12 222
197 2 12 46
197 2 12 5
197 2 12 145
197 2 12 226
197 2 12 45
197 2 12 2
197 2 12 119
197 2 12 206
197 2 12 119
197 2 12 6
197 2 12 124
197 2 12 209
197 2 12 88
197 2 13 3
197 2 13 137
197 2 13 201
197 2 13 170
197 2 13 4
197 2 13 170
197 2 13 205
197 2 13 43
197 2 13 9
197 2 13 172
197 2 13 220
197 2 13 127
197 2 13 7
197 2 13 110
197 2 13 225
197 2 13 213
197 2 13 9
197 2 13 189
197 2 13 205
197 2 13 56
197 2 14 4
197 2 14 184
197 2 14 217
197 2 14 93
197 2 14 6
197 2 14 122
197 2 14 205
197 2 14 120
197 2 14 4
197 2 14 171
197 2 14 226
197 2 14 150
197 2 14 2
197 2 14 167
197 2 14 226
197 2 14 40
197 2 14 3
197 2 14 125
197 2 14 222
197 2 14 33
197 3 1 1
197 3 1 163
197 3 1 212
197 3 1 48
197 3 1 2
197 3 1 145
197 3 1 217
197 3 1 29
197 3 1 10
197 3 1 174
197 3 1 205
197 3 1 170
197 3 1 3
197 3 1 104
197 3 1 216
197 3 1 2
197 3 1 3
197 3 1 180
197 3 1 197
197 3 1 57
197 3 2 9
197 3 2 160
197 3 2 221
197 3 2 106
197 3 2 1
197 3 2 120
197 3 2 226
197 3 2 46
197 3 2 6
197 3 2 113
197 3 2 216
197 3 2 92
197 3 2 3
197 3 2 172
197 3 2 215
197 3 2 80
197 3 2 4
197 3 2 144
197 3 2 199
197 3 2 70
197 3 3 9
197 3 3 130
197 3 3 211
197 3 3 79
197 3 3 6
197 3 3 144
197 3 3 209
197 3 3 27
197 3 3 5
197 3 3 174
197 3 3 214
197 3 3 12
197 3 3 3
197 3 3 175
197 3 3 201
197 3 3 143
197 3 3 2
197 3 3 159
197 3 3 204
197 3 3 209
197 3 4 4
197 3 4 120
197 3 4 216
197 3 4 108
197 3 4 8
197 3 4 195
197 3 4 204
197 3 4 226
197 3 4 7
197 3 4 115
197 3 4 218
197 3 4 115
197 3 4 1
197 3 4 119
197 3 4 202
197 3 4 76
197 3 4 2
197 3 4 152
197 3 4 210
197 3 4 193
197 3 5 3
197 3 5 100
197 3 5 224
197 3 5 162
197 3 5 3
197 3 5 117
197 3 5 224
197 3 5 101
197 3 5 10
197 3 5 115
197 3 5 204
197 3 5 60
197 3 5 5
197 3 5 186
197 3 5 213
197 3 5 131
197 3 5 1
197 3 5 190
197 3 5 211
197 3 5 87
197 3 6 6
197 3 6 119
197 3 6 202
197 3 6 64
197 3 6 10
197 3 6 114
197 3 6 225
197 3 6 72
197 3 6 3
197 3 6 189
197 3 6 213
197 3 6 16
197 3 6 2
197 3 6 162
197 3 6 210
197 3 6 94
197 3 6 7
197 3 6 138
197 3 6 200
197 3 6 136
197 3 7 6
197 3 7 158
197 3 7 206
197 3 7 119
197 3 7 4
197 3 7 193
197 3 7 211
197 3 7 49
197 3 7 1
197 3 7 175
197 3 7 223
197 3 7 113
197 3 7 9
197 3 7 124
197 3 7 214
197 3 7 190
197 3 7 8
197 3 7 103
197 3 7 203
197 3 7 223
197 3 8 4
197 3 8 186
197 3 8 215
197 3 8 172
197 3 8 10
197 3 8 122
197 3 8 216
197 3 8 211
197 3 8 5
197 3 8 178
197 3 8 226
197 3 8 95
197 3 8 10
197 3 8 186
197 3 8 198
197 3 8 198
197 3 8 8
197 3 8 107
197 3 8 211
197 3 8 106
197 3 9 6
197 3 9 98
197 3 9 220
197 3 9 170
197 3 9 7
197 3 9 173
197 3 9 208
197 3 9 76
197 3 9 7
197 3 9 184
197 3 9 209
197 3 9 90
197 3 9 4
197 3 9 171
197 3 9 208
197 3 9 36
197 3 9 9
197 3 9 108
197 3 9 222
197 3 9 212
197 3 10 6
197 3 10 109
197 3 10 226
197 3 10 5
197 3 10 5
197 3 10 105
197 3 10 226
197 3 10 69
197 3 10 3
197 3 10 169
197 3 10 224
197 3 10 218
197 3 10 4
197 3 10 154
197 3 10 205
197 3 10 111
197 3 10 6
197 3 10 130
197 3 10 223
197 3 10 122
197 3 11 9
197 3 11 188
197 3 11 222
197 3 11 47
197 3 11 7
197 3 11 113
197 3 11 197
197 3 11 212
197 3 11 7
197 3 11 125
197 3 11 203
197 3 11 224
197 3 11 4
197 3 11 188
197 3 11 221
197 3 11 143
197 3 11 8
197 3 11 147
197 3 11 212
197 3 11 202
197 3 12 2
197 3 12 172
197 3 12 200
197 3 12 86
197 3 12 4
197 3 12 194
197 3 12 208
197 3 12 21
197 3 12 6
197 3 12 120
197 3 12 200
197 3 12 156
197 3 12 4
197 3 12 191
197 3 12 223
197 3 12 52
197 3 12 8
197 3 12 182
197 3 12 219
197 3 12 175
197 3 13 5
197 3 13 106
197 3 13 207
197 3 13 116
197 3 13 5
197 3 13 170
197 3 13 203
197 3 13 176
197 3 13 4
197 3 13 190
197 3 13 215
197 3 13 173
197 3 13 5
197 3 13 187
197 3 13 226
197 3 13 107
197 3 13 4
197 3 13 162
197 3 13 204
197 3 13 79
197 3 14 7
197 3 14 160
197 3 14 199
197 3 14 19
197 3 14 7
197 3 14 108
197 3 14 206
197 3 14 32
197 3 14 1
197 3 14 133
197 3 14 219
197 3 14 152
197 3 14 5
197 3 14 145
197 3 14 221
197 3 14 19
197 3 14 9
197 3 14 184
197 3 14 221
197 3 14 224
197 4 1 10
197 4 1 142
197 4 1 208
197 4 1 29
197 4 1 9
197 4 1 121
197 4 1 199
197 4 1 193
197 4 1 3
197 4 1 119
197 4 1 221
197 4 1 97
197 4 1 7
197 4 1 194
197 4 1 207
197 4 1 3
197 4 1 10
197 4 1 117
197 4 1 218
197 4 1 8
197 4 2 1
197 4 2 188
197 4 2 202
197 4 2 122
197 4 2 9
197 4 2 104
197 4 2 219
197 4 2 47
197 4 2 4
197 4 2 183
197 4 2 198
197 4 2 73
197 4 2 3
197 4 2 133
197 4 2 215
197 4 2 144
197 4 2 5
197 4 2 114
197 4 2 209
197 4 2 4
197 4 3 10
197 4 3 124
197 4 3 208
197 4 3 9
197 4 3 1
197 4 3 125
197 4 3 226
197 4 3 104
197 4 3 8
197 4 3 122
197 4 3 218
197 4 3 14
197 4 3 8
197 4 3 128
197 4 3 201
197 4 3 113
197 4 3 6
197 4 3 139
197 4 3 202
197 4 3 203
197 4 4 4
197 4 4 160
197 4 4 215
197 4 4 60
197 4 4 6
197 4 4 119
197 4 4 224
197 4 4 65
197 4 4 1
197 4 4 182
197 4 4 201
197 4 4 196
197 4 4 5
197 4 4 181
197 4 4 212
197 4 4 125
197 4 4 9
197 4 4 107
197 4 4 197
197 4 4 120
197 4 5 8
197 4 5 106
197 4 5 215
197 4 5 36
197 4 5 1
197 4 5 112
197 4 5 220
197 4 5 15
197 4 5 7
197 4 5 159
197 4 5 204
197 4 5 210
197 4 5 5
197 4 5 176
197 4 5 222
197 4 5 185
197 4 5 10
197 4 5 182
197 4 5 207
197 4 5 82
197 4 6 4
197 4 6 101
197 4 6 217
197 4 6 113
197 4 6 10
197 4 6 138
197 4 6 203
197 4 6 28
197 4 6 10
197 4 6 141
197 4 6 212
197 4 6 102
197 4 6 1
197 4 6 108
197 4 6 222
197 4 6 52
197 4 6 6
197 4 6 159
197 4 6 213
197 4 6 207
197 4 7 9
197 4 7 115
197 4 7 217
197 4 7 81
197 4 7 4
197 4 7 150
197 4 7 209
197 4 7 220
197 4 7 7
197 4 7 144
197 4 7 217
197 4 7 110
197 4 7 6
197 4 7 154
197 4 7 209
197 4 7 19
197 4 7 6
197 4 7 128
197 4 7 224
197 4 7 197
197 4 8 4
197 4 8 178
197 4 8 218
197 4 8 114
197 4 8 7
197 4 8 195
197 4 8 198
197 4 8 138
197 4 8 2
197 4 8 101
197 4 8 210
197 4 8 27
197 4 8 4
197 4 8 148
197 4 8 205
197 4 8 84
197 4 8 1
197 4 8 118
197 4 8 216
197 4 8 166
197 4 9 10
197 4 9 176
197 4 9 213
197 4 9 162
197 4 9 5
197 4 9 111
197 4 9 207
197 4 9 131
197 4 9 6
197 4 9 183
197 4 9 216
197 4 9 81
197 4 9 4
197 4 9 145
197 4 9 209
197 4 9 6
197 4 9 5
197 4 9 143
197 4 9 223
197 4 9 55
197 4 10 10
197 4 10 174
197 4 10 212
197 4 10 79
197 4 10 5
197 4 10 174
197 4 10 208
197 4 10 80
197 4 10 10
197 4 10 181
197 4 10 202
197 4 10 159
197 4 10 10
197 4 10 161
197 4 10 204
197 4 10 39
197 4 10 3
197 4 10 178
197 4 10 206
197 4 10 58
197 4 11 8
197 4 11 134
197 4 11 202
197 4 11 207
197 4 11 7
197 4 11 105
197 4 11 205
197 4 11 183
197 4 11 8
197 4 11 162
197 4 11 198
197 4 11 210
197 4 11 9
197 4 11 172
197 4 11 205
197 4 11 211
197 4 11 5
197 4 11 114
197 4 11 220
197 4 11 56
197 4 12 1
197 4 12 127
197 4 12 207
197 4 12 222
197 4 12 9
197 4 12 154
197 4 12 215
197 4 12 186
197 4 12 6
197 4 12 177
197 4 12 217
197 4 12 117
197 4 12 5
197 4 12 152
197 4 12 204
197 4 12 75
197 4 12 2
197 4 12 189
197 4 12 226
197 4 12 84
197 4 13 1
197 4 13 118
197 4 13 224
197 4 13 133
197 4 13 8
197 4 13 165
197 4 13 199
197 4 13 212
197 4 13 10
197 4 13 185
197 4 13 225
197 4 13 126
197 4 13 8
197 4 13 123
197 4 13 213
197 4 13 146
197 4 13 7
197 4 13 153
197 4 13 221
197 4 13 141
197 4 14 4
197 4 14 111
197 4 14 225
197 4 14 156
197 4 14 8
197 4 14 180
197 4 14 205
197 4 14 144
197 4 14 5
197 4 14 145
197 4 14 210
197 4 14 187
197 4 14 5
197 4 14 132
197 4 14 207
197 4 14 85
197 4 14 1
197 4 14 101
197 4 14 208
197 4 14 72
197 5 1 8
197 5 1 197
197 5 1 199
197 5 1 89
197 5 1 9
197 5 1 147
197 5 1 217
197 5 1 127
197 5 1 6
197 5 1 130
197 5 1 199
197 5 1 224
197 5 1 7
197 5 1 127
197 5 1 215
197 5 1 122
197 5 1 10
197 5 1 176
197 5 1 216
197 5 1 91
197 5 2 4
197 5 2 163
197 5 2 224
197 5 2 171
197 5 2 6
197 5 2 168
197 5 2 223
197 5 2 186
197 5 2 7
197 5 2 101
197 5 2 207
197 5 2 15
197 5 2 5
197 5 2 177
197 5 2 218
197 5 2 215
197 5 2 9
197 5 2 108
197 5 2 224
197 5 2 183
197 5 3 1
197 5 3 156
197 5 3 221
197 5 3 51
197 5 3 4
197 5 3 118
197 5 3 199
197 5 3 158
197 5 3 9
197 5 3 146
197 5 3 205
197 5 3 94
197 5 3 1
197 5 3 166
197 5 3 198
197 5 3 71
197 5 3 6
197 5 3 131
197 5 3 220
197 5 3 38
197 5 4 4
197 5 4 123
197 5 4 212
197 5 4 217
197 5 4 7
197 5 4 148
197 5 4 204
197 5 4 62
197 5 4 2
197 5 4 131
197 5 4 218
197 5 4 140
197 5 4 2
197 5 4 187
197 5 4 225
197 5 4 154
197 5 4 2
197 5 4 133
197 5 4 199
197 5 4 223
197 5 5 1
197 5 5 134
197 5 5 217
197 5 5 105
197 5 5 1
197 5 5 160
197 5 5 200
197 5 5 71
197 5 5 7
197 5 5 152
197 5 5 197
197 5 5 97
197 5 5 4
197 5 5 176
197 5 5 209
197 5 5 176
197 5 5 10
197 5 5 156
197 5 5 203
197 5 5 5
197 5 6 7
197 5 6 104
197 5 6 198
197 5 6 87
197 5 6 10
197 5 6 135
197 5 6 224
197 5 6 80
197 5 6 2
197 5 6 194
197 5 6 214
197 5 6 65
197 5 6 2
197 5 6 172
197 5 6 210
197 5 6 90
197 5 6 1
197 5 6 168
197 5 6 213
197 5 6 99
197 5 7 6
197 5 7 104
197 5 7 206
197 5 7 164
197 5 7 8
197 5 7 124
197 5 7 200
197 5 7 91
197 5 7 3
197 5 7 187
197 5 7 212
197 5 7 200
197 5 7 2
197 5 7 128
197 5 7 202
197 5 7 220
197 5 7 8
197 5 7 156
197 5 7 210
197 5 7 94
197 5 8 8
197 5 8 174
197 5 8 215
197 5 8 226
197 5 8 5
197 5 8 100
197 5 8 219
197 5 8 160
197 5 8 9
197 5 8 106
197 5 8 217
197 5 8 71
197 5 8 7
197 5 8 103
197 5 8 218
197 5 8 8
197 5 8 4
197 5 8 143
197 5 8 216
197 5 8 178
197 5 9 4
197 5 9 133
197 5 9 211
197 5 9 214
197 5 9 6
197 5 9 191
197 5 9 199
197 5 9 52
197 5 9 9
197 5 9 141
197 5 9 218
197 5 9 226
197 5 9 7
197 5 9 157
197 5 9 209
197 5 9 173
197 5 9 7
197 5 9 134
197 5 9 202
197 5 9 173
197 5 10 4
197 5 10 102
197 5 10 198
197 5 10 115
197 5 10 3
197 5 10 185
197 5 10 211
197 5 10 140
197 5 10 8
197 5 10 193
197 5 10 216
197 5 10 85
197 5 10 4
197 5 10 148
197 5 10 220
197 5 10 14
197 5 10 9
197 5 10 185
197 5 10 209
197 5 10 126
197 5 11 9
197 5 11 105
197 5 11 201
197 5 11 6
197 5 11 2
197 5 11 134
197 5 11 207
197 5 11 102
197 5 11 10
197 5 11 116
197 5 11 205
197 5 11 104
197 5 11 7
197 5 11 102
197 5 11 224
197 5 11 4
197 5 11 1
197 5 11 135
197 5 11 211
197 5 11 178
197 5 12 7
197 5 12 112
197 5 12 216
197 5 12 226
197 5 12 1
197 5 12 158
197 5 12 201
197 5 12 61
197 5 12 1
197 5 12 141
197 5 12 205
197 5 12 166
197 5 12 9
197 5 12 166
197 5 12 211
197 5 12 127
197 5 12 5
197 5 12 167
197 5 12 204
197 5 12 159
197 5 13 7
197 5 13 183
197 5 13 198
197 5 13 3
197 5 13 8
197 5 13 136
197 5 13 209
197 5 13 25
197 5 13 4
197 5 13 119
197 5 13 219
197 5 13 56
197 5 13 8
197 5 13 120
197 5 13 214
197 5 13 217
197 5 13 8
197 5 13 156
197 5 13 219
197 5 13 109
197 5 14 9
197 5 14 110
197 5 14 207
197 5 14 115
197 5 14 7
197 5 14 127
197 5 14 197
197 5 14 41
197 5 14 7
197 5 14 151
197 5 14 200
197 5 14 12
197 5 14 3
197 5 14 119
197 5 14 226
197 5 14 184
197 5 14 2
197 5 14 106
197 5 14 222
197 5 14 178
197 6 1 3
197 6 1 154
197 6 1 207
197 6 1 101
197 6 1 6
197 6 1 186
197 6 1 212
197 6 1 17
197 6 1 8
197 6 1 118
197 6 1 209
197 6 1 134
197 6 1 10
197 6 1 117
197 6 1 221
197 6 1 99
197 6 1 8
197 6 1 160
197 6 1 208
197 6 1 190
197 6 2 5
197 6 2 161
197 6 2 217
197 6 2 165
197 6 2 5
197 6 2 110
197 6 2 217
197 6 2 175
197 6 2 8
197 6 2 109
197 6 2 200
197 6 2 176
197 6 2 4
197 6 2 183
197 6 2 223
197 6 2 155
197 6 2 6
197 6 2 168
197 6 2 205
197 6 2 226
197 6 3 10
197 6 3 171
197 6 3 217
197 6 3 22
197 6 3 1
197 6 3 196
197 6 3 210
197 6 3 184
197 6 3 2
197 6 3 172
197 6 3 216
197 6 3 95
197 6 3 3
197 6 3 102
197 6 3 198
197 6 3 142
197 6 3 8
197 6 3 116
197 6 3 213
197 6 3 214
197 6 4 2
197 6 4 114
197 6 4 200
197 6 4 111
197 6 4 1
197 6 4 171
197 6 4 198
197 6 4 144
197 6 4 6
197 6 4 100
197 6 4 209
197 6 4 148
197 6 4 9
197 6 4 172
197 6 4 215
197 6 4 104
197 6 4 2
197 6 4 141
197 6 4 207
197 6 4 225
197 6 5 10
197 6 5 197
197 6 5 197
197 6 5 173
197 6 5 7
197 6 5 189
197 6 5 226
197 6 5 65
197 6 5 6
197 6 5 174
197 6 5 201
197 6 5 177
197 6 5 6
197 6 5 180
197 6 5 204
197 6 5 117
197 6 5 5
197 6 5 127
197 6 5 221
197 6 5 132
197 6 6 10
197 6 6 156
197 6 6 220
197 6 6 50
197 6 6 5
197 6 6 164
197 6 6 213
197 6 6 27
197 6 6 5
197 6 6 138
197 6 6 218
197 6 6 144
197 6 6 4
197 6 6 114
197 6 6 206
197 6 6 169
197 6 6 1
197 6 6 160
197 6 6 214
197 6 6 87
197 6 7 6
197 6 7 179
197 6 7 221
197 6 7 216
197 6 7 4
197 6 7 135
197 6 7 206
197 6 7 218
197 6 7 10
197 6 7 187
197 6 7 222
197 6 7 28
197 6 7 7
197 6 7 150
197 6 7 197
197 6 7 95
197 6 7 6
197 6 7 113
197 6 7 211
197 6 7 117
197 6 8 2
197 6 8 183
197 6 8 210
197 6 8 178
197 6 8 2
197 6 8 184
197 6 8 224
197 6 8 95
197 6 8 2
197 6 8 111
197 6 8 198
197 6 8 124
197 6 8 9
197 6 8 153
197 6 8 213
197 6 8 89
197 6 8 7
197 6 8 176
197 6 8 214
197 6 8 214
197 6 9 2
197 6 9 136
197 6 9 213
197 6 9 149
197 6 9 3
197 6 9 175
197 6 9 202
197 6 9 193
197 6 9 9
197 6 9 136
197 6 9 219
197 6 9 13
197 6 9 3
197 6 9 143
197 6 9 209
197 6 9 122
197 6 9 9
197 6 9 195
197 6 9 219
197 6 9 35
197 6 10 1
197 6 10 135
197 6 10 199
197 6 10 38
197 6 10 8
197 6 10 144
197 6 10 202
197 6 10 60
197 6 10 3
197 6 10 127
197 6 10 204
197 6 10 13
197 6 10 4
197 6 10 163
197 6 10 208
197 6 10 147
197 6 10 1
197 6 10 176
197 6 10 214
197 6 10 130
197 6 11 7
197 6 11 190
197 6 11 202
197 6 11 179
197 6 11 6
197 6 11 139
197 6 11 219
197 6 11 39
197 6 11 2
197 6 11 181
197 6 11 201
197 6 11 64
197 6 11 9
197 6 11 190
197 6 11 214
197 6 11 46
197 6 11 2
197 6 11 150
197 6 11 200
197 6 11 209
197 6 12 6
197 6 12 194
197 6 12 219
197 6 12 136
197 6 12 2
197 6 12 135
197 6 12 199
197 6 12 29
197 6 12 9
197 6 12 153
197 6 12 208
197 6 12 19
197 6 12 10
197 6 12 194
197 6 12 200
197 6 12 94
197 6 12 9
197 6 12 162
197 6 12 210
197 6 12 155
197 6 13 5
197 6 13 106
197 6 13 201
197 6 13 104
197 6 13 5
197 6 13 115
197 6 13 217
197 6 13 172
197 6 13 3
197 6 13 121
197 6 13 226
197 6 13 12
197 6 13 2
197 6 13 158
197 6 13 217
197 6 13 25
197 6 13 10
197 6 13 159
197 6 13 223
197 6 13 41
197 6 14 4
197 6 14 160
197 6 14 197
197 6 14 135
197 6 14 6
197 6 14 158
197 6 14 220
197 6 14 99
197 6 14 2
197 6 14 175
197 6 14 212
197 6 14 31
197 6 14 9
197 6 14 109
197 6 14 208
197 6 14 128
197 6 14 4
197 6 14 102
197 6 14 216
197 6 14 134
197 7 1 6
197 7 1 114
197 7 1 197
197 7 1 79
197 7 1 10
197 7 1 148
197 7 1 208
197 7 1 156
197 7 1 6
197 7 1 164
197 7 1 211
197 7 1 101
197 7 1 9
197 7 1 162
197 7 1 212
197 7 1 54
197 7 1 4
197 7 1 151
197 7 1 223
197 7 1 167
197 7 2 3
197 7 2 161
197 7 2 197
197 7 2 126
197 7 2 8
197 7 2 188
197 7 2 208
197 7 2 52
197 7 2 10
197 7 2 102
197 7 2 217
197 7 2 145
197 7 2 5
197 7 2 165
197 7 2 224
197 7 2 69
197 7 2 9
197 7 2 98
197 7 2 212
197 7 2 196
197 7 3 3
197 7 3 124
197 7 3 220
197 7 3 51
197 7 3 3
197 7 3 158
197 7 3 217
197 7 3 59
197 7 3 7
197 7 3 134
197 7 3 219
197 7 3 55
197 7 3 4
197 7 3 101
197 7 3 210
197 7 3 217
197 7 3 10
197 7 3 153
197 7 3 219
197 7 3 22
197 7 4 6
197 7 4 177
197 7 4 225
197 7 4 105
197 7 4 7
197 7 4 164
197 7 4 216
197 7 4 48
197 7 4 4
197 7 4 136
197 7 4 212
197 7 4 214
197 7 4 8
197 7 4 168
197 7 4 215
197 7 4 201
197 7 4 6
197 7 4 134
197 7 4 207
197 7 4 98
197 7 5 1
197 7 5 115
197 7 5 221
197 7 5 211
197 7 5 6
197 7 5 140
197 7 5 225
197 7 5 73
197 7 5 8
197 7 5 108
197 7 5 210
197 7 5 177
197 7 5 6
197 7 5 194
197 7 5 202
197 7 5 211
197 7 5 10
197 7 5 176
197 7 5 223
197 7 5 68
197 7 6 7
197 7 6 113
197 7 6 212
197 7 6 54
197 7 6 8
197 7 6 152
197 7 6 197
197 7 6 36
197 7 6 2
197 7 6 99
197 7 6 215
197 7 6 84
197 7 6 9
197 7 6 179
197 7 6 205
197 7 6 210
197 7 6 8
197 7 6 123
197 7 6 214
197 7 6 217
197 7 7 8
197 7 7 154
197 7 7 206
197 7 7 47
197 7 7 5
197 7 7 193
197 7 7 222
197 7 7 112
197 7 7 10
197 7 7 185
197 7 7 216
197 7 7 63
197 7 7 1
197 7 7 187
197 7 7 212
197 7 7 166
197 7 7 3
197 7 7 133
197 7 7 222
197 7 7 185
197 7 8 4
197 7 8 114
197 7 8 204
197 7 8 119
197 7 8 2
197 7 8 158
197 7 8 197
197 7 8 220
197 7 8 10
197 7 8 110
197 7 8 208
197 7 8 47
197 7 8 1
197 7 8 129
197 7 8 224
197 7 8 55
197 7 8 3
197 7 8 174
197 7 8 213
197 7 8 194
197 7 9 7
197 7 9 189
197 7 9 200
197 7 9 59
197 7 9 10
197 7 9 161
197 7 9 204
197 7 9 22
197 7 9 6
197 7 9 195
197 7 9 213
197 7 9 12
197 7 9 8
197 7 9 190
197 7 9 217
197 7 9 186
197 7 9 5
197 7 9 100
197 7 9 209
197 7 9 223
197 7 10 5
197 7 10 157
197 7 10 204
197 7 10 30
197 7 10 5
197 7 10 134
197 7 10 219
197 7 10 225
197 7 10 8
197 7 10 98
197 7 10 225
197 7 10 166
197 7 10 1
197 7 10 113
197 7 10 210
197 7 10 111
197 7 10 2
197 7 10 176
197 7 10 203
197 7 10 64
197 7 11 7
197 7 11 126
197 7 11 215
197 7 11 192
197 7 11 9
197 7 11 150
197 7 11 210
197 7 11 28
197 7 11 8
197 7 11 152
197 7 11 212
197 7 11 127
197 7 11 10
197 7 11 162
197 7 11 226
197 7 11 21
197 7 11 2
197 7 11 165
197 7 11 197
197 7 11 102
197 7 12 7
197 7 12 153
197 7 12 203
197 7 12 151
197 7 12 9
197 7 12 187
197 7 12 210
197 7 12 74
197 7 12 3
197 7 12 189
197 7 12 199
197 7 12 142
197 7 12 4
197 7 12 156
197 7 12 201
197 7 12 102
197 7 12 3
197 7 12 175
197 7 12 198
197 7 12 190
197 7 13 5
197 7 13 122
197 7 13 223
197 7 13 128
197 7 13 4
197 7 13 107
197 7 13 206
197 7 13 186
197 7 13 3
197 7 13 129
197 7 13 214
197 7 13 179
197 7 13 1
197 7 13 113
197 7 13 212
197 7 13 161
197 7 13 2
197 7 13 132
197 7 13 201
197 7 13 207
197 7 14 2
197 7 14 188
197 7 14 202
197 7 14 67
197 7 14 9
197 7 14 197
197 7 14 212
197 7 14 110
197 7 14 9
197 7 14 161
197 7 14 218
197 7 14 180
197 7 14 7
197 7 14 124
197 7 14 210
197 7 14 172
197 7 14 10
197 7 14 130
197 7 14 198
197 7 14 180
197 8 1 3
197 8 1 176
197 8 1 222
197 8 1 172
197 8 1 7
197 8 1 109
197 8 1 220
197 8 1 65
197 8 1 8
197 8 1 183
197 8 1 219
197 8 1 212
197 8 1 1
197 8 1 154
197 8 1 221
197 8 1 27
197 8 1 6
197 8 1 195
197 8 1 210
197 8 1 141
197 8 2 3
197 8 2 116
197 8 2 218
197 8 2 18
197 8 2 10
197 8 2 120
197 8 2 204
197 8 2 31
197 8 2 4
197 8 2 107
197 8 2 224
197 8 2 62
197 8 2 9
197 8 2 161
197 8 2 226
197 8 2 23
197 8 2 6
197 8 2 115
197 8 2 218
197 8 2 137
197 8 3 4
197 8 3 132
197 8 3 223
197 8 3 17
197 8 3 6
197 8 3 142
197 8 3 211
197 8 3 181
197 8 3 6
197 8 3 135
197 8 3 217
197 8 3 70
197 8 3 8
197 8 3 186
197 8 3 223
197 8 3 158
197 8 3 3
197 8 3 135
197 8 3 224
197 8 3 191
197 8 4 4
197 8 4 164
197 8 4 225
197 8 4 222
197 8 4 3
197 8 4 120
197 8 4 201
197 8 4 16
197 8 4 1
197 8 4 152
197 8 4 210
197 8 4 6
197 8 4 7
197 8 4 189
197 8 4 210
197 8 4 220
197 8 4 4
197 8 4 108
197 8 4 219
197 8 4 70
197 8 5 6
197 8 5 164
197 8 5 208
197 8 5 61
197 8 5 6
197 8 5 126
197 8 5 213
197 8 5 130
197 8 5 6
197 8 5 130
197 8 5 213
197 8 5 130
197 8 5 9
197 8 5 133
197 8 5 220
197 8 5 114
197 8 5 2
197 8 5 122
197 8 5 211
197 8 5 109
197 8 6 2
197 8 6 136
197 8 6 226
197 8 6 31
197 8 6 1
197 8 6 173
197 8 6 205
197 8 6 206
197 8 6 1
197 8 6 170
197 8 6 215
197 8 6 64
197 8 6 8
197 8 6 119
197 8 6 208
197 8 6 13
197 8 6 3
197 8 6 102
197 8 6 224
197 8 6 38
197 8 7 2
197 8 7 169
197 8 7 203
197 8 7 40
197 8 7 6
197 8 7 151
197 8 7 211
197 8 7 27
197 8 7 1
197 8 7 145
197 8 7 204
197 8 7 206
197 8 7 7
197 8 7 121
197 8 7 202
197 8 7 78
197 8 7 4
197 8 7 103
197 8 7 206
197 8 7 181
197 8 8 2
197 8 8 144
197 8 8 206
197 8 8 39
197 8 8 5
197 8 8 127
197 8 8 212
197 8 8 35
197 8 8 3
197 8 8 192
197 8 8 210
197 8 8 5
197 8 8 4
197 8 8 174
197 8 8 207
197 8 8 216
197 8 8 10
197 8 8 110
197 8 8 205
197 8 8 84
197 8 9 10
197 8 9 102
197 8 9 214
197 8 9 182
197 8 9 1
197 8 9 148
197 8 9 201
197 8 9 196
197 8 9 9
197 8 9 99
197 8 9 222
197 8 9 151
197 8 9 2
197 8 9 136
197 8 9 208
197 8 9 194
197 8 9 6
197 8 9 166
197 8 9 203
197 8 9 136
197 8 10 10
197 8 10 108
197 8 10 213
197 8 10 108
197 8 10 6
197 8 10 173
197 8 10 199
197 8 10 23
197 8 10 4
197 8 10 126
197 8 10 212
197 8 10 75
197 8 10 10
197 8 10 123
197 8 10 199
197 8 10 70
197 8 10 1
197 8 10 136
197 8 10 201
197 8 10 55
197 8 11 1
197 8 11 186
197 8 11 206
197 8 11 101
197 8 11 1
197 8 11 190
197 8 11 200
197 8 11 134
197 8 11 10
197 8 11 152
197 8 11 215
197 8 11 93
197 8 11 2
197 8 11 103
197 8 11 207
197 8 11 2
197 8 11 3
197 8 11 151
197 8 11 216
197 8 11 34
197 8 12 3
197 8 12 132
197 8 12 203
197 8 12 12
197 8 12 4
197 8 12 185
197 8 12 206
197 8 12 40
197 8 12 3
197 8 12 143
197 8 12 216
197 8 12 15
197 8 12 1
197 8 12 157
197 8 12 217
197 8 12 201
197 8 12 10
197 8 12 193
197 8 12 201
197 8 12 172
197 8 13 7
197 8 13 127
197 8 13 208
197 8 13 95
197 8 13 8
197 8 13 115
197 8 13 215
197 8 13 20
197 8 13 4
197 8 13 189
197 8 13 208
197 8 13 15
197 8 13 3
197 8 13 117
197 8 13 204
197 8 13 95
197 8 13 7
197 8 13 113
197 8 13 219
197 8 13 144
197 8 14 8
197 8 14 178
197 8 14 207
197 8 14 224
197 8 14 2
197 8 14 116
197 8 14 217
197 8 14 84
197 8 14 1
197 8 14 169
197 8 14 201
197 8 14 210
197 8 14 1
197 8 14 141
197 8 14 204
197 8 14 210
197 8 14 2
197 8 14 197
197 8 14 212
197 8 14 205
197 9 1 1
197 9 1 104
197 9 1 222
197 9 1 151
197 9 1 9
197 9 1 147
197 9 1 216
197 9 1 20
197 9 1 9
197 9 1 152
197 9 1 209
197 9 1 216
197 9 1 6
197 9 1 109
197 9 1 212
197 9 1 61
197 9 1 2
197 9 1 145
197 9 1 217
197 9 1 205
197 9 2 3
197 9 2 187
197 9 2 218
197 9 2 27
197 9 2 8
197 9 2 99
197 9 2 200
197 9 2 184
197 9 2 3
197 9 2 114
197 9 2 197
197 9 2 149
197 9 2 9
197 9 2 175
197 9 2 197
197 9 2 82
197 9 2 2
197 9 2 109
197 9 2 205
197 9 2 50
197 9 3 9
197 9 3 124
197 9 3 207
197 9 3 42
197 9 3 5
197 9 3 176
197 9 3 220
197 9 3 2
197 9 3 7
197 9 3 126
197 9 3 202
197 9 3 217
197 9 3 6
197 9 3 162
197 9 3 197
197 9 3 109
197 9 3 3
197 9 3 155
197 9 3 203
197 9 3 20
197 9 4 4
197 9 4 126
197 9 4 226
197 9 4 78
197 9 4 8
197 9 4 134
197 9 4 209
197 9 4 58
197 9 4 7
197 9 4 174
197 9 4 198
197 9 4 2
197 9 4 9
197 9 4 174
197 9 4 223
197 9 4 158
197 9 4 5
197 9 4 103
197 9 4 215
197 9 4 120
197 9 5 5
197 9 5 149
197 9 5 214
197 9 5 77
197 9 5 8
197 9 5 137
197 9 5 215
197 9 5 71
197 9 5 3
197 9 5 150
197 9 5 226
197 9 5 129
197 9 5 10
197 9 5 115
197 9 5 221
197 9 5 103
197 9 5 3
197 9 5 103
197 9 5 201
197 9 5 103
197 9 6 5
197 9 6 151
197 9 6 223
197 9 6 154
197 9 6 9
197 9 6 174
197 9 6 223
197 9 6 70
197 9 6 9
197 9 6 174
197 9 6 215
197 9 6 21
197 9 6 5
197 9 6 169
197 9 6 217
197 9 6 144
197 9 6 3
197 9 6 181
197 9 6 218
197 9 6 212
197 9 7 3
197 9 7 148
197 9 7 203
197 9 7 38
197 9 7 9
197 9 7 171
197 9 7 198
197 9 7 21
197 9 7 7
197 9 7 177
197 9 7 212
197 9 7 116
197 9 7 1
197 9 7 168
197 9 7 200
197 9 7 33
197 9 7 5
197 9 7 107
197 9 7 206
197 9 7 180
197 9 8 10
197 9 8 148
197 9 8 203
197 9 8 187
197 9 8 1
197 9 8 114
197 9 8 225
197 9 8 204
197 9 8 2
197 9 8 123
197 9 8 201
197 9 8 37
197 9 8 2
197 9 8 163
197 9 8 200
197 9 8 81
197 9 8 6
197 9 8 152
197 9 8 215
197 9 8 143
197 9 9 7
197 9 9 148
197 9 9 216
197 9 9 69
197 9 9 6
197 9 9 141
197 9 9 206
197 9 9 75
197 9 9 5
197 9 9 113
197 9 9 208
197 9 9 219
197 9 9 3
197 9 9 104
197 9 9 220
197 9 9 100
197 9 9 1
197 9 9 161
197 9 9 224
197 9 9 206
197 9 10 7
197 9 10 110
197 9 10 220
197 9 10 60
197 9 10 8
197 9 10 110
197 9 10 216
197 9 10 51
197 9 10 4
197 9 10 116
197 9 10 207
197 9 10 223
197 9 10 7
197 9 10 142
197 9 10 212
197 9 10 160
197 9 10 8
197 9 10 136
197 9 10 216
197 9 10 82
197 9 11 3
197 9 11 123
197 9 11 209
197 9 11 151
197 9 11 10
197 9 11 118
197 9 11 200
197 9 11 61
197 9 11 6
197 9 11 134
197 9 11 198
197 9 11 35
197 9 11 10
197 9 11 112
197 9 11 205
197 9 11 10
197 9 11 5
197 9 11 154
197 9 11 215
197 9 11 163
197 9 12 3
197 9 12 170
197 9 12 199
197 9 12 188
197 9 12 4
197 9 12 110
197 9 12 224
197 9 12 113
197 9 12 5
197 9 12 131
197 9 12 217
197 9 12 100
197 9 12 4
197 9 12 131
197 9 12 203
197 9 12 84
197 9 12 2
197 9 12 163
197 9 12 210
197 9 12 43
197 9 13 10
197 9 13 151
197 9 13 217
197 9 13 182
197 9 13 10
197 9 13 123
197 9 13 222
197 9 13 105
197 9 13 5
197 9 13 133
197 9 13 202
197 9 13 5
197 9 13 3
197 9 13 153
197 9 13 200
197 9 13 61
197 9 13 4
197 9 13 138
197 9 13 198
197 9 13 98
197 9 14 2
197 9 14 130
197 9 14 221
197 9 14 196
197 9 14 4
197 9 14 126
197 9 14 224
197 9 14 7
197 9 14 4
197 9 14 148
197 9 14 226
197 9 14 62
197 9 14 4
197 9 14 125
197 9 14 223
197 9 14 179
197 9 14 10
197 9 14 131
197 9 14 205
197 9 14 202
197 10 1 5
197 10 1 153
197 10 1 220
197 10 1 166
197 10 1 9
197 10 1 177
197 10 1 205
197 10 1 145
197 10 1 2
197 10 1 99
197 10 1 212
197 10 1 78
197 10 1 4
197 10 1 116
197 10 1 206
197 10 1 143
197 10 1 7
197 10 1 161
197 10 1 200
197 10 1 221
197 10 2 1
197 10 2 160
197 10 2 201
197 10 2 202
197 10 2 4
197 10 2 106
197 10 2 222
197 10 2 117
197 10 2 9
197 10 2 116
197 10 2 220
197 10 2 160
197 10 2 5
197 10 2 141
197 10 2 198
197 10 2 16
197 10 2 2
197 10 2 125
197 10 2 217
197 10 2 145
197 10 3 2
197 10 3 128
197 10 3 226
197 10 3 72
197 10 3 4
197 10 3 143
197 10 3 208
197 10 3 44
197 10 3 1
197 10 3 134
197 10 3 212
197 10 3 10
197 10 3 7
197 10 3 137
197 10 3 199
197 10 3 14
197 10 3 1
197 10 3 183
197 10 3 199
197 10 3 43
197 10 4 3
197 10 4 169
197 10 4 217
197 10 4 60
197 10 4 9
197 10 4 131
197 10 4 222
197 10 4 21
197 10 4 10
197 10 4 184
197 10 4 217
197 10 4 24
197 10 4 4
197 10 4 104
197 10 4 224
197 10 4 60
197 10 4 7
197 10 4 193
197 10 4 197
197 10 4 58
197 10 5 6
197 10 5 188
197 10 5 208
197 10 5 99
197 10 5 1
197 10 5 136
197 10 5 207
197 10 5 1
197 10 5 4
197 10 5 169
197 10 5 205
197 10 5 70
197 10 5 5
197 10 5 181
197 10 5 213
197 10 5 7
197 10 5 9
197 10 5 126
197 10 5 199
197 10 5 132
197 10 6 10
197 10 6 189
197 10 6 222
197 10 6 172
197 10 6 6
197 10 6 104
197 10 6 219
197 10 6 36
197 10 6 3
197 10 6 110
197 10 6 197
197 10 6 36
197 10 6 7
197 10 6 156
197 10 6 217
197 10 6 72
197 10 6 3
197 10 6 119
197 10 6 205
197 10 6 146
197 10 7 5
197 10 7 185
197 10 7 210
197 10 7 131
197 10 7 10
197 10 7 158
197 10 7 208
197 10 7 117
197 10 7 10
197 10 7 113
197 10 7 210
197 10 7 142
197 10 7 5
197 10 7 126
197 10 7 203
197 10 7 58
197 10 7 2
197 10 7 152
197 10 7 204
197 10 7 211
197 10 8 9
197 10 8 144
197 10 8 211
197 10 8 24
197 10 8 9
197 10 8 120
197 10 8 211
197 10 8 79
197 10 8 4
197 10 8 163
197 10 8 226
197 10 8 55
197 10 8 8
197 10 8 104
197 10 8 199
197 10 8 36
197 10 8 1
197 10 8 102
197 10 8 199
197 10 8 37
197 10 9 2
197 10 9 105
197 10 9 216
197 10 9 95
197 10 9 9
197 10 9 175
197 10 9 212
197 10 9 110
197 10 9 5
197 10 9 147
197 10 9 202
197 10 9 7
197 10 9 4
197 10 9 165
197 10 9 217
197 10 9 33
197 10 9 10
197 10 9 161
197 10 9 226
197 10 9 29
197 10 10 8
197 10 10 151
197 10 10 199
197 10 10 104
197 10 10 9
197 10 10 101
197 10 10 223
197 10 10 108
197 10 10 8
197 10 10 154
197 10 10 197
197 10 10 87
197 10 10 10
197 10 10 196
197 10 10 200
197 10 10 202
197 10 10 4
197 10 10 168
197 10 10 217
197 10 10 54
197 10 11 4
197 10 11 110
197 10 11 215
197 10 11 150
197 10 11 2
197 10 11 135
197 10 11 201
197 10 11 96
197 10 11 3
197 10 11 159
197 10 11 223
197 10 11 187
197 10 11 6
197 10 11 136
197 10 11 197
197 10 11 56
197 10 11 5
197 10 11 112
197 10 11 225
197 10 11 159
197 10 12 3
197 10 12 187
197 10 12 199
197 10 12 205
197 10 12 8
197 10 12 163
197 10 12 213
197 10 12 193
197 10 12 8
197 10 12 144
197 10 12 218
197 10 12 196
197 10 12 7
197 10 12 161
197 10 12 219
197 10 12 157
197 10 12 1
197 10 12 155
197 10 12 208
197 10 12 209
197 10 13 4
197 10 13 104
197 10 13 217
197 10 13 97
197 10 13 6
197 10 13 107
197 10 13 225
197 10 13 46
197 10 13 9
197 10 13 171
197 10 13 219
197 10 13 217
197 10 13 2
197 10 13 139
197 10 13 221
197 10 13 11
197 10 13 5
197 10 13 102
197 10 13 205
197 10 13 54
197 10 14 2
197 10 14 142
197 10 14 205
197 10 14 72
197 10 14 2
197 10 14 112
197 10 14 224
197 10 14 152
197 10 14 10
197 10 14 124
197 10 14 205
197 10 14 149
197 10 14 2
197 10 14 145
197 10 14 226
197 10 14 167
197 10 14 8
197 10 14 122
197 10 14 209
197 10 14 85
197 11 1 2
197 11 1 110
197 11 1 200
197 11 1 1
197 11 1 6
197 11 1 146
197 11 1 197
197 11 1 70
197 11 1 8
197 11 1 101
197 11 1 197
197 11 1 215
197 11 1 9
197 11 1 195
197 11 1 212
197 11 1 209
197 11 1 1
197 11 1 160
197 11 1 221
197 11 1 216
197 11 2 3
197 11 2 179
197 11 2 224
197 11 2 223
197 11 2 7
197 11 2 148
197 11 2 226
197 11 2 190
197 11 2 4
197 11 2 103
197 11 2 224
197 11 2 201
197 11 2 5
197 11 2 115
197 11 2 219
197 11 2 103
197 11 2 3
197 11 2 161
197 11 2 225
197 11 2 158
197 11 3 7
197 11 3 148
197 11 3 225
197 11 3 85
197 11 3 3
197 11 3 165
197 11 3 222
197 11 3 74
197 11 3 8
197 11 3 153
197 11 3 201
197 11 3 99
197 11 3 6
197 11 3 197
197 11 3 213
197 11 3 87
197 11 3 8
197 11 3 128
197 11 3 199
197 11 3 102
197 11 4 3
197 11 4 140
197 11 4 214
197 11 4 181
197 11 4 4
197 11 4 158
197 11 4 225
197 11 4 156
197 11 4 2
197 11 4 108
197 11 4 217
197 11 4 129
197 11 4 3
197 11 4 155
197 11 4 199
197 11 4 198
197 11 4 7
197 11 4 122
197 11 4 201
197 11 4 113
197 11 5 9
197 11 5 136
197 11 5 222
197 11 5 125
197 11 5 7
197 11 5 143
197 11 5 216
197 11 5 49
197 11 5 1
197 11 5 152
197 11 5 217
197 11 5 50
197 11 5 5
197 11 5 157
197 11 5 202
197 11 5 179
197 11 5 6
197 11 5 157
197 11 5 214
197 11 5 82
197 11 6 8
197 11 6 110
197 11 6 211
197 11 6 64
197 11 6 6
197 11 6 192
197 11 6 218
197 11 6 55
197 11 6 4
197 11 6 165
197 11 6 200
197 11 6 151
197 11 6 7
197 11 6 193
197 11 6 201
197 11 6 67
197 11 6 1
197 11 6 124
197 11 6 200
197 11 6 70
197 11 7 8
197 11 7 132
197 11 7 198
197 11 7 226
197 11 7 7
197 11 7 165
197 11 7 201
197 11 7 131
197 11 7 6
197 11 7 115
197 11 7 224
197 11 7 125
197 11 7 6
197 11 7 114
197 11 7 208
197 11 7 138
197 11 7 2
197 11 7 164
197 11 7 223
197 11 7 81
197 11 8 4
197 11 8 160
197 11 8 207
197 11 8 159
197 11 8 1
197 11 8 141
197 11 8 205
197 11 8 116
197 11 8 6
197 11 8 111
197 11 8 211
197 11 8 220
197 11 8 1
197 11 8 134
197 11 8 213
197 11 8 125
197 11 8 7
197 11 8 191
197 11 8 211
197 11 8 159
197 11 9 2
197 11 9 122
197 11 9 216
197 11 9 213
197 11 9 2
197 11 9 170
197 11 9 208
197 11 9 149
197 11 9 1
197 11 9 184
197 11 9 212
197 11 9 205
197 11 9 1
197 11 9 155
197 11 9 223
197 11 9 163
197 11 9 6
197 11 9 101
197 11 9 226
197 11 9 192
197 11 10 8
197 11 10 151
197 11 10 209
197 11 10 69
197 11 10 10
197 11 10 141
197 11 10 220
197 11 10 130
197 11 10 10
197 11 10 126
197 11 10 211
197 11 10 138
197 11 10 2
197 11 10 186
197 11 10 223
197 11 10 170
197 11 10 2
197 11 10 164
197 11 10 226
197 11 10 194
197 11 11 4
197 11 11 133
197 11 11 213
197 11 11 115
197 11 11 1
197 11 11 105
197 11 11 212
197 11 11 97
197 11 11 4
197 11 11 176
197 11 11 203
197 11 11 26
197 11 11 3
197 11 11 172
197 11 11 212
197 11 11 121
197 11 11 10
197 11 11 125
197 11 11 201
197 11 11 23
197 11 12 6
197 11 12 162
197 11 12 217
197 11 12 15
197 11 12 1
197 11 12 99
197 11 12 202
197 11 12 23
197 11 12 6
197 11 12 154
197 11 12 202
197 11 12 24
197 11 12 4
197 11 12 152
197 11 12 225
197 11 12 104
197 11 12 9
197 11 12 164
197 11 12 200
197 11 12 138
197 11 13 3
197 11 13 189
197 11 13 197
197 11 13 194
197 11 13 8
197 11 13 153
197 11 13 212
197 11 13 1
197 11 13 9
197 11 13 147
197 11 13 204
197 11 13 101
197 11 13 4
197 11 13 115
197 11 13 204
197 11 13 83
197 11 13 8
197 11 13 163
197 11 13 212
197 11 13 45
197 11 14 1
197 11 14 169
197 11 14 197
197 11 14 40
197 11 14 4
197 11 14 157
197 11 14 204
197 11 14 69
197 11 14 4
197 11 14 146
197 11 14 198
197 11 14 190
197 11 14 5
197 11 14 173
197 11 14 208
197 11 14 64
197 11 14 7
197 11 14 98
197 11 14 212
197 11 14 130
197 12 1 10
197 12 1 143
197 12 1 216
197 12 1 78
197 12 1 6
197 12 1 161
197 12 1 216
197 12 1 2
197 12 1 6
197 12 1 138
197 12 1 221
197 12 1 88
197 12 1 1
197 12 1 132
197 12 1 224
197 12 1 220
197 12 1 6
197 12 1 106
197 12 1 209
197 12 1 1
197 12 2 10
197 12 2 118
197 12 2 212
197 12 2 196
197 12 2 7
197 12 2 138
197 12 2 197
197 12 2 137
197 12 2 5
197 12 2 155
197 12 2 220
197 12 2 147
197 12 2 4
197 12 2 187
197 12 2 224
197 12 2 125
197 12 2 5
197 12 2 191
197 12 2 215
197 12 2 140
197 12 3 6
197 12 3 160
197 12 3 224
197 12 3 80
197 12 3 3
197 12 3 103
197 12 3 220
197 12 3 185
197 12 3 1
197 12 3 104
197 12 3 221
197 12 3 72
197 12 3 1
197 12 3 152
197 12 3 225
197 12 3 29
197 12 3 8
197 12 3 129
197 12 3 207
197 12 3 116
197 12 4 6
197 12 4 115
197 12 4 218
197 12 4 215
197 12 4 1
197 12 4 196
197 12 4 203
197 12 4 158
197 12 4 10
197 12 4 135
197 12 4 216
197 12 4 107
197 12 4 8
197 12 4 148
197 12 4 199
197 12 4 226
197 12 4 7
197 12 4 153
197 12 4 213
197 12 4 186
197 12 5 3
197 12 5 133
197 12 5 199
197 12 5 100
197 12 5 10
197 12 5 190
197 12 5 226
197 12 5 196
197 12 5 4
197 12 5 113
197 12 5 220
197 12 5 100
197 12 5 5
197 12 5 168
197 12 5 213
197 12 5 126
197 12 5 6
197 12 5 99
197 12 5 221
197 12 5 156
197 12 6 2
197 12 6 154
197 12 6 211
197 12 6 89
197 12 6 3
197 12 6 175
197 12 6 218
197 12 6 151
197 12 6 7
197 12 6 167
197 12 6 198
197 12 6 177
197 12 6 6
197 12 6 174
197 12 6 220
197 12 6 211
197 12 6 6
197 12 6 112
197 12 6 203
197 12 6 68
197 12 7 8
197 12 7 168
197 12 7 221
197 12 7 173
197 12 7 8
197 12 7 99
197 12 7 217
197 12 7 140
197 12 7 7
197 12 7 156
197 12 7 226
197 12 7 172
197 12 7 7
197 12 7 116
197 12 7 206
197 12 7 136
197 12 7 10
197 12 7 171
197 12 7 226
197 12 7 81
197 12 8 8
197 12 8 100
197 12 8 203
197 12 8 24
197 12 8 9
197 12 8 196
197 12 8 213
197 12 8 200
197 12 8 4
197 12 8 130
197 12 8 197
197 12 8 61
197 12 8 4
197 12 8 188
197 12 8 210
197 12 8 7
197 12 8 9
197 12 8 120
197 12 8 226
197 12 8 129
197 12 9 6
197 12 9 124
197 12 9 223
197 12 9 60
197 12 9 6
197 12 9 162
197 12 9 222
197 12 9 10
197 12 9 3
197 12 9 161
197 12 9 221
197 12 9 175
197 12 9 3
197 12 9 140
197 12 9 216
197 12 9 106
197 12 9 6
197 12 9 193
197 12 9 201
197 12 9 213
197 12 10 10
197 12 10 132
197 12 10 205
197 12 10 186
197 12 10 9
197 12 10 101
197 12 10 208
197 12 10 156
197 12 10 3
197 12 10 169
197 12 10 207
197 12 10 94
197 12 10 4
197 12 10 187
197 12 10 209
197 12 10 216
197 12 10 8
197 12 10 104
197 12 10 217
197 12 10 158
197 12 11 1
197 12 11 194
197 12 11 204
197 12 11 49
197 12 11 4
197 12 11 159
197 12 11 218
197 12 11 55
197 12 11 9
197 12 11 108
197 12 11 223
197 12 11 129
197 12 11 10
197 12 11 161
197 12 11 226
197 12 11 187
197 12 11 7
197 12 11 123
197 12 11 217
197 12 11 200
197 12 12 10
197 12 12 142
197 12 12 225
197 12 12 72
197 12 12 3
197 12 12 149
197 12 12 211
197 12 12 137
197 12 12 2
197 12 12 126
197 12 12 218
197 12 12 174
197 12 12 4
197 12 12 133
197 12 12 215
197 12 12 140
197 12 12 6
197 12 12 124
197 12 12 220
197 12 12 29
197 12 13 10
197 12 13 126
197 12 13 212
197 12 13 177
197 12 13 5
197 12 13 120
197 12 13 214
197 12 13 70
197 12 13 8
197 12 13 134
197 12 13 223
197 12 13 196
197 12 13 5
197 12 13 163
197 12 13 208
197 12 13 5
197 12 13 3
197 12 13 149
197 12 13 218
197 12 13 201
197 12 14 9
197 12 14 112
197 12 14 205
197 12 14 139
197 12 14 2
197 12 14 133
197 12 14 210
197 12 14 121
197 12 14 9
197 12 14 185
197 12 14 197
197 12 14 210
197 12 14 3
197 12 14 116
197 12 14 214
197 12 14 87
197 12 14 7
197 12 14 124
197 12 14 214
197 12 14 222
197 13 1 1
197 13 1 158
197 13 1 211
197 13 1 146
197 13 1 4
197 13 1 173
197 13 1 213
197 13 1 90
197 13 1 6
197 13 1 158
197 13 1 211
197 13 1 221
197 13 1 8
197 13 1 154
197 13 1 203
197 13 1 70
197 13 1 7
197 13 1 188
197 13 1 202
197 13 1 161
197 13 2 7
197 13 2 130
197 13 2 219
197 13 2 34
197 13 2 4
197 13 2 169
197 13 2 205
197 13 2 82
197 13 2 7
197 13 2 112
197 13 2 204
197 13 2 203
197 13 2 3
197 13 2 160
197 13 2 209
197 13 2 187
197 13 2 7
197 13 2 132
197 13 2 210
197 13 2 58
197 13 3 7
197 13 3 182
197 13 3 204
197 13 3 176
197 13 3 6
197 13 3 145
197 13 3 225
197 13 3 190
197 13 3 9
197 13 3 147
197 13 3 211
197 13 3 191
197 13 3 8
197 13 3 172
197 13 3 199
197 13 3 124
197 13 3 10
197 13 3 193
197 13 3 225
197 13 3 216
197 13 4 6
197 13 4 154
197 13 4 210
197 13 4 71
197 13 4 10
197 13 4 180
197 13 4 225
197 13 4 7
197 13 4 6
197 13 4 160
197 13 4 205
197 13 4 86
197 13 4 7
197 13 4 158
197 13 4 206
197 13 4 79
197 13 4 3
197 13 4 174
197 13 4 213
197 13 4 40
197 13 5 2
197 13 5 165
197 13 5 215
197 13 5 138
197 13 5 2
197 13 5 138
197 13 5 214
197 13 5 82
197 13 5 2
197 13 5 129
197 13 5 218
197 13 5 62
197 13 5 6
197 13 5 151
197 13 5 213
197 13 5 14
197 13 5 5
197 13 5 132
197 13 5 216
197 13 5 200
197 13 6 8
197 13 6 177
197 13 6 211
197 13 6 75
197 13 6 6
197 13 6 123
197 13 6 204
197 13 6 219
197 13 6 3
197 13 6 187
197 13 6 213
197 13 6 226
197 13 6 7
197 13 6 167
197 13 6 215
197 13 6 121
197 13 6 8
197 13 6 131
197 13 6 209
197 13 6 67
197 13 7 1
197 13 7 157
197 13 7 225
197 13 7 189
197 13 7 2
197 13 7 172
197 13 7 208
197 13 7 94
197 13 7 9
197 13 7 122
197 13 7 206
197 13 7 52
197 13 7 10
197 13 7 118
197 13 7 226
197 13 7 3
197 13 7 9
197 13 7 105
197 13 7 226
197 13 7 101
197 13 8 7
197 13 8 126
197 13 8 198
197 13 8 112
197 13 8 5
197 13 8 124
197 13 8 224
197 13 8 2
197 13 8 9
197 13 8 116
197 13 8 210
197 13 8 163
197 13 8 3
197 13 8 181
197 13 8 202
197 13 8 14
197 13 8 4
197 13 8 152
197 13 8 217
197 13 8 37
197 13 9 6
197 13 9 110
197 13 9 205
197 13 9 166
197 13 9 9
197 13 9 196
197 13 9 211
197 13 9 115
197 13 9 6
197 13 9 127
197 13 9 208
197 13 9 172
197 13 9 2
197 13 9 103
197 13 9 219
197 13 9 24
197 13 9 4
197 13 9 134
197 13 9 200
197 13 9 90
197 13 10 10
197 13 10 127
197 13 10 226
197 13 10 205
197 13 10 8
197 13 10 184
197 13 10 201
197 13 10 172
197 13 10 7
197 13 10 141
197 13 10 207
197 13 10 28
197 13 10 6
197 13 10 178
197 13 10 200
197 13 10 101
197 13 10 7
197 13 10 194
197 13 10 198
197 13 10 121
197 13 11 3
197 13 11 186
197 13 11 206
197 13 11 69
197 13 11 4
197 13 11 132
197 13 11 217
197 13 11 77
197 13 11 6
197 13 11 164
197 13 11 216
197 13 11 90
197 13 11 8
197 13 11 104
197 13 11 222
197 13 11 147
197 13 11 3
197 13 11 139
197 13 11 224
197 13 11 183
197 13 12 4
197 13 12 178
197 13 12 199
197 13 12 38
197 13 12 6
197 13 12 118
197 13 12 220
197 13 12 212
197 13 12 9
197 13 12 163
197 13 12 203
197 13 12 129
197 13 12 8
197 13 12 151
197 13 12 212
197 13 12 36
197 13 12 2
197 13 12 121
197 13 12 217
197 13 12 137
197 13 13 6
197 13 13 126
197 13 13 211
197 13 13 61
197 13 13 7
197 13 13 178
197 13 13 221
197 13 13 215
197 13 13 5
197 13 13 160
197 13 13 219
197 13 13 177
197 13 13 9
197 13 13 120
197 13 13 216
197 13 13 135
197 13 13 3
197 13 13 148
197 13 13 197
197 13 13 136
197 13 14 3
197 13 14 110
197 13 14 218
197 13 14 106
197 13 14 10
197 13 14 136
197 13 14 207
197 13 14 9
197 13 14 8
197 13 14 189
197 13 14 207
197 13 14 183
197 13 14 4
197 13 14 169
197 13 14 215
197 13 14 2
197 13 14 4
197 13 14 108
197 13 14 222
197 13 14 152
197 14 1 1
197 14 1 140
197 14 1 213
197 14 1 32
197 14 1 1
197 14 1 141
197 14 1 226
197 14 1 22
197 14 1 6
197 14 1 179
197 14 1 210
197 14 1 118
197 14 1 2
197 14 1 170
197 14 1 217
197 14 1 101
197 14 1 7
197 14 1 195
197 14 1 199
197 14 1 6
197 14 2 3
197 14 2 177
197 14 2 218
197 14 2 63
197 14 2 1
197 14 2 192
197 14 2 207
197 14 2 76
197 14 2 8
197 14 2 157
197 14 2 216
197 14 2 189
197 14 2 1
197 14 2 104
197 14 2 222
197 14 2 59
197 14 2 9
197 14 2 168
197 14 2 225
197 14 2 103
197 14 3 3
197 14 3 148
197 14 3 207
197 14 3 139
197 14 3 4
197 14 3 114
197 14 3 217
197 14 3 75
197 14 3 9
197 14 3 153
197 14 3 202
197 14 3 176
197 14 3 5
197 14 3 171
197 14 3 212
197 14 3 23
197 14 3 2
197 14 3 137
197 14 3 218
197 14 3 91
197 14 4 8
197 14 4 157
197 14 4 212
197 14 4 149
197 14 4 1
197 14 4 136
197 14 4 210
197 14 4 123
197 14 4 5
197 14 4 112
197 14 4 212
197 14 4 160
197 14 4 1
197 14 4 117
197 14 4 208
197 14 4 183
197 14 4 3
197 14 4 179
197 14 4 205
197 14 4 40
197 14 5 1
197 14 5 157
197 14 5 216
197 14 5 60
197 14 5 8
197 14 5 196
197 14 5 225
197 14 5 200
197 14 5 9
197 14 5 152
197 14 5 210
197 14 5 115
197 14 5 2
197 14 5 189
197 14 5 206
197 14 5 166
197 14 5 9
197 14 5 121
197 14 5 209
197 14 5 6
197 14 6 8
197 14 6 120
197 14 6 210
197 14 6 42
197 14 6 9
197 14 6 169
197 14 6 222
197 14 6 203
197 14 6 7
197 14 6 118
197 14 6 200
197 14 6 164
197 14 6 3
197 14 6 134
197 14 6 213
197 14 6 116
197 14 6 10
197 14 6 135
197 14 6 197
197 14 6 105
197 14 7 6
197 14 7 176
197 14 7 226
197 14 7 172
197 14 7 8
197 14 7 146
197 14 7 209
197 14 7 162
197 14 7 1
197 14 7 106
197 14 7 198
197 14 7 170
197 14 7 10
197 14 7 112
197 14 7 215
197 14 7 225
197 14 7 4
197 14 7 149
197 14 7 219
197 14 7 72
197 14 8 9
197 14 8 109
197 14 8 211
197 14 8 100
197 14 8 2
197 14 8 134
197 14 8 225
197 14 8 205
197 14 8 6
197 14 8 106
197 14 8 219
197 14 8 149
197 14 8 3
197 14 8 166
197 14 8 218
197 14 8 36
197 14 8 4
197 14 8 170
197 14 8 223
197 14 8 195
197 14 9 8
197 14 9 191
197 14 9 198
197 14 9 186
197 14 9 3
197 14 9 156
197 14 9 217
197 14 9 90
197 14 9 4
197 14 9 101
197 14 9 225
197 14 9 170
197 14 9 8
197 14 9 108
197 14 9 226
197 14 9 167
197 14 9 8
197 14 9 153
197 14 9 198
197 14 9 14
197 14 10 9
197 14 10 188
197 14 10 203
197 14 10 46
197 14 10 8
197 14 10 164
197 14 10 209
197 14 10 88
197 14 10 6
197 14 10 192
197 14 10 208
197 14 10 219
197 14 10 8
197 14 10 151
197 14 10 213
197 14 10 159
197 14 10 2
197 14 10 116
197 14 10 200
197 14 10 72
197 14 11 8
197 14 11 130
197 14 11 226
197 14 11 34
197 14 11 10
197 14 11 179
197 14 11 225
197 14 11 11
197 14 11 3
197 14 11 177
197 14 11 209
197 14 11 217
197 14 11 3
197 14 11 116
197 14 11 207
197 14 11 221
197 14 11 7
197 14 11 149
197 14 11 199
197 14 11 115
197 14 12 6
197 14 12 178
197 14 12 225
197 14 12 193
197 14 12 7
197 14 12 134
197 14 12 201
197 14 12 25
197 14 12 9
197 14 12 103
197 14 12 219
197 14 12 216
197 14 12 1
197 14 12 182
197 14 12 211
197 14 12 144
197 14 12 7
197 14 12 130
197 14 12 225
197 14 12 145
197 14 13 2
197 14 13 195
197 14 13 217
197 14 13 125
197 14 13 6
197 14 13 188
197 14 13 201
197 14 13 220
197 14 13 2
197 14 13 181
197 14 13 221
197 14 13 13
197 14 13 2
197 14 13 120
197 14 13 217
197 14 13 117
197 14 13 2
197 14 13 135
197 14 13 202
197 14 13 111
197 14 14 4
197 14 14 104
197 14 14 226
197 14 14 26
197 14 14 6
197 14 14 142
197 14 14 198
197 14 14 166
197 14 14 2
197 14 14 133
197 14 14 225
197 14 14 53
197 14 14 10
197 14 14 183
197 14 14 224
197 14 14 66
197 14 14 6
197 14 14 117
197 14 14 202
197 14 14 190
199 1 1 2
199 1 1 160
199 1 1 220
199 1 1 15
199 1 1 7
199 1 1 172
199 1 1 209
199 1 1 12
199 1 1 2
199 1 1 156
199 1 1 220
199 1 1 169
199 1 1 4
199 1 1 148
199 1 1 204
199 1 1 202
199 1 1 9
199 1 1 167
199 1 1 208
199 1 1 66
199 1 2 7
199 1 2 150
199 1 2 228
199 1 2 58
199 1 2 9
199 1 2 115
199 1 2 227
199 1 2 151
199 1 2 6
199 1 2 135
199 1 2 214
199 1 2 196
199 1 2 1
199 1 2 149
199 1 2 213
199 1 2 87
199 1 2 8
199 1 2 177
199 1 2 222
199 1 2 50
199 1 3 3
199 1 3 191
199 1 3 224
199 1 3 193
199 1 3 8
199 1 3 196
199 1 3 226
199 1 3 224
199 1 3 6
199 1 3 131
199 1 3 213
199 1 3 37
199 1 3 8
199 1 3 134
199 1 3 207
199 1 3 178
199 1 3 4
199 1 3 187
199 1 3 226
199 1 3 115
199 1 4 1
199 1 4 197
199 1 4 220
199 1 4 192
199 1 4 7
199 1 4 117
199 1 4 215
199 1 4 224
199 1 4 4
199 1 4 121
199 1 4 216
199 1 4 59
199 1 4 10
199 1 4 173
199 1 4 216
199 1 4 190
199 1 4 7
199 1 4 111
199 1 4 214
199 1 4 16
199 1 5 9
199 1 5 130
199 1 5 205
199 1 5 50
199 1 5 1
199 1 5 173
199 1 5 222
199 1 5 80
199 1 5 10
199 1 5 165
199 1 5 200
199 1 5 201
199 1 5 4
199 1 5 136
199 1 5 205
199 1 5 53
199 1 5 4
199 1 5 170
199 1 5 223
199 1 5 74
199 1 6 8
199 1 6 108
199 1 6 227
199 1 6 150
199 1 6 4
199 1 6 190
199 1 6 206
199 1 6 140
199 1 6 7
199 1 6 140
199 1 6 209
199 1 6 38
199 1 6 8
199 1 6 191
199 1 6 217
199 1 6 9
199 1 6 2
199 1 6 127
199 1 6 199
199 1 6 15
199 1 7 4
199 1 7 197
199 1 7 226
199 1 7 161
199 1 7 4
199 1 7 118
199 1 7 204
199 1 7 89
199 1 7 7
199 1 7 194
199 1 7 201
199 1 7 228
199 1 7 6
199 1 7 140
199 1 7 224
199 1 7 169
199 1 7 1
199 1 7 153
199 1 7 209
199 1 7 50
199 1 8 6
199 1 8 178
199 1 8 207
199 1 8 126
199 1 8 8
199 1 8 159
199 1 8 219
199 1 8 181
199 1 8 7
199 1 8 145
199 1 8 199
199 1 8 111
199 1 8 3
199 1 8 140
199 1 8 224
199 1 8 161
199 1 8 4
199 1 8 111
199 1 8 208
199 1 8 211
199 1 9 9
199 1 9 182
199 1 9 226
199 1 9 59
199 1 9 2
199 1 9 107
199 1 9 223
199 1 9 26
199 1 9 9
199 1 9 114
199 1 9 225
199 1 9 59
199 1 9 7
199 1 9 125
199 1 9 226
199 1 9 51
199 1 9 6
199 1 9 156
199 1 9 208
199 1 9 152
199 1 10 1
199 1 10 164
199 1 10 200
199 1 10 1
199 1 10 5
199 1 10 109
199 1 10 213
199 1 10 113
199 1 10 1
199 1 10 154
199 1 10 216
199 1 10 100
199 1 10 8
199 1 10 172
199 1 10 227
199 1 10 110
199 1 10 7
199 1 10 177
199 1 10 204
199 1 10 61
199 1 11 10
199 1 11 194
199 1 11 204
199 1 11 57
199 1 11 6
199 1 11 127
199 1 11 212
199 1 11 214
199 1 11 8
199 1 11 107
199 1 11 224
199 1 11 37
199 1 11 3
199 1 11 121
199 1 11 218
199 1 11 25
199 1 11 8
199 1 11 116
199 1 11 212
199 1 11 37
199 1 12 10
199 1 12 197
199 1 12 207
199 1 12 109
199 1 12 3
199 1 12 156
199 1 12 203
199 1 12 199
199 1 12 7
199 1 12 172
199 1 12 203
199 1 12 70
199 1 12 3
199 1 12 130
199 1 12 213
199 1 12 86
199 1 12 3
199 1 12 140
199 1 12 219
199 1 12 27
199 1 13 9
199 1 13 150
199 1 13 203
199 1 13 12
199 1 13 2
199 1 13 147
199 1 13 210
199 1 13 57
199 1 13 4
199 1 13 137
199 1 13 212
199 1 13 28
199 1 13 7
199 1 13 187
199 1 13 199
199 1 13 44
199 1 13 3
199 1 13 180
199 1 13 213
199 1 13 74
199 1 14 8
199 1 14 155
199 1 14 201
199 1 14 163
199 1 14 8
199 1 14 126
199 1 14 209
199 1 14 109
199 1 14 8
199 1 14 172
199 1 14 210
199 1 14 66
199 1 14 9
199 1 14 166
199 1 14 206
199 1 14 112
199 1 14 10
199 1 14 164
199 1 14 225
199 1 14 199
199 2 1 5
199 2 1 192
199 2 1 199
199 2 1 53
199 2 1 10
199 2 1 149
199 2 1 226
199 2 1 109
199 2 1 8
199 2 1 103
199 2 1 214
199 2 1 151
199 2 1 8
199 2 1 108
199 2 1 218
199 2 1 196
199 2 1 8
199 2 1 144
199 2 1 209
199 2 1 28
199 2 2 9
199 2 2 118
199 2 2 201
199 2 2 102
199 2 2 3
199 2 2 189
199 2 2 200
199 2 2 121
199 2 2 4
199 2 2 191
199 2 2 217
199 2 2 72
199 2 2 6
199 2 2 178
199 2 2 204
199 2 2 138
199 2 2 9
199 2 2 121
199 2 2 221
199 2 2 141
199 2 3 9
199 2 3 108
199 2 3 220
199 2 3 89
199 2 3 1
199 2 3 187
199 2 3 222
199 2 3 73
199 2 3 5
199 2 3 179
199 2 3 203
199 2 3 116
199 2 3 7
199 2 3 160
199 2 3 208
199 2 3 70
199 2 3 5
199 2 3 183
199 2 3 212
199 2 3 221
199 2 4 8
199 2 4 195
199 2 4 211
199 2 4 59
199 2 4 9
199 2 4 153
199 2 4 215
199 2 4 188
199 2 4 10
199 2 4 129
199 2 4 218
199 2 4 131
199 2 4 2
199 2 4 181
199 2 4 207
199 2 4 201
199 2 4 9
199 2 4 108
199 2 4 219
199 2 4 114
199 2 5 10
199 2 5 102
199 2 5 225
199 2 5 58
199 2 5 7
199 2 5 168
199 2 5 228
199 2 5 66
199 2 5 10
199 2 5 179
199 2 5 203
199 2 5 120
199 2 5 2
199 2 5 134
199 2 5 219
199 2 5 161
199 2 5 4
199 2 5 145
199 2 5 219
199 2 5 185
199 2 6 9
199 2 6 107
199 2 6 221
199 2 6 179
199 2 6 6
199 2 6 169
199 2 6 224
199 2 6 43
199 2 6 7
199 2 6 138
199 2 6 212
199 2 6 39
199 2 6 6
199 2 6 126
199 2 6 221
199 2 6 86
199 2 6 3
199 2 6 113
199 2 6 217
199 2 6 55
199 2 7 2
199 2 7 146
199 2 7 227
199 2 7 4
199 2 7 5
199 2 7 154
199 2 7 215
199 2 7 26
199 2 7 4
199 2 7 140
199 2 7 210
199 2 7 43
199 2 7 1
199 2 7 118
199 2 7 218
199 2 7 72
199 2 7 3
199 2 7 194
199 2 7 214
199 2 7 14
199 2 8 5
199 2 8 182
199 2 8 211
199 2 8 107
199 2 8 1
199 2 8 198
199 2 8 205
199 2 8 52
199 2 8 4
199 2 8 174
199 2 8 207
199 2 8 19
199 2 8 7
199 2 8 166
199 2 8 217
199 2 8 205
199 2 8 9
199 2 8 169
199 2 8 208
199 2 8 27
199 2 9 4
199 2 9 180
199 2 9 220
199 2 9 140
199 2 9 4
199 2 9 155
199 2 9 207
199 2 9 38
199 2 9 8
199 2 9 144
199 2 9 200
199 2 9 223
199 2 9 3
199 2 9 162
199 2 9 225
199 2 9 61
199 2 9 5
199 2 9 172
199 2 9 221
199 2 9 228
199 2 10 5
199 2 10 119
199 2 10 209
199 2 10 177
199 2 10 8
199 2 10 199
199 2 10 221
199 2 10 29
199 2 10 2
199 2 10 167
199 2 10 228
199 2 10 131
199 2 10 9
199 2 10 110
199 2 10 208
199 2 10 219
199 2 10 9
199 2 10 172
199 2 10 228
199 2 10 187
199 2 11 3
199 2 11 169
199 2 11 226
199 2 11 65
199 2 11 4
199 2 11 144
199 2 11 220
199 2 11 161
199 2 11 2
199 2 11 127
199 2 11 215
199 2 11 203
199 2 11 10
199 2 11 156
199 2 11 225
199 2 11 11
199 2 11 5
199 2 11 127
199 2 11 221
199 2 11 215
199 2 12 10
199 2 12 116
199 2 12 201
199 2 12 221
199 2 12 8
199 2 12 162
199 2 12 218
199 2 12 113
199 2 12 4
199 2 12 179
199 2 12 215
199 2 12 194
199 2 12 1
199 2 12 138
199 2 12 204
199 2 12 105
199 2 12 10
199 2 12 154
199 2 12 200
199 2 12 57
199 2 13 9
199 2 13 189
199 2 13 204
199 2 13 226
199 2 13 5
199 2 13 116
199 2 13 227
199 2 13 126
199 2 13 8
199 2 13 113
199 2 13 210
199 2 13 98
199 2 13 10
199 2 13 176
199 2 13 203
199 2 13 49
199 2 13 1
199 2 13 151
199 2 13 222
199 2 13 18
199 2 14 8
199 2 14 164
199 2 14 221
199 2 14 183
199 2 14 4
199 2 14 162
199 2 14 226
199 2 14 164
199 2 14 6
199 2 14 134
199 2 14 224
199 2 14 106
199 2 14 5
199 2 14 155
199 2 14 216
199 2 14 98
199 2 14 7
199 2 14 160
199 2 14 216
199 2 14 77
199 3 1 9
199 3 1 199
199 3 1 220
199 3 1 10
199 3 1 8
199 3 1 107
199 3 1 216
199 3 1 124
199 3 1 6
199 3 1 122
199 3 1 223
199 3 1 100
199 3 1 3
199 3 1 175
199 3 1 217
199 3 1 195
199 3 1 4
199 3 1 169
199 3 1 208
199 3 1 171
199 3 2 8
199 3 2 120
199 3 2 208
199 3 2 69
199 3 2 2
199 3 2 197
199 3 2 223
199 3 2 110
199 3 2 8
199 3 2 113
199 3 2 225
199 3 2 87
199 3 2 6
199 3 2 195
199 3 2 204
199 3 2 77
199 3 2 4
199 3 2 117
199 3 2 211
199 3 2 140
199 3 3 7
199 3 3 102
199 3 3 202
199 3 3 159
199 3 3 7
199 3 3 196
199 3 3 199
199 3 3 112
199 3 3 6
199 3 3 197
199 3 3 217
199 3 3 48
199 3 3 3
199 3 3 126
199 3 3 202
199 3 3 113
199 3 3 9
199 3 3 149
199 3 3 202
199 3 3 201
199 3 4 9
199 3 4 172
199 3 4 225
199 3 4 44
199 3 4 6
199 3 4 131
199 3 4 205
199 3 4 6
199 3 4 5
199 3 4 148
199 3 4 201
199 3 4 24
199 3 4 4
199 3 4 163
199 3 4 224
199 3 4 111
199 3 4 1
199 3 4 104
199 3 4 222
199 3 4 55
199 3 5 2
199 3 5 129
199 3 5 219
199 3 5 220
199 3 5 6
199 3 5 157
199 3 5 209
199 3 5 133
199 3 5 6
199 3 5 116
199 3 5 227
199 3 5 74
199 3 5 8
199 3 5 140
199 3 5 204
199 3 5 82
199 3 5 1
199 3 5 131
199 3 5 210
199 3 5 76
199 3 6 8
199 3 6 107
199 3 6 225
199 3 6 53
199 3 6 7
199 3 6 175
199 3 6 225
199 3 6 123
199 3 6 1
199 3 6 151
199 3 6 212
199 3 6 47
199 3 6 10
199 3 6 199
199 3 6 228
199 3 6 80
199 3 6 7
199 3 6 130
199 3 6 211
199 3 6 173
199 3 7 9
199 3 7 150
199 3 7 202
199 3 7 152
199 3 7 2
199 3 7 141
199 3 7 210
199 3 7 208
199 3 7 10
199 3 7 191
199 3 7 204
199 3 7 62
199 3 7 7
199 3 7 139
199 3 7 228
199 3 7 95
199 3 7 10
199 3 7 142
199 3 7 222
199 3 7 92
199 3 8 8
199 3 8 101
199 3 8 213
199 3 8 2
199 3 8 3
199 3 8 129
199 3 8 218
199 3 8 32
199 3 8 5
199 3 8 161
199 3 8 208
199 3 8 190
199 3 8 1
199 3 8 126
199 3 8 199
199 3 8 174
199 3 8 6
199 3 8 145
199 3 8 212
199 3 8 188
199 3 9 4
199 3 9 130
199 3 9 202
199 3 9 160
199 3 9 7
199 3 9 112
199 3 9 224
199 3 9 111
199 3 9 3
199 3 9 195
199 3 9 224
199 3 9 90
199 3 9 5
199 3 9 147
199 3 9 224
199 3 9 78
199 3 9 9
199 3 9 166
199 3 9 216
199 3 9 139
199 3 10 5
199 3 10 171
199 3 10 220
199 3 10 211
199 3 10 5
199 3 10 111
199 3 10 206
199 3 10 221
199 3 10 8
199 3 10 169
199 3 10 201
199 3 10 71
199 3 10 1
199 3 10 192
199 3 10 212
199 3 10 14
199 3 10 7
199 3 10 104
199 3 10 215
199 3 10 93
199 3 11 5
199 3 11 108
199 3 11 212
199 3 11 163
199 3 11 6
199 3 11 168
199 3 11 210
199 3 11 43
199 3 11 10
199 3 11 181
199 3 11 223
199 3 11 132
199 3 11 5
199 3 11 121
199 3 11 207
199 3 11 164
199 3 11 7
199 3 11 130
199 3 11 225
199 3 11 133
199 3 12 4
199 3 12 194
199 3 12 228
199 3 12 14
199 3 12 9
199 3 12 103
199 3 12 206
199 3 12 99
199 3 12 1
199 3 12 100
199 3 12 216
199 3 12 201
199 3 12 1
199 3 12 185
199 3 12 200
199 3 12 63
199 3 12 4
199 3 12 125
199 3 12 217
199 3 12 205
199 3 13 6
199 3 13 174
199 3 13 209
199 3 13 11
199 3 13 4
199 3 13 114
199 3 13 214
199 3 13 50
199 3 13 9
199 3 13 118
199 3 13 204
199 3 13 156
199 3 13 8
199 3 13 115
199 3 13 212
199 3 13 84
199 3 13 9
199 3 13 151
199 3 13 216
199 3 13 171
199 3 14 1
199 3 14 126
199 3 14 223
199 3 14 117
199 3 14 7
199 3 14 196
199 3 14 199
199 3 14 115
199 3 14 8
199 3 14 141
199 3 14 203
199 3 14 70
199 3 14 8
199 3 14 135
199 3 14 210
199 3 14 158
199 3 14 8
199 3 14 189
199 3 14 201
199 3 14 99
199 4 1 10
199 4 1 193
199 4 1 219
199 4 1 16
199 4 1 9
199 4 1 107
199 4 1 227
199 4 1 78
199 4 1 6
199 4 1 137
199 4 1 202
199 4 1 176
199 4 1 4
199 4 1 123
199 4 1 220
199 4 1 199
199 4 1 4
199 4 1 159
199 4 1 221
199 4 1 78
199 4 2 2
199 4 2 127
199 4 2 217
199 4 2 183
199 4 2 2
199 4 2 160
199 4 2 206
199 4 2 22
199 4 2 3
199 4 2 197
199 4 2 209
199 4 2 67
199 4 2 8
199 4 2 189
199 4 2 225
199 4 2 142
199 4 2 9
199 4 2 170
199 4 2 202
199 4 2 143
199 4 3 6
199 4 3 126
199 4 3 206
199 4 3 123
199 4 3 1
199 4 3 192
199 4 3 227
199 4 3 160
199 4 3 1
199 4 3 145
199 4 3 203
199 4 3 113
199 4 3 3
199 4 3 180
199 4 3 199
199 4 3 9
199 4 3 10
199 4 3 99
199 4 3 219
199 4 3 63
199 4 4 6
199 4 4 149
199 4 4 212
199 4 4 179
199 4 4 8
199 4 4 179
199 4 4 208
199 4 4 49
199 4 4 2
199 4 4 161
199 4 4 222
199 4 4 127
199 4 4 10
199 4 4 101
199 4 4 222
199 4 4 10
199 4 4 2
199 4 4 135
199 4 4 223
199 4 4 222
199 4 5 5
199 4 5 183
199 4 5 211
199 4 5 65
199 4 5 9
199 4 5 141
199 4 5 216
199 4 5 212
199 4 5 4
199 4 5 154
199 4 5 207
199 4 5 16
199 4 5 10
199 4 5 138
199 4 5 227
199 4 5 126
199 4 5 10
199 4 5 103
199 4 5 225
199 4 5 126
199 4 6 9
199 4 6 146
199 4 6 199
199 4 6 124
199 4 6 9
199 4 6 134
199 4 6 227
199 4 6 29
199 4 6 3
199 4 6 184
199 4 6 199
199 4 6 155
199 4 6 10
199 4 6 143
199 4 6 211
199 4 6 133
199 4 6 5
199 4 6 182
199 4 6 227
199 4 6 71
199 4 7 2
199 4 7 154
199 4 7 222
199 4 7 165
199 4 7 3
199 4 7 158
199 4 7 200
199 4 7 228
199 4 7 6
199 4 7 165
199 4 7 219
199 4 7 123
199 4 7 4
199 4 7 176
199 4 7 207
199 4 7 167
199 4 7 3
199 4 7 139
199 4 7 205
199 4 7 82
199 4 8 4
199 4 8 122
199 4 8 200
199 4 8 57
199 4 8 5
199 4 8 110
199 4 8 217
199 4 8 172
199 4 8 8
199 4 8 143
199 4 8 219
199 4 8 191
199 4 8 6
199 4 8 177
199 4 8 217
199 4 8 21
199 4 8 3
199 4 8 141
199 4 8 220
199 4 8 191
199 4 9 8
199 4 9 121
199 4 9 208
199 4 9 65
199 4 9 3
199 4 9 175
199 4 9 213
199 4 9 124
199 4 9 4
199 4 9 102
199 4 9 220
199 4 9 37
199 4 9 8
199 4 9 116
199 4 9 217
199 4 9 32
199 4 9 5
199 4 9 168
199 4 9 227
199 4 9 33
199 4 10 2
199 4 10 187
199 4 10 210
199 4 10 103
199 4 10 8
199 4 10 162
199 4 10 211
199 4 10 167
199 4 10 1
199 4 10 148
199 4 10 204
199 4 10 110
199 4 10 5
199 4 10 166
199 4 10 215
199 4 10 148
199 4 10 1
199 4 10 147
199 4 10 205
199 4 10 60
199 4 11 10
199 4 11 131
199 4 11 205
199 4 11 219
199 4 11 7
199 4 11 143
199 4 11 208
199 4 11 31
199 4 11 3
199 4 11 199
199 4 11 220
199 4 11 53
199 4 11 4
199 4 11 125
199 4 11 199
199 4 11 59
199 4 11 5
199 4 11 184
199 4 11 224
199 4 11 77
199 4 12 8
199 4 12 146
199 4 12 220
199 4 12 43
199 4 12 5
199 4 12 133
199 4 12 204
199 4 12 40
199 4 12 9
199 4 12 175
199 4 12 223
199 4 12 202
199 4 12 1
199 4 12 192
199 4 12 204
199 4 12 84
199 4 12 1
199 4 12 176
199 4 12 219
199 4 12 34
199 4 13 7
199 4 13 157
199 4 13 204
199 4 13 189
199 4 13 2
199 4 13 112
199 4 13 222
199 4 13 148
199 4 13 9
199 4 13 157
199 4 13 213
199 4 13 104
199 4 13 9
199 4 13 119
199 4 13 215
199 4 13 205
199 4 13 10
199 4 13 143
199 4 13 225
199 4 13 154
199 4 14 1
199 4 14 174
199 4 14 217
199 4 14 204
199 4 14 5
199 4 14 187
199 4 14 213
199 4 14 7
199 4 14 7
199 4 14 154
199 4 14 226
199 4 14 152
199 4 14 9
199 4 14 109
199 4 14 226
199 4 14 30
199 4 14 2
199 4 14 140
199 4 14 228
199 4 14 66
199 5 1 7
199 5 1 181
199 5 1 219
199 5 1 92
199 5 1 9
199 5 1 126
199 5 1 208
199 5 1 152
199 5 1 9
199 5 1 177
199 5 1 213
199 5 1 5
199 5 1 3
199 5 1 190
199 5 1 211
199 5 1 74
199 5 1 1
199 5 1 156
199 5 1 200
199 5 1 121
199 5 2 10
199 5 2 107
199 5 2 210
199 5 2 68
199 5 2 10
199 5 2 147
199 5 2 203
199 5 2 85
199 5 2 9
199 5 2 129
199 5 2 218
199 5 2 20
199 5 2 8
199 5 2 128
199 5 2 212
199 5 2 72
199 5 2 4
199 5 2 136
199 5 2 225
199 5 2 96
199 5 3 6
199 5 3 135
199 5 3 201
199 5 3 48
199 5 3 7
199 5 3 123
199 5 3 208
199 5 3 96
199 5 3 2
199 5 3 197
199 5 3 222
199 5 3 212
199 5 3 3
199 5 3 176
199 5 3 216
199 5 3 17
199 5 3 2
199 5 3 173
199 5 3 208
199 5 3 8
199 5 4 4
199 5 4 135
199 5 4 210
199 5 4 198
199 5 4 8
199 5 4 115
199 5 4 212
199 5 4 94
199 5 4 10
199 5 4 104
199 5 4 215
199 5 4 36
199 5 4 5
199 5 4 197
199 5 4 221
199 5 4 162
199 5 4 7
199 5 4 184
199 5 4 214
199 5 4 11
199 5 5 10
199 5 5 190
199 5 5 213
199 5 5 82
199 5 5 10
199 5 5 100
199 5 5 222
199 5 5 56
199 5 5 10
199 5 5 102
199 5 5 216
199 5 5 68
199 5 5 2
199 5 5 117
199 5 5 227
199 5 5 27
199 5 5 8
199 5 5 182
199 5 5 214
199 5 5 210
199 5 6 6
199 5 6 177
199 5 6 221
199 5 6 135
199 5 6 6
199 5 6 196
199 5 6 216
199 5 6 57
199 5 6 5
199 5 6 143
199 5 6 215
199 5 6 71
199 5 6 8
199 5 6 171
199 5 6 209
199 5 6 220
199 5 6 4
199 5 6 185
199 5 6 199
199 5 6 142
199 5 7 1
199 5 7 183
199 5 7 218
199 5 7 161
199 5 7 10
199 5 7 106
199 5 7 200
199 5 7 9
199 5 7 7
199 5 7 195
199 5 7 200
199 5 7 160
199 5 7 10
199 5 7 105
199 5 7 228
199 5 7 47
199 5 7 2
199 5 7 154
199 5 7 224
199 5 7 13
199 5 8 6
199 5 8 199
199 5 8 215
199 5 8 214
199 5 8 8
199 5 8 175
199 5 8 221
199 5 8 199
199 5 8 7
199 5 8 160
199 5 8 227
199 5 8 31
199 5 8 3
199 5 8 105
199 5 8 218
199 5 8 60
199 5 8 1
199 5 8 103
199 5 8 218
199 5 8 88
199 5 9 1
199 5 9 183
199 5 9 200
199 5 9 198
199 5 9 8
199 5 9 105
199 5 9 218
199 5 9 113
199 5 9 8
199 5 9 113
199 5 9 219
199 5 9 70
199 5 9 5
199 5 9 164
199 5 9 226
199 5 9 33
199 5 9 10
199 5 9 115
199 5 9 218
199 5 9 42
199 5 10 10
199 5 10 120
199 5 10 222
199 5 10 156
199 5 10 10
199 5 10 194
199 5 10 216
199 5 10 24
199 5 10 4
199 5 10 160
199 5 10 225
199 5 10 183
199 5 10 3
199 5 10 171
199 5 10 208
199 5 10 210
199 5 10 10
199 5 10 121
199 5 10 228
199 5 10 84
199 5 11 2
199 5 11 163
199 5 11 203
199 5 11 122
199 5 11 10
199 5 11 159
199 5 11 216
199 5 11 118
199 5 11 1
199 5 11 158
199 5 11 221
199 5 11 209
199 5 11 5
199 5 11 148
199 5 11 216
199 5 11 97
199 5 11 9
199 5 11 100
199 5 11 228
199 5 11 24
199 5 12 8
199 5 12 129
199 5 12 212
199 5 12 92
199 5 12 6
199 5 12 117
199 5 12 199
199 5 12 7
199 5 12 10
199 5 12 199
199 5 12 226
199 5 12 139
199 5 12 7
199 5 12 132
199 5 12 221
199 5 12 112
199 5 12 1
199 5 12 196
199 5 12 200
199 5 12 216
199 5 13 3
199 5 13 100
199 5 13 225
199 5 13 205
199 5 13 3
199 5 13 190
199 5 13 221
199 5 13 150
199 5 13 4
199 5 13 150
199 5 13 204
199 5 13 116
199 5 13 9
199 5 13 111
199 5 13 201
199 5 13 149
199 5 13 5
199 5 13 124
199 5 13 218
199 5 13 210
199 5 14 7
199 5 14 172
199 5 14 211
199 5 14 113
199 5 14 3
199 5 14 137
199 5 14 225
199 5 14 122
199 5 14 10
199 5 14 151
199 5 14 225
199 5 14 225
199 5 14 7
199 5 14 150
199 5 14 216
199 5 14 160
199 5 14 8
199 5 14 169
199 5 14 209
199 5 14 156
199 6 1 10
199 6 1 167
199 6 1 205
199 6 1 116
199 6 1 4
199 6 1 124
199 6 1 212
199 6 1 211
199 6 1 3
199 6 1 168
199 6 1 222
199 6 1 156
199 6 1 3
199 6 1 133
199 6 1 202
199 6 1 203
199 6 1 5
199 6 1 157
199 6 1 221
199 6 1 7
199 6 2 8
199 6 2 118
199 6 2 205
199 6 2 42
199 6 2 2
199 6 2 176
199 6 2 213
199 6 2 88
199 6 2 8
199 6 2 176
199 6 2 216
199 6 2 221
199 6 2 7
199 6 2 168
199 6 2 223
199 6 2 109
199 6 2 6
199 6 2 138
199 6 2 199
199 6 2 130
199 6 3 2
199 6 3 175
199 6 3 218
199 6 3 52
199 6 3 5
199 6 3 145
199 6 3 224
199 6 3 183
199 6 3 9
199 6 3 107
199 6 3 204
199 6 3 41
199 6 3 6
199 6 3 143
199 6 3 204
199 6 3 39
199 6 3 8
199 6 3 180
199 6 3 223
199 6 3 112
199 6 4 5
199 6 4 110
199 6 4 228
199 6 4 5
199 6 4 8
199 6 4 196
199 6 4 210
199 6 4 85
199 6 4 2
199 6 4 175
199 6 4 211
199 6 4 189
199 6 4 7
199 6 4 108
199 6 4 220
199 6 4 189
199 6 4 10
199 6 4 173
199 6 4 211
199 6 4 67
199 6 5 4
199 6 5 164
199 6 5 223
199 6 5 93
199 6 5 6
199 6 5 129
199 6 5 213
199 6 5 203
199 6 5 5
199 6 5 118
199 6 5 217
199 6 5 92
199 6 5 8
199 6 5 183
199 6 5 215
199 6 5 211
199 6 5 7
199 6 5 164
199 6 5 204
199 6 5 71
199 6 6 10
199 6 6 168
199 6 6 210
199 6 6 192
199 6 6 7
199 6 6 199
199 6 6 211
199 6 6 56
199 6 6 5
199 6 6 129
199 6 6 199
199 6 6 204
199 6 6 3
199 6 6 109
199 6 6 211
199 6 6 23
199 6 6 2
199 6 6 172
199 6 6 200
199 6 6 30
199 6 7 2
199 6 7 154
199 6 7 214
199 6 7 46
199 6 7 8
199 6 7 170
199 6 7 218
199 6 7 90
199 6 7 5
199 6 7 114
199 6 7 228
199 6 7 49
199 6 7 3
199 6 7 135
199 6 7 206
199 6 7 12
199 6 7 8
199 6 7 139
199 6 7 228
199 6 7 48
199 6 8 7
199 6 8 157
199 6 8 219
199 6 8 33
199 6 8 3
199 6 8 170
199 6 8 211
199 6 8 37
199 6 8 3
199 6 8 165
199 6 8 204
199 6 8 211
199 6 8 5
199 6 8 114
199 6 8 219
199 6 8 40
199 6 8 6
199 6 8 103
199 6 8 207
199 6 8 22
199 6 9 9
199 6 9 155
199 6 9 227
199 6 9 163
199 6 9 9
199 6 9 161
199 6 9 211
199 6 9 62
199 6 9 2
199 6 9 101
199 6 9 203
199 6 9 209
199 6 9 6
199 6 9 118
199 6 9 212
199 6 9 174
199 6 9 1
199 6 9 116
199 6 9 210
199 6 9 118
199 6 10 3
199 6 10 199
199 6 10 227
199 6 10 41
199 6 10 6
199 6 10 126
199 6 10 213
199 6 10 114
199 6 10 4
199 6 10 160
199 6 10 223
199 6 10 153
199 6 10 10
199 6 10 145
199 6 10 221
199 6 10 190
199 6 10 6
199 6 10 185
199 6 10 227
199 6 10 153
199 6 11 7
199 6 11 134
199 6 11 222
199 6 11 128
199 6 11 10
199 6 11 142
199 6 11 205
199 6 11 75
199 6 11 10
199 6 11 191
199 6 11 220
199 6 11 13
199 6 11 4
199 6 11 189
199 6 11 213
199 6 11 22
199 6 11 5
199 6 11 165
199 6 11 220
199 6 11 112
199 6 12 4
199 6 12 134
199 6 12 216
199 6 12 221
199 6 12 9
199 6 12 152
199 6 12 208
199 6 12 88
199 6 12 9
199 6 12 188
199 6 12 211
199 6 12 165
199 6 12 6
199 6 12 151
199 6 12 202
199 6 12 205
199 6 12 1
199 6 12 111
199 6 12 202
199 6 12 141
199 6 13 10
199 6 13 100
199 6 13 199
199 6 13 146
199 6 13 1
199 6 13 167
199 6 13 216
199 6 13 178
199 6 13 3
199 6 13 170
199 6 13 205
199 6 13 138
199 6 13 5
199 6 13 194
199 6 13 220
199 6 13 184
199 6 13 10
199 6 13 137
199 6 13 221
199 6 13 169
199 6 14 9
199 6 14 166
199 6 14 222
199 6 14 106
199 6 14 8
199 6 14 191
199 6 14 203
199 6 14 11
199 6 14 5
199 6 14 166
199 6 14 202
199 6 14 116
199 6 14 3
199 6 14 155
199 6 14 219
199 6 14 195
199 6 14 1
199 6 14 125
199 6 14 207
199 6 14 25
199 7 1 2
199 7 1 133
199 7 1 218
199 7 1 151
199 7 1 1
199 7 1 171
199 7 1 227
199 7 1 44
199 7 1 3
199 7 1 105
199 7 1 219
199 7 1 136
199 7 1 10
199 7 1 191
199 7 1 227
199 7 1 31
199 7 1 8
199 7 1 163
199 7 1 210
199 7 1 136
199 7 2 6
199 7 2 168
199 7 2 225
199 7 2 203
199 7 2 7
199 7 2 139
199 7 2 201
199 7 2 216
199 7 2 10
199 7 2 112
199 7 2 206
199 7 2 88
199 7 2 7
199 7 2 163
199 7 2 199
199 7 2 129
199 7 2 10
199 7 2 161
199 7 2 221
199 7 2 92
199 7 3 9
199 7 3 142
199 7 3 228
199 7 3 204
199 7 3 3
199 7 3 153
199 7 3 222
199 7 3 151
199 7 3 10
199 7 3 139
199 7 3 199
199 7 3 50
199 7 3 6
199 7 3 179
199 7 3 209
199 7 3 191
199 7 3 2
199 7 3 117
199 7 3 203
199 7 3 75
199 7 4 3
199 7 4 163
199 7 4 205
199 7 4 156
199 7 4 6
199 7 4 161
199 7 4 227
199 7 4 143
199 7 4 9
199 7 4 130
199 7 4 216
199 7 4 11
199 7 4 1
199 7 4 176
199 7 4 213
199 7 4 202
199 7 4 8
199 7 4 157
199 7 4 218
199 7 4 176
199 7 5 6
199 7 5 106
199 7 5 209
199 7 5 138
199 7 5 7
199 7 5 131
199 7 5 228
199 7 5 18
199 7 5 5
199 7 5 146
199 7 5 212
199 7 5 91
199 7 5 10
199 7 5 117
199 7 5 201
199 7 5 211
199 7 5 3
199 7 5 185
199 7 5 210
199 7 5 203
199 7 6 3
199 7 6 127
199 7 6 200
199 7 6 101
199 7 6 4
199 7 6 159
199 7 6 218
199 7 6 23
199 7 6 8
199 7 6 194
199 7 6 205
199 7 6 80
199 7 6 4
199 7 6 162
199 7 6 221
199 7 6 110
199 7 6 10
199 7 6 180
199 7 6 204
199 7 6 69
199 7 7 1
199 7 7 134
199 7 7 225
199 7 7 90
199 7 7 9
199 7 7 155
199 7 7 207
199 7 7 224
199 7 7 1
199 7 7 192
199 7 7 199
199 7 7 162
199 7 7 3
199 7 7 199
199 7 7 218
199 7 7 159
199 7 7 4
199 7 7 153
199 7 7 210
199 7 7 29
199 7 8 9
199 7 8 118
199 7 8 201
199 7 8 200
199 7 8 9
199 7 8 120
199 7 8 203
199 7 8 196
199 7 8 10
199 7 8 120
199 7 8 199
199 7 8 28
199 7 8 3
199 7 8 171
199 7 8 200
199 7 8 78
199 7 8 8
199 7 8 101
199 7 8 211
199 7 8 195
199 7 9 8
199 7 9 103
199 7 9 199
199 7 9 4
199 7 9 5
199 7 9 190
199 7 9 216
199 7 9 188
199 7 9 9
199 7 9 155
199 7 9 209
199 7 9 105
199 7 9 5
199 7 9 147
199 7 9 210
199 7 9 155
199 7 9 4
199 7 9 136
199 7 9 224
199 7 9 66
199 7 10 5
199 7 10 103
199 7 10 211
199 7 10 16
199 7 10 6
199 7 10 100
199 7 10 203
199 7 10 88
199 7 10 5
199 7 10 185
199 7 10 216
199 7 10 133
199 7 10 7
199 7 10 195
199 7 10 209
199 7 10 66
199 7 10 3
199 7 10 176
199 7 10 201
199 7 10 39
199 7 11 3
199 7 11 116
199 7 11 225
199 7 11 58
199 7 11 2
199 7 11 162
199 7 11 220
199 7 11 177
199 7 11 3
199 7 11 171
199 7 11 215
199 7 11 166
199 7 11 4
199 7 11 121
199 7 11 209
199 7 11 176
199 7 11 2
199 7 11 129
199 7 11 221
199 7 11 209
199 7 12 7
199 7 12 186
199 7 12 214
199 7 12 78
199 7 12 6
199 7 12 198
199 7 12 204
199 7 12 181
199 7 12 1
199 7 12 197
199 7 12 213
199 7 12 141
199 7 12 10
199 7 12 130
199 7 12 214
199 7 12 131
199 7 12 4
199 7 12 174
199 7 12 218
199 7 12 195
199 7 13 1
199 7 13 124
199 7 13 207
199 7 13 10
199 7 13 9
199 7 13 184
199 7 13 215
199 7 13 108
199 7 13 1
199 7 13 155
199 7 13 222
199 7 13 212
199 7 13 7
199 7 13 181
199 7 13 203
199 7 13 41
199 7 13 2
199 7 13 105
199 7 13 210
199 7 13 113
199 7 14 4
199 7 14 158
199 7 14 209
199 7 14 111
199 7 14 6
199 7 14 165
199 7 14 203
199 7 14 73
199 7 14 1
199 7 14 110
199 7 14 206
199 7 14 61
199 7 14 3
199 7 14 112
199 7 14 208
199 7 14 14
199 7 14 10
199 7 14 193
199 7 14 208
199 7 14 36
199 8 1 8
199 8 1 145
199 8 1 224
199 8 1 155
199 8 1 5
199 8 1 154
199 8 1 224
199 8 1 28
199 8 1 3
199 8 1 105
199 8 1 203
199 8 1 150
199 8 1 4
199 8 1 116
199 8 1 201
199 8 1 170
199 8 1 6
199 8 1 105
199 8 1 225
199 8 1 134
199 8 2 10
199 8 2 134
199 8 2 212
199 8 2 48
199 8 2 8
199 8 2 148
199 8 2 222
199 8 2 128
199 8 2 7
199 8 2 107
199 8 2 207
199 8 2 49
199 8 2 1
199 8 2 104
199 8 2 202
199 8 2 120
199 8 2 2
199 8 2 150
199 8 2 219
199 8 2 93
199 8 3 4
199 8 3 132
199 8 3 220
199 8 3 150
199 8 3 9
199 8 3 159
199 8 3 213
199 8 3 33
199 8 3 9
199 8 3 141
199 8 3 202
199 8 3 10
199 8 3 4
199 8 3 197
199 8 3 210
199 8 3 96
199 8 3 4
199 8 3 186
199 8 3 204
199 8 3 35
199 8 4 5
199 8 4 124
199 8 4 202
199 8 4 111
199 8 4 3
199 8 4 185
199 8 4 202
199 8 4 122
199 8 4 9
199 8 4 176
199 8 4 202
199 8 4 14
199 8 4 1
199 8 4 146
199 8 4 201
199 8 4 25
199 8 4 1
199 8 4 143
199 8 4 219
199 8 4 10
199 8 5 4
199 8 5 165
199 8 5 223
199 8 5 30
199 8 5 1
199 8 5 102
199 8 5 225
199 8 5 170
199 8 5 2
199 8 5 169
199 8 5 223
199 8 5 170
199 8 5 6
199 8 5 110
199 8 5 200
199 8 5 145
199 8 5 10
199 8 5 121
199 8 5 207
199 8 5 2
199 8 6 3
199 8 6 157
199 8 6 221
199 8 6 3
199 8 6 3
199 8 6 105
199 8 6 212
199 8 6 225
199 8 6 1
199 8 6 194
199 8 6 205
199 8 6 65
199 8 6 5
199 8 6 129
199 8 6 221
199 8 6 199
199 8 6 8
199 8 6 120
199 8 6 201
199 8 6 132
199 8 7 4
199 8 7 193
199 8 7 199
199 8 7 175
199 8 7 2
199 8 7 123
199 8 7 206
199 8 7 134
199 8 7 9
199 8 7 174
199 8 7 207
199 8 7 23
199 8 7 1
199 8 7 123
199 8 7 221
199 8 7 219
199 8 7 2
199 8 7 153
199 8 7 208
199 8 7 188
199 8 8 6
199 8 8 186
199 8 8 225
199 8 8 199
199 8 8 5
199 8 8 113
199 8 8 211
199 8 8 131
199 8 8 8
199 8 8 142
199 8 8 199
199 8 8 197
199 8 8 3
199 8 8 137
199 8 8 219
199 8 8 87
199 8 8 3
199 8 8 145
199 8 8 204
199 8 8 193
199 8 9 4
199 8 9 137
199 8 9 207
199 8 9 158
199 8 9 8
199 8 9 198
199 8 9 217
199 8 9 37
199 8 9 6
199 8 9 173
199 8 9 220
199 8 9 82
199 8 9 6
199 8 9 125
199 8 9 224
199 8 9 16
199 8 9 6
199 8 9 177
199 8 9 226
199 8 9 148
199 8 10 10
199 8 10 163
199 8 10 210
199 8 10 131
199 8 10 6
199 8 10 158
199 8 10 200
199 8 10 73
199 8 10 2
199 8 10 121
199 8 10 210
199 8 10 76
199 8 10 1
199 8 10 165
199 8 10 206
199 8 10 106
199 8 10 1
199 8 10 194
199 8 10 226
199 8 10 103
199 8 11 5
199 8 11 104
199 8 11 204
199 8 11 146
199 8 11 3
199 8 11 128
199 8 11 215
199 8 11 204
199 8 11 3
199 8 11 131
199 8 11 221
199 8 11 209
199 8 11 4
199 8 11 129
199 8 11 203
199 8 11 71
199 8 11 1
199 8 11 176
199 8 11 211
199 8 11 194
199 8 12 2
199 8 12 156
199 8 12 204
199 8 12 199
199 8 12 5
199 8 12 114
199 8 12 221
199 8 12 64
199 8 12 4
199 8 12 104
199 8 12 211
199 8 12 30
199 8 12 4
199 8 12 108
199 8 12 200
199 8 12 54
199 8 12 4
199 8 12 134
199 8 12 225
199 8 12 60
199 8 13 3
199 8 13 151
199 8 13 206
199 8 13 170
199 8 13 3
199 8 13 146
199 8 13 201
199 8 13 67
199 8 13 9
199 8 13 140
199 8 13 213
199 8 13 88
199 8 13 8
199 8 13 123
199 8 13 210
199 8 13 72
199 8 13 3
199 8 13 166
199 8 13 218
199 8 13 182
199 8 14 2
199 8 14 166
199 8 14 223
199 8 14 224
199 8 14 7
199 8 14 194
199 8 14 214
199 8 14 206
199 8 14 6
199 8 14 128
199 8 14 207
199 8 14 4
199 8 14 9
199 8 14 152
199 8 14 216
199 8 14 184
199 8 14 6
199 8 14 113
199 8 14 218
199 8 14 23
199 9 1 5
199 9 1 146
199 9 1 202
199 9 1 226
199 9 1 5
199 9 1 105
199 9 1 225
199 9 1 156
199 9 1 3
199 9 1 167
199 9 1 214
199 9 1 172
199 9 1 8
199 9 1 156
199 9 1 218
199 9 1 14
199 9 1 6
199 9 1 149
199 9 1 201
199 9 1 34
199 9 2 10
199 9 2 106
199 9 2 204
199 9 7 165
199 9 7 6
199 9 7 108
199 9 7 199
199 9 7 141
199 9 8 7
199 9 8 145
199 9 8 225
199 9 8 164
199 9 8 10
199 9 8 159
199 9 8 219
199 9 8 225
199 9 8 8
199 9 8 143
199 9 8 212
199 9 8 99
199 9 8 6
199 9 8 165
199 9 8 207
199 9 8 84
199 9 8 8
199 9 8 156
199 9 8 226
199 9 8 126
199 9 9 2
199 9 9 133
199 9 9 221
199 9 9 203
199 9 9 4
199 9 9 169
199 9 9 209
199 9 9 42
199 9 9 6
199 9 9 174
199 9 9 208
199 9 9 154
199 9 9 2
199 9 9 195
199 9 9 201
199 9 9 156
199 9 9 3
199 9 9 194
199 12 10 7
199 12 10 154
199 12 10 215
199 12 10 86
199 12 10 8
199 12 10 138
199 12 10 199
199 12 10 164
199 12 11 10
199 12 11 149
199 12 11 202
199 12 11 187
199 12 11 10
199 12 11 183
199 12 11 220
199 14 14 170
