101 14 10 19
101 3 16 32
101 13 17 25
101 13 1 20
101 5 19 28
101 13 3 28
101 8 15 23
101 19 4 28
101 8 10 20
101 10 3 27
101 2 20 22
101 2 4 27
101 6 14 27
101 1 10 25
101 15 13 30
101 3 11 21
101 11 12 18
101 19 12 27
101 7 20 22
101 7 14 29
101 19 18 20
101 14 7 31
101 18 19 23
101 4 20 25
101 7 2 26
101 6 1 29
101 9 1 30
101 15 3 29
101 6 10 19
101 2 1 21
101 9 13 23
101 15 6 31
101 18 5 23
101 5 15 21
101 9 16 29
101 15 9 19
101 9 1 30
101 3 6 24
101 13 7 21
101 5 17 21
101 9 13 23
101 18 14 30
101 9 13 23
101 11 7 28
101 7 4 22
101 7 5 27
101 14 15 25
101 13 13 28
101 14 7 31
101 17 19 24
101 3 12 18
101 18 6 24
101 14 19 26
101 11 3 22
101 3 6 24
101 4 15 29
101 6 14 27
101 18 8 25
101 1 15 25
101 4 10 21
101 19 20 28
101 2 16 27
101 1 20 24
101 2 4 27
101 9 13 23
101 1 2 28
101 3 15 27
101 12 10 27
101 15 15 19
101 3 5 29
101 3 8 26
101 13 6 25
101 12 10 27
101 9 8 25
101 12 18 21
101 13 14 24
101 4 7 17
101 6 14 27
101 20 20 26
101 6 17 24
101 2 10 28
101 14 20 21
101 16 7 24
101 3 18 19
101 4 8 27
101 3 5 29
101 3 8 26
101 1 1 24
101 16 16 32
101 20 17 22
101 16 1 14
101 12 16 26
101 13 12 22
101 17 19 24
101 19 2 19
101 20 10 28
101 3 16 32
101 3 8 26
101 18 3 27
101 1 7 30
101 4 18 30
101 3 4 23
101 3 9 27
101 6 18 27
101 6 5 32
101 17 1 26
101 6 9 26
101 10 9 26
101 11 5 24
101 13 5 27
101 7 2 26
101 4 19 29
101 4 4 27
101 18 8 25
101 6 6 26
101 3 3 22
101 10 16 21
101 17 12 28
101 10 1 26
101 12 3 29
101 20 4 22
101 6 17 24
101 2 3 22
101 12 3 29
101 16 5 31
101 11 16 24
101 18 11 26
101 13 16 23
101 19 14 18
101 20 10 28
101 6 20 26
101 15 9 19
101 15 19 18
101 1 1 24
101 7 8 29
101 15 17 20
101 13 10 22
101 19 15 25
101 10 15 23
101 18 4 21
101 1 13 25
101 17 10 25
101 6 6 26
101 10 4 25
101 9 8 25
101 8 4 27
101 12 6 23
101 17 12 28
101 4 2 17
101 6 20 26
101 5 13 22
101 10 2 26
101 13 7 21
101 12 2 24
101 8 17 34
101 7 8 29
101 2 5 25
101 12 10 27
101 7 8 29
101 14 5 22
101 10 16 21
101 14 9 27
101 5 19 28
101 15 17 20
101 8 17 34
101 7 10 27
101 8 12 22
101 8 9 27
101 16 16 32
101 19 19 21
101 2 17 24
101 5 14 32
101 4 20 25
101 8 17 34
101 5 18 25
101 14 6 26
101 9 17 25
101 12 7 21
101 9 4 28
101 19 7 25
101 12 3 29
101 10 10 27
101 5 3 29
101 12 8 18
101 19 18 20
101 2 18 25
101 11 17 28
101 9 20 29
101 7 1 31
101 1 15 25
101 14 7 31
101 10 13 24
101 20 6 25
101 10 10 27
101 1 4 23
101 15 8 31
101 20 16 31
101 19 15 25
101 8 6 24
101 16 13 33
101 19 1 25
101 19 20 28
101 3 13 23
101 16 4 25
101 6 3 27
101 10 17 27
101 3 19 25
101 20 10 28
101 20 15 23
101 1 15 25
101 14 4 24
101 13 11 26
101 2 1 21
101 17 19 24
101 16 15 22
101 2 3 22
101 12 11 33
101 7 20 22
101 12 17 29
101 6 12 27
101 11 18 25
101 19 3 26
101 11 9 26
101 9 18 25
101 1 4 23
101 1 14 29
101 5 10 23
101 10 5 28
101 16 6 20
101 3 9 27
101 12 4 29
101 20 13 28
101 2 20 22
101 6 6 26
101 9 13 23
101 17 2 20
101 17 20 25
101 18 9 26
101 11 17 28
101 15 19 18
101 20 12 24
101 20 17 22
101 2 20 22
101 9 2 33
101 20 1 24
101 14 16 26
101 8 17 34
101 8 15 23
101 6 8 16
101 2 20 22
101 5 3 29
101 12 3 29
101 9 5 25
101 10 17 27
101 14 2 28
101 5 19 28
101 5 11 19
101 19 19 21
101 8 16 29
101 7 19 26
101 20 17 22
101 8 5 20
101 7 15 23
101 1 2 28
101 10 11 24
101 9 3 26
101 8 17 34
101 1 11 24
101 11 16 24
101 3 8 26
101 8 13 25
101 6 14 27
101 10 6 25
101 6 16 27
101 16 9 27
101 17 2 20
101 20 2 26
101 6 3 27
101 12 13 28
101 3 1 30
101 17 13 26
101 15 2 24
101 16 15 22
101 18 15 24
101 13 10 22
101 18 6 24
101 14 17 26
101 20 13 28
101 16 5 31
101 13 3 28
101 9 4 28
101 9 6 23
101 4 10 21
101 13 8 21
101 18 8 25
101 2 18 25
101 16 5 31
101 19 9 21
101 2 9 27
101 4 5 28
101 7 19 26
101 2 2 26
101 18 17 27
101 9 10 23
101 18 14 30
101 3 8 26
101 8 5 20
101 18 13 23
101 3 6 24
101 2 2 26
101 2 1 21
101 2 3 22
101 14 20 21
101 5 16 24
101 19 6 24
101 1 8 24
101 11 6 26
101 2 10 28
101 2 15 18
101 18 19 23
101 1 10 25
101 11 3 22
101 10 19 34
101 5 3 29
101 12 14 34
101 13 3 28
101 17 14 29
101 10 1 26
101 13 12 22
101 7 8 29
101 12 10 27
101 5 12 25
101 6 18 27
101 1 15 25
101 13 3 28
101 13 13 28
101 3 17 27
101 7 10 27
101 2 3 22
101 7 4 22
101 11 5 24
101 20 3 24
101 15 9 19
101 16 11 20
101 19 15 25
101 3 20 28
101 17 15 20
101 9 16 29
101 19 18 20
101 19 9 21
101 13 15 27
101 12 11 33
101 15 16 27
101 16 12 25
101 10 12 26
101 2 3 22
101 5 15 21
101 11 8 23
101 19 15 25
101 13 4 28
101 2 7 26
101 16 6 20
101 17 1 26
101 4 20 25
101 5 1 22
101 2 13 30
101 8 15 23
101 5 11 19
101 2 7 26
101 18 13 23
101 6 20 26
101 16 9 27
101 9 15 25
101 17 6 27
101 4 18 30
101 9 9 21
101 8 17 34
101 11 18 25
101 14 15 25
101 17 5 30
101 15 6 31
101 19 10 24
101 19 10 24
101 16 20 32
101 17 9 27
101 10 9 26
101 2 15 18
101 12 16 26
101 14 7 31
101 14 20 21
101 3 11 21
101 4 19 29
101 20 20 26
101 20 7 22
101 3 3 22
101 19 1 25
101 16 9 27
101 16 14 31
101 3 19 25
101 2 6 16
101 20 9 24
101 7 10 27
101 3 15 27
101 15 13 30
101 16 8 21
101 2 6 16
101 2 1 21
101 14 9 27
101 18 8 25
101 6 3 27
101 7 14 29
101 8 15 23
101 13 15 27
101 10 7 26
101 20 18 21
101 12 5 25
101 19 7 25
101 9 13 23
101 14 5 22
101 6 16 27
101 12 2 24
101 1 19 25
101 16 18 27
101 4 1 29
101 18 8 25
101 7 3 25
101 6 4 28
101 6 16 27
101 12 1 26
101 12 18 21
101 7 20 22
101 6 17 24
101 10 4 25
101 3 20 28
101 13 1 20
101 9 1 30
101 14 5 22
101 9 6 23
101 4 19 29
101 1 9 24
101 9 9 21
101 4 4 27
101 16 16 32
101 13 4 28
101 6 12 27
101 19 10 24
101 16 20 32
101 7 3 25
101 19 14 18
101 4 17 26
101 10 12 26
101 15 7 28
101 10 2 26
101 8 6 24
101 7 8 29
101 7 10 27
101 19 12 27
101 20 16 31
101 10 16 21
101 10 3 27
101 11 12 18
101 2 8 23
101 18 14 30
101 18 12 31
101 13 9 28
101 10 11 24
101 6 15 23
101 11 13 29
101 14 19 26
101 18 8 25
101 20 18 21
101 11 18 25
101 18 12 31
101 17 13 26
101 2 4 27
101 13 6 25
101 9 8 25
103 19 12 18
103 19 11 20
103 2 14 24
103 19 18 30
103 18 12 19
103 11 7 30
103 8 16 26
103 7 19 24
103 9 15 27
103 4 9 19
103 18 16 29
103 16 5 16
103 2 9 17
103 7 20 27
103 18 20 18
103 10 6 26
103 13 11 23
103 8 15 30
103 12 11 21
103 19 14 27
103 16 19 24
103 18 14 25
103 2 19 27
103 3 9 29
103 2 18 19
103 19 19 28
103 18 13 27
103 18 10 27
103 1 10 18
103 13 15 22
103 12 17 27
103 13 13 22
103 8 15 30
103 20 4 26
103 16 10 23
103 6 18 23
103 1 19 24
103 6 13 23
103 17 10 19
103 3 3 23
103 17 20 29
103 1 19 24
103 17 5 27
103 3 8 23
103 13 7 18
103 16 11 26
103 16 7 29
103 13 5 21
103 9 2 23
103 4 19 28
103 9 17 24
103 18 20 18
103 8 9 20
103 20 10 21
103 1 17 25
103 19 2 25
103 11 9 23
103 11 15 25
103 18 1 21
103 16 16 29
103 13 20 23
103 11 8 30
103 9 16 27
103 6 7 32
103 19 11 20
103 14 20 23
103 5 18 22
103 13 3 26
103 15 13 22
103 17 3 22
103 3 5 25
103 11 3 31
103 13 14 26
103 6 4 25
103 18 2 28
103 1 11 30
103 18 9 21
103 14 6 25
103 7 3 25
103 6 17 18
103 10 16 22
103 10 11 27
103 17 6 25
103 15 18 27
103 2 13 25
103 12 1 28
103 6 8 19
103 1 12 22
103 14 19 26
103 17 6 25
103 20 19 23
103 1 15 29
103 2 6 22
103 14 2 18
103 12 17 27
103 6 5 23
103 8 10 32
103 13 18 26
103 11 3 31
103 4 3 22
103 5 5 29
103 2 1 29
103 1 14 26
103 19 6 24
103 18 2 28
103 8 7 23
103 7 18 21
103 9 8 26
103 14 4 17
103 1 8 28
103 3 3 23
103 8 12 24
103 13 12 26
103 13 11 23
103 5 2 21
103 1 10 18
103 3 16 27
103 4 16 32
103 3 17 24
103 3 7 19
103 9 16 27
103 7 14 26
103 15 16 24
103 2 2 21
103 9 12 25
103 4 7 24
103 20 14 23
103 18 7 23
103 9 9 22
103 14 16 27
103 12 18 27
103 12 9 26
103 11 4 21
103 18 12 19
103 9 4 26
103 1 5 24
103 11 10 17
103 11 18 24
103 20 9 26
103 5 13 33
103 1 17 25
103 7 14 26
103 8 5 21
103 3 10 22
103 18 9 21
103 18 11 22
103 16 13 21
103 1 14 26
103 16 13 21
103 19 14 27
103 12 19 20
103 19 15 28
103 12 2 26
103 10 12 20
103 10 16 22
103 5 8 29
103 8 20 22
103 10 1 22
103 17 8 21
103 17 17 23
103 2 12 28
103 20 10 21
103 16 4 22
103 12 13 26
103 10 7 29
103 10 18 26
103 20 18 23
103 4 14 27
103 7 7 24
103 11 16 26
103 10 14 22
103 8 10 32
103 8 20 22
103 15 12 29
103 8 13 27
103 12 4 21
103 1 15 29
103 7 7 24
103 15 15 26
103 7 9 18
103 11 20 23
103 6 15 24
103 14 18 27
103 14 1 27
103 5 16 26
103 16 2 23
103 16 9 23
103 2 16 22
103 10 10 21
103 10 19 28
103 7 4 22
103 9 4 26
103 8 10 32
103 19 10 21
103 13 20 23
103 3 8 23
103 19 12 18
103 16 11 26
103 14 11 20
103 18 9 21
103 20 8 23
103 15 7 26
103 1 12 22
103 16 5 16
103 5 7 26
103 13 7 18
103 20 11 25
103 9 2 23
103 20 1 30
103 15 19 29
103 14 12 30
103 14 6 25
103 8 4 24
103 4 5 18
103 8 13 27
103 3 11 21
103 9 20 23
103 6 12 24
103 7 7 24
103 17 12 21
103 12 3 22
103 10 11 27
103 14 7 31
103 16 5 16
103 13 11 23
103 7 1 28
103 19 2 25
103 16 2 23
103 14 16 27
103 17 1 23
103 8 1 28
103 19 8 23
103 10 10 21
103 6 9 27
103 9 4 26
103 10 6 26
103 14 10 27
103 1 1 20
103 15 3 22
103 13 4 29
103 5 5 29
103 7 19 24
103 13 9 23
103 20 12 25
103 5 12 25
103 12 17 27
103 3 12 28
103 2 7 29
103 6 2 22
103 3 20 19
103 14 18 27
103 16 4 22
103 10 1 22
103 16 18 21
103 1 10 18
103 2 9 17
103 20 13 29
103 12 10 23
103 1 10 18
103 19 17 24
103 3 17 24
103 3 15 27
103 8 7 23
103 9 17 24
103 15 4 25
103 17 10 19
103 14 12 30
103 5 9 26
103 12 5 21
103 18 17 30
103 7 19 24
103 2 17 27
103 1 2 29
103 10 2 29
103 20 2 27
103 10 13 28
103 19 15 28
103 9 11 17
103 20 12 25
103 17 15 23
103 18 3 19
103 3 1 27
103 10 19 28
103 8 9 20
103 16 17 19
103 12 8 24
103 20 3 27
103 19 12 18
103 7 11 31
103 14 19 26
103 7 17 26
103 16 5 16
103 16 16 29
103 1 17 25
103 12 7 22
103 10 19 28
103 5 8 29
103 12 15 27
103 2 19 27
103 16 13 21
103 19 14 27
103 14 4 17
103 10 12 20
103 4 10 25
103 20 10 21
103 6 5 23
103 13 5 21
103 2 2 21
103 12 17 27
103 2 16 22
103 4 13 25
103 15 17 16
103 7 14 26
103 11 9 23
103 8 3 21
103 3 8 23
103 11 4 21
103 8 8 29
103 19 10 21
103 3 19 21
103 19 13 25
103 8 1 28
103 4 13 25
103 10 7 29
103 9 13 28
103 2 13 25
103 3 6 25
103 18 2 28
103 12 20 23
103 1 9 28
103 2 14 24
103 11 1 24
103 14 7 31
103 5 15 21
103 10 20 25
103 1 6 24
103 8 9 20
103 2 10 28
103 1 9 28
103 1 3 29
103 13 9 23
103 17 18 23
103 1 18 27
103 10 7 29
103 6 8 19
103 2 7 29
103 11 4 21
103 14 19 26
103 8 10 32
103 20 4 26
103 20 3 27
103 9 8 26
103 3 20 19
103 14 9 23
103 8 9 20
103 16 8 23
103 1 9 28
103 8 4 24
103 15 17 16
103 12 1 28
103 20 13 29
103 1 11 30
103 10 10 21
103 5 7 26
103 11 16 26
103 8 20 22
103 17 2 22
103 15 4 25
103 4 15 21
103 7 6 23
103 12 2 26
103 16 10 23
103 8 6 27
103 1 17 25
103 6 9 27
103 9 8 26
103 16 20 29
103 8 8 29
103 15 11 25
103 6 19 22
103 16 15 24
103 11 10 17
103 11 6 28
103 17 7 28
103 6 5 23
103 18 11 22
103 20 13 29
103 5 8 29
103 9 17 24
103 3 20 19
103 10 16 22
103 3 2 28
103 9 12 25
103 4 15 21
103 19 4 28
103 11 17 30
103 1 10 18
103 13 6 24
103 18 20 18
103 10 11 27
103 3 19 21
103 7 16 26
103 15 7 26
103 19 3 25
103 4 2 22
103 11 12 23
103 18 10 27
103 13 2 23
103 20 1 30
103 20 6 28
103 20 20 29
103 8 15 30
103 6 20 25
103 11 5 19
103 11 18 24
103 11 14 19
103 10 7 29
103 1 3 29
103 2 4 30
103 10 12 20
103 1 11 30
103 14 9 23
103 19 17 24
103 3 11 21
103 9 11 17
103 20 18 23
103 1 8 28
103 20 18 23
103 5 19 26
103 13 19 26
103 20 2 27
103 9 9 22
103 14 10 27
103 9 10 23
103 6 9 27
103 16 1 24
103 18 19 28
103 19 19 28
103 16 13 21
103 16 12 23
103 2 15 22
103 7 1 28
103 8 11 23
103 18 5 20
103 11 13 21
103 20 7 25
103 5 7 26
103 5 16 26
103 11 16 26
103 5 14 21
103 16 7 29
103 10 20 25
103 4 14 27
103 4 11 22
103 19 8 23
103 13 10 29
103 12 7 22
103 11 11 28
103 19 5 25
103 16 13 21
103 16 10 23
103 11 5 19
103 13 9 23
103 19 12 18
103 18 2 28
103 11 8 30
103 12 17 27
103 6 6 23
103 13 5 21
103 17 4 29
103 6 6 23
103 12 13 26
103 6 8 19
103 4 18 23
103 4 17 30
103 1 10 18
103 9 8 26
107 19 12 25
107 3 17 16
107 1 7 30
107 15 5 24
107 11 3 23
107 13 20 20
107 11 1 24
107 4 10 21
107 12 5 23
107 7 16 27
107 8 20 24
107 12 15 23
107 16 6 18
107 15 6 19
107 8 9 18
107 13 1 22
107 19 17 24
107 14 4 25
107 10 15 26
107 19 13 19
107 1 6 30
107 11 7 26
107 17 2 24
107 9 9 21
107 16 11 23
107 4 6 22
107 15 13 15
107 7 19 26
107 1 13 25
107 3 9 31
107 8 10 25
107 3 1 22
107 11 15 21
107 7 5 28
107 15 12 17
107 8 2 22
107 14 16 25
107 3 15 26
107 17 17 25
107 15 1 20
107 16 4 27
107 20 9 24
107 5 11 22
107 15 15 19
107 1 9 22
107 18 12 28
107 3 14 25
107 1 1 22
107 1 19 26
107 5 4 25
107 20 15 23
107 6 7 30
107 5 11 22
107 16 16 22
107 18 9 29
107 20 14 28
107 6 13 20
107 5 8 22
107 6 12 29
107 10 13 23
107 18 6 22
107 16 19 25
107 18 17 25
107 14 16 25
107 20 10 24
107 12 11 32
107 16 7 28
107 2 17 21
107 13 16 22
107 16 2 29
107 18 16 26
107 4 12 23
107 12 20 20
107 17 7 25
107 20 13 24
107 6 14 25
107 16 11 23
107 19 9 23
107 6 14 25
107 6 19 32
107 4 3 24
107 2 14 22
107 4 7 19
107 15 11 25
107 13 3 28
107 6 16 24
107 6 12 29
107 10 4 17
107 1 16 19
107 10 6 29
107 13 15 22
107 5 8 22
107 9 9 21
107 14 2 20
107 12 13 25
107 8 7 20
107 14 16 25
107 5 16 21
107 15 5 24
107 15 13 15
107 12 9 21
107 7 16 27
107 18 8 22
107 7 17 23
107 16 5 21
107 11 12 25
107 8 14 28
107 10 10 24
107 10 8 25
107 7 17 23
107 5 6 24
107 14 8 25
107 7 14 26
107 14 13 23
107 12 9 21
107 9 19 18
107 9 19 18
107 20 8 25
107 17 13 23
107 2 3 20
107 19 3 27
107 2 7 26
107 3 19 22
107 13 4 25
107 6 17 22
107 9 6 16
107 15 5 24
107 9 2 24
107 6 15 20
107 10 3 20
107 10 4 17
107 14 2 20
107 15 16 22
107 15 2 21
107 20 5 17
107 6 18 17
107 13 16 22
107 19 14 25
107 2 5 21
107 18 9 29
107 9 11 18
107 20 6 28
107 3 11 26
107 18 8 22
107 1 14 19
107 7 7 21
107 1 12 25
107 2 4 26
107 13 9 23
107 1 11 25
107 1 2 23
107 7 14 26
107 1 6 30
107 20 16 24
107 1 6 30
107 9 3 20
107 12 7 12
107 8 8 23
107 6 10 21
107 3 1 22
107 6 19 32
107 2 10 26
107 18 6 22
107 13 7 22
107 10 4 17
107 6 15 20
107 2 4 26
107 2 19 23
107 19 14 25
107 19 7 22
107 19 2 27
107 20 12 24
107 14 18 14
107 18 12 28
107 14 15 22
107 19 12 25
107 12 5 23
107 17 8 25
107 17 11 23
107 1 15 23
107 1 6 30
107 6 11 24
107 9 6 16
107 18 12 28
107 6 11 24
107 3 7 26
107 17 10 27
107 15 3 28
107 3 12 29
107 10 1 27
107 10 12 22
107 12 7 12
107 14 9 20
107 11 4 29
107 5 11 22
107 15 17 20
107 3 9 31
107 16 17 26
107 11 15 21
107 11 7 26
107 10 12 22
107 11 2 26
107 1 12 25
107 20 9 24
107 19 14 25
107 2 9 22
107 13 11 20
107 8 18 19
107 14 15 22
107 15 3 28
107 9 6 16
107 1 10 22
107 10 12 22
107 17 10 27
107 11 13 20
107 15 4 29
107 2 20 25
107 8 15 21
107 14 4 25
107 18 9 29
107 9 1 25
107 2 19 23
107 1 15 23
107 1 6 30
107 13 7 22
107 1 8 26
107 20 15 23
107 12 16 23
107 15 11 25
107 8 16 18
107 7 2 25
107 19 3 27
107 12 1 21
107 10 10 24
107 9 8 28
107 18 11 26
107 13 18 21
107 9 4 19
107 19 10 26
107 12 20 20
107 20 10 24
107 7 6 19
107 11 8 30
107 19 20 25
107 6 8 25
107 8 19 21
107 9 2 24
107 18 14 17
107 19 11 25
107 13 2 28
107 11 14 23
107 2 3 20
107 15 4 29
107 16 18 26
107 14 6 25
107 15 3 28
107 15 3 28
107 19 12 25
107 17 8 25
107 4 10 21
107 2 3 20
107 13 14 22
107 19 17 24
107 14 17 28
107 16 3 23
107 10 12 22
107 7 4 24
107 2 5 21
107 8 11 21
107 10 11 19
107 17 18 22
107 11 7 26
107 15 9 24
107 10 14 24
107 19 15 23
107 18 17 25
107 6 11 24
107 17 20 17
107 15 4 29
107 18 15 19
107 5 20 18
107 14 6 25
107 14 20 22
107 10 11 19
107 10 3 20
107 4 19 22
107 15 17 20
107 14 11 23
107 15 20 28
107 1 3 29
107 12 20 20
107 20 5 17
107 15 6 19
107 13 1 22
107 3 10 27
107 4 20 22
107 12 3 26
107 18 11 26
107 7 3 24
107 13 8 19
107 13 4 25
107 18 20 22
107 7 8 31
107 4 8 24
107 4 8 24
107 15 17 20
107 15 9 24
107 16 5 21
107 9 5 16
107 20 14 28
107 17 19 29
107 14 13 23
107 1 18 20
107 11 10 25
107 12 20 20
107 5 17 20
107 14 8 25
107 2 7 26
107 2 17 21
107 15 19 24
107 16 15 23
107 2 5 21
107 7 13 27
107 17 3 25
107 2 9 22
107 14 10 32
107 9 17 23
107 2 18 22
107 4 6 22
107 14 14 19
107 4 20 22
107 9 14 29
107 18 12 28
107 20 12 24
107 16 2 29
107 19 1 30
107 20 7 21
107 20 8 25
107 3 5 30
107 8 13 25
107 4 20 22
107 10 2 19
107 7 2 25
107 16 20 30
107 15 8 21
107 15 17 20
107 19 3 27
107 13 8 19
107 3 18 22
107 16 9 26
107 8 10 25
107 11 16 21
107 4 12 23
107 11 6 17
107 12 12 30
107 8 5 23
107 13 19 22
107 1 15 23
107 13 12 25
107 7 20 25
107 13 8 19
107 11 10 25
107 20 18 22
107 3 13 21
107 19 4 20
107 18 14 17
107 7 1 30
107 11 4 29
107 4 9 28
107 6 12 29
107 3 5 30
107 18 14 17
107 20 3 24
107 8 4 17
107 10 3 20
107 4 6 22
107 19 12 25
107 3 3 24
107 8 13 25
107 4 11 23
107 20 15 23
107 20 4 26
107 12 10 25
107 7 16 27
107 3 18 22
107 17 17 25
107 3 11 26
107 20 5 17
107 6 15 20
107 13 16 22
107 6 2 24
107 1 12 25
107 3 16 23
107 10 18 25
107 3 13 21
107 14 18 14
107 9 15 20
107 15 6 19
107 13 7 22
107 16 17 26
107 19 1 30
107 6 6 27
107 14 18 14
107 2 6 21
107 11 7 26
107 16 1 30
107 12 16 23
107 7 14 26
107 16 11 23
107 17 10 27
107 10 12 22
107 11 14 23
107 17 1 25
107 19 17 24
107 18 1 21
107 7 2 25
107 17 12 25
107 3 5 30
107 16 2 29
107 10 13 23
107 3 15 26
107 1 7 30
107 13 18 21
107 12 18 19
107 17 9 23
107 2 20 25
107 3 11 26
107 4 18 26
107 12 2 25
107 19 10 26
107 16 7 28
107 1 18 20
107 4 15 25
107 19 10 26
107 14 6 25
107 11 6 17
107 11 11 28
107 2 1 21
107 11 17 20
107 20 15 23
107 13 18 21
107 1 8 26
107 6 7 30
107 12 10 25
107 8 8 23
107 6 2 24
107 2 8 18
107 2 10 26
107 2 19 23
107 18 10 19
107 20 20 27
107 12 9 21
107 2 12 22
107 10 8 25
107 11 14 23
107 14 13 23
107 1 7 30
107 6 2 24
107 19 11 25
107 1 2 23
107 17 9 23
107 19 12 25
107 1 9 22
107 20 12 24
107 16 7 28
107 14 13 23
107 11 14 23
107 4 11 23
107 2 7 26
107 15 8 21
107 10 19 30
107 17 9 23
107 16 3 23
107 18 11 26
107 16 11 23
107 16 3 23
107 18 19 23
109 5 2 21
109 20 17 21
109 2 3 21
109 1 9 22
109 14 16 24
109 14 20 25
109 14 20 25
109 16 8 28
109 9 13 17
109 2 9 23
109 8 5 22
109 13 13 22
109 18 15 22
109 20 11 17
109 19 17 27
109 2 9 23
109 16 16 26
109 15 5 22
109 8 19 21
109 4 7 26
109 10 7 18
109 19 15 28
109 3 14 23
109 6 15 25
109 18 2 28
109 3 4 25
109 15 5 22
109 17 4 27
109 7 9 30
109 5 10 16
109 13 10 19
109 15 10 23
109 13 20 19
109 4 17 24
109 10 18 20
109 8 15 27
109 20 8 23
109 12 14 19
109 8 14 32
109 13 16 13
109 11 12 18
109 3 8 25
109 12 18 21
109 16 8 28
109 4 16 21
109 1 6 21
109 1 17 22
109 8 9 27
109 16 4 26
109 9 11 17
109 17 6 23
109 12 5 20
109 9 19 22
109 20 13 22
109 2 14 19
109 15 7 19
109 20 4 21
109 3 20 19
109 12 11 24
109 1 13 21
109 20 7 20
109 18 1 28
109 15 12 22
109 16 16 26
109 14 20 25
109 19 5 25
109 11 3 18
109 17 15 22
109 4 20 27
109 4 15 20
109 2 20 20
109 10 5 27
109 11 16 25
109 6 20 23
109 6 4 22
109 13 17 19
109 18 10 19
109 7 1 22
109 10 7 18
109 20 10 19
109 15 15 25
109 2 9 23
109 16 5 24
109 18 8 20
109 19 16 19
109 18 1 28
109 16 1 22
109 4 1 20
109 18 7 24
109 18 19 28
109 14 20 25
109 19 11 24
109 3 20 19
109 7 16 25
109 6 7 30
109 6 16 21
109 13 15 26
109 4 6 25
109 4 3 20
109 20 13 22
109 13 2 21
109 19 11 24
109 9 10 23
109 7 19 15
109 2 18 23
109 15 1 26
109 6 9 22
109 6 7 30
109 11 12 18
109 14 12 21
109 1 15 28
109 18 3 24
109 18 14 26
109 12 16 22
109 15 1 26
109 8 19 21
109 13 4 25
109 7 4 28
109 5 19 20
109 18 7 24
109 4 20 27
109 3 6 18
109 10 4 25
109 20 1 28
109 12 3 24
109 11 16 25
109 18 1 28
109 12 1 22
109 12 3 24
109 3 5 26
109 7 18 20
109 3 14 23
109 20 19 27
109 3 11 26
109 12 16 22
109 7 9 30
109 9 7 19
109 19 3 29
109 16 3 27
109 2 15 27
109 18 16 26
109 14 19 21
109 10 13 17
109 9 14 24
109 19 12 31
109 16 15 22
109 7 4 28
109 19 14 24
109 2 14 19
109 9 4 21
109 15 11 29
109 20 9 19
109 20 5 20
109 11 6 20
109 2 9 23
109 14 14 27
109 1 13 21
109 10 15 19
109 4 8 14
109 7 7 23
109 14 16 24
109 3 2 23
109 13 18 21
109 14 13 21
109 18 18 23
109 15 1 26
109 7 17 20
109 17 14 15
109 18 13 24
109 17 19 19
109 6 16 21
109 16 16 26
109 12 20 19
109 14 6 19
109 12 8 27
109 7 14 22
109 5 9 30
109 13 20 19
109 18 4 19
109 16 20 26
109 4 13 27
109 1 6 21
109 12 12 22
109 9 12 25
109 11 9 26
109 20 11 17
109 1 12 18
109 13 5 25
109 13 8 22
109 9 9 24
109 7 16 25
109 10 7 18
109 1 8 20
109 18 8 20
109 14 11 31
109 4 17 24
109 9 2 26
109 2 16 21
109 19 13 18
109 5 17 26
109 13 3 23
109 12 14 19
109 8 3 27
109 5 3 20
109 8 13 24
109 10 19 23
109 3 3 24
109 12 4 25
109 18 16 26
109 1 5 26
109 11 18 28
109 5 2 21
109 14 2 24
109 20 9 19
109 10 5 27
109 11 6 20
109 4 12 23
109 19 2 22
109 10 2 21
109 16 17 16
109 16 8 28
109 7 1 22
109 2 3 21
109 20 5 20
109 13 19 11
109 17 15 22
109 13 3 23
109 13 17 19
109 7 16 25
109 3 8 25
109 7 5 27
109 11 7 23
109 13 5 25
109 7 13 26
109 7 15 26
109 4 17 24
109 17 13 26
109 5 8 17
109 17 13 26
109 4 10 20
109 11 17 19
109 10 4 25
109 3 7 29
109 20 1 28
109 2 15 27
109 20 9 19
109 17 10 19
109 12 8 27
109 10 2 21
109 20 19 27
109 13 17 19
109 1 20 25
109 20 6 22
109 20 9 19
109 11 2 21
109 15 6 26
109 16 11 27
109 15 7 19
109 5 6 22
109 20 10 19
109 12 8 27
109 13 2 21
109 7 3 17
109 4 14 17
109 14 11 31
109 13 13 22
109 3 13 22
109 8 5 22
109 5 17 26
109 19 9 21
109 18 9 20
109 19 16 19
109 19 8 26
109 15 15 25
109 11 11 27
109 7 6 27
109 2 12 22
109 17 9 27
109 3 4 25
109 15 1 26
109 3 10 20
109 1 2 23
109 11 18 28
109 10 3 25
109 14 19 21
109 12 4 25
109 12 12 22
109 18 10 19
109 6 11 23
109 16 17 16
109 5 14 14
109 7 6 27
109 14 5 25
109 10 18 20
109 6 8 23
109 4 19 19
109 2 19 26
109 2 8 24
109 17 9 27
109 2 17 30
109 15 9 24
109 3 14 23
109 2 6 23
109 14 15 20
109 19 4 26
109 20 10 19
109 7 8 26
109 14 1 24
109 17 11 24
109 16 20 26
109 17 20 20
109 14 12 21
109 15 18 27
109 7 15 26
109 19 7 20
109 14 2 24
109 9 20 25
109 6 8 23
109 16 11 27
109 18 1 28
109 8 8 20
109 19 19 20
109 7 20 25
109 2 2 24
109 10 8 23
109 7 6 27
109 13 10 19
109 8 18 24
109 17 1 25
109 1 10 29
109 1 12 18
109 19 3 29
109 3 12 23
109 5 20 30
109 17 17 24
109 2 19 26
109 8 20 22
109 7 10 21
109 7 8 26
109 2 12 22
109 15 19 27
109 14 1 24
109 10 9 21
109 12 15 27
109 17 12 26
109 6 8 23
109 16 3 27
109 6 18 29
109 20 3 25
109 20 5 20
109 18 8 20
109 7 1 22
109 2 13 26
109 14 14 27
109 6 6 22
109 8 6 18
109 8 1 25
109 3 15 25
109 12 1 22
109 19 4 26
109 11 8 18
109 7 10 21
109 12 15 27
109 14 13 21
109 6 17 15
109 17 14 15
109 14 12 21
109 4 7 26
109 13 16 13
109 1 14 21
109 1 14 21
109 14 13 21
109 16 6 19
109 3 10 20
109 2 3 21
109 3 4 25
109 18 5 21
109 18 6 18
109 13 2 21
109 1 6 21
109 2 4 26
109 9 14 24
109 4 4 27
109 7 10 21
109 18 5 21
109 7 20 25
109 20 9 19
109 20 9 19
109 15 19 27
109 7 12 26
109 1 14 21
109 16 7 22
109 1 14 21
109 10 1 26
109 1 15 28
109 5 7 22
109 16 20 26
109 20 1 28
109 12 4 25
109 7 16 25
109 11 2 21
109 9 15 15
109 16 20 26
109 2 8 24
109 6 16 21
109 8 6 18
109 10 3 25
109 11 15 27
109 3 3 24
109 6 15 25
109 8 5 22
109 6 17 15
109 7 15 26
109 5 4 29
109 1 8 20
109 11 15 27
109 12 9 31
109 1 2 23
109 18 5 21
109 12 15 27
109 17 19 19
109 20 2 21
109 19 20 22
109 1 15 28
109 2 14 19
109 13 17 19
109 5 9 30
109 6 7 30
109 14 10 27
109 20 2 21
109 4 5 25
109 20 2 21
109 6 5 22
109 8 5 22
109 10 14 29
109 17 3 25
109 7 9 30
109 11 2 21
109 17 17 24
109 16 15 22
109 14 15 20
109 19 18 24
109 1 17 22
109 5 14 14
109 9 19 22
109 14 18 20
109 3 14 23
109 6 16 21
109 18 5 21
109 7 17 20
109 18 10 19
109 13 4 25
109 20 14 20
109 9 2 26
109 16 13 26
109 20 10 19
109 6 11 23
109 8 16 18
109 16 13 26
109 5 8 17
109 4 11 19
109 5 20 30
109 11 8 18
109 17 4 27
109 6 16 21
109 5 6 22
109 16 12 23
109 14 15 20
109 17 13 26
109 11 16 25
109 5 17 26
109 15 19 27
109 13 3 23
109 14 12 21
109 17 14 15
109 15 5 22
109 6 20 23
113 18 12 21
113 2 9 23
113 4 13 21
113 18 1 22
113 3 6 18
113 13 18 21
113 2 3 20
113 1 9 22
113 10 1 20
113 17 6 19
113 8 10 20
113 10 2 22
113 12 2 22
113 1 16 24
113 16 14 23
113 14 18 29
113 7 11 18
113 17 8 27
113 4 19 21
113 5 13 20
113 19 10 25
113 11 5 17
113 3 1 23
113 19 5 20
113 1 13 25
113 13 16 20
113 5 16 23
113 15 1 21
113 7 10 23
113 1 16 24
113 11 17 24
113 14 15 21
113 16 12 23
113 7 12 21
113 14 9 27
113 4 7 30
113 3 12 27
113 15 18 22
113 5 16 23
113 5 13 20
113 17 8 27
113 2 3 20
113 5 20 27
113 3 7 23
113 14 6 17
113 3 11 21
113 5 5 25
113 1 18 24
113 15 15 28
113 14 2 23
113 15 8 21
113 15 5 26
113 11 1 28
113 18 4 21
113 12 9 27
113 17 13 18
113 18 12 21
113 4 15 26
113 8 9 27
113 7 20 19
113 4 6 21
113 13 4 22
113 14 13 23
113 15 17 21
113 2 4 24
113 8 3 20
113 1 12 22
113 14 7 22
113 2 11 22
113 16 1 25
113 11 2 17
113 2 12 26
113 17 16 23
113 18 9 24
113 11 15 27
113 18 2 25
113 15 20 16
113 3 5 22
113 10 12 18
113 4 13 21
113 17 8 27
113 5 15 24
113 4 7 30
113 15 14 20
113 11 1 28
113 15 5 26
113 16 15 16
113 16 9 21
113 5 19 21
113 16 9 21
113 1 16 24
113 18 4 21
113 9 9 23
113 11 10 21
113 5 14 24
113 8 18 26
113 14 13 23
113 14 2 23
113 8 18 26
113 5 3 21
113 5 6 30
113 9 9 23
113 5 13 20
113 10 12 18
113 2 17 14
113 8 11 22
113 5 15 24
113 20 19 21
113 4 13 21
113 8 4 27
113 14 14 23
113 19 9 23
113 19 12 20
113 10 9 19
113 17 14 23
113 14 16 30
113 7 4 24
113 15 4 18
113 17 1 19
113 17 15 24
113 15 12 19
113 12 5 21
113 18 19 21
113 5 8 18
113 14 6 17
113 2 17 14
113 13 2 27
113 7 11 18
113 6 9 23
113 11 5 17
113 19 10 25
113 2 4 24
113 19 13 17
113 17 13 18
113 18 19 21
113 16 14 23
113 18 19 21
113 4 2 21
113 9 16 15
113 2 6 19
113 11 13 14
113 16 17 24
113 19 11 23
113 14 13 23
113 15 13 20
113 11 18 22
113 6 19 25
113 2 16 21
113 2 3 20
113 6 5 23
113 17 14 23
113 14 3 21
113 12 18 27
113 19 18 29
113 19 14 20
113 16 19 25
113 14 2 23
113 4 7 30
113 17 20 25
113 9 20 20
113 5 19 21
113 17 4 20
113 3 14 29
113 17 18 26
113 4 11 20
113 13 20 21
113 9 5 18
113 13 6 23
113 20 4 28
113 7 19 23
113 19 1 25
113 8 9 27
113 11 20 28
113 5 8 18
113 8 10 20
113 15 16 22
113 18 4 21
113 20 10 21
113 7 16 21
113 19 11 23
113 6 8 25
113 6 11 25
113 12 15 18
113 3 9 21
113 15 8 21
113 3 8 20
113 2 7 26
113 17 19 21
113 20 18 22
113 9 15 20
113 12 3 16
113 19 9 23
113 11 14 27
113 7 20 19
113 7 6 17
113 9 17 20
113 4 8 28
113 10 4 23
113 20 13 27
113 16 11 23
113 10 8 26
113 12 12 22
113 17 6 19
113 2 13 25
113 12 11 22
113 11 5 17
113 9 9 23
113 15 15 28
113 7 10 23
113 6 1 20
113 7 1 21
113 18 7 23
113 7 16 21
113 17 12 24
113 7 4 24
113 10 17 27
113 4 14 22
113 10 17 27
113 1 20 22
113 8 6 26
113 15 17 21
113 7 2 23
113 19 3 27
113 4 10 23
113 11 13 14
113 10 18 24
113 12 2 22
113 11 1 28
113 14 2 23
113 8 1 22
113 9 9 23
113 20 16 25
113 4 3 19
113 11 14 27
113 16 18 16
113 14 14 23
113 2 15 15
113 10 15 23
113 18 5 18
113 3 18 22
113 6 13 21
113 19 1 25
113 14 2 23
113 17 11 23
113 11 5 17
113 7 20 19
113 14 7 22
113 16 3 18
113 6 19 25
113 9 15 20
113 2 14 20
113 19 10 25
113 18 12 21
113 19 11 23
113 15 13 20
113 11 17 24
113 10 5 27
113 2 8 23
113 15 5 26
113 14 7 22
113 18 4 21
113 3 18 22
113 8 8 23
113 17 7 28
113 9 13 24
113 9 6 29
113 3 20 26
113 16 13 23
113 4 13 21
113 10 11 17
113 8 10 20
113 3 16 16
113 5 5 25
113 9 3 26
113 6 5 23
113 6 1 20
113 15 9 24
113 20 17 21
113 15 11 28
113 15 20 16
113 12 5 21
113 17 9 26
113 17 9 26
113 6 1 20
113 11 13 14
113 1 7 20
113 2 7 26
113 7 1 21
113 16 9 21
113 3 10 17
113 7 8 27
113 13 1 21
113 4 3 19
113 13 9 21
113 11 13 14
113 4 9 22
113 10 2 22
113 9 12 25
113 2 18 18
113 7 6 17
113 2 4 24
113 20 19 21
113 14 17 21
113 18 20 14
113 15 5 26
113 17 16 23
113 13 6 23
113 18 16 14
113 20 16 25
113 7 19 23
113 3 2 14
113 12 13 21
113 1 18 24
113 10 2 22
113 12 18 27
113 3 14 29
113 13 8 24
113 2 5 15
113 15 7 15
113 5 7 25
113 16 19 25
113 7 15 22
113 12 20 21
113 19 13 17
113 7 10 23
113 2 1 22
113 9 13 24
113 1 12 22
113 18 5 18
113 17 5 27
113 17 3 24
113 17 11 23
113 11 13 14
113 9 20 20
113 12 20 21
113 15 12 19
113 20 5 20
113 4 11 20
113 20 7 18
113 9 4 27
113 7 10 23
113 17 15 24
113 11 20 28
113 11 11 22
113 3 6 18
113 20 15 21
113 3 4 26
113 11 16 27
113 2 2 21
113 19 12 20
113 14 17 21
113 3 5 22
113 7 10 23
113 11 9 26
113 10 14 22
113 12 1 27
113 1 2 21
113 8 13 25
113 12 13 21
113 12 19 28
113 10 17 27
113 20 1 25
113 15 20 16
113 20 1 25
113 17 16 23
113 11 3 23
113 5 16 23
113 8 14 17
113 12 18 27
113 13 10 17
113 12 10 26
113 3 9 21
113 20 17 21
113 15 3 16
113 16 14 23
113 15 19 18
113 20 15 21
113 20 15 21
113 2 20 16
113 12 8 18
113 16 12 23
113 2 8 23
113 7 18 17
113 1 15 29
113 19 19 17
113 14 14 23
113 1 2 21
113 2 10 21
113 3 17 23
113 14 7 22
113 16 13 23
113 9 17 20
113 1 20 22
113 7 13 20
113 18 10 16
113 6 16 22
113 16 13 23
113 14 19 21
113 12 13 21
113 4 11 20
113 8 1 22
113 4 9 22
113 10 7 26
113 3 17 23
113 19 16 22
113 7 1 21
113 2 17 14
113 4 12 31
113 8 8 23
113 16 2 19
113 4 18 24
113 9 8 25
113 5 12 24
113 15 4 18
113 7 11 18
113 11 20 28
113 1 7 20
113 14 16 30
113 7 10 23
113 19 9 23
113 15 15 28
113 1 11 24
113 14 2 23
113 3 13 18
113 11 9 26
113 12 8 18
113 13 12 22
113 17 15 24
113 10 11 17
113 14 18 29
113 13 11 28
113 5 1 16
113 19 16 22
113 14 16 30
113 16 5 22
113 9 2 26
113 11 18 22
113 18 2 25
113 18 10 16
113 14 18 29
113 12 6 21
113 14 10 19
113 3 2 14
113 1 3 21
113 13 2 27
113 3 1 23
113 2 10 21
113 16 6 29
113 12 15 18
113 10 18 24
113 14 2 23
113 2 10 21
113 3 13 18
113 14 17 21
113 18 17 19
113 3 3 26
113 11 17 24
113 3 17 23
113 8 9 27
113 18 15 23
113 2 14 20
113 14 8 18
113 11 9 26
113 3 1 23
113 13 2 27
113 20 6 22
113 6 9 23
113 3 16 16
113 17 8 27
113 12 6 21
113 2 13 25
113 10 10 27
113 11 8 26
113 6 19 25
113 19 6 26
113 5 3 21
127 1 19 17
127 20 17 21
127 19 13 22
127 13 6 17
127 7 9 25
127 11 18 22
127 11 17 23
127 19 7 10
127 5 10 17
127 19 3 20
127 1 20 24
127 9 11 23
127 1 5 15
127 16 9 21
127 16 4 15
127 4 3 26
127 20 9 19
127 1 8 19
127 17 3 25
127 6 5 19
127 10 2 21
127 12 8 17
127 15 15 23
127 18 11 24
127 12 1 24
127 16 9 21
127 20 9 19
127 14 19 17
127 6 18 15
127 13 4 24
127 12 7 18
127 13 19 21
127 7 17 19
127 14 16 23
127 1 14 16
127 10 15 21
127 11 18 22
127 16 3 18
127 13 8 23
127 4 6 19
127 3 6 20
127 20 3 15
127 20 12 20
127 12 18 21
127 6 12 22
127 4 9 17
127 11 12 17
127 1 16 23
127 6 16 22
127 13 15 22
127 14 2 23
127 8 9 21
127 4 5 20
127 4 17 19
127 3 5 26
127 20 12 20
127 8 1 18
127 9 13 16
127 6 17 21
127 20 4 22
127 9 10 17
127 1 3 20
127 1 5 15
127 10 4 24
127 12 10 17
127 17 5 16
127 17 10 13
127 5 7 20
127 19 11 24
127 15 15 23
127 6 13 19
127 8 13 21
127 1 20 24
127 15 16 21
127 17 10 13
127 9 5 19
127 17 7 19
127 12 18 21
127 13 7 25
127 10 16 24
127 13 9 21
127 10 1 17
127 19 9 19
127 10 20 14
127 14 9 21
127 12 20 18
127 3 1 16
127 1 6 21
127 20 10 16
127 4 10 27
127 18 4 22
127 9 19 20
127 12 15 21
127 7 5 18
127 20 2 25
127 18 19 17
127 8 3 25
127 15 17 15
127 20 19 21
127 1 14 16
127 11 16 26
127 5 13 18
127 12 14 15
127 18 3 20
127 3 10 15
127 13 1 21
127 19 10 19
127 20 16 16
127 17 2 18
127 1 13 21
127 7 13 24
127 11 10 18
127 12 1 24
127 10 6 22
127 16 3 18
127 18 14 18
127 15 10 21
127 2 3 13
127 13 5 19
127 9 8 19
127 4 9 17
127 9 14 19
127 17 16 15
127 4 9 17
127 12 8 17
127 20 10 16
127 11 11 22
127 14 19 17
127 15 7 16
127 6 2 28
127 11 14 14
127 4 4 20
127 20 4 22
127 6 3 19
127 20 4 22
127 3 14 22
127 10 10 19
127 13 18 23
127 6 3 19
127 2 1 19
127 13 13 20
127 8 18 22
127 5 15 19
127 16 5 18
127 5 11 20
127 9 11 23
127 8 10 18
127 8 16 17
127 7 17 19
127 17 6 22
127 6 7 15
127 11 5 15
127 7 18 21
127 16 5 18
127 1 10 20
127 7 14 21
127 3 6 20
127 1 11 24
127 8 8 18
127 4 2 29
127 7 18 21
127 4 1 21
127 12 14 15
127 16 13 22
127 11 7 15
127 18 8 18
127 8 15 21
127 11 5 15
127 7 18 21
127 8 2 26
127 9 7 18
127 7 13 24
127 3 18 20
127 20 5 20
127 13 19 21
127 14 15 14
127 10 14 20
127 14 20 20
127 13 1 21
127 18 17 19
127 2 15 21
127 2 1 19
127 5 18 13
127 10 5 19
127 7 3 13
127 8 3 25
127 1 4 18
127 19 2 19
127 18 10 23
127 19 14 19
127 20 11 19
127 6 11 20
127 15 13 17
127 5 13 18
127 8 18 22
127 15 7 16
127 10 3 19
127 15 6 20
127 17 13 18
127 16 7 22
127 10 15 21
127 7 4 23
127 13 7 25
127 11 18 22
127 11 11 22
127 18 1 20
127 12 3 22
127 16 13 22
127 5 16 24
127 20 7 15
127 15 5 22
127 5 4 24
127 17 5 16
127 11 14 14
127 8 20 16
127 8 15 21
127 20 1 24
127 14 13 23
127 12 20 18
127 4 18 17
127 8 9 21
127 13 20 17
127 9 20 18
127 19 3 20
127 20 8 17
127 9 6 22
127 11 3 17
127 18 15 15
127 1 11 24
127 6 17 21
127 10 14 20
127 16 10 24
127 19 17 14
127 1 7 21
127 11 11 22
127 11 13 18
127 2 3 13
127 3 1 16
127 8 13 21
127 12 19 20
127 12 20 18
127 13 7 25
127 7 14 21
127 18 13 21
127 7 1 23
127 9 2 17
127 8 19 20
127 17 19 13
127 16 20 26
127 18 6 21
127 15 12 24
127 2 1 19
127 17 2 18
127 20 14 23
127 3 3 25
127 14 3 16
127 18 12 21
127 17 17 18
127 9 8 19
127 14 19 17
127 1 17 23
127 8 3 25
127 13 4 24
127 7 13 24
127 14 2 23
127 5 15 19
127 9 17 21
127 6 8 26
127 9 12 12
127 3 17 24
127 20 17 21
127 7 15 23
127 20 20 17
127 10 5 19
127 15 1 24
127 7 8 24
127 3 1 16
127 17 6 22
127 6 20 22
127 13 17 17
127 5 15 19
127 3 14 22
127 18 14 18
127 13 2 22
127 6 18 15
127 5 3 20
127 15 4 22
127 9 16 17
127 8 9 21
127 4 5 20
127 3 9 15
127 4 20 22
127 4 10 27
127 7 14 21
127 19 1 21
127 14 13 23
127 18 1 20
127 2 19 19
127 16 14 18
127 20 4 22
127 3 4 19
127 11 18 22
127 8 13 21
127 18 2 19
127 10 7 19
127 4 20 22
127 2 20 11
127 9 5 19
127 19 3 20
127 1 14 16
127 2 4 18
127 14 11 21
127 4 17 19
127 13 10 21
127 13 6 17
127 12 8 17
127 16 8 15
127 19 3 20
127 17 13 18
127 15 2 18
127 9 15 22
127 20 7 15
127 14 8 15
127 14 18 18
127 19 9 19
127 17 10 13
127 9 5 19
127 12 8 17
127 13 19 21
127 12 12 17
127 18 4 22
127 5 16 24
127 14 9 21
127 19 6 17
127 18 6 21
127 5 19 26
127 20 7 15
127 15 8 16
127 16 10 24
127 1 13 21
127 12 15 21
127 15 7 16
127 11 8 15
127 17 1 18
127 4 3 26
127 3 18 20
127 4 2 29
127 4 15 21
127 11 17 23
127 19 14 19
127 20 15 19
127 4 10 27
127 9 7 18
127 12 3 22
127 9 10 17
127 11 2 23
127 2 7 21
127 19 17 14
127 11 9 19
127 13 15 22
127 6 6 18
127 11 18 22
127 10 15 21
127 4 17 19
127 13 19 21
127 14 6 25
127 4 12 18
127 6 3 19
127 9 7 18
127 9 14 19
127 11 11 22
127 17 7 19
127 6 8 26
127 4 6 19
127 1 2 23
127 7 3 13
127 16 20 26
127 12 5 25
127 19 9 19
127 9 9 18
127 8 19 20
127 14 13 23
127 19 1 21
127 8 8 18
127 4 18 17
127 16 12 25
127 19 10 19
127 16 12 25
127 17 19 13
127 17 1 18
127 2 3 13
127 12 13 23
127 18 10 23
127 14 2 23
127 18 5 20
127 6 14 18
127 20 8 17
127 4 12 18
127 7 2 23
127 18 5 20
127 2 13 17
127 7 6 16
127 6 18 15
127 4 5 20
127 13 13 20
127 9 14 19
127 4 3 26
127 20 5 20
127 8 4 28
127 11 10 18
127 11 14 14
127 4 19 22
127 4 7 21
127 3 20 16
127 3 11 21
127 20 11 19
127 4 19 22
127 8 18 22
127 1 20 24
127 15 11 25
127 12 17 23
127 16 10 24
127 4 6 19
127 16 12 25
127 1 15 18
127 18 9 26
127 14 20 20
127 20 11 19
127 7 9 25
127 1 7 21
127 17 17 18
127 14 18 18
127 19 15 16
127 13 10 21
127 18 4 22
127 14 2 23
127 8 17 22
127 6 6 18
127 7 17 19
127 6 4 25
127 16 20 26
127 20 9 19
127 18 5 20
127 15 9 22
127 11 13 18
127 3 9 15
127 1 9 20
127 17 1 18
127 8 2 26
127 11 18 22
127 13 17 17
127 11 17 23
127 9 17 21
127 13 10 21
127 8 1 18
127 15 5 22
127 7 9 25
127 5 3 20
127 10 13 18
127 3 20 16
127 8 7 21
127 15 18 19
127 18 3 20
127 2 6 20
127 13 19 21
127 7 18 21
127 5 2 17
127 12 6 23
127 8 7 21
127 19 5 23
127 6 18 15
127 14 4 21
127 17 19 13
127 19 8 18
127 19 3 20
127 5 5 21
131 10 1 22
131 11 16 22
131 6 3 21
131 15 10 21
131 7 11 23
131 19 5 20
131 6 18 17
131 8 15 16
131 9 2 23
131 13 5 19
131 16 1 22
131 10 3 20
131 3 3 21
131 16 18 19
131 17 12 14
131 1 10 15
131 4 4 26
131 8 2 16
131 1 5 22
131 10 20 20
131 1 18 19
131 10 12 15
131 4 18 23
131 3 13 22
131 11 2 16
131 14 18 16
131 13 8 17
131 4 14 11
131 14 19 17
131 6 9 15
131 5 19 21
131 4 16 19
131 5 5 19
131 14 5 21
131 7 9 18
131 3 10 18
131 15 8 23
131 9 3 20
131 15 13 15
131 13 3 18
131 14 16 23
131 5 6 23
131 6 4 22
131 20 8 19
131 16 18 19
131 13 10 16
131 17 4 25
131 15 1 15
131 18 7 20
131 19 10 19
131 18 11 15
131 4 4 26
131 14 18 16
131 9 9 19
131 7 20 24
131 15 17 16
131 3 3 21
131 3 3 21
131 19 1 11
131 19 6 18
131 20 17 22
131 2 2 15
131 17 19 16
131 10 3 20
131 7 3 21
131 7 1 22
131 17 17 20
131 2 18 18
131 18 1 23
131 2 9 20
131 6 3 21
131 7 18 20
131 11 17 18
131 2 2 15
131 6 13 19
131 14 7 28
131 3 11 24
131 20 6 21
131 15 16 16
131 2 16 24
131 9 1 24
131 9 18 15
131 4 11 22
131 18 19 22
131 11 5 16
131 17 5 19
131 8 9 23
131 7 9 18
131 6 13 19
131 7 20 24
131 13 10 16
131 10 18 16
131 20 4 19
131 12 13 20
131 6 10 16
131 12 5 23
131 4 11 22
131 2 6 18
131 9 12 18
131 6 14 25
131 4 17 16
131 18 8 22
131 1 2 15
131 5 11 18
131 11 18 18
131 8 6 22
131 14 7 28
131 14 20 19
131 18 2 20
131 4 17 16
131 5 7 18
131 19 8 17
131 13 11 20
131 15 20 17
131 20 12 19
131 6 2 17
131 20 20 22
131 4 20 18
131 3 1 19
131 17 16 22
131 20 15 22
131 17 1 24
131 17 8 19
131 16 1 22
131 11 18 18
131 15 13 15
131 4 17 16
131 6 4 22
131 2 3 17
131 17 1 24
131 10 7 21
131 8 17 18
131 8 9 23
131 15 4 18
131 12 3 21
131 20 11 19
131 3 2 13
131 7 9 18
131 19 12 24
131 2 13 24
131 7 11 23
131 1 9 20
131 18 17 14
131 16 2 18
131 8 6 22
131 10 1 22
131 11 1 28
131 18 4 30
131 19 10 19
131 20 3 21
131 14 7 28
131 20 19 15
131 7 12 14
131 16 9 16
131 16 13 18
131 18 18 15
131 13 2 23
131 11 5 16
131 15 18 12
131 5 6 23
131 20 18 16
131 12 13 20
131 12 8 19
131 2 3 17
131 4 1 19
131 17 19 16
131 1 13 21
131 14 18 16
131 14 17 22
131 20 9 20
131 11 20 17
131 2 20 20
131 17 2 24
131 14 10 19
131 19 10 19
131 8 1 22
131 9 18 15
131 19 9 18
131 13 12 20
131 15 13 15
131 11 16 22
131 12 10 17
131 5 1 21
131 6 14 25
131 9 3 20
131 15 8 23
131 15 17 16
131 4 16 19
131 17 8 19
131 7 12 14
131 3 20 18
131 11 13 26
131 16 20 21
131 8 9 23
131 17 12 14
131 4 8 21
131 13 17 21
131 12 11 17
131 9 5 18
131 3 13 22
131 18 8 22
131 1 9 20
131 7 9 18
131 19 8 17
131 15 8 23
131 18 6 18
131 5 9 21
131 18 17 14
131 16 20 21
131 13 13 20
131 20 2 17
131 8 7 16
131 4 16 19
131 8 15 16
131 16 20 21
131 20 4 19
131 3 13 22
131 11 10 19
131 2 14 16
131 1 14 24
131 1 1 19
131 6 8 22
131 2 11 14
131 2 6 18
131 8 15 16
131 5 7 18
131 6 11 19
131 14 6 18
131 12 9 20
131 2 16 24
131 9 5 18
131 16 18 19
131 7 19 19
131 4 12 27
131 5 4 17
131 14 20 19
131 8 11 21
131 1 17 21
131 2 3 17
131 10 2 18
131 12 3 21
131 10 10 20
131 8 5 18
131 9 7 23
131 5 7 18
131 4 11 22
131 13 17 21
131 13 8 17
131 16 9 16
131 10 19 15
131 1 18 19
131 12 20 20
131 19 18 24
131 15 11 19
131 6 13 19
131 13 14 22
131 15 11 19
131 18 11 15
131 13 6 17
131 1 7 15
131 12 18 25
131 19 1 11
131 12 8 19
131 19 20 15
131 16 10 15
131 5 17 26
131 14 16 23
131 11 14 16
131 5 19 21
131 17 11 11
131 5 2 18
131 8 9 23
131 19 17 22
131 19 18 24
131 18 1 23
131 1 7 15
131 10 17 20
131 10 10 20
131 15 4 18
131 15 20 17
131 11 6 16
131 13 1 19
131 12 20 20
131 10 12 15
131 10 10 20
131 18 2 20
131 13 5 19
131 10 3 20
131 20 10 18
131 5 4 17
131 3 11 24
131 18 20 23
131 4 10 18
131 15 19 15
131 20 2 17
131 8 7 16
131 13 17 21
131 12 9 20
131 19 16 25
131 9 8 10
131 19 5 20
131 12 16 17
131 6 11 19
131 7 19 19
131 14 10 19
131 18 9 19
131 12 2 21
131 1 10 15
131 16 19 23
131 5 6 23
131 17 7 21
131 18 20 23
131 2 14 16
131 2 14 16
131 12 15 15
131 6 4 22
131 14 2 17
131 2 11 14
131 10 4 16
131 6 10 16
131 8 18 19
131 11 18 18
131 13 2 23
131 20 4 19
131 5 11 18
131 16 6 14
131 15 7 26
131 3 14 16
131 18 11 15
131 15 12 18
131 16 11 13
131 18 4 30
131 18 12 15
131 12 4 13
131 2 1 17
131 1 19 14
131 9 6 17
131 10 8 22
131 19 8 17
131 13 19 23
131 16 7 20
131 2 3 17
131 19 14 17
131 5 3 17
131 2 14 16
131 16 6 14
131 11 1 28
131 18 14 14
131 14 4 19
131 6 1 23
131 1 20 21
131 19 4 15
131 12 13 20
131 3 16 21
131 5 4 17
131 20 4 19
131 7 12 14
131 6 16 20
131 13 3 18
131 16 20 21
131 14 9 21
131 15 17 16
131 19 19 19
131 20 3 21
131 13 2 23
131 10 3 20
131 17 4 25
131 12 8 19
131 16 15 24
131 6 4 22
131 19 6 18
131 3 20 18
131 2 7 20
131 13 2 23
131 12 10 17
131 8 16 18
131 12 19 19
131 18 13 13
131 13 3 18
131 13 4 18
131 8 15 16
131 3 4 20
131 9 12 18
131 15 1 15
131 5 5 19
131 7 14 22
131 16 1 22
131 16 19 23
131 14 20 19
131 19 5 20
131 20 13 22
131 4 11 22
131 18 10 17
131 4 13 20
131 5 11 18
131 17 9 21
131 12 5 23
131 10 14 20
131 2 8 17
131 17 3 25
131 10 5 19
131 12 5 23
131 6 16 20
131 17 9 21
131 12 16 17
131 17 19 16
131 5 1 21
131 13 11 20
131 13 19 23
131 4 20 18
131 7 14 22
131 20 10 18
131 11 8 14
131 12 14 21
131 3 20 18
131 6 14 25
131 14 14 16
131 20 3 21
131 4 16 19
131 3 2 13
131 5 17 26
131 15 15 18
131 15 12 18
131 13 20 21
131 3 13 22
131 2 3 17
131 10 12 15
131 4 15 25
131 10 14 20
131 15 16 16
131 12 8 19
131 10 3 20
131 16 1 22
131 2 15 19
131 18 9 19
131 20 1 19
131 10 12 15
131 5 2 18
131 5 18 24
131 10 7 21
131 19 1 11
131 10 7 21
131 13 17 21
131 13 11 20
131 3 4 20
131 18 9 19
131 11 13 26
131 17 5 19
131 19 16 25
131 3 17 17
131 18 19 22
131 18 7 20
131 17 20 25
131 19 1 11
131 14 15 16
131 13 7 17
131 16 20 21
131 18 4 30
131 9 4 21
131 15 10 21
131 9 4 21
131 6 17 23
131 17 11 11
131 9 17 22
131 15 9 22
131 8 20 22
131 10 5 19
131 18 6 18
131 19 19 19
131 16 20 21
131 8 8 23
131 8 4 24
131 10 12 15
131 19 12 24
131 11 9 22
131 16 12 20
137 10 13 13
137 1 4 21
137 4 12 22
137 15 7 14
137 3 8 13
137 11 17 19
137 6 4 15
137 8 13 17
137 17 16 27
137 18 7 15
137 2 3 19
137 18 20 11
137 19 6 17
137 14 4 22
137 12 16 21
137 11 4 18
137 10 14 19
137 10 19 23
137 7 17 19
137 17 6 17
137 11 18 15
137 1 15 14
137 6 9 18
137 4 2 20
137 7 8 18
137 7 20 18
137 11 2 15
137 6 16 18
137 17 13 10
137 16 12 22
137 9 15 20
137 5 3 25
137 14 19 18
137 6 12 16
137 20 10 17
137 13 13 14
137 16 6 13
137 1 17 28
137 10 20 17
137 1 16 19
137 6 5 23
137 4 10 21
137 3 16 17
137 16 9 22
137 11 14 22
137 12 20 15
137 11 15 18
137 16 19 22
137 2 17 25
137 16 11 16
137 18 8 11
137 5 11 20
137 13 20 24
137 5 11 20
137 18 3 17
137 20 12 18
137 3 1 21
137 6 9 18
137 8 6 12
137 9 3 18
137 14 13 15
137 13 5 17
137 1 16 19
137 7 1 18
137 8 8 22
137 12 4 24
137 3 7 16
137 14 19 18
137 10 6 22
137 18 10 26
137 8 2 20
137 14 13 15
137 12 11 18
137 1 11 16
137 5 20 12
137 7 3 15
137 6 19 20
137 6 5 23
137 5 7 19
137 11 16 20
137 6 11 16
137 3 2 16
137 17 12 12
137 17 11 13
137 9 18 23
137 13 1 15
137 16 18 18
137 11 10 15
137 14 12 14
137 17 7 20
137 18 3 17
137 12 10 16
137 1 7 25
137 14 1 18
137 17 14 19
137 14 5 27
137 9 8 19
137 16 2 20
137 6 20 17
137 18 7 15
137 14 4 22
137 10 12 18
137 12 13 22
137 5 12 22
137 8 4 23
137 20 3 17
137 9 15 20
137 12 12 18
137 4 18 18
137 15 19 16
137 13 5 17
137 14 2 14
137 14 19 18
137 16 2 20
137 11 3 17
137 7 18 20
137 4 19 19
137 17 4 22
137 7 20 18
137 18 18 22
137 15 17 12
137 4 8 19
137 8 19 16
137 15 3 14
137 17 10 16
137 12 17 22
137 8 7 18
137 7 19 17
137 15 6 15
137 8 17 22
137 3 1 21
137 2 13 19
137 12 6 16
137 15 19 16
137 10 12 18
137 20 16 22
137 1 4 21
137 16 4 21
137 16 6 13
137 3 4 17
137 11 2 15
137 11 9 19
137 2 4 25
137 4 20 21
137 12 15 14
137 12 15 14
137 5 5 15
137 12 4 24
137 3 4 17
137 13 6 23
137 13 20 24
137 16 2 20
137 11 14 22
137 14 13 15
137 11 15 18
137 2 7 19
137 14 6 22
137 5 15 19
137 4 3 12
137 12 14 16
137 10 16 21
137 17 1 15
137 4 6 15
137 18 11 21
137 9 5 22
137 6 2 16
137 5 16 16
137 16 15 19
137 11 19 12
137 6 16 18
137 19 11 17
137 12 1 23
137 14 5 27
137 17 17 18
137 1 1 14
137 14 20 10
137 8 8 22
137 9 12 19
137 9 9 17
137 13 12 22
137 1 1 14
137 6 14 20
137 2 17 25
137 3 7 16
137 8 6 12
137 5 6 14
137 20 18 19
137 4 6 15
137 1 2 19
137 18 18 22
137 16 19 22
137 17 20 16
137 6 18 22
137 13 3 20
137 1 13 13
137 10 5 23
137 15 6 15
137 18 14 16
137 13 8 17
137 16 3 16
137 13 19 22
137 5 20 12
137 20 10 17
137 19 12 18
137 10 5 23
137 8 17 22
137 6 1 19
137 4 7 23
137 20 7 17
137 4 1 17
137 11 6 22
137 15 8 10
137 3 13 18
137 18 15 26
137 3 4 17
137 2 7 19
137 12 20 15
137 16 20 24
137 11 20 20
137 16 6 13
137 19 2 18
137 19 15 20
137 9 8 19
137 1 13 13
137 8 13 17
137 11 9 19
137 4 2 20
137 4 13 15
137 20 13 16
137 14 16 19
137 5 19 23
137 15 19 16
137 5 18 16
137 17 17 18
137 18 10 26
137 8 5 11
137 4 17 17
137 9 20 20
137 7 12 18
137 19 5 15
137 14 20 10
137 3 12 19
137 14 2 14
137 6 18 22
137 7 3 15
137 8 9 23
137 12 8 20
137 5 3 25
137 20 17 19
137 2 2 21
137 14 6 22
137 19 8 17
137 14 7 10
137 2 20 18
137 18 20 11
137 5 16 16
137 2 13 19
137 4 1 17
137 13 2 18
137 6 3 11
137 15 13 18
137 16 9 22
137 10 6 22
137 17 8 20
137 9 11 22
137 8 5 11
137 5 10 17
137 19 3 28
137 2 10 20
137 14 18 22
137 16 13 24
137 13 11 18
137 12 3 21
137 11 17 19
137 10 8 17
137 13 13 14
137 5 14 18
137 2 5 18
137 15 6 15
137 5 14 18
137 14 16 19
137 8 16 24
137 12 9 21
137 15 5 21
137 2 1 22
137 14 11 20
137 12 14 16
137 3 13 18
137 9 19 18
137 3 17 18
137 1 15 14
137 20 16 22
137 16 7 19
137 17 8 20
137 18 20 11
137 7 17 19
137 9 8 19
137 10 14 19
137 10 4 18
137 10 2 21
137 13 17 18
137 12 8 20
137 14 5 27
137 1 17 28
137 19 15 20
137 19 12 18
137 1 7 25
137 3 19 19
137 10 18 20
137 8 2 20
137 15 11 19
137 3 10 23
137 6 6 19
137 6 19 20
137 5 5 15
137 7 20 18
137 13 11 18
137 12 17 22
137 12 10 16
137 11 2 15
137 9 10 15
137 14 16 19
137 13 8 17
137 14 8 20
137 16 6 13
137 13 4 18
137 16 18 18
137 18 2 20
137 9 13 18
137 3 1 21
137 17 18 19
137 20 12 18
137 18 7 15
137 3 17 18
137 9 8 19
137 1 5 15
137 6 14 20
137 8 5 11
137 6 14 20
137 16 20 24
137 5 11 20
137 8 14 21
137 6 5 23
137 16 13 24
137 12 18 18
137 11 11 22
137 5 14 18
137 13 18 13
137 17 6 17
137 17 2 18
137 3 8 13
137 19 5 15
137 17 6 17
137 6 13 18
137 13 19 22
137 4 10 21
137 16 20 24
137 7 5 20
137 13 13 14
137 13 7 23
137 16 9 22
137 18 20 11
137 11 1 17
137 5 12 22
137 7 18 20
137 4 18 18
137 20 13 16
137 17 8 20
137 19 20 15
137 15 10 22
137 9 8 19
137 14 2 14
137 6 12 16
137 19 2 18
137 6 18 22
137 2 2 21
137 11 9 19
137 20 18 19
137 10 15 18
137 4 13 15
137 8 8 22
137 12 11 18
137 13 10 22
137 4 7 23
137 3 3 19
137 12 3 21
137 4 10 21
137 5 8 18
137 17 17 18
137 12 19 11
137 11 19 12
137 9 7 24
137 4 14 16
137 14 16 19
137 15 9 20
137 11 12 18
137 19 14 18
137 1 19 20
137 20 5 21
137 3 15 17
137 3 10 23
137 11 3 17
137 2 11 20
137 15 1 19
137 3 18 17
137 8 8 22
137 20 19 14
137 18 7 15
137 5 16 16
137 10 9 18
137 4 5 22
137 15 15 16
137 20 14 15
137 14 9 12
137 11 7 24
137 9 18 23
137 2 17 25
137 15 8 10
137 7 4 19
137 8 6 12
137 10 18 20
137 5 16 16
137 17 15 21
137 3 9 12
137 16 5 20
137 15 7 14
137 4 13 15
137 16 14 14
137 2 4 25
137 11 4 18
137 15 3 14
137 4 17 17
137 9 10 15
137 7 18 20
137 4 5 22
137 15 16 12
137 20 14 15
137 1 1 14
137 8 10 18
137 6 8 11
137 1 14 18
137 18 15 26
137 8 9 23
137 2 5 18
137 9 5 22
137 6 9 18
137 6 8 11
137 6 20 17
137 19 14 18
137 2 15 16
137 12 15 14
137 20 3 17
137 3 9 12
137 3 2 16
137 13 14 20
137 15 20 19
137 1 8 19
137 13 2 18
137 4 4 15
137 8 17 22
137 20 4 18
137 16 3 16
137 19 10 14
137 12 9 21
137 3 10 23
137 3 20 18
137 10 5 23
137 15 10 22
137 6 7 20
137 3 14 22
137 15 8 10
137 10 18 20
137 17 12 12
137 17 13 10
137 13 7 23
137 8 16 24
139 2 6 17
139 2 16 15
139 10 8 20
139 12 10 21
139 15 10 15
139 1 9 18
139 1 13 21
139 10 14 18
139 18 6 19
139 16 11 18
139 4 6 16
139 4 10 19
139 15 1 15
139 8 20 23
139 5 3 17
139 19 6 15
139 12 11 16
139 9 10 21
139 12 1 21
139 9 14 14
139 6 16 17
139 6 12 19
139 8 12 18
139 12 14 19
139 15 12 12
139 9 11 18
139 6 3 15
139 13 14 17
139 15 16 21
139 1 20 19
139 16 16 14
139 5 4 18
139 2 10 24
139 13 12 17
139 8 4 21
139 9 3 23
139 15 17 14
139 13 9 17
139 12 16 21
139 19 3 18
139 17 4 20
139 14 10 22
139 9 12 21
139 16 1 16
139 1 8 18
139 11 2 16
139 14 7 18
139 10 18 17
139 7 18 19
139 12 13 19
139 9 2 15
139 14 10 22
139 18 2 18
139 1 5 14
139 3 9 21
139 19 15 16
139 15 3 15
139 6 18 17
139 11 2 16
139 5 18 16
139 2 19 14
139 6 2 16
139 10 20 24
139 1 15 21
139 20 17 16
139 17 17 11
139 6 16 17
139 1 6 16
139 8 13 19
139 14 14 18
139 9 9 21
139 15 6 18
139 15 8 18
139 2 4 15
139 15 4 21
139 1 16 17
139 19 15 16
139 5 10 14
139 16 5 23
139 20 17 16
139 17 16 23
139 3 4 19
139 10 17 20
139 11 2 16
139 15 11 25
139 12 18 17
139 9 12 21
139 20 3 18
139 20 14 15
139 4 13 19
139 3 9 21
139 5 4 18
139 7 13 15
139 17 17 11
139 8 15 23
139 8 20 23
139 10 4 19
139 9 20 20
139 12 20 16
139 13 6 16
139 2 9 14
139 2 17 19
139 14 13 15
139 8 4 21
139 13 11 14
139 12 4 14
139 12 5 17
139 12 7 16
139 14 18 20
139 4 10 19
139 3 7 21
139 5 19 19
139 9 15 19
139 17 12 20
139 5 20 21
139 15 16 21
139 9 19 15
139 16 11 18
139 16 4 24
139 5 1 18
139 5 4 18
139 11 16 20
139 16 3 23
139 6 15 20
139 9 2 15
139 10 20 24
139 19 1 15
139 12 3 20
139 19 1 15
139 19 1 15
139 5 8 17
139 12 4 14
139 7 1 19
139 11 2 16
139 4 7 14
139 19 12 17
139 5 5 15
139 15 17 14
139 2 19 14
139 14 1 21
139 5 15 13
139 12 7 16
139 2 18 16
139 15 20 19
139 2 8 15
139 4 15 24
139 2 10 24
139 5 20 21
139 13 3 14
139 18 17 14
139 3 10 17
139 3 4 19
139 2 19 14
139 18 18 22
139 13 12 17
139 15 10 15
139 12 16 21
139 5 11 22
139 9 7 18
139 17 3 19
139 14 20 16
139 20 16 12
139 19 6 15
139 12 4 14
139 3 9 21
139 2 7 20
139 20 10 16
139 12 16 21
139 1 17 14
139 8 4 21
139 17 6 17
139 10 12 17
139 4 14 18
139 5 20 21
139 17 17 11
139 6 4 16
139 6 19 16
139 16 4 24
139 20 7 12
139 18 12 17
139 10 20 24
139 7 11 11
139 12 5 17
139 18 8 18
139 12 3 20
139 18 7 20
139 17 10 14
139 16 1 16
139 18 9 18
139 1 15 21
139 2 18 16
139 3 4 19
139 20 18 18
139 20 5 21
139 7 6 17
139 15 12 12
139 9 5 22
139 1 8 18
139 12 19 15
139 4 8 14
139 12 14 19
139 18 19 15
139 3 5 23
139 11 6 20
139 3 13 20
139 12 2 16
139 19 19 19
139 4 20 18
139 8 19 18
139 10 7 18
139 14 4 18
139 20 2 17
139 16 8 17
139 18 14 16
139 3 10 17
139 9 18 24
139 18 18 22
139 16 6 22
139 10 15 17
139 6 20 17
139 16 20 20
139 14 14 18
139 5 2 20
139 5 4 18
139 16 6 22
139 20 3 18
139 4 4 21
139 3 15 14
139 17 7 12
139 17 6 17
139 2 4 15
139 5 12 16
139 19 4 16
139 12 5 17
139 7 13 15
139 4 18 19
139 18 13 16
139 18 7 20
139 10 7 18
139 13 11 14
139 12 4 14
139 8 5 21
139 11 5 21
139 17 10 14
139 16 3 23
139 2 20 20
139 19 12 17
139 15 17 14
139 11 17 17
139 17 3 19
139 13 5 14
139 20 12 15
139 15 3 15
139 13 11 14
139 8 16 21
139 20 16 12
139 15 4 21
139 20 1 14
139 17 9 23
139 2 10 24
139 19 18 20
139 10 10 21
139 3 7 21
139 11 10 20
139 10 6 12
139 3 5 23
139 19 20 20
139 2 10 24
139 17 19 14
139 14 4 18
139 16 10 16
139 11 17 17
139 13 13 23
139 8 1 18
139 4 9 14
139 2 16 15
139 15 17 14
139 11 15 17
139 15 8 18
139 20 4 19
139 4 19 28
139 5 10 14
139 10 18 17
139 2 6 17
139 7 19 23
139 13 16 15
139 6 19 16
139 11 4 25
139 1 5 14
139 5 7 20
139 14 8 17
139 13 9 17
139 3 9 21
139 1 9 18
139 16 13 13
139 1 20 19
139 11 13 27
139 2 14 20
139 1 3 16
139 5 15 13
139 10 18 17
139 5 7 20
139 19 9 18
139 10 10 21
139 13 1 18
139 7 17 20
139 1 1 16
139 14 3 17
139 5 7 20
139 1 17 14
139 4 7 14
139 1 5 14
139 8 6 22
139 17 5 13
139 10 4 19
139 10 4 19
139 13 3 14
139 8 1 18
139 5 1 18
139 8 9 12
139 13 12 17
139 14 9 24
139 14 15 19
139 19 19 19
139 14 18 20
139 19 18 20
139 11 7 15
139 12 6 22
139 20 7 12
139 2 10 24
139 11 11 23
139 6 3 15
139 1 19 19
139 19 3 18
139 4 18 19
139 19 10 15
139 19 17 12
139 16 16 14
139 7 3 22
139 11 18 16
139 1 12 19
139 13 9 17
139 9 14 14
139 8 17 13
139 3 5 23
139 12 3 20
139 15 10 15
139 17 4 20
139 8 11 18
139 15 8 18
139 6 13 21
139 6 3 15
139 6 12 19
139 18 4 23
139 5 18 16
139 13 1 18
139 1 16 17
139 1 14 23
139 10 20 24
139 15 15 18
139 3 19 20
139 13 12 17
139 19 10 15
139 19 3 18
139 10 15 17
139 3 1 18
139 9 6 18
139 20 15 18
139 15 16 21
139 20 11 21
139 12 19 15
139 15 13 15
139 14 13 15
139 6 17 15
139 1 5 14
139 4 15 24
139 16 10 16
139 9 3 23
139 16 8 17
139 16 4 24
139 13 1 18
139 11 12 12
139 2 14 20
139 11 18 16
139 6 7 13
139 11 7 15
139 11 9 18
139 3 15 14
139 16 12 22
139 19 9 18
139 4 1 18
139 13 17 15
139 4 4 21
139 20 20 20
139 5 6 17
139 20 7 12
139 5 9 21
139 13 8 19
139 1 9 18
139 14 4 18
139 14 3 17
139 18 3 20
139 10 17 20
139 5 16 22
139 15 4 21
139 7 20 22
139 1 1 16
139 19 15 16
139 19 12 17
139 18 1 21
139 12 9 17
139 9 9 21
139 8 6 22
139 18 3 20
139 20 19 19
139 15 9 21
139 5 18 16
139 18 1 21
139 9 9 21
139 15 7 26
139 2 1 23
139 13 4 18
139 13 17 15
139 6 7 13
139 18 6 19
139 20 18 18
139 8 7 13
139 20 3 18
139 18 19 15
139 9 10 21
139 10 20 24
139 2 13 16
139 14 5 21
139 20 5 21
139 18 17 14
139 6 4 16
139 12 12 16
139 7 6 17
139 8 8 21
139 4 2 16
139 10 4 19
139 4 7 14
139 1 11 13
139 16 17 17
139 6 1 14
139 17 17 11
139 7 9 13
139 11 6 20
139 5 16 22
139 17 10 14
139 14 20 16
139 5 14 19
139 12 6 22
139 6 18 17
139 13 5 14
139 2 15 19
139 3 1 18
139 15 5 19
139 5 10 14
139 14 4 18
139 17 3 19
139 3 20 25
139 8 8 21
139 9 8 14
139 16 4 24
139 6 10 18
139 20 19 19
139 3 13 20
139 3 20 25
139 6 9 23
139 14 3 17
139 15 13 15
139 14 8 17
139 8 20 23
139 17 5 13
139 18 10 18
149 18 1 21
149 3 11 14
149 4 13 18
149 18 6 14
149 5 14 9
149 3 15 15
149 20 6 14
149 5 8 13
149 9 19 18
149 1 13 17
149 19 18 16
149 5 2 24
149 7 13 12
149 15 9 20
149 18 7 21
149 9 11 13
149 4 17 20
149 4 16 17
149 11 20 14
149 20 11 20
149 19 4 20
149 18 5 14
149 17 2 26
149 3 10 17
149 17 5 21
149 13 14 18
149 10 11 15
149 13 4 15
149 14 5 22
149 16 2 19
149 18 4 20
149 10 13 15
149 2 6 20
149 18 19 14
149 17 1 15
149 8 16 20
149 7 5 10
149 5 17 17
149 20 12 18
149 1 10 10
149 4 5 17
149 5 19 24
149 19 5 11
149 13 11 14
149 20 20 18
149 2 2 16
149 7 16 14
149 20 20 18
149 14 8 11
149 12 20 16
149 18 2 20
149 4 11 13
149 12 13 13
149 10 9 20
149 8 11 18
149 9 2 20
149 4 3 19
149 16 4 14
149 6 9 22
149 15 16 18
149 9 1 19
149 8 7 17
149 11 1 11
149 19 20 21
149 20 3 12
149 3 7 13
149 11 18 15
149 15 6 19
149 14 5 22
149 11 17 24
149 9 12 18
149 7 5 10
149 1 18 16
149 2 4 17
149 15 8 21
149 11 14 15
149 13 2 12
149 11 7 14
149 11 20 14
149 9 7 15
149 9 10 15
149 18 4 20
149 2 16 22
149 17 11 18
149 6 11 22
149 10 11 15
149 4 16 17
149 5 20 22
149 16 19 14
149 10 6 19
149 6 13 16
149 11 4 15
149 2 7 12
149 20 20 18
149 12 12 19
149 4 11 13
149 5 17 17
149 7 20 20
149 16 5 16
149 19 11 15
149 15 18 14
149 5 9 15
149 17 18 17
149 12 10 11
149 12 9 15
149 5 13 17
149 6 18 18
149 14 12 13
149 1 10 10
149 20 8 17
149 13 16 14
149 8 17 17
149 14 4 18
149 17 13 18
149 14 17 18
149 9 15 20
149 5 8 13
149 8 4 14
149 12 3 13
149 12 19 17
149 10 9 20
149 2 8 12
149 19 1 20
149 10 7 18
149 15 13 16
149 6 5 20
149 17 1 15
149 5 6 14
149 6 10 17
149 18 11 17
149 13 12 13
149 20 2 14
149 15 12 16
149 18 9 16
149 3 7 13
149 10 10 14
149 12 1 24
149 19 15 19
149 9 14 14
149 7 19 18
149 18 6 14
149 1 17 17
149 18 6 14
149 15 7 14
149 12 1 24
149 12 9 15
149 12 7 14
149 1 6 22
149 16 15 14
149 14 12 13
149 14 13 14
149 3 1 10
149 8 19 12
149 4 3 19
149 13 19 19
149 12 14 16
149 14 18 17
149 19 10 18
149 9 7 15
149 14 3 23
149 10 20 15
149 2 9 22
149 5 13 17
149 18 14 14
149 13 13 18
149 2 3 17
149 1 7 19
149 9 1 19
149 15 13 16
149 1 10 10
149 17 12 20
149 15 4 15
149 8 8 20
149 13 8 18
149 9 9 18
149 10 12 16
149 3 1 10
149 5 7 19
149 17 13 18
149 9 3 19
149 5 16 20
149 18 19 14
149 16 19 14
149 9 2 20
149 9 13 18
149 1 19 22
149 20 16 17
149 18 18 14
149 8 13 16
149 8 6 20
149 17 15 15
149 4 20 19
149 14 8 11
149 6 13 16
149 2 8 12
149 18 12 18
149 9 13 18
149 4 2 14
149 1 10 10
149 5 2 24
149 13 1 26
149 17 6 19
149 18 12 18
149 6 14 19
149 1 11 18
149 7 6 22
149 1 5 14
149 4 5 17
149 9 6 16
149 10 15 22
149 5 19 24
149 5 2 24
149 2 17 22
149 16 5 16
149 10 4 20
149 2 9 22
149 19 10 18
149 20 15 23
149 8 2 9
149 1 3 21
149 8 6 20
149 3 8 20
149 10 17 15
149 15 18 14
149 3 9 14
149 5 14 9
149 6 13 16
149 3 1 10
149 7 13 12
149 20 16 17
149 19 4 20
149 4 14 14
149 6 15 14
149 20 16 17
149 18 4 20
149 14 11 18
149 9 15 20
149 16 14 16
149 11 4 15
149 20 13 20
149 9 9 18
149 17 13 18
149 13 5 16
149 13 5 16
149 3 13 16
149 11 9 15
149 4 5 17
149 17 9 12
149 9 7 15
149 19 6 16
149 10 9 20
149 16 15 14
149 4 8 20
149 18 12 18
149 12 13 13
149 15 20 23
149 14 18 17
149 14 13 14
149 2 5 17
149 20 5 20
149 7 13 12
149 6 16 21
149 11 7 14
149 6 9 22
149 5 17 17
149 3 10 17
149 1 16 16
149 11 6 17
149 4 1 13
149 8 16 20
149 9 3 19
149 8 8 20
149 4 11 13
149 13 10 19
149 4 10 12
149 17 4 23
149 20 16 17
149 2 2 16
149 8 18 16
149 16 20 20
149 18 5 14
149 16 18 17
149 19 8 18
149 15 20 23
149 3 4 16
149 1 20 20
149 11 12 13
149 3 20 12
149 6 14 19
149 13 17 20
149 8 6 20
149 15 6 19
149 6 16 21
149 20 6 14
149 11 6 17
149 15 13 16
149 14 4 18
149 8 14 15
149 2 13 20
149 6 11 22
149 14 16 11
149 1 8 17
149 10 16 20
149 18 2 20
149 1 14 11
149 4 8 20
149 3 2 18
149 20 15 23
149 13 9 16
149 14 10 15
149 15 15 11
149 11 2 23
149 19 2 11
149 18 15 16
149 10 17 15
149 3 1 10
149 4 1 13
149 3 6 20
149 14 3 23
149 16 2 19
149 8 4 14
149 1 10 10
149 16 20 20
149 11 5 19
149 3 13 16
149 6 10 17
149 6 9 22
149 12 1 24
149 7 7 12
149 8 3 13
149 7 3 13
149 12 13 13
149 5 6 14
149 10 14 14
149 6 19 22
149 7 20 20
149 13 15 20
149 19 13 14
149 19 7 17
149 20 19 10
149 14 15 21
149 13 5 16
149 18 17 20
149 11 15 17
149 2 11 11
149 2 12 19
149 20 6 14
149 15 3 16
149 19 19 18
149 10 18 19
149 19 19 18
149 18 11 17
149 9 8 13
149 13 8 18
149 17 13 18
149 13 5 16
149 9 11 13
149 19 2 11
149 8 15 19
149 5 18 17
149 4 6 21
149 16 16 22
149 7 11 16
149 5 15 16
149 6 9 22
149 20 10 15
149 10 3 18
149 3 19 23
149 19 11 15
149 12 11 18
149 19 13 14
149 7 13 12
149 5 14 9
149 14 7 18
149 19 2 11
149 17 14 14
149 18 1 21
149 5 9 15
149 11 7 14
149 18 3 15
149 10 6 19
149 6 17 14
149 6 1 18
149 12 15 18
149 4 10 12
149 9 12 18
149 20 10 15
149 2 11 11
149 15 20 23
149 17 4 23
149 3 17 18
149 8 20 20
149 18 17 20
149 12 11 18
149 17 14 14
149 15 16 18
149 17 2 26
149 14 19 15
149 19 14 15
149 1 7 19
149 11 16 21
149 16 1 14
149 12 2 12
149 5 12 16
149 19 4 20
149 14 19 15
149 8 11 18
149 20 20 18
149 2 15 15
149 2 14 18
149 9 18 15
149 13 3 13
149 3 15 15
149 8 17 17
149 10 17 15
149 15 1 22
149 17 5 21
149 1 16 16
149 12 16 20
149 9 13 18
149 2 2 16
149 12 4 23
149 5 8 13
149 15 6 19
149 9 3 19
149 10 12 16
149 16 20 20
149 18 9 16
149 17 4 23
149 17 12 20
149 11 11 14
149 6 13 16
149 14 3 23
149 18 16 17
149 17 3 18
149 7 13 12
149 11 1 11
149 15 20 23
149 8 17 17
149 17 17 17
149 17 10 18
149 13 8 18
149 18 17 20
149 16 15 14
149 14 8 11
149 9 8 13
149 3 14 21
149 20 3 12
149 11 17 24
149 5 12 16
149 6 2 21
149 10 6 19
149 16 17 22
149 20 18 14
149 13 12 13
149 15 3 16
149 16 16 22
149 19 10 18
149 11 20 14
149 12 5 14
149 11 7 14
149 15 13 16
149 15 17 19
149 18 20 22
149 16 16 22
149 10 13 15
149 17 7 16
149 15 2 19
149 2 5 17
149 15 9 20
149 13 19 19
149 18 15 16
149 7 16 14
149 10 18 19
149 15 5 17
149 6 17 14
151 1 3 17
151 10 12 16
151 3 3 20
151 14 16 21
151 16 15 20
151 1 3 17
151 10 8 14
151 5 11 20
151 17 10 15
151 5 8 11
151 12 3 17
151 7 14 21
151 1 13 14
151 1 10 16
151 12 11 20
151 3 2 22
151 10 14 17
151 15 9 20
151 18 14 19
151 11 1 17
151 9 8 18
151 1 10 16
151 8 10 13
151 17 8 13
151 4 2 17
151 12 5 15
151 14 7 18
151 18 15 20
151 15 1 19
151 4 11 19
151 9 9 13
151 18 6 17
151 14 11 20
151 17 15 17
151 20 2 13
151 9 10 23
151 9 16 16
151 16 13 18
151 13 4 17
151 1 15 20
151 20 7 13
151 14 7 18
151 9 2 17
151 20 9 16
151 11 20 17
151 6 14 16
151 10 8 14
151 11 16 14
151 4 14 13
151 9 14 15
151 6 8 16
151 20 12 16
151 3 19 15
151 13 20 13
151 12 16 19
151 4 5 16
151 9 3 15
151 8 6 16
151 9 3 15
151 16 12 15
151 1 4 15
151 7 4 10
151 2 7 14
151 11 18 14
151 7 7 19
151 8 5 10
151 17 11 20
151 9 12 17
151 18 14 19
151 15 10 15
151 11 7 21
151 1 18 15
151 14 7 18
151 2 5 15
151 13 17 16
151 8 13 20
151 3 13 16
151 19 19 20
151 17 10 15
151 6 8 16
151 5 1 20
151 1 7 15
151 18 6 17
151 15 5 14
151 4 8 21
151 19 2 19
151 4 20 22
151 4 11 19
151 8 10 13
151 2 2 11
151 2 10 16
151 12 19 16
151 12 1 15
151 11 13 12
151 2 9 21
151 10 12 16
151 7 10 15
151 14 4 19
151 7 5 17
151 11 15 15
151 14 14 18
151 14 10 11
151 14 4 19
151 17 20 26
151 19 7 10
151 2 17 17
151 10 4 16
151 19 12 20
151 5 10 20
151 2 5 15
151 13 16 15
151 8 7 16
151 7 5 17
151 19 10 20
151 10 5 13
151 16 2 18
151 3 13 16
151 4 18 11
151 13 14 8
151 19 10 20
151 9 13 19
151 15 18 16
151 3 10 11
151 11 12 12
151 9 13 19
151 20 9 16
151 20 1 19
151 16 4 18
151 11 14 17
151 6 20 15
151 18 16 16
151 19 10 20
151 18 15 20
151 9 6 24
151 13 16 15
151 5 16 22
151 3 17 22
151 15 17 19
151 2 14 13
151 14 12 16
151 17 13 18
151 14 1 24
151 18 10 16
151 20 3 12
151 4 15 14
151 15 11 15
151 1 17 21
151 13 5 16
151 11 8 16
151 20 4 23
151 6 16 18
151 8 20 15
151 11 15 15
151 11 8 16
151 1 18 15
151 10 7 16
151 16 4 18
151 17 7 19
151 5 4 20
151 7 6 15
151 7 11 16
151 3 10 11
151 7 13 21
151 12 8 11
151 16 7 15
151 19 15 17
151 8 10 13
151 9 1 20
151 15 1 19
151 20 9 16
151 11 18 14
151 4 2 17
151 4 9 17
151 9 7 18
151 8 15 22
151 15 9 20
151 11 15 15
151 9 4 14
151 13 18 12
151 5 3 23
151 16 9 11
151 9 13 19
151 18 6 17
151 7 3 17
151 12 19 16
151 13 13 12
151 17 5 24
151 19 19 20
151 8 17 11
151 10 6 13
151 19 6 16
151 18 3 17
151 3 15 22
151 20 1 19
151 1 9 12
151 18 5 16
151 19 12 20
151 14 14 18
151 18 20 19
151 17 5 24
151 11 3 13
151 11 16 14
151 14 6 18
151 9 19 19
151 18 5 16
151 4 9 17
151 11 11 20
151 17 20 26
151 19 10 20
151 13 15 15
151 14 4 19
151 11 18 14
151 19 18 9
151 19 16 20
151 13 19 23
151 5 5 17
151 7 4 10
151 18 20 19
151 3 16 17
151 13 15 15
151 9 17 19
151 4 12 17
151 8 13 20
151 10 13 14
151 4 5 16
151 10 8 14
151 15 11 15
151 4 10 21
151 9 4 14
151 3 4 17
151 8 5 10
151 1 5 19
151 20 5 17
151 12 11 20
151 16 5 16
151 2 20 21
151 14 3 21
151 13 17 16
151 12 14 17
151 1 19 21
151 16 17 15
151 2 14 13
151 1 11 14
151 13 2 24
151 6 16 18
151 17 8 13
151 19 1 19
151 7 19 9
151 14 5 22
151 14 17 18
151 18 13 19
151 9 4 14
151 6 3 13
151 8 1 17
151 17 18 21
151 5 18 18
151 19 16 20
151 9 17 19
151 2 13 16
151 3 12 18
151 14 11 20
151 19 19 20
151 11 11 20
151 20 2 13
151 15 7 12
151 2 4 15
151 2 19 10
151 11 12 12
151 18 20 19
151 5 16 22
151 4 4 25
151 7 13 21
151 10 6 13
151 3 4 17
151 11 5 14
151 18 9 12
151 18 8 13
151 3 14 15
151 11 19 13
151 10 9 14
151 10 6 13
151 9 19 19
151 6 12 19
151 2 13 16
151 7 17 7
151 17 10 15
151 4 6 17
151 6 18 12
151 4 9 17
151 15 18 16
151 5 16 22
151 18 19 16
151 20 6 14
151 14 11 20
151 20 11 21
151 20 13 11
151 15 16 18
151 16 7 15
151 4 10 21
151 6 9 19
151 13 5 16
151 14 4 19
151 9 2 17
151 1 1 21
151 18 13 19
151 2 2 11
151 15 9 20
151 18 9 12
151 7 19 9
151 2 16 22
151 15 18 16
151 16 6 20
151 19 18 9
151 6 17 22
151 1 10 16
151 13 5 16
151 11 6 11
151 13 5 16
151 6 2 18
151 20 7 13
151 1 18 15
151 6 11 20
151 3 13 16
151 17 5 24
151 19 16 20
151 14 17 18
151 10 7 16
151 18 13 19
151 4 4 25
151 19 19 20
151 17 18 21
151 16 4 18
151 12 4 18
151 5 20 11
151 16 19 17
151 16 18 19
151 1 4 15
151 6 19 16
151 17 11 20
151 6 18 12
151 8 16 17
151 16 4 18
151 7 18 15
151 16 13 18
151 1 17 21
151 6 14 16
151 11 9 14
151 6 2 18
151 17 13 18
151 13 9 22
151 19 8 16
151 17 10 15
151 7 16 16
151 4 13 13
151 7 11 16
151 12 17 22
151 1 16 15
151 10 18 18
151 9 2 17
151 2 18 19
151 5 13 14
151 4 1 16
151 4 18 11
151 1 9 12
151 18 3 17
151 11 19 13
151 14 16 21
151 3 19 15
151 5 8 11
151 20 12 16
151 18 7 16
151 15 4 18
151 16 10 18
151 1 18 15
151 18 2 16
151 13 6 23
151 13 8 19
151 7 6 15
151 13 10 20
151 16 14 13
151 11 1 17
151 16 9 11
151 7 19 9
151 6 2 18
151 4 5 16
151 1 7 15
151 19 9 18
151 14 16 21
151 11 5 14
151 2 8 21
151 19 16 20
151 14 18 14
151 9 4 14
151 14 8 11
151 13 2 24
151 15 7 12
151 15 14 21
151 17 3 21
151 8 7 16
151 8 13 20
151 11 18 14
151 7 9 24
151 13 6 23
151 20 17 17
151 15 17 19
151 17 12 16
151 18 9 12
151 9 8 18
151 6 7 17
151 16 14 13
151 3 19 15
151 7 15 15
151 20 8 25
151 15 13 15
151 4 19 17
151 18 20 19
151 1 19 21
151 15 13 15
151 12 4 18
151 6 7 17
151 13 17 16
151 14 5 22
151 19 10 20
151 5 9 17
151 10 20 14
151 7 16 16
151 9 17 19
151 12 11 20
151 19 12 20
151 18 5 16
151 14 9 12
151 2 9 21
151 10 8 14
151 11 15 15
151 20 12 16
151 3 18 15
151 7 7 19
151 2 9 21
151 19 14 14
151 16 9 11
151 13 9 22
151 17 19 14
151 4 5 16
151 10 20 14
151 18 8 13
151 19 20 16
151 3 18 15
151 5 2 21
151 20 6 14
151 16 2 18
151 7 14 21
151 17 18 21
151 1 17 21
151 4 16 24
151 4 14 13
151 12 18 20
151 18 18 17
151 7 2 16
151 5 11 20
151 13 14 8
151 9 12 17
151 12 1 15
151 19 6 16
151 16 1 23
151 16 13 18
151 11 18 14
151 16 9 11
151 6 18 12
151 18 13 19
151 19 20 16
151 11 6 11
151 20 16 18
151 5 7 17
151 11 17 17
151 11 15 15
151 18 20 19
157 1 19 19
157 10 9 18
157 11 5 16
157 10 4 11
157 3 7 11
157 9 7 5
157 13 20 13
157 1 9 12
157 7 9 21
157 17 8 21
157 6 3 14
157 1 1 18
157 11 9 16
157 9 6 19
157 17 19 15
157 4 3 16
157 13 4 17
157 17 19 15
157 5 9 9
157 10 17 12
157 4 17 18
157 4 20 12
157 13 17 14
157 1 1 18
157 17 19 15
157 17 20 18
157 1 11 14
157 3 5 18
157 4 19 12
157 1 18 21
157 14 12 15
157 18 1 21
157 4 8 13
157 11 8 16
157 1 13 20
157 10 10 14
157 20 18 12
157 19 10 14
157 15 20 19
157 11 9 16
157 17 4 23
157 1 1 18
157 12 17 16
157 16 14 17
157 7 19 16
157 20 10 15
157 16 1 20
157 15 18 18
157 12 13 16
157 13 3 19
157 10 11 22
157 8 16 19
157 16 9 18
157 3 16 16
157 18 10 21
157 15 12 18
157 2 10 13
157 2 6 20
157 6 7 14
157 2 11 13
157 4 2 17
157 5 7 15
157 6 16 17
157 3 6 13
157 13 8 15
157 19 6 16
157 8 1 19
157 15 11 15
157 20 10 15
157 12 20 20
157 1 19 19
157 1 10 19
157 6 10 19
157 7 18 14
157 4 12 14
157 8 4 23
157 15 16 8
157 7 16 20
157 14 2 3
157 10 4 11
157 15 8 13
157 13 14 16
157 14 20 14
157 3 9 17
157 11 15 14
157 10 6 19
157 11 17 13
157 13 3 19
157 3 4 17
157 12 6 15
157 17 8 21
157 6 15 10
157 15 19 14
157 5 17 18
157 13 12 17
157 18 1 21
157 18 16 13
157 1 1 18
157 11 16 18
157 7 2 12
157 15 10 18
157 10 10 14
157 20 19 19
157 14 7 17
157 10 12 21
157 4 13 18
157 20 8 16
157 7 6 15
157 10 1 21
157 12 17 16
157 7 18 14
157 15 2 14
157 14 20 14
157 16 9 18
157 20 9 12
157 9 16 12
157 2 1 19
157 2 8 15
157 17 17 12
157 8 3 22
157 6 6 16
157 18 8 19
157 8 20 15
157 15 10 18
157 15 8 13
157 13 13 17
157 8 11 8
157 5 14 21
157 3 14 12
157 4 5 12
157 6 2 17
157 11 11 15
157 13 4 17
157 12 11 14
157 17 8 21
157 9 4 18
157 8 13 19
157 1 3 16
157 8 17 12
157 8 13 19
157 17 2 14
157 13 5 20
157 20 5 12
157 13 5 20
157 8 16 19
157 13 7 17
157 11 5 16
157 9 19 20
157 7 8 20
157 15 15 15
157 8 5 18
157 3 1 17
157 17 15 18
157 8 7 18
157 13 15 20
157 5 5 15
157 10 11 22
157 13 20 13
157 14 16 17
157 20 12 10
157 10 17 12
157 1 20 20
157 11 9 16
157 4 10 13
157 17 9 14
157 17 3 16
157 6 13 16
157 18 1 21
157 14 6 13
157 17 1 21
157 14 10 18
157 17 19 15
157 6 16 17
157 3 6 13
157 16 6 15
157 12 11 14
157 4 12 14
157 15 7 13
157 14 6 13
157 11 7 17
157 12 2 12
157 3 5 18
157 2 7 18
157 13 18 16
157 10 10 14
157 2 2 18
157 1 12 18
157 2 17 9
157 8 12 11
157 1 6 14
157 9 18 14
157 1 2 4
157 3 19 16
157 17 11 24
157 10 15 13
157 12 6 15
157 14 7 17
157 5 2 12
157 19 7 17
157 18 13 14
157 6 1 14
157 5 8 16
157 17 2 14
157 1 3 16
157 3 2 16
157 15 8 13
157 13 16 20
157 17 2 14
157 4 5 12
157 5 11 19
157 12 1 9
157 10 1 21
157 13 5 20
157 5 19 18
157 8 12 11
157 12 8 13
157 9 18 14
157 20 20 18
157 5 10 21
157 10 14 12
157 1 16 17
157 1 16 17
157 11 3 11
157 4 9 16
157 5 18 15
157 3 15 11
157 2 5 10
157 7 10 11
157 13 12 17
157 17 11 24
157 15 8 13
157 9 7 5
157 5 14 21
157 12 17 16
157 14 18 14
157 17 16 17
157 10 8 15
157 6 2 17
157 3 13 16
157 16 19 17
157 17 3 16
157 13 5 20
157 18 12 11
157 14 20 14
157 18 17 11
157 12 4 11
157 17 8 21
157 5 7 15
157 20 6 9
157 2 12 20
157 14 5 15
157 5 9 9
157 10 5 16
157 2 4 13
157 12 14 18
157 9 8 18
157 17 17 12
157 16 1 20
157 5 4 16
157 20 12 10
157 11 1 16
157 18 9 19
157 7 8 20
157 5 4 16
157 19 16 20
157 11 1 16
157 4 18 18
157 2 4 13
157 5 10 21
157 6 3 14
157 15 14 18
157 16 6 15
157 8 7 18
157 6 10 19
157 3 18 14
157 2 16 16
157 19 1 14
157 6 2 17
157 4 3 16
157 18 14 18
157 2 11 13
157 8 2 13
157 12 13 16
157 2 17 9
157 11 4 14
157 8 7 18
157 10 19 17
157 1 12 18
157 2 20 12
157 7 18 14
157 9 18 14
157 10 10 14
157 13 12 17
157 5 18 15
157 1 20 20
157 18 6 16
157 20 12 10
157 19 20 20
157 9 12 19
157 18 20 23
157 17 16 17
157 17 14 12
157 5 20 19
157 5 15 13
157 15 3 18
157 3 19 16
157 19 20 20
157 9 9 18
157 17 16 17
157 7 18 14
157 15 3 18
157 11 8 16
157 20 1 12
157 7 3 12
157 8 11 8
157 2 13 18
157 15 7 13
157 3 14 12
157 14 20 14
157 19 16 20
157 4 1 15
157 2 11 13
157 13 1 16
157 17 2 14
157 10 12 21
157 17 7 12
157 1 7 21
157 12 19 17
157 18 1 21
157 17 2 14
157 8 10 22
157 11 14 18
157 18 20 23
157 2 19 16
157 18 6 16
157 14 8 16
157 8 7 18
157 11 15 14
157 19 3 21
157 14 8 16
157 8 14 14
157 14 19 17
157 2 20 12
157 3 14 12
157 14 10 18
157 3 16 16
157 9 16 12
157 14 17 9
157 4 16 20
157 2 18 17
157 10 10 14
157 7 14 17
157 5 13 16
157 20 7 19
157 20 14 21
157 2 10 13
157 5 20 19
157 7 3 12
157 12 12 19
157 1 16 17
157 12 19 17
157 12 4 11
157 8 1 19
157 10 11 22
157 18 18 19
157 7 12 11
157 6 4 18
157 6 10 19
157 15 18 18
157 3 20 16
157 2 12 20
157 11 17 13
157 18 3 18
157 3 3 20
157 1 16 17
157 20 13 19
157 17 19 15
157 10 6 19
157 10 15 13
157 17 2 14
157 10 18 20
157 11 7 17
157 6 20 18
157 9 2 16
157 16 20 18
157 3 14 12
157 17 9 14
157 3 3 20
157 10 2 21
157 3 2 16
157 12 3 12
157 16 17 16
157 16 2 20
157 9 14 21
157 6 5 13
157 12 5 14
157 13 2 13
157 9 4 18
157 7 8 20
157 13 11 17
157 16 11 19
157 3 7 11
157 6 10 19
157 2 8 15
157 9 11 17
157 7 5 16
157 6 17 16
157 18 17 11
157 3 18 14
157 20 9 12
157 5 18 15
157 13 15 20
157 12 1 9
157 13 4 17
157 1 10 19
157 16 8 16
157 20 16 18
157 11 2 12
157 8 10 22
157 1 7 21
157 13 7 17
157 9 2 16
157 5 18 15
157 16 18 13
157 10 16 17
157 19 8 11
157 1 12 18
157 1 13 20
157 14 17 9
157 11 3 11
157 14 9 13
157 16 17 16
157 16 18 13
157 12 4 11
157 8 11 8
157 6 20 18
157 13 5 20
157 12 13 16
157 11 7 17
157 12 1 9
157 15 3 18
157 18 15 17
157 15 15 15
157 18 12 11
157 4 6 17
157 1 13 20
157 8 12 11
157 8 17 12
157 16 7 17
157 8 3 22
157 8 6 20
157 2 9 17
157 15 1 14
157 3 8 9
157 2 15 19
157 19 1 14
157 4 1 15
157 20 13 19
157 2 5 10
157 15 13 21
157 15 14 18
157 20 13 19
157 5 12 19
157 15 15 15
157 16 16 16
157 10 18 20
157 4 15 13
157 6 10 19
157 13 8 15
157 13 4 17
157 3 18 14
157 5 14 21
157 2 12 20
157 5 2 12
157 9 15 19
157 6 4 18
163 9 17 10
163 15 20 21
163 4 15 16
163 13 3 17
163 11 6 12
163 7 9 15
163 9 11 14
163 8 7 20
163 17 19 13
163 4 17 13
163 19 18 11
163 8 20 19
163 5 12 12
163 20 10 14
163 5 1 18
163 6 4 21
163 18 10 14
163 20 9 12
163 5 14 14
163 13 12 16
163 7 1 16
163 1 18 15
163 4 17 13
163 12 15 14
163 15 12 16
163 16 10 11
163 14 20 16
163 10 15 11
163 17 16 11
163 6 8 13
163 18 15 17
163 15 19 14
163 19 11 16
163 2 5 16
163 16 1 16
163 18 20 14
163 15 9 16
163 18 2 17
163 16 7 17
163 4 16 12
163 7 10 13
163 6 12 14
163 9 3 21
163 19 8 18
163 4 11 10
163 13 9 22
163 7 1 16
163 16 15 16
163 18 16 14
163 9 2 16
163 19 1 18
163 10 11 16
163 12 15 14
163 10 7 16
163 11 6 12
163 2 4 18
163 15 7 12
163 16 17 16
163 8 17 18
163 19 20 19
163 18 6 21
163 7 9 15
163 3 3 13
163 1 11 15
163 9 11 14
163 6 12 14
163 20 17 15
163 19 12 15
163 2 11 14
163 18 1 14
163 12 18 17
163 19 15 20
163 14 15 13
163 9 7 11
163 6 16 15
163 7 16 15
163 7 20 16
163 3 5 12
163 7 4 14
163 4 12 11
163 10 18 19
163 5 15 12
163 14 10 13
163 7 19 19
163 12 18 17
163 12 8 12
163 9 3 21
163 18 19 18
163 9 10 15
163 19 14 20
163 6 8 13
163 17 6 17
163 6 10 12
163 10 1 12
163 17 18 17
163 14 5 15
163 7 6 16
163 15 16 11
163 4 2 11
163 19 12 15
163 12 9 11
163 2 9 21
163 4 4 18
163 2 2 15
163 13 14 8
163 3 1 16
163 16 2 12
163 13 18 17
163 18 8 13
163 17 19 13
163 9 13 17
163 1 14 19
163 11 16 17
163 4 14 13
163 5 12 12
163 11 15 17
163 16 20 12
163 17 1 10
163 5 20 15
163 6 12 14
163 17 16 11
163 2 17 10
163 15 8 13
163 19 3 17
163 16 14 17
163 2 19 13
163 8 19 12
163 7 17 13
163 3 18 16
163 6 15 17
163 20 8 11
163 12 3 16
163 3 18 16
163 3 11 15
163 6 18 16
163 3 2 15
163 16 12 15
163 4 7 18
163 4 19 19
163 19 8 18
163 18 18 19
163 2 8 12
163 12 18 17
163 11 15 17
163 5 3 16
163 5 6 18
163 16 10 11
163 17 19 13
163 14 11 16
163 13 10 13
163 14 18 23
163 11 7 17
163 3 5 12
163 18 8 13
163 4 13 13
163 7 17 13
163 16 16 17
163 18 5 14
163 13 4 10
163 1 6 16
163 13 2 11
163 6 5 15
163 18 13 14
163 19 10 15
163 5 8 16
163 17 17 15
163 16 4 18
163 7 11 13
163 8 12 11
163 7 11 13
163 2 14 12
163 14 19 11
163 9 18 8
163 11 10 13
163 9 7 11
163 5 9 19
163 9 15 15
163 18 11 15
163 20 20 12
163 8 6 16
163 15 17 21
163 3 5 12
163 18 3 17
163 13 16 18
163 19 3 17
163 15 10 20
163 5 10 14
163 6 3 13
163 16 4 18
163 18 15 17
163 5 20 15
163 7 2 12
163 12 6 16
163 6 13 15
163 6 8 13
163 8 10 11
163 8 8 15
163 12 19 19
163 12 15 14
163 3 5 12
163 10 12 14
163 10 5 24
163 17 16 11
163 17 1 10
163 9 19 13
163 4 1 19
163 15 1 16
163 19 11 16
163 2 3 15
163 17 10 9
163 17 1 10
163 11 11 13
163 3 15 22
163 7 11 13
163 11 19 13
163 16 13 11
163 9 6 22
163 8 13 14
163 16 19 14
163 4 14 13
163 18 10 14
163 12 17 11
163 12 5 16
163 7 5 13
163 9 11 14
163 14 4 14
163 12 9 11
163 15 2 17
163 13 6 16
163 20 13 15
163 3 13 17
163 12 5 16
163 16 20 12
163 7 9 15
163 3 17 17
163 8 1 9
163 6 2 16
163 2 2 15
163 14 18 23
163 19 16 24
163 2 6 6
163 11 10 13
163 8 14 18
163 17 11 15
163 14 11 16
163 14 5 15
163 11 3 13
163 16 1 16
163 18 20 14
163 18 9 18
163 8 20 19
163 8 20 19
163 10 8 17
163 8 13 14
163 10 8 17
163 15 2 17
163 4 17 13
163 18 12 20
163 11 16 17
163 8 17 18
163 4 16 12
163 12 8 12
163 20 5 16
163 9 16 12
163 7 17 13
163 6 7 17
163 14 1 15
163 17 5 19
163 1 8 14
163 10 14 14
163 15 4 18
163 5 17 17
163 1 8 14
163 17 5 19
163 14 14 20
163 4 14 13
163 8 16 13
163 18 11 15
163 7 3 20
163 13 16 18
163 6 1 10
163 13 18 17
163 9 11 14
163 17 6 17
163 17 19 13
163 9 9 14
163 14 14 20
163 5 7 14
163 18 11 15
163 16 12 15
163 3 16 13
163 18 11 15
163 1 5 16
163 15 17 21
163 3 15 22
163 9 10 15
163 11 2 18
163 2 17 10
163 20 10 14
163 12 7 17
163 19 19 8
163 18 8 13
163 18 9 18
163 1 15 12
163 12 7 17
163 17 5 19
163 19 4 15
163 15 7 12
163 12 3 16
163 5 13 16
163 2 4 18
163 8 15 13
163 14 14 20
163 20 9 12
163 3 7 16
163 19 8 18
163 2 3 15
163 12 7 17
163 7 11 13
163 4 1 19
163 20 14 14
163 18 17 18
163 6 9 18
163 12 9 11
163 18 3 17
163 15 2 17
163 17 5 19
163 12 12 13
163 3 1 16
163 13 13 11
163 19 17 19
163 10 10 15
163 14 16 20
163 5 3 16
163 2 2 15
163 8 20 19
163 9 9 14
163 2 18 14
163 12 3 16
163 5 9 19
163 3 16 13
163 2 5 16
163 4 2 11
163 16 6 16
163 11 4 19
163 16 13 11
163 16 13 11
163 11 2 18
163 7 8 15
163 13 8 18
163 14 13 13
163 5 4 13
163 3 18 16
163 20 9 12
163 2 20 14
163 2 2 15
163 19 17 19
163 4 4 18
163 14 4 14
163 7 9 15
163 10 3 10
163 2 5 16
163 13 2 11
163 6 5 15
163 6 6 21
163 12 16 14
163 7 10 13
163 17 16 11
163 3 7 16
163 18 10 14
163 9 3 21
163 8 11 16
163 14 6 14
163 1 4 18
163 11 3 13
163 14 7 14
163 8 12 11
163 1 3 18
163 7 19 19
163 15 8 13
163 11 8 10
163 16 6 16
163 14 9 16
163 10 1 12
163 18 16 14
163 18 9 18
163 17 18 17
163 18 2 17
163 4 10 24
163 16 13 11
163 3 18 16
163 2 2 15
163 9 8 14
163 8 15 13
163 11 10 13
163 20 14 14
163 15 7 12
163 16 12 15
163 11 19 13
163 16 16 17
163 12 11 15
163 18 6 21
163 9 6 22
163 18 4 12
163 14 10 13
163 19 5 21
163 12 9 11
163 15 6 12
163 15 5 13
163 1 4 18
163 7 11 13
163 18 1 14
163 16 2 12
163 10 17 14
163 7 4 14
163 3 14 16
163 8 12 11
163 5 18 15
163 11 3 13
163 10 6 18
163 2 9 21
163 6 16 15
163 9 7 11
163 9 15 15
163 16 15 16
163 14 13 13
163 5 14 14
163 19 20 19
163 16 15 16
163 11 3 13
163 19 5 21
163 16 7 17
163 10 4 11
163 1 14 19
163 16 6 16
163 8 6 16
163 9 17 10
163 6 11 15
163 1 19 17
163 14 15 13
163 18 11 15
163 19 9 9
163 4 14 13
163 3 6 9
163 1 11 15
163 1 7 13
163 18 13 14
163 14 13 13
163 20 19 8
163 11 5 15
163 2 9 21
163 17 15 15
163 20 16 18
163 20 6 20
163 13 9 22
163 6 18 16
163 15 9 16
163 14 10 13
163 3 19 11
163 5 1 18
163 7 5 13
163 10 7 16
163 17 9 19
163 5 3 16
163 8 11 16
163 10 4 11
163 5 15 12
163 11 20 14
163 5 12 12
163 16 11 20
163 8 4 17
163 3 5 12
163 11 6 12
163 3 17 17
163 11 9 14
163 15 12 16
167 2 18 12
167 14 7 10
167 4 4 15
167 10 6 13
167 7 3 17
167 6 19 14
167 8 13 17
167 17 15 15
167 9 11 21
167 2 4 19
167 6 11 17
167 6 7 14
167 2 15 18
167 11 18 12
167 11 20 11
167 6 4 19
167 9 17 17
167 4 20 10
167 8 9 15
167 13 20 10
167 4 2 19
167 5 1 13
167 14 18 15
167 14 15 19
167 9 15 18
167 9 3 13
167 8 20 11
167 18 18 14
167 5 16 20
167 8 19 17
167 8 3 17
167 16 9 10
167 14 5 9
167 5 3 17
167 2 6 22
167 16 15 12
167 7 8 19
167 16 13 13
167 10 12 15
167 9 16 14
167 15 15 17
167 14 12 10
167 1 11 16
167 15 20 17
167 10 6 13
167 18 4 10
167 4 11 15
167 19 6 16
167 5 18 14
167 7 13 15
167 15 7 19
167 16 12 15
167 6 6 9
167 9 12 21
167 10 2 17
167 8 5 9
167 9 6 16
167 7 11 10
167 10 10 19
167 1 18 14
167 20 9 13
167 3 12 15
167 7 8 19
167 9 16 14
167 20 20 18
167 1 15 11
167 16 20 13
167 3 7 12
167 6 13 15
167 18 15 16
167 13 20 10
167 17 2 13
167 12 19 10
167 3 1 12
167 6 15 18
167 9 13 19
167 12 4 17
167 19 17 14
167 20 6 19
167 3 1 12
167 7 13 15
167 4 12 16
167 2 18 12
167 1 17 19
167 16 16 23
167 20 2 14
167 17 5 15
167 17 3 18
167 13 20 10
167 17 19 13
167 12 15 21
167 18 2 16
167 1 14 17
167 14 6 19
167 13 6 20
167 11 8 18
167 8 18 15
167 5 8 19
167 7 4 10
167 10 11 19
167 15 10 21
167 5 2 16
167 13 16 20
167 12 6 20
167 12 6 20
167 11 13 13
167 1 2 17
167 5 10 17
167 7 10 14
167 3 14 22
167 8 11 20
167 11 7 15
167 18 2 16
167 8 7 11
167 13 18 16
167 11 2 13
167 18 12 13
167 10 6 13
167 5 12 17
167 4 7 13
167 8 9 15
167 17 20 19
167 10 4 14
167 19 15 21
167 17 12 11
167 16 1 14
167 2 4 19
167 5 20 15
167 6 12 21
167 17 9 17
167 9 9 19
167 13 9 14
167 15 15 17
167 17 18 20
167 4 10 12
167 1 12 13
167 20 20 18
167 12 18 15
167 15 15 17
167 19 7 18
167 18 12 13
167 18 2 16
167 12 2 10
167 2 20 10
167 7 8 19
167 12 1 19
167 19 14 17
167 3 6 15
167 1 18 14
167 14 19 9
167 12 18 15
167 6 8 14
167 5 9 11
167 14 3 9
167 16 8 15
167 9 13 19
167 18 5 17
167 7 5 17
167 8 12 21
167 4 16 22
167 2 9 15
167 10 1 22
167 4 2 19
167 11 7 15
167 12 13 13
167 12 9 18
167 12 8 21
167 10 1 22
167 10 1 22
167 14 16 12
167 11 2 13
167 6 20 22
167 19 18 18
167 17 1 19
167 4 20 10
167 11 9 21
167 15 12 15
167 8 5 9
167 12 7 16
167 1 11 16
167 16 4 11
167 2 20 10
167 10 19 14
167 18 11 10
167 1 2 17
167 6 16 15
167 13 7 14
167 15 15 17
167 15 16 13
167 10 19 14
167 4 13 15
167 8 5 9
167 1 17 19
167 16 9 10
167 11 19 16
167 14 16 12
167 20 18 15
167 6 3 16
167 18 10 14
167 14 15 19
167 8 8 13
167 12 18 15
167 18 13 14
167 19 12 19
167 18 17 10
167 19 1 20
167 11 18 12
167 18 5 17
167 14 12 10
167 10 9 11
167 1 20 20
167 7 1 12
167 18 9 15
167 15 16 13
167 10 13 8
167 1 18 14
167 17 19 13
167 14 13 12
167 1 20 20
167 15 7 19
167 14 13 12
167 13 20 10
167 14 16 12
167 2 8 12
167 14 11 13
167 6 3 16
167 14 9 15
167 9 6 16
167 12 5 14
167 12 12 14
167 18 1 17
167 17 12 11
167 7 12 10
167 19 7 18
167 3 9 11
167 17 13 11
167 18 15 16
167 17 18 20
167 20 15 17
167 17 2 13
167 12 9 18
167 18 5 17
167 12 1 19
167 5 16 20
167 12 16 13
167 18 17 10
167 15 8 11
167 3 14 22
167 17 9 17
167 4 2 19
167 2 19 8
167 8 19 17
167 15 1 13
167 13 9 14
167 14 1 16
167 17 15 15
167 18 5 17
167 18 1 17
167 9 6 16
167 13 17 14
167 6 4 19
167 7 1 12
167 20 17 14
167 14 17 13
167 3 2 14
167 13 5 11
167 10 18 18
167 9 15 18
167 16 10 9
167 4 18 12
167 19 7 18
167 14 18 15
167 8 14 16
167 2 19 8
167 7 10 14
167 17 17 11
167 18 11 10
167 6 10 14
167 20 3 14
167 3 17 13
167 11 20 11
167 8 11 20
167 3 6 15
167 8 11 20
167 15 5 8
167 4 12 16
167 16 1 14
167 7 5 17
167 19 14 17
167 11 7 15
167 13 18 16
167 5 5 17
167 10 16 19
167 17 13 11
167 13 10 15
167 1 15 11
167 6 11 17
167 3 17 13
167 7 8 19
167 2 1 16
167 2 4 19
167 16 17 12
167 12 8 21
167 8 11 20
167 14 7 10
167 12 2 10
167 1 2 17
167 1 1 16
167 2 14 14
167 11 9 21
167 18 14 19
167 17 4 12
167 12 19 10
167 5 17 19
167 16 3 12
167 12 20 15
167 13 16 20
167 10 6 13
167 17 17 11
167 6 13 15
167 4 19 17
167 16 15 12
167 7 18 11
167 16 15 12
167 18 5 17
167 3 11 10
167 17 20 19
167 3 18 17
167 14 13 12
167 2 10 17
167 19 16 13
167 18 14 19
167 7 14 13
167 20 1 18
167 15 6 17
167 18 9 15
167 11 12 14
167 5 9 11
167 2 1 16
167 16 14 19
167 2 15 18
167 12 2 10
167 8 8 13
167 15 12 15
167 18 11 10
167 3 16 10
167 11 4 20
167 7 10 14
167 1 5 16
167 14 6 19
167 5 20 15
167 2 11 10
167 1 2 17
167 15 9 21
167 12 18 15
167 17 3 18
167 13 11 14
167 11 14 18
167 16 9 10
167 11 7 15
167 2 9 15
167 7 4 10
167 4 14 9
167 5 6 11
167 13 14 14
167 16 15 12
167 15 2 15
167 14 11 13
167 16 1 14
167 6 12 21
167 15 14 12
167 3 6 15
167 9 18 21
167 20 16 16
167 18 14 19
167 11 4 20
167 6 1 20
167 19 9 11
167 7 4 10
167 6 19 14
167 14 11 13
167 9 8 19
167 10 14 12
167 12 13 13
167 17 13 11
167 4 6 16
167 18 2 16
167 7 8 19
167 9 17 17
167 2 16 16
167 17 5 15
167 7 19 16
167 15 2 15
167 18 7 12
167 11 18 12
167 16 20 13
167 15 11 13
167 16 2 9
167 5 20 15
167 11 12 14
167 1 9 10
167 17 1 19
167 11 6 10
167 7 8 19
167 3 20 19
167 12 9 18
167 4 3 11
167 16 7 12
167 9 8 19
167 16 5 18
167 18 17 10
167 4 18 12
167 14 10 14
167 6 3 16
167 12 9 18
167 6 7 14
167 20 16 16
167 12 6 20
167 9 1 15
167 2 13 12
167 4 17 13
167 17 16 17
167 15 15 17
167 1 6 15
167 8 6 11
167 10 4 14
167 7 14 13
167 9 19 17
167 3 5 15
167 17 4 12
167 20 19 10
167 14 11 13
167 4 19 17
167 20 17 14
167 14 18 15
167 3 16 10
167 16 17 12
167 2 11 10
167 18 10 14
167 1 9 10
167 1 13 18
167 5 8 19
167 20 7 21
167 14 13 12
167 10 20 16
167 8 10 14
167 8 14 16
167 3 20 19
167 10 18 18
167 2 14 14
167 13 18 16
167 14 16 12
167 19 1 20
167 11 6 10
167 1 9 10
167 5 13 16
167 3 2 14
167 13 2 20
167 11 12 14
167 5 16 20
167 7 20 18
167 10 13 8
167 18 15 16
167 5 1 13
167 3 15 8
167 14 3 9
167 14 8 13
167 15 20 17
167 8 6 11
167 1 17 19
167 9 8 19
167 19 18 18
167 18 10 14
167 17 15 15
167 10 16 19
167 13 9 14
173 9 17 9
173 3 15 8
173 19 20 15
173 16 10 17
173 16 11 12
173 18 18 12
173 15 2 14
173 7 2 12
173 8 6 14
173 7 13 10
173 3 2 10
173 11 17 11
173 8 1 21
173 2 2 20
173 1 6 20
173 17 4 16
173 20 17 14
173 18 1 14
173 2 14 18
173 8 1 21
173 11 12 9
173 17 8 20
173 8 12 16
173 12 11 16
173 11 18 12
173 1 12 10
173 20 18 16
173 19 18 10
173 1 15 22
173 12 15 15
173 2 13 15
173 3 3 11
173 4 14 15
173 14 5 12
173 2 20 15
173 2 16 17
173 15 16 17
173 16 20 17
173 2 2 20
173 13 19 17
173 11 5 11
173 14 4 15
173 19 15 8
173 13 8 15
173 11 20 10
173 6 16 12
173 8 15 11
173 7 19 15
173 17 14 20
173 1 1 10
173 6 15 18
173 10 19 15
173 9 13 11
173 7 20 12
173 6 3 19
173 15 16 17
173 3 8 15
173 13 2 12
173 5 11 17
173 16 7 11
173 17 1 13
173 6 1 17
173 13 19 17
173 7 9 22
173 18 9 13
173 3 9 18
173 4 4 16
173 3 10 11
173 13 15 18
173 6 9 17
173 8 18 11
173 20 6 11
173 20 7 16
173 17 4 16
173 20 10 7
173 14 14 16
173 17 6 17
173 5 8 15
173 11 11 14
173 16 4 14
173 19 16 15
173 15 9 19
173 13 9 15
173 15 20 14
173 1 11 11
173 19 18 10
173 2 20 15
173 1 16 16
173 16 7 11
173 3 4 16
173 3 8 15
173 6 11 16
173 9 10 18
173 11 11 14
173 15 11 19
173 16 15 17
173 4 18 16
173 1 1 10
173 20 1 16
173 17 7 19
173 1 3 18
173 16 4 14
173 13 7 10
173 7 13 10
173 11 15 18
173 11 15 18
173 18 6 13
173 12 16 15
173 9 16 17
173 4 11 14
173 9 4 16
173 16 6 13
173 13 9 15
173 15 11 19
173 16 15 17
173 1 11 11
173 11 15 18
173 8 15 11
173 3 15 8
173 12 20 15
173 13 8 15
173 20 9 11
173 5 15 16
173 6 3 19
173 16 2 17
173 4 3 13
173 3 9 18
173 10 2 12
173 3 15 8
173 16 4 14
173 10 13 10
173 14 19 12
173 7 6 16
173 16 18 15
173 5 2 20
173 9 14 10
173 6 7 14
173 10 18 12
173 3 2 10
173 9 17 9
173 3 14 10
173 20 9 11
173 18 15 16
173 14 17 14
173 8 4 14
173 15 11 19
173 7 20 12
173 16 12 15
173 5 13 9
173 4 3 13
173 4 15 19
173 9 15 13
173 15 20 14
173 14 3 15
173 4 14 15
173 9 11 15
173 7 3 16
173 6 6 15
173 7 11 14
173 13 1 20
173 1 6 20
173 16 17 20
173 10 10 14
173 3 13 12
173 8 13 14
173 20 18 16
173 2 15 15
173 7 19 15
173 4 12 18
173 18 9 13
173 9 1 11
173 19 19 9
173 4 20 14
173 5 1 18
173 15 6 13
173 17 8 20
173 9 1 11
173 1 17 9
173 9 7 11
173 10 18 12
173 3 14 10
173 18 7 19
173 1 16 16
173 17 12 12
173 1 5 14
173 3 18 20
173 13 14 11
173 17 5 13
173 9 8 16
173 18 14 21
173 11 17 11
173 9 19 13
173 12 5 9
173 11 18 12
173 20 9 11
173 15 7 11
173 1 2 12
173 20 17 14
173 1 7 13
173 20 9 11
173 17 9 18
173 18 1 14
173 8 15 11
173 4 11 14
173 20 3 12
173 20 3 12
173 4 7 14
173 12 9 15
173 12 8 11
173 18 19 10
173 19 18 10
173 8 11 16
173 20 3 12
173 2 13 15
173 7 14 15
173 10 17 11
173 14 17 14
173 3 18 20
173 5 3 21
173 15 15 9
173 17 3 12
173 10 2 12
173 16 11 12
173 6 9 17
173 6 15 18
173 3 16 18
173 9 6 19
173 18 11 20
173 7 8 18
173 14 6 12
173 13 17 20
173 4 16 13
173 16 3 17
173 7 16 13
173 18 18 12
173 10 20 16
173 8 14 11
173 1 12 10
173 4 9 15
173 12 2 14
173 9 11 15
173 18 1 14
173 17 13 20
173 10 18 12
173 16 14 11
173 20 8 10
173 17 12 12
173 10 14 11
173 20 12 20
173 17 8 20
173 7 17 14
173 13 9 15
173 12 11 16
173 1 12 10
173 16 20 17
173 13 11 10
173 17 7 19
173 11 6 12
173 17 4 16
173 12 10 14
173 5 6 14
173 2 9 15
173 12 16 15
173 4 11 14
173 8 7 14
173 19 16 15
173 9 13 11
173 11 5 11
173 2 6 9
173 12 15 15
173 8 16 8
173 20 14 15
173 9 7 11
173 19 6 16
173 20 13 17
173 11 18 12
173 11 8 16
173 13 8 15
173 3 13 12
173 17 5 13
173 1 9 13
173 20 11 13
173 12 18 10
173 9 14 10
173 4 1 20
173 2 12 10
173 15 2 14
173 20 20 19
173 13 8 15
173 20 4 16
173 14 2 12
173 20 13 17
173 18 4 9
173 13 18 13
173 20 6 11
173 15 8 16
173 5 17 16
173 11 15 18
173 17 18 18
173 14 18 14
173 2 2 20
173 1 7 13
173 20 16 15
173 13 16 17
173 14 8 16
173 7 20 12
173 13 16 17
173 11 20 10
173 9 15 13
173 4 1 20
173 17 3 12
173 17 15 15
173 10 7 14
173 7 20 12
173 15 9 19
173 11 9 17
173 13 3 18
173 8 8 16
173 3 19 22
173 3 8 15
173 16 20 17
173 19 8 15
173 5 11 17
173 19 2 15
173 16 17 20
173 4 16 13
173 20 5 11
173 1 16 16
173 2 13 15
173 16 16 15
173 6 16 12
173 18 9 13
173 3 9 18
173 17 15 15
173 15 9 19
173 11 11 14
173 8 7 14
173 19 14 19
173 7 2 12
173 15 6 13
173 9 13 11
173 5 2 20
173 10 14 11
173 2 5 15
173 7 8 18
173 2 13 15
173 16 2 17
173 19 17 14
173 16 17 20
173 7 2 12
173 17 10 14
173 17 9 18
173 4 20 14
173 5 20 16
173 20 10 7
173 12 9 15
173 9 12 14
173 16 17 20
173 17 7 19
173 9 6 19
173 20 11 13
173 19 3 18
173 14 15 16
173 5 15 16
173 6 16 12
173 20 3 12
173 7 7 16
173 17 14 20
173 1 17 9
173 8 8 16
173 2 13 15
173 14 2 12
173 12 5 9
173 13 4 19
173 2 17 15
173 5 13 9
173 19 14 19
173 6 14 18
173 12 18 10
173 7 9 22
173 7 20 12
173 12 13 13
173 8 1 21
173 2 5 15
173 20 5 11
173 2 16 17
173 16 19 12
173 4 14 15
173 9 2 11
173 8 13 14
173 12 14 18
173 6 13 12
173 12 14 18
173 8 7 14
173 9 4 16
173 8 11 16
173 10 17 11
173 6 4 18
173 6 7 14
173 12 2 14
173 12 4 16
173 3 16 18
173 10 5 14
173 9 12 14
173 13 8 15
173 6 20 13
173 10 13 10
173 4 10 21
173 19 15 8
173 11 1 17
173 12 1 16
173 6 17 14
173 8 19 13
173 1 3 18
173 14 19 12
173 19 20 15
173 7 13 10
173 20 9 11
173 11 20 10
173 17 17 18
173 6 20 13
173 12 19 11
173 14 18 14
173 20 16 15
173 14 7 13
173 4 8 15
173 13 19 17
173 11 6 12
173 13 19 17
173 11 20 10
173 12 8 11
173 6 3 19
173 1 4 14
173 8 16 8
173 18 4 9
173 1 17 9
173 6 18 13
173 6 9 17
173 1 14 18
173 10 15 14
173 16 10 17
173 7 20 12
173 3 6 15
173 8 18 11
173 4 16 13
173 6 13 12
173 11 15 18
173 20 3 12
173 12 10 14
173 4 17 12
173 19 20 15
173 10 13 10
173 20 12 20
173 4 9 15
173 8 11 16
173 17 16 12
173 19 17 14
173 18 19 10
173 9 19 13
173 4 13 14
173 12 12 14
173 8 17 13
173 19 2 15
173 10 16 15
173 16 12 15
173 18 7 19
173 1 5 14
173 15 20 14
173 14 1 19
173 19 13 13
173 3 6 15
173 14 18 14
173 2 2 20
173 4 13 14
173 10 6 17
173 5 8 15
179 11 18 14
179 18 14 14
179 6 14 11
179 12 20 12
179 14 19 12
179 20 1 18
179 7 1 14
179 17 3 20
179 3 11 15
179 7 14 11
179 6 8 7
179 4 20 15
179 16 2 12
179 9 4 9
179 2 15 16
179 7 5 18
179 3 4 14
179 16 19 13
179 16 3 13
179 9 11 11
179 5 5 12
179 1 3 19
179 9 5 17
179 3 20 13
179 17 13 13
179 13 18 6
179 11 5 17
179 18 5 13
179 19 8 15
179 20 11 15
179 9 18 14
179 15 1 14
179 7 13 17
179 5 6 16
179 4 5 11
179 11 4 22
179 14 15 17
179 12 18 16
179 2 2 16
179 8 19 15
179 8 5 18
179 1 5 10
179 3 13 20
179 18 16 12
179 12 18 16
179 3 16 16
179 16 6 14
179 12 11 15
179 15 14 6
179 6 10 15
179 6 19 19
179 11 15 11
179 11 18 14
179 9 20 18
179 14 18 10
179 5 4 16
179 11 14 14
179 13 11 11
179 15 7 15
179 4 8 15
179 2 8 17
179 18 11 13
179 8 7 11
179 1 7 16
179 13 13 15
179 4 10 13
179 18 3 14
179 17 4 13
179 16 1 11
179 2 5 19
179 7 10 9
179 19 5 19
179 6 13 17
179 11 18 14
179 12 9 12
179 8 12 17
179 3 1 14
179 17 8 12
179 6 9 19
179 18 15 14
179 2 2 16
179 14 7 14
179 18 6 11
179 5 11 16
179 8 16 17
179 18 5 13
179 8 7 11
179 10 10 11
179 19 10 14
179 4 4 13
179 8 19 15
179 13 1 22
179 12 13 15
179 17 1 10
179 14 18 10
179 13 11 11
179 11 1 15
179 12 17 14
179 9 12 12
179 17 6 9
179 4 17 15
179 18 7 11
179 17 14 20
179 13 2 20
179 7 3 15
179 11 14 14
179 9 10 15
179 8 9 16
179 13 6 18
179 19 16 16
179 10 17 17
179 14 5 17
179 4 12 17
179 5 12 11
179 15 8 17
179 4 13 11
179 16 11 14
179 15 5 18
179 4 2 15
179 6 16 21
179 17 6 9
179 2 15 16
179 18 7 11
179 7 6 15
179 5 7 19
179 7 14 11
179 9 17 17
179 6 2 17
179 15 8 17
179 14 20 16
179 16 14 20
179 5 1 18
179 8 18 15
179 13 5 14
179 1 20 11
179 20 7 12
179 1 2 12
179 14 16 10
179 2 2 16
179 12 6 17
179 5 13 8
179 20 9 15
179 2 15 16
179 11 14 14
179 3 2 13
179 8 15 17
179 5 14 17
179 4 6 16
179 6 12 12
179 17 15 12
179 16 15 13
179 15 9 11
179 17 11 13
179 17 15 12
179 18 5 13
179 3 10 12
179 20 14 12
179 14 3 16
179 12 19 19
179 12 5 12
179 19 1 15
179 3 7 14
179 12 3 16
179 2 7 14
179 1 7 16
179 13 8 11
179 18 13 14
179 14 3 16
179 12 9 12
179 13 18 6
179 9 4 9
179 7 10 9
179 15 12 14
179 12 8 15
179 11 8 14
179 5 14 17
179 20 18 9
179 8 14 10
179 16 20 9
179 19 7 15
179 9 15 14
179 19 2 11
179 13 7 12
179 16 4 11
179 18 12 14
179 16 5 6
179 3 2 13
179 5 12 11
179 7 7 14
179 4 1 20
179 13 4 20
179 9 2 18
179 3 10 12
179 16 17 13
179 19 3 14
179 16 16 12
179 3 16 16
179 9 8 7
179 10 9 9
179 14 13 13
179 18 9 12
179 13 18 6
179 10 12 13
179 10 9 9
179 16 15 13
179 12 11 15
179 14 18 10
179 13 19 13
179 17 6 9
179 1 17 17
179 19 5 19
179 5 20 5
179 17 2 11
179 11 8 14
179 10 20 15
179 17 18 15
179 19 20 11
179 9 1 18
179 9 4 9
179 17 14 20
179 16 9 11
179 4 6 16
179 1 14 17
179 9 8 7
179 5 1 18
179 9 13 15
179 12 19 19
179 5 3 16
179 4 2 15
179 12 16 17
179 8 10 9
179 19 14 11
179 3 11 15
179 11 1 15
179 2 7 14
179 14 11 6
179 13 11 11
179 20 15 16
179 15 19 12
179 2 18 16
179 15 10 7
179 10 13 16
179 15 15 12
179 13 9 18
179 20 3 13
179 15 11 14
179 12 9 12
179 10 19 16
179 13 20 13
179 10 6 21
179 9 15 14
179 2 7 14
179 4 19 16
179 11 18 14
179 8 17 11
179 1 16 20
179 10 2 11
179 20 16 16
179 9 1 18
179 17 7 16
179 14 12 15
179 20 1 18
179 14 15 17
179 1 8 12
179 17 2 11
179 18 14 14
179 2 8 17
179 5 2 14
179 8 17 11
179 18 12 14
179 19 16 16
179 15 18 15
179 10 15 14
179 18 14 14
179 11 3 18
179 8 11 6
179 19 1 15
179 19 20 11
179 4 4 13
179 3 13 20
179 17 16 15
179 4 7 16
179 16 1 11
179 18 7 11
179 7 15 16
179 4 16 7
179 12 9 12
179 11 20 13
179 8 18 15
179 18 6 11
179 19 3 14
179 9 8 7
179 20 15 16
179 4 19 16
179 3 4 14
179 19 14 11
179 4 16 7
179 10 16 16
179 19 6 14
179 5 13 8
179 9 13 15
179 14 3 16
179 4 14 12
179 12 4 15
179 19 8 15
179 12 19 19
179 9 11 11
179 16 11 14
179 18 12 14
179 12 12 14
179 18 16 12
179 2 10 12
179 12 17 14
179 20 11 15
179 19 8 15
179 20 10 15
179 3 2 13
179 13 7 12
179 12 2 9
179 3 1 14
179 6 9 19
179 1 4 9
179 9 19 17
179 6 3 16
179 1 4 9
179 17 20 12
179 20 2 18
179 1 17 17
179 7 9 14
179 18 10 13
179 17 8 12
179 18 8 17
179 15 9 11
179 10 19 16
179 17 3 20
179 13 11 11
179 6 18 13
179 6 8 7
179 7 5 18
179 3 5 10
179 11 1 15
179 10 10 11
179 13 2 20
179 4 13 11
179 6 11 10
179 8 10 9
179 20 7 12
179 2 13 18
179 9 20 18
179 14 16 10
179 12 5 12
179 18 5 13
179 6 7 9
179 4 10 13
179 9 17 17
179 13 15 12
179 9 1 18
179 13 12 13
179 3 7 14
179 2 10 12
179 12 5 12
179 11 6 16
179 5 13 8
179 6 12 12
179 15 18 15
179 8 2 10
179 12 4 15
179 9 8 7
179 8 16 17
179 10 13 16
179 15 14 6
179 5 5 12
179 20 20 17
179 12 20 12
179 6 8 7
179 16 11 14
179 4 9 20
179 9 2 18
179 7 1 14
179 20 16 16
179 10 12 13
179 11 15 11
179 1 16 20
179 4 13 11
179 6 10 15
179 17 4 13
179 4 18 14
179 9 18 14
179 1 18 16
179 17 2 11
179 3 20 13
179 14 6 19
179 2 5 19
179 15 4 11
179 11 2 14
179 19 4 12
179 17 15 12
179 13 11 11
179 15 2 12
179 5 8 11
179 16 20 9
179 11 8 14
179 15 17 13
179 13 18 6
179 2 13 18
179 6 17 11
179 2 10 12
179 11 3 18
179 10 10 11
179 7 18 13
179 18 2 15
179 12 13 15
179 11 16 10
179 13 20 13
179 19 7 15
179 14 3 16
179 19 2 11
179 6 10 15
179 15 5 18
179 1 16 20
179 8 5 18
179 8 15 17
179 5 3 16
179 14 3 16
179 19 7 15
179 14 16 10
179 5 16 17
179 14 8 10
179 3 4 14
179 17 6 9
179 10 14 12
179 9 19 17
179 5 15 17
179 2 14 18
179 1 19 11
179 5 17 15
179 16 14 20
179 20 11 15
179 5 3 16
179 16 4 11
179 3 20 13
179 1 4 9
179 7 19 15
179 6 8 7
179 12 9 12
179 1 20 11
179 1 6 15
179 7 13 17
179 1 1 15
179 4 19 16
179 4 12 17
179 20 5 15
179 16 3 13
179 13 1 22
179 15 13 13
179 6 2 17
179 7 16 14
179 9 19 17
179 14 13 13
179 10 9 9
179 17 2 11
179 4 20 15
179 3 19 13
179 17 6 9
179 8 20 16
179 5 1 18
179 18 20 16
179 18 17 16
179 3 7 14
179 9 9 13
179 7 5 18
179 18 5 13
179 11 1 15
179 19 5 19
179 11 14 14
179 14 1 15
181 19 13 11
181 2 11 12
181 7 19 19
181 6 1 12
181 10 14 13
181 12 14 11
181 18 14 17
181 15 13 12
181 18 13 10
181 3 16 11
181 18 4 16
181 1 18 12
181 7 17 12
181 1 17 10
181 1 11 16
181 18 5 12
181 4 20 17
181 11 14 14
181 8 7 11
181 13 14 8
181 5 16 14
181 5 13 11
181 11 5 13
181 8 19 16
181 1 3 19
181 13 2 16
181 5 8 7
181 16 11 12
181 18 7 7
181 5 15 8
181 20 17 13
181 20 7 12
181 11 1 16
181 9 15 15
181 16 11 12
181 1 5 20
181 8 8 11
181 18 12 16
181 6 12 10
181 6 8 15
181 5 7 9
181 15 7 16
181 6 8 15
181 10 11 14
181 20 4 19
181 18 10 17
181 6 6 16
181 19 4 15
181 5 3 13
181 6 8 15
181 11 14 14
181 19 9 19
181 11 4 16
181 4 17 17
181 2 8 12
181 4 20 17
181 15 2 16
181 11 14 14
181 19 9 19
181 4 14 14
181 17 14 11
181 16 10 13
181 11 2 14
181 2 4 16
181 17 14 11
181 18 9 13
181 17 4 12
181 13 3 16
181 15 20 12
181 15 6 18
181 11 19 11
181 19 3 15
181 15 3 18
181 4 6 10
181 12 18 18
181 11 9 14
181 1 8 11
181 9 17 11
181 1 18 12
181 1 11 16
181 17 2 13
181 12 10 18
181 19 15 7
181 6 3 15
181 13 8 17
181 12 2 15
181 11 10 14
181 2 9 17
181 6 5 21
181 18 9 13
181 19 13 11
181 13 3 16
181 16 17 7
181 17 8 11
181 13 1 16
181 11 7 17
181 9 6 12
181 4 19 13
181 19 5 12
181 12 1 18
181 13 18 14
181 19 14 18
181 13 4 17
181 13 20 18
181 13 12 12
181 9 9 10
181 14 15 17
181 19 9 19
181 3 8 13
181 9 16 12
181 1 8 11
181 1 7 14
181 6 1 12
181 9 17 11
181 11 12 11
181 12 5 23
181 3 6 12
181 2 10 21
181 20 2 10
181 17 19 16
181 19 4 15
181 14 4 14
181 11 10 14
181 8 19 16
181 7 10 12
181 6 10 17
181 11 3 14
181 8 20 15
181 20 10 9
181 17 3 16
181 14 6 11
181 17 20 17
181 12 8 20
181 5 20 14
181 7 7 17
181 19 19 16
181 6 4 12
181 15 11 13
181 4 12 9
181 10 13 12
181 4 20 17
181 17 20 17
181 8 1 16
181 7 8 16
181 14 17 10
181 3 13 9
181 19 17 15
181 9 19 17
181 2 17 15
181 12 9 19
181 13 18 14
181 20 12 16
181 5 2 12
181 11 10 14
181 8 11 13
181 18 4 16
181 13 2 16
181 8 10 15
181 11 18 20
181 6 15 12
181 20 1 19
181 18 7 7
181 4 17 17
181 18 4 16
181 18 15 9
181 8 13 6
181 17 19 16
181 3 6 12
181 15 12 14
181 19 12 15
181 9 12 12
181 14 2 18
181 6 11 22
181 18 9 13
181 15 19 17
181 9 17 11
181 2 19 11
181 15 1 15
181 5 2 12
181 6 9 21
181 14 6 11
181 3 18 11
181 15 5 11
181 3 12 14
181 11 3 14
181 9 14 18
181 6 12 10
181 20 19 7
181 17 1 17
181 7 5 17
181 17 20 17
181 15 7 16
181 7 2 10
181 4 8 14
181 13 6 12
181 8 12 12
181 2 10 21
181 14 12 14
181 20 5 21
181 4 8 14
181 11 17 17
181 12 1 18
181 13 12 12
181 19 17 15
181 2 19 11
181 10 1 17
181 3 5 17
181 6 18 16
181 6 11 22
181 9 1 14
181 6 1 12
181 2 17 15
181 11 3 14
181 17 16 13
181 7 7 17
181 20 3 9
181 2 18 10
181 14 18 12
181 9 3 13
181 15 15 16
181 12 5 23
181 5 11 6
181 7 18 13
181 18 13 10
181 1 18 12
181 15 15 16
181 19 16 14
181 6 6 16
181 7 14 15
181 13 1 16
181 8 6 15
181 15 1 15
181 4 17 17
181 8 15 20
181 7 4 18
181 19 12 15
181 17 10 13
181 6 19 19
181 7 3 17
181 6 16 15
181 11 6 13
181 12 1 18
181 4 20 17
181 8 14 17
181 1 10 9
181 13 18 14
181 2 9 17
181 8 19 16
181 4 5 15
181 13 16 15
181 5 13 11
181 16 18 11
181 5 19 12
181 1 13 12
181 16 18 11
181 19 19 16
181 6 5 21
181 12 8 20
181 4 5 15
181 14 20 11
181 7 14 15
181 4 9 15
181 8 10 15
181 8 10 15
181 9 7 14
181 16 3 12
181 10 12 9
181 2 9 17
181 17 1 17
181 6 19 19
181 1 6 14
181 17 18 16
181 16 17 7
181 8 5 13
181 11 16 18
181 12 18 18
181 4 9 15
181 6 16 15
181 5 16 14
181 17 15 15
181 19 1 13
181 12 1 18
181 20 16 10
181 15 6 18
181 8 8 11
181 16 2 10
181 5 16 14
181 20 4 19
181 20 15 11
181 11 14 14
181 8 7 11
181 16 1 18
181 9 9 10
181 20 18 13
181 18 17 10
181 20 1 19
181 5 7 9
181 18 2 13
181 20 7 12
181 16 20 16
181 2 8 12
181 2 18 10
181 9 6 12
181 12 19 15
181 16 10 13
181 16 8 17
181 19 20 11
181 13 20 18
181 14 15 17
181 2 2 13
181 14 14 10
181 20 15 11
181 16 3 12
181 16 13 8
181 19 12 15
181 17 5 17
181 17 13 9
181 6 3 15
181 20 1 19
181 17 9 19
181 15 11 13
181 11 18 20
181 15 20 12
181 7 20 15
181 7 5 17
181 11 18 20
181 8 13 6
181 7 12 12
181 18 20 10
181 5 12 8
181 15 19 17
181 16 6 14
181 13 11 18
181 3 10 10
181 7 12 12
181 19 9 19
181 18 3 13
181 20 19 7
181 3 13 9
181 3 16 11
181 10 10 12
181 13 18 14
181 11 16 18
181 6 20 17
181 14 8 13
181 6 3 15
181 17 13 9
181 2 18 10
181 9 3 13
181 18 6 10
181 11 13 14
181 18 13 10
181 9 8 12
181 10 7 19
181 1 9 17
181 7 20 15
181 4 8 14
181 2 4 16
181 3 3 18
181 14 7 11
181 13 12 12
181 20 16 10
181 11 13 14
181 17 16 13
181 4 11 11
181 10 17 14
181 10 2 11
181 15 18 11
181 18 1 18
181 6 9 21
181 20 9 13
181 15 19 17
181 10 2 11
181 9 17 11
181 1 2 10
181 20 12 16
181 2 9 17
181 7 11 13
181 18 14 17
181 18 7 7
181 12 5 23
181 7 14 15
181 17 17 15
181 13 12 12
181 2 10 21
181 18 20 10
181 12 13 11
181 3 5 17
181 12 12 17
181 12 10 18
181 5 14 14
181 15 1 15
181 6 3 15
181 16 4 18
181 15 8 15
181 19 11 13
181 18 19 17
181 5 19 12
181 4 2 13
181 15 20 12
181 3 11 14
181 13 8 17
181 12 17 10
181 6 18 16
181 19 1 13
181 20 16 10
181 7 17 12
181 19 16 14
181 12 12 17
181 9 10 18
181 11 16 18
181 19 16 14
181 10 4 9
181 19 20 11
181 19 6 12
181 10 10 12
181 6 10 17
181 16 9 16
181 10 19 13
181 19 9 19
181 12 17 10
181 15 18 11
181 5 20 14
181 6 17 8
181 15 3 18
181 6 4 12
181 6 2 12
181 5 15 8
181 20 18 13
181 5 2 12
181 18 1 18
181 19 7 10
181 3 5 17
181 12 17 10
181 8 4 16
181 15 16 16
181 11 3 14
181 9 4 17
181 14 17 10
181 4 16 13
181 12 8 20
181 20 16 10
181 9 1 14
181 6 5 21
181 14 9 12
181 15 15 16
181 20 5 21
181 10 8 10
181 20 18 13
181 13 1 16
181 13 5 9
181 12 17 10
181 20 14 16
181 11 7 17
181 19 10 13
181 5 15 8
181 12 2 15
181 1 15 16
181 16 8 17
181 3 16 11
181 14 12 14
181 7 4 18
181 13 17 11
181 10 11 14
181 12 13 11
181 10 13 12
181 13 4 17
181 5 13 11
181 6 18 16
181 19 12 15
181 20 8 15
181 18 2 13
181 16 1 18
181 3 16 11
181 15 5 11
181 17 5 17
191 11 10 8
191 15 20 15
191 3 14 17
191 7 4 15
191 8 4 16
191 1 13 14
191 12 5 17
191 14 2 12
191 14 15 12
191 3 7 12
191 15 13 16
191 4 10 16
191 14 5 12
191 12 3 10
191 8 3 13
191 7 6 16
191 19 6 12
191 13 17 10
191 14 19 10
191 9 4 14
191 9 19 14
191 8 19 13
191 20 13 14
191 1 11 9
191 10 7 12
191 2 2 11
191 5 11 8
191 20 19 13
191 7 7 9
191 9 8 15
191 16 8 12
191 10 15 11
191 8 12 19
191 10 20 12
191 10 17 16
191 5 1 8
191 12 12 16
191 11 19 13
191 4 4 13
191 17 8 15
191 9 9 13
191 19 2 12
191 18 7 8
191 19 7 12
191 8 7 16
191 15 2 12
191 20 3 11
191 11 7 11
191 7 7 9
191 4 12 11
191 10 5 14
191 4 15 16
191 5 6 14
191 8 5 13
191 12 4 17
191 15 18 12
191 18 18 15
191 16 2 19
191 6 11 14
191 9 18 12
191 3 15 11
191 17 2 13
191 10 4 14
191 15 13 16
191 3 1 15
191 18 10 10
191 1 5 14
191 6 10 15
191 7 1 11
191 8 7 16
191 19 10 6
191 19 13 13
191 13 17 10
191 1 19 11
191 5 13 13
191 1 20 8
191 7 19 6
191 2 18 12
191 18 20 16
191 17 15 18
191 4 17 14
191 20 20 12
191 11 5 18
191 13 18 19
191 13 13 11
191 10 4 14
191 3 4 15
191 5 1 8
191 10 3 12
191 17 16 11
191 14 18 21
191 4 3 11
191 19 11 15
191 6 10 15
191 8 1 16
191 2 12 22
191 4 7 15
191 9 8 15
191 12 9 16
191 17 19 13
191 11 17 14
191 2 2 11
191 1 1 17
191 4 19 10
191 8 18 9
191 1 2 12
191 5 6 14
191 12 20 13
191 3 17 12
191 16 19 18
191 3 11 13
191 1 18 12
191 12 2 16
191 13 20 13
191 7 11 14
191 11 12 13
191 17 15 18
191 11 12 13
191 9 1 13
191 12 1 16
191 20 5 17
191 8 1 16
191 12 3 10
191 19 10 6
191 15 20 15
191 13 1 10
191 16 9 12
191 1 1 17
191 19 19 11
191 4 20 23
191 5 18 8
191 20 10 11
191 5 10 15
191 18 6 10
191 15 9 17
191 19 12 11
191 8 16 11
191 10 19 17
191 12 9 16
191 17 11 9
191 9 17 11
191 15 19 9
191 19 20 13
191 7 5 17
191 11 4 15
191 6 10 15
191 1 16 11
191 11 1 14
191 6 13 11
191 17 17 17
191 8 20 13
191 5 2 19
191 14 13 12
191 6 6 15
191 17 4 19
191 3 5 12
191 15 11 16
191 17 6 13
191 5 17 17
191 1 1 17
191 2 4 15
191 14 4 11
191 2 6 8
191 11 20 9
191 9 2 14
191 6 10 15
191 10 16 17
191 18 11 13
191 12 20 13
191 11 13 13
191 4 13 11
191 13 1 10
191 8 10 13
191 20 10 11
191 12 6 18
191 6 3 13
191 2 17 11
191 16 5 14
191 4 17 14
191 1 14 20
191 2 6 8
191 5 20 18
191 9 12 17
191 10 16 17
191 20 2 17
191 4 10 16
191 7 18 10
191 1 11 9
191 17 1 15
191 12 7 18
191 10 9 12
191 13 9 13
191 13 19 10
191 5 12 11
191 20 5 17
191 3 2 9
191 5 9 12
191 12 9 16
191 1 15 15
191 19 16 15
191 13 12 15
191 15 20 15
191 10 3 12
191 16 8 12
191 3 20 14
191 8 6 18
191 4 1 15
191 20 8 17
191 10 5 14
191 8 18 9
191 9 19 14
191 20 3 11
191 19 20 13
191 20 5 17
191 4 8 19
191 16 17 13
191 3 16 14
191 17 7 15
191 2 6 8
191 4 17 14
191 2 18 12
191 5 20 18
191 11 8 14
191 6 18 13
191 1 3 12
191 18 12 11
191 1 11 9
191 3 8 10
191 3 6 14
191 2 11 7
191 19 12 11
191 15 14 15
191 12 3 10
191 14 7 16
191 12 6 18
191 7 2 14
191 7 3 17
191 20 12 10
191 19 12 11
191 7 1 11
191 6 10 15
191 12 13 7
191 1 7 15
191 9 4 14
191 6 15 18
191 20 11 18
191 7 15 24
191 20 2 17
191 16 1 10
191 14 1 15
191 14 13 12
191 2 12 22
191 12 14 8
191 7 2 14
191 12 8 12
191 4 9 14
191 17 19 13
191 8 5 13
191 3 12 14
191 2 1 14
191 12 15 11
191 15 16 16
191 2 11 7
191 12 12 16
191 11 17 14
191 2 6 8
191 16 5 14
191 1 9 12
191 2 14 12
191 14 4 11
191 20 9 10
191 4 5 19
191 15 2 12
191 3 18 13
191 3 12 14
191 10 8 14
191 4 2 18
191 7 9 14
191 4 11 15
191 4 17 14
191 16 6 16
191 18 6 10
191 11 2 16
191 3 16 14
191 11 3 17
191 18 10 10
191 5 20 18
191 1 8 15
191 9 7 16
191 5 4 16
191 19 1 12
191 4 9 14
191 19 2 12
191 6 6 15
191 18 2 14
191 12 8 12
191 5 5 15
191 9 13 9
191 20 3 11
191 18 19 18
191 5 15 10
191 19 2 12
191 20 20 12
191 4 9 14
191 17 19 13
191 17 14 12
191 5 13 13
191 6 15 18
191 17 5 6
191 12 20 13
191 1 4 21
191 19 8 12
191 7 17 15
191 10 11 13
191 4 6 11
191 3 16 14
191 16 7 8
191 2 8 16
191 8 15 14
191 13 14 6
191 18 18 15
191 18 1 10
191 15 1 13
191 14 10 17
191 19 10 6
191 1 16 11
191 19 5 20
191 17 16 11
191 18 1 10
191 6 8 12
191 4 13 11
191 13 7 11
191 11 14 12
191 16 13 10
191 14 8 16
191 13 11 9
191 4 18 16
191 14 12 20
191 17 13 13
191 5 2 19
191 14 15 12
191 17 5 6
191 12 2 16
191 4 9 14
191 16 15 7
191 8 2 12
191 9 16 12
191 4 16 12
191 2 17 11
191 8 1 16
191 18 9 13
191 16 10 10
191 4 14 14
191 16 18 14
191 6 7 13
191 5 4 16
191 19 3 17
191 2 4 15
191 12 10 10
191 10 5 14
191 4 6 11
191 1 12 12
191 17 6 13
191 6 4 12
191 19 3 17
191 3 18 13
191 10 17 16
191 9 19 14
191 14 5 12
191 20 3 11
191 20 9 10
191 6 5 12
191 5 3 18
191 17 15 18
191 12 5 17
191 19 13 13
191 12 8 12
191 16 4 15
191 8 7 16
191 6 6 15
191 18 13 14
191 20 1 13
191 10 13 13
191 8 16 11
191 6 17 14
191 19 18 16
191 4 3 11
191 13 11 9
191 5 19 16
191 6 17 14
191 7 6 16
191 7 9 14
191 10 18 16
191 3 10 10
191 9 10 14
191 15 18 12
191 7 3 17
191 5 12 11
191 15 1 13
191 6 13 11
191 11 12 13
191 16 8 12
191 12 12 16
191 7 16 12
191 1 2 12
191 8 11 12
191 8 2 12
191 12 9 16
191 16 16 9
191 10 4 14
191 19 10 6
191 17 2 13
191 9 9 13
191 10 10 8
191 16 17 13
191 6 11 14
191 9 20 10
191 4 14 14
191 10 13 13
191 9 5 15
191 11 2 16
191 18 18 15
191 9 1 13
191 8 2 12
191 17 7 15
191 20 5 17
191 11 14 12
191 1 16 11
191 18 12 11
191 3 6 14
191 16 12 19
191 9 1 13
191 12 11 9
191 20 6 11
191 10 11 13
191 4 11 15
191 16 7 8
191 19 7 12
191 4 19 10
191 7 11 14
191 7 7 9
191 16 16 9
191 7 1 11
191 8 12 19
191 10 7 12
191 19 9 12
191 4 10 16
191 13 3 13
191 19 3 17
191 11 19 13
191 5 6 14
191 14 1 15
191 14 19 10
191 8 7 16
191 2 13 20
191 19 2 12
191 19 3 17
191 9 18 12
191 13 20 13
191 14 3 12
191 17 3 15
191 20 4 14
191 2 14 12
191 11 20 9
191 20 4 14
191 11 1 14
191 5 2 19
191 18 20 16
191 17 3 15
191 8 4 16
191 20 8 17
191 17 4 19
191 11 13 13
191 13 10 10
191 14 8 16
191 18 18 15
193 14 13 14
193 16 11 14
193 8 18 20
193 5 13 12
193 11 12 12
193 12 3 18
193 17 9 11
193 7 17 12
193 1 3 11
193 6 19 11
193 4 20 14
193 8 4 19
193 18 11 13
193 15 5 17
193 6 14 9
193 19 7 16
193 19 2 16
193 9 6 16
193 9 3 15
193 2 2 14
193 19 13 14
193 5 19 13
193 9 3 15
193 11 16 11
193 1 17 9
193 16 13 16
193 15 19 16
193 17 2 10
193 6 1 15
193 19 18 11
193 17 4 9
193 16 15 16
193 11 17 12
193 9 15 13
193 19 20 10
193 17 7 12
193 10 16 11
193 13 13 12
193 19 9 16
193 2 9 16
193 20 15 11
193 20 15 11
193 3 20 15
193 20 20 10
193 11 4 18
193 5 18 11
193 18 20 16
193 18 17 16
193 10 6 14
193 3 12 13
193 19 2 16
193 9 14 14
193 15 3 11
193 16 2 13
193 2 13 14
193 4 6 13
193 20 14 15
193 15 17 12
193 6 1 15
193 10 7 15
193 4 5 12
193 2 11 6
193 2 13 14
193 19 11 9
193 9 11 16
193 18 9 9
193 20 13 15
193 13 19 13
193 3 4 19
193 7 4 24
193 8 20 8
193 8 11 12
193 9 2 14
193 18 11 13
193 9 8 13
193 3 20 15
193 8 2 11
193 1 2 10
193 12 10 8
193 8 17 11
193 20 3 10
193 4 9 15
193 10 13 18
193 11 20 19
193 16 4 14
193 5 14 21
193 20 15 11
193 16 2 13
193 1 7 15
193 18 3 18
193 5 10 12
193 15 14 7
193 7 4 24
193 3 12 13
193 13 4 14
193 11 6 12
193 4 7 15
193 10 19 13
193 20 14 15
193 16 2 13
193 20 16 10
193 9 16 18
193 4 3 11
193 12 11 6
193 4 7 15
193 10 18 15
193 5 18 11
193 14 15 9
193 17 16 14
193 19 16 24
193 15 2 15
193 20 8 13
193 19 20 10
193 18 15 13
193 20 6 13
193 19 13 14
193 9 20 14
193 17 6 12
193 7 18 11
193 2 20 11
193 8 7 12
193 6 1 15
193 16 15 16
193 20 1 12
193 11 6 12
193 12 3 18
193 20 1 12
193 4 9 15
193 16 10 15
193 10 14 15
193 1 3 11
193 14 14 18
193 12 18 14
193 2 4 15
193 13 6 7
193 15 2 15
193 1 19 10
193 16 20 12
193 4 9 15
193 6 16 7
193 20 20 10
193 15 20 17
193 5 9 8
193 2 18 9
193 14 13 14
193 19 20 10
193 9 18 14
193 6 4 13
193 6 11 11
193 9 3 15
193 18 13 16
193 3 5 16
193 19 11 9
193 17 10 12
193 20 4 13
193 7 4 24
193 13 7 12
193 3 15 12
193 7 4 24
193 15 2 15
193 20 9 11
193 2 6 10
193 6 19 11
193 4 1 18
193 16 6 20
193 11 17 12
193 14 10 17
193 2 14 15
193 1 20 10
193 8 16 15
193 6 6 7
193 7 2 12
193 14 5 9
193 1 19 10
193 4 5 12
193 8 6 11
193 14 6 10
193 20 1 12
193 8 12 14
193 20 20 10
193 20 1 12
193 11 7 11
193 11 18 12
193 19 13 14
193 6 15 13
193 20 10 7
193 12 10 8
193 20 13 15
193 9 19 14
193 3 18 12
193 11 9 9
193 7 20 12
193 6 6 7
193 9 6 16
193 14 13 14
193 9 5 14
193 14 11 15
193 1 19 10
193 2 14 15
193 18 1 13
193 16 2 13
193 11 11 19
193 17 4 9
193 2 10 14
193 20 13 15
193 3 11 12
193 10 15 14
193 4 2 13
193 20 18 14
193 2 7 10
193 18 20 16
193 6 15 13
193 13 16 15
193 6 16 7
193 5 14 21
193 14 14 18
193 1 6 10
193 19 15 12
193 12 8 10
193 8 5 17
193 6 9 10
193 6 13 10
193 9 2 14
193 4 18 13
193 10 17 11
193 10 16 11
193 17 7 12
193 6 16 7
193 19 10 16
193 4 17 15
193 12 8 10
193 18 16 16
193 5 16 13
193 7 19 18
193 19 7 16
193 7 17 12
193 17 4 9
193 12 6 10
193 12 19 12
193 2 6 10
193 12 5 13
193 6 6 7
193 15 20 17
193 15 8 14
193 10 7 15
193 19 16 24
193 13 19 13
193 19 6 16
193 10 7 15
193 15 20 17
193 5 14 21
193 11 14 11
193 10 12 15
193 7 6 12
193 11 4 18
193 10 13 18
193 18 15 13
193 19 17 13
193 9 5 14
193 6 3 15
193 5 8 14
193 11 17 12
193 12 8 10
193 3 18 12
193 20 11 20
193 1 5 9
193 7 10 14
193 12 7 13
193 20 3 10
193 2 9 16
193 10 1 14
193 14 8 5
193 4 18 13
193 3 5 16
193 17 10 12
193 14 5 9
193 5 4 14
193 20 20 10
193 1 11 12
193 11 17 12
193 14 19 11
193 8 18 20
193 18 5 14
193 16 20 12
193 7 20 12
193 9 18 14
193 13 20 11
193 18 1 13
193 13 17 13
193 8 15 19
193 8 13 16
193 4 17 15
193 19 19 15
193 5 1 19
193 17 11 12
193 6 18 14
193 5 16 13
193 6 9 10
193 4 13 14
193 13 20 11
193 6 13 10
193 7 15 11
193 6 7 15
193 20 7 12
193 12 3 18
193 16 1 11
193 10 1 14
193 2 20 11
193 12 11 6
193 1 18 11
193 13 19 13
193 19 16 24
193 7 5 13
193 10 4 16
193 14 9 10
193 17 6 12
193 4 18 13
193 15 7 10
193 13 6 7
193 16 13 16
193 6 11 11
193 16 18 10
193 13 16 15
193 14 16 13
193 12 9 14
193 18 10 11
193 20 11 20
193 3 19 15
193 15 1 10
193 2 9 16
193 3 19 15
193 9 2 14
193 3 12 13
193 15 16 11
193 10 16 11
193 20 15 11
193 5 2 10
193 11 7 11
193 13 8 12
193 4 4 13
193 18 6 13
193 17 13 13
193 18 17 16
193 13 16 15
193 8 6 11
193 14 5 9
193 3 7 11
193 17 6 12
193 4 11 12
193 1 11 12
193 14 19 11
193 15 20 17
193 18 6 13
193 20 13 15
193 9 8 13
193 8 15 19
193 8 16 15
193 7 7 15
193 2 18 9
193 11 9 9
193 4 20 14
193 15 20 17
193 7 18 11
193 18 9 9
193 9 1 18
193 11 10 9
193 12 17 10
193 5 14 21
193 12 11 6
193 14 15 9
193 7 9 10
193 8 13 16
193 5 5 16
193 6 17 13
193 9 5 14
193 7 14 12
193 5 14 21
193 8 14 11
193 14 5 9
193 7 5 13
193 12 19 12
193 1 6 10
193 13 4 14
193 1 15 11
193 10 15 14
193 9 7 15
193 7 8 12
193 18 5 14
193 11 14 11
193 6 13 10
193 12 19 12
193 2 6 10
193 20 11 20
193 5 17 8
193 7 9 10
193 13 17 13
193 2 11 6
193 7 17 12
193 12 7 13
193 2 5 7
193 17 4 9
193 19 2 16
193 6 2 15
193 5 11 13
193 8 17 11
193 19 11 9
193 18 6 13
193 9 15 13
193 12 1 16
193 8 17 11
193 14 7 9
193 19 13 14
193 18 10 11
193 11 17 12
193 19 3 14
193 1 3 11
193 1 16 9
193 7 9 10
193 17 20 12
193 17 2 10
193 6 17 13
193 20 4 13
193 9 1 18
193 8 12 14
193 4 6 13
193 11 1 17
193 20 4 13
193 5 13 12
193 10 20 14
193 9 15 13
193 18 2 17
193 18 14 11
193 5 4 14
193 9 9 13
193 16 13 16
193 15 1 10
193 3 19 15
193 19 5 13
193 6 19 11
193 20 15 11
193 16 15 16
193 5 8 14
193 12 18 14
193 12 19 12
193 3 12 13
193 19 9 16
193 16 12 18
193 9 14 14
193 9 16 18
193 3 9 17
193 6 5 18
193 2 12 14
193 8 10 12
193 16 9 11
193 8 20 8
193 13 14 18
193 13 13 12
193 1 2 10
193 9 7 15
193 2 7 10
193 1 3 11
193 16 6 20
193 3 17 8
193 20 3 10
193 5 14 21
193 17 19 13
193 9 20 14
193 11 5 8
193 5 20 16
193 10 7 15
193 13 14 18
193 13 18 11
193 7 8 12
193 10 6 14
193 11 9 9
193 6 3 15
197 16 8 13
197 13 5 9
197 5 18 10
197 6 18 9
197 9 15 9
197 18 12 10
197 16 6 13
197 11 17 13
197 15 9 18
197 15 7 10
197 4 2 10
197 12 5 11
197 6 16 18
197 15 18 15
197 8 14 14
197 14 11 9
197 15 3 16
197 2 14 16
197 1 6 15
197 12 14 9
197 18 6 19
197 4 7 13
197 3 8 9
197 3 8 9
197 20 14 12
197 11 20 8
197 19 4 13
197 9 14 12
197 15 18 15
197 3 13 10
197 2 19 6
197 2 5 17
197 20 15 17
197 16 3 17
197 12 2 15
197 12 17 12
197 17 2 14
197 6 5 15
197 14 10 14
197 3 12 6
197 12 20 16
197 6 3 11
197 11 19 16
197 11 4 14
197 19 14 10
197 10 6 20
197 15 13 10
197 2 10 13
197 3 6 17
197 13 6 12
197 9 19 1
197 7 18 10
197 10 4 11
197 20 18 12
197 20 2 6
197 9 10 12
197 5 5 13
197 11 17 13
197 1 11 13
197 17 15 11
197 2 18 9
197 2 9 15
197 14 7 12
197 4 18 8
197 19 8 16
197 18 3 13
197 18 17 13
197 7 20 20
197 3 16 17
197 10 4 11
197 13 12 10
197 17 17 12
197 17 9 10
197 6 15 12
197 15 8 11
197 2 7 9
197 19 14 10
197 11 4 14
197 16 14 10
197 16 9 11
197 4 11 11
197 18 19 11
197 9 15 9
197 11 15 13
197 17 11 17
197 9 16 13
197 1 20 9
197 16 9 11
197 14 17 11
197 2 16 13
197 1 12 14
197 12 8 14
197 3 12 6
197 6 17 10
197 15 19 8
197 14 19 13
197 14 14 19
197 8 19 14
197 1 10 9
197 20 4 10
197 8 16 10
197 2 14 16
197 9 20 12
197 18 1 18
197 18 4 16
197 14 17 11
197 9 8 12
197 12 15 16
197 15 4 19
197 9 16 13
197 12 20 16
197 2 2 17
197 10 17 12
197 20 10 8
197 14 4 8
197 9 20 12
197 5 9 12
197 5 7 12
197 2 19 6
197 20 19 14
197 8 17 13
197 9 14 12
197 3 20 13
197 20 18 12
197 9 14 12
197 16 7 15
197 18 15 15
197 17 1 14
197 7 14 15
197 12 3 8
197 15 1 19
197 8 6 7
197 12 19 13
197 7 13 12
197 9 10 12
197 8 20 10
197 9 8 12
197 1 13 12
197 3 10 13
197 6 1 12
197 14 13 14
197 10 10 14
197 12 9 13
197 20 11 15
197 11 15 13
197 15 6 13
197 3 7 12
197 11 13 18
197 14 1 14
197 7 3 10
197 17 19 12
197 5 6 12
197 11 18 12
197 19 16 14
197 5 11 11
197 8 2 11
197 7 20 20
197 12 2 15
197 2 20 15
197 17 8 11
197 9 5 13
197 16 4 15
197 18 8 11
197 8 8 11
197 18 12 10
197 10 14 11
197 18 3 13
197 15 17 13
197 1 12 14
197 5 14 14
197 12 6 16
197 4 5 9
197 2 12 12
197 1 6 15
197 9 6 16
197 3 2 17
197 11 20 8
197 20 15 17
197 16 2 3
197 10 11 11
197 14 3 13
197 19 6 7
197 13 2 12
197 2 17 10
197 5 1 13
197 13 14 15
197 14 16 13
197 12 9 13
197 17 14 9
197 16 6 13
197 18 19 11
197 6 9 19
197 14 18 19
197 2 16 13
197 1 9 13
197 14 14 19
197 9 19 1
197 13 1 15
197 9 19 1
197 7 12 10
197 10 11 11
197 7 8 14
197 6 16 18
197 5 8 15
197 6 9 19
197 13 20 12
197 11 11 9
197 19 8 16
197 13 2 12
197 20 16 16
197 5 18 10
197 20 5 11
197 16 16 13
197 8 19 14
197 4 13 15
197 16 13 13
197 16 16 13
197 12 2 15
197 7 16 11
197 7 13 12
197 1 10 9
197 9 14 12
197 1 10 9
197 8 4 17
197 19 6 7
197 9 20 12
197 20 15 17
197 2 4 17
197 5 14 14
197 12 8 14
197 8 11 13
197 7 12 10
197 9 6 16
197 20 4 10
197 13 14 15
197 5 6 12
197 16 2 3
197 6 14 14
197 5 4 13
197 8 2 11
197 16 19 15
197 12 12 14
197 2 20 15
197 9 20 12
197 1 14 17
197 11 6 12
197 4 16 13
197 13 3 18
197 11 3 14
197 3 1 13
197 17 19 12
197 13 20 12
197 17 3 12
197 6 14 14
197 15 1 19
197 19 15 10
197 15 14 15
197 16 4 15
197 10 9 15
197 4 2 10
197 20 15 17
197 4 12 8
197 13 8 7
197 13 15 14
197 13 17 10
197 18 3 13
197 1 16 15
197 2 1 11
197 20 19 14
197 17 12 17
197 8 9 15
197 4 12 8
197 12 7 12
197 18 13 13
197 7 12 10
197 9 10 12
197 17 17 12
197 19 18 13
197 11 4 14
197 9 14 12
197 17 11 17
197 18 17 13
197 15 10 11
197 12 17 12
197 2 1 11
197 13 6 12
197 8 17 13
197 16 2 3
197 16 11 10
197 2 3 15
197 1 12 14
197 2 10 13
197 4 15 9
197 15 11 13
197 13 13 13
197 14 9 14
197 16 15 14
197 9 10 12
197 11 2 16
197 2 3 15
197 9 8 12
197 3 15 14
197 7 9 6
197 18 20 12
197 4 11 11
197 8 15 14
197 20 20 10
197 17 16 18
197 10 10 14
197 9 5 13
197 11 11 9
197 10 2 9
197 8 4 17
197 6 9 19
197 19 2 16
197 3 7 12
197 11 8 12
197 5 17 17
197 3 18 9
197 10 2 9
197 8 1 13
197 6 16 18
197 14 3 13
197 20 20 10
197 15 19 8
197 14 14 19
197 13 15 14
197 8 6 7
197 6 5 15
197 6 18 9
197 11 20 8
197 8 6 7
197 14 12 12
197 16 19 15
197 8 13 13
197 1 16 15
197 9 18 14
197 11 1 11
197 16 1 13
197 10 1 14
197 15 16 11
197 5 1 13
197 17 10 15
197 16 19 15
197 17 4 8
197 14 10 14
197 6 1 12
197 16 13 13
197 3 16 17
197 8 15 14
197 10 5 12
197 12 4 16
197 11 12 15
197 16 13 13
197 12 10 10
197 14 18 19
197 1 11 13
197 14 3 13
197 2 2 17
197 12 11 17
197 4 6 15
197 16 14 10
197 3 4 12
197 1 13 12
197 6 12 7
197 14 2 7
197 8 18 12
197 8 2 11
197 12 6 16
197 5 14 14
197 6 14 14
197 12 6 16
197 9 16 13
197 11 10 12
197 11 12 15
197 7 14 15
197 17 9 10
197 16 1 13
197 7 18 10
197 17 8 11
197 1 8 9
197 5 12 9
197 13 12 10
197 10 6 20
197 19 4 13
197 13 15 14
197 6 16 18
197 14 19 13
197 5 5 13
197 5 16 15
197 16 14 10
197 3 20 13
197 9 2 14
197 9 11 16
197 16 8 13
197 8 15 14
197 19 19 14
197 17 16 18
197 4 9 16
197 4 13 15
197 13 1 15
197 8 10 14
197 12 17 12
197 16 17 16
197 3 19 14
197 15 5 12
197 1 5 8
197 19 20 12
197 12 13 10
197 4 2 10
197 2 12 12
197 9 7 6
197 4 11 11
197 20 4 10
197 19 14 10
197 12 5 11
197 4 18 8
197 2 13 8
197 10 4 11
197 9 18 14
197 16 6 13
197 2 1 11
197 18 8 11
197 12 14 9
197 11 11 9
197 17 12 17
197 6 11 6
197 5 9 12
197 5 19 13
197 3 3 10
197 5 5 13
197 4 1 17
197 5 13 17
197 4 8 11
197 12 19 13
197 13 16 11
197 3 2 17
197 8 12 12
197 18 20 12
197 11 11 9
197 16 7 15
197 15 16 11
197 3 8 9
197 3 5 16
197 3 14 15
197 7 15 15
197 16 8 13
197 16 8 13
197 8 8 11
197 3 17 13
197 15 8 11
197 16 15 14
197 20 18 12
197 2 7 9
197 13 2 12
197 12 13 10
197 20 16 16
197 2 7 9
197 15 19 8
197 2 3 15
197 1 12 14
197 7 16 11
197 3 1 13
197 5 12 9
197 8 9 15
197 8 19 14
197 15 4 19
197 10 20 16
197 16 10 15
197 11 16 15
197 13 11 12
197 10 14 11
197 3 6 17
197 8 1 13
197 19 14 10
197 20 8 16
199 13 6 13
199 16 5 10
199 1 14 14
199 18 9 17
199 2 6 15
199 16 13 12
199 19 4 15
199 20 2 15
199 7 13 11
199 7 3 10
199 18 13 12
199 7 15 10
199 16 9 16
199 8 2 13
199 18 7 16
199 16 16 8
199 17 15 15
199 19 11 14
199 20 3 20
199 14 18 16
199 4 10 14
199 1 5 11
199 8 10 11
199 9 10 15
199 14 2 15
199 18 14 15
199 19 4 15
199 18 6 13
199 18 15 12
199 2 7 17
199 15 16 10
199 11 15 7
199 9 3 19
199 13 19 13
199 6 2 11
199 20 13 12
199 2 18 14
199 18 15 12
199 7 3 10
199 16 10 17
199 15 19 11
199 5 10 12
199 3 8 15
199 7 5 18
199 1 16 12
199 16 2 21
199 14 17 15
199 9 19 18
199 14 4 14
199 2 11 10
199 13 20 16
199 6 12 16
199 8 15 12
199 15 4 15
199 1 19 11
199 10 10 14
199 16 10 17
199 3 18 8
199 11 3 12
199 9 10 15
199 9 10 15
199 19 3 13
199 17 16 12
199 10 16 11
199 13 10 13
199 16 1 12
199 9 2 14
199 5 18 14
199 10 16 11
199 1 10 12
199 1 10 12
199 1 20 10
199 10 10 14
199 2 13 17
199 3 19 8
199 1 16 12
199 5 7 20
199 12 4 13
199 8 3 19
199 4 14 13
199 9 4 14
199 16 3 16
199 1 17 11
199 9 7 15
199 4 5 9
199 10 9 12
199 11 13 12
199 16 13 12
199 8 16 14
199 14 3 8
199 5 14 11
199 7 9 10
199 13 7 11
199 9 18 16
199 15 2 12
199 10 17 11
199 6 16 14
199 15 4 15
199 5 5 7
199 11 1 16
199 7 17 14
199 16 4 16
199 3 15 12
199 15 2 12
199 3 14 14
199 15 14 16
199 1 6 10
199 8 7 16
199 9 4 14
199 6 6 10
199 3 4 11
199 10 14 8
199 4 15 13
199 15 20 17
199 9 12 8
199 18 6 13
199 2 5 12
199 19 18 13
199 14 16 8
199 12 12 10
199 15 10 15
199 18 15 12
199 6 5 13
199 10 5 12
199 14 8 14
199 19 3 13
199 4 4 17
199 17 16 12
199 10 9 12
199 9 10 15
199 17 9 13
199 20 16 8
199 9 6 16
199 5 19 16
199 8 14 13
199 9 10 15
199 12 1 14
199 14 18 16
199 8 8 11
199 11 20 18
199 8 10 11
199 14 9 10
199 19 7 14
199 12 12 10
199 13 19 13
199 13 18 9
199 9 1 10
199 3 12 12
199 17 15 15
199 18 16 14
199 14 3 8
199 4 1 12
199 6 17 13
199 17 4 13
199 16 14 16
199 15 2 12
199 16 6 9
199 15 1 18
199 8 7 16
199 13 5 14
199 15 4 15
199 14 17 15
199 15 5 11
199 10 7 17
199 4 1 12
199 18 10 14
199 6 18 15
199 4 16 12
199 4 7 12
199 12 7 10
199 1 9 8
199 7 13 11
199 17 12 13
199 15 17 9
199 12 4 13
199 10 2 18
199 1 14 14
199 2 17 12
199 20 11 12
199 14 10 14
199 3 6 11
199 10 4 11
199 3 16 15
199 4 2 11
199 18 8 13
199 10 5 12
199 13 4 11
199 4 14 13
199 1 2 12
199 19 4 15
199 17 4 13
199 10 20 13
199 12 14 15
199 9 1 10
199 11 18 12
199 19 6 9
199 17 12 13
199 15 1 18
199 13 13 18
199 17 3 13
199 14 10 14
199 19 14 14
199 14 4 14
199 2 20 16
199 12 3 20
199 5 2 13
199 16 5 10
199 4 16 12
199 14 5 19
199 6 13 13
199 1 11 13
199 10 6 14
199 16 17 13
199 7 11 13
199 17 1 14
199 11 14 11
199 18 7 16
199 6 4 15
199 13 4 11
199 9 2 14
199 4 5 9
199 1 8 14
199 10 4 11
199 17 10 12
199 3 7 10
199 5 5 7
199 6 14 14
199 15 19 11
199 13 6 13
199 10 4 11
199 16 17 13
199 4 14 13
199 8 3 19
199 1 6 10
199 19 8 12
199 15 14 16
199 6 9 16
199 8 17 12
199 20 20 15
199 5 8 19
199 11 18 12
199 17 18 13
199 10 14 8
199 20 8 11
199 12 2 14
199 18 15 12
199 5 4 14
199 12 2 14
199 13 15 13
199 6 19 9
199 14 16 8
199 2 19 8
199 9 18 16
199 7 18 7
199 16 15 13
199 2 4 15
199 3 10 17
199 9 7 15
199 4 1 12
199 7 8 13
199 14 17 15
199 18 14 15
199 18 17 10
199 4 4 17
199 20 9 9
199 17 16 12
199 8 2 13
199 4 20 15
199 11 1 16
199 16 12 14
199 7 4 15
199 8 20 11
199 8 10 11
199 19 9 8
199 12 16 16
199 16 3 16
199 8 4 17
199 1 1 16
199 13 9 17
199 3 17 15
199 4 10 14
199 4 3 9
199 11 4 17
199 8 16 14
199 18 2 12
199 19 16 11
199 10 17 11
199 20 16 8
199 1 5 11
199 6 19 9
199 15 19 11
199 14 2 15
199 5 13 13
199 16 14 16
199 7 18 7
199 14 5 19
199 16 17 13
199 1 4 17
199 5 8 19
199 20 5 7
199 2 5 12
199 3 7 10
199 5 12 11
199 7 3 10
199 16 17 13
199 16 8 11
199 17 20 14
199 5 14 11
199 8 18 13
199 17 2 17
199 7 17 14
199 10 17 11
199 11 8 11
199 20 13 12
199 18 20 20
199 13 5 14
199 12 7 10
199 10 4 11
199 11 15 7
199 13 14 12
199 10 8 13
199 18 5 16
199 1 8 14
199 12 8 14
199 8 12 14
199 3 14 14
199 10 1 13
199 19 7 14
199 2 3 12
199 17 16 12
199 11 9 11
199 11 3 12
199 4 3 9
199 12 8 14
199 6 8 11
199 4 3 9
199 16 15 13
199 11 20 18
199 8 6 9
199 5 1 11
199 9 13 13
199 20 13 12
199 9 20 13
199 2 15 13
199 3 12 12
199 17 17 11
199 19 1 18
199 19 13 10
199 3 5 13
199 16 11 16
199 15 2 12
199 12 11 11
199 9 18 16
199 14 20 23
199 19 9 8
199 10 17 11
199 5 10 12
199 20 6 14
199 12 2 14
199 13 14 12
199 11 9 11
199 7 9 10
199 5 14 11
199 15 18 15
199 2 19 8
199 14 11 11
199 10 8 13
199 15 20 17
199 3 9 17
199 3 14 14
199 18 18 11
199 1 1 16
199 8 16 14
199 19 13 10
199 13 9 17
199 5 15 14
199 6 5 13
199 9 1 10
199 18 2 12
199 2 15 13
199 15 9 11
199 6 10 12
199 18 9 17
199 8 12 14
199 18 9 17
199 4 12 20
199 10 20 13
199 11 11 13
199 19 19 10
199 1 7 12
199 13 14 12
199 12 9 14
199 11 10 9
199 17 5 11
199 17 10 12
199 7 7 15
199 2 3 12
199 8 1 13
199 12 11 11
199 11 5 8
199 15 15 12
199 19 1 18
199 19 14 14
199 10 16 11
199 11 1 16
199 15 12 14
199 16 19 15
199 11 12 14
199 16 12 14
199 8 16 14
199 9 9 17
199 10 9 12
199 18 18 11
199 3 3 12
199 3 15 12
199 2 19 8
199 20 12 12
199 5 7 20
199 20 14 12
199 3 16 15
199 15 18 15
199 10 3 16
199 11 17 16
199 10 19 6
199 19 14 14
199 20 8 11
199 15 11 16
199 1 2 12
199 16 16 8
199 1 9 8
199 13 10 13
199 18 14 15
199 7 16 16
199 18 20 20
199 11 15 7
199 7 19 11
199 5 15 14
199 2 20 16
199 10 12 10
199 5 9 11
199 3 15 12
199 6 6 10
199 14 18 16
199 19 14 14
199 3 2 18
199 9 8 8
199 12 14 15
199 15 9 11
199 8 15 12
199 13 6 13
199 5 2 13
199 5 6 13
199 10 1 13
199 13 16 10
199 14 7 13
199 15 8 21
199 18 19 14
199 16 19 15
199 17 14 10
199 7 8 13
199 9 16 12
199 8 13 13
199 6 11 9
199 20 11 12
199 10 15 12
199 14 4 14
199 17 13 13
199 17 19 12
199 19 5 13
199 1 17 11
199 20 5 7
199 9 10 15
199 19 5 13
199 16 13 12
199 14 3 8
199 3 19 8
211 17 24 44
211 31 36 52
211 6 25 52
211 2 21 43
211 45 22 47
211 5 11 43
211 15 23 41
211 4 27 45
211 22 39 55
211 22 10 53
211 34 50 44
211 22 42 39
211 8 36 50
211 42 11 47
211 33 45 57
211 44 15 44
211 9 44 58
211 7 24 46
211 42 17 51
211 21 38 43
211 19 24 50
211 39 25 44
211 43 29 42
211 50 25 47
211 35 50 56
211 40 48 44
211 11 37 44
211 22 7 54
211 47 39 46
211 14 22 48
211 37 43 53
211 44 4 54
211 47 19 51
211 36 7 47
211 20 20 36
211 32 24 42
211 12 11 50
211 16 18 54
211 11 22 45
211 20 33 46
211 11 9 51
211 8 39 41
211 33 22 44
211 31 14 53
211 31 5 54
211 10 35 41
211 3 31 44
211 49 39 49
211 26 6 48
211 8 1 51
211 5 15 34
211 7 45 37
211 39 28 41
211 35 41 49
211 47 20 53
211 41 49 48
211 26 21 53
211 44 45 43
211 47 28 46
211 50 7 51
211 37 34 50
211 19 27 49
211 27 27 46
211 37 7 38
211 41 12 39
211 13 37 50
211 30 6 54
211 6 31 46
211 39 31 49
211 40 9 53
211 19 4 51
211 48 11 45
211 28 49 52
211 45 32 47
211 21 30 54
211 13 38 53
211 34 27 49
211 3 16 48
211 26 24 44
211 33 37 51
211 16 19 43
211 44 46 40
211 6 25 52
211 44 15 44
211 17 29 48
211 14 22 48
211 10 17 42
211 34 26 54
211 8 27 50
211 31 44 50
211 17 45 44
211 26 24 44
211 46 20 50
211 8 46 50
211 46 37 49
211 35 39 40
211 42 17 51
211 14 18 50
211 23 3 44
211 11 17 45
211 42 14 38
211 40 49 40
211 41 3 45
211 20 39 46
211 30 39 52
211 46 25 45
211 22 44 43
211 23 48 38
211 45 27 37
211 46 28 50
211 49 30 52
211 35 43 52
211 28 48 39
211 48 22 53
211 25 49 59
211 25 46 43
211 16 46 44
211 26 34 51
211 26 36 48
211 11 44 46
211 21 20 53
211 26 3 46
211 31 24 55
211 20 46 42
211 25 40 54
211 24 17 45
211 20 29 46
211 3 43 52
211 2 2 49
211 22 21 45
211 5 42 40
211 46 49 52
211 7 49 56
211 21 38 43
211 39 50 34
211 1 25 45
211 49 9 48
211 41 33 47
211 45 41 54
211 25 26 47
211 11 12 43
211 42 16 48
211 18 34 51
211 38 30 51
211 46 35 52
211 16 4 52
211 43 13 51
211 19 30 54
211 30 9 37
211 33 36 55
211 44 41 47
211 6 9 43
211 13 4 45
211 17 36 46
211 21 14 37
211 19 43 45
211 33 21 48
211 33 25 46
211 4 22 49
211 10 41 42
211 43 11 40
211 43 48 43
211 37 45 47
211 20 12 52
211 14 15 46
211 48 34 47
211 28 43 40
211 38 6 53
211 31 35 47
211 3 16 48
211 47 48 50
211 9 4 48
211 28 5 50
211 20 6 43
211 31 39 49
211 25 31 42
211 48 8 42
211 28 19 49
211 11 23 45
211 10 24 52
211 19 1 46
211 33 29 52
211 32 39 53
211 20 44 52
211 35 40 37
211 18 21 37
211 25 44 48
211 45 2 53
211 40 19 41
211 21 20 53
211 45 36 52
211 2 32 46
211 41 10 54
211 35 46 55
211 4 29 41
211 10 10 56
211 39 27 52
211 32 9 51
211 25 16 46
211 30 35 47
211 2 23 48
211 6 5 55
211 40 50 53
211 42 28 48
211 47 4 50
211 30 13 40
211 1 3 46
211 47 4 50
211 46 1 43
211 18 9 50
211 18 24 55
211 22 9 40
211 27 20 53
211 2 3 51
211 45 23 46
211 25 22 41
211 4 30 42
211 8 45 46
211 21 26 45
211 33 44 53
211 8 24 52
211 39 24 55
211 33 29 52
211 36 25 46
211 26 33 53
211 22 7 54
211 49 31 47
211 48 9 54
211 48 33 45
211 14 47 44
211 48 21 44
211 45 5 48
211 2 37 54
211 17 38 44
211 9 17 51
211 12 14 52
211 7 2 47
211 2 12 47
211 20 18 46
211 13 9 53
211 21 3 48
211 24 42 41
211 14 26 52
211 40 37 54
211 7 30 56
211 19 15 44
211 42 36 51
211 24 18 43
211 38 39 50
211 11 34 50
211 17 14 42
211 43 40 49
211 45 45 50
211 21 26 45
211 21 18 45
211 31 26 41
211 14 21 43
211 15 18 45
211 17 49 41
211 31 38 45
211 44 15 44
211 11 5 42
211 35 9 43
211 23 16 55
211 4 24 38
211 47 18 48
211 25 45 53
211 28 29 47
211 9 20 46
211 33 5 54
211 20 16 49
211 21 18 45
211 44 7 42
211 8 5 48
211 2 29 41
211 8 23 46
211 38 31 47
211 39 43 43
211 4 38 50
211 49 11 59
211 29 4 51
211 20 26 48
211 17 44 40
211 44 37 57
211 12 23 44
211 18 6 50
211 34 46 38
211 11 29 59
211 19 16 53
211 23 8 50
211 25 48 37
211 28 49 52
211 20 17 46
211 22 23 48
211 2 14 42
211 39 5 43
211 29 41 44
211 34 9 48
211 5 18 51
211 31 30 46
211 13 14 50
211 44 29 55
211 19 36 56
211 46 16 49
211 33 4 40
211 5 38 45
211 39 24 55
211 22 23 48
211 26 20 57
211 50 15 43
211 30 20 59
211 41 14 36
211 44 21 46
211 38 12 47
211 28 39 49
211 2 48 36
211 11 19 35
211 28 32 40
211 38 19 55
211 23 32 54
211 18 17 53
211 29 41 44
211 33 7 49
211 15 38 53
211 35 39 40
211 25 15 50
211 23 14 57
211 38 30 51
211 39 5 43
211 25 31 42
211 25 9 43
211 40 33 56
211 40 49 40
211 4 21 48
211 8 30 47
211 27 32 43
211 15 30 55
211 49 10 55
211 10 50 54
211 8 5 48
211 13 34 44
211 37 29 43
211 45 46 56
211 17 8 47
211 35 20 49
211 42 19 57
211 9 44 58
211 43 16 43
211 34 49 53
211 4 49 50
211 49 36 49
211 39 49 42
211 50 46 41
211 8 10 47
211 47 48 50
211 6 17 55
211 49 37 41
211 5 24 43
211 22 35 35
211 14 47 44
211 20 32 49
211 29 42 53
211 7 30 56
211 2 8 57
211 22 3 49
211 9 21 51
211 7 49 56
211 36 15 53
211 6 48 50
211 13 16 41
211 9 20 46
211 18 29 53
211 31 29 50
211 47 26 44
211 46 33 42
211 18 18 47
211 29 44 45
211 35 41 49
211 16 30 56
211 46 11 57
211 8 5 48
211 34 44 48
211 7 11 47
211 21 5 52
211 39 21 52
211 47 28 46
211 47 18 48
211 3 45 50
211 23 38 46
211 33 19 50
211 46 21 40
211 41 4 54
211 29 41 44
211 46 16 49
211 6 49 53
211 2 44 44
211 11 12 43
211 20 8 41
211 3 3 46
211 45 16 52
211 8 33 39
211 26 20 57
211 25 9 43
211 15 1 49
211 20 40 51
211 4 39 42
211 6 44 40
211 11 34 50
211 43 6 46
223 37 9 47
223 10 48 43
223 27 5 38
223 41 24 39
223 22 16 47
223 49 19 52
223 16 17 46
223 37 43 48
223 25 41 41
223 41 34 43
223 31 17 44
223 34 42 49
223 12 4 45
223 39 25 40
223 39 50 46
223 11 32 45
223 24 41 46
223 48 15 47
223 7 47 41
223 4 25 44
223 8 14 51
223 12 31 52
223 46 34 43
223 10 39 44
223 8 31 52
223 38 27 46
223 18 17 49
223 49 19 52
223 30 24 42
223 42 13 37
223 48 32 51
223 48 41 41
223 47 31 44
223 44 17 49
223 28 44 31
223 8 50 38
223 28 30 47
223 12 37 44
223 39 48 46
223 6 46 34
223 19 32 47
223 18 26 51
223 32 34 41
223 48 8 48
223 7 31 50
223 1 32 42
223 9 15 46
223 12 19 38
223 15 38 53
223 16 18 46
223 1 50 51
223 39 17 37
223 7 26 45
223 39 47 50
223 17 3 49
223 11 26 40
223 29 22 47
223 18 7 40
223 44 36 43
223 13 32 43
223 49 32 37
223 16 47 43
223 24 31 45
223 3 36 49
223 46 37 55
223 43 20 45
223 30 41 41
223 3 11 47
223 12 19 38
223 14 14 45
223 27 36 45
223 33 12 45
223 5 10 43
223 35 3 47
223 43 46 48
223 41 3 46
223 17 30 38
223 42 50 45
223 39 29 46
223 31 49 42
223 23 3 44
223 30 1 48
223 16 3 45
223 25 10 48
223 44 37 47
223 24 34 48
223 38 21 49
223 43 11 47
223 39 27 37
223 36 13 51
223 21 19 46
223 25 42 38
223 24 14 39
223 21 43 43
223 22 38 45
223 13 24 37
223 8 32 47
223 15 36 40
223 22 32 41
223 6 2 52
223 5 30 39
223 20 21 39
223 32 3 34
223 26 31 49
223 29 39 37
223 11 27 41
223 15 50 43
223 9 22 43
223 37 42 41
223 11 22 46
223 16 33 53
223 50 17 44
223 47 26 53
223 32 10 54
223 3 22 47
223 26 50 49
223 46 50 44
223 22 8 47
223 22 48 53
223 47 45 54
223 31 14 51
223 10 22 47
223 20 48 56
223 19 21 43
223 8 10 50
223 33 46 36
223 4 31 52
223 49 34 46
223 16 50 43
223 5 23 39
223 35 19 48
223 8 34 49
223 2 22 44
223 19 8 42
223 41 43 47
223 26 12 46
223 48 28 42
223 26 47 48
223 35 21 42
223 1 22 42
223 24 43 41
223 1 17 45
223 19 32 47
223 6 40 37
223 26 39 48
223 33 15 52
223 41 5 35
223 11 22 46
223 3 45 42
223 4 37 52
223 46 22 49
223 32 19 49
223 40 12 54
223 45 19 49
223 41 16 46
223 42 17 49
223 42 50 45
223 41 49 52
223 2 6 49
223 30 20 42
223 27 14 51
223 47 34 41
223 12 20 57
223 3 45 42
223 7 31 50
223 28 10 48
223 28 32 51
223 23 32 47
223 13 7 46
223 19 31 40
223 21 18 40
223 39 4 45
223 41 27 43
223 48 40 45
223 6 15 43
223 47 40 42
223 12 4 45
223 21 48 43
223 23 32 47
223 35 9 41
223 39 1 48
223 30 35 43
223 10 14 29
223 49 2 43
223 3 18 47
223 41 35 41
223 19 35 48
223 8 38 50
223 4 40 41
223 7 43 50
223 35 46 48
223 43 28 41
223 48 42 44
223 9 22 43
223 6 30 37
223 27 6 49
223 19 44 41
223 1 40 40
223 28 14 47
223 34 17 54
223 25 12 35
223 34 49 45
223 16 27 53
223 26 47 48
223 21 20 40
223 31 28 50
223 42 20 45
223 37 13 56
223 45 21 44
223 4 5 37
223 24 23 39
223 26 34 54
223 33 38 43
223 28 35 54
223 34 46 45
223 33 19 30
223 14 20 54
223 15 21 33
223 30 27 43
223 47 28 40
223 21 3 34
223 40 36 49
223 15 46 36
223 43 3 52
223 8 21 48
223 23 9 55
223 28 47 42
223 6 12 44
223 20 35 44
223 17 13 48
223 20 9 43
223 44 36 43
223 35 14 44
223 20 21 39
223 12 7 50
223 21 1 42
223 31 4 44
223 37 42 41
223 8 47 43
223 25 35 41
223 25 4 45
223 13 41 47
223 12 9 50
223 27 49 45
223 33 32 45
223 37 17 42
223 40 47 45
223 23 49 40
223 29 44 48
223 46 47 44
223 1 14 46
223 31 40 41
223 4 13 40
223 45 24 53
223 36 42 44
223 46 38 51
223 45 10 42
223 33 35 46
223 45 40 47
223 16 13 39
223 5 36 37
223 32 42 44
223 39 39 38
223 10 32 56
223 37 44 43
223 46 49 39
223 16 19 51
223 8 23 45
223 9 46 48
223 20 43 47
223 14 9 40
223 11 7 47
223 8 4 39
223 37 37 47
223 15 43 53
223 28 45 39
223 25 47 48
223 44 11 49
223 44 13 46
223 31 45 46
223 40 13 44
223 17 17 48
223 23 21 46
223 6 22 45
223 25 47 48
223 19 47 31
223 47 6 47
223 10 21 45
223 11 22 46
223 10 50 41
223 4 40 41
223 6 45 49
223 37 24 48
223 33 46 36
223 42 34 49
223 17 50 50
223 3 4 41
223 35 33 46
223 24 4 50
223 46 32 56
223 40 21 37
223 35 10 52
223 45 42 47
223 24 12 37
223 5 37 46
223 6 22 45
223 39 2 46
223 4 27 54
223 27 24 53
223 24 45 45
223 3 44 38
223 47 32 48
223 5 27 44
223 30 44 36
223 34 48 41
223 42 8 46
223 24 9 54
223 19 43 51
223 11 40 41
223 28 9 37
223 17 34 44
223 21 41 39
223 26 15 48
223 21 43 43
223 37 1 43
223 14 38 46
223 9 7 45
223 35 7 46
223 40 26 46
223 34 9 41
223 43 8 39
223 46 7 52
223 6 48 39
223 27 38 45
223 15 13 42
223 33 4 47
223 19 17 43
223 45 37 47
223 7 46 44
223 48 29 53
223 42 38 58
223 48 23 49
223 50 36 50
223 38 33 50
223 25 15 49
223 34 19 46
223 31 45 46
223 19 27 42
223 41 40 50
223 9 41 37
223 28 20 38
223 23 17 45
223 42 14 45
223 40 36 49
223 4 39 40
223 47 26 53
223 4 4 45
223 33 39 52
223 2 22 44
223 29 5 45
223 13 21 41
223 6 41 48
223 12 45 43
223 14 33 42
223 4 5 37
223 33 13 37
223 24 36 41
223 13 2 53
223 18 17 49
223 9 11 44
223 11 43 48
223 11 37 43
223 24 43 41
223 3 6 52
223 49 27 43
223 33 45 41
223 18 6 44
223 36 27 47
223 22 40 41
223 36 48 58
223 36 8 54
223 32 16 44
223 9 6 48
223 1 42 48
223 15 37 49
223 43 23 46
223 47 11 40
223 12 4 45
223 8 21 48
223 32 6 40
223 40 15 44
223 1 4 41
223 49 48 43
223 19 48 48
223 12 2 51
223 30 40 46
223 11 27 41
223 2 38 40
223 40 38 36
223 21 2 47
223 48 32 51
223 20 33 48
223 45 44 48
223 46 39 43
223 41 31 51
223 11 10 44
223 7 3 53
223 9 29 50
223 15 29 49
227 42 17 41
227 30 3 47
227 48 39 39
227 41 37 45
227 29 47 34
227 9 44 44
227 47 46 44
227 14 9 43
227 27 35 46
227 42 3 39
227 43 8 44
227 49 1 46
227 29 41 48
227 14 49 42
227 1 12 44
227 36 41 49
227 15 5 46
227 50 18 42
227 24 43 39
227 26 15 54
227 25 17 37
227 12 21 50
227 47 4 40
227 3 39 48
227 14 24 45
227 13 46 44
227 33 42 45
227 13 42 45
227 28 31 39
227 42 18 44
227 38 28 40
227 18 50 44
227 38 2 37
227 19 15 51
227 49 11 51
227 4 25 43
227 36 4 42
227 8 31 37
227 26 11 44
227 12 9 46
227 36 3 38
227 43 2 50
227 33 31 33
227 31 32 42
227 5 50 42
227 9 17 41
227 5 14 44
227 18 43 50
227 49 36 40
227 24 26 44
227 13 15 49
227 47 3 50
227 43 47 50
227 30 26 44
227 10 1 43
227 4 1 38
227 15 48 46
227 5 26 50
227 15 40 46
227 44 10 47
227 47 29 42
227 42 18 44
227 18 28 49
227 44 34 50
227 6 45 44
227 3 7 43
227 27 5 39
227 41 21 45
227 18 10 52
227 20 42 46
227 34 19 45
227 25 18 51
227 35 36 41
227 43 34 44
227 44 8 53
227 28 13 37
227 7 9 44
227 27 35 46
227 13 47 50
227 11 24 48
227 38 20 47
227 7 38 41
227 40 42 38
227 36 6 39
227 22 13 32
227 36 47 50
227 14 50 42
227 19 17 41
227 5 1 41
227 20 16 45
227 32 22 46
227 23 10 45
227 8 3 50
227 31 24 38
227 42 42 51
227 40 3 39
227 27 40 46
227 3 2 46
227 39 11 49
227 42 27 48
227 4 21 40
227 19 34 46
227 24 29 45
227 35 32 42
227 21 48 41
227 42 15 42
227 15 29 52
227 25 29 42
227 45 39 37
227 32 49 44
227 8 6 48
227 32 43 42
227 39 48 41
227 34 29 41
227 19 13 43
227 17 16 41
227 35 40 47
227 48 49 43
227 44 27 43
227 41 22 43
227 23 50 46
227 27 36 49
227 42 14 34
227 50 13 49
227 17 31 45
227 46 49 46
227 12 15 44
227 42 5 45
227 29 38 42
227 35 10 46
227 3 2 46
227 19 16 51
227 18 6 38
227 16 10 43
227 2 7 49
227 25 47 45
227 3 21 48
227 41 12 36
227 48 23 42
227 44 17 40
227 6 24 38
227 31 31 48
227 27 35 46
227 50 29 33
227 1 1 46
227 33 32 50
227 37 32 42
227 31 36 47
227 1 25 46
227 15 6 45
227 41 36 53
227 3 28 45
227 8 6 48
227 12 13 45
227 26 21 41
227 8 1 48
227 5 37 38
227 46 12 45
227 45 50 38
227 50 20 39
227 29 27 50
227 5 46 38
227 47 8 47
227 9 22 51
227 16 23 39
227 1 33 43
227 3 43 44
227 48 16 49
227 23 18 42
227 48 13 48
227 45 48 34
227 6 47 43
227 50 34 47
227 35 37 50
227 6 28 45
227 42 11 42
227 22 46 43
227 20 36 50
227 14 37 40
227 22 24 45
227 20 1 50
227 19 16 51
227 31 16 36
227 31 39 42
227 18 41 44
227 48 39 39
227 30 20 39
227 3 43 44
227 48 35 42
227 28 4 40
227 17 48 46
227 25 15 47
227 40 22 40
227 28 19 49
227 34 6 35
227 36 24 42
227 28 5 50
227 32 44 49
227 25 15 47
227 31 40 42
227 24 34 42
227 48 26 45
227 36 32 42
227 7 17 35
227 43 39 43
227 10 14 35
227 36 37 53
227 30 43 45
227 45 49 51
227 50 11 52
227 44 16 44
227 15 11 43
227 9 26 50
227 3 19 44
227 35 6 43
227 33 5 48
227 46 30 41
227 12 13 45
227 25 32 47
227 27 23 44
227 25 32 47
227 21 19 39
227 31 24 38
227 29 28 45
227 23 32 42
227 49 4 43
227 44 19 39
227 22 36 38
227 45 14 45
227 30 18 46
227 21 2 32
227 9 23 44
227 43 3 47
227 40 42 38
227 24 14 41
227 15 34 35
227 39 10 42
227 18 20 33
227 25 10 48
227 12 12 42
227 5 37 38
227 8 38 52
227 14 10 49
227 39 8 41
227 9 23 44
227 46 4 49
227 33 42 45
227 26 26 52
227 45 30 54
227 20 35 52
227 30 11 54
227 35 35 41
227 50 13 49
227 8 15 39
227 20 37 38
227 9 31 39
227 7 45 50
227 10 7 44
227 8 13 43
227 21 3 43
227 42 29 51
227 10 1 43
227 34 19 45
227 34 6 35
227 14 27 39
227 32 49 44
227 4 32 50
227 48 44 42
227 29 50 44
227 43 34 44
227 18 25 48
227 27 34 51
227 48 5 48
227 6 38 41
227 3 44 44
227 18 16 47
227 18 4 55
227 2 41 42
227 49 31 44
227 18 19 47
227 12 49 54
227 15 38 43
227 39 16 48
227 48 37 51
227 13 8 39
227 12 44 33
227 12 11 46
227 12 35 48
227 34 42 43
227 15 46 35
227 20 27 46
227 43 40 52
227 36 47 50
227 14 38 36
227 46 8 48
227 21 21 48
227 9 11 37
227 20 6 47
227 33 29 50
227 12 50 40
227 49 41 37
227 43 34 44
227 30 17 46
227 43 26 51
227 16 6 44
227 11 29 48
227 41 18 43
227 11 43 47
227 1 32 38
227 34 22 42
227 3 48 45
227 8 11 44
227 46 33 47
227 48 9 47
227 4 38 40
227 31 1 50
227 35 38 50
227 13 36 45
227 5 32 40
227 38 48 48
227 6 46 42
227 21 25 49
227 41 2 46
227 42 8 38
227 38 10 38
227 44 50 39
227 39 38 40
227 13 31 46
227 1 49 37
227 13 43 53
227 41 6 42
227 29 16 44
227 16 35 48
227 2 47 46
227 24 47 43
227 7 18 35
227 14 19 42
227 44 47 36
227 14 41 46
227 10 9 43
227 14 30 47
227 1 24 45
227 23 34 49
227 47 39 46
227 10 16 50
227 22 28 40
227 26 2 42
227 46 1 49
227 10 47 42
227 35 23 42
227 35 3 48
227 30 1 45
227 46 5 31
227 4 2 51
227 14 31 45
227 48 12 47
227 12 39 43
227 3 16 50
227 49 13 36
227 29 23 44
227 36 5 44
227 24 46 38
227 19 30 47
227 34 19 45
227 8 39 46
227 39 22 39
227 34 2 48
227 47 9 42
227 21 24 43
227 13 3 43
227 19 50 50
227 46 34 47
227 39 15 40
227 2 49 48
227 46 35 46
227 12 43 54
227 49 12 39
227 27 38 51
227 32 26 40
227 39 7 47
227 45 39 37
227 21 4 47
227 19 6 44
227 50 34 47
227 39 33 44
227 1 15 40
227 21 39 42
227 4 40 49
227 17 36 52
227 6 5 49
227 16 21 44
227 15 38 43
227 5 50 42
227 17 50 39
227 49 45 47
227 40 1 46
227 34 7 39
227 38 17 44
227 3 49 46
227 12 37 37
227 38 24 38
227 49 40 37
227 33 13 44
227 10 36 46
227 30 35 37
227 3 31 39
227 23 21 54
227 50 25 42
227 19 33 50
229 36 40 50
229 9 38 51
229 45 7 44
229 34 29 55
229 3 29 38
229 17 9 44
229 12 19 41
229 32 33 38
229 43 18 38
229 36 3 42
229 25 50 48
229 33 30 50
229 46 50 49
229 8 15 47
229 10 6 46
229 7 32 51
229 15 50 47
229 38 48 40
229 10 25 51
229 41 4 41
229 7 36 35
229 31 2 39
229 34 50 42
229 18 6 54
229 5 14 43
229 10 5 35
229 18 23 52
229 12 9 49
229 19 19 42
229 20 25 39
229 29 50 36
229 49 20 47
229 48 26 46
229 12 42 47
229 41 1 51
229 14 40 46
229 24 40 40
229 11 41 47
229 48 11 44
229 25 23 50
229 43 28 38
229 20 28 38
229 43 30 43
229 27 30 46
229 34 14 47
229 34 39 41
229 23 32 45
229 45 50 38
229 34 46 43
229 45 10 47
229 41 31 35
229 34 31 38
229 19 38 46
229 5 27 50
229 48 19 42
229 3 48 41
229 1 19 45
229 12 21 42
229 38 11 46
229 14 24 41
229 3 32 42
229 41 43 36
229 36 35 42
229 47 30 42
229 37 9 39
229 13 48 50
229 32 28 42
229 49 17 58
229 49 12 47
229 29 31 39
229 32 47 33
229 9 28 39
229 30 9 44
229 39 2 35
229 8 47 40
229 5 22 41
229 4 15 37
229 43 2 39
229 47 45 47
229 22 31 41
229 47 9 53
229 21 34 44
229 4 27 40
229 1 27 52
229 18 39 51
229 3 21 43
229 15 8 44
229 37 39 50
229 43 20 46
229 8 4 51
229 16 48 44
229 40 10 37
229 32 16 36
229 42 8 43
229 42 25 46
229 17 33 44
229 14 32 35
229 49 2 43
229 19 28 45
229 42 48 50
229 28 14 49
229 48 36 48
229 1 27 52
229 37 3 49
229 6 30 38
229 25 50 48
229 26 23 43
229 44 17 50
229 40 28 42
229 35 6 50
229 26 39 38
229 28 7 49
229 46 21 45
229 24 45 40
229 38 41 43
229 36 4 44
229 12 15 43
229 14 41 41
229 44 36 42
229 28 46 49
229 37 23 54
229 45 31 45
229 47 2 38
229 9 36 51
229 13 11 40
229 47 23 42
229 34 37 47
229 27 48 43
229 22 48 44
229 48 36 48
229 28 18 49
229 3 5 45
229 30 17 50
229 23 8 46
229 21 33 45
229 14 34 48
229 20 28 38
229 29 1 46
229 14 5 49
229 45 27 49
229 41 8 43
229 48 39 41
229 41 45 47
229 39 24 53
229 21 47 44
229 22 2 33
229 44 41 33
229 12 36 43
229 8 18 43
229 46 16 43
229 37 17 42
229 1 44 44
229 14 19 49
229 14 31 40
229 15 27 46
229 49 40 47
229 50 43 50
229 10 46 39
229 7 36 35
229 20 21 47
229 18 18 44
229 43 36 48
229 2 6 38
229 7 17 42
229 34 37 47
229 32 46 47
229 17 37 42
229 2 30 40
229 27 3 35
229 4 43 50
229 26 21 42
229 23 50 42
229 45 38 45
229 50 36 45
229 27 45 42
229 32 47 33
229 3 48 41
229 15 5 51
229 30 12 43
229 32 38 48
229 44 19 48
229 25 43 42
229 31 1 37
229 32 48 51
229 4 33 53
229 37 15 46
229 38 17 51
229 4 29 31
229 26 7 36
229 6 28 48
229 35 10 41
229 12 30 46
229 28 40 42
229 27 35 40
229 35 15 36
229 29 37 48
229 4 42 36
229 43 12 48
229 35 22 32
229 3 35 46
229 16 35 44
229 5 48 49
229 35 4 34
229 14 29 37
229 42 33 45
229 33 17 40
229 36 41 52
229 22 2 33
229 15 9 46
229 17 29 44
229 22 16 49
229 34 7 41
229 5 42 43
229 29 21 41
229 26 17 43
229 14 18 44
229 39 41 47
229 26 10 45
229 26 43 48
229 13 22 53
229 25 18 41
229 41 38 57
229 35 6 50
229 30 46 46
229 3 37 38
229 48 11 44
229 42 13 42
229 42 38 40
229 38 10 49
229 27 4 50
229 36 20 39
229 4 21 38
229 42 37 47
229 15 37 40
229 30 4 40
229 27 9 41
229 26 9 46
229 8 21 45
229 20 1 49
229 17 47 42
229 48 41 42
229 50 40 40
229 27 12 35
229 34 13 50
229 2 19 45
229 2 8 44
229 41 49 46
229 33 45 48
229 43 48 48
229 4 37 50
229 17 16 42
229 24 29 45
229 27 29 44
229 40 12 43
229 33 42 43
229 39 40 46
229 33 24 45
229 5 50 47
229 17 10 36
229 17 47 42
229 47 8 51
229 47 14 50
229 35 8 45
229 49 28 45
229 32 35 39
229 5 10 40
229 43 36 48
229 3 39 34
229 45 30 42
229 30 35 44
229 50 32 42
229 43 1 42
229 15 14 49
229 47 13 44
229 4 37 50
229 36 31 51
229 1 3 38
229 36 28 44
229 1 46 48
229 44 47 42
229 19 47 46
229 11 45 40
229 19 14 51
229 13 46 45
229 46 36 43
229 40 16 47
229 24 13 48
229 1 26 46
229 24 1 52
229 30 19 35
229 23 35 41
229 46 47 43
229 16 29 50
229 19 7 46
229 40 11 44
229 47 32 39
229 15 3 46
229 38 33 40
229 29 39 42
229 41 39 39
229 43 13 45
229 3 20 38
229 50 34 43
229 36 13 36
229 28 29 34
229 30 7 45
229 19 10 41
229 5 19 37
229 23 2 46
229 20 33 40
229 19 30 43
229 46 13 44
229 21 30 45
229 1 47 44
229 34 32 38
229 22 7 52
229 50 43 50
229 42 20 48
229 41 38 57
229 8 24 44
229 14 4 38
229 30 5 49
229 18 41 48
229 40 20 51
229 32 14 50
229 37 13 47
229 22 38 44
229 43 18 38
229 49 16 40
229 34 22 40
229 50 40 40
229 15 50 47
229 50 41 42
229 14 14 46
229 27 5 50
229 29 4 50
229 16 11 45
229 12 13 40
229 39 46 42
229 49 2 43
229 18 37 44
229 27 10 40
229 46 25 49
229 14 1 51
229 36 49 46
229 11 5 43
229 50 12 37
229 45 21 40
229 21 3 44
229 25 17 46
229 29 34 47
229 3 8 41
229 11 12 39
229 11 39 35
229 13 15 44
229 8 36 51
229 41 29 43
229 19 1 41
229 47 11 37
229 47 49 40
229 23 14 40
229 41 37 45
229 45 46 51
229 6 33 43
229 9 17 52
229 34 19 46
229 19 13 41
229 2 32 42
229 15 43 52
229 20 16 48
229 43 8 39
229 41 41 48
229 19 24 43
229 32 14 50
229 18 47 37
229 45 50 38
229 12 48 42
229 38 4 45
229 43 38 43
229 48 10 43
229 29 37 48
229 3 35 46
229 4 4 49
229 36 36 42
229 23 9 44
229 14 42 51
229 5 14 43
229 36 50 43
229 44 16 40
229 21 21 49
229 37 23 54
229 8 13 38
229 18 40 43
229 47 50 31
229 23 6 44
229 24 50 50
229 20 34 43
229 12 17 51
229 28 10 42
229 12 14 42
229 48 15 53
229 30 9 44
229 49 23 41
229 8 38 43
229 48 49 37
229 17 24 40
229 23 17 41
229 37 33 42
229 5 10 40
233 19 21 43
233 21 12 40
233 13 18 46
233 34 47 44
233 28 3 43
233 10 15 45
233 45 5 48
233 45 33 39
233 20 23 52
233 28 12 38
233 3 5 52
233 8 35 42
233 18 18 42
233 5 45 52
233 8 12 44
233 38 4 52
233 16 37 36
233 25 48 46
233 9 44 38
233 5 12 45
233 4 5 39
233 19 9 43
233 2 36 49
233 3 6 38
233 40 11 30
233 3 15 55
233 19 26 42
233 29 43 43
233 30 4 54
233 21 28 38
233 25 30 38
233 26 22 41
233 18 43 42
233 31 21 42
233 11 49 45
233 8 38 34
233 45 15 43
233 13 45 49
233 14 28 42
233 47 35 36
233 42 7 46
233 47 27 38
233 17 23 39
233 34 26 51
233 32 15 48
233 29 35 40
233 39 23 44
233 9 5 47
233 47 12 43
233 42 45 39
233 21 30 39
233 41 41 37
233 30 47 44
233 27 29 45
233 27 18 40
233 16 46 47
233 6 37 45
233 39 28 49
233 46 15 35
233 29 49 41
233 2 7 43
233 24 21 49
233 49 9 42
233 8 10 43
233 14 26 48
233 6 31 52
233 34 2 44
233 12 20 40
233 5 46 39
233 46 41 39
233 2 1 41
233 18 24 34
233 4 9 43
233 26 46 47
233 36 3 52
233 47 20 40
233 37 21 35
233 50 1 42
233 30 10 45
233 43 32 45
233 3 21 44
233 13 20 37
233 41 18 49
233 46 2 49
233 30 5 39
233 30 1 36
233 2 3 52
233 45 39 50
233 2 12 43
233 39 47 41
233 40 40 41
233 35 42 41
233 30 10 45
233 10 17 43
233 34 7 48
233 7 43 47
233 10 41 39
233 23 20 36
233 26 38 40
233 21 13 48
233 31 38 38
233 48 41 42
233 9 27 40
233 11 6 42
233 40 26 39
233 13 8 35
233 8 45 47
233 45 24 46
233 3 33 34
233 1 4 47
233 10 41 39
233 33 44 42
233 32 34 39
233 30 41 41
233 5 6 46
233 8 3 49
233 25 38 44
233 33 22 49
233 9 18 46
233 27 30 39
233 35 8 39
233 6 23 39
233 23 23 50
233 29 48 43
233 8 40 37
233 7 18 45
233 41 44 50
233 46 44 37
233 45 46 53
233 20 34 47
233 33 17 35
233 43 47 44
233 21 4 40
233 44 36 46
233 13 16 45
233 37 23 51
233 17 39 39
233 3 47 47
233 30 44 48
233 24 27 31
233 49 17 47
233 27 18 40
233 49 6 44
233 3 43 47
233 11 21 41
233 8 20 50
233 34 26 51
233 40 17 37
233 15 47 43
233 13 41 41
233 19 6 52
233 7 45 45
233 2 13 44
233 22 3 51
233 2 20 42
233 42 48 49
233 19 15 39
233 26 14 45
233 13 39 32
233 10 1 46
233 50 7 44
233 16 43 39
233 3 38 35
233 48 35 49
233 40 25 53
233 23 50 35
233 12 48 32
233 17 35 43
233 49 48 40
233 1 14 37
233 11 37 45
233 31 10 38
233 12 15 42
233 49 27 41
233 50 29 53
233 18 20 51
233 6 8 37
233 23 38 49
233 24 26 42
233 41 4 48
233 30 48 49
233 2 45 38
233 48 9 43
233 47 22 41
233 49 22 51
233 8 29 36
233 23 36 39
233 40 17 37
233 31 44 46
233 5 17 41
233 19 19 55
233 3 24 47
233 15 29 47
233 44 35 48
233 25 48 46
233 48 25 43
233 34 15 41
233 12 13 39
233 49 44 42
233 33 6 42
233 36 41 39
233 16 33 45
233 21 19 43
233 2 9 42
233 15 36 33
233 3 28 43
233 33 29 46
233 17 6 35
233 43 36 45
233 17 8 37
233 26 38 40
233 27 31 36
233 40 4 38
233 23 41 38
233 15 47 43
233 3 2 46
233 26 49 46
233 9 33 47
233 21 7 40
233 36 42 46
233 28 4 41
233 44 41 44
233 46 43 43
233 40 47 41
233 39 8 40
233 17 18 39
233 7 40 40
233 3 9 37
233 22 18 44
233 27 35 36
233 1 34 40
233 27 8 56
233 39 24 49
233 17 26 46
233 5 21 36
233 32 5 38
233 20 6 38
233 37 12 42
233 9 6 39
233 47 16 43
233 15 4 51
233 24 11 41
233 7 9 39
233 9 7 39
233 16 41 42
233 18 40 40
233 35 25 50
233 24 17 36
233 47 14 38
233 33 48 34
233 15 13 40
233 45 32 32
233 7 3 49
233 7 32 35
233 7 31 48
233 25 29 35
233 35 25 50
233 7 22 44
233 1 25 41
233 28 50 43
233 5 5 49
233 48 19 41
233 9 9 49
233 22 47 36
233 20 28 40
233 38 21 47
233 16 4 44
233 22 27 46
233 45 30 44
233 10 26 42
233 23 47 43
233 49 37 47
233 1 12 45
233 23 4 45
233 2 49 41
233 4 32 44
233 38 18 45
233 15 10 29
233 30 13 49
233 2 15 36
233 50 36 38
233 42 32 39
233 13 33 39
233 49 1 39
233 9 6 39
233 6 22 38
233 33 44 42
233 44 42 49
233 5 16 47
233 2 15 36
233 36 32 43
233 48 38 51
233 45 8 46
233 2 15 36
233 30 39 43
233 47 44 40
233 40 49 42
233 33 45 42
233 18 34 39
233 12 35 51
233 25 22 43
233 43 33 44
233 47 15 49
233 39 15 48
233 5 18 44
233 31 50 38
233 8 2 37
233 45 5 48
233 12 43 38
233 13 29 38
233 4 16 50
233 20 41 47
233 50 18 34
233 43 28 43
233 1 45 35
233 37 30 48
233 12 33 40
233 22 42 51
233 16 47 42
233 6 17 43
233 35 50 35
233 49 17 47
233 35 33 44
233 34 11 43
233 27 6 37
233 28 23 33
233 37 50 43
233 24 10 42
233 15 39 47
233 44 30 46
233 32 24 37
233 9 9 49
233 41 44 50
233 17 6 35
233 11 6 42
233 3 47 47
233 14 18 40
233 26 26 40
233 31 1 48
233 17 35 43
233 33 30 45
233 42 15 41
233 33 17 35
233 47 35 36
233 34 34 38
233 43 22 43
233 40 33 41
233 38 8 44
233 49 6 44
233 47 22 41
233 24 42 38
233 33 18 42
233 15 17 40
233 42 47 36
233 13 15 52
233 14 43 42
233 4 1 44
233 33 37 49
233 24 44 40
233 27 33 44
233 3 19 43
233 41 30 39
233 18 18 42
233 5 8 35
233 50 25 52
233 23 8 51
233 50 14 42
233 35 16 41
233 17 31 47
233 24 11 41
233 35 50 35
233 4 48 38
233 31 11 47
233 38 33 43
233 12 12 31
233 26 25 44
233 31 9 37
233 25 3 43
233 38 43 46
233 34 33 49
233 49 33 42
233 7 47 37
233 30 19 43
233 34 4 34
233 10 17 43
233 23 20 36
233 16 23 46
233 29 3 34
233 50 25 52
233 1 18 42
233 23 49 34
233 1 31 49
233 1 1 44
233 15 22 39
233 12 36 47
233 49 40 37
233 24 32 46
233 19 26 42
233 44 38 42
233 19 49 38
233 17 40 55
233 43 46 45
233 22 27 46
233 45 32 32
233 37 37 43
233 20 11 42
233 44 27 46
233 47 41 42
233 19 9 43
239 45 13 42
239 12 27 43
239 45 18 50
239 12 49 41
239 46 10 42
239 18 9 45
239 13 21 38
239 1 18 47
239 25 34 44
239 48 38 45
239 32 9 42
239 20 27 48
239 13 34 37
239 22 17 42
239 43 40 50
239 27 32 41
239 14 12 36
239 20 11 39
239 19 20 42
239 41 6 39
239 6 16 44
239 28 2 40
239 19 38 39
239 15 23 33
239 17 29 45
239 48 17 38
239 3 3 44
239 14 10 41
239 42 12 40
239 47 29 38
239 21 46 46
239 44 27 37
239 35 33 44
239 1 20 43
239 16 11 38
239 13 42 44
239 3 22 43
239 11 26 41
239 38 24 38
239 27 14 45
239 4 45 41
239 39 37 38
239 46 46 34
239 42 46 42
239 27 22 48
239 41 14 45
239 45 48 33
239 48 10 44
239 19 37 50
239 5 7 49
239 5 21 40
239 26 11 47
239 23 11 32
239 2 16 48
239 7 43 51
239 23 13 45
239 27 48 36
239 32 17 45
239 22 35 48
239 4 38 39
239 1 20 43
239 13 15 40
239 29 6 50
239 19 5 47
239 32 11 44
239 15 46 45
239 35 7 51
239 46 26 42
239 11 32 43
239 9 17 44
239 37 47 38
239 36 41 40
239 46 48 35
239 34 19 46
239 22 11 41
239 41 36 35
239 26 48 40
239 7 50 42
239 44 16 51
239 47 44 38
239 23 42 38
239 39 3 35
239 34 6 40
239 14 14 48
239 6 44 36
239 27 29 51
239 28 35 44
239 9 44 39
239 29 16 40
239 21 43 33
239 34 29 41
239 14 42 43
239 48 17 38
239 12 14 42
239 40 15 46
239 42 13 47
239 41 50 43
239 25 42 45
239 17 44 36
239 23 41 47
239 48 17 38
239 49 39 44
239 16 15 42
239 13 4 40
239 50 14 48
239 45 4 50
239 13 33 46
239 32 7 50
239 10 11 54
239 13 40 43
239 14 38 46
239 50 50 34
239 18 48 38
239 33 31 38
239 43 6 46
239 22 48 44
239 19 19 40
239 36 48 50
239 14 16 48
239 15 19 35
239 11 33 46
239 49 17 47
239 48 50 36
239 47 9 35
239 20 4 43
239 37 15 45
239 3 23 43
239 5 44 42
239 27 9 44
239 26 46 36
239 21 17 50
239 14 43 35
239 4 25 42
239 5 9 48
239 22 34 42
239 44 24 36
239 34 21 48
239 21 32 47
239 29 6 50
239 27 21 46
239 9 11 38
239 22 3 55
239 24 18 43
239 23 35 40
239 7 3 37
239 21 9 36
239 13 38 41
239 42 22 39
239 27 6 42
239 49 15 46
239 18 2 46
239 35 49 45
239 22 46 45
239 39 31 32
239 47 20 35
239 37 48 36
239 15 15 52
239 44 2 50
239 19 37 50
239 1 46 51
239 10 33 38
239 15 47 49
239 27 45 37
239 10 13 40
239 14 43 35
239 29 32 45
239 28 26 46
239 13 48 42
239 28 14 42
239 21 19 44
239 5 1 42
239 44 48 45
239 44 15 44
239 22 13 44
239 43 45 40
239 21 47 37
239 13 44 49
239 22 28 47
239 26 45 41
239 35 21 52
239 4 35 33
239 23 33 41
239 17 42 39
239 44 5 50
239 35 32 43
239 31 38 53
239 24 48 41
239 6 7 34
239 27 11 43
239 35 6 49
239 42 40 34
239 32 10 34
239 7 22 42
239 2 36 41
239 13 35 41
239 33 19 41
239 40 46 45
239 41 29 41
239 38 50 50
239 14 12 36
239 21 18 44
239 5 2 37
239 18 36 43
239 18 34 42
239 12 6 43
239 4 39 38
239 46 30 50
239 45 42 44
239 7 33 43
239 30 2 35
239 17 36 38
239 24 28 44
239 28 9 34
239 10 19 37
239 10 38 39
239 33 31 38
239 2 45 41
239 36 4 45
239 3 5 39
239 3 31 36
239 50 49 52
239 6 30 35
239 7 21 44
239 44 2 50
239 50 22 38
239 34 44 47
239 11 27 34
239 21 23 47
239 9 34 44
239 14 40 48
239 41 11 46
239 27 30 38
239 45 47 47
239 39 20 33
239 3 33 48
239 43 27 43
239 24 44 46
239 1 30 42
239 8 28 31
239 10 41 32
239 31 25 34
239 48 6 34
239 17 50 38
239 34 18 46
239 45 37 32
239 36 22 41
239 16 29 38
239 39 40 42
239 35 45 49
239 36 47 39
239 23 25 43
239 7 21 44
239 35 8 41
239 11 46 39
239 29 48 46
239 3 50 36
239 7 36 44
239 15 47 49
239 29 23 48
239 36 49 37
239 41 50 43
239 3 21 37
239 7 50 42
239 13 10 46
239 42 30 52
239 19 29 44
239 20 41 45
239 37 27 46
239 49 18 44
239 26 29 47
239 17 33 42
239 12 16 46
239 34 36 42
239 6 44 36
239 43 14 39
239 20 34 35
239 46 4 39
239 23 7 42
239 23 1 42
239 18 49 40
239 31 45 44
239 44 16 51
239 47 16 32
239 41 47 34
239 3 2 42
239 18 19 44
239 9 11 38
239 10 33 38
239 28 40 39
239 5 29 44
239 29 18 49
239 14 26 49
239 47 9 35
239 49 13 42
239 50 41 44
239 2 2 48
239 15 36 45
239 27 38 45
239 50 25 42
239 24 46 43
239 1 45 38
239 19 36 41
239 17 36 38
239 38 19 47
239 7 46 42
239 17 29 45
239 23 33 41
239 42 48 42
239 6 4 43
239 26 9 36
239 29 43 35
239 14 25 44
239 38 7 41
239 34 7 43
239 6 13 34
239 47 42 43
239 46 35 39
239 42 45 47
239 8 39 43
239 5 12 48
239 29 33 45
239 34 21 48
239 47 47 46
239 25 44 42
239 20 6 46
239 18 48 38
239 45 34 45
239 16 9 38
239 5 20 45
239 32 22 34
239 19 49 53
239 33 48 41
239 45 20 47
239 25 29 43
239 16 29 38
239 9 19 40
239 31 8 39
239 37 14 40
239 37 1 35
239 3 6 41
239 45 25 43
239 25 49 40
239 32 33 38
239 9 40 44
239 29 18 49
239 45 36 41
239 46 43 39
239 27 44 32
239 9 27 43
239 16 8 51
239 36 10 41
239 14 46 43
239 18 28 45
239 18 44 39
239 38 32 33
239 19 38 39
239 46 49 43
239 1 26 45
239 5 16 48
239 44 49 44
239 49 48 33
239 30 27 36
239 39 15 46
239 33 17 48
239 24 45 48
239 39 17 43
239 29 21 41
239 32 1 45
239 17 8 42
239 42 23 35
239 14 32 40
239 7 9 42
239 48 3 42
239 20 49 38
239 48 8 49
239 10 28 37
239 26 36 53
239 8 34 37
239 21 39 52
239 29 18 49
239 7 5 37
239 12 21 39
239 9 31 55
239 39 36 40
239 22 49 39
239 20 25 41
239 29 43 35
239 14 47 46
239 5 9 48
239 36 37 42
239 31 46 38
239 18 15 45
239 46 34 42
239 5 23 31
239 28 4 42
239 23 16 43
239 33 5 42
239 16 11 38
239 30 44 42
239 49 14 36
239 33 33 25
239 38 13 37
239 10 29 38
239 14 35 29
239 16 38 41
239 6 38 42
239 47 14 41
239 2 24 50
239 23 44 41
241 20 14 40
241 50 5 47
241 19 37 42
241 15 15 42
241 14 49 51
241 4 17 43
241 24 18 38
241 3 2 45
241 23 43 35
241 44 32 50
241 40 12 44
241 5 40 46
241 9 8 39
241 44 39 48
241 8 7 42
241 11 10 39
241 10 31 38
241 13 41 36
241 49 50 36
241 15 19 47
241 20 25 48
241 28 26 49
241 40 21 40
241 7 46 39
241 14 30 42
241 49 7 34
241 50 8 39
241 3 29 41
241 27 30 42
241 25 8 42
241 14 50 51
241 44 43 41
241 6 15 48
241 28 36 46
241 4 16 34
241 32 49 46
241 38 25 51
241 39 19 41
241 9 50 35
241 50 37 48
241 5 5 46
241 6 14 45
241 24 46 47
241 4 8 34
241 36 24 35
241 21 49 35
241 36 39 45
241 26 24 37
241 17 38 40
241 36 21 47
241 43 8 49
241 20 27 41
241 31 50 43
241 1 20 39
241 41 40 51
241 47 22 32
241 23 29 51
241 2 43 43
241 24 29 44
241 11 2 43
241 26 10 53
241 28 36 46
241 1 13 38
241 27 17 46
241 39 29 37
241 14 24 43
241 35 2 32
241 19 24 45
241 17 28 53
241 26 41 42
241 28 14 29
241 50 8 39
241 42 17 47
241 11 31 36
241 43 18 43
241 12 24 32
241 28 41 42
241 13 13 40
241 50 7 35
241 43 18 43
241 31 45 39
241 50 13 51
241 28 33 43
241 27 7 31
241 18 12 33
241 6 18 40
241 2 32 43
241 49 3 39
241 15 44 44
241 24 3 50
241 28 14 29
241 46 3 38
241 6 16 43
241 21 49 35
241 13 7 39
241 34 10 42
241 14 35 44
241 17 4 39
241 45 32 42
241 18 34 42
241 49 43 41
241 15 9 50
241 1 18 46
241 28 21 39
241 27 24 38
241 24 2 43
241 8 33 32
241 28 26 49
241 39 37 48
241 1 2 38
241 43 25 42
241 27 26 43
241 44 31 39
241 11 32 42
241 43 4 49
241 10 16 37
241 33 47 44
241 13 21 36
241 36 2 38
241 40 48 35
241 32 36 43
241 39 49 36
241 17 40 39
241 1 24 39
241 16 24 42
241 20 10 44
241 6 28 39
241 24 2 43
241 21 42 45
241 27 26 43
241 19 16 47
241 16 44 38
241 43 46 43
241 6 50 46
241 48 46 48
241 42 30 36
241 11 4 38
241 20 17 32
241 29 41 37
241 19 27 36
241 43 32 46
241 23 15 41
241 16 18 45
241 6 14 45
241 19 38 36
241 28 4 44
241 17 18 44
241 10 12 37
241 30 35 40
241 13 27 33
241 1 47 39
241 15 28 42
241 50 5 47
241 18 19 41
241 6 41 42
241 29 48 41
241 22 28 43
241 19 15 44
241 19 24 45
241 9 39 45
241 40 49 46
241 11 12 42
241 8 32 40
241 13 28 42
241 5 49 49
241 11 45 35
241 29 2 43
241 42 15 44
241 46 44 49
241 49 35 51
241 10 35 35
241 32 49 46
241 40 43 45
241 27 50 45
241 26 33 44
241 14 28 48
241 44 13 38
241 22 14 46
241 46 40 51
241 47 22 32
241 40 32 39
241 37 16 46
241 48 33 43
241 36 31 36
241 33 8 45
241 39 45 37
241 37 47 50
241 38 26 41
241 14 3 41
241 35 8 42
241 48 49 41
241 31 17 42
241 46 34 39
241 37 45 44
241 44 27 43
241 36 30 37
241 31 5 44
241 14 15 36
241 45 28 33
241 44 49 44
241 1 46 35
241 49 15 44
241 27 41 33
241 22 7 46
241 34 33 42
241 38 47 37
241 8 43 43
241 48 34 39
241 28 42 40
241 3 10 49
241 50 24 45
241 19 28 37
241 49 1 42
241 4 32 39
241 8 18 48
241 37 6 35
241 25 16 45
241 33 41 38
241 2 47 39
241 48 24 46
241 30 11 42
241 17 8 44
241 35 33 38
241 28 30 41
241 6 39 41
241 11 48 45
241 7 5 33
241 2 20 39
241 16 39 40
241 41 3 45
241 30 29 48
241 47 13 43
241 10 18 38
241 20 15 48
241 19 37 42
241 3 17 29
241 46 30 45
241 1 35 41
241 43 17 42
241 12 2 42
241 30 21 45
241 48 47 47
241 33 27 39
241 1 45 45
241 7 41 42
241 36 20 46
241 26 48 48
241 44 21 44
241 46 13 44
241 20 37 49
241 10 37 50
241 49 12 41
241 9 8 39
241 19 44 38
241 8 24 43
241 34 48 50
241 1 2 38
241 28 17 35
241 19 17 34
241 35 47 37
241 15 40 43
241 6 30 40
241 16 18 45
241 9 23 51
241 28 29 37
241 11 46 48
241 42 34 45
241 22 5 44
241 29 1 41
241 2 49 44
241 25 50 35
241 49 7 34
241 19 38 36
241 49 21 39
241 8 44 41
241 29 46 46
241 12 49 37
241 35 23 38
241 21 20 40
241 50 22 39
241 4 25 33
241 47 50 39
241 35 16 44
241 22 36 47
241 14 16 47
241 45 45 46
241 13 47 42
241 1 45 45
241 44 9 44
241 22 50 35
241 20 13 42
241 48 16 36
241 45 35 35
241 31 36 45
241 35 46 45
241 46 4 42
241 28 25 39
241 24 49 43
241 45 16 45
241 12 20 50
241 34 21 42
241 28 44 39
241 4 3 46
241 31 46 48
241 44 5 44
241 12 11 40
241 5 13 46
241 33 26 43
241 25 30 37
241 34 8 36
241 3 43 40
241 4 31 46
241 47 34 37
241 40 40 37
241 23 30 44
241 17 49 54
241 4 3 46
241 39 23 35
241 38 40 39
241 21 20 40
241 18 32 46
241 17 4 39
241 9 4 41
241 29 38 39
241 7 31 44
241 49 24 35
241 2 15 39
241 5 44 41
241 32 12 41
241 22 41 39
241 7 7 44
241 13 29 45
241 37 18 32
241 25 36 43
241 37 3 39
241 45 21 42
241 47 18 41
241 14 32 48
241 14 6 38
241 38 3 34
241 24 3 50
241 47 43 48
241 19 17 34
241 23 1 43
241 45 33 42
241 3 1 45
241 44 32 50
241 13 8 40
241 12 9 47
241 25 34 40
241 22 30 50
241 50 2 35
241 7 41 42
241 38 14 43
241 46 22 43
241 9 12 36
241 40 1 44
241 10 35 35
241 33 23 42
241 9 4 41
241 11 34 40
241 32 26 48
241 7 6 41
241 14 48 36
241 23 40 38
241 32 43 32
241 19 44 38
241 48 46 48
241 32 9 32
241 45 19 37
241 21 3 46
241 2 30 48
241 28 44 39
241 5 37 41
241 43 3 39
241 20 26 43
241 3 47 44
241 32 39 37
241 1 12 40
241 9 30 44
241 32 19 46
241 17 37 31
241 29 34 45
241 16 36 39
241 10 8 49
241 6 17 37
241 9 39 45
241 39 15 46
241 50 43 46
241 34 27 38
241 26 12 38
241 49 46 32
241 20 17 32
241 8 4 45
241 11 49 39
241 29 36 43
241 40 9 41
241 21 30 42
241 2 12 46
241 9 38 41
241 18 21 43
241 2 2 35
241 49 39 32
241 34 3 45
241 49 11 39
241 39 34 40
241 13 31 40
241 3 22 36
241 10 4 44
251 3 13 43
251 21 5 37
251 38 26 39
251 13 16 36
251 7 2 41
251 35 5 46
251 13 36 35
251 2 15 47
251 35 34 46
251 19 49 34
251 9 25 38
251 40 22 39
251 2 1 40
251 32 5 40
251 10 33 48
251 2 45 34
251 12 16 35
251 47 3 39
251 42 34 31
251 27 23 44
251 17 47 31
251 3 21 38
251 37 24 37
251 21 20 41
251 18 42 43
251 28 31 42
251 22 40 36
251 38 24 44
251 19 8 41
251 2 24 42
251 10 1 37
251 20 21 32
251 33 26 48
251 44 36 34
251 34 31 45
251 7 49 45
251 4 33 40
251 24 21 33
251 10 33 48
251 41 23 42
251 35 44 37
251 20 7 46
251 38 42 36
251 13 8 50
251 17 39 49
251 30 39 41
251 44 29 44
251 16 30 41
251 29 30 40
251 21 27 31
251 31 19 36
251 7 19 45
251 21 23 43
251 30 11 36
251 13 21 40
251 32 34 34
251 16 7 41
251 40 20 34
251 14 12 38
251 25 29 36
251 20 50 34
251 49 19 34
251 19 23 42
251 24 12 43
251 13 44 40
251 19 24 47
251 31 47 38
251 40 36 45
251 44 2 40
251 38 11 47
251 11 32 42
251 11 15 48
251 23 9 28
251 26 37 40
251 9 15 36
251 37 18 39
251 35 50 43
251 5 37 39
251 24 44 43
251 39 39 44
251 24 43 39
251 42 41 36
251 17 17 34
251 2 39 45
251 6 5 45
251 39 9 45
251 19 47 43
251 48 44 32
251 16 17 26
251 47 11 38
251 47 30 32
251 34 1 45
251 6 43 45
251 6 1 38
251 33 23 31
251 1 9 44
251 48 8 45
251 42 38 37
251 2 5 42
251 50 39 44
251 45 43 35
251 6 22 46
251 39 3 39
251 50 36 43
251 9 19 37
251 28 11 40
251 9 36 37
251 48 16 36
251 42 33 31
251 45 12 44
251 44 1 41
251 50 21 34
251 40 8 33
251 6 5 45
251 15 23 46
251 45 22 46
251 19 25 37
251 26 33 35
251 44 6 31
251 6 11 34
251 22 34 38
251 42 26 38
251 47 22 35
251 11 46 43
251 50 7 52
251 29 5 49
251 5 28 34
251 32 29 41
251 22 8 44
251 2 48 43
251 2 43 43
251 35 29 46
251 8 44 40
251 29 15 41
251 32 38 42
251 30 42 44
251 34 27 46
251 19 5 40
251 7 27 49
251 4 40 45
251 45 36 36
251 12 34 33
251 41 44 43
251 23 4 39
251 50 28 46
251 41 22 41
251 44 25 38
251 2 37 34
251 22 32 40
251 6 20 39
251 4 41 42
251 1 22 37
251 30 33 38
251 5 36 35
251 29 50 42
251 23 17 40
251 49 46 35
251 47 50 40
251 41 20 40
251 20 36 38
251 27 34 35
251 6 39 42
251 8 18 40
251 3 20 36
251 15 42 38
251 48 44 32
251 10 20 44
251 46 3 35
251 36 19 47
251 13 16 36
251 15 50 41
251 41 39 38
251 47 3 39
251 15 29 40
251 9 50 40
251 7 22 40
251 23 37 42
251 19 10 35
251 21 22 35
251 27 19 37
251 15 27 38
251 13 31 44
251 40 46 37
251 9 4 39
251 11 22 37
251 20 13 38
251 18 50 37
251 34 3 38
251 46 48 42
251 18 7 43
251 37 5 47
251 33 3 30
251 41 17 36
251 8 7 39
251 32 43 33
251 6 3 33
251 31 47 38
251 35 26 40
251 40 29 34
251 15 16 41
251 34 31 45
251 2 32 32
251 8 40 36
251 26 5 38
251 47 33 40
251 6 31 36
251 6 2 45
251 31 4 34
251 15 44 38
251 15 39 37
251 6 21 43
251 17 49 34
251 15 36 43
251 26 12 40
251 26 24 36
251 36 15 43
251 13 9 37
251 39 7 30
251 23 5 35
251 32 26 34
251 28 24 37
251 39 31 42
251 22 29 43
251 19 27 42
251 44 32 32
251 18 40 44
251 47 44 39
251 35 24 38
251 27 26 31
251 38 13 39
251 35 12 40
251 9 36 37
251 14 46 36
251 40 22 39
251 50 11 34
251 13 40 37
251 35 18 44
251 33 27 35
251 20 13 38
251 18 29 33
251 26 12 40
251 18 43 39
251 45 17 44
251 23 44 44
251 28 44 39
251 2 22 48
251 5 37 39
251 25 19 47
251 46 24 43
251 33 37 37
251 5 33 37
251 5 35 43
251 38 8 45
251 10 15 40
251 21 7 34
251 10 26 49
251 37 32 47
251 50 47 35
251 26 25 39
251 14 29 34
251 42 47 38
251 10 25 52
251 36 38 39
251 27 25 52
251 50 3 48
251 47 44 39
251 15 21 31
251 33 47 36
251 24 42 41
251 8 38 39
251 4 33 40
251 40 35 41
251 41 14 42
251 21 31 50
251 5 41 35
251 5 45 42
251 36 48 30
251 29 35 43
251 9 12 44
251 41 24 46
251 20 14 29
251 21 14 41
251 27 49 35
251 3 23 45
251 37 29 40
251 29 36 38
251 35 19 30
251 10 15 40
251 8 40 36
251 6 45 40
251 34 32 43
251 5 21 45
251 31 42 36
251 18 46 33
251 21 21 47
251 31 30 40
251 10 35 44
251 33 49 39
251 14 32 37
251 42 4 43
251 29 31 42
251 38 13 39
251 14 28 49
251 10 18 41
251 44 3 42
251 2 33 38
251 27 34 35
251 43 22 36
251 9 13 37
251 49 48 41
251 15 41 37
251 9 44 35
251 27 1 44
251 43 13 46
251 47 49 45
251 21 20 41
251 50 2 43
251 28 8 39
251 36 36 42
251 30 49 42
251 45 11 34
251 49 47 39
251 17 21 52
251 20 27 38
251 40 19 43
251 17 24 39
251 5 23 34
251 37 29 40
251 8 7 39
251 2 13 48
251 16 21 38
251 16 48 42
251 33 48 37
251 48 2 35
251 9 32 41
251 48 27 33
251 42 35 41
251 47 9 29
251 28 10 36
251 24 46 40
251 16 24 37
251 33 34 40
251 9 12 44
251 13 3 37
251 6 25 42
251 43 21 35
251 12 28 40
251 9 22 37
251 46 9 34
251 23 40 42
251 29 14 40
251 23 22 31
251 41 47 43
251 4 2 45
251 36 40 43
251 30 14 41
251 4 48 36
251 7 5 39
251 25 37 37
251 23 8 42
251 34 18 37
251 7 47 28
251 13 31 44
251 13 9 37
251 49 12 39
251 41 23 42
251 22 1 47
251 29 17 42
251 12 50 40
251 29 4 37
251 19 14 37
251 19 16 37
251 38 7 36
251 42 33 31
251 40 21 40
251 2 21 37
251 32 49 39
251 42 23 37
251 34 46 32
251 5 48 40
251 45 9 32
251 42 47 38
251 47 6 43
251 7 42 45
251 19 17 48
251 10 19 44
251 1 17 47
251 1 9 44
251 41 4 32
251 15 43 38
251 3 4 41
251 37 3 43
251 31 12 32
251 26 32 42
251 28 1 35
251 21 31 50
251 41 30 38
251 6 4 37
251 50 12 45
251 30 32 38
251 33 6 48
251 12 25 43
251 50 12 45
251 4 28 39
251 34 8 37
251 4 46 43
251 24 17 37
251 31 44 40
251 43 1 42
257 18 21 43
257 48 11 41
257 43 32 45
257 29 12 36
257 45 11 51
257 18 5 33
257 46 48 37
257 36 24 44
257 8 23 46
257 29 34 35
257 12 43 39
257 34 40 37
257 10 33 38
257 16 26 44
257 16 10 28
257 41 45 35
257 15 34 36
257 10 30 46
257 22 11 40
257 41 24 41
257 30 27 35
257 46 8 44
257 20 3 31
257 27 9 42
257 41 22 39
257 19 41 42
257 47 7 33
257 46 9 39
257 2 32 40
257 27 32 38
257 20 23 38
257 4 41 38
257 20 36 43
257 36 49 44
257 10 32 46
257 38 38 34
257 6 44 35
257 7 33 39
257 4 34 38
257 13 5 41
257 9 3 40
257 47 16 42
257 19 16 35
257 27 44 40
257 43 22 39
257 33 22 32
257 48 44 38
257 27 44 40
257 49 22 47
257 5 4 32
257 41 25 29
257 20 31 41
257 21 49 45
257 20 22 33
257 25 41 41
257 22 14 30
257 32 6 38
257 12 2 45
257 16 41 45
257 7 16 39
257 48 40 36
257 47 10 42
257 44 8 35
257 36 10 39
257 16 4 38
257 37 26 38
257 10 48 29
257 34 27 45
257 29 46 21
257 31 38 40
257 22 13 58
257 49 48 37
257 2 42 40
257 25 26 54
257 30 38 35
257 24 39 40
257 15 16 44
257 21 15 37
257 9 43 33
257 26 31 47
257 34 30 33
257 22 50 35
257 42 19 42
257 44 37 41
257 31 41 33
257 25 4 40
257 4 27 39
257 46 24 38
257 33 44 41
257 5 10 40
257 33 29 34
257 24 27 41
257 24 26 40
257 42 13 32
257 33 2 49
257 12 34 37
257 9 22 40
257 38 25 36
257 37 29 39
257 32 22 39
257 15 12 45
257 30 17 43
257 14 20 43
257 47 8 37
257 16 7 40
257 46 22 47
257 6 38 36
257 10 38 43
257 15 35 43
257 43 8 52
257 25 49 41
257 1 1 36
257 12 4 47
257 38 5 44
257 25 36 37
257 44 25 45
257 26 4 39
257 37 34 39
257 34 19 39
257 39 6 39
257 10 3 45
257 30 6 37
257 33 49 39
257 34 24 46
257 27 20 39
257 38 10 35
257 17 48 35
257 43 22 39
257 35 31 34
257 6 45 39
257 47 37 36
257 44 24 29
257 33 40 46
257 12 43 39
257 11 22 36
257 19 41 42
257 46 21 40
257 21 43 39
257 39 7 43
257 10 19 35
257 19 16 35
257 35 49 33
257 8 38 40
257 30 24 38
257 43 46 46
257 26 18 46
257 16 29 38
257 23 34 40
257 2 5 36
257 13 34 36
257 28 33 40
257 24 26 40
257 37 44 37
257 15 36 36
257 49 23 40
257 11 47 36
257 25 43 41
257 40 50 45
257 1 49 36
257 18 9 36
257 13 19 45
257 49 32 47
257 10 12 40
257 19 28 41
257 42 4 41
257 47 42 43
257 48 8 38
257 1 15 36
257 25 28 39
257 1 35 36
257 6 31 31
257 42 42 49
257 36 37 34
257 44 45 48
257 38 34 35
257 10 32 46
257 7 16 39
257 30 16 44
257 47 29 29
257 34 12 41
257 48 34 41
257 33 11 44
257 16 47 49
257 12 47 36
257 46 47 36
257 49 22 47
257 1 47 37
257 30 49 43
257 46 25 42
257 1 4 43
257 28 44 39
257 18 19 47
257 34 27 45
257 41 37 43
257 33 48 33
257 13 13 35
257 49 50 45
257 49 15 47
257 31 11 41
257 18 19 47
257 2 7 33
257 38 23 34
257 12 24 38
257 20 18 37
257 2 47 36
257 25 13 41
257 38 34 35
257 13 31 33
257 39 39 40
257 38 9 44
257 32 27 46
257 25 9 40
257 32 45 40
257 28 17 40
257 36 34 43
257 29 29 51
257 24 22 38
257 24 14 40
257 47 9 44
257 4 46 40
257 19 25 35
257 37 1 39
257 37 46 37
257 3 28 46
257 1 47 37
257 27 19 37
257 17 31 47
257 42 15 43
257 50 27 34
257 5 27 39
257 7 35 47
257 38 20 37
257 46 28 35
257 31 5 32
257 19 17 42
257 35 13 39
257 2 20 43
257 43 24 35
257 2 2 43
257 18 44 49
257 24 44 38
257 16 15 36
257 6 50 39
257 10 42 36
257 17 33 36
257 36 29 33
257 14 22 34
257 43 3 37
257 50 30 46
257 7 41 40
257 39 39 40
257 17 40 32
257 46 5 38
257 21 31 41
257 25 12 43
257 23 21 33
257 6 41 44
257 7 34 43
257 6 32 49
257 50 6 33
257 17 11 39
257 23 25 47
257 14 43 38
257 32 14 49
257 14 45 49
257 8 45 49
257 26 44 39
257 11 44 37
257 16 24 30
257 32 30 34
257 38 23 34
257 14 6 37
257 37 7 35
257 46 8 44
257 34 48 36
257 44 40 38
257 11 15 42
257 27 50 45
257 22 44 29
257 1 48 42
257 4 12 30
257 41 4 38
257 31 37 35
257 17 22 34
257 35 31 34
257 42 34 46
257 4 38 38
257 43 24 35
257 16 29 38
257 23 17 37
257 22 45 36
257 40 2 44
257 37 25 42
257 41 45 35
257 10 38 43
257 7 3 38
257 2 20 43
257 3 48 48
257 11 24 40
257 4 23 43
257 4 24 39
257 41 17 34
257 1 46 38
257 16 8 45
257 48 30 37
257 26 37 38
257 16 31 44
257 6 11 40
257 40 37 45
257 12 1 37
257 35 38 31
257 2 23 31
257 13 41 35
257 43 9 44
257 10 9 46
257 9 39 37
257 46 43 45
257 30 21 41
257 8 33 40
257 30 30 40
257 22 23 39
257 45 15 52
257 35 31 34
257 24 40 41
257 18 15 34
257 18 21 43
257 6 23 37
257 14 35 32
257 1 40 36
257 41 10 39
257 4 44 42
257 12 12 32
257 16 26 44
257 26 10 35
257 35 6 41
257 3 27 43
257 40 26 37
257 3 42 42
257 12 1 37
257 50 15 37
257 42 21 40
257 27 46 38
257 37 27 35
257 47 23 45
257 50 28 40
257 33 9 45
257 37 10 28
257 47 26 40
257 4 32 43
257 7 45 36
257 20 18 37
257 13 22 32
257 14 11 42
257 22 39 38
257 7 13 31
257 22 21 39
257 44 17 37
257 4 21 41
257 8 19 49
257 44 21 37
257 37 46 37
257 36 6 35
257 15 38 36
257 27 36 42
257 25 25 41
257 15 23 38
257 16 30 43
257 48 31 33
257 38 43 29
257 10 49 36
257 45 19 40
257 46 41 40
257 31 16 34
257 38 30 53
257 4 21 41
257 6 23 37
257 20 21 43
257 33 17 42
257 31 40 41
257 2 32 40
257 30 21 41
257 6 22 38
257 13 42 45
257 9 24 33
257 19 3 40
257 29 24 33
257 2 8 35
257 11 26 32
257 29 10 40
257 18 34 30
257 29 33 29
257 30 47 31
257 24 23 47
257 27 34 49
257 41 18 41
257 12 27 43
257 22 39 38
257 5 48 32
257 23 20 45
257 15 50 46
257 24 50 30
257 47 2 44
257 12 13 39
257 28 2 35
257 50 7 29
257 45 31 46
257 15 35 43
257 46 15 43
257 22 5 37
263 21 16 39
263 18 37 46
263 38 8 44
263 39 43 49
263 4 17 36
263 30 42 39
263 22 3 36
263 3 17 41
263 8 35 36
263 1 22 38
263 17 24 36
263 25 38 42
263 25 19 34
263 22 12 45
263 28 4 38
263 34 19 44
263 44 5 41
263 46 33 45
263 33 3 28
263 25 13 41
263 2 42 36
263 9 28 33
263 32 24 38
263 3 35 35
263 33 26 35
263 42 23 34
263 44 3 42
263 6 1 32
263 5 38 31
263 16 1 37
263 36 21 37
263 39 16 37
263 26 17 38
263 49 25 39
263 28 49 42
263 14 10 35
263 33 50 40
263 41 50 36
263 3 35 35
263 5 43 40
263 8 40 37
263 5 10 35
263 33 19 40
263 3 48 31
263 10 20 32
263 20 46 43
263 35 25 39
263 43 32 35
263 28 23 39
263 11 7 42
263 4 30 33
263 2 34 32
263 47 8 37
263 10 48 36
263 28 30 40
263 3 9 40
263 16 25 43
263 5 26 43
263 37 15 42
263 40 13 32
263 45 49 35
263 14 22 45
263 12 16 34
263 20 37 32
263 48 39 44
263 49 45 44
263 46 33 45
263 12 1 42
263 12 18 40
263 14 35 34
263 45 2 29
263 40 11 46
263 49 10 33
263 29 24 40
263 7 47 34
263 26 16 36
263 16 3 31
263 19 45 40
263 32 35 36
263 6 31 40
263 45 30 34
263 22 42 36
263 18 13 32
263 42 45 42
263 10 7 37
263 37 48 36
263 50 15 41
263 35 26 37
263 47 12 31
263 45 31 38
263 29 8 36
263 6 28 45
263 17 45 35
263 4 42 32
263 48 48 31
263 10 7 37
263 24 19 34
263 31 26 35
263 3 4 39
263 29 5 35
263 17 21 37
263 29 29 35
263 4 23 44
263 24 16 37
263 4 49 37
263 45 33 40
263 39 33 30
263 21 3 42
263 44 45 35
263 39 29 38
263 42 25 38
263 12 43 45
263 25 18 32
263 47 35 42
263 28 31 40
263 46 31 47
263 25 2 46
263 9 42 42
263 35 4 30
263 40 33 29
263 18 33 33
263 31 36 41
263 35 12 39
263 14 8 44
263 48 15 40
263 12 40 34
263 31 26 35
263 12 49 37
263 40 34 43
263 45 50 33
263 5 13 40
263 24 25 37
263 33 31 38
263 19 39 33
263 4 48 42
263 35 48 41
263 30 7 28
263 49 40 46
263 35 2 39
263 6 31 40
263 26 8 35
263 39 21 39
263 20 12 32
263 24 18 45
263 3 38 41
263 31 26 35
263 6 34 38
263 35 3 33
263 47 36 40
263 33 48 39
263 3 6 37
263 4 46 45
263 19 23 25
263 46 17 36
263 17 46 42
263 22 36 47
263 17 46 42
263 3 6 37
263 21 41 43
263 21 35 31
263 31 44 36
263 13 44 42
263 22 11 33
263 17 32 36
263 6 36 41
263 4 27 43
263 43 3 42
263 25 24 39
263 8 2 40
263 2 36 35
263 44 36 36
263 26 16 36
263 46 2 33
263 14 31 36
263 18 22 38
263 9 4 37
263 24 35 37
263 21 17 40
263 33 17 38
263 41 1 36
263 6 23 41
263 34 26 35
263 42 2 38
263 2 15 41
263 28 44 33
263 18 12 33
263 34 6 33
263 29 10 39
263 14 3 30
263 46 1 39
263 14 43 39
263 29 3 44
263 27 12 37
263 46 38 38
263 17 14 42
263 14 12 44
263 10 15 31
263 5 49 34
263 15 1 50
263 42 23 34
263 31 10 37
263 26 43 40
263 40 19 38
263 5 7 38
263 8 26 37
263 22 24 40
263 36 9 43
263 39 14 42
263 41 49 32
263 25 10 35
263 30 21 35
263 13 22 40
263 1 35 36
263 2 8 31
263 31 28 38
263 28 47 30
263 32 26 41
263 20 11 40
263 16 17 38
263 41 15 42
263 27 44 36
263 10 4 42
263 19 46 37
263 31 15 39
263 47 24 37
263 31 19 39
263 29 23 46
263 41 24 37
263 30 8 32
263 38 39 38
263 16 15 31
263 9 29 42
263 26 25 42
263 26 49 34
263 47 7 41
263 25 42 36
263 38 34 38
263 29 50 34
263 12 7 39
263 8 18 40
263 1 38 44
263 3 15 42
263 46 34 33
263 47 20 42
263 3 22 54
263 48 27 43
263 35 13 39
263 43 8 51
263 8 45 40
263 30 29 33
263 33 23 37
263 49 4 47
263 34 4 42
263 47 25 36
263 37 3 37
263 7 16 42
263 45 13 36
263 12 19 39
263 31 32 34
263 22 15 36
263 24 31 37
263 42 10 40
263 30 16 39
263 13 42 24
263 35 11 36
263 8 12 33
263 5 12 32
263 22 8 32
263 48 6 33
263 24 3 40
263 36 25 39
263 15 11 38
263 31 30 48
263 40 36 42
263 13 41 32
263 32 41 35
263 26 19 38
263 35 34 38
263 43 38 46
263 15 32 38
263 1 9 40
263 15 32 38
263 22 40 36
263 48 41 38
263 16 43 35
263 36 37 40
263 23 29 29
263 32 41 35
263 49 30 37
263 35 35 34
263 16 1 37
263 40 30 38
263 43 38 46
263 21 32 32
263 41 16 50
263 35 27 43
263 39 33 30
263 14 1 46
263 15 23 45
263 39 11 34
263 45 23 43
263 13 10 41
263 17 29 43
263 41 19 36
263 27 23 38
263 4 37 37
263 49 21 49
263 42 3 35
263 47 50 50
263 7 48 37
263 11 39 41
263 40 1 39
263 44 42 33
263 2 4 43
263 30 39 42
263 42 49 43
263 49 35 41
263 33 31 38
263 12 26 34
263 5 44 42
263 44 23 28
263 36 43 41
263 30 43 43
263 23 26 43
263 20 15 44
263 8 16 42
263 47 13 35
263 8 36 39
263 44 34 42
263 29 38 33
263 20 10 41
263 36 5 37
263 41 26 38
263 43 11 42
263 23 19 33
263 34 42 37
263 27 45 38
263 45 49 35
263 50 47 32
263 11 17 37
263 3 11 40
263 16 45 31
263 2 1 43
263 1 33 33
263 39 36 39
263 42 12 40
263 17 28 38
263 13 3 41
263 2 19 39
263 28 37 48
263 16 29 39
263 30 40 43
263 50 48 35
263 9 27 41
263 48 23 34
263 4 45 37
263 11 33 33
263 33 23 37
263 15 24 39
263 29 50 34
263 6 27 38
263 22 7 37
263 41 27 34
263 45 10 34
263 48 22 37
263 28 33 44
263 25 25 41
263 39 47 40
263 46 24 42
263 48 2 33
263 49 1 33
263 15 1 50
263 30 7 28
263 5 28 44
263 24 17 42
263 37 20 38
263 46 46 47
263 29 15 35
263 9 21 34
263 16 26 33
263 14 25 38
263 39 40 35
263 42 22 34
263 29 17 46
263 10 29 33
263 1 40 28
263 4 24 36
263 17 46 42
263 44 38 31
263 26 33 38
263 19 41 35
263 34 17 44
263 24 49 45
263 22 44 39
263 15 32 38
263 39 39 30
263 49 46 32
263 16 21 40
263 6 36 41
263 17 29 43
263 12 5 43
263 14 33 41
263 26 45 47
263 5 25 30
263 10 46 34
263 9 4 37
263 46 43 45
263 36 47 40
263 15 45 44
269 22 50 29
269 30 34 32
269 27 5 43
269 3 22 44
269 28 6 33
269 44 36 38
269 50 35 29
269 40 31 39
269 23 46 36
269 10 19 39
269 39 48 33
269 19 37 36
269 15 41 35
269 17 50 40
269 49 26 41
269 38 17 42
269 6 23 40
269 33 7 45
269 8 35 36
269 24 41 33
269 29 50 39
269 50 24 32
269 41 38 36
269 9 27 32
269 21 40 41
269 10 4 41
269 25 36 32
269 42 31 43
269 44 28 40
269 40 42 40
269 41 37 27
269 29 26 30
269 1 7 38
269 17 25 35
269 10 43 47
269 37 28 34
269 35 6 36
269 22 50 29
269 36 38 42
269 24 10 40
269 25 23 43
269 16 40 42
269 50 26 44
269 22 43 33
269 22 37 29
269 29 18 36
269 5 9 35
269 21 50 31
269 7 47 48
269 31 9 44
269 24 11 50
269 47 37 29
269 37 6 37
269 43 17 36
269 43 35 42
269 31 1 39
269 25 28 43
269 37 37 42
269 12 1 37
269 5 30 32
269 29 40 42
269 34 31 39
269 32 28 41
269 15 49 39
269 22 37 29
269 22 47 36
269 15 25 40
269 12 6 36
269 33 18 44
269 44 15 32
269 41 28 41
269 11 49 41
269 22 36 39
269 46 31 38
269 28 13 32
269 19 13 36
269 26 7 37
269 7 18 40
269 25 14 35
269 45 25 34
269 40 46 33
269 17 14 29
269 1 5 41
269 50 30 50
269 22 6 38
269 44 21 40
269 25 10 34
269 25 30 36
269 33 19 37
269 36 46 37
269 24 1 36
269 25 38 35
269 45 25 34
269 45 29 45
269 45 13 44
269 8 20 35
269 24 42 41
269 42 21 44
269 38 12 37
269 3 41 40
269 14 14 33
269 43 19 42
269 28 43 47
269 22 32 37
269 13 42 33
269 50 50 35
269 46 5 34
269 10 20 36
269 33 21 30
269 3 28 30
269 10 3 37
269 30 44 32
269 14 22 43
269 4 34 46
269 3 2 44
269 30 6 48
269 22 11 39
269 15 38 37
269 17 40 39
269 13 46 42
269 22 37 29
269 2 39 32
269 17 18 34
269 44 41 36
269 47 18 38
269 2 42 33
269 30 36 40
269 19 43 32
269 46 27 40
269 32 23 37
269 14 15 40
269 43 20 39
269 41 1 40
269 47 48 37
269 30 18 34
269 37 35 38
269 9 50 41
269 12 28 33
269 28 2 44
269 17 36 34
269 25 42 41
269 7 22 41
269 2 13 32
269 5 37 42
269 13 8 36
269 11 28 35
269 14 14 33
269 43 36 38
269 8 26 44
269 21 9 33
269 37 16 41
269 17 41 39
269 18 36 37
269 4 1 33
269 39 40 43
269 40 5 38
269 9 49 35
269 29 17 39
269 28 41 48
269 34 23 42
269 23 40 46
269 49 15 32
269 36 17 40
269 12 27 37
269 32 45 35
269 20 20 42
269 18 31 44
269 10 11 39
269 6 25 36
269 40 17 40
269 17 4 32
269 30 13 34
269 18 19 43
269 1 42 32
269 25 43 40
269 45 5 45
269 45 14 37
269 16 41 32
269 26 18 35
269 5 33 42
269 49 22 35
269 32 16 43
269 19 46 35
269 12 48 45
269 33 22 39
269 1 19 43
269 47 46 35
269 42 14 44
269 18 19 43
269 36 3 35
269 1 23 39
269 25 13 32
269 17 6 39
269 8 36 42
269 44 11 40
269 23 19 39
269 46 26 35
269 50 20 36
269 6 33 34
269 26 4 35
269 21 3 41
269 9 42 37
269 47 11 36
269 28 28 38
269 19 2 31
269 2 16 36
269 39 21 34
269 15 44 25
269 3 30 35
269 41 9 41
269 43 18 31
269 42 36 39
269 5 10 38
269 32 19 29
269 10 42 38
269 23 44 31
269 36 33 35
269 22 27 43
269 50 48 36
269 34 9 28
269 13 12 38
269 11 30 37
269 9 6 35
269 4 21 38
269 16 13 43
269 43 28 37
269 29 4 37
269 28 38 32
269 27 19 41
269 3 42 34
269 19 14 39
269 16 1 35
269 47 39 30
269 16 20 37
269 4 16 36
269 45 34 44
269 1 10 36
269 14 15 40
269 28 2 44
269 42 5 33
269 12 39 32
269 2 28 38
269 49 22 35
269 25 22 31
269 33 7 45
269 4 20 33
269 15 11 28
269 25 45 37
269 9 31 44
269 36 27 42
269 25 9 31
269 19 18 34
269 38 9 41
269 24 6 35
269 40 39 36
269 48 5 38
269 24 17 38
269 15 12 32
269 39 12 44
269 40 7 38
269 32 42 39
269 17 12 36
269 45 3 44
269 6 42 38
269 8 46 40
269 4 16 36
269 31 5 34
269 19 44 38
269 38 29 39
269 43 34 38
269 41 14 40
269 8 11 38
269 48 17 40
269 28 17 33
269 37 22 31
269 21 18 40
269 13 12 38
269 15 28 39
269 11 46 43
269 10 35 52
269 18 5 36
269 3 20 27
269 7 42 32
269 7 10 41
269 20 2 34
269 3 1 38
269 32 35 34
269 26 18 35
269 15 19 41
269 20 22 32
269 39 22 39
269 9 16 31
269 24 13 32
269 21 3 41
269 42 49 31
269 26 25 29
269 14 3 37
269 16 19 47
269 39 8 37
269 38 45 42
269 8 17 35
269 43 32 26
269 34 24 28
269 25 28 43
269 45 42 35
269 22 28 46
269 8 50 30
269 17 27 42
269 6 4 39
269 17 4 32
269 6 14 37
269 43 12 36
269 13 32 37
269 22 9 26
269 20 7 41
269 38 10 41
269 26 15 50
269 49 2 42
269 39 50 39
269 23 43 37
269 42 21 44
269 9 45 38
269 28 41 48
269 34 46 30
269 31 30 45
269 35 14 35
269 39 12 44
269 14 46 33
269 13 13 41
269 20 9 37
269 3 16 44
269 40 4 40
269 50 34 40
269 25 5 34
269 48 41 29
269 30 46 41
269 40 20 38
269 15 37 29
269 47 27 35
269 33 27 41
269 22 28 46
269 42 5 33
269 12 44 39
269 12 46 37
269 1 9 40
269 11 11 35
269 40 50 40
269 27 42 34
269 23 8 39
269 5 4 35
269 1 42 32
269 38 36 33
269 11 13 35
269 34 15 46
269 20 44 36
269 37 25 40
269 2 34 45
269 50 6 43
269 12 43 35
269 20 3 37
269 49 26 41
269 17 39 42
269 32 19 29
269 1 35 37
269 32 37 37
269 5 22 35
269 30 40 30
269 7 22 41
269 7 25 49
269 40 8 38
269 21 26 34
269 49 46 39
269 23 38 36
269 37 29 38
269 8 26 44
269 1 1 34
269 16 16 40
269 8 33 30
269 49 47 33
269 38 26 25
269 26 15 50
269 3 21 43
269 18 45 42
269 37 22 31
269 35 13 38
269 38 26 25
269 48 7 47
269 1 48 41
269 3 4 36
269 43 4 36
269 36 3 35
269 27 49 34
269 22 15 34
269 46 40 38
269 6 12 40
269 49 36 44
269 50 31 34
269 6 19 35
269 23 38 36
269 49 7 37
269 44 7 43
269 20 19 40
269 11 30 37
269 34 32 31
269 33 50 40
269 15 27 33
269 8 14 33
269 35 31 33
269 16 22 38
271 19 31 34
271 11 2 42
271 26 32 31
271 10 35 30
271 35 2 37
271 22 21 37
271 31 41 35
271 18 31 34
271 39 44 37
271 45 12 38
271 41 29 31
271 18 32 27
271 4 41 32
271 3 34 40
271 16 48 21
271 47 30 45
271 5 17 44
271 33 2 37
271 34 38 29
271 12 30 33
271 34 32 30
271 15 48 42
271 48 23 45
271 39 18 34
271 42 30 40
271 38 18 38
271 16 8 41
271 36 6 28
271 2 31 42
271 47 39 47
271 22 41 45
271 36 26 39
271 8 15 32
271 25 9 41
271 21 41 39
271 13 37 32
271 50 32 40
271 17 8 37
271 48 17 38
271 41 6 37
271 4 48 42
271 31 40 34
271 12 49 35
271 15 33 32
271 32 35 32
271 22 3 34
271 45 19 36
271 38 50 36
271 18 31 34
271 14 7 31
271 5 13 42
271 31 38 41
271 41 20 37
271 37 9 40
271 38 39 48
271 25 12 36
271 44 5 46
271 13 37 32
271 45 17 46
271 43 38 40
271 8 49 39
271 21 33 33
271 42 39 40
271 34 39 36
271 9 4 29
271 8 32 34
271 45 45 35
271 44 13 31
271 1 44 46
271 36 41 40
271 38 35 34
271 29 3 31
271 37 17 41
271 38 21 38
271 32 5 34
271 43 25 34
271 27 41 35
271 1 37 40
271 38 22 43
271 38 1 45
271 40 7 45
271 1 43 33
271 50 6 30
271 18 24 36
271 42 40 37
271 35 38 34
271 41 31 38
271 9 19 33
271 8 13 40
271 26 34 36
271 1 11 35
271 30 4 39
271 17 23 41
271 23 5 38
271 20 34 31
271 31 20 26
271 36 27 39
271 29 21 35
271 12 3 43
271 8 41 32
271 3 43 36
271 28 12 40
271 18 18 36
271 33 40 35
271 37 30 44
271 37 49 30
271 6 25 38
271 28 25 39
271 25 40 31
271 17 40 33
271 10 28 45
271 28 5 40
271 50 3 29
271 15 31 37
271 46 38 37
271 48 47 41
271 42 25 28
271 19 44 41
271 22 21 37
271 49 35 37
271 7 7 31
271 34 30 34
271 17 49 33
271 49 48 35
271 7 41 41
271 12 11 38
271 17 18 35
271 37 47 36
271 19 40 38
271 39 14 39
271 6 48 37
271 28 9 48
271 41 36 27
271 42 32 28
271 10 27 31
271 2 25 30
271 38 23 40
271 33 40 35
271 49 14 36
271 37 29 37
271 2 17 42
271 14 32 32
271 30 46 40
271 6 46 41
271 21 28 35
271 48 7 29
271 37 25 36
271 13 14 33
271 17 27 30
271 30 1 36
271 33 40 35
271 3 35 43
271 23 35 37
271 32 30 34
271 17 17 30
271 9 48 35
271 37 33 26
271 10 35 30
271 45 14 43
271 3 21 32
271 42 15 36
271 25 45 39
271 23 34 38
271 29 40 44
271 45 6 38
271 11 4 37
271 11 6 47
271 18 38 38
271 34 41 36
271 46 19 29
271 2 3 32
271 12 38 33
271 23 24 33
271 20 11 31
271 2 6 36
271 28 3 46
271 36 18 43
271 49 31 40
271 17 16 36
271 19 7 35
271 41 22 39
271 27 8 40
271 3 50 33
271 16 6 34
271 35 39 39
271 22 7 39
271 21 4 30
271 6 24 40
271 49 16 39
271 3 14 42
271 21 19 33
271 18 4 33
271 28 32 31
271 2 31 42
271 19 39 33
271 36 20 41
271 35 16 43
271 25 13 37
271 17 33 36
271 27 32 41
271 48 1 38
271 50 48 36
271 46 13 30
271 24 14 27
271 4 44 39
271 11 23 38
271 33 4 34
271 12 2 35
271 21 41 39
271 48 23 45
271 35 25 43
271 46 50 30
271 48 19 36
271 8 43 35
271 4 28 35
271 20 42 39
271 24 21 35
271 17 27 30
271 4 32 31
271 32 34 30
271 33 9 39
271 32 42 36
271 8 42 37
271 33 2 37
271 7 7 31
271 23 10 40
271 23 21 41
271 31 9 34
271 18 29 32
271 31 16 36
271 25 18 33
271 42 44 43
271 18 23 27
271 17 48 36
271 20 13 44
271 17 31 46
271 13 5 33
271 10 24 31
271 14 43 39
271 8 46 34
271 25 1 41
271 26 43 35
271 19 49 36
271 47 24 41
271 42 21 40
271 6 50 42
271 5 50 44
271 27 38 29
271 14 3 41
271 26 20 44
271 40 47 34
271 27 46 31
271 41 38 33
271 1 25 37
271 47 7 35
271 37 45 35
271 28 36 39
271 22 19 36
271 31 40 34
271 8 48 51
271 15 23 39
271 34 40 43
271 10 35 30
271 35 36 44
271 2 45 34
271 50 37 32
271 17 25 30
271 36 7 39
271 25 17 39
271 42 31 40
271 4 39 39
271 36 44 41
271 29 46 41
271 20 33 34
271 27 43 32
271 45 24 35
271 29 35 45
271 16 24 34
271 36 17 38
271 27 31 32
271 33 39 35
271 44 21 37
271 26 12 27
271 19 20 37
271 50 5 39
271 31 33 41
271 25 27 30
271 7 11 37
271 12 37 35
271 38 20 37
271 4 38 32
271 5 8 44
271 30 24 34
271 12 13 43
271 19 12 40
271 40 5 47
271 50 38 35
271 32 1 45
271 4 1 35
271 10 9 40
271 37 48 42
271 33 43 42
271 49 28 35
271 47 24 41
271 20 29 27
271 24 42 38
271 7 26 39
271 30 39 35
271 43 23 29
271 1 49 33
271 42 33 27
271 45 9 30
271 3 19 40
271 44 43 32
271 19 43 46
271 10 47 38
271 47 23 35
271 11 16 39
271 22 13 34
271 42 27 34
271 8 14 33
271 32 49 38
271 17 13 35
271 21 8 28
271 14 23 32
271 14 6 39
271 19 25 45
271 26 12 27
271 13 48 47
271 44 49 43
271 30 21 44
271 10 47 38
271 31 32 42
271 40 27 43
271 13 2 34
271 5 43 41
271 32 34 30
271 6 36 32
271 38 40 29
271 9 12 34
271 19 5 30
271 27 49 44
271 36 15 40
271 31 2 28
271 20 32 37
271 45 28 39
271 24 48 37
271 17 3 37
271 18 24 36
271 49 46 39
271 3 36 38
271 33 34 29
271 32 16 39
271 39 11 35
271 48 49 43
271 37 8 32
271 34 25 36
271 21 36 34
271 22 11 35
271 40 35 40
271 45 33 41
271 4 42 38
271 27 33 45
271 37 19 33
271 10 10 31
271 22 46 29
271 6 19 35
271 30 47 33
271 10 22 40
271 15 45 48
271 48 47 41
271 31 28 21
271 44 41 34
271 15 24 39
271 48 8 43
271 26 28 36
271 28 45 42
271 2 21 37
271 23 39 43
271 24 10 40
271 36 32 35
271 14 19 40
271 16 9 37
271 37 18 40
271 18 21 40
271 47 11 34
271 13 18 27
271 2 34 38
271 48 38 39
271 17 14 39
271 5 43 41
271 31 23 45
271 11 7 37
271 16 3 41
271 30 45 41
271 36 41 40
271 41 17 48
271 5 9 35
271 17 12 40
271 48 2 38
271 13 14 33
271 24 44 37
271 3 46 37
271 29 47 34
271 16 4 42
271 23 19 25
271 16 31 30
271 6 47 34
271 41 22 39
277 33 14 35
277 5 16 38
277 8 17 26
277 23 42 42
277 16 30 33
277 48 16 40
277 38 11 27
277 46 5 36
277 49 34 38
277 50 50 35
277 32 42 32
277 11 18 31
277 40 37 42
277 9 39 36
277 27 42 29
277 2 24 31
277 8 16 43
277 7 4 32
277 35 44 35
277 11 2 45
277 22 19 38
277 43 28 32
277 3 44 38
277 4 40 32
277 6 17 29
277 44 48 34
277 43 28 32
277 42 5 41
277 7 30 33
277 33 32 39
277 44 48 34
277 25 4 43
277 23 45 32
277 27 1 36
277 49 20 37
277 26 25 40
277 28 14 35
277 36 7 29
277 27 18 42
277 13 25 40
277 28 47 41
277 8 49 40
277 10 10 37
277 14 2 36
277 18 29 42
277 2 31 30
277 41 3 44
277 39 22 33
277 4 39 43
277 17 12 33
277 19 48 36
277 46 4 39
277 43 1 47
277 23 26 33
277 48 43 37
277 33 27 40
277 29 33 40
277 33 32 39
277 28 4 36
277 50 31 43
277 29 24 29
277 49 20 37
277 48 5 37
277 14 19 31
277 40 28 41
277 32 14 42
277 4 30 42
277 35 6 31
277 17 39 42
277 13 2 39
277 40 34 35
277 17 6 34
277 3 11 30
277 5 22 33
277 15 22 43
277 37 17 39
277 32 26 37
277 27 32 39
277 12 7 36
277 10 6 31
277 17 38 42
277 46 35 33
277 29 50 35
277 49 15 36
277 23 13 29
277 41 15 42
277 6 41 37
277 2 10 39
277 20 4 39
277 47 11 35
277 6 27 39
277 35 38 39
277 37 7 40
277 28 26 32
277 11 16 36
277 41 13 33
277 50 30 33
277 14 44 39
277 14 49 43
277 17 15 40
277 36 35 38
277 4 3 38
277 33 2 39
277 37 8 37
277 16 43 31
277 40 49 41
277 20 25 39
277 34 17 25
277 29 41 38
277 48 43 37
277 20 25 39
277 14 1 45
277 15 21 31
277 4 40 32
277 36 44 40
277 23 18 39
277 12 34 39
277 43 2 37
277 14 25 33
277 18 9 39
277 27 10 30
277 17 39 42
277 40 41 35
277 32 4 42
277 30 26 37
277 20 45 35
277 24 35 40
277 2 19 43
277 46 33 28
277 7 28 37
277 20 5 26
277 47 4 42
277 33 3 36
277 11 39 43
277 43 31 33
277 22 6 41
277 25 6 43
277 28 28 31
277 28 5 41
277 49 50 34
277 14 28 34
277 36 26 30
277 8 47 38
277 16 49 40
277 43 30 34
277 22 13 44
277 46 47 38
277 39 5 42
277 36 15 33
277 39 24 40
277 2 19 43
277 39 13 33
277 41 11 41
277 50 5 30
277 29 40 41
277 41 15 42
277 20 4 39
277 5 4 34
277 35 32 37
277 16 38 32
277 7 35 39
277 44 21 33
277 10 26 28
277 24 43 39
277 30 29 29
277 44 16 39
277 42 23 42
277 28 5 41
277 23 24 32
277 31 35 40
277 32 38 41
277 50 40 43
277 50 43 34
277 8 28 40
277 21 2 37
277 35 35 40
277 35 31 37
277 16 44 30
277 42 12 37
277 38 15 40
277 39 20 28
277 32 23 42
277 38 1 33
277 29 24 29
277 15 14 35
277 28 40 36
277 48 16 40
277 36 40 47
277 18 14 40
277 22 34 41
277 24 30 34
277 18 46 41
277 49 14 42
277 12 4 29
277 10 8 36
277 37 45 37
277 39 14 41
277 47 18 38
277 8 27 41
277 22 1 36
277 23 14 31
277 22 24 39
277 1 31 43
277 9 39 36
277 40 21 39
277 33 33 40
277 35 42 36
277 19 13 36
277 35 25 37
277 45 50 40
277 49 36 42
277 4 45 36
277 14 1 45
277 20 45 35
277 39 1 31
277 15 15 40
277 1 8 38
277 4 9 40
277 30 20 35
277 16 9 40
277 40 47 40
277 34 35 30
277 12 12 31
277 13 44 36
277 31 17 37
277 21 16 33
277 10 41 30
277 4 23 39
277 3 16 41
277 9 28 36
277 48 29 39
277 26 13 37
277 42 21 36
277 1 7 36
277 44 17 40
277 32 31 35
277 41 40 32
277 44 45 35
277 29 38 31
277 15 48 40
277 49 27 41
277 22 24 39
277 22 40 35
277 50 48 41
277 29 20 33
277 4 6 37
277 21 40 45
277 21 38 39
277 18 48 48
277 28 16 39
277 38 47 31
277 22 12 32
277 50 37 35
277 11 46 32
277 20 19 39
277 17 15 40
277 38 41 33
277 3 17 30
277 36 46 34
277 42 46 40
277 11 3 41
277 6 8 33
277 41 39 37
277 13 20 26
277 48 46 28
277 23 19 37
277 37 45 37
277 14 22 43
277 41 28 37
277 33 5 32
277 48 33 26
277 3 26 31
277 1 38 30
277 28 24 36
277 14 46 37
277 36 6 32
277 35 47 37
277 42 17 42
277 22 7 33
277 17 37 31
277 20 43 43
277 47 49 32
277 5 5 35
277 38 13 28
277 45 39 43
277 14 15 41
277 31 32 28
277 3 5 26
277 10 13 33
277 50 44 38
277 27 19 32
277 9 17 39
277 29 37 41
277 35 31 37
277 50 45 26
277 5 48 35
277 25 40 44
277 21 49 34
277 1 46 40
277 40 37 42
277 50 26 34
277 43 46 39
277 36 43 32
277 37 24 41
277 45 11 28
277 31 47 42
277 31 14 36
277 29 24 29
277 12 5 37
277 2 29 51
277 30 33 34
277 21 29 29
277 25 15 32
277 15 43 35
277 24 35 40
277 17 27 37
277 8 43 29
277 40 45 34
277 46 17 39
277 41 38 33
277 9 21 36
277 6 28 32
277 38 3 39
277 38 44 39
277 26 21 42
277 45 32 33
277 33 36 37
277 45 27 30
277 13 39 30
277 50 16 33
277 47 6 31
277 47 24 41
277 38 26 34
277 26 38 34
277 31 12 32
277 24 39 30
277 6 12 44
277 27 23 42
277 18 45 37
277 49 31 41
277 38 1 33
277 35 16 41
277 35 12 41
277 17 16 34
277 38 30 38
277 35 37 33
277 15 18 39
277 49 26 33
277 31 9 40
277 36 23 35
277 38 50 33
277 43 30 34
277 46 4 39
277 2 3 34
277 46 34 34
277 26 20 31
277 14 9 29
277 31 9 40
277 31 7 35
277 5 28 42
277 40 29 32
277 4 33 38
277 17 5 38
277 15 25 40
277 43 29 40
277 11 31 32
277 21 18 35
277 30 6 43
277 2 22 41
277 34 25 45
277 22 9 34
277 3 21 42
277 17 5 38
277 3 10 33
277 28 45 29
277 16 3 30
277 27 40 31
277 46 32 34
277 50 44 38
277 8 25 54
277 26 48 38
277 35 8 36
277 34 2 32
277 26 25 40
277 41 18 40
277 46 36 37
277 6 11 33
277 47 10 39
277 14 26 29
277 21 29 29
277 41 5 32
277 41 21 33
277 4 2 35
277 21 24 32
277 13 26 40
277 15 10 48
277 33 16 38
277 45 34 36
277 43 37 33
277 11 15 30
277 29 35 29
277 39 4 41
277 7 35 39
277 50 31 43
277 7 37 38
277 32 46 34
277 38 37 41
277 44 4 39
277 35 31 37
281 28 1 29
281 11 24 42
281 26 11 31
281 45 35 39
281 9 39 42
281 13 22 36
281 35 9 37
281 16 31 43
281 23 18 32
281 26 41 42
281 41 14 37
281 35 15 36
281 10 44 42
281 4 20 41
281 33 24 35
281 38 49 34
281 28 25 37
281 20 14 35
281 32 17 37
281 27 17 35
281 16 48 36
281 28 22 28
281 49 8 33
281 42 16 37
281 29 15 34
281 48 32 35
281 28 18 35
281 14 41 39
281 19 20 43
281 2 15 31
281 22 40 32
281 7 14 30
281 44 36 34
281 42 3 36
281 38 20 37
281 5 11 34
281 32 45 38
281 28 29 42
281 32 47 34
281 50 7 26
281 14 25 25
281 10 13 40
281 33 16 37
281 47 43 41
281 26 33 39
281 18 13 42
281 19 25 44
281 25 47 45
281 35 8 34
281 4 10 37
281 35 5 39
281 22 35 40
281 10 19 32
281 44 38 25
281 20 13 44
281 47 41 29
281 32 31 37
281 25 40 40
281 24 35 38
281 6 3 28
281 7 29 34
281 12 39 46
281 4 22 29
281 35 36 28
281 30 19 30
281 6 10 38
281 10 36 28
281 5 7 47
281 15 49 33
281 39 18 39
281 22 8 34
281 17 46 33
281 48 41 42
281 20 17 34
281 24 21 39
281 46 1 28
281 48 1 37
281 35 23 30
281 39 43 43
281 18 13 42
281 4 36 38
281 2 28 40
281 9 13 31
281 8 14 36
281 6 41 26
281 5 42 38
281 36 31 32
281 24 39 38
281 22 37 32
281 15 28 43
281 12 34 30
281 38 34 39
281 46 40 30
281 17 19 31
281 4 49 42
281 30 47 29
281 1 27 40
281 14 3 31
281 12 7 35
281 11 49 42
281 48 43 28
281 23 1 39
281 45 29 41
281 45 1 32
281 2 20 42
281 20 49 36
281 16 19 33
281 27 37 37
281 23 1 39
281 14 44 40
281 26 11 31
281 5 41 40
281 14 48 40
281 40 23 35
281 37 23 32
281 40 43 32
281 47 11 46
281 11 42 33
281 11 42 33
281 31 8 37
281 41 12 30
281 25 30 46
281 32 15 34
281 9 7 38
281 44 5 38
281 37 20 42
281 5 22 39
281 27 13 30
281 46 33 34
281 48 35 38
281 14 35 40
281 22 8 34
281 44 16 38
281 14 34 36
281 35 49 31
281 47 20 35
281 30 49 30
281 43 8 35
281 50 19 28
281 41 23 33
281 41 3 38
281 11 38 34
281 15 7 35
281 5 40 39
281 42 35 36
281 28 17 40
281 13 25 38
281 14 31 44
281 28 47 29
281 28 25 37
281 23 42 35
281 15 25 35
281 14 40 37
281 34 43 40
281 15 42 43
281 20 29 39
281 8 9 44
281 9 8 32
281 42 2 40
281 13 46 34
281 34 42 28
281 23 49 31
281 35 26 45
281 18 47 33
281 18 6 29
281 39 44 31
281 47 35 41
281 4 12 33
281 48 15 37
281 29 4 39
281 18 19 37
281 45 28 39
281 31 38 37
281 5 43 44
281 22 23 39
281 17 12 32
281 36 4 27
281 33 8 34
281 47 29 29
281 27 24 40
281 33 19 43
281 42 36 34
281 50 22 32
281 6 1 42
281 9 44 36
281 36 43 27
281 37 42 26
281 48 37 37
281 29 3 37
281 25 49 34
281 25 43 38
281 16 8 36
281 16 27 28
281 44 16 38
281 41 5 35
281 10 19 32
281 44 47 33
281 2 13 36
281 49 26 37
281 49 16 37
281 33 35 34
281 23 4 26
281 11 12 33
281 17 25 38
281 39 12 37
281 33 13 31
281 44 2 36
281 39 23 37
281 25 22 27
281 3 49 41
281 38 1 43
281 41 41 30
281 6 27 37
281 21 19 38
281 48 14 37
281 19 21 35
281 34 43 40
281 18 25 35
281 27 41 38
281 21 32 32
281 39 24 35
281 39 3 43
281 24 24 39
281 46 30 35
281 37 24 38
281 37 45 39
281 29 31 33
281 13 38 27
281 2 18 38
281 21 24 42
281 18 22 32
281 5 4 35
281 15 39 38
281 33 34 46
281 45 8 34
281 44 46 38
281 5 10 39
281 43 9 44
281 47 8 31
281 28 19 30
281 20 44 34
281 6 32 34
281 10 34 40
281 16 42 38
281 39 44 31
281 36 3 35
281 11 49 42
281 44 33 42
281 30 7 33
281 44 34 38
281 19 3 34
281 47 20 35
281 38 2 39
281 43 23 30
281 50 14 33
281 44 40 38
281 5 3 32
281 34 25 31
281 14 25 25
281 20 16 35
281 38 44 28
281 4 46 40
281 30 47 29
281 24 21 39
281 29 8 36
281 7 7 28
281 46 1 28
281 2 34 33
281 39 8 37
281 34 12 35
281 9 11 38
281 29 7 42
281 21 50 37
281 47 34 41
281 47 17 32
281 25 33 39
281 29 39 38
281 26 7 29
281 6 42 37
281 11 4 33
281 1 35 30
281 2 48 32
281 21 14 35
281 35 23 30
281 12 10 40
281 47 4 34
281 35 40 32
281 3 49 41
281 37 29 34
281 47 44 34
281 46 16 38
281 7 6 41
281 3 22 34
281 4 34 35
281 48 10 34
281 16 6 38
281 31 2 37
281 29 8 36
281 26 2 30
281 42 32 40
281 32 23 38
281 22 33 35
281 43 50 42
281 30 34 47
281 22 38 34
281 43 32 45
281 20 39 38
281 48 36 31
281 37 26 26
281 31 11 37
281 11 11 33
281 48 26 26
281 48 7 33
281 37 26 26
281 36 16 38
281 48 15 37
281 5 28 39
281 22 6 43
281 4 36 38
281 26 44 30
281 30 36 22
281 30 40 36
281 31 17 30
281 18 34 37
281 25 32 42
281 33 10 45
281 22 18 30
281 6 22 30
281 16 50 32
281 37 30 38
281 40 21 34
281 29 18 38
281 17 38 38
281 27 40 37
281 16 30 31
281 14 26 40
281 8 28 36
281 38 42 38
281 30 11 34
281 45 22 39
281 18 16 37
281 45 47 43
281 3 39 29
281 37 18 38
281 41 5 35
281 44 35 35
281 33 28 33
281 10 48 37
281 37 48 30
281 8 19 34
281 43 33 30
281 1 49 27
281 30 43 38
281 3 2 36
281 3 29 27
281 23 21 28
281 44 15 41
281 14 34 36
281 11 31 37
281 22 24 32
281 36 43 27
281 7 12 34
281 41 47 29
281 7 19 31
281 19 20 43
281 20 47 34
281 30 40 36
281 45 14 37
281 48 10 34
281 43 48 32
281 33 27 32
281 40 21 34
281 29 27 38
281 4 3 30
281 17 20 36
281 28 22 28
281 43 9 44
281 38 9 45
281 46 22 35
281 16 50 32
281 32 18 36
281 3 33 31
281 40 10 35
281 7 43 37
281 32 17 37
281 38 11 38
281 25 32 42
281 1 47 42
281 46 38 37
281 46 15 36
281 4 3 30
281 34 3 33
281 23 49 31
281 24 11 39
281 32 17 37
281 10 18 26
281 24 26 37
281 17 50 37
281 7 43 37
281 19 46 36
281 16 33 37
281 38 35 40
281 12 21 35
281 33 45 38
281 31 26 38
281 5 48 35
281 34 9 37
281 39 12 37
281 30 48 41
283 20 38 31
283 24 25 44
283 28 30 31
283 39 13 32
283 38 19 38
283 16 40 25
283 20 14 36
283 49 28 40
283 26 41 39
283 38 9 39
283 20 49 34
283 37 12 37
283 28 8 31
283 50 29 40
283 37 11 36
283 41 1 35
283 49 28 40
283 32 34 30
283 12 2 30
283 17 11 35
283 2 19 43
283 41 4 38
283 28 26 41
283 42 44 40
283 3 14 40
283 27 24 41
283 2 42 40
283 24 27 33
283 15 7 35
283 12 44 41
283 20 25 33
283 38 11 32
283 41 32 37
283 7 13 33
283 12 16 35
283 44 2 35
283 1 28 35
283 19 8 38
283 43 37 32
283 7 47 31
283 40 2 34
283 24 20 43
283 29 5 25
283 35 23 33
283 44 30 31
283 27 44 30
283 14 40 35
283 20 34 32
283 16 12 31
283 8 16 33
283 14 8 29
283 9 20 42
283 1 47 30
283 49 36 34
283 12 16 35
283 30 50 35
283 17 5 34
283 41 7 43
283 12 18 36
283 9 13 37
283 6 33 38
283 23 2 34
283 35 2 38
283 41 25 29
283 24 46 25
283 41 39 42
283 42 47 34
283 24 40 35
283 12 26 34
283 40 27 35
283 45 16 35
283 15 3 32
283 39 22 36
283 48 35 38
283 20 6 38
283 37 3 30
283 35 10 28
283 26 7 43
283 17 8 30
283 39 2 33
283 43 48 27
283 36 31 34
283 19 42 43
283 45 29 28
283 5 5 32
283 26 23 35
283 30 11 42
283 22 20 27
283 21 40 36
283 28 43 42
283 45 47 32
283 31 16 39
283 44 5 36
283 2 36 34
283 25 9 33
283 1 46 28
283 26 49 38
283 46 36 39
283 35 7 46
283 9 36 31
283 47 34 37
283 37 8 41
283 33 40 30
283 42 31 31
283 6 27 38
283 3 40 34
283 38 37 32
283 6 14 36
283 14 46 38
283 25 27 35
283 44 50 34
283 20 18 31
283 1 11 33
283 10 35 35
283 8 35 28
283 18 39 33
283 28 22 31
283 37 16 36
283 41 26 36
283 1 38 30
283 9 20 42
283 15 37 32
283 5 46 34
283 36 24 34
283 1 19 35
283 26 42 34
283 10 34 27
283 7 31 30
283 43 15 32
283 27 16 40
283 14 6 43
283 16 18 34
283 38 34 34
283 36 1 36
283 10 31 40
283 11 13 36
283 34 39 33
283 24 23 33
283 21 41 33
283 50 18 39
283 37 41 34
283 36 45 30
283 2 40 43
283 3 49 38
283 9 38 31
283 21 3 33
283 36 14 41
283 3 32 30
283 13 33 43
283 33 21 31
283 31 3 30
283 17 4 41
283 20 29 33
283 6 31 42
283 24 24 43
283 30 12 42
283 16 32 40
283 43 32 32
283 12 36 36
283 20 25 33
283 19 24 40
283 2 37 34
283 40 32 42
283 2 48 34
283 27 3 36
283 28 5 31
283 22 50 37
283 14 31 31
283 5 42 24
283 45 33 37
283 30 6 36
283 13 29 28
283 7 4 40
283 43 12 32
283 3 26 33
283 11 20 30
283 15 27 44
283 26 4 37
283 23 10 34
283 45 10 27
283 48 35 38
283 33 25 32
283 49 32 39
283 34 39 33
283 46 1 31
283 30 2 25
283 42 24 40
283 43 38 32
283 11 32 39
283 3 18 34
283 4 5 33
283 12 30 35
283 42 47 34
283 7 50 28
283 49 2 40
283 22 38 39
283 6 34 43
283 49 41 38
283 48 45 32
283 19 17 35
283 4 39 32
283 49 33 36
283 6 48 42
283 36 8 29
283 29 18 33
283 43 41 28
283 44 34 38
283 26 41 39
283 34 29 39
283 39 5 36
283 21 50 42
283 19 36 36
283 11 3 27
283 27 36 33
283 24 14 40
283 37 16 36
283 28 20 33
283 48 41 34
283 2 15 36
283 40 31 32
283 13 42 33
283 9 33 30
283 23 7 42
283 45 48 35
283 43 9 38
283 41 10 39
283 17 6 37
283 3 33 31
283 41 37 31
283 19 24 40
283 27 46 41
283 1 6 36
283 2 24 38
283 12 5 35
283 4 47 46
283 38 14 37
283 41 31 36
283 12 50 30
283 32 33 36
283 27 34 30
283 39 33 31
283 15 4 39
283 28 17 37
283 41 10 39
283 25 22 34
283 9 21 37
283 28 8 31
283 13 18 40
283 36 30 43
283 39 38 37
283 23 3 35
283 1 5 36
283 40 34 27
283 20 17 32
283 33 21 31
283 22 15 37
283 27 15 33
283 18 48 32
283 24 39 45
283 33 29 34
283 31 9 33
283 48 25 42
283 49 24 41
283 20 9 32
283 31 44 35
283 19 33 38
283 50 10 33
283 29 15 35
283 1 31 31
283 19 34 42
283 24 34 31
283 35 10 28
283 1 12 30
283 38 10 33
283 46 43 36
283 26 38 34
283 46 48 32
283 18 37 36
283 22 41 30
283 5 38 35
283 37 47 30
283 11 36 42
283 9 45 36
283 47 14 41
283 18 26 29
283 6 48 42
283 35 32 37
283 6 4 40
283 19 28 36
283 18 27 34
283 50 28 36
283 13 42 33
283 33 5 41
283 11 15 30
283 27 38 33
283 2 38 38
283 20 16 38
283 50 8 34
283 19 12 32
283 37 39 32
283 38 9 39
283 4 1 40
283 10 22 28
283 20 35 39
283 8 39 30
283 24 45 30
283 23 10 34
283 14 10 26
283 50 18 39
283 40 6 35
283 12 4 39
283 34 50 36
283 34 2 35
283 16 1 31
283 50 44 33
283 35 36 38
283 34 16 30
283 8 44 46
283 24 46 25
283 36 37 43
283 6 14 36
283 36 23 35
283 6 48 42
283 30 13 41
283 17 28 46
283 1 28 35
283 13 28 31
283 7 20 37
283 35 7 46
283 40 16 24
283 4 28 33
283 45 38 33
283 4 17 35
283 33 5 41
283 3 5 42
283 49 27 32
283 3 14 40
283 17 15 43
283 7 11 40
283 30 45 32
283 41 5 37
283 32 29 41
283 25 38 43
283 21 6 35
283 48 7 35
283 47 46 46
283 15 10 33
283 23 8 40
283 35 29 35
283 27 10 36
283 29 5 25
283 26 15 37
283 7 27 41
283 3 36 37
283 27 40 40
283 26 25 32
283 8 8 33
283 27 24 41
283 38 25 38
283 12 19 40
283 4 33 34
283 29 19 41
283 9 9 32
283 40 48 36
283 30 33 34
283 40 12 39
283 34 23 35
283 11 50 31
283 28 27 38
283 23 48 29
283 4 31 46
283 11 31 41
283 50 30 39
283 24 23 33
283 36 8 29
283 28 29 34
283 38 15 34
283 7 32 41
283 50 22 33
283 13 13 34
283 17 34 32
283 25 41 28
283 1 7 41
283 13 17 32
283 49 40 32
283 10 33 40
283 48 5 30
283 35 39 36
283 36 27 42
283 4 24 39
283 15 4 39
283 17 22 39
283 6 4 40
283 38 50 39
283 43 35 32
283 22 43 42
283 10 48 32
283 39 41 45
283 18 30 35
283 22 39 27
283 23 4 41
283 13 37 38
283 28 31 31
283 17 9 41
283 30 13 41
283 19 35 37
283 12 1 49
283 3 24 31
283 19 27 31
293 40 50 32
293 13 10 36
293 12 4 33
293 15 28 39
293 22 10 32
293 39 37 37
293 6 20 33
293 47 44 32
293 50 41 31
293 13 16 34
293 13 16 34
293 50 16 39
293 40 43 32
293 32 14 34
293 32 26 29
293 43 43 32
293 28 20 41
293 29 8 29
293 32 6 34
293 18 32 30
293 29 26 35
293 26 33 30
293 22 22 38
293 6 34 29
293 47 10 37
293 15 40 31
293 12 44 36
293 28 19 33
293 21 29 33
293 7 16 28
293 47 45 32
293 41 3 34
293 44 15 42
293 33 44 29
293 22 35 32
293 37 11 30
293 14 6 39
293 6 30 34
293 7 15 34
293 16 7 42
293 40 40 32
293 48 2 32
293 36 46 31
293 22 5 38
293 30 29 44
293 8 42 29
293 42 40 39
293 4 32 34
293 35 32 37
293 26 33 30
293 45 17 35
293 49 1 36
293 48 47 33
293 38 3 27
293 27 25 38
293 22 19 33
293 19 31 36
293 4 11 37
293 44 31 39
293 8 41 34
293 41 2 35
293 21 38 37
293 25 26 29
293 19 37 29
293 35 33 30
293 44 24 35
293 36 40 37
293 9 42 26
293 5 2 26
293 3 16 35
293 43 18 35
293 9 36 42
293 19 6 22
293 17 40 36
293 14 15 37
293 22 3 36
293 49 48 23
293 12 40 43
293 44 45 25
293 21 37 23
293 45 22 37
293 12 22 24
293 9 4 28
293 11 25 40
293 16 50 41
293 4 41 37
293 11 42 42
293 22 27 28
293 19 38 32
293 43 22 36
293 30 18 34
293 27 19 37
293 30 12 32
293 37 35 28
293 17 27 30
293 26 5 36
293 21 25 37
293 46 16 41
293 40 16 34
293 32 48 34
293 42 5 33
293 23 20 34
293 24 13 34
293 45 25 35
293 15 40 31
293 8 13 41
293 25 37 26
293 41 24 33
293 12 32 35
293 18 27 44
293 28 20 41
293 11 21 38
293 12 41 41
293 45 40 30
293 40 37 33
293 7 22 31
293 25 43 41
293 49 38 43
293 34 4 37
293 25 16 33
293 50 14 37
293 31 37 38
293 1 43 34
293 14 13 31
293 12 29 33
293 46 3 34
293 25 11 34
293 25 7 39
293 6 50 33
293 1 31 38
293 19 26 43
293 13 28 35
293 24 47 39
293 1 33 37
293 42 27 36
293 25 47 35
293 44 42 29
293 12 15 30
293 5 39 36
293 41 21 32
293 33 2 30
293 22 28 35
293 29 16 22
293 32 24 33
293 10 16 32
293 1 42 25
293 48 30 29
293 32 38 41
293 6 42 29
293 18 4 31
293 27 48 37
293 29 6 32
293 45 21 29
293 44 26 35
293 31 13 33
293 39 31 29
293 36 35 37
293 15 37 26
293 39 18 31
293 18 17 32
293 14 22 33
293 40 37 33
293 23 28 19
293 16 11 26
293 10 45 29
293 32 39 39
293 9 20 35
293 24 10 40
293 2 45 38
293 5 31 38
293 7 22 31
293 40 45 26
293 30 25 34
293 21 41 24
293 44 47 34
293 20 31 33
293 42 32 31
293 39 45 34
293 22 27 28
293 3 21 37
293 45 17 35
293 13 4 35
293 18 38 25
293 28 23 35
293 22 7 25
293 32 28 32
293 47 38 25
293 14 5 29
293 15 5 31
293 1 14 37
293 41 23 41
293 4 50 33
293 39 45 34
293 15 5 31
293 20 39 40
293 46 31 35
293 3 34 30
293 15 15 29
293 20 39 40
293 42 49 37
293 35 41 38
293 8 38 35
293 5 45 29
293 5 27 34
293 21 45 35
293 50 44 32
293 4 32 34
293 21 48 30
293 17 16 40
293 38 46 33
293 8 37 38
293 38 7 28
293 45 14 32
293 31 24 35
293 8 35 38
293 36 37 33
293 6 1 36
293 49 43 34
293 38 24 36
293 31 49 38
293 41 10 33
293 37 40 28
293 26 20 30
293 6 5 32
293 14 9 33
293 14 25 40
293 46 5 38
293 42 38 27
293 22 4 34
293 1 11 34
293 35 47 38
293 21 25 37
293 35 11 33
293 27 32 35
293 47 19 35
293 24 15 36
293 24 30 41
293 26 20 30
293 32 7 36
293 25 20 34
293 1 24 41
293 23 35 34
293 16 11 26
293 9 8 32
293 35 45 33
293 31 21 30
293 23 42 40
293 5 31 38
293 29 46 39
293 6 12 41
293 50 11 38
293 6 25 37
293 1 19 36
293 6 24 32
293 13 13 35
293 17 24 33
293 45 42 41
293 16 20 37
293 37 27 31
293 43 42 30
293 26 7 44
293 35 49 29
293 18 49 28
293 26 10 34
293 34 49 33
293 3 12 37
293 1 16 40
293 18 9 42
293 5 12 24
293 5 2 26
293 29 23 39
293 28 43 42
293 45 29 26
293 37 27 31
293 43 34 28
293 30 23 41
293 1 11 34
293 11 8 27
293 9 48 35
293 47 50 20
293 28 38 29
293 10 47 31
293 17 17 33
293 41 30 28
293 27 8 31
293 31 50 34
293 32 9 35
293 12 41 41
293 13 1 35
293 24 46 36
293 12 21 45
293 1 33 37
293 45 27 32
293 26 21 35
293 34 13 34
293 19 48 43
293 7 25 36
293 6 7 31
293 6 8 32
293 28 44 26
293 31 48 24
293 14 21 40
293 10 16 32
293 49 27 39
293 50 19 32
293 44 21 36
293 41 46 35
293 11 33 41
293 7 5 28
293 28 34 29
293 41 22 35
293 14 34 30
293 3 44 31
293 4 24 34
293 48 38 40
293 35 8 32
293 35 31 41
293 45 50 40
293 37 19 42
293 37 35 28
293 43 10 37
293 21 7 36
293 10 31 39
293 50 47 27
293 44 47 34
293 43 18 35
293 37 22 34
293 34 3 29
293 17 4 30
293 39 13 40
293 9 19 27
293 9 18 35
293 17 13 31
293 28 9 28
293 49 47 33
293 18 5 33
293 34 13 34
293 15 1 34
293 24 1 36
293 20 27 31
293 33 14 27
293 14 48 40
293 18 42 29
293 37 2 32
293 7 20 36
293 32 6 34
293 17 43 39
293 10 17 34
293 47 7 35
293 14 46 40
293 42 12 29
293 19 8 41
293 30 1 22
293 41 39 41
293 23 37 37
293 34 9 34
293 16 36 39
293 17 14 39
293 1 26 49
293 30 30 24
293 10 27 39
293 19 16 35
293 47 17 40
293 31 25 33
293 17 20 25
293 37 14 40
293 40 29 31
293 24 17 26
293 30 31 32
293 26 50 37
293 29 49 42
293 27 7 39
293 44 40 30
293 3 3 30
293 47 41 38
293 46 5 38
293 19 7 36
293 13 35 42
293 26 41 44
293 38 12 32
293 50 39 33
293 17 31 37
293 46 30 31
293 40 25 37
293 36 27 36
293 14 14 36
293 13 28 35
293 43 31 30
293 11 21 38
293 27 19 37
293 32 34 30
293 15 7 28
293 26 35 44
293 45 21 29
293 19 3 30
293 35 15 30
293 26 39 37
293 8 40 36
293 3 46 39
293 17 14 39
293 3 13 32
293 23 29 31
293 27 36 33
293 8 20 33
293 29 50 37
293 15 29 38
293 15 25 28
293 43 15 28
293 41 15 34
307 10 14 27
307 30 36 34
307 42 18 35
307 10 35 28
307 12 30 29
307 48 6 37
307 47 28 36
307 46 31 27
307 40 24 31
307 32 11 36
307 13 21 33
307 9 31 36
307 1 34 33
307 34 20 28
307 3 46 36
307 46 12 33
307 18 37 35
307 7 39 31
307 50 50 34
307 2 48 34
307 5 33 25
307 23 44 35
307 9 32 38
307 19 49 35
307 18 16 31
307 12 46 34
307 36 15 35
307 47 14 26
307 30 32 39
307 43 44 32
307 35 22 38
307 39 50 26
307 29 32 30
307 8 12 22
307 36 47 27
307 35 45 40
307 6 29 27
307 13 22 26
307 4 12 29
307 46 40 32
307 5 44 34
307 49 32 36
307 13 35 33
307 11 14 32
307 38 46 37
307 3 15 26
307 25 17 30
307 12 27 30
307 48 6 37
307 20 24 34
307 12 41 37
307 12 1 41
307 43 22 37
307 3 38 24
307 42 19 32
307 29 28 25
307 43 43 36
307 42 30 35
307 3 42 30
307 44 3 29
307 15 42 33
307 45 9 31
307 13 24 36
307 4 33 38
307 11 15 28
307 16 28 34
307 50 44 36
307 3 21 30
307 31 36 31
307 38 16 43
307 36 1 27
307 49 31 38
307 20 7 31
307 21 46 36
307 15 18 24
307 18 14 26
307 35 29 31
307 38 2 23
307 34 34 35
307 26 16 32
307 29 41 40
307 35 17 34
307 47 14 26
307 10 6 30
307 44 7 23
307 40 2 34
307 32 35 26
307 1 41 34
307 28 18 27
307 43 23 35
307 30 11 31
307 38 17 29
307 6 22 38
307 27 39 32
307 26 48 24
307 25 25 38
307 25 15 37
307 32 12 36
307 30 1 26
307 23 9 36
307 3 19 36
307 18 37 35
307 38 5 33
307 9 17 35
307 37 48 33
307 32 20 30
307 39 49 37
307 45 18 37
307 40 14 31
307 28 24 31
307 45 42 27
307 42 48 37
307 42 7 45
307 8 22 42
307 14 33 26
307 2 40 34
307 39 48 25
307 46 34 34
307 12 6 36
307 32 5 32
307 6 27 33
307 38 43 25
307 26 39 38
307 14 11 34
307 3 34 30
307 15 23 30
307 26 31 37
307 19 40 38
307 7 33 34
307 38 50 32
307 32 19 30
307 38 39 34
307 6 46 35
307 37 19 38
307 31 19 38
307 10 21 31
307 49 37 31
307 38 17 29
307 17 28 32
307 28 23 39
307 26 18 37
307 7 23 27
307 9 10 40
307 9 35 29
307 24 8 28
307 17 41 22
307 39 27 31
307 25 31 34
307 21 44 35
307 45 30 29
307 19 40 38
307 39 17 33
307 37 10 30
307 12 24 34
307 7 18 30
307 32 33 34
307 30 9 40
307 2 13 40
307 38 48 24
307 50 43 27
307 36 30 32
307 21 23 23
307 3 14 27
307 21 13 34
307 10 29 31
307 28 7 26
307 10 9 38
307 9 17 35
307 36 13 40
307 16 24 32
307 21 44 35
307 13 43 33
307 10 19 30
307 34 9 45
307 16 42 30
307 6 8 34
307 23 38 29
307 41 21 30
307 39 2 33
307 14 16 33
307 11 32 41
307 10 15 24
307 2 30 33
307 16 18 36
307 36 15 35
307 33 48 41
307 41 18 32
307 22 5 27
307 11 38 33
307 3 38 24
307 18 38 26
307 15 2 34
307 49 30 32
307 17 6 37
307 49 43 33
307 34 15 28
307 13 28 34
307 45 22 36
307 30 46 38
307 26 26 34
307 18 20 35
307 40 6 35
307 50 13 38
307 21 40 40
307 22 12 27
307 36 10 32
307 28 39 44
307 42 14 33
307 38 28 33
307 4 42 24
307 5 17 27
307 37 8 24
307 49 27 34
307 34 20 28
307 48 42 31
307 28 15 28
307 37 48 33
307 29 9 25
307 28 21 28
307 41 6 31
307 22 37 36
307 26 50 30
307 19 45 28
307 10 17 32
307 41 9 35
307 40 26 37
307 50 49 37
307 46 4 31
307 48 35 34
307 7 48 30
307 35 41 37
307 43 49 40
307 12 21 28
307 44 15 26
307 7 50 41
307 20 31 30
307 19 32 39
307 24 28 36
307 39 28 32
307 4 12 29
307 36 23 34
307 49 19 35
307 4 19 36
307 27 44 28
307 44 28 32
307 47 42 24
307 19 42 36
307 20 48 29
307 49 48 34
307 31 42 33
307 11 4 35
307 47 32 31
307 12 23 33
307 8 9 28
307 21 49 41
307 22 45 31
307 47 23 31
307 23 32 30
307 48 24 36
307 27 18 28
307 16 26 21
307 4 41 29
307 40 40 27
307 20 42 33
307 3 49 25
307 30 4 41
307 23 36 30
307 45 10 35
307 40 41 36
307 31 39 35
307 50 2 33
307 19 30 43
307 14 47 36
307 33 4 29
307 19 43 34
307 49 36 40
307 2 49 30
307 21 48 32
307 28 35 30
307 39 9 39
307 8 15 35
307 39 21 29
307 16 38 32
307 25 41 29
307 25 17 30
307 39 49 37
307 27 5 38
307 49 40 41
307 9 33 24
307 24 1 34
307 43 4 43
307 11 3 24
307 30 29 37
307 10 39 34
307 19 20 34
307 30 31 34
307 10 7 29
307 21 45 29
307 46 29 36
307 2 47 20
307 24 40 38
307 16 18 36
307 39 26 29
307 20 50 22
307 6 34 28
307 4 35 30
307 12 47 34
307 8 22 42
307 23 9 36
307 31 4 34
307 1 17 38
307 25 8 25
307 16 18 36
307 33 47 32
307 7 45 31
307 15 22 34
307 35 38 29
307 42 19 32
307 19 37 34
307 24 2 22
307 33 45 26
307 7 27 33
307 9 8 36
307 18 22 40
307 28 13 38
307 17 28 32
307 41 31 27
307 33 14 33
307 20 5 33
307 23 24 32
307 32 21 35
307 13 5 36
307 26 29 30
307 7 10 33
307 50 27 28
307 13 9 22
307 1 38 39
307 44 24 38
307 2 31 42
307 26 11 29
307 48 40 30
307 42 38 42
307 33 28 34
307 30 15 38
307 15 2 34
307 22 50 30
307 41 8 31
307 49 13 31
307 16 34 38
307 9 8 36
307 4 42 24
307 35 5 34
307 24 30 42
307 20 3 29
307 21 23 23
307 48 11 41
307 25 17 30
307 20 26 33
307 18 37 35
307 5 22 36
307 48 45 42
307 19 21 31
307 1 23 32
307 6 38 34
307 3 14 27
307 8 48 28
307 35 24 28
307 37 50 29
307 50 10 32
307 16 36 34
307 7 7 28
307 29 38 42
307 27 29 35
307 14 30 35
307 23 16 32
307 3 11 41
307 21 34 24
307 34 24 31
307 11 25 39
307 39 25 26
307 26 20 25
307 33 39 39
307 36 38 30
307 40 22 39
307 28 31 31
307 32 18 33
307 26 31 37
307 35 1 33
307 46 40 32
307 46 9 29
307 46 29 36
307 40 19 32
307 37 44 34
307 3 24 29
307 7 4 32
307 14 40 38
307 49 35 34
307 42 36 30
307 19 42 36
307 34 42 24
307 32 45 32
307 27 30 29
307 47 21 25
307 16 43 30
307 40 37 35
307 25 39 38
307 12 14 30
307 26 39 38
307 22 27 37
311 38 24 27
311 5 7 35
311 9 12 33
311 1 29 32
311 46 26 28
311 19 4 36
311 25 8 29
311 8 35 26
311 50 9 35
311 35 28 32
311 19 5 38
311 1 34 31
311 18 47 33
311 36 17 32
311 1 7 33
311 45 36 28
311 13 34 36
311 9 10 33
311 38 11 31
311 10 2 32
311 42 34 29
311 22 18 30
311 46 27 37
311 14 35 31
311 26 11 38
311 22 5 29
311 50 12 26
311 27 23 40
311 34 19 42
311 47 19 30
311 6 47 39
311 48 25 36
311 34 40 25
311 50 46 26
311 30 8 26
311 7 39 34
311 15 20 35
311 38 2 35
311 32 3 37
311 10 46 28
311 18 15 31
311 17 3 26
311 40 43 24
311 40 8 29
311 8 22 30
311 8 20 24
311 27 33 28
311 38 4 32
311 1 48 34
311 30 49 28
311 2 25 31
311 4 7 35
311 18 37 31
311 27 46 34
311 30 31 27
311 18 18 33
311 13 23 30
311 21 16 38
311 8 3 40
311 23 41 33
311 25 29 42
311 38 1 26
311 2 43 30
311 22 18 30
311 37 11 39
311 14 13 37
311 11 21 30
311 14 15 39
311 48 38 26
311 32 21 33
311 41 14 29
311 13 35 23
311 35 11 38
311 9 37 31
311 50 30 32
311 30 47 29
311 39 11 27
311 47 37 29
311 29 30 35
311 10 48 31
311 8 8 27
311 33 50 36
311 33 43 41
311 35 37 30
311 29 4 34
311 48 31 30
311 25 11 33
311 35 18 26
311 43 25 38
311 38 45 32
311 10 40 23
311 39 4 31
311 48 2 28
311 17 38 28
311 20 24 35
311 7 21 29
311 17 8 29
311 32 39 34
311 14 12 34
311 9 20 27
311 48 7 33
311 29 50 27
311 3 38 35
311 17 29 36
311 25 26 34
311 18 37 31
311 11 43 29
311 7 38 30
311 45 8 34
311 20 3 35
311 33 17 28
311 29 19 36
311 36 40 37
311 28 6 35
311 46 35 30
311 28 11 34
311 49 25 33
311 36 14 33
311 5 49 25
311 47 36 30
311 42 3 40
311 43 29 23
311 36 47 37
311 28 42 31
311 34 40 25
311 45 2 25
311 17 27 32
311 4 31 41
311 5 30 27
311 46 37 29
311 40 48 29
311 25 29 42
311 25 15 34
311 1 43 34
311 50 5 30
311 27 3 29
311 50 8 34
311 41 39 33
311 43 47 26
311 11 35 36
311 4 9 35
311 44 22 32
311 3 48 27
311 25 13 30
311 11 12 33
311 37 19 33
311 25 46 41
311 47 23 26
311 36 25 26
311 20 7 34
311 2 14 28
311 26 13 31
311 40 14 34
311 42 1 41
311 23 23 37
311 16 39 35
311 25 32 33
311 14 46 19
311 11 42 36
311 44 10 34
311 4 45 39
311 40 44 33
311 24 4 24
311 12 32 45
311 34 5 29
311 13 1 33
311 25 35 27
311 8 47 33
311 38 2 35
311 35 12 37
311 19 8 33
311 10 27 35
311 40 27 34
311 27 3 29
311 45 5 26
311 23 18 35
311 46 5 37
311 38 9 37
311 49 39 30
311 42 27 38
311 42 3 40
311 21 20 33
311 3 32 38
311 48 4 34
311 50 32 26
311 45 20 35
311 5 37 31
311 34 49 35
311 8 12 37
311 43 12 34
311 5 1 33
311 24 46 37
311 48 9 23
311 28 28 40
311 8 38 33
311 7 21 29
311 11 29 28
311 2 47 34
311 3 35 24
311 4 37 39
311 3 42 31
311 45 50 34
311 14 41 33
311 25 36 40
311 28 19 34
311 4 7 35
311 21 3 35
311 18 48 35
311 17 14 37
311 16 20 31
311 3 3 30
311 11 16 39
311 42 44 30
311 36 23 35
311 33 16 27
311 7 7 27
311 16 21 22
311 30 16 32
311 30 46 31
311 10 13 35
311 45 20 35
311 2 9 30
311 35 38 34
311 31 35 38
311 18 7 30
311 38 18 26
311 28 12 36
311 4 27 41
311 40 36 39
311 45 41 29
311 44 40 30
311 19 13 39
311 5 28 33
311 40 3 26
311 12 26 23
311 24 37 25
311 30 46 31
311 42 7 35
311 12 44 31
311 11 17 31
311 27 16 32
311 18 9 37
311 2 5 29
311 45 41 29
311 23 17 36
311 26 33 32
311 43 15 30
311 48 39 28
311 46 27 37
311 21 16 38
311 19 18 33
311 27 12 39
311 36 7 33
311 2 19 31
311 49 3 41
311 29 21 34
311 40 30 30
311 4 38 31
311 26 31 33
311 11 2 29
311 36 42 38
311 44 6 26
311 4 35 28
311 21 48 37
311 22 31 27
311 36 5 40
311 7 38 30
311 24 26 33
311 39 42 38
311 16 24 31
311 43 43 39
311 1 39 32
311 50 3 30
311 31 45 26
311 23 34 27
311 49 32 34
311 48 2 28
311 31 18 43
311 24 40 33
311 21 18 35
311 6 18 31
311 2 21 32
311 14 6 36
311 19 5 38
311 10 22 39
311 9 8 38
311 26 11 38
311 46 44 35
311 46 10 36
311 13 42 32
311 25 5 26
311 50 12 26
311 29 16 22
311 13 35 23
311 2 27 37
311 49 29 26
311 15 45 34
311 48 46 33
311 3 46 32
311 15 34 29
311 7 6 32
311 27 10 37
311 47 2 39
311 10 35 28
311 43 23 29
311 26 24 30
311 34 36 34
311 16 5 35
311 12 21 29
311 1 19 36
311 38 43 48
311 14 26 30
311 26 2 37
311 15 32 40
311 48 28 41
311 25 12 29
311 27 19 40
311 13 7 36
311 42 33 21
311 45 22 22
311 6 39 32
311 17 9 38
311 36 32 36
311 24 30 43
311 39 42 38
311 33 32 32
311 37 21 26
311 42 12 32
311 7 12 32
311 22 5 29
311 36 36 28
311 29 10 31
311 4 29 29
311 13 10 34
311 30 46 31
311 33 12 30
311 15 15 36
311 14 34 32
311 24 44 35
311 5 29 37
311 31 43 25
311 44 48 31
311 40 5 30
311 23 37 29
311 49 25 33
311 49 35 28
311 23 26 32
311 4 24 26
311 14 37 42
311 10 46 28
311 36 39 30
311 34 25 36
311 36 9 28
311 46 14 36
311 20 13 33
311 15 33 26
311 8 38 33
311 35 13 32
311 1 12 33
311 14 6 36
311 20 20 30
311 2 37 36
311 49 4 40
311 46 49 43
311 33 43 41
311 17 35 33
311 17 48 30
311 33 7 38
311 17 39 33
311 50 19 42
311 11 46 25
311 18 11 29
311 16 33 23
311 15 50 37
311 21 23 34
311 9 35 39
311 36 5 40
311 24 3 36
311 43 5 33
311 39 38 28
311 33 18 32
311 41 36 35
311 33 40 31
311 36 18 31
311 9 4 37
311 25 48 30
311 19 43 30
311 32 40 29
311 50 50 25
311 15 39 34
311 16 40 17
311 23 13 30
311 8 31 36
311 32 41 32
311 14 24 33
311 42 48 38
311 3 38 35
311 45 32 26
311 18 8 26
311 30 15 32
311 11 36 33
311 32 38 28
311 36 3 30
311 28 36 31
311 44 11 31
311 9 48 22
311 28 38 23
311 42 29 29
311 12 29 36
313 7 47 39
313 33 11 32
313 11 37 30
313 50 45 25
313 48 30 32
313 20 48 32
313 44 33 35
313 34 41 29
313 46 45 31
313 4 12 30
313 35 23 39
313 3 29 28
313 22 39 38
313 44 13 31
313 7 37 34
313 4 8 37
313 40 12 36
313 33 38 31
313 31 39 31
313 7 35 32
313 23 12 27
313 31 13 28
313 43 49 36
313 27 18 40
313 29 15 39
313 10 4 44
313 12 22 25
313 38 21 31
313 2 2 32
313 45 42 37
313 42 23 34
313 48 5 35
313 17 41 25
313 31 28 25
313 14 25 29
313 35 5 29
313 49 23 24
313 12 2 30
313 27 17 33
313 1 4 30
313 44 21 27
313 41 49 36
313 22 37 31
313 13 8 29
313 1 3 23
313 50 43 33
313 5 10 36
313 11 8 34
313 46 28 31
313 32 50 32
313 49 7 32
313 50 5 33
313 47 36 26
313 34 39 31
313 32 3 31
313 27 50 31
313 45 33 31
313 15 4 23
313 23 20 28
313 10 35 43
313 9 44 34
313 44 18 26
313 14 6 33
313 28 6 35
313 31 9 38
313 43 16 25
313 35 15 33
313 31 20 37
313 32 15 30
313 4 5 36
313 50 50 35
313 41 2 36
313 23 9 31
313 9 49 40
313 34 10 32
313 44 20 28
313 27 16 24
313 32 39 32
313 48 38 39
313 45 23 33
313 29 8 32
313 38 9 42
313 16 9 35
313 22 47 40
313 8 27 36
313 20 40 25
313 36 44 24
313 2 10 32
313 31 28 25
313 3 43 36
313 18 31 27
313 44 46 36
313 47 6 27
313 22 18 32
313 38 27 35
313 47 47 37
313 15 20 32
313 33 47 33
313 42 15 37
313 4 36 35
313 50 18 31
313 35 27 18
313 41 29 34
313 23 41 38
313 43 5 30
313 12 10 29
313 45 31 30
313 15 16 42
313 17 25 32
313 18 11 23
313 6 50 34
313 40 6 36
313 13 8 29
313 28 30 32
313 1 23 23
313 27 4 27
313 13 5 32
313 6 44 39
313 4 19 32
313 17 20 33
313 47 21 21
313 8 42 31
313 32 29 34
313 30 19 37
313 1 5 26
313 9 28 28
313 30 15 32
313 34 15 32
313 12 49 34
313 39 27 24
313 49 17 32
313 49 26 38
313 19 19 37
313 2 15 43
313 33 21 32
313 11 24 25
313 38 1 36
313 6 12 32
313 34 22 32
313 1 1 36
313 23 27 33
313 16 39 32
313 4 11 26
313 44 38 26
313 28 23 34
313 34 23 33
313 27 37 33
313 28 24 31
313 23 18 36
313 11 17 40
313 23 48 28
313 38 41 31
313 10 17 38
313 34 35 32
313 47 37 40
313 37 26 39
313 21 34 30
313 10 23 31
313 48 28 37
313 49 41 32
313 27 28 29
313 33 2 32
313 22 38 34
313 49 35 34
313 45 37 31
313 21 36 29
313 23 29 29
313 1 5 26
313 6 46 29
313 43 22 32
313 36 42 25
313 3 29 28
313 45 15 38
313 28 5 31
313 32 10 38
313 21 5 26
313 15 41 33
313 24 29 31
313 6 23 27
313 1 40 25
313 30 10 27
313 13 27 34
313 5 29 34
313 3 6 33
313 29 22 32
313 44 18 26
313 21 23 30
313 34 22 32
313 11 30 28
313 40 48 25
313 33 5 25
313 50 22 23
313 48 45 32
313 14 15 34
313 49 20 24
313 18 39 38
313 21 5 26
313 27 30 32
313 46 21 37
313 32 33 37
313 33 25 35
313 47 21 21
313 33 25 35
313 16 48 39
313 25 16 32
313 15 50 35
313 36 23 39
313 42 31 30
313 15 47 33
313 42 27 22
313 47 17 31
313 2 50 25
313 5 9 39
313 16 23 27
313 50 33 29
313 18 17 29
313 4 16 40
313 26 33 28
313 5 15 29
313 13 4 30
313 3 29 28
313 27 44 30
313 20 49 35
313 50 38 35
313 12 22 25
313 47 30 25
313 29 8 32
313 15 43 37
313 16 10 34
313 3 43 36
313 34 36 32
313 33 20 35
313 35 22 25
313 24 12 35
313 26 19 26
313 15 16 42
313 37 1 24
313 2 14 33
313 5 5 26
313 15 15 29
313 1 38 37
313 33 47 33
313 50 21 35
313 36 38 39
313 17 46 30
313 6 29 36
313 28 22 37
313 24 36 32
313 46 40 37
313 4 24 28
313 26 24 32
313 8 49 41
313 39 20 38
313 47 20 32
313 38 48 35
313 1 22 26
313 38 20 31
313 33 28 29
313 27 50 31
313 20 12 25
313 26 38 34
313 4 18 39
313 24 41 39
313 8 47 24
313 44 24 28
313 25 48 28
313 30 19 37
313 25 42 31
313 7 34 35
313 49 27 37
313 23 50 20
313 45 34 34
313 35 26 44
313 4 17 40
313 16 16 31
313 45 35 33
313 42 20 27
313 19 50 30
313 48 28 37
313 37 43 28
313 4 24 28
313 15 41 33
313 44 11 33
313 23 33 33
313 7 22 29
313 20 21 28
313 5 12 33
313 12 21 27
313 38 9 42
313 45 43 35
313 31 19 32
313 9 12 26
313 21 45 35
313 38 10 33
313 3 45 41
313 27 47 31
313 23 9 31
313 6 7 41
313 3 50 36
313 46 39 34
313 45 36 27
313 41 29 34
313 32 30 34
313 42 33 36
313 34 14 34
313 40 27 38
313 32 7 35
313 26 40 30
313 1 23 23
313 14 50 35
313 17 18 34
313 44 35 34
313 7 29 31
313 49 35 34
313 40 25 34
313 22 34 28
313 24 4 27
313 41 12 31
313 2 46 38
313 39 28 25
313 37 48 33
313 6 48 26
313 14 29 31
313 6 18 36
313 32 30 34
313 24 47 33
313 23 8 22
313 13 2 40
313 48 6 35
313 15 3 33
313 28 5 31
313 36 26 26
313 17 29 34
313 48 1 33
313 38 19 32
313 39 34 29
313 33 16 31
313 16 41 30
313 20 15 27
313 1 40 25
313 13 15 42
313 23 25 43
313 43 39 35
313 11 12 34
313 19 41 27
313 25 16 32
313 36 33 28
313 26 2 35
313 43 5 30
313 22 3 38
313 38 31 35
313 50 18 31
313 11 48 26
313 27 43 33
313 49 27 37
313 43 17 28
313 7 10 27
313 11 9 27
313 36 26 26
313 34 24 26
313 37 27 25
313 17 43 27
313 31 25 38
313 16 27 30
313 29 17 30
313 4 42 34
313 20 28 30
313 38 37 32
313 28 12 27
313 25 12 31
313 20 47 36
313 30 29 27
313 23 20 28
313 39 21 42
313 6 25 29
313 44 30 33
313 10 43 32
313 26 12 33
313 45 6 32
313 18 13 31
313 29 19 31
313 19 10 30
313 47 49 41
313 10 25 28
313 37 12 32
313 50 44 23
313 32 20 31
313 22 26 34
313 10 42 30
313 26 6 26
313 33 24 26
313 48 8 40
313 20 38 38
313 15 20 32
313 2 42 26
313 44 28 30
313 27 9 31
313 6 34 25
313 23 45 24
313 21 50 47
313 27 32 36
313 14 38 27
313 25 48 28
313 32 29 34
313 34 22 32
313 33 33 30
313 11 44 35
313 28 4 35
313 48 9 31
317 38 46 26
317 45 15 38
317 8 29 26
317 50 40 28
317 29 4 31
317 15 5 28
317 6 36 32
317 41 38 32
317 30 6 41
317 6 44 37
317 25 25 38
317 27 37 30
317 3 32 25
317 24 8 33
317 34 8 22
317 24 12 29
317 14 1 30
317 31 37 39
317 3 47 40
317 8 26 31
317 26 27 30
317 9 41 32
317 22 34 39
317 27 40 38
317 50 37 34
317 16 12 26
317 28 29 30
317 20 8 37
317 28 40 36
317 16 12 26
317 35 27 32
317 31 3 31
317 4 20 25
317 21 41 29
317 10 34 29
317 4 47 23
317 41 31 35
317 47 15 29
317 5 5 28
317 47 42 33
317 50 35 31
317 2 29 30
317 23 23 43
317 48 37 33
317 42 25 31
317 44 45 40
317 23 25 34
317 40 18 31
317 32 26 33
317 38 26 30
317 22 43 36
317 45 36 28
317 7 49 38
317 3 23 33
317 37 7 40
317 47 49 32
317 13 13 29
317 7 38 34
317 3 3 29
317 21 34 38
317 45 20 40
317 48 44 35
317 47 3 29
317 6 15 34
317 27 33 33
317 37 38 33
317 25 45 35
317 14 1 30
317 40 7 39
317 27 27 32
317 11 26 40
317 45 3 36
317 35 11 27
317 11 28 33
317 41 39 34
317 2 1 36
317 46 30 33
317 38 29 32
317 35 24 34
317 15 14 25
317 39 27 34
317 36 47 26
317 34 38 33
317 7 43 37
317 10 37 32
317 2 23 35
317 26 25 31
317 32 21 21
317 29 37 25
317 39 2 29
317 31 23 30
317 39 25 34
317 20 14 31
317 44 43 27
317 20 15 34
317 45 3 36
317 10 7 35
317 21 25 22
317 4 28 28
317 48 22 33
317 39 42 33
317 23 31 32
317 26 50 35
317 27 19 29
317 7 46 36
317 24 49 29
317 25 47 30
317 32 2 31
317 32 19 32
317 9 10 35
317 20 20 21
317 8 6 26
317 8 46 27
317 12 7 35
317 38 49 27
317 14 21 34
317 27 27 32
317 14 4 35
317 27 29 34
317 23 44 34
317 16 42 34
317 35 39 34
317 30 43 23
317 21 34 38
317 26 28 39
317 42 26 40
317 25 47 30
317 33 36 33
317 48 34 29
317 27 14 30
317 8 27 38
317 48 43 26
317 12 23 29
317 13 10 27
317 6 8 27
317 13 27 34
317 41 35 31
317 12 7 35
317 40 1 36
317 42 12 31
317 36 40 35
317 39 8 25
317 21 29 42
317 40 38 36
317 13 34 29
317 16 22 30
317 46 22 32
317 34 10 39
317 13 28 34
317 30 19 34
317 9 50 41
317 36 39 40
317 24 40 44
317 36 3 34
317 21 12 30
317 12 48 31
317 44 36 28
317 44 35 33
317 23 9 30
317 15 3 31
317 45 5 29
317 39 22 27
317 19 20 33
317 6 29 34
317 43 10 36
317 12 27 37
317 2 9 34
317 17 12 29
317 2 33 28
317 8 16 32
317 7 24 25
317 12 13 35
317 6 4 29
317 28 13 37
317 33 42 30
317 8 2 29
317 46 24 31
317 34 44 35
317 46 25 28
317 32 27 35
317 38 9 28
317 2 21 35
317 9 44 30
317 14 31 27
317 27 13 30
317 22 39 28
317 41 30 30
317 46 32 36
317 30 36 35
317 38 11 28
317 32 36 37
317 39 9 31
317 38 43 26
317 32 50 28
317 23 41 33
317 17 48 25
317 47 39 34
317 49 42 38
317 6 41 32
317 46 31 38
317 39 36 37
317 6 26 31
317 10 35 16
317 17 14 28
317 11 25 30
317 8 23 37
317 38 30 36
317 41 34 31
317 36 24 27
317 8 20 31
317 1 41 27
317 26 33 29
317 30 26 28
317 20 39 33
317 31 50 25
317 26 48 33
317 12 31 37
317 40 14 22
317 33 33 34
317 9 32 29
317 42 40 32
317 10 15 39
317 6 45 32
317 10 39 36
317 42 28 31
317 2 15 40
317 10 4 34
317 37 48 36
317 31 45 29
317 15 42 30
317 31 38 29
317 15 25 32
317 16 11 37
317 43 46 29
317 3 12 20
317 30 24 27
317 9 23 36
317 14 46 31
317 21 12 30
317 26 26 35
317 44 22 24
317 34 30 33
317 37 2 29
317 39 42 33
317 13 28 34
317 33 27 39
317 4 37 36
317 34 34 32
317 29 50 30
317 44 34 30
317 14 50 28
317 45 16 31
317 9 17 37
317 5 50 33
317 10 49 41
317 7 2 29
317 40 17 32
317 15 29 28
317 42 21 37
317 38 2 32
317 3 28 36
317 20 8 37
317 40 23 35
317 12 48 31
317 12 23 29
317 26 43 30
317 17 38 30
317 15 38 33
317 3 48 34
317 41 30 30
317 30 11 26
317 19 38 29
317 8 50 33
317 23 7 33
317 15 34 38
317 9 45 29
317 43 25 39
317 7 32 30
317 12 8 28
317 37 44 36
317 25 36 35
317 31 48 30
317 24 21 31
317 2 7 35
317 39 23 27
317 38 41 38
317 44 6 40
317 30 46 33
317 10 29 32
317 5 6 36
317 27 45 27
317 15 2 29
317 16 44 36
317 12 7 35
317 10 40 26
317 24 50 28
317 45 20 40
317 29 1 44
317 35 13 29
317 50 38 30
317 14 30 27
317 50 30 31
317 31 16 30
317 32 28 35
317 45 49 37
317 32 14 32
317 26 32 27
317 19 30 21
317 34 21 35
317 5 6 36
317 40 12 22
317 13 48 34
317 39 23 27
317 43 18 27
317 27 37 30
317 44 13 25
317 30 34 32
317 10 23 36
317 20 45 32
317 25 8 31
317 14 45 35
317 44 31 34
317 11 42 36
317 27 2 29
317 23 38 34
317 14 7 35
317 12 25 35
317 8 50 33
317 1 10 28
317 44 10 30
317 39 42 33
317 30 22 29
317 13 28 34
317 44 9 32
317 47 29 29
317 44 18 26
317 16 30 35
317 47 29 29
317 42 11 33
317 38 25 36
317 46 31 38
317 13 35 33
317 22 29 29
317 41 33 28
317 41 16 26
317 48 32 33
317 28 24 38
317 41 25 28
317 38 21 31
317 21 40 31
317 30 8 33
317 33 33 34
317 15 50 25
317 16 47 34
317 5 5 28
317 20 18 27
317 47 39 34
317 6 31 39
317 42 13 33
317 49 14 28
317 10 5 28
317 49 48 27
317 18 21 34
317 7 6 28
317 43 24 29
317 47 39 34
317 15 39 25
317 32 9 39
317 46 31 38
317 28 35 35
317 42 10 28
317 50 12 40
317 40 33 26
317 21 3 24
317 27 13 30
317 26 7 34
317 32 47 34
317 35 33 34
317 3 37 41
317 36 1 37
317 17 22 35
317 12 8 28
317 43 27 26
317 32 33 32
317 5 43 37
317 47 48 35
317 14 32 27
317 30 43 23
317 33 37 39
317 20 34 36
317 43 10 36
317 37 10 35
317 17 26 45
317 49 14 28
317 47 12 35
317 39 25 34
317 34 10 39
317 45 30 36
317 32 28 35
317 22 10 31
317 19 23 28
317 23 9 30
317 17 38 30
317 40 42 23
317 5 11 31
317 49 47 43
317 29 6 23
317 37 1 36
317 23 35 27
331 35 17 27
331 49 21 32
331 37 17 33
331 32 46 25
331 37 39 30
331 29 22 29
331 41 15 28
331 34 39 37
331 40 20 26
331 5 25 34
331 34 17 19
331 7 31 40
331 31 2 32
331 42 15 21
331 44 7 26
331 13 35 35
331 4 10 28
331 6 9 30
331 33 38 25
331 35 13 38
331 10 30 26
331 50 36 25
331 32 29 24
331 17 15 28
331 13 13 26
331 36 40 34
331 15 41 23
331 43 13 31
331 4 17 29
331 44 23 33
331 19 49 43
331 48 30 34
331 34 3 28
331 6 16 27
331 39 6 25
331 27 21 29
331 34 3 28
331 29 6 36
331 27 31 34
331 30 23 26
331 43 24 25
331 5 20 26
331 37 37 33
331 9 29 25
331 46 48 38
331 40 41 19
331 29 14 43
331 35 27 37
331 41 14 33
331 17 50 37
331 17 24 28
331 32 48 28
331 1 8 35
331 48 10 30
331 44 40 23
331 36 28 33
331 18 46 30
331 35 32 33
331 40 35 30
331 14 35 23
331 43 31 27
331 49 23 29
331 2 15 31
331 19 7 43
331 49 49 34
331 28 17 34
331 47 50 25
331 42 49 31
331 8 39 24
331 24 33 24
331 26 4 23
331 35 46 32
331 10 19 24
331 49 10 41
331 6 27 28
331 45 17 33
331 36 16 34
331 44 1 36
331 42 28 28
331 33 4 35
331 41 19 36
331 11 3 32
331 20 18 30
331 50 39 31
331 41 27 28
331 42 11 34
331 42 43 34
331 34 20 30
331 50 26 36
331 50 38 27
331 25 31 23
331 6 17 26
331 24 5 33
331 42 30 29
331 35 32 33
331 15 22 23
331 19 13 26
331 5 44 25
331 1 31 32
331 31 10 29
331 18 45 25
331 45 1 29
331 9 43 31
331 18 9 30
331 9 4 36
331 15 34 34
331 20 24 33
331 2 26 31
331 10 5 38
331 2 27 38
331 19 50 28
331 32 49 29
331 32 20 29
331 32 3 37
331 20 33 21
331 29 25 31
331 38 27 27
331 42 12 33
331 10 21 30
331 40 45 35
331 12 41 37
331 2 43 35
331 13 28 26
331 24 34 24
331 41 44 30
331 5 41 30
331 18 26 30
331 2 48 37
331 27 32 27
331 22 15 37
331 10 33 29
331 36 9 31
331 34 21 24
331 6 7 33
331 39 10 21
331 38 24 30
331 6 6 27
331 48 13 32
331 44 32 26
331 16 35 31
331 20 3 18
331 44 18 36
331 12 44 43
331 5 31 29
331 43 22 35
331 14 37 37
331 18 27 32
331 12 37 27
331 44 43 31
331 28 3 29
331 30 36 28
331 44 14 33
331 33 32 30
331 35 48 29
331 29 11 32
331 36 32 21
331 44 13 33
331 18 5 30
331 34 17 19
331 34 27 32
331 3 18 27
331 14 6 23
331 40 34 31
331 39 36 42
331 25 27 20
331 25 33 26
331 17 49 25
331 30 7 30
331 18 49 35
331 17 24 28
331 47 30 30
331 1 37 29
331 35 11 33
331 47 48 27
331 23 13 35
331 47 19 40
331 38 11 32
331 32 25 34
331 11 24 34
331 20 29 32
331 36 37 33
331 34 7 37
331 50 9 32
331 12 42 30
331 33 22 26
331 19 36 27
331 10 22 28
331 47 40 29
331 4 25 30
331 2 41 36
331 47 8 21
331 4 36 33
331 7 19 27
331 6 5 34
331 24 50 26
331 34 37 38
331 9 3 44
331 31 45 35
331 39 44 34
331 9 9 33
331 48 47 28
331 10 35 26
331 43 14 34
331 6 18 25
331 19 2 32
331 21 26 28
331 5 45 36
331 45 36 26
331 21 36 37
331 23 30 35
331 14 38 30
331 20 19 34
331 7 46 27
331 31 37 25
331 21 46 34
331 19 16 26
331 48 43 34
331 9 26 27
331 20 48 32
331 43 14 34
331 29 5 30
331 16 44 29
331 33 21 23
331 36 2 30
331 23 8 34
331 22 6 25
331 20 40 29
331 41 5 37
331 27 39 27
331 46 9 29
331 29 12 23
331 10 39 44
331 32 47 31
331 41 17 22
331 47 49 27
331 46 12 28
331 50 10 36
331 23 7 27
331 47 49 27
331 1 5 23
331 49 50 30
331 25 20 26
331 8 7 32
331 39 16 33
331 10 11 34
331 16 15 26
331 16 11 33
331 39 47 26
331 31 41 29
331 37 40 19
331 12 29 30
331 20 23 23
331 5 13 27
331 32 18 27
331 3 2 29
331 1 37 29
331 47 35 32
331 35 42 23
331 35 18 29
331 40 7 23
331 35 17 27
331 11 44 32
331 8 24 33
331 24 25 34
331 29 44 28
331 14 48 26
331 3 31 34
331 44 15 34
331 42 31 30
331 29 37 25
331 30 15 32
331 38 2 28
331 39 12 34
331 28 20 38
331 8 50 37
331 42 42 22
331 33 31 29
331 14 41 26
331 3 43 25
331 26 33 30
331 12 32 29
331 39 9 29
331 8 14 28
331 26 46 26
331 3 15 29
331 40 21 23
331 47 14 35
331 38 10 27
331 2 18 32
331 40 47 36
331 46 7 30
331 39 9 29
331 4 47 31
331 47 3 32
331 27 44 30
331 23 37 32
331 5 19 31
331 2 21 35
331 5 6 35
331 7 18 24
331 48 18 34
331 46 25 29
331 29 7 31
331 32 16 29
331 22 47 33
331 25 35 21
331 32 35 25
331 14 33 30
331 4 3 35
331 16 11 33
331 9 15 43
331 19 41 39
331 5 12 31
331 15 26 36
331 32 9 31
331 12 2 35
331 12 15 27
331 32 38 32
331 14 11 31
331 1 12 40
331 8 22 36
331 9 42 27
331 14 13 22
331 8 38 27
331 33 41 37
331 36 22 32
331 8 7 32
331 42 30 29
331 22 23 31
331 13 18 32
331 14 46 31
331 43 49 25
331 9 50 27
331 50 47 31
331 49 25 32
331 36 22 32
331 11 31 23
331 20 10 30
331 48 50 32
331 20 27 27
331 36 36 26
331 22 39 30
331 14 16 31
331 6 11 30
331 31 33 29
331 28 2 23
331 45 50 31
331 13 2 44
331 33 1 32
331 43 19 32
331 38 35 29
331 46 1 30
331 40 21 23
331 43 46 26
331 5 3 36
331 42 15 21
331 30 39 30
331 48 44 32
331 25 43 34
331 21 38 37
331 10 27 38
331 19 3 28
331 8 9 26
331 4 25 30
331 41 30 25
331 33 45 33
331 18 25 34
331 25 1 32
331 23 1 33
331 13 4 34
331 4 43 27
331 5 27 32
331 43 6 30
331 17 16 30
331 46 27 33
331 31 5 34
331 50 15 27
331 41 24 29
331 22 25 28
331 15 34 34
331 11 28 30
331 7 19 27
331 17 4 28
331 34 16 31
331 30 22 25
331 49 16 31
331 4 19 36
331 50 9 32
331 10 43 35
331 47 36 32
331 20 31 34
331 20 23 23
331 17 49 25
331 27 24 33
331 22 27 33
331 34 24 25
331 1 48 31
331 47 49 27
331 24 46 24
331 32 42 29
331 12 50 31
331 8 10 24
331 12 32 29
331 6 44 31
331 10 9 34
331 40 9 31
331 20 33 21
331 14 49 34
331 2 9 29
337 13 19 28
337 5 23 24
337 12 35 36
337 49 11 32
337 34 16 28
337 14 31 35
337 18 25 28
337 3 11 30
337 29 27 27
337 13 10 38
337 29 47 28
337 20 47 33
337 47 16 29
337 16 39 31
337 41 9 28
337 31 7 27
337 38 22 31
337 40 14 33
337 11 14 30
337 11 33 33
337 36 16 29
337 31 5 30
337 50 6 24
337 11 30 31
337 14 26 28
337 36 9 33
337 32 46 30
337 13 27 20
337 11 46 31
337 18 31 33
337 13 7 29
337 21 10 28
337 26 24 27
337 39 22 27
337 48 14 23
337 11 40 38
337 26 6 25
337 6 19 27
337 11 17 34
337 35 24 27
337 28 26 33
337 9 13 24
337 28 9 31
337 48 20 30
337 16 4 32
337 15 29 32
337 12 19 26
337 27 42 29
337 44 7 31
337 35 3 35
337 4 26 25
337 21 50 23
337 49 5 28
337 48 34 24
337 24 17 30
337 29 49 36
337 45 35 33
337 33 8 30
337 6 25 33
337 46 33 31
337 36 19 30
337 10 32 35
337 26 40 35
337 25 13 36
337 9 6 25
337 24 9 27
337 40 48 19
337 47 44 28
337 37 3 29
337 48 36 30
337 38 33 25
337 21 41 23
337 24 15 19
337 23 45 29
337 27 9 30
337 44 34 31
337 39 24 32
337 34 26 29
337 43 11 36
337 3 6 30
337 48 29 24
337 17 6 33
337 35 27 34
337 49 38 20
337 28 48 23
337 21 15 27
337 2 4 30
337 28 21 27
337 9 32 25
337 38 46 32
337 5 32 26
337 15 33 32
337 19 2 33
337 5 47 19
337 11 39 25
337 5 33 27
337 38 24 24
337 42 1 32
337 29 40 29
337 32 23 25
337 11 50 29
337 26 39 25
337 46 34 30
337 12 41 32
337 25 4 36
337 5 11 28
337 36 3 25
337 48 35 31
337 29 32 30
337 50 20 24
337 23 35 25
337 4 26 25
337 9 3 22
337 24 6 26
337 38 31 23
337 49 50 28
337 31 15 36
337 5 32 26
337 41 32 22
337 31 16 24
337 24 18 40
337 18 12 31
337 49 28 30
337 39 16 34
337 12 40 30
337 13 15 38
337 27 38 35
337 6 3 30
337 16 2 26
337 30 25 27
337 31 8 23
337 12 33 32
337 14 35 32
337 10 39 27
337 5 38 34
337 13 33 22
337 18 34 18
337 4 50 22
337 17 4 32
337 6 9 33
337 36 5 26
337 19 20 25
337 37 3 29
337 30 26 34
337 17 15 31
337 33 27 30
337 22 43 26
337 48 31 25
337 17 41 23
337 7 40 27
337 25 45 20
337 42 2 35
337 31 49 34
337 33 11 30
337 15 42 27
337 31 36 27
337 33 27 30
337 30 48 27
337 47 39 26
337 12 50 26
337 43 10 38
337 14 18 30
337 37 29 22
337 7 43 27
337 30 6 30
337 37 15 30
337 22 43 26
337 39 6 25
337 30 24 31
337 31 33 34
337 2 33 25
337 22 46 21
337 31 24 33
337 48 8 31
337 18 22 27
337 4 42 31
337 50 38 35
337 37 35 33
337 37 13 33
337 21 8 42
337 37 29 22
337 30 15 27
337 41 35 21
337 47 11 33
337 39 33 26
337 37 7 25
337 48 46 26
337 36 26 30
337 9 23 25
337 41 5 31
337 4 15 23
337 41 50 38
337 11 41 26
337 23 10 29
337 24 1 33
337 3 14 32
337 5 16 24
337 27 10 27
337 20 37 30
337 8 43 36
337 29 21 26
337 40 31 23
337 36 17 22
337 30 2 24
337 20 42 42
337 41 45 34
337 9 44 31
337 43 4 28
337 9 28 31
337 43 43 27
337 43 15 35
337 11 31 34
337 44 17 29
337 27 26 30
337 40 4 30
337 44 26 30
337 5 42 35
337 25 7 23
337 7 46 29
337 3 10 31
337 37 3 29
337 20 36 34
337 44 16 32
337 35 41 35
337 50 38 35
337 48 3 38
337 45 7 32
337 40 27 28
337 25 9 35
337 21 22 32
337 19 21 31
337 8 50 32
337 15 32 28
337 34 46 31
337 40 45 28
337 31 2 29
337 20 18 40
337 40 6 36
337 6 18 29
337 7 12 30
337 21 43 29
337 39 46 36
337 26 15 28
337 42 23 26
337 49 22 29
337 42 17 29
337 13 42 36
337 3 32 24
337 7 17 28
337 2 36 30
337 32 39 29
337 3 9 26
337 14 48 30
337 15 14 22
337 43 3 35
337 48 41 34
337 49 50 28
337 36 6 29
337 39 17 27
337 50 11 24
337 15 35 27
337 27 32 29
337 50 36 37
337 38 29 33
337 7 17 28
337 33 11 30
337 12 22 31
337 35 33 28
337 47 45 28
337 36 47 28
337 18 18 26
337 5 36 32
337 7 22 29
337 5 3 25
337 8 48 32
337 6 23 28
337 8 41 26
337 7 24 33
337 29 29 23
337 38 17 39
337 3 13 28
337 25 7 23
337 48 21 36
337 14 34 36
337 26 17 34
337 30 9 28
337 50 2 40
337 34 42 23
337 17 32 35
337 30 24 31
337 48 25 23
337 4 45 26
337 18 45 30
337 13 34 29
337 15 7 31
337 29 4 33
337 4 43 19
337 29 1 30
337 3 4 26
337 15 7 31
337 7 11 27
337 12 30 27
337 30 15 27
337 33 3 32
337 3 11 30
337 14 22 35
337 9 31 32
337 47 26 24
337 44 5 36
337 7 36 33
337 26 30 28
337 46 47 32
337 14 7 29
337 39 12 28
337 18 9 39
337 7 49 29
337 12 26 25
337 29 20 35
337 45 37 35
337 40 36 31
337 1 43 30
337 45 45 38
337 12 15 31
337 7 32 33
337 48 40 21
337 7 42 32
337 42 19 26
337 18 47 27
337 27 9 30
337 7 47 29
337 9 28 31
337 18 15 26
337 39 1 32
337 28 50 32
337 22 14 30
337 9 19 33
337 15 19 30
337 44 24 27
337 9 16 25
337 42 29 28
337 19 5 29
337 42 3 25
337 37 37 25
337 7 12 30
337 7 26 24
337 35 26 34
337 13 49 27
337 15 14 22
337 23 33 34
337 46 29 27
337 35 9 25
337 19 29 37
337 33 14 25
337 47 27 27
337 11 8 21
337 42 41 37
337 5 36 32
337 6 36 31
337 24 19 38
337 8 31 35
337 50 24 35
337 13 19 28
337 33 10 35
337 49 30 36
337 28 6 30
337 23 15 27
337 14 40 31
337 6 22 32
337 40 12 26
337 47 27 27
337 10 21 32
337 23 5 19
337 35 49 33
337 44 35 32
337 49 26 22
337 9 46 31
337 16 2 26
337 18 3 31
337 7 22 29
337 31 48 27
337 30 36 22
337 19 18 30
337 8 24 22
337 45 23 33
337 43 15 35
337 18 4 27
337 7 17 28
337 27 30 37
337 30 38 26
337 16 50 41
337 19 15 25
337 17 50 30
337 23 10 29
337 18 26 25
337 33 28 32
337 19 30 27
337 30 34 32
337 3 26 32
337 33 33 32
337 21 3 20
337 46 22 23
337 33 50 29
337 7 3 30
337 37 37 25
337 44 35 32
337 11 18 25
337 30 23 34
337 28 37 24
337 34 10 19
347 11 30 30
347 6 5 31
347 16 10 24
347 2 2 24
347 18 7 19
347 49 7 30
347 48 41 29
347 40 31 39
347 43 39 35
347 14 6 28
347 50 17 22
347 49 27 19
347 31 44 28
347 47 17 34
347 36 30 25
347 16 7 25
347 47 41 36
347 42 7 30
347 44 9 27
347 4 11 23
347 37 42 24
347 1 45 27
347 23 32 27
347 6 20 23
347 39 36 34
347 7 18 28
347 37 15 30
347 11 44 37
347 15 3 22
347 47 11 30
347 28 44 30
347 38 3 33
347 6 29 26
347 30 12 33
347 22 23 31
347 43 17 25
347 21 29 36
347 42 32 29
347 30 10 32
347 9 17 28
347 29 7 35
347 4 11 23
347 26 38 31
347 31 8 25
347 26 21 36
347 32 30 38
347 29 28 29
347 12 33 33
347 19 7 35
347 24 11 34
347 39 48 18
347 43 23 34
347 18 16 31
347 8 20 29
347 43 44 35
347 5 3 20
347 20 30 29
347 17 10 20
347 37 36 29
347 38 21 26
347 29 35 23
347 33 40 36
347 39 32 33
347 35 30 32
347 50 21 33
347 27 22 30
347 9 39 26
347 41 49 25
347 38 11 29
347 38 48 26
347 11 27 29
347 25 4 23
347 48 35 35
347 4 50 28
347 17 19 24
347 42 47 34
347 13 15 31
347 50 21 33
347 37 22 29
347 6 1 30
347 27 16 25
347 25 37 27
347 14 2 27
347 8 20 29
347 21 15 28
347 3 18 28
347 50 45 32
347 21 41 26
347 10 20 25
347 40 8 20
347 42 24 28
347 33 25 24
347 46 25 32
347 24 18 22
347 32 47 20
347 9 26 24
347 15 26 29
347 35 33 33
347 31 31 25
347 3 32 27
347 25 49 31
347 28 41 28
347 22 32 27
347 26 27 35
347 43 19 22
347 14 13 38
347 19 43 19
347 12 24 31
347 12 30 38
347 5 36 31
347 21 32 38
347 25 48 23
347 18 16 31
347 4 28 27
347 26 27 35
347 6 5 31
347 28 21 24
347 32 8 29
347 1 1 35
347 48 36 28
347 39 10 35
347 37 5 27
347 36 40 34
347 7 27 34
347 50 7 36
347 31 24 34
347 37 35 33
347 31 16 29
347 2 5 33
347 18 28 29
347 17 24 32
347 16 10 24
347 46 24 25
347 5 34 28
347 23 46 29
347 27 39 33
347 47 46 29
347 48 22 33
347 1 16 24
347 8 39 32
347 43 33 23
347 35 34 36
347 42 48 32
347 24 9 26
347 3 43 22
347 44 14 34
347 12 31 20
347 35 33 33
347 25 11 27
347 23 9 33
347 24 50 29
347 45 30 33
347 48 12 26
347 45 17 26
347 29 27 19
347 39 21 27
347 31 5 23
347 45 35 17
347 30 18 29
347 20 34 29
347 15 32 32
347 11 31 21
347 16 15 25
347 19 45 33
347 2 1 28
347 43 31 24
347 30 23 30
347 45 30 33
347 21 13 27
347 34 29 37
347 26 1 27
347 3 34 34
347 13 37 29
347 32 25 25
347 32 33 32
347 5 45 24
347 31 25 27
347 11 30 30
347 16 39 33
347 48 6 24
347 42 23 27
347 21 47 31
347 18 21 30
347 20 17 28
347 49 16 27
347 24 33 26
347 46 17 33
347 49 1 26
347 19 16 34
347 11 2 32
347 35 24 20
347 41 8 27
347 26 26 29
347 27 50 27
347 18 6 24
347 27 31 33
347 34 41 32
347 2 28 29
347 14 14 30
347 33 5 30
347 19 50 27
347 13 44 32
347 35 22 22
347 36 25 30
347 26 26 29
347 43 2 31
347 29 16 28
347 45 10 28
347 48 8 34
347 39 13 28
347 47 43 25
347 24 20 35
347 37 49 27
347 12 14 34
347 38 27 19
347 49 8 28
347 36 42 25
347 48 39 26
347 9 45 31
347 9 38 31
347 2 3 30
347 7 48 25
347 34 33 34
347 42 50 28
347 7 4 28
347 13 47 36
347 16 21 20
347 44 40 33
347 30 35 23
347 16 47 28
347 2 43 33
347 11 34 23
347 21 35 27
347 15 25 28
347 25 7 27
347 3 13 25
347 7 7 26
347 8 26 29
347 13 30 32
347 19 28 27
347 44 47 35
347 38 44 25
347 4 49 36
347 30 14 31
347 30 34 26
347 24 48 31
347 32 32 23
347 42 5 26
347 13 43 32
347 24 49 29
347 2 3 30
347 32 17 25
347 20 48 34
347 43 50 26
347 32 18 23
347 49 49 28
347 25 5 26
347 16 18 34
347 38 30 30
347 14 30 27
347 40 32 24
347 46 24 25
347 37 29 34
347 36 13 27
347 5 21 39
347 34 24 23
347 41 27 35
347 24 5 31
347 8 16 28
347 17 6 31
347 29 7 35
347 43 37 25
347 33 37 30
347 42 34 25
347 41 29 37
347 10 7 27
347 18 29 31
347 20 27 25
347 39 5 29
347 10 44 29
347 23 42 35
347 30 3 26
347 35 9 22
347 47 8 29
347 19 6 25
347 39 2 36
347 16 42 28
347 24 17 44
347 20 25 36
347 25 18 29
347 33 41 31
347 49 6 21
347 27 20 29
347 16 23 28
347 43 45 31
347 34 8 33
347 39 35 30
347 14 22 32
347 7 30 27
347 10 1 31
347 31 14 27
347 22 30 25
347 21 34 34
347 13 50 27
347 23 35 27
347 47 38 31
347 31 29 33
347 11 14 29
347 40 10 31
347 17 1 27
347 24 6 31
347 24 28 30
347 12 11 29
347 8 30 33
347 12 27 32
347 19 34 27
347 15 46 32
347 19 39 33
347 41 17 26
347 22 44 31
347 16 27 35
347 37 24 33
347 7 37 28
347 45 9 24
347 45 31 26
347 40 17 29
347 30 17 32
347 31 15 31
347 11 12 24
347 47 22 29
347 20 4 21
347 36 24 31
347 8 3 33
347 24 21 33
347 28 42 26
347 47 49 30
347 42 38 34
347 4 11 23
347 34 24 23
347 46 46 26
347 46 35 29
347 18 41 34
347 21 47 31
347 3 48 30
347 8 48 34
347 31 33 34
347 14 29 31
347 7 34 27
347 34 38 24
347 21 8 28
347 34 4 37
347 17 31 31
347 45 26 31
347 43 45 31
347 12 49 25
347 26 12 28
347 4 45 26
347 27 31 33
347 18 39 30
347 21 9 36
347 28 26 24
347 27 5 29
347 39 21 27
347 18 14 26
347 17 8 23
347 12 23 23
347 9 50 36
347 37 15 30
347 43 29 37
347 25 46 25
347 49 28 30
347 30 26 27
347 27 29 29
347 40 48 27
347 24 8 31
347 23 20 29
347 27 30 35
347 12 36 31
347 47 31 25
347 32 5 30
347 9 43 26
347 11 28 20
347 11 35 21
347 4 36 28
347 12 13 20
347 34 49 23
347 32 49 36
347 37 6 37
347 11 19 30
347 9 1 30
347 9 24 34
347 5 41 23
347 3 35 27
347 49 14 31
347 42 4 31
347 15 25 28
347 11 45 23
347 11 37 32
347 39 38 26
347 14 48 32
347 33 36 29
347 12 38 29
347 16 40 27
347 23 11 27
347 50 3 40
347 42 34 25
347 25 10 32
347 29 21 30
347 22 40 30
349 8 17 36
349 45 10 36
349 1 37 31
349 15 4 27
349 11 29 26
349 44 34 29
349 45 15 26
349 5 25 33
349 5 13 31
349 28 17 26
349 18 16 20
349 2 13 29
349 46 15 38
349 35 31 30
349 16 6 32
349 35 11 37
349 11 5 24
349 34 35 27
349 9 29 27
349 45 23 30
349 11 6 27
349 16 38 25
349 25 10 29
349 15 50 26
349 11 25 33
349 41 19 29
349 15 50 26
349 16 39 15
349 28 11 31
349 40 50 30
349 39 3 27
349 12 6 34
349 22 6 29
349 32 22 27
349 21 21 29
349 44 45 28
349 14 8 18
349 43 12 30
349 19 6 20
349 9 39 31
349 35 8 19
349 3 3 27
349 20 20 28
349 48 5 27
349 23 16 35
349 31 4 32
349 15 42 22
349 10 18 34
349 28 35 32
349 35 40 25
349 16 33 37
349 35 39 32
349 35 12 31
349 48 8 27
349 16 16 28
349 27 23 25
349 46 21 22
349 7 3 30
349 3 7 26
349 2 11 34
349 44 41 30
349 31 2 29
349 3 17 33
349 24 34 36
349 22 8 26
349 22 18 29
349 17 12 36
349 18 32 34
349 2 29 33
349 26 7 27
349 19 48 37
349 43 33 36
349 38 38 28
349 6 46 23
349 45 47 25
349 10 36 28
349 32 30 29
349 19 6 20
349 12 38 24
349 45 5 33
349 1 34 32
349 41 32 23
349 34 15 36
349 14 43 34
349 29 46 32
349 31 10 31
349 34 7 27
349 43 39 28
349 43 26 23
349 43 41 22
349 34 30 37
349 14 12 34
349 37 11 32
349 9 43 40
349 14 26 34
349 16 35 26
349 43 45 31
349 31 23 29
349 39 14 33
349 22 2 32
349 21 20 25
349 12 21 30
349 4 15 26
349 42 3 24
349 34 48 36
349 47 46 29
349 30 29 22
349 49 3 27
349 50 24 32
349 36 11 30
349 36 29 33
349 38 23 30
349 34 47 32
349 14 18 30
349 44 25 23
349 43 38 27
349 5 15 26
349 32 40 35
349 30 25 37
349 23 13 28
349 48 19 30
349 49 50 26
349 47 14 23
349 9 21 27
349 25 19 37
349 33 16 31
349 20 41 24
349 19 3 29
349 26 6 26
349 34 34 32
349 9 17 28
349 6 34 28
349 44 25 23
349 37 21 34
349 32 42 28
349 19 11 30
349 40 18 29
349 40 16 38
349 20 35 28
349 25 13 33
349 42 50 40
349 18 5 33
349 2 4 26
349 7 15 23
349 24 1 26
349 13 39 29
349 45 18 34
349 13 7 32
349 10 25 32
349 46 47 31
349 4 40 30
349 43 10 34
349 35 14 24
349 29 38 23
349 39 23 31
349 6 27 22
349 15 25 31
349 32 12 25
349 25 45 24
349 18 3 35
349 32 4 29
349 38 17 25
349 35 46 24
349 17 21 30
349 10 6 30
349 33 15 25
349 37 36 21
349 47 36 24
349 25 36 35
349 5 45 31
349 16 48 24
349 50 19 23
349 49 12 28
349 26 44 27
349 14 38 22
349 11 5 24
349 49 50 26
349 3 27 23
349 38 4 25
349 14 8 18
349 6 21 35
349 16 43 25
349 31 39 28
349 29 27 32
349 28 31 31
349 11 16 32
349 42 39 30
349 11 24 21
349 38 26 22
349 47 41 32
349 17 6 20
349 48 1 28
349 38 32 29
349 41 2 26
349 13 36 27
349 32 20 29
349 29 50 23
349 43 40 20
349 17 35 31
349 19 27 28
349 26 2 28
349 40 31 24
349 29 3 26
349 33 41 29
349 8 3 28
349 33 39 24
349 50 11 27
349 46 33 27
349 6 9 32
349 15 4 27
349 23 41 33
349 28 41 29
349 4 14 38
349 1 22 26
349 18 41 35
349 41 11 27
349 28 39 29
349 22 44 32
349 14 26 34
349 35 46 24
349 1 44 26
349 27 40 32
349 15 42 22
349 24 36 34
349 2 20 27
349 17 50 26
349 48 36 38
349 7 26 31
349 50 22 26
349 5 5 27
349 41 26 37
349 7 32 26
349 41 1 22
349 6 39 29
349 4 18 32
349 18 44 24
349 40 11 32
349 19 14 31
349 42 19 29
349 16 17 29
349 43 27 36
349 48 49 25
349 9 19 31
349 23 24 31
349 4 41 33
349 28 7 32
349 35 38 33
349 9 10 31
349 16 29 31
349 18 32 34
349 46 21 22
349 46 43 26
349 45 43 35
349 38 8 28
349 26 18 28
349 45 38 18
349 27 9 31
349 48 44 30
349 15 32 32
349 17 30 28
349 34 2 36
349 42 34 28
349 48 43 19
349 38 32 29
349 7 32 26
349 14 41 27
349 15 2 29
349 28 38 30
349 46 38 32
349 12 3 39
349 30 43 26
349 40 26 28
349 11 7 38
349 13 48 19
349 5 38 33
349 11 2 24
349 15 8 21
349 1 37 31
349 50 36 27
349 43 9 26
349 49 48 24
349 18 3 35
349 27 33 25
349 10 2 24
349 5 3 30
349 31 30 31
349 44 31 29
349 29 10 24
349 41 12 27
349 39 47 27
349 23 48 33
349 23 17 31
349 43 35 25
349 42 25 37
349 45 31 28
349 45 14 26
349 35 29 31
349 31 20 33
349 50 26 26
349 42 26 34
349 38 50 37
349 36 18 24
349 3 12 30
349 31 8 27
349 42 5 32
349 32 26 27
349 49 7 32
349 7 37 37
349 46 31 34
349 39 12 25
349 48 4 29
349 28 13 29
349 45 34 28
349 22 31 29
349 36 16 35
349 36 30 27
349 8 40 20
349 1 40 21
349 12 43 36
349 30 34 31
349 1 43 27
349 27 9 31
349 28 2 34
349 15 1 42
349 43 29 33
349 44 27 29
349 23 39 30
349 28 18 27
349 14 2 19
349 43 11 28
349 24 8 27
349 27 10 33
349 3 43 31
349 28 16 28
349 41 5 34
349 13 1 33
349 29 48 24
349 38 26 22
349 11 13 25
349 29 15 26
349 12 38 24
349 43 48 27
349 8 6 32
349 13 21 24
349 34 30 37
349 18 31 34
349 36 4 28
349 39 13 33
349 27 34 35
349 4 27 32
349 13 25 35
349 15 23 22
349 46 45 29
349 30 14 32
349 2 40 21
349 27 41 30
349 4 38 27
349 14 44 19
349 1 3 27
349 19 8 32
349 36 4 28
349 49 38 26
349 36 21 34
349 29 17 22
349 10 42 25
349 36 16 35
349 27 28 26
349 46 25 29
349 32 45 26
349 26 18 28
349 18 50 33
349 50 9 34
349 28 15 29
349 44 43 33
349 5 40 29
349 34 37 27
349 39 22 28
349 1 9 36
349 12 46 20
349 30 49 36
349 38 42 21
349 27 50 44
349 27 35 26
349 20 29 25
349 45 34 28
349 19 14 31
349 49 49 32
349 15 17 25
349 42 30 34
349 20 32 18
349 41 5 34
349 2 14 28
349 37 50 23
349 15 36 23
349 4 50 25
349 32 2 35
349 12 5 30
349 31 48 28
349 23 11 28
349 32 12 25
349 19 4 32
349 24 13 25
349 43 23 29
349 20 40 36
349 44 38 29
349 32 48 32
349 2 17 25
349 45 28 30
349 17 14 31
353 14 39 22
353 23 48 23
353 41 27 32
353 38 47 29
353 13 31 24
353 17 38 24
353 27 34 23
353 23 35 30
353 48 29 27
353 10 9 27
353 27 36 30
353 47 1 30
353 20 46 37
353 38 34 34
353 27 4 28
353 22 17 26
353 29 11 25
353 38 37 24
353 5 41 32
353 10 43 31
353 7 49 28
353 11 19 20
353 8 3 21
353 28 48 28
353 43 42 27
353 23 17 33
353 20 23 28
353 34 12 25
353 43 17 30
353 17 7 20
353 4 19 30
353 41 38 33
353 7 5 30
353 24 44 25
353 30 50 24
353 10 22 29
353 25 13 31
353 44 22 26
353 16 37 37
353 44 4 28
353 28 26 34
353 23 11 41
353 33 25 27
353 9 46 31
353 44 4 28
353 34 6 21
353 29 32 20
353 32 12 35
353 16 1 23
353 17 42 24
353 49 3 29
353 17 40 31
353 44 34 29
353 21 21 25
353 41 16 25
353 50 47 31
353 45 49 29
353 35 44 26
353 27 7 26
353 45 12 26
353 21 14 25
353 10 13 27
353 30 6 28
353 27 14 37
353 33 20 31
353 32 19 31
353 50 36 25
353 35 27 19
353 20 46 37
353 2 32 32
353 28 3 30
353 27 37 27
353 46 28 24
353 19 46 35
353 9 12 36
353 9 13 30
353 21 14 25
353 46 39 28
353 43 46 20
353 17 21 31
353 28 45 32
353 50 1 24
353 44 15 21
353 24 38 33
353 50 7 30
353 49 4 28
353 12 15 31
353 39 6 27
353 17 31 32
353 36 19 28
353 29 11 25
353 43 35 31
353 30 4 32
353 37 38 32
353 26 10 23
353 10 6 27
353 17 23 37
353 26 34 30
353 17 43 32
353 19 44 21
353 50 45 34
353 27 7 26
353 21 10 27
353 44 46 29
353 31 38 34
353 45 44 34
353 42 2 26
353 7 1 37
353 15 48 33
353 26 29 25
353 41 46 34
353 11 31 25
353 33 32 25
353 16 20 24
353 15 18 28
353 21 22 33
353 7 37 23
353 40 3 26
353 42 2 26
353 42 37 27
353 42 47 29
353 24 21 32
353 5 15 31
353 50 2 29
353 18 29 29
353 27 17 26
353 30 43 25
353 4 4 25
353 34 48 24
353 33 22 27
353 40 30 22
353 48 42 36
353 38 25 34
353 27 7 26
353 1 11 35
353 20 43 36
353 42 38 31
353 5 15 31
353 25 31 22
353 32 45 27
353 34 49 29
353 13 31 24
353 24 16 26
353 39 38 32
353 1 42 27
353 34 45 33
353 44 12 31
353 11 35 35
353 18 40 33
353 26 45 24
353 46 18 33
353 11 46 25
353 33 6 30
353 31 31 27
353 34 44 29
353 42 44 27
353 49 46 30
353 27 14 37
353 33 47 32
353 24 5 26
353 16 32 35
353 33 26 25
353 16 17 32
353 18 22 27
353 29 45 24
353 17 24 32
353 33 23 17
353 3 47 39
353 42 18 26
353 19 39 31
353 24 22 29
353 2 42 29
353 7 31 31
353 38 15 36
353 29 21 30
353 19 10 32
353 40 42 29
353 1 2 28
353 35 32 28
353 24 2 25
353 27 3 22
353 43 13 31
353 4 47 34
353 31 17 25
353 50 37 18
353 33 14 32
353 39 29 36
353 41 39 26
353 49 26 25
353 39 14 36
353 42 47 29
353 42 19 36
353 41 34 35
353 47 26 28
353 14 18 27
353 36 27 31
353 37 21 27
353 48 42 36
353 14 12 29
353 10 22 29
353 13 32 33
353 45 18 19
353 11 16 17
353 13 24 31
353 48 6 28
353 18 25 20
353 50 1 24
353 15 41 29
353 41 30 27
353 29 10 28
353 8 44 20
353 20 18 21
353 38 28 26
353 50 15 24
353 9 14 26
353 47 40 27
353 40 46 28
353 49 8 32
353 6 44 28
353 21 28 26
353 36 1 28
353 48 48 24
353 47 8 28
353 19 31 27
353 43 40 29
353 35 16 27
353 35 10 28
353 47 38 36
353 45 16 29
353 4 39 30
353 4 45 19
353 30 22 29
353 38 8 33
353 46 26 30
353 17 4 37
353 46 19 32
353 34 20 21
353 20 18 21
353 2 32 32
353 45 4 30
353 7 39 30
353 32 3 28
353 7 21 30
353 50 3 25
353 5 45 35
353 47 14 34
353 1 35 33
353 16 37 37
353 6 38 31
353 41 6 36
353 31 29 36
353 7 11 31
353 39 44 32
353 15 5 27
353 13 20 24
353 39 10 27
353 40 13 30
353 28 48 28
353 10 48 29
353 25 15 22
353 3 43 27
353 8 40 35
353 41 31 35
353 26 21 29
353 32 47 25
353 3 38 26
353 12 42 25
353 25 24 27
353 35 45 29
353 38 38 25
353 3 4 24
353 18 13 24
353 33 3 27
353 46 12 36
353 27 36 30
353 2 18 19
353 48 19 32
353 30 46 25
353 33 42 20
353 27 50 26
353 34 17 28
353 27 31 25
353 48 6 28
353 11 10 26
353 44 50 32
353 30 20 26
353 43 2 29
353 41 40 30
353 12 7 31
353 42 17 35
353 26 47 32
353 49 39 30
353 37 21 27
353 6 45 34
353 27 49 32
353 19 8 36
353 4 15 21
353 22 31 32
353 47 25 28
353 16 10 26
353 26 25 25
353 43 46 20
353 42 29 28
353 13 44 30
353 41 27 32
353 31 26 31
353 18 41 33
353 45 19 22
353 16 3 27
353 28 14 25
353 29 21 30
353 25 45 26
353 3 46 28
353 20 50 26
353 20 45 34
353 3 32 22
353 18 8 27
353 38 44 19
353 4 38 36
353 36 18 32
353 28 6 34
353 38 49 25
353 21 35 29
353 47 27 27
353 37 8 25
353 4 38 36
353 18 7 34
353 32 18 27
353 46 36 37
353 7 37 23
353 30 38 36
353 15 44 29
353 49 44 28
353 27 31 25
353 24 46 29
353 17 29 24
353 43 45 30
353 40 5 23
353 17 38 24
353 16 37 37
353 19 2 28
353 24 20 30
353 34 27 27
353 49 23 30
353 31 4 28
353 21 32 29
353 8 47 33
353 8 25 32
353 40 38 32
353 45 42 32
353 3 11 26
353 44 34 29
353 44 7 20
353 34 23 32
353 1 26 30
353 16 29 29
353 18 29 29
353 5 10 29
353 6 33 24
353 38 30 20
353 29 49 22
353 22 15 26
353 30 19 33
353 18 34 32
353 27 21 35
353 38 31 23
353 7 16 23
353 2 36 27
353 20 26 33
353 43 12 30
353 4 35 34
353 29 12 29
353 48 48 24
353 8 20 26
353 49 40 32
353 48 18 32
353 5 27 27
353 44 21 26
353 40 1 25
353 50 4 26
353 21 31 25
353 35 18 24
353 26 5 32
353 40 13 30
353 7 27 28
353 30 4 32
353 43 3 29
353 17 41 25
353 20 27 27
353 48 22 28
353 37 46 33
353 43 37 34
353 35 29 28
353 26 17 30
353 23 8 32
353 38 49 25
353 36 1 28
353 17 5 32
353 45 1 29
353 32 27 33
353 11 15 18
353 5 1 26
353 13 23 26
353 27 3 22
353 25 50 30
353 13 20 24
353 43 48 31
353 3 32 22
353 34 25 27
359 19 47 27
359 50 6 32
359 37 30 27
359 43 50 27
359 13 50 33
359 13 32 33
359 31 36 26
359 7 13 29
359 26 46 23
359 6 12 32
359 13 27 25
359 36 39 30
359 15 43 29
359 14 45 31
359 16 9 28
359 31 21 25
359 33 31 26
359 43 35 30
359 39 5 39
359 31 43 27
359 27 28 31
359 16 45 25
359 38 45 24
359 48 33 26
359 19 37 27
359 3 13 28
359 35 47 27
359 6 34 26
359 6 30 28
359 50 18 22
359 20 37 28
359 32 50 32
359 49 41 30
359 48 49 29
359 21 46 31
359 5 46 29
359 35 16 35
359 5 31 31
359 44 40 37
359 16 21 26
359 25 5 27
359 17 42 24
359 45 29 23
359 49 29 34
359 15 46 26
359 36 47 25
359 35 19 25
359 42 10 28
359 39 24 26
359 37 18 31
359 41 36 35
359 26 18 32
359 10 31 29
359 4 14 28
359 31 43 27
359 46 6 29
359 24 38 20
359 43 46 30
359 50 32 30
359 13 29 23
359 32 45 25
359 50 14 39
359 15 36 35
359 9 24 32
359 12 7 30
359 42 33 26
359 47 18 26
359 15 11 29
359 16 10 32
359 49 11 26
359 49 9 21
359 19 44 27
359 46 15 28
359 20 29 35
359 17 43 25
359 17 43 25
359 42 26 28
359 47 48 25
359 29 43 29
359 5 14 36
359 23 2 35
359 49 17 23
359 40 37 26
359 26 47 27
359 22 33 35
359 1 40 27
359 49 22 24
359 45 1 27
359 26 18 32
359 7 17 30
359 23 17 35
359 20 33 30
359 34 4 20
359 29 22 24
359 49 22 24
359 44 17 20
359 41 1 28
359 28 17 27
359 16 3 30
359 36 44 32
359 48 1 29
359 7 23 31
359 31 17 28
359 39 35 29
359 38 27 33
359 20 46 27
359 2 10 23
359 7 11 36
359 36 16 26
359 9 50 19
359 21 31 23
359 33 41 25
359 7 9 29
359 42 39 28
359 17 31 25
359 28 7 25
359 41 17 32
359 35 3 18
359 23 42 24
359 8 32 27
359 19 39 18
359 22 15 30
359 14 6 31
359 29 10 30
359 34 20 31
359 36 5 32
359 39 28 27
359 28 3 19
359 18 9 31
359 44 8 24
359 9 10 33
359 39 42 32
359 21 43 29
359 13 1 28
359 26 17 27
359 34 13 19
359 16 35 28
359 35 35 24
359 11 10 29
359 44 23 33
359 22 50 35
359 3 32 29
359 31 1 27
359 40 30 30
359 15 33 25
359 46 35 29
359 30 27 28
359 40 11 28
359 19 48 28
359 11 30 24
359 32 34 21
359 30 40 23
359 11 44 20
359 6 32 26
359 14 29 29
359 11 12 20
359 10 23 21
359 49 26 26
359 36 19 25
359 38 16 34
359 34 16 22
359 9 40 28
359 48 13 35
359 14 9 29
359 26 47 27
359 34 28 29
359 50 47 23
359 16 24 36
359 19 46 35
359 43 44 38
359 18 36 27
359 44 38 22
359 5 23 35
359 9 1 33
359 39 14 34
359 34 32 23
359 32 20 24
359 6 34 26
359 42 22 20
359 27 20 28
359 7 9 29
359 27 1 27
359 2 8 33
359 15 47 33
359 3 12 33
359 45 11 36
359 1 23 33
359 10 22 41
359 12 11 33
359 46 45 29
359 27 4 29
359 38 7 27
359 18 20 39
359 30 38 21
359 44 19 32
359 47 15 34
359 15 50 34
359 33 16 25
359 24 8 35
359 15 5 33
359 43 14 27
359 11 45 27
359 47 17 31
359 13 37 30
359 7 50 21
359 4 42 26
359 49 27 23
359 9 26 36
359 41 29 26
359 42 34 31
359 45 31 31
359 32 49 27
359 44 35 25
359 23 33 25
359 2 38 33
359 21 34 29
359 28 38 21
359 18 46 27
359 45 30 27
359 13 6 28
359 26 45 25
359 17 38 28
359 26 12 30
359 32 49 27
359 44 17 20
359 9 22 34
359 21 9 23
359 24 4 30
359 49 11 26
359 10 31 29
359 10 4 37
359 18 40 28
359 35 17 26
359 6 27 31
359 25 16 29
359 38 39 27
359 6 2 32
359 50 28 23
359 13 47 29
359 7 27 25
359 27 31 32
359 10 41 26
359 16 7 28
359 39 27 33
359 10 39 17
359 8 8 38
359 18 2 27
359 45 49 31
359 41 44 29
359 4 40 34
359 47 26 32
359 17 19 28
359 33 34 35
359 3 2 26
359 10 44 31
359 48 43 30
359 25 32 20
359 36 50 28
359 4 10 26
359 17 48 31
359 2 36 23
359 6 19 20
359 35 9 26
359 50 49 28
359 9 9 25
359 44 1 22
359 26 11 31
359 13 9 27
359 46 4 15
359 50 14 39
359 15 35 27
359 38 45 24
359 9 17 28
359 33 40 27
359 35 24 24
359 35 1 30
359 31 9 34
359 50 23 27
359 39 11 29
359 25 26 32
359 50 32 30
359 40 23 28
359 2 30 32
359 26 45 25
359 36 16 26
359 39 24 26
359 40 23 28
359 38 34 29
359 4 22 26
359 15 22 26
359 14 8 23
359 10 37 37
359 16 19 33
359 50 7 22
359 21 13 30
359 21 35 25
359 7 25 24
359 41 34 34
359 16 29 30
359 30 30 25
359 17 42 24
359 47 6 31
359 38 4 38
359 21 21 24
359 21 3 22
359 16 35 28
359 27 43 26
359 10 13 33
359 15 43 29
359 24 42 23
359 41 50 31
359 3 7 32
359 23 3 26
359 25 42 28
359 18 2 27
359 16 9 28
359 31 46 34
359 32 33 31
359 12 23 31
359 5 28 20
359 36 5 32
359 42 40 29
359 36 46 28
359 43 20 29
359 17 42 24
359 41 1 28
359 43 26 31
359 37 15 43
359 16 38 33
359 3 24 24
359 34 34 31
359 37 31 29
359 33 34 35
359 24 27 28
359 45 47 37
359 46 40 33
359 27 40 29
359 7 12 30
359 22 48 28
359 44 42 27
359 29 42 21
359 8 23 26
359 46 20 32
359 21 38 34
359 25 22 17
359 31 5 24
359 26 15 36
359 22 2 24
359 47 6 31
359 33 25 21
359 22 5 32
359 3 1 32
359 40 2 23
359 16 25 25
359 22 19 41
359 42 4 28
359 34 35 28
359 27 43 26
359 43 25 23
359 45 9 31
359 46 19 24
359 10 36 34
359 20 38 24
359 20 29 35
359 27 28 31
359 21 7 29
359 46 41 36
359 47 45 30
359 6 19 20
359 26 24 23
359 14 17 30
359 43 28 26
359 11 49 34
359 43 15 24
359 11 11 27
359 23 40 42
359 25 11 27
359 24 46 26
359 38 45 24
359 16 49 36
359 26 47 27
359 5 43 32
359 45 3 23
359 40 24 31
359 8 30 24
359 50 37 32
359 40 24 31
359 50 21 24
359 37 24 31
359 25 2 30
359 50 42 28
359 8 8 38
359 22 11 29
359 18 19 22
359 30 50 31
359 22 14 20
359 26 23 30
359 34 6 20
359 20 39 31
359 48 42 29
359 48 24 39
359 3 45 32
359 7 49 27
359 18 31 21
359 27 14 25
359 34 32 23
359 15 4 22
359 26 1 35
359 38 15 31
367 27 14 25
367 50 49 34
367 11 20 29
367 37 39 18
367 38 5 24
367 9 2 31
367 26 15 24
367 18 37 28
367 39 12 27
367 8 21 24
367 38 36 19
367 25 13 22
367 26 18 16
367 49 17 18
367 20 20 26
367 8 24 24
367 3 2 24
367 25 16 31
367 41 4 23
367 14 3 30
367 43 6 26
367 46 33 30
367 36 2 23
367 40 14 43
367 3 12 34
367 12 41 28
367 43 47 34
367 13 37 27
367 25 36 24
367 40 22 22
367 35 1 26
367 19 24 20
367 47 46 24
367 5 43 29
367 45 35 31
367 4 11 28
367 13 1 34
367 44 28 38
367 46 10 29
367 2 7 19
367 7 2 31
367 37 33 33
367 27 12 20
367 6 33 36
367 15 40 25
367 45 1 25
367 47 50 25
367 30 1 30
367 32 16 27
367 30 43 36
367 4 17 26
367 1 44 22
367 36 4 31
367 6 22 21
367 37 26 29
367 3 39 28
367 20 30 23
367 34 21 25
367 37 50 27
367 42 33 31
367 17 4 33
367 17 13 28
367 26 1 27
367 40 30 33
367 12 20 29
367 48 14 34
367 17 20 33
367 29 48 32
367 6 37 31
367 26 24 34
367 17 31 27
367 18 43 24
367 47 21 30
367 45 27 31
367 38 35 23
367 30 12 25
367 38 20 36
367 21 47 24
367 3 29 24
367 38 33 25
367 32 20 30
367 28 24 29
367 28 7 29
367 42 35 30
367 34 37 30
367 27 24 30
367 12 22 24
367 31 24 25
367 50 39 33
367 3 44 31
367 12 7 34
367 21 44 31
367 9 2 31
367 10 42 26
367 32 19 26
367 10 32 26
367 33 36 27
367 10 41 22
367 36 41 30
367 23 30 22
367 47 5 23
367 5 4 36
367 22 50 29
367 19 28 31
367 21 33 22
367 31 28 24
367 26 8 17
367 9 4 30
367 25 36 24
367 1 39 25
367 21 30 35
367 32 30 29
367 40 49 34
367 8 32 29
367 27 3 26
367 47 3 25
367 46 31 31
367 40 45 23
367 25 31 25
367 50 16 27
367 43 6 26
367 24 16 30
367 14 43 28
367 28 23 25
367 41 31 31
367 47 13 23
367 8 41 19
367 40 27 26
367 23 37 22
367 31 48 27
367 39 45 27
367 8 26 27
367 34 31 31
367 4 21 32
367 44 46 33
367 17 37 27
367 1 30 29
367 2 17 26
367 44 9 21
367 15 24 36
367 5 49 35
367 49 26 29
367 34 24 28
367 37 26 29
367 16 26 30
367 44 25 27
367 26 3 29
367 45 21 29
367 4 6 28
367 20 47 28
367 35 39 27
367 25 46 22
367 24 21 16
367 28 10 29
367 30 12 25
367 21 42 27
367 35 34 26
367 1 21 31
367 29 29 20
367 17 19 23
367 43 14 35
367 25 48 22
367 18 47 27
367 46 43 24
367 44 34 30
367 50 49 34
367 16 29 24
367 37 47 27
367 26 21 29
367 42 33 31
367 38 50 27
367 39 24 31
367 8 8 27
367 13 1 34
367 29 45 25
367 48 6 20
367 42 36 29
367 31 8 25
367 13 34 20
367 15 48 24
367 19 1 24
367 20 26 26
367 22 31 27
367 31 38 21
367 33 30 24
367 48 28 30
367 1 40 28
367 44 14 26
367 28 25 26
367 39 29 31
367 20 13 37
367 49 29 28
367 36 17 20
367 44 20 31
367 1 13 25
367 2 36 27
367 21 21 36
367 30 29 33
367 39 2 18
367 35 48 26
367 24 2 23
367 41 26 29
367 33 29 34
367 25 28 17
367 31 16 35
367 31 42 27
367 20 38 25
367 29 33 26
367 8 25 29
367 7 5 32
367 24 45 24
367 19 5 33
367 14 44 30
367 37 30 28
367 38 36 19
367 10 40 32
367 11 17 25
367 40 40 33
367 11 14 29
367 34 41 34
367 13 20 28
367 29 28 28
367 46 22 30
367 31 43 24
367 1 9 24
367 5 10 24
367 50 10 31
367 10 7 33
367 27 6 26
367 24 20 23
367 13 50 29
367 32 7 28
367 4 20 27
367 4 31 28
367 13 25 25
367 6 2 32
367 9 47 29
367 3 38 24
367 3 9 34
367 42 47 25
367 33 28 22
367 37 48 23
367 33 16 24
367 4 4 26
367 5 15 32
367 25 18 25
367 1 38 26
367 20 33 29
367 7 39 26
367 12 47 28
367 32 38 25
367 31 16 35
367 14 44 30
367 12 40 28
367 28 29 38
367 21 31 26
367 18 43 24
367 11 7 30
367 25 5 27
367 16 30 21
367 12 38 30
367 3 46 22
367 11 45 31
367 24 29 22
367 46 31 31
367 17 7 34
367 13 17 25
367 24 17 25
367 31 7 30
367 17 12 29
367 7 29 21
367 43 32 34
367 44 28 38
367 4 17 26
367 7 28 33
367 40 12 21
367 37 23 25
367 41 24 29
367 38 44 32
367 34 40 31
367 30 26 29
367 27 48 33
367 26 7 29
367 13 24 31
367 10 2 36
367 11 35 21
367 50 5 25
367 44 49 30
367 26 1 27
367 19 7 20
367 26 3 29
367 22 21 24
367 50 20 21
367 45 50 25
367 40 26 20
367 14 45 29
367 43 12 26
367 12 21 28
367 27 25 26
367 32 33 26
367 20 18 25
367 32 12 30
367 14 26 26
367 33 44 24
367 34 15 38
367 30 49 26
367 41 46 35
367 7 26 29
367 49 28 26
367 24 46 27
367 17 36 20
367 42 9 30
367 31 28 24
367 7 42 28
367 33 13 36
367 7 34 22
367 19 10 25
367 41 48 28
367 33 36 27
367 12 7 34
367 11 47 28
367 33 29 34
367 24 33 36
367 31 31 22
367 48 33 27
367 18 34 29
367 24 36 32
367 23 16 26
367 32 14 29
367 7 29 21
367 21 16 31
367 3 14 29
367 23 21 31
367 25 43 35
367 16 5 29
367 30 33 23
367 21 41 33
367 38 13 31
367 18 31 24
367 47 3 25
367 11 4 27
367 34 3 34
367 24 16 30
367 7 9 33
367 50 37 25
367 8 1 32
367 2 48 28
367 4 40 26
367 48 44 24
367 45 31 26
367 25 21 27
367 19 5 33
367 34 11 34
367 30 14 21
367 12 1 24
367 13 16 27
367 14 27 22
367 33 36 27
367 12 15 34
367 34 10 26
367 33 27 36
367 4 5 25
367 50 2 20
367 5 12 25
367 27 14 25
367 43 33 29
367 43 14 35
367 13 43 24
367 27 18 33
367 18 46 25
367 49 20 32
367 2 49 23
367 32 38 25
367 1 6 29
367 22 18 31
367 3 44 31
367 13 27 32
367 42 29 27
367 45 39 22
367 1 27 20
367 50 13 28
367 31 8 25
367 29 12 31
367 8 10 17
367 2 30 33
367 47 33 32
367 4 42 30
367 35 40 24
367 32 26 22
367 19 39 26
367 36 12 28
367 16 33 28
367 41 25 26
367 1 49 28
367 7 9 33
367 34 27 26
367 15 18 32
367 3 33 31
367 33 36 27
367 28 46 32
367 32 12 30
367 27 35 25
367 29 32 27
367 9 35 36
367 10 25 27
367 24 16 30
367 33 21 26
367 8 34 24
367 23 31 24
373 17 13 21
373 17 2 22
373 20 19 19
373 43 37 31
373 11 38 27
373 5 7 23
373 12 50 25
373 46 10 23
373 22 13 37
373 16 13 29
373 33 15 25
373 49 37 26
373 50 24 30
373 1 11 23
373 19 24 28
373 2 10 28
373 47 18 21
373 2 46 23
373 43 47 21
373 32 33 25
373 8 33 27
373 11 47 24
373 27 31 31
373 14 10 23
373 20 4 24
373 28 20 31
373 37 23 28
373 22 45 33
373 26 16 24
373 39 36 35
373 41 35 25
373 17 18 33
373 28 22 18
373 16 32 28
373 42 46 28
373 16 6 23
373 11 4 27
373 30 44 24
373 18 20 24
373 8 25 34
373 40 30 38
373 14 41 20
373 38 33 25
373 11 9 30
373 40 12 26
373 23 47 27
373 14 34 35
373 37 40 24
373 1 35 22
373 23 37 23
373 46 2 26
373 26 16 24
373 13 9 25
373 37 44 24
373 17 21 21
373 34 21 31
373 33 3 26
373 13 35 30
373 13 34 30
373 13 5 24
373 19 5 29
373 13 43 33
373 12 23 35
373 11 47 24
373 1 7 30
373 5 10 36
373 46 13 17
373 27 17 24
373 7 39 23
373 19 10 31
373 24 8 27
373 16 30 29
373 49 9 21
373 48 18 28
373 38 37 29
373 25 43 24
373 46 32 23
373 25 38 28
373 24 20 24
373 39 4 32
373 45 35 29
373 29 6 26
373 23 17 24
373 30 1 26
373 3 47 18
373 38 13 30
373 50 28 30
373 5 49 33
373 22 40 27
373 4 19 24
373 17 17 27
373 33 2 25
373 8 19 20
373 20 34 26
373 28 49 28
373 32 22 26
373 1 38 18
373 13 8 31
373 22 25 31
373 42 22 29
373 49 33 28
373 10 18 28
373 12 47 18
373 2 34 20
373 22 46 29
373 4 36 34
373 4 33 30
373 11 6 27
373 12 41 30
373 48 8 22
373 17 3 28
373 9 19 39
373 42 50 26
373 39 43 30
373 35 41 32
373 5 39 29
373 4 30 28
373 3 15 29
373 17 10 29
373 11 2 37
373 1 26 25
373 15 40 19
373 31 18 24
373 24 46 26
373 41 39 18
373 26 30 31
373 46 47 36
373 48 11 24
373 41 8 22
373 18 14 24
373 13 38 28
373 11 35 30
373 31 9 35
373 28 38 34
373 26 33 28
373 1 7 30
373 29 7 25
373 43 18 24
373 33 41 27
373 5 2 27
373 20 39 22
373 49 4 23
373 2 38 17
373 38 35 25
373 12 20 27
373 47 15 25
373 32 18 26
373 10 48 29
373 20 41 21
373 50 34 33
373 6 31 22
373 48 26 27
373 42 24 19
373 29 16 29
373 41 19 30
373 8 16 33
373 29 20 29
373 28 31 28
373 13 30 31
373 27 11 27
373 43 33 23
373 9 39 33
373 21 48 30
373 6 34 25
373 38 46 23
373 4 30 28
373 39 15 28
373 24 26 31
373 9 46 27
373 48 35 30
373 37 23 28
373 44 22 29
373 48 45 23
373 20 27 27
373 30 28 36
373 37 46 38
373 9 45 28
373 35 42 27
373 25 40 32
373 43 13 36
373 7 5 30
373 30 25 21
373 44 1 30
373 48 49 26
373 37 2 18
373 34 7 28
373 48 20 21
373 30 2 26
373 24 9 27
373 33 23 28
373 8 30 27
373 11 49 26
373 27 42 26
373 30 21 31
373 35 3 29
373 19 2 28
373 22 24 31
373 37 11 24
373 45 19 31
373 43 43 22
373 2 13 27
373 50 4 28
373 45 12 25
373 18 16 28
373 32 32 31
373 8 29 34
373 27 43 25
373 39 17 20
373 15 38 36
373 30 7 31
373 29 24 35
373 38 33 25
373 43 49 30
373 25 38 28
373 28 32 28
373 13 2 33
373 21 24 34
373 23 21 26
373 47 50 37
373 42 8 27
373 12 46 32
373 39 37 28
373 28 37 36
373 16 6 23
373 15 41 32
373 36 20 17
373 48 28 26
373 17 1 26
373 46 50 25
373 3 46 24
373 7 8 28
373 43 33 23
373 40 14 20
373 26 18 31
373 3 29 24
373 36 44 27
373 4 48 26
373 18 15 29
373 40 24 26
373 42 33 27
373 21 28 23
373 9 27 28
373 34 11 21
373 21 20 26
373 12 24 29
373 28 29 25
373 49 33 28
373 19 9 28
373 32 3 34
373 49 23 25
373 40 48 28
373 31 7 28
373 34 21 31
373 48 34 32
373 18 25 25
373 7 4 29
373 49 49 33
373 26 2 33
373 44 19 29
373 30 47 21
373 29 42 25
373 33 28 28
373 6 24 13
373 49 16 28
373 9 25 29
373 3 7 22
373 37 38 33
373 24 40 29
373 21 4 19
373 37 14 32
373 49 33 28
373 35 25 25
373 26 13 33
373 23 1 31
373 47 26 28
373 21 20 26
373 33 19 25
373 24 33 25
373 27 43 25
373 48 14 19
373 19 12 29
373 23 16 26
373 49 23 25
373 41 39 18
373 8 30 27
373 40 49 28
373 7 21 21
373 47 33 24
373 20 42 24
373 50 45 17
373 42 15 30
373 29 36 26
373 17 33 33
373 7 31 26
373 23 7 29
373 28 23 23
373 21 34 25
373 47 25 21
373 13 15 26
373 2 50 34
373 7 12 19
373 24 43 31
373 25 38 28
373 21 10 33
373 23 11 32
373 41 46 21
373 24 29 27
373 10 29 27
373 25 45 27
373 30 47 21
373 38 9 32
373 13 30 31
373 8 24 23
373 23 21 26
373 31 1 32
373 18 49 30
373 26 8 26
373 44 2 26
373 33 11 25
373 11 38 27
373 6 13 24
373 6 23 19
373 28 20 31
373 48 37 27
373 13 42 24
373 45 28 23
373 7 17 26
373 30 31 26
373 10 31 27
373 14 47 32
373 18 9 24
373 48 26 27
373 4 40 24
373 32 19 33
373 46 2 26
373 47 43 27
373 2 26 37
373 9 31 25
373 13 7 31
373 25 48 29
373 50 37 32
373 20 47 28
373 41 34 34
373 22 30 29
373 3 35 28
373 28 6 22
373 27 40 30
373 23 14 28
373 3 38 28
373 40 38 31
373 49 50 28
373 11 40 28
373 7 43 23
373 47 41 30
373 19 43 20
373 12 3 31
373 46 42 30
373 46 39 26
373 40 23 31
373 21 2 24
373 41 49 29
373 35 38 28
373 37 50 31
373 11 19 28
373 13 44 29
373 37 39 25
373 27 35 18
373 45 30 33
373 33 44 19
373 48 18 28
373 35 24 32
373 18 49 30
373 1 22 27
373 11 33 27
373 44 14 27
373 26 6 24
373 46 20 24
373 42 42 42
373 38 34 32
373 40 39 34
373 10 15 20
373 46 24 26
373 40 37 28
373 12 42 22
373 50 48 31
373 14 5 36
373 49 16 28
373 23 32 18
373 28 6 22
373 19 15 24
373 33 36 25
373 41 39 18
373 50 14 30
373 11 23 28
373 12 18 21
373 33 38 20
373 2 14 16
373 30 8 31
373 15 4 23
373 44 23 31
373 19 26 19
373 43 9 19
373 47 47 25
373 8 2 21
373 10 35 27
373 46 14 27
373 50 3 27
373 24 21 30
373 15 30 33
379 14 11 23
379 25 3 25
379 11 28 23
379 45 36 30
379 39 27 26
379 4 10 32
379 5 8 20
379 3 26 32
379 28 44 30
379 23 1 19
379 2 32 25
379 45 27 32
379 27 14 21
379 36 26 30
379 30 8 28
379 1 50 16
379 50 41 28
379 5 22 25
379 34 42 25
379 21 12 25
379 10 36 31
379 7 4 26
379 41 40 30
379 42 48 26
379 7 18 27
379 29 25 34
379 15 10 24
379 45 49 18
379 31 14 25
379 19 4 29
379 44 7 26
379 10 24 20
379 17 4 23
379 19 30 25
379 2 17 19
379 25 43 26
379 6 1 21
379 22 9 26
379 36 22 23
379 27 24 24
379 6 50 33
379 28 38 25
379 17 29 24
379 2 30 27
379 26 34 22
379 45 17 25
379 14 50 30
379 36 21 28
379 10 9 28
379 37 49 28
379 44 11 29
379 35 16 28
379 29 43 29
379 48 14 24
379 34 14 25
379 37 9 29
379 27 46 32
379 7 24 24
379 22 7 24
379 3 38 29
379 48 4 22
379 28 19 28
379 2 43 24
379 50 26 26
379 34 38 35
379 18 21 25
379 14 9 18
379 21 26 31
379 22 13 34
379 15 46 27
379 41 50 24
379 27 12 29
379 33 34 26
379 48 38 30
379 46 22 23
379 15 9 34
379 44 47 24
379 8 44 22
379 14 19 36
379 45 24 25
379 33 24 32
379 36 3 20
379 31 37 30
379 39 40 29
379 49 12 22
379 31 5 21
379 26 44 25
379 30 50 32
379 24 45 28
379 25 48 25
379 22 46 22
379 38 3 29
379 31 38 22
379 17 28 20
379 20 24 25
379 36 48 27
379 7 3 29
379 15 19 24
379 10 29 25
379 9 9 28
379 25 3 25
379 27 29 27
379 37 35 21
379 17 25 21
379 5 45 25
379 16 26 19
379 33 36 32
379 30 23 28
379 41 29 29
379 25 13 24
379 28 30 28
379 4 39 20
379 11 17 25
379 23 47 26
379 1 17 29
379 48 13 17
379 21 44 18
379 31 1 30
379 24 3 23
379 48 13 17
379 19 50 24
379 11 13 29
379 50 2 25
379 11 31 27
379 4 22 26
379 46 41 27
379 27 6 22
379 44 39 36
379 13 34 27
379 43 45 18
379 19 18 24
379 37 28 31
379 16 20 26
379 31 41 28
379 19 46 28
379 42 48 26
379 11 38 22
379 45 3 27
379 40 16 34
379 16 30 28
379 42 13 13
379 8 24 33
379 49 22 26
379 27 10 19
379 43 39 30
379 30 6 30
379 45 39 26
379 27 33 20
379 17 49 28
379 25 49 28
379 31 8 23
379 32 14 21
379 9 11 28
379 24 17 20
379 40 1 27
379 42 3 25
379 15 8 30
379 26 4 22
379 23 11 28
379 48 14 24
379 30 12 25
379 5 47 25
379 5 15 27
379 44 4 30
379 37 17 27
379 15 49 24
379 21 37 29
379 42 30 34
379 27 34 32
379 1 14 24
379 42 10 27
379 48 4 22
379 8 25 39
379 31 37 30
379 41 45 23
379 33 1 31
379 45 39 26
379 15 7 29
379 9 8 28
379 12 33 23
379 7 10 27
379 28 37 28
379 47 18 28
379 23 13 27
379 28 46 31
379 3 19 29
379 2 21 28
379 45 11 25
379 8 50 35
379 24 4 24
379 42 25 20
379 34 35 32
379 33 4 24
379 34 35 32
379 3 25 29
379 30 14 30
379 5 41 28
379 16 43 27
379 48 28 26
379 22 37 27
379 41 27 24
379 41 44 32
379 18 22 27
379 11 22 20
379 26 39 20
379 7 9 31
379 16 8 33
379 35 17 28
379 46 43 34
379 26 40 33
379 44 14 30
379 43 48 27
379 49 2 25
379 6 48 29
379 5 47 25
379 30 14 30
379 43 31 23
379 2 45 28
379 42 1 28
379 38 10 23
379 35 26 31
379 34 18 29
379 43 29 17
379 28 29 23
379 10 45 24
379 33 24 32
379 44 16 28
379 22 30 26
379 40 40 24
379 26 19 31
379 29 10 28
379 41 42 30
379 23 5 33
379 32 45 25
379 15 11 27
379 5 7 26
379 11 47 20
379 15 6 30
379 13 35 30
379 39 2 30
379 43 43 27
379 2 37 29
379 34 4 26
379 1 23 27
379 8 10 20
379 19 7 26
379 18 30 29
379 12 20 28
379 15 29 20
379 9 27 37
379 42 3 25
379 6 44 25
379 29 13 24
379 31 50 26
379 15 24 25
379 38 21 29
379 11 31 27
379 38 12 28
379 34 44 31
379 22 11 20
379 43 1 31
379 23 1 19
379 25 9 32
379 39 9 23
379 37 34 20
379 32 50 24
379 10 12 25
379 2 42 26
379 49 43 37
379 13 15 19
379 19 20 21
379 10 9 28
379 22 29 24
379 9 31 25
379 46 27 24
379 14 24 34
379 6 38 26
379 1 41 29
379 8 10 20
379 45 49 18
379 3 50 29
379 26 39 20
379 46 30 26
379 17 24 22
379 16 49 31
379 24 2 22
379 29 35 18
379 32 31 27
379 35 1 24
379 28 12 23
379 18 46 27
379 20 26 29
379 44 13 23
379 8 26 25
379 46 36 23
379 44 27 25
379 48 48 21
379 40 25 30
379 6 9 25
379 36 21 28
379 5 3 19
379 49 8 19
379 23 13 27
379 50 17 21
379 22 7 24
379 18 6 27
379 47 8 27
379 22 39 35
379 48 28 26
379 35 40 30
379 13 12 35
379 1 26 28
379 28 50 25
379 20 9 21
379 40 12 22
379 29 47 32
379 5 12 33
379 33 48 26
379 34 5 30
379 3 40 26
379 47 30 27
379 2 2 24
379 45 17 25
379 27 9 24
379 11 6 27
379 48 22 19
379 47 30 27
379 39 45 26
379 24 27 34
379 7 21 28
379 47 48 29
379 39 21 28
379 40 9 34
379 32 35 22
379 19 36 31
379 34 2 21
379 25 30 31
379 31 46 30
379 21 22 23
379 3 15 29
379 11 6 27
379 37 4 30
379 9 36 26
379 28 6 34
379 42 2 25
379 50 42 29
379 27 37 22
379 17 15 22
379 2 23 31
379 5 48 30
379 39 37 36
379 9 23 26
379 7 20 24
379 5 17 30
379 6 29 27
379 28 27 26
379 7 4 26
379 2 48 27
379 34 33 27
379 30 33 38
379 33 40 23
379 10 14 21
379 8 36 30
379 2 34 30
379 16 36 22
379 10 10 24
379 22 47 34
379 32 26 25
379 34 3 21
379 2 28 26
379 9 18 17
379 8 36 30
379 30 39 35
379 13 50 31
379 10 2 18
379 42 25 20
379 1 4 22
379 49 47 25
379 42 40 27
379 7 39 22
379 10 17 22
379 28 6 34
379 11 16 29
379 47 2 32
379 48 17 18
379 44 33 29
379 44 15 27
379 28 20 40
379 45 41 21
379 14 25 25
379 31 16 18
379 19 42 26
379 5 3 19
379 34 44 31
379 43 11 25
379 30 7 31
379 26 21 37
379 17 30 20
379 42 32 31
379 7 10 27
379 6 32 28
379 1 19 29
379 18 48 32
379 40 49 20
379 25 8 35
379 2 24 26
379 8 7 23
379 25 18 21
379 32 42 31
383 44 26 22
383 19 21 26
383 2 4 28
383 48 49 28
383 10 22 26
383 35 35 22
383 18 13 22
383 49 14 30
383 2 9 27
383 46 4 29
383 50 7 23
383 16 26 30
383 9 30 26
383 10 40 24
383 36 44 27
383 5 27 22
383 46 23 31
383 5 7 31
383 25 9 27
383 30 25 32
383 16 31 22
383 23 9 22
383 34 30 23
383 34 35 27
383 23 12 26
383 41 44 18
383 19 26 25
383 6 50 25
383 15 44 24
383 32 1 21
383 24 10 27
383 35 1 26
383 48 14 25
383 31 36 20
383 44 10 21
383 4 5 23
383 26 18 26
383 4 10 23
383 23 32 30
383 45 24 23
383 46 40 34
383 26 36 25
383 21 39 25
383 14 18 18
383 20 16 23
383 22 46 20
383 26 21 40
383 19 27 24
383 32 6 27
383 7 50 30
383 3 24 30
383 17 42 33
383 5 38 25
383 20 39 27
383 17 29 32
383 46 10 27
383 43 19 23
383 1 6 18
383 12 19 29
383 9 46 28
383 48 33 26
383 6 30 31
383 15 13 32
383 35 15 35
383 2 46 33
383 37 32 28
383 11 29 27
383 41 30 17
383 6 35 26
383 26 12 26
383 38 41 32
383 37 30 27
383 13 34 19
383 15 6 25
383 41 11 24
383 18 2 25
383 4 12 30
383 2 23 30
383 19 3 33
383 15 35 29
383 43 4 24
383 31 29 23
383 26 41 22
383 20 7 32
383 30 34 28
383 15 15 28
383 31 16 21
383 14 25 26
383 48 8 23
383 17 32 28
383 18 26 23
383 50 39 28
383 48 44 26
383 19 37 22
383 14 35 23
383 49 31 28
383 4 2 37
383 48 12 26
383 45 8 26
383 48 33 26
383 37 26 19
383 33 35 25
383 43 32 27
383 9 34 28
383 31 9 31
383 43 25 24
383 26 46 23
383 18 16 20
383 27 13 21
383 11 33 20
383 4 38 28
383 45 5 23
383 8 35 19
383 45 38 21
383 1 11 24
383 30 41 29
383 11 50 28
383 17 4 28
383 17 44 29
383 30 23 26
383 10 41 25
383 19 38 29
383 50 17 23
383 32 17 18
383 31 4 30
383 9 38 24
383 37 8 32
383 7 16 26
383 17 26 24
383 11 26 22
383 25 14 27
383 22 45 23
383 2 36 23
383 20 26 27
383 2 25 28
383 11 3 26
383 37 48 24
383 46 48 26
383 41 40 26
383 26 23 27
383 20 19 28
383 37 15 28
383 28 2 26
383 2 26 36
383 38 21 21
383 18 15 33
383 24 43 29
383 36 27 28
383 34 29 31
383 10 4 22
383 21 6 30
383 44 47 26
383 4 29 26
383 9 13 31
383 18 44 16
383 14 24 31
383 39 42 24
383 16 8 27
383 23 2 30
383 9 6 27
383 11 17 23
383 9 47 30
383 17 40 37
383 7 21 30
383 7 18 21
383 34 12 26
383 44 49 27
383 36 23 41
383 15 40 22
383 43 20 28
383 43 34 33
383 50 8 26
383 41 50 19
383 2 39 31
383 23 24 27
383 45 26 22
383 3 20 28
383 12 48 23
383 6 48 27
383 30 15 32
383 47 37 25
383 29 31 28
383 45 42 33
383 38 23 27
383 5 45 18
383 6 1 30
383 41 46 34
383 12 49 28
383 1 9 24
383 7 35 32
383 26 15 27
383 31 3 26
383 3 39 29
383 35 6 16
383 42 18 33
383 50 12 26
383 37 13 28
383 43 33 28
383 48 14 25
383 37 44 27
383 21 36 27
383 46 43 28
383 18 47 27
383 25 31 37
383 48 46 25
383 14 4 29
383 26 42 24
383 22 32 26
383 15 5 28
383 34 17 27
383 38 14 21
383 6 17 27
383 44 28 26
383 27 50 34
383 26 4 18
383 41 19 25
383 11 17 23
383 19 38 29
383 33 42 22
383 47 18 26
383 30 9 26
383 11 37 23
383 10 49 21
383 9 41 25
383 21 21 34
383 17 35 23
383 23 29 33
383 39 6 24
383 30 25 32
383 28 26 27
383 10 37 22
383 21 27 32
383 13 19 27
383 10 32 28
383 4 28 28
383 17 14 32
383 13 29 29
383 24 14 26
383 30 30 25
383 32 41 29
383 25 16 25
383 6 39 25
383 49 23 26
383 42 23 24
383 34 40 35
383 32 22 29
383 44 45 28
383 46 37 32
383 41 11 24
383 37 2 23
383 18 17 26
383 41 48 16
383 8 36 25
383 20 20 31
383 33 22 29
383 32 28 27
383 34 49 29
383 47 21 19
383 26 40 25
383 29 41 18
383 11 42 24
383 17 8 30
383 13 15 17
383 43 42 29
383 40 15 30
383 14 20 28
383 47 9 26
383 26 6 29
383 48 31 24
383 5 38 25
383 2 15 30
383 9 37 27
383 42 11 27
383 39 50 26
383 42 11 27
383 2 28 36
383 37 22 23
383 25 41 31
383 25 28 19
383 43 43 24
383 22 35 28
383 7 38 25
383 42 34 21
383 8 19 29
383 4 30 28
383 10 29 32
383 32 23 31
383 50 5 28
383 6 31 27
383 21 33 20
383 18 28 28
383 25 44 34
383 37 50 28
383 1 17 26
383 46 21 27
383 10 24 24
383 25 30 21
383 8 18 25
383 24 3 28
383 39 2 24
383 43 20 28
383 6 34 26
383 45 10 26
383 17 7 33
383 23 14 26
383 12 48 23
383 39 12 30
383 49 12 31
383 48 13 29
383 21 5 20
383 5 30 25
383 35 15 35
383 46 7 29
383 28 48 20
383 36 12 25
383 43 4 24
383 25 10 27
383 20 28 26
383 38 45 34
383 3 46 25
383 33 10 23
383 25 8 26
383 34 2 24
383 26 13 29
383 13 43 27
383 41 24 29
383 15 3 29
383 24 50 27
383 42 38 27
383 50 42 21
383 22 35 28
383 22 45 23
383 36 27 28
383 46 19 35
383 3 34 30
383 26 37 18
383 37 35 26
383 18 22 31
383 30 33 33
383 25 40 25
383 25 4 21
383 50 8 26
383 23 42 23
383 1 25 21
383 18 48 24
383 15 6 25
383 43 13 29
383 43 29 27
383 19 13 32
383 23 44 33
383 30 10 32
383 4 31 24
383 1 23 25
383 20 17 29
383 43 38 29
383 16 29 21
383 49 11 31
383 23 2 30
383 28 33 30
383 5 15 30
383 6 13 33
383 36 36 23
383 16 18 30
383 42 12 24
383 18 1 32
383 20 13 29
383 25 41 31
383 7 45 24
383 13 37 28
383 30 33 33
383 3 44 30
383 35 28 18
383 44 33 31
383 48 27 26
383 5 33 28
383 48 46 25
383 48 25 27
383 14 20 28
383 39 3 20
383 28 33 30
383 16 3 30
383 13 42 31
383 26 6 29
383 35 35 22
383 2 6 26
383 29 36 27
383 14 26 30
383 48 27 26
383 5 45 18
383 26 43 27
383 29 35 29
383 28 1 24
383 32 6 27
383 41 50 19
383 9 47 30
383 14 29 21
383 22 48 21
383 8 27 31
383 41 28 28
383 10 7 29
383 16 7 31
383 26 24 41
383 31 20 32
383 44 34 23
383 13 25 29
383 16 26 30
383 22 20 19
383 29 50 36
383 22 14 30
389 8 40 24
389 4 26 26
389 4 5 20
389 16 8 33
389 25 21 23
389 30 24 27
389 25 5 23
389 44 45 27
389 3 49 31
389 7 12 22
389 38 35 25
389 7 41 25
389 12 25 29
389 36 5 26
389 35 24 30
389 24 31 26
389 50 49 27
389 47 49 23
389 23 39 25
389 26 48 24
389 50 34 26
389 44 34 27
389 2 36 30
389 26 23 33
389 6 13 27
389 33 16 27
389 3 21 24
389 16 48 18
389 22 33 19
389 8 4 30
389 48 50 28
389 21 30 27
389 34 49 28
389 2 39 26
389 15 18 31
389 50 30 22
389 14 34 28
389 33 25 23
389 33 22 23
389 10 18 32
389 31 11 28
389 13 3 26
389 28 35 22
389 6 31 28
389 10 22 30
389 5 9 25
389 19 10 22
389 34 26 26
389 39 7 26
389 25 36 22
389 29 24 29
389 12 16 23
389 29 18 21
389 7 49 26
389 1 47 29
389 20 39 22
389 48 16 30
389 41 41 24
389 45 33 28
389 43 6 24
389 32 7 31
389 14 36 23
389 12 12 20
389 16 13 32
389 17 45 13
389 42 4 27
389 32 30 26
389 31 28 24
389 13 45 29
389 45 15 26
389 47 44 25
389 27 38 28
389 13 34 26
389 8 38 27
389 11 38 39
389 21 20 25
389 23 34 18
389 7 16 33
389 40 30 28
389 32 41 27
389 48 3 20
389 15 16 24
389 12 13 26
389 40 46 25
389 41 45 22
389 40 36 28
389 25 22 28
389 30 31 24
389 4 30 21
389 18 43 28
389 38 38 28
389 23 25 34
389 50 3 25
389 1 18 29
389 50 6 26
389 17 33 25
389 32 15 31
389 23 34 18
389 15 19 31
389 12 39 30
389 37 9 24
389 36 47 23
389 9 41 30
389 24 41 27
389 25 33 23
389 28 27 21
389 40 32 22
389 40 11 28
389 1 9 33
389 45 9 23
389 32 42 28
389 50 33 30
389 12 31 27
389 8 24 23
389 44 13 30
389 23 3 20
389 35 32 21
389 47 21 29
389 6 49 29
389 29 26 23
389 17 33 25
389 47 26 31
389 6 49 29
389 18 21 25
389 38 24 27
389 11 11 28
389 50 20 28
389 49 38 24
389 49 32 26
389 28 21 26
389 34 46 30
389 46 22 26
389 9 45 31
389 47 8 24
389 34 23 27
389 37 26 22
389 34 12 21
389 49 11 23
389 33 42 22
389 39 35 26
389 18 16 34
389 45 10 25
389 32 49 25
389 39 1 22
389 27 19 28
389 35 29 32
389 27 10 21
389 4 8 25
389 33 24 30
389 21 4 28
389 43 1 32
389 37 30 23
389 25 46 24
389 40 29 23
389 20 43 23
389 37 40 31
389 7 10 28
389 24 25 18
389 41 33 26
389 23 31 23
389 26 15 23
389 16 14 25
389 20 37 21
389 9 48 19
389 14 35 25
389 5 18 22
389 48 25 21
389 36 7 33
389 14 18 31
389 30 46 25
389 10 30 30
389 20 33 23
389 30 50 19
389 6 28 26
389 16 17 27
389 9 23 26
389 45 16 28
389 39 39 25
389 14 29 29
389 40 2 29
389 48 27 27
389 50 26 25
389 31 17 30
389 3 46 32
389 7 22 24
389 23 30 37
389 34 15 22
389 43 16 24
389 20 9 28
389 31 46 32
389 17 40 28
389 37 6 17
389 33 44 29
389 50 3 25
389 37 26 22
389 8 22 24
389 21 6 17
389 19 10 22
389 43 21 29
389 3 39 25
389 25 45 17
389 34 13 30
389 22 23 20
389 34 39 27
389 6 11 25
389 24 42 28
389 48 6 24
389 34 48 26
389 9 43 23
389 19 24 27
389 43 32 31
389 39 22 18
389 36 49 28
389 16 12 22
389 2 30 27
389 20 28 29
389 33 31 27
389 15 24 17
389 9 12 27
389 10 9 16
389 9 32 25
389 19 18 20
389 44 29 22
389 2 16 32
389 17 13 28
389 26 20 26
389 49 43 27
389 38 8 28
389 9 43 23
389 32 32 15
389 6 31 28
389 20 33 23
389 8 10 25
389 46 28 29
389 11 2 22
389 29 43 24
389 4 37 18
389 8 9 28
389 35 41 27
389 38 22 15
389 8 33 29
389 4 40 14
389 11 34 27
389 19 9 25
389 14 18 31
389 23 5 29
389 18 14 29
389 9 17 21
389 7 15 22
389 23 38 26
389 29 10 24
389 19 27 30
389 8 8 29
389 36 50 23
389 23 33 27
389 17 40 28
389 7 44 25
389 38 15 17
389 33 48 25
389 10 22 30
389 35 9 23
389 49 42 19
389 19 17 30
389 38 21 23
389 23 44 33
389 34 50 25
389 25 34 23
389 28 16 28
389 12 25 29
389 1 48 20
389 39 6 22
389 13 15 20
389 12 11 24
389 24 24 34
389 31 43 26
389 26 22 36
389 11 15 19
389 7 37 33
389 39 45 31
389 29 22 28
389 43 11 25
389 39 29 28
389 12 6 36
389 34 32 34
389 18 37 28
389 11 7 30
389 18 29 32
389 31 14 26
389 37 49 28
389 32 26 25
389 31 33 28
389 23 21 18
389 47 47 19
389 18 16 34
389 29 5 24
389 17 16 25
389 36 14 27
389 7 40 28
389 23 14 27
389 39 3 25
389 36 43 26
389 43 9 20
389 46 37 26
389 19 11 27
389 27 12 19
389 35 5 24
389 42 20 31
389 10 19 20
389 41 17 28
389 8 46 27
389 5 30 23
389 20 22 15
389 21 41 18
389 4 38 33
389 39 45 31
389 28 43 28
389 12 14 24
389 23 26 29
389 37 23 15
389 17 47 24
389 36 31 14
389 14 7 29
389 44 1 22
389 1 18 29
389 32 4 30
389 2 2 16
389 12 36 25
389 34 44 22
389 38 26 28
389 6 34 30
389 27 21 18
389 49 16 24
389 41 26 22
389 42 25 32
389 50 13 30
389 24 6 18
389 30 26 26
389 46 39 23
389 46 16 27
389 39 25 28
389 23 35 27
389 33 22 23
389 7 29 33
389 14 28 24
389 25 11 22
389 6 45 26
389 37 46 23
389 39 3 25
389 45 35 28
389 33 48 25
389 7 7 14
389 36 40 25
389 20 1 24
389 48 49 22
389 7 48 28
389 31 41 26
389 47 32 33
389 38 22 15
389 22 2 26
389 45 33 28
389 19 16 30
389 5 3 24
389 10 2 21
389 44 7 26
389 7 26 20
389 3 47 15
389 41 39 31
389 42 47 27
389 25 38 36
389 4 20 25
389 43 47 27
389 39 4 28
389 15 7 27
389 38 33 21
389 27 22 28
389 37 48 24
389 31 45 24
389 26 25 28
389 10 23 35
389 20 25 29
389 14 29 29
389 47 41 27
389 42 10 25
389 42 37 27
389 40 19 25
389 5 9 25
389 39 17 25
389 48 26 27
389 8 29 28
389 1 17 27
389 44 36 31
389 42 42 26
389 45 13 20
389 50 6 26
389 2 12 32
389 7 31 28
389 17 36 37
389 24 47 22
389 6 20 30
389 16 12 22
389 9 6 32
389 13 31 24
389 29 7 28
389 14 49 32
389 48 19 23
389 6 10 30
389 17 5 24
389 10 25 23
389 22 38 19
397 35 14 22
397 3 8 23
397 13 30 34
397 35 47 24
397 42 16 27
397 3 12 32
397 27 38 26
397 21 48 21
397 36 23 29
397 3 41 24
397 18 39 21
397 29 6 27
397 28 45 20
397 18 14 26
397 47 44 28
397 29 36 29
397 39 25 20
397 37 10 29
397 1 35 22
397 15 20 24
397 6 31 27
397 45 47 25
397 4 44 23
397 22 27 22
397 40 38 23
397 25 48 25
397 22 33 24
397 41 26 26
397 17 30 25
397 12 33 27
397 26 35 23
397 30 29 22
397 43 18 32
397 11 15 28
397 13 7 18
397 9 43 28
397 27 47 33
397 44 33 29
397 25 9 24
397 16 48 21
397 4 24 24
397 35 25 22
397 45 46 29
397 25 46 26
397 3 6 23
397 32 13 19
397 10 29 29
397 8 2 23
397 35 42 18
397 6 16 30
397 9 28 29
397 30 23 29
397 44 12 20
397 5 17 21
397 36 37 22
397 25 47 34
397 3 39 22
397 41 50 29
397 35 42 18
397 40 46 33
397 45 45 20
397 10 32 26
397 23 50 20
397 48 5 27
397 14 38 15
397 26 33 27
397 28 13 19
397 13 3 25
397 7 1 35
397 39 24 32
397 44 29 28
397 41 43 17
397 42 30 24
397 37 4 19
397 20 4 27
397 29 35 24
397 50 5 29
397 25 18 17
397 5 10 21
397 14 1 32
397 14 46 22
397 36 49 39
397 16 8 29
397 24 15 28
397 38 2 34
397 46 5 29
397 33 17 27
397 44 15 25
397 38 27 24
397 1 44 23
397 1 2 27
397 46 1 18
397 17 23 27
397 28 1 26
397 38 6 23
397 40 43 23
397 12 23 27
397 11 23 23
397 7 50 19
397 41 31 32
397 25 39 27
397 38 31 17
397 44 45 25
397 31 40 24
397 18 22 27
397 23 23 21
397 33 18 38
397 5 14 27
397 41 16 30
397 45 43 25
397 32 7 32
397 38 16 28
397 25 44 24
397 8 21 21
397 38 7 25
397 2 15 19
397 24 12 23
397 37 31 18
397 4 31 30
397 45 16 19
397 6 47 33
397 32 29 25
397 23 41 22
397 50 22 24
397 3 31 25
397 11 22 20
397 3 38 28
397 13 2 30
397 23 22 32
397 46 36 24
397 43 18 32
397 49 10 23
397 28 33 32
397 14 5 19
397 15 47 23
397 43 5 21
397 45 11 24
397 43 2 30
397 19 30 29
397 23 30 36
397 3 25 27
397 7 47 20
397 2 18 28
397 35 42 18
397 37 22 22
397 24 6 25
397 41 42 27
397 19 2 20
397 28 2 29
397 26 30 31
397 30 23 29
397 14 24 32
397 11 49 22
397 47 40 24
397 13 4 21
397 49 10 23
397 25 18 17
397 3 47 30
397 29 41 23
397 22 7 26
397 33 27 31
397 5 49 27
397 4 43 34
397 36 22 23
397 5 10 21
397 33 48 25
397 32 50 29
397 36 34 27
397 14 2 22
397 4 14 27
397 1 26 25
397 6 43 25
397 42 44 25
397 43 7 19
397 41 27 31
397 41 15 23
397 32 27 23
397 6 5 27
397 18 23 29
397 21 35 26
397 18 22 27
397 1 8 24
397 40 40 30
397 3 19 25
397 24 10 25
397 12 2 24
397 12 31 32
397 21 26 18
397 4 25 23
397 3 20 28
397 42 40 27
397 39 31 20
397 18 29 27
397 28 1 26
397 14 34 16
397 41 3 19
397 2 39 22
397 33 42 27
397 4 31 30
397 17 27 28
397 43 43 21
397 28 9 20
397 9 2 23
397 7 37 24
397 1 14 40
397 30 22 22
397 2 22 24
397 47 36 29
397 6 9 18
397 20 24 25
397 22 37 30
397 49 17 29
397 25 48 25
397 43 1 33
397 24 3 24
397 31 48 26
397 17 34 18
397 18 39 21
397 41 42 27
397 16 50 31
397 4 49 24
397 17 10 27
397 8 37 28
397 28 30 27
397 3 3 21
397 28 40 29
397 27 26 19
397 35 29 26
397 37 31 18
397 41 18 22
397 46 31 33
397 26 38 24
397 45 10 21
397 29 48 30
397 49 38 22
397 6 33 30
397 29 43 22
397 47 17 17
397 2 22 24
397 46 27 30
397 20 30 26
397 5 42 28
397 3 22 28
397 36 22 23
397 10 34 21
397 27 28 21
397 22 16 30
397 12 37 31
397 26 38 24
397 29 47 21
397 26 32 28
397 4 20 25
397 25 32 24
397 15 42 22
397 17 46 22
397 4 34 27
397 48 18 24
397 20 44 27
397 36 13 30
397 3 26 29
397 28 23 19
397 30 43 28
397 36 47 24
397 29 45 23
397 21 24 24
397 46 36 24
397 8 28 24
397 35 39 24
397 39 49 18
397 24 1 31
397 45 12 31
397 38 38 28
397 8 45 31
397 40 27 25
397 31 44 18
397 50 42 22
397 43 18 32
397 50 25 30
397 6 2 26
397 16 44 22
397 1 37 26
397 16 38 16
397 12 10 23
397 43 19 33
397 4 22 25
397 27 46 28
397 49 21 28
397 31 9 24
397 26 20 25
397 10 33 26
397 46 34 18
397 33 32 28
397 13 24 27
397 9 15 21
397 42 34 24
397 4 44 23
397 11 38 27
397 17 3 23
397 45 47 25
397 24 6 25
397 2 33 25
397 2 24 28
397 10 16 31
397 19 25 32
397 27 3 21
397 41 29 20
397 48 13 21
397 19 42 21
397 47 35 27
397 10 4 25
397 3 16 28
397 14 42 19
397 46 3 23
397 47 29 29
397 41 50 29
397 4 21 24
397 7 28 23
397 39 33 32
397 8 26 24
397 29 14 21
397 21 44 28
397 43 19 33
397 14 19 26
397 21 43 26
397 16 42 27
397 44 8 26
397 44 17 27
397 41 2 38
397 35 45 23
397 25 6 27
397 7 1 35
397 20 2 28
397 13 33 18
397 32 24 24
397 14 19 26
397 7 1 35
397 29 22 23
397 34 44 30
397 13 19 31
397 40 37 27
397 1 9 28
397 37 13 28
397 47 39 22
397 30 49 24
397 7 44 37
397 35 23 35
397 50 41 28
397 18 13 22
397 10 34 21
397 39 16 31
397 18 30 27
397 42 9 26
397 39 34 27
397 46 29 27
397 19 43 20
397 16 36 18
397 5 33 23
397 5 2 24
397 24 46 29
397 4 13 23
397 28 29 23
397 29 4 31
397 39 7 27
397 20 4 27
397 19 27 29
397 49 24 25
397 24 43 25
397 14 7 38
397 50 18 27
397 34 3 30
397 1 29 18
397 14 23 28
397 38 45 29
397 49 19 22
397 7 33 20
397 34 46 33
397 13 13 29
397 49 17 29
397 29 23 25
397 32 28 21
397 18 20 22
397 28 46 18
397 18 18 29
397 14 31 25
397 14 27 23
397 2 33 25
397 15 5 23
397 8 5 28
397 32 44 22
397 12 22 26
397 14 47 43
397 42 43 32
397 4 31 30
397 6 32 25
397 42 21 22
397 28 14 24
397 34 25 25
397 24 42 30
397 36 14 30
397 25 44 24
397 50 14 31
397 44 12 20
397 15 25 25
397 44 34 34
397 30 46 23
397 4 20 25
397 17 43 45
397 9 8 23
397 24 8 21
401 19 31 22
401 22 40 20
401 16 9 31
401 48 10 28
401 50 28 23
401 14 6 17
401 38 30 27
401 19 21 30
401 27 28 22
401 38 11 23
401 1 25 26
401 15 38 27
401 42 10 21
401 3 24 21
401 16 38 16
401 29 21 23
401 27 20 18
401 30 11 26
401 50 25 34
401 25 3 20
401 34 27 32
401 11 2 25
401 31 36 21
401 22 29 33
401 31 41 29
401 35 28 22
401 19 43 23
401 18 21 28
401 1 33 23
401 19 25 25
401 42 10 21
401 35 9 29
401 17 12 20
401 28 6 22
401 36 29 25
401 42 2 22
401 28 46 20
401 42 17 23
401 38 45 30
401 3 32 20
401 39 44 25
401 4 44 32
401 6 9 26
401 11 11 27
401 4 17 24
401 10 14 25
401 23 8 26
401 36 3 29
401 47 38 23
401 11 5 25
401 44 38 26
401 48 23 21
401 23 33 31
401 12 18 20
401 38 47 27
401 16 4 31
401 24 29 25
401 6 4 28
401 5 9 30
401 16 31 26
401 34 19 24
401 16 42 25
401 1 36 32
401 27 34 31
401 20 28 36
401 23 22 27
401 40 29 26
401 21 29 26
401 2 10 33
401 16 41 22
401 47 26 20
401 40 11 27
401 11 35 25
401 22 46 24
401 43 22 26
401 20 4 35
401 20 13 22
401 18 11 31
401 2 8 28
401 8 36 21
401 41 5 21
401 12 16 17
401 42 38 17
401 15 23 25
401 32 34 27
401 44 49 31
401 2 30 26
401 31 43 26
401 25 14 33
401 43 36 32
401 20 27 20
401 30 13 22
401 35 42 26
401 48 18 23
401 35 20 26
401 9 23 22
401 28 36 20
401 6 29 28
401 14 22 30
401 21 45 18
401 5 41 34
401 45 13 30
401 21 12 24
401 49 23 22
401 15 5 29
401 29 28 28
401 10 10 25
401 39 10 29
401 15 41 26
401 5 39 25
401 50 36 22
401 47 36 27
401 33 16 25
401 33 3 30
401 18 17 25
401 36 14 36
401 7 38 23
401 31 40 29
401 9 6 30
401 28 47 26
401 25 13 25
401 47 19 24
401 44 22 28
401 39 25 26
401 20 44 24
401 43 34 27
401 26 39 27
401 29 3 30
401 41 5 21
401 24 14 18
401 5 1 22
401 14 26 29
401 1 46 24
401 38 4 23
401 29 7 35
401 47 24 27
401 1 36 32
401 23 49 26
401 4 16 21
401 28 19 19
401 10 46 19
401 47 40 26
401 47 47 26
401 18 42 25
401 18 32 20
401 26 2 22
401 4 13 20
401 33 3 30
401 48 43 23
401 19 4 29
401 25 40 24
401 32 4 31
401 6 3 19
401 2 49 23
401 33 33 24
401 24 20 25
401 24 42 22
401 44 43 18
401 27 46 16
401 41 28 29
401 37 37 21
401 13 31 24
401 24 25 26
401 28 6 22
401 34 5 20
401 8 31 25
401 22 7 23
401 39 42 31
401 2 32 31
401 8 32 24
401 4 47 15
401 48 8 29
401 14 15 29
401 21 18 30
401 1 24 20
401 43 19 25
401 9 2 30
401 2 29 33
401 41 42 21
401 4 28 22
401 22 4 28
401 31 13 18
401 47 39 21
401 49 44 25
401 25 22 20
401 15 27 17
401 41 46 28
401 38 27 24
401 40 44 26
401 18 33 25
401 47 32 19
401 22 47 29
401 20 40 23
401 46 32 20
401 48 27 17
401 5 15 19
401 31 24 27
401 34 9 27
401 49 1 32
401 21 2 24
401 14 20 29
401 26 4 28
401 16 49 30
401 10 17 27
401 4 16 21
401 43 8 24
401 40 35 32
401 7 36 23
401 45 14 29
401 50 20 22
401 50 17 21
401 15 23 25
401 3 50 32
401 18 5 35
401 43 45 19
401 12 30 24
401 33 9 23
401 7 20 27
401 34 15 22
401 45 32 21
401 27 24 15
401 23 20 28
401 30 45 25
401 46 11 23
401 3 30 19
401 11 18 23
401 13 30 30
401 16 28 21
401 44 40 25
401 49 27 26
401 46 45 25
401 10 48 30
401 22 29 33
401 19 43 23
401 10 47 26
401 49 33 24
401 22 42 33
401 12 25 27
401 28 13 28
401 32 47 25
401 20 7 21
401 18 25 29
401 49 24 31
401 28 22 33
401 48 26 25
401 40 2 27
401 6 9 26
401 21 38 23
401 18 42 25
401 36 36 23
401 6 33 27
401 37 1 26
401 20 20 28
401 18 18 29
401 30 41 29
401 50 7 23
401 48 5 25
401 8 34 23
401 30 32 22
401 47 34 23
401 38 31 17
401 27 9 18
401 49 36 24
401 34 14 21
401 8 45 25
401 7 18 26
401 2 39 33
401 12 12 24
401 13 34 30
401 40 25 22
401 47 5 19
401 13 26 23
401 27 34 31
401 33 33 24
401 43 38 16
401 49 42 29
401 8 28 22
401 2 27 24
401 24 37 26
401 26 9 26
401 50 23 24
401 26 4 28
401 20 37 31
401 4 13 20
401 21 37 21
401 17 12 20
401 41 31 31
401 36 19 17
401 36 8 20
401 32 19 17
401 40 45 24
401 7 3 22
401 44 11 27
401 33 31 30
401 35 31 27
401 1 16 15
401 22 8 24
401 42 10 21
401 34 25 33
401 15 23 25
401 28 16 26
401 43 28 21
401 40 29 26
401 19 50 28
401 40 2 27
401 9 12 35
401 5 17 24
401 49 6 27
401 38 23 17
401 35 19 31
401 12 15 24
401 35 8 28
401 10 8 19
401 10 18 20
401 1 16 15
401 8 4 26
401 3 37 31
401 35 30 19
401 39 2 17
401 5 23 25
401 4 45 19
401 29 7 35
401 50 49 29
401 41 5 21
401 6 29 28
401 47 42 29
401 37 29 29
401 7 1 32
401 47 7 26
401 39 18 25
401 4 32 28
401 50 42 29
401 7 3 22
401 15 39 32
401 6 50 16
401 30 30 25
401 2 17 26
401 27 25 28
401 33 43 26
401 30 12 28
401 21 39 24
401 29 43 20
401 4 11 20
401 22 7 23
401 39 15 29
401 2 17 26
401 11 27 22
401 24 11 32
401 31 25 24
401 47 48 22
401 26 23 24
401 31 15 25
401 46 29 15
401 24 23 24
401 24 35 30
401 33 7 25
401 26 10 31
401 38 14 22
401 45 12 18
401 44 2 22
401 50 21 21
401 24 13 24
401 34 27 32
401 21 1 22
401 17 46 34
401 17 7 22
401 31 23 26
401 19 9 19
401 4 25 26
401 34 11 29
401 36 46 20
401 22 20 24
401 17 9 23
401 36 33 29
401 6 3 19
401 33 1 20
401 32 43 32
401 40 30 20
401 25 6 14
401 19 16 27
401 33 2 37
401 2 41 28
401 18 16 31
401 43 49 23
401 12 29 31
401 22 19 29
401 31 49 28
401 26 21 30
401 3 49 22
401 23 48 24
401 44 28 25
401 18 15 24
401 12 7 28
401 27 21 29
401 1 15 20
401 38 47 27
401 18 22 24
401 49 9 22
401 11 15 24
401 43 42 19
401 4 11 20
401 8 49 22
401 28 7 29
401 29 16 24
401 46 33 29
401 16 8 31
401 26 14 27
401 36 26 26
401 3 34 19
409 22 11 28
409 20 6 32
409 16 18 27
409 14 30 24
409 15 39 33
409 14 30 24
409 15 1 32
409 17 49 25
409 3 20 19
409 36 41 26
409 2 24 24
409 44 46 25
409 38 13 33
409 8 9 27
409 43 6 30
409 18 7 15
409 9 1 29
409 7 32 24
409 41 9 19
409 48 33 22
409 24 2 27
409 32 14 24
409 41 7 25
409 6 23 27
409 44 21 18
409 32 47 22
409 10 34 21
409 33 30 22
409 22 19 22
409 27 10 20
409 4 42 24
409 50 24 31
409 7 17 32
409 34 21 21
409 11 39 23
409 13 23 22
409 5 31 26
409 3 11 25
409 50 29 27
409 9 13 27
409 37 32 26
409 18 12 20
409 18 36 28
409 2 31 25
409 22 27 24
409 10 27 26
409 38 7 22
409 11 50 21
409 28 3 21
409 14 44 22
409 44 20 19
409 19 40 26
409 46 39 25
409 18 37 30
409 11 39 23
409 2 24 24
409 27 47 18
409 18 9 23
409 23 47 30
409 21 46 21
409 10 17 27
409 37 5 21
409 35 27 26
409 15 22 23
409 29 49 22
409 6 7 23
409 26 25 27
409 41 20 24
409 9 19 21
409 28 4 26
409 43 19 21
409 43 32 23
409 10 26 25
409 22 13 27
409 40 2 32
409 26 29 23
409 35 43 22
409 10 34 21
409 6 11 18
409 45 14 25
409 19 19 29
409 8 45 28
409 38 31 25
409 38 31 25
409 20 32 26
409 41 33 15
409 4 18 27
409 23 12 22
409 43 27 30
409 47 1 25
409 12 18 24
409 27 38 22
409 23 26 22
409 7 10 22
409 45 27 27
409 19 39 24
409 39 36 25
409 19 23 21
409 16 24 23
409 23 13 25
409 20 43 24
409 35 41 23
409 37 8 23
409 26 5 28
409 32 8 20
409 31 22 19
409 21 20 26
409 9 48 26
409 46 23 27
409 37 5 21
409 37 48 19
409 40 36 24
409 31 7 18
409 4 1 23
409 2 27 29
409 36 17 32
409 1 50 25
409 35 15 18
409 23 5 21
409 18 12 20
409 10 15 21
409 39 14 23
409 7 15 19
409 29 29 22
409 19 29 23
409 27 50 20
409 4 38 30
409 5 18 26
409 44 31 24
409 28 17 32
409 12 9 28
409 21 8 21
409 4 50 27
409 7 35 20
409 10 46 23
409 18 10 17
409 32 10 25
409 40 44 33
409 18 11 28
409 45 11 26
409 40 15 24
409 12 33 23
409 23 47 30
409 10 20 23
409 35 9 18
409 15 28 27
409 1 49 26
409 18 31 21
409 41 10 21
409 33 44 29
409 41 41 23
409 15 32 25
409 40 11 24
409 46 4 28
409 8 28 28
409 35 16 19
409 15 19 25
409 6 34 22
409 9 46 25
409 3 3 19
409 37 29 25
409 2 47 26
409 7 44 21
409 28 31 26
409 8 33 23
409 37 11 24
409 41 31 25
409 7 22 27
409 10 44 19
409 47 28 26
409 21 48 20
409 35 14 15
409 17 39 22
409 17 17 23
409 6 16 24
409 6 45 24
409 4 30 24
409 43 41 29
409 31 7 18
409 32 18 24
409 37 36 27
409 33 4 29
409 44 28 24
409 4 4 24
409 34 12 27
409 39 9 36
409 15 23 33
409 3 23 27
409 16 27 28
409 34 47 21
409 29 9 25
409 31 15 26
409 37 48 19
409 43 30 20
409 10 23 34
409 33 22 21
409 15 23 33
409 44 27 21
409 32 16 23
409 45 41 28
409 18 11 28
409 10 38 27
409 27 38 22
409 34 1 28
409 33 3 26
409 27 18 23
409 43 11 17
409 1 13 30
409 6 16 24
409 34 3 18
409 45 21 27
409 26 10 29
409 46 42 29
409 6 49 20
409 50 34 25
409 45 42 30
409 45 41 28
409 30 14 29
409 36 36 27
409 44 20 19
409 18 13 25
409 33 7 22
409 18 2 25
409 40 24 19
409 27 1 17
409 5 15 24
409 43 27 30
409 40 37 26
409 41 1 24
409 42 30 27
409 20 2 25
409 43 20 23
409 14 30 24
409 16 34 26
409 23 50 25
409 45 1 24
409 29 22 22
409 15 47 28
409 26 33 23
409 38 31 25
409 8 6 25
409 18 28 26
409 44 48 27
409 12 27 27
409 36 38 28
409 47 26 25
409 29 33 24
409 7 10 22
409 9 1 29
409 45 19 19
409 22 49 28
409 50 11 29
409 20 24 29
409 4 21 26
409 14 47 24
409 13 30 25
409 41 16 28
409 5 45 28
409 44 34 22
409 8 39 23
409 49 2 22
409 41 48 25
409 47 43 25
409 43 19 21
409 17 20 26
409 43 13 24
409 18 20 25
409 39 25 21
409 35 4 22
409 21 35 23
409 42 16 29
409 38 34 34
409 49 20 25
409 41 13 26
409 25 23 26
409 25 8 29
409 18 44 25
409 38 1 20
409 19 3 28
409 44 44 22
409 25 45 26
409 20 40 17
409 6 12 24
409 20 37 21
409 6 41 24
409 43 1 27
409 29 6 34
409 36 15 27
409 5 12 13
409 44 17 28
409 40 14 22
409 6 23 27
409 44 29 24
409 8 31 17
409 7 12 24
409 21 11 21
409 29 15 22
409 9 17 30
409 12 33 23
409 36 20 22
409 17 37 22
409 28 13 26
409 39 22 25
409 36 20 22
409 33 30 22
409 2 2 26
409 37 7 28
409 16 20 18
409 29 29 22
409 19 1 23
409 19 12 26
409 49 4 22
409 19 17 26
409 48 47 22
409 14 42 27
409 22 26 20
409 1 39 29
409 22 29 18
409 18 20 25
409 11 49 26
409 23 1 26
409 46 19 25
409 26 7 27
409 10 29 26
409 3 4 24
409 28 8 26
409 40 17 22
409 45 42 30
409 8 31 17
409 2 32 18
409 26 26 25
409 46 42 29
409 22 3 29
409 27 7 33
409 8 13 24
409 34 17 21
409 33 27 27
409 16 45 21
409 38 45 30
409 26 22 27
409 12 6 24
409 37 43 27
409 40 4 26
409 8 32 27
409 19 6 25
409 50 1 20
409 22 34 20
409 20 7 17
409 18 28 26
409 44 50 19
409 42 16 29
409 22 47 25
409 16 28 29
409 2 8 22
409 29 40 25
409 19 18 22
409 10 2 22
409 42 38 20
409 9 38 28
409 29 6 34
409 27 17 29
409 22 10 23
409 28 45 32
409 42 40 28
409 15 14 28
409 30 14 29
409 7 44 21
409 50 1 20
409 47 1 25
409 47 48 33
409 22 20 14
409 15 28 27
409 36 37 19
409 32 25 18
409 47 48 33
409 12 46 24
409 1 18 19
409 27 30 18
409 19 41 26
409 38 20 29
409 31 12 23
409 28 30 23
409 12 45 20
409 3 35 29
409 35 41 23
409 44 35 18
409 21 46 21
409 26 36 27
409 13 32 19
409 23 31 28
409 5 24 25
409 27 48 27
409 37 9 26
409 24 20 24
409 36 33 22
409 4 42 24
409 8 34 24
409 46 22 21
409 5 24 25
409 1 48 23
409 9 37 15
409 34 27 27
409 19 11 30
409 16 12 16
409 18 19 37
409 20 2 25
409 50 32 21
409 32 19 22
409 40 45 31
419 35 5 26
419 35 29 29
419 48 11 25
419 45 21 23
419 15 1 25
419 25 9 28
419 21 43 30
419 17 44 27
419 18 46 26
419 21 12 34
419 15 3 22
419 10 38 21
419 34 16 26
419 9 18 30
419 20 36 27
419 28 26 29
419 30 40 21
419 29 27 34
419 26 17 29
419 13 34 22
419 37 24 22
419 25 44 18
419 10 29 25
419 49 36 27
419 17 34 22
419 45 38 26
419 41 33 23
419 17 50 18
419 43 45 31
419 8 35 27
419 38 15 31
419 9 1 21
419 27 27 32
419 21 36 24
419 21 12 34
419 49 35 21
419 33 33 21
419 2 36 28
419 29 9 33
419 41 9 24
419 25 28 25
419 13 26 22
419 49 10 26
419 8 9 28
419 20 28 23
419 14 18 22
419 13 23 24
419 50 32 25
419 38 36 24
419 29 27 34
419 41 17 22
419 17 2 22
419 24 9 25
419 13 50 25
419 12 31 29
419 18 14 25
419 43 5 25
419 45 9 24
419 7 21 28
419 35 17 26
419 14 1 29
419 1 47 18
419 47 23 25
419 25 11 24
419 15 9 21
419 7 33 28
419 33 49 30
419 44 21 23
419 30 17 16
419 42 16 20
419 29 46 28
419 44 47 23
419 31 45 24
419 35 15 17
419 7 3 19
419 6 7 17
419 47 5 31
419 33 2 32
419 12 19 31
419 24 13 19
419 5 7 24
419 32 23 24
419 8 29 23
419 32 43 30
419 16 34 20
419 38 23 22
419 38 44 21
419 37 41 26
419 35 46 25
419 35 28 29
419 14 13 23
419 5 49 29
419 30 16 30
419 20 21 28
419 7 28 24
419 22 23 22
419 3 16 32
419 16 30 21
419 31 45 24
419 47 32 23
419 23 36 23
419 8 14 19
419 45 6 20
419 1 21 21
419 31 40 19
419 25 37 30
419 35 41 22
419 25 31 20
419 4 8 24
419 7 44 15
419 47 39 20
419 23 6 29
419 16 42 17
419 15 21 29
419 6 24 19
419 45 49 12
419 30 25 26
419 1 16 26
419 28 18 16
419 6 44 24
419 42 25 31
419 50 34 19
419 11 35 30
419 14 6 27
419 29 6 23
419 32 40 23
419 26 2 27
419 11 23 28
419 48 9 26
419 1 13 25
419 30 26 24
419 34 34 27
419 23 3 22
419 48 34 25
419 23 34 23
419 23 6 29
419 4 26 17
419 49 13 25
419 6 38 27
419 43 48 17
419 39 16 30
419 20 21 28
419 14 47 21
419 43 29 24
419 30 45 25
419 48 47 29
419 8 25 24
419 3 11 22
419 25 7 22
419 21 38 21
419 11 43 17
419 3 21 23
419 28 41 25
419 26 24 25
419 48 20 24
419 48 31 21
419 21 15 27
419 48 28 28
419 15 20 22
419 33 20 23
419 28 16 32
419 33 37 25
419 8 42 31
419 27 14 24
419 9 43 15
419 36 27 22
419 39 2 24
419 3 50 29
419 32 36 21
419 6 18 25
419 42 24 21
419 1 24 30
419 41 15 29
419 18 42 21
419 9 20 16
419 28 23 25
419 13 23 24
419 43 27 21
419 44 11 22
419 46 33 17
419 48 43 25
419 11 19 24
419 47 49 24
419 50 35 19
419 15 10 25
419 8 25 24
419 42 42 20
419 39 16 30
419 38 17 26
419 25 49 23
419 14 18 22
419 27 15 24
419 47 1 24
419 4 8 24
419 11 40 21
419 12 16 24
419 50 37 29
419 34 36 22
419 2 23 17
419 35 23 27
419 25 28 25
419 44 27 28
419 14 48 25
419 40 29 22
419 9 34 21
419 22 43 20
419 31 14 26
419 36 35 19
419 7 25 29
419 32 25 27
419 27 2 27
419 3 8 22
419 1 41 28
419 4 34 27
419 50 19 21
419 39 2 24
419 29 25 24
419 19 10 18
419 26 43 19
419 7 12 27
419 40 29 22
419 5 17 27
419 27 34 25
419 16 24 25
419 1 26 23
419 6 45 25
419 40 2 25
419 14 46 21
419 41 33 23
419 49 6 22
419 25 22 22
419 11 17 29
419 6 46 18
419 40 48 16
419 3 5 25
419 12 11 31
419 3 48 17
419 44 9 23
419 24 37 29
419 45 8 25
419 36 7 30
419 24 22 34
419 23 10 24
419 1 31 26
419 26 15 33
419 39 33 27
419 22 1 20
419 15 44 23
419 38 46 22
419 4 15 28
419 19 33 22
419 31 6 30
419 43 16 25
419 32 10 30
419 45 23 24
419 9 45 17
419 18 17 21
419 50 21 27
419 47 38 24
419 23 30 23
419 44 30 22
419 25 23 33
419 31 48 14
419 20 37 20
419 17 24 23
419 23 18 26
419 39 24 25
419 33 40 19
419 5 29 30
419 16 12 29
419 2 47 28
419 38 23 22
419 24 23 28
419 40 44 26
419 2 15 24
419 47 28 18
419 37 21 22
419 23 9 20
419 50 3 18
419 34 41 24
419 20 29 27
419 24 26 29
419 5 4 25
419 5 4 25
419 22 47 28
419 19 10 18
419 10 42 19
419 47 32 23
419 6 7 17
419 13 4 20
419 28 2 23
419 48 28 28
419 32 29 34
419 34 32 22
419 22 24 22
419 20 25 26
419 48 29 27
419 8 37 24
419 41 28 21
419 22 13 34
419 7 17 28
419 11 17 29
419 42 25 31
419 50 3 18
419 5 30 28
419 42 14 16
419 4 31 28
419 27 1 28
419 5 49 29
419 22 6 18
419 15 5 22
419 33 12 29
419 27 22 23
419 17 30 22
419 2 24 26
419 20 19 18
419 41 41 26
419 24 37 29
419 29 45 24
419 2 25 22
419 18 42 21
419 8 22 16
419 18 44 17
419 1 49 18
419 5 30 28
419 43 49 28
419 49 9 31
419 29 2 22
419 5 28 26
419 37 35 32
419 36 20 28
419 36 37 30
419 21 25 19
419 45 19 26
419 12 12 26
419 43 50 18
419 11 34 25
419 43 16 25
419 36 25 28
419 30 1 24
419 7 29 29
419 38 39 19
419 8 16 30
419 6 44 24
419 17 33 20
419 23 38 22
419 14 14 19
419 5 39 29
419 37 29 21
419 19 5 18
419 1 37 20
419 22 27 22
419 16 32 18
419 46 20 28
419 46 25 29
419 35 39 26
419 21 17 21
419 11 6 23
419 8 48 19
419 1 25 26
419 46 32 22
419 30 50 27
419 5 9 30
419 19 13 26
419 49 39 25
419 50 48 20
419 41 49 27
419 15 7 26
419 16 47 30
419 26 34 31
419 1 30 24
419 2 1 24
419 6 25 20
419 9 49 24
419 21 38 21
419 20 11 24
419 29 38 23
419 13 15 30
419 30 22 28
419 42 26 32
419 41 29 18
419 28 14 27
419 1 24 30
419 16 42 17
419 34 32 22
419 10 10 26
419 18 20 29
419 15 39 15
419 39 8 22
419 47 35 20
419 3 48 17
419 46 33 17
419 48 26 20
419 36 7 30
419 48 19 24
419 14 18 22
419 7 45 24
419 42 35 23
419 20 34 18
419 21 35 31
419 37 1 24
419 37 6 23
419 17 18 12
419 23 14 30
419 28 34 27
419 40 1 19
419 2 34 26
419 50 23 20
419 17 11 22
421 5 39 21
421 35 31 23
421 8 18 22
421 45 43 20
421 23 50 32
421 35 27 25
421 42 46 24
421 35 18 20
421 25 38 25
421 12 47 21
421 9 18 21
421 21 12 25
421 25 10 22
421 4 11 24
421 40 9 19
421 34 11 19
421 36 24 25
421 38 49 22
421 25 41 18
421 47 41 21
421 29 11 17
421 27 31 18
421 13 22 23
421 11 3 29
421 8 41 25
421 37 37 27
421 30 44 28
421 39 46 17
421 35 8 28
421 23 19 24
421 17 22 28
421 29 6 19
421 28 38 30
421 45 40 24
421 12 36 24
421 18 25 22
421 46 20 26
421 5 37 19
421 1 30 22
421 9 30 30
421 8 47 26
421 31 39 26
421 40 17 20
421 28 19 22
421 3 33 22
421 49 22 20
421 38 38 27
421 8 3 22
421 49 47 27
421 36 42 28
421 2 11 26
421 49 46 24
421 11 39 21
421 42 23 22
421 34 49 25
421 24 48 22
421 17 26 19
421 46 47 21
421 25 32 39
421 5 15 20
421 37 23 29
421 27 50 24
421 14 14 19
421 35 44 23
421 1 26 18
421 10 6 22
421 30 9 23
421 18 28 22
421 38 41 31
421 10 27 23
421 26 41 28
421 10 7 29
421 38 22 24
421 8 30 15
421 48 27 19
421 43 17 19
421 43 3 25
421 23 2 25
421 21 17 27
421 3 30 16
421 10 46 24
421 11 49 28
421 50 12 24
421 47 32 25
421 44 31 22
421 16 44 15
421 49 41 20
421 40 2 21
421 23 31 26
421 19 29 24
421 39 1 23
421 21 26 21
421 22 30 26
421 5 32 19
421 39 17 27
421 45 2 26
421 38 34 21
421 26 25 27
421 31 16 32
421 13 23 15
421 31 40 23
421 34 46 23
421 18 12 21
421 22 39 23
421 34 16 21
421 44 3 28
421 28 16 24
421 43 11 23
421 48 4 31
421 42 7 22
421 49 2 20
421 38 13 27
421 10 47 25
421 24 34 13
421 24 31 23
421 9 41 22
421 20 20 24
421 38 24 27
421 36 10 15
421 42 19 14
421 12 9 26
421 12 47 21
421 41 43 28
421 20 14 26
421 10 4 22
421 40 23 28
421 36 6 22
421 18 19 27
421 32 27 25
421 6 10 24
421 49 45 24
421 19 34 19
421 16 27 23
421 15 31 30
421 9 27 28
421 48 14 29
421 19 29 24
421 31 41 26
421 29 16 28
421 41 28 28
421 13 49 21
421 10 30 15
421 47 4 25
421 33 6 37
421 36 44 30
421 43 16 28
421 9 33 26
421 6 24 26
421 11 11 31
421 1 17 19
421 24 17 20
421 40 21 25
421 32 33 27
421 36 23 24
421 4 7 21
421 24 18 23
421 24 1 23
421 9 8 25
421 44 28 17
421 36 15 20
421 39 32 17
421 13 28 16
421 32 39 24
421 21 22 25
421 35 22 24
421 19 1 26
421 13 45 23
421 31 7 21
421 48 32 23
421 18 13 24
421 41 42 24
421 26 45 27
421 15 39 25
421 17 44 21
421 8 25 31
421 20 33 32
421 13 32 25
421 29 38 34
421 46 30 19
421 37 19 21
421 31 21 25
421 7 45 23
421 45 12 27
421 5 44 25
421 41 12 19
421 19 9 22
421 18 15 28
421 12 33 21
421 44 45 20
421 40 7 21
421 27 10 20
421 14 3 27
421 19 27 32
421 7 3 27
421 27 4 22
421 4 2 29
421 34 50 26
421 26 26 19
421 3 6 27
421 24 16 35
421 33 17 21
421 29 42 24
421 45 29 18
421 49 16 34
421 19 23 17
421 15 12 28
421 44 21 20
421 13 30 30
421 19 46 19
421 8 24 29
421 47 6 20
421 32 4 31
421 25 18 31
421 6 23 18
421 26 42 25
421 48 40 24
421 26 6 25
421 27 15 16
421 20 12 12
421 24 47 28
421 1 24 24
421 29 7 24
421 19 21 22
421 31 14 28
421 36 10 15
421 5 38 22
421 8 16 16
421 46 43 25
421 47 19 19
421 13 31 24
421 30 20 26
421 17 46 22
421 37 32 23
421 12 26 21
421 24 22 29
421 24 8 16
421 18 40 23
421 18 37 32
421 35 2 31
421 36 36 25
421 19 47 24
421 16 43 23
421 37 5 18
421 8 31 21
421 9 18 21
421 10 19 26
421 23 39 25
421 8 9 22
421 48 17 23
421 43 4 20
421 39 23 28
421 3 39 26
421 25 46 21
421 28 34 21
421 44 48 24
421 26 15 26
421 40 2 21
421 15 2 25
421 48 9 23
421 8 34 22
421 18 21 24
421 25 31 24
421 29 26 22
421 7 11 26
421 34 22 21
421 3 27 19
421 45 43 20
421 43 44 21
421 47 37 20
421 10 23 19
421 29 20 19
421 31 16 32
421 3 39 26
421 34 15 17
421 27 8 28
421 1 30 22
421 37 4 17
421 17 28 28
421 26 21 22
421 44 31 22
421 48 22 13
421 43 9 25
421 50 7 19
421 9 6 26
421 27 32 22
421 33 42 29
421 29 22 27
421 31 34 19
421 3 20 26
421 31 5 29
421 46 12 16
421 26 18 25
421 26 29 24
421 11 11 31
421 26 23 23
421 46 49 20
421 2 8 28
421 15 2 25
421 36 2 24
421 11 8 28
421 19 15 26
421 9 28 17
421 29 26 22
421 36 27 22
421 39 44 19
421 39 18 21
421 20 9 26
421 23 50 32
421 29 47 22
421 33 37 23
421 47 24 26
421 32 27 25
421 42 49 19
421 39 27 27
421 32 32 25
421 49 16 34
421 13 46 36
421 31 31 19
421 39 35 23
421 32 21 24
421 21 34 18
421 28 44 24
421 1 27 20
421 5 39 21
421 50 13 27
421 25 43 25
421 23 26 25
421 29 29 31
421 29 42 24
421 20 24 17
421 24 48 22
421 29 5 26
421 36 25 20
421 2 42 25
421 31 41 26
421 40 17 20
421 20 39 26
421 48 22 13
421 35 7 25
421 41 28 28
421 15 43 25
421 22 14 20
421 50 40 26
421 29 28 27
421 19 28 21
421 10 40 22
421 42 28 27
421 19 21 22
421 30 14 25
421 15 19 24
421 14 46 23
421 28 34 21
421 4 5 20
421 22 25 28
421 25 36 24
421 32 48 31
421 41 33 29
421 29 47 22
421 19 38 24
421 36 49 30
421 2 8 28
421 50 16 32
421 30 32 35
421 40 5 27
421 47 1 29
421 26 37 17
421 39 23 28
421 13 44 26
421 20 10 25
421 36 8 29
421 40 21 25
421 16 2 22
421 5 22 27
421 40 40 22
421 6 49 20
421 39 45 21
421 29 21 22
421 36 3 25
421 7 7 34
421 4 12 25
421 7 17 28
421 35 49 25
421 36 43 26
421 19 22 29
421 8 36 27
421 11 9 25
421 38 8 20
421 46 35 24
421 39 1 23
421 23 41 18
421 36 38 26
421 2 9 23
421 44 38 26
421 6 14 29
421 33 42 29
421 20 43 22
421 25 15 28
421 11 40 22
421 7 27 26
421 39 34 23
421 32 19 25
421 50 7 19
421 31 5 29
421 43 16 28
421 47 22 24
421 50 18 26
421 10 36 20
421 42 15 23
421 3 2 35
431 44 41 27
431 43 40 20
431 10 7 20
431 15 20 26
431 38 23 21
431 24 21 19
431 28 35 29
431 47 17 22
431 12 28 23
431 33 12 29
431 9 2 22
431 5 22 20
431 8 47 31
431 15 45 20
431 2 16 27
431 37 6 22
431 14 21 23
431 45 2 26
431 50 25 25
431 2 3 25
431 21 20 25
431 39 9 26
431 24 4 27
431 39 14 17
431 17 30 21
431 18 9 21
431 19 42 19
431 23 18 17
431 16 7 21
431 10 34 26
431 20 45 29
431 50 25 25
431 41 33 22
431 30 37 26
431 27 27 21
431 26 12 31
431 18 36 25
431 2 2 14
431 37 14 16
431 37 40 27
431 10 45 16
431 45 42 32
431 11 48 24
431 24 31 18
431 34 29 30
431 3 24 22
431 24 2 22
431 20 24 23
431 21 38 26
431 30 47 32
431 47 17 22
431 35 23 23
431 14 11 20
431 18 5 20
431 35 44 23
431 29 43 25
431 30 16 20
431 6 31 25
431 20 15 41
431 47 12 28
431 33 38 19
431 33 37 22
431 5 38 26
431 45 43 28
431 24 37 20
431 3 43 25
431 8 49 27
431 22 35 23
431 2 17 24
431 18 27 17
431 6 3 28
431 1 43 20
431 20 33 20
431 3 43 25
431 36 33 26
431 11 1 14
431 36 48 24
431 39 15 20
431 44 18 23
431 3 7 19
431 46 38 26
431 10 24 27
431 16 35 21
431 2 40 27
431 35 10 30
431 49 48 26
431 36 12 26
431 10 3 20
431 48 18 28
431 40 43 27
431 33 44 22
431 2 23 18
431 41 3 23
431 12 41 22
431 29 50 34
431 27 38 22
431 37 27 24
431 14 48 29
431 37 35 21
431 5 40 21
431 10 26 24
431 11 28 26
431 39 24 23
431 12 49 28
431 34 50 22
431 11 2 28
431 10 3 20
431 6 25 20
431 16 38 15
431 10 2 20
431 50 17 24
431 44 4 22
431 5 19 19
431 29 50 34
431 40 50 24
431 8 5 26
431 25 1 19
431 47 39 22
431 44 6 29
431 48 46 24
431 30 28 26
431 6 47 25
431 25 14 24
431 24 38 18
431 49 36 26
431 44 41 27
431 44 28 17
431 42 12 20
431 40 20 20
431 13 28 26
431 13 11 21
431 44 27 15
431 32 34 27
431 21 1 25
431 4 1 20
431 17 17 23
431 44 11 21
431 3 10 30
431 10 14 24
431 38 25 21
431 29 15 27
431 42 3 25
431 38 7 26
431 27 33 27
431 32 34 27
431 2 24 32
431 35 42 25
431 23 26 22
431 39 19 23
431 16 38 15
431 12 29 24
431 32 14 17
431 24 21 19
431 9 48 19
431 1 28 21
431 18 31 28
431 29 3 26
431 27 50 28
431 17 31 24
431 31 47 20
431 37 40 27
431 29 22 22
431 17 49 23
431 23 16 20
431 33 45 13
431 6 14 22
431 22 35 23
431 34 40 26
431 40 28 26
431 22 12 20
431 21 29 25
431 35 36 22
431 8 48 19
431 24 7 27
431 35 50 20
431 35 38 24
431 6 5 25
431 44 1 25
431 44 10 27
431 27 32 20
431 8 30 23
431 50 8 25
431 2 11 22
431 33 33 28
431 11 35 21
431 50 33 27
431 39 23 25
431 17 33 18
431 35 46 26
431 15 41 19
431 21 4 31
431 36 8 25
431 13 30 22
431 1 1 29
431 32 25 14
431 7 50 27
431 9 13 27
431 28 18 23
431 25 38 28
431 29 45 26
431 16 37 27
431 31 10 24
431 45 1 22
431 39 6 27
431 4 40 16
431 30 47 32
431 25 39 20
431 9 37 24
431 9 47 26
431 6 28 14
431 36 7 26
431 37 28 23
431 5 17 21
431 36 9 23
431 50 15 19
431 41 45 21
431 3 32 24
431 42 3 25
431 8 41 23
431 36 22 25
431 23 27 25
431 33 7 26
431 33 23 20
431 39 26 18
431 49 6 17
431 40 14 21
431 12 28 23
431 47 22 23
431 3 8 18
431 33 17 33
431 40 42 22
431 33 1 23
431 8 45 26
431 29 27 18
431 5 21 19
431 2 12 25
431 9 7 23
431 16 34 25
431 3 30 15
431 31 13 24
431 50 26 22
431 34 25 19
431 10 10 20
431 35 48 20
431 4 17 32
431 35 35 22
431 44 47 19
431 24 43 24
431 48 24 24
431 5 25 18
431 11 5 22
431 25 41 31
431 39 27 31
431 7 22 19
431 14 32 25
431 36 3 16
431 25 43 32
431 6 43 20
431 42 10 27
431 50 30 24
431 48 28 26
431 11 22 22
431 3 43 25
431 25 5 21
431 29 23 19
431 39 26 18
431 5 1 25
431 44 35 26
431 34 19 32
431 46 23 21
431 13 2 26
431 33 29 28
431 24 37 20
431 48 22 22
431 10 49 22
431 37 39 17
431 26 45 20
431 11 37 22
431 49 32 17
431 44 29 25
431 15 39 29
431 5 17 21
431 40 11 29
431 26 20 29
431 24 49 15
431 43 2 24
431 42 50 32
431 34 48 22
431 31 15 16
431 35 40 24
431 14 7 26
431 6 32 24
431 47 2 17
431 27 5 25
431 23 33 26
431 9 1 20
431 23 20 26
431 35 27 28
431 42 1 24
431 14 47 25
431 35 24 20
431 49 7 22
431 21 5 19
431 48 28 26
431 46 42 20
431 25 46 24
431 32 27 24
431 46 10 22
431 31 40 22
431 8 47 31
431 28 15 21
431 17 39 21
431 30 24 23
431 47 43 28
431 44 20 27
431 27 13 21
431 16 28 24
431 18 36 25
431 47 12 28
431 20 47 20
431 16 31 25
431 45 39 31
431 12 48 22
431 27 39 20
431 47 47 14
431 25 1 19
431 31 23 26
431 2 23 18
431 35 5 17
431 20 47 20
431 19 31 21
431 18 33 23
431 24 44 24
431 45 49 23
431 3 10 30
431 13 23 30
431 31 45 17
431 38 10 21
431 2 36 28
431 14 39 20
431 6 8 35
431 50 5 23
431 49 1 25
431 20 41 15
431 50 46 21
431 11 42 16
431 41 29 21
431 42 22 34
431 35 7 22
431 34 41 22
431 50 31 21
431 13 17 29
431 49 33 19
431 4 20 33
431 6 44 21
431 4 17 32
431 10 12 24
431 18 2 37
431 5 38 26
431 16 8 22
431 49 27 25
431 26 23 25
431 22 37 13
431 15 21 15
431 42 37 27
431 30 43 24
431 34 7 23
431 32 22 27
431 34 25 19
431 17 37 23
431 29 12 22
431 38 27 16
431 37 49 23
431 2 15 22
431 25 5 21
431 1 43 20
431 12 44 26
431 12 5 23
431 2 9 27
431 10 46 24
431 40 42 22
431 12 3 24
431 1 5 21
431 23 44 25
431 35 1 23
431 2 15 22
431 27 20 20
431 24 27 30
431 39 33 22
431 13 24 24
431 18 36 25
431 10 43 25
431 30 44 19
431 42 7 25
431 23 7 24
431 23 41 20
431 15 31 19
431 1 27 24
431 10 37 21
431 32 29 29
431 38 45 22
431 41 4 24
431 25 22 27
431 40 41 21
431 49 48 26
431 3 12 22
431 21 4 31
431 6 12 23
431 19 31 21
433 14 50 19
433 11 32 29
433 22 47 22
433 10 4 24
433 42 10 14
433 40 36 27
433 36 50 19
433 3 34 27
433 14 42 27
433 10 27 25
433 14 26 23
433 31 43 21
433 5 8 29
433 2 19 20
433 19 24 23
433 50 29 30
433 8 16 27
433 30 10 27
433 41 15 25
433 10 21 25
433 9 20 25
433 36 35 28
433 3 7 19
433 33 8 26
433 47 30 14
433 12 28 20
433 50 42 15
433 21 42 35
433 18 3 29
433 29 10 25
433 32 17 21
433 29 28 21
433 25 23 28
433 24 15 17
433 46 34 19
433 33 3 23
433 20 49 31
433 19 46 17
433 41 42 19
433 14 29 25
433 25 26 21
433 46 35 20
433 8 16 27
433 31 1 26
433 31 7 26
433 22 36 24
433 8 18 21
433 43 50 21
433 24 5 17
433 6 12 29
433 10 6 18
433 38 7 19
433 27 22 26
433 20 2 22
433 19 4 22
433 25 38 22
433 31 18 22
433 20 10 19
433 39 14 22
433 13 34 24
433 43 39 17
433 13 1 25
433 14 1 35
433 48 6 28
433 36 8 23
433 28 2 24
433 36 32 22
433 38 6 36
433 37 24 25
433 50 12 22
433 6 24 23
433 1 3 23
433 44 24 18
433 21 9 15
433 1 36 19
433 23 17 19
433 40 8 32
433 14 18 27
433 40 47 16
433 3 3 30
433 38 12 18
433 8 33 22
433 49 44 25
433 43 40 17
433 47 39 25
433 34 49 27
433 39 25 23
433 36 42 22
433 26 23 20
433 8 13 30
433 37 5 20
433 14 18 27
433 29 27 26
433 17 17 22
433 33 37 21
433 32 9 20
433 50 46 28
433 49 44 25
433 1 50 25
433 30 6 24
433 45 8 25
433 48 33 26
433 36 12 33
433 43 46 25
433 44 8 19
433 14 20 19
433 7 13 25
433 33 32 20
433 34 30 23
433 39 15 27
433 1 5 19
433 21 46 25
433 8 36 25
433 48 37 24
433 1 13 21
433 46 16 16
433 26 41 24
433 3 29 29
433 1 40 23
433 44 34 28
433 35 14 26
433 3 13 18
433 44 24 18
433 12 34 21
433 19 46 17
433 8 16 27
433 1 25 24
433 41 6 19
433 41 33 18
433 14 1 35
433 1 36 19
433 32 44 21
433 33 19 21
433 50 18 20
433 13 25 23
433 37 27 25
433 25 11 22
433 4 33 21
433 17 9 17
433 35 11 22
433 21 23 21
433 9 9 18
433 45 40 19
433 6 16 22
433 37 21 26
433 37 37 22
433 7 25 20
433 23 39 19
433 23 9 32
433 38 35 21
433 5 31 18
433 2 23 28
433 43 40 17
433 41 27 25
433 30 28 24
433 21 8 33
433 21 19 19
433 5 10 26
433 27 20 24
433 48 39 23
433 26 40 27
433 29 17 21
433 41 41 28
433 12 15 22
433 41 9 30
433 50 44 26
433 14 8 23
433 40 39 23
433 1 28 19
433 30 21 26
433 11 1 33
433 5 6 25
433 16 45 18
433 44 2 18
433 37 48 23
433 50 23 17
433 22 42 27
433 11 25 24
433 16 47 26
433 47 7 27
433 43 27 19
433 11 16 31
433 16 20 24
433 4 10 30
433 20 41 22
433 5 26 19
433 46 13 16
433 33 36 27
433 24 11 21
433 50 24 22
433 12 18 21
433 36 4 20
433 43 41 20
433 15 49 26
433 12 4 29
433 45 49 24
433 38 34 25
433 5 29 24
433 12 16 27
433 10 47 16
433 22 28 16
433 49 29 20
433 16 36 24
433 43 18 25
433 30 32 13
433 31 13 16
433 35 7 29
433 39 33 22
433 22 10 20
433 1 6 27
433 7 11 21
433 34 43 27
433 48 43 22
433 20 50 26
433 25 39 25
433 37 16 29
433 19 40 18
433 3 32 31
433 23 45 20
433 26 24 15
433 50 5 17
433 49 7 19
433 8 25 22
433 22 12 22
433 47 20 23
433 25 6 17
433 14 44 26
433 10 7 22
433 28 45 23
433 48 25 21
433 45 36 21
433 33 12 23
433 6 4 33
433 9 44 26
433 8 18 21
433 45 13 28
433 29 12 30
433 46 40 31
433 37 7 22
433 14 12 22
433 30 27 21
433 41 38 16
433 42 22 16
433 24 10 25
433 12 10 19
433 40 29 17
433 1 13 21
433 27 49 25
433 11 21 30
433 12 28 20
433 13 21 30
433 19 10 23
433 26 10 31
433 16 42 23
433 27 50 21
433 19 45 19
433 8 16 27
433 2 8 21
433 43 45 22
433 15 10 26
433 29 11 20
433 43 45 22
433 8 9 21
433 43 16 21
433 12 22 24
433 14 42 27
433 23 4 17
433 12 13 22
433 41 28 23
433 10 9 22
433 5 4 23
433 34 39 25
433 9 50 13
433 35 18 27
433 36 15 22
433 25 18 23
433 33 36 27
433 16 27 20
433 39 38 22
433 50 29 30
433 35 17 23
433 49 47 17
433 9 14 22
433 7 17 21
433 3 46 25
433 35 41 28
433 37 3 22
433 15 3 19
433 27 46 27
433 50 16 24
433 28 10 22
433 33 3 23
433 21 43 22
433 21 45 18
433 48 1 25
433 5 50 28
433 20 16 25
433 4 49 22
433 3 49 21
433 29 38 22
433 20 46 24
433 11 40 16
433 35 44 24
433 12 7 23
433 2 23 28
433 36 26 27
433 27 26 17
433 36 8 23
433 44 20 24
433 42 47 25
433 49 26 25
433 16 17 28
433 48 4 20
433 20 15 17
433 11 7 27
433 28 50 23
433 37 39 21
433 38 36 21
433 26 21 19
433 39 30 27
433 6 7 25
433 17 31 23
433 33 9 19
433 16 23 15
433 49 40 25
433 34 11 32
433 21 3 24
433 37 27 25
433 28 34 26
433 29 50 28
433 12 46 26
433 2 8 21
433 17 46 26
433 42 45 27
433 33 43 29
433 22 3 28
433 43 19 18
433 19 38 24
433 39 3 24
433 40 41 21
433 19 10 23
433 37 49 26
433 27 20 24
433 32 39 19
433 43 10 23
433 5 46 26
433 26 41 24
433 15 47 26
433 2 30 22
433 42 24 21
433 11 46 20
433 1 18 19
433 22 13 37
433 15 28 29
433 7 44 32
433 49 31 26
433 29 48 20
433 32 24 15
433 11 23 26
433 21 16 17
433 34 48 32
433 8 20 23
433 39 30 27
433 41 25 30
433 15 18 20
433 40 46 16
433 35 8 26
433 43 42 26
433 38 10 13
433 17 14 20
433 45 50 26
433 15 23 26
433 5 14 33
433 10 49 31
433 5 23 23
433 7 35 21
433 45 5 27
433 48 19 28
433 50 39 30
433 37 27 25
433 21 4 20
433 38 22 24
433 39 17 29
433 10 7 22
433 34 28 26
433 1 33 22
433 31 3 32
433 37 14 22
433 10 46 21
433 9 26 21
433 21 2 15
433 37 42 28
433 1 10 20
433 25 42 27
433 49 24 20
433 24 4 24
433 40 14 17
433 34 9 26
433 17 18 26
433 9 30 21
433 23 47 21
433 26 3 18
433 50 33 17
433 19 22 24
433 15 42 17
433 29 9 18
433 44 39 14
433 45 17 24
433 28 27 23
439 29 28 20
439 34 12 25
439 4 29 30
439 4 42 22
439 12 28 22
439 2 25 21
439 49 11 16
439 48 38 19
439 17 33 28
439 5 34 24
439 4 43 30
439 38 9 25
439 50 6 19
439 36 49 17
439 20 36 20
439 45 7 28
439 33 28 22
439 4 16 24
439 29 48 19
439 32 28 25
439 4 31 25
439 2 18 23
439 45 6 23
439 48 32 23
439 15 5 22
439 16 18 24
439 31 45 25
439 44 34 19
439 25 15 18
439 34 19 29
439 36 25 23
439 17 21 22
439 32 1 21
439 50 6 19
439 9 40 19
439 7 3 22
439 24 46 27
439 20 2 18
439 49 41 15
439 45 26 21
439 28 17 24
439 20 5 14
439 4 31 25
439 47 38 23
439 18 39 24
439 20 2 18
439 14 23 26
439 18 30 20
439 34 29 29
439 26 20 26
439 16 6 23
439 29 39 26
439 21 49 32
439 30 31 30
439 31 28 21
439 38 17 27
439 27 35 17
439 50 29 31
439 20 7 21
439 22 41 32
439 40 50 22
439 11 33 22
439 46 43 29
439 25 10 16
439 1 34 24
439 23 7 18
439 37 38 22
439 5 18 21
439 43 10 22
439 3 22 21
439 17 26 19
439 14 46 16
439 16 9 21
439 15 47 23
439 8 24 29
439 12 49 24
439 17 20 20
439 49 20 22
439 28 37 26
439 11 14 18
439 24 35 15
439 14 7 26
439 19 5 25
439 40 9 28
439 45 46 20
439 19 37 15
439 16 1 27
439 45 24 25
439 23 16 25
439 3 5 21
439 3 29 21
439 2 6 20
439 31 43 23
439 48 32 23
439 9 31 20
439 10 37 19
439 29 11 19
439 21 7 24
439 26 7 23
439 21 11 22
439 43 3 21
439 23 37 29
439 27 44 14
439 20 18 18
439 14 42 24
439 35 1 19
439 42 36 26
439 45 25 25
439 13 2 24
439 40 46 25
439 25 41 21
439 11 27 27
439 28 33 20
439 12 33 19
439 35 32 23
439 23 5 17
439 25 34 19
439 33 7 24
439 8 11 23
439 37 7 26
439 46 9 29
439 2 29 22
439 32 35 17
439 12 40 19
439 35 12 29
439 45 44 13
439 19 33 24
439 9 43 23
439 22 5 17
439 14 40 23
439 26 13 25
439 13 48 23
439 38 12 19
439 4 37 19
439 22 19 23
439 9 46 18
439 49 8 16
439 41 12 16
439 23 10 21
439 14 18 24
439 2 21 16
439 31 37 21
439 26 8 20
439 7 32 20
439 31 43 23
439 42 19 16
439 35 42 26
439 1 32 30
439 46 6 30
439 44 43 29
439 42 15 28
439 36 42 23
439 49 29 28
439 23 2 24
439 9 30 18
439 11 20 25
439 33 36 24
439 28 7 27
439 50 36 29
439 30 27 21
439 42 27 32
439 10 6 29
439 29 44 19
439 37 25 26
439 43 2 20
439 39 11 19
439 18 20 32
439 38 15 21
439 7 41 21
439 32 34 22
439 18 39 24
439 47 15 25
439 22 37 29
439 16 47 22
439 36 9 21
439 36 11 21
439 47 42 28
439 21 26 30
439 9 10 30
439 44 47 24
439 28 15 21
439 1 8 22
439 23 11 30
439 50 28 18
439 1 14 27
439 10 21 18
439 30 14 25
439 19 36 19
439 1 24 21
439 15 24 25
439 37 35 25
439 38 19 21
439 46 36 21
439 34 19 29
439 29 32 27
439 11 36 23
439 45 34 23
439 30 42 24
439 49 43 25
439 32 25 28
439 17 21 22
439 46 2 24
439 19 19 20
439 47 5 25
439 32 20 23
439 12 21 17
439 29 6 21
439 9 7 16
439 10 45 31
439 19 9 22
439 30 6 26
439 47 24 19
439 42 16 28
439 35 11 16
439 30 20 28
439 44 2 23
439 47 28 23
439 34 24 15
439 48 14 28
439 46 48 25
439 18 21 20
439 33 27 27
439 26 18 31
439 47 37 22
439 6 5 21
439 40 13 15
439 27 45 21
439 24 43 22
439 29 50 21
439 18 39 24
439 31 33 18
439 17 25 19
439 14 13 20
439 45 1 29
439 4 43 30
439 49 40 19
439 26 48 16
439 11 18 28
439 35 48 28
439 3 7 26
439 4 38 27
439 36 12 20
439 22 7 31
439 10 3 32
439 37 20 30
439 6 3 23
439 21 30 19
439 15 8 20
439 32 40 24
439 33 49 29
439 35 40 24
439 42 32 23
439 17 49 27
439 23 28 21
439 1 9 27
439 19 32 24
439 48 25 26
439 23 41 27
439 34 13 22
439 34 15 19
439 27 22 22
439 49 20 22
439 49 15 21
439 30 6 26
439 12 8 21
439 48 11 21
439 6 38 23
439 16 46 26
439 49 41 15
439 18 10 28
439 33 47 24
439 2 9 25
439 18 48 22
439 13 6 15
439 16 25 19
439 26 23 24
439 6 38 23
439 46 1 17
439 41 10 27
439 49 23 18
439 1 16 24
439 19 27 24
439 20 50 25
439 43 4 26
439 24 16 29
439 7 22 22
439 44 13 25
439 43 39 27
439 7 43 16
439 35 25 29
439 30 3 21
439 1 26 18
439 47 5 25
439 50 32 28
439 6 13 21
439 35 19 26
439 16 25 19
439 33 1 32
439 40 35 18
439 15 18 20
439 37 13 21
439 38 40 27
439 50 39 27
439 48 26 27
439 2 27 26
439 3 35 23
439 31 25 28
439 47 49 21
439 31 14 19
439 2 31 23
439 23 31 21
439 33 23 21
439 22 26 18
439 17 21 22
439 21 36 21
439 19 10 22
439 7 11 26
439 13 37 28
439 48 27 22
439 48 28 27
439 2 29 22
439 41 13 19
439 16 5 30
439 43 2 20
439 43 14 27
439 42 24 27
439 42 22 23
439 44 30 18
439 16 17 16
439 47 34 26
439 13 36 16
439 26 23 24
439 11 31 29
439 16 26 21
439 19 9 22
439 16 16 24
439 9 38 30
439 4 26 19
439 26 34 17
439 33 19 24
439 36 7 24
439 8 33 19
439 34 38 15
439 32 14 24
439 10 23 29
439 41 16 20
439 34 34 29
439 37 27 21
439 49 2 28
439 49 29 28
439 2 7 18
439 29 12 18
439 15 38 20
439 8 10 27
439 31 11 28
439 7 7 17
439 29 4 21
439 48 7 14
439 24 21 25
439 20 49 34
439 22 31 19
439 10 18 13
439 22 15 21
439 6 2 28
439 29 33 27
439 2 2 18
439 19 20 26
439 1 26 18
439 10 30 14
439 43 7 22
439 21 14 28
439 47 42 28
439 46 30 26
439 44 12 25
439 11 45 29
439 47 44 23
439 25 5 20
439 28 15 21
439 44 46 28
439 11 10 21
439 25 50 27
439 14 27 27
439 19 38 24
439 45 21 19
439 6 18 31
439 18 4 20
439 11 39 22
439 30 16 17
439 14 35 26
439 4 22 20
439 41 22 19
439 4 40 24
439 28 20 21
439 29 12 18
439 3 12 23
439 47 18 21
439 49 40 19
439 1 26 18
439 45 6 23
439 26 29 27
439 15 47 23
439 16 21 25
439 17 42 20
439 15 41 25
439 44 2 23
439 21 40 14
439 30 10 24
439 3 26 28
439 17 8 18
443 15 49 19
443 14 4 29
443 44 34 17
443 32 2 25
443 31 50 27
443 22 48 19
443 39 46 28
443 40 47 22
443 19 46 23
443 9 36 29
443 46 37 18
443 40 42 27
443 16 16 23
443 35 21 26
443 30 24 23
443 13 41 28
443 48 20 19
443 25 44 20
443 7 1 23
443 16 28 23
443 31 17 19
443 21 30 24
443 1 3 27
443 3 37 32
443 37 24 20
443 4 9 26
443 41 49 20
443 41 34 19
443 28 29 21
443 40 28 25
443 2 39 22
443 8 3 24
443 21 38 20
443 8 33 20
443 7 22 19
443 1 5 26
443 49 47 18
443 38 2 23
443 15 48 25
443 1 38 18
443 28 10 26
443 36 36 24
443 3 16 26
443 49 8 21
443 2 24 28
443 22 23 31
443 46 31 34
443 27 10 21
443 18 3 18
443 40 50 36
443 31 33 19
443 12 4 24
443 41 16 21
443 21 13 23
443 39 20 26
443 50 46 22
443 21 30 24
443 49 21 23
443 35 42 19
443 18 4 19
443 31 45 29
443 46 34 24
443 10 25 24
443 1 41 31
443 42 5 17
443 47 36 25
443 19 22 29
443 3 10 26
443 36 18 19
443 35 9 17
443 24 29 23
443 18 26 16
443 21 4 17
443 12 18 19
443 6 15 18
443 34 22 28
443 32 26 21
443 6 15 18
443 6 36 23
443 26 49 26
443 30 50 18
443 11 18 32
443 18 9 23
443 16 46 26
443 29 42 32
443 6 22 23
443 28 17 26
443 45 15 21
443 24 14 26
443 10 46 21
443 38 15 21
443 18 14 26
443 23 24 20
443 45 8 24
443 20 15 23
443 39 35 27
443 34 36 16
443 29 12 17
443 35 49 25
443 50 22 25
443 17 41 25
443 33 24 19
443 42 38 27
443 41 33 14
443 16 30 19
443 41 45 31
443 18 11 21
443 41 34 19
443 50 37 22
443 4 33 28
443 8 26 23
443 1 43 18
443 36 44 23
443 21 14 25
443 47 1 32
443 27 18 22
443 28 38 22
443 27 30 17
443 32 36 24
443 9 13 22
443 31 34 22
443 30 10 22
443 18 25 24
443 44 19 21
443 24 2 23
443 30 32 24
443 27 32 16
443 48 9 24
443 13 38 17
443 19 32 25
443 19 29 26
443 44 44 17
443 34 33 18
443 46 39 26
443 17 50 17
443 34 11 27
443 34 37 21
443 44 41 24
443 24 36 19
443 7 36 20
443 46 17 22
443 33 26 22
443 37 42 22
443 11 47 20
443 23 10 24
443 10 4 20
443 43 12 23
443 13 48 17
443 35 26 17
443 12 46 15
443 17 3 21
443 30 44 24
443 22 11 19
443 5 44 26
443 26 4 26
443 49 5 25
443 10 48 29
443 4 4 29
443 23 49 24
443 26 43 21
443 38 26 21
443 7 29 25
443 41 43 31
443 17 50 17
443 14 31 22
443 42 17 28
443 27 17 25
443 26 27 17
443 46 36 25
443 33 49 26
443 26 7 19
443 22 3 18
443 39 43 21
443 38 16 25
443 12 18 19
443 5 40 26
443 38 38 27
443 47 44 18
443 36 32 16
443 48 41 25
443 28 33 19
443 50 25 30
443 37 15 29
443 47 16 20
443 8 19 18
443 7 19 26
443 20 4 31
443 4 35 25
443 45 19 21
443 40 47 22
443 28 10 26
443 41 44 24
443 34 8 21
443 47 12 11
443 45 3 29
443 38 14 21
443 37 6 23
443 7 13 19
443 40 39 25
443 16 40 22
443 17 21 21
443 40 1 28
443 24 34 26
443 13 2 27
443 29 6 22
443 28 22 20
443 23 4 21
443 12 24 24
443 20 2 22
443 24 4 21
443 38 25 24
443 15 18 21
443 29 47 25
443 46 17 22
443 37 9 25
443 12 42 20
443 6 22 23
443 38 27 21
443 35 11 30
443 30 1 18
443 1 2 26
443 24 42 22
443 15 14 21
443 44 39 19
443 29 46 25
443 40 3 25
443 17 41 25
443 6 47 22
443 17 37 22
443 12 49 20
443 10 9 27
443 3 10 26
443 36 34 29
443 10 23 22
443 38 8 18
443 36 23 30
443 16 3 17
443 24 44 30
443 16 24 19
443 27 20 25
443 29 4 21
443 34 47 30
443 22 37 23
443 49 19 25
443 8 45 34
443 39 37 28
443 2 21 16
443 34 33 18
443 8 3 24
443 49 30 24
443 29 36 26
443 39 25 26
443 21 28 19
443 5 25 22
443 30 10 22
443 50 5 18
443 14 3 25
443 38 36 27
443 37 5 26
443 18 34 18
443 50 23 25
443 7 14 24
443 49 29 20
443 21 24 21
443 20 19 28
443 38 45 23
443 17 11 18
443 49 6 19
443 42 20 15
443 38 5 25
443 11 27 24
443 37 46 20
443 11 12 25
443 1 48 18
443 50 44 27
443 36 21 27
443 45 24 28
443 9 49 23
443 50 49 19
443 25 33 16
443 31 7 22
443 32 27 25
443 28 49 28
443 1 16 18
443 15 24 23
443 38 9 26
443 48 19 16
443 26 31 15
443 5 26 9
443 22 31 26
443 50 13 36
443 42 11 22
443 41 2 19
443 46 17 22
443 17 30 18
443 22 9 25
443 37 33 23
443 10 12 18
443 11 17 22
443 27 22 23
443 1 18 25
443 1 29 20
443 1 23 20
443 13 20 19
443 6 26 17
443 1 20 24
443 50 6 22
443 2 49 24
443 23 6 25
443 10 15 17
443 36 39 16
443 41 43 31
443 20 33 27
443 26 10 30
443 8 22 18
443 16 37 22
443 21 3 34
443 8 5 24
443 48 50 27
443 24 38 25
443 24 12 26
443 2 18 19
443 43 47 29
443 15 49 19
443 22 20 17
443 10 7 20
443 45 4 21
443 24 42 22
443 18 26 16
443 48 11 23
443 26 49 26
443 38 14 21
443 7 34 21
443 44 16 24
443 27 32 16
443 42 33 16
443 41 38 25
443 8 50 14
443 49 13 23
443 42 2 19
443 4 49 20
443 12 9 21
443 23 24 20
443 8 9 25
443 8 5 24
443 42 3 18
443 33 31 18
443 37 11 20
443 21 32 22
443 38 33 16
443 12 8 17
443 13 48 17
443 23 2 19
443 24 39 23
443 30 7 19
443 37 41 24
443 34 45 24
443 24 11 22
443 32 21 21
443 41 30 22
443 48 41 25
443 17 18 12
443 39 49 29
443 1 15 25
443 20 44 20
443 34 22 28
443 27 30 17
443 21 2 21
443 18 38 25
443 46 45 18
443 24 46 25
443 41 1 27
443 4 33 28
443 41 22 28
443 25 48 32
443 44 31 20
443 29 35 24
443 16 44 25
443 37 14 25
443 4 14 15
443 23 47 28
443 29 46 25
443 13 45 22
443 30 21 26
443 6 10 15
443 32 42 15
443 38 28 34
443 45 2 20
443 15 11 15
443 44 41 24
443 44 29 30
443 18 38 25
443 41 10 25
443 46 16 21
443 5 41 18
443 15 18 21
443 26 8 26
443 34 18 28
443 37 11 20
443 46 8 24
443 35 10 21
443 8 40 25
443 8 25 22
443 20 26 22
443 9 2 12
443 3 40 19
443 36 10 31
443 11 43 22
443 41 23 19
449 46 19 19
449 41 22 28
449 17 42 21
449 20 3 24
449 47 2 24
449 12 45 23
449 6 5 21
449 42 28 23
449 21 7 27
449 3 49 25
449 44 37 20
449 35 48 30
449 20 37 16
449 21 34 17
449 14 4 23
449 24 8 22
449 3 5 20
449 48 5 23
449 16 2 19
449 48 20 15
449 26 14 19
449 15 49 25
449 23 39 19
449 15 28 24
449 24 33 17
449 46 8 22
449 24 25 28
449 8 46 30
449 6 8 20
449 22 30 26
449 26 9 22
449 16 29 20
449 50 16 28
449 43 7 18
449 22 16 24
449 9 31 25
449 40 14 20
449 42 33 19
449 14 23 22
449 11 23 26
449 26 23 23
449 4 22 20
449 38 30 23
449 30 30 14
449 17 15 21
449 23 38 26
449 12 28 23
449 13 35 19
449 22 35 19
449 32 38 16
449 9 24 16
449 18 25 30
449 23 44 32
449 38 26 26
449 9 4 25
449 39 3 22
449 43 1 32
449 40 42 25
449 13 31 23
449 30 18 19
449 40 26 25
449 11 7 19
449 34 17 18
449 19 22 25
449 9 14 16
449 13 22 31
449 36 38 27
449 3 41 29
449 38 29 25
449 46 44 23
449 50 43 26
449 29 24 24
449 21 32 19
449 14 27 25
449 47 10 25
449 26 39 23
449 32 9 25
449 50 28 20
449 9 49 26
449 43 7 18
449 28 26 20
449 22 3 24
449 15 6 20
449 29 9 25
449 22 12 20
449 14 19 24
449 45 41 19
449 24 40 17
449 9 49 26
449 5 48 8
449 14 49 28
449 23 9 17
449 27 42 19
449 36 9 25
449 28 38 27
449 10 32 23
449 39 1 23
449 13 1 25
449 50 22 25
449 8 36 24
449 3 17 17
449 24 44 22
449 50 33 17
449 31 11 31
449 32 1 22
449 49 8 28
449 30 21 17
449 37 44 29
449 42 11 26
449 9 3 18
449 29 43 33
449 14 36 25
449 29 23 22
449 31 41 30
449 46 11 27
449 20 34 14
449 24 46 21
449 23 34 19
449 37 34 15
449 3 44 23
449 3 44 23
449 21 43 26
449 10 7 28
449 38 39 25
449 50 45 24
449 48 40 15
449 48 29 22
449 49 41 16
449 39 23 19
449 33 20 20
449 27 19 30
449 47 46 23
449 34 22 23
449 22 13 24
449 26 21 28
449 3 26 22
449 27 27 26
449 15 9 27
449 29 3 15
449 7 2 29
449 21 46 12
449 27 33 19
449 47 46 23
449 6 5 21
449 7 8 26
449 31 20 22
449 50 28 20
449 32 22 23
449 6 27 18
449 31 11 31
449 14 30 21
449 40 17 27
449 44 9 26
449 10 32 23
449 37 46 30
449 9 6 25
449 3 10 28
449 28 19 23
449 11 29 23
449 5 4 25
449 29 42 25
449 5 20 26
449 21 38 24
449 8 45 19
449 36 27 22
449 45 34 28
449 29 44 20
449 8 10 22
449 29 5 24
449 32 14 17
449 26 49 25
449 14 36 25
449 41 14 24
449 29 20 27
449 14 36 25
449 42 8 25
449 12 8 21
449 34 26 24
449 49 37 19
449 46 11 27
449 27 20 27
449 3 21 23
449 39 9 29
449 33 28 22
449 27 47 20
449 24 28 20
449 28 34 25
449 42 3 18
449 28 10 24
449 13 14 20
449 24 44 22
449 28 20 19
449 40 3 17
449 49 41 16
449 10 12 23
449 26 29 19
449 9 12 18
449 50 23 21
449 34 41 21
449 33 30 20
449 31 12 20
449 8 43 24
449 13 47 20
449 33 29 23
449 5 41 30
449 38 20 24
449 15 7 23
449 11 6 24
449 47 4 26
449 22 9 27
449 10 39 17
449 40 43 21
449 6 15 27
449 33 24 16
449 12 7 22
449 22 6 26
449 4 10 22
449 31 1 21
449 24 36 21
449 13 9 25
449 7 2 29
449 46 30 23
449 25 4 15
449 16 48 21
449 31 21 22
449 36 24 20
449 11 40 21
449 49 30 30
449 9 44 18
449 40 4 21
449 12 13 28
449 35 48 30
449 8 25 34
449 17 37 19
449 12 6 25
449 1 7 17
449 9 12 18
449 39 15 23
449 5 40 23
449 10 4 17
449 27 24 27
449 10 45 23
449 28 37 21
449 33 8 19
449 2 29 25
449 46 8 22
449 33 29 23
449 23 47 22
449 16 26 30
449 19 19 23
449 11 8 23
449 21 26 19
449 15 9 27
449 19 43 19
449 50 35 23
449 46 10 26
449 47 30 25
449 14 49 28
449 50 1 23
449 4 28 23
449 50 10 17
449 1 37 16
449 45 49 17
449 6 37 17
449 47 2 24
449 1 7 17
449 17 26 22
449 25 13 16
449 1 9 24
449 38 33 24
449 10 28 15
449 48 31 21
449 24 41 27
449 4 42 26
449 37 21 20
449 48 39 20
449 23 49 20
449 46 39 25
449 37 6 19
449 10 12 23
449 43 6 22
449 2 34 28
449 25 22 18
449 13 45 26
449 40 36 25
449 29 29 21
449 22 10 22
449 48 30 17
449 21 24 26
449 43 30 26
449 10 13 24
449 44 14 23
449 5 24 27
449 16 12 16
449 25 10 26
449 8 31 19
449 19 2 31
449 22 28 19
449 20 9 28
449 14 12 24
449 11 33 28
449 18 42 28
449 20 46 16
449 12 10 28
449 37 21 20
449 47 22 20
449 36 44 20
449 40 47 23
449 20 1 26
449 33 12 18
449 9 36 29
449 19 17 24
449 8 2 22
449 5 29 18
449 5 43 29
449 24 48 17
449 49 29 27
449 13 8 20
449 3 29 20
449 18 28 18
449 12 34 29
449 32 19 25
449 10 45 23
449 50 19 26
449 40 12 26
449 44 38 25
449 10 44 22
449 50 47 19
449 17 49 21
449 45 12 22
449 23 31 24
449 21 8 27
449 21 13 17
449 12 42 27
449 1 9 24
449 28 18 24
449 19 42 20
449 19 35 22
449 18 5 24
449 39 47 22
449 26 43 22
449 15 12 25
449 42 6 26
449 46 14 32
449 25 15 15
449 34 16 26
449 27 46 27
449 19 41 19
449 17 22 31
449 21 12 31
449 35 47 15
449 44 22 31
449 36 4 17
449 10 36 21
449 49 11 24
449 19 23 24
449 23 47 22
449 47 20 19
449 7 9 26
449 27 31 26
449 30 48 21
449 12 16 19
449 44 33 18
449 18 22 24
449 1 27 29
449 37 3 21
449 9 5 30
449 37 8 19
449 46 28 20
449 10 23 18
449 28 37 21
449 5 30 19
449 30 25 28
449 32 48 19
449 3 6 23
449 25 29 21
449 37 35 24
449 30 45 27
449 26 39 23
449 25 40 21
449 37 41 19
449 6 13 20
449 11 21 22
449 27 16 24
449 30 31 16
449 38 6 20
449 39 47 22
449 36 10 25
449 30 35 30
449 11 25 21
449 27 36 25
449 50 23 21
449 50 31 31
449 27 23 22
449 41 41 22
449 20 48 12
449 10 14 27
449 5 15 22
449 35 7 19
449 6 22 19
449 36 9 25
449 42 17 20
449 1 14 22
449 31 6 21
449 35 14 19
449 7 14 23
449 24 35 24
449 13 47 20
449 1 28 17
457 45 36 25
457 28 7 27
457 28 1 30
457 21 23 24
457 26 9 17
457 14 30 27
457 14 35 22
457 13 35 19
457 1 10 17
457 25 35 19
457 17 32 27
457 2 27 24
457 16 23 20
457 13 3 24
457 18 13 22
457 5 1 26
457 17 9 30
457 46 41 25
457 29 40 20
457 3 9 15
457 50 8 30
457 46 29 23
457 16 43 24
457 36 46 20
457 10 37 25
457 37 25 17
457 32 42 22
457 44 2 26
457 28 38 22
457 49 10 24
457 48 6 25
457 18 43 21
457 22 36 27
457 16 25 21
457 12 37 27
457 39 42 17
457 36 36 24
457 42 48 26
457 1 15 18
457 14 48 20
457 41 41 18
457 23 38 10
457 19 39 22
457 43 14 25
457 33 1 23
457 45 47 20
457 4 46 21
457 27 41 27
457 31 1 23
457 13 30 25
457 34 6 16
457 36 47 22
457 47 12 19
457 49 38 24
457 32 28 15
457 19 8 22
457 35 23 26
457 40 38 29
457 25 24 18
457 14 7 19
457 43 34 18
457 45 16 12
457 22 28 23
457 41 44 29
457 32 40 31
457 18 39 23
457 27 35 20
457 36 19 21
457 27 43 23
457 45 13 26
457 9 3 16
457 11 32 17
457 7 44 25
457 37 34 20
457 35 48 19
457 12 8 19
457 26 5 24
457 3 29 21
457 26 44 24
457 18 23 25
457 40 50 22
457 41 31 31
457 35 2 20
457 16 43 24
457 47 34 17
457 35 50 18
457 7 37 22
457 26 9 17
457 13 25 27
457 1 19 22
457 41 39 19
457 20 1 22
457 9 38 23
457 43 13 16
457 31 19 24
457 18 4 27
457 20 2 21
457 31 33 23
457 8 17 15
457 36 4 21
457 45 34 24
457 20 50 24
457 40 25 21
457 28 41 26
457 40 12 18
457 24 48 22
457 28 23 16
457 49 42 25
457 37 18 20
457 14 8 18
457 3 32 28
457 43 9 26
457 28 19 14
457 12 35 26
457 49 49 25
457 4 32 28
457 42 21 28
457 43 44 19
457 34 36 21
457 8 3 23
457 49 21 21
457 22 40 19
457 7 4 20
457 49 3 25
457 29 16 16
457 44 29 21
457 50 16 21
457 3 33 18
457 33 46 29
457 40 47 27
457 47 44 26
457 14 47 28
457 49 42 25
457 39 42 17
457 3 14 18
457 35 2 20
457 20 1 22
457 48 47 34
457 22 50 25
457 49 41 27
457 28 32 23
457 3 39 23
457 24 37 17
457 49 5 21
457 41 29 15
457 26 33 31
457 17 48 23
457 11 12 11
457 46 25 13
457 42 16 18
457 3 25 23
457 22 35 17
457 30 36 33
457 26 34 20
457 18 18 27
457 7 1 25
457 31 46 24
457 21 49 23
457 39 18 23
457 46 30 31
457 10 30 22
457 3 36 25
457 31 26 15
457 28 13 19
457 50 13 20
457 16 18 30
457 27 32 16
457 41 11 20
457 2 3 21
457 11 9 22
457 15 22 29
457 48 11 21
457 21 11 26
457 20 36 22
457 2 35 18
457 41 47 22
457 50 21 17
457 37 28 19
457 11 49 21
457 50 19 29
457 10 36 22
457 32 29 24
457 3 6 21
457 44 41 17
457 34 7 23
457 40 18 27
457 21 38 15
457 2 2 23
457 26 27 22
457 24 29 16
457 45 38 27
457 4 32 28
457 26 3 17
457 37 50 31
457 12 13 28
457 42 4 20
457 49 46 24
457 31 39 26
457 10 46 22
457 47 25 22
457 45 43 23
457 4 24 20
457 48 21 24
457 16 49 26
457 14 37 21
457 14 19 28
457 16 15 22
457 35 20 23
457 10 21 29
457 9 21 27
457 20 26 26
457 15 26 19
457 42 4 20
457 21 26 21
457 4 14 24
457 50 47 19
457 36 12 26
457 18 39 23
457 38 10 20
457 32 11 16
457 42 34 24
457 29 27 22
457 9 49 23
457 7 4 20
457 24 27 24
457 49 36 22
457 38 3 24
457 12 44 22
457 2 7 21
457 20 31 23
457 9 13 24
457 35 32 23
457 48 7 25
457 14 13 23
457 11 46 23
457 35 33 26
457 23 46 25
457 35 47 15
457 2 23 19
457 13 27 28
457 33 6 24
457 26 18 10
457 12 27 15
457 27 34 13
457 17 14 17
457 14 44 16
457 31 48 20
457 35 40 22
457 34 50 20
457 7 22 21
457 12 14 28
457 34 6 16
457 33 3 23
457 34 42 16
457 4 30 19
457 31 7 19
457 19 14 22
457 26 46 25
457 23 26 15
457 42 12 23
457 48 34 27
457 2 16 27
457 38 50 18
457 32 4 25
457 35 30 28
457 25 43 12
457 16 25 21
457 50 4 29
457 37 37 17
457 43 42 22
457 47 23 20
457 46 44 25
457 11 6 25
457 47 15 21
457 22 14 14
457 49 21 21
457 26 28 22
457 42 39 28
457 13 15 24
457 36 34 16
457 4 47 21
457 27 18 20
457 6 46 13
457 23 19 29
457 37 39 24
457 3 35 26
457 3 15 25
457 41 29 15
457 25 4 20
457 3 15 25
457 11 35 28
457 43 14 25
457 10 5 22
457 28 33 19
457 45 36 25
457 29 18 18
457 6 43 16
457 2 47 21
457 47 38 15
457 21 45 22
457 33 21 19
457 29 6 21
457 4 47 21
457 31 22 25
457 18 20 19
457 24 31 21
457 21 28 17
457 8 46 25
457 19 47 32
457 47 25 22
457 50 46 30
457 19 25 30
457 44 38 21
457 47 20 24
457 3 20 15
457 8 20 19
457 3 37 23
457 47 25 22
457 49 16 23
457 3 21 25
457 17 28 23
457 24 47 19
457 21 22 16
457 5 34 19
457 33 38 23
457 8 49 25
457 48 1 23
457 39 25 25
457 40 32 23
457 46 23 22
457 9 38 23
457 27 3 21
457 6 26 19
457 45 14 22
457 31 41 24
457 5 11 19
457 30 46 20
457 19 3 24
457 12 26 27
457 42 47 16
457 8 48 25
457 5 17 25
457 38 19 23
457 50 30 21
457 40 34 21
457 27 5 19
457 43 2 19
457 46 6 17
457 26 10 24
457 16 11 22
457 34 5 21
457 34 40 19
457 23 41 23
457 8 36 27
457 25 7 26
457 11 10 20
457 6 48 19
457 19 41 14
457 12 14 28
457 40 34 21
457 16 28 17
457 35 18 19
457 48 25 27
457 2 44 27
457 42 44 26
457 5 9 30
457 25 44 16
457 17 35 14
457 43 36 24
457 19 13 24
457 20 42 19
457 11 38 14
457 48 2 22
457 40 32 23
457 9 42 20
457 40 10 19
457 48 32 31
457 36 47 22
457 11 3 21
457 30 11 16
457 41 7 22
457 8 45 18
457 31 14 22
457 5 6 18
457 32 47 17
457 38 36 17
457 16 47 31
457 36 34 16
457 35 15 19
457 21 36 19
457 7 47 21
457 44 31 24
457 3 17 27
457 36 42 17
457 35 21 21
457 38 30 17
457 15 7 22
457 21 2 26
457 45 10 20
457 2 36 21
457 9 11 26
457 47 10 21
457 26 14 24
457 12 34 25
457 5 21 23
457 5 14 14
457 33 11 25
457 29 49 22
457 1 4 29
461 11 7 30
461 6 15 21
461 42 38 24
461 30 42 20
461 33 28 19
461 26 1 26
461 44 30 27
461 43 43 23
461 22 24 25
461 19 23 17
461 28 32 17
461 7 45 24
461 32 19 20
461 6 18 32
461 20 13 27
461 44 15 20
461 30 29 24
461 34 16 23
461 33 15 18
461 46 32 18
461 35 38 16
461 44 30 27
461 23 24 21
461 37 11 22
461 13 5 33
461 8 11 19
461 21 45 15
461 22 48 17
461 43 7 17
461 38 47 19
461 5 24 17
461 10 38 26
461 33 39 18
461 25 25 18
461 17 43 20
461 43 38 25
461 39 44 17
461 21 41 25
461 47 45 16
461 10 12 21
461 11 8 17
461 36 22 22
461 48 43 28
461 3 25 24
461 14 38 19
461 10 2 21
461 49 26 24
461 1 46 24
461 1 24 28
461 4 38 25
461 22 38 29
461 38 17 25
461 26 16 23
461 23 42 18
461 27 4 15
461 36 20 23
461 42 38 24
461 46 20 28
461 42 12 19
461 21 25 18
461 35 35 29
461 25 34 26
461 24 47 25
461 43 41 21
461 9 9 19
461 12 30 25
461 31 12 24
461 28 11 17
461 29 36 28
461 14 22 29
461 23 33 29
461 15 46 22
461 11 23 31
461 13 3 18
461 28 28 16
461 16 15 18
461 39 47 17
461 16 40 20
461 11 33 20
461 14 18 27
461 14 15 19
461 36 29 26
461 6 29 27
461 37 8 23
461 3 28 18
461 37 5 23
461 18 16 27
461 27 36 31
461 3 17 23
461 43 19 19
461 48 27 20
461 2 34 23
461 31 13 21
461 33 41 19
461 30 31 20
461 8 41 22
461 37 32 26
461 22 28 28
461 22 26 18
461 13 21 15
461 48 42 28
461 49 46 23
461 42 14 23
461 21 45 15
461 36 11 16
461 5 39 19
461 32 2 25
461 34 50 19
461 11 38 23
461 43 34 23
461 17 4 27
461 47 24 19
461 14 42 19
461 12 11 19
461 4 25 26
461 42 13 17
461 36 13 26
461 23 22 21
461 26 45 14
461 28 32 17
461 12 18 23
461 19 22 22
461 34 13 18
461 47 18 19
461 17 37 16
461 31 31 18
461 42 25 16
461 21 44 18
461 9 20 26
461 25 29 27
461 11 22 19
461 42 17 27
461 18 7 13
461 29 21 18
461 33 46 28
461 5 46 18
461 38 2 21
461 45 14 18
461 9 19 22
461 14 20 24
461 21 22 27
461 21 48 22
461 26 39 23
461 17 16 20
461 15 9 28
461 41 43 24
461 8 44 19
461 6 49 24
461 13 31 20
461 46 49 20
461 31 31 18
461 26 7 15
461 49 45 22
461 21 25 18
461 34 45 20
461 1 16 23
461 47 45 16
461 2 37 20
461 39 34 26
461 31 46 12
461 22 47 18
461 42 8 26
461 6 27 19
461 45 14 18
461 12 12 21
461 29 8 17
461 39 5 25
461 26 10 21
461 9 30 20
461 1 18 21
461 33 7 14
461 49 3 27
461 22 24 25
461 4 10 24
461 37 45 31
461 12 31 15
461 48 43 28
461 28 8 25
461 42 1 21
461 50 19 19
461 32 17 25
461 10 8 22
461 35 18 23
461 38 9 23
461 37 1 25
461 24 38 16
461 40 8 18
461 3 28 18
461 50 50 15
461 11 49 18
461 47 33 23
461 14 27 14
461 12 25 21
461 23 21 21
461 15 18 21
461 4 1 26
461 40 15 24
461 33 34 19
461 16 49 22
461 19 33 26
461 41 24 19
461 25 31 31
461 39 16 28
461 15 48 19
461 11 9 27
461 10 19 28
461 46 48 23
461 23 50 23
461 10 10 19
461 48 22 20
461 21 13 15
461 20 26 21
461 4 10 24
461 20 44 20
461 1 36 23
461 12 11 19
461 24 7 18
461 32 14 17
461 44 34 27
461 15 31 23
461 15 50 18
461 50 19 19
461 32 39 25
461 4 47 18
461 17 28 20
461 10 22 22
461 37 36 17
461 23 10 24
461 12 15 22
461 31 33 24
461 37 46 26
461 33 31 21
461 15 34 19
461 43 32 24
461 36 33 20
461 15 4 27
461 39 45 22
461 14 18 27
461 49 46 23
461 14 19 24
461 50 22 26
461 50 19 19
461 41 31 27
461 9 30 20
461 28 9 20
461 6 34 26
461 45 41 23
461 11 30 24
461 17 16 20
461 50 20 17
461 2 47 15
461 36 8 23
461 5 35 25
461 40 45 17
461 21 49 21
461 8 3 20
461 26 1 26
461 10 33 28
461 46 10 15
461 16 35 17
461 8 49 18
461 44 10 19
461 4 25 26
461 43 40 25
461 29 47 22
461 40 37 16
461 31 2 20
461 39 36 32
461 47 26 22
461 7 13 24
461 32 49 21
461 46 44 25
461 19 5 33
461 1 12 25
461 13 24 20
461 10 34 26
461 14 38 19
461 13 26 25
461 26 30 25
461 31 10 19
461 16 34 17
461 21 10 25
461 29 32 20
461 35 37 29
461 13 48 26
461 13 38 26
461 26 50 24
461 13 10 18
461 25 9 22
461 22 8 27
461 43 49 27
461 8 50 16
461 18 45 27
461 46 43 22
461 20 38 26
461 4 40 18
461 6 50 22
461 43 20 20
461 7 35 22
461 40 35 17
461 34 34 17
461 19 41 20
461 45 2 20
461 20 29 26
461 50 12 27
461 35 23 18
461 31 27 27
461 3 40 25
461 41 3 21
461 50 17 25
461 20 4 20
461 19 37 16
461 37 12 20
461 42 13 17
461 36 39 17
461 29 13 30
461 17 38 21
461 39 31 23
461 28 8 25
461 31 17 17
461 11 44 22
461 11 9 27
461 12 13 24
461 13 30 24
461 29 24 15
461 8 23 24
461 14 20 24
461 43 13 22
461 48 39 20
461 37 11 22
461 23 12 22
461 26 41 26
461 50 40 23
461 6 21 18
461 43 13 22
461 23 36 21
461 34 18 16
461 22 45 26
461 13 8 16
461 41 34 28
461 17 30 17
461 13 29 21
461 46 13 27
461 5 2 21
461 39 45 22
461 34 19 22
461 18 43 23
461 24 39 19
461 9 2 19
461 36 50 19
461 8 39 20
461 15 41 19
461 45 34 24
461 38 12 27
461 42 46 25
461 7 39 23
461 4 31 22
461 39 48 18
461 11 15 21
461 31 15 16
461 36 36 28
461 2 45 17
461 22 13 21
461 14 17 20
461 26 31 23
461 35 10 23
461 37 37 23
461 6 11 26
461 11 10 23
461 10 33 28
461 24 8 27
461 8 45 28
461 18 31 19
461 49 41 20
461 41 43 24
461 48 2 23
461 46 9 14
461 15 32 20
461 22 24 25
461 19 14 27
461 21 43 18
461 49 46 23
461 15 23 19
461 37 31 22
461 3 32 25
461 38 28 22
461 50 43 26
461 2 7 17
461 30 19 25
461 10 16 25
461 38 14 22
461 44 10 19
461 46 24 25
461 17 4 27
461 46 6 28
461 5 8 18
461 17 17 23
461 34 28 23
461 35 39 22
461 33 42 20
461 12 47 29
461 25 2 19
461 42 42 29
461 14 44 25
461 37 33 24
461 34 9 23
461 46 4 20
461 28 3 21
461 36 27 21
463 50 26 24
463 4 49 27
463 43 12 23
463 49 21 15
463 20 4 23
463 47 27 23
463 5 50 19
463 1 39 28
463 32 47 21
463 30 29 24
463 4 15 21
463 37 8 16
463 23 5 22
463 2 31 27
463 50 7 16
463 48 32 26
463 28 19 19
463 20 13 19
463 19 17 25
463 12 36 25
463 34 16 19
463 45 19 14
463 23 13 21
463 6 50 21
463 41 49 24
463 30 35 20
463 9 34 19
463 25 9 21
463 18 49 21
463 14 27 17
463 4 38 18
463 46 48 19
463 29 47 27
463 11 45 19
463 7 46 15
463 21 21 24
463 25 20 25
463 38 12 18
463 27 1 17
463 4 28 21
463 46 16 21
463 14 41 18
463 38 21 26
463 34 5 25
463 14 26 17
463 17 42 22
463 17 48 21
463 47 11 18
463 26 20 19
463 32 27 23
463 17 32 27
463 48 7 20
463 25 3 26
463 14 1 24
463 17 43 32
463 28 38 16
463 37 7 18
463 21 22 22
463 5 32 19
463 41 26 22
463 47 43 27
463 25 33 20
463 22 44 23
463 20 12 20
463 36 1 22
463 6 9 25
463 36 4 17
463 24 28 26
463 36 35 21
463 40 11 18
463 24 33 18
463 35 5 20
463 42 4 26
463 32 5 23
463 24 15 18
463 2 32 31
463 35 18 15
463 31 8 22
463 5 14 25
463 43 8 22
463 20 20 23
463 7 10 18
463 12 6 23
463 44 22 18
463 11 32 25
463 33 34 22
463 50 46 21
463 50 22 27
463 12 38 19
463 6 6 24
463 7 34 15
463 4 15 21
463 37 18 17
463 6 48 17
463 14 47 20
463 13 50 33
463 13 33 24
463 24 4 17
463 23 13 21
463 4 2 24
463 15 8 27
463 22 11 22
463 10 26 21
463 18 42 25
463 31 23 16
463 32 42 20
463 12 42 28
463 2 18 24
463 9 30 22
463 36 28 26
463 15 31 24
463 37 44 24
463 37 15 17
463 33 43 18
463 18 17 22
463 46 14 26
463 40 1 23
463 4 23 27
463 42 8 24
463 6 17 18
463 46 41 21
463 35 24 24
463 25 21 29
463 35 3 20
463 39 25 29
463 3 26 17
463 9 31 29
463 18 38 25
463 33 35 27
463 27 8 18
463 8 26 25
463 36 12 24
463 38 39 22
463 47 24 25
463 25 13 20
463 18 38 25
463 8 45 39
463 22 29 20
463 34 18 17
463 3 29 26
463 23 4 24
463 37 17 15
463 23 33 22
463 46 43 15
463 35 16 30
463 47 15 30
463 7 5 23
463 9 42 24
463 33 3 23
463 12 15 22
463 18 18 17
463 47 22 18
463 23 44 26
463 11 40 21
463 17 27 23
463 27 5 24
463 8 12 26
463 16 24 19
463 17 28 18
463 39 3 21
463 27 35 23
463 25 16 21
463 9 29 17
463 14 1 24
463 18 35 26
463 24 38 22
463 35 9 31
463 46 22 27
463 29 47 27
463 35 45 20
463 11 12 19
463 20 46 21
463 22 22 24
463 12 28 27
463 23 19 19
463 27 14 25
463 32 36 23
463 14 47 20
463 37 46 25
463 32 10 22
463 31 27 20
463 12 23 21
463 18 1 22
463 24 29 17
463 38 40 27
463 8 35 24
463 25 47 22
463 30 28 18
463 25 34 18
463 16 43 21
463 41 23 18
463 5 31 16
463 46 28 29
463 21 30 21
463 45 38 16
463 35 11 19
463 31 15 12
463 40 23 24
463 9 12 24
463 15 1 21
463 19 14 27
463 33 49 23
463 50 25 17
463 9 39 23
463 42 8 24
463 31 13 27
463 10 30 25
463 22 7 23
463 1 46 21
463 29 31 18
463 42 8 24
463 30 36 17
463 20 6 20
463 18 40 21
463 21 30 21
463 5 3 21
463 11 24 27
463 28 39 22
463 26 10 20
463 19 15 26
463 32 14 15
463 50 2 20
463 44 36 20
463 44 38 14
463 49 38 26
463 37 21 17
463 20 18 22
463 7 24 20
463 7 11 22
463 2 27 23
463 11 40 21
463 42 37 19
463 4 43 25
463 36 47 23
463 25 6 23
463 26 35 19
463 36 13 19
463 45 21 18
463 41 13 25
463 13 43 21
463 28 3 22
463 11 8 25
463 33 23 22
463 34 38 20
463 19 50 14
463 36 45 18
463 7 38 18
463 45 28 20
463 19 10 19
463 16 2 25
463 2 4 27
463 9 45 21
463 28 2 19
463 16 28 12
463 25 29 22
463 8 42 23
463 27 20 24
463 31 29 20
463 23 10 26
463 50 9 17
463 12 50 28
463 46 16 21
463 10 31 23
463 28 35 21
463 14 1 24
463 27 2 18
463 50 42 19
463 29 34 20
463 23 43 25
463 26 24 17
463 29 49 22
463 1 24 15
463 14 5 19
463 45 43 24
463 19 8 23
463 40 25 24
463 19 39 17
463 24 39 25
463 46 39 17
463 15 43 23
463 4 7 19
463 33 14 29
463 10 50 16
463 20 23 24
463 14 17 23
463 41 33 17
463 31 8 22
463 6 30 18
463 15 18 19
463 12 19 19
463 30 45 28
463 1 48 26
463 8 7 23
463 2 10 21
463 26 46 22
463 36 27 23
463 48 17 23
463 40 36 23
463 25 10 18
463 7 42 20
463 2 41 20
463 17 1 24
463 47 16 25
463 34 49 27
463 21 21 24
463 12 19 19
463 22 43 24
463 6 3 21
463 18 41 17
463 40 13 15
463 44 44 25
463 35 2 17
463 30 18 22
463 37 5 23
463 4 18 21
463 10 47 17
463 49 14 26
463 14 36 17
463 47 32 24
463 42 4 26
463 3 3 24
463 40 8 15
463 8 34 23
463 44 11 18
463 20 19 22
463 50 5 15
463 47 30 22
463 14 23 18
463 47 25 20
463 6 29 22
463 48 33 17
463 1 28 24
463 42 1 26
463 47 15 30
463 8 8 30
463 41 36 27
463 11 8 25
463 15 31 24
463 31 14 17
463 19 39 17
463 35 38 32
463 12 32 22
463 5 7 27
463 32 8 14
463 23 34 20
463 45 7 18
463 20 47 25
463 50 46 21
463 8 21 25
463 15 32 14
463 16 2 25
463 44 8 25
463 45 7 18
463 49 38 26
463 34 18 17
463 23 4 24
463 34 10 16
463 17 1 24
463 38 18 14
463 38 46 25
463 39 1 27
463 16 2 25
463 45 3 24
463 10 17 27
463 31 16 21
463 37 27 16
463 35 23 22
463 26 38 16
463 45 36 20
463 26 22 25
463 4 9 21
463 48 44 18
463 21 21 24
463 13 48 28
463 6 3 21
463 50 28 20
463 19 31 16
463 43 4 22
463 17 50 21
463 15 6 30
463 14 10 30
463 38 43 24
463 41 18 26
463 23 48 22
463 11 23 25
463 21 39 27
463 45 24 19
463 11 50 20
463 21 5 20
463 23 6 20
463 15 14 29
463 24 34 25
463 11 44 26
463 7 30 25
463 42 8 24
463 5 2 23
463 33 47 27
463 35 46 26
463 7 46 15
463 19 18 23
463 27 50 21
463 30 15 18
463 33 47 27
463 13 26 18
463 38 16 20
463 9 36 17
463 39 1 27
463 11 43 24
463 8 46 18
467 23 37 32
467 26 11 19
467 48 38 18
467 19 26 25
467 42 30 19
467 24 33 17
467 41 20 28
467 41 37 20
467 19 4 33
467 6 17 27
467 20 2 24
467 49 30 22
467 47 40 22
467 12 35 20
467 43 6 19
467 10 39 17
467 24 20 16
467 26 50 18
467 42 7 21
467 16 7 21
467 47 20 27
467 2 45 13
467 20 40 22
467 11 38 17
467 40 3 27
467 24 15 20
467 22 19 23
467 5 11 28
467 5 38 22
467 39 19 24
467 29 33 16
467 7 8 24
467 37 11 18
467 5 16 26
467 15 34 21
467 12 6 26
467 20 46 23
467 7 14 25
467 3 13 24
467 13 7 22
467 47 50 19
467 38 1 28
467 47 10 27
467 49 14 17
467 20 12 25
467 2 5 29
467 21 26 24
467 37 21 23
467 33 41 17
467 48 43 15
467 11 19 21
467 38 13 29
467 16 29 24
467 32 42 25
467 10 24 21
467 50 19 24
467 26 50 18
467 3 29 22
467 40 20 19
467 29 45 12
467 10 24 21
467 10 19 18
467 37 7 25
467 6 30 18
467 46 32 24
467 26 36 23
467 40 8 15
467 8 7 32
467 8 23 18
467 42 34 21
467 19 40 18
467 47 39 19
467 35 16 18
467 23 27 24
467 40 3 27
467 4 30 20
467 29 47 15
467 15 30 28
467 12 30 27
467 10 36 23
467 4 42 24
467 17 18 20
467 45 9 17
467 16 20 16
467 24 34 16
467 4 40 24
467 8 4 27
467 15 30 28
467 42 1 28
467 10 42 19
467 49 1 20
467 10 16 21
467 30 35 25
467 24 14 26
467 40 24 21
467 50 49 19
467 30 31 18
467 19 2 26
467 14 37 21
467 49 47 26
467 24 4 19
467 15 30 28
467 18 11 18
467 40 48 22
467 12 38 19
467 22 32 26
467 4 3 31
467 27 25 23
467 12 13 20
467 39 9 27
467 40 47 22
467 32 4 24
467 38 43 14
467 28 1 25
467 6 6 21
467 35 27 14
467 22 15 17
467 26 9 29
467 9 28 15
467 1 34 26
467 12 32 32
467 26 36 23
467 42 5 29
467 9 38 17
467 12 9 22
467 17 47 21
467 2 30 23
467 29 15 24
467 29 36 23
467 49 6 28
467 11 13 30
467 34 19 17
467 4 9 23
467 14 5 21
467 11 43 22
467 19 35 27
467 24 28 23
467 21 10 23
467 31 33 18
467 8 7 32
467 9 8 20
467 39 50 18
467 29 37 19
467 36 29 27
467 47 42 26
467 14 10 22
467 27 15 26
467 13 50 24
467 18 44 21
467 45 44 29
467 24 28 23
467 31 23 22
467 1 17 18
467 2 21 16
467 45 35 14
467 19 28 23
467 42 43 19
467 29 20 19
467 31 9 28
467 3 6 19
467 29 11 20
467 36 45 22
467 21 33 18
467 44 17 19
467 4 19 19
467 29 42 23
467 24 44 19
467 25 20 14
467 26 8 22
467 9 31 19
467 42 5 29
467 1 19 20
467 29 16 27
467 35 17 20
467 26 18 20
467 27 38 20
467 44 3 22
467 40 12 19
467 8 25 27
467 8 21 27
467 6 18 23
467 27 12 25
467 43 16 22
467 5 12 21
467 35 33 19
467 34 25 18
467 14 24 24
467 16 8 26
467 33 8 24
467 22 24 20
467 40 39 18
467 50 9 17
467 36 45 22
467 32 40 23
467 16 3 25
467 50 10 14
467 7 34 26
467 41 33 21
467 26 29 23
467 21 41 24
467 18 19 19
467 12 21 24
467 45 45 26
467 46 25 23
467 44 5 20
467 16 21 20
467 2 42 21
467 11 14 16
467 36 31 19
467 43 14 31
467 24 39 22
467 11 19 21
467 18 5 20
467 6 4 19
467 41 29 23
467 25 1 25
467 22 18 15
467 31 5 20
467 5 23 21
467 46 48 15
467 30 12 19
467 1 34 26
467 32 14 28
467 10 43 19
467 40 40 24
467 8 6 25
467 21 38 16
467 23 14 24
467 50 25 23
467 50 18 22
467 40 37 21
467 26 32 19
467 39 23 23
467 48 49 25
467 41 49 21
467 43 10 14
467 6 7 23
467 37 30 21
467 5 25 17
467 35 3 26
467 22 21 24
467 36 23 23
467 42 25 25
467 15 41 15
467 29 27 16
467 14 40 19
467 38 16 22
467 42 37 16
467 43 22 26
467 46 12 12
467 23 45 23
467 22 50 21
467 46 20 18
467 47 8 15
467 49 2 26
467 21 8 28
467 4 5 19
467 23 42 17
467 39 10 16
467 11 14 16
467 29 5 20
467 46 37 20
467 1 2 25
467 43 26 25
467 13 5 19
467 27 50 24
467 1 48 21
467 6 29 23
467 14 31 20
467 16 1 21
467 44 38 24
467 31 48 23
467 46 23 23
467 44 28 24
467 41 14 23
467 50 18 22
467 24 17 23
467 36 19 15
467 28 50 20
467 11 24 12
467 37 47 19
467 2 11 23
467 25 10 22
467 17 27 22
467 41 9 24
467 4 26 20
467 3 42 24
467 23 42 17
467 47 11 20
467 41 5 20
467 45 5 25
467 5 33 20
467 13 18 28
467 20 31 15
467 20 45 16
467 5 28 22
467 17 11 23
467 21 33 18
467 2 22 27
467 38 7 24
467 26 50 18
467 43 49 23
467 13 46 15
467 32 8 17
467 6 10 27
467 37 11 18
467 6 33 21
467 9 44 19
467 15 5 23
467 35 49 17
467 9 41 20
467 45 13 21
467 42 35 20
467 30 37 21
467 45 3 21
467 15 40 19
467 47 28 23
467 42 21 26
467 46 2 20
467 44 21 18
467 20 12 25
467 30 8 22
467 19 34 15
467 34 9 19
467 40 18 25
467 27 27 26
467 2 49 23
467 13 23 21
467 45 15 22
467 40 27 24
467 39 50 18
467 32 29 20
467 13 16 22
467 29 36 23
467 2 22 27
467 10 4 22
467 14 47 23
467 4 15 22
467 38 45 23
467 20 26 17
467 22 38 19
467 16 11 13
467 48 10 26
467 16 44 17
467 28 5 21
467 2 16 23
467 9 33 13
467 29 36 23
467 2 39 16
467 47 39 19
467 33 25 27
467 7 19 25
467 31 28 17
467 2 17 27
467 15 27 21
467 19 24 15
467 46 9 24
467 7 11 23
467 15 34 21
467 14 21 17
467 11 49 29
467 34 46 24
467 49 38 26
467 41 49 21
467 48 42 16
467 31 22 19
467 42 37 16
467 21 12 20
467 14 10 22
467 45 33 19
467 17 45 24
467 45 48 18
467 14 47 23
467 4 40 24
467 26 9 29
467 43 42 19
467 8 21 27
467 31 31 19
467 44 49 26
467 18 7 25
467 40 49 21
467 41 25 16
467 14 49 29
467 16 46 22
467 18 35 18
467 8 7 32
467 32 36 21
467 26 34 15
467 49 40 17
467 1 12 26
467 45 37 22
467 17 36 25
467 44 20 21
467 20 37 17
467 26 11 19
467 42 3 26
467 39 29 22
467 32 41 18
467 32 26 24
467 1 19 20
467 50 48 23
467 18 34 19
467 50 30 20
467 15 11 24
467 22 14 24
467 48 23 24
467 32 31 23
467 11 38 17
467 19 43 15
479 7 15 24
479 4 38 19
479 8 36 25
479 33 46 15
479 29 3 23
479 5 41 27
479 24 6 13
479 25 29 20
479 41 14 16
479 11 28 23
479 37 8 24
479 11 14 18
479 33 37 19
479 1 2 16
479 12 41 20
479 17 46 20
479 32 25 18
479 25 24 24
479 38 21 19
479 18 50 26
479 31 27 25
479 22 46 25
479 2 44 20
479 35 14 22
479 48 30 28
479 48 19 22
479 15 8 27
479 9 34 23
479 42 49 29
479 6 11 22
479 1 25 23
479 44 40 25
479 24 28 21
479 23 2 15
479 21 5 23
479 21 10 22
479 29 26 24
479 46 35 20
479 23 7 20
479 42 13 22
479 42 44 31
479 3 23 26
479 12 13 31
479 7 18 19
479 36 43 18
479 20 34 21
479 5 33 25
479 8 36 25
479 14 16 20
479 5 31 27
479 6 19 27
479 26 48 15
479 36 17 29
479 2 41 19
479 37 3 21
479 47 38 24
479 47 19 18
479 50 12 20
479 39 35 17
479 46 11 18
479 2 49 22
479 33 17 20
479 36 45 21
479 24 40 24
479 14 32 30
479 34 40 27
479 42 6 24
479 42 16 22
479 43 49 23
479 34 3 23
479 32 35 20
479 11 8 14
479 45 20 27
479 46 48 16
479 25 5 20
479 8 39 17
479 46 11 18
479 3 40 19
479 47 46 18
479 23 45 22
479 45 39 19
479 40 4 23
479 11 22 20
479 45 16 23
479 42 35 20
479 30 21 18
479 15 41 23
479 25 34 21
479 5 18 21
479 39 19 20
479 26 8 12
479 24 8 24
479 27 22 21
479 8 45 17
479 13 40 24
479 13 39 21
479 49 8 18
479 14 3 22
479 44 13 16
479 43 11 27
479 14 17 20
479 7 32 25
479 14 27 25
479 6 45 19
479 32 20 13
479 20 18 23
479 2 3 20
479 49 14 24
479 12 45 30
479 1 13 17
479 23 25 24
479 46 22 17
479 27 38 22
479 8 30 17
479 32 1 26
479 23 15 23
479 10 46 23
479 5 28 24
479 22 15 20
479 2 50 20
479 31 27 25
479 46 48 16
479 33 17 20
479 38 27 17
479 48 42 19
479 21 1 25
479 40 49 24
479 31 21 17
479 36 30 17
479 47 42 19
479 49 41 24
479 20 7 21
479 47 44 15
479 43 28 18
479 40 22 21
479 14 13 15
479 39 44 14
479 22 14 16
479 25 8 22
479 49 45 21
479 16 46 22
479 17 15 17
479 49 31 22
479 25 29 20
479 23 28 23
479 48 1 22
479 19 37 22
479 44 29 22
479 2 2 25
479 20 27 25
479 49 46 15
479 25 37 17
479 2 40 18
479 42 48 25
479 16 31 26
479 19 15 27
479 48 47 26
479 17 37 28
479 42 1 19
479 40 24 16
479 28 34 16
479 17 17 14
479 26 30 26
479 14 11 18
479 12 22 18
479 22 18 21
479 49 49 22
479 7 3 26
479 15 35 21
479 43 44 26
479 49 21 16
479 15 23 20
479 7 25 25
479 46 23 16
479 22 17 18
479 46 2 21
479 25 4 25
479 17 21 20
479 41 15 18
479 18 24 26
479 48 17 26
479 11 43 13
479 47 23 20
479 22 9 19
479 13 36 22
479 28 10 15
479 47 46 18
479 27 45 22
479 14 37 15
479 20 43 26
479 27 37 14
479 33 18 26
479 44 46 19
479 1 43 14
479 35 38 14
479 46 25 20
479 50 30 24
479 9 10 24
479 9 4 32
479 44 8 22
479 41 21 22
479 34 43 22
479 13 28 23
479 11 2 20
479 42 6 24
479 15 13 27
479 25 26 25
479 49 35 19
479 5 22 23
479 39 15 23
479 4 7 29
479 17 23 10
479 14 3 22
479 7 12 22
479 22 3 17
479 17 19 21
479 23 14 27
479 17 35 15
479 48 4 25
479 8 43 18
479 35 47 16
479 14 10 18
479 39 6 25
479 21 20 18
479 36 47 22
479 21 46 22
479 5 24 28
479 22 12 22
479 1 16 24
479 10 29 22
479 22 36 25
479 39 43 19
479 6 1 22
479 18 47 23
479 18 49 14
479 44 20 22
479 18 20 18
479 3 43 17
479 16 23 20
479 34 43 22
479 10 26 16
479 25 1 18
479 39 12 20
479 48 22 25
479 35 18 17
479 9 15 24
479 37 20 23
479 30 38 18
479 4 19 23
479 29 16 25
479 18 9 29
479 17 22 20
479 21 46 22
479 11 37 16
479 8 36 25
479 21 33 17
479 6 43 23
479 21 40 15
479 10 37 16
479 17 38 23
479 25 9 22
479 13 16 24
479 28 29 19
479 21 42 20
479 25 20 16
479 15 10 29
479 10 5 23
479 30 29 17
479 7 1 23
479 41 49 22
479 29 6 25
479 13 18 21
479 39 32 18
479 32 7 22
479 17 27 22
479 46 34 15
479 17 7 25
479 36 12 18
479 24 50 20
479 46 7 21
479 11 12 29
479 4 17 23
479 27 29 15
479 39 36 22
479 37 6 18
479 1 13 17
479 1 17 18
479 9 24 21
479 5 17 21
479 30 17 15
479 36 19 18
479 43 1 22
479 27 1 25
479 34 17 25
479 23 46 21
479 11 7 27
479 3 34 22
479 48 49 10
479 47 26 15
479 27 20 23
479 3 48 20
479 25 7 23
479 34 21 32
479 20 44 13
479 31 43 22
479 10 40 14
479 30 35 18
479 26 34 25
479 36 25 17
479 30 24 23
479 3 8 17
479 47 36 22
479 11 44 25
479 7 16 19
479 38 28 23
479 7 18 19
479 32 26 19
479 42 10 21
479 6 18 11
479 25 35 14
479 35 32 19
479 46 50 27
479 16 44 29
479 3 50 25
479 8 26 15
479 12 33 20
479 23 17 24
479 37 27 22
479 49 26 23
479 27 20 23
479 6 11 22
479 30 27 20
479 32 39 28
479 43 10 23
479 16 10 19
479 45 8 20
479 49 10 15
479 39 24 30
479 12 11 19
479 23 10 24
479 4 29 22
479 10 9 19
479 21 11 24
479 44 13 16
479 17 44 28
479 4 36 16
479 22 4 21
479 4 22 22
479 38 15 17
479 37 45 25
479 45 50 21
479 20 36 17
479 23 49 21
479 4 27 25
479 20 4 22
479 36 32 25
479 24 12 25
479 17 13 24
479 9 22 20
479 39 12 20
479 20 15 19
479 47 2 27
479 3 39 22
479 50 25 20
479 46 48 16
479 5 26 21
479 28 19 14
479 50 19 22
479 45 40 22
479 7 5 24
479 1 38 21
479 22 49 20
479 48 48 15
479 20 17 25
479 2 16 21
479 30 21 18
479 36 7 19
479 25 39 19
479 12 31 17
479 42 23 29
479 50 26 16
479 28 13 19
479 15 23 20
479 48 40 22
479 39 47 21
479 39 35 17
479 45 8 20
479 1 17 18
479 39 40 25
479 3 34 22
479 14 15 22
479 43 41 18
479 40 7 17
479 15 39 25
479 17 38 23
479 10 21 22
479 19 22 19
479 25 34 21
479 29 34 32
479 7 40 19
479 36 20 22
479 31 37 18
479 32 41 26
479 23 26 22
479 2 47 23
479 8 39 17
479 23 8 28
479 13 42 15
479 10 13 27
487 28 46 17
487 16 44 22
487 50 26 19
487 25 6 22
487 42 16 27
487 29 37 18
487 12 2 25
487 35 45 22
487 29 42 23
487 4 12 23
487 35 28 23
487 41 41 13
487 41 10 22
487 21 33 20
487 9 44 21
487 27 2 21
487 9 42 23
487 21 22 24
487 45 26 22
487 12 46 17
487 38 2 22
487 25 23 27
487 43 14 21
487 21 3 21
487 2 20 21
487 4 18 26
487 33 13 21
487 12 10 29
487 42 13 21
487 31 26 24
487 36 5 16
487 46 24 20
487 45 14 16
487 43 27 23
487 24 27 13
487 36 2 26
487 26 39 25
487 9 17 19
487 17 23 17
487 35 36 24
487 25 38 11
487 20 1 29
487 17 39 19
487 3 29 25
487 6 14 23
487 18 36 23
487 27 44 22
487 35 8 21
487 25 30 12
487 38 40 17
487 24 11 18
487 44 18 24
487 39 42 23
487 20 2 18
487 34 4 26
487 7 34 25
487 12 30 20
487 19 19 21
487 21 40 16
487 34 45 22
487 18 38 18
487 15 31 22
487 49 13 25
487 19 7 18
487 1 4 21
487 23 19 29
487 11 20 21
487 25 31 27
487 47 5 21
487 18 17 17
487 38 45 20
487 23 11 29
487 12 37 18
487 7 32 15
487 36 45 11
487 48 9 23
487 11 37 23
487 40 23 17
487 29 28 23
487 41 20 21
487 40 44 23
487 48 50 22
487 32 17 20
487 40 13 15
487 11 19 19
487 42 11 24
487 28 9 30
487 50 11 17
487 44 12 17
487 45 36 23
487 36 1 26
487 22 21 24
487 7 21 13
487 41 44 24
487 49 41 24
487 48 39 17
487 1 14 17
487 38 43 15
487 48 3 18
487 37 24 20
487 24 33 29
487 10 39 18
487 17 8 17
487 6 49 21
487 43 27 23
487 50 47 18
487 47 24 12
487 24 13 22
487 31 16 14
487 36 17 16
487 10 2 17
487 12 45 21
487 40 31 18
487 11 5 15
487 27 13 23
487 33 41 20
487 3 6 21
487 33 45 26
487 50 3 20
487 34 43 22
487 15 9 21
487 17 25 26
487 31 13 14
487 28 37 25
487 33 41 20
487 45 35 18
487 1 22 19
487 49 2 23
487 5 3 19
487 37 47 21
487 43 48 18
487 33 14 17
487 6 41 21
487 4 50 17
487 14 15 28
487 46 42 28
487 21 6 19
487 18 31 17
487 34 37 21
487 20 43 19
487 40 15 19
487 29 22 21
487 15 36 18
487 29 15 21
487 25 18 23
487 19 18 32
487 30 16 10
487 4 8 22
487 38 25 29
487 41 21 15
487 17 14 20
487 7 31 12
487 17 45 17
487 30 40 22
487 21 48 21
487 47 39 24
487 25 6 22
487 26 38 22
487 30 28 22
487 15 37 21
487 33 11 21
487 13 33 21
487 3 36 23
487 26 39 25
487 30 13 13
487 30 6 17
487 13 10 19
487 44 9 16
487 26 38 22
487 50 43 24
487 20 14 19
487 8 8 23
487 1 5 20
487 25 17 15
487 29 32 20
487 23 45 22
487 7 26 21
487 5 30 29
487 17 40 20
487 24 31 21
487 41 17 23
487 33 24 17
487 49 12 18
487 4 34 29
487 25 34 29
487 29 41 19
487 38 26 16
487 37 50 25
487 1 8 22
487 15 9 21
487 16 12 20
487 34 33 19
487 40 39 20
487 47 32 20
487 5 47 18
487 16 29 24
487 24 6 21
487 24 42 15
487 44 38 11
487 34 12 24
487 50 39 23
487 21 26 17
487 11 1 21
487 31 21 19
487 18 6 18
487 36 18 16
487 15 40 27
487 36 15 13
487 49 48 17
487 18 22 11
487 33 8 21
487 25 32 18
487 50 5 11
487 9 11 19
487 8 39 14
487 46 30 19
487 23 41 27
487 9 4 20
487 17 35 21
487 40 44 23
487 8 33 26
487 23 36 27
487 40 34 17
487 41 12 24
487 28 24 25
487 1 47 24
487 28 44 18
487 12 26 21
487 7 12 20
487 27 44 22
487 21 12 21
487 17 10 31
487 16 22 14
487 39 21 25
487 11 33 23
487 41 12 24
487 8 36 21
487 39 50 18
487 42 33 15
487 18 34 19
487 28 9 30
487 41 23 20
487 24 6 21
487 15 4 19
487 10 22 28
487 24 15 25
487 21 15 19
487 2 15 15
487 47 27 22
487 38 37 14
487 18 1 25
487 27 5 16
487 30 48 17
487 49 4 24
487 18 26 18
487 17 46 26
487 9 12 20
487 41 11 27
487 12 19 16
487 8 11 18
487 1 27 20
487 9 9 18
487 41 18 19
487 31 17 17
487 28 45 22
487 1 21 19
487 36 46 17
487 43 19 15
487 3 20 22
487 9 45 27
487 1 35 29
487 18 3 16
487 20 2 18
487 11 33 23
487 31 13 14
487 42 14 18
487 32 29 23
487 31 43 22
487 7 8 25
487 3 11 26
487 17 12 20
487 26 5 19
487 9 1 17
487 7 50 27
487 35 2 21
487 46 42 28
487 34 11 25
487 48 8 27
487 19 22 23
487 19 15 13
487 25 3 26
487 15 38 24
487 35 8 21
487 34 25 24
487 45 30 25
487 28 44 18
487 18 48 27
487 48 45 16
487 6 3 18
487 33 17 19
487 41 21 15
487 7 42 22
487 46 20 19
487 33 16 23
487 27 45 20
487 38 8 23
487 39 11 20
487 48 12 15
487 36 27 17
487 48 41 27
487 23 35 15
487 40 31 18
487 35 19 20
487 37 38 15
487 14 41 20
487 18 24 23
487 31 14 19
487 34 34 26
487 39 35 16
487 29 13 24
487 42 40 16
487 24 28 20
487 38 3 26
487 3 29 25
487 32 5 24
487 38 4 17
487 3 15 13
487 35 10 15
487 12 43 21
487 8 5 16
487 17 37 20
487 8 50 20
487 18 16 13
487 24 22 23
487 50 37 21
487 21 50 23
487 42 15 13
487 8 48 22
487 31 34 18
487 19 31 25
487 44 47 17
487 41 42 21
487 46 16 27
487 22 1 26
487 31 34 18
487 45 3 16
487 50 49 26
487 27 50 18
487 3 18 21
487 27 39 20
487 15 4 19
487 43 18 25
487 1 35 29
487 36 50 20
487 5 16 29
487 19 41 29
487 38 25 29
487 30 19 23
487 24 45 19
487 44 44 21
487 3 42 20
487 39 50 18
487 34 14 20
487 30 40 22
487 11 34 18
487 22 32 24
487 6 42 24
487 22 12 21
487 40 30 21
487 23 30 12
487 31 10 13
487 30 33 22
487 46 34 18
487 31 18 23
487 41 13 31
487 8 49 19
487 16 50 23
487 10 3 21
487 19 30 17
487 37 50 25
487 39 18 19
487 6 44 20
487 21 39 28
487 46 13 27
487 35 28 23
487 46 6 22
487 33 46 21
487 46 12 16
487 35 7 17
487 46 9 23
487 47 5 21
487 49 27 24
487 11 48 25
487 19 36 15
487 17 4 31
487 44 12 17
487 32 4 23
487 13 23 28
487 11 1 21
487 12 39 23
487 47 24 12
487 14 35 22
487 13 36 20
487 19 37 20
487 32 49 25
487 13 48 27
487 41 47 20
487 29 11 21
487 8 27 18
491 28 49 26
491 39 35 14
491 23 27 20
491 22 22 21
491 18 18 17
491 36 11 14
491 30 41 16
491 15 44 28
491 42 37 14
491 24 26 20
491 46 19 20
491 3 10 24
491 34 38 20
491 48 31 20
491 41 45 22
491 29 28 21
491 7 23 26
491 26 28 25
491 14 14 15
491 45 3 24
491 39 1 17
491 41 4 19
491 18 14 27
491 10 34 25
491 30 16 26
491 33 48 35
491 4 5 19
491 4 39 18
491 50 20 23
491 28 12 22
491 48 8 23
491 35 4 15
491 21 42 28
491 13 9 21
491 6 20 22
491 40 47 14
491 17 19 23
491 4 31 27
491 1 19 17
491 30 17 24
491 12 41 21
491 31 37 22
491 9 19 17
491 14 42 28
491 29 44 27
491 12 38 25
491 16 2 14
491 41 16 27
491 10 4 19
491 13 44 17
491 46 16 18
491 37 12 17
491 18 27 27
491 7 9 22
491 33 24 21
491 21 44 23
491 34 6 23
491 31 44 22
491 35 48 21
491 22 49 17
491 12 19 21
491 23 45 19
491 50 17 24
491 23 11 14
491 22 2 16
491 2 36 18
491 4 36 29
491 4 26 21
491 1 15 27
491 40 29 20
491 2 22 19
491 49 40 14
491 47 22 21
491 26 40 15
491 46 2 26
491 35 34 19
491 1 8 19
491 13 46 19
491 38 38 21
491 45 33 19
491 35 10 20
491 37 24 20
491 3 43 22
491 27 34 19
491 21 3 27
491 17 28 24
491 43 48 21
491 10 32 23
491 16 45 22
491 16 23 17
491 38 16 20
491 22 22 21
491 29 1 25
491 45 50 24
491 29 21 18
491 16 40 25
491 17 31 24
491 26 11 12
491 2 45 20
491 38 29 32
491 39 44 20
491 41 21 12
491 23 49 22
491 5 33 23
491 27 29 18
491 46 30 30
491 50 28 16
491 33 7 23
491 5 19 27
491 46 6 12
491 28 18 25
491 38 13 28
491 7 36 17
491 18 33 23
491 47 10 20
491 39 36 21
491 3 38 20
491 50 48 25
491 4 14 16
491 50 48 25
491 49 24 26
491 41 31 17
491 14 39 22
491 31 6 21
491 37 37 23
491 4 28 14
491 5 18 24
491 17 29 15
491 28 19 23
491 21 45 18
491 24 50 19
491 48 28 13
491 50 23 24
491 25 31 14
491 9 39 20
491 34 7 23
491 46 25 20
491 22 17 21
491 36 50 20
491 22 18 21
491 5 25 23
491 12 12 29
491 44 17 22
491 14 12 16
491 44 31 20
491 21 18 20
491 44 23 19
491 45 19 20
491 11 6 19
491 11 46 16
491 9 50 17
491 4 7 9
491 10 10 15
491 30 1 17
491 36 34 22
491 4 42 20
491 31 44 22
491 18 45 24
491 41 18 21
491 39 40 25
491 1 8 19
491 27 47 27
491 36 5 22
491 50 40 22
491 30 31 26
491 40 24 15
491 10 9 23
491 28 41 24
491 16 2 14
491 24 5 18
491 34 32 19
491 34 10 15
491 7 1 23
491 11 32 19
491 38 47 21
491 6 31 25
491 20 4 15
491 47 6 16
491 45 46 24
491 10 1 22
491 22 15 22
491 14 44 23
491 42 7 15
491 24 21 19
491 7 6 23
491 38 39 23
491 18 10 22
491 4 10 21
491 17 7 20
491 40 17 16
491 17 14 21
491 10 34 25
491 17 18 19
491 47 11 17
491 36 29 23
491 12 4 18
491 13 15 30
491 6 5 21
491 19 3 17
491 13 20 19
491 4 19 20
491 35 17 23
491 39 49 24
491 39 28 15
491 28 25 24
491 27 20 17
491 31 20 19
491 28 39 19
491 38 42 17
491 2 50 18
491 7 48 26
491 3 30 22
491 25 25 17
491 39 44 20
491 18 22 15
491 37 40 34
491 17 48 20
491 16 28 19
491 42 50 20
491 25 28 27
491 22 33 22
491 33 16 18
491 36 48 27
491 12 23 24
491 28 4 28
491 34 5 17
491 1 18 21
491 38 2 19
491 6 7 14
491 13 34 22
491 38 11 21
491 23 18 26
491 47 45 17
491 36 2 17
491 12 48 22
491 10 48 25
491 42 40 18
491 7 39 32
491 31 32 19
491 23 19 22
491 44 6 19
491 15 6 22
491 25 13 23
491 45 29 20
491 20 14 16
491 12 13 19
491 24 36 22
491 39 22 22
491 32 30 17
491 29 11 21
491 41 29 18
491 9 13 17
491 14 26 23
491 5 4 23
491 10 4 19
491 37 16 23
491 31 23 19
491 22 50 25
491 32 26 13
491 11 48 16
491 27 15 19
491 7 13 24
491 1 14 24
491 40 21 22
491 32 9 22
491 27 2 20
491 49 11 20
491 11 11 29
491 46 15 20
491 1 4 23
491 6 25 19
491 19 9 21
491 43 50 17
491 5 26 20
491 49 25 20
491 11 3 16
491 5 9 25
491 6 4 17
491 20 11 25
491 6 44 17
491 9 24 25
491 22 49 17
491 47 15 29
491 47 48 21
491 34 8 22
491 4 33 23
491 37 25 21
491 11 49 24
491 42 23 28
491 50 5 14
491 47 9 19
491 45 24 15
491 50 1 23
491 6 45 17
491 10 44 23
491 36 25 15
491 22 8 17
491 7 25 22
491 32 8 24
491 47 18 15
491 39 40 25
491 47 7 16
491 1 49 16
491 26 44 21
491 3 29 17
491 25 40 19
491 9 37 20
491 47 49 23
491 31 19 21
491 38 42 17
491 30 37 27
491 36 24 21
491 32 23 20
491 30 48 20
491 40 43 31
491 27 32 24
491 28 8 20
491 22 40 11
491 39 39 28
491 22 34 25
491 22 9 26
491 23 46 22
491 5 2 21
491 36 40 26
491 3 44 21
491 35 26 21
491 9 27 26
491 10 27 19
491 24 21 19
491 22 25 17
491 38 22 20
491 30 10 22
491 33 5 19
491 11 19 20
491 19 14 12
491 26 5 25
491 6 13 25
491 42 2 24
491 8 45 19
491 3 41 18
491 33 46 18
491 19 24 18
491 22 8 17
491 2 3 21
491 13 17 17
491 20 49 28
491 39 45 27
491 46 43 20
491 12 6 19
491 21 32 27
491 30 20 26
491 32 40 18
491 37 13 16
491 36 16 15
491 9 1 22
491 30 6 17
491 32 6 18
491 48 15 21
491 35 31 17
491 30 25 24
491 22 16 24
491 28 29 22
491 35 33 17
491 38 44 18
491 38 32 16
491 30 36 35
491 6 46 11
491 49 7 17
491 35 48 21
491 24 39 21
491 42 16 21
491 16 46 29
491 40 33 29
491 5 43 22
491 29 36 20
491 16 6 20
491 42 18 18
491 4 13 18
491 20 9 19
491 49 36 20
491 11 47 17
491 32 41 18
491 32 47 15
491 1 29 18
491 11 24 23
491 47 27 12
491 41 45 22
491 48 46 20
491 15 41 20
491 22 8 17
491 20 41 21
491 31 33 23
491 5 7 27
491 32 49 20
491 2 42 19
491 33 3 28
491 21 15 24
491 37 50 14
491 14 45 21
491 49 31 20
491 10 18 12
491 50 31 21
491 26 46 26
491 18 30 16
491 28 15 22
491 34 7 23
491 20 42 28
491 26 10 24
491 25 21 27
499 9 42 22
499 9 2 14
499 3 33 21
499 26 27 18
499 49 28 18
499 21 36 26
499 35 27 25
499 50 42 18
499 20 30 26
499 20 7 26
499 26 21 19
499 29 39 21
499 4 46 15
499 20 5 18
499 29 11 24
499 13 43 22
499 46 46 25
499 8 9 18
499 31 1 20
499 21 15 17
499 21 31 25
499 34 36 19
499 49 12 23
499 25 27 13
499 35 2 19
499 23 45 14
499 31 19 21
499 47 5 26
499 13 2 23
499 16 9 18
499 37 33 25
499 30 12 17
499 22 4 24
499 22 30 25
499 50 13 30
499 20 6 21
499 43 3 22
499 23 29 24
499 39 35 14
499 17 40 22
499 1 22 21
499 15 40 14
499 34 23 28
499 6 31 17
499 5 42 18
499 7 1 22
499 3 28 14
499 13 1 22
499 47 45 16
499 30 35 18
499 42 33 18
499 3 12 19
499 27 15 25
499 21 39 16
499 39 29 14
499 41 20 19
499 23 16 26
499 20 19 16
499 28 47 20
499 32 21 21
499 15 15 12
499 6 8 18
499 5 26 17
499 28 21 12
499 48 11 22
499 6 36 25
499 15 50 16
499 2 48 27
499 35 36 17
499 9 17 18
499 32 47 22
499 43 50 22
499 45 2 21
499 23 10 17
499 47 3 26
499 19 25 20
499 27 39 22
499 44 37 16
499 36 11 21
499 15 25 28
499 43 48 19
499 15 6 22
499 39 40 13
499 48 36 13
499 7 19 23
499 13 41 20
499 39 10 22
499 36 4 23
499 16 33 19
499 13 50 22
499 50 17 18
499 14 30 10
499 8 46 22
499 41 46 21
499 26 38 22
499 4 39 19
499 8 46 22
499 39 17 23
499 27 13 16
499 9 12 16
499 48 30 19
499 31 3 28
499 33 7 21
499 38 22 23
499 25 14 21
499 42 35 21
499 14 14 24
499 32 46 20
499 2 45 17
499 47 49 21
499 9 10 16
499 21 18 24
499 4 31 18
499 38 35 17
499 1 11 21
499 43 41 18
499 14 29 25
499 17 17 23
499 17 11 20
499 22 47 18
499 6 38 24
499 46 28 24
499 13 33 19
499 13 17 22
499 15 19 22
499 6 7 16
499 2 18 17
499 19 49 19
499 44 4 30
499 32 6 18
499 31 6 21
499 48 48 20
499 31 12 14
499 8 33 22
499 16 1 25
499 28 17 24
499 3 17 23
499 40 45 18
499 10 38 21
499 42 13 25
499 10 23 25
499 6 8 18
499 45 27 21
499 29 21 18
499 6 32 23
499 16 1 25
499 45 22 24
499 46 5 20
499 7 27 19
499 13 50 22
499 22 26 17
499 33 21 20
499 30 21 16
499 47 14 25
499 7 47 17
499 27 2 19
499 41 22 17
499 28 50 20
499 35 12 22
499 50 29 17
499 40 17 13
499 24 14 16
499 17 48 19
499 37 25 20
499 29 33 14
499 23 3 22
499 22 18 20
499 13 26 20
499 41 46 21
499 47 7 17
499 21 26 24
499 20 46 23
499 3 40 24
499 9 23 15
499 45 16 19
499 50 3 21
499 47 10 21
499 19 16 22
499 3 20 21
499 44 18 20
499 4 33 17
499 38 50 18
499 40 22 23
499 49 48 22
499 50 15 26
499 16 34 21
499 41 38 22
499 17 40 22
499 35 13 21
499 28 48 13
499 31 3 28
499 9 45 19
499 43 1 20
499 48 39 19
499 11 13 23
499 34 39 17
499 12 8 15
499 24 14 16
499 3 26 10
499 9 23 15
499 10 7 20
499 24 5 19
499 24 26 17
499 23 40 21
499 31 10 20
499 11 37 19
499 35 42 14
499 48 31 20
499 31 50 18
499 29 35 19
499 48 8 17
499 19 44 24
499 2 20 13
499 36 43 20
499 34 25 24
499 8 19 23
499 28 28 25
499 48 33 29
499 14 16 22
499 20 6 21
499 46 44 18
499 35 38 15
499 17 23 16
499 2 25 18
499 26 40 21
499 2 50 22
499 39 38 18
499 18 43 13
499 11 34 18
499 3 49 22
499 41 30 20
499 1 35 15
499 21 33 23
499 32 39 28
499 39 39 23
499 20 32 29
499 45 15 24
499 15 28 28
499 22 12 22
499 14 45 24
499 21 17 19
499 44 9 22
499 26 42 19
499 13 46 17
499 10 34 27
499 9 44 19
499 7 19 23
499 25 8 16
499 31 34 25
499 38 16 23
499 38 9 13
499 32 38 21
499 12 36 23
499 20 3 23
499 8 46 22
499 43 32 23
499 42 17 18
499 12 10 19
499 8 22 22
499 37 11 20
499 29 50 19
499 7 5 22
499 31 34 25
499 38 44 21
499 33 26 25
499 38 26 19
499 20 22 21
499 37 3 21
499 1 9 28
499 45 1 18
499 11 37 19
499 43 23 23
499 36 28 23
499 22 10 18
499 32 46 20
499 49 32 34
499 50 19 24
499 4 7 14
499 29 32 18
499 1 29 22
499 22 1 20
499 49 29 21
499 28 15 21
499 12 16 18
499 21 16 28
499 32 24 21
499 1 10 21
499 22 14 9
499 29 46 22
499 50 8 18
499 50 44 20
499 46 7 18
499 47 13 18
499 44 35 16
499 31 36 22
499 9 10 16
499 11 21 15
499 42 41 22
499 34 20 18
499 34 38 16
499 15 3 16
499 33 13 21
499 4 37 25
499 25 15 21
499 48 5 20
499 38 34 20
499 6 16 23
499 44 29 26
499 38 9 13
499 26 27 18
499 31 15 18
499 8 8 22
499 21 40 24
499 39 42 22
499 2 36 13
499 48 7 19
499 19 45 28
499 4 32 26
499 7 31 23
499 2 42 21
499 5 4 21
499 50 49 22
499 23 39 20
499 42 42 21
499 29 29 16
499 25 2 21
499 50 9 27
499 10 20 23
499 17 37 20
499 2 36 13
499 24 12 22
499 24 5 19
499 40 3 26
499 2 11 19
499 26 10 20
499 22 25 19
499 40 30 23
499 19 39 21
499 29 12 21
499 12 50 13
499 3 23 15
499 20 37 18
499 48 36 13
499 48 2 13
499 5 43 21
499 34 5 18
499 9 46 24
499 41 14 16
499 29 20 28
499 44 27 23
499 13 16 22
499 30 31 18
499 1 37 20
499 12 39 17
499 5 28 24
499 1 48 23
499 30 41 16
499 39 28 17
499 2 15 19
499 17 33 24
499 32 15 18
499 16 11 19
499 14 38 19
499 47 41 18
499 14 13 18
499 15 38 26
499 3 1 20
499 1 45 26
499 42 32 17
499 42 7 21
499 13 30 23
499 45 30 17
499 2 45 17
499 33 7 21
499 39 8 19
499 30 22 13
499 21 31 25
499 28 33 18
499 9 13 24
499 6 28 15
499 36 30 20
499 46 22 17
499 38 40 22
499 40 18 15
499 24 7 21
499 21 42 12
499 9 43 26
499 27 46 19
499 34 15 14
499 50 19 24
499 12 18 15
499 3 36 26
499 41 30 20
499 42 3 28
499 33 40 18
499 16 15 15
499 4 3 18
499 31 2 22
499 42 32 17
499 31 23 21
499 37 23 29
499 6 8 18
499 40 20 21
499 41 22 17
499 40 46 13
499 15 17 19
499 19 28 24
499 49 18 13
499 18 30 29
503 41 33 18
503 5 45 19
503 45 35 17
503 39 17 25
503 7 30 18
503 27 16 16
503 29 18 22
503 22 11 19
503 43 4 14
503 40 45 17
503 10 36 27
503 37 18 23
503 4 31 20
503 20 4 20
503 29 50 16
503 41 46 17
503 45 50 20
503 44 18 25
503 13 44 25
503 7 48 16
503 10 29 18
503 29 35 16
503 44 50 22
503 1 5 28
503 40 27 16
503 14 9 22
503 36 40 16
503 18 7 19
503 34 1 27
503 1 38 21
503 7 40 17
503 3 1 23
503 24 29 23
503 34 5 21
503 7 32 19
503 41 9 15
503 6 33 20
503 12 5 18
503 8 24 22
503 41 47 23
503 19 21 26
503 22 31 23
503 13 8 17
503 24 32 14
503 28 3 12
503 2 44 22
503 22 48 25
503 31 14 27
503 21 35 13
503 47 1 25
503 25 47 26
503 8 29 12
503 22 48 25
503 38 33 21
503 14 13 20
503 31 29 19
503 5 7 22
503 9 36 18
503 45 2 15
503 28 2 20
503 30 46 21
503 3 33 16
503 1 33 15
503 18 32 21
503 12 28 22
503 41 14 12
503 24 8 30
503 26 15 21
503 12 16 17
503 2 1 23
503 23 23 23
503 7 10 20
503 15 4 24
503 12 38 15
503 8 7 24
503 24 3 19
503 50 4 22
503 22 39 29
503 13 17 18
503 38 50 24
503 20 49 26
503 25 18 18
503 47 34 17
503 17 12 16
503 5 5 19
503 35 9 20
503 47 29 21
503 11 9 23
503 23 4 26
503 35 47 22
503 7 46 21
503 40 38 22
503 2 25 14
503 6 4 21
503 4 46 18
503 7 13 25
503 36 18 18
503 36 5 18
503 50 8 17
503 21 30 17
503 31 16 28
503 11 25 24
503 29 4 20
503 14 19 16
503 27 6 16
503 19 38 16
503 3 17 20
503 35 4 13
503 3 8 21
503 45 4 24
503 34 25 13
503 7 25 16
503 32 7 25
503 39 25 22
503 24 29 23
503 36 7 23
503 6 22 20
503 2 9 20
503 32 1 24
503 7 22 23
503 35 42 14
503 21 17 17
503 48 9 19
503 7 4 18
503 4 39 20
503 39 1 11
503 7 41 21
503 36 12 30
503 18 11 22
503 24 10 18
503 30 7 17
503 42 24 28
503 45 33 17
503 2 14 16
503 3 11 17
503 40 9 24
503 25 38 20
503 1 23 19
503 5 32 15
503 13 14 18
503 22 41 27
503 22 49 19
503 28 21 20
503 24 11 21
503 26 26 25
503 4 3 21
503 28 38 21
503 2 31 19
503 16 46 21
503 50 41 24
503 43 22 27
503 10 40 23
503 24 50 14
503 40 46 20
503 23 49 22
503 40 32 22
503 28 9 19
503 11 47 19
503 34 35 13
503 18 29 19
503 24 30 19
503 3 9 22
503 6 35 13
503 16 16 27
503 49 19 33
503 15 41 22
503 13 34 22
503 40 4 23
503 9 16 25
503 17 32 21
503 45 3 22
503 30 11 21
503 33 46 15
503 33 9 21
503 48 11 18
503 43 9 12
503 44 37 20
503 32 9 28
503 6 24 23
503 17 13 18
503 2 19 22
503 9 18 23
503 24 11 21
503 2 49 21
503 15 42 18
503 34 37 22
503 50 44 17
503 32 27 18
503 18 16 24
503 3 14 28
503 34 17 16
503 47 5 19
503 36 35 26
503 2 20 14
503 34 25 13
503 19 25 18
503 22 37 19
503 45 4 24
503 10 9 18
503 31 37 19
503 35 23 21
503 35 32 21
503 50 24 26
503 49 32 14
503 16 9 18
503 25 32 22
503 12 21 12
503 41 48 22
503 28 36 24
503 36 7 23
503 48 7 27
503 49 8 20
503 37 28 19
503 4 16 16
503 4 31 20
503 30 34 19
503 7 37 17
503 12 42 17
503 39 43 23
503 13 2 24
503 44 34 19
503 24 46 14
503 16 15 19
503 50 10 19
503 7 35 21
503 18 50 22
503 30 49 22
503 25 34 15
503 25 4 21
503 3 11 17
503 27 25 21
503 22 38 19
503 42 39 19
503 34 8 19
503 4 16 16
503 37 45 23
503 48 43 19
503 9 37 26
503 17 28 19
503 21 3 20
503 41 10 26
503 39 22 16
503 40 37 24
503 36 16 12
503 11 6 22
503 27 18 19
503 28 39 15
503 15 41 22
503 7 41 21
503 28 34 16
503 29 8 22
503 16 20 21
503 24 35 17
503 40 11 25
503 16 30 22
503 49 17 22
503 38 8 22
503 31 49 22
503 36 41 20
503 13 15 17
503 37 27 16
503 44 9 16
503 33 50 19
503 7 18 23
503 8 32 20
503 5 44 27
503 4 35 14
503 45 47 22
503 2 18 16
503 7 14 20
503 14 48 20
503 10 48 27
503 28 16 20
503 31 45 23
503 36 24 23
503 8 46 24
503 1 48 20
503 44 6 19
503 42 48 21
503 11 19 20
503 33 5 14
503 11 1 18
503 12 8 22
503 7 5 19
503 43 25 18
503 18 38 21
503 19 9 20
503 9 8 17
503 13 33 25
503 35 14 19
503 41 6 18
503 32 14 16
503 6 35 13
503 6 11 25
503 31 6 17
503 8 39 21
503 13 18 17
503 15 10 21
503 19 33 20
503 40 20 16
503 17 41 18
503 41 11 14
503 26 21 25
503 44 23 12
503 42 6 24
503 3 46 20
503 26 48 20
503 34 41 19
503 31 36 26
503 43 31 20
503 7 9 19
503 5 1 18
503 47 47 16
503 6 50 20
503 8 11 21
503 27 32 16
503 44 11 17
503 19 40 16
503 38 46 25
503 28 30 14
503 30 2 19
503 6 6 15
503 16 46 21
503 27 48 17
503 40 14 18
503 6 27 26
503 33 43 22
503 49 37 18
503 17 24 22
503 39 36 17
503 6 36 16
503 34 24 20
503 12 21 12
503 35 23 21
503 21 28 23
503 2 26 19
503 11 17 29
503 11 4 22
503 1 42 26
503 41 41 23
503 38 43 17
503 30 21 26
503 6 23 18
503 15 5 12
503 45 9 24
503 14 14 23
503 35 29 9
503 29 47 16
503 39 8 20
503 18 8 24
503 3 42 13
503 36 28 24
503 15 39 25
503 11 16 21
503 11 18 17
503 8 42 17
503 38 33 21
503 18 23 22
503 47 28 16
503 17 27 22
503 3 24 28
503 10 25 20
503 44 21 13
503 19 35 21
503 9 24 19
503 43 47 21
503 8 16 24
503 39 8 20
503 30 16 24
503 28 22 18
503 34 27 12
503 15 37 8
503 4 49 20
503 22 31 23
503 47 13 22
503 37 11 20
503 19 41 24
503 22 18 28
503 46 23 22
503 12 42 17
503 21 3 20
503 18 6 21
503 2 50 26
503 36 6 22
503 3 44 16
503 1 43 21
503 36 6 22
503 37 10 20
503 36 5 18
503 9 12 17
503 19 21 26
503 18 31 16
503 21 37 20
503 3 28 23
503 50 2 16
503 29 37 19
503 15 6 22
503 10 15 18
503 12 12 12
503 25 40 17
503 4 45 24
503 5 28 17
503 1 39 18
503 4 26 22
503 14 48 20
503 34 25 13
503 46 6 20
503 10 4 26
503 40 38 22
509 49 11 19
509 11 25 28
509 36 32 21
509 16 13 17
509 8 16 20
509 3 8 18
509 49 20 22
509 16 18 21
509 42 42 19
509 2 43 22
509 14 4 21
509 28 33 18
509 50 2 18
509 48 3 20
509 36 14 22
509 50 2 18
509 10 33 20
509 14 1 24
509 7 10 16
509 24 34 21
509 27 33 19
509 28 31 20
509 11 26 24
509 39 33 22
509 3 4 21
509 2 20 15
509 29 31 18
509 1 40 17
509 23 1 19
509 22 40 15
509 3 18 22
509 5 23 17
509 45 13 19
509 43 18 20
509 35 3 14
509 31 17 22
509 24 3 29
509 17 38 20
509 26 39 23
509 7 15 23
509 10 33 20
509 13 47 23
509 4 27 19
509 37 6 17
509 5 41 26
509 7 16 18
509 13 8 18
509 38 16 15
509 37 29 25
509 20 28 25
509 6 2 16
509 50 3 22
509 49 11 19
509 47 37 22
509 15 43 25
509 3 1 26
509 37 18 16
509 27 44 18
509 11 38 24
509 33 44 22
509 41 34 21
509 2 16 20
509 32 5 24
509 43 11 22
509 40 46 15
509 43 42 22
509 30 12 27
509 30 2 22
509 38 14 13
509 8 38 23
509 30 28 21
509 6 9 20
509 5 14 23
509 50 12 14
509 1 15 21
509 45 48 21
509 50 19 25
509 42 25 21
509 47 49 24
509 30 36 18
509 29 28 23
509 3 24 23
509 42 50 22
509 47 4 23
509 6 2 16
509 8 33 18
509 5 31 25
509 8 30 19
509 39 10 24
509 26 37 27
509 5 25 23
509 9 38 21
509 32 43 14
509 37 5 18
509 30 15 16
509 20 38 17
509 49 11 19
509 28 38 19
509 12 18 12
509 19 41 20
509 5 14 23
509 19 1 25
509 29 14 25
509 7 3 23
509 8 16 20
509 33 27 19
509 39 23 18
509 42 3 19
509 24 7 19
509 46 7 18
509 11 43 18
509 27 27 22
509 43 20 15
509 15 9 22
509 10 11 26
509 50 29 20
509 9 13 21
509 14 19 20
509 32 18 18
509 50 24 15
509 47 32 17
509 14 21 26
509 41 3 21
509 31 4 27
509 22 15 12
509 21 32 24
509 46 44 24
509 39 9 23
509 37 32 12
509 22 41 21
509 44 29 16
509 45 37 19
509 46 41 22
509 9 13 21
509 43 46 20
509 13 6 18
509 49 34 18
509 13 24 27
509 9 5 24
509 9 13 21
509 20 49 17
509 46 32 25
509 18 48 26
509 10 25 16
509 12 35 19
509 15 47 20
509 20 3 14
509 33 9 20
509 23 32 22
509 39 23 18
509 42 32 22
509 44 14 18
509 22 2 25
509 38 38 22
509 44 2 22
509 31 24 17
509 50 36 24
509 23 1 19
509 48 19 20
509 32 44 22
509 35 44 19
509 37 10 26
509 22 29 19
509 34 41 25
509 41 6 21
509 25 20 31
509 36 23 16
509 36 17 17
509 10 17 13
509 7 43 17
509 15 7 18
509 48 19 20
509 17 28 15
509 3 33 21
509 44 32 18
509 44 39 14
509 12 12 18
509 11 46 24
509 32 25 27
509 5 14 23
509 11 12 18
509 43 29 19
509 44 28 13
509 24 39 21
509 45 23 20
509 39 29 14
509 8 12 19
509 45 15 22
509 27 10 25
509 17 33 18
509 45 12 21
509 25 15 30
509 2 8 15
509 9 13 21
509 23 32 22
509 9 23 26
509 3 33 21
509 48 32 14
509 2 5 17
509 46 46 18
509 34 42 19
509 8 50 18
509 32 42 19
509 30 10 24
509 49 17 25
509 46 33 17
509 17 5 16
509 1 35 18
509 31 43 21
509 25 30 21
509 33 29 20
509 6 49 28
509 20 33 18
509 39 47 19
509 2 30 29
509 34 8 27
509 8 6 16
509 22 3 23
509 25 31 17
509 24 42 24
509 25 32 17
509 49 5 15
509 32 44 22
509 11 20 21
509 29 29 20
509 41 16 15
509 12 6 14
509 46 16 31
509 24 41 23
509 8 12 19
509 45 33 19
509 12 30 11
509 32 49 22
509 44 27 19
509 5 42 23
509 5 38 25
509 20 3 14
509 12 14 22
509 14 15 13
509 34 33 21
509 22 42 24
509 4 45 21
509 6 47 23
509 15 3 15
509 33 8 21
509 6 36 24
509 21 50 21
509 17 9 19
509 13 23 17
509 36 33 23
509 28 31 20
509 6 24 24
509 43 35 24
509 35 26 25
509 33 32 21
509 29 35 17
509 6 7 24
509 34 39 20
509 36 13 22
509 31 25 20
509 39 42 22
509 33 40 13
509 20 39 24
509 20 50 19
509 11 18 20
509 31 3 16
509 11 43 18
509 32 27 16
509 13 35 16
509 30 28 21
509 5 37 16
509 38 32 18
509 48 25 16
509 10 9 24
509 36 41 19
509 33 20 17
509 12 22 18
509 11 46 24
509 15 2 23
509 6 37 14
509 41 3 21
509 41 24 20
509 33 41 16
509 46 24 19
509 37 21 21
509 40 44 17
509 26 34 18
509 47 32 17
509 9 44 21
509 44 29 16
509 35 17 17
509 4 5 13
509 28 39 16
509 49 45 15
509 19 24 20
509 11 48 20
509 3 30 16
509 28 25 20
509 50 32 22
509 9 19 20
509 22 45 17
509 38 40 18
509 15 24 20
509 31 18 21
509 14 45 19
509 48 17 14
509 5 11 18
509 4 3 25
509 15 47 20
509 10 17 13
509 14 6 16
509 31 8 20
509 4 17 23
509 49 39 16
509 12 40 21
509 30 26 21
509 24 24 25
509 36 17 17
509 21 32 24
509 14 49 21
509 41 39 20
509 13 50 20
509 35 17 17
509 31 46 10
509 28 27 24
509 3 25 17
509 7 34 24
509 3 4 21
509 9 40 13
509 50 23 25
509 41 19 17
509 21 10 19
509 46 42 21
509 9 28 26
509 9 35 21
509 9 36 25
509 25 10 13
509 34 30 18
509 3 34 27
509 13 6 18
509 23 35 22
509 23 7 20
509 3 35 25
509 48 21 19
509 31 50 21
509 43 2 23
509 4 24 21
509 3 16 16
509 36 5 17
509 21 21 15
509 19 31 19
509 16 19 28
509 22 41 21
509 12 41 19
509 40 37 15
509 37 36 16
509 24 22 19
509 44 41 26
509 12 31 23
509 38 32 18
509 18 17 21
509 28 12 24
509 24 41 23
509 11 43 18
509 11 41 16
509 6 29 22
509 13 8 18
509 36 30 22
509 1 42 16
509 22 8 21
509 4 50 17
509 17 40 17
509 13 14 25
509 8 34 21
509 48 35 23
509 48 46 23
509 47 40 23
509 44 34 18
509 26 40 17
509 27 46 24
509 5 37 16
509 28 40 17
509 3 37 17
509 44 30 19
509 33 13 19
509 31 11 21
509 29 40 23
509 39 37 21
509 30 36 18
509 47 11 22
509 17 7 17
509 46 27 17
509 22 8 21
509 27 47 21
509 39 9 23
509 35 39 25
509 23 7 20
509 22 30 21
509 42 18 20
509 22 48 25
509 36 3 13
509 23 46 21
509 34 15 23
509 15 26 22
509 3 15 16
509 8 43 25
509 48 47 17
509 11 18 20
509 14 15 13
521 35 13 18
521 8 11 19
521 39 7 23
521 18 14 12
521 50 49 27
521 38 16 29
521 40 8 18
521 38 31 23
521 8 5 13
521 29 47 15
521 22 39 18
521 41 30 18
521 24 32 15
521 32 25 15
521 49 10 21
521 5 48 21
521 16 20 19
521 38 13 7
521 36 14 18
521 26 10 21
521 36 8 17
521 48 14 24
521 44 3 20
521 17 31 20
521 2 49 20
521 2 29 22
521 30 39 17
521 48 38 15
521 5 38 10
521 29 23 23
521 46 4 24
521 8 3 19
521 16 31 15
521 13 28 22
521 47 17 22
521 10 9 25
521 3 40 20
521 13 41 15
521 20 10 18
521 22 50 21
521 45 40 15
521 50 12 18
521 39 46 17
521 27 17 16
521 22 41 21
521 37 38 18
521 16 10 15
521 23 13 24
521 22 11 17
521 8 11 19
521 6 30 15
521 37 6 19
521 13 33 23
521 41 38 26
521 20 45 17
521 12 18 24
521 41 32 25
521 24 7 19
521 35 43 20
521 11 44 15
521 9 42 20
521 45 27 19
521 3 42 20
521 42 32 22
521 48 30 20
521 14 26 17
521 21 9 19
521 33 41 21
521 48 15 18
521 36 15 10
521 6 9 13
521 37 12 24
521 7 30 14
521 37 40 14
521 43 25 21
521 45 38 22
521 20 28 17
521 13 17 25
521 30 13 17
521 8 33 22
521 19 37 21
521 31 11 8
521 20 18 18
521 45 25 19
521 16 23 12
521 38 15 23
521 20 34 18
521 11 36 18
521 46 48 18
521 25 38 18
521 30 5 23
521 21 48 19
521 29 2 22
521 33 29 22
521 38 44 17
521 27 46 26
521 5 44 23
521 23 23 23
521 11 22 20
521 32 1 18
521 10 13 17
521 11 3 10
521 9 43 20
521 44 8 19
521 24 47 26
521 49 40 18
521 22 2 16
521 31 18 20
521 26 27 19
521 45 12 22
521 7 23 16
521 50 35 13
521 44 3 20
521 18 49 29
521 39 23 17
521 50 25 26
521 5 38 10
521 10 22 19
521 14 49 18
521 6 44 14
521 8 21 19
521 10 6 19
521 17 38 22
521 33 35 18
521 49 17 19
521 11 14 27
521 23 13 24
521 12 50 16
521 48 1 14
521 46 4 24
521 21 43 16
521 48 12 27
521 20 28 17
521 15 17 19
521 23 18 22
521 43 24 21
521 21 45 15
521 31 41 17
521 11 36 18
521 47 17 22
521 19 47 22
521 16 27 22
521 48 34 20
521 3 38 21
521 44 32 22
521 26 19 17
521 14 28 15
521 33 20 16
521 41 36 21
521 23 15 17
521 21 35 30
521 47 2 20
521 39 50 15
521 17 11 13
521 1 17 17
521 36 48 17
521 17 46 25
521 33 6 17
521 24 4 28
521 8 48 29
521 3 17 23
521 7 35 15
521 9 4 19
521 12 41 19
521 38 33 27
521 17 27 23
521 10 1 23
521 24 15 23
521 47 1 24
521 19 29 16
521 26 15 18
521 18 25 24
521 50 5 20
521 48 5 16
521 19 6 22
521 19 18 21
521 47 26 13
521 48 14 24
521 37 24 18
521 14 46 21
521 25 6 18
521 22 29 18
521 15 4 26
521 27 21 27
521 7 24 18
521 41 20 18
521 30 24 22
521 32 33 17
521 14 12 15
521 21 34 16
521 44 50 19
521 48 45 19
521 15 42 18
521 19 46 14
521 45 15 13
521 3 21 16
521 21 49 22
521 31 45 22
521 34 17 24
521 7 20 16
521 46 26 20
521 18 11 22
521 34 15 17
521 42 17 20
521 35 31 11
521 24 10 20
521 40 21 19
521 14 37 11
521 24 36 19
521 13 25 21
521 3 35 15
521 39 21 16
521 43 45 22
521 22 28 21
521 2 9 18
521 13 42 20
521 46 39 19
521 31 1 22
521 17 47 17
521 38 19 15
521 7 26 17
521 27 25 21
521 12 45 23
521 47 41 16
521 45 18 16
521 25 50 12
521 43 20 18
521 13 9 16
521 23 44 15
521 33 18 20
521 8 15 5
521 42 38 17
521 1 48 20
521 22 24 20
521 37 48 17
521 18 26 17
521 43 27 18
521 48 31 15
521 44 47 18
521 18 2 19
521 21 7 19
521 23 20 24
521 13 32 27
521 6 30 15
521 11 44 15
521 7 12 20
521 8 13 15
521 41 18 19
521 22 5 18
521 5 3 17
521 5 25 19
521 48 50 20
521 47 1 24
521 9 27 22
521 10 9 25
521 19 33 17
521 29 11 17
521 32 18 20
521 22 38 16
521 12 30 20
521 25 11 18
521 41 17 11
521 3 49 27
521 19 40 20
521 41 7 21
521 1 42 15
521 40 32 17
521 41 37 22
521 15 29 17
521 45 4 26
521 12 28 18
521 35 7 18
521 38 25 30
521 4 30 14
521 19 13 25
521 6 26 22
521 4 15 18
521 32 45 18
521 41 47 15
521 34 42 17
521 38 45 17
521 25 15 20
521 11 49 20
521 9 3 12
521 38 26 28
521 3 27 23
521 2 27 19
521 8 36 16
521 21 2 15
521 25 24 26
521 44 50 19
521 37 26 22
521 44 29 23
521 7 21 12
521 7 25 25
521 20 14 19
521 45 19 18
521 30 38 18
521 17 1 14
521 3 40 20
521 31 30 19
521 11 5 22
521 16 47 17
521 46 22 20
521 43 34 17
521 28 16 19
521 27 6 25
521 26 9 21
521 15 20 21
521 38 43 17
521 25 12 22
521 18 28 19
521 16 7 23
521 4 14 17
521 31 12 15
521 20 48 13
521 49 6 19
521 27 38 14
521 45 27 19
521 3 31 28
521 32 49 16
521 9 6 24
521 27 41 18
521 30 50 19
521 44 32 22
521 18 17 22
521 10 3 27
521 24 14 18
521 27 5 14
521 9 39 14
521 19 7 16
521 5 28 23
521 26 46 11
521 5 48 21
521 35 50 14
521 9 45 19
521 50 18 15
521 8 21 19
521 31 4 17
521 1 24 20
521 44 1 18
521 22 19 16
521 44 20 16
521 18 50 26
521 42 3 17
521 38 14 19
521 15 15 23
521 6 20 14
521 22 17 22
521 45 14 22
521 3 32 24
521 1 47 17
521 8 10 19
521 3 5 23
521 43 1 17
521 47 23 16
521 28 11 25
521 28 21 23
521 19 26 16
521 12 39 25
521 42 6 24
521 13 49 22
521 24 13 26
521 31 50 19
521 13 35 20
521 9 22 12
521 20 31 15
521 39 49 22
521 10 34 15
521 33 32 21
521 49 41 16
521 33 49 23
521 35 33 15
521 31 29 26
521 5 17 21
521 47 5 13
521 15 10 26
521 15 39 16
521 37 31 19
521 46 11 20
521 25 24 26
521 28 17 16
521 34 13 18
521 38 27 20
521 27 15 22
521 24 18 23
521 6 1 15
521 16 10 15
521 16 31 15
521 40 49 17
521 3 25 20
521 45 50 24
521 48 40 26
521 42 3 17
521 25 38 18
521 24 4 28
521 37 23 11
521 1 27 21
521 27 3 12
521 26 1 25
521 24 37 20
521 4 31 23
521 47 42 19
521 5 42 11
521 45 50 24
521 32 4 22
521 41 1 23
521 25 8 25
521 21 27 16
523 39 25 20
523 4 11 19
523 25 8 13
523 31 6 17
523 1 22 26
523 43 48 13
523 43 2 19
523 18 41 18
523 1 7 15
523 31 13 20
523 44 28 15
523 15 40 14
523 19 44 13
523 17 28 18
523 13 45 20
523 18 34 16
523 7 24 21
523 20 9 22
523 50 24 17
523 3 9 20
523 30 27 17
523 44 44 21
523 50 44 16
523 36 33 16
523 18 44 19
523 25 35 14
523 27 25 22
523 17 38 11
523 40 15 19
523 50 31 23
523 5 45 14
523 3 21 12
523 15 8 21
523 4 25 19
523 12 5 24
523 36 31 25
523 20 26 14
523 6 45 23
523 4 43 24
523 39 17 22
523 9 9 18
523 20 40 17
523 2 1 28
523 49 33 15
523 3 7 13
523 8 40 24
523 22 12 17
523 17 40 15
523 30 25 26
523 27 12 17
523 33 33 19
523 7 6 27
523 33 5 16
523 48 5 27
523 15 21 11
523 40 34 13
523 27 2 26
523 2 6 17
523 36 26 20
523 49 16 16
523 24 23 23
523 25 12 17
523 18 31 27
523 18 20 21
523 14 31 26
523 15 48 23
523 18 29 19
523 26 9 24
523 35 29 14
523 18 36 21
523 6 8 17
523 5 39 22
523 18 7 15
523 25 10 24
523 17 15 15
523 2 44 15
523 21 24 22
523 24 10 16
523 38 25 17
523 26 45 16
523 36 49 22
523 42 31 19
523 31 1 30
523 8 49 26
523 34 21 23
523 2 49 22
523 10 38 13
523 32 45 19
523 42 38 18
523 13 36 24
523 20 39 25
523 38 19 18
523 43 42 24
523 45 10 12
523 45 44 22
523 19 37 25
523 16 19 10
523 20 22 23
523 50 26 15
523 20 11 20
523 29 47 23
523 17 47 23
523 17 42 19
523 27 6 14
523 5 3 17
523 19 37 25
523 26 35 16
523 16 3 18
523 2 38 15
523 22 28 19
523 29 3 17
523 38 16 22
523 29 19 18
523 40 35 13
523 27 40 23
523 44 25 28
523 32 19 17
523 3 16 21
523 29 39 18
523 23 27 17
523 19 20 17
523 38 50 16
523 32 17 14
523 27 42 13
523 5 25 30
523 46 36 23
523 17 46 18
523 36 19 18
523 37 40 23
523 49 12 14
523 34 6 22
523 12 13 28
523 18 6 20
523 47 5 21
523 8 39 22
523 14 1 24
523 17 23 20
523 21 39 19
523 15 30 21
523 17 17 20
523 34 14 23
523 36 44 23
523 16 38 16
523 50 32 13
523 48 17 26
523 37 27 13
523 19 20 17
523 45 16 24
523 21 44 17
523 9 46 25
523 43 35 16
523 29 47 23
523 39 47 19
523 19 36 18
523 16 37 18
523 21 48 22
523 17 14 21
523 8 20 20
523 50 38 14
523 37 50 23
523 46 23 22
523 18 6 20
523 4 45 14
523 45 35 20
523 48 34 26
523 27 40 23
523 41 4 19
523 41 44 25
523 22 30 29
523 17 36 18
523 43 17 21
523 14 7 20
523 25 34 15
523 25 48 22
523 49 3 18
523 6 30 19
523 17 37 29
523 18 2 15
523 17 21 19
523 40 26 14
523 32 25 15
523 23 27 17
523 24 7 20
523 30 26 20
523 12 33 9
523 3 24 20
523 32 7 12
523 16 3 18
523 1 16 20
523 19 30 18
523 13 47 17
523 13 9 26
523 38 50 16
523 16 48 23
523 29 24 21
523 50 47 20
523 12 33 9
523 33 36 19
523 11 8 20
523 12 33 9
523 2 39 13
523 22 22 24
523 16 25 21
523 39 36 19
523 4 23 15
523 29 42 22
523 10 41 16
523 4 42 20
523 35 36 17
523 23 25 29
523 45 41 16
523 4 39 19
523 37 6 19
523 17 32 26
523 31 47 23
523 2 26 21
523 50 41 9
523 31 9 21
523 11 5 26
523 48 28 22
523 30 19 12
523 40 22 21
523 20 37 22
523 38 40 21
523 6 36 20
523 48 30 15
523 47 20 23
523 13 5 20
523 20 16 15
523 19 6 21
523 37 23 19
523 20 26 14
523 41 33 24
523 11 32 21
523 8 13 14
523 19 49 16
523 38 18 21
523 20 27 25
523 39 11 19
523 16 35 8
523 36 23 18
523 48 1 15
523 43 42 24
523 39 16 15
523 6 30 19
523 20 41 23
523 44 17 18
523 9 37 25
523 45 14 24
523 47 32 24
523 30 22 11
523 47 31 19
523 48 43 22
523 13 34 16
523 36 9 24
523 47 20 23
523 12 44 16
523 43 38 24
523 23 8 16
523 46 30 13
523 19 29 22
523 5 17 19
523 36 24 27
523 48 19 20
523 21 35 11
523 39 7 23
523 50 39 22
523 37 8 18
523 2 12 22
523 23 25 29
523 15 20 22
523 5 17 19
523 22 28 19
523 29 42 22
523 44 7 15
523 49 9 16
523 21 45 23
523 16 13 20
523 7 28 21
523 23 42 24
523 14 10 20
523 29 5 25
523 19 25 15
523 26 37 19
523 5 20 23
523 19 47 18
523 39 41 20
523 27 47 18
523 31 10 21
523 26 21 13
523 35 35 17
523 28 46 21
523 35 35 17
523 7 11 18
523 42 15 17
523 50 19 19
523 47 14 16
523 38 39 16
523 13 4 19
523 9 45 14
523 23 26 24
523 18 2 15
523 11 22 21
523 16 40 16
523 16 4 18
523 29 49 27
523 10 10 21
523 14 42 21
523 16 39 16
523 46 23 22
523 29 18 23
523 29 34 30
523 31 44 18
523 10 28 16
523 38 2 12
523 41 5 20
523 46 28 18
523 10 13 26
523 44 18 14
523 24 8 21
523 2 24 22
523 1 8 22
523 22 12 17
523 39 11 19
523 32 10 19
523 28 6 21
523 40 18 17
523 42 48 19
523 17 5 17
523 8 35 15
523 15 9 26
523 33 33 19
523 18 47 21
523 38 23 16
523 38 21 15
523 28 3 21
523 21 50 21
523 26 15 22
523 1 42 21
523 38 28 17
523 48 43 22
523 19 2 22
523 3 26 14
523 25 9 14
523 16 44 25
523 24 10 16
523 19 48 19
523 29 41 23
523 22 34 17
523 25 43 27
523 50 41 9
523 4 9 21
523 37 48 17
523 35 44 23
523 6 39 18
523 40 9 21
523 24 40 20
523 5 30 21
523 5 47 22
523 41 8 21
523 7 6 27
523 40 35 13
523 14 32 15
523 26 44 22
523 36 35 14
523 45 26 16
523 33 10 13
523 49 17 19
523 4 34 13
523 2 24 22
523 4 38 14
523 14 16 24
523 33 36 19
523 1 39 24
523 48 49 27
523 46 48 18
523 1 25 17
523 40 32 27
523 44 4 18
523 11 19 23
523 4 43 24
523 24 1 27
523 33 16 21
523 8 37 25
523 28 21 17
523 14 12 18
523 48 8 11
523 16 25 21
523 3 27 20
523 17 42 19
523 39 26 26
523 40 46 22
523 34 32 16
523 17 37 29
523 37 3 17
523 36 7 10
523 23 15 12
523 45 13 18
523 43 19 14
523 36 45 22
523 11 27 14
523 1 40 18
523 17 21 19
523 49 15 16
523 3 24 20
523 44 13 17
523 33 43 19
523 33 13 20
523 40 41 18
541 14 23 22
541 50 23 13
541 40 18 24
541 40 8 12
541 38 2 20
541 33 1 12
541 11 32 19
541 10 23 17
541 8 20 15
541 39 30 20
541 22 11 24
541 43 26 19
541 6 40 19
541 3 33 20
541 7 17 21
541 31 3 19
541 3 35 14
541 21 34 22
541 13 45 22
541 36 26 15
541 27 16 25
541 31 46 20
541 11 21 28
541 44 23 16
541 27 31 17
541 24 40 20
541 28 20 19
541 46 14 19
541 35 36 15
541 22 23 25
541 11 36 23
541 36 19 16
541 4 39 25
541 24 32 14
541 35 11 21
541 10 1 20
541 43 19 16
541 30 44 24
541 13 14 18
541 28 17 14
541 35 38 22
541 28 17 14
541 11 23 15
541 21 29 18
541 9 16 17
541 47 9 24
541 47 9 24
541 3 17 23
541 45 21 20
541 30 1 21
541 8 44 19
541 29 17 13
541 43 1 28
541 37 7 20
541 47 44 19
541 47 33 16
541 2 8 16
541 47 29 19
541 32 33 15
541 13 9 21
541 16 26 22
541 31 35 23
541 37 40 17
541 24 23 22
541 39 48 15
541 50 23 13
541 30 45 25
541 44 43 22
541 8 19 15
541 7 24 15
541 28 48 19
541 49 32 13
541 28 30 24
541 38 29 18
541 27 8 21
541 13 26 18
541 20 38 22
541 24 20 16
541 22 48 19
541 34 50 24
541 6 8 16
541 50 15 17
541 35 22 21
541 16 40 16
541 45 1 17
541 27 32 22
541 19 27 22
541 4 13 21
541 20 39 14
541 14 2 15
541 19 45 16
541 49 36 19
541 28 25 17
541 25 1 27
541 15 46 15
541 49 16 15
541 17 20 11
541 16 37 18
541 39 7 23
541 9 22 18
541 38 3 15
541 1 27 17
541 36 34 17
541 42 29 15
541 29 45 16
541 25 13 23
541 25 45 15
541 47 12 21
541 38 26 17
541 5 32 19
541 19 14 9
541 8 13 18
541 30 5 15
541 14 14 20
541 25 5 24
541 17 16 24
541 28 12 13
541 26 13 16
541 8 1 20
541 42 33 15
541 27 44 14
541 33 26 17
541 27 7 15
541 42 48 20
541 45 32 24
541 49 27 19
541 44 21 23
541 3 39 16
541 13 25 22
541 44 8 14
541 30 5 15
541 37 50 26
541 23 7 23
541 36 18 16
541 9 33 22
541 42 29 15
541 26 25 17
541 49 21 21
541 13 3 19
541 24 47 19
541 44 6 19
541 29 16 18
541 22 44 19
541 43 31 18
541 11 46 17
541 44 39 27
541 6 19 17
541 8 44 19
541 24 5 21
541 16 29 19
541 17 29 17
541 31 45 19
541 7 12 21
541 32 14 16
541 3 22 13
541 27 50 19
541 25 39 16
541 31 39 23
541 16 13 16
541 35 7 19
541 29 26 28
541 38 45 21
541 34 38 12
541 36 14 20
541 15 41 24
541 28 19 22
541 34 23 19
541 11 48 18
541 50 36 29
541 38 15 22
541 46 47 19
541 47 33 16
541 25 8 20
541 23 13 17
541 4 47 23
541 50 46 18
541 14 21 14
541 46 28 21
541 28 30 24
541 19 36 23
541 38 34 24
541 5 32 19
541 47 49 18
541 21 28 24
541 29 32 17
541 27 6 15
541 20 33 18
541 32 13 18
541 10 23 17
541 43 20 23
541 47 47 24
541 27 48 12
541 34 46 18
541 12 31 18
541 14 5 20
541 3 17 23
541 45 31 13
541 45 8 23
541 46 8 18
541 35 9 21
541 9 32 20
541 31 11 21
541 4 11 12
541 3 21 23
541 6 15 24
541 23 48 18
541 38 23 17
541 8 35 19
541 42 30 16
541 40 1 19
541 38 9 19
541 32 25 19
541 48 23 23
541 20 42 14
541 34 25 18
541 25 48 24
541 42 45 18
541 17 33 20
541 9 20 22
541 42 34 24
541 37 7 20
541 21 40 19
541 3 41 20
541 23 39 23
541 38 20 17
541 27 45 20
541 48 6 13
541 21 43 23
541 27 30 27
541 38 37 20
541 19 34 12
541 49 26 12
541 3 22 13
541 32 26 14
541 11 9 20
541 23 14 18
541 46 5 17
541 12 33 23
541 16 41 19
541 48 45 21
541 21 8 17
541 18 26 19
541 45 9 15
541 18 3 19
541 45 39 15
541 28 26 12
541 27 3 15
541 49 9 14
541 16 6 21
541 43 26 19
541 10 10 20
541 36 45 16
541 37 48 19
541 17 46 19
541 37 35 16
541 1 3 20
541 16 48 15
541 3 43 20
541 27 47 16
541 19 6 17
541 11 35 21
541 4 23 14
541 43 24 19
541 12 5 11
541 46 29 17
541 16 24 16
541 14 24 13
541 5 48 17
541 25 1 27
541 17 48 20
541 48 46 21
541 39 47 25
541 23 18 17
541 13 27 18
541 48 1 25
541 17 36 22
541 44 37 17
541 13 9 21
541 43 24 19
541 14 7 23
541 15 42 14
541 4 31 23
541 27 19 11
541 14 39 15
541 30 10 18
541 2 50 17
541 32 7 18
541 9 15 18
541 31 7 25
541 20 32 13
541 39 15 11
541 7 45 18
541 10 2 22
541 19 24 16
541 22 33 16
541 22 22 20
541 29 27 22
541 16 30 22
541 4 9 19
541 25 31 23
541 16 38 23
541 47 2 21
541 20 4 19
541 49 31 23
541 2 27 15
541 12 5 11
541 50 20 14
541 18 41 16
541 17 38 12
541 5 30 16
541 29 16 18
541 23 40 13
541 18 29 18
541 6 37 22
541 15 22 13
541 29 4 18
541 26 34 23
541 29 7 20
541 4 26 20
541 29 2 16
541 20 25 23
541 5 19 24
541 45 43 21
541 49 15 17
541 29 32 17
541 17 20 11
541 13 17 16
541 8 12 21
541 48 42 15
541 38 45 21
541 48 17 22
541 3 26 18
541 12 29 23
541 47 17 8
541 44 46 19
541 35 4 18
541 12 13 14
541 7 14 12
541 18 6 26
541 36 8 18
541 24 37 22
541 6 35 21
541 29 40 19
541 36 6 18
541 19 23 21
541 11 7 24
541 26 39 25
541 38 31 15
541 32 3 25
541 11 12 10
541 5 8 17
541 33 11 9
541 23 37 18
541 10 36 24
541 47 13 19
541 46 11 22
541 47 22 26
541 33 18 23
541 25 7 17
541 29 10 23
541 49 19 19
541 24 24 13
541 46 35 15
541 34 26 12
541 33 10 21
541 2 30 12
541 7 28 25
541 17 42 20
541 45 28 17
541 24 15 25
541 6 20 21
541 37 30 20
541 31 19 16
541 40 15 20
541 46 18 17
541 18 12 20
541 14 40 16
541 8 17 11
541 25 28 21
541 22 36 16
541 35 3 15
541 19 48 17
541 19 44 17
541 48 33 27
541 48 38 16
541 22 30 13
541 30 23 17
541 8 35 19
541 7 40 19
541 2 1 14
541 16 40 16
541 20 24 13
541 20 22 13
541 9 41 15
541 2 20 17
541 25 10 17
541 18 43 22
541 18 29 18
541 26 23 17
541 4 25 16
541 46 34 16
541 39 12 14
541 43 13 22
541 21 21 20
541 46 40 18
541 22 11 24
541 25 43 17
541 49 24 21
541 20 30 21
547 32 9 19
547 26 14 21
547 21 18 22
547 48 23 18
547 49 8 11
547 43 20 23
547 28 49 16
547 40 32 17
547 33 30 14
547 16 10 23
547 7 4 22
547 36 33 18
547 22 7 16
547 29 31 11
547 9 32 19
547 9 42 18
547 46 31 19
547 24 26 19
547 25 26 23
547 3 8 20
547 23 38 22
547 25 18 10
547 4 14 15
547 12 36 25
547 18 24 27
547 32 49 22
547 32 35 14
547 18 10 23
547 43 1 20
547 8 6 12
547 6 15 18
547 4 35 20
547 17 5 17
547 41 2 25
547 33 37 22
547 41 19 20
547 10 41 21
547 30 16 24
547 16 46 22
547 44 16 21
547 22 15 15
547 26 10 13
547 39 36 24
547 32 19 16
547 23 18 15
547 18 26 20
547 36 12 20
547 38 20 26
547 20 11 25
547 30 18 22
547 14 16 17
547 42 36 16
547 30 41 11
547 9 15 20
547 34 30 17
547 24 4 19
547 36 1 19
547 49 20 19
547 8 48 14
547 29 11 15
547 42 31 22
547 23 26 16
547 4 16 21
547 38 47 23
547 12 2 19
547 35 26 23
547 37 20 18
547 2 18 14
547 16 8 20
547 28 25 22
547 48 38 15
547 30 30 22
547 31 11 20
547 48 24 12
547 4 46 13
547 7 6 16
547 6 5 15
547 41 3 23
547 2 4 20
547 18 38 11
547 24 34 11
547 37 44 14
547 13 40 24
547 46 26 20
547 36 18 12
547 8 20 26
547 4 46 13
547 21 44 24
547 42 19 22
547 21 23 15
547 23 7 14
547 44 25 21
547 11 25 27
547 45 29 25
547 45 46 17
547 2 39 15
547 43 27 24
547 29 49 17
547 1 43 14
547 15 46 22
547 11 7 16
547 12 20 17
547 40 49 20
547 14 16 17
547 46 42 18
547 5 26 19
547 49 24 20
547 8 5 18
547 38 5 24
547 6 23 20
547 5 44 22
547 40 17 12
547 1 22 18
547 40 31 10
547 10 28 22
547 14 17 20
547 31 28 9
547 24 47 14
547 37 39 18
547 40 46 19
547 19 3 19
547 33 6 25
547 44 10 17
547 45 40 29
547 3 8 20
547 1 44 14
547 29 23 19
547 3 14 17
547 37 27 16
547 10 13 21
547 34 6 18
547 23 12 16
547 37 3 12
547 44 8 18
547 49 26 15
547 11 27 20
547 24 21 15
547 12 34 19
547 7 22 23
547 9 39 29
547 16 21 18
547 18 49 15
547 36 17 14
547 39 2 15
547 40 4 12
547 14 50 23
547 14 11 26
547 13 19 19
547 45 5 16
547 13 17 19
547 27 44 18
547 8 39 16
547 30 7 23
547 8 7 18
547 47 42 25
547 16 10 23
547 11 23 17
547 32 19 16
547 10 30 22
547 46 29 18
547 17 24 18
547 44 43 17
547 35 39 17
547 35 30 21
547 44 5 17
547 35 20 18
547 42 25 18
547 41 2 25
547 2 15 17
547 21 46 12
547 36 49 16
547 1 1 20
547 6 5 15
547 22 1 19
547 17 50 16
547 24 29 13
547 1 41 24
547 43 40 21
547 13 2 21
547 31 11 20
547 50 34 19
547 14 11 26
547 28 11 18
547 16 10 23
547 24 15 19
547 33 50 20
547 38 17 13
547 4 20 22
547 47 49 21
547 31 29 15
547 46 23 19
547 26 28 28
547 50 37 24
547 24 34 11
547 5 38 17
547 3 11 24
547 21 2 22
547 45 35 25
547 43 12 18
547 42 49 19
547 29 4 17
547 39 12 22
547 49 14 20
547 38 45 15
547 38 29 25
547 21 46 12
547 32 30 23
547 12 30 19
547 17 26 25
547 14 13 13
547 7 16 14
547 34 26 18
547 48 49 23
547 32 37 21
547 17 8 17
547 37 14 17
547 32 14 19
547 47 35 21
547 11 19 19
547 29 47 18
547 44 8 18
547 27 37 13
547 23 32 22
547 35 17 21
547 6 32 19
547 22 50 21
547 2 15 17
547 25 35 25
547 12 27 9
547 45 41 17
547 43 38 12
547 6 17 12
547 44 15 18
547 30 23 12
547 9 38 17
547 14 1 29
547 24 47 14
547 44 34 21
547 30 25 17
547 31 37 18
547 47 21 14
547 16 45 16
547 25 5 14
547 12 30 19
547 41 38 13
547 17 35 16
547 19 2 15
547 39 4 21
547 3 18 13
547 27 25 19
547 17 10 17
547 3 8 20
547 16 16 18
547 37 17 18
547 46 15 18
547 11 44 20
547 17 40 16
547 42 31 22
547 30 25 17
547 13 10 17
547 10 46 18
547 5 12 15
547 36 35 15
547 35 3 18
547 48 2 14
547 15 19 17
547 25 50 20
547 3 14 17
547 20 34 25
547 28 32 13
547 4 4 20
547 30 39 19
547 31 38 15
547 36 50 17
547 31 29 15
547 50 33 20
547 31 28 9
547 10 21 23
547 4 30 19
547 48 42 14
547 12 47 23
547 46 38 14
547 27 24 20
547 17 15 20
547 17 46 15
547 20 46 15
547 40 36 18
547 15 21 10
547 48 8 17
547 40 27 26
547 27 7 16
547 26 48 22
547 32 47 25
547 42 34 17
547 17 25 15
547 34 27 15
547 12 13 15
547 20 13 21
547 10 36 18
547 36 19 19
547 30 49 15
547 28 4 12
547 9 7 14
547 46 9 12
547 49 7 19
547 21 1 20
547 25 12 16
547 10 14 20
547 3 8 20
547 46 32 18
547 44 5 17
547 4 44 16
547 11 49 19
547 47 22 8
547 20 42 19
547 32 34 24
547 5 6 28
547 32 28 16
547 17 33 24
547 35 24 13
547 7 36 23
547 9 15 20
547 9 30 27
547 19 10 22
547 40 33 31
547 14 8 14
547 21 7 25
547 25 14 20
547 13 50 23
547 6 35 17
547 24 8 18
547 18 37 16
547 43 40 21
547 23 24 19
547 11 39 13
547 15 47 15
547 6 28 16
547 23 47 16
547 11 7 16
547 24 13 19
547 1 45 14
547 39 7 13
547 40 33 31
547 38 49 16
547 23 1 26
547 49 6 14
547 48 37 14
547 25 41 21
547 49 36 20
547 7 5 22
547 25 18 10
547 45 32 17
547 39 28 23
547 50 50 12
547 7 5 22
547 6 4 14
547 10 40 14
547 11 9 19
547 50 12 16
547 46 37 23
547 41 41 21
547 27 16 21
547 1 41 24
547 6 15 18
547 45 38 17
547 46 32 18
547 14 32 10
547 31 25 22
547 8 46 16
547 17 11 12
547 11 33 14
547 45 31 18
547 21 11 20
547 1 2 22
547 10 30 22
547 18 4 17
547 44 49 21
547 21 29 15
547 23 49 17
547 49 6 14
547 50 29 18
547 26 36 19
547 34 12 16
547 39 3 20
547 5 37 21
547 12 6 21
547 29 39 17
547 19 21 20
547 4 4 20
547 33 15 20
547 48 37 14
547 10 49 21
547 28 49 16
547 18 40 16
547 49 27 14
547 13 23 21
547 12 46 15
547 38 4 22
547 47 14 18
547 7 9 23
547 11 33 14
547 41 27 15
547 34 2 33
547 1 36 17
547 28 13 21
547 48 12 14
547 13 27 18
547 13 19 19
547 24 48 15
557 25 46 22
557 39 42 22
557 15 28 25
557 16 47 23
557 19 34 18
557 29 1 16
557 45 20 17
557 44 9 23
557 43 50 20
557 17 31 23
557 14 35 15
557 1 45 19
557 4 6 23
557 46 30 17
557 21 7 25
557 40 33 21
557 50 34 17
557 36 25 20
557 44 3 14
557 25 23 20
557 17 24 19
557 18 29 20
557 28 38 10
557 40 46 20
557 47 15 13
557 22 31 16
557 13 45 17
557 35 43 16
557 47 8 23
557 12 25 21
557 40 15 12
557 28 16 18
557 32 26 12
557 11 29 16
557 44 8 13
557 15 12 19
557 13 2 20
557 17 44 17
557 40 8 19
557 10 4 23
557 43 3 18
557 6 2 16
557 3 45 23
557 36 9 21
557 39 18 12
557 37 19 18
557 31 37 18
557 19 13 15
557 48 38 24
557 16 26 7
557 8 36 32
557 37 39 17
557 19 33 18
557 4 35 15
557 7 25 18
557 43 48 26
557 21 43 18
557 48 15 11
557 45 30 23
557 3 23 15
557 49 4 17
557 2 25 19
557 1 32 19
557 32 25 19
557 3 23 15
557 6 7 19
557 31 16 14
557 37 22 18
557 18 11 17
557 21 5 24
557 20 30 17
557 17 24 19
557 48 35 23
557 8 36 32
557 43 20 19
557 2 30 27
557 32 28 19
557 8 36 32
557 44 11 13
557 14 7 22
557 31 25 14
557 34 17 14
557 24 18 21
557 9 3 22
557 18 5 17
557 40 43 27
557 40 35 19
557 40 29 17
557 14 23 23
557 36 1 16
557 41 27 22
557 22 43 12
557 41 41 25
557 47 20 20
557 19 45 17
557 34 32 16
557 24 36 22
557 44 25 21
557 20 27 20
557 8 12 17
557 9 34 17
557 10 7 21
557 40 26 23
557 21 34 22
557 32 23 16
557 33 2 19
557 2 30 27
557 40 26 23
557 14 25 18
557 20 25 17
557 22 39 13
557 28 12 18
557 35 11 22
557 8 41 16
557 42 49 19
557 48 8 15
557 15 32 17
557 12 39 12
557 49 14 17
557 45 10 14
557 10 47 18
557 22 40 19
557 6 49 16
557 41 29 11
557 25 2 11
557 45 3 20
557 30 28 15
557 43 13 20
557 22 30 28
557 37 23 18
557 8 31 16
557 4 42 15
557 24 23 17
557 46 10 21
557 30 15 17
557 27 39 12
557 15 39 22
557 5 36 17
557 7 42 23
557 16 5 14
557 21 26 16
557 26 19 16
557 45 29 23
557 4 27 14
557 11 34 21
557 9 31 17
557 15 30 18
557 13 39 18
557 32 20 20
557 4 42 15
557 7 26 17
557 16 37 11
557 16 6 16
557 25 31 9
557 46 37 19
557 11 1 24
557 29 41 16
557 9 34 17
557 38 14 15
557 28 25 12
557 42 47 24
557 29 19 22
557 33 18 14
557 30 18 20
557 14 14 14
557 15 21 23
557 11 15 16
557 39 38 25
557 18 33 14
557 13 10 18
557 3 45 23
557 19 40 17
557 46 50 14
557 34 35 21
557 24 17 15
557 30 4 21
557 44 35 18
557 45 48 13
557 35 30 13
557 19 2 29
557 20 40 18
557 8 6 17
557 50 12 12
557 6 26 19
557 13 50 20
557 5 45 13
557 44 29 12
557 45 19 15
557 21 6 16
557 45 31 17
557 3 8 17
557 9 27 21
557 12 30 19
557 45 21 16
557 47 27 11
557 34 11 16
557 20 48 20
557 24 11 16
557 33 39 23
557 28 22 23
557 35 25 16
557 15 19 19
557 4 28 16
557 9 11 15
557 41 19 16
557 41 41 25
557 1 36 20
557 27 32 17
557 38 47 16
557 9 49 19
557 48 34 20
557 49 12 17
557 38 17 20
557 25 46 22
557 8 38 21
557 9 36 20
557 19 18 17
557 17 48 17
557 38 24 16
557 11 11 13
557 25 24 15
557 32 19 24
557 25 40 16
557 42 3 11
557 36 33 26
557 3 19 16
557 18 3 24
557 17 9 18
557 10 31 18
557 39 47 12
557 23 39 25
557 31 13 14
557 33 18 14
557 39 24 16
557 32 23 16
557 2 2 16
557 34 24 22
557 16 41 21
557 30 26 14
557 49 31 21
557 29 16 13
557 36 46 18
557 13 13 11
557 15 12 19
557 42 3 11
557 9 23 20
557 28 41 20
557 27 35 17
557 27 50 15
557 36 25 20
557 37 16 10
557 42 40 17
557 33 12 16
557 31 40 17
557 8 37 13
557 28 11 21
557 27 13 24
557 15 17 15
557 24 2 15
557 36 50 13
557 11 48 12
557 16 9 21
557 20 8 20
557 31 28 13
557 36 13 19
557 25 41 14
557 18 10 19
557 9 8 13
557 23 18 29
557 20 45 19
557 5 15 18
557 19 35 21
557 23 21 18
557 27 27 23
557 38 34 12
557 1 7 18
557 43 17 15
557 35 42 13
557 33 3 23
557 25 15 18
557 12 37 14
557 21 20 21
557 13 32 17
557 29 46 19
557 39 33 13
557 39 45 19
557 45 41 24
557 4 39 13
557 50 28 20
557 50 30 18
557 50 38 17
557 31 34 14
557 47 14 23
557 6 22 24
557 12 3 19
557 43 29 23
557 12 23 11
557 39 32 14
557 9 46 21
557 41 10 17
557 33 43 18
557 22 26 17
557 21 50 13
557 42 7 12
557 40 34 17
557 43 12 15
557 25 2 11
557 44 19 15
557 45 27 18
557 37 46 19
557 46 23 15
557 41 7 17
557 39 34 24
557 14 46 18
557 50 9 20
557 50 7 15
557 16 26 7
557 34 50 13
557 26 2 13
557 46 22 14
557 48 12 16
557 26 3 18
557 16 24 24
557 14 24 15
557 36 22 19
557 34 44 21
557 27 23 17
557 19 50 14
557 44 17 17
557 43 7 11
557 11 4 18
557 44 41 23
557 41 1 15
557 34 31 21
557 34 27 17
557 24 20 24
557 39 28 19
557 1 14 20
557 32 48 16
557 29 3 16
557 29 14 15
557 31 41 19
557 35 19 24
557 13 9 15
557 9 34 17
557 24 20 24
557 10 43 24
557 2 25 19
557 25 23 20
557 4 35 15
557 25 35 17
557 42 17 24
557 22 10 24
557 47 11 17
557 33 15 18
557 48 28 17
557 19 41 22
557 38 22 16
557 14 9 15
557 43 48 26
557 22 9 16
557 21 40 19
557 26 3 18
557 2 23 13
557 10 46 11
557 37 47 16
557 32 36 21
557 40 43 27
557 30 38 15
557 39 10 25
557 44 1 15
557 13 18 17
557 29 15 17
557 18 1 22
557 50 24 17
557 35 42 13
557 47 17 20
557 46 27 15
557 30 16 16
557 16 13 18
557 1 20 19
557 9 28 16
557 33 32 12
557 12 4 21
557 39 8 20
557 21 5 24
557 35 17 17
557 32 43 20
557 1 31 16
557 45 11 21
557 2 27 16
557 46 48 24
557 9 37 8
557 15 26 19
557 30 12 21
557 19 45 17
557 15 10 10
557 21 1 15
557 49 29 19
557 29 30 24
557 6 13 20
557 1 29 14
557 42 22 20
557 33 17 19
557 2 32 16
557 10 40 22
557 15 38 15
557 42 48 14
557 24 38 11
563 38 27 10
563 19 28 12
563 9 40 12
563 40 31 25
563 24 16 20
563 40 38 22
563 25 34 18
563 37 31 17
563 42 15 15
563 8 27 20
563 5 14 22
563 44 28 17
563 18 18 18
563 47 3 15
563 36 27 17
563 3 24 18
563 39 32 18
563 30 18 19
563 1 31 24
563 22 39 14
563 36 6 12
563 19 16 20
563 21 46 20
563 12 2 19
563 19 49 19
563 14 22 15
563 24 28 16
563 30 17 21
563 30 36 19
563 28 38 13
563 39 49 17
563 18 18 18
563 37 37 17
563 22 11 11
563 18 41 20
563 9 30 16
563 42 25 15
563 50 39 17
563 38 12 15
563 3 46 23
563 39 44 12
563 5 4 20
563 50 23 21
563 36 19 16
563 48 16 16
563 24 35 19
563 29 29 14
563 50 2 16
563 37 44 17
563 43 42 14
563 18 41 20
563 16 12 14
563 22 30 22
563 22 18 9
563 18 31 18
563 26 19 15
563 13 20 22
563 42 22 9
563 30 20 13
563 36 49 24
563 3 21 24
563 40 3 16
563 9 47 25
563 24 21 16
563 4 42 18
563 18 19 18
563 9 7 17
563 43 18 22
563 13 27 17
563 29 38 18
563 40 7 23
563 16 40 17
563 2 11 18
563 37 26 20
563 37 34 13
563 13 29 18
563 32 26 17
563 8 50 13
563 31 8 14
563 27 35 18
563 33 8 23
563 29 19 22
563 7 3 20
563 40 2 17
563 40 31 25
563 44 4 20
563 42 16 21
563 1 32 19
563 26 30 23
563 10 47 15
563 43 15 16
563 12 22 15
563 21 8 16
563 6 30 21
563 46 34 20
563 41 19 19
563 33 28 21
563 7 10 11
563 36 37 13
563 3 7 15
563 18 3 12
563 16 22 19
563 18 9 14
563 41 48 22
563 2 50 21
563 24 16 20
563 17 37 22
563 6 6 21
563 7 10 11
563 43 46 12
563 23 12 25
563 50 35 12
563 22 37 23
563 25 42 17
563 15 11 18
563 14 45 18
563 17 43 17
563 44 4 20
563 3 22 18
563 15 4 25
563 14 27 12
563 47 12 14
563 24 15 22
563 49 27 17
563 14 38 14
563 32 47 15
563 25 32 18
563 3 31 17
563 10 44 23
563 48 39 19
563 41 47 15
563 22 44 18
563 32 33 21
563 15 17 25
563 40 30 17
563 37 7 22
563 8 43 23
563 8 22 16
563 33 49 17
563 49 37 22
563 49 39 21
563 28 48 22
563 31 18 20
563 42 11 19
563 12 18 14
563 12 44 19
563 9 37 27
563 44 36 20
563 48 19 15
563 48 38 22
563 49 44 17
563 32 39 22
563 38 18 15
563 46 49 18
563 36 26 22
563 13 49 15
563 45 29 19
563 45 37 21
563 39 38 21
563 32 41 18
563 49 21 15
563 34 10 19
563 39 48 21
563 35 14 16
563 27 5 24
563 19 50 15
563 35 21 14
563 5 47 18
563 15 19 17
563 45 37 21
563 35 33 15
563 29 47 28
563 11 16 21
563 8 27 20
563 22 8 16
563 42 35 15
563 42 35 15
563 43 38 19
563 13 42 15
563 5 22 21
563 19 11 17
563 2 1 27
563 20 41 13
563 3 3 17
563 15 10 20
563 11 43 18
563 41 25 13
563 32 20 21
563 41 1 15
563 42 40 16
563 42 49 21
563 30 17 21
563 12 48 24
563 23 4 18
563 9 3 17
563 15 50 26
563 46 16 13
563 29 41 15
563 50 23 21
563 49 21 15
563 14 20 14
563 21 17 19
563 25 9 17
563 43 35 17
563 4 17 20
563 16 46 11
563 44 39 11
563 50 49 25
563 22 2 19
563 32 19 20
563 38 35 19
563 30 50 17
563 11 24 19
563 42 28 17
563 16 10 18
563 49 11 13
563 22 28 16
563 10 50 19
563 8 46 13
563 34 21 20
563 40 19 17
563 45 30 11
563 6 45 18
563 38 2 24
563 47 42 15
563 32 32 18
563 15 4 25
563 13 18 18
563 47 33 15
563 32 28 19
563 34 40 15
563 49 46 13
563 39 34 21
563 29 34 19
563 8 17 16
563 33 4 20
563 38 49 17
563 45 20 25
563 15 31 24
563 47 28 20
563 13 13 24
563 26 34 18
563 29 1 20
563 43 36 19
563 15 2 17
563 6 28 20
563 28 18 18
563 41 11 13
563 30 13 19
563 9 22 18
563 50 20 24
563 30 20 13
563 7 31 22
563 28 29 15
563 4 16 23
563 35 40 13
563 5 45 13
563 28 37 19
563 22 23 20
563 24 13 22
563 12 30 18
563 8 22 16
563 42 25 15
563 41 49 18
563 41 21 18
563 11 46 17
563 13 3 17
563 50 25 23
563 21 11 18
563 35 34 19
563 24 3 15
563 32 48 31
563 17 5 17
563 45 42 18
563 41 39 6
563 7 27 19
563 11 43 18
563 50 39 17
563 33 46 14
563 40 3 16
563 46 16 13
563 11 44 14
563 34 30 20
563 13 23 21
563 2 37 18
563 43 48 17
563 18 13 22
563 17 11 12
563 12 49 19
563 26 41 26
563 33 33 13
563 35 16 19
563 34 20 17
563 21 44 16
563 6 9 16
563 18 5 14
563 25 42 17
563 47 8 17
563 25 4 17
563 3 26 17
563 45 27 15
563 42 32 21
563 35 32 16
563 13 2 22
563 4 6 18
563 10 13 23
563 16 39 16
563 44 7 18
563 50 48 21
563 29 34 19
563 22 32 15
563 3 45 24
563 36 24 21
563 7 20 17
563 44 46 20
563 49 50 26
563 50 36 19
563 19 39 17
563 28 46 12
563 42 34 14
563 10 2 23
563 39 29 18
563 6 20 11
563 5 43 20
563 11 24 19
563 16 42 15
563 45 6 25
563 42 11 19
563 30 36 19
563 11 23 15
563 24 27 14
563 3 47 23
563 10 32 17
563 36 13 15
563 50 25 23
563 7 42 19
563 35 10 17
563 14 24 14
563 18 4 15
563 8 21 19
563 20 45 20
563 18 7 16
563 3 18 13
563 10 39 13
563 48 30 19
563 36 26 22
563 43 23 12
563 38 44 11
563 34 39 17
563 7 30 20
563 27 24 22
563 27 3 8
563 25 39 20
563 32 10 22
563 33 19 24
563 16 15 14
563 28 29 15
563 18 46 12
563 1 4 15
563 29 49 20
563 9 43 20
563 26 4 19
563 6 5 21
563 3 10 12
563 41 17 15
563 39 30 12
563 7 32 14
563 20 36 20
563 1 28 27
563 5 27 20
563 47 30 15
563 9 17 18
563 20 27 16
563 39 24 24
563 29 11 21
563 29 25 21
563 21 1 17
563 4 48 19
563 15 47 17
563 10 15 11
563 36 17 17
563 26 35 15
563 28 4 14
563 21 48 16
563 26 41 26
563 44 6 13
563 19 40 15
563 3 4 16
563 4 33 22
563 48 32 12
563 21 7 21
563 41 7 15
563 15 25 24
563 4 28 25
563 37 41 18
563 40 40 17
563 48 17 18
563 49 19 12
563 25 15 15
563 31 14 11
563 43 41 17
563 27 13 27
563 43 6 18
563 35 19 15
563 41 7 15
563 14 23 18
563 21 27 21
563 48 23 12
563 20 28 18
569 14 48 16
569 25 16 19
569 14 49 26
569 46 18 21
569 27 34 16
569 13 34 16
569 18 25 20
569 17 11 23
569 35 7 18
569 45 39 20
569 8 27 20
569 43 34 17
569 17 7 20
569 15 45 22
569 24 38 15
569 35 2 17
569 45 33 12
569 40 49 13
569 12 48 14
569 24 19 18
569 40 23 19
569 34 24 23
569 26 7 13
569 46 15 12
569 17 22 12
569 4 24 14
569 5 37 19
569 33 27 13
569 1 7 18
569 9 4 16
569 43 35 7
569 8 18 17
569 10 12 19
569 17 40 21
569 8 4 21
569 47 48 17
569 32 33 21
569 12 8 24
569 37 41 15
569 16 16 19
569 7 42 20
569 43 31 14
569 42 37 19
569 27 16 20
569 7 31 16
569 46 21 24
569 34 43 13
569 21 38 16
569 32 2 18
569 18 9 18
569 44 5 14
569 47 41 16
569 1 14 16
569 10 17 20
569 6 38 16
569 16 44 24
569 24 30 15
569 16 39 15
569 26 5 14
569 2 44 17
569 18 26 19
569 33 29 16
569 24 21 18
569 28 19 14
569 21 45 16
569 16 50 21
569 19 8 25
569 4 21 17
569 24 29 16
569 1 39 19
569 14 11 16
569 23 32 18
569 25 44 17
569 30 44 17
569 26 27 17
569 23 20 15
569 15 40 19
569 45 3 13
569 45 48 18
569 44 15 16
569 32 50 20
569 45 27 19
569 27 41 18
569 1 7 18
569 27 32 10
569 12 10 24
569 49 43 15
569 7 43 17
569 21 45 16
569 9 50 13
569 19 36 20
569 2 44 17
569 44 18 23
569 26 31 12
569 38 29 17
569 34 1 22
569 28 41 18
569 48 42 13
569 5 36 15
569 34 10 20
569 14 46 18
569 29 11 21
569 34 17 14
569 48 30 20
569 34 35 13
569 42 33 19
569 12 32 18
569 46 43 18
569 34 8 17
569 15 8 18
569 25 43 17
569 20 37 16
569 48 19 18
569 20 46 17
569 20 23 11
569 12 7 14
569 20 21 18
569 5 24 20
569 39 41 19
569 47 2 16
569 8 12 10
569 36 2 21
569 41 13 24
569 44 39 20
569 11 20 22
569 23 24 18
569 24 3 12
569 24 36 18
569 47 6 14
569 39 15 13
569 33 44 22
569 30 32 27
569 28 42 18
569 24 9 26
569 15 11 15
569 39 16 20
569 48 19 18
569 25 42 20
569 16 45 16
569 21 33 10
569 33 47 20
569 48 35 24
569 10 8 21
569 23 4 20
569 49 49 16
569 4 48 22
569 19 46 17
569 7 15 17
569 7 33 15
569 11 42 17
569 4 1 12
569 2 33 20
569 1 50 20
569 41 45 18
569 33 33 29
569 14 10 17
569 15 11 15
569 31 36 23
569 20 1 19
569 50 17 23
569 42 32 21
569 8 29 20
569 44 32 14
569 47 9 20
569 42 29 21
569 24 43 9
569 21 5 12
569 20 26 18
569 32 31 13
569 45 36 17
569 27 20 13
569 50 10 16
569 27 9 17
569 37 44 20
569 21 48 24
569 4 6 22
569 23 24 18
569 12 9 18
569 9 37 21
569 43 49 13
569 39 7 13
569 39 26 16
569 31 39 15
569 16 18 24
569 11 29 22
569 18 2 19
569 44 49 20
569 5 40 13
569 30 5 17
569 27 45 20
569 27 21 15
569 3 42 14
569 39 19 9
569 15 26 19
569 23 43 23
569 27 50 18
569 32 10 19
569 15 45 22
569 39 47 18
569 42 24 15
569 3 42 14
569 8 30 17
569 31 3 16
569 46 2 12
569 37 45 9
569 20 25 21
569 40 26 19
569 2 31 20
569 38 26 21
569 19 14 21
569 36 11 20
569 5 1 15
569 32 4 20
569 18 17 10
569 46 18 21
569 8 30 17
569 43 25 16
569 6 16 22
569 48 23 14
569 29 47 13
569 22 41 12
569 16 11 20
569 10 10 21
569 13 39 16
569 5 8 15
569 45 21 19
569 47 27 13
569 26 7 13
569 1 34 14
569 21 38 16
569 47 30 17
569 4 8 18
569 36 46 10
569 49 16 19
569 49 23 25
569 1 4 20
569 19 2 21
569 25 8 17
569 34 40 21
569 50 10 16
569 1 10 8
569 1 8 14
569 28 31 27
569 9 1 18
569 3 20 11
569 6 41 17
569 26 30 20
569 3 1 25
569 33 11 20
569 20 3 17
569 40 39 15
569 36 29 13
569 20 9 13
569 41 43 19
569 11 7 28
569 43 36 18
569 4 20 17
569 4 2 20
569 11 7 28
569 20 39 16
569 37 46 17
569 47 18 14
569 34 30 19
569 25 35 14
569 25 50 18
569 18 42 20
569 34 32 15
569 44 49 20
569 20 4 20
569 39 46 13
569 20 18 11
569 31 25 16
569 23 1 16
569 42 7 18
569 39 33 14
569 41 42 18
569 2 9 20
569 14 36 18
569 25 19 17
569 22 31 15
569 24 31 20
569 34 37 21
569 47 17 14
569 16 10 18
569 17 46 13
569 32 13 18
569 32 20 18
569 19 34 11
569 27 43 16
569 43 7 19
569 36 33 15
569 2 47 13
569 10 27 20
569 19 9 17
569 2 20 10
569 17 3 15
569 41 34 19
569 5 1 15
569 5 20 17
569 40 20 26
569 36 16 15
569 49 19 16
569 20 34 12
569 39 23 15
569 37 13 24
569 42 37 19
569 31 29 17
569 24 1 16
569 33 30 17
569 4 41 14
569 10 34 22
569 50 41 21
569 14 35 14
569 4 4 15
569 21 44 14
569 17 4 16
569 48 21 19
569 28 23 18
569 44 48 20
569 18 17 10
569 43 16 17
569 41 38 16
569 16 41 19
569 8 33 16
569 30 38 17
569 12 41 15
569 14 30 11
569 27 30 20
569 14 44 15
569 45 7 12
569 37 12 15
569 30 32 27
569 1 33 18
569 47 6 14
569 26 35 17
569 2 24 26
569 50 23 13
569 34 10 20
569 27 34 16
569 49 20 19
569 43 32 23
569 25 18 24
569 47 33 17
569 6 49 23
569 20 22 17
569 17 44 14
569 34 25 22
569 6 31 15
569 39 5 21
569 3 47 21
569 34 14 17
569 16 43 20
569 50 40 17
569 35 36 22
569 12 3 18
569 7 5 13
569 17 20 14
569 40 42 16
569 44 47 10
569 24 45 13
569 41 1 22
569 6 5 21
569 46 47 8
569 8 26 17
569 24 45 13
569 1 5 16
569 12 1 19
569 47 42 23
569 33 46 22
569 15 15 25
569 25 29 18
569 24 14 15
569 35 48 12
569 26 25 15
569 45 6 15
569 16 17 20
569 27 31 24
569 37 46 17
569 39 38 14
569 6 43 21
569 18 25 20
569 27 12 13
569 21 26 16
569 40 3 23
569 1 5 16
569 40 7 20
569 6 28 16
569 47 11 22
569 17 18 15
569 18 48 15
569 10 40 10
569 38 28 26
569 44 33 20
569 2 35 19
569 41 10 18
569 18 45 16
569 8 49 19
569 10 50 13
569 40 37 15
569 49 48 24
569 3 35 15
569 47 10 21
569 6 40 14
569 47 7 11
569 46 37 11
569 31 19 10
569 33 3 20
569 9 47 13
569 42 3 11
571 46 8 21
571 44 25 14
571 9 6 23
571 29 31 16
571 3 17 17
571 48 25 26
571 48 14 25
571 50 24 15
571 1 2 18
571 13 28 21
571 31 47 12
571 14 17 15
571 9 24 14
571 47 33 16
571 9 44 11
571 7 5 15
571 12 25 13
571 9 10 22
571 29 1 18
571 21 11 16
571 14 12 19
571 8 42 12
571 17 35 16
571 28 27 16
571 20 5 19
571 49 44 17
571 27 19 25
571 43 16 14
571 34 25 24
571 38 43 20
571 41 4 19
571 35 1 14
571 5 8 22
571 50 13 24
571 27 22 19
571 19 23 8
571 20 44 17
571 38 18 18
571 1 25 27
571 13 37 19
571 12 33 15
571 17 5 16
571 3 40 17
571 25 46 13
571 50 22 17
571 18 11 18
571 8 10 19
571 15 39 22
571 35 19 18
571 16 5 15
571 21 28 22
571 11 27 21
571 10 34 28
571 12 3 17
571 9 7 15
571 37 2 14
571 30 9 24
571 6 23 16
571 31 47 12
571 7 2 17
571 33 39 18
571 2 36 20
571 10 34 28
571 18 24 14
571 49 9 16
571 2 43 23
571 20 35 21
571 29 41 18
571 49 10 13
571 40 40 13
571 6 24 19
571 32 45 16
571 5 18 12
571 31 17 11
571 45 42 18
571 1 31 14
571 43 12 20
571 6 44 28
571 6 10 22
571 12 9 19
571 24 10 20
571 9 45 27
571 25 23 20
571 34 24 19
571 38 49 14
571 9 46 21
571 11 19 12
571 47 32 17
571 35 13 19
571 1 33 18
571 25 37 21
571 44 14 18
571 43 11 18
571 29 13 15
571 10 29 15
571 6 10 22
571 22 34 17
571 28 10 21
571 44 1 15
571 11 39 18
571 24 18 19
571 28 19 22
571 23 49 13
571 48 17 21
571 12 10 19
571 34 32 10
571 14 46 19
571 4 47 16
571 49 43 18
571 3 47 23
571 8 24 16
571 46 20 16
571 15 7 19
571 7 36 17
571 15 2 17
571 30 45 18
571 15 37 20
571 37 22 15
571 38 8 10
571 24 31 13
571 28 39 13
571 9 42 14
571 45 44 15
571 28 38 14
571 34 4 21
571 10 37 20
571 41 20 25
571 35 25 18
571 38 34 13
571 13 15 21
571 22 20 15
571 8 27 14
571 7 12 16
571 32 22 16
571 30 10 22
571 13 4 14
571 18 27 19
571 27 8 15
571 16 1 21
571 33 7 11
571 19 45 20
571 48 34 15
571 33 47 21
571 50 26 16
571 5 29 12
571 4 47 16
571 15 21 16
571 35 35 18
571 8 33 17
571 11 22 17
571 36 12 9
571 10 10 18
571 31 43 19
571 48 39 19
571 40 13 14
571 25 42 17
571 24 35 14
571 18 42 12
571 48 10 14
571 19 8 17
571 26 5 18
571 25 15 12
571 19 37 19
571 28 14 18
571 8 16 19
571 19 12 16
571 46 39 18
571 32 46 14
571 44 5 20
571 44 4 26
571 30 18 18
571 29 33 18
571 49 5 16
571 19 38 14
571 33 2 23
571 17 50 22
571 26 18 20
571 25 2 16
571 29 18 13
571 24 39 15
571 50 7 21
571 41 19 16
571 31 2 14
571 48 38 16
571 19 22 15
571 25 6 22
571 24 40 17
571 46 35 12
571 33 42 21
571 9 4 17
571 4 33 15
571 35 43 13
571 49 44 17
571 12 11 17
571 33 14 24
571 34 35 21
571 3 11 16
571 2 37 20
571 33 28 19
571 20 22 21
571 49 12 19
571 43 36 19
571 26 4 11
571 30 9 24
571 1 38 11
571 16 16 18
571 13 22 19
571 22 27 18
571 35 29 19
571 40 20 21
571 6 34 19
571 24 46 17
571 29 6 17
571 44 18 12
571 46 40 24
571 11 43 21
571 1 17 16
571 3 18 15
571 34 22 22
571 47 18 21
571 11 22 17
571 47 14 14
571 22 30 14
571 23 19 10
571 48 41 13
571 9 2 15
571 32 32 17
571 15 46 14
571 41 17 9
571 20 42 25
571 35 36 15
571 50 33 26
571 47 33 16
571 40 3 16
571 31 31 17
571 32 29 15
571 20 12 15
571 23 6 12
571 8 43 21
571 29 38 18
571 43 49 21
571 18 49 18
571 37 6 23
571 29 32 16
571 19 47 12
571 47 5 8
571 14 47 22
571 21 41 22
571 22 22 18
571 35 7 17
571 15 9 24
571 22 28 17
571 6 42 14
571 34 16 25
571 19 24 13
571 36 4 16
571 50 1 19
571 37 6 23
571 5 10 14
571 44 26 20
571 13 29 11
571 23 45 21
571 26 50 12
571 39 42 22
571 14 1 21
571 33 25 19
571 23 18 20
571 48 47 17
571 37 24 16
571 4 23 27
571 11 11 15
571 43 19 15
571 23 18 20
571 36 36 16
571 39 16 23
571 1 9 21
571 47 42 19
571 7 36 17
571 3 35 15
571 1 14 19
571 20 28 9
571 45 12 17
571 15 19 14
571 39 42 22
571 2 30 13
571 4 12 13
571 50 40 10
571 8 22 13
571 46 15 19
571 19 19 14
571 50 34 15
571 16 41 20
571 46 11 23
571 3 39 19
571 45 15 9
571 50 30 17
571 46 29 16
571 49 41 21
571 17 44 23
571 12 31 17
571 49 37 20
571 28 29 21
571 49 38 17
571 18 23 16
571 31 20 16
571 12 39 10
571 35 29 19
571 21 26 20
571 29 13 15
571 34 24 19
571 33 10 17
571 25 5 26
571 17 30 15
571 3 33 18
571 20 19 8
571 7 30 20
571 15 29 23
571 22 38 22
571 20 9 16
571 22 19 14
571 8 38 20
571 7 26 15
571 41 6 20
571 21 35 19
571 20 44 17
571 10 22 21
571 47 39 23
571 1 50 20
571 27 34 17
571 19 19 14
571 7 6 18
571 8 25 21
571 27 25 19
571 47 13 21
571 45 36 18
571 21 8 18
571 28 25 32
571 22 25 19
571 37 10 16
571 17 37 18
571 34 29 27
571 31 13 21
571 48 48 17
571 47 17 16
571 49 17 14
571 5 32 16
571 41 39 17
571 37 3 11
571 3 8 15
571 42 18 18
571 35 10 16
571 13 27 21
571 2 8 20
571 47 35 14
571 3 47 23
571 38 40 18
571 29 16 12
571 24 14 15
571 12 26 19
571 47 17 16
571 50 24 15
571 43 11 18
571 33 12 12
571 17 40 15
571 47 7 19
571 49 15 19
571 19 43 16
571 49 29 22
571 50 9 18
571 27 8 15
571 36 10 22
571 5 40 24
571 12 45 17
571 21 19 14
571 22 16 21
571 16 47 17
571 29 19 9
571 29 17 22
571 28 47 19
571 18 38 12
571 45 23 21
571 29 38 18
571 36 41 18
571 19 28 15
571 49 3 13
571 20 25 22
571 6 40 15
571 23 6 12
571 11 27 21
571 38 31 14
571 21 6 23
571 9 13 10
571 11 28 19
571 20 35 21
571 16 21 21
571 3 42 21
571 45 32 15
571 17 41 18
571 22 15 13
571 10 35 21
571 47 29 19
571 45 44 15
571 29 28 17
571 24 2 17
571 29 18 13
571 23 34 13
571 34 19 22
571 23 7 15
571 26 47 21
577 24 2 17
577 2 40 18
577 46 35 12
577 35 38 14
577 24 19 17
577 43 27 27
577 39 45 16
577 11 7 19
577 17 12 17
577 35 26 15
577 21 12 23
577 33 6 20
577 11 45 21
577 27 38 22
577 49 14 16
577 9 2 21
577 50 15 17
577 2 14 13
577 29 44 18
577 35 5 16
577 8 26 14
577 13 10 20
577 45 48 17
577 18 12 25
577 11 36 18
577 8 21 20
577 45 27 16
577 6 10 12
577 44 16 24
577 25 2 22
577 29 41 20
577 34 2 14
577 16 47 17
577 31 4 24
577 38 32 12
577 16 35 17
577 27 12 11
577 45 10 14
577 3 5 18
577 20 15 14
577 21 34 20
577 1 13 17
577 21 23 14
577 7 14 16
577 11 30 15
577 20 9 11
577 10 45 20
577 43 40 23
577 43 34 20
577 35 16 22
577 28 43 15
577 40 36 13
577 14 22 20
577 10 1 24
577 17 7 14
577 45 45 10
577 21 34 20
577 4 45 7
577 16 24 19
577 36 19 20
577 41 29 14
577 16 4 21
577 32 36 15
577 45 7 19
577 10 4 20
577 10 41 16
577 32 7 14
577 36 36 17
577 27 27 16
577 14 42 13
577 11 45 21
577 25 44 15
577 46 50 20
577 22 38 23
577 13 39 16
577 48 11 14
577 6 3 21
577 40 24 17
577 12 41 16
577 13 1 17
577 6 46 19
577 25 17 23
577 6 16 33
577 33 19 24
577 30 39 17
577 48 15 15
577 46 46 14
577 27 34 17
577 42 8 18
577 22 1 16
577 46 50 20
577 6 15 13
577 21 11 14
577 37 6 24
577 13 6 24
577 21 11 14
577 29 3 20
577 42 33 21
577 26 29 19
577 25 15 14
577 23 5 24
577 21 41 14
577 37 26 22
577 1 23 19
577 6 26 20
577 31 39 21
577 50 13 22
577 12 4 15
577 22 5 18
577 22 27 23
577 39 18 15
577 49 12 21
577 44 26 23
577 39 50 21
577 27 40 10
577 44 45 16
577 5 5 17
577 31 44 19
577 42 2 16
577 31 26 17
577 34 43 14
577 49 30 22
577 17 8 20
577 9 16 21
577 37 31 17
577 3 7 15
577 34 37 18
577 8 41 12
577 21 5 15
577 28 46 19
577 50 36 18
577 11 14 13
577 25 15 14
577 26 30 20
577 49 23 22
577 12 29 19
577 2 17 13
577 31 40 16
577 25 46 17
577 33 30 14
577 15 38 14
577 7 18 17
577 8 10 18
577 50 6 19
577 20 32 17
577 29 43 17
577 3 39 20
577 26 27 15
577 39 4 19
577 9 13 19
577 27 12 11
577 1 8 21
577 8 39 22
577 50 24 22
577 17 34 13
577 10 17 22
577 9 25 19
577 15 49 18
577 22 11 13
577 7 1 20
577 15 28 18
577 31 47 18
577 4 50 19
577 41 33 19
577 2 7 14
577 36 50 16
577 30 40 22
577 41 25 14
577 4 42 17
577 16 45 12
577 24 13 17
577 35 21 16
577 45 12 24
577 33 31 19
577 39 31 21
577 43 18 19
577 46 24 19
577 33 9 20
577 43 33 22
577 46 22 20
577 26 8 20
577 14 36 19
577 14 19 15
577 16 22 13
577 49 34 19
577 47 23 17
577 19 6 22
577 14 21 18
577 37 37 17
577 4 44 16
577 9 23 21
577 14 21 18
577 8 38 19
577 18 13 21
577 28 24 11
577 35 3 22
577 43 3 23
577 38 17 21
577 49 49 24
577 43 13 20
577 34 25 18
577 23 14 16
577 15 4 23
577 19 35 17
577 46 41 15
577 14 8 17
577 16 47 17
577 33 23 19
577 34 7 18
577 7 3 19
577 43 40 23
577 45 6 18
577 46 34 17
577 24 17 24
577 41 32 10
577 13 36 21
577 38 33 17
577 32 23 12
577 2 26 16
577 47 38 19
577 10 37 23
577 4 35 18
577 40 18 18
577 49 15 14
577 29 11 14
577 43 50 22
577 24 35 14
577 16 3 15
577 11 37 18
577 42 26 16
577 44 17 20
577 46 7 16
577 12 16 14
577 21 47 18
577 25 44 15
577 49 3 19
577 13 22 15
577 41 10 17
577 8 6 19
577 18 25 17
577 34 23 20
577 22 39 12
577 49 15 14
577 27 29 21
577 39 40 13
577 24 49 17
577 38 30 16
577 35 6 21
577 39 49 19
577 22 15 13
577 41 44 14
577 16 45 12
577 22 40 17
577 3 22 25
577 26 14 12
577 35 11 19
577 9 40 18
577 34 36 17
577 10 24 15
577 7 10 19
577 23 18 17
577 28 3 19
577 37 14 21
577 7 10 19
577 40 46 21
577 28 36 23
577 48 10 18
577 45 48 17
577 23 9 13
577 18 44 20
577 23 27 15
577 17 18 22
577 13 17 11
577 40 19 14
577 45 50 19
577 26 48 19
577 15 50 15
577 5 20 13
577 26 14 12
577 49 48 15
577 14 19 15
577 36 18 19
577 25 33 15
577 10 5 21
577 38 24 14
577 46 41 15
577 46 25 26
577 13 26 23
577 19 36 12
577 27 21 18
577 3 40 15
577 26 39 24
577 7 9 21
577 9 30 14
577 39 38 19
577 12 13 19
577 48 10 18
577 40 17 18
577 40 9 24
577 12 27 12
577 31 7 21
577 2 41 17
577 4 17 16
577 2 8 18
577 37 24 15
577 4 13 21
577 41 18 17
577 7 10 19
577 18 47 18
577 47 10 27
577 35 43 16
577 39 20 17
577 11 26 12
577 21 1 15
577 30 31 19
577 7 16 19
577 41 43 14
577 31 10 16
577 40 43 17
577 8 37 18
577 39 17 21
577 36 34 12
577 1 8 21
577 23 44 17
577 42 49 26
577 48 20 13
577 1 14 15
577 37 31 17
577 6 21 20
577 2 11 20
577 15 8 19
577 38 35 28
577 47 43 17
577 18 29 20
577 31 8 19
577 12 22 13
577 36 18 19
577 49 12 21
577 1 26 19
577 44 42 15
577 19 21 15
577 33 17 13
577 31 20 18
577 20 18 9
577 1 16 15
577 20 19 18
577 40 20 22
577 10 47 21
577 32 18 15
577 17 30 18
577 39 24 13
577 4 25 17
577 28 8 20
577 38 33 17
577 50 12 13
577 40 23 21
577 47 48 14
577 37 31 17
577 1 28 13
577 14 22 20
577 50 44 16
577 26 50 17
577 47 14 13
577 37 24 15
577 50 47 22
577 16 16 20
577 49 48 15
577 2 27 11
577 17 29 15
577 25 25 16
577 12 21 19
577 2 5 13
577 31 15 16
577 9 43 16
577 47 43 17
577 5 23 17
577 33 39 21
577 35 20 23
577 1 28 13
577 34 43 14
577 5 20 13
577 24 14 16
577 5 1 23
577 45 30 18
577 40 4 15
577 25 11 12
577 36 43 20
577 13 42 15
577 38 47 17
577 25 45 13
577 4 21 14
577 20 42 15
577 48 38 21
577 25 32 14
577 19 11 17
577 15 19 17
577 9 36 16
577 50 37 21
577 1 10 23
577 26 2 26
577 18 45 15
577 4 1 20
577 31 25 25
577 9 14 22
577 28 18 21
577 47 28 11
577 17 25 19
577 30 11 16
577 17 36 18
587 2 31 20
587 41 38 18
587 17 2 18
587 20 34 20
587 15 37 16
587 38 17 21
587 27 10 16
587 28 9 19
587 18 48 16
587 25 18 16
587 37 50 17
587 5 37 18
587 24 30 18
587 48 35 12
587 40 49 16
587 4 29 18
587 30 38 18
587 16 35 14
587 13 37 22
587 24 49 16
587 49 49 17
587 6 49 14
587 33 21 13
587 9 15 14
587 39 29 19
587 42 29 18
587 50 16 16
587 26 14 21
587 39 21 15
587 4 13 15
587 5 43 16
587 13 29 14
587 24 3 11
587 5 4 21
587 30 2 25
587 15 8 14
587 23 14 18
587 27 2 12
587 30 39 15
587 11 47 18
587 22 7 23
587 21 1 18
587 6 36 24
587 3 20 15
587 3 47 14
587 46 42 19
587 20 50 14
587 2 33 16
587 33 24 16
587 11 4 15
587 45 47 13
587 30 9 18
587 30 49 17
587 23 45 17
587 7 35 13
587 19 8 18
587 20 7 20
587 26 39 19
587 3 48 14
587 18 44 21
587 32 6 16
587 50 2 21
587 21 5 15
587 15 42 15
587 12 24 14
587 41 45 11
587 22 34 18
587 33 10 15
587 7 47 14
587 23 36 18
587 49 7 24
587 40 3 15
587 33 13 14
587 39 18 18
587 13 48 16
587 44 30 21
587 21 12 18
587 22 37 15
587 4 48 17
587 10 24 22
587 23 2 21
587 6 45 12
587 49 38 23
587 43 15 12
587 47 38 15
587 15 22 23
587 34 32 12
587 13 16 21
587 26 41 17
587 6 47 22
587 37 27 18
587 50 46 16
587 47 49 20
587 10 45 11
587 44 32 8
587 28 20 18
587 2 35 17
587 8 48 17
587 35 33 21
587 3 33 21
587 23 6 21
587 21 1 18
587 15 20 24
587 33 50 15
587 12 22 16
587 33 19 22
587 9 15 14
587 36 4 17
587 25 40 16
587 3 34 15
587 40 36 29
587 2 31 20
587 7 41 21
587 6 20 17
587 26 48 9
587 13 39 13
587 16 16 12
587 34 24 19
587 8 24 9
587 43 2 19
587 45 38 18
587 5 14 19
587 12 13 14
587 30 20 21
587 24 47 16
587 26 33 24
587 15 45 20
587 14 41 20
587 40 37 18
587 39 30 21
587 6 33 25
587 20 48 16
587 4 36 16
587 28 44 14
587 41 48 16
587 11 23 13
587 43 16 22
587 23 2 21
587 40 44 17
587 28 2 17
587 19 13 20
587 28 4 18
587 2 24 15
587 30 42 22
587 10 47 15
587 4 49 18
587 7 14 18
587 50 13 12
587 11 44 16
587 19 31 22
587 10 2 16
587 1 18 15
587 30 34 17
587 50 2 21
587 24 50 19
587 4 21 13
587 37 22 19
587 41 41 10
587 18 31 16
587 46 45 16
587 6 45 12
587 8 50 15
587 42 30 17
587 15 33 20
587 26 19 13
587 3 11 16
587 31 49 19
587 29 11 17
587 37 17 10
587 21 41 20
587 41 31 24
587 17 34 28
587 10 30 19
587 46 11 18
587 24 5 14
587 44 32 8
587 4 24 18
587 7 16 17
587 23 33 12
587 42 14 20
587 32 44 12
587 24 16 11
587 47 7 16
587 38 29 22
587 24 44 15
587 49 4 18
587 21 38 16
587 46 27 12
587 3 45 23
587 37 7 25
587 50 20 21
587 26 25 18
587 39 37 21
587 38 13 16
587 22 44 14
587 41 41 10
587 42 43 14
587 44 37 14
587 41 21 11
587 9 21 27
587 20 34 20
587 24 13 17
587 12 37 13
587 29 38 19
587 35 31 19
587 33 31 17
587 27 32 20
587 5 38 21
587 1 11 21
587 47 17 22
587 29 33 15
587 46 43 14
587 8 26 15
587 11 42 14
587 29 46 21
587 37 34 15
587 32 45 8
587 2 30 12
587 40 44 17
587 50 48 22
587 3 21 15
587 35 13 21
587 40 13 19
587 6 41 18
587 2 50 10
587 15 7 10
587 31 30 20
587 42 47 13
587 15 33 20
587 35 29 11
587 18 2 19
587 4 10 22
587 33 7 21
587 3 43 15
587 1 30 19
587 1 3 20
587 6 21 16
587 13 21 15
587 11 21 20
587 7 33 23
587 14 35 16
587 32 5 24
587 46 21 17
587 15 36 22
587 2 16 19
587 14 43 11
587 12 17 19
587 13 6 13
587 30 31 20
587 29 50 14
587 3 50 19
587 39 12 25
587 5 6 17
587 49 3 19
587 12 38 12
587 39 7 17
587 26 2 20
587 14 41 20
587 1 41 16
587 46 5 21
587 40 6 20
587 6 32 10
587 44 36 19
587 19 42 20
587 44 20 17
587 19 27 19
587 40 2 19
587 7 14 18
587 9 27 19
587 17 50 11
587 38 28 16
587 49 23 20
587 23 24 24
587 34 14 17
587 6 31 18
587 49 47 20
587 38 43 15
587 1 40 18
587 5 2 14
587 40 1 18
587 44 15 20
587 7 18 14
587 15 35 20
587 6 3 17
587 1 50 16
587 14 17 18
587 28 39 12
587 33 47 16
587 4 22 14
587 33 28 11
587 26 46 16
587 25 6 25
587 37 15 25
587 29 16 15
587 9 49 17
587 24 5 14
587 1 5 19
587 23 40 14
587 8 27 30
587 27 36 17
587 13 11 17
587 27 19 16
587 31 24 22
587 45 7 20
587 10 48 20
587 12 28 19
587 16 47 24
587 46 5 21
587 30 47 18
587 42 4 18
587 3 12 25
587 22 1 11
587 3 42 14
587 48 4 22
587 6 26 20
587 42 22 22
587 49 39 18
587 6 45 12
587 8 15 20
587 25 47 19
587 18 10 17
587 44 25 28
587 2 43 15
587 4 21 13
587 18 20 16
587 28 13 15
587 20 49 19
587 1 12 19
587 2 32 19
587 11 24 19
587 44 23 15
587 22 2 18
587 24 41 13
587 29 6 20
587 12 48 15
587 17 30 17
587 25 31 21
587 41 5 22
587 19 32 20
587 6 4 16
587 37 17 10
587 5 27 20
587 17 38 23
587 46 40 15
587 40 33 14
587 29 37 14
587 3 47 14
587 16 37 10
587 42 20 14
587 6 40 9
587 20 48 16
587 41 26 21
587 39 44 13
587 26 10 19
587 41 30 15
587 6 15 17
587 37 15 25
587 33 2 15
587 49 36 20
587 11 40 23
587 18 32 17
587 12 18 16
587 37 1 15
587 14 34 21
587 3 27 19
587 2 4 16
587 33 33 18
587 39 23 13
587 9 14 15
587 49 26 14
587 39 6 14
587 43 17 11
587 26 14 21
587 11 38 15
587 18 14 12
587 28 6 13
587 14 40 17
587 45 42 18
587 40 12 18
587 5 45 24
587 15 47 12
587 50 2 21
587 18 2 19
587 10 48 20
587 31 14 13
587 10 12 19
587 45 9 14
587 28 25 23
587 11 50 14
587 13 15 19
587 40 14 28
587 28 41 27
587 28 27 16
587 21 3 18
587 15 32 18
587 4 38 13
587 23 8 12
587 1 50 16
587 1 17 14
587 3 2 21
587 44 25 28
587 16 32 11
587 13 12 20
587 40 27 16
587 32 20 24
587 33 46 19
587 23 43 13
587 34 11 16
587 25 1 18
593 41 17 17
593 16 50 16
593 26 13 18
593 30 2 16
593 40 25 18
593 14 28 17
593 50 46 12
593 32 25 18
593 35 47 15
593 41 29 26
593 12 49 16
593 21 6 14
593 7 40 14
593 33 36 15
593 8 11 16
593 49 19 14
593 26 27 15
593 28 21 19
593 6 4 23
593 44 10 13
593 22 47 19
593 36 45 24
593 5 6 18
593 30 5 12
593 49 32 15
593 15 42 18
593 17 26 20
593 26 31 14
593 6 31 13
593 31 28 15
593 17 45 20
593 12 46 25
593 32 26 18
593 50 32 12
593 8 40 14
593 36 23 15
593 27 2 15
593 44 48 17
593 50 10 20
593 18 17 14
593 9 15 11
593 19 7 21
593 43 26 17
593 38 23 17
593 43 14 18
593 23 34 16
593 14 44 8
593 14 38 14
593 26 26 17
593 16 15 17
593 22 47 19
593 41 47 8
593 8 10 10
593 37 40 13
593 23 15 19
593 42 43 15
593 38 16 17
593 44 1 12
593 38 42 17
593 36 8 14
593 30 34 17
593 42 44 17
593 43 7 17
593 1 49 16
593 43 13 19
593 44 3 15
593 21 34 17
593 16 10 11
593 45 9 18
593 21 46 13
593 43 11 22
593 14 12 13
593 25 28 18
593 12 20 20
593 50 29 16
593 28 49 23
593 19 18 15
593 29 22 17
593 37 30 18
593 31 16 16
593 2 28 16
593 5 13 16
593 27 28 22
593 13 23 15
593 5 4 18
593 38 21 24
593 24 1 29
593 19 23 11
593 16 50 16
593 14 47 17
593 46 47 18
593 36 34 17
593 28 46 22
593 16 6 17
593 39 18 21
593 38 38 24
593 19 37 17
593 20 31 31
593 39 35 18
593 7 15 16
593 17 15 17
593 29 5 12
593 36 15 18
593 6 38 17
593 19 28 19
593 11 50 22
593 7 48 22
593 36 37 16
593 22 47 19
593 31 38 17
593 18 11 17
593 40 16 12
593 43 10 23
593 8 4 19
593 49 31 17
593 11 20 20
593 9 28 11
593 23 31 16
593 24 46 16
593 33 43 18
593 2 47 16
593 14 38 14
593 36 26 12
593 13 7 23
593 10 6 13
593 42 23 12
593 27 12 25
593 30 4 15
593 27 4 16
593 47 35 17
593 12 15 12
593 34 35 13
593 29 9 21
593 34 32 20
593 12 3 27
593 18 46 14
593 36 1 16
593 36 24 14
593 24 48 19
593 44 31 14
593 29 48 21
593 26 9 18
593 36 15 18
593 48 14 10
593 29 15 12
593 27 19 17
593 35 26 17
593 25 26 11
593 25 47 13
593 29 44 18
593 19 39 18
593 27 13 18
593 9 42 14
593 44 34 17
593 20 16 22
593 39 48 14
593 30 46 19
593 20 39 22
593 36 42 19
593 5 43 14
593 35 9 21
593 50 22 13
593 46 44 16
593 42 38 18
593 26 9 18
593 30 43 17
593 21 22 14
593 25 30 14
593 41 41 23
593 38 31 19
593 23 19 24
593 18 3 16
593 10 17 16
593 48 21 13
593 50 38 12
593 11 33 13
593 33 37 18
593 26 36 16
593 4 8 15
593 12 16 19
593 14 4 17
593 25 36 16
593 14 21 14
593 39 29 15
593 46 22 19
593 7 48 22
593 2 42 13
593 38 11 22
593 6 22 14
593 41 21 21
593 15 31 18
593 28 43 18
593 1 34 17
593 5 33 21
593 28 43 18
593 28 29 14
593 20 43 18
593 23 20 13
593 18 9 14
593 4 23 18
593 16 5 13
593 28 14 17
593 17 1 12
593 23 14 19
593 14 41 13
593 46 31 10
593 47 22 14
593 50 39 21
593 37 34 16
593 30 23 13
593 17 35 19
593 40 34 14
593 2 46 22
593 14 41 13
593 31 5 24
593 30 22 16
593 44 2 20
593 3 23 18
593 16 30 12
593 15 15 22
593 29 12 16
593 7 1 20
593 42 50 14
593 41 1 24
593 9 11 17
593 8 11 16
593 16 21 14
593 46 23 16
593 49 13 15
593 42 16 22
593 9 5 15
593 13 9 20
593 28 21 19
593 28 30 20
593 46 2 18
593 37 10 16
593 49 18 10
593 25 28 18
593 7 44 18
593 11 16 20
593 39 45 18
593 17 27 19
593 5 41 13
593 3 47 19
593 8 44 11
593 49 30 22
593 45 5 19
593 12 32 23
593 36 19 18
593 21 34 17
593 47 13 11
593 26 8 23
593 30 48 9
593 38 1 12
593 34 39 18
593 13 4 18
593 5 26 16
593 25 29 16
593 9 41 23
593 17 2 8
593 20 18 13
593 39 15 20
593 7 13 16
593 15 40 24
593 4 3 23
593 16 38 11
593 30 5 12
593 31 21 9
593 7 18 20
593 20 6 17
593 30 32 16
593 19 23 11
593 40 14 13
593 21 27 19
593 25 17 17
593 30 20 14
593 47 35 17
593 12 37 16
593 27 49 18
593 16 35 24
593 5 43 14
593 31 36 20
593 2 25 17
593 45 34 19
593 26 36 16
593 1 45 14
593 28 9 17
593 4 29 14
593 39 49 18
593 50 7 12
593 48 42 16
593 18 6 14
593 46 8 20
593 10 46 18
593 5 10 19
593 21 42 11
593 16 31 21
593 2 36 13
593 35 30 17
593 42 15 17
593 42 3 22
593 36 44 17
593 1 50 20
593 15 49 18
593 44 19 16
593 37 23 11
593 8 25 22
593 11 45 21
593 25 36 16
593 46 21 12
593 37 21 9
593 13 11 16
593 30 4 15
593 28 21 19
593 29 21 24
593 21 25 12
593 30 18 11
593 1 26 27
593 22 1 22
593 45 13 12
593 13 20 22
593 42 2 23
593 3 30 10
593 31 10 15
593 5 17 13
593 23 36 22
593 37 26 22
593 19 49 22
593 45 15 15
593 50 21 15
593 17 37 16
593 26 27 15
593 39 21 16
593 29 23 17
593 50 7 12
593 49 36 19
593 19 22 18
593 49 47 15
593 12 22 11
593 39 15 20
593 45 50 16
593 39 15 20
593 35 13 19
593 7 22 21
593 45 28 18
593 40 32 18
593 24 5 10
593 20 18 13
593 35 45 12
593 35 25 19
593 46 46 13
593 44 36 14
593 44 34 17
593 8 10 10
593 30 36 21
593 36 32 14
593 30 16 14
593 39 34 13
593 6 26 20
593 32 29 24
593 19 46 17
593 29 30 20
593 8 35 18
593 45 3 17
593 50 47 18
593 44 36 14
593 7 10 22
593 17 42 15
593 21 2 14
593 14 31 19
593 31 43 23
593 27 36 17
593 49 22 14
593 47 34 12
593 40 41 18
593 4 35 14
593 38 2 22
593 22 30 13
593 48 5 16
593 25 9 27
593 48 23 13
593 13 47 24
593 17 18 22
593 4 8 15
593 35 12 19
593 43 1 14
593 24 15 15
593 8 31 14
593 40 33 18
593 1 48 16
593 17 10 15
593 3 9 14
593 20 20 21
593 42 9 19
593 45 27 19
593 21 25 12
593 19 15 14
593 16 46 21
593 26 30 20
593 4 3 23
593 47 36 22
593 31 9 16
593 35 2 15
593 31 33 21
593 3 19 11
593 36 35 14
593 32 36 17
593 31 31 14
593 11 13 21
599 50 37 17
599 25 23 22
599 5 10 29
599 17 24 16
599 23 31 19
599 48 47 16
599 20 15 11
599 39 25 16
599 44 13 15
599 39 50 15
599 10 6 14
599 29 26 16
599 47 5 17
599 39 15 16
599 1 21 15
599 37 41 12
599 28 39 14
599 31 28 16
599 21 23 15
599 34 12 21
599 39 33 14
599 21 37 15
599 45 5 13
599 12 46 21
599 50 18 22
599 24 29 16
599 23 14 18
599 13 48 16
599 23 10 15
599 3 47 15
599 7 47 16
599 14 5 15
599 43 15 21
599 6 15 10
599 12 20 16
599 22 13 16
599 5 15 12
599 16 22 8
599 25 49 14
599 8 17 8
599 18 42 20
599 42 9 23
599 34 1 19
599 49 37 20
599 20 43 23
599 14 8 12
599 34 2 15
599 15 41 17
599 20 7 16
599 42 50 11
599 4 36 13
599 37 25 14
599 26 8 24
599 46 35 12
599 43 28 14
599 17 3 29
599 14 18 17
599 21 25 19
599 36 2 12
599 47 9 17
599 29 11 17
599 4 18 14
599 26 16 19
599 45 38 14
599 20 42 13
599 34 14 14
599 43 13 22
599 11 42 14
599 32 33 24
599 26 35 14
599 35 19 15
599 38 30 19
599 19 24 16
599 34 17 27
599 32 23 12
599 34 50 16
599 35 21 13
599 46 5 25
599 10 11 20
599 15 39 9
599 15 25 26
599 28 14 17
599 50 17 19
599 18 48 19
599 28 37 18
599 7 46 17
599 25 23 22
599 25 24 17
599 25 42 14
599 29 26 16
599 44 46 14
599 27 33 21
599 30 10 26
599 18 24 22
599 1 33 13
599 43 10 22
599 40 35 8
599 31 27 17
599 39 9 24
599 14 36 22
599 3 2 19
599 19 10 16
599 21 14 17
599 42 18 19
599 46 11 22
599 19 17 19
599 33 46 17
599 21 19 17
599 43 9 20
599 24 34 18
599 36 25 7
599 3 40 14
599 42 12 16
599 32 15 19
599 41 12 12
599 17 28 19
599 16 17 12
599 10 18 15
599 5 26 17
599 41 21 22
599 5 44 14
599 21 50 15
599 27 31 16
599 33 37 17
599 11 40 11
599 15 2 17
599 25 15 20
599 4 2 14
599 13 30 20
599 43 8 19
599 33 2 14
599 10 29 17
599 5 41 15
599 20 49 20
599 48 38 18
599 38 6 18
599 22 40 16
599 33 48 18
599 3 31 18
599 48 50 15
599 33 29 11
599 1 16 11
599 44 42 20
599 44 43 18
599 20 7 16
599 49 50 13
599 34 22 18
599 7 36 21
599 29 30 26
599 13 33 13
599 35 48 18
599 49 32 22
599 16 45 17
599 40 16 22
599 45 19 10
599 41 25 18
599 27 13 14
599 10 32 14
599 7 19 22
599 34 27 17
599 1 5 15
599 29 44 10
599 48 14 17
599 13 12 21
599 38 22 14
599 39 19 26
599 35 37 19
599 44 35 17
599 47 8 15
599 34 46 14
599 42 48 13
599 4 27 17
599 38 14 24
599 14 10 19
599 30 4 16
599 40 30 22
599 20 24 16
599 9 27 15
599 47 21 22
599 5 40 20
599 28 18 22
599 7 4 19
599 31 47 14
599 21 41 17
599 26 21 17
599 35 15 16
599 38 26 24
599 32 8 14
599 22 29 19
599 37 39 19
599 14 28 13
599 49 6 15
599 39 22 18
599 5 17 19
599 21 42 20
599 2 41 20
599 40 7 10
599 28 6 14
599 17 19 11
599 23 32 17
599 7 23 12
599 5 27 23
599 9 19 18
599 20 11 16
599 2 7 11
599 32 47 15
599 45 42 16
599 19 10 16
599 11 34 12
599 45 29 25
599 28 43 18
599 28 31 14
599 30 31 13
599 24 39 18
599 31 49 15
599 5 19 17
599 28 2 17
599 20 7 16
599 8 18 17
599 1 14 17
599 3 48 11
599 6 23 15
599 26 46 22
599 45 38 14
599 8 11 13
599 4 48 12
599 8 36 20
599 21 14 17
599 20 32 24
599 18 37 20
599 5 12 10
599 49 38 19
599 32 23 12
599 41 25 18
599 30 37 18
599 19 38 19
599 43 44 18
599 41 40 13
599 42 9 23
599 27 33 21
599 25 25 19
599 37 46 15
599 35 9 13
599 34 33 17
599 8 12 15
599 27 28 16
599 35 50 15
599 28 45 9
599 19 30 16
599 22 44 12
599 44 37 15
599 24 14 19
599 45 2 17
599 2 4 20
599 42 36 22
599 34 8 14
599 14 4 13
599 45 35 18
599 19 23 11
599 7 42 14
599 5 21 19
599 47 8 15
599 9 26 16
599 43 16 16
599 49 23 10
599 2 20 19
599 5 49 22
599 17 45 21
599 13 25 18
599 34 31 16
599 44 50 17
599 20 42 13
599 9 18 16
599 40 1 21
599 29 7 18
599 37 14 13
599 36 24 16
599 5 27 23
599 20 47 23
599 46 16 15
599 24 2 20
599 8 5 16
599 15 44 23
599 3 20 18
599 20 49 20
599 23 42 20
599 30 27 17
599 49 20 14
599 11 22 17
599 48 41 22
599 37 7 19
599 36 12 17
599 13 20 14
599 9 29 16
599 19 18 16
599 2 22 22
599 33 36 13
599 24 5 14
599 27 45 27
599 2 33 15
599 36 15 15
599 5 19 17
599 34 41 11
599 22 10 18
599 31 2 15
599 24 15 22
599 20 10 13
599 12 37 15
599 47 29 20
599 20 7 16
599 14 2 23
599 48 1 24
599 43 28 14
599 1 29 11
599 23 13 14
599 33 10 15
599 36 7 21
599 18 7 17
599 48 32 18
599 28 29 17
599 45 32 15
599 17 9 11
599 40 10 16
599 26 9 15
599 34 50 16
599 48 12 14
599 39 29 19
599 4 47 24
599 32 5 12
599 11 8 19
599 16 35 15
599 18 11 18
599 32 27 16
599 45 37 18
599 45 25 19
599 25 3 17
599 10 28 17
599 41 26 19
599 25 48 12
599 22 35 16
599 35 6 15
599 11 37 19
599 22 6 10
599 28 50 10
599 1 41 15
599 19 30 16
599 14 19 17
599 38 21 16
599 48 30 17
599 39 27 10
599 40 39 15
599 44 22 18
599 28 31 14
599 17 23 10
599 35 25 17
599 40 9 12
599 38 35 16
599 50 7 13
599 43 4 18
599 32 11 17
599 48 36 13
599 22 19 22
599 27 3 13
599 4 23 16
599 12 10 17
599 4 47 24
599 38 10 20
599 34 24 14
599 26 50 16
599 25 7 18
599 36 39 20
599 38 11 22
599 15 5 18
599 44 46 14
599 18 8 24
599 38 23 14
599 25 26 21
599 24 11 14
599 48 26 17
599 10 41 14
599 45 23 22
599 39 17 13
599 37 49 17
599 6 32 16
599 35 43 11
599 8 38 13
599 50 39 15
599 41 50 14
599 10 43 16
599 39 44 21
599 44 49 22
599 15 34 18
599 12 24 14
599 38 38 16
599 20 49 20
599 35 48 18
599 4 3 13
599 27 24 20
599 26 1 14
599 15 14 13
599 24 17 15
599 8 20 11
599 4 19 11
599 23 15 15
599 5 26 17
599 45 39 16
599 21 9 18
599 11 26 21
599 25 37 18
601 12 40 10
601 23 42 16
601 26 37 15
601 36 41 17
601 43 32 13
601 36 41 17
601 43 3 19
601 38 3 14
601 48 38 13
601 25 8 11
601 18 40 17
601 47 45 14
601 28 40 21
601 33 4 21
601 43 2 18
601 15 23 19
601 29 34 16
601 26 24 10
601 17 18 18
601 2 50 21
601 2 13 20
601 36 3 16
601 39 35 20
601 2 7 14
601 50 40 20
601 50 43 17
601 21 36 18
601 49 10 16
601 39 16 19
601 47 35 11
601 49 49 18
601 34 43 16
601 11 36 12
601 7 12 12
601 22 12 16
601 19 48 19
601 2 34 18
601 14 32 17
601 41 26 12
601 4 21 11
601 2 48 16
601 41 48 22
601 18 6 16
601 37 18 15
601 37 30 11
601 32 18 18
601 14 21 24
601 45 28 19
601 12 44 13
601 31 17 23
601 44 14 13
601 6 50 17
601 30 20 11
601 24 37 13
601 10 23 18
601 27 27 19
601 7 43 15
601 18 29 15
601 41 22 14
601 16 42 13
601 7 24 15
601 4 32 13
601 25 37 16
601 26 48 18
601 10 11 15
601 34 5 12
601 46 5 16
601 46 5 16
601 28 28 25
601 46 46 11
601 1 13 19
601 9 28 12
601 14 18 20
601 21 26 16
601 40 43 17
601 22 38 15
601 25 48 15
601 34 8 19
601 29 24 23
601 27 36 18
601 48 41 12
601 48 27 12
601 33 50 27
601 28 4 17
601 48 31 15
601 27 28 17
601 43 2 18
601 23 11 10
601 40 33 18
601 30 47 11
601 22 21 20
601 41 47 8
601 31 38 14
601 37 42 14
601 3 46 14
601 4 45 16
601 19 41 18
601 39 18 20
601 37 41 10
601 34 33 19
601 17 6 17
601 8 46 13
601 11 26 20
601 31 28 19
601 14 28 14
601 12 37 22
601 13 36 25
601 37 26 20
601 38 21 16
601 20 49 20
601 39 40 23
601 2 9 14
601 8 2 17
601 32 36 13
601 14 38 16
601 27 2 17
601 15 19 16
601 50 46 20
601 24 43 14
601 28 18 15
601 18 45 16
601 13 36 25
601 43 31 18
601 10 36 17
601 27 41 27
601 5 17 20
601 49 15 16
601 36 14 20
601 27 28 17
601 4 22 18
601 3 29 13
601 41 18 18
601 43 28 20
601 7 12 12
601 6 5 15
601 7 36 22
601 18 38 12
601 50 46 20
601 15 15 18
601 23 22 15
601 41 50 24
601 14 45 16
601 10 28 17
601 14 17 17
601 31 10 23
601 10 45 17
601 38 3 14
601 7 40 19
601 42 40 19
601 30 1 18
601 12 15 12
601 46 6 17
601 16 42 13
601 41 5 15
601 44 16 18
601 29 36 19
601 5 48 19
601 5 45 13
601 46 1 17
601 19 6 15
601 27 37 12
601 29 32 19
601 37 6 10
601 43 26 12
601 22 45 13
601 7 25 20
601 18 7 19
601 9 28 12
601 11 16 17
601 50 10 11
601 4 13 15
601 40 3 21
601 45 40 18
601 4 16 19
601 28 21 18
601 21 30 17
601 13 28 17
601 14 46 17
601 35 47 15
601 7 2 17
601 12 8 10
601 13 9 18
601 17 21 19
601 25 19 20
601 43 37 10
601 27 12 14
601 21 34 15
601 45 11 18
601 20 31 20
601 3 21 13
601 1 46 15
601 44 15 10
601 46 4 18
601 13 36 25
601 21 31 17
601 30 41 12
601 18 39 12
601 37 2 10
601 8 24 14
601 19 36 16
601 6 25 21
601 31 31 11
601 17 24 20
601 13 16 16
601 49 37 19
601 26 33 17
601 13 44 13
601 20 40 21
601 9 41 18
601 37 41 10
601 49 9 14
601 8 18 16
601 26 42 17
601 13 27 11
601 2 35 11
601 50 2 20
601 48 22 14
601 50 10 11
601 48 1 12
601 47 8 15
601 39 5 17
601 7 39 13
601 26 41 22
601 13 17 16
601 27 7 14
601 8 28 19
601 49 18 6
601 5 44 13
601 40 50 19
601 39 5 17
601 3 10 13
601 41 45 11
601 8 22 20
601 30 39 18
601 27 21 15
601 11 24 22
601 13 3 19
601 5 49 17
601 14 8 18
601 49 22 18
601 43 16 16
601 50 10 11
601 42 40 19
601 12 21 13
601 43 16 16
601 29 18 16
601 27 32 14
601 50 26 17
601 34 49 17
601 12 50 18
601 38 39 15
601 16 19 25
601 16 7 18
601 14 25 21
601 9 20 19
601 49 32 16
601 4 43 22
601 22 28 18
601 12 11 22
601 47 1 24
601 50 38 18
601 16 40 16
601 42 28 18
601 17 11 13
601 27 3 14
601 46 44 11
601 10 42 13
601 38 5 17
601 15 44 17
601 29 38 15
601 17 37 16
601 18 35 12
601 48 16 15
601 45 1 16
601 36 5 11
601 44 23 16
601 25 27 17
601 8 8 23
601 12 1 21
601 20 9 16
601 17 43 20
601 35 5 16
601 23 39 26
601 16 12 11
601 35 39 22
601 20 31 20
601 45 22 14
601 40 28 15
601 33 27 15
601 24 37 13
601 4 17 13
601 40 7 17
601 39 36 18
601 4 3 14
601 25 17 19
601 33 23 23
601 26 46 16
601 10 35 14
601 1 35 18
601 11 4 24
601 2 33 16
601 7 30 13
601 22 46 22
601 12 1 21
601 1 31 12
601 25 22 16
601 19 22 17
601 48 12 24
601 25 18 13
601 40 6 19
601 33 2 22
601 17 19 16
601 18 24 11
601 45 30 14
601 35 18 16
601 39 36 18
601 31 29 17
601 41 10 21
601 12 17 12
601 17 34 13
601 18 13 18
601 3 8 14
601 5 3 14
601 48 28 22
601 22 12 16
601 11 28 12
601 34 47 26
601 13 6 19
601 22 45 13
601 36 42 17
601 19 48 19
601 21 29 13
601 46 10 19
601 25 41 22
601 26 44 17
601 3 23 18
601 42 37 11
601 46 18 15
601 31 32 9
601 39 14 15
601 50 31 12
601 42 10 14
601 4 41 18
601 33 45 20
601 22 40 12
601 17 49 13
601 46 36 15
601 4 2 16
601 4 36 18
601 50 42 14
601 28 15 24
601 36 36 22
601 15 7 16
601 19 38 19
601 22 37 21
601 28 25 12
601 21 11 15
601 33 4 21
601 28 16 16
601 35 48 13
601 31 33 16
601 4 22 18
601 1 44 23
601 22 11 13
601 8 14 23
601 35 8 16
601 47 31 19
601 34 1 19
601 35 18 16
601 6 30 13
601 43 21 17
601 22 16 19
601 41 25 18
601 9 42 19
601 11 26 20
601 10 5 12
601 41 26 12
601 29 33 20
601 14 47 20
601 33 23 23
601 14 38 16
601 47 43 9
601 23 26 19
601 37 10 17
601 30 12 16
601 13 34 20
601 45 22 14
601 35 3 18
601 2 12 15
601 50 38 18
601 24 50 16
601 28 44 17
601 19 42 20
601 24 23 22
601 17 48 20
601 40 12 18
601 14 41 20
601 4 42 21
601 12 40 10
601 6 31 17
601 11 43 21
601 46 48 13
601 1 41 10
601 13 16 16
601 42 1 12
601 37 26 20
601 16 31 11
601 43 18 15
601 7 24 15
607 33 7 19
607 44 12 11
607 30 7 11
607 42 8 22
607 36 23 20
607 34 5 12
607 6 15 12
607 18 46 15
607 16 25 24
607 13 29 15
607 34 3 17
607 49 23 18
607 40 44 13
607 23 1 20
607 32 2 15
607 10 7 22
607 2 12 19
607 5 4 21
607 6 43 14
607 27 21 13
607 5 7 11
607 39 32 12
607 4 48 17
607 34 32 17
607 41 27 25
607 7 1 15
607 4 17 17
607 46 13 18
607 33 43 16
607 47 45 10
607 46 22 16
607 8 38 16
607 3 23 13
607 47 9 15
607 14 40 10
607 39 7 26
607 39 33 19
607 43 25 24
607 2 7 9
607 26 50 20
607 4 30 13
607 24 28 22
607 46 26 14
607 20 34 15
607 16 17 15
607 32 46 18
607 15 14 16
607 26 15 17
607 10 16 23
607 18 12 21
607 47 20 22
607 33 33 18
607 20 48 12
607 49 38 13
607 49 43 18
607 44 1 15
607 13 14 17
607 16 11 18
607 45 30 14
607 26 36 18
607 17 25 11
607 34 5 12
607 40 29 14
607 30 39 13
607 8 31 22
607 44 9 7
607 48 50 20
607 33 48 14
607 16 43 14
607 3 50 25
607 38 28 18
607 22 41 20
607 12 35 21
607 29 2 23
607 12 14 12
607 7 45 20
607 37 29 25
607 19 16 20
607 38 4 10
607 22 33 17
607 33 25 22
607 5 13 14
607 32 3 13
607 1 15 17
607 48 46 17
607 23 4 22
607 44 7 11
607 24 29 20
607 8 5 12
607 26 14 12
607 4 36 19
607 15 10 14
607 42 35 18
607 28 15 19
607 42 25 23
607 23 19 15
607 36 35 13
607 40 26 31
607 14 26 11
607 35 27 21
607 49 33 15
607 5 1 19
607 44 42 16
607 46 49 18
607 28 38 16
607 28 17 14
607 17 46 16
607 20 47 21
607 37 24 17
607 48 20 20
607 34 23 12
607 24 44 22
607 19 12 20
607 10 13 20
607 13 36 18
607 32 2 15
607 45 6 11
607 5 19 16
607 6 10 9
607 15 36 18
607 7 9 16
607 7 8 14
607 37 1 23
607 11 19 16
607 6 33 16
607 44 5 16
607 35 26 17
607 43 39 13
607 30 28 22
607 37 19 16
607 26 6 20
607 36 12 17
607 11 48 16
607 44 23 7
607 7 45 20
607 4 39 14
607 23 12 20
607 10 6 12
607 36 34 15
607 44 40 14
607 7 26 21
607 49 4 13
607 34 9 20
607 34 50 19
607 41 17 13
607 50 2 16
607 4 24 20
607 31 25 21
607 31 9 19
607 3 39 15
607 29 50 19
607 11 19 16
607 11 44 15
607 26 26 20
607 47 1 17
607 48 44 13
607 3 27 17
607 22 29 14
607 38 36 22
607 15 2 13
607 37 29 25
607 1 14 21
607 40 20 10
607 45 12 18
607 6 30 23
607 19 47 15
607 44 5 16
607 28 44 14
607 28 24 13
607 36 29 11
607 34 26 18
607 23 38 11
607 8 10 14
607 23 36 18
607 47 9 15
607 37 33 26
607 31 33 20
607 10 9 23
607 12 39 15
607 5 8 20
607 39 5 19
607 2 14 17
607 16 38 18
607 33 35 23
607 10 4 17
607 39 18 13
607 17 10 19
607 43 33 13
607 37 25 17
607 11 50 17
607 11 5 13
607 29 14 21
607 40 20 10
607 16 48 15
607 29 12 6
607 11 23 13
607 25 6 16
607 36 6 11
607 49 43 18
607 33 25 22
607 37 31 12
607 1 29 18
607 27 42 13
607 17 48 16
607 49 46 21
607 3 9 13
607 38 38 17
607 44 3 22
607 50 43 17
607 17 46 16
607 27 24 15
607 29 17 16
607 38 29 9
607 12 42 16
607 7 1 15
607 13 39 15
607 48 25 16
607 37 14 20
607 39 6 17
607 8 37 15
607 30 29 18
607 17 38 12
607 6 11 24
607 4 7 14
607 44 4 17
607 49 21 21
607 10 37 17
607 48 37 9
607 49 31 21
607 46 10 13
607 25 35 15
607 8 10 14
607 26 3 17
607 4 18 20
607 39 10 15
607 31 42 15
607 11 17 18
607 40 15 17
607 4 9 16
607 7 19 14
607 40 35 23
607 39 37 18
607 9 5 15
607 16 18 15
607 6 19 16
607 10 49 11
607 17 27 13
607 2 11 24
607 9 1 18
607 6 47 25
607 6 25 17
607 20 34 15
607 23 15 16
607 20 34 15
607 9 11 21
607 16 32 19
607 39 3 13
607 47 33 19
607 7 22 14
607 46 3 12
607 30 10 19
607 3 7 18
607 6 27 19
607 40 10 15
607 20 28 23
607 42 2 20
607 12 38 15
607 12 42 16
607 11 17 18
607 24 21 19
607 47 3 17
607 11 3 17
607 25 28 16
607 48 41 19
607 26 39 15
607 28 4 16
607 46 47 20
607 29 18 25
607 36 29 11
607 44 28 17
607 6 26 11
607 8 15 22
607 5 28 17
607 29 28 19
607 12 2 12
607 32 27 20
607 45 10 15
607 31 47 18
607 1 29 18
607 42 8 22
607 43 16 11
607 13 22 18
607 39 30 11
607 33 48 14
607 16 29 23
607 41 26 21
607 36 15 14
607 42 1 13
607 42 29 16
607 31 38 15
607 13 26 15
607 48 3 13
607 38 7 15
607 31 16 23
607 9 13 18
607 14 23 9
607 10 32 13
607 43 31 18
607 6 11 24
607 8 36 13
607 44 46 14
607 43 9 18
607 9 49 21
607 36 9 14
607 26 44 13
607 17 27 13
607 36 35 13
607 44 43 13
607 26 12 15
607 27 10 15
607 19 45 12
607 1 49 19
607 37 34 9
607 31 50 9
607 10 33 13
607 24 9 14
607 46 10 13
607 49 2 17
607 32 16 17
607 30 49 22
607 36 30 13
607 36 48 20
607 37 10 11
607 5 11 13
607 2 30 16
607 8 23 14
607 17 47 16
607 10 2 15
607 5 42 16
607 30 47 14
607 32 19 15
607 20 14 13
607 23 49 16
607 11 37 17
607 14 48 8
607 10 31 17
607 16 30 14
607 9 9 14
607 32 14 15
607 20 18 22
607 34 23 12
607 31 16 23
607 28 4 16
607 11 36 14
607 39 18 13
607 7 18 19
607 10 12 13
607 38 8 17
607 11 40 23
607 48 4 14
607 12 2 12
607 19 6 20
607 6 36 17
607 31 9 19
607 28 11 16
607 23 49 16
607 2 3 13
607 40 24 23
607 8 28 18
607 33 31 18
607 13 37 15
607 46 47 20
607 37 4 10
607 50 7 15
607 13 21 12
607 15 11 17
607 19 37 16
607 37 25 17
607 25 16 13
607 46 2 18
607 19 30 10
607 35 4 18
607 37 20 13
607 18 28 15
607 18 37 14
607 35 32 21
607 13 13 20
607 38 28 18
607 13 17 24
607 12 13 14
607 38 34 22
607 49 3 16
607 19 41 18
607 5 24 17
607 46 50 11
607 46 20 16
607 35 22 16
607 27 41 20
607 43 50 17
607 15 48 23
607 44 14 19
607 32 46 18
607 22 17 20
607 32 43 24
607 49 22 18
607 25 45 11
607 32 20 19
607 5 6 12
607 31 38 15
613 43 19 16
613 38 12 24
613 7 49 21
613 21 13 16
613 9 11 16
613 36 31 19
613 8 29 16
613 33 26 15
613 14 34 15
613 2 7 12
613 24 50 15
613 28 35 18
613 36 45 20
613 31 37 10
613 4 48 18
613 43 19 16
613 13 4 18
613 45 25 17
613 41 6 17
613 25 42 18
613 34 42 13
613 23 16 22
613 40 37 16
613 20 48 12
613 15 30 17
613 4 21 18
613 11 15 16
613 39 31 17
613 49 30 20
613 45 39 13
613 31 11 18
613 42 20 19
613 40 25 14
613 40 24 21
613 45 27 15
613 46 43 20
613 3 43 15
613 8 17 17
613 26 2 15
613 14 26 13
613 34 17 11
613 22 39 17
613 39 8 17
613 11 44 13
613 11 23 18
613 47 5 20
613 4 26 19
613 13 45 23
613 8 18 13
613 41 1 18
613 50 6 14
613 42 40 7
613 23 24 16
613 29 33 17
613 8 19 23
613 9 37 28
613 32 10 24
613 38 35 12
613 30 45 18
613 27 22 16
613 18 32 21
613 31 20 12
613 47 14 20
613 36 42 14
613 37 39 15
613 20 26 20
613 7 46 15
613 10 4 16
613 29 12 16
613 9 11 16
613 24 37 13
613 28 42 18
613 41 50 17
613 10 10 15
613 48 28 23
613 18 36 17
613 46 27 20
613 37 6 16
613 7 33 11
613 42 24 25
613 34 3 11
613 41 39 21
613 24 27 14
613 33 40 13
613 49 40 17
613 38 25 24
613 31 18 17
613 36 24 15
613 1 36 15
613 20 21 24
613 36 9 19
613 46 6 24
613 27 21 16
613 38 44 20
613 37 37 18
613 28 8 21
613 32 36 18
613 12 1 15
613 2 16 17
613 35 19 19
613 11 34 20
613 7 19 22
613 12 8 16
613 3 8 17
613 34 21 15
613 48 29 14
613 10 21 17
613 28 44 20
613 43 43 10
613 37 15 14
613 22 45 19
613 33 21 13
613 11 3 13
613 33 5 20
613 33 13 15
613 34 23 13
613 39 45 26
613 8 35 18
613 6 20 21
613 24 43 15
613 41 34 20
613 25 38 18
613 33 32 15
613 34 21 15
613 30 14 16
613 35 25 21
613 35 1 19
613 37 28 16
613 44 29 17
613 23 32 14
613 47 31 17
613 10 24 15
613 13 50 23
613 41 11 15
613 3 38 15
613 18 21 23
613 47 32 12
613 35 7 13
613 32 33 13
613 20 34 14
613 50 19 16
613 34 45 16
613 49 2 18
613 5 21 20
613 25 12 18
613 40 22 17
613 26 33 19
613 47 39 15
613 22 32 12
613 34 50 11
613 34 9 11
613 20 48 12
613 33 16 16
613 9 50 21
613 4 50 17
613 20 32 9
613 21 43 19
613 50 49 15
613 15 45 20
613 37 2 15
613 3 19 13
613 42 31 15
613 38 16 21
613 9 27 15
613 19 47 13
613 32 10 24
613 4 18 19
613 24 41 20
613 42 45 17
613 40 41 15
613 5 29 11
613 43 2 18
613 36 16 18
613 28 29 20
613 11 45 18
613 48 6 29
613 6 3 18
613 14 34 15
613 47 21 18
613 49 9 14
613 21 37 18
613 22 3 10
613 22 16 12
613 45 20 15
613 40 38 14
613 44 41 11
613 45 40 14
613 1 14 17
613 38 48 16
613 33 3 22
613 48 45 16
613 22 43 16
613 30 36 7
613 16 18 15
613 3 17 18
613 37 39 15
613 48 14 22
613 49 2 18
613 48 23 18
613 39 34 20
613 15 42 16
613 13 16 16
613 11 33 16
613 8 11 15
613 33 50 16
613 44 1 23
613 1 9 16
613 26 8 11
613 17 47 14
613 48 20 12
613 42 8 16
613 4 9 19
613 16 33 15
613 37 29 18
613 3 44 18
613 36 12 16
613 39 47 13
613 37 6 16
613 28 20 18
613 24 42 20
613 50 7 23
613 41 34 20
613 14 17 16
613 34 45 16
613 13 2 18
613 15 16 14
613 46 50 21
613 13 32 13
613 12 9 15
613 32 1 14
613 10 43 16
613 30 29 20
613 40 14 10
613 39 35 15
613 7 25 21
613 15 30 17
613 9 24 17
613 40 4 16
613 32 8 18
613 8 39 9
613 5 47 25
613 2 25 17
613 38 37 13
613 40 33 14
613 47 35 11
613 13 32 13
613 33 19 20
613 32 27 15
613 22 16 12
613 46 31 19
613 49 2 18
613 19 27 20
613 48 36 12
613 5 2 10
613 45 41 20
613 37 24 16
613 43 50 19
613 1 33 17
613 21 6 16
613 8 16 16
613 49 46 11
613 50 37 15
613 11 16 13
613 36 1 16
613 45 28 13
613 35 29 18
613 26 35 15
613 17 49 20
613 10 13 19
613 27 16 20
613 42 28 7
613 15 19 20
613 19 2 15
613 2 24 13
613 33 32 15
613 48 23 18
613 26 29 12
613 5 45 22
613 4 15 13
613 28 23 12
613 38 16 21
613 28 2 16
613 19 31 16
613 11 41 22
613 17 12 15
613 13 2 18
613 24 31 13
613 27 19 12
613 1 1 14
613 42 45 17
613 15 24 21
613 5 31 23
613 19 7 25
613 48 10 22
613 36 33 16
613 46 18 23
613 11 33 16
613 38 50 12
613 2 3 15
613 28 8 21
613 35 6 16
613 6 14 18
613 18 36 17
613 26 38 24
613 20 23 18
613 10 23 15
613 46 32 19
613 18 48 15
613 46 28 13
613 31 2 17
613 42 43 13
613 5 33 14
613 18 2 15
613 1 47 14
613 8 11 15
613 38 20 20
613 40 16 12
613 6 43 17
613 30 24 15
613 37 13 12
613 16 8 13
613 1 4 20
613 18 19 17
613 16 36 18
613 24 23 13
613 11 22 18
613 48 25 22
613 36 5 16
613 28 16 22
613 47 25 23
613 27 11 14
613 10 31 13
613 16 31 20
613 7 37 13
613 45 11 15
613 23 11 15
613 24 43 15
613 21 4 18
613 25 10 14
613 30 16 17
613 32 5 19
613 10 35 19
613 31 40 14
613 35 23 12
613 16 41 17
613 30 43 16
613 8 13 16
613 33 19 20
613 5 36 15
613 24 2 16
613 8 14 16
613 26 40 17
613 34 18 17
613 36 37 19
613 50 27 22
613 33 29 11
613 16 15 17
613 22 33 20
613 24 18 14
613 21 50 16
613 40 6 15
613 17 5 11
613 40 49 21
613 36 10 13
613 48 2 16
613 46 22 21
613 6 44 18
613 36 10 13
613 26 33 19
613 7 20 14
613 12 17 15
613 25 2 15
613 13 37 18
613 15 31 12
613 35 20 14
613 18 41 16
613 35 25 21
613 7 31 20
613 10 48 19
613 36 17 16
613 21 49 18
613 4 47 19
613 46 8 24
613 35 36 14
613 37 46 16
613 41 40 16
613 24 9 21
613 38 48 16
613 22 6 16
613 44 30 17
613 31 48 14
613 47 27 19
613 11 39 14
613 19 37 18
613 5 20 14
613 1 18 20
613 31 46 17
613 32 31 16
613 37 28 16
613 41 14 19
613 44 39 13
613 46 14 10
613 8 27 16
613 19 9 15
613 2 37 16
613 17 17 14
613 41 16 15
613 33 47 12
613 2 45 14
617 24 37 12
617 21 17 14
617 36 22 15
617 9 26 13
617 15 40 23
617 15 28 20
617 45 20 15
617 33 12 16
617 12 50 16
617 3 2 16
617 6 15 13
617 30 23 22
617 17 21 20
617 16 4 11
617 42 19 18
617 38 43 19
617 2 34 25
617 7 1 19
617 47 34 11
617 7 34 13
617 12 7 21
617 41 3 16
617 21 28 16
617 17 10 22
617 9 42 21
617 16 2 15
617 30 46 21
617 26 33 17
617 5 28 12
617 2 27 11
617 35 10 13
617 46 15 15
617 50 19 15
617 19 30 14
617 10 9 19
617 27 26 14
617 45 46 23
617 50 9 21
617 23 39 21
617 32 10 19
617 23 42 16
617 48 1 20
617 33 37 18
617 17 39 16
617 14 5 15
617 31 17 18
617 26 4 13
617 21 36 18
617 45 46 23
617 17 37 14
617 16 35 16
617 22 32 16
617 16 9 18
617 35 45 20
617 20 13 16
617 7 15 13
617 13 9 19
617 4 11 17
617 9 25 18
617 26 36 11
617 47 4 19
617 49 12 16
617 35 27 12
617 1 12 12
617 46 46 15
617 2 43 17
617 7 43 19
617 10 43 14
617 35 42 16
617 36 11 23
617 16 48 17
617 42 46 19
617 12 19 14
617 45 7 21
617 29 49 18
617 42 48 14
617 40 40 17
617 40 10 12
617 35 20 13
617 11 12 16
617 9 40 20
617 4 37 17
617 27 3 12
617 16 43 7
617 49 42 14
617 18 35 18
617 5 2 25
617 26 30 22
617 45 2 16
617 1 8 13
617 22 38 20
617 9 46 19
617 32 6 18
617 17 7 16
617 37 48 14
617 10 27 19
617 2 17 19
617 24 36 18
617 15 24 20
617 32 5 12
617 21 7 16
617 32 50 15
617 50 12 11
617 6 38 17
617 15 7 21
617 49 3 13
617 4 4 20
617 42 16 22
617 19 22 17
617 28 49 15
617 10 3 19
617 19 18 15
617 6 25 11
617 32 23 14
617 32 22 15
617 17 20 19
617 47 34 11
617 36 15 19
617 41 29 20
617 43 15 13
617 9 10 18
617 24 24 7
617 11 26 16
617 23 12 18
617 34 10 15
617 1 16 15
617 30 20 10
617 24 30 17
617 49 24 19
617 44 19 21
617 49 38 11
617 13 24 16
617 24 7 15
617 41 19 14
617 14 19 14
617 29 24 15
617 7 35 18
617 37 36 17
617 12 4 18
617 46 18 15
617 2 49 16
617 1 13 10
617 22 6 17
617 21 25 22
617 33 15 16
617 10 16 16
617 31 5 17
617 8 25 22
617 5 40 19
617 42 31 14
617 3 39 11
617 35 22 19
617 39 38 15
617 28 10 20
617 43 2 12
617 46 19 19
617 6 30 12
617 47 2 17
617 20 38 17
617 48 18 12
617 39 37 17
617 4 28 18
617 24 44 18
617 18 9 18
617 16 17 19
617 21 1 12
617 33 18 11
617 29 31 14
617 20 18 13
617 35 7 14
617 24 43 14
617 21 13 13
617 46 6 15
617 46 25 18
617 50 36 18
617 44 3 15
617 13 45 13
617 10 27 19
617 40 24 18
617 42 31 14
617 34 4 14
617 29 26 15
617 37 23 15
617 1 37 16
617 17 22 16
617 28 5 11
617 46 45 13
617 23 4 12
617 49 31 20
617 41 14 15
617 44 18 17
617 24 50 17
617 35 13 19
617 37 29 15
617 8 14 16
617 30 40 16
617 42 23 11
617 29 47 16
617 1 1 18
617 41 16 13
617 20 25 16
617 33 23 24
617 49 18 13
617 45 14 18
617 20 46 17
617 13 11 21
617 47 7 14
617 11 36 19
617 22 40 18
617 12 47 18
617 19 10 15
617 31 46 17
617 17 13 13
617 4 5 20
617 44 32 11
617 13 50 22
617 9 9 21
617 7 28 13
617 10 37 9
617 1 9 22
617 37 12 17
617 4 13 16
617 3 46 11
617 37 3 16
617 19 32 19
617 34 30 17
617 27 38 18
617 20 24 12
617 13 25 15
617 27 45 17
617 33 48 13
617 17 39 16
617 14 43 13
617 42 3 14
617 16 30 12
617 25 2 19
617 12 16 17
617 8 5 19
617 24 26 15
617 41 18 19
617 14 22 13
617 12 46 14
617 3 43 19
617 2 43 17
617 4 41 19
617 8 25 22
617 24 45 11
617 37 16 21
617 42 22 16
617 12 40 23
617 36 32 23
617 35 38 19
617 36 28 26
617 2 31 14
617 39 25 18
617 47 6 20
617 46 22 14
617 36 32 23
617 43 11 19
617 25 49 13
617 8 1 24
617 8 36 14
617 32 31 17
617 35 10 13
617 48 45 20
617 16 49 16
617 6 43 21
617 15 29 9
617 33 28 16
617 32 31 17
617 14 6 17
617 25 27 19
617 11 25 19
617 2 9 15
617 5 3 16
617 29 20 14
617 20 17 18
617 9 4 17
617 42 29 12
617 35 9 13
617 40 28 13
617 2 12 15
617 31 37 17
617 32 8 11
617 9 3 16
617 24 33 22
617 27 50 14
617 48 23 23
617 9 34 18
617 19 8 21
617 18 3 11
617 21 26 14
617 3 28 20
617 6 50 12
617 36 1 15
617 31 47 14
617 18 2 13
617 49 38 11
617 18 31 14
617 16 9 18
617 32 24 17
617 39 37 17
617 49 13 15
617 25 30 9
617 4 30 15
617 10 35 9
617 26 2 19
617 15 42 17
617 48 7 19
617 7 7 8
617 29 43 12
617 3 47 13
617 18 39 16
617 36 44 9
617 4 32 19
617 17 38 18
617 16 26 10
617 10 50 20
617 18 6 17
617 41 11 12
617 47 4 19
617 5 29 16
617 29 16 19
617 10 11 16
617 44 34 16
617 40 19 22
617 30 46 21
617 14 39 12
617 34 14 13
617 36 48 18
617 10 42 13
617 20 1 18
617 21 9 21
617 33 31 23
617 27 7 16
617 30 26 17
617 46 44 23
617 37 19 27
617 49 28 13
617 9 13 15
617 9 6 17
617 2 21 15
617 35 49 25
617 22 25 22
617 5 1 15
617 18 22 9
617 23 13 9
617 20 47 14
617 42 3 14
617 29 37 19
617 18 37 22
617 8 42 14
617 8 46 17
617 33 22 16
617 15 48 13
617 3 44 18
617 42 21 17
617 23 44 19
617 49 28 13
617 37 33 20
617 32 33 13
617 25 7 18
617 11 34 14
617 23 43 13
617 21 16 20
617 35 50 25
617 25 38 13
617 48 15 16
617 27 22 18
617 43 2 12
617 18 47 18
617 7 32 14
617 29 31 14
617 22 37 13
617 32 47 24
617 40 15 17
617 29 37 19
617 37 10 20
617 44 43 17
617 36 29 18
617 46 28 15
617 6 37 18
617 38 13 19
617 12 3 15
617 47 37 22
617 32 11 19
617 37 49 13
617 36 18 11
617 34 11 13
617 21 34 17
617 35 12 16
617 40 3 16
617 15 33 14
617 2 30 17
617 17 44 25
617 34 18 12
617 15 23 11
617 16 30 12
617 47 20 15
617 2 5 15
617 37 23 15
617 6 13 9
617 7 45 17
617 18 6 17
617 25 22 13
617 12 35 7
617 17 11 12
617 33 38 17
617 38 6 10
619 17 19 14
619 49 35 13
619 25 10 12
619 12 34 14
619 46 50 12
619 20 14 12
619 33 15 15
619 35 6 10
619 30 4 15
619 41 41 17
619 29 19 17
619 22 42 12
619 38 48 10
619 42 49 24
619 39 16 19
619 6 39 12
619 2 39 20
619 7 10 15
619 17 42 8
619 49 26 17
619 39 19 14
619 11 40 16
619 36 50 14
619 1 32 16
619 39 17 21
619 24 27 10
619 41 43 17
619 27 48 15
619 43 29 14
619 6 21 14
619 24 40 16
619 32 13 20
619 40 39 13
619 45 29 21
619 45 50 21
619 45 48 10
619 3 17 18
619 38 39 18
619 36 19 22
619 7 6 11
619 10 20 19
619 33 28 17
619 27 17 18
619 12 36 13
619 46 19 13
619 10 6 17
619 50 26 12
619 37 33 16
619 18 43 14
619 5 24 15
619 3 28 14
619 50 39 14
619 23 29 18
619 38 39 18
619 30 12 19
619 41 7 19
619 17 11 13
619 3 31 11
619 40 2 11
619 37 12 11
619 15 44 16
619 3 49 16
619 46 17 13
619 34 33 21
619 2 36 22
619 20 9 25
619 5 47 23
619 21 18 18
619 11 25 20
619 35 22 18
619 18 49 9
619 10 29 17
619 39 48 13
619 12 4 17
619 36 10 13
619 3 33 15
619 12 9 17
619 36 16 23
619 7 29 14
619 42 28 16
619 35 9 16
619 11 14 20
619 42 7 14
619 28 19 18
619 25 34 18
619 19 34 16
619 6 34 12
619 31 7 16
619 2 3 14
619 42 6 21
619 6 10 11
619 37 31 19
619 20 31 12
619 1 45 13
619 6 10 11
619 42 15 17
619 37 37 16
619 1 48 10
619 36 3 17
619 9 22 12
619 14 1 23
619 17 29 19
619 30 47 20
619 45 22 21
619 29 10 20
619 26 48 10
619 4 44 11
619 32 15 15
619 39 39 15
619 20 20 20
619 17 29 19
619 41 26 10
619 11 11 18
619 14 7 18
619 25 12 22
619 17 43 23
619 48 10 20
619 42 16 15
619 49 31 26
619 3 7 17
619 49 19 16
619 3 28 14
619 18 42 13
619 25 36 14
619 15 37 11
619 29 33 15
619 18 47 18
619 11 23 19
619 42 12 12
619 5 8 21
619 36 37 14
619 35 17 13
619 6 36 14
619 19 35 20
619 31 36 20
619 30 22 17
619 38 18 18
619 27 21 20
619 32 25 21
619 39 36 13
619 40 8 26
619 16 45 18
619 30 27 14
619 41 19 17
619 25 8 25
619 13 3 10
619 41 16 13
619 46 3 15
619 13 49 13
619 28 35 13
619 23 27 25
619 31 13 17
619 20 32 15
619 23 48 15
619 12 47 19
619 30 26 13
619 39 49 19
619 35 13 13
619 27 15 19
619 39 26 18
619 29 2 15
619 50 29 15
619 16 44 16
619 4 18 18
619 6 3 10
619 21 37 11
619 45 37 15
619 20 27 15
619 20 25 18
619 8 5 20
619 30 34 12
619 7 15 13
619 48 33 17
619 13 12 11
619 28 19 18
619 41 13 15
619 12 28 24
619 18 35 20
619 3 32 21
619 7 41 14
619 12 5 14
619 33 5 14
619 36 10 13
619 17 22 18
619 28 46 24
619 23 17 16
619 38 14 19
619 13 49 13
619 6 26 17
619 17 5 16
619 49 36 22
619 1 19 12
619 41 39 10
619 28 36 10
619 10 41 18
619 48 25 19
619 34 38 27
619 49 20 16
619 22 22 13
619 12 27 17
619 13 23 17
619 42 29 14
619 28 41 18
619 30 45 15
619 29 37 10
619 31 15 16
619 9 42 17
619 1 26 15
619 13 21 14
619 18 6 17
619 8 2 17
619 13 24 23
619 25 17 26
619 39 31 15
619 45 30 22
619 19 1 19
619 45 3 22
619 47 50 17
619 5 10 19
619 6 48 15
619 47 11 15
619 29 27 20
619 50 31 21
619 26 17 19
619 48 41 12
619 36 13 13
619 39 8 6
619 44 19 14
619 16 8 17
619 1 10 16
619 14 40 14
619 9 37 16
619 30 4 15
619 14 34 13
619 30 28 13
619 20 38 18
619 37 14 18
619 26 16 17
619 8 18 19
619 26 1 23
619 38 1 19
619 26 37 12
619 42 50 14
619 28 16 19
619 10 10 22
619 20 28 28
619 26 13 17
619 14 25 16
619 10 5 14
619 40 27 12
619 22 36 15
619 15 12 15
619 16 47 20
619 11 19 18
619 31 1 25
619 14 14 13
619 49 25 15
619 26 45 15
619 41 15 25
619 33 19 22
619 17 28 16
619 11 8 14
619 33 21 15
619 7 28 18
619 12 43 17
619 16 38 18
619 34 46 17
619 15 15 10
619 36 28 13
619 4 14 12
619 38 30 17
619 31 6 13
619 21 24 16
619 19 1 19
619 4 35 14
619 34 15 19
619 41 47 17
619 21 16 13
619 16 23 16
619 46 34 17
619 16 38 18
619 11 27 12
619 8 8 11
619 16 48 15
619 47 31 15
619 38 22 15
619 32 41 15
619 8 11 11
619 31 36 20
619 28 38 18
619 30 6 19
619 19 21 15
619 1 37 16
619 16 7 15
619 31 40 18
619 48 3 14
619 3 46 14
619 30 43 16
619 9 49 12
619 31 12 13
619 27 37 18
619 18 35 20
619 38 6 15
619 26 23 20
619 39 35 16
619 36 49 15
619 26 45 15
619 9 31 20
619 50 14 14
619 49 11 17
619 6 44 12
619 24 38 16
619 27 29 20
619 27 35 18
619 6 21 14
619 27 47 17
619 7 1 16
619 41 20 11
619 2 23 16
619 22 16 19
619 33 12 16
619 1 40 14
619 9 13 23
619 6 38 18
619 16 32 15
619 7 39 15
619 20 17 11
619 12 3 15
619 39 27 25
619 42 43 15
619 19 10 19
619 3 30 16
619 47 42 19
619 12 8 10
619 34 45 19
619 11 16 16
619 41 27 17
619 9 15 18
619 33 15 15
619 13 50 10
619 47 50 17
619 33 40 18
619 6 22 16
619 3 28 14
619 20 26 20
619 9 37 16
619 34 36 10
619 29 19 17
619 48 30 17
619 3 3 19
619 35 32 17
619 40 5 15
619 21 27 18
619 16 26 19
619 27 6 15
619 9 42 17
619 5 12 12
619 21 45 11
619 36 31 17
619 14 14 13
619 26 22 11
619 33 10 20
619 43 1 15
619 5 27 15
619 49 15 10
619 10 30 16
619 23 13 18
619 21 8 16
619 11 35 15
619 1 15 12
619 46 33 22
619 23 2 16
619 41 35 13
619 10 17 14
619 27 43 10
619 4 4 23
619 7 4 15
619 27 26 20
619 37 14 18
619 24 46 26
619 4 47 14
619 39 30 12
619 42 20 8
619 15 14 14
619 21 4 17
619 4 37 19
619 9 36 25
619 20 29 11
619 46 39 14
619 31 7 16
619 50 46 13
619 5 48 17
619 4 8 16
619 4 37 19
619 16 35 19
619 17 41 16
619 21 17 13
619 29 4 16
619 41 18 14
619 8 49 25
619 29 17 12
619 33 41 19
619 23 45 16
619 11 15 14
619 8 36 17
619 37 28 18
619 41 20 11
619 33 23 14
619 49 28 13
631 18 23 13
631 30 30 19
631 32 24 16
631 26 45 17
631 25 7 11
631 29 49 16
631 49 18 10
631 50 34 19
631 40 40 17
631 30 12 13
631 47 45 18
631 43 34 16
631 1 50 20
631 26 44 17
631 37 35 15
631 37 30 20
631 39 49 21
631 18 36 22
631 50 40 12
631 16 50 21
631 21 15 15
631 31 38 11
631 37 17 21
631 7 41 13
631 32 40 14
631 42 12 13
631 39 45 22
631 40 38 12
631 50 27 15
631 9 49 19
631 22 16 16
631 8 14 20
631 2 45 20
631 26 27 18
631 11 38 13
631 18 43 18
631 46 13 18
631 36 25 19
631 10 25 16
631 46 33 13
631 29 25 18
631 13 18 16
631 26 2 16
631 11 8 20
631 33 3 18
631 21 19 15
631 30 36 16
631 49 41 17
631 6 6 15
631 25 37 16
631 23 29 16
631 1 17 13
631 13 41 20
631 20 50 14
631 46 50 20
631 23 14 19
631 23 10 15
631 13 13 16
631 19 4 19
631 18 20 16
631 21 19 15
631 11 9 20
631 8 11 18
631 46 14 14
631 13 12 20
631 14 3 10
631 29 11 14
631 35 45 25
631 47 9 18
631 40 8 19
631 22 45 23
631 29 18 14
631 3 8 9
631 17 33 14
631 29 11 14
631 41 8 22
631 8 12 17
631 40 3 16
631 30 16 16
631 2 12 19
631 19 13 19
631 49 11 18
631 23 41 10
631 38 37 19
631 28 17 12
631 49 7 14
631 44 24 17
631 24 35 11
631 37 32 10
631 11 38 13
631 8 10 18
631 40 43 15
631 2 26 14
631 44 24 17
631 25 32 13
631 18 43 18
631 34 31 16
631 31 3 16
631 25 8 19
631 7 26 18
631 38 27 18
631 26 47 16
631 44 50 17
631 46 46 16
631 2 10 14
631 13 34 19
631 21 41 12
631 22 10 7
631 44 9 20
631 28 22 16
631 12 34 16
631 7 28 11
631 14 48 13
631 44 19 19
631 39 16 22
631 41 41 11
631 20 40 14
631 15 14 9
631 39 48 14
631 13 11 21
631 50 45 19
631 16 48 16
631 38 8 17
631 35 18 12
631 38 6 12
631 2 40 15
631 25 29 14
631 15 1 21
631 19 44 16
631 49 36 12
631 36 45 15
631 12 37 14
631 23 9 14
631 14 22 20
631 39 29 21
631 30 47 18
631 29 49 16
631 19 17 15
631 22 14 20
631 26 29 19
631 23 49 9
631 19 34 14
631 7 27 17
631 20 18 20
631 22 2 17
631 8 19 18
631 8 25 21
631 7 22 20
631 19 43 20
631 13 26 15
631 42 45 15
631 6 50 8
631 33 38 22
631 44 1 14
631 18 7 13
631 18 47 20
631 30 19 14
631 47 26 16
631 43 25 15
631 23 5 17
631 36 26 15
631 19 1 21
631 10 27 21
631 20 25 13
631 7 14 12
631 27 26 9
631 46 3 12
631 3 26 17
631 15 39 18
631 46 7 12
631 1 47 20
631 13 20 19
631 12 23 20
631 37 28 18
631 31 16 22
631 43 26 21
631 30 45 14
631 11 21 14
631 7 44 20
631 44 8 10
631 24 17 17
631 41 22 12
631 43 26 21
631 6 36 16
631 41 44 17
631 7 50 18
631 30 23 14
631 16 13 7
631 36 19 16
631 6 14 14
631 27 41 21
631 10 19 18
631 28 16 22
631 7 22 20
631 25 13 17
631 10 4 11
631 7 36 19
631 40 1 16
631 19 20 15
631 3 36 20
631 34 14 15
631 21 24 14
631 16 10 12
631 49 50 19
631 3 3 15
631 34 45 17
631 2 36 14
631 22 22 20
631 50 8 15
631 36 41 18
631 32 1 15
631 18 45 11
631 4 12 15
631 26 3 19
631 37 19 14
631 40 21 20
631 37 45 21
631 43 28 16
631 20 3 21
631 30 13 19
631 14 1 28
631 46 24 20
631 15 11 10
631 8 38 21
631 25 46 12
631 38 14 16
631 20 40 14
631 15 47 15
631 49 38 19
631 6 20 16
631 40 12 15
631 1 32 12
631 16 24 16
631 47 18 12
631 44 7 15
631 49 18 10
631 31 13 10
631 28 11 17
631 44 36 25
631 40 20 17
631 29 10 19
631 30 35 14
631 2 16 18
631 22 1 20
631 33 31 15
631 25 43 17
631 37 32 10
631 9 22 10
631 13 28 17
631 30 12 13
631 27 49 20
631 17 30 12
631 24 36 17
631 13 1 16
631 22 1 20
631 3 38 19
631 24 14 17
631 41 39 20
631 7 30 16
631 13 18 16
631 36 17 19
631 7 6 23
631 32 19 17
631 18 19 14
631 45 20 15
631 6 24 17
631 23 11 16
631 31 15 10
631 20 38 16
631 19 8 16
631 3 27 15
631 27 2 21
631 41 23 10
631 9 19 19
631 15 42 17
631 2 11 22
631 13 8 19
631 27 36 19
631 36 14 27
631 7 15 17
631 30 25 15
631 13 6 18
631 3 39 19
631 11 7 15
631 49 9 22
631 11 36 17
631 3 33 9
631 43 33 20
631 43 15 15
631 8 8 11
631 36 50 9
631 2 12 19
631 20 22 12
631 9 27 15
631 34 5 12
631 34 50 19
631 41 8 22
631 14 17 22
631 6 16 19
631 49 31 18
631 41 21 19
631 17 16 17
631 42 47 19
631 12 48 15
631 14 24 16
631 27 28 15
631 36 24 14
631 38 28 13
631 48 35 19
631 34 6 12
631 48 41 15
631 4 16 12
631 50 40 12
631 43 43 15
631 39 35 23
631 43 6 14
631 22 43 19
631 41 3 18
631 5 36 22
631 3 45 17
631 14 41 14
631 41 15 16
631 46 8 15
631 18 6 15
631 27 2 21
631 21 21 13
631 11 38 13
631 6 6 15
631 8 30 15
631 38 43 15
631 39 18 16
631 17 11 12
631 8 5 15
631 14 47 14
631 31 42 20
631 27 46 17
631 4 12 15
631 34 43 14
631 21 45 14
631 20 3 21
631 42 36 15
631 14 16 16
631 15 26 16
631 46 12 18
631 6 42 13
631 32 46 21
631 22 42 22
631 29 28 14
631 24 2 11
631 35 5 18
631 17 39 15
631 28 18 20
631 18 47 20
631 11 25 12
631 16 26 15
631 1 42 21
631 7 1 17
631 24 9 20
631 7 10 20
631 29 42 23
631 13 17 20
631 49 17 10
631 47 2 19
631 39 39 22
631 23 31 16
631 30 25 15
631 10 30 15
631 17 43 29
631 19 24 16
631 44 30 18
631 2 19 15
631 42 18 9
631 45 33 15
631 26 20 11
631 5 44 11
631 10 24 20
631 48 42 17
631 7 7 18
631 29 36 18
631 15 47 15
631 37 3 17
631 48 7 22
631 8 42 16
631 10 38 25
631 10 8 24
631 25 17 21
631 19 12 25
631 36 21 15
631 22 40 15
631 33 14 11
631 16 23 15
631 50 42 13
631 12 14 17
631 35 34 22
631 24 16 20
631 15 42 17
631 3 46 12
631 14 31 15
631 7 50 18
631 37 47 19
631 29 26 15
631 18 49 17
631 48 12 11
631 37 24 16
631 21 42 19
631 36 22 13
631 41 31 15
631 45 10 14
631 23 11 16
641 15 14 15
641 34 46 12
641 6 34 14
641 29 8 14
641 24 7 18
641 46 41 13
641 11 40 12
641 29 19 18
641 15 13 19
641 20 19 14
641 9 12 13
641 14 15 15
641 26 26 17
641 22 47 14
641 15 27 9
641 30 44 20
641 44 13 17
641 5 40 25
641 5 36 13
641 43 5 19
641 26 38 19
641 26 18 22
641 20 23 15
641 48 3 17
641 30 33 24
641 47 9 16
641 47 22 17
641 3 23 16
641 46 25 14
641 45 8 14
641 23 37 16
641 33 50 13
641 19 4 14
641 36 10 11
641 11 15 15
641 46 38 20
641 6 5 20
641 30 42 21
641 18 41 13
641 36 36 18
641 11 6 18
641 49 14 11
641 34 22 13
641 8 2 14
641 39 46 16
641 42 1 18
641 24 18 15
641 13 40 15
641 12 50 21
641 50 11 16
641 17 29 21
641 26 12 19
641 11 24 6
641 25 43 14
641 25 48 10
641 37 13 18
641 42 14 14
641 41 4 7
641 28 3 14
641 25 21 16
641 22 32 19
641 30 50 16
641 39 43 22
641 31 42 11
641 41 31 20
641 35 44 13
641 22 40 13
641 2 8 15
641 20 38 16
641 39 30 17
641 7 25 19
641 14 43 15
641 22 40 13
641 38 32 16
641 40 26 13
641 11 31 20
641 13 32 11
641 3 42 12
641 32 30 12
641 46 43 18
641 12 44 16
641 9 36 6
641 20 47 16
641 33 7 14
641 18 6 18
641 25 48 10
641 32 32 21
641 38 34 16
641 5 4 17
641 4 17 10
641 42 29 19
641 35 1 16
641 41 45 10
641 44 32 9
641 14 39 16
641 18 30 23
641 25 37 17
641 26 22 15
641 26 22 15
641 16 32 18
641 7 15 10
641 38 8 13
641 41 6 10
641 11 29 16
641 26 32 8
641 17 7 21
641 28 5 19
641 40 14 18
641 39 7 14
641 49 8 11
641 47 42 15
641 32 22 16
641 19 8 14
641 34 13 15
641 20 34 17
641 2 11 15
641 31 33 16
641 11 12 21
641 26 29 14
641 24 29 10
641 41 16 17
641 41 36 10
641 3 30 13
641 19 16 16
641 8 35 24
641 24 9 12
641 13 3 16
641 10 24 22
641 29 8 14
641 15 14 15
641 27 45 18
641 20 24 9
641 11 14 23
641 23 48 15
641 50 40 13
641 50 20 16
641 4 7 18
641 47 3 18
641 40 40 13
641 37 20 20
641 28 49 19
641 35 33 16
641 25 6 15
641 22 25 12
641 14 40 13
641 10 48 17
641 43 34 11
641 8 46 16
641 40 4 16
641 10 1 14
641 24 9 12
641 17 5 15
641 40 13 25
641 12 44 16
641 47 17 19
641 31 24 15
641 5 42 11
641 33 4 13
641 40 24 15
641 44 25 15
641 42 19 13
641 7 20 14
641 9 4 17
641 35 43 22
641 9 32 13
641 42 49 15
641 33 45 11
641 5 10 23
641 18 19 12
641 36 28 10
641 24 28 14
641 35 38 16
641 5 18 18
641 13 2 16
641 18 47 14
641 4 9 17
641 21 37 19
641 26 6 17
641 6 25 15
641 2 32 14
641 48 35 15
641 24 15 18
641 12 23 25
641 3 11 20
641 46 9 19
641 45 47 17
641 38 8 13
641 10 26 10
641 10 22 15
641 9 8 13
641 49 21 10
641 44 23 13
641 28 19 17
641 23 44 16
641 33 40 18
641 13 8 16
641 41 29 17
641 33 4 13
641 44 14 17
641 18 13 17
641 42 9 18
641 38 37 18
641 29 22 13
641 49 17 19
641 30 33 24
641 29 24 13
641 15 44 18
641 41 23 16
641 45 37 13
641 38 2 10
641 10 9 11
641 5 27 15
641 22 40 13
641 21 40 17
641 19 23 21
641 39 15 19
641 2 41 11
641 18 9 20
641 42 12 8
641 47 3 18
641 20 1 14
641 2 37 19
641 5 28 20
641 17 47 17
641 1 36 14
641 17 24 10
641 44 21 16
641 39 50 17
641 21 14 11
641 5 21 17
641 35 37 19
641 18 50 19
641 21 1 19
641 40 22 18
641 11 40 12
641 3 34 16
641 7 23 19
641 36 4 13
641 7 26 12
641 31 19 13
641 10 23 13
641 39 43 22
641 46 23 14
641 8 24 14
641 35 12 14
641 1 14 27
641 21 29 21
641 47 42 15
641 47 26 7
641 35 24 17
641 17 43 25
641 48 42 10
641 8 32 17
641 6 30 16
641 25 42 20
641 2 9 15
641 3 8 15
641 9 15 14
641 24 36 20
641 34 35 12
641 4 11 12
641 5 41 15
641 46 27 16
641 16 13 15
641 18 32 18
641 37 33 15
641 48 43 17
641 32 30 12
641 43 18 23
641 49 15 17
641 20 26 13
641 33 48 16
641 19 46 19
641 10 1 14
641 1 28 14
641 38 40 14
641 16 11 17
641 4 5 18
641 34 46 12
641 1 45 12
641 34 10 20
641 43 16 15
641 23 42 23
641 50 48 15
641 34 19 16
641 6 40 15
641 34 33 9
641 16 19 15
641 27 41 15
641 9 16 17
641 25 44 19
641 34 18 14
641 32 44 14
641 30 22 13
641 11 16 15
641 16 23 16
641 25 20 9
641 12 11 21
641 1 26 18
641 17 8 5
641 41 15 15
641 43 3 16
641 24 20 19
641 46 28 12
641 44 40 12
641 24 41 16
641 27 25 15
641 15 2 12
641 6 27 15
641 26 46 16
641 20 3 15
641 9 13 17
641 22 38 13
641 44 7 19
641 2 39 10
641 36 20 16
641 44 12 11
641 28 24 14
641 45 26 15
641 49 6 11
641 45 9 17
641 15 20 23
641 5 31 17
641 19 49 16
641 44 22 25
641 20 48 17
641 42 14 14
641 19 19 14
641 41 20 12
641 31 46 14
641 36 44 18
641 41 41 12
641 37 45 11
641 42 34 15
641 48 41 19
641 10 25 20
641 11 27 14
641 49 19 12
641 23 13 22
641 35 5 23
641 25 36 15
641 10 33 22
641 13 25 7
641 42 6 18
641 29 9 17
641 38 48 18
641 42 37 17
641 15 27 9
641 49 2 19
641 37 29 22
641 49 35 12
641 48 37 17
641 29 29 16
641 22 50 12
641 50 11 16
641 9 18 10
641 1 7 20
641 36 16 15
641 31 1 22
641 13 28 9
641 22 26 13
641 27 23 13
641 24 45 16
641 34 39 15
641 36 24 17
641 13 41 10
641 3 37 14
641 15 13 19
641 44 6 21
641 7 35 13
641 33 41 20
641 6 46 13
641 24 15 18
641 28 47 16
641 50 44 10
641 49 15 17
641 17 11 16
641 38 30 18
641 29 41 14
641 41 8 16
641 35 39 9
641 42 20 21
641 29 48 20
641 13 7 20
641 37 39 16
641 20 3 15
641 40 4 16
641 23 5 17
641 37 13 18
641 15 9 22
641 18 27 18
641 30 34 16
641 19 50 9
641 36 17 18
641 27 37 8
641 48 24 14
641 11 3 9
641 29 29 16
641 15 5 16
641 22 41 19
641 15 30 13
641 4 4 19
641 34 11 18
641 21 11 14
641 17 6 17
641 29 2 15
641 44 24 17
641 45 15 12
641 48 15 15
643 37 22 15
643 19 31 8
643 30 27 11
643 23 11 14
643 32 22 12
643 27 6 18
643 24 43 22
643 34 11 21
643 10 49 18
643 19 34 17
643 21 12 17
643 32 24 20
643 50 7 17
643 41 17 17
643 22 12 10
643 43 33 13
643 49 28 14
643 1 2 17
643 24 18 16
643 28 34 21
643 14 9 19
643 17 46 18
643 26 39 22
643 40 1 17
643 27 45 18
643 33 43 11
643 24 16 18
643 12 50 12
643 35 35 11
643 25 29 14
643 18 8 22
643 13 2 8
643 9 9 15
643 35 7 14
643 14 5 13
643 9 4 12
643 15 19 20
643 27 41 17
643 43 45 13
643 23 32 12
643 1 18 12
643 4 6 16
643 3 49 13
643 18 46 15
643 4 17 15
643 30 15 20
643 20 14 13
643 23 49 21
643 12 23 14
643 1 48 19
643 11 47 17
643 12 40 21
643 25 5 14
643 27 40 17
643 48 8 19
643 7 17 21
643 45 23 27
643 24 46 12
643 21 43 20
643 8 11 13
643 50 45 19
643 28 36 11
643 29 34 21
643 21 50 21
643 50 49 23
643 35 17 18
643 15 10 17
643 31 14 23
643 39 44 19
643 12 45 20
643 27 28 17
643 28 12 17
643 47 34 16
643 21 3 16
643 12 43 10
643 19 38 9
643 28 37 14
643 25 34 21
643 3 15 20
643 33 10 18
643 28 25 18
643 26 50 12
643 29 11 17
643 41 42 13
643 39 31 14
643 41 49 16
643 45 4 18
643 21 45 16
643 20 8 18
643 42 35 17
643 18 46 15
643 32 41 13
643 13 30 17
643 45 5 10
643 16 24 17
643 36 43 21
643 37 11 16
643 39 17 14
643 31 46 13
643 5 8 15
643 35 47 14
643 23 30 20
643 15 30 14
643 1 12 14
643 49 35 14
643 23 23 14
643 50 24 18
643 47 34 16
643 2 9 21
643 46 11 16
643 15 47 12
643 9 35 15
643 18 50 11
643 39 42 9
643 20 41 14
643 30 15 20
643 25 44 14
643 8 18 18
643 2 11 18
643 38 23 18
643 25 1 19
643 38 49 13
643 47 15 20
643 24 5 17
643 25 23 18
643 3 28 16
643 24 45 21
643 1 17 21
643 7 47 16
643 19 37 21
643 32 24 20
643 2 37 19
643 42 11 18
643 15 12 13
643 14 3 23
643 25 1 19
643 17 34 15
643 41 6 21
643 19 48 9
643 38 30 12
643 9 20 17
643 8 2 16
643 7 43 18
643 41 28 18
643 50 43 12
643 35 39 8
643 1 44 15
643 43 46 17
643 27 15 19
643 49 39 5
643 50 24 18
643 18 14 17
643 28 24 14
643 11 42 13
643 15 16 17
643 35 4 14
643 4 28 14
643 18 25 11
643 20 48 17
643 1 24 21
643 36 7 21
643 5 27 14
643 6 21 18
643 30 30 12
643 28 31 20
643 33 39 13
643 3 21 22
643 29 10 19
643 23 15 17
643 1 26 18
643 47 11 16
643 46 48 10
643 44 44 14
643 18 38 12
643 34 7 22
643 29 37 16
643 6 33 20
643 18 10 21
643 4 20 21
643 23 40 21
643 3 48 9
643 5 44 12
643 30 14 16
643 17 43 12
643 27 13 17
643 29 44 15
643 49 23 12
643 39 22 12
643 21 38 11
643 31 18 15
643 31 45 12
643 29 13 13
643 23 8 9
643 2 40 15
643 4 9 10
643 32 17 13
643 10 4 17
643 20 29 24
643 1 38 12
643 4 42 19
643 9 47 14
643 9 25 21
643 45 43 13
643 45 29 14
643 10 18 10
643 4 33 17
643 35 26 12
643 44 9 15
643 14 41 9
643 7 49 19
643 50 16 15
643 33 47 15
643 19 17 15
643 39 45 18
643 35 30 15
643 19 42 7
643 39 3 15
643 50 34 14
643 43 44 21
643 7 34 19
643 19 4 19
643 21 11 19
643 28 38 16
643 17 2 16
643 20 11 10
643 34 16 19
643 22 36 17
643 45 30 16
643 14 44 18
643 11 49 20
643 26 10 18
643 9 39 9
643 14 20 14
643 21 39 25
643 41 4 17
643 14 21 16
643 35 2 12
643 19 40 22
643 49 22 20
643 18 13 19
643 41 17 17
643 40 3 15
643 1 38 12
643 19 40 22
643 29 36 15
643 26 17 15
643 49 50 16
643 44 1 13
643 49 33 17
643 49 37 22
643 50 5 16
643 12 27 14
643 27 49 16
643 14 26 18
643 39 19 17
643 19 48 9
643 28 17 22
643 32 34 9
643 46 42 18
643 18 26 10
643 6 27 16
643 27 27 10
643 11 37 13
643 23 41 16
643 50 20 15
643 32 50 17
643 23 48 17
643 8 12 15
643 46 4 18
643 38 17 18
643 39 4 12
643 18 1 11
643 25 8 14
643 30 50 15
643 39 8 15
643 47 30 16
643 2 16 10
643 27 8 15
643 19 26 16
643 50 41 12
643 30 22 17
643 17 38 13
643 15 47 12
643 4 27 10
643 13 12 14
643 33 7 14
643 42 33 12
643 19 42 7
643 5 19 11
643 7 40 19
643 47 31 16
643 3 4 19
643 7 14 19
643 12 40 21
643 17 21 16
643 15 18 15
643 11 21 18
643 46 17 10
643 38 17 18
643 29 24 11
643 42 17 16
643 46 19 15
643 20 5 14
643 3 32 18
643 43 24 16
643 15 2 18
643 14 46 19
643 27 42 16
643 26 26 16
643 8 49 19
643 21 16 14
643 5 31 17
643 14 26 18
643 9 7 23
643 27 42 16
643 46 14 20
643 50 31 21
643 38 12 23
643 47 23 15
643 7 48 16
643 7 3 21
643 33 1 9
643 40 6 9
643 39 50 15
643 17 14 14
643 34 33 14
643 29 18 16
643 22 33 27
643 13 20 19
643 25 17 16
643 46 12 22
643 3 47 14
643 9 37 10
643 42 32 19
643 14 30 20
643 45 21 15
643 29 8 15
643 17 49 16
643 21 6 22
643 25 6 16
643 10 25 15
643 27 44 15
643 39 34 15
643 42 11 18
643 42 39 16
643 6 8 15
643 40 11 16
643 12 31 17
643 6 24 13
643 46 48 10
643 5 29 14
643 44 28 23
643 49 22 20
643 33 18 15
643 26 33 16
643 4 40 16
643 49 28 14
643 48 41 17
643 43 44 21
643 9 18 15
643 46 48 10
643 38 49 13
643 30 37 15
643 38 4 12
643 20 24 16
643 23 14 17
643 41 7 18
643 31 36 14
643 7 28 14
643 42 22 23
643 31 37 21
643 19 21 22
643 37 29 15
643 23 23 14
643 19 40 22
643 9 7 23
643 14 46 19
643 29 18 16
643 27 50 19
643 24 21 22
643 49 44 13
643 26 19 16
643 39 32 18
643 21 37 11
643 35 40 16
643 38 22 14
643 42 48 18
643 3 1 20
643 48 2 12
643 31 29 12
643 34 5 17
643 43 43 20
643 15 2 18
643 7 31 14
643 40 11 16
643 31 16 17
643 10 45 10
643 10 37 15
643 9 3 11
643 39 22 12
643 22 37 21
643 28 50 15
643 34 46 19
643 16 6 18
643 10 28 17
643 11 15 12
643 37 12 11
643 5 22 15
643 44 8 17
647 48 48 6
647 2 20 11
647 44 41 10
647 24 29 12
647 37 41 11
647 36 17 14
647 39 35 12
647 37 44 19
647 43 17 21
647 32 47 12
647 13 46 14
647 45 30 20
647 48 46 22
647 22 8 16
647 32 35 19
647 43 29 11
647 23 2 16
647 18 22 19
647 3 43 9
647 8 43 16
647 28 11 15
647 3 30 13
647 32 24 14
647 21 11 12
647 20 2 17
647 1 26 19
647 40 4 18
647 46 45 10
647 22 40 20
647 4 3 12
647 40 43 13
647 11 44 15
647 8 16 19
647 45 29 6
647 50 35 15
647 17 37 15
647 39 25 14
647 14 49 20
647 16 43 14
647 48 34 15
647 30 21 10
647 36 27 18
647 20 11 23
647 36 37 11
647 22 36 19
647 9 1 13
647 13 27 19
647 46 19 19
647 45 48 16
647 48 36 15
647 17 39 21
647 18 6 11
647 11 39 8
647 34 39 13
647 9 28 15
647 32 31 12
647 7 12 10
647 22 47 11
647 42 26 15
647 2 6 12
647 41 32 16
647 46 42 9
647 5 39 20
647 50 40 17
647 29 17 13
647 25 36 18
647 31 11 9
647 32 33 12
647 13 45 23
647 28 45 12
647 13 3 19
647 27 28 17
647 27 15 15
647 5 13 17
647 21 40 11
647 3 30 13
647 49 19 11
647 20 36 22
647 40 23 10
647 47 18 13
647 22 15 19
647 16 35 22
647 29 34 24
647 14 18 15
647 2 19 12
647 9 50 13
647 26 34 14
647 16 13 14
647 48 14 17
647 10 11 16
647 3 14 15
647 15 19 21
647 39 1 17
647 44 46 12
647 4 25 17
647 28 27 19
647 1 42 14
647 12 4 14
647 36 13 18
647 25 17 15
647 26 4 13
647 24 18 14
647 7 37 14
647 29 26 13
647 9 10 14
647 40 48 14
647 27 5 16
647 40 22 21
647 20 4 17
647 13 33 15
647 21 39 18
647 44 30 15
647 44 17 12
647 35 40 20
647 21 16 19
647 8 14 14
647 24 28 15
647 28 18 22
647 24 30 16
647 10 32 20
647 4 25 17
647 28 14 12
647 30 34 11
647 12 10 20
647 33 5 13
647 2 34 12
647 43 29 11
647 46 1 13
647 37 3 14
647 7 21 18
647 50 29 19
647 37 5 23
647 34 7 15
647 46 48 22
647 47 25 10
647 1 22 12
647 21 6 14
647 11 37 9
647 14 7 16
647 27 34 14
647 37 46 11
647 21 36 12
647 45 26 21
647 26 11 16
647 12 16 16
647 10 17 18
647 16 26 14
647 42 42 11
647 11 21 16
647 50 49 18
647 38 49 16
647 40 25 17
647 46 23 12
647 47 40 18
647 25 47 14
647 38 17 18
647 5 22 16
647 29 12 15
647 11 22 14
647 12 2 15
647 11 50 20
647 31 39 14
647 15 34 12
647 12 5 13
647 44 33 17
647 1 10 14
647 37 45 12
647 10 46 18
647 11 45 13
647 48 33 19
647 47 11 16
647 44 9 15
647 24 35 16
647 27 19 19
647 40 27 19
647 19 35 19
647 2 30 13
647 17 47 17
647 19 50 17
647 44 8 18
647 44 20 19
647 37 4 21
647 40 8 23
647 47 3 15
647 1 47 15
647 38 49 16
647 5 50 9
647 19 10 19
647 3 23 19
647 10 47 17
647 26 18 19
647 33 30 16
647 11 42 17
647 13 22 11
647 29 10 15
647 1 16 12
647 39 10 16
647 26 8 14
647 16 39 21
647 28 8 13
647 37 40 17
647 35 25 16
647 37 2 16
647 10 21 12
647 3 25 14
647 40 11 17
647 36 26 13
647 33 6 11
647 9 20 14
647 10 42 13
647 33 7 21
647 30 6 21
647 45 47 13
647 1 42 14
647 33 23 12
647 8 36 16
647 43 12 14
647 21 8 17
647 48 22 14
647 11 17 17
647 22 40 20
647 47 4 18
647 7 2 16
647 35 32 13
647 4 42 14
647 17 31 19
647 26 31 14
647 26 28 20
647 18 23 8
647 45 39 12
647 30 34 11
647 48 37 13
647 25 20 9
647 19 33 28
647 20 6 18
647 1 28 17
647 18 46 20
647 2 8 16
647 40 5 13
647 19 11 14
647 45 7 17
647 21 38 12
647 47 8 13
647 39 29 18
647 41 36 8
647 39 41 24
647 5 16 14
647 15 45 15
647 49 1 22
647 30 40 17
647 49 32 19
647 3 50 12
647 50 6 13
647 35 9 15
647 6 25 17
647 37 29 13
647 41 16 21
647 9 14 24
647 24 25 21
647 48 29 18
647 21 49 18
647 8 6 13
647 27 17 14
647 9 25 19
647 30 19 11
647 11 20 12
647 37 28 12
647 37 17 15
647 12 50 13
647 50 21 19
647 9 37 15
647 33 49 25
647 40 8 23
647 49 10 15
647 44 27 16
647 3 4 13
647 46 50 20
647 44 22 18
647 25 7 15
647 43 49 10
647 50 38 15
647 24 47 19
647 28 40 14
647 40 10 18
647 9 13 14
647 32 35 19
647 19 37 16
647 44 5 18
647 18 20 9
647 7 21 18
647 49 31 13
647 19 15 18
647 24 3 13
647 25 8 12
647 42 10 19
647 45 16 17
647 46 40 20
647 27 4 16
647 31 23 10
647 9 50 13
647 19 18 15
647 30 22 19
647 6 44 16
647 3 33 13
647 15 33 16
647 38 45 18
647 44 21 16
647 36 11 18
647 15 5 14
647 18 40 16
647 48 21 20
647 9 15 15
647 38 3 17
647 23 49 16
647 7 27 19
647 38 1 15
647 47 36 19
647 6 27 16
647 27 14 20
647 17 14 12
647 39 26 16
647 8 44 15
647 23 30 13
647 33 18 17
647 40 23 10
647 38 23 20
647 30 46 17
647 47 49 17
647 22 47 11
647 22 18 18
647 33 8 19
647 19 13 16
647 27 48 10
647 8 25 18
647 50 42 19
647 29 45 23
647 30 6 21
647 49 8 19
647 27 26 16
647 6 35 9
647 2 27 18
647 48 10 13
647 3 19 17
647 27 17 14
647 30 14 15
647 21 47 22
647 16 43 14
647 26 47 23
647 9 19 16
647 39 45 21
647 35 13 17
647 11 18 16
647 50 17 12
647 38 5 17
647 44 27 16
647 23 26 17
647 40 38 10
647 26 21 17
647 22 39 21
647 24 41 12
647 24 43 16
647 30 13 15
647 40 44 16
647 2 15 17
647 50 6 13
647 3 20 21
647 14 41 16
647 18 48 15
647 14 44 8
647 11 35 14
647 47 19 21
647 23 34 16
647 10 22 21
647 15 25 15
647 4 10 12
647 14 35 10
647 43 31 11
647 38 30 6
647 41 11 10
647 1 3 22
647 7 7 22
647 40 41 13
647 14 48 18
647 21 44 15
647 23 41 21
647 44 38 15
647 8 42 14
647 36 22 15
647 17 18 22
647 20 47 16
647 34 5 15
647 24 11 23
647 19 31 16
647 34 30 17
647 1 17 21
647 28 36 11
647 11 14 20
647 44 12 13
647 3 41 20
647 45 26 21
647 5 33 15
647 8 37 13
647 45 36 17
647 26 7 19
647 40 11 17
647 43 34 17
647 2 43 18
647 18 41 15
647 39 19 19
653 11 49 14
653 1 50 16
653 26 23 16
653 32 39 16
653 15 33 21
653 15 31 16
653 15 15 14
653 14 11 12
653 42 38 19
653 2 44 17
653 34 32 18
653 33 14 9
653 19 34 16
653 19 16 20
653 2 35 12
653 49 22 18
653 43 39 12
653 50 40 12
653 32 39 16
653 24 26 18
653 26 17 14
653 20 44 24
653 5 47 12
653 10 32 12
653 27 12 19
653 48 4 14
653 2 29 18
653 24 3 10
653 21 4 20
653 44 6 17
653 11 29 8
653 29 1 19
653 47 12 14
653 40 40 18
653 47 19 19
653 39 44 19
653 14 9 17
653 44 48 12
653 22 31 14
653 5 42 11
653 16 2 17
653 28 44 14
653 14 7 19
653 17 6 23
653 14 9 17
653 42 6 15
653 29 35 12
653 48 12 12
653 49 26 19
653 10 2 7
653 12 36 15
653 44 29 19
653 8 18 23
653 48 1 19
653 19 15 14
653 36 6 20
653 38 33 16
653 36 9 16
653 33 17 20
653 29 21 16
653 16 25 20
653 40 16 19
653 25 37 12
653 23 42 15
653 10 13 16
653 12 3 11
653 49 30 20
653 38 15 17
653 40 29 21
653 43 45 14
653 16 42 18
653 40 16 19
653 6 14 18
653 10 36 21
653 5 2 11
653 1 23 17
653 45 8 16
653 10 36 21
653 22 2 18
653 9 38 19
653 1 41 15
653 15 11 15
653 44 28 12
653 30 40 16
653 41 33 12
653 28 2 20
653 40 49 15
653 33 1 14
653 28 8 10
653 5 42 11
653 4 19 17
653 7 33 14
653 34 10 16
653 30 4 22
653 1 30 15
653 39 13 18
653 8 25 29
653 42 7 17
653 35 32 16
653 7 3 24
653 17 14 15
653 4 31 20
653 42 34 22
653 11 38 18
653 44 14 22
653 41 20 18
653 5 11 17
653 36 15 16
653 8 22 19
653 4 4 14
653 28 1 15
653 38 47 14
653 5 15 15
653 16 11 21
653 26 30 16
653 44 47 10
653 24 42 22
653 17 5 18
653 21 47 13
653 27 2 13
653 19 28 18
653 28 31 20
653 3 18 13
653 35 33 10
653 25 49 11
653 46 43 11
653 34 49 16
653 10 42 25
653 17 36 18
653 11 4 20
653 12 21 12
653 2 25 16
653 27 32 18
653 38 13 15
653 16 37 10
653 46 31 22
653 2 15 12
653 6 41 16
653 39 36 18
653 2 36 12
653 30 5 15
653 12 42 14
653 33 46 17
653 18 45 17
653 7 41 15
653 36 34 16
653 40 18 19
653 19 32 12
653 9 46 21
653 8 21 16
653 46 42 11
653 11 30 16
653 46 19 12
653 7 13 8
653 3 7 17
653 47 42 18
653 22 6 15
653 25 8 21
653 48 46 11
653 24 24 16
653 37 42 11
653 20 6 21
653 25 43 24
653 32 41 15
653 48 35 17
653 1 19 21
653 18 13 16
653 4 44 15
653 23 43 12
653 40 44 12
653 2 15 12
653 10 6 15
653 35 24 19
653 33 48 19
653 3 39 17
653 23 22 8
653 25 37 12
653 16 26 13
653 27 12 19
653 46 38 19
653 48 24 18
653 14 40 19
653 33 8 14
653 18 2 16
653 30 46 16
653 36 49 18
653 5 39 20
653 14 21 20
653 27 18 19
653 35 28 19
653 37 42 11
653 11 33 16
653 30 31 26
653 11 42 14
653 42 42 17
653 48 48 16
653 27 10 13
653 38 39 16
653 26 44 9
653 22 49 18
653 16 9 21
653 2 43 18
653 18 48 19
653 31 38 17
653 23 17 12
653 27 7 18
653 39 21 19
653 16 4 14
653 37 39 22
653 41 24 15
653 4 17 15
653 17 3 17
653 47 8 16
653 18 44 9
653 47 16 15
653 46 42 11
653 23 16 15
653 31 27 18
653 15 44 17
653 21 50 11
653 14 35 12
653 15 4 13
653 1 24 15
653 45 17 19
653 9 9 20
653 50 6 18
653 45 30 16
653 37 50 7
653 49 26 19
653 47 6 12
653 43 26 11
653 28 17 19
653 42 4 19
653 14 49 14
653 43 5 19
653 15 8 12
653 44 8 19
653 12 22 17
653 11 48 11
653 12 10 14
653 6 22 9
653 12 11 19
653 38 33 16
653 20 33 19
653 12 12 13
653 24 33 14
653 24 45 13
653 4 20 17
653 39 27 17
653 9 35 16
653 49 23 24
653 34 21 21
653 7 9 14
653 12 11 19
653 13 23 12
653 39 35 10
653 18 8 12
653 42 15 9
653 27 9 17
653 29 3 18
653 34 26 14
653 5 7 15
653 10 49 19
653 41 13 22
653 16 36 22
653 3 34 7
653 25 31 17
653 38 28 18
653 45 8 16
653 44 7 9
653 8 21 16
653 41 21 12
653 11 18 19
653 37 41 21
653 43 36 22
653 49 39 15
653 41 2 14
653 16 29 26
653 50 26 18
653 10 14 12
653 23 23 17
653 46 34 16
653 11 15 13
653 12 33 8
653 29 28 16
653 50 47 11
653 18 33 23
653 36 22 19
653 33 28 15
653 22 23 22
653 2 27 15
653 2 11 11
653 3 15 13
653 47 38 19
653 12 46 13
653 35 46 13
653 25 38 14
653 16 2 17
653 24 50 18
653 9 22 15
653 4 40 13
653 36 17 12
653 48 49 12
653 18 13 16
653 23 17 12
653 8 23 21
653 48 47 15
653 13 37 13
653 2 46 14
653 24 32 18
653 11 10 14
653 31 46 11
653 3 45 12
653 15 30 14
653 16 29 26
653 40 37 17
653 50 43 18
653 37 21 16
653 43 27 22
653 48 28 10
653 21 46 15
653 36 33 16
653 40 44 12
653 47 32 15
653 7 7 17
653 37 12 17
653 6 39 21
653 49 18 15
653 11 32 22
653 30 38 7
653 5 15 15
653 41 36 15
653 18 18 20
653 4 2 17
653 49 18 15
653 49 29 22
653 3 8 11
653 44 17 13
653 29 49 24
653 28 10 14
653 34 39 18
653 1 23 17
653 33 26 14
653 32 22 13
653 35 45 19
653 35 3 19
653 14 43 11
653 14 37 23
653 13 21 13
653 25 8 21
653 23 42 15
653 23 24 13
653 14 6 15
653 15 33 21
653 1 47 16
653 44 42 10
653 25 32 13
653 13 45 14
653 15 24 18
653 46 50 18
653 10 13 16
653 21 26 16
653 27 16 21
653 38 22 9
653 32 19 11
653 13 48 8
653 2 34 16
653 14 5 17
653 37 50 7
653 33 10 17
653 25 7 16
653 31 50 20
653 24 42 22
653 8 44 12
653 22 27 13
653 2 2 17
653 3 20 16
653 43 31 17
653 28 10 14
653 8 30 12
653 22 41 15
653 45 14 19
653 31 39 15
653 21 5 11
653 31 4 19
653 47 3 12
653 27 23 21
653 23 31 19
653 6 13 13
653 46 5 12
653 50 17 14
653 5 48 14
653 7 23 15
653 48 23 17
653 30 48 16
653 11 7 18
653 33 25 15
653 13 24 18
653 9 5 18
653 9 46 21
653 41 47 15
653 13 6 18
653 48 9 16
653 6 9 17
653 36 4 15
653 43 47 12
653 25 26 10
653 22 44 16
653 4 48 13
659 6 23 19
659 26 35 10
659 13 14 15
659 31 28 17
659 25 42 16
659 48 37 15
659 50 18 15
659 49 8 14
659 49 49 12
659 2 22 16
659 46 30 13
659 29 34 20
659 2 10 16
659 48 19 14
659 25 2 12
659 50 50 16
659 4 34 11
659 44 24 15
659 13 16 13
659 13 27 17
659 5 38 19
659 13 23 13
659 6 22 20
659 9 48 14
659 32 19 12
659 25 47 13
659 49 38 12
659 34 42 12
659 26 46 15
659 13 7 17
659 1 36 20
659 34 19 18
659 32 35 12
659 50 9 18
659 23 30 15
659 28 17 18
659 34 3 13
659 15 37 10
659 24 3 22
659 17 32 22
659 21 42 20
659 8 3 16
659 50 17 14
659 39 21 21
659 47 24 17
659 33 11 12
659 46 43 14
659 32 17 13
659 22 28 13
659 30 47 10
659 11 48 21
659 2 43 12
659 47 50 13
659 21 20 18
659 24 41 12
659 22 38 10
659 17 8 11
659 18 43 11
659 50 50 16
659 2 36 13
659 5 47 13
659 2 21 13
659 11 7 17
659 18 37 17
659 13 46 10
659 15 36 14
659 21 33 14
659 7 19 13
659 8 38 14
659 21 10 23
659 2 20 13
659 39 39 15
659 34 3 13
659 44 1 23
659 43 5 13
659 33 48 13
659 49 27 15
659 11 29 12
659 20 39 18
659 9 18 19
659 5 45 16
659 21 13 14
659 36 12 19
659 19 38 13
659 34 7 13
659 40 50 18
659 42 15 12
659 19 7 12
659 19 3 13
659 26 34 12
659 16 4 18
659 8 50 16
659 23 31 10
659 26 12 19
659 45 4 13
659 13 30 15
659 12 38 18
659 4 31 19
659 43 13 22
659 47 2 19
659 35 18 10
659 2 24 16
659 25 43 17
659 6 42 13
659 14 42 16
659 21 44 14
659 7 46 12
659 17 19 13
659 36 12 19
659 49 46 8
659 2 19 14
659 33 47 20
659 27 19 17
659 35 31 10
659 17 3 18
659 1 44 15
659 15 25 18
659 22 13 18
659 28 38 18
659 11 47 10
659 36 50 21
659 39 28 14
659 43 20 18
659 10 45 10
659 12 4 20
659 35 20 20
659 48 6 11
659 39 8 17
659 32 40 15
659 50 37 16
659 44 20 28
659 17 15 15
659 9 5 17
659 7 50 20
659 50 16 14
659 9 23 11
659 50 5 11
659 40 21 11
659 6 48 12
659 28 16 17
659 35 2 13
659 22 18 15
659 18 25 16
659 21 49 19
659 45 31 10
659 12 18 19
659 27 28 12
659 9 50 8
659 13 44 13
659 45 29 16
659 16 4 18
659 4 30 18
659 28 17 18
659 1 42 15
659 19 11 18
659 15 22 12
659 12 44 17
659 13 41 11
659 12 18 19
659 15 17 15
659 24 20 21
659 45 32 13
659 25 23 16
659 7 50 20
659 12 14 15
659 22 1 18
659 27 9 12
659 8 44 21
659 3 2 12
659 42 10 12
659 3 28 23
659 7 30 11
659 40 48 15
659 42 49 18
659 14 25 10
659 31 37 17
659 29 47 13
659 17 38 21
659 13 45 15
659 31 21 14
659 27 34 16
659 12 20 7
659 7 38 10
659 31 39 10
659 35 19 15
659 25 15 16
659 47 7 15
659 32 19 12
659 18 11 14
659 48 20 16
659 29 29 17
659 6 46 11
659 12 39 15
659 15 24 17
659 42 29 17
659 17 32 22
659 40 33 17
659 11 12 12
659 27 5 7
659 24 16 13
659 15 26 15
659 25 15 16
659 34 21 12
659 32 37 12
659 34 45 17
659 29 21 16
659 9 9 12
659 15 13 17
659 39 22 20
659 47 47 19
659 44 18 15
659 36 12 19
659 10 20 17
659 10 42 16
659 37 14 10
659 28 33 15
659 31 25 17
659 19 7 12
659 30 2 18
659 37 29 16
659 29 20 12
659 46 3 16
659 42 2 13
659 4 37 14
659 39 20 24
659 36 26 15
659 23 47 15
659 13 40 20
659 31 13 10
659 12 16 11
659 6 35 14
659 47 13 21
659 29 31 15
659 42 5 12
659 9 12 14
659 37 24 16
659 28 29 11
659 36 12 19
659 35 13 14
659 45 48 14
659 49 17 15
659 39 38 13
659 28 5 11
659 17 2 19
659 8 4 23
659 34 16 14
659 14 38 16
659 44 13 10
659 21 34 14
659 45 48 14
659 1 23 12
659 39 31 9
659 5 20 12
659 47 4 17
659 45 28 18
659 39 33 9
659 8 3 16
659 33 8 16
659 31 34 23
659 28 2 12
659 17 13 11
659 7 5 11
659 45 36 20
659 13 40 20
659 13 35 24
659 12 8 12
659 46 2 9
659 18 41 14
659 38 17 17
659 21 39 18
659 21 44 14
659 4 16 12
659 5 15 15
659 43 40 12
659 34 8 14
659 30 26 14
659 26 46 15
659 33 5 15
659 17 44 21
659 13 8 10
659 12 21 13
659 33 2 18
659 15 26 15
659 4 10 24
659 31 10 14
659 19 17 13
659 21 46 15
659 41 35 19
659 50 18 15
659 9 37 16
659 2 39 14
659 1 48 9
659 35 25 18
659 27 13 20
659 2 3 10
659 40 7 18
659 7 44 13
659 20 19 15
659 28 39 18
659 25 46 14
659 21 20 18
659 33 31 22
659 29 26 14
659 45 32 13
659 36 18 13
659 42 29 17
659 11 49 18
659 6 30 11
659 24 7 10
659 45 32 13
659 3 2 12
659 43 12 18
659 47 43 15
659 30 23 17
659 11 20 12
659 41 9 16
659 19 49 18
659 49 18 11
659 22 9 16
659 32 40 15
659 22 39 10
659 5 23 18
659 45 20 18
659 27 49 13
659 23 46 17
659 47 6 19
659 49 19 17
659 3 39 5
659 44 42 16
659 4 39 14
659 22 35 15
659 21 20 18
659 43 11 14
659 33 32 14
659 18 2 14
659 17 28 15
659 11 43 19
659 22 9 16
659 2 34 20
659 28 47 18
659 16 11 18
659 30 22 18
659 45 35 24
659 44 13 10
659 26 12 19
659 49 7 8
659 48 17 10
659 47 34 13
659 15 25 18
659 42 13 13
659 30 17 26
659 31 35 16
659 41 1 12
659 39 4 15
659 19 28 17
659 34 11 13
659 2 13 21
659 25 33 17
659 43 35 21
659 17 50 14
659 41 34 19
659 40 22 12
659 5 18 14
659 42 37 16
659 34 35 11
659 29 38 14
659 2 1 15
659 8 19 14
659 28 22 12
659 44 34 17
659 40 9 25
659 4 26 14
659 49 41 17
659 13 11 18
659 49 24 22
659 21 50 10
659 33 26 21
659 36 31 16
659 5 37 16
659 3 10 18
659 27 18 19
659 25 45 17
659 9 29 17
659 33 42 19
659 41 11 16
659 37 23 18
659 22 14 19
659 33 23 16
659 31 40 16
659 12 18 19
659 15 17 15
659 9 19 18
659 26 24 19
659 31 23 11
659 40 9 25
659 15 31 16
659 34 41 20
659 17 36 20
659 41 22 11
659 34 24 13
659 30 14 18
659 35 10 15
659 29 15 15
659 48 30 9
659 42 39 16
659 39 46 15
659 48 26 15
659 48 41 10
659 38 26 14
661 41 23 20
661 36 20 13
661 17 33 21
661 21 27 10
661 40 15 19
661 19 19 20
661 16 5 6
661 13 42 15
661 24 39 16
661 41 9 14
661 38 10 17
661 45 10 15
661 49 38 17
661 23 44 13
661 3 2 13
661 4 46 15
661 29 3 13
661 19 46 14
661 45 20 9
661 19 19 20
661 21 19 13
661 36 36 18
661 42 40 22
661 44 41 10
661 20 12 11
661 31 23 15
661 4 27 12
661 39 15 15
661 11 42 24
661 28 24 11
661 12 13 16
661 8 26 13
661 27 10 17
661 41 25 14
661 40 23 14
661 36 41 19
661 18 47 15
661 11 11 11
661 4 21 21
661 40 47 21
661 8 36 27
661 47 37 12
661 49 6 19
661 29 9 19
661 14 38 16
661 13 38 15
661 31 41 17
661 28 10 12
661 35 31 18
661 21 42 23
661 44 11 16
661 13 34 10
661 49 45 16
661 32 2 19
661 27 6 12
661 34 34 26
661 12 46 13
661 48 3 19
661 3 10 20
661 21 2 16
661 13 18 12
661 9 13 13
661 21 19 13
661 17 14 16
661 14 28 13
661 20 20 15
661 27 18 16
661 31 45 12
661 24 45 12
661 4 9 20
661 4 24 16
661 20 33 13
661 32 33 9
661 30 42 18
661 30 10 16
661 36 42 11
661 18 40 13
661 27 4 12
661 49 37 18
661 37 2 17
661 36 11 13
661 3 3 14
661 39 3 17
661 10 19 17
661 27 46 11
661 44 47 18
661 27 2 10
661 27 25 12
661 17 25 19
661 18 44 17
661 22 2 13
661 42 17 14
661 25 25 13
661 26 4 18
661 31 19 16
661 40 33 19
661 10 26 15
661 15 26 15
661 11 13 15
661 45 34 20
661 6 2 18
661 18 15 14
661 43 18 12
661 47 17 21
661 40 26 17
661 31 25 12
661 1 5 11
661 37 13 18
661 7 46 17
661 27 26 14
661 41 24 20
661 5 27 12
661 22 11 13
661 8 49 19
661 33 22 8
661 36 12 18
661 46 6 15
661 20 12 11
661 2 44 24
661 27 20 17
661 39 32 18
661 40 35 17
661 23 27 20
661 40 22 15
661 37 20 12
661 26 16 18
661 14 50 13
661 22 44 14
661 39 20 22
661 13 30 15
661 41 22 14
661 34 40 13
661 29 27 21
661 49 44 12
661 19 49 18
661 28 42 20
661 41 6 13
661 35 14 12
661 8 18 12
661 40 17 18
661 37 41 15
661 29 22 13
661 23 4 20
661 32 40 19
661 27 39 13
661 50 38 15
661 17 26 21
661 33 9 16
661 37 23 12
661 49 43 16
661 13 16 15
661 42 46 24
661 2 39 14
661 5 50 11
661 27 46 11
661 26 20 14
661 28 28 9
661 30 34 18
661 35 39 18
661 48 31 10
661 24 19 13
661 46 5 15
661 1 44 15
661 2 39 14
661 26 24 18
661 43 8 12
661 38 38 13
661 34 30 19
661 14 10 21
661 13 33 21
661 26 28 17
661 18 26 14
661 26 9 19
661 1 50 16
661 6 5 10
661 11 11 11
661 43 5 16
661 31 36 14
661 40 20 11
661 39 28 13
661 15 24 13
661 23 3 16
661 11 43 18
661 2 35 16
661 15 27 15
661 10 27 12
661 6 7 18
661 18 24 20
661 42 26 18
661 39 21 14
661 1 38 13
661 9 8 16
661 2 45 19
661 15 2 12
661 35 43 16
661 8 48 15
661 14 3 17
661 27 7 9
661 1 49 11
661 50 25 14
661 40 25 18
661 49 32 16
661 41 18 13
661 35 19 20
661 49 15 15
661 27 38 16
661 41 29 19
661 25 24 6
661 21 16 17
661 37 33 16
661 41 11 17
661 30 18 21
661 48 21 22
661 17 33 21
661 23 40 16
661 49 45 16
661 4 31 17
661 4 37 11
661 29 50 12
661 31 7 14
661 28 9 17
661 33 18 21
661 8 18 12
661 32 27 17
661 22 45 16
661 25 34 15
661 5 9 17
661 40 36 19
661 48 39 17
661 50 14 11
661 6 36 15
661 38 43 14
661 6 10 19
661 13 32 11
661 22 48 13
661 9 8 16
661 15 47 15
661 46 44 19
661 16 5 6
661 15 33 19
661 41 47 18
661 43 8 12
661 15 36 16
661 4 12 12
661 36 49 18
661 31 38 12
661 8 7 9
661 34 23 16
661 14 13 18
661 16 45 12
661 3 46 15
661 12 38 7
661 25 46 12
661 21 39 16
661 1 10 16
661 10 23 14
661 25 44 10
661 23 35 17
661 39 24 19
661 33 24 11
661 42 10 20
661 3 17 21
661 40 35 17
661 31 11 17
661 22 33 17
661 29 37 17
661 21 17 15
661 43 39 15
661 38 17 12
661 36 8 15
661 26 19 13
661 48 44 15
661 35 8 17
661 1 25 18
661 5 16 16
661 4 16 14
661 29 29 13
661 1 19 19
661 45 46 14
661 13 8 16
661 1 39 17
661 31 25 12
661 12 27 17
661 11 50 17
661 7 30 9
661 31 27 16
661 21 12 14
661 11 39 13
661 6 8 18
661 46 34 16
661 49 45 16
661 17 30 25
661 8 16 19
661 31 8 12
661 17 3 20
661 36 28 13
661 16 27 12
661 50 5 20
661 21 21 15
661 18 28 19
661 23 29 18
661 34 2 23
661 50 7 12
661 26 41 11
661 49 20 18
661 29 21 16
661 16 49 16
661 44 19 17
661 15 7 14
661 9 49 16
661 30 42 18
661 17 20 14
661 35 33 19
661 40 25 18
661 4 46 15
661 31 15 21
661 44 38 22
661 21 23 14
661 6 5 10
661 14 25 16
661 30 6 15
661 39 38 21
661 28 16 16
661 30 33 10
661 19 13 13
661 7 47 17
661 38 44 21
661 5 43 27
661 37 50 18
661 11 42 24
661 2 39 14
661 2 10 9
661 49 23 13
661 48 20 15
661 36 37 17
661 11 45 18
661 2 1 21
661 40 48 14
661 47 49 13
661 18 33 13
661 14 10 21
661 13 12 10
661 46 36 13
661 7 37 15
661 41 30 15
661 34 5 15
661 24 31 17
661 50 47 22
661 43 41 18
661 5 29 16
661 18 4 14
661 26 24 18
661 11 8 11
661 16 35 13
661 31 41 17
661 11 26 21
661 34 49 14
661 32 23 14
661 26 48 14
661 41 37 20
661 44 30 11
661 8 38 14
661 17 6 13
661 45 9 14
661 46 49 17
661 28 18 17
661 7 37 15
661 13 21 16
661 46 1 14
661 6 24 10
661 38 14 16
661 2 15 19
661 1 2 18
661 49 34 18
661 8 7 9
661 19 14 10
661 22 15 15
661 26 13 10
661 1 33 11
661 2 3 13
661 41 4 12
661 45 7 9
661 1 16 16
661 45 23 10
661 23 2 15
661 16 50 13
661 23 28 13
661 4 46 15
661 41 7 15
661 45 14 13
661 16 36 15
661 26 8 13
661 49 8 13
661 13 36 15
661 18 38 13
661 11 40 14
661 32 37 14
661 35 33 19
661 22 38 15
661 37 22 15
661 17 7 20
661 12 23 19
661 16 26 10
661 48 21 22
661 8 36 27
661 23 49 20
661 42 29 14
661 7 48 9
661 32 10 18
673 23 24 14
673 36 29 12
673 10 25 16
673 11 9 15
673 34 40 14
673 7 41 11
673 27 35 18
673 41 27 15
673 49 38 17
673 26 37 19
673 29 2 15
673 9 18 16
673 14 9 18
673 26 9 19
673 18 31 11
673 32 8 12
673 8 40 19
673 9 13 13
673 6 45 8
673 43 43 12
673 14 47 16
673 5 11 15
673 9 7 13
673 9 19 12
673 5 43 18
673 20 24 15
673 21 30 14
673 28 11 21
673 22 22 15
673 26 17 19
673 11 6 16
673 16 50 16
673 4 38 9
673 24 20 13
673 12 13 13
673 40 18 13
673 13 6 11
673 5 35 14
673 34 1 17
673 16 50 16
673 43 39 12
673 15 40 14
673 25 33 14
673 7 9 14
673 11 50 15
673 31 49 18
673 9 30 16
673 1 7 19
673 21 20 14
673 1 27 13
673 7 6 17
673 50 44 12
673 47 5 14
673 33 13 18
673 2 16 14
673 43 47 17
673 37 42 13
673 44 23 20
673 36 28 20
673 25 42 14
673 45 39 18
673 25 38 18
673 7 38 12
673 37 30 11
673 3 13 21
673 1 20 18
673 15 6 13
673 5 11 15
673 6 46 17
673 46 2 21
673 42 4 13
673 22 41 18
673 13 16 24
673 36 15 8
673 26 28 16
673 34 43 13
673 43 22 16
673 9 29 20
673 42 32 15
673 12 25 22
673 38 21 10
673 41 46 13
673 27 36 19
673 44 29 11
673 37 13 12
673 9 42 15
673 34 23 15
673 18 2 10
673 14 35 15
673 30 16 9
673 11 19 8
673 15 32 17
673 29 50 20
673 4 1 20
673 12 15 21
673 4 13 5
673 17 42 15
673 27 9 13
673 11 25 18
673 26 28 16
673 13 8 17
673 29 19 14
673 19 50 16
673 33 42 16
673 47 13 14
673 28 4 16
673 39 5 12
673 47 11 17
673 41 42 11
673 31 28 17
673 11 10 17
673 19 13 20
673 2 27 14
673 22 31 19
673 14 46 13
673 33 42 16
673 42 25 20
673 44 18 14
673 37 39 15
673 27 47 12
673 6 26 11
673 11 47 18
673 23 26 18
673 11 39 14
673 19 35 17
673 23 38 15
673 17 48 9
673 19 18 10
673 44 3 14
673 31 44 17
673 14 27 14
673 36 9 14
673 5 40 10
673 17 39 14
673 45 6 20
673 46 25 14
673 45 3 15
673 13 43 10
673 32 33 15
673 28 20 13
673 22 25 10
673 19 33 17
673 33 44 14
673 45 2 12
673 3 23 13
673 41 18 13
673 16 28 12
673 40 50 13
673 13 47 24
673 16 18 14
673 28 6 16
673 48 3 13
673 9 22 16
673 39 5 12
673 42 33 24
673 3 39 12
673 8 28 4
673 9 13 13
673 47 35 10
673 32 14 11
673 7 35 13
673 13 12 15
673 35 20 16
673 31 31 11
673 31 47 19
673 44 4 24
673 15 28 15
673 5 33 16
673 47 30 10
673 1 27 13
673 19 7 15
673 38 28 12
673 26 7 18
673 16 47 12
673 28 3 19
673 49 4 14
673 5 3 18
673 4 30 14
673 16 44 19
673 18 41 9
673 18 49 14
673 8 44 18
673 39 21 10
673 5 14 16
673 48 20 22
673 33 5 13
673 16 44 19
673 9 34 10
673 43 26 9
673 12 9 19
673 46 20 18
673 41 15 17
673 36 38 20
673 7 47 18
673 37 50 9
673 25 8 16
673 41 34 19
673 50 33 12
673 37 10 18
673 23 40 9
673 16 34 16
673 31 32 14
673 8 1 19
673 13 29 7
673 41 33 21
673 8 43 13
673 48 21 14
673 40 39 14
673 10 1 13
673 7 11 15
673 10 43 17
673 13 32 15
673 47 15 13
673 11 17 12
673 45 18 17
673 36 3 14
673 21 23 7
673 21 22 11
673 41 36 16
673 38 49 12
673 12 35 16
673 9 1 13
673 14 42 22
673 2 4 15
673 30 6 12
673 49 34 10
673 15 36 17
673 32 39 14
673 32 7 17
673 50 22 11
673 5 21 13
673 14 15 10
673 44 12 18
673 31 14 22
673 50 24 15
673 2 14 12
673 16 18 14
673 26 18 13
673 4 6 12
673 35 37 14
673 40 36 16
673 35 8 14
673 48 18 18
673 6 20 16
673 14 46 13
673 22 25 10
673 9 34 10
673 25 46 20
673 37 18 12
673 49 33 16
673 26 25 7
673 20 18 13
673 38 47 12
673 12 38 21
673 19 8 18
673 16 2 10
673 19 49 14
673 21 39 13
673 30 21 21
673 18 11 16
673 32 6 16
673 11 17 12
673 14 48 19
673 42 47 15
673 46 41 15
673 2 8 10
673 37 45 14
673 2 32 15
673 14 37 18
673 45 25 15
673 30 39 8
673 3 32 16
673 29 46 15
673 35 19 15
673 24 23 17
673 6 24 18
673 35 34 15
673 11 18 13
673 38 35 19
673 8 9 14
673 3 48 7
673 19 14 15
673 40 9 16
673 19 42 16
673 34 38 18
673 1 15 16
673 11 44 19
673 48 50 20
673 12 18 16
673 7 18 18
673 10 27 14
673 12 25 22
673 48 41 16
673 33 14 10
673 23 21 13
673 5 24 18
673 17 33 15
673 37 3 14
673 8 50 11
673 20 47 13
673 8 1 19
673 4 40 9
673 34 47 10
673 16 42 17
673 12 35 16
673 39 26 9
673 37 31 12
673 35 32 9
673 42 20 15
673 7 8 21
673 36 3 14
673 32 5 16
673 41 41 8
673 28 50 19
673 12 42 19
673 35 6 10
673 41 8 21
673 37 25 18
673 4 37 16
673 27 42 20
673 1 3 11
673 41 27 15
673 40 24 22
673 27 10 17
673 31 3 11
673 4 47 11
673 45 22 9
673 12 8 7
673 4 18 13
673 5 37 15
673 42 33 24
673 6 37 20
673 17 33 15
673 27 31 14
673 24 42 13
673 2 48 13
673 28 11 21
673 25 34 11
673 46 43 14
673 12 16 8
673 16 1 16
673 38 2 14
673 24 24 17
673 33 42 16
673 8 4 22
673 14 39 16
673 6 43 11
673 33 38 10
673 30 31 17
673 26 31 20
673 44 47 22
673 30 6 12
673 1 33 15
673 50 32 15
673 46 28 15
673 9 7 13
673 33 4 14
673 4 32 11
673 25 45 18
673 12 24 10
673 10 30 16
673 39 23 11
673 22 15 12
673 27 13 17
673 16 22 18
673 30 48 16
673 20 12 9
673 42 38 17
673 14 16 14
673 48 49 14
673 3 44 17
673 21 2 19
673 6 28 16
673 30 16 9
673 42 28 13
673 39 13 17
673 13 10 17
673 25 10 10
673 21 43 14
673 5 21 13
673 38 27 17
673 44 42 8
673 29 22 16
673 16 36 18
673 42 7 13
673 47 50 21
673 36 5 14
673 21 31 17
673 12 31 14
673 48 48 15
673 45 12 17
673 27 49 14
673 37 45 14
673 20 14 9
673 29 33 14
673 8 35 8
673 40 48 13
673 5 6 15
673 29 20 16
673 19 48 20
673 25 15 18
673 8 44 18
673 33 30 14
673 45 15 23
673 43 29 16
673 15 43 19
673 31 34 12
673 7 15 13
673 43 8 8
677 38 19 8
677 23 32 11
677 35 20 12
677 21 36 16
677 1 39 16
677 27 4 8
677 19 48 8
677 3 43 16
677 3 41 13
677 36 20 16
677 38 25 20
677 36 46 17
677 2 22 16
677 13 36 14
677 32 15 16
677 7 44 14
677 33 13 25
677 3 29 15
677 37 37 18
677 46 46 16
677 24 13 16
677 36 7 14
677 22 22 20
677 4 29 15
677 41 34 13
677 16 43 19
677 3 9 11
677 5 39 12
677 22 25 15
677 36 41 18
677 14 23 17
677 12 42 12
677 38 4 14
677 20 32 11
677 29 2 17
677 48 40 18
677 40 11 17
677 29 12 11
677 11 2 14
677 15 49 19
677 20 10 18
677 30 6 14
677 27 18 10
677 33 27 19
677 40 25 16
677 36 36 21
677 35 15 18
677 23 10 14
677 38 2 12
677 23 17 9
677 2 46 13
677 28 12 7
677 20 40 10
677 50 20 13
677 22 7 16
677 12 9 16
677 28 42 21
677 9 1 17
677 47 44 12
677 32 15 16
677 47 31 12
677 13 25 21
677 20 8 18
677 10 7 15
677 18 31 15
677 3 36 13
677 39 43 15
677 39 36 15
677 13 23 20
677 6 2 20
677 25 35 17
677 33 38 12
677 6 23 18
677 38 41 13
677 35 48 19
677 1 33 13
677 5 20 19
677 3 26 13
677 12 5 22
677 23 46 15
677 22 35 10
677 23 2 14
677 48 9 15
677 45 40 10
677 19 46 13
677 15 24 19
677 40 3 18
677 30 33 22
677 12 24 9
677 44 49 22
677 48 5 24
677 41 3 20
677 14 44 16
677 12 38 17
677 34 11 9
677 25 28 14
677 31 26 15
677 22 11 13
677 42 14 14
677 17 12 17
677 9 43 17
677 9 29 14
677 30 18 20
677 45 33 12
677 35 29 17
677 40 39 13
677 9 17 12
677 19 24 14
677 49 38 18
677 38 25 20
677 14 3 11
677 23 40 14
677 25 48 4
677 44 2 16
677 20 42 13
677 15 49 19
677 50 32 14
677 5 24 20
677 49 36 12
677 45 47 19
677 12 1 16
677 50 7 11
677 14 26 15
677 47 41 18
677 50 15 13
677 31 33 12
677 12 4 16
677 44 41 13
677 32 17 12
677 21 47 12
677 33 21 9
677 43 1 14
677 44 2 16
677 11 42 18
677 3 17 20
677 49 42 17
677 45 28 16
677 21 9 13
677 48 5 24
677 3 29 15
677 31 24 11
677 14 8 13
677 37 41 15
677 12 10 17
677 46 21 16
677 11 1 14
677 8 42 18
677 2 16 19
677 40 1 15
677 47 24 9
677 39 1 18
677 27 12 16
677 12 16 18
677 38 45 14
677 9 37 20
677 42 48 11
677 20 14 17
677 10 5 13
677 5 20 19
677 11 4 16
677 50 24 11
677 20 45 11
677 27 4 8
677 40 4 17
677 15 30 19
677 39 1 18
677 37 43 25
677 26 50 17
677 41 6 16
677 22 32 22
677 16 48 9
677 46 48 18
677 48 37 23
677 27 6 16
677 10 37 12
677 18 13 11
677 1 49 15
677 13 7 11
677 38 21 17
677 29 16 15
677 4 41 18
677 19 23 24
677 15 21 16
677 9 8 19
677 32 15 16
677 36 19 14
677 10 4 14
677 3 3 15
677 26 17 11
677 14 49 15
677 46 11 17
677 34 11 9
677 29 25 13
677 37 26 23
677 6 24 16
677 14 20 23
677 49 15 14
677 26 2 20
677 40 27 12
677 5 31 13
677 34 2 17
677 42 21 15
677 3 11 16
677 2 3 16
677 40 6 17
677 42 33 11
677 2 17 20
677 7 13 17
677 16 15 18
677 7 30 15
677 49 11 10
677 40 15 11
677 15 30 19
677 2 11 16
677 8 33 12
677 19 35 15
677 32 31 15
677 31 8 11
677 12 10 17
677 28 18 11
677 34 22 13
677 29 35 13
677 42 9 15
677 45 4 9
677 38 42 18
677 37 34 16
677 23 9 16
677 21 41 11
677 4 23 11
677 1 26 16
677 32 14 13
677 7 43 10
677 31 38 13
677 9 20 17
677 4 10 11
677 14 39 9
677 40 49 14
677 23 5 16
677 2 50 16
677 3 42 12
677 27 8 11
677 10 15 13
677 35 8 14
677 33 42 20
677 45 32 13
677 14 6 22
677 3 43 16
677 42 47 15
677 15 1 15
677 43 23 14
677 37 15 14
677 26 7 17
677 34 34 13
677 18 8 15
677 23 21 13
677 7 8 13
677 28 16 17
677 22 40 9
677 16 32 7
677 34 39 16
677 19 28 12
677 15 17 12
677 8 14 18
677 34 12 19
677 29 24 21
677 46 18 17
677 36 36 21
677 16 10 17
677 10 32 19
677 16 47 15
677 12 39 18
677 7 20 16
677 41 18 16
677 14 33 16
677 33 39 13
677 16 20 11
677 39 8 19
677 14 16 16
677 5 43 12
677 26 10 11
677 40 46 11
677 32 1 17
677 2 47 13
677 37 39 12
677 19 1 18
677 38 5 7
677 47 23 17
677 34 2 17
677 23 43 15
677 47 17 13
677 15 39 19
677 36 1 9
677 14 34 11
677 9 13 21
677 20 43 15
677 46 12 15
677 50 40 6
677 19 25 9
677 38 14 17
677 15 19 12
677 13 23 20
677 27 46 18
677 39 19 23
677 11 31 16
677 9 15 17
677 9 36 11
677 30 8 14
677 4 7 14
677 35 35 15
677 32 23 14
677 37 1 10
677 50 2 11
677 7 4 17
677 31 22 15
677 49 40 11
677 35 30 10
677 43 41 15
677 12 29 13
677 47 33 13
677 44 42 12
677 12 46 9
677 43 31 13
677 25 3 17
677 13 2 19
677 32 28 13
677 30 20 14
677 14 7 12
677 28 30 12
677 2 5 15
677 20 27 14
677 40 13 18
677 42 9 15
677 9 12 11
677 20 26 13
677 18 49 14
677 50 49 14
677 45 40 10
677 5 5 14
677 42 27 12
677 41 47 17
677 24 42 12
677 42 32 19
677 2 3 16
677 16 18 11
677 49 32 15
677 3 6 18
677 10 34 21
677 12 21 17
677 14 37 17
677 9 12 11
677 15 7 12
677 20 25 15
677 32 11 11
677 49 35 16
677 36 33 13
677 25 33 12
677 20 21 18
677 9 12 11
677 22 42 16
677 39 3 20
677 8 44 12
677 6 8 13
677 45 36 14
677 41 20 15
677 20 46 13
677 41 23 19
677 42 25 19
677 41 47 17
677 27 25 13
677 41 2 13
677 15 12 16
677 15 48 13
677 41 37 15
677 12 22 15
677 4 2 18
677 40 49 14
677 32 35 20
677 11 24 11
677 23 11 15
677 23 38 17
677 1 27 15
677 44 16 17
677 2 19 13
677 17 48 17
677 18 38 19
677 48 2 17
677 18 31 15
677 36 29 9
677 7 26 21
677 5 21 12
677 36 12 14
677 27 14 15
677 32 22 15
677 18 46 24
677 23 39 17
677 36 44 10
677 32 18 19
677 49 11 10
677 18 35 17
677 3 35 10
677 36 30 14
677 21 28 16
677 37 12 12
677 7 16 18
677 32 13 16
677 35 45 15
677 1 26 16
677 17 48 17
677 35 4 24
683 37 38 15
683 22 42 17
683 31 47 13
683 6 39 16
683 31 6 11
683 18 28 14
683 33 17 13
683 38 42 18
683 33 36 15
683 37 14 15
683 26 31 22
683 34 49 13
683 5 37 15
683 49 4 18
683 36 2 12
683 39 1 14
683 16 22 18
683 3 10 17
683 19 1 14
683 17 34 9
683 1 22 14
683 37 47 24
683 9 39 19
683 14 11 16
683 42 44 13
683 37 45 18
683 9 21 15
683 7 23 9
683 8 6 12
683 46 34 16
683 48 33 12
683 36 6 16
683 37 32 14
683 42 14 13
683 36 11 11
683 12 35 10
683 34 19 15
683 42 3 15
683 1 38 13
683 17 50 14
683 17 42 12
683 19 49 10
683 15 40 11
683 23 17 10
683 31 3 15
683 36 20 12
683 34 27 13
683 36 38 13
683 33 8 15
683 13 44 8
683 14 28 11
683 46 34 16
683 1 20 17
683 3 38 13
683 13 12 17
683 39 23 10
683 37 48 11
683 5 29 16
683 20 29 8
683 42 27 14
683 46 38 14
683 3 14 15
683 13 50 14
683 28 38 10
683 6 21 17
683 24 36 24
683 40 19 13
683 18 19 17
683 47 28 13
683 16 5 17
683 48 17 16
683 50 24 9
683 48 32 13
683 9 24 15
683 5 31 11
683 18 19 17
683 44 40 16
683 29 30 18
683 25 14 14
683 7 40 12
683 47 38 17
683 38 17 17
683 28 18 19
683 20 42 17
683 46 12 13
683 12 28 14
683 34 48 11
683 34 48 11
683 31 29 18
683 12 38 15
683 49 14 14
683 9 14 13
683 49 1 20
683 10 3 17
683 17 17 9
683 47 26 15
683 41 15 20
683 44 44 19
683 11 20 20
683 39 34 13
683 17 49 20
683 11 38 18
683 6 36 14
683 42 26 19
683 31 45 13
683 24 30 10
683 41 18 17
683 9 15 10
683 21 26 9
683 43 30 11
683 35 49 15
683 15 15 14
683 19 7 13
683 46 42 9
683 46 11 13
683 13 26 12
683 43 34 10
683 49 19 14
683 30 38 13
683 46 21 15
683 9 30 12
683 13 26 12
683 43 15 19
683 43 35 16
683 24 27 9
683 19 32 8
683 9 27 14
683 22 26 9
683 32 6 20
683 45 36 16
683 15 19 13
683 14 46 16
683 50 23 17
683 14 2 14
683 45 12 15
683 35 14 12
683 45 14 18
683 4 3 16
683 31 36 19
683 15 1 13
683 37 40 14
683 10 12 12
683 47 33 20
683 24 47 15
683 50 36 16
683 22 9 13
683 3 26 7
683 18 8 12
683 40 43 19
683 29 15 11
683 38 5 15
683 10 2 14
683 10 31 13
683 39 9 18
683 1 42 11
683 15 38 11
683 6 30 9
683 27 23 17
683 40 48 18
683 24 2 21
683 13 30 21
683 14 8 21
683 23 38 16
683 13 32 11
683 13 2 17
683 9 33 12
683 28 26 12
683 30 47 11
683 4 46 18
683 41 48 13
683 37 6 14
683 11 11 12
683 42 30 17
683 27 4 14
683 30 49 17
683 3 1 12
683 17 2 15
683 2 12 14
683 6 28 14
683 3 47 10
683 3 50 12
683 13 38 16
683 18 5 8
683 40 1 14
683 32 10 19
683 10 21 14
683 26 14 17
683 43 21 14
683 42 22 12
683 36 27 12
683 2 37 15
683 34 3 12
683 25 37 12
683 34 50 16
683 15 39 17
683 39 16 13
683 6 34 20
683 17 48 19
683 12 36 18
683 37 3 12
683 7 48 16
683 15 21 13
683 11 35 19
683 2 24 18
683 16 2 16
683 38 26 17
683 47 43 19
683 9 18 13
683 20 4 16
683 14 31 24
683 22 24 18
683 3 50 12
683 50 48 16
683 4 10 11
683 4 40 13
683 39 19 15
683 41 42 10
683 3 50 12
683 18 33 18
683 45 7 13
683 19 44 15
683 30 32 18
683 15 22 17
683 44 8 9
683 35 21 14
683 14 3 14
683 25 17 9
683 28 44 15
683 8 49 12
683 42 18 16
683 50 5 15
683 38 19 11
683 2 23 11
683 13 10 7
683 33 7 12
683 18 46 12
683 43 4 18
683 47 48 16
683 33 29 16
683 4 4 14
683 21 20 18
683 24 3 13
683 7 22 12
683 38 3 15
683 20 48 13
683 45 23 11
683 30 26 17
683 4 28 11
683 21 7 15
683 7 37 15
683 48 36 14
683 30 49 17
683 18 41 11
683 20 33 19
683 29 31 21
683 35 32 9
683 11 28 6
683 38 1 17
683 2 23 11
683 37 30 14
683 1 47 10
683 47 4 15
683 41 4 21
683 1 13 15
683 7 31 14
683 16 43 16
683 46 47 13
683 7 20 16
683 32 50 13
683 22 38 15
683 6 11 18
683 9 35 12
683 18 10 14
683 33 36 15
683 32 14 11
683 37 27 13
683 34 30 9
683 12 21 16
683 8 18 12
683 9 38 15
683 39 29 15
683 20 5 15
683 3 25 9
683 6 12 16
683 39 20 11
683 14 31 24
683 28 12 15
683 8 15 14
683 37 14 15
683 43 20 15
683 1 4 21
683 29 20 13
683 2 18 15
683 16 14 14
683 2 41 22
683 22 4 18
683 21 9 17
683 50 35 14
683 1 3 14
683 42 40 18
683 40 5 18
683 45 8 13
683 5 14 19
683 19 27 7
683 8 28 11
683 45 21 16
683 45 42 14
683 43 43 13
683 17 23 16
683 4 48 9
683 2 46 18
683 9 49 12
683 23 24 11
683 42 18 16
683 16 47 13
683 40 6 16
683 19 47 16
683 14 1 16
683 19 26 12
683 19 8 18
683 5 44 15
683 25 35 18
683 26 12 15
683 25 32 11
683 2 49 23
683 33 21 8
683 17 23 16
683 38 46 18
683 28 4 15
683 7 10 10
683 4 43 22
683 27 7 11
683 32 18 18
683 30 3 13
683 5 3 18
683 6 40 15
683 43 31 14
683 47 35 17
683 16 45 14
683 22 48 11
683 31 33 11
683 47 23 10
683 27 35 14
683 14 35 14
683 2 13 13
683 21 40 18
683 20 14 17
683 44 22 14
683 31 40 12
683 47 6 13
683 26 27 16
683 36 30 20
683 46 9 7
683 5 16 19
683 13 36 19
683 30 23 13
683 25 19 20
683 9 43 15
683 3 50 12
683 22 12 14
683 22 8 18
683 27 48 11
683 29 15 11
683 17 49 20
683 41 10 18
683 36 41 18
683 19 19 16
683 49 40 11
683 33 34 16
683 47 7 17
683 15 11 14
683 14 30 16
683 35 39 14
683 31 9 14
683 19 40 14
683 25 6 13
683 49 14 14
683 29 13 13
683 35 48 12
683 47 5 10
683 38 12 15
683 38 8 8
683 38 19 11
683 31 15 17
683 41 47 10
683 37 26 19
683 42 26 19
683 42 35 11
683 26 49 11
683 41 37 15
683 6 14 17
683 31 2 14
683 1 43 9
683 43 31 14
683 26 30 13
683 46 31 21
683 31 35 15
683 9 28 14
683 27 15 11
683 24 15 11
683 28 10 16
683 37 12 15
683 36 16 16
683 17 10 12
683 36 19 20
683 16 23 13
683 39 37 15
683 13 29 11
683 8 9 15
691 38 31 14
691 19 4 12
691 7 17 15
691 23 33 10
691 6 9 17
691 30 22 14
691 33 5 13
691 25 29 11
691 2 17 13
691 17 6 13
691 50 13 18
691 36 43 18
691 31 29 19
691 23 3 17
691 45 28 18
691 19 9 23
691 17 9 14
691 33 17 17
691 8 7 16
691 45 22 16
691 22 5 20
691 15 33 15
691 50 41 18
691 9 32 14
691 29 22 16
691 39 10 14
691 6 39 10
691 8 6 12
691 35 30 7
691 18 11 10
691 49 48 14
691 23 28 13
691 33 3 16
691 26 6 16
691 44 13 15
691 20 11 17
691 5 49 11
691 41 40 17
691 41 13 11
691 38 36 16
691 9 32 14
691 42 48 11
691 18 35 13
691 27 50 8
691 5 40 12
691 39 25 12
691 42 29 14
691 11 38 15
691 6 34 10
691 29 42 15
691 49 25 15
691 2 40 14
691 50 36 15
691 32 18 11
691 16 10 21
691 46 22 17
691 21 49 14
691 12 45 13
691 43 26 14
691 45 13 13
691 26 25 13
691 29 43 19
691 18 25 13
691 31 20 6
691 47 30 14
691 27 23 10
691 4 13 16
691 9 42 15
691 9 18 14
691 20 39 14
691 21 31 14
691 46 10 13
691 31 18 14
691 38 33 13
691 24 38 12
691 35 11 18
691 42 19 18
691 48 38 11
691 22 41 12
691 19 27 13
691 49 42 11
691 21 24 14
691 31 20 6
691 42 46 20
691 45 39 7
691 29 11 15
691 41 35 20
691 26 16 24
691 26 35 19
691 28 21 15
691 7 31 14
691 47 30 14
691 26 10 10
691 18 7 20
691 3 38 17
691 30 50 9
691 20 35 17
691 26 26 14
691 49 43 14
691 3 22 19
691 5 17 15
691 12 9 19
691 7 10 15
691 42 38 16
691 11 23 11
691 29 50 14
691 47 47 14
691 28 40 13
691 10 18 11
691 11 43 15
691 27 27 9
691 19 42 19
691 6 39 10
691 30 23 14
691 38 16 20
691 7 19 21
691 30 26 12
691 30 2 13
691 36 50 17
691 5 35 9
691 17 45 12
691 50 50 9
691 1 40 13
691 8 9 13
691 3 6 18
691 25 49 12
691 18 25 13
691 48 35 19
691 45 8 16
691 40 35 16
691 17 27 9
691 19 26 14
691 4 40 13
691 36 21 10
691 45 20 14
691 21 45 21
691 43 22 17
691 44 5 19
691 5 13 14
691 30 16 20
691 42 2 21
691 47 31 13
691 35 23 14
691 47 4 13
691 10 32 17
691 37 29 22
691 30 49 20
691 20 12 11
691 35 26 12
691 49 48 14
691 43 33 18
691 47 8 14
691 13 3 18
691 38 25 18
691 23 20 13
691 29 3 14
691 36 27 16
691 9 3 15
691 11 45 10
691 34 12 14
691 32 49 14
691 14 22 12
691 49 27 16
691 48 48 17
691 49 20 14
691 19 49 16
691 19 38 18
691 44 35 13
691 40 39 14
691 24 26 11
691 50 19 11
691 49 2 8
691 9 34 13
691 6 45 18
691 15 2 12
691 21 47 20
691 47 12 18
691 26 8 9
691 25 39 15
691 8 42 18
691 4 5 13
691 44 47 14
691 47 46 16
691 50 22 11
691 33 22 17
691 8 35 14
691 14 45 15
691 12 6 9
691 11 10 10
691 20 44 15
691 23 6 13
691 31 13 13
691 30 10 22
691 41 5 16
691 14 26 19
691 41 15 12
691 35 48 14
691 41 5 16
691 46 2 13
691 7 1 18
691 28 7 16
691 48 31 12
691 44 11 15
691 37 50 19
691 17 33 12
691 34 27 12
691 28 22 10
691 23 21 16
691 19 48 16
691 31 40 22
691 32 30 15
691 4 46 16
691 2 14 20
691 17 43 21
691 8 14 10
691 25 29 11
691 9 36 13
691 15 23 11
691 46 39 15
691 16 15 10
691 14 39 8
691 16 30 15
691 37 1 21
691 21 44 11
691 47 33 17
691 30 7 19
691 48 24 21
691 24 36 18
691 34 49 13
691 40 41 10
691 37 40 12
691 37 15 11
691 2 25 13
691 14 2 13
691 34 32 15
691 44 18 10
691 11 3 9
691 45 28 18
691 33 1 13
691 18 2 12
691 29 40 18
691 33 1 13
691 34 26 11
691 48 43 18
691 45 42 16
691 1 3 12
691 5 4 12
691 29 12 11
691 26 40 14
691 15 2 12
691 27 28 16
691 16 26 14
691 19 37 10
691 25 1 18
691 17 14 12
691 29 11 15
691 11 47 13
691 40 21 16
691 38 47 15
691 27 11 17
691 5 44 11
691 41 20 14
691 36 32 12
691 24 23 12
691 7 8 14
691 45 8 16
691 35 40 13
691 23 38 15
691 46 36 14
691 32 9 17
691 9 32 14
691 8 25 19
691 48 10 17
691 12 45 13
691 16 37 14
691 35 33 20
691 5 4 12
691 42 26 11
691 26 18 11
691 18 20 17
691 25 24 14
691 12 47 17
691 1 3 12
691 14 30 20
691 14 19 9
691 9 28 14
691 37 41 16
691 33 36 12
691 8 15 14
691 35 24 11
691 40 5 18
691 13 23 12
691 47 40 16
691 39 32 13
691 27 29 8
691 12 45 13
691 43 17 13
691 23 46 16
691 16 1 12
691 33 8 19
691 19 26 14
691 13 36 20
691 32 31 14
691 30 45 13
691 39 35 23
691 36 49 16
691 7 23 9
691 25 38 20
691 39 37 15
691 35 6 19
691 18 27 12
691 24 9 12
691 24 42 11
691 3 46 11
691 46 34 11
691 47 11 16
691 39 42 12
691 9 26 17
691 13 35 14
691 38 8 14
691 34 30 18
691 47 8 14
691 29 18 17
691 41 12 19
691 5 31 18
691 8 6 12
691 20 34 11
691 42 41 13
691 36 24 9
691 25 29 11
691 8 42 18
691 25 19 11
691 12 3 16
691 18 32 16
691 32 48 17
691 35 33 20
691 9 49 15
691 36 28 13
691 8 29 17
691 20 49 16
691 11 28 9
691 14 45 15
691 33 42 14
691 23 47 18
691 12 27 17
691 17 43 21
691 46 6 11
691 27 26 19
691 43 23 15
691 42 36 13
691 47 13 13
691 24 37 13
691 43 9 17
691 16 4 18
691 9 13 14
691 11 2 20
691 4 14 9
691 11 26 14
691 15 17 14
691 8 4 10
691 45 29 15
691 38 35 13
691 45 3 13
691 33 25 10
691 23 12 12
691 20 1 18
691 43 41 11
691 18 34 13
691 31 38 21
691 8 8 13
691 28 5 13
691 25 50 10
691 26 36 15
691 1 49 17
691 50 17 16
691 28 33 18
691 37 29 22
691 23 6 13
691 32 14 15
691 11 9 20
691 25 45 10
691 12 39 18
691 36 3 10
691 49 41 15
691 9 15 13
691 18 40 18
691 41 34 16
691 14 15 18
691 19 23 13
691 21 46 11
691 47 18 15
691 4 42 18
691 33 36 12
691 17 30 14
691 20 49 16
691 30 44 12
691 35 9 12
691 4 7 20
691 17 30 14
691 38 27 23
691 13 36 20
691 25 34 18
691 20 8 14
691 21 41 14
691 12 20 9
691 35 14 14
691 46 3 18
691 29 9 9
691 38 23 17
701 37 23 10
701 38 26 13
701 45 43 17
701 19 23 14
701 41 38 12
701 12 19 14
701 12 20 14
701 19 22 16
701 2 9 20
701 40 38 12
701 7 8 15
701 7 2 18
701 43 33 14
701 21 42 15
701 12 6 11
701 34 43 11
701 33 21 17
701 39 48 16
701 24 50 17
701 45 40 15
701 18 44 12
701 27 11 20
701 22 5 15
701 36 20 16
701 17 25 16
701 1 5 16
701 42 17 15
701 46 47 12
701 35 6 8
701 9 36 19
701 9 33 13
701 23 32 13
701 1 20 9
701 8 36 13
701 41 39 10
701 43 22 13
701 1 21 10
701 8 6 19
701 33 16 10
701 47 14 14
701 21 20 14
701 41 47 17
701 7 46 20
701 33 7 15
701 49 1 13
701 16 16 15
701 35 35 12
701 13 28 19
701 32 38 18
701 16 16 15
701 42 3 13
701 13 42 16
701 45 41 11
701 25 19 10
701 24 26 16
701 4 24 9
701 19 20 7
701 5 33 13
701 20 40 13
701 40 20 10
701 26 18 14
701 46 35 14
701 9 40 17
701 1 26 17
701 37 21 17
701 28 14 12
701 28 35 16
701 37 24 14
701 1 33 11
701 13 25 16
701 26 8 10
701 43 6 11
701 47 40 15
701 35 12 16
701 46 27 13
701 40 44 8
701 7 45 13
701 38 41 15
701 27 5 13
701 48 16 14
701 2 37 19
701 27 23 14
701 46 48 15
701 4 15 12
701 2 15 10
701 30 45 15
701 13 32 14
701 20 30 13
701 11 47 10
701 43 9 21
701 44 14 13
701 7 35 16
701 42 46 17
701 20 23 14
701 45 40 15
701 34 30 17
701 33 24 14
701 16 23 16
701 45 16 15
701 10 39 13
701 21 37 15
701 21 33 12
701 7 1 21
701 20 18 8
701 19 42 18
701 42 17 15
701 20 42 15
701 40 13 17
701 30 26 19
701 48 35 16
701 36 49 17
701 22 39 10
701 17 2 11
701 46 50 17
701 27 5 13
701 22 29 17
701 42 32 17
701 46 23 11
701 17 24 14
701 16 15 12
701 26 46 10
701 4 31 16
701 27 32 17
701 29 2 12
701 33 39 13
701 33 16 10
701 1 32 16
701 28 35 16
701 23 14 12
701 14 23 20
701 14 49 15
701 8 23 18
701 17 2 11
701 20 24 14
701 34 41 18
701 21 4 14
701 45 15 14
701 39 10 14
701 40 19 12
701 45 8 16
701 5 23 13
701 44 31 13
701 6 13 13
701 41 16 11
701 5 23 13
701 10 40 9
701 5 43 19
701 9 12 17
701 14 36 13
701 12 30 11
701 45 49 17
701 38 24 18
701 16 34 9
701 50 28 11
701 46 20 15
701 21 17 17
701 40 34 16
701 23 13 16
701 14 33 10
701 3 11 16
701 11 14 12
701 6 43 15
701 44 23 13
701 29 32 14
701 35 28 23
701 41 29 13
701 18 39 14
701 43 26 11
701 34 22 10
701 27 44 15
701 41 13 20
701 20 29 10
701 41 20 16
701 41 10 11
701 24 16 20
701 31 42 19
701 19 5 14
701 48 20 17
701 37 40 13
701 19 39 15
701 3 26 17
701 10 49 12
701 22 50 10
701 19 44 7
701 3 3 15
701 33 12 16
701 6 33 22
701 42 16 13
701 5 31 21
701 17 14 10
701 39 1 13
701 3 10 10
701 50 31 14
701 35 48 14
701 30 14 14
701 46 45 18
701 43 33 14
701 1 41 13
701 19 24 11
701 21 49 17
701 44 33 8
701 14 38 11
701 11 19 14
701 1 2 18
701 19 39 15
701 24 25 18
701 42 12 9
701 18 19 21
701 16 41 12
701 19 1 18
701 4 37 15
701 2 47 20
701 5 41 14
701 20 50 16
701 21 34 13
701 21 11 11
701 29 27 11
701 36 36 17
701 3 17 16
701 46 23 11
701 42 4 11
701 14 47 7
701 4 13 10
701 41 37 12
701 33 27 11
701 47 4 25
701 21 19 11
701 20 28 22
701 26 23 20
701 25 17 18
701 40 23 11
701 46 19 16
701 29 22 17
701 9 6 13
701 1 50 18
701 24 37 8
701 45 14 14
701 6 16 12
701 41 50 17
701 16 48 15
701 14 6 18
701 40 10 11
701 7 10 14
701 40 24 8
701 5 34 20
701 28 19 14
701 40 40 19
701 13 16 22
701 1 43 9
701 29 14 9
701 17 4 20
701 16 4 13
701 34 17 16
701 24 28 11
701 7 36 21
701 3 11 16
701 30 13 22
701 41 23 14
701 1 46 19
701 8 19 22
701 46 20 15
701 26 5 20
701 28 10 10
701 34 25 15
701 23 18 13
701 50 33 18
701 48 5 15
701 12 16 9
701 15 21 12
701 32 12 13
701 8 37 14
701 6 37 17
701 29 48 15
701 3 43 16
701 16 4 13
701 13 22 9
701 15 28 16
701 30 41 12
701 16 7 11
701 1 27 13
701 19 12 16
701 36 20 16
701 6 10 7
701 11 46 14
701 33 31 17
701 14 39 15
701 21 39 14
701 4 17 16
701 4 30 11
701 25 35 10
701 47 34 17
701 7 48 13
701 50 35 9
701 36 10 8
701 12 44 15
701 20 2 9
701 44 50 10
701 27 11 20
701 6 8 22
701 19 49 16
701 33 24 14
701 49 18 15
701 34 41 18
701 26 5 20
701 12 46 12
701 26 2 15
701 30 5 16
701 20 31 19
701 9 44 9
701 25 36 23
701 23 18 13
701 30 22 7
701 6 11 7
701 18 34 11
701 31 36 19
701 4 36 13
701 21 34 13
701 12 38 11
701 38 10 10
701 44 42 13
701 21 45 15
701 34 8 19
701 35 43 25
701 40 2 17
701 21 16 11
701 2 7 16
701 25 20 20
701 10 10 22
701 30 45 15
701 10 7 14
701 26 21 11
701 5 22 13
701 5 19 16
701 23 1 14
701 40 9 23
701 26 14 12
701 45 46 16
701 8 20 9
701 31 15 10
701 9 44 9
701 38 48 10
701 32 3 7
701 18 14 10
701 36 30 16
701 45 18 11
701 21 14 14
701 46 25 13
701 45 7 10
701 30 36 13
701 45 24 11
701 19 8 11
701 16 8 12
701 29 37 16
701 10 18 18
701 16 8 12
701 1 26 17
701 39 3 15
701 21 48 14
701 39 2 9
701 24 23 22
701 24 46 11
701 5 33 13
701 48 12 14
701 2 50 10
701 13 26 21
701 8 39 13
701 37 33 18
701 27 10 15
701 9 36 19
701 50 37 17
701 3 13 12
701 37 20 18
701 49 14 16
701 33 39 13
701 25 29 14
701 49 2 17
701 7 36 21
701 31 41 15
701 2 4 17
701 20 42 15
701 23 41 13
701 18 21 21
701 22 27 9
701 11 49 15
701 3 17 16
701 10 5 15
701 25 33 28
701 36 33 16
701 23 11 12
701 42 37 12
701 2 36 17
701 43 21 13
701 43 39 15
701 34 8 19
701 40 4 15
701 24 11 20
701 33 47 13
701 50 1 16
701 34 18 9
701 43 49 17
701 35 21 19
701 46 22 12
701 11 22 12
701 38 46 8
701 46 28 16
701 32 39 14
701 46 13 15
701 28 40 19
701 24 23 22
709 48 1 17
709 48 23 10
709 49 31 19
709 37 3 13
709 32 14 17
709 35 9 11
709 24 41 13
709 3 16 14
709 40 10 15
709 44 5 13
709 24 18 13
709 5 47 24
709 22 9 18
709 8 34 7
709 24 7 8
709 21 12 16
709 15 7 10
709 48 8 14
709 34 49 14
709 7 9 20
709 10 22 16
709 31 16 10
709 26 8 19
709 43 35 15
709 40 15 10
709 34 21 11
709 20 35 13
709 29 39 18
709 31 48 10
709 36 8 11
709 3 1 21
709 46 48 16
709 6 20 10
709 25 18 15
709 16 9 21
709 26 50 9
709 19 47 14
709 13 8 12
709 23 3 12
709 26 3 18
709 8 8 17
709 40 13 13
709 21 18 13
709 10 15 11
709 9 45 13
709 16 11 16
709 45 31 16
709 36 26 16
709 41 8 7
709 21 40 14
709 29 28 12
709 12 23 19
709 5 11 12
709 30 35 16
709 3 42 19
709 11 31 12
709 3 1 21
709 1 18 12
709 30 29 15
709 13 15 16
709 48 46 21
709 50 2 6
709 16 22 17
709 2 11 16
709 32 17 17
709 6 24 16
709 35 1 15
709 21 35 10
709 40 40 19
709 49 32 13
709 18 17 14
709 2 13 10
709 40 39 14
709 47 10 14
709 30 10 18
709 7 11 11
709 34 48 16
709 21 6 12
709 12 13 19
709 4 39 9
709 48 16 21
709 43 36 12
709 3 1 21
709 25 3 19
709 4 40 10
709 39 4 17
709 29 25 17
709 1 36 14
709 2 35 13
709 10 22 16
709 17 11 15
709 7 23 8
709 14 32 10
709 48 10 15
709 37 37 14
709 27 7 13
709 7 23 8
709 34 32 8
709 21 18 13
709 36 40 5
709 42 42 13
709 22 13 12
709 41 1 14
709 14 49 16
709 25 18 15
709 25 18 15
709 14 21 14
709 14 17 10
709 7 8 20
709 24 50 11
709 6 1 11
709 48 43 19
709 13 3 13
709 46 20 12
709 5 19 13
709 15 8 14
709 29 49 13
709 44 49 15
709 35 25 9
709 19 43 15
709 38 21 17
709 27 12 6
709 8 6 17
709 16 35 13
709 39 11 9
709 16 28 16
709 18 49 13
709 39 45 9
709 30 23 18
709 33 15 11
709 33 33 12
709 4 30 13
709 24 18 13
709 14 32 10
709 32 8 6
709 3 47 10
709 48 2 11
709 41 30 16
709 43 36 12
709 20 34 22
709 15 30 19
709 43 25 13
709 10 33 19
709 46 36 17
709 38 7 11
709 15 38 16
709 6 46 13
709 11 36 11
709 18 10 13
709 9 29 18
709 22 19 19
709 28 19 15
709 47 10 14
709 39 10 15
709 13 26 8
709 26 40 16
709 13 20 15
709 32 17 17
709 32 33 15
709 13 14 18
709 6 31 16
709 12 29 15
709 5 10 15
709 22 21 19
709 28 49 15
709 19 22 15
709 29 43 11
709 17 35 13
709 2 29 20
709 19 29 11
709 43 8 21
709 47 33 15
709 39 35 18
709 17 30 21
709 3 2 20
709 13 8 12
709 36 30 15
709 21 33 19
709 17 30 21
709 33 18 13
709 45 37 6
709 42 38 17
709 45 39 17
709 14 49 16
709 2 26 16
709 47 15 14
709 39 36 15
709 42 13 12
709 23 38 10
709 16 39 11
709 27 27 14
709 24 23 9
709 39 12 14
709 43 12 8
709 3 35 18
709 47 24 17
709 35 24 17
709 14 24 15
709 26 10 11
709 14 41 12
709 9 41 21
709 16 7 16
709 16 34 18
709 5 17 15
709 40 48 13
709 2 17 16
709 4 6 10
709 40 7 14
709 38 7 11
709 13 48 14
709 12 42 8
709 34 30 14
709 2 31 14
709 11 44 15
709 44 42 14
709 27 7 13
709 37 21 13
709 43 19 12
709 46 41 17
709 22 38 14
709 46 47 9
709 28 6 16
709 37 50 20
709 20 19 13
709 4 31 18
709 4 50 15
709 32 36 20
709 7 3 17
709 1 39 16
709 17 12 18
709 12 2 18
709 17 2 17
709 17 44 11
709 18 7 18
709 6 16 14
709 45 45 19
709 22 36 12
709 20 42 16
709 35 42 19
709 50 46 13
709 14 27 10
709 17 20 13
709 27 10 16
709 1 23 15
709 23 17 15
709 3 7 16
709 4 31 18
709 28 31 20
709 16 47 18
709 38 13 18
709 43 24 17
709 49 41 12
709 25 45 15
709 17 10 17
709 39 33 11
709 46 46 6
709 37 20 20
709 42 26 20
709 2 25 19
709 14 25 11
709 50 12 18
709 42 8 18
709 48 45 16
709 18 29 12
709 28 39 11
709 22 46 14
709 3 43 15
709 1 22 12
709 8 32 12
709 32 16 23
709 15 41 20
709 9 45 13
709 45 26 15
709 1 8 14
709 26 44 20
709 12 31 11
709 32 26 22
709 47 20 15
709 44 29 16
709 28 14 10
709 12 28 20
709 7 10 15
709 15 4 15
709 32 30 15
709 39 12 14
709 48 28 16
709 21 6 12
709 15 42 11
709 35 19 17
709 8 48 12
709 41 22 13
709 16 15 8
709 40 45 11
709 48 26 9
709 32 36 20
709 26 19 14
709 26 35 8
709 17 45 9
709 32 11 10
709 38 45 11
709 49 19 14
709 27 13 15
709 12 33 12
709 5 26 8
709 34 12 10
709 9 33 14
709 15 43 15
709 16 40 15
709 31 19 14
709 14 12 18
709 23 9 9
709 18 43 16
709 13 49 20
709 26 45 18
709 33 26 18
709 36 30 15
709 5 36 15
709 40 3 18
709 20 34 22
709 29 6 17
709 41 26 15
709 45 2 15
709 27 32 15
709 30 25 16
709 2 6 15
709 32 22 16
709 43 42 15
709 2 20 14
709 25 2 18
709 3 8 10
709 16 25 15
709 8 14 10
709 11 28 11
709 46 16 17
709 29 14 14
709 13 42 19
709 16 27 13
709 49 50 18
709 14 42 9
709 10 47 16
709 40 38 10
709 24 44 15
709 25 1 19
709 12 5 19
709 14 24 15
709 30 4 13
709 31 25 20
709 28 49 15
709 49 15 12
709 33 30 15
709 49 20 13
709 39 5 18
709 2 37 11
709 16 7 16
709 16 27 13
709 21 40 14
709 47 5 15
709 11 6 9
709 37 32 13
709 11 30 12
709 21 15 16
709 8 3 19
709 9 17 6
709 5 29 17
709 41 33 14
709 23 42 10
709 16 17 11
709 20 35 13
709 40 33 15
709 45 32 11
709 8 34 7
709 13 23 7
709 20 41 12
709 19 3 19
709 33 10 17
709 8 44 13
709 15 41 20
709 44 4 24
709 5 13 18
709 3 44 12
709 18 32 14
709 1 4 10
709 42 17 19
709 47 26 22
709 44 21 12
709 25 13 18
709 28 13 12
709 28 42 10
709 46 48 16
709 14 28 15
709 32 39 14
709 48 10 15
709 6 14 13
709 16 26 17
709 36 35 9
709 45 33 10
709 18 23 13
709 46 36 17
709 12 5 19
709 11 14 16
709 48 46 21
709 43 25 13
709 11 5 19
709 25 36 18
709 15 32 8
709 33 49 17
709 45 45 19
709 37 9 20
709 2 23 15
719 42 5 14
719 50 1 16
719 5 31 16
719 26 28 19
719 37 15 14
719 36 35 16
719 16 16 12
719 25 49 14
719 34 45 14
719 18 17 17
719 30 43 6
719 30 8 10
719 5 19 13
719 44 35 8
719 40 49 13
719 5 37 8
719 40 47 13
719 22 42 19
719 29 18 21
719 24 19 15
719 3 29 16
719 11 38 18
719 8 10 13
719 32 13 11
719 41 2 20
719 4 28 14
719 4 30 20
719 21 1 15
719 49 41 9
719 16 27 17
719 10 20 12
719 14 17 18
719 15 25 14
719 11 19 11
719 37 27 15
719 15 29 16
719 32 35 13
719 47 44 11
719 17 16 18
719 20 21 15
719 43 40 20
719 25 23 13
719 3 47 14
719 9 43 14
719 6 36 12
719 34 35 12
719 32 14 12
719 28 1 18
719 39 3 10
719 31 43 14
719 20 25 12
719 26 47 9
719 27 21 16
719 1 4 9
719 31 14 14
719 13 18 16
719 31 25 20
719 11 37 10
719 7 43 16
719 17 41 11
719 40 10 13
719 25 38 19
719 50 5 11
719 7 16 19
719 22 3 14
719 27 45 14
719 9 23 13
719 47 15 9
719 23 20 13
719 5 26 9
719 7 5 18
719 19 21 7
719 11 34 10
719 33 31 10
719 10 5 19
719 29 33 11
719 20 31 16
719 18 8 18
719 39 10 15
719 12 29 20
719 13 45 9
719 21 20 11
719 27 18 12
719 41 17 10
719 20 23 11
719 27 26 11
719 39 15 14
719 24 32 10
719 16 39 15
719 39 34 13
719 37 37 22
719 6 14 16
719 18 43 8
719 2 26 16
719 26 15 13
719 37 34 15
719 44 29 11
719 7 23 19
719 43 10 18
719 49 50 18
719 34 2 13
719 31 45 17
719 31 35 9
719 23 40 20
719 18 2 14
719 48 1 15
719 46 13 16
719 32 29 12
719 2 39 12
719 32 11 14
719 15 50 17
719 8 50 12
719 22 37 9
719 9 25 14
719 45 31 16
719 9 47 15
719 37 31 11
719 31 46 16
719 32 29 12
719 42 42 16
719 38 20 18
719 25 25 15
719 17 21 10
719 5 14 5
719 37 22 11
719 6 43 16
719 6 44 18
719 17 14 17
719 38 37 15
719 35 8 13
719 4 19 14
719 41 12 11
719 12 38 7
719 17 49 11
719 5 24 18
719 11 12 11
719 30 41 14
719 40 44 17
719 35 36 18
719 41 43 8
719 7 26 18
719 33 26 7
719 22 14 13
719 50 44 12
719 43 14 16
719 15 8 9
719 22 18 13
719 2 43 13
719 39 42 18
719 3 28 20
719 3 42 11
719 7 9 15
719 26 25 16
719 10 37 14
719 21 34 11
719 35 30 9
719 7 11 10
719 32 26 12
719 43 7 14
719 45 4 19
719 22 23 17
719 34 23 9
719 35 40 12
719 8 5 19
719 42 28 6
719 26 19 10
719 9 50 7
719 22 49 19
719 10 35 13
719 41 30 15
719 46 35 12
719 40 38 12
719 8 46 12
719 7 36 15
719 35 17 22
719 12 50 11
719 10 26 15
719 47 25 11
719 47 11 10
719 10 13 17
719 47 1 18
719 21 11 16
719 12 9 19
719 43 49 13
719 44 43 15
719 22 8 14
719 37 19 5
719 16 14 14
719 8 6 17
719 35 23 8
719 48 37 9
719 29 36 17
719 11 22 12
719 35 5 21
719 6 35 10
719 34 13 11
719 30 29 16
719 2 43 13
719 18 43 8
719 44 30 12
719 34 36 16
719 35 30 9
719 19 15 11
719 32 32 9
719 19 13 15
719 45 41 15
719 34 45 14
719 4 32 12
719 19 26 11
719 21 22 18
719 28 25 16
719 35 32 13
719 39 1 15
719 24 9 17
719 20 38 15
719 14 25 18
719 20 42 15
719 7 24 17
719 36 39 13
719 45 2 12
719 9 21 16
719 5 30 14
719 30 11 17
719 26 47 9
719 35 48 14
719 14 42 9
719 27 24 15
719 27 42 15
719 31 43 14
719 24 27 18
719 3 15 15
719 24 8 18
719 5 26 9
719 27 7 15
719 26 15 13
719 44 1 19
719 47 13 23
719 20 15 17
719 12 26 15
719 24 27 18
719 12 4 15
719 8 21 17
719 7 25 13
719 25 40 20
719 27 14 11
719 3 1 12
719 40 19 12
719 8 1 22
719 23 8 15
719 32 19 19
719 48 35 17
719 10 28 18
719 28 26 15
719 31 38 10
719 17 49 11
719 40 46 10
719 14 38 14
719 48 31 15
719 10 35 13
719 31 19 11
719 26 49 15
719 34 11 11
719 7 21 17
719 5 2 11
719 11 31 10
719 19 42 15
719 34 36 16
719 18 18 11
719 40 20 7
719 21 18 14
719 28 44 16
719 9 9 14
719 47 36 13
719 21 41 10
719 20 10 15
719 28 14 18
719 39 13 10
719 5 36 17
719 37 38 15
719 24 41 10
719 7 34 18
719 9 26 21
719 4 4 21
719 46 32 9
719 21 49 16
719 22 17 17
719 31 48 15
719 3 44 11
719 19 17 10
719 46 11 15
719 14 36 11
719 6 19 15
719 40 16 10
719 22 45 13
719 23 40 20
719 41 21 15
719 11 1 14
719 47 18 15
719 36 41 21
719 27 30 15
719 48 44 20
719 36 34 11
719 37 2 16
719 21 46 8
719 19 1 12
719 47 16 19
719 12 31 12
719 1 21 12
719 6 2 13
719 47 29 12
719 33 18 23
719 8 31 15
719 27 35 19
719 5 26 9
719 40 26 15
719 36 24 10
719 46 50 8
719 30 3 11
719 47 3 16
719 38 16 18
719 23 15 17
719 39 38 22
719 38 26 13
719 20 25 12
719 4 28 14
719 20 16 12
719 3 24 11
719 6 18 12
719 10 30 16
719 36 23 10
719 49 12 15
719 15 15 11
719 34 29 28
719 4 44 16
719 10 26 15
719 27 7 15
719 9 1 13
719 44 13 11
719 9 40 19
719 44 29 11
719 40 36 15
719 5 39 19
719 47 20 18
719 28 44 16
719 28 18 13
719 28 28 12
719 14 22 16
719 9 3 12
719 15 43 18
719 20 10 15
719 41 27 14
719 26 39 16
719 43 35 19
719 19 26 11
719 15 26 13
719 42 8 13
719 45 3 12
719 2 11 19
719 29 49 8
719 29 26 12
719 5 12 13
719 13 22 18
719 18 26 19
719 41 18 12
719 15 43 18
719 40 10 13
719 30 46 13
719 36 4 10
719 39 21 13
719 38 23 13
719 11 29 9
719 40 9 13
719 9 13 10
719 24 23 15
719 32 43 17
719 40 28 14
719 49 23 12
719 7 45 15
719 39 41 11
719 30 35 7
719 11 41 12
719 14 29 13
719 1 45 10
719 7 47 14
719 47 19 10
719 31 47 12
719 38 20 18
719 47 5 13
719 49 49 8
719 38 14 11
719 32 50 14
719 8 18 13
719 33 35 15
719 17 35 11
719 10 34 25
719 3 29 16
719 20 11 18
719 19 28 11
719 16 25 13
719 35 23 8
719 9 50 7
719 24 5 14
719 23 17 13
719 47 22 12
719 20 49 12
719 33 45 18
719 4 22 13
719 5 50 8
719 39 19 11
727 10 43 13
727 49 36 12
727 33 18 15
727 50 43 11
727 24 22 9
727 25 4 14
727 18 3 9
727 37 34 12
727 28 15 19
727 1 28 14
727 27 30 13
727 32 34 13
727 41 18 15
727 4 41 15
727 33 30 8
727 15 5 9
727 30 5 12
727 35 41 10
727 45 26 9
727 23 15 11
727 20 25 20
727 26 6 16
727 47 8 11
727 9 16 13
727 29 40 16
727 35 41 10
727 27 28 18
727 45 35 14
727 28 33 16
727 39 12 12
727 40 25 18
727 16 6 18
727 5 38 18
727 45 47 14
727 36 43 11
727 26 17 10
727 45 31 9
727 9 41 13
727 38 38 12
727 34 43 13
727 16 33 11
727 28 35 12
727 13 30 15
727 26 2 10
727 36 5 11
727 46 13 14
727 41 19 11
727 13 8 12
727 3 1 17
727 49 5 13
727 14 18 15
727 34 17 13
727 16 22 16
727 35 43 9
727 28 37 9
727 20 7 12
727 45 32 10
727 25 38 17
727 40 7 17
727 36 28 16
727 7 49 27
727 31 18 13
727 2 14 8
727 50 30 12
727 29 3 11
727 35 24 18
727 39 1 13
727 42 24 15
727 40 43 12
727 14 46 11
727 26 20 17
727 31 7 10
727 35 36 12
727 41 14 10
727 11 3 14
727 22 45 11
727 5 18 15
727 28 16 19
727 29 42 10
727 47 30 11
727 4 48 11
727 46 47 8
727 33 33 13
727 34 7 16
727 29 27 15
727 38 20 12
727 36 41 11
727 37 27 9
727 22 39 16
727 42 34 13
727 50 36 18
727 27 49 12
727 35 15 13
727 16 33 11
727 15 38 16
727 44 32 18
727 21 28 13
727 36 15 10
727 15 4 17
727 11 19 17
727 28 22 15
727 5 34 18
727 32 7 16
727 39 34 14
727 42 39 9
727 44 5 9
727 47 17 15
727 13 4 17
727 35 30 18
727 40 48 19
727 13 20 17
727 1 25 9
727 43 10 19
727 42 13 9
727 5 27 13
727 20 40 12
727 35 46 15
727 50 26 17
727 41 49 17
727 38 45 11
727 48 29 14
727 49 5 13
727 7 11 11
727 42 22 10
727 19 43 9
727 36 6 13
727 47 48 15
727 16 35 13
727 30 6 14
727 33 8 7
727 49 22 12
727 31 18 13
727 11 29 8
727 23 46 13
727 47 34 11
727 26 17 10
727 22 42 11
727 44 10 10
727 23 34 7
727 21 39 10
727 15 12 15
727 1 28 14
727 1 30 11
727 39 48 14
727 20 49 19
727 34 21 7
727 21 39 10
727 5 7 19
727 17 42 13
727 22 12 11
727 4 31 17
727 3 33 10
727 38 47 15
727 5 10 20
727 13 31 18
727 45 14 15
727 5 27 13
727 34 17 13
727 36 8 16
727 30 19 12
727 22 22 9
727 28 11 15
727 37 24 21
727 44 29 20
727 4 19 14
727 6 5 9
727 7 18 14
727 24 2 15
727 9 21 11
727 2 47 13
727 15 21 16
727 4 40 12
727 43 31 12
727 9 47 18
727 32 1 10
727 1 1 20
727 32 50 19
727 18 30 14
727 19 14 13
727 5 6 12
727 48 40 15
727 31 10 17
727 5 40 12
727 48 40 15
727 2 10 16
727 33 42 15
727 43 27 13
727 48 45 13
727 13 21 9
727 30 22 14
727 49 5 13
727 16 32 17
727 48 19 14
727 16 30 7
727 35 19 18
727 38 4 12
727 2 23 6
727 31 39 11
727 5 1 16
727 45 20 11
727 16 37 13
727 21 47 15
727 6 32 10
727 39 32 10
727 35 45 21
727 17 8 11
727 14 37 14
727 9 11 15
727 42 28 15
727 27 27 20
727 11 35 16
727 35 39 17
727 30 11 17
727 47 25 10
727 1 2 18
727 14 21 11
727 17 39 16
727 15 44 22
727 34 35 15
727 7 5 12
727 39 13 15
727 44 29 20
727 15 28 21
727 49 4 13
727 27 30 13
727 2 43 21
727 18 1 12
727 22 3 13
727 27 11 17
727 43 50 16
727 42 8 10
727 32 35 14
727 8 3 8
727 35 16 22
727 45 2 20
727 14 3 15
727 3 38 14
727 43 12 13
727 38 45 11
727 29 41 17
727 32 33 16
727 43 2 8
727 1 18 17
727 25 49 18
727 7 34 9
727 44 42 17
727 41 44 11
727 10 47 13
727 36 25 12
727 11 22 12
727 9 6 12
727 44 3 7
727 40 31 8
727 46 10 16
727 29 36 13
727 14 45 7
727 12 46 13
727 36 43 11
727 17 9 12
727 30 19 12
727 4 24 23
727 47 17 15
727 7 29 14
727 15 20 22
727 10 9 13
727 4 9 20
727 30 42 10
727 21 34 11
727 34 38 23
727 4 45 14
727 36 26 23
727 12 22 6
727 5 37 11
727 44 41 16
727 19 5 18
727 7 33 13
727 31 15 12
727 6 13 12
727 40 8 13
727 37 3 16
727 15 40 13
727 41 35 9
727 29 10 16
727 40 41 12
727 28 40 17
727 30 49 13
727 48 20 14
727 36 7 11
727 28 13 14
727 23 29 10
727 39 28 16
727 24 35 14
727 43 33 17
727 10 17 23
727 18 29 14
727 42 25 16
727 23 18 9
727 4 28 20
727 34 31 9
727 14 21 11
727 14 2 14
727 16 13 9
727 16 38 18
727 37 29 13
727 1 1 20
727 17 46 15
727 39 44 13
727 10 1 12
727 27 4 13
727 23 9 13
727 1 29 10
727 8 24 14
727 47 5 15
727 42 29 12
727 43 21 10
727 17 40 8
727 5 18 15
727 31 41 10
727 10 16 13
727 16 49 13
727 14 12 15
727 15 23 10
727 9 19 9
727 24 37 10
727 48 43 11
727 43 37 16
727 46 37 16
727 43 26 10
727 11 36 17
727 30 18 11
727 29 49 13
727 20 13 13
727 34 8 13
727 20 28 17
727 31 30 13
727 11 30 11
727 32 10 15
727 21 19 15
727 42 5 14
727 30 46 15
727 7 41 17
727 37 42 13
727 4 36 12
727 4 30 12
727 31 48 8
727 10 28 13
727 2 34 14
727 9 35 7
727 39 16 14
727 34 32 12
727 41 32 11
727 39 11 15
727 35 4 17
727 34 28 11
727 11 42 16
727 18 21 13
727 28 43 12
727 11 18 16
727 5 26 14
727 18 39 20
727 10 2 11
727 20 22 12
727 26 16 18
727 23 24 12
727 21 27 13
727 8 48 10
727 29 49 13
727 14 38 9
727 8 22 15
727 2 29 18
727 14 37 14
727 33 29 17
727 9 49 20
727 30 23 15
727 9 46 14
727 25 34 14
727 22 34 13
727 33 28 10
727 35 2 18
727 13 49 11
727 6 8 13
727 27 10 13
727 8 46 16
727 23 40 18
727 24 30 16
727 44 43 13
727 43 29 14
727 5 16 19
727 26 20 17
727 8 44 17
727 22 46 7
727 47 14 10
727 10 46 16
727 29 5 11
727 28 16 19
727 12 3 10
727 28 19 10
727 46 20 11
727 27 27 20
727 12 43 15
727 37 39 13
727 42 47 13
727 29 6 17
727 2 19 11
727 28 43 12
727 14 7 11
727 21 10 16
727 49 46 18
727 39 32 10
733 5 37 15
733 23 5 10
733 6 32 15
733 32 40 11
733 2 50 15
733 42 36 16
733 2 24 10
733 47 25 13
733 33 28 15
733 30 40 13
733 23 19 16
733 34 36 12
733 39 37 13
733 41 39 9
733 10 4 13
733 19 47 14
733 2 25 16
733 24 5 11
733 38 17 19
733 8 33 13
733 17 39 16
733 6 17 22
733 45 43 12
733 29 47 17
733 49 17 10
733 45 17 23
733 16 9 13
733 33 36 13
733 33 50 9
733 36 23 14
733 17 24 15
733 29 32 19
733 5 6 15
733 1 31 13
733 17 27 19
733 27 46 13
733 32 50 10
733 6 41 13
733 2 15 12
733 35 28 12
733 11 28 18
733 30 20 15
733 36 10 11
733 3 43 18
733 38 36 11
733 28 24 16
733 44 33 12
733 8 2 14
733 42 42 14
733 4 25 20
733 34 17 16
733 17 47 14
733 31 29 16
733 8 37 16
733 13 19 12
733 16 3 14
733 20 45 11
733 50 25 24
733 22 14 17
733 23 12 10
733 10 32 16
733 7 23 11
733 5 39 16
733 23 12 10
733 41 22 13
733 45 50 13
733 17 8 17
733 30 18 18
733 15 3 12
733 32 38 17
733 50 28 12
733 7 41 15
733 13 40 12
733 49 32 10
733 9 21 18
733 36 25 17
733 5 7 20
733 1 31 13
733 8 32 14
733 4 26 18
733 16 46 16
733 47 43 11
733 4 30 10
733 20 5 15
733 14 32 15
733 48 43 14
733 49 37 7
733 6 38 9
733 4 14 15
733 21 22 11
733 26 12 11
733 32 31 16
733 26 13 19
733 40 46 13
733 43 12 11
733 14 31 15
733 37 50 9
733 13 9 23
733 25 25 11
733 48 8 19
733 30 14 13
733 40 43 18
733 29 22 8
733 11 23 11
733 43 21 13
733 15 27 23
733 37 3 15
733 50 38 11
733 47 14 13
733 4 41 13
733 47 17 10
733 8 40 17
733 32 35 14
733 41 49 12
733 48 4 17
733 11 32 10
733 31 42 13
733 43 50 10
733 36 10 11
733 38 27 11
733 4 17 17
733 29 29 11
733 25 9 13
733 13 38 14
733 22 41 24
733 40 38 14
733 15 42 15
733 46 28 20
733 2 45 16
733 31 8 17
733 20 19 16
733 12 15 15
733 36 43 19
733 43 21 13
733 20 49 14
733 17 41 13
733 28 33 11
733 40 22 11
733 3 41 18
733 24 23 14
733 19 19 10
733 15 4 19
733 12 12 14
733 46 33 20
733 32 20 12
733 40 33 14
733 28 2 9
733 37 2 18
733 16 27 15
733 34 33 12
733 17 35 7
733 28 27 12
733 46 27 13
733 12 29 11
733 22 43 12
733 47 4 25
733 15 17 18
733 50 13 14
733 50 50 13
733 16 23 11
733 39 43 9
733 9 19 16
733 44 23 12
733 48 34 20
733 20 25 17
733 32 29 9
733 38 32 12
733 18 38 7
733 21 44 11
733 31 29 16
733 19 32 8
733 28 7 17
733 33 12 17
733 5 12 11
733 19 32 8
733 34 22 14
733 36 23 14
733 46 30 17
733 43 33 18
733 36 18 14
733 21 6 14
733 49 8 17
733 15 42 15
733 32 40 11
733 1 41 13
733 19 37 13
733 4 13 13
733 31 19 22
733 29 32 19
733 26 31 13
733 43 48 10
733 41 32 10
733 20 38 13
733 4 14 15
733 36 19 15
733 41 15 19
733 22 34 16
733 9 43 16
733 21 14 12
733 39 36 9
733 38 2 15
733 48 19 10
733 9 24 11
733 30 7 19
733 14 38 11
733 8 50 14
733 3 14 12
733 33 23 15
733 50 41 19
733 20 8 15
733 7 35 10
733 38 32 12
733 7 47 10
733 11 23 11
733 27 18 19
733 30 39 12
733 1 43 20
733 36 16 17
733 5 27 8
733 10 50 16
733 10 27 9
733 37 47 6
733 33 29 11
733 20 30 12
733 27 22 17
733 16 45 14
733 27 4 11
733 8 1 12
733 21 3 10
733 18 8 12
733 45 40 19
733 23 2 17
733 31 34 24
733 21 5 16
733 22 10 14
733 39 36 9
733 17 21 13
733 5 10 14
733 20 4 8
733 24 16 10
733 48 7 10
733 26 2 12
733 14 4 16
733 25 5 11
733 28 10 13
733 23 28 9
733 11 45 18
733 39 9 26
733 22 2 16
733 46 45 18
733 49 34 12
733 19 36 18
733 35 32 18
733 23 17 15
733 33 29 11
733 17 27 19
733 44 20 18
733 35 45 17
733 40 44 19
733 10 5 12
733 28 9 12
733 31 48 17
733 33 31 17
733 37 8 14
733 13 1 15
733 34 45 12
733 47 10 16
733 19 24 15
733 44 9 21
733 37 6 15
733 36 38 18
733 36 37 13
733 21 34 12
733 36 33 18
733 35 28 12
733 46 10 14
733 50 4 18
733 39 26 10
733 28 2 9
733 13 1 15
733 10 30 12
733 37 23 15
733 46 33 20
733 11 4 12
733 49 15 10
733 19 6 14
733 30 37 15
733 3 4 16
733 29 35 23
733 10 4 13
733 19 25 9
733 2 10 14
733 33 45 10
733 47 2 10
733 38 38 17
733 19 4 19
733 38 44 17
733 11 8 14
733 32 48 15
733 35 1 20
733 19 47 14
733 26 12 11
733 31 10 23
733 31 35 13
733 49 9 14
733 18 21 12
733 19 20 11
733 13 41 19
733 23 40 8
733 11 18 13
733 33 45 10
733 18 17 13
733 25 11 13
733 34 14 13
733 7 50 12
733 21 34 12
733 30 48 7
733 3 37 18
733 33 43 15
733 14 27 8
733 16 16 19
733 43 17 17
733 42 10 18
733 34 12 16
733 7 12 8
733 4 17 17
733 44 25 9
733 13 4 13
733 22 46 13
733 46 17 15
733 50 17 15
733 27 6 13
733 48 41 13
733 15 38 14
733 30 43 17
733 38 4 11
733 11 7 10
733 29 21 16
733 30 23 19
733 37 12 16
733 50 17 15
733 9 40 12
733 1 25 13
733 25 48 13
733 10 40 15
733 20 3 15
733 15 42 15
733 33 19 10
733 18 47 15
733 2 17 10
733 49 11 13
733 41 34 11
733 4 38 10
733 37 7 13
733 18 2 14
733 45 18 10
733 13 48 15
733 50 3 7
733 37 12 16
733 10 44 11
733 19 20 11
733 15 34 13
733 9 44 20
733 44 38 10
733 42 11 15
733 6 29 13
733 29 13 14
733 28 43 17
733 4 30 10
733 34 26 11
733 22 23 21
733 48 2 13
733 41 7 15
733 20 32 11
733 31 23 14
733 39 23 10
733 18 19 10
733 44 4 20
733 21 2 10
733 41 4 10
733 12 37 13
733 14 5 15
733 13 42 16
733 6 2 10
733 14 5 15
733 43 37 15
733 5 33 15
733 19 30 12
733 1 37 15
733 1 2 13
733 43 44 20
733 17 2 12
733 33 43 15
733 21 6 14
733 45 4 18
733 40 14 18
733 20 50 13
733 9 42 11
733 3 5 18
733 36 35 7
733 44 35 12
733 14 21 14
733 11 47 17
733 2 43 10
733 6 13 5
733 37 48 10
733 44 39 11
733 27 24 13
733 21 5 16
739 47 30 14
739 23 35 12
739 36 27 13
739 18 48 5
739 38 9 17
739 27 42 14
739 33 49 12
739 48 27 13
739 33 28 16
739 20 19 18
739 8 21 17
739 20 12 15
739 44 42 11
739 16 35 12
739 7 23 14
739 45 21 13
739 44 14 19
739 40 16 12
739 24 17 10
739 30 6 11
739 3 27 6
739 28 45 16
739 28 17 15
739 38 18 15
739 21 24 11
739 47 33 17
739 1 6 8
739 36 39 9
739 42 9 10
739 19 39 10
739 43 13 11
739 25 10 11
739 8 46 16
739 38 22 17
739 8 23 17
739 24 16 10
739 15 30 8
739 10 10 10
739 14 38 12
739 16 33 21
739 24 30 21
739 8 38 13
739 41 24 14
739 6 50 14
739 26 44 9
739 8 35 12
739 29 28 10
739 49 42 12
739 43 46 18
739 41 48 12
739 17 38 13
739 23 8 12
739 3 30 15
739 29 6 14
739 37 9 10
739 10 26 11
739 11 48 13
739 13 44 16
739 42 17 10
739 43 7 17
739 21 18 13
739 44 28 18
739 22 47 12
739 33 8 11
739 22 9 17
739 49 34 12
739 14 38 12
739 35 43 14
739 33 46 10
739 34 49 11
739 3 34 18
739 25 7 13
739 24 47 11
739 26 36 14
739 7 8 14
739 10 14 12
739 16 27 14
739 18 2 5
739 16 1 16
739 35 4 14
739 32 48 12
739 21 3 15
739 21 49 17
739 25 33 12
739 27 44 16
739 18 32 12
739 45 15 16
739 44 26 12
739 22 48 14
739 37 25 16
739 6 44 24
739 5 11 10
739 15 37 18
739 34 47 11
739 26 7 12
739 17 44 13
739 30 22 12
739 32 9 20
739 9 2 18
739 23 21 17
739 15 10 14
739 22 29 14
739 44 16 13
739 13 8 8
739 28 42 12
739 44 31 11
739 20 20 9
739 8 40 18
739 50 42 19
739 45 37 15
739 18 48 5
739 4 12 13
739 30 23 19
739 18 14 13
739 35 4 14
739 36 8 22
739 12 43 21
739 2 27 11
739 22 15 11
739 37 23 16
739 5 29 16
739 21 25 13
739 10 49 16
739 17 24 16
739 14 36 16
739 16 40 10
739 3 10 11
739 34 25 17
739 27 33 15
739 45 43 5
739 32 12 13
739 43 1 18
739 27 3 19
739 37 4 11
739 13 6 17
739 5 44 12
739 5 38 10
739 38 3 15
739 32 24 12
739 16 22 10
739 14 33 16
739 11 29 14
739 41 40 12
739 9 17 15
739 3 26 17
739 19 30 12
739 9 15 13
739 46 46 9
739 3 11 17
739 26 48 12
739 31 9 13
739 13 34 14
739 19 25 20
739 27 18 14
739 50 14 9
739 18 2 5
739 46 40 18
739 8 36 20
739 39 8 19
739 1 46 9
739 7 41 10
739 23 47 19
739 35 47 13
739 13 19 10
739 25 3 12
739 21 21 10
739 27 32 15
739 33 9 14
739 22 22 12
739 3 35 15
739 12 41 13
739 41 31 20
739 13 25 15
739 9 12 11
739 20 40 16
739 31 33 14
739 44 48 18
739 45 3 13
739 12 47 16
739 23 13 8
739 35 50 11
739 48 48 12
739 32 39 11
739 3 2 13
739 17 29 16
739 11 34 20
739 47 13 13
739 14 6 13
739 22 46 10
739 5 43 20
739 18 41 25
739 42 31 13
739 41 6 15
739 30 27 14
739 1 24 18
739 16 31 12
739 22 24 10
739 13 23 12
739 25 20 9
739 46 14 9
739 28 40 12
739 25 5 18
739 41 45 21
739 50 39 15
739 19 21 17
739 12 5 13
739 45 36 14
739 38 9 17
739 40 28 16
739 17 6 14
739 32 47 13
739 20 35 17
739 49 25 17
739 20 16 14
739 36 12 13
739 1 7 15
739 45 25 21
739 19 9 11
739 8 35 12
739 50 35 12
739 29 37 11
739 41 31 20
739 14 10 16
739 6 50 14
739 5 8 18
739 6 21 14
739 43 19 12
739 37 15 12
739 25 13 12
739 29 20 15
739 49 49 13
739 11 19 16
739 24 33 15
739 17 13 15
739 14 36 16
739 15 21 16
739 47 4 16
739 28 37 13
739 11 27 12
739 25 26 18
739 47 26 15
739 45 15 16
739 14 25 14
739 27 39 12
739 23 13 8
739 33 42 15
739 44 14 19
739 50 43 14
739 24 36 17
739 2 30 13
739 8 31 14
739 2 26 15
739 20 4 12
739 34 32 17
739 7 47 19
739 29 49 10
739 37 22 10
739 2 30 13
739 19 2 10
739 36 10 6
739 26 5 16
739 13 7 19
739 12 10 16
739 20 31 14
739 49 47 15
739 26 7 12
739 25 38 18
739 8 30 17
739 40 32 16
739 48 11 10
739 15 33 11
739 32 21 16
739 45 24 16
739 40 33 16
739 47 23 16
739 1 50 14
739 40 30 11
739 37 4 11
739 39 38 18
739 18 28 12
739 6 7 15
739 28 13 12
739 44 25 16
739 46 17 16
739 33 15 15
739 8 18 18
739 31 23 11
739 19 32 12
739 21 25 13
739 11 48 13
739 6 44 24
739 36 24 18
739 24 30 21
739 33 8 11
739 2 32 10
739 4 4 16
739 36 28 14
739 40 18 11
739 38 48 12
739 5 44 12
739 31 39 16
739 30 9 13
739 25 22 14
739 3 34 18
739 36 47 15
739 49 12 15
739 44 18 11
739 13 45 15
739 10 33 9
739 20 48 19
739 35 29 14
739 22 1 12
739 13 29 18
739 6 22 10
739 45 26 16
739 37 43 17
739 46 44 9
739 44 6 15
739 39 42 14
739 23 14 15
739 20 37 15
739 1 26 17
739 25 19 17
739 13 48 14
739 7 31 13
739 39 23 8
739 16 47 10
739 16 3 15
739 18 17 23
739 27 30 17
739 3 19 12
739 25 46 15
739 42 41 15
739 30 44 21
739 10 39 10
739 25 37 12
739 31 34 16
739 11 16 20
739 47 14 18
739 25 12 10
739 17 12 11
739 45 5 14
739 41 45 21
739 9 1 15
739 38 44 20
739 20 38 13
739 28 32 11
739 19 35 23
739 48 13 10
739 40 28 16
739 23 26 15
739 39 1 12
739 22 9 17
739 29 43 12
739 23 11 15
739 40 36 17
739 27 40 14
739 50 47 15
739 15 22 12
739 46 21 15
739 15 14 12
739 4 34 19
739 40 7 17
739 12 41 13
739 17 1 12
739 28 16 16
739 42 42 11
739 31 40 7
739 19 31 16
739 9 43 13
739 49 16 11
739 48 18 10
739 16 39 14
739 16 36 10
739 31 34 16
739 29 37 11
739 48 19 13
739 32 29 11
739 20 23 14
739 27 14 14
739 46 36 10
739 33 25 19
739 25 49 10
739 22 11 16
739 46 28 17
739 40 23 17
739 32 45 21
739 22 3 23
739 13 38 13
739 33 33 17
739 47 38 14
739 28 2 9
739 47 8 12
739 1 11 17
739 18 8 15
739 12 40 13
739 26 20 20
739 24 26 11
739 1 31 18
739 31 50 11
739 37 30 9
739 30 25 15
739 30 24 13
739 34 1 13
739 8 45 11
739 45 26 16
739 14 43 10
739 29 25 19
739 1 39 15
743 13 4 7
743 14 49 14
743 25 11 18
743 1 17 8
743 15 13 10
743 46 18 16
743 22 6 11
743 15 31 17
743 30 17 11
743 18 41 15
743 42 18 8
743 9 25 18
743 47 22 15
743 10 32 13
743 29 28 20
743 10 37 13
743 5 25 14
743 9 2 12
743 31 35 14
743 33 9 15
743 15 5 12
743 50 2 13
743 13 43 11
743 50 18 18
743 46 13 12
743 26 43 13
743 21 14 14
743 1 33 13
743 10 12 13
743 15 50 14
743 23 19 16
743 15 4 18
743 10 7 19
743 31 38 20
743 36 23 12
743 30 19 15
743 25 10 18
743 34 50 5
743 3 1 12
743 50 38 16
743 38 45 13
743 2 19 9
743 30 50 9
743 29 47 20
743 4 7 11
743 44 45 17
743 26 20 11
743 16 20 23
743 47 30 12
743 34 29 15
743 2 29 13
743 22 31 13
743 35 15 13
743 49 22 10
743 50 5 20
743 25 35 13
743 31 43 11
743 10 6 11
743 26 33 12
743 49 33 10
743 3 17 11
743 13 42 11
743 6 7 15
743 20 3 10
743 1 32 18
743 14 1 25
743 18 37 9
743 39 26 22
743 6 22 17
743 18 3 18
743 9 21 9
743 33 7 12
743 28 26 12
743 32 15 20
743 14 17 18
743 36 15 10
743 6 28 13
743 45 14 15
743 28 5 17
743 24 47 9
743 13 30 17
743 30 31 15
743 47 20 11
743 28 26 12
743 41 9 18
743 35 39 11
743 18 29 12
743 46 32 11
743 15 36 13
743 25 11 18
743 35 50 13
743 21 34 16
743 43 22 12
743 28 21 11
743 22 2 15
743 3 1 12
743 12 15 18
743 50 17 17
743 34 19 8
743 43 49 11
743 30 36 8
743 33 22 14
743 32 20 14
743 9 13 18
743 33 37 9
743 13 2 11
743 31 5 14
743 2 32 8
743 6 6 12
743 1 4 14
743 36 34 11
743 24 24 10
743 3 10 11
743 23 41 11
743 47 33 9
743 13 21 14
743 25 2 14
743 38 10 15
743 14 42 9
743 36 37 12
743 10 1 16
743 7 14 10
743 13 28 17
743 4 11 12
743 24 26 10
743 45 47 15
743 15 20 11
743 14 49 14
743 17 32 12
743 16 33 17
743 42 18 8
743 46 16 7
743 15 49 13
743 44 7 12
743 49 15 14
743 24 42 16
743 7 20 13
743 46 9 12
743 6 1 14
743 43 32 15
743 6 25 17
743 3 26 13
743 49 8 15
743 21 32 17
743 4 15 14
743 44 7 12
743 28 11 12
743 1 23 14
743 28 30 11
743 7 24 10
743 37 18 16
743 47 35 11
743 31 25 11
743 32 5 20
743 38 29 11
743 28 3 12
743 30 33 16
743 47 41 12
743 20 8 13
743 37 9 16
743 23 37 9
743 45 28 18
743 26 13 11
743 33 9 15
743 33 46 10
743 33 37 9
743 2 10 14
743 34 11 15
743 2 29 13
743 33 16 13
743 43 50 13
743 34 40 13
743 32 7 13
743 27 2 21
743 48 10 13
743 6 12 10
743 23 40 14
743 44 25 8
743 32 4 23
743 2 1 17
743 11 31 15
743 5 3 12
743 22 49 18
743 39 41 13
743 42 5 10
743 25 50 14
743 33 17 12
743 2 2 14
743 12 37 14
743 24 30 15
743 38 10 15
743 45 38 12
743 2 20 13
743 21 39 14
743 22 39 8
743 21 1 14
743 44 35 22
743 4 17 9
743 47 8 10
743 50 12 13
743 36 9 15
743 29 14 13
743 46 3 8
743 24 6 14
743 31 22 16
743 24 23 7
743 2 8 14
743 18 1 14
743 20 20 18
743 49 15 14
743 23 9 16
743 13 27 19
743 12 17 18
743 37 1 17
743 6 9 13
743 15 17 10
743 1 29 19
743 14 46 18
743 12 6 11
743 16 25 14
743 24 34 13
743 21 46 16
743 24 14 6
743 17 43 14
743 37 10 15
743 43 14 17
743 15 24 11
743 7 37 15
743 38 40 13
743 42 47 8
743 19 43 11
743 8 16 16
743 17 8 14
743 4 27 18
743 22 2 15
743 38 17 11
743 11 22 11
743 16 22 12
743 44 21 15
743 47 45 12
743 41 49 16
743 11 36 12
743 45 31 16
743 8 13 18
743 16 11 10
743 47 23 7
743 40 14 16
743 48 15 11
743 21 32 17
743 49 29 17
743 23 38 15
743 31 31 14
743 43 37 11
743 17 50 13
743 19 6 15
743 1 34 17
743 5 33 12
743 19 39 18
743 37 30 11
743 41 16 10
743 49 29 17
743 22 28 12
743 11 46 13
743 1 12 11
743 19 28 12
743 30 44 15
743 28 48 14
743 12 9 16
743 45 17 17
743 22 38 12
743 12 44 10
743 8 23 7
743 12 23 10
743 39 33 11
743 23 48 18
743 22 25 11
743 23 7 11
743 45 41 12
743 22 19 18
743 10 45 12
743 11 2 13
743 23 7 11
743 44 14 9
743 13 21 14
743 42 35 19
743 40 47 12
743 21 46 16
743 48 34 14
743 4 20 16
743 46 27 17
743 47 46 23
743 11 48 16
743 43 20 14
743 40 37 19
743 41 12 15
743 40 6 18
743 26 34 16
743 20 6 19
743 27 26 14
743 36 8 12
743 34 40 13
743 16 1 17
743 35 12 12
743 26 30 8
743 7 20 13
743 12 39 16
743 10 47 6
743 26 37 12
743 12 17 18
743 10 6 11
743 34 17 5
743 29 42 12
743 30 25 8
743 41 38 12
743 30 32 15
743 16 6 16
743 20 43 16
743 37 16 15
743 42 16 17
743 16 6 16
743 30 44 15
743 43 42 15
743 15 28 11
743 7 45 15
743 22 11 15
743 8 18 9
743 47 39 15
743 42 18 8
743 43 45 17
743 44 31 15
743 21 35 12
743 12 46 10
743 18 38 13
743 22 31 13
743 38 34 9
743 46 21 13
743 6 18 15
743 31 15 13
743 42 8 15
743 5 41 12
743 49 48 10
743 19 22 9
743 5 30 16
743 3 8 12
743 44 47 8
743 39 27 12
743 21 3 13
743 42 25 13
743 18 32 11
743 44 50 16
743 10 20 10
743 19 32 14
743 49 29 17
743 19 42 16
743 46 44 11
743 41 40 13
743 1 19 11
743 2 32 8
743 13 37 14
743 21 15 13
743 31 39 13
743 29 23 13
743 17 27 21
743 44 48 16
743 27 46 17
743 3 37 21
743 15 41 15
743 40 43 15
743 3 46 13
743 33 42 13
743 5 4 21
743 28 20 11
743 31 22 16
743 36 4 17
743 8 50 16
743 32 23 11
743 19 27 11
743 5 42 10
743 4 36 15
743 27 25 11
743 38 10 15
743 50 26 11
743 32 14 11
743 3 9 12
743 3 31 15
743 43 40 16
743 3 47 10
743 18 21 16
743 3 6 11
743 5 22 20
743 44 22 11
743 25 37 21
743 42 30 10
743 11 43 12
743 47 8 10
743 22 22 18
743 40 34 18
743 49 31 14
743 7 8 15
743 4 43 6
743 4 15 14
743 49 26 16
743 50 33 9
743 42 32 14
743 18 33 14
743 25 9 18
743 28 20 11
743 34 34 14
743 32 8 14
751 31 41 11
751 32 7 15
751 41 38 13
751 45 18 15
751 16 8 8
751 25 32 15
751 17 44 12
751 22 2 8
751 26 43 13
751 39 23 9
751 34 35 9
751 1 47 9
751 14 13 16
751 3 39 11
751 22 47 8
751 18 6 7
751 2 44 12
751 40 19 11
751 30 2 14
751 41 12 13
751 8 35 14
751 21 4 16
751 33 31 12
751 9 25 13
751 45 33 12
751 18 8 14
751 17 45 15
751 14 26 14
751 34 46 11
751 50 5 17
751 21 47 10
751 2 12 12
751 6 25 11
751 45 41 11
751 37 8 12
751 8 28 9
751 18 25 14
751 41 28 13
751 3 31 11
751 29 34 11
751 34 5 16
751 49 11 10
751 8 30 11
751 26 43 13
751 16 49 13
751 38 19 14
751 26 15 19
751 26 18 13
751 31 19 16
751 41 45 16
751 5 5 15
751 33 42 12
751 25 50 20
751 50 22 13
751 50 23 16
751 11 10 9
751 17 27 9
751 22 39 11
751 10 20 9
751 47 21 13
751 2 41 14
751 10 30 21
751 8 47 10
751 9 24 10
751 19 46 14
751 21 29 20
751 28 19 21
751 37 25 18
751 10 12 14
751 16 1 16
751 34 17 11
751 14 18 13
751 25 7 12
751 43 47 19
751 29 3 17
751 12 50 18
751 25 7 12
751 41 26 9
751 40 25 12
751 16 45 11
751 41 26 9
751 22 35 15
751 31 43 10
751 31 18 17
751 36 3 11
751 45 38 14
751 47 31 9
751 41 17 17
751 22 17 11
751 34 3 16
751 26 24 15
751 2 22 13
751 31 19 16
751 46 34 17
751 42 5 11
751 22 13 18
751 17 22 15
751 24 18 16
751 12 12 15
751 13 29 13
751 17 22 15
751 13 17 20
751 10 28 15
751 27 27 18
751 19 36 14
751 25 25 20
751 24 22 12
751 10 48 15
751 46 22 11
751 44 5 13
751 36 11 10
751 33 40 13
751 32 7 15
751 4 46 18
751 49 37 18
751 11 6 12
751 38 36 19
751 13 35 20
751 32 11 8
751 1 21 13
751 35 40 17
751 39 20 18
751 15 40 15
751 34 46 11
751 20 45 13
751 34 46 11
751 36 41 9
751 44 38 22
751 38 5 14
751 28 26 15
751 30 26 14
751 32 13 12
751 26 24 15
751 18 49 16
751 17 25 7
751 21 38 13
751 30 23 13
751 9 18 19
751 35 6 10
751 44 44 14
751 17 16 8
751 50 28 10
751 39 26 13
751 40 20 14
751 18 38 17
751 41 27 13
751 12 49 12
751 27 11 15
751 17 18 11
751 19 44 15
751 37 46 16
751 42 16 15
751 9 5 12
751 27 11 15
751 44 16 15
751 29 43 9
751 42 29 15
751 50 14 11
751 43 11 9
751 44 13 15
751 21 40 16
751 45 10 14
751 17 34 16
751 38 33 14
751 22 29 15
751 43 4 10
751 14 1 15
751 43 22 15
751 21 16 11
751 32 45 14
751 50 44 20
751 32 10 8
751 28 35 21
751 13 42 12
751 13 8 13
751 16 37 13
751 16 9 17
751 10 49 10
751 33 26 13
751 32 19 19
751 24 49 15
751 48 34 9
751 18 35 14
751 1 22 14
751 1 2 22
751 4 9 19
751 6 26 18
751 5 1 13
751 20 9 14
751 7 21 13
751 29 6 17
751 11 13 19
751 45 38 14
751 32 1 15
751 29 39 10
751 25 28 11
751 43 23 10
751 49 1 9
751 28 34 17
751 7 10 12
751 4 44 9
751 46 17 9
751 36 40 12
751 7 12 13
751 39 1 9
751 23 9 12
751 12 10 11
751 8 25 22
751 5 21 12
751 35 12 11
751 32 13 12
751 13 1 17
751 8 21 19
751 39 17 12
751 6 45 15
751 34 30 9
751 45 44 22
751 35 17 10
751 29 4 18
751 12 14 13
751 33 40 13
751 45 8 9
751 2 17 15
751 36 37 13
751 44 2 14
751 37 16 9
751 11 45 15
751 29 26 12
751 13 46 10
751 10 42 14
751 32 27 18
751 42 50 12
751 17 23 18
751 31 41 11
751 22 16 9
751 31 26 10
751 33 2 17
751 45 32 6
751 32 1 15
751 37 22 16
751 30 25 7
751 17 1 19
751 44 41 11
751 36 14 12
751 42 29 15
751 35 29 13
751 4 28 12
751 11 28 13
751 17 2 15
751 38 18 14
751 24 33 15
751 30 33 11
751 44 33 14
751 7 32 11
751 38 37 12
751 25 17 20
751 48 42 13
751 42 35 11
751 31 49 13
751 35 33 14
751 20 6 11
751 48 22 13
751 32 4 23
751 26 26 14
751 30 13 13
751 27 21 9
751 40 25 12
751 25 16 13
751 26 24 15
751 41 3 9
751 47 8 17
751 42 33 18
751 33 36 8
751 24 16 7
751 18 7 4
751 48 40 12
751 45 31 13
751 16 5 7
751 46 25 18
751 33 16 10
751 40 43 13
751 42 28 14
751 50 1 15
751 27 30 13
751 10 38 16
751 43 5 15
751 20 49 13
751 24 1 13
751 30 1 13
751 43 3 16
751 34 20 11
751 13 4 18
751 18 38 17
751 10 33 15
751 29 6 17
751 47 17 12
751 17 39 17
751 17 30 10
751 23 12 12
751 4 41 11
751 31 45 15
751 18 15 15
751 29 16 14
751 18 32 18
751 29 20 16
751 50 27 16
751 40 43 13
751 37 30 13
751 3 2 18
751 7 5 12
751 28 24 15
751 43 40 13
751 48 32 13
751 8 28 9
751 27 48 12
751 50 47 14
751 28 21 15
751 43 14 16
751 38 29 9
751 28 13 20
751 27 16 18
751 28 27 13
751 19 26 12
751 29 34 11
751 10 10 14
751 9 49 15
751 30 38 14
751 43 28 16
751 6 48 9
751 8 12 20
751 17 14 9
751 23 27 14
751 41 43 15
751 39 29 11
751 20 13 14
751 34 29 17
751 43 35 11
751 37 2 8
751 25 40 19
751 22 47 8
751 5 12 12
751 30 32 16
751 34 5 16
751 39 20 18
751 27 40 7
751 22 26 15
751 32 47 17
751 29 5 16
751 49 50 16
751 8 49 11
751 47 15 14
751 6 44 15
751 31 29 17
751 48 34 9
751 26 15 19
751 4 23 12
751 19 44 15
751 43 40 13
751 45 4 10
751 21 22 11
751 45 4 10
751 12 27 14
751 25 38 11
751 33 47 15
751 27 14 16
751 18 44 14
751 29 24 9
751 35 19 17
751 49 36 14
751 30 11 13
751 49 26 20
751 23 13 16
751 49 2 18
751 50 7 12
751 21 19 15
751 1 50 18
751 10 49 10
751 1 44 11
751 29 14 15
751 43 40 13
751 50 22 13
751 35 11 17
751 50 38 15
751 38 11 11
751 26 24 15
751 39 41 15
751 35 48 16
751 49 42 12
751 31 21 12
751 14 7 5
751 7 25 13
751 14 30 10
751 34 40 13
751 31 49 13
751 10 8 15
751 14 13 16
751 18 14 12
751 3 18 9
751 5 18 14
751 26 38 19
751 31 36 22
751 36 42 11
751 10 27 9
751 4 14 13
751 46 4 13
751 39 25 16
751 9 48 17
751 47 12 12
751 39 25 16
757 25 13 11
757 15 43 19
757 2 11 13
757 26 23 12
757 22 29 13
757 15 36 15
757 16 41 11
757 16 24 13
757 22 18 12
757 8 36 16
757 11 22 16
757 24 38 15
757 20 24 14
757 22 6 11
757 16 1 14
757 15 13 13
757 3 20 12
757 26 33 13
757 12 41 11
757 32 37 10
757 48 3 16
757 14 23 14
757 36 13 21
757 33 17 14
757 6 10 13
757 35 12 11
757 20 17 11
757 8 9 12
757 18 44 17
757 13 10 16
757 47 46 14
757 37 27 13
757 5 30 16
757 17 22 15
757 48 19 10
757 38 48 12
757 43 9 8
757 41 24 17
757 47 47 8
757 41 22 14
757 4 20 16
757 11 24 17
757 47 47 8
757 25 46 16
757 21 38 13
757 15 43 19
757 6 16 18
757 35 30 19
757 28 36 15
757 4 46 11
757 5 22 15
757 26 37 16
757 25 42 19
757 36 8 19
757 5 30 16
757 14 40 12
757 5 38 9
757 21 10 8
757 29 37 12
757 8 42 8
757 1 28 18
757 47 2 13
757 10 46 20
757 29 37 12
757 35 37 16
757 26 8 14
757 28 20 17
757 10 12 8
757 39 18 15
757 11 8 14
757 10 40 10
757 4 46 11
757 14 6 11
757 27 46 14
757 45 29 13
757 44 40 12
757 11 21 16
757 48 28 20
757 19 19 9
757 13 9 13
757 27 46 14
757 49 5 13
757 35 45 20
757 18 1 17
757 20 8 12
757 8 2 16
757 21 12 8
757 32 43 14
757 46 12 11
757 40 20 10
757 42 15 9
757 20 7 14
757 26 19 14
757 48 5 17
757 36 25 12
757 12 23 18
757 46 23 17
757 42 30 20
757 48 1 20
757 29 25 9
757 46 45 18
757 35 46 16
757 38 45 14
757 43 10 11
757 10 18 13
757 22 23 11
757 10 9 15
757 10 24 19
757 49 10 22
757 4 28 17
757 40 25 16
757 22 14 12
757 42 42 12
757 31 43 12
757 32 42 13
757 48 47 16
757 30 35 14
757 50 47 19
757 3 11 10
757 43 14 15
757 42 45 13
757 39 36 14
757 36 36 11
757 7 26 16
757 47 9 15
757 20 44 15
757 34 48 12
757 14 50 12
757 31 31 17
757 5 5 10
757 20 48 16
757 13 16 14
757 39 39 9
757 15 45 15
757 16 37 18
757 41 38 12
757 32 39 17
757 31 23 12
757 13 48 15
757 11 49 8
757 49 44 8
757 9 44 15
757 48 11 16
757 17 5 14
757 50 50 13
757 3 10 10
757 41 14 9
757 37 6 8
757 47 7 17
757 13 39 16
757 18 40 18
757 17 44 11
757 30 20 16
757 17 9 18
757 49 6 13
757 4 19 15
757 4 24 9
757 21 32 16
757 42 36 11
757 41 43 11
757 30 50 15
757 24 14 14
757 15 49 17
757 42 38 14
757 45 1 11
757 37 41 8
757 1 3 15
757 47 35 11
757 27 11 16
757 17 9 18
757 19 7 17
757 11 25 17
757 20 46 12
757 2 28 20
757 6 41 13
757 42 36 11
757 33 10 10
757 45 10 20
757 7 13 17
757 37 14 9
757 30 48 16
757 48 37 14
757 1 16 15
757 39 4 12
757 40 35 14
757 8 47 8
757 42 37 15
757 3 40 13
757 13 18 13
757 13 42 10
757 40 23 13
757 22 24 11
757 16 26 11
757 33 49 13
757 37 23 12
757 17 29 17
757 45 43 14
757 30 33 17
757 46 23 17
757 45 19 12
757 10 25 17
757 11 37 15
757 15 38 18
757 27 8 11
757 23 38 11
757 14 7 11
757 2 50 13
757 13 26 17
757 30 40 11
757 15 19 19
757 21 23 12
757 11 38 8
757 2 10 14
757 42 42 12
757 23 10 7
757 42 49 10
757 15 11 9
757 21 19 13
757 25 40 13
757 10 35 14
757 17 23 18
757 3 12 10
757 30 3 11
757 20 16 18
757 6 16 18
757 14 20 14
757 38 5 13
757 8 43 9
757 11 34 15
757 30 50 15
757 33 44 14
757 26 50 14
757 46 30 12
757 4 25 12
757 44 13 17
757 12 20 12
757 27 15 10
757 32 14 17
757 45 45 18
757 9 24 7
757 2 26 12
757 13 36 15
757 21 23 12
757 47 41 12
757 6 46 12
757 38 7 11
757 40 37 10
757 17 6 12
757 39 26 12
757 16 49 19
757 48 31 13
757 1 45 15
757 7 19 10
757 13 26 17
757 48 30 11
757 5 2 12
757 18 38 15
757 41 21 17
757 28 35 13
757 28 12 17
757 6 18 11
757 6 38 11
757 19 47 13
757 40 5 11
757 11 32 11
757 46 40 14
757 29 33 13
757 44 36 22
757 30 40 11
757 7 36 20
757 4 15 5
757 37 40 19
757 3 27 16
757 8 14 14
757 19 16 21
757 9 30 12
757 11 47 13
757 26 18 9
757 7 12 11
757 25 7 17
757 25 12 13
757 18 38 15
757 30 15 10
757 25 11 19
757 43 39 11
757 38 16 16
757 48 50 14
757 33 18 15
757 48 43 11
757 34 3 16
757 14 14 12
757 34 2 12
757 12 29 12
757 43 1 16
757 24 20 7
757 38 7 11
757 8 40 10
757 1 35 17
757 46 5 10
757 16 3 14
757 6 11 15
757 11 14 18
757 33 31 9
757 41 50 8
757 1 24 21
757 48 8 10
757 18 44 17
757 12 14 11
757 24 13 7
757 26 6 19
757 35 28 15
757 8 16 12
757 39 20 10
757 6 48 14
757 50 17 14
757 31 17 16
757 27 41 15
757 36 27 14
757 42 36 11
757 26 44 16
757 14 2 10
757 18 16 13
757 4 38 11
757 1 47 9
757 9 25 12
757 20 41 15
757 7 37 13
757 9 16 8
757 2 2 15
757 10 49 13
757 11 18 12
757 7 25 20
757 13 11 12
757 20 24 14
757 43 40 12
757 33 17 14
757 42 37 15
757 14 47 7
757 33 9 14
757 40 24 11
757 12 9 11
757 25 44 12
757 1 8 12
757 4 19 15
757 13 32 15
757 36 39 21
757 18 46 13
757 49 25 13
757 5 41 16
757 26 22 16
757 48 49 12
757 20 19 11
757 26 15 19
757 15 33 15
757 42 21 14
757 44 8 16
757 20 23 10
757 49 10 22
757 9 48 9
757 2 46 10
757 1 7 15
757 30 7 15
757 21 44 17
757 9 4 12
757 11 21 16
757 37 6 8
757 12 6 11
757 37 44 16
757 45 38 9
757 36 16 11
757 48 46 13
757 47 2 13
757 15 39 10
757 14 45 19
757 21 46 11
757 32 49 13
757 11 27 18
757 3 1 10
757 8 35 14
757 4 7 12
757 27 16 20
757 33 2 11
757 25 43 12
757 30 9 14
757 29 7 24
757 4 43 17
757 44 20 16
757 24 7 10
757 20 31 14
757 6 16 18
757 13 45 10
757 49 42 12
757 44 30 18
757 34 45 17
757 46 41 14
757 10 10 16
757 7 30 16
757 38 25 17
757 8 38 10
757 17 43 16
757 35 16 15
757 16 21 15
757 7 31 14
757 30 37 12
757 47 6 13
757 22 3 15
757 14 20 14
757 36 8 19
757 26 26 19
761 41 34 12
761 49 42 10
761 26 19 5
761 21 44 15
761 7 17 15
761 44 35 10
761 17 9 12
761 3 23 20
761 5 14 16
761 37 21 8
761 3 39 5
761 13 38 14
761 34 1 17
761 40 33 15
761 25 29 15
761 14 16 14
761 2 44 16
761 15 32 11
761 13 34 20
761 2 31 19
761 23 42 20
761 37 17 16
761 26 40 10
761 33 20 13
761 5 5 10
761 6 31 6
761 48 46 11
761 50 29 15
761 9 27 15
761 40 37 14
761 49 40 12
761 21 25 11
761 6 45 13
761 8 6 10
761 38 1 16
761 17 25 12
761 12 49 9
761 25 24 11
761 19 4 14
761 17 37 7
761 14 27 18
761 40 40 20
761 14 8 13
761 38 18 15
761 20 45 17
761 19 50 18
761 24 34 6
761 24 50 12
761 41 10 13
761 20 29 19
761 17 5 15
761 4 49 14
761 4 20 12
761 33 37 7
761 10 16 12
761 15 10 17
761 38 47 21
761 43 29 7
761 8 23 13
761 47 39 19
761 39 41 13
761 27 13 11
761 17 31 14
761 35 27 20
761 3 48 11
761 27 38 17
761 32 27 8
761 37 2 15
761 36 50 18
761 44 41 17
761 15 38 9
761 13 44 17
761 41 2 14
761 1 18 11
761 35 38 14
761 11 7 14
761 24 7 7
761 36 37 14
761 23 28 9
761 42 44 17
761 8 11 9
761 1 38 7
761 9 37 13
761 16 6 20
761 37 32 10
761 26 5 10
761 9 1 16
761 6 6 11
761 33 22 16
761 19 18 9
761 22 31 19
761 5 37 14
761 17 4 14
761 22 43 10
761 7 23 10
761 6 31 6
761 24 8 15
761 38 2 11
761 23 17 15
761 20 20 13
761 39 41 13
761 43 2 15
761 22 20 4
761 33 13 11
761 9 23 8
761 46 46 20
761 18 40 14
761 11 44 18
761 34 46 18
761 35 40 12
761 38 31 18
761 26 31 13
761 25 43 16
761 35 17 13
761 8 38 23
761 40 32 16
761 20 32 10
761 40 32 16
761 50 9 8
761 29 20 19
761 20 27 11
761 44 19 17
761 34 12 11
761 17 11 15
761 12 27 9
761 12 6 14
761 15 38 9
761 16 38 8
761 18 1 20
761 36 23 14
761 49 2 15
761 19 14 15
761 12 40 18
761 38 33 12
761 19 23 15
761 13 6 14
761 43 20 12
761 6 50 9
761 30 10 11
761 32 19 9
761 45 25 12
761 18 10 13
761 14 18 13
761 15 7 13
761 43 49 15
761 33 29 12
761 33 21 16
761 27 18 15
761 30 10 11
761 42 26 16
761 16 31 15
761 33 15 11
761 9 7 14
761 7 19 13
761 7 43 19
761 28 49 10
761 10 16 12
761 44 39 7
761 41 7 11
761 25 4 8
761 8 20 8
761 30 17 13
761 20 28 8
761 11 28 18
761 14 15 14
761 27 19 19
761 6 10 15
761 22 13 13
761 8 31 15
761 39 43 14
761 21 44 15
761 41 20 12
761 1 24 12
761 45 49 12
761 46 48 7
761 38 42 17
761 12 28 10
761 37 24 23
761 35 37 17
761 33 49 14
761 10 44 14
761 17 39 18
761 41 21 12
761 8 14 17
761 40 50 10
761 7 39 21
761 39 5 15
761 14 10 15
761 6 25 19
761 33 42 12
761 36 2 17
761 10 38 15
761 22 26 17
761 50 30 14
761 1 26 20
761 46 21 19
761 11 19 11
761 50 24 13
761 14 14 21
761 8 50 9
761 44 25 8
761 37 34 17
761 41 13 13
761 31 2 14
761 50 5 9
761 41 8 15
761 14 6 18
761 25 14 13
761 26 35 10
761 39 39 11
761 34 46 18
761 18 15 18
761 24 36 15
761 8 35 15
761 35 34 15
761 24 3 11
761 15 24 11
761 32 49 15
761 16 8 11
761 43 5 10
761 42 14 6
761 3 13 14
761 37 11 20
761 31 30 15
761 31 33 10
761 26 13 19
761 36 38 15
761 46 18 17
761 18 27 15
761 27 17 12
761 29 3 6
761 14 1 20
761 17 7 11
761 49 50 18
761 47 14 11
761 20 24 13
761 6 6 11
761 11 29 8
761 20 25 17
761 16 15 10
761 28 30 12
761 34 8 11
761 4 14 8
761 49 17 9
761 20 17 6
761 41 25 15
761 10 22 20
761 42 23 18
761 30 17 13
761 9 24 16
761 30 21 15
761 29 34 14
761 15 17 13
761 45 19 17
761 39 32 16
761 47 46 12
761 46 18 17
761 32 6 12
761 3 29 13
761 21 30 16
761 5 35 14
761 24 15 10
761 23 49 12
761 5 34 12
761 41 8 15
761 20 45 17
761 5 30 15
761 34 1 17
761 42 29 10
761 39 49 13
761 42 21 18
761 30 7 14
761 48 50 6
761 38 18 15
761 21 26 11
761 7 20 15
761 35 6 15
761 37 21 8
761 18 42 11
761 32 10 9
761 39 43 14
761 11 39 14
761 28 14 10
761 43 37 16
761 23 8 16
761 38 6 21
761 24 23 14
761 17 10 16
761 38 41 13
761 42 32 12
761 27 37 15
761 38 5 10
761 10 9 9
761 2 14 11
761 31 26 14
761 41 30 8
761 44 48 14
761 32 20 13
761 13 9 13
761 22 8 17
761 12 18 10
761 41 3 13
761 50 8 13
761 5 21 14
761 14 30 15
761 6 31 6
761 20 3 14
761 24 3 11
761 39 33 10
761 50 6 19
761 9 20 13
761 32 27 8
761 23 31 17
761 35 26 16
761 5 34 12
761 8 45 16
761 17 16 9
761 30 48 13
761 4 8 7
761 27 16 11
761 18 44 12
761 26 20 13
761 10 9 9
761 47 34 11
761 1 15 13
761 50 3 11
761 20 3 14
761 30 20 12
761 23 23 12
761 40 17 15
761 47 41 4
761 9 6 13
761 15 7 13
761 18 12 19
761 45 36 13
761 38 39 12
761 2 30 15
761 5 48 14
761 36 6 10
761 11 13 17
761 17 36 17
761 19 48 8
761 46 21 19
761 27 36 15
761 39 26 10
761 48 21 13
761 33 38 14
761 27 24 18
761 42 40 17
761 35 4 11
761 24 21 10
761 28 1 17
761 1 14 14
761 46 35 11
761 17 5 15
761 11 9 16
761 6 2 11
761 16 36 14
761 28 20 15
761 31 49 13
761 49 19 11
761 33 9 16
761 7 5 16
761 14 45 14
761 30 43 20
761 32 44 18
761 3 39 5
761 37 41 11
761 48 26 10
761 20 20 13
761 16 2 18
761 6 44 10
761 25 3 17
761 14 7 9
761 43 8 13
761 13 40 15
761 19 34 12
761 20 15 16
761 43 4 11
761 5 25 10
761 9 26 12
761 18 40 14
761 11 45 15
761 23 8 16
761 15 6 20
761 49 15 11
761 25 36 17
761 10 12 16
761 6 25 19
761 8 39 19
761 13 50 16
761 28 47 13
761 32 29 12
761 35 36 14
761 41 35 19
761 47 38 16
761 28 22 10
761 13 22 15
761 38 15 14
761 47 33 17
761 25 27 13
761 20 10 14
761 47 28 10
761 9 33 12
761 42 23 18
761 2 10 8
761 17 45 14
761 10 37 13
761 46 34 19
769 43 45 18
769 8 37 10
769 36 33 16
769 33 34 15
769 18 19 21
769 27 26 19
769 11 37 8
769 28 32 21
769 42 38 11
769 39 42 10
769 6 24 14
769 7 26 13
769 27 5 11
769 46 36 15
769 32 50 18
769 16 15 18
769 1 26 17
769 38 43 10
769 24 14 12
769 44 13 12
769 10 22 17
769 49 39 13
769 26 35 8
769 17 2 13
769 47 34 10
769 36 23 12
769 15 7 12
769 38 47 13
769 28 32 21
769 20 35 10
769 28 27 15
769 13 40 12
769 35 41 16
769 27 44 22
769 17 18 12
769 48 9 8
769 4 4 20
769 46 26 14
769 28 45 9
769 25 9 16
769 12 48 8
769 40 8 16
769 8 29 9
769 13 41 15
769 4 33 9
769 33 46 15
769 45 10 11
769 45 12 14
769 34 7 13
769 6 27 8
769 35 18 16
769 26 13 9
769 8 32 13
769 48 40 15
769 25 24 12
769 19 10 10
769 5 16 11
769 21 17 12
769 2 50 8
769 1 50 14
769 41 28 13
769 4 10 15
769 19 6 14
769 45 30 14
769 42 3 3
769 3 34 14
769 12 47 17
769 43 32 9
769 14 35 15
769 46 40 9
769 33 46 15
769 19 31 13
769 40 40 9
769 41 8 16
769 21 6 12
769 39 30 10
769 5 19 13
769 16 31 15
769 37 30 17
769 23 34 9
769 16 43 17
769 38 46 14
769 31 23 13
769 1 18 15
769 10 36 13
769 12 5 21
769 1 19 8
769 42 17 19
769 37 25 12
769 33 48 12
769 13 38 15
769 28 12 11
769 13 50 7
769 38 44 13
769 21 17 12
769 42 17 19
769 10 1 12
769 41 45 15
769 34 23 16
769 50 41 18
769 38 12 7
769 26 40 14
769 48 19 17
769 37 39 16
769 35 25 10
769 20 4 12
769 16 32 18
769 22 2 10
769 33 31 19
769 33 42 10
769 16 50 7
769 44 23 8
769 28 33 15
769 6 25 17
769 33 40 11
769 39 14 11
769 2 43 16
769 23 44 11
769 4 39 14
769 22 35 7
769 4 27 12
769 37 18 15
769 11 26 14
769 36 15 7
769 21 10 11
769 50 27 5
769 6 37 14
769 45 33 11
769 46 19 19
769 5 11 8
769 46 22 14
769 29 34 14
769 4 6 13
769 3 25 18
769 44 31 14
769 4 36 11
769 5 17 11
769 45 13 9
769 25 32 9
769 31 2 15
769 20 42 9
769 3 1 21
769 22 3 8
769 34 9 14
769 23 43 8
769 35 47 11
769 44 20 13
769 49 33 13
769 22 40 18
769 23 11 11
769 13 12 14
769 23 10 14
769 8 16 15
769 18 42 14
769 26 33 19
769 43 36 13
769 25 43 14
769 29 23 20
769 23 31 8
769 27 32 15
769 47 14 18
769 18 12 14
769 7 39 12
769 45 50 9
769 32 33 10
769 35 16 15
769 45 34 11
769 26 36 10
769 30 23 19
769 21 29 12
769 37 3 13
769 37 8 13
769 17 25 19
769 8 32 13
769 42 23 15
769 18 5 12
769 4 38 21
769 2 27 17
769 4 18 13
769 1 22 12
769 29 17 11
769 14 32 6
769 7 22 10
769 44 34 16
769 48 43 14
769 18 47 11
769 3 16 10
769 27 4 12
769 22 22 9
769 11 39 14
769 13 8 19
769 37 27 16
769 27 34 13
769 39 38 18
769 50 12 11
769 7 28 11
769 17 46 17
769 32 43 11
769 2 13 12
769 16 40 10
769 33 9 14
769 50 12 11
769 43 1 14
769 18 24 11
769 21 22 11
769 28 35 10
769 48 44 16
769 44 3 15
769 40 31 22
769 29 26 13
769 19 45 8
769 5 41 13
769 47 4 21
769 25 50 11
769 39 9 18
769 39 17 19
769 4 24 11
769 33 13 14
769 37 45 12
769 10 38 10
769 20 42 9
769 49 38 13
769 5 44 15
769 11 45 16
769 1 17 11
769 29 40 18
769 40 32 16
769 33 36 10
769 43 20 15
769 31 28 8
769 27 49 9
769 38 37 16
769 28 39 16
769 11 13 12
769 44 22 14
769 42 37 14
769 17 16 16
769 44 24 13
769 10 23 12
769 41 24 11
769 25 44 11
769 2 20 10
769 18 40 14
769 10 6 8
769 50 2 10
769 11 42 18
769 1 15 9
769 26 17 6
769 39 9 18
769 33 39 12
769 36 49 13
769 16 38 15
769 26 43 11
769 34 15 14
769 50 33 13
769 47 17 11
769 6 19 9
769 2 8 10
769 39 47 8
769 25 12 9
769 32 15 12
769 13 11 12
769 49 49 15
769 45 22 9
769 27 4 12
769 8 48 17
769 48 30 13
769 45 18 13
769 31 46 15
769 11 20 7
769 13 44 10
769 8 42 23
769 4 38 21
769 28 24 15
769 11 35 14
769 24 23 9
769 46 9 10
769 13 49 14
769 28 10 15
769 14 45 15
769 17 13 10
769 24 26 12
769 16 34 11
769 24 2 8
769 47 29 11
769 42 39 21
769 35 44 12
769 29 38 10
769 50 35 15
769 29 14 8
769 49 10 11
769 6 4 13
769 46 16 10
769 16 14 15
769 38 32 13
769 15 30 13
769 25 36 16
769 46 28 9
769 22 45 11
769 47 47 12
769 36 23 12
769 46 14 9
769 28 4 22
769 1 36 15
769 14 23 13
769 42 6 10
769 6 19 9
769 32 48 16
769 41 20 12
769 23 6 17
769 25 4 13
769 46 17 12
769 17 10 12
769 43 15 16
769 40 38 9
769 17 14 9
769 11 40 14
769 26 5 12
769 22 41 14
769 46 36 15
769 3 32 15
769 18 27 14
769 8 29 9
769 41 1 12
769 31 27 13
769 19 3 15
769 45 48 8
769 11 1 12
769 16 35 14
769 21 18 8
769 6 35 15
769 43 39 8
769 8 11 8
769 44 22 14
769 27 8 19
769 13 6 18
769 10 12 15
769 50 28 12
769 13 49 14
769 49 38 13
769 8 30 17
769 13 37 9
769 28 44 12
769 25 50 11
769 33 28 18
769 45 40 17
769 39 50 8
769 9 50 17
769 2 18 6
769 4 32 14
769 14 21 13
769 29 44 8
769 38 44 13
769 49 43 17
769 26 45 13
769 24 23 9
769 47 41 7
769 35 46 14
769 50 7 14
769 5 45 18
769 31 48 15
769 41 10 15
769 2 44 12
769 7 15 18
769 44 37 10
769 13 6 18
769 32 29 12
769 6 26 12
769 36 13 12
769 15 3 8
769 31 42 17
769 18 17 11
769 43 12 16
769 24 13 12
769 39 17 19
769 26 45 13
769 30 31 18
769 39 41 14
769 1 22 12
769 21 46 14
769 46 5 17
769 33 30 22
769 19 11 19
769 2 47 16
769 10 23 12
769 29 7 13
769 27 12 9
769 43 19 12
769 13 37 9
769 20 20 14
769 24 8 6
769 22 50 13
769 23 13 18
769 47 7 11
769 42 43 16
769 47 19 9
769 41 14 11
769 19 7 12
769 30 42 10
769 16 7 13
769 36 16 17
769 10 29 21
769 25 5 16
769 40 32 16
769 6 19 9
769 27 47 15
769 44 21 17
769 7 41 13
769 7 33 11
773 21 39 12
773 25 44 13
773 50 34 9
773 1 16 17
773 9 44 20
773 40 45 12
773 41 13 16
773 37 4 15
773 13 35 17
773 39 16 12
773 12 37 14
773 5 23 17
773 13 25 17
773 9 49 10
773 39 40 13
773 40 13 11
773 23 16 14
773 26 38 12
773 17 27 8
773 10 2 13
773 15 23 10
773 7 13 12
773 32 16 20
773 32 30 16
773 18 15 21
773 30 19 19
773 43 30 10
773 18 49 13
773 32 18 14
773 19 7 16
773 5 14 16
773 6 4 15
773 25 47 12
773 16 32 10
773 5 8 13
773 25 5 13
773 44 10 22
773 21 26 14
773 30 5 14
773 38 46 20
773 2 50 12
773 31 18 10
773 1 9 13
773 31 20 14
773 29 19 16
773 17 47 20
773 5 43 25
773 40 27 14
773 32 30 16
773 26 23 17
773 24 25 13
773 4 49 13
773 1 43 16
773 46 24 13
773 12 18 15
773 38 15 19
773 44 14 12
773 8 9 17
773 29 49 14
773 31 17 13
773 16 20 13
773 9 45 13
773 1 14 15
773 4 3 17
773 9 4 15
773 6 33 14
773 22 42 21
773 33 25 12
773 27 31 15
773 33 6 17
773 32 25 11
773 47 10 15
773 2 13 13
773 32 15 7
773 36 25 11
773 30 23 12
773 31 37 17
773 7 5 11
773 9 50 5
773 44 45 6
773 48 36 18
773 22 31 10
773 21 49 12
773 4 21 14
773 23 30 11
773 16 6 14
773 8 26 10
773 28 50 11
773 39 25 10
773 37 21 13
773 3 10 8
773 36 39 17
773 9 20 11
773 36 24 13
773 6 46 15
773 15 6 16
773 20 8 15
773 41 28 16
773 39 18 17
773 37 40 8
773 8 34 10
773 2 14 9
773 35 32 12
773 43 2 13
773 8 37 6
773 6 42 19
773 6 39 10
773 46 39 15
773 24 41 20
773 3 33 14
773 39 9 16
773 22 32 10
773 49 42 14
773 33 32 19
773 18 10 17
773 8 1 12
773 5 49 13
773 45 18 20
773 30 29 15
773 49 18 14
773 44 16 15
773 1 48 15
773 34 19 18
773 37 49 14
773 14 49 18
773 37 29 8
773 9 8 9
773 20 7 10
773 14 22 17
773 38 23 12
773 30 30 18
773 21 4 11
773 12 27 9
773 3 9 16
773 31 16 14
773 50 39 8
773 1 1 18
773 32 31 14
773 21 4 11
773 38 27 13
773 37 39 14
773 11 35 17
773 35 40 8
773 43 1 11
773 38 25 17
773 37 35 12
773 27 39 15
773 34 27 6
773 11 45 17
773 3 46 10
773 41 45 13
773 44 43 14
773 18 35 10
773 43 12 15
773 47 41 11
773 5 42 11
773 4 24 12
773 27 48 15
773 48 31 11
773 17 11 8
773 34 8 11
773 44 33 17
773 46 26 14
773 36 14 17
773 39 40 13
773 22 40 11
773 17 35 17
773 33 27 12
773 21 6 13
773 50 31 15
773 36 21 12
773 24 48 19
773 50 32 8
773 5 16 12
773 27 48 15
773 27 34 12
773 8 15 9
773 36 35 7
773 40 39 9
773 19 44 12
773 37 8 8
773 45 13 13
773 35 1 13
773 2 30 11
773 27 39 15
773 14 23 19
773 40 40 20
773 27 3 11
773 33 34 11
773 40 14 11
773 33 42 10
773 16 35 17
773 42 44 10
773 1 49 15
773 15 27 16
773 2 18 15
773 36 20 20
773 40 31 9
773 7 29 21
773 11 46 15
773 15 29 12
773 16 20 13
773 33 21 17
773 24 33 17
773 32 29 12
773 32 28 15
773 48 46 10
773 43 4 13
773 28 5 16
773 32 17 12
773 8 48 12
773 50 15 10
773 39 2 10
773 4 23 10
773 5 1 11
773 48 38 11
773 11 5 9
773 11 44 17
773 40 23 19
773 21 21 16
773 50 38 12
773 48 27 16
773 30 47 14
773 30 24 11
773 41 24 13
773 28 43 12
773 3 7 9
773 5 20 12
773 9 20 11
773 10 34 9
773 2 43 12
773 37 21 13
773 35 33 9
773 46 36 10
773 5 50 13
773 40 15 5
773 7 45 15
773 21 6 13
773 16 43 8
773 31 35 12
773 4 4 12
773 30 8 10
773 29 16 17
773 49 19 11
773 46 13 13
773 39 8 14
773 38 33 13
773 20 10 12
773 48 18 11
773 6 13 12
773 17 3 13
773 6 30 10
773 4 28 16
773 28 17 13
773 14 1 20
773 34 35 19
773 33 12 10
773 42 14 8
773 26 24 15
773 28 20 19
773 14 32 14
773 14 49 18
773 45 14 12
773 34 31 17
773 36 46 8
773 22 20 16
773 50 41 12
773 4 24 12
773 43 21 13
773 34 33 15
773 30 7 11
773 9 23 12
773 30 24 11
773 45 45 12
773 8 4 20
773 2 12 12
773 1 20 14
773 21 43 16
773 3 21 12
773 2 16 14
773 32 24 13
773 22 31 10
773 39 35 15
773 6 29 14
773 38 41 18
773 1 38 9
773 13 13 14
773 35 49 17
773 3 34 12
773 23 35 8
773 29 24 11
773 42 32 15
773 27 47 12
773 27 44 16
773 44 7 12
773 3 39 13
773 44 4 13
773 15 23 10
773 21 27 12
773 39 20 8
773 10 14 9
773 10 43 18
773 24 50 16
773 20 24 9
773 30 34 16
773 30 11 8
773 1 7 8
773 35 26 14
773 3 18 14
773 16 1 11
773 30 33 12
773 31 2 13
773 23 43 12
773 37 34 13
773 28 48 9
773 44 46 17
773 22 46 9
773 1 29 15
773 6 10 17
773 40 17 13
773 34 8 11
773 6 25 10
773 38 31 10
773 27 30 7
773 4 46 11
773 12 30 11
773 12 49 11
773 4 29 15
773 44 20 18
773 7 48 9
773 19 37 16
773 28 6 15
773 28 50 11
773 34 44 9
773 11 31 13
773 38 44 11
773 33 14 12
773 41 6 9
773 34 16 20
773 16 35 17
773 17 17 10
773 27 10 16
773 11 13 17
773 3 5 15
773 46 22 8
773 13 9 15
773 17 15 15
773 37 37 11
773 13 45 12
773 37 30 11
773 10 29 12
773 1 34 12
773 42 46 15
773 4 11 17
773 27 37 16
773 48 24 18
773 50 28 11
773 20 2 12
773 22 21 17
773 13 24 13
773 35 48 16
773 49 41 17
773 18 24 7
773 8 43 10
773 41 47 10
773 25 40 12
773 49 17 12
773 25 15 12
773 10 47 16
773 19 40 7
773 34 29 15
773 11 6 7
773 15 34 8
773 11 36 15
773 21 24 11
773 27 41 9
773 8 5 13
773 49 35 20
773 18 3 15
773 21 41 9
773 34 8 11
773 14 26 10
773 3 44 11
773 27 9 13
773 34 45 12
773 5 50 13
773 39 19 14
773 29 30 14
773 41 13 16
773 49 36 12
773 23 50 12
773 8 6 10
773 32 8 14
773 41 17 14
773 25 4 14
773 36 13 12
773 49 40 16
773 10 5 8
773 43 1 11
773 29 40 17
773 33 15 13
773 33 21 17
773 24 48 19
773 24 46 9
773 44 20 18
773 26 42 12
773 39 29 12
773 41 40 11
773 40 17 13
787 11 44 7
787 18 47 10
787 20 22 8
787 43 7 14
787 41 15 12
787 47 32 14
787 20 43 12
787 3 30 12
787 35 25 6
787 23 32 10
787 7 15 12
787 19 26 10
787 46 48 8
787 18 11 11
787 32 1 15
787 21 43 15
787 38 21 9
787 38 25 10
787 40 29 8
787 39 25 14
787 34 43 15
787 40 34 17
787 16 12 11
787 25 9 12
787 31 31 14
787 32 43 9
787 34 17 13
787 32 41 13
787 6 7 12
787 21 39 11
787 39 14 13
787 34 26 12
787 37 37 7
787 7 20 15
787 32 47 17
787 38 1 13
787 23 50 9
787 42 36 6
787 27 42 11
787 43 26 11
787 29 38 11
787 45 15 18
787 46 2 11
787 30 2 13
787 28 47 10
787 4 6 13
787 35 15 19
787 32 50 12
787 26 33 14
787 48 43 15
787 10 11 16
787 31 31 14
787 27 23 10
787 45 2 13
787 31 30 8
787 30 28 13
787 6 37 11
787 33 17 14
787 50 38 15
787 12 16 13
787 42 7 9
787 47 9 11
787 35 2 17
787 38 16 15
787 33 14 14
787 39 5 10
787 7 17 11
787 37 5 16
787 2 38 17
787 2 5 10
787 21 12 14
787 28 32 11
787 31 45 13
787 9 28 18
787 9 36 7
787 25 26 14
787 12 33 16
787 1 34 9
787 1 15 9
787 30 49 8
787 18 15 10
787 26 7 14
787 31 23 9
787 6 37 11
787 2 14 11
787 2 13 14
787 8 33 6
787 39 2 14
787 13 4 12
787 22 21 11
787 23 3 13
787 31 6 9
787 44 11 10
787 8 35 10
787 12 34 15
787 46 5 13
787 13 43 16
787 32 32 11
787 42 9 11
787 35 41 13
787 49 13 12
787 16 35 12
787 3 30 12
787 21 41 8
787 24 32 12
787 28 7 15
787 43 21 12
787 31 29 12
787 40 38 11
787 41 50 15
787 35 37 13
787 17 13 5
787 5 34 10
787 18 17 19
787 8 9 15
787 47 35 15
787 32 14 13
787 15 41 9
787 13 4 12
787 10 25 14
787 12 3 13
787 39 13 7
787 14 28 20
787 42 17 11
787 13 47 13
787 13 5 12
787 5 2 15
787 42 44 5
787 13 39 13
787 37 15 14
787 2 26 12
787 45 42 11
787 43 50 7
787 22 24 8
787 3 47 25
787 34 47 18
787 17 44 20
787 20 40 11
787 1 28 12
787 24 16 17
787 37 7 13
787 14 29 8
787 1 39 18
787 35 17 8
787 48 21 13
787 6 41 10
787 18 16 14
787 7 2 12
787 23 35 17
787 36 28 13
787 37 41 13
787 35 15 19
787 32 45 11
787 8 41 12
787 3 48 10
787 20 30 11
787 32 24 8
787 30 5 14
787 21 5 14
787 32 4 12
787 10 9 9
787 14 35 13
787 38 11 10
787 13 15 16
787 3 44 9
787 16 50 14
787 12 50 16
787 32 37 16
787 40 14 16
787 13 37 15
787 25 26 14
787 15 6 10
787 25 19 16
787 7 29 17
787 12 8 9
787 20 47 10
787 14 7 14
787 46 40 11
787 47 3 9
787 11 5 11
787 20 35 12
787 37 45 8
787 11 31 20
787 20 15 16
787 48 43 15
787 44 17 8
787 26 14 14
787 5 22 18
787 13 3 19
787 38 13 13
787 19 2 10
787 38 29 9
787 45 3 11
787 13 13 17
787 38 44 14
787 3 8 3
787 10 29 10
787 36 15 9
787 8 36 10
787 8 14 16
787 10 14 9
787 9 45 14
787 42 28 15
787 6 17 14
787 8 34 15
787 30 14 11
787 18 44 15
787 32 7 11
787 37 23 13
787 5 8 14
787 17 6 14
787 4 9 10
787 38 46 8
787 23 21 9
787 33 14 14
787 22 35 7
787 4 49 15
787 31 32 12
787 25 33 10
787 44 31 7
787 13 33 9
787 14 31 15
787 19 28 8
787 19 17 14
787 24 17 10
787 32 35 16
787 12 17 14
787 15 6 10
787 50 3 12
787 16 3 11
787 21 25 15
787 5 13 8
787 44 17 8
787 38 35 9
787 10 16 10
787 19 19 12
787 7 15 12
787 25 23 11
787 38 28 15
787 1 12 17
787 24 20 12
787 44 39 12
787 43 36 9
787 3 21 14
787 36 28 13
787 4 17 10
787 44 34 11
787 42 33 20
787 24 13 9
787 11 22 13
787 27 10 11
787 22 17 16
787 42 24 18
787 14 50 13
787 27 40 18
787 6 43 10
787 45 2 13
787 46 16 14
787 44 20 13
787 47 20 16
787 15 15 11
787 26 27 11
787 3 34 16
787 30 5 14
787 42 49 8
787 28 28 7
787 42 41 15
787 19 47 14
787 40 16 9
787 38 4 12
787 28 34 16
787 15 18 12
787 42 16 10
787 18 26 12
787 21 12 14
787 39 45 6
787 2 35 8
787 28 25 17
787 5 28 16
787 18 46 10
787 11 2 10
787 11 32 7
787 33 43 14
787 1 45 12
787 39 41 15
787 41 42 8
787 32 29 15
787 26 28 16
787 5 16 15
787 50 49 17
787 19 19 12
787 4 30 13
787 12 29 20
787 27 10 11
787 19 37 14
787 36 50 14
787 45 40 10
787 39 23 7
787 30 30 11
787 6 8 10
787 8 43 12
787 35 5 10
787 3 6 12
787 8 4 18
787 29 21 12
787 20 23 17
787 48 19 13
787 38 36 11
787 27 38 13
787 38 45 7
787 9 5 11
787 3 29 13
787 3 25 16
787 31 16 21
787 29 11 8
787 38 1 13
787 50 38 15
787 29 7 16
787 19 34 11
787 49 41 15
787 32 12 14
787 31 26 15
787 38 12 17
787 17 13 5
787 15 33 11
787 39 36 15
787 41 1 16
787 44 47 11
787 8 30 20
787 15 20 18
787 39 27 13
787 36 23 16
787 12 27 12
787 14 5 16
787 9 28 18
787 39 50 16
787 35 13 16
787 11 19 15
787 40 16 9
787 26 27 11
787 39 3 13
787 41 29 10
787 31 8 10
787 37 12 10
787 47 21 15
787 5 1 16
787 3 44 9
787 4 45 15
787 21 4 15
787 31 17 10
787 38 49 9
787 15 37 20
787 49 42 14
787 49 21 12
787 16 23 9
787 48 1 13
787 33 15 11
787 50 25 16
787 18 46 10
787 43 2 11
787 14 25 13
787 45 29 15
787 33 2 12
787 3 10 8
787 42 23 14
787 1 13 13
787 24 4 12
787 22 12 9
787 1 47 10
787 16 26 9
787 27 25 15
787 16 26 9
787 14 46 14
787 5 46 18
787 31 15 14
787 7 46 16
787 9 32 16
787 44 18 12
787 48 29 7
787 6 6 19
787 34 26 12
787 9 3 12
787 32 22 16
787 38 6 11
787 17 50 18
787 12 24 14
787 11 18 9
787 28 42 10
787 11 32 7
787 14 3 9
787 18 6 10
787 5 45 12
787 24 34 10
787 33 1 18
787 50 48 15
787 18 43 8
787 31 35 10
787 29 14 13
787 23 25 23
787 3 30 12
787 4 43 8
787 46 44 17
787 14 50 13
787 50 19 15
787 27 1 15
787 43 28 12
787 27 3 12
787 44 15 13
787 20 46 20
797 38 27 18
797 27 32 14
797 32 19 11
797 16 9 17
797 20 15 21
797 38 35 21
797 6 39 19
797 21 7 9
797 36 17 15
797 18 6 25
797 23 25 14
797 42 40 8
797 21 2 18
797 39 49 17
797 44 11 15
797 31 45 16
797 22 32 14
797 29 21 7
797 39 32 15
797 13 25 14
797 36 34 11
797 6 42 15
797 31 37 11
797 43 22 14
797 15 22 4
797 27 50 12
797 5 22 12
797 9 32 9
797 42 34 11
797 39 3 8
797 37 25 12
797 33 30 12
797 31 19 7
797 50 27 8
797 16 29 12
797 32 4 18
797 16 36 15
797 50 38 9
797 46 39 12
797 47 20 11
797 39 8 5
797 6 5 13
797 32 36 15
797 25 45 10
797 1 44 7
797 3 8 11
797 46 37 16
797 33 33 5
797 27 22 15
797 4 42 9
797 22 16 14
797 12 3 5
797 31 1 14
797 22 32 14
797 47 38 16
797 36 11 10
797 46 13 16
797 4 21 12
797 38 29 12
797 41 41 11
797 4 47 18
797 44 15 17
797 25 21 10
797 44 46 12
797 3 47 20
797 37 11 12
797 11 26 12
797 46 7 17
797 49 42 10
797 9 24 8
797 29 1 19
797 24 30 8
797 32 22 15
797 3 4 17
797 50 13 14
797 12 38 13
797 46 21 10
797 49 43 7
797 25 44 15
797 6 35 11
797 19 17 10
797 27 22 15
797 9 31 15
797 36 33 12
797 8 26 14
797 18 45 10
797 24 9 18
797 48 9 12
797 49 28 11
797 49 45 13
797 46 44 11
797 15 23 14
797 30 42 7
797 38 33 16
797 43 31 11
797 12 33 14
797 42 27 20
797 27 46 15
797 41 42 10
797 19 18 19
797 15 20 11
797 31 32 14
797 12 45 10
797 17 30 9
797 27 35 17
797 48 44 13
797 15 27 12
797 29 21 7
797 43 40 7
797 34 7 13
797 9 48 8
797 39 43 9
797 24 10 22
797 10 10 19
797 10 8 15
797 26 10 5
797 32 33 13
797 25 14 16
797 6 4 16
797 1 34 15
797 41 6 12
797 32 45 13
797 35 5 9
797 45 20 16
797 23 39 14
797 40 8 13
797 45 44 13
797 14 31 14
797 36 8 8
797 23 42 7
797 45 29 7
797 20 37 15
797 37 41 14
797 10 32 13
797 23 4 18
797 37 11 12
797 17 16 11
797 3 39 10
797 37 47 14
797 2 29 15
797 27 48 9
797 6 42 15
797 40 14 12
797 6 48 11
797 30 2 14
797 23 32 11
797 35 7 16
797 45 9 14
797 30 5 10
797 17 39 9
797 23 16 17
797 32 24 12
797 34 18 17
797 16 32 13
797 20 19 4
797 24 14 10
797 9 49 13
797 2 44 13
797 8 7 13
797 21 36 10
797 35 17 12
797 11 29 11
797 48 48 10
797 33 29 13
797 8 27 15
797 37 49 17
797 4 35 8
797 13 42 9
797 49 44 11
797 50 33 14
797 42 4 13
797 26 30 12
797 41 35 13
797 13 45 7
797 38 34 13
797 7 19 13
797 4 23 16
797 28 20 16
797 17 44 11
797 31 43 12
797 45 2 14
797 3 46 12
797 20 5 5
797 12 13 13
797 44 42 11
797 20 43 19
797 19 2 16
797 39 3 8
797 5 28 10
797 11 2 14
797 44 45 10
797 26 34 7
797 35 43 6
797 42 39 17
797 43 42 11
797 16 4 11
797 47 29 12
797 26 5 10
797 7 32 11
797 20 39 11
797 33 5 10
797 29 28 11
797 5 40 18
797 18 41 13
797 34 2 10
797 12 3 5
797 19 38 14
797 31 33 14
797 6 4 16
797 43 28 10
797 26 16 17
797 32 48 14
797 45 47 19
797 43 39 12
797 18 32 14
797 6 47 7
797 1 16 18
797 3 5 20
797 50 22 10
797 23 25 14
797 36 44 18
797 13 23 9
797 21 31 13
797 42 36 13
797 5 20 12
797 2 16 16
797 1 48 7
797 43 27 11
797 32 14 15
797 16 27 13
797 4 7 14
797 42 29 15
797 17 42 13
797 36 12 12
797 33 11 13
797 5 2 14
797 43 36 10
797 19 40 16
797 26 44 11
797 28 16 11
797 21 9 14
797 20 6 15
797 9 36 10
797 41 23 11
797 4 2 16
797 37 8 15
797 16 27 13
797 40 21 11
797 23 39 14
797 15 30 10
797 25 4 14
797 30 38 13
797 25 28 12
797 27 3 11
797 33 18 19
797 1 24 11
797 40 34 15
797 12 49 9
797 21 27 13
797 6 38 13
797 45 21 14
797 48 48 10
797 3 11 12
797 4 16 13
797 40 7 12
797 17 5 8
797 15 45 20
797 7 46 12
797 10 6 9
797 32 38 11
797 21 13 11
797 45 50 17
797 9 13 16
797 27 35 17
797 34 40 13
797 48 23 13
797 2 7 8
797 42 14 8
797 20 44 15
797 3 17 14
797 2 5 9
797 19 28 14
797 48 23 13
797 35 6 13
797 3 40 14
797 20 49 16
797 17 29 13
797 31 18 18
797 9 3 18
797 36 1 15
797 50 47 17
797 44 48 14
797 40 16 17
797 27 42 11
797 28 46 15
797 31 34 16
797 13 11 7
797 39 10 19
797 22 12 11
797 43 49 13
797 8 25 11
797 37 21 12
797 10 18 13
797 28 12 8
797 9 16 14
797 50 45 8
797 39 26 15
797 24 5 19
797 16 47 19
797 46 12 8
797 3 5 20
797 23 43 14
797 45 21 14
797 7 23 17
797 28 17 10
797 17 35 9
797 16 10 13
797 12 44 17
797 7 32 11
797 12 28 15
797 17 33 17
797 6 11 12
797 6 41 15
797 34 22 12
797 17 29 13
797 10 38 13
797 28 26 11
797 2 7 8
797 18 30 15
797 46 27 15
797 12 7 15
797 16 15 10
797 20 41 6
797 36 29 12
797 25 40 10
797 45 19 10
797 18 14 6
797 18 4 12
797 29 45 14
797 16 9 17
797 28 33 13
797 40 48 17
797 44 40 15
797 7 47 16
797 14 46 9
797 7 28 17
797 15 21 11
797 32 50 8
797 13 46 17
797 8 32 17
797 47 7 15
797 5 20 12
797 2 36 18
797 2 48 13
797 39 43 9
797 18 13 18
797 1 28 11
797 38 8 6
797 24 7 14
797 23 42 7
797 41 30 16
797 15 20 11
797 26 40 10
797 4 17 7
797 6 36 11
797 16 14 10
797 3 4 17
797 19 23 17
797 28 49 15
797 41 9 17
797 8 12 16
797 33 10 7
797 17 10 15
797 34 8 10
797 33 2 19
797 48 25 13
797 1 42 8
797 29 20 5
797 47 15 13
797 3 3 13
797 16 37 15
797 24 46 20
797 22 29 8
797 33 32 8
797 36 24 6
797 3 33 14
797 29 22 18
797 5 38 10
797 12 48 10
797 35 6 13
797 46 23 13
797 2 5 9
797 1 38 13
797 30 47 10
797 50 3 15
797 42 17 12
797 36 9 12
797 43 47 16
797 13 43 12
797 40 33 17
797 26 3 15
797 33 26 16
797 13 5 20
797 44 7 16
797 21 22 10
797 25 50 15
797 39 45 9
797 15 34 10
797 32 26 14
809 2 14 12
809 8 21 11
809 46 36 9
809 12 19 19
809 23 41 10
809 4 38 9
809 8 25 14
809 49 45 10
809 7 18 12
809 15 23 12
809 5 44 14
809 41 28 16
809 50 7 9
809 41 31 14
809 30 10 14
809 36 20 13
809 47 17 12
809 23 23 9
809 10 36 13
809 39 25 15
809 50 33 13
809 48 27 12
809 8 34 13
809 48 39 17
809 17 24 8
809 39 24 15
809 7 45 14
809 2 13 15
809 17 24 8
809 14 32 11
809 10 7 14
809 19 6 12
809 12 28 6
809 3 47 15
809 39 37 14
809 4 37 9
809 17 31 10
809 7 46 19
809 1 4 13
809 9 39 18
809 9 14 15
809 49 27 7
809 47 35 8
809 43 9 15
809 41 50 13
809 6 46 12
809 14 35 17
809 41 3 16
809 27 5 11
809 50 46 15
809 21 17 13
809 4 4 17
809 5 16 12
809 31 38 11
809 11 37 12
809 33 40 14
809 7 47 10
809 10 38 12
809 37 9 7
809 7 44 11
809 37 41 13
809 1 17 15
809 6 41 14
809 10 6 19
809 5 44 14
809 27 46 8
809 39 30 11
809 35 42 15
809 15 42 10
809 27 34 12
809 19 26 14
809 39 34 10
809 32 19 13
809 48 18 9
809 8 37 5
809 32 12 16
809 33 39 16
809 36 41 11
809 40 3 8
809 38 40 11
809 49 39 9
809 31 48 15
809 7 48 5
809 47 38 15
809 39 14 9
809 31 46 12
809 19 7 8
809 3 24 12
809 31 4 14
809 39 9 15
809 20 13 15
809 3 21 15
809 4 27 10
809 50 10 11
809 35 19 13
809 10 35 19
809 48 47 11
809 22 34 13
809 13 21 9
809 48 4 14
809 36 43 14
809 29 34 19
809 42 25 10
809 28 45 5
809 46 4 14
809 28 40 13
809 2 38 15
809 17 1 12
809 43 25 14
809 50 33 13
809 25 19 12
809 9 34 11
809 22 9 13
809 36 20 13
809 30 47 15
809 9 18 10
809 31 47 15
809 33 2 14
809 49 11 12
809 17 39 13
809 17 50 12
809 12 42 12
809 45 22 15
809 11 15 9
809 22 18 10
809 23 40 13
809 46 46 16
809 30 28 13
809 18 40 11
809 8 7 12
809 29 31 14
809 7 23 15
809 33 26 11
809 12 7 13
809 19 3 8
809 22 32 11
809 42 48 14
809 1 26 16
809 31 13 9
809 8 2 12
809 40 7 14
809 44 45 10
809 8 23 13
809 27 23 16
809 49 11 12
809 50 48 19
809 3 23 16
809 43 44 9
809 20 4 19
809 20 17 16
809 17 37 15
809 27 23 16
809 45 2 5
809 2 10 19
809 6 49 11
809 6 49 11
809 1 34 18
809 39 46 11
809 43 21 19
809 37 42 10
809 32 41 13
809 1 36 14
809 48 34 14
809 31 46 12
809 31 9 13
809 19 15 14
809 14 22 9
809 18 29 16
809 6 21 5
809 8 12 16
809 11 26 12
809 50 15 10
809 9 23 11
809 7 2 15
809 42 46 11
809 48 25 13
809 2 28 12
809 8 18 13
809 34 32 15
809 13 31 12
809 10 25 18
809 45 33 6
809 13 22 10
809 14 12 10
809 43 1 12
809 33 19 15
809 22 6 10
809 40 16 6
809 44 34 15
809 23 29 10
809 43 10 13
809 47 15 10
809 5 39 15
809 9 45 7
809 18 34 12
809 30 4 15
809 47 9 9
809 41 20 9
809 20 24 12
809 33 46 14
809 50 13 15
809 21 4 16
809 2 13 15
809 47 19 16
809 15 27 12
809 40 5 12
809 5 48 8
809 28 40 13
809 21 31 19
809 24 17 13
809 25 9 9
809 26 2 9
809 12 44 10
809 8 33 16
809 5 17 16
809 41 26 11
809 15 26 9
809 21 15 11
809 8 45 9
809 7 39 12
809 27 2 13
809 17 39 13
809 13 48 13
809 28 28 14
809 42 16 8
809 50 38 17
809 35 2 17
809 5 50 14
809 28 30 14
809 9 20 13
809 15 10 12
809 31 30 9
809 21 14 15
809 3 30 10
809 47 10 19
809 32 25 12
809 49 17 13
809 27 41 11
809 39 8 13
809 40 46 14
809 25 8 12
809 50 40 10
809 34 6 10
809 21 7 7
809 4 30 10
809 2 44 7
809 31 22 14
809 6 43 11
809 17 9 15
809 21 15 11
809 37 7 14
809 28 17 15
809 33 11 6
809 11 32 13
809 21 31 19
809 29 39 8
809 11 28 8
809 22 1 14
809 26 5 15
809 35 32 12
809 40 27 16
809 41 34 14
809 11 27 16
809 36 26 20
809 2 40 15
809 8 28 11
809 49 18 8
809 44 35 16
809 17 28 11
809 22 2 7
809 17 21 11
809 3 45 22
809 37 4 10
809 44 36 11
809 7 47 10
809 25 12 15
809 25 35 14
809 40 26 14
809 34 12 12
809 47 18 9
809 15 1 8
809 18 16 18
809 8 11 10
809 6 20 10
809 23 44 14
809 44 39 12
809 50 8 11
809 20 13 15
809 34 35 12
809 11 12 8
809 39 11 18
809 16 18 19
809 38 20 9
809 7 20 15
809 45 49 12
809 3 14 12
809 35 32 12
809 41 28 16
809 48 8 10
809 14 1 14
809 18 41 14
809 34 22 16
809 3 3 19
809 15 10 12
809 22 39 16
809 9 23 11
809 21 15 11
809 29 11 10
809 4 4 17
809 3 50 13
809 19 36 12
809 19 11 17
809 40 14 13
809 34 36 11
809 13 15 11
809 4 23 14
809 34 18 9
809 27 41 11
809 41 48 8
809 44 39 12
809 26 27 9
809 10 3 7
809 30 6 13
809 3 49 11
809 6 43 11
809 41 21 13
809 33 32 12
809 13 44 12
809 11 49 15
809 35 31 12
809 14 2 10
809 27 12 10
809 46 16 15
809 25 4 8
809 41 15 17
809 49 26 12
809 21 29 10
809 4 15 9
809 42 44 8
809 50 30 9
809 18 16 18
809 50 41 10
809 30 9 18
809 24 11 13
809 45 24 14
809 31 37 14
809 11 43 11
809 8 2 12
809 42 41 16
809 34 22 16
809 43 26 14
809 1 6 15
809 10 19 7
809 25 4 8
809 14 3 11
809 11 34 14
809 7 28 10
809 13 40 15
809 20 18 13
809 19 38 12
809 26 5 15
809 32 13 11
809 32 37 11
809 42 9 12
809 32 50 15
809 30 12 12
809 30 23 13
809 12 47 7
809 47 33 9
809 32 44 10
809 37 26 21
809 33 18 9
809 30 23 13
809 37 7 14
809 31 8 14
809 18 42 13
809 4 40 11
809 17 24 8
809 11 6 12
809 10 9 13
809 38 5 21
809 12 20 11
809 36 36 14
809 35 15 15
809 48 42 12
809 3 18 15
809 7 42 18
809 46 32 15
809 12 30 14
809 32 11 13
809 47 7 13
809 19 32 14
809 4 33 16
809 14 31 17
809 32 20 18
809 31 29 9
809 17 12 6
809 39 27 18
809 17 17 6
809 2 20 14
809 45 13 13
809 2 7 14
809 43 7 15
809 16 32 18
809 43 24 14
809 24 29 13
809 42 31 13
809 34 16 9
809 41 35 13
811 5 20 16
811 46 23 6
811 1 22 10
811 29 16 10
811 35 12 16
811 42 10 9
811 23 47 12
811 37 11 13
811 34 44 10
811 30 7 9
811 20 38 11
811 6 7 11
811 6 36 9
811 1 9 14
811 49 8 13
811 29 26 9
811 13 37 15
811 30 13 12
811 23 42 11
811 13 3 12
811 1 20 11
811 25 44 16
811 30 26 6
811 12 48 10
811 48 42 14
811 29 4 15
811 12 10 13
811 14 33 8
811 25 48 13
811 48 35 11
811 18 31 9
811 30 35 14
811 41 36 15
811 12 24 10
811 9 31 13
811 12 25 11
811 22 2 14
811 41 34 12
811 38 32 10
811 46 41 13
811 3 15 11
811 26 33 10
811 41 28 10
811 34 35 10
811 3 48 8
811 34 10 9
811 16 4 12
811 43 15 18
811 40 11 10
811 8 16 20
811 8 11 12
811 17 40 10
811 6 17 11
811 20 12 10
811 45 19 7
811 25 9 15
811 23 11 15
811 1 37 14
811 9 2 9
811 46 41 13
811 47 49 17
811 47 1 14
811 35 4 14
811 36 50 11
811 23 7 17
811 43 20 16
811 31 46 8
811 28 2 7
811 33 46 14
811 35 15 11
811 49 35 14
811 44 22 9
811 24 21 12
811 19 38 16
811 10 5 15
811 34 19 10
811 27 20 9
811 14 36 11
811 39 2 12
811 41 14 11
811 27 29 14
811 3 32 14
811 41 25 11
811 19 10 17
811 49 36 14
811 5 38 10
811 50 3 14
811 15 34 9
811 12 2 9
811 9 31 13
811 47 5 9
811 20 4 14
811 22 48 8
811 12 30 17
811 34 33 11
811 42 22 16
811 28 7 17
811 42 16 20
811 45 25 16
811 28 26 14
811 33 8 16
811 49 49 10
811 44 33 11
811 41 47 12
811 46 34 10
811 37 35 8
811 7 33 17
811 15 38 17
811 12 42 12
811 6 5 15
811 23 24 12
811 12 45 14
811 36 32 12
811 48 14 12
811 24 26 7
811 4 37 14
811 33 35 12
811 15 22 12
811 44 16 21
811 30 32 14
811 32 14 10
811 30 6 11
811 9 6 16
811 45 6 11
811 8 22 11
811 2 48 17
811 14 24 12
811 28 24 12
811 33 4 7
811 12 3 13
811 5 7 12
811 50 13 15
811 16 8 10
811 36 25 7
811 20 9 14
811 23 11 15
811 7 33 17
811 45 42 10
811 4 46 15
811 37 37 10
811 4 25 15
811 39 31 9
811 5 44 10
811 31 45 14
811 18 20 10
811 42 42 13
811 14 17 7
811 2 37 12
811 11 2 19
811 47 24 15
811 39 5 11
811 34 9 16
811 19 20 10
811 18 30 10
811 44 35 9
811 13 8 10
811 24 20 12
811 31 21 15
811 37 23 5
811 19 3 10
811 30 6 11
811 25 44 16
811 3 44 11
811 36 49 11
811 48 49 15
811 39 9 14
811 47 39 8
811 45 12 16
811 50 35 15
811 44 30 13
811 1 40 14
811 24 10 15
811 37 5 13
811 46 30 11
811 45 35 13
811 25 17 13
811 33 30 14
811 14 5 14
811 22 40 7
811 42 2 10
811 35 27 14
811 20 41 15
811 7 39 7
811 27 34 16
811 9 33 16
811 50 37 12
811 23 21 8
811 31 45 14
811 49 20 14
811 28 2 7
811 19 19 16
811 15 37 16
811 43 24 12
811 43 11 9
811 39 9 14
811 29 35 10
811 34 12 15
811 9 41 16
811 8 5 6
811 50 39 14
811 33 36 12
811 9 14 12
811 22 37 14
811 46 21 21
811 30 46 8
811 27 37 12
811 44 14 14
811 8 32 11
811 45 5 10
811 19 44 12
811 37 40 17
811 28 5 17
811 46 50 15
811 46 38 10
811 34 29 14
811 25 45 15
811 22 32 21
811 21 18 15
811 39 27 15
811 32 25 10
811 26 15 15
811 6 6 9
811 12 46 7
811 36 33 11
811 29 8 15
811 37 45 9
811 31 3 18
811 30 19 14
811 45 33 16
811 35 22 9
811 18 2 15
811 44 14 14
811 21 36 20
811 40 3 13
811 37 12 16
811 32 21 18
811 36 35 16
811 36 40 18
811 23 27 11
811 34 3 12
811 6 13 10
811 33 6 11
811 48 30 12
811 29 28 15
811 49 5 16
811 12 21 15
811 10 36 18
811 12 19 16
811 39 38 7
811 25 20 9
811 23 15 10
811 34 40 12
811 11 37 13
811 5 33 9
811 11 35 8
811 37 42 11
811 49 27 14
811 43 24 12
811 14 49 15
811 38 4 17
811 28 9 10
811 16 24 13
811 44 23 10
811 3 11 15
811 18 6 16
811 13 47 8
811 10 22 12
811 7 31 11
811 44 44 14
811 17 50 13
811 33 24 9
811 13 14 11
811 2 10 9
811 45 31 6
811 20 16 10
811 6 17 11
811 39 33 18
811 26 40 14
811 8 6 16
811 22 8 10
811 50 7 11
811 32 46 16
811 11 6 10
811 33 49 14
811 15 7 10
811 40 39 19
811 36 27 15
811 1 19 17
811 27 30 10
811 30 10 13
811 20 40 11
811 24 24 8
811 27 46 9
811 38 13 14
811 15 4 12
811 28 32 13
811 26 45 21
811 10 21 16
811 24 28 14
811 27 21 20
811 3 4 18
811 5 46 21
811 37 7 19
811 28 4 12
811 25 19 12
811 12 49 11
811 22 41 18
811 23 43 14
811 27 39 10
811 27 20 9
811 21 42 21
811 49 21 11
811 5 42 9
811 35 25 11
811 13 33 11
811 36 4 14
811 46 49 11
811 1 47 12
811 35 37 19
811 37 36 17
811 19 16 14
811 8 29 7
811 41 13 12
811 5 41 12
811 30 36 15
811 3 3 15
811 36 6 6
811 45 33 16
811 35 17 6
811 43 2 8
811 12 22 1
811 41 33 6
811 10 21 16
811 39 37 12
811 18 46 9
811 26 29 11
811 30 45 15
811 6 12 10
811 41 21 14
811 4 22 10
811 24 19 7
811 29 27 6
811 36 10 17
811 18 12 15
811 12 28 14
811 34 32 18
811 2 8 11
811 33 32 9
811 23 7 17
811 20 22 12
811 34 27 13
811 12 30 17
811 30 13 12
811 3 39 12
811 50 49 14
811 38 46 15
811 13 17 11
811 28 36 13
811 42 41 12
811 41 9 10
811 49 35 14
811 20 10 19
811 50 22 10
811 37 12 16
811 7 31 11
811 31 6 12
811 12 43 13
811 12 47 12
811 33 4 7
811 19 36 9
811 11 28 14
811 31 31 12
811 24 14 12
811 39 34 14
811 9 2 9
811 1 40 14
811 23 32 11
811 20 45 12
811 28 15 8
811 44 11 8
811 1 33 9
811 33 42 9
811 48 21 9
811 29 21 13
811 23 11 15
811 25 4 11
811 14 46 13
811 26 47 13
811 11 40 15
811 48 47 15
811 28 36 13
811 15 42 7
811 1 8 9
811 20 43 14
811 13 24 9
811 47 17 15
811 39 29 9
811 23 47 12
811 12 10 13
811 6 35 13
811 25 19 12
811 2 19 14
811 37 48 5
811 5 5 11
811 1 48 11
811 22 8 10
811 21 6 11
811 21 4 11
811 4 45 11
821 10 24 11
821 42 13 10
821 11 5 9
821 7 1 16
821 35 18 16
821 47 7 20
821 16 21 8
821 46 3 19
821 48 4 19
821 3 34 9
821 36 34 11
821 50 38 3
821 43 1 16
821 6 23 8
821 5 25 13
821 14 17 11
821 49 15 10
821 32 49 18
821 42 20 15
821 23 20 15
821 16 45 12
821 17 22 16
821 2 12 15
821 28 6 11
821 34 4 15
821 6 46 10
821 8 44 14
821 30 20 17
821 26 24 12
821 1 6 9
821 27 47 11
821 30 14 15
821 15 50 10
821 21 3 16
821 48 37 13
821 29 20 12
821 3 3 16
821 20 14 7
821 27 7 15
821 11 45 11
821 47 28 15
821 37 48 10
821 31 25 5
821 49 9 17
821 23 37 6
821 24 1 12
821 8 15 15
821 41 49 13
821 20 27 8
821 2 47 17
821 16 4 17
821 37 50 15
821 10 35 14
821 23 8 9
821 41 22 8
821 6 43 8
821 6 48 15
821 33 2 11
821 21 48 21
821 33 29 15
821 24 28 6
821 21 21 14
821 10 46 10
821 8 36 7
821 38 32 8
821 43 38 14
821 17 5 10
821 6 36 17
821 7 23 15
821 24 38 12
821 36 19 12
821 37 9 10
821 26 12 15
821 20 1 14
821 46 2 18
821 24 40 9
821 13 24 16
821 3 3 16
821 11 45 11
821 5 14 17
821 19 17 11
821 11 5 9
821 13 19 16
821 7 48 10
821 25 33 15
821 25 24 15
821 10 43 14
821 10 3 17
821 49 36 14
821 44 36 11
821 14 17 11
821 27 3 12
821 23 30 9
821 9 7 14
821 31 2 10
821 48 29 11
821 13 49 15
821 42 23 12
821 46 41 15
821 23 23 11
821 3 25 13
821 11 7 15
821 49 46 7
821 12 39 13
821 12 43 13
821 11 35 9
821 19 16 14
821 13 21 6
821 48 35 11
821 36 40 10
821 25 27 11
821 6 30 9
821 29 26 12
821 34 38 15
821 39 50 11
821 10 6 14
821 35 13 16
821 24 12 15
821 29 17 14
821 10 45 10
821 25 30 5
821 27 33 13
821 31 4 14
821 22 31 7
821 10 36 9
821 37 23 12
821 26 34 13
821 9 46 11
821 49 49 14
821 50 50 8
821 17 7 8
821 40 13 7
821 34 26 15
821 9 23 8
821 33 32 9
821 39 38 15
821 46 43 13
821 43 50 10
821 10 28 16
821 8 36 7
821 28 12 13
821 28 33 16
821 31 24 8
821 10 1 13
821 27 35 18
821 48 9 13
821 37 8 14
821 12 38 7
821 27 8 16
821 5 49 17
821 12 14 19
821 44 5 7
821 34 6 13
821 5 4 9
821 34 45 11
821 9 24 10
821 23 43 8
821 47 19 12
821 38 49 13
821 33 21 11
821 18 23 15
821 33 12 15
821 13 45 16
821 18 14 7
821 14 37 12
821 32 46 12
821 39 34 16
821 1 32 16
821 50 33 14
821 42 45 12
821 34 2 18
821 13 24 16
821 5 34 14
821 33 16 9
821 37 46 13
821 35 20 15
821 38 16 14
821 27 40 11
821 3 26 11
821 40 23 15
821 4 7 10
821 3 18 12
821 13 19 16
821 20 3 11
821 44 18 15
821 6 9 13
821 48 30 9
821 10 35 14
821 7 16 11
821 24 2 11
821 9 25 13
821 48 13 9
821 35 42 14
821 46 10 12
821 5 32 14
821 26 23 12
821 22 15 12
821 32 17 15
821 15 17 9
821 28 27 13
821 50 18 13
821 6 27 18
821 27 28 14
821 46 48 7
821 3 6 17
821 16 12 14
821 34 30 10
821 23 5 12
821 34 20 16
821 47 36 17
821 4 7 10
821 49 15 10
821 21 49 13
821 13 12 23
821 15 19 15
821 12 49 19
821 46 43 13
821 10 28 16
821 16 13 13
821 44 34 14
821 39 4 19
821 7 15 15
821 42 39 10
821 7 3 12
821 32 6 17
821 31 42 15
821 30 30 12
821 31 20 21
821 40 14 12
821 13 21 6
821 26 24 12
821 48 10 10
821 5 14 17
821 48 13 9
821 3 16 10
821 17 41 10
821 32 32 8
821 44 29 19
821 33 10 10
821 49 15 10
821 2 16 17
821 1 5 10
821 8 35 14
821 44 40 20
821 24 38 12
821 19 5 16
821 41 7 14
821 11 27 13
821 6 15 13
821 26 43 8
821 6 15 13
821 25 38 13
821 45 19 14
821 46 45 15
821 12 45 13
821 20 32 9
821 32 14 8
821 1 21 8
821 36 3 13
821 39 29 10
821 22 24 12
821 37 16 11
821 6 29 18
821 36 40 10
821 2 1 12
821 10 13 14
821 34 42 11
821 44 40 20
821 50 34 12
821 40 44 13
821 49 42 10
821 29 26 12
821 39 27 17
821 49 5 11
821 15 35 7
821 35 33 13
821 9 3 8
821 4 11 17
821 7 22 8
821 43 32 6
821 42 46 12
821 17 42 9
821 7 30 14
821 40 35 11
821 26 4 17
821 36 31 14
821 12 8 13
821 30 49 10
821 10 35 14
821 28 35 12
821 15 1 11
821 32 40 10
821 41 40 15
821 29 14 14
821 10 13 14
821 26 46 10
821 30 28 12
821 13 16 12
821 6 50 11
821 42 31 8
821 24 22 12
821 39 17 9
821 8 39 16
821 41 44 17
821 11 36 13
821 8 22 11
821 39 38 15
821 28 50 9
821 33 48 9
821 42 28 10
821 6 16 15
821 18 17 14
821 31 32 13
821 10 43 14
821 16 9 13
821 4 25 14
821 35 13 16
821 32 43 9
821 50 35 17
821 27 32 4
821 1 18 15
821 39 10 15
821 13 38 14
821 6 38 17
821 39 34 16
821 44 42 18
821 28 16 13
821 1 35 13
821 33 17 9
821 9 3 8
821 22 28 18
821 2 37 19
821 48 48 13
821 26 31 8
821 48 35 11
821 18 19 18
821 24 8 11
821 2 5 13
821 20 28 16
821 15 26 13
821 17 15 13
821 7 6 12
821 49 25 14
821 30 20 17
821 48 48 13
821 16 36 10
821 24 41 11
821 19 42 12
821 23 30 9
821 8 41 13
821 16 47 11
821 26 45 10
821 31 42 15
821 5 4 9
821 46 33 15
821 8 42 14
821 24 18 22
821 32 42 15
821 11 5 9
821 26 1 15
821 37 44 15
821 10 2 6
821 19 16 14
821 13 19 16
821 11 33 18
821 10 19 10
821 6 22 11
821 35 24 11
821 12 23 15
821 24 6 8
821 8 5 12
821 47 39 13
821 49 20 9
821 41 12 11
821 50 47 13
821 43 39 14
821 27 44 10
821 35 24 11
821 46 16 9
821 3 21 9
821 23 36 15
821 34 13 13
821 11 36 13
821 45 12 14
821 15 13 12
821 36 2 14
821 1 28 16
821 23 45 13
821 36 42 14
821 26 24 12
821 15 42 10
821 28 16 13
821 42 27 8
821 25 39 18
821 22 29 11
821 45 21 13
821 17 46 12
821 15 15 12
821 43 41 15
821 43 12 14
821 7 25 17
821 6 47 20
821 30 32 17
821 49 1 16
821 29 46 16
821 10 44 13
821 18 39 12
821 5 11 13
821 35 1 12
823 5 12 8
823 35 46 14
823 23 27 12
823 15 43 12
823 36 6 10
823 49 23 9
823 36 39 11
823 1 32 8
823 45 8 12
823 28 27 17
823 48 32 14
823 17 1 11
823 10 43 9
823 50 19 16
823 50 11 16
823 24 49 15
823 22 31 15
823 17 5 12
823 1 3 11
823 26 26 13
823 11 7 8
823 17 31 10
823 43 40 12
823 10 22 11
823 2 19 14
823 20 40 11
823 7 3 12
823 27 38 11
823 2 1 12
823 15 7 10
823 31 4 13
823 6 2 18
823 3 27 13
823 24 20 13
823 47 49 11
823 23 3 14
823 41 44 13
823 9 43 9
823 49 30 21
823 18 11 14
823 31 35 10
823 5 29 15
823 8 10 13
823 48 12 10
823 32 45 18
823 9 20 11
823 4 38 14
823 22 18 10
823 15 30 11
823 7 4 15
823 26 7 10
823 14 35 12
823 29 34 16
823 15 12 10
823 6 25 9
823 20 25 15
823 28 25 14
823 50 23 12
823 13 32 7
823 10 44 10
823 19 37 9
823 7 35 14
823 38 23 11
823 35 22 17
823 3 38 10
823 37 33 11
823 13 1 13
823 43 41 9
823 20 40 11
823 47 8 10
823 9 17 10
823 11 7 8
823 1 19 15
823 9 32 11
823 17 23 16
823 29 49 8
823 21 36 11
823 2 5 13
823 21 4 18
823 26 5 6
823 13 36 15
823 42 14 15
823 34 12 14
823 33 48 7
823 45 38 5
823 26 37 11
823 24 1 11
823 25 46 7
823 6 23 12
823 19 47 5
823 25 3 12
823 2 11 13
823 17 36 13
823 3 37 15
823 48 1 12
823 27 35 12
823 41 37 8
823 35 10 11
823 47 32 13
823 10 12 17
823 28 15 10
823 35 18 12
823 44 9 13
823 44 17 6
823 37 25 12
823 34 32 10
823 13 3 13
823 20 13 12
823 26 15 9
823 45 29 12
823 11 28 9
823 47 7 12
823 21 28 12
823 38 12 9
823 34 3 12
823 2 5 13
823 43 34 11
823 45 47 11
823 23 36 17
823 43 42 9
823 3 8 8
823 27 45 8
823 36 23 13
823 42 41 12
823 13 35 13
823 27 1 11
823 37 31 14
823 35 50 9
823 42 49 18
823 25 13 10
823 19 17 10
823 50 21 15
823 11 50 14
823 23 10 10
823 50 8 11
823 35 19 15
823 8 45 16
823 3 36 11
823 10 39 10
823 13 39 10
823 40 44 13
823 10 48 18
823 28 38 11
823 48 31 17
823 19 17 10
823 49 10 15
823 41 46 17
823 6 45 8
823 31 11 15
823 45 24 12
823 4 39 12
823 12 44 12
823 9 8 12
823 35 49 11
823 21 17 10
823 33 1 21
823 35 37 10
823 19 47 5
823 7 13 12
823 41 24 7
823 42 43 6
823 17 1 11
823 48 44 13
823 42 34 19
823 21 41 10
823 18 33 11
823 44 6 13
823 49 50 14
823 43 9 23
823 27 41 11
823 29 36 15
823 8 46 12
823 36 7 11
823 38 11 13
823 43 49 19
823 22 23 9
823 2 4 9
823 21 46 9
823 43 40 12
823 28 5 15
823 42 14 15
823 3 14 10
823 12 16 13
823 11 47 11
823 32 37 10
823 25 3 12
823 35 40 13
823 32 4 12
823 28 6 9
823 23 20 8
823 24 23 8
823 4 48 18
823 38 25 21
823 46 31 18
823 19 5 18
823 14 41 13
823 17 3 15
823 47 36 8
823 3 9 15
823 11 27 14
823 28 41 18
823 30 30 14
823 34 19 14
823 28 12 10
823 50 13 12
823 1 46 13
823 49 10 15
823 42 10 10
823 14 16 12
823 2 23 14
823 18 13 11
823 3 15 12
823 42 37 5
823 27 1 11
823 28 48 22
823 49 34 8
823 21 30 9
823 28 33 19
823 9 20 11
823 35 49 11
823 15 4 14
823 32 5 13
823 39 19 8
823 22 22 16
823 31 14 9
823 43 30 7
823 9 44 12
823 33 19 12
823 44 14 11
823 39 17 17
823 50 35 14
823 15 10 13
823 23 21 6
823 1 27 15
823 35 40 13
823 4 47 9
823 42 20 9
823 38 37 10
823 2 12 15
823 47 16 15
823 33 25 15
823 10 21 13
823 24 26 10
823 16 18 12
823 22 25 13
823 42 4 17
823 29 48 16
823 39 14 7
823 35 2 17
823 8 29 12
823 41 5 7
823 43 6 13
823 46 3 9
823 33 32 16
823 46 8 13
823 16 16 14
823 20 44 13
823 26 32 9
823 44 8 13
823 22 23 9
823 11 25 16
823 10 24 8
823 39 25 16
823 18 13 11
823 36 43 12
823 41 33 9
823 43 2 13
823 49 30 21
823 42 20 9
823 48 2 8
823 15 42 11
823 4 13 13
823 1 46 13
823 12 28 13
823 35 48 12
823 50 44 11
823 32 9 15
823 13 9 15
823 37 13 15
823 27 38 11
823 27 35 12
823 47 39 12
823 5 35 16
823 21 40 13
823 28 29 13
823 29 21 14
823 18 38 11
823 37 41 11
823 2 35 11
823 36 31 7
823 15 19 7
823 20 33 12
823 4 50 9
823 35 7 13
823 48 23 15
823 41 4 9
823 8 12 11
823 46 16 5
823 22 20 8
823 46 28 14
823 31 24 14
823 20 29 21
823 20 39 11
823 48 41 14
823 38 1 13
823 46 43 16
823 45 44 17
823 44 8 13
823 50 1 7
823 17 5 12
823 41 18 15
823 33 8 12
823 22 29 12
823 45 34 15
823 48 32 14
823 48 34 8
823 19 28 8
823 1 17 7
823 16 36 10
823 8 27 14
823 13 22 9
823 34 7 11
823 16 48 11
823 49 19 11
823 2 11 13
823 32 15 7
823 31 27 13
823 38 49 13
823 50 29 11
823 17 14 10
823 43 29 14
823 17 9 15
823 36 49 15
823 46 44 7
823 24 31 9
823 25 42 14
823 9 16 7
823 17 2 13
823 33 34 12
823 20 2 15
823 47 17 15
823 2 14 10
823 32 40 18
823 11 12 17
823 24 13 9
823 28 47 10
823 29 16 17
823 20 36 7
823 11 29 9
823 33 1 21
823 31 26 11
823 48 11 11
823 8 37 15
823 47 24 13
823 14 7 12
823 35 37 10
823 13 45 18
823 4 43 18
823 34 34 17
823 30 7 13
823 26 13 17
823 12 33 9
823 39 50 7
823 7 28 12
823 26 18 12
823 21 3 10
823 9 49 10
823 19 44 11
823 44 50 14
823 15 28 13
823 11 8 9
823 46 41 10
823 6 23 12
823 49 41 17
823 6 25 9
823 27 28 11
823 39 22 7
823 30 15 6
823 10 13 11
823 24 47 8
823 13 19 12
823 40 22 15
823 13 1 13
823 19 41 14
823 7 45 12
823 5 21 12
823 11 22 13
823 25 8 11
823 36 35 17
823 49 13 12
823 37 41 11
823 41 25 10
823 48 4 17
823 23 10 10
823 2 44 15
823 50 3 11
823 44 48 14
823 3 39 14
823 17 3 15
823 21 38 13
823 40 18 10
823 17 29 8
823 10 37 9
823 32 48 13
823 25 26 13
823 43 39 20
823 16 11 14
823 35 4 13
823 28 28 14
827 41 47 13
827 22 25 12
827 20 40 16
827 27 3 9
827 14 39 12
827 15 2 16
827 48 42 8
827 11 18 15
827 15 20 14
827 38 20 9
827 31 47 6
827 11 21 11
827 20 32 13
827 50 37 14
827 46 15 7
827 49 3 5
827 39 4 20
827 49 47 10
827 37 39 10
827 37 32 9
827 27 19 16
827 3 17 11
827 36 10 13
827 14 46 17
827 49 15 15
827 18 5 15
827 39 27 14
827 26 40 14
827 48 23 13
827 5 21 15
827 29 28 12
827 9 39 13
827 8 12 15
827 36 9 12
827 9 49 8
827 48 18 16
827 28 32 12
827 4 33 12
827 31 41 10
827 42 37 10
827 47 47 11
827 24 2 15
827 21 26 10
827 23 24 13
827 30 17 14
827 11 20 12
827 37 49 15
827 5 31 16
827 11 46 13
827 49 11 14
827 17 47 10
827 36 36 18
827 29 21 9
827 30 22 13
827 24 37 13
827 15 14 16
827 15 9 10
827 16 42 11
827 26 28 12
827 27 9 10
827 13 29 21
827 18 40 16
827 32 41 15
827 30 43 9
827 41 2 11
827 9 3 18
827 3 40 14
827 33 29 9
827 49 19 11
827 34 15 16
827 4 4 13
827 35 16 9
827 7 6 8
827 44 5 8
827 27 47 13
827 12 36 19
827 22 37 6
827 14 38 12
827 34 40 6
827 12 47 11
827 25 37 14
827 6 30 7
827 25 26 15
827 9 6 15
827 20 43 11
827 13 47 13
827 41 46 18
827 18 23 4
827 20 17 5
827 29 44 13
827 19 3 12
827 17 37 12
827 24 17 13
827 38 38 9
827 37 38 11
827 36 9 12
827 45 47 11
827 42 13 12
827 30 32 12
827 44 3 13
827 26 44 6
827 1 37 11
827 27 8 10
827 25 22 12
827 42 33 14
827 47 24 17
827 19 17 9
827 16 32 8
827 42 44 17
827 8 5 12
827 5 16 7
827 35 3 12
827 10 1 9
827 36 41 12
827 15 32 12
827 6 31 14
827 14 1 16
827 13 20 14
827 24 2 15
827 12 36 19
827 13 18 14
827 43 40 10
827 6 33 10
827 29 21 9
827 2 38 13
827 7 22 8
827 49 31 9
827 29 44 13
827 35 11 12
827 49 47 10
827 18 3 11
827 36 3 13
827 34 11 15
827 25 26 15
827 28 1 9
827 19 22 13
827 9 42 12
827 12 10 16
827 30 7 8
827 12 29 5
827 29 33 9
827 13 20 14
827 42 12 11
827 34 42 9
827 17 19 11
827 15 7 15
827 1 14 19
827 12 41 17
827 33 49 13
827 21 29 13
827 26 24 13
827 8 6 15
827 20 33 11
827 9 16 19
827 12 20 13
827 8 6 15
827 46 40 13
827 6 20 12
827 25 15 11
827 45 20 10
827 29 42 13
827 23 17 13
827 16 39 14
827 34 23 10
827 9 27 18
827 20 17 5
827 29 38 12
827 5 5 8
827 37 12 9
827 34 27 15
827 22 46 9
827 13 5 11
827 10 33 11
827 38 15 14
827 21 48 4
827 45 18 18
827 35 7 12
827 6 32 9
827 24 2 15
827 38 34 8
827 34 1 12
827 16 9 8
827 12 16 8
827 3 39 14
827 10 3 15
827 21 33 11
827 15 26 13
827 15 19 16
827 32 9 12
827 22 49 12
827 38 24 10
827 34 5 14
827 8 42 11
827 42 43 11
827 9 6 15
827 42 45 8
827 39 39 16
827 23 40 14
827 32 1 10
827 3 2 15
827 23 13 12
827 49 30 13
827 9 21 13
827 47 48 8
827 20 25 17
827 7 43 14
827 49 12 12
827 25 15 11
827 5 25 10
827 3 20 15
827 23 12 16
827 37 26 23
827 47 26 9
827 8 24 11
827 45 2 15
827 21 39 15
827 7 38 10
827 4 1 12
827 12 35 17
827 25 20 10
827 15 32 12
827 40 41 10
827 42 33 14
827 31 41 10
827 26 28 12
827 24 33 15
827 4 18 9
827 6 43 12
827 41 35 10
827 11 10 14
827 48 16 20
827 40 17 12
827 12 21 14
827 45 4 12
827 1 37 11
827 31 48 7
827 4 34 14
827 14 29 20
827 21 16 13
827 25 19 14
827 37 25 8
827 16 15 16
827 5 33 7
827 36 20 15
827 48 21 14
827 48 24 16
827 30 25 13
827 45 37 5
827 16 26 11
827 22 2 16
827 10 3 15
827 23 25 18
827 27 6 9
827 22 31 9
827 46 25 12
827 35 43 21
827 32 46 13
827 23 2 13
827 29 5 12
827 32 32 14
827 36 39 13
827 4 30 14
827 34 3 12
827 21 50 11
827 26 40 14
827 18 16 5
827 24 14 12
827 43 7 9
827 1 24 11
827 18 3 11
827 4 50 10
827 44 11 15
827 43 16 11
827 13 28 13
827 48 14 13
827 15 30 10
827 22 18 8
827 31 50 17
827 9 44 10
827 4 24 12
827 38 41 12
827 21 47 15
827 30 37 13
827 40 49 14
827 39 1 13
827 42 18 9
827 3 31 11
827 42 4 14
827 36 41 12
827 15 48 14
827 18 28 9
827 22 15 9
827 35 31 9
827 14 39 12
827 3 21 9
827 14 22 11
827 6 44 12
827 29 50 10
827 8 33 12
827 31 14 16
827 50 40 12
827 44 5 8
827 9 46 11
827 6 12 10
827 1 1 11
827 32 31 19
827 39 25 13
827 31 4 17
827 40 32 11
827 6 41 12
827 17 11 16
827 37 11 12
827 21 7 7
827 32 13 7
827 46 17 13
827 32 13 7
827 24 22 17
827 43 25 12
827 7 40 6
827 9 4 11
827 46 2 11
827 34 39 14
827 21 12 14
827 33 47 14
827 31 18 13
827 6 39 14
827 41 41 17
827 3 11 16
827 6 28 11
827 40 11 11
827 3 10 13
827 19 49 8
827 27 30 15
827 5 26 12
827 47 45 10
827 37 50 15
827 26 15 10
827 22 41 14
827 34 19 8
827 34 22 14
827 4 47 14
827 19 25 4
827 47 2 13
827 48 9 7
827 40 39 11
827 23 43 6
827 18 14 7
827 23 45 9
827 5 5 8
827 16 18 8
827 9 31 16
827 37 23 10
827 13 33 12
827 1 22 14
827 8 21 11
827 27 18 11
827 21 1 12
827 11 15 19
827 38 37 12
827 24 12 9
827 8 45 18
827 4 8 15
827 27 43 6
827 8 17 14
827 22 2 16
827 28 36 10
827 44 41 15
827 23 36 9
827 44 39 9
827 1 47 14
827 3 23 13
827 49 28 18
827 30 15 11
827 45 1 9
827 14 32 14
827 12 23 8
827 24 7 10
827 1 29 12
827 42 50 16
827 45 12 9
827 28 47 15
827 3 40 14
827 26 22 12
827 12 44 13
827 22 10 12
827 47 9 19
827 25 28 11
827 1 6 12
827 14 9 16
827 11 48 8
827 29 19 14
827 44 14 18
827 42 47 10
827 15 22 16
827 11 20 12
827 26 25 15
827 34 39 14
827 42 30 13
827 45 44 14
827 33 24 14
827 30 29 14
827 34 22 14
827 13 32 12
827 20 18 9
827 33 30 17
827 45 18 18
827 29 1 16
827 18 11 18
827 4 34 14
829 37 18 10
829 50 43 14
829 25 46 15
829 32 37 15
829 9 46 12
829 31 16 14
829 7 39 14
829 34 30 11
829 38 27 6
829 4 37 7
829 1 12 16
829 11 29 11
829 13 16 5
829 49 47 8
829 17 49 17
829 17 46 14
829 19 42 10
829 42 38 11
829 3 2 16
829 48 16 13
829 16 49 13
829 27 34 13
829 2 20 13
829 16 40 13
829 17 16 14
829 10 44 14
829 10 23 23
829 34 44 10
829 17 50 15
829 9 37 18
829 45 49 11
829 41 10 15
829 31 18 10
829 47 10 15
829 28 48 9
829 49 28 7
829 38 24 7
829 46 5 6
829 3 44 17
829 44 12 14
829 20 26 12
829 3 16 15
829 34 28 8
829 7 47 11
829 21 16 11
829 14 2 8
829 25 19 10
829 32 39 13
829 31 21 14
829 45 9 15
829 28 49 8
829 17 1 15
829 41 38 12
829 43 44 11
829 50 36 18
829 49 33 9
829 40 1 15
829 41 22 12
829 40 38 17
829 4 27 11
829 38 21 10
829 14 29 9
829 7 10 15
829 48 8 10
829 14 9 14
829 9 11 8
829 6 30 11
829 33 20 11
829 21 8 10
829 13 15 10
829 14 8 11
829 5 5 14
829 49 8 18
829 17 39 13
829 30 2 13
829 47 46 13
829 47 23 14
829 47 39 10
829 40 45 12
829 19 5 12
829 8 48 6
829 9 47 7
829 18 16 17
829 29 31 17
829 7 38 11
829 28 15 19
829 49 19 18
829 47 25 7
829 30 3 8
829 22 48 12
829 26 15 12
829 43 44 11
829 1 40 11
829 11 11 9
829 11 32 13
829 26 36 8
829 1 8 8
829 40 35 12
829 49 41 9
829 10 9 14
829 20 3 13
829 36 16 10
829 5 28 16
829 23 33 12
829 17 17 6
829 6 21 11
829 13 13 9
829 8 22 11
829 26 28 14
829 32 5 13
829 44 27 11
829 20 43 12
829 48 22 15
829 11 15 12
829 42 3 10
829 25 19 10
829 48 38 9
829 45 27 16
829 3 10 12
829 14 50 8
829 27 9 9
829 33 50 10
829 19 8 14
829 34 39 13
829 45 3 16
829 48 9 14
829 12 11 15
829 6 3 16
829 1 3 12
829 13 22 10
829 13 23 10
829 34 45 16
829 30 43 9
829 14 36 12
829 34 16 13
829 22 39 8
829 17 36 13
829 32 34 15
829 50 34 12
829 20 47 11
829 28 4 8
829 50 41 10
829 3 27 14
829 50 50 12
829 4 19 18
829 9 42 7
829 22 37 9
829 27 50 9
829 46 1 19
829 47 45 7
829 46 21 13
829 28 49 8
829 38 9 20
829 40 40 12
829 30 21 14
829 27 21 13
829 4 50 16
829 17 6 14
829 1 31 9
829 45 5 15
829 1 40 11
829 21 20 9
829 33 29 10
829 21 18 11
829 12 11 15
829 45 7 10
829 32 10 5
829 48 33 14
829 40 39 8
829 36 39 13
829 37 26 11
829 5 5 14
829 36 49 18
829 4 35 13
829 32 11 13
829 45 23 12
829 29 3 11
829 21 42 18
829 22 5 11
829 6 6 15
829 38 16 17
829 46 25 11
829 18 25 14
829 18 4 13
829 18 24 9
829 46 30 15
829 35 7 14
829 26 44 14
829 39 17 12
829 37 10 19
829 6 36 14
829 27 43 14
829 9 31 19
829 21 8 10
829 4 24 14
829 25 42 11
829 9 44 9
829 25 45 14
829 7 21 12
829 3 21 9
829 32 17 10
829 23 4 13
829 35 32 11
829 31 47 11
829 37 45 18
829 10 22 9
829 39 30 15
829 36 24 14
829 8 15 7
829 21 37 14
829 15 24 10
829 39 27 17
829 40 43 13
829 39 30 15
829 38 19 9
829 40 22 17
829 49 3 12
829 43 28 11
829 1 50 11
829 38 48 11
829 18 20 13
829 21 8 10
829 44 43 10
829 23 2 5
829 14 25 12
829 25 40 13
829 18 26 22
829 39 49 15
829 47 38 15
829 41 41 14
829 31 20 12
829 21 49 19
829 32 22 11
829 30 50 10
829 39 39 15
829 21 23 7
829 42 47 15
829 41 46 13
829 43 17 7
829 35 10 12
829 28 39 15
829 38 43 13
829 41 39 10
829 3 33 6
829 48 32 10
829 25 43 16
829 50 4 14
829 12 36 14
829 45 8 6
829 25 30 13
829 8 35 13
829 40 46 10
829 42 29 17
829 18 36 9
829 41 45 12
829 1 36 16
829 38 16 17
829 6 34 8
829 13 43 13
829 27 47 6
829 19 19 11
829 40 4 15
829 35 14 7
829 50 15 5
829 20 39 8
829 14 27 10
829 46 10 17
829 42 27 10
829 18 17 17
829 2 8 15
829 45 37 14
829 46 20 16
829 3 17 14
829 35 48 17
829 27 12 11
829 26 25 11
829 29 29 12
829 12 17 15
829 30 34 11
829 22 32 16
829 13 24 14
829 17 21 12
829 48 49 9
829 43 13 15
829 46 27 10
829 31 22 15
829 21 24 6
829 47 23 14
829 29 11 20
829 42 7 13
829 19 4 14
829 15 35 12
829 31 30 11
829 44 21 13
829 47 39 10
829 20 18 18
829 34 26 5
829 15 48 16
829 6 46 12
829 24 38 11
829 5 48 9
829 1 35 16
829 28 31 11
829 2 43 16
829 5 13 13
829 35 40 8
829 18 35 21
829 31 14 12
829 50 40 14
829 48 46 11
829 46 33 10
829 44 26 12
829 8 41 10
829 23 30 7
829 9 26 18
829 20 40 9
829 34 2 7
829 13 21 16
829 43 15 14
829 32 12 14
829 43 6 13
829 16 26 7
829 43 24 14
829 30 7 17
829 16 34 12
829 40 3 14
829 44 20 17
829 39 34 8
829 16 37 16
829 6 24 13
829 4 2 17
829 3 44 17
829 3 50 12
829 30 45 14
829 7 45 14
829 43 10 11
829 25 7 15
829 46 23 15
829 28 17 13
829 28 50 16
829 16 44 6
829 49 43 13
829 38 17 17
829 5 29 16
829 8 50 8
829 24 16 10
829 21 12 11
829 50 39 9
829 22 31 15
829 44 11 6
829 5 42 13
829 5 43 15
829 4 37 7
829 42 30 14
829 29 9 12
829 19 7 11
829 17 25 12
829 33 46 9
829 20 32 12
829 41 28 9
829 10 31 8
829 11 9 19
829 41 14 16
829 38 15 14
829 7 40 18
829 45 9 15
829 26 7 10
829 26 23 19
829 3 24 14
829 27 14 12
829 31 17 11
829 40 10 9
829 35 15 10
829 14 50 8
829 45 39 14
829 35 25 11
829 28 32 11
829 26 18 10
829 32 28 9
829 48 45 10
829 16 6 18
829 48 30 16
829 46 12 18
829 48 47 12
829 17 28 22
829 24 43 11
829 30 30 14
829 35 3 10
829 18 3 12
829 48 6 14
829 43 14 12
829 48 33 14
829 39 37 15
829 20 47 11
829 6 33 16
829 36 35 11
829 42 23 11
829 14 21 11
829 35 5 12
829 6 13 10
829 29 27 16
829 40 9 11
829 37 30 9
829 2 2 7
829 44 23 10
829 27 27 12
829 33 32 11
829 14 13 16
829 6 19 10
839 47 48 7
839 35 39 16
839 35 7 14
839 2 34 15
839 32 1 10
839 28 49 8
839 27 41 10
839 28 2 12
839 22 39 17
839 29 30 11
839 3 50 13
839 33 29 7
839 34 9 11
839 18 12 18
839 31 29 18
839 35 21 11
839 11 5 14
839 16 7 11
839 12 32 12
839 13 35 17
839 13 50 14
839 20 47 13
839 44 23 5
839 21 49 12
839 42 34 16
839 28 19 13
839 35 36 17
839 20 20 9
839 18 6 11
839 30 36 10
839 27 32 10
839 2 21 12
839 6 13 9
839 9 41 10
839 5 13 12
839 23 34 7
839 11 41 10
839 46 32 5
839 42 23 17
839 39 22 13
839 22 27 12
839 13 11 17
839 24 30 18
839 50 42 12
839 25 34 10
839 39 39 10
839 11 31 11
839 36 44 9
839 9 30 15
839 13 9 16
839 15 1 14
839 34 31 8
839 28 19 13
839 15 30 14
839 13 21 10
839 20 44 13
839 14 22 13
839 3 29 8
839 44 19 10
839 50 27 13
839 36 37 10
839 26 4 14
839 10 28 15
839 20 42 12
839 46 11 15
839 7 10 14
839 14 11 7
839 27 32 10
839 22 49 9
839 41 17 12
839 39 28 12
839 26 5 13
839 15 35 14
839 20 34 14
839 7 23 15
839 43 41 11
839 29 16 9
839 20 31 18
839 10 2 11
839 34 4 15
839 45 12 9
839 15 9 18
839 24 35 7
839 42 42 14
839 40 29 13
839 11 48 14
839 2 50 11
839 5 24 9
839 9 9 12
839 23 45 11
839 30 17 13
839 25 28 14
839 49 10 10
839 33 39 20
839 9 3 10
839 34 11 6
839 32 9 16
839 20 15 13
839 31 17 13
839 50 44 10
839 16 13 11
839 34 31 8
839 11 25 9
839 34 30 11
839 44 18 13
839 50 42 12
839 35 48 19
839 11 9 11
839 41 43 11
839 42 16 8
839 13 6 13
839 32 38 9
839 26 9 12
839 13 30 11
839 45 48 15
839 14 40 17
839 27 25 14
839 21 19 15
839 6 40 13
839 17 41 8
839 16 39 16
839 50 46 12
839 13 32 12
839 42 30 11
839 48 2 15
839 1 8 12
839 22 26 14
839 43 40 9
839 7 20 9
839 26 41 18
839 26 39 11
839 9 28 11
839 28 29 9
839 30 38 13
839 34 37 10
839 50 42 12
839 12 50 11
839 21 41 14
839 10 24 15
839 40 10 11
839 46 6 8
839 39 26 10
839 24 14 9
839 27 33 15
839 31 42 13
839 8 40 11
839 8 29 11
839 12 35 8
839 25 43 11
839 19 40 17
839 34 40 10
839 8 4 13
839 38 17 12
839 14 40 17
839 37 31 13
839 5 26 5
839 17 22 15
839 35 17 12
839 5 29 11
839 5 11 13
839 13 29 11
839 23 26 11
839 37 24 8
839 14 24 7
839 33 41 15
839 42 22 17
839 35 18 11
839 50 14 14
839 26 7 14
839 14 17 9
839 24 11 11
839 1 22 9
839 49 33 13
839 12 18 11
839 27 50 15
839 47 9 10
839 38 18 14
839 47 30 8
839 8 43 14
839 14 29 10
839 11 11 19
839 7 45 12
839 5 40 14
839 24 17 8
839 19 12 18
839 22 48 9
839 49 50 15
839 3 1 12
839 14 4 14
839 40 45 13
839 24 34 9
839 11 21 12
839 45 44 9
839 18 35 10
839 14 25 19
839 5 20 8
839 31 12 16
839 47 27 12
839 37 22 6
839 33 33 10
839 20 14 12
839 14 21 10
839 32 7 23
839 2 34 15
839 31 28 11
839 41 36 6
839 49 16 17
839 11 47 12
839 19 28 12
839 18 44 13
839 35 36 17
839 34 30 11
839 28 28 7
839 34 41 12
839 33 4 11
839 48 3 12
839 33 4 11
839 31 10 12
839 5 1 7
839 25 3 16
839 12 50 11
839 22 13 10
839 8 39 12
839 32 11 6
839 32 38 9
839 43 13 7
839 48 31 11
839 35 5 9
839 5 43 12
839 47 35 17
839 43 37 8
839 17 41 8
839 9 1 11
839 14 25 19
839 29 15 10
839 9 36 12
839 8 42 12
839 28 17 14
839 22 35 9
839 31 38 15
839 41 31 12
839 49 50 15
839 17 35 14
839 38 24 12
839 10 35 12
839 38 12 12
839 2 8 10
839 37 21 13
839 14 2 11
839 46 25 8
839 6 22 13
839 30 14 10
839 1 15 11
839 20 8 12
839 36 37 10
839 3 27 8
839 12 3 17
839 3 31 5
839 12 14 11
839 12 10 12
839 12 29 11
839 23 16 12
839 9 50 14
839 47 31 12
839 28 37 8
839 6 41 15
839 21 26 14
839 30 5 13
839 15 29 7
839 32 40 9
839 18 23 8
839 9 38 12
839 30 30 10
839 34 9 11
839 35 17 12
839 21 19 15
839 49 5 12
839 20 39 12
839 35 33 12
839 26 43 15
839 18 40 22
839 39 36 14
839 11 11 19
839 16 32 12
839 34 1 18
839 5 7 16
839 49 50 15
839 31 23 13
839 17 4 11
839 23 3 10
839 12 29 11
839 9 32 12
839 8 8 14
839 9 15 14
839 7 17 10
839 2 38 9
839 15 18 14
839 24 33 12
839 26 15 8
839 11 30 8
839 20 16 8
839 3 3 10
839 42 43 5
839 9 29 15
839 6 8 10
839 49 10 10
839 15 29 7
839 41 9 19
839 18 13 14
839 40 12 13
839 17 40 12
839 50 10 14
839 39 28 12
839 12 37 13
839 21 16 11
839 16 47 18
839 15 1 14
839 6 48 10
839 3 7 11
839 34 12 9
839 29 38 7
839 19 35 12
839 29 36 9
839 29 20 12
839 16 11 11
839 37 45 18
839 31 8 9
839 13 23 8
839 1 48 7
839 10 5 11
839 6 1 19
839 30 7 13
839 13 19 7
839 2 10 7
839 43 10 11
839 34 35 14
839 28 45 17
839 6 47 16
839 7 33 15
839 1 35 8
839 13 17 10
839 38 20 13
839 35 7 14
839 48 9 13
839 44 13 13
839 2 2 15
839 27 20 9
839 7 41 18
839 36 11 18
839 50 5 10
839 22 9 10
839 49 46 13
839 9 18 8
839 36 26 16
839 11 17 14
839 9 44 9
839 13 46 7
839 49 47 14
839 50 1 13
839 10 32 17
839 18 20 12
839 19 39 16
839 8 42 12
839 40 27 17
839 37 50 16
839 2 6 12
839 37 21 13
839 40 34 9
839 34 7 13
839 31 8 9
839 6 9 10
839 8 47 21
839 25 12 11
839 5 11 13
839 1 12 8
839 17 25 13
839 41 37 13
839 9 48 15
839 17 49 15
839 39 17 9
839 45 20 8
839 2 14 12
839 48 37 17
839 41 31 12
839 1 31 12
839 49 37 18
839 31 31 11
839 43 50 15
839 21 18 13
839 43 46 12
839 32 41 11
839 47 41 17
839 47 4 19
839 3 7 11
839 33 37 10
839 5 20 8
839 8 36 7
839 17 34 11
839 24 10 12
839 50 28 17
839 39 2 11
839 5 6 15
839 16 23 10
839 27 26 17
839 31 47 11
839 42 46 16
839 39 7 9
839 29 7 18
839 38 22 17
853 29 46 9
853 37 50 12
853 34 39 16
853 5 46 15
853 3 17 11
853 2 30 10
853 22 42 16
853 2 24 9
853 5 5 16
853 9 8 11
853 16 47 15
853 3 2 14
853 16 28 9
853 26 37 8
853 27 27 8
853 35 21 11
853 28 29 7
853 42 42 8
853 3 14 6
853 9 17 12
853 20 4 17
853 11 41 11
853 39 49 11
853 50 3 13
853 39 41 14
853 26 25 14
853 27 37 12
853 4 12 9
853 21 11 12
853 39 38 13
853 7 30 14
853 40 11 11
853 49 31 16
853 28 22 5
853 17 10 10
853 30 24 12
853 27 6 11
853 5 12 13
853 39 37 15
853 17 37 12
853 46 18 12
853 25 36 11
853 17 41 12
853 10 40 7
853 33 8 10
853 2 13 8
853 7 5 12
853 15 16 11
853 13 28 15
853 23 46 16
853 36 19 4
853 40 28 12
853 19 20 18
853 25 11 8
853 38 45 14
853 36 12 12
853 44 20 12
853 34 22 8
853 44 42 13
853 20 50 10
853 22 30 8
853 22 15 17
853 28 40 13
853 3 6 10
853 8 37 12
853 25 50 13
853 12 39 11
853 5 41 15
853 50 7 13
853 49 24 12
853 25 45 12
853 9 9 11
853 36 14 8
853 21 45 13
853 50 28 8
853 19 46 7
853 32 31 5
853 1 30 10
853 37 11 10
853 6 13 8
853 41 22 17
853 35 16 13
853 38 27 9
853 29 42 16
853 49 9 10
853 2 43 14
853 42 11 11
853 26 49 9
853 1 25 14
853 49 17 8
853 13 40 10
853 6 2 12
853 2 5 7
853 16 15 9
853 49 43 12
853 40 21 10
853 6 16 16
853 46 17 12
853 25 14 9
853 31 47 14
853 25 28 9
853 37 21 10
853 18 49 8
853 14 29 15
853 23 7 17
853 15 25 13
853 17 23 13
853 16 48 11
853 39 43 10
853 20 25 14
853 35 50 9
853 26 16 14
853 28 13 15
853 23 32 11
853 24 16 13
853 24 11 14
853 2 1 16
853 14 8 12
853 25 4 17
853 2 21 9
853 29 15 13
853 8 6 15
853 39 18 7
853 9 7 10
853 19 28 11
853 17 16 12
853 29 19 16
853 14 14 13
853 1 46 7
853 49 5 14
853 35 31 11
853 43 41 14
853 47 46 16
853 38 49 8
853 7 48 9
853 21 28 9
853 18 40 11
853 33 37 14
853 32 4 18
853 8 29 10
853 26 39 12
853 2 20 6
853 4 49 14
853 7 50 12
853 18 16 8
853 9 21 19
853 25 34 14
853 29 34 12
853 30 17 15
853 7 36 14
853 15 45 11
853 50 12 5
853 49 30 14
853 24 25 11
853 40 32 15
853 7 42 9
853 12 40 11
853 48 11 10
853 23 24 14
853 1 41 9
853 24 21 11
853 37 47 14
853 1 2 10
853 30 30 11
853 24 43 11
853 37 26 17
853 21 24 11
853 1 12 11
853 15 22 15
853 6 27 7
853 33 49 8
853 1 50 9
853 40 25 16
853 28 50 11
853 27 9 17
853 44 32 5
853 13 19 8
853 29 24 10
853 37 41 11
853 7 20 14
853 16 50 13
853 29 14 14
853 22 29 14
853 45 10 14
853 39 25 13
853 50 1 10
853 21 50 10
853 18 46 8
853 39 23 6
853 48 2 9
853 21 46 10
853 10 45 13
853 11 43 10
853 48 17 12
853 36 16 12
853 13 40 10
853 5 49 8
853 7 5 12
853 16 18 10
853 50 49 14
853 32 23 12
853 43 32 11
853 36 3 15
853 47 9 14
853 20 41 8
853 11 38 7
853 24 48 13
853 4 27 7
853 14 48 16
853 35 16 13
853 10 50 16
853 46 1 15
853 23 10 14
853 12 31 9
853 46 20 11
853 45 28 12
853 11 48 12
853 43 50 13
853 45 20 12
853 1 33 7
853 49 17 8
853 13 16 8
853 42 21 22
853 31 45 8
853 30 36 9
853 34 2 13
853 44 2 12
853 47 2 9
853 30 23 14
853 36 34 18
853 45 15 12
853 1 24 13
853 14 8 12
853 4 10 12
853 19 27 17
853 26 2 11
853 9 22 9
853 48 1 11
853 12 29 19
853 24 5 13
853 8 29 10
853 29 43 13
853 36 16 12
853 32 39 9
853 1 28 6
853 1 36 7
853 27 38 17
853 9 23 11
853 29 14 14
853 32 5 12
853 12 33 10
853 37 48 9
853 7 14 12
853 42 17 9
853 39 45 14
853 29 41 6
853 44 24 13
853 21 50 10
853 47 49 13
853 8 28 9
853 29 49 10
853 37 15 12
853 37 22 8
853 25 11 8
853 13 37 14
853 38 41 8
853 20 37 16
853 31 47 14
853 24 50 15
853 7 34 6
853 22 39 12
853 30 34 10
853 33 30 12
853 11 22 15
853 24 26 11
853 8 34 12
853 13 46 11
853 32 2 14
853 26 10 9
853 14 36 7
853 22 20 9
853 24 48 13
853 46 30 9
853 46 23 14
853 11 19 13
853 5 25 13
853 26 5 18
853 18 16 8
853 47 44 12
853 21 2 14
853 28 6 10
853 36 45 9
853 23 17 10
853 24 45 19
853 23 50 8
853 15 19 13
853 27 31 13
853 20 12 15
853 2 45 7
853 39 6 12
853 9 1 10
853 31 18 13
853 28 35 14
853 49 37 11
853 45 47 13
853 4 25 11
853 28 27 15
853 1 14 8
853 4 22 13
853 20 6 11
853 22 26 21
853 39 30 13
853 10 16 15
853 50 4 11
853 21 49 10
853 22 43 14
853 1 6 11
853 6 40 13
853 48 14 11
853 9 41 19
853 7 27 16
853 50 41 10
853 31 20 10
853 17 27 8
853 8 1 15
853 25 46 14
853 42 27 19
853 24 20 13
853 8 11 17
853 16 12 15
853 18 37 9
853 23 26 13
853 15 23 10
853 29 42 16
853 34 48 11
853 49 46 13
853 33 36 8
853 48 21 10
853 15 8 7
853 36 50 13
853 47 26 15
853 3 27 8
853 9 48 9
853 28 12 10
853 19 18 19
853 17 34 15
853 4 13 18
853 16 24 14
853 40 23 9
853 46 8 15
853 3 21 14
853 27 19 9
853 2 28 13
853 34 49 10
853 13 10 10
853 20 38 13
853 43 31 11
853 28 46 16
853 42 46 19
853 38 47 9
853 9 30 9
853 7 9 18
853 22 12 8
853 42 37 14
853 11 26 22
853 21 3 11
853 7 18 13
853 35 5 9
853 46 26 14
853 41 48 17
853 23 25 18
853 26 49 9
853 19 17 11
853 5 50 8
853 45 14 5
853 50 18 8
853 34 38 9
853 33 47 11
853 26 31 9
853 42 9 11
853 14 30 11
853 18 1 13
853 48 21 10
853 21 24 11
853 45 49 21
853 29 26 18
853 6 1 13
853 41 45 8
853 50 39 17
853 14 21 8
853 42 8 11
853 13 43 12
853 49 50 9
853 26 41 8
853 40 7 7
853 10 40 7
853 7 3 8
853 21 22 8
853 43 21 16
853 40 43 12
853 15 15 18
853 3 22 13
853 1 33 7
853 15 1 4
853 21 32 12
853 31 15 11
853 14 5 13
853 26 35 8
853 34 9 13
857 35 45 15
857 8 4 14
857 5 47 11
857 48 19 9
857 31 32 12
857 13 6 12
857 2 31 13
857 18 33 13
857 14 3 13
857 19 7 9
857 48 10 23
857 1 18 10
857 13 1 8
857 16 24 9
857 47 18 11
857 22 37 16
857 39 49 14
857 23 46 13
857 6 8 14
857 25 26 9
857 42 14 8
857 20 49 9
857 16 2 11
857 10 3 15
857 25 48 7
857 41 48 16
857 40 26 11
857 46 47 7
857 33 7 8
857 21 10 10
857 10 28 11
857 30 1 14
857 4 27 7
857 20 35 14
857 23 35 7
857 31 20 9
857 31 1 18
857 41 37 14
857 48 7 9
857 21 24 12
857 49 33 11
857 7 13 13
857 11 45 12
857 13 48 12
857 48 35 11
857 19 36 9
857 17 31 11
857 19 38 11
857 41 42 11
857 14 3 13
857 41 9 8
857 48 30 11
857 24 50 12
857 40 46 10
857 39 26 8
857 17 47 13
857 42 37 6
857 47 5 11
857 6 2 12
857 38 50 13
857 48 17 9
857 22 32 12
857 33 19 13
857 21 45 15
857 17 20 11
857 34 17 11
857 7 7 10
857 47 6 13
857 23 20 11
857 4 49 15
857 43 43 15
857 17 14 11
857 29 22 13
857 8 33 21
857 19 24 8
857 19 45 9
857 48 40 15
857 12 7 10
857 38 10 14
857 6 29 11
857 16 39 13
857 32 7 12
857 11 10 10
857 14 16 17
857 38 36 16
857 28 5 9
857 36 42 12
857 14 32 6
857 43 16 13
857 14 26 11
857 6 26 13
857 30 33 14
857 41 19 10
857 35 27 15
857 22 18 12
857 23 50 7
857 17 7 17
857 6 28 11
857 17 5 13
857 34 43 10
857 32 20 12
857 16 30 11
857 11 27 9
857 32 33 14
857 7 6 7
857 7 21 12
857 11 36 9
857 37 19 21
857 3 43 13
857 40 12 11
857 17 45 13
857 49 22 10
857 8 47 9
857 49 8 8
857 16 4 15
857 39 28 10
857 35 24 8
857 3 21 16
857 19 48 12
857 16 14 15
857 9 44 5
857 40 17 16
857 14 35 12
857 5 40 11
857 26 42 10
857 20 9 17
857 47 43 11
857 36 21 7
857 46 12 14
857 31 12 9
857 23 7 12
857 50 46 12
857 34 46 11
857 13 5 18
857 45 23 9
857 2 44 14
857 41 36 7
857 21 31 16
857 17 40 7
857 32 9 15
857 10 12 10
857 24 28 17
857 40 26 11
857 16 14 15
857 34 3 8
857 50 15 10
857 20 2 19
857 34 24 8
857 36 26 13
857 12 23 8
857 31 36 17
857 9 3 13
857 4 38 14
857 18 17 10
857 30 17 15
857 2 45 12
857 42 31 12
857 36 13 10
857 37 34 12
857 6 10 12
857 38 39 12
857 21 45 15
857 33 16 13
857 27 15 18
857 47 37 11
857 37 15 8
857 2 23 13
857 12 40 13
857 14 17 13
857 13 23 11
857 3 16 12
857 9 49 16
857 32 36 13
857 35 27 15
857 21 46 2
857 31 25 12
857 5 49 19
857 2 34 16
857 4 8 9
857 41 8 13
857 46 36 11
857 10 20 15
857 29 35 9
857 47 43 11
857 26 44 17
857 44 9 9
857 12 10 14
857 48 41 8
857 18 24 14
857 50 1 13
857 17 40 7
857 24 48 14
857 35 20 10
857 50 8 11
857 10 14 7
857 49 8 8
857 26 38 13
857 13 21 7
857 5 42 12
857 18 41 8
857 28 40 14
857 41 44 9
857 45 42 9
857 43 14 11
857 29 35 9
857 34 3 8
857 42 16 20
857 27 15 18
857 10 34 7
857 30 41 20
857 27 6 11
857 25 20 8
857 42 40 14
857 38 13 9
857 4 35 17
857 38 9 12
857 28 9 11
857 11 37 4
857 31 16 12
857 46 44 12
857 30 19 12
857 39 46 10
857 19 45 9
857 28 8 12
857 1 7 8
857 16 24 9
857 48 6 8
857 18 1 11
857 32 50 9
857 44 36 16
857 16 40 11
857 38 27 10
857 34 13 10
857 36 49 14
857 12 41 9
857 42 48 10
857 35 44 8
857 8 23 13
857 19 2 17
857 2 36 18
857 21 13 9
857 11 18 12
857 24 35 14
857 48 4 15
857 35 8 9
857 46 5 9
857 43 25 13
857 15 41 12
857 33 15 4
857 13 34 12
857 39 4 12
857 13 33 14
857 50 48 15
857 18 11 6
857 3 27 17
857 27 34 15
857 48 15 11
857 33 24 14
857 24 38 12
857 1 22 8
857 19 28 10
857 10 31 12
857 15 23 13
857 29 48 6
857 12 33 11
857 33 20 13
857 22 32 12
857 12 1 12
857 25 23 12
857 32 21 16
857 47 41 22
857 41 31 15
857 33 44 8
857 28 36 7
857 1 47 10
857 3 15 11
857 27 8 14
857 43 15 5
857 13 17 17
857 38 46 16
857 16 12 12
857 18 12 11
857 13 47 11
857 9 40 11
857 13 32 10
857 35 42 9
857 16 1 10
857 28 26 14
857 28 17 12
857 16 11 4
857 32 11 14
857 49 30 19
857 18 41 8
857 2 50 10
857 2 42 10
857 20 38 14
857 45 21 16
857 23 14 9
857 34 27 11
857 36 20 15
857 40 44 16
857 7 12 11
857 32 45 11
857 30 31 6
857 34 21 16
857 36 9 13
857 47 17 12
857 35 34 10
857 8 46 13
857 15 40 8
857 25 11 15
857 6 1 9
857 14 7 13
857 14 31 12
857 22 24 14
857 27 23 18
857 38 46 16
857 49 26 13
857 21 44 12
857 18 30 18
857 13 50 24
857 20 25 12
857 18 33 13
857 16 6 13
857 22 27 13
857 23 7 12
857 27 8 14
857 28 41 15
857 34 22 16
857 46 32 12
857 5 38 11
857 45 1 10
857 3 24 11
857 27 34 15
857 20 40 7
857 8 21 13
857 11 20 15
857 1 19 15
857 3 31 13
857 9 11 13
857 8 45 5
857 8 3 17
857 28 4 12
857 19 49 9
857 22 50 6
857 30 1 14
857 26 12 12
857 20 12 12
857 2 9 14
857 18 20 12
857 20 3 10
857 25 18 13
857 27 50 15
857 47 14 10
857 18 48 10
857 5 6 11
857 16 7 12
857 15 21 9
857 10 41 11
857 21 29 14
857 22 12 8
857 42 35 4
857 44 27 16
857 43 34 14
857 39 29 10
857 37 23 12
857 41 22 10
857 30 27 12
857 18 30 18
857 32 39 10
857 15 45 12
857 16 38 14
857 40 1 13
857 9 14 12
857 50 20 17
857 43 1 9
857 6 35 9
857 1 28 11
857 16 27 11
857 33 1 16
857 21 21 11
857 21 24 12
857 10 37 5
857 8 35 10
857 27 29 14
857 17 38 13
857 25 1 7
857 35 33 6
857 14 48 8
857 2 23 13
857 33 24 14
857 10 29 12
857 8 8 12
857 39 48 13
857 13 24 9
857 29 39 16
857 16 6 13
857 7 47 12
857 43 25 13
857 42 38 10
857 13 24 9
857 35 13 12
857 39 39 12
857 19 1 11
857 48 7 9
857 43 17 12
857 15 9 16
857 36 20 15
857 11 23 14
859 2 35 14
859 32 24 8
859 20 40 13
859 44 13 12
859 39 20 13
859 37 43 14
859 7 32 7
859 7 11 11
859 31 20 10
859 32 35 8
859 8 44 7
859 5 32 10
859 26 19 15
859 29 24 11
859 35 11 17
859 29 41 11
859 1 2 12
859 9 8 13
859 48 41 14
859 1 14 13
859 40 36 7
859 38 46 8
859 10 9 13
859 14 4 14
859 45 43 16
859 45 4 14
859 19 20 10
859 46 27 7
859 17 39 11
859 17 25 14
859 45 46 15
859 23 39 8
859 6 21 8
859 35 34 15
859 23 31 10
859 38 49 10
859 47 12 16
859 19 3 6
859 7 44 11
859 50 49 14
859 25 40 9
859 31 34 5
859 33 25 10
859 18 23 10
859 8 49 13
859 37 8 9
859 36 11 11
859 4 15 11
859 28 44 7
859 20 31 14
859 49 9 13
859 18 18 11
859 21 27 15
859 18 1 13
859 5 38 13
859 33 9 13
859 45 24 14
859 23 22 11
859 16 46 13
859 17 12 12
859 31 26 15
859 16 11 12
859 30 6 16
859 41 21 8
859 26 39 13
859 36 34 20
859 12 4 15
859 34 9 15
859 45 20 5
859 12 30 14
859 44 5 12
859 8 41 13
859 40 41 10
859 35 3 15
859 25 42 9
859 23 49 16
859 27 41 13
859 29 14 8
859 12 35 7
859 12 43 11
859 38 24 15
859 48 17 13
859 21 6 11
859 31 8 5
859 34 6 9
859 22 26 12
859 45 41 10
859 34 48 10
859 42 4 15
859 12 25 12
859 18 16 15
859 2 13 15
859 41 27 14
859 45 24 14
859 37 1 11
859 11 28 15
859 2 41 18
859 6 50 11
859 8 41 13
859 38 34 15
859 50 48 9
859 49 47 14
859 44 33 12
859 27 37 11
859 11 4 17
859 7 8 15
859 34 3 10
859 21 44 13
859 29 50 11
859 26 10 9
859 24 9 10
859 2 17 13
859 3 16 7
859 48 34 10
859 24 39 14
859 39 26 13
859 47 21 10
859 48 48 9
859 16 47 14
859 27 28 13
859 32 18 10
859 15 17 10
859 20 5 11
859 12 19 15
859 50 16 15
859 24 20 10
859 4 11 17
859 32 1 8
859 8 7 12
859 4 38 13
859 38 35 14
859 15 15 7
859 37 15 11
859 43 28 18
859 40 14 12
859 13 38 9
859 2 34 13
859 17 34 15
859 35 32 9
859 16 32 14
859 42 48 9
859 44 19 13
859 39 24 13
859 10 36 10
859 30 22 9
859 16 35 9
859 25 50 11
859 35 36 7
859 28 44 7
859 22 6 8
859 46 1 11
859 48 1 13
859 16 45 9
859 26 17 12
859 25 41 10
859 34 39 17
859 48 10 8
859 32 22 14
859 10 28 13
859 28 23 15
859 49 15 9
859 37 19 7
859 31 26 15
859 4 4 7
859 3 5 18
859 11 42 11
859 30 12 7
859 47 36 9
859 49 17 12
859 1 49 15
859 4 47 12
859 2 17 13
859 49 26 6
859 30 26 7
859 31 3 11
859 30 33 10
859 8 35 20
859 19 8 17
859 24 30 12
859 38 42 7
859 1 10 12
859 45 13 18
859 36 14 11
859 3 33 9
859 13 50 15
859 37 39 17
859 40 41 10
859 22 30 12
859 41 40 11
859 45 49 10
859 42 40 8
859 19 46 12
859 27 16 11
859 27 9 10
859 30 5 15
859 33 14 8
859 30 14 13
859 42 39 10
859 21 48 16
859 44 37 11
859 18 21 13
859 18 1 13
859 1 46 14
859 24 24 20
859 23 43 12
859 23 6 17
859 18 36 12
859 41 35 6
859 25 1 14
859 43 35 10
859 45 9 15
859 44 31 16
859 2 1 14
859 4 11 17
859 10 14 13
859 35 12 15
859 34 24 15
859 1 28 14
859 7 2 12
859 19 8 17
859 7 25 10
859 33 18 8
859 34 31 8
859 7 43 8
859 22 44 10
859 39 50 9
859 33 33 16
859 49 22 13
859 26 3 14
859 15 18 9
859 42 26 4
859 12 27 7
859 22 35 10
859 30 30 11
859 20 33 11
859 37 10 10
859 33 23 15
859 20 24 8
859 37 39 17
859 38 45 13
859 36 23 11
859 18 38 11
859 37 12 13
859 17 4 14
859 42 47 15
859 17 33 12
859 29 42 12
859 4 14 10
859 9 46 12
859 41 24 12
859 27 20 14
859 40 9 24
859 46 18 10
859 6 7 9
859 5 13 12
859 32 40 16
859 41 22 16
859 13 26 12
859 3 18 14
859 46 18 10
859 48 26 6
859 28 40 12
859 10 13 16
859 47 39 9
859 30 46 10
859 4 14 10
859 25 23 11
859 50 1 16
859 20 34 13
859 32 42 14
859 13 33 9
859 49 19 9
859 6 20 13
859 13 38 9
859 10 14 13
859 33 3 8
859 37 12 13
859 48 42 12
859 43 4 13
859 44 14 8
859 15 2 9
859 34 13 5
859 27 18 16
859 33 41 10
859 11 1 11
859 34 10 11
859 35 14 11
859 32 45 19
859 1 24 18
859 47 22 9
859 14 45 15
859 1 28 14
859 6 40 9
859 6 32 7
859 29 32 14
859 48 14 10
859 13 43 13
859 26 9 16
859 1 19 19
859 35 37 12
859 28 31 13
859 31 1 14
859 41 49 8
859 33 10 16
859 21 20 12
859 16 1 10
859 50 8 15
859 28 7 9
859 44 14 8
859 8 47 12
859 18 7 6
859 19 32 11
859 19 21 11
859 34 34 5
859 40 29 10
859 6 20 13
859 17 6 16
859 17 48 11
859 24 35 16
859 18 36 12
859 24 5 11
859 27 20 14
859 8 15 10
859 23 16 12
859 15 40 12
859 9 39 9
859 35 4 14
859 5 6 13
859 28 12 11
859 11 13 15
859 18 41 20
859 48 17 13
859 25 11 18
859 21 11 10
859 40 13 13
859 34 12 12
859 3 25 14
859 27 21 17
859 31 18 14
859 37 26 10
859 14 22 7
859 49 9 13
859 19 6 6
859 17 38 10
859 2 42 9
859 4 44 12
859 30 39 20
859 4 27 12
859 44 20 15
859 45 21 10
859 47 31 14
859 46 2 17
859 14 33 8
859 39 5 17
859 8 46 10
859 30 30 11
859 29 21 9
859 1 46 14
859 20 22 10
859 27 40 10
859 50 47 13
859 20 32 12
859 8 32 9
859 8 32 9
859 10 5 11
859 15 27 7
859 13 33 9
859 41 3 13
859 13 16 13
859 17 42 14
859 48 34 10
859 43 40 6
859 30 26 7
859 49 37 16
859 22 49 10
859 4 44 12
859 40 34 12
859 9 28 23
859 22 39 10
859 25 47 11
859 2 12 11
859 5 47 10
859 50 32 11
859 18 44 6
859 30 36 17
859 20 21 11
859 31 18 14
859 38 11 10
859 18 27 14
859 50 48 9
859 1 49 15
859 26 13 12
859 45 7 11
859 50 26 8
859 16 11 12
859 26 44 15
859 42 36 14
859 14 47 11
859 39 42 13
859 44 28 10
859 19 26 14
859 22 39 10
859 4 6 10
859 35 9 13
859 25 39 11
859 14 15 13
859 45 13 18
859 50 36 7
859 50 50 9
863 34 29 16
863 50 35 12
863 46 22 12
863 21 39 14
863 46 44 12
863 5 15 9
863 16 12 13
863 42 50 3
863 21 11 9
863 7 14 8
863 5 7 12
863 32 9 13
863 5 38 10
863 16 38 9
863 35 29 13
863 32 45 4
863 30 4 14
863 4 41 9
863 31 40 8
863 30 13 11
863 40 18 13
863 13 9 11
863 4 16 11
863 19 38 10
863 11 33 9
863 42 32 12
863 28 43 13
863 4 45 11
863 16 46 10
863 19 18 13
863 7 16 11
863 32 3 11
863 31 15 14
863 20 24 14
863 25 12 13
863 7 50 9
863 28 21 11
863 32 13 14
863 11 6 7
863 14 18 13
863 42 19 19
863 20 12 8
863 4 22 9
863 41 27 10
863 29 48 13
863 40 30 14
863 44 39 7
863 39 50 13
863 48 19 12
863 11 25 12
863 2 31 6
863 11 24 15
863 12 42 17
863 35 40 6
863 25 9 16
863 36 5 12
863 36 10 9
863 37 40 12
863 46 48 7
863 47 9 11
863 18 39 14
863 45 39 12
863 29 35 13
863 25 21 10
863 18 32 9
863 30 19 9
863 20 19 10
863 8 26 11
863 25 24 14
863 47 49 14
863 43 15 12
863 36 49 13
863 45 43 10
863 12 7 7
863 28 6 10
863 29 32 16
863 28 25 10
863 30 25 11
863 19 22 5
863 47 5 15
863 44 42 10
863 2 32 11
863 45 25 11
863 4 1 11
863 33 44 7
863 41 46 15
863 21 36 13
863 19 36 8
863 1 28 7
863 11 1 12
863 46 1 14
863 20 27 9
863 39 23 4
863 11 25 12
863 28 26 10
863 2 15 6
863 39 43 11
863 34 2 14
863 17 29 12
863 8 3 13
863 33 25 13
863 24 41 18
863 35 19 15
863 32 46 7
863 40 47 13
863 17 8 11
863 41 10 15
863 13 25 12
863 21 34 13
863 50 30 8
863 28 3 8
863 36 17 10
863 25 19 15
863 25 18 12
863 49 26 12
863 41 28 10
863 3 20 8
863 2 14 7
863 6 34 15
863 9 41 13
863 3 1 15
863 14 45 8
863 42 16 12
863 18 32 9
863 39 11 11
863 20 21 9
863 6 14 15
863 32 23 10
863 50 29 14
863 35 37 13
863 28 35 13
863 6 1 11
863 32 31 19
863 29 26 6
863 49 38 11
863 44 2 14
863 25 13 14
863 18 47 11
863 35 38 13
863 10 6 14
863 9 25 11
863 47 15 10
863 31 45 9
863 18 1 9
863 6 5 15
863 34 2 14
863 11 11 14
863 45 41 13
863 17 50 7
863 15 32 11
863 38 21 11
863 47 8 12
863 3 11 14
863 44 27 12
863 32 8 17
863 17 14 17
863 22 26 11
863 44 8 14
863 47 38 11
863 21 32 12
863 49 12 9
863 40 28 7
863 23 13 13
863 47 35 13
863 44 12 12
863 6 28 13
863 13 37 8
863 19 1 10
863 4 19 15
863 25 5 17
863 35 28 11
863 31 19 13
863 30 38 18
863 39 10 7
863 10 9 14
863 36 43 10
863 45 11 14
863 44 34 14
863 9 22 12
863 37 48 14
863 29 18 7
863 9 41 13
863 49 14 15
863 3 17 9
863 50 32 6
863 27 44 13
863 12 42 17
863 19 29 14
863 33 14 8
863 47 38 11
863 46 41 22
863 25 31 10
863 36 28 8
863 31 19 13
863 40 50 18
863 42 42 7
863 41 10 15
863 50 32 6
863 48 27 12
863 8 3 13
863 7 6 17
863 4 39 7
863 34 1 13
863 1 47 14
863 43 3 12
863 3 17 9
863 43 19 14
863 27 42 7
863 1 36 14
863 9 28 19
863 39 25 15
863 45 43 10
863 7 11 8
863 2 17 14
863 2 45 8
863 48 43 15
863 33 42 11
863 49 9 13
863 33 44 7
863 12 1 11
863 38 25 10
863 16 34 9
863 41 49 9
863 4 45 11
863 5 46 8
863 31 5 10
863 14 8 17
863 41 35 13
863 1 1 6
863 44 39 7
863 47 38 11
863 43 6 6
863 3 30 10
863 34 8 12
863 24 43 10
863 19 33 12
863 46 17 14
863 37 50 10
863 22 27 11
863 16 34 9
863 1 43 14
863 44 28 18
863 9 37 10
863 3 38 15
863 35 41 11
863 21 40 6
863 36 31 11
863 30 25 11
863 46 22 12
863 17 15 11
863 5 7 12
863 48 38 6
863 24 23 14
863 17 17 12
863 38 24 13
863 5 8 11
863 20 31 12
863 7 42 15
863 18 9 15
863 36 21 13
863 24 49 13
863 21 17 10
863 39 47 7
863 41 34 8
863 4 38 4
863 27 5 9
863 13 29 18
863 5 27 11
863 13 4 9
863 45 18 10
863 5 32 11
863 25 33 10
863 46 19 13
863 11 39 12
863 20 39 6
863 5 17 10
863 3 33 12
863 21 27 12
863 50 36 12
863 32 36 13
863 37 26 16
863 32 7 13
863 2 48 12
863 33 8 16
863 49 11 11
863 29 12 9
863 41 17 10
863 20 7 11
863 7 36 20
863 3 19 11
863 3 41 15
863 18 38 16
863 27 14 14
863 43 31 6
863 42 34 16
863 9 14 6
863 14 3 12
863 14 42 13
863 46 6 9
863 27 18 10
863 5 19 17
863 50 21 9
863 35 18 9
863 40 49 14
863 40 7 8
863 19 12 16
863 16 45 9
863 23 38 14
863 4 3 15
863 17 21 13
863 37 10 10
863 28 27 13
863 34 13 14
863 20 33 14
863 24 35 16
863 30 36 14
863 13 1 12
863 4 6 13
863 41 40 9
863 23 25 20
863 2 14 7
863 32 17 9
863 2 36 12
863 35 4 13
863 31 38 13
863 40 19 11
863 27 2 19
863 29 27 10
863 26 6 12
863 50 27 12
863 44 43 14
863 21 29 11
863 38 7 8
863 19 2 11
863 43 8 10
863 10 50 16
863 12 43 12
863 24 27 8
863 43 24 8
863 11 1 12
863 1 49 11
863 45 12 9
863 1 43 14
863 1 37 16
863 44 42 10
863 31 49 17
863 6 5 15
863 34 14 14
863 10 8 17
863 4 18 10
863 38 31 8
863 6 13 5
863 31 41 13
863 20 16 12
863 32 12 10
863 13 41 13
863 5 13 9
863 35 31 9
863 15 19 13
863 26 17 9
863 40 46 10
863 40 47 13
863 47 41 8
863 31 14 9
863 38 5 11
863 47 10 8
863 35 23 10
863 41 41 12
863 39 28 9
863 39 48 9
863 49 40 10
863 7 35 15
863 20 5 6
863 37 29 11
863 39 41 11
863 48 21 16
863 42 34 16
863 4 26 9
863 6 44 12
863 13 39 11
863 49 18 16
863 30 30 13
863 14 18 13
863 49 37 11
863 46 4 14
863 46 11 11
863 28 36 18
863 42 36 14
863 31 43 13
863 46 40 10
863 42 39 20
863 3 15 14
863 3 10 10
863 35 38 13
863 28 6 10
863 14 34 14
863 40 29 8
863 29 35 13
863 36 23 8
863 35 47 4
863 7 27 13
863 37 18 12
863 14 33 14
863 1 25 10
863 13 18 14
863 44 13 8
863 33 33 10
863 44 20 17
863 24 25 10
877 47 20 11
877 37 25 9
877 2 7 8
877 37 39 17
877 5 13 13
877 4 24 17
877 37 17 12
877 27 32 13
877 8 26 8
877 40 34 13
877 25 25 12
877 4 4 11
877 34 8 15
877 36 5 10
877 33 33 11
877 45 31 10
877 2 27 14
877 16 39 11
877 2 13 8
877 22 25 8
877 22 28 16
877 20 15 10
877 25 3 10
877 35 48 13
877 8 29 13
877 31 22 12
877 20 14 8
877 27 41 10
877 50 15 17
877 41 6 9
877 31 42 11
877 22 37 8
877 46 30 10
877 37 20 13
877 4 12 9
877 14 17 13
877 5 12 13
877 4 45 11
877 6 9 18
877 37 10 9
877 44 3 9
877 49 4 16
877 29 43 11
877 16 28 16
877 12 3 17
877 19 40 10
877 19 10 21
877 37 34 9
877 33 29 12
877 19 37 12
877 8 38 9
877 47 45 11
877 25 7 10
877 32 11 17
877 37 47 8
877 20 31 17
877 18 17 13
877 5 9 15
877 31 17 9
877 34 46 14
877 42 5 7
877 18 26 8
877 8 29 13
877 10 27 12
877 40 3 8
877 48 18 11
877 47 28 14
877 22 29 9
877 33 34 8
877 16 48 9
877 44 13 11
877 44 6 9
877 33 25 13
877 35 5 4
877 50 25 12
877 31 44 13
877 29 11 12
877 27 18 10
877 31 41 14
877 49 6 10
877 34 3 8
877 18 12 7
877 16 49 13
877 47 16 13
877 14 10 11
877 39 7 9
877 30 19 11
877 37 14 13
877 39 13 15
877 24 7 9
877 14 33 7
877 44 26 13
877 20 47 9
877 21 4 11
877 40 7 15
877 34 4 12
877 12 6 7
877 12 18 19
877 36 25 9
877 11 42 17
877 33 27 8
877 35 42 15
877 47 19 10
877 15 4 9
877 5 33 13
877 33 27 8
877 28 16 10
877 48 31 9
877 5 19 10
877 15 47 11
877 9 34 10
877 29 1 8
877 18 31 11
877 9 2 20
877 14 25 19
877 3 12 7
877 30 23 17
877 40 17 9
877 42 27 14
877 6 6 10
877 3 34 8
877 7 38 14
877 42 42 15
877 48 35 13
877 21 50 13
877 11 31 8
877 1 32 11
877 29 11 12
877 33 43 15
877 5 41 12
877 48 23 11
877 10 16 14
877 26 17 10
877 17 16 12
877 33 44 11
877 49 12 9
877 2 9 17
877 29 3 12
877 48 48 12
877 34 25 10
877 34 2 7
877 36 30 13
877 7 12 5
877 47 42 14
877 26 31 11
877 40 8 12
877 3 40 16
877 7 33 10
877 44 50 11
877 28 4 7
877 44 27 10
877 36 3 10
877 30 30 8
877 23 25 11
877 18 38 7
877 19 36 14
877 22 20 10
877 6 27 16
877 8 41 11
877 44 49 17
877 7 48 11
877 9 39 17
877 21 11 5
877 16 42 12
877 14 15 12
877 43 49 11
877 43 6 10
877 37 26 13
877 26 46 10
877 32 9 14
877 41 17 15
877 40 5 10
877 3 36 6
877 7 33 10
877 15 21 11
877 35 38 4
877 21 38 10
877 20 9 13
877 7 9 10
877 11 48 16
877 33 17 13
877 1 44 11
877 21 12 17
877 49 42 12
877 34 25 10
877 45 11 11
877 24 20 14
877 1 33 14
877 10 32 11
877 17 33 11
877 20 23 10
877 25 11 15
877 11 25 7
877 3 32 13
877 24 11 12
877 34 8 15
877 8 15 9
877 15 15 8
877 10 10 12
877 47 35 11
877 16 3 10
877 9 49 14
877 35 40 9
877 15 14 9
877 7 10 12
877 2 37 14
877 31 23 15
877 18 41 14
877 23 11 17
877 29 37 9
877 48 33 12
877 39 46 10
877 18 40 13
877 43 34 11
877 19 26 8
877 40 45 11
877 1 2 7
877 38 15 10
877 13 46 12
877 42 41 9
877 43 1 14
877 11 16 11
877 40 43 12
877 20 50 5
877 13 21 13
877 20 44 9
877 21 38 10
877 4 4 11
877 43 23 17
877 17 20 5
877 16 32 10
877 20 29 11
877 7 34 9
877 8 45 13
877 28 3 6
877 35 3 9
877 11 8 13
877 41 34 13
877 26 28 11
877 30 37 13
877 14 11 6
877 16 23 11
877 45 29 10
877 40 50 5
877 50 33 10
877 32 47 7
877 37 13 11
877 46 12 13
877 46 13 11
877 8 42 15
877 34 1 12
877 35 41 9
877 32 35 8
877 4 2 9
877 4 20 11
877 29 45 13
877 24 23 6
877 38 34 15
877 22 44 11
877 47 24 7
877 12 34 12
877 26 38 18
877 48 31 9
877 5 34 11
877 35 4 13
877 22 7 9
877 47 15 7
877 43 34 11
877 16 8 12
877 33 6 13
877 44 11 13
877 43 36 11
877 26 50 12
877 24 43 10
877 28 29 4
877 16 9 14
877 50 17 9
877 9 18 10
877 32 29 8
877 1 15 15
877 2 44 8
877 15 22 10
877 22 3 12
877 38 2 10
877 34 22 13
877 45 6 14
877 42 6 12
877 6 9 18
877 21 50 13
877 7 33 10
877 4 31 9
877 17 36 14
877 16 12 11
877 3 35 10
877 24 9 14
877 46 25 13
877 30 33 10
877 47 44 12
877 41 45 8
877 42 37 11
877 31 15 11
877 23 12 12
877 9 32 11
877 6 14 13
877 4 20 11
877 6 31 7
877 23 43 17
877 38 28 12
877 11 47 10
877 50 29 11
877 31 46 8
877 6 28 14
877 10 23 6
877 10 38 14
877 28 4 7
877 37 13 11
877 21 9 6
877 15 35 13
877 12 41 16
877 15 20 16
877 30 35 13
877 16 34 9
877 4 36 10
877 44 4 17
877 47 38 9
877 20 3 11
877 43 4 14
877 10 37 10
877 3 34 8
877 30 25 13
877 21 17 13
877 22 39 10
877 13 19 11
877 26 31 11
877 37 20 13
877 45 10 10
877 47 2 11
877 6 42 11
877 24 27 10
877 40 43 12
877 7 5 8
877 36 26 10
877 39 43 12
877 38 35 15
877 21 50 13
877 31 45 17
877 12 39 19
877 9 20 9
877 11 26 19
877 10 5 7
877 33 3 7
877 18 18 20
877 23 28 8
877 5 26 16
877 25 25 12
877 37 13 11
877 26 32 11
877 11 46 11
877 1 37 11
877 29 3 12
877 20 46 14
877 5 15 17
877 50 21 9
877 29 10 10
877 2 47 6
877 34 6 17
877 40 17 9
877 12 18 19
877 27 31 9
877 27 10 18
877 33 9 9
877 21 7 10
877 32 44 8
877 25 31 8
877 2 28 18
877 13 21 13
877 29 29 12
877 18 29 19
877 21 31 14
877 14 8 6
877 12 39 19
877 34 37 12
877 46 49 12
877 40 50 5
877 6 6 10
877 44 9 9
877 18 39 12
877 33 5 13
877 25 42 12
877 35 34 15
877 13 41 12
877 10 8 15
877 17 5 13
877 14 34 11
877 41 32 12
877 9 3 8
877 15 17 14
877 7 29 13
877 2 9 17
877 39 47 8
877 42 22 14
877 11 23 13
877 42 26 14
877 25 1 7
877 6 31 7
877 43 2 14
877 16 3 10
877 16 32 10
877 32 12 19
881 11 2 8
881 14 43 13
881 26 34 13
881 10 28 11
881 28 42 10
881 15 41 11
881 45 2 11
881 18 33 15
881 27 5 14
881 10 50 12
881 16 13 11
881 39 12 10
881 48 21 11
881 2 14 10
881 49 10 12
881 47 48 9
881 10 12 12
881 2 27 10
881 29 38 16
881 19 31 18
881 35 16 9
881 50 34 17
881 30 28 7
881 21 34 9
881 35 30 8
881 16 24 14
881 27 18 12
881 24 12 12
881 41 30 14
881 47 26 10
881 24 49 15
881 25 35 12
881 9 40 16
881 10 7 12
881 27 41 9
881 22 11 6
881 13 16 13
881 15 12 11
881 39 10 8
881 37 9 13
881 31 19 11
881 13 21 10
881 29 40 12
881 40 46 9
881 33 32 12
881 39 37 13
881 18 17 13
881 33 5 6
881 17 12 7
881 32 7 13
881 30 45 9
881 34 26 11
881 16 17 11
881 37 4 11
881 26 38 9
881 33 37 16
881 20 30 11
881 3 42 12
881 28 8 17
881 20 15 11
881 44 26 7
881 36 45 7
881 30 5 7
881 30 12 17
881 26 21 13
881 38 11 14
881 30 40 12
881 16 18 7
881 3 15 12
881 44 29 13
881 37 28 18
881 45 25 11
881 26 46 11
881 25 1 12
881 49 44 12
881 35 30 8
881 11 1 14
881 20 7 4
881 5 45 11
881 43 24 10
881 28 10 16
881 48 48 11
881 23 23 13
881 9 46 15
881 42 48 9
881 35 35 12
881 24 9 15
881 40 47 9
881 42 33 12
881 45 46 16
881 4 25 12
881 29 3 11
881 19 31 18
881 41 32 12
881 33 7 14
881 32 2 14
881 2 25 17
881 38 16 16
881 17 37 13
881 7 39 13
881 40 8 19
881 1 36 11
881 35 30 8
881 27 27 15
881 15 2 11
881 38 39 10
881 46 12 16
881 48 30 9
881 14 7 11
881 33 32 12
881 1 35 6
881 48 29 8
881 49 16 11
881 9 43 18
881 14 42 18
881 27 17 12
881 16 7 11
881 2 29 8
881 33 22 13
881 32 36 7
881 6 48 10
881 48 2 10
881 17 4 14
881 36 14 14
881 21 24 15
881 1 9 13
881 34 17 13
881 46 48 11
881 8 13 4
881 24 8 19
881 37 8 10
881 14 46 9
881 11 17 14
881 12 3 10
881 22 14 13
881 6 44 15
881 43 21 15
881 30 25 20
881 16 21 12
881 43 24 10
881 13 32 10
881 33 29 10
881 14 33 10
881 4 13 9
881 20 21 12
881 31 27 13
881 5 10 18
881 18 50 9
881 7 21 12
881 25 5 15
881 40 10 9
881 39 30 10
881 11 22 13
881 10 43 13
881 17 49 11
881 31 34 13
881 15 29 8
881 11 38 11
881 16 50 15
881 2 12 9
881 21 25 12
881 48 22 6
881 12 4 12
881 40 8 19
881 30 17 13
881 26 44 11
881 8 6 10
881 33 46 14
881 49 30 8
881 47 27 12
881 5 13 12
881 46 45 11
881 26 16 13
881 43 23 13
881 15 22 13
881 29 49 12
881 2 30 11
881 49 31 6
881 46 34 14
881 15 24 16
881 48 2 10
881 43 30 10
881 27 46 14
881 20 34 15
881 30 44 10
881 47 49 16
881 25 33 11
881 45 42 10
881 28 11 9
881 40 17 15
881 1 35 6
881 7 47 9
881 34 19 15
881 35 24 16
881 29 3 11
881 22 20 13
881 47 28 7
881 18 44 8
881 2 10 15
881 49 9 13
881 50 17 10
881 29 49 12
881 3 8 9
881 42 1 12
881 25 23 17
881 36 42 13
881 14 1 19
881 26 27 14
881 11 46 14
881 37 2 8
881 8 27 10
881 45 7 12
881 18 1 9
881 18 29 7
881 34 34 8
881 45 44 9
881 20 26 14
881 36 35 11
881 36 17 15
881 4 39 11
881 10 6 8
881 35 50 9
881 7 19 7
881 50 2 11
881 16 14 13
881 21 3 14
881 13 3 8
881 10 15 20
881 37 6 13
881 35 50 9
881 25 33 11
881 4 28 7
881 23 8 15
881 22 40 10
881 39 48 13
881 40 31 12
881 48 27 11
881 13 26 12
881 8 14 15
881 39 9 15
881 31 6 12
881 28 45 10
881 11 36 15
881 4 14 16
881 48 29 8
881 33 37 16
881 3 33 12
881 24 6 17
881 39 20 10
881 37 47 11
881 50 16 9
881 13 5 10
881 28 42 10
881 14 24 10
881 48 5 11
881 46 10 9
881 48 32 7
881 46 6 17
881 25 25 13
881 30 14 10
881 42 21 8
881 20 21 12
881 37 15 12
881 33 36 15
881 44 16 14
881 37 5 13
881 6 45 10
881 21 7 13
881 35 48 15
881 6 2 11
881 43 20 13
881 20 39 16
881 33 34 7
881 43 43 10
881 10 23 12
881 27 35 11
881 49 50 14
881 44 25 17
881 29 29 11
881 20 29 11
881 15 15 12
881 44 29 13
881 40 31 12
881 36 37 12
881 6 3 10
881 28 11 9
881 48 6 15
881 44 32 11
881 3 32 11
881 6 2 11
881 30 4 17
881 34 27 11
881 20 23 8
881 12 23 11
881 2 23 17
881 39 39 13
881 21 21 11
881 12 15 14
881 46 46 11
881 43 33 10
881 42 43 16
881 10 25 16
881 49 46 8
881 36 41 11
881 7 18 6
881 19 19 12
881 38 34 8
881 15 39 9
881 40 22 6
881 21 35 5
881 6 34 11
881 18 36 9
881 42 22 14
881 16 22 12
881 3 25 13
881 29 18 9
881 26 8 9
881 50 36 11
881 13 25 9
881 46 15 12
881 48 14 11
881 7 25 13
881 40 2 15
881 50 5 13
881 16 30 16
881 39 22 10
881 37 15 12
881 1 39 11
881 4 25 12
881 33 35 8
881 33 5 6
881 8 20 14
881 44 17 12
881 3 3 7
881 40 45 9
881 41 49 19
881 30 48 14
881 10 34 14
881 27 23 8
881 8 40 10
881 39 44 12
881 46 30 6
881 40 1 17
881 40 48 12
881 42 36 7
881 4 30 15
881 32 22 9
881 50 28 11
881 28 27 10
881 31 28 16
881 6 36 11
881 23 45 13
881 30 32 14
881 2 24 12
881 19 25 12
881 39 21 11
881 25 29 16
881 3 40 14
881 9 46 15
881 26 25 14
881 22 20 13
881 37 2 8
881 32 37 8
881 15 12 11
881 13 16 13
881 42 37 11
881 42 2 18
881 47 46 9
881 18 28 12
881 7 35 8
881 50 28 11
881 6 40 8
881 34 1 10
881 25 29 16
881 26 10 13
881 43 19 18
881 5 39 9
881 10 11 16
881 3 35 11
881 48 18 10
881 45 9 8
881 4 14 16
881 50 49 13
881 18 20 10
881 24 7 11
881 12 20 14
881 16 39 15
881 44 40 11
881 19 33 13
881 36 43 16
881 3 3 7
881 31 15 10
881 14 28 12
881 19 2 9
881 33 1 13
881 32 25 13
881 9 44 11
881 25 49 11
881 8 36 15
881 25 47 10
881 43 37 11
881 8 28 6
881 46 21 11
881 48 3 11
881 35 9 9
881 14 8 13
881 47 47 12
881 13 25 9
881 30 22 8
883 19 24 13
883 10 12 7
883 8 34 4
883 26 46 11
883 1 28 11
883 45 42 13
883 1 34 10
883 48 19 9
883 2 49 13
883 37 3 12
883 9 2 11
883 32 14 12
883 49 15 12
883 5 26 5
883 50 44 14
883 48 14 12
883 17 34 6
883 31 3 19
883 32 44 11
883 31 20 13
883 23 14 15
883 4 4 18
883 24 36 10
883 49 12 8
883 25 44 13
883 45 12 12
883 23 25 16
883 14 6 9
883 37 21 10
883 40 13 13
883 11 45 13
883 20 9 7
883 2 42 5
883 31 50 13
883 30 35 14
883 7 3 15
883 4 24 12
883 39 2 14
883 40 49 16
883 46 11 15
883 4 30 12
883 7 5 9
883 33 23 14
883 11 23 15
883 40 13 13
883 48 33 11
883 20 43 12
883 14 37 11
883 27 46 11
883 29 22 11
883 5 11 9
883 20 3 12
883 11 9 9
883 38 46 12
883 3 39 14
883 48 24 9
883 34 21 16
883 21 26 12
883 4 46 15
883 22 2 12
883 27 32 15
883 20 20 12
883 45 6 11
883 42 2 9
883 8 30 10
883 36 12 5
883 12 35 5
883 21 18 8
883 9 17 13
883 49 40 11
883 33 46 12
883 6 24 13
883 17 32 17
883 12 49 11
883 26 16 13
883 28 50 13
883 26 7 9
883 1 20 11
883 8 23 11
883 35 15 13
883 22 25 12
883 17 18 13
883 41 25 6
883 39 41 12
883 23 49 9
883 25 23 14
883 23 49 9
883 15 4 14
883 1 10 11
883 36 6 15
883 10 49 15
883 7 15 11
883 43 16 13
883 20 44 16
883 6 36 12
883 41 8 15
883 37 26 8
883 42 24 12
883 16 33 9
883 43 33 11
883 29 28 13
883 16 10 14
883 38 50 4
883 41 45 7
883 50 36 16
883 41 33 11
883 1 26 16
883 46 27 8
883 10 35 4
883 4 30 12
883 9 40 10
883 29 48 13
883 42 46 13
883 13 33 11
883 9 8 13
883 27 32 15
883 35 2 14
883 15 22 11
883 29 18 10
883 18 39 13
883 10 1 13
883 16 20 8
883 28 24 15
883 46 34 11
883 50 50 11
883 18 41 13
883 21 26 12
883 30 24 13
883 37 6 15
883 30 23 10
883 33 36 10
883 2 39 18
883 41 8 15
883 1 14 13
883 23 40 10
883 25 23 14
883 15 35 13
883 10 33 9
883 20 18 10
883 43 20 14
883 20 37 12
883 47 4 20
883 23 19 12
883 39 49 9
883 5 2 12
883 45 3 13
883 12 44 11
883 9 35 9
883 47 29 11
883 33 11 9
883 49 33 11
883 29 4 8
883 16 40 18
883 18 27 10
883 26 20 6
883 24 31 9
883 34 27 17
883 35 34 14
883 27 35 16
883 24 16 17
883 18 10 10
883 30 12 12
883 28 34 15
883 31 22 9
883 15 42 10
883 29 17 14
883 33 23 14
883 25 44 13
883 36 9 12
883 43 23 14
883 31 38 7
883 50 8 9
883 17 16 14
883 17 38 11
883 38 12 16
883 15 22 11
883 5 34 14
883 10 12 7
883 50 10 15
883 17 9 15
883 27 35 16
883 21 20 13
883 40 21 15
883 37 39 19
883 23 48 8
883 10 40 12
883 38 18 9
883 33 16 18
883 34 35 8
883 1 43 15
883 26 22 13
883 12 24 9
883 43 33 11
883 46 38 11
883 34 33 5
883 37 38 11
883 49 27 10
883 49 26 9
883 44 22 6
883 49 44 12
883 43 27 11
883 11 10 11
883 49 45 12
883 34 42 11
883 10 1 13
883 47 18 9
883 28 17 13
883 47 43 14
883 33 21 13
883 18 2 11
883 14 27 10
883 8 10 12
883 5 27 19
883 24 4 11
883 31 48 6
883 2 26 6
883 40 32 19
883 12 44 11
883 27 18 11
883 38 42 9
883 24 6 13
883 13 27 12
883 17 2 15
883 42 33 8
883 26 39 9
883 2 27 9
883 38 1 10
883 23 38 4
883 11 20 12
883 15 47 10
883 40 3 11
883 8 4 18
883 28 8 18
883 48 44 5
883 36 10 13
883 16 39 6
883 37 38 11
883 9 34 13
883 26 24 17
883 44 29 10
883 48 5 11
883 48 48 16
883 16 19 15
883 25 44 13
883 40 35 16
883 35 33 12
883 43 24 9
883 15 40 15
883 23 41 6
883 3 4 14
883 11 43 12
883 48 31 8
883 8 22 7
883 36 15 13
883 21 36 13
883 14 2 15
883 40 42 14
883 20 21 8
883 26 14 13
883 18 39 13
883 2 34 19
883 10 34 16
883 5 6 8
883 47 32 12
883 35 5 12
883 47 21 11
883 46 11 15
883 11 26 8
883 25 31 10
883 27 17 9
883 33 35 16
883 2 37 13
883 34 22 9
883 17 10 13
883 10 44 11
883 21 11 16
883 41 16 9
883 15 47 10
883 44 20 7
883 19 42 8
883 44 22 6
883 9 13 7
883 13 23 11
883 40 4 9
883 22 28 9
883 19 45 18
883 16 23 12
883 8 12 12
883 1 27 12
883 36 40 19
883 33 3 11
883 30 22 15
883 28 24 15
883 37 21 10
883 17 36 13
883 36 27 14
883 29 46 12
883 13 13 11
883 10 46 16
883 6 5 10
883 24 18 12
883 37 9 11
883 7 34 11
883 27 28 10
883 18 25 16
883 27 42 10
883 19 39 14
883 21 9 10
883 23 28 13
883 16 26 16
883 16 47 15
883 48 35 10
883 38 4 14
883 2 11 9
883 36 26 7
883 26 18 11
883 39 37 10
883 29 48 13
883 37 42 8
883 27 48 13
883 10 29 9
883 24 19 14
883 33 30 9
883 15 23 8
883 28 23 17
883 17 13 18
883 39 16 5
883 49 45 12
883 22 40 9
883 44 26 8
883 8 42 12
883 10 27 13
883 8 32 10
883 43 39 10
883 1 23 16
883 30 41 13
883 33 22 15
883 29 33 18
883 5 40 9
883 32 42 15
883 43 4 10
883 36 20 9
883 49 7 10
883 43 44 13
883 6 4 9
883 46 36 11
883 40 7 10
883 4 49 13
883 8 19 11
883 16 1 16
883 47 25 9
883 17 16 14
883 32 28 8
883 18 22 7
883 50 16 14
883 37 3 12
883 38 20 14
883 37 14 6
883 21 31 8
883 28 8 18
883 32 28 8
883 6 42 8
883 13 33 11
883 45 41 12
883 5 4 12
883 1 20 11
883 18 39 13
883 42 33 8
883 25 39 8
883 29 18 10
883 30 34 19
883 31 33 12
883 32 41 17
883 4 39 14
883 18 3 11
883 22 8 24
883 40 44 14
883 3 29 17
883 36 18 12
883 32 17 9
883 29 14 10
883 15 49 14
883 6 4 9
883 50 35 13
883 4 29 14
883 40 27 10
883 3 29 17
883 25 1 6
883 42 3 11
883 41 32 16
883 24 7 7
883 17 2 15
883 19 49 8
883 45 41 12
883 18 46 5
883 30 4 16
883 36 33 14
883 38 9 9
883 40 1 12
883 1 19 14
883 6 29 15
883 40 11 8
883 44 35 11
883 45 34 10
883 37 44 16
883 12 35 5
883 5 40 9
883 36 36 12
883 46 47 11
887 7 22 10
887 4 19 13
887 40 48 10
887 44 34 9
887 48 26 8
887 26 30 10
887 2 48 13
887 10 40 14
887 11 40 14
887 29 47 7
887 2 37 9
887 11 45 11
887 37 30 5
887 33 45 7
887 26 35 13
887 11 4 8
887 15 26 9
887 41 22 12
887 43 39 12
887 25 20 11
887 34 25 17
887 23 1 6
887 19 2 11
887 50 41 7
887 15 33 11
887 48 16 8
887 26 41 16
887 36 36 9
887 34 34 16
887 22 23 11
887 14 15 11
887 24 17 16
887 5 6 14
887 19 12 12
887 6 7 18
887 39 9 9
887 39 35 14
887 25 7 14
887 40 30 13
887 32 30 9
887 46 41 9
887 27 31 8
887 8 36 11
887 13 4 15
887 15 9 16
887 45 9 8
887 35 5 12
887 17 45 13
887 11 42 17
887 7 12 9
887 31 25 7
887 24 21 7
887 31 30 9
887 34 39 11
887 2 10 13
887 12 16 9
887 38 15 7
887 34 3 10
887 11 6 7
887 41 4 13
887 45 32 15
887 28 12 11
887 43 19 8
887 31 5 10
887 8 9 11
887 8 47 7
887 27 46 15
887 21 48 10
887 43 11 13
887 33 31 10
887 10 2 8
887 15 24 9
887 29 15 11
887 1 32 10
887 40 46 11
887 31 5 10
887 35 30 9
887 24 31 7
887 3 13 15
887 22 28 15
887 24 10 12
887 11 22 14
887 33 26 11
887 34 32 15
887 33 35 9
887 47 3 12
887 7 46 11
887 8 35 11
887 30 12 22
887 23 16 15
887 35 20 10
887 15 21 12
887 11 18 10
887 12 5 8
887 21 40 15
887 41 33 11
887 2 21 12
887 29 49 12
887 12 39 13
887 44 6 10
887 45 47 12
887 41 9 12
887 5 10 17
887 32 1 12
887 41 21 11
887 33 2 14
887 3 40 15
887 14 7 13
887 45 50 15
887 32 33 7
887 37 35 16
887 24 29 10
887 31 16 10
887 5 13 10
887 21 26 13
887 3 13 15
887 50 32 23
887 44 22 12
887 38 40 6
887 13 7 12
887 17 31 14
887 42 6 16
887 37 43 16
887 22 39 14
887 47 7 13
887 40 1 11
887 20 4 13
887 49 48 12
887 35 18 10
887 15 19 8
887 15 35 12
887 50 21 17
887 29 30 13
887 3 46 15
887 15 19 8
887 19 24 14
887 28 29 12
887 5 20 15
887 26 32 15
887 39 29 13
887 37 46 8
887 7 13 13
887 31 21 13
887 48 30 5
887 39 45 9
887 10 36 10
887 50 7 16
887 23 39 7
887 6 31 10
887 31 11 18
887 26 37 21
887 25 29 8
887 50 27 8
887 46 1 12
887 40 48 10
887 21 29 15
887 9 26 16
887 43 50 10
887 23 20 15
887 7 28 15
887 18 43 9
887 38 34 6
887 20 18 13
887 40 34 16
887 41 28 10
887 36 32 8
887 49 36 13
887 13 26 13
887 38 38 8
887 47 26 13
887 38 25 16
887 13 24 8
887 33 7 14
887 45 11 7
887 8 48 16
887 10 9 12
887 42 44 8
887 2 42 13
887 29 6 8
887 28 3 8
887 14 35 10
887 10 4 12
887 2 45 10
887 3 41 9
887 26 4 19
887 14 2 8
887 40 44 19
887 12 23 11
887 8 33 11
887 40 50 7
887 33 21 16
887 48 25 19
887 16 43 14
887 17 15 18
887 41 47 13
887 40 42 14
887 32 15 7
887 11 29 11
887 35 21 10
887 12 36 15
887 7 33 11
887 1 13 15
887 47 3 12
887 19 6 13
887 34 13 9
887 14 13 12
887 7 29 10
887 31 39 12
887 22 36 14
887 11 37 12
887 23 44 10
887 43 50 10
887 15 42 4
887 27 41 10
887 30 47 11
887 40 45 9
887 28 27 10
887 3 3 11
887 11 34 11
887 47 7 13
887 23 17 17
887 48 7 9
887 1 8 12
887 42 34 11
887 16 34 13
887 45 37 9
887 8 15 13
887 19 30 8
887 25 16 14
887 37 7 13
887 9 24 7
887 33 10 15
887 10 40 14
887 20 44 9
887 12 6 11
887 4 12 7
887 17 7 7
887 27 17 8
887 9 34 8
887 9 29 12
887 17 22 20
887 26 11 8
887 4 22 10
887 3 18 8
887 31 37 11
887 39 11 28
887 48 21 10
887 16 10 8
887 2 24 11
887 11 4 8
887 44 40 14
887 28 7 16
887 34 6 14
887 36 9 15
887 20 22 13
887 44 4 19
887 18 42 12
887 43 13 12
887 20 12 10
887 5 42 12
887 26 37 21
887 3 8 8
887 33 12 10
887 20 26 16
887 47 2 9
887 41 20 13
887 25 38 10
887 10 20 13
887 49 26 8
887 5 2 9
887 7 17 9
887 36 17 12
887 27 38 13
887 16 35 17
887 14 19 7
887 50 27 8
887 50 46 13
887 8 28 15
887 45 7 14
887 35 16 20
887 48 36 15
887 36 37 20
887 22 36 14
887 28 5 14
887 10 39 6
887 47 1 13
887 9 43 18
887 48 21 10
887 18 10 17
887 29 27 16
887 42 50 11
887 36 2 12
887 32 2 13
887 43 32 10
887 49 26 8
887 41 7 15
887 38 11 15
887 46 34 11
887 45 35 14
887 8 27 12
887 26 4 19
887 28 39 7
887 36 25 7
887 36 35 11
887 38 26 4
887 39 15 16
887 5 9 9
887 5 4 10
887 24 39 8
887 36 15 10
887 36 11 5
887 38 43 13
887 6 19 10
887 14 1 16
887 26 39 12
887 25 29 8
887 29 12 14
887 48 25 19
887 1 17 16
887 28 3 8
887 31 26 10
887 26 45 9
887 23 7 16
887 28 7 16
887 6 23 15
887 15 37 14
887 14 3 11
887 30 7 13
887 44 28 13
887 16 11 8
887 45 27 8
887 10 40 14
887 48 5 12
887 40 40 10
887 39 36 7
887 40 49 13
887 46 35 6
887 39 18 12
887 14 8 6
887 48 27 10
887 7 43 15
887 14 49 16
887 16 38 4
887 26 45 9
887 23 42 9
887 37 33 10
887 48 45 10
887 28 12 11
887 10 38 10
887 15 8 11
887 44 26 15
887 29 35 11
887 1 38 16
887 47 9 9
887 50 5 15
887 23 26 8
887 45 9 8
887 7 29 10
887 14 25 8
887 35 8 8
887 30 42 13
887 14 37 11
887 32 10 15
887 21 16 9
887 6 37 11
887 6 28 13
887 36 13 10
887 7 46 11
887 36 33 14
887 13 30 15
887 15 35 12
887 19 4 13
887 19 36 15
887 8 43 13
887 45 3 8
887 11 22 14
887 41 25 10
887 45 12 12
887 16 12 16
887 4 28 15
887 23 39 7
887 39 3 12
887 22 38 11
887 18 6 18
887 45 38 5
887 39 8 10
887 6 38 12
887 19 29 15
887 42 23 18
887 25 14 17
887 30 27 9
887 3 11 11
887 20 29 12
887 39 34 15
887 35 19 7
887 10 25 13
887 49 25 14
887 36 45 14
887 5 38 19
887 1 23 8
887 10 22 13
887 6 1 12
887 49 1 16
887 7 18 10
887 15 9 16
887 36 48 13
887 38 8 10
887 49 18 6
887 2 36 17
907 23 5 16
907 22 39 6
907 36 49 15
907 31 8 11
907 9 47 12
907 26 27 11
907 48 50 11
907 15 8 14
907 20 11 8
907 18 32 10
907 41 31 14
907 4 13 4
907 31 17 11
907 7 45 6
907 40 23 8
907 20 11 8
907 45 11 6
907 12 21 13
907 38 11 12
907 8 45 5
907 48 44 16
907 22 9 11
907 25 9 8
907 33 28 9
907 34 28 8
907 2 20 14
907 49 19 11
907 10 37 11
907 37 30 8
907 37 39 14
907 49 5 8
907 32 8 10
907 13 46 8
907 22 6 10
907 9 46 14
907 42 22 9
907 22 2 8
907 39 44 9
907 36 40 9
907 40 38 9
907 7 9 11
907 40 19 15
907 35 22 10
907 6 5 13
907 17 15 9
907 25 9 8
907 5 20 12
907 7 10 7
907 38 6 9
907 40 18 12
907 32 23 15
907 3 14 8
907 33 33 10
907 38 2 17
907 10 33 11
907 41 41 12
907 1 46 15
907 5 27 8
907 4 29 17
907 7 50 10
907 20 30 8
907 2 31 10
907 21 42 11
907 16 4 7
907 7 50 10
907 48 18 8
907 3 21 14
907 35 13 10
907 24 10 9
907 47 32 12
907 16 16 11
907 49 10 10
907 2 33 15
907 26 12 8
907 1 18 14
907 17 34 17
907 8 19 10
907 44 38 9
907 18 37 16
907 43 48 11
907 2 47 15
907 4 31 7
907 9 39 12
907 26 50 7
907 8 27 11
907 31 11 13
907 5 12 7
907 1 27 8
907 7 8 13
907 13 33 7
907 29 24 10
907 39 8 8
907 24 40 14
907 33 42 10
907 18 21 8
907 30 48 12
907 21 41 7
907 34 3 8
907 6 39 13
907 26 12 8
907 46 39 10
907 8 20 4
907 21 2 12
907 2 50 10
907 30 9 12
907 13 37 15
907 28 30 5
907 33 36 10
907 7 29 8
907 19 48 11
907 37 5 6
907 25 4 12
907 24 47 13
907 15 44 11
907 47 47 12
907 28 29 9
907 30 17 13
907 6 20 7
907 40 49 11
907 37 1 11
907 12 7 15
907 20 11 8
907 4 25 17
907 31 17 11
907 3 15 6
907 18 26 7
907 27 48 12
907 4 35 12
907 38 14 9
907 17 20 13
907 35 10 8
907 22 14 8
907 39 26 17
907 42 21 18
907 43 3 11
907 47 49 10
907 24 29 21
907 29 30 20
907 44 47 11
907 39 2 11
907 33 6 7
907 8 30 12
907 40 9 14
907 34 29 15
907 6 17 11
907 4 44 10
907 25 19 9
907 1 33 12
907 17 38 12
907 46 7 13
907 12 19 10
907 45 16 13
907 39 4 12
907 3 26 2
907 41 9 15
907 28 8 10
907 30 20 10
907 30 22 15
907 37 30 8
907 20 24 11
907 35 3 11
907 4 14 9
907 27 34 8
907 1 23 11
907 28 18 6
907 33 31 4
907 6 41 11
907 26 22 15
907 38 35 10
907 10 27 10
907 13 39 11
907 18 40 18
907 17 33 14
907 40 22 8
907 32 5 11
907 25 23 11
907 9 39 12
907 32 5 11
907 20 20 14
907 48 21 13
907 35 5 7
907 21 16 10
907 32 27 10
907 13 34 6
907 19 6 11
907 42 18 6
907 12 11 10
907 19 20 13
907 8 16 12
907 24 3 8
907 28 40 8
907 31 34 14
907 50 16 12
907 3 11 11
907 46 32 13
907 42 21 18
907 27 44 12
907 10 16 12
907 44 50 11
907 34 9 7
907 16 33 10
907 28 17 16
907 42 48 13
907 8 21 11
907 29 14 11
907 16 10 6
907 8 23 9
907 6 44 15
907 20 47 6
907 49 8 15
907 48 50 11
907 18 34 11
907 45 21 12
907 13 22 10
907 7 16 14
907 13 35 12
907 39 16 7
907 37 37 19
907 35 34 10
907 6 9 12
907 41 26 14
907 32 7 13
907 22 43 11
907 3 2 8
907 48 16 10
907 36 38 11
907 40 40 8
907 29 1 14
907 42 47 8
907 42 44 6
907 31 46 10
907 24 1 18
907 11 24 12
907 25 27 14
907 31 37 15
907 24 15 13
907 32 10 9
907 38 7 14
907 23 40 8
907 21 48 17
907 50 37 16
907 12 40 12
907 41 36 14
907 45 43 8
907 14 6 13
907 7 18 8
907 28 4 9
907 4 47 7
907 20 27 8
907 28 36 14
907 37 12 11
907 3 22 10
907 8 42 15
907 27 47 7
907 43 2 8
907 47 50 8
907 40 21 7
907 49 47 11
907 43 47 13
907 46 23 12
907 37 37 19
907 17 50 10
907 38 23 11
907 28 18 6
907 24 22 17
907 42 18 6
907 6 8 7
907 16 6 20
907 11 25 11
907 30 50 9
907 1 38 13
907 27 44 12
907 44 43 10
907 27 34 8
907 9 41 7
907 46 22 10
907 45 10 11
907 33 15 12
907 13 35 12
907 10 19 7
907 35 12 16
907 10 9 14
907 10 47 10
907 27 40 14
907 23 4 14
907 39 49 23
907 10 14 13
907 25 4 12
907 26 36 10
907 28 24 13
907 50 42 10
907 20 48 11
907 23 44 9
907 14 35 10
907 8 25 10
907 6 44 15
907 34 40 10
907 18 6 9
907 49 47 11
907 20 29 15
907 9 8 12
907 41 28 11
907 24 29 21
907 19 17 8
907 7 46 12
907 33 29 12
907 38 42 13
907 13 6 16
907 3 9 9
907 1 30 14
907 7 48 11
907 7 46 12
907 36 42 6
907 37 39 14
907 38 1 8
907 28 37 14
907 50 7 8
907 16 39 8
907 15 2 8
907 21 26 16
907 24 4 12
907 47 39 6
907 2 5 5
907 7 30 11
907 49 41 14
907 37 14 9
907 1 33 12
907 18 36 16
907 18 26 7
907 50 4 10
907 5 32 13
907 47 49 10
907 23 25 18
907 42 6 11
907 50 35 13
907 9 44 9
907 39 18 16
907 14 20 14
907 4 13 4
907 8 30 12
907 44 14 18
907 35 32 15
907 3 1 13
907 14 24 13
907 34 1 11
907 32 28 9
907 43 41 15
907 48 3 13
907 2 5 5
907 45 38 9
907 13 25 9
907 27 8 11
907 12 19 10
907 19 42 11
907 46 48 13
907 46 49 14
907 48 28 17
907 44 42 8
907 34 8 14
907 20 21 17
907 39 25 14
907 12 25 15
907 26 31 3
907 32 27 10
907 38 14 9
907 35 16 13
907 25 50 7
907 46 3 7
907 1 17 11
907 1 50 9
907 1 31 10
907 22 10 11
907 9 36 9
907 28 1 15
907 30 37 8
907 38 20 9
907 8 48 9
907 41 36 14
907 25 14 12
907 31 45 11
907 23 33 13
907 11 49 14
907 6 20 7
907 9 42 10
907 29 21 9
907 11 48 15
907 49 9 17
907 3 41 8
907 30 33 10
907 43 17 16
907 15 30 10
907 7 35 17
907 29 8 15
907 44 26 15
907 39 1 8
907 42 43 11
907 1 19 6
907 18 48 8
907 20 32 15
907 21 6 15
907 27 26 11
907 44 37 10
907 32 41 13
907 37 22 14
907 10 48 13
907 35 3 11
907 13 33 7
907 11 48 15
907 10 42 15
911 41 7 14
911 6 2 2
911 33 29 8
911 19 20 13
911 45 28 8
911 21 1 10
911 30 26 9
911 33 24 13
911 3 7 11
911 40 31 6
911 15 2 8
911 26 12 17
911 25 24 10
911 19 33 15
911 42 35 12
911 8 40 15
911 45 7 12
911 8 36 16
911 20 29 9
911 13 15 17
911 18 48 10
911 28 21 9
911 31 19 12
911 44 50 11
911 32 14 16
911 40 30 16
911 32 37 6
911 23 43 9
911 30 27 11
911 5 42 10
911 24 24 11
911 49 18 4
911 17 19 8
911 14 48 8
911 14 8 8
911 22 37 14
911 2 24 8
911 39 11 8
911 10 38 8
911 5 2 20
911 42 24 14
911 2 44 7
911 9 16 9
911 28 11 16
911 43 1 15
911 27 31 12
911 32 42 12
911 46 30 14
911 45 19 11
911 45 6 12
911 8 16 11
911 42 29 9
911 28 48 13
911 10 8 9
911 36 47 8
911 25 2 15
911 22 8 13
911 11 49 13
911 24 49 9
911 28 11 16
911 30 40 13
911 13 1 8
911 9 41 11
911 38 4 13
911 46 26 9
911 14 22 18
911 10 17 12
911 11 37 10
911 1 36 4
911 2 24 8
911 22 36 10
911 13 17 13
911 14 6 13
911 17 30 12
911 48 12 14
911 15 20 17
911 33 36 10
911 6 1 11
911 50 48 14
911 34 49 12
911 33 30 10
911 39 37 13
911 1 50 12
911 21 2 12
911 16 13 10
911 10 45 12
911 18 18 12
911 27 2 10
911 42 19 6
911 38 20 13
911 23 3 12
911 3 1 4
911 7 47 10
911 27 23 8
911 36 32 16
911 18 17 8
911 15 42 12
911 16 39 11
911 38 5 7
911 4 31 11
911 23 44 9
911 7 41 12
911 1 23 10
911 40 23 9
911 7 3 12
911 1 1 14
911 29 44 7
911 39 49 12
911 50 20 15
911 5 45 12
911 48 33 16
911 36 26 11
911 31 47 9
911 22 45 15
911 48 8 13
911 21 28 14
911 30 7 6
911 12 21 9
911 13 44 10
911 13 5 11
911 16 33 18
911 44 33 11
911 18 46 9
911 14 19 7
911 16 12 7
911 37 43 9
911 8 33 10
911 26 31 9
911 20 2 15
911 11 23 11
911 36 27 14
911 20 43 19
911 36 19 9
911 43 40 9
911 40 16 10
911 1 40 14
911 48 42 9
911 8 42 12
911 16 43 6
911 16 11 7
911 31 49 13
911 16 29 9
911 29 11 12
911 8 3 12
911 25 30 13
911 20 24 11
911 30 33 16
911 28 1 8
911 49 23 12
911 29 23 16
911 13 20 15
911 5 11 11
911 21 31 14
911 5 46 17
911 47 39 7
911 38 35 11
911 25 33 6
911 8 20 4
911 7 7 12
911 26 21 7
911 26 48 11
911 13 28 6
911 38 44 12
911 36 18 15
911 21 19 11
911 43 9 12
911 24 28 10
911 33 34 8
911 2 7 12
911 25 40 6
911 11 47 12
911 41 8 13
911 35 16 12
911 38 31 6
911 13 34 16
911 36 3 9
911 18 23 10
911 23 40 11
911 41 45 5
911 8 46 12
911 7 1 17
911 41 36 11
911 12 47 20
911 13 21 16
911 28 22 18
911 35 48 9
911 18 16 8
911 16 27 12
911 19 28 6
911 33 47 14
911 50 46 8
911 30 37 10
911 5 24 7
911 49 26 10
911 32 46 11
911 43 11 16
911 50 35 14
911 12 19 13
911 2 6 13
911 27 21 9
911 2 27 10
911 35 31 8
911 42 19 6
911 49 23 12
911 42 11 8
911 20 29 9
911 48 28 10
911 27 37 9
911 19 48 9
911 34 17 8
911 35 28 16
911 15 11 9
911 26 32 15
911 4 49 14
911 44 24 7
911 10 46 13
911 9 50 12
911 17 21 12
911 29 13 4
911 49 5 13
911 16 47 9
911 43 49 13
911 36 27 14
911 30 4 11
911 20 45 10
911 5 48 13
911 50 27 10
911 47 14 11
911 1 46 15
911 42 19 6
911 32 28 13
911 43 38 7
911 29 32 16
911 16 11 7
911 37 36 13
911 49 44 13
911 29 34 15
911 19 35 12
911 1 43 13
911 40 37 6
911 21 21 9
911 29 19 16
911 47 44 6
911 1 21 17
911 35 44 10
911 28 44 14
911 5 46 17
911 7 44 7
911 6 25 10
911 44 24 7
911 20 14 10
911 10 14 10
911 18 41 10
911 2 43 16
911 50 50 14
911 25 40 6
911 3 23 12
911 45 10 14
911 5 50 11
911 40 1 14
911 47 22 11
911 26 3 7
911 23 17 16
911 2 31 13
911 24 3 7
911 9 27 11
911 22 29 10
911 38 32 7
911 3 37 12
911 21 40 12
911 33 11 10
911 44 29 13
911 1 6 17
911 14 1 12
911 4 8 10
911 2 22 12
911 43 26 18
911 24 39 14
911 39 17 11
911 47 48 13
911 42 29 9
911 11 37 10
911 39 45 11
911 4 49 14
911 18 37 18
911 46 25 5
911 13 25 9
911 4 32 12
911 8 34 12
911 8 7 16
911 37 1 8
911 35 47 8
911 23 28 12
911 34 24 13
911 46 23 9
911 36 5 15
911 6 8 13
911 23 36 6
911 50 14 10
911 33 48 9
911 17 22 10
911 11 21 10
911 6 17 9
911 13 30 9
911 23 41 9
911 6 2 2
911 40 32 10
911 40 1 14
911 17 41 7
911 11 7 13
911 35 15 17
911 24 16 7
911 28 48 13
911 38 35 11
911 44 3 7
911 37 15 8
911 1 47 10
911 41 23 7
911 26 3 7
911 21 49 13
911 4 21 14
911 43 14 7
911 2 32 16
911 21 29 7
911 21 20 11
911 3 3 10
911 3 35 11
911 40 16 10
911 42 45 13
911 45 23 11
911 49 36 11
911 33 2 12
911 8 5 4
911 7 14 12
911 41 15 13
911 29 47 13
911 15 16 8
911 31 41 7
911 15 10 12
911 16 31 11
911 47 50 15
911 28 29 18
911 22 48 12
911 9 18 8
911 24 24 11
911 47 17 10
911 44 3 7
911 23 2 10
911 21 39 11
911 40 49 14
911 4 18 10
911 16 32 11
911 35 40 9
911 46 38 10
911 32 39 9
911 40 44 15
911 48 11 15
911 27 43 13
911 20 16 6
911 20 19 15
911 31 35 9
911 15 40 11
911 17 42 9
911 27 42 10
911 16 22 7
911 6 11 13
911 5 45 12
911 5 31 11
911 28 29 18
911 41 39 15
911 31 37 15
911 6 49 14
911 16 34 5
911 22 13 12
911 29 16 10
911 8 33 10
911 48 26 15
911 38 16 15
911 24 18 10
911 30 35 9
911 7 21 13
911 42 46 9
911 39 7 7
911 12 25 14
911 7 36 8
911 34 14 10
911 50 14 10
911 2 25 16
911 43 6 8
911 3 14 11
911 36 40 16
911 7 35 11
911 20 13 11
911 39 47 9
911 42 19 6
911 18 46 9
911 31 25 12
911 1 13 14
911 29 1 12
911 20 47 15
911 17 25 12
911 47 24 16
911 19 21 11
911 36 36 12
911 16 17 8
911 50 45 10
911 32 17 13
911 40 1 14
911 11 41 16
919 2 19 10
919 13 28 13
919 1 28 14
919 23 15 11
919 43 30 6
919 7 40 8
919 26 46 6
919 20 24 17
919 31 33 10
919 40 36 11
919 34 39 7
919 21 22 19
919 42 24 14
919 48 36 11
919 49 45 14
919 6 27 10
919 50 32 5
919 18 43 8
919 12 29 17
919 13 46 10
919 37 4 11
919 3 4 16
919 30 28 13
919 14 47 10
919 3 10 13
919 20 34 11
919 3 33 8
919 41 26 8
919 17 13 8
919 29 46 9
919 1 24 10
919 50 11 12
919 6 37 7
919 28 44 8
919 5 15 4
919 38 7 8
919 25 50 11
919 25 22 6
919 4 1 10
919 10 46 10
919 46 49 12
919 41 14 7
919 34 7 11
919 11 39 14
919 28 38 7
919 23 30 12
919 25 29 14
919 5 44 18
919 49 8 9
919 5 48 10
919 49 43 13
919 18 17 13
919 41 25 9
919 21 17 15
919 4 2 9
919 33 30 13
919 18 33 8
919 49 8 9
919 12 30 6
919 43 36 15
919 38 27 14
919 3 3 9
919 38 13 8
919 43 13 12
919 41 39 12
919 41 31 19
919 20 18 9
919 9 35 15
919 38 21 10
919 15 48 10
919 4 15 6
919 31 24 17
919 6 43 5
919 11 47 12
919 3 27 15
919 10 31 18
919 36 19 15
919 48 41 9
919 42 21 9
919 46 47 10
919 44 12 13
919 25 45 22
919 39 1 10
919 7 12 12
919 40 26 14
919 50 34 10
919 15 27 11
919 43 31 6
919 21 6 12
919 8 40 14
919 32 19 12
919 43 20 9
919 26 45 13
919 15 50 9
919 3 48 14
919 4 15 6
919 23 12 13
919 38 37 7
919 49 4 9
919 5 36 15
919 30 28 13
919 7 8 15
919 13 25 7
919 37 28 12
919 26 37 6
919 30 49 16
919 24 23 9
919 37 7 16
919 8 16 18
919 28 5 13
919 45 20 5
919 8 37 11
919 41 10 13
919 49 15 17
919 4 28 12
919 23 17 5
919 41 15 9
919 28 45 12
919 16 12 17
919 6 38 8
919 27 10 6
919 21 8 12
919 45 1 8
919 2 21 11
919 27 33 14
919 25 14 12
919 50 27 7
919 45 18 14
919 25 40 11
919 32 41 13
919 14 6 10
919 36 28 16
919 10 5 5
919 44 39 6
919 9 22 13
919 4 48 10
919 47 49 10
919 38 16 12
919 41 29 17
919 12 38 10
919 14 47 10
919 14 6 10
919 42 49 9
919 37 13 15
919 21 24 16
919 38 45 10
919 5 26 14
919 11 8 6
919 6 4 11
919 14 26 10
919 46 12 8
919 27 11 11
919 36 6 11
919 25 26 18
919 34 27 8
919 13 45 15
919 11 45 13
919 27 44 12
919 33 5 10
919 6 9 18
919 48 14 6
919 30 43 10
919 7 34 15
919 40 31 14
919 26 43 13
919 45 31 13
919 16 18 14
919 24 22 8
919 40 47 13
919 19 17 14
919 12 43 14
919 41 30 9
919 33 30 13
919 47 11 11
919 5 28 10
919 25 13 12
919 10 31 18
919 38 39 8
919 26 31 11
919 23 37 8
919 30 44 11
919 27 39 13
919 19 39 8
919 39 12 10
919 3 48 14
919 35 15 14
919 45 49 9
919 24 13 8
919 23 41 5
919 48 6 11
919 24 47 13
919 37 16 12
919 16 16 8
919 17 43 14
919 30 41 9
919 10 28 13
919 41 21 13
919 45 25 12
919 30 37 8
919 19 28 8
919 14 14 10
919 14 49 12
919 21 50 9
919 9 48 12
919 33 16 18
919 22 27 8
919 19 19 12
919 3 47 7
919 25 21 6
919 6 16 12
919 34 29 17
919 23 43 8
919 2 8 12
919 38 32 9
919 36 20 11
919 10 6 11
919 24 35 8
919 46 40 7
919 8 39 11
919 22 4 14
919 14 39 12
919 50 21 10
919 46 2 9
919 50 9 12
919 25 32 8
919 16 30 4
919 4 33 10
919 32 25 14
919 1 16 10
919 5 1 8
919 5 29 9
919 5 44 18
919 35 1 5
919 43 16 7
919 23 48 14
919 3 16 15
919 9 45 10
919 9 18 17
919 27 26 10
919 13 46 10
919 30 34 13
919 42 29 10
919 7 9 10
919 19 24 11
919 43 46 12
919 28 6 11
919 11 5 9
919 27 44 12
919 21 18 6
919 29 41 10
919 23 20 16
919 31 12 16
919 49 2 9
919 7 21 10
919 8 30 11
919 13 49 9
919 25 39 10
919 11 14 13
919 46 4 12
919 12 40 10
919 21 48 10
919 31 2 17
919 4 27 8
919 14 2 12
919 18 23 12
919 42 43 12
919 20 41 10
919 23 27 9
919 3 14 7
919 16 5 10
919 25 17 11
919 22 44 15
919 41 3 17
919 13 21 8
919 17 16 11
919 44 11 14
919 45 12 11
919 11 48 9
919 32 32 13
919 26 37 6
919 38 26 9
919 14 9 8
919 40 23 15
919 7 31 12
919 5 47 8
919 20 42 9
919 24 40 12
919 42 41 14
919 21 49 13
919 29 4 9
919 37 30 11
919 2 17 6
919 8 32 7
919 27 36 12
919 39 8 11
919 2 4 12
919 29 23 10
919 31 27 9
919 17 8 17
919 47 42 10
919 41 6 8
919 13 7 12
919 42 6 12
919 36 38 14
919 47 21 7
919 44 9 10
919 8 39 11
919 16 31 5
919 16 38 9
919 19 7 10
919 17 17 10
919 10 4 11
919 25 29 14
919 1 34 14
919 38 5 12
919 28 30 10
919 9 43 9
919 19 25 10
919 6 49 13
919 10 36 13
919 45 5 11
919 36 28 16
919 24 5 17
919 4 37 11
919 44 7 9
919 24 17 9
919 34 17 10
919 9 11 8
919 21 30 8
919 27 49 14
919 34 1 17
919 18 40 12
919 19 28 8
919 32 47 12
919 45 12 11
919 8 5 14
919 14 14 10
919 23 38 14
919 13 47 16
919 37 1 14
919 34 22 9
919 9 25 8
919 39 15 11
919 15 30 7
919 49 12 10
919 22 31 7
919 23 5 10
919 10 15 13
919 48 27 9
919 15 49 6
919 6 23 15
919 19 42 11
919 41 49 11
919 7 11 18
919 48 11 10
919 34 27 8
919 34 32 10
919 22 8 11
919 34 12 12
919 12 30 6
919 3 43 11
919 10 45 13
919 32 28 4
919 50 12 11
919 17 9 11
919 25 14 12
919 29 27 10
919 8 36 11
919 24 24 11
919 47 42 10
919 21 34 9
919 24 22 8
919 27 27 11
919 37 50 9
919 35 48 9
919 46 40 7
919 22 47 8
919 4 17 8
919 50 29 11
919 10 13 10
919 9 43 9
919 5 7 11
919 50 22 4
919 26 41 10
919 33 31 10
919 30 38 13
919 35 39 10
919 50 16 14
919 8 6 12
919 1 15 17
919 19 41 12
919 21 27 13
919 14 46 8
919 45 12 11
919 6 18 9
919 4 42 9
919 27 21 9
919 43 42 7
919 13 40 7
919 26 39 8
919 29 9 9
919 11 17 7
919 9 37 12
919 34 20 10
919 9 38 17
919 27 4 13
919 7 38 9
919 6 7 14
919 15 10 13
929 4 46 13
929 4 47 9
929 26 39 14
929 23 15 8
929 3 6 14
929 24 37 10
929 41 15 14
929 7 20 9
929 44 43 16
929 33 25 11
929 19 42 13
929 44 13 14
929 14 38 13
929 14 8 10
929 14 39 13
929 4 20 14
929 18 4 17
929 12 10 6
929 21 37 8
929 46 8 14
929 40 43 11
929 1 39 13
929 25 25 11
929 50 22 9
929 14 41 6
929 38 11 12
929 38 43 10
929 44 26 9
929 30 32 9
929 28 23 9
929 12 29 7
929 38 18 12
929 43 49 11
929 21 30 10
929 50 11 9
929 42 19 7
929 49 7 11
929 8 12 9
929 5 32 11
929 44 49 9
929 34 10 16
929 27 9 9
929 39 12 12
929 24 5 10
929 36 30 14
929 39 50 9
929 5 44 6
929 41 22 14
929 46 12 12
929 13 13 9
929 48 31 16
929 29 49 10
929 44 47 11
929 47 35 12
929 36 43 17
929 8 42 7
929 9 50 9
929 34 49 8
929 5 9 12
929 21 47 12
929 11 27 15
929 6 1 14
929 32 23 11
929 40 20 9
929 38 2 12
929 13 36 6
929 12 16 10
929 43 13 10
929 2 23 15
929 45 22 18
929 45 49 16
929 34 9 12
929 44 25 18
929 39 33 11
929 2 19 13
929 14 47 15
929 6 24 13
929 35 21 15
929 2 34 8
929 34 49 8
929 35 10 9
929 43 4 5
929 2 25 11
929 18 17 9
929 4 35 9
929 36 50 10
929 2 14 10
929 12 22 12
929 31 8 11
929 29 36 13
929 47 11 17
929 20 10 10
929 18 2 15
929 14 47 15
929 43 41 11
929 8 41 10
929 23 17 9
929 25 12 8
929 39 22 8
929 33 12 11
929 26 43 16
929 21 39 11
929 41 44 10
929 2 43 15
929 35 5 11
929 33 42 11
929 24 3 11
929 19 14 6
929 7 40 12
929 28 50 11
929 12 43 7
929 30 26 11
929 33 6 15
929 35 6 14
929 38 29 10
929 14 45 12
929 23 16 16
929 2 37 12
929 7 43 7
929 19 16 14
929 35 10 9
929 46 48 8
929 6 19 15
929 22 38 5
929 19 15 4
929 30 4 15
929 50 8 11
929 38 21 9
929 47 21 7
929 13 22 14
929 45 45 10
929 25 23 13
929 36 27 12
929 29 15 10
929 36 10 13
929 25 14 14
929 40 4 9
929 12 31 8
929 45 5 14
929 33 3 12
929 15 42 10
929 12 3 7
929 9 20 10
929 15 22 8
929 8 28 8
929 17 41 5
929 41 13 9
929 41 50 12
929 29 23 10
929 28 14 11
929 28 32 8
929 35 37 18
929 32 1 16
929 31 50 9
929 38 38 6
929 7 44 6
929 48 24 12
929 22 19 8
929 19 2 16
929 5 2 11
929 35 6 14
929 38 28 8
929 23 8 12
929 44 33 16
929 46 5 12
929 8 2 12
929 50 50 9
929 25 20 9
929 49 6 10
929 43 35 13
929 49 34 8
929 41 34 12
929 1 35 13
929 34 14 12
929 2 40 7
929 22 17 13
929 10 6 7
929 47 30 15
929 42 45 11
929 12 41 13
929 22 32 16
929 24 17 10
929 3 26 9
929 1 25 9
929 23 6 12
929 24 32 7
929 38 9 12
929 41 40 9
929 36 41 13
929 47 3 14
929 26 37 12
929 9 45 7
929 29 48 9
929 9 12 13
929 35 20 10
929 25 6 12
929 22 5 8
929 6 15 12
929 8 21 17
929 4 8 17
929 50 11 9
929 15 40 17
929 25 43 14
929 25 10 12
929 15 22 8
929 27 48 10
929 33 17 15
929 22 11 9
929 10 20 6
929 31 27 7
929 10 37 14
929 48 8 6
929 3 16 13
929 10 30 13
929 39 18 12
929 27 37 11
929 38 5 10
929 14 48 6
929 50 46 7
929 26 35 10
929 24 45 9
929 19 21 7
929 26 2 11
929 13 50 11
929 8 27 10
929 17 19 10
929 14 6 7
929 34 10 16
929 29 48 9
929 35 45 14
929 31 16 14
929 27 48 10
929 28 22 8
929 41 13 9
929 42 39 15
929 16 15 13
929 34 29 17
929 13 3 16
929 4 26 10
929 29 16 14
929 3 17 11
929 13 34 6
929 2 20 10
929 40 3 12
929 4 29 13
929 16 42 10
929 15 33 7
929 31 43 9
929 36 18 7
929 38 2 12
929 18 41 12
929 4 48 12
929 34 17 12
929 4 35 9
929 24 7 9
929 29 17 2
929 2 4 8
929 45 33 13
929 14 21 8
929 7 24 16
929 43 36 17
929 47 1 16
929 3 29 5
929 27 5 10
929 33 22 12
929 30 26 11
929 34 43 11
929 3 48 12
929 3 22 15
929 19 9 7
929 23 18 16
929 35 29 10
929 41 9 16
929 17 38 13
929 46 48 8
929 19 46 6
929 23 42 11
929 8 28 8
929 39 47 11
929 46 36 13
929 1 34 12
929 41 27 11
929 20 22 11
929 49 13 16
929 46 28 15
929 29 15 10
929 11 12 10
929 15 32 11
929 39 33 11
929 34 8 20
929 18 2 15
929 33 44 8
929 3 16 13
929 21 41 11
929 4 9 11
929 30 21 12
929 45 15 11
929 39 28 14
929 26 9 15
929 50 50 9
929 43 32 7
929 38 32 10
929 43 18 13
929 12 30 12
929 28 24 7
929 13 9 12
929 11 31 15
929 27 11 10
929 3 28 11
929 26 45 13
929 49 20 6
929 14 4 9
929 9 2 10
929 41 9 16
929 11 11 11
929 48 50 8
929 19 14 6
929 2 11 9
929 8 23 8
929 24 18 7
929 20 44 9
929 48 16 12
929 11 2 13
929 13 19 8
929 37 18 10
929 36 42 8
929 1 20 13
929 36 33 8
929 24 38 9
929 36 19 10
929 11 39 14
929 4 1 12
929 13 24 15
929 41 42 9
929 23 27 7
929 30 41 8
929 44 2 4
929 16 8 7
929 30 35 15
929 27 5 10
929 17 50 9
929 50 14 11
929 38 47 8
929 42 9 7
929 33 39 6
929 48 22 15
929 46 22 12
929 8 19 12
929 25 32 11
929 7 17 13
929 50 17 10
929 41 45 12
929 21 20 10
929 18 49 14
929 28 40 7
929 29 33 9
929 26 37 12
929 26 37 12
929 45 22 18
929 50 38 13
929 21 26 14
929 2 10 16
929 16 38 11
929 38 18 12
929 36 13 13
929 44 50 11
929 32 12 13
929 19 31 12
929 1 42 8
929 7 44 6
929 16 39 9
929 50 23 10
929 10 17 7
929 10 36 16
929 6 2 7
929 45 49 16
929 46 13 10
929 19 3 8
929 16 34 9
929 24 35 10
929 16 2 14
929 37 12 8
929 17 19 10
929 45 50 12
929 5 10 8
929 23 36 11
929 19 27 15
929 30 12 12
929 24 50 12
929 7 10 8
929 14 13 13
929 47 45 12
929 27 18 12
929 38 12 18
929 33 27 10
929 43 2 11
929 23 23 11
929 46 3 10
929 29 20 8
929 13 5 9
929 24 15 6
929 24 42 10
929 14 14 7
929 50 48 12
929 42 3 14
929 44 7 12
929 9 23 11
929 10 28 7
929 23 16 16
937 23 32 13
937 32 37 11
937 40 39 12
937 45 36 9
937 48 19 14
937 5 41 9
937 7 10 8
937 11 41 14
937 34 12 11
937 36 24 11
937 23 36 15
937 38 25 19
937 41 19 10
937 10 33 8
937 45 35 7
937 45 16 20
937 27 21 10
937 21 40 11
937 3 34 12
937 12 30 7
937 38 35 6
937 26 34 7
937 15 29 10
937 8 46 7
937 45 43 9
937 45 5 16
937 21 50 7
937 29 13 11
937 29 8 6
937 43 41 8
937 24 13 10
937 26 48 8
937 27 22 13
937 16 44 13
937 1 35 7
937 45 39 7
937 22 49 13
937 5 1 18
937 37 24 16
937 11 50 9
937 49 48 10
937 37 50 7
937 27 3 11
937 47 32 9
937 44 37 18
937 15 8 7
937 33 32 17
937 12 40 18
937 24 1 13
937 49 12 10
937 13 11 12
937 19 38 14
937 30 17 12
937 28 34 11
937 35 13 14
937 17 4 11
937 49 45 10
937 19 34 14
937 30 5 12
937 33 38 13
937 37 21 9
937 26 12 9
937 39 18 9
937 18 32 10
937 32 34 7
937 30 27 6
937 14 6 3
937 16 45 14
937 36 15 10
937 22 1 14
937 48 36 12
937 31 44 11
937 41 7 12
937 47 46 18
937 38 33 11
937 28 24 10
937 14 33 10
937 33 29 11
937 24 47 6
937 31 39 7
937 23 17 9
937 29 48 8
937 40 14 13
937 19 27 8
937 8 17 9
937 25 41 13
937 38 47 6
937 35 4 12
937 30 4 14
937 18 29 11
937 48 6 10
937 45 27 12
937 22 33 9
937 32 21 10
937 17 36 10
937 35 31 11
937 24 22 11
937 4 17 2
937 49 41 24
937 4 27 10
937 48 33 12
937 24 6 16
937 6 13 6
937 25 6 12
937 6 1 15
937 19 40 10
937 17 6 13
937 20 33 14
937 42 14 7
937 29 27 8
937 8 9 11
937 40 7 8
937 37 41 7
937 10 43 15
937 4 49 14
937 38 2 11
937 39 28 14
937 34 31 7
937 1 15 7
937 35 33 13
937 5 38 12
937 26 24 14
937 13 22 12
937 27 36 14
937 15 36 12
937 36 45 11
937 49 17 14
937 17 39 6
937 33 7 17
937 42 42 11
937 47 6 9
937 44 43 14
937 13 10 19
937 26 30 10
937 32 24 9
937 27 50 13
937 33 18 8
937 38 6 8
937 11 33 8
937 42 14 7
937 47 27 14
937 16 32 10
937 38 16 13
937 33 14 8
937 36 6 7
937 37 34 12
937 40 23 7
937 16 30 9
937 37 49 12
937 31 4 11
937 36 38 13
937 6 18 13
937 35 43 8
937 33 25 11
937 33 17 14
937 1 8 11
937 20 32 10
937 26 5 10
937 6 10 11
937 44 3 7
937 13 39 15
937 47 25 8
937 1 6 14
937 6 45 10
937 35 13 14
937 2 37 9
937 12 28 16
937 48 13 9
937 43 33 10
937 36 28 9
937 39 28 14
937 44 17 10
937 33 40 12
937 21 13 12
937 32 27 12
937 48 2 10
937 21 42 11
937 33 24 11
937 44 15 12
937 23 29 13
937 32 7 13
937 2 22 16
937 26 7 15
937 12 10 5
937 26 35 10
937 32 2 13
937 46 12 8
937 1 14 14
937 4 8 10
937 8 49 14
937 20 10 9
937 35 34 9
937 50 40 11
937 49 1 11
937 25 4 11
937 6 44 14
937 8 34 12
937 45 26 6
937 1 14 14
937 46 17 13
937 13 25 12
937 18 46 10
937 45 3 15
937 14 45 12
937 15 29 10
937 7 47 12
937 9 17 13
937 10 2 9
937 21 40 11
937 4 46 9
937 8 8 14
937 35 15 17
937 50 26 8
937 44 36 10
937 24 44 8
937 38 2 11
937 41 33 7
937 40 5 9
937 10 18 11
937 4 33 7
937 4 47 9
937 47 39 12
937 32 15 14
937 34 10 13
937 4 5 10
937 36 1 13
937 9 25 7
937 48 3 10
937 37 49 12
937 44 27 8
937 20 5 13
937 40 38 10
937 47 10 6
937 23 19 3
937 49 11 8
937 13 27 6
937 1 3 21
937 13 35 15
937 39 25 12
937 42 31 13
937 19 28 11
937 35 10 10
937 17 1 12
937 38 33 11
937 24 41 13
937 26 13 11
937 27 32 11
937 16 1 10
937 15 34 9
937 35 38 13
937 5 35 10
937 23 34 10
937 39 42 5
937 42 20 14
937 22 2 15
937 33 43 12
937 50 2 9
937 26 31 7
937 31 22 10
937 17 4 11
937 8 23 11
937 15 34 9
937 26 13 11
937 23 17 9
937 19 37 14
937 38 47 6
937 29 22 12
937 41 19 10
937 23 28 8
937 14 1 12
937 48 38 7
937 30 10 10
937 10 36 6
937 35 32 8
937 1 34 14
937 22 34 10
937 50 7 13
937 20 34 12
937 18 6 15
937 16 12 10
937 24 18 21
937 43 15 13
937 8 32 10
937 3 9 14
937 1 22 8
937 24 26 12
937 46 11 9
937 31 43 4
937 18 8 15
937 13 42 11
937 40 43 10
937 14 18 7
937 29 6 8
937 49 2 11
937 8 42 9
937 37 38 7
937 38 1 13
937 10 45 10
937 16 47 17
937 1 30 4
937 3 5 13
937 33 42 7
937 7 25 15
937 4 29 10
937 50 17 12
937 6 46 13
937 11 24 12
937 19 6 9
937 40 29 15
937 22 49 13
937 6 11 11
937 2 35 11
937 3 37 6
937 22 48 9
937 47 47 11
937 31 37 4
937 41 5 10
937 23 44 10
937 30 38 8
937 28 36 18
937 27 32 11
937 20 50 13
937 4 39 12
937 23 24 8
937 23 24 8
937 29 12 11
937 49 15 13
937 40 45 10
937 21 31 12
937 48 7 11
937 34 6 7
937 31 20 9
937 31 37 4
937 45 40 19
937 47 17 10
937 11 5 13
937 16 28 11
937 24 19 11
937 2 45 8
937 19 34 14
937 30 30 10
937 50 18 10
937 15 21 5
937 50 43 17
937 1 36 10
937 29 29 9
937 13 49 12
937 6 47 16
937 34 14 19
937 29 25 16
937 38 19 12
937 23 45 6
937 38 23 4
937 12 22 10
937 42 17 8
937 2 30 15
937 34 25 6
937 3 3 13
937 49 7 16
937 9 7 13
937 12 48 11
937 5 18 4
937 34 22 12
937 22 46 11
937 21 41 10
937 40 47 10
937 50 27 12
937 14 24 14
937 19 10 8
937 16 24 9
937 16 27 11
937 23 46 12
937 23 27 9
937 43 21 13
937 32 20 14
937 5 38 12
937 29 19 9
937 9 11 7
937 27 37 11
937 15 50 14
937 19 38 14
937 25 46 13
937 1 9 12
937 14 36 9
937 1 28 8
937 2 9 15
937 16 26 10
937 7 5 9
937 50 30 10
937 9 48 8
937 26 1 12
937 34 5 12
937 19 39 10
937 44 47 7
937 18 13 12
937 1 50 7
937 41 40 7
937 24 2 12
937 30 3 15
937 9 45 13
937 4 35 8
937 43 20 14
937 34 16 17
937 48 27 7
937 18 39 5
937 22 27 10
937 14 37 11
937 38 18 15
937 9 6 10
941 29 45 10
941 7 19 12
941 13 36 8
941 43 2 12
941 46 41 9
941 34 49 9
941 46 26 9
941 33 13 5
941 29 33 10
941 28 50 6
941 14 10 12
941 24 20 11
941 46 38 7
941 28 24 13
941 6 40 19
941 50 42 12
941 20 45 8
941 33 31 16
941 37 26 16
941 9 39 12
941 21 28 8
941 42 33 11
941 16 19 8
941 22 15 13
941 1 13 12
941 37 48 6
941 34 44 13
941 9 11 11
941 18 32 10
941 4 50 13
941 18 38 9
941 25 20 12
941 40 9 14
941 20 12 7
941 24 19 11
941 27 42 8
941 41 5 8
941 2 42 13
941 16 48 13
941 33 19 13
941 21 37 8
941 7 42 14
941 5 50 12
941 5 12 8
941 32 44 12
941 25 35 10
941 44 46 15
941 48 18 9
941 20 40 9
941 30 17 8
941 39 43 9
941 8 42 11
941 25 17 8
941 4 17 13
941 31 43 14
941 15 37 5
941 40 9 14
941 46 18 14
941 19 38 8
941 11 10 11
941 16 1 10
941 13 1 10
941 7 2 11
941 9 11 11
941 6 23 8
941 22 10 9
941 35 31 12
941 25 22 6
941 11 1 11
941 20 18 10
941 45 17 12
941 3 38 12
941 34 37 13
941 43 18 8
941 12 33 8
941 31 13 10
941 5 5 13
941 3 22 9
941 10 50 7
941 2 38 11
941 30 17 8
941 3 44 13
941 16 16 13
941 9 3 12
941 42 26 9
941 14 49 9
941 39 1 9
941 40 43 12
941 14 2 13
941 45 9 15
941 37 31 11
941 36 35 7
941 31 18 13
941 17 46 11
941 45 22 13
941 32 14 13
941 37 8 9
941 35 4 14
941 13 44 6
941 4 5 9
941 17 32 10
941 32 9 13
941 24 26 16
941 3 45 13
941 20 28 11
941 43 13 10
941 50 22 12
941 13 13 11
941 4 28 13
941 33 41 13
941 16 10 15
941 25 38 12
941 7 34 13
941 32 48 11
941 34 36 12
941 5 32 7
941 19 2 11
941 14 40 7
941 31 12 10
941 21 21 12
941 5 17 8
941 23 25 20
941 34 3 8
941 3 4 16
941 4 12 12
941 41 21 14
941 29 46 8
941 6 8 10
941 37 28 12
941 3 30 9
941 11 23 10
941 41 48 9
941 4 49 16
941 6 25 8
941 1 42 8
941 49 6 13
941 6 19 16
941 17 9 6
941 11 14 14
941 9 41 15
941 37 40 8
941 17 42 6
941 29 30 9
941 44 15 10
941 35 12 10
941 1 8 15
941 35 30 12
941 18 4 11
941 38 16 14
941 29 10 15
941 48 47 11
941 47 4 14
941 19 9 12
941 38 46 10
941 17 4 14
941 15 32 10
941 36 49 16
941 24 48 11
941 37 27 11
941 50 47 6
941 19 23 9
941 12 41 15
941 31 24 9
941 39 38 8
941 26 19 14
941 3 18 10
941 45 33 14
941 23 44 18
941 31 47 9
941 23 17 5
941 33 27 10
941 23 47 8
941 21 30 16
941 14 18 10
941 37 34 8
941 3 33 15
941 1 16 5
941 31 47 9
941 45 20 15
941 6 18 13
941 43 45 17
941 27 17 10
941 32 45 8
941 24 38 14
941 14 27 10
941 35 30 12
941 49 34 9
941 39 21 7
941 42 28 14
941 32 39 11
941 18 11 8
941 27 21 12
941 6 27 9
941 40 11 8
941 4 27 8
941 2 30 8
941 17 43 12
941 29 15 12
941 31 20 11
941 31 13 10
941 18 36 14
941 2 35 11
941 47 29 9
941 22 45 16
941 22 32 9
941 7 43 7
941 35 35 6
941 4 23 12
941 35 46 9
941 46 40 9
941 15 41 8
941 47 41 5
941 48 18 9
941 24 30 12
941 9 50 14
941 45 45 15
941 19 28 6
941 15 17 9
941 29 32 7
941 31 50 8
941 10 17 10
941 11 49 8
941 25 3 6
941 27 16 8
941 21 28 8
941 17 12 7
941 19 42 7
941 33 48 7
941 15 33 14
941 33 30 8
941 3 32 14
941 43 2 12
941 12 40 11
941 21 20 8
941 42 12 12
941 36 46 13
941 38 16 14
941 19 37 17
941 48 45 15
941 11 18 16
941 5 6 4
941 11 26 16
941 14 11 10
941 20 14 11
941 13 23 16
941 27 18 11
941 39 42 10
941 36 39 12
941 34 14 11
941 7 21 10
941 17 19 8
941 12 48 9
941 10 4 11
941 34 3 8
941 50 27 12
941 17 26 9
941 26 35 9
941 14 34 9
941 18 12 8
941 4 31 12
941 9 22 7
941 40 37 3
941 6 39 11
941 4 22 12
941 5 24 12
941 33 3 8
941 15 16 14
941 44 50 11
941 3 39 6
941 33 14 9
941 15 1 7
941 27 44 11
941 46 37 13
941 11 22 9
941 1 8 15
941 23 39 14
941 38 21 14
941 8 39 8
941 48 29 7
941 19 35 10
941 14 47 9
941 49 46 6
941 35 3 11
941 41 21 14
941 8 29 11
941 6 15 14
941 44 41 10
941 27 22 13
941 48 31 9
941 35 31 12
941 31 17 17
941 4 28 13
941 23 13 18
941 42 11 11
941 40 10 10
941 43 29 9
941 39 23 6
941 10 45 10
941 33 6 6
941 13 17 11
941 46 30 11
941 6 26 11
941 47 35 13
941 12 6 14
941 44 20 16
941 36 10 12
941 42 43 13
941 15 5 10
941 49 39 10
941 15 36 10
941 37 47 2
941 4 29 7
941 7 46 10
941 40 24 8
941 4 4 8
941 37 11 9
941 4 25 16
941 13 20 15
941 16 26 13
941 41 49 10
941 44 28 10
941 4 2 12
941 36 32 11
941 26 27 9
941 49 3 7
941 10 29 11
941 39 6 9
941 18 16 8
941 43 46 12
941 48 30 12
941 22 18 11
941 24 34 9
941 4 30 8
941 29 36 9
941 28 45 13
941 47 37 5
941 7 25 8
941 42 12 12
941 4 15 15
941 49 25 8
941 5 40 8
941 1 49 11
941 50 19 12
941 24 38 14
941 1 17 6
941 1 41 11
941 24 48 11
941 11 20 10
941 42 9 10
941 42 14 12
941 42 42 8
941 16 27 11
941 4 25 16
941 8 19 8
941 39 4 13
941 17 11 14
941 28 31 8
941 20 47 8
941 18 49 10
941 1 17 6
941 2 32 6
941 46 18 14
941 47 25 8
941 28 14 13
941 1 27 13
941 11 19 9
941 28 32 10
941 50 22 12
941 43 12 16
941 30 36 12
941 37 16 15
941 13 29 8
941 22 48 12
941 46 9 12
941 16 34 8
941 30 18 11
941 38 49 10
941 19 49 9
941 43 11 7
941 33 50 13
941 27 29 14
941 49 50 13
941 43 11 7
941 44 26 13
941 17 17 9
941 9 2 9
941 22 11 8
941 18 13 10
941 12 29 11
941 10 2 12
941 23 1 14
941 4 42 13
941 45 25 15
941 6 19 16
941 40 7 9
941 4 23 12
941 29 25 10
941 28 15 6
941 9 48 10
941 6 37 13
941 25 15 14
941 17 5 13
941 24 15 13
941 19 11 7
941 19 7 9
941 35 10 10
941 33 42 9
941 9 2 9
941 8 20 13
947 25 24 9
947 38 39 8
947 1 18 8
947 32 26 13
947 36 23 14
947 25 46 8
947 12 17 9
947 31 16 8
947 36 21 8
947 3 17 12
947 23 11 10
947 41 18 11
947 6 7 9
947 45 50 13
947 1 35 10
947 20 32 10
947 36 44 5
947 4 35 4
947 3 50 9
947 36 14 12
947 3 13 8
947 40 33 9
947 9 2 11
947 22 29 14
947 10 42 9
947 3 32 15
947 38 49 8
947 17 44 13
947 4 15 12
947 13 13 10
947 41 36 9
947 39 32 11
947 10 42 9
947 13 10 11
947 29 47 6
947 23 37 13
947 8 14 9
947 14 43 12
947 36 44 5
947 41 26 5
947 10 26 7
947 38 26 9
947 14 6 17
947 37 39 12
947 30 33 4
947 39 36 7
947 28 31 13
947 3 12 9
947 36 44 5
947 46 8 8
947 50 11 4
947 41 18 11
947 6 47 10
947 14 6 17
947 33 37 6
947 47 25 15
947 25 27 11
947 25 32 9
947 7 5 11
947 10 37 9
947 18 18 10
947 25 29 17
947 8 12 16
947 7 8 18
947 26 34 9
947 18 17 12
947 4 21 13
947 15 5 17
947 10 47 13
947 43 25 13
947 10 30 14
947 41 22 12
947 14 46 12
947 14 11 16
947 32 3 12
947 2 9 15
947 31 35 12
947 5 2 10
947 10 31 8
947 14 41 10
947 26 23 12
947 27 44 17
947 40 34 14
947 50 49 14
947 24 20 9
947 37 43 9
947 9 9 9
947 42 24 13
947 19 26 12
947 8 48 10
947 24 33 6
947 25 33 9
947 13 7 12
947 7 40 9
947 33 11 10
947 32 45 15
947 23 44 11
947 18 23 12
947 1 13 10
947 26 24 9
947 33 44 12
947 43 3 6
947 12 24 10
947 9 31 11
947 16 13 10
947 20 27 8
947 45 42 14
947 16 17 14
947 17 9 11
947 48 10 11
947 3 41 10
947 37 8 7
947 46 9 11
947 34 41 5
947 32 41 10
947 8 20 13
947 42 38 12
947 45 10 5
947 22 38 15
947 8 18 20
947 12 30 10
947 5 49 14
947 40 23 10
947 34 38 13
947 6 43 10
947 26 11 9
947 3 44 11
947 44 46 15
947 9 10 10
947 41 3 10
947 37 12 8
947 50 48 15
947 12 40 6
947 1 39 10
947 17 29 16
947 18 21 8
947 21 45 14
947 36 39 10
947 25 37 11
947 48 8 16
947 32 50 8
947 8 19 10
947 5 15 12
947 20 20 5
947 35 7 15
947 23 23 13
947 42 4 8
947 10 23 7
947 37 38 5
947 43 49 15
947 50 14 13
947 17 30 6
947 1 24 14
947 13 26 15
947 36 19 12
947 6 25 6
947 19 49 13
947 32 47 4
947 41 30 10
947 12 42 14
947 3 34 7
947 8 42 13
947 39 37 15
947 31 4 14
947 1 35 10
947 50 19 13
947 10 29 11
947 14 22 13
947 5 14 7
947 33 16 15
947 28 12 8
947 17 47 9
947 40 27 11
947 24 30 8
947 36 48 5
947 22 28 12
947 42 6 10
947 18 42 14
947 16 20 10
947 32 2 6
947 32 45 15
947 27 2 10
947 50 50 13
947 8 5 15
947 33 8 15
947 8 3 13
947 49 17 10
947 32 8 15
947 5 29 14
947 24 26 7
947 14 33 12
947 12 13 13
947 1 2 11
947 18 49 14
947 44 48 5
947 2 35 11
947 28 43 13
947 22 14 9
947 39 31 14
947 3 9 7
947 33 2 13
947 39 43 12
947 13 37 13
947 42 15 11
947 50 31 9
947 21 22 8
947 1 29 16
947 26 45 7
947 34 45 10
947 4 2 9
947 41 6 8
947 20 6 7
947 14 38 9
947 44 4 18
947 46 35 10
947 18 35 5
947 45 20 7
947 25 31 8
947 30 36 10
947 28 35 17
947 25 46 8
947 19 18 13
947 11 6 10
947 29 18 11
947 12 11 9
947 47 15 10
947 9 17 6
947 26 1 15
947 13 3 13
947 28 23 14
947 5 32 11
947 31 33 9
947 8 26 10
947 48 6 17
947 36 43 10
947 36 47 8
947 6 32 13
947 23 48 15
947 22 37 10
947 9 17 6
947 22 1 10
947 26 29 12
947 12 42 14
947 17 4 8
947 3 7 10
947 38 23 11
947 48 41 10
947 25 36 16
947 5 21 8
947 30 23 7
947 18 34 7
947 44 15 10
947 24 42 14
947 42 49 13
947 28 26 11
947 44 35 10
947 45 12 12
947 25 18 10
947 2 50 11
947 3 6 11
947 39 27 10
947 23 4 15
947 24 24 9
947 28 35 17
947 7 15 10
947 39 28 10
947 14 13 12
947 24 43 11
947 8 21 12
947 43 9 11
947 1 41 8
947 15 9 13
947 20 18 5
947 32 14 18
947 7 16 13
947 3 15 8
947 34 28 6
947 11 42 9
947 13 24 12
947 44 50 20
947 42 47 9
947 10 40 9
947 6 11 5
947 46 19 9
947 23 26 13
947 21 32 12
947 21 36 17
947 40 46 15
947 31 33 9
947 40 44 10
947 50 1 9
947 35 45 12
947 47 24 13
947 40 5 11
947 6 1 11
947 36 1 15
947 13 13 10
947 16 30 12
947 2 20 13
947 44 30 23
947 45 26 11
947 9 5 8
947 23 42 13
947 34 35 15
947 20 18 5
947 41 42 6
947 12 37 16
947 12 9 10
947 28 8 12
947 1 48 13
947 49 34 4
947 13 22 14
947 26 10 12
947 14 31 15
947 7 26 9
947 42 10 11
947 39 31 14
947 34 1 6
947 26 23 12
947 10 35 7
947 41 1 15
947 10 40 9
947 4 13 8
947 4 5 10
947 26 36 9
947 1 32 17
947 39 42 7
947 43 44 8
947 19 15 13
947 42 47 9
947 44 14 16
947 31 12 15
947 5 1 10
947 15 13 12
947 22 15 8
947 27 45 7
947 35 24 13
947 48 11 7
947 44 20 10
947 4 19 10
947 26 37 15
947 33 21 8
947 3 49 8
947 8 25 12
947 3 32 15
947 50 11 4
947 4 16 11
947 27 8 8
947 26 10 12
947 49 14 14
947 13 4 7
947 7 38 6
947 30 44 11
947 16 29 12
947 2 49 9
947 9 43 8
947 47 48 5
947 34 19 13
947 20 32 10
947 21 11 10
947 4 16 11
947 30 26 15
947 32 25 11
947 42 28 9
947 7 1 12
947 23 33 13
947 16 41 10
947 33 16 15
947 23 25 19
947 30 4 15
947 13 21 13
947 1 41 8
947 50 21 6
947 41 41 12
947 1 29 16
947 48 41 10
947 23 15 11
947 13 50 15
947 34 24 15
947 42 24 13
947 11 38 7
947 17 15 17
947 37 43 9
947 11 23 12
947 26 5 13
947 37 45 5
947 31 20 6
947 31 40 10
947 47 16 13
947 21 19 5
947 47 37 13
947 42 2 8
947 40 4 11
947 50 6 9
947 39 40 16
947 34 19 13
947 50 15 12
947 1 29 16
947 14 31 15
947 38 20 12
947 7 34 12
947 9 38 15
947 12 7 9
947 9 44 9
947 9 3 12
947 5 39 10
947 10 24 13
947 5 18 7
947 13 5 9
953 30 28 13
953 5 36 10
953 16 35 6
953 9 33 10
953 23 27 5
953 10 14 11
953 10 49 18
953 31 35 8
953 3 11 14
953 23 42 12
953 40 11 10
953 5 10 14
953 17 20 7
953 3 38 7
953 4 49 14
953 48 29 7
953 38 37 8
953 39 37 9
953 22 44 13
953 30 27 13
953 10 44 6
953 10 24 11
953 35 23 8
953 47 44 9
953 44 44 14
953 2 6 6
953 29 42 12
953 30 5 10
953 10 36 13
953 48 41 6
953 22 41 9
953 15 21 12
953 13 41 7
953 17 38 8
953 7 1 19
953 11 31 10
953 30 23 16
953 24 19 8
953 41 48 7
953 38 48 12
953 38 32 12
953 12 29 15
953 5 17 11
953 49 23 8
953 47 50 11
953 21 38 12
953 29 22 10
953 21 46 13
953 2 37 8
953 1 8 7
953 48 1 14
953 50 7 11
953 49 25 13
953 11 30 12
953 25 45 12
953 13 5 16
953 3 34 10
953 21 7 6
953 45 40 13
953 15 15 9
953 27 24 6
953 29 12 15
953 18 35 12
953 50 14 7
953 4 43 3
953 8 45 13
953 38 40 7
953 31 17 12
953 39 41 14
953 21 38 12
953 12 3 14
953 6 11 12
953 17 1 8
953 1 32 17
953 37 26 14
953 26 5 7
953 8 39 12
953 27 23 8
953 35 34 11
953 15 27 4
953 38 21 12
953 17 49 8
953 21 49 15
953 18 36 13
953 15 19 10
953 21 24 13
953 8 37 7
953 45 12 6
953 39 49 17
953 2 31 11
953 19 41 9
953 20 36 9
953 25 27 17
953 11 15 11
953 43 34 11
953 31 27 11
953 45 49 12
953 21 31 17
953 43 14 10
953 4 12 11
953 5 8 11
953 32 14 3
953 21 21 15
953 14 28 6
953 44 44 14
953 20 40 8
953 14 2 13
953 33 9 11
953 47 13 11
953 36 1 12
953 32 34 13
953 41 5 9
953 29 5 17
953 19 49 13
953 2 37 8
953 12 41 11
953 16 34 14
953 18 43 13
953 9 36 7
953 22 28 15
953 7 37 12
953 10 4 11
953 12 12 5
953 21 8 12
953 50 39 6
953 7 2 10
953 10 28 12
953 19 13 15
953 29 14 10
953 33 7 17
953 30 15 10
953 5 47 9
953 19 8 11
953 32 5 14
953 43 39 6
953 15 32 15
953 48 50 11
953 5 4 6
953 2 21 11
953 7 31 14
953 21 29 9
953 29 22 10
953 27 5 7
953 46 36 11
953 27 42 9
953 14 28 6
953 26 25 11
953 50 9 11
953 50 21 14
953 39 23 9
953 34 28 13
953 50 18 8
953 10 8 11
953 13 17 9
953 3 8 10
953 32 11 11
953 48 6 7
953 48 22 12
953 10 20 10
953 25 17 7
953 28 40 8
953 23 50 11
953 30 10 13
953 8 43 9
953 25 29 12
953 43 20 12
953 30 22 11
953 5 23 7
953 10 10 10
953 11 26 6
953 24 11 7
953 31 11 12
953 46 26 11
953 29 7 9
953 2 10 3
953 46 36 11
953 37 21 13
953 25 37 8
953 29 43 9
953 40 15 8
953 3 29 16
953 9 9 7
953 49 41 11
953 3 15 8
953 32 47 17
953 37 24 11
953 9 49 7
953 38 15 11
953 36 48 12
953 46 2 3
953 8 33 11
953 48 36 10
953 33 4 11
953 43 45 16
953 11 48 6
953 4 29 9
953 47 32 10
953 46 47 9
953 25 35 10
953 39 10 9
953 42 13 12
953 30 32 9
953 7 48 10
953 7 25 7
953 3 32 13
953 29 43 9
953 22 10 11
953 39 15 9
953 11 22 13
953 40 44 8
953 48 39 8
953 27 24 6
953 29 37 8
953 8 12 9
953 41 41 15
953 5 10 14
953 50 15 12
953 26 25 11
953 1 16 10
953 13 23 15
953 37 6 11
953 9 41 13
953 50 15 12
953 3 10 9
953 14 17 11
953 40 4 8
953 40 7 8
953 1 26 9
953 41 36 10
953 7 16 12
953 31 19 10
953 8 11 7
953 27 27 7
953 48 9 12
953 25 17 7
953 40 33 13
953 37 48 7
953 35 5 7
953 42 45 10
953 6 28 11
953 17 50 8
953 46 17 9
953 19 47 8
953 9 38 16
953 43 4 14
953 9 1 9
953 6 31 15
953 14 25 10
953 49 14 13
953 27 14 10
953 11 10 7
953 14 10 14
953 16 7 8
953 15 22 6
953 22 33 17
953 9 27 14
953 18 10 10
953 37 3 13
953 39 27 7
953 23 34 11
953 17 20 7
953 8 31 12
953 40 42 9
953 11 24 12
953 12 35 7
953 7 14 8
953 40 45 15
953 30 48 10
953 21 13 9
953 10 30 15
953 19 31 12
953 50 38 11
953 23 4 16
953 48 34 14
953 14 11 16
953 10 34 16
953 2 15 7
953 30 40 17
953 25 16 13
953 4 12 11
953 46 36 11
953 50 28 14
953 32 29 10
953 41 34 13
953 5 39 11
953 8 17 15
953 3 2 10
953 17 41 9
953 22 25 9
953 12 6 11
953 29 49 7
953 6 50 18
953 13 39 9
953 45 23 12
953 32 42 8
953 8 30 10
953 12 10 11
953 41 25 11
953 5 4 6
953 39 23 9
953 13 5 16
953 35 44 12
953 28 3 10
953 15 41 8
953 40 9 12
953 32 9 12
953 34 31 8
953 46 24 10
953 32 6 10
953 10 16 12
953 29 45 8
953 19 9 6
953 6 28 11
953 18 39 12
953 50 7 11
953 22 30 16
953 29 15 8
953 25 12 9
953 39 44 7
953 49 2 8
953 30 50 7
953 10 15 13
953 39 14 10
953 35 32 8
953 22 31 13
953 42 50 12
953 6 37 9
953 45 35 10
953 36 30 15
953 6 12 6
953 4 38 8
953 47 35 11
953 2 18 13
953 48 8 16
953 48 14 8
953 45 41 11
953 22 48 13
953 50 31 8
953 48 8 16
953 31 43 9
953 40 5 14
953 16 15 10
953 40 8 12
953 48 30 7
953 3 12 9
953 11 43 12
953 40 48 13
953 31 14 16
953 26 46 8
953 44 42 9
953 9 26 12
953 23 27 5
953 6 28 11
953 16 45 9
953 47 4 17
953 3 27 7
953 32 49 13
953 16 47 7
953 20 27 12
953 50 38 11
953 25 23 15
953 23 18 9
953 43 23 18
953 28 16 8
953 5 18 10
953 49 41 11
953 27 38 12
953 45 36 7
953 35 1 11
953 34 37 12
953 7 44 8
953 18 25 7
953 11 24 12
953 33 5 12
953 2 30 11
953 27 45 11
953 34 1 6
953 13 32 9
953 34 5 6
953 50 28 14
953 16 36 18
953 11 6 8
953 30 21 14
953 10 36 13
953 3 48 14
953 46 37 10
953 18 19 15
953 39 46 12
953 36 2 9
953 41 3 5
953 49 44 15
953 24 40 14
953 42 46 5
953 1 14 13
953 45 20 8
953 30 21 14
953 9 30 9
953 35 8 10
953 18 44 14
953 46 47 9
953 3 13 9
953 49 24 11
953 20 47 9
953 22 33 17
953 20 30 12
953 30 43 11
953 5 49 11
953 18 33 10
953 48 36 10
967 45 10 7
967 14 39 7
967 45 21 10
967 27 44 11
967 15 31 8
967 27 13 12
967 30 37 11
967 49 29 10
967 46 13 12
967 32 6 6
967 43 46 7
967 2 15 14
967 27 43 8
967 2 32 16
967 37 39 13
967 31 11 12
967 37 10 8
967 28 30 10
967 41 41 12
967 8 7 9
967 15 23 10
967 29 29 6
967 26 6 10
967 17 37 10
967 28 37 8
967 17 22 19
967 26 4 8
967 23 11 10
967 27 32 7
967 23 47 15
967 32 12 10
967 39 32 10
967 32 25 9
967 28 7 9
967 15 8 11
967 9 48 7
967 16 5 9
967 9 3 6
967 8 17 13
967 2 40 6
967 35 42 12
967 20 7 8
967 45 45 14
967 13 11 14
967 21 45 11
967 39 49 12
967 30 14 12
967 16 8 10
967 48 16 11
967 33 36 10
967 22 35 10
967 44 45 12
967 21 10 6
967 11 16 9
967 34 10 7
967 23 32 11
967 48 25 10
967 9 17 6
967 17 34 5
967 30 39 6
967 11 30 10
967 40 14 11
967 30 48 7
967 30 45 18
967 22 29 8
967 42 44 5
967 6 17 9
967 23 14 6
967 28 7 9
967 3 43 13
967 12 48 7
967 9 23 9
967 35 23 11
967 50 29 9
967 34 10 7
967 50 26 14
967 35 28 15
967 10 39 5
967 3 46 8
967 48 40 9
967 43 30 10
967 48 13 11
967 27 45 14
967 28 49 17
967 2 12 15
967 45 30 11
967 29 15 10
967 21 37 6
967 37 49 13
967 33 36 10
967 27 23 12
967 43 23 10
967 50 45 5
967 13 44 8
967 16 4 10
967 2 32 16
967 5 20 8
967 30 9 7
967 31 26 4
967 48 46 5
967 45 34 11
967 19 16 15
967 3 37 10
967 34 11 6
967 15 33 5
967 6 16 14
967 5 10 8
967 1 16 7
967 41 34 9
967 14 48 12
967 23 1 14
967 4 33 10
967 28 20 15
967 7 38 11
967 46 10 7
967 30 5 9
967 19 29 10
967 47 1 12
967 40 45 8
967 48 37 8
967 39 11 8
967 25 40 10
967 33 42 11
967 11 33 10
967 42 14 12
967 32 46 12
967 11 29 12
967 42 37 6
967 25 35 10
967 44 40 7
967 8 9 10
967 29 43 10
967 36 38 11
967 48 13 11
967 27 5 11
967 41 41 12
967 35 38 12
967 15 3 4
967 15 29 14
967 37 11 7
967 1 36 7
967 23 1 14
967 5 29 11
967 41 30 8
967 20 11 6
967 41 11 7
967 30 41 4
967 41 4 13
967 6 16 14
967 36 23 13
967 6 8 11
967 32 11 14
967 16 35 8
967 26 38 12
967 40 11 12
967 36 47 17
967 16 26 11
967 42 6 13
967 23 31 12
967 3 38 11
967 15 45 10
967 11 40 10
967 29 12 11
967 45 48 13
967 34 42 5
967 1 25 7
967 45 17 8
967 43 47 13
967 23 37 13
967 26 48 9
967 8 17 13
967 32 41 9
967 37 50 12
967 50 31 14
967 18 28 6
967 46 7 15
967 32 26 7
967 50 40 7
967 20 17 7
967 22 25 10
967 26 33 7
967 39 12 5
967 8 10 7
967 16 47 16
967 14 3 12
967 24 29 6
967 42 18 10
967 36 32 10
967 12 16 6
967 36 8 8
967 42 21 11
967 45 40 9
967 6 7 10
967 37 19 12
967 35 12 9
967 21 14 8
967 39 35 15
967 6 5 13
967 17 18 11
967 43 40 10
967 32 13 10
967 22 5 8
967 46 1 13
967 47 5 9
967 46 49 12
967 4 6 12
967 1 41 5
967 3 12 6
967 41 29 6
967 25 28 13
967 26 10 12
967 18 36 8
967 43 46 7
967 15 9 15
967 27 11 13
967 41 5 21
967 22 3 8
967 31 14 11
967 28 32 9
967 31 4 11
967 44 26 12
967 33 50 8
967 3 36 11
967 34 6 8
967 1 50 10
967 47 24 3
967 29 48 7
967 34 9 9
967 5 21 7
967 2 3 15
967 11 14 11
967 4 28 10
967 22 44 11
967 14 31 8
967 28 16 11
967 33 13 10
967 43 30 10
967 4 2 4
967 25 4 14
967 23 3 18
967 47 14 7
967 12 13 9
967 35 5 8
967 18 16 10
967 32 35 13
967 31 4 11
967 50 35 7
967 49 50 12
967 48 19 11
967 42 35 16
967 4 15 8
967 45 49 8
967 46 40 14
967 39 12 5
967 10 25 17
967 32 50 9
967 17 22 19
967 12 43 19
967 46 24 8
967 10 30 3
967 23 21 10
967 28 42 8
967 15 27 11
967 37 21 9
967 39 3 8
967 7 48 14
967 45 3 8
967 37 50 12
967 32 15 9
967 29 9 14
967 30 18 16
967 39 26 7
967 35 8 13
967 35 3 12
967 5 6 17
967 28 40 10
967 2 30 9
967 29 11 6
967 11 4 13
967 26 6 10
967 45 37 6
967 41 39 11
967 6 19 13
967 23 31 12
967 25 12 8
967 16 11 12
967 10 17 14
967 50 17 5
967 8 10 7
967 40 44 17
967 10 37 10
967 26 28 10
967 13 25 18
967 48 50 6
967 34 47 10
967 4 36 10
967 3 29 9
967 35 32 6
967 37 4 9
967 4 37 10
967 39 13 11
967 50 3 8
967 26 32 10
967 30 15 14
967 24 32 12
967 11 35 11
967 3 49 12
967 20 48 9
967 38 19 6
967 22 14 10
967 5 11 14
967 21 1 9
967 19 24 7
967 35 4 18
967 7 1 13
967 35 21 12
967 17 43 15
967 18 5 15
967 32 49 12
967 40 11 12
967 8 15 11
967 24 3 10
967 35 20 6
967 3 10 7
967 2 16 13
967 48 15 10
967 28 42 8
967 21 3 17
967 34 35 8
967 7 25 9
967 35 14 11
967 39 20 11
967 13 18 11
967 35 37 13
967 8 3 10
967 31 27 7
967 16 20 9
967 48 42 13
967 12 31 7
967 25 46 8
967 26 2 10
967 9 34 8
967 31 46 9
967 43 35 13
967 44 3 11
967 35 39 12
967 14 30 7
967 37 34 6
967 35 4 18
967 27 27 13
967 27 48 9
967 42 25 9
967 42 46 6
967 24 21 11
967 17 34 5
967 23 13 7
967 46 26 4
967 48 10 6
967 35 3 12
967 50 21 6
967 33 41 10
967 19 33 7
967 8 43 11
967 43 16 15
967 36 36 11
967 37 20 10
967 10 37 10
967 26 6 10
967 40 7 10
967 8 27 8
967 33 38 9
967 5 39 13
967 6 23 13
967 6 18 12
967 31 12 12
967 19 18 13
967 27 14 5
967 49 50 12
967 22 1 12
967 34 19 9
967 36 9 14
967 27 32 7
967 20 38 12
967 25 29 8
967 27 15 14
967 9 29 9
967 9 28 13
967 25 19 4
967 28 31 8
967 23 8 8
967 50 6 7
967 5 40 13
967 24 21 11
967 10 16 8
967 6 15 10
967 23 49 13
967 37 2 6
967 36 13 10
967 30 40 8
967 27 40 9
967 48 7 11
967 26 47 9
967 14 33 8
967 27 5 11
967 1 46 11
967 6 6 13
967 20 9 11
967 44 11 11
967 2 45 11
971 44 31 11
971 50 8 5
971 20 42 14
971 36 22 14
971 30 44 8
971 50 40 10
971 34 17 8
971 31 37 9
971 33 25 12
971 19 29 8
971 14 23 11
971 5 24 12
971 25 22 9
971 15 1 12
971 7 11 5
971 39 3 13
971 1 10 13
971 37 42 17
971 1 46 11
971 38 39 9
971 12 24 14
971 28 3 9
971 15 20 11
971 12 11 9
971 17 9 8
971 40 26 10
971 17 2 6
971 10 41 7
971 12 22 13
971 2 29 8
971 19 14 10
971 3 40 12
971 45 8 9
971 40 30 12
971 1 2 12
971 45 25 11
971 6 30 13
971 30 23 6
971 42 1 11
971 34 4 4
971 1 40 9
971 26 39 3
971 45 26 18
971 50 27 9
971 12 18 12
971 50 41 11
971 33 12 6
971 30 27 5
971 35 42 5
971 46 34 8
971 12 38 8
971 4 11 14
971 33 33 12
971 34 15 11
971 47 13 11
971 17 35 6
971 9 19 9
971 12 19 8
971 9 38 12
971 14 15 9
971 44 50 12
971 14 25 8
971 35 5 7
971 33 2 12
971 50 3 15
971 8 35 11
971 25 39 11
971 47 23 7
971 4 1 9
971 46 48 9
971 40 40 12
971 35 13 12
971 4 21 7
971 3 48 9
971 24 16 15
971 22 26 16
971 31 47 10
971 23 37 9
971 46 17 6
971 38 14 18
971 43 15 7
971 19 41 7
971 49 8 9
971 5 20 14
971 4 28 15
971 12 49 11
971 32 40 11
971 32 11 11
971 7 24 9
971 7 5 8
971 44 20 13
971 38 5 12
971 36 7 8
971 42 45 10
971 37 49 13
971 3 20 11
971 12 5 12
971 23 2 18
971 40 41 5
971 16 1 12
971 1 30 11
971 25 37 7
971 7 22 13
971 44 20 13
971 29 7 7
971 11 15 11
971 31 24 12
971 24 25 18
971 18 18 7
971 45 48 12
971 6 26 9
971 5 41 13
971 4 36 11
971 14 2 8
971 3 33 10
971 8 17 11
971 44 18 10
971 12 10 8
971 1 35 9
971 6 13 9
971 46 32 6
971 4 17 9
971 41 47 15
971 44 26 13
971 26 1 14
971 1 22 9
971 29 26 13
971 3 17 9
971 29 15 10
971 50 45 15
971 27 47 10
971 2 34 7
971 47 30 10
971 26 17 11
971 44 45 12
971 13 32 7
971 41 43 12
971 19 27 8
971 13 34 14
971 18 21 11
971 26 8 9
971 22 11 7
971 40 21 10
971 11 32 15
971 27 17 8
971 28 10 14
971 29 4 13
971 49 48 6
971 2 26 7
971 13 4 9
971 28 33 8
971 11 10 10
971 29 21 6
971 14 45 11
971 33 31 15
971 39 15 8
971 19 50 16
971 10 26 12
971 21 49 9
971 36 31 11
971 5 32 8
971 49 10 12
971 35 24 11
971 2 38 12
971 10 21 11
971 32 5 14
971 44 7 11
971 13 15 16
971 36 30 7
971 29 30 13
971 5 14 4
971 7 7 8
971 45 15 14
971 47 10 20
971 41 9 8
971 38 50 12
971 30 3 19
971 36 35 7
971 47 47 10
971 30 3 19
971 36 25 13
971 45 4 12
971 37 31 6
971 34 19 6
971 22 42 9
971 39 2 6
971 24 6 13
971 26 1 14
971 38 24 7
971 50 18 7
971 47 15 20
971 12 4 11
971 38 12 7
971 18 4 9
971 18 7 7
971 10 22 12
971 13 40 13
971 36 20 10
971 2 23 12
971 13 42 13
971 48 31 12
971 17 20 6
971 14 24 10
971 12 16 6
971 24 50 14
971 10 50 11
971 28 12 10
971 13 18 7
971 9 9 14
971 15 32 6
971 35 48 13
971 44 42 5
971 12 12 12
971 7 16 8
971 40 40 12
971 50 47 9
971 18 32 13
971 34 33 9
971 18 3 14
971 19 31 10
971 38 40 10
971 38 18 8
971 37 29 13
971 20 30 16
971 30 1 14
971 2 21 13
971 26 16 14
971 45 47 6
971 6 17 14
971 21 11 8
971 48 48 16
971 50 20 7
971 12 50 11
971 45 44 8
971 48 38 8
971 21 42 14
971 11 46 9
971 8 4 13
971 48 18 13
971 44 26 13
971 34 42 5
971 36 46 7
971 48 45 8
971 46 17 6
971 30 47 5
971 31 35 8
971 7 19 14
971 23 20 14
971 43 35 11
971 50 34 10
971 27 40 8
971 13 6 5
971 22 36 14
971 45 44 8
971 12 16 6
971 16 22 10
971 10 31 7
971 26 42 9
971 3 14 10
971 33 29 9
971 46 1 16
971 39 14 9
971 1 3 8
971 13 41 7
971 6 45 12
971 41 10 16
971 39 41 11
971 13 23 11
971 31 26 8
971 34 37 7
971 29 25 12
971 10 11 11
971 16 25 9
971 34 9 8
971 5 6 12
971 5 40 11
971 2 37 8
971 44 26 13
971 39 11 7
971 43 45 13
971 1 36 11
971 11 19 9
971 29 13 11
971 26 1 14
971 38 20 13
971 6 28 10
971 28 34 7
971 48 40 11
971 14 19 9
971 45 11 8
971 12 5 12
971 6 14 13
971 7 16 8
971 30 15 12
971 36 5 10
971 6 38 10
971 36 14 8
971 29 30 13
971 48 42 12
971 49 38 10
971 47 22 8
971 23 16 15
971 43 20 11
971 34 8 16
971 15 9 13
971 4 2 7
971 46 34 8
971 47 46 6
971 20 47 9
971 26 39 3
971 7 1 20
971 21 23 7
971 43 42 7
971 49 24 13
971 1 25 11
971 40 15 9
971 46 8 6
971 47 42 16
971 23 5 8
971 45 33 8
971 37 27 12
971 30 48 8
971 31 13 13
971 28 44 7
971 14 46 14
971 45 31 9
971 14 18 12
971 21 39 6
971 11 18 10
971 12 36 13
971 28 23 9
971 50 50 10
971 10 26 12
971 19 39 12
971 15 2 6
971 32 10 6
971 7 11 5
971 47 37 13
971 12 14 9
971 37 30 9
971 5 12 13
971 21 39 6
971 17 38 14
971 20 30 16
971 29 35 9
971 37 41 15
971 46 37 10
971 16 35 10
971 41 40 16
971 15 48 11
971 2 25 6
971 1 27 8
971 30 38 9
971 39 4 11
971 4 38 14
971 4 46 9
971 49 43 9
971 42 40 16
971 49 9 12
971 34 37 7
971 7 33 8
971 5 20 14
971 39 4 11
971 12 31 7
971 38 25 12
971 40 7 15
971 11 49 11
971 2 27 4
971 45 33 8
971 31 45 12
971 42 27 5
971 49 15 7
971 3 36 15
971 43 3 11
971 35 16 12
971 18 20 10
971 43 43 7
971 38 17 12
971 1 50 13
971 38 19 8
971 22 13 9
971 10 19 10
971 14 23 11
971 17 50 14
971 35 33 12
971 50 26 6
971 8 32 6
971 45 40 4
971 6 1 15
971 40 4 12
971 25 10 8
971 15 15 12
971 13 13 14
971 49 29 12
971 16 10 8
971 18 19 9
971 6 18 7
971 9 27 9
971 38 33 8
971 30 40 9
971 16 10 8
971 34 26 8
971 5 31 14
971 44 5 8
971 39 50 9
971 28 49 10
971 30 30 9
971 1 31 13
971 29 42 5
977 17 28 12
977 23 15 11
977 7 29 5
977 47 17 12
977 34 49 10
977 28 47 8
977 17 29 14
977 29 2 9
977 21 42 6
977 28 20 7
977 35 2 18
977 48 19 7
977 36 40 12
977 22 13 12
977 43 24 9
977 31 49 14
977 24 30 8
977 22 21 11
977 3 43 8
977 6 9 12
977 42 36 7
977 6 9 12
977 37 44 13
977 17 26 14
977 36 5 12
977 8 46 8
977 3 9 9
977 30 40 14
977 31 31 13
977 25 43 10
977 31 22 7
977 39 17 7
977 2 23 11
977 13 43 12
977 7 23 9
977 30 39 11
977 3 45 20
977 8 12 18
977 41 41 13
977 14 19 7
977 21 41 11
977 17 43 14
977 8 27 9
977 45 1 12
977 35 48 13
977 16 43 18
977 49 29 11
977 3 18 12
977 17 50 9
977 2 31 12
977 47 33 12
977 6 33 10
977 16 46 18
977 41 38 11
977 37 18 14
977 28 11 13
977 12 16 13
977 17 22 15
977 7 7 8
977 49 16 13
977 5 1 11
977 40 43 13
977 14 21 11
977 22 29 16
977 19 44 8
977 35 25 11
977 28 28 12
977 48 25 9
977 11 5 10
977 17 36 8
977 4 38 9
977 22 40 8
977 50 30 13
977 22 11 11
977 12 2 8
977 34 15 8
977 25 37 9
977 17 36 8
977 11 29 13
977 17 24 7
977 18 10 11
977 13 9 21
977 10 44 8
977 35 13 13
977 47 48 8
977 2 35 11
977 45 25 14
977 41 5 10
977 48 27 6
977 27 40 11
977 33 4 12
977 27 13 13
977 22 44 8
977 50 50 11
977 37 45 11
977 25 42 9
977 3 28 9
977 2 50 13
977 9 20 10
977 8 17 12
977 42 48 9
977 20 20 6
977 13 11 9
977 39 11 4
977 4 28 9
977 1 29 9
977 10 17 8
977 8 7 11
977 25 19 13
977 25 21 7
977 18 24 13
977 50 6 11
977 47 37 9
977 34 26 9
977 21 41 11
977 12 39 14
977 48 8 7
977 33 18 13
977 9 46 16
977 27 12 9
977 12 17 17
977 20 46 12
977 13 17 7
977 49 20 12
977 47 12 13
977 25 24 8
977 6 37 6
977 47 29 9
977 25 49 5
977 32 47 9
977 48 6 13
977 29 6 12
977 17 30 19
977 2 13 9
977 18 48 12
977 3 11 10
977 25 34 9
977 40 32 12
977 8 20 7
977 4 32 10
977 30 48 8
977 43 43 7
977 17 2 9
977 46 1 10
977 27 21 9
977 47 2 11
977 11 12 10
977 48 32 9
977 23 48 8
977 15 1 14
977 17 29 14
977 10 7 5
977 50 40 10
977 15 35 11
977 13 12 5
977 18 14 8
977 36 41 9
977 28 43 12
977 19 8 6
977 49 25 12
977 10 37 7
977 18 42 9
977 38 20 11
977 25 13 9
977 5 35 10
977 29 8 6
977 34 26 9
977 31 6 7
977 34 38 7
977 16 42 11
977 12 39 14
977 11 21 10
977 13 4 10
977 1 11 12
977 42 12 13
977 4 22 11
977 9 9 12
977 14 10 11
977 22 15 13
977 24 30 8
977 11 43 7
977 3 30 8
977 14 37 6
977 38 31 6
977 46 48 5
977 30 6 14
977 48 17 9
977 9 13 12
977 14 45 10
977 28 48 10
977 3 44 12
977 45 11 17
977 7 22 10
977 26 30 12
977 35 25 11
977 46 14 8
977 41 21 6
977 13 24 3
977 17 31 13
977 11 42 14
977 2 11 9
977 50 12 14
977 10 1 10
977 7 27 9
977 19 49 9
977 39 37 13
977 27 33 11
977 46 4 12
977 23 20 6
977 9 20 10
977 40 21 12
977 5 22 6
977 37 40 16
977 34 16 16
977 21 39 10
977 20 43 10
977 10 35 11
977 40 11 12
977 26 46 12
977 5 8 13
977 15 47 13
977 40 35 9
977 33 1 11
977 19 31 6
977 33 3 7
977 15 37 9
977 47 3 12
977 12 26 7
977 2 48 15
977 12 47 11
977 27 50 9
977 39 38 9
977 7 42 9
977 48 33 10
977 7 24 13
977 31 39 14
977 28 28 12
977 2 29 8
977 4 32 10
977 12 35 9
977 49 15 16
977 25 15 11
977 30 38 12
977 8 42 12
977 20 8 5
977 12 29 9
977 13 19 14
977 24 34 3
977 46 25 8
977 44 6 7
977 19 14 9
977 43 5 4
977 14 1 10
977 25 48 8
977 9 5 10
977 19 41 12
977 34 6 7
977 18 9 12
977 41 10 10
977 32 38 14
977 12 13 10
977 4 22 11
977 14 27 9
977 38 28 10
977 20 2 12
977 29 41 8
977 9 50 12
977 26 3 10
977 12 13 10
977 27 27 11
977 2 26 6
977 29 15 11
977 10 15 7
977 36 41 9
977 7 37 12
977 40 47 14
977 45 47 9
977 26 19 9
977 9 34 10
977 41 46 17
977 45 40 6
977 43 15 14
977 27 22 11
977 43 4 15
977 12 40 10
977 49 26 12
977 42 10 6
977 30 38 12
977 11 16 7
977 13 32 13
977 45 28 9
977 18 26 14
977 5 28 10
977 42 28 10
977 28 34 10
977 20 31 8
977 16 21 8
977 2 41 8
977 37 17 7
977 8 37 7
977 3 21 12
977 44 36 14
977 23 18 8
977 6 13 12
977 44 43 5
977 1 34 12
977 24 29 10
977 12 16 13
977 43 44 12
977 4 45 12
977 13 41 9
977 19 17 5
977 31 20 10
977 44 40 6
977 7 40 7
977 5 38 11
977 43 4 15
977 13 5 12
977 21 50 22
977 37 18 14
977 14 38 14
977 26 23 13
977 14 6 17
977 36 9 14
977 33 13 7
977 1 9 17
977 23 14 10
977 39 49 10
977 32 1 10
977 45 23 7
977 9 2 6
977 2 20 12
977 21 21 14
977 45 26 11
977 40 23 5
977 35 50 10
977 11 18 13
977 18 41 8
977 44 6 7
977 21 22 14
977 24 9 11
977 31 40 8
977 24 20 7
977 41 22 12
977 11 39 10
977 4 44 10
977 33 6 6
977 27 13 13
977 8 29 10
977 2 28 19
977 33 4 12
977 18 13 9
977 37 47 7
977 13 47 11
977 47 50 7
977 14 5 9
977 50 9 8
977 4 20 14
977 42 30 6
977 37 49 10
977 3 33 12
977 48 8 7
977 13 20 12
977 36 49 10
977 3 36 16
977 7 16 10
977 49 22 11
977 7 42 9
977 13 39 4
977 39 29 19
977 14 50 14
977 39 6 11
977 7 7 8
977 48 33 10
977 50 16 13
977 18 29 13
977 22 15 13
977 24 5 15
977 45 13 12
977 8 6 11
977 17 32 17
977 1 33 9
977 23 31 11
977 18 22 12
977 4 43 10
977 10 14 10
977 19 35 19
977 49 10 5
977 43 45 14
977 1 42 7
977 6 44 5
977 11 4 9
977 6 26 7
977 44 13 6
977 23 47 9
977 8 50 16
977 18 21 10
977 9 39 9
977 6 10 18
977 22 40 8
977 3 33 12
977 33 13 7
977 17 7 17
977 37 34 12
977 47 38 9
977 3 44 12
977 29 28 11
977 50 11 12
977 15 19 17
983 13 32 7
983 19 46 10
983 44 34 7
983 21 20 13
983 18 4 14
983 14 28 6
983 49 32 9
983 42 24 14
983 28 36 10
983 19 9 7
983 9 34 13
983 23 13 13
983 13 41 12
983 46 38 10
983 42 28 9
983 47 8 10
983 16 25 6
983 7 44 9
983 16 38 12
983 19 14 10
983 26 21 15
983 34 11 7
983 46 38 10
983 11 41 20
983 42 37 11
983 6 1 12
983 30 10 13
983 50 11 11
983 47 39 7
983 30 49 9
983 19 40 6
983 43 8 6
983 36 45 9
983 32 14 5
983 20 19 13
983 50 43 13
983 4 37 7
983 1 49 15
983 38 12 10
983 24 10 11
983 28 17 10
983 27 25 9
983 23 23 6
983 13 46 8
983 7 10 9
983 26 41 3
983 46 22 11
983 30 32 12
983 20 43 8
983 6 46 9
983 22 21 11
983 49 48 9
983 8 18 7
983 8 27 12
983 43 27 9
983 27 14 12
983 1 28 11
983 5 44 11
983 35 38 9
983 40 13 9
983 39 46 12
983 18 39 10
983 41 46 16
983 35 18 9
983 46 16 6
983 2 21 5
983 50 42 10
983 45 24 11
983 28 37 14
983 44 46 5
983 49 20 5
983 18 13 12
983 28 48 12
983 3 13 11
983 29 22 9
983 31 48 8
983 42 44 10
983 4 14 8
983 8 26 8
983 46 36 10
983 41 7 7
983 10 21 12
983 50 32 18
983 12 13 15
983 11 18 14
983 17 38 16
983 46 16 6
983 30 40 6
983 13 23 14
983 28 30 9
983 16 12 9
983 31 35 13
983 50 14 9
983 11 47 9
983 29 15 12
983 4 34 14
983 8 29 7
983 49 44 10
983 42 22 8
983 39 3 11
983 38 29 6
983 41 3 9
983 36 25 14
983 1 30 12
983 25 16 11
983 32 3 13
983 23 15 12
983 35 3 9
983 40 7 8
983 25 3 4
983 27 42 8
983 29 4 12
983 37 37 19
983 1 17 13
983 11 4 18
983 5 43 13
983 7 6 9
983 12 9 12
983 50 36 11
983 3 45 14
983 11 16 11
983 20 5 9
983 5 41 12
983 30 48 16
983 18 23 12
983 27 3 12
983 27 4 12
983 36 43 11
983 16 36 16
983 15 27 9
983 31 41 8
983 9 40 13
983 11 28 11
983 22 46 16
983 15 34 8
983 45 27 9
983 30 44 7
983 15 44 17
983 12 6 7
983 50 34 13
983 18 13 12
983 30 17 5
983 49 12 9
983 12 12 10
983 34 26 5
983 22 4 13
983 35 2 10
983 48 18 13
983 15 12 6
983 2 14 7
983 36 38 9
983 50 15 17
983 1 22 10
983 14 8 11
983 11 8 13
983 28 1 10
983 47 8 10
983 3 22 13
983 35 45 12
983 9 31 11
983 21 24 7
983 38 40 14
983 3 2 13
983 33 12 11
983 13 15 7
983 10 4 10
983 14 25 11
983 39 1 15
983 9 37 10
983 30 27 12
983 47 4 17
983 45 18 18
983 34 33 10
983 5 45 14
983 1 38 10
983 27 48 14
983 25 44 13
983 4 3 13
983 22 44 5
983 29 41 17
983 41 1 13
983 16 22 18
983 22 45 10
983 2 16 8
983 34 26 5
983 41 3 9
983 36 18 10
983 14 32 10
983 50 43 13
983 41 34 13
983 1 21 15
983 30 26 12
983 40 16 14
983 46 49 10
983 41 6 15
983 26 12 16
983 31 43 7
983 37 29 10
983 30 32 12
983 5 7 10
983 40 1 7
983 37 7 12
983 20 13 13
983 12 40 10
983 27 11 9
983 28 32 6
983 22 40 6
983 34 28 9
983 23 40 11
983 28 3 10
983 40 50 10
983 36 39 6
983 15 35 15
983 48 40 11
983 28 28 12
983 36 16 10
983 2 43 14
983 7 10 9
983 37 9 9
983 22 47 6
983 9 20 11
983 44 15 10
983 50 37 12
983 4 47 10
983 43 8 6
983 33 16 13
983 13 9 11
983 40 9 13
983 43 28 18
983 35 46 9
983 7 2 9
983 17 36 8
983 50 33 12
983 25 18 9
983 36 30 17
983 14 42 9
983 27 22 13
983 50 45 15
983 32 28 9
983 46 12 13
983 12 1 7
983 29 42 13
983 25 2 6
983 50 26 6
983 10 9 12
983 20 43 8
983 23 5 6
983 39 47 10
983 24 31 6
983 34 46 11
983 11 41 20
983 50 33 12
983 5 6 8
983 49 44 10
983 24 6 10
983 17 30 9
983 23 7 12
983 40 6 10
983 8 31 12
983 3 43 9
983 29 43 9
983 30 42 9
983 5 9 8
983 25 21 4
983 47 40 9
983 13 6 12
983 43 44 7
983 44 15 10
983 21 28 9
983 35 1 6
983 8 11 12
983 9 2 6
983 19 33 11
983 47 8 10
983 25 32 14
983 31 8 11
983 29 35 8
983 35 21 10
983 11 49 11
983 10 38 6
983 47 23 10
983 16 1 15
983 3 7 14
983 24 12 5
983 9 44 8
983 3 11 15
983 17 26 12
983 11 6 14
983 10 7 13
983 45 41 19
983 43 43 10
983 13 35 14
983 6 18 11
983 21 25 11
983 1 44 10
983 10 45 9
983 37 37 19
983 42 5 7
983 27 39 6
983 22 16 10
983 34 40 6
983 3 33 10
983 29 24 9
983 28 8 10
983 35 8 10
983 28 5 13
983 3 16 11
983 50 26 6
983 24 43 12
983 41 7 7
983 4 33 11
983 13 4 8
983 39 1 15
983 50 16 10
983 30 40 6
983 30 5 12
983 24 14 10
983 6 40 13
983 25 44 13
983 23 45 6
983 2 15 13
983 49 34 12
983 15 9 12
983 11 41 20
983 2 14 7
983 11 43 8
983 25 39 9
983 11 13 14
983 22 34 12
983 49 23 10
983 46 6 12
983 2 37 9
983 43 6 9
983 7 2 9
983 1 31 11
983 40 14 13
983 5 50 6
983 49 20 5
983 29 46 9
983 20 47 11
983 1 17 13
983 26 33 10
983 4 16 12
983 20 5 9
983 1 26 12
983 48 40 11
983 20 34 9
983 15 21 17
983 33 22 6
983 40 50 10
983 42 33 8
983 6 26 14
983 5 22 12
983 43 16 7
983 16 6 14
983 24 47 12
983 17 48 14
983 21 34 10
983 42 6 13
983 14 14 11
983 44 40 10
983 7 7 7
983 4 21 9
983 16 35 13
983 7 1 12
983 38 17 12
983 26 42 10
983 48 11 14
983 9 33 17
983 47 31 15
983 47 32 9
983 1 49 15
983 1 34 18
983 39 26 9
983 26 28 11
983 22 16 10
983 8 48 13
983 22 42 15
983 32 22 10
983 23 23 6
983 4 30 12
983 5 14 12
983 5 9 8
983 31 35 13
983 42 24 14
983 12 24 13
983 14 29 8
983 42 14 14
983 21 40 12
983 23 30 11
983 5 35 7
983 50 7 11
983 43 32 7
983 48 49 11
983 38 5 6
983 3 48 15
983 23 11 9
983 8 26 8
983 50 46 12
983 25 39 9
983 42 50 10
983 5 48 13
983 31 10 9
983 39 26 9
983 48 48 8
983 37 27 14
983 34 5 11
983 42 41 6
983 41 15 13
991 32 37 9
991 13 33 11
991 50 21 13
991 39 9 19
991 7 4 9
991 50 4 14
991 10 6 13
991 47 18 8
991 16 8 12
991 35 15 12
991 49 2 11
991 36 26 13
991 47 27 13
991 8 28 5
991 35 49 11
991 2 48 11
991 13 43 13
991 19 10 9
991 38 10 12
991 37 16 13
991 43 35 6
991 11 30 6
991 32 6 10
991 16 21 11
991 21 6 9
991 32 43 6
991 37 48 8
991 34 10 14
991 19 10 9
991 2 49 9
991 4 30 11
991 38 39 10
991 18 10 9
991 50 46 15
991 25 16 10
991 3 18 9
991 41 45 7
991 27 5 12
991 22 17 14
991 34 42 9
991 1 11 13
991 13 29 11
991 21 34 7
991 39 2 17
991 19 13 18
991 24 17 6
991 37 29 10
991 6 37 10
991 24 37 8
991 12 9 16
991 47 43 14
991 8 20 11
991 49 18 11
991 46 38 18
991 46 15 6
991 23 13 12
991 44 23 8
991 8 36 4
991 23 24 14
991 4 27 19
991 6 49 9
991 46 4 19
991 33 21 11
991 22 43 14
991 12 23 7
991 30 3 13
991 3 18 9
991 16 4 10
991 25 28 7
991 38 41 8
991 6 40 10
991 43 26 6
991 37 38 8
991 36 21 14
991 26 17 7
991 8 21 10
991 28 9 10
991 28 46 9
991 37 4 9
991 4 41 8
991 48 36 14
991 10 43 9
991 43 39 11
991 20 41 7
991 35 29 9
991 44 37 12
991 39 37 14
991 30 2 16
991 22 37 15
991 41 8 11
991 35 46 11
991 2 2 10
991 24 39 9
991 1 18 13
991 47 8 7
991 6 4 17
991 34 33 15
991 7 39 9
991 30 2 16
991 8 11 13
991 6 27 10
991 7 21 14
991 10 10 5
991 13 17 8
991 19 34 9
991 23 19 16
991 11 40 6
991 46 20 10
991 38 28 15
991 45 12 9
991 27 40 11
991 21 39 6
991 3 47 11
991 4 1 10
991 50 29 10
991 37 25 8
991 27 48 13
991 11 23 7
991 24 33 7
991 39 18 9
991 48 5 10
991 18 39 7
991 1 17 6
991 31 30 13
991 40 10 11
991 12 44 9
991 6 36 16
991 42 3 11
991 48 41 13
991 7 14 11
991 23 2 12
991 39 19 12
991 25 18 8
991 28 39 11
991 26 30 7
991 9 22 7
991 43 28 5
991 11 37 9
991 2 25 3
991 17 47 5
991 36 28 7
991 3 5 18
991 16 22 9
991 37 7 11
991 1 32 9
991 4 33 13
991 21 42 13
991 23 16 17
991 23 38 13
991 9 4 7
991 29 27 6
991 28 43 8
991 17 5 10
991 22 34 13
991 10 5 10
991 12 37 9
991 33 15 15
991 24 7 16
991 28 21 10
991 47 43 14
991 42 49 11
991 13 23 5
991 41 21 7
991 3 21 8
991 9 43 8
991 34 48 7
991 12 50 10
991 8 41 7
991 43 10 10
991 21 24 9
991 19 39 6
991 16 40 8
991 24 19 10
991 2 47 9
991 30 6 14
991 1 33 9
991 31 4 12
991 8 48 9
991 39 2 17
991 42 34 10
991 19 43 14
991 27 44 8
991 36 3 6
991 20 8 10
991 47 45 7
991 45 34 9
991 13 32 10
991 44 45 6
991 34 13 11
991 35 18 6
991 36 12 10
991 27 37 11
991 9 49 6
991 33 32 14
991 11 3 14
991 20 27 12
991 46 12 6
991 5 4 10
991 23 5 10
991 34 17 9
991 46 17 9
991 38 15 12
991 1 11 13
991 21 11 14
991 13 41 6
991 11 6 9
991 43 43 12
991 40 6 11
991 31 20 9
991 3 8 9
991 37 10 6
991 37 31 8
991 42 14 9
991 9 40 4
991 11 21 9
991 2 2 10
991 46 38 18
991 12 19 13
991 19 24 11
991 3 29 12
991 22 25 7
991 9 47 7
991 38 25 8
991 14 47 15
991 40 22 11
991 12 47 11
991 45 29 7
991 23 1 10
991 38 37 14
991 14 33 13
991 29 15 9
991 4 3 11
991 14 46 10
991 44 40 12
991 45 33 6
991 38 20 13
991 29 27 6
991 17 36 7
991 36 3 6
991 10 45 6
991 33 12 8
991 50 11 8
991 20 13 12
991 37 40 9
991 50 16 11
991 34 2 11
991 32 26 10
991 35 5 16
991 39 11 11
991 25 29 3
991 22 12 11
991 44 42 8
991 38 30 10
991 39 22 11
991 35 14 9
991 6 16 9
991 30 41 6
991 20 15 8
991 41 34 10
991 18 11 5
991 2 4 9
991 25 41 9
991 50 44 10
991 31 50 5
991 28 6 13
991 15 8 10
991 29 50 13
991 28 4 10
991 23 12 8
991 44 6 6
991 50 27 12
991 50 50 14
991 46 18 11
991 5 34 8
991 27 39 9
991 44 18 11
991 24 8 11
991 41 31 10
991 18 16 10
991 8 50 7
991 43 11 6
991 9 17 12
991 44 30 4
991 5 42 11
991 27 34 7
991 32 23 12
991 11 22 9
991 8 10 8
991 30 8 9
991 40 1 13
991 16 18 14
991 21 14 8
991 37 30 14
991 14 28 10
991 37 21 12
991 39 47 5
991 23 5 10
991 1 19 10
991 6 29 17
991 38 8 10
991 31 3 14
991 50 4 14
991 18 24 7
991 41 1 10
991 25 28 7
991 42 38 9
991 37 16 13
991 5 46 11
991 19 44 10
991 39 4 17
991 35 10 6
991 40 50 9
991 37 6 14
991 26 37 16
991 11 3 14
991 10 20 10
991 8 9 10
991 31 30 13
991 16 49 12
991 32 47 7
991 26 14 9
991 39 31 9
991 48 38 17
991 26 46 12
991 31 49 12
991 40 22 11
991 16 47 6
991 50 9 10
991 45 25 13
991 2 45 11
991 22 39 7
991 38 21 15
991 6 40 10
991 22 4 9
991 8 17 9
991 28 34 9
991 20 50 6
991 25 32 10
991 16 36 11
991 36 28 7
991 35 19 14
991 25 43 11
991 32 19 9
991 42 27 10
991 11 50 13
991 47 25 8
991 48 44 7
991 32 2 11
991 50 30 7
991 23 39 8
991 25 34 13
991 40 25 15
991 20 49 14
991 34 5 12
991 20 12 8
991 7 22 14
991 38 25 8
991 36 5 13
991 8 12 16
991 20 49 14
991 25 44 11
991 22 21 11
991 12 47 11
991 44 25 11
991 43 32 13
991 30 38 8
991 15 4 18
991 18 32 11
991 3 46 8
991 20 32 9
991 44 18 11
991 2 33 11
991 4 50 4
991 38 48 7
991 20 1 9
991 29 5 10
991 18 14 13
991 22 10 8
991 47 24 12
991 38 2 11
991 33 38 9
991 9 37 10
991 25 31 10
991 47 7 5
991 31 50 5
991 42 8 5
991 50 23 7
991 16 47 6
991 8 29 9
991 50 5 15
991 34 40 10
991 45 13 6
991 3 25 11
991 3 48 11
991 8 50 7
991 15 2 6
991 47 32 9
991 13 2 10
991 39 43 6
991 23 2 12
991 10 30 9
991 7 36 11
991 36 28 7
991 37 4 9
991 13 34 12
991 31 25 9
991 12 38 11
991 37 5 12
991 13 41 6
997 24 47 9
997 7 22 10
997 35 36 16
997 16 28 12
997 27 1 8
997 24 49 12
997 16 47 6
997 16 35 9
997 38 37 14
997 7 32 14
997 30 8 10
997 48 26 12
997 22 19 9
997 11 23 7
997 23 25 13
997 39 23 5
997 24 14 15
997 40 40 18
997 34 20 4
997 37 13 10
997 46 28 13
997 8 16 6
997 6 24 14
997 31 43 9
997 22 7 12
997 15 47 9
997 5 45 13
997 36 6 6
997 9 29 9
997 43 47 7
997 24 37 13
997 46 38 7
997 19 35 11
997 1 22 14
997 34 42 11
997 30 4 15
997 45 18 11
997 13 49 11
997 32 36 12
997 28 25 7
997 45 20 10
997 1 34 14
997 28 33 7
997 37 6 12
997 35 7 5
997 40 29 11
997 35 3 10
997 36 25 11
997 18 13 8
997 23 1 11
997 50 1 10
997 18 10 14
997 32 26 10
997 35 49 13
997 14 1 14
997 31 1 13
997 12 20 9
997 16 4 11
997 32 34 12
997 23 32 9
997 26 38 10
997 14 6 11
997 32 22 10
997 47 22 5
997 12 5 12
997 9 47 10
997 33 8 12
997 17 17 8
997 30 24 12
997 25 50 9
997 16 49 17
997 14 9 13
997 7 41 8
997 49 26 11
997 9 40 11
997 1 27 14
997 12 31 10
997 18 30 14
997 45 35 7
997 21 23 11
997 5 28 8
997 14 26 8
997 6 39 10
997 35 23 11
997 26 12 4
997 23 31 12
997 46 31 9
997 18 40 6
997 27 32 8
997 10 30 13
997 32 24 8
997 18 6 5
997 39 41 18
997 24 3 11
997 19 6 8
997 31 9 16
997 34 48 12
997 31 19 12
997 18 15 13
997 35 18 8
997 46 8 12
997 14 32 6
997 27 9 16
997 21 4 13
997 9 44 10
997 31 36 13
997 6 23 7
997 50 25 20
997 28 21 7
997 37 26 10
997 19 14 12
997 26 50 13
997 35 48 11
997 10 20 8
997 13 14 11
997 26 24 5
997 8 49 12
997 8 49 12
997 9 9 11
997 28 48 14
997 13 31 7
997 2 26 8
997 1 14 13
997 37 4 8
997 25 45 9
997 4 29 13
997 24 11 11
997 7 15 14
997 41 23 10
997 7 46 6
997 33 13 13
997 35 29 5
997 31 12 7
997 12 12 15
997 47 45 3
997 42 20 14
997 21 31 14
997 29 43 9
997 4 8 6
997 4 29 13
997 46 3 8
997 20 24 9
997 16 41 15
997 49 33 6
997 23 7 12
997 38 30 8
997 32 30 8
997 28 2 14
997 1 17 13
997 26 16 13
997 42 27 12
997 37 44 12
997 44 9 9
997 33 47 11
997 22 2 12
997 18 3 9
997 44 4 14
997 33 18 13
997 1 34 14
997 4 36 12
997 12 48 6
997 38 45 6
997 17 20 7
997 34 10 12
997 50 29 6
997 30 39 7
997 22 44 10
997 18 9 10
997 22 37 8
997 35 17 8
997 5 14 8
997 5 33 7
997 28 9 12
997 12 43 12
997 12 10 9
997 50 41 14
997 3 43 13
997 42 34 13
997 1 10 7
997 11 22 10
997 6 49 16
997 2 14 9
997 34 34 9
997 2 36 10
997 20 1 16
997 37 36 8
997 24 45 6
997 27 41 7
997 11 29 12
997 24 17 6
997 14 12 16
997 13 5 7
997 47 48 6
997 50 33 9
997 26 25 9
997 1 4 10
997 44 12 9
997 41 50 10
997 44 4 14
997 22 46 12
997 31 12 7
997 32 41 11
997 40 44 10
997 4 20 11
997 2 49 7
997 40 29 11
997 38 16 12
997 27 18 7
997 45 33 10
997 3 17 9
997 11 19 15
997 21 6 10
997 43 40 9
997 30 45 12
997 40 19 13
997 32 5 14
997 8 47 8
997 34 1 13
997 43 11 5
997 7 34 10
997 18 36 10
997 35 33 4
997 15 38 12
997 28 32 8
997 8 49 12
997 47 50 6
997 1 31 8
997 31 42 8
997 21 40 7
997 39 30 9
997 2 36 10
997 5 31 7
997 8 20 13
997 9 45 7
997 8 23 13
997 48 25 13
997 2 17 13
997 39 30 9
997 4 19 12
997 34 37 9
997 37 34 13
997 34 15 9
997 18 13 8
997 7 39 9
997 47 30 8
997 5 11 12
997 50 17 11
997 5 20 9
997 8 18 13
997 36 7 12
997 18 36 10
997 46 10 9
997 46 10 9
997 25 14 5
997 17 38 8
997 27 6 10
997 17 49 13
997 46 37 11
997 3 27 14
997 8 23 13
997 33 45 12
997 30 47 14
997 31 36 13
997 18 41 12
997 2 46 10
997 38 1 8
997 49 45 10
997 39 47 8
997 31 3 10
997 50 2 6
997 9 32 5
997 7 25 9
997 24 45 6
997 46 17 8
997 37 6 12
997 40 36 14
997 18 2 11
997 43 5 13
997 38 43 15
997 38 11 9
997 32 24 8
997 16 1 10
997 50 34 10
997 24 14 15
997 46 8 12
997 38 25 10
997 38 22 14
997 26 39 10
997 17 34 14
997 4 17 8
997 6 35 4
997 34 41 8
997 41 11 10
997 35 37 11
997 4 22 15
997 15 22 10
997 13 26 12
997 44 31 17
997 15 38 12
997 9 21 15
997 22 16 17
997 46 26 12
997 10 24 12
997 11 17 7
997 17 24 11
997 2 16 15
997 39 13 9
997 50 45 9
997 4 16 8
997 48 39 11
997 11 41 10
997 17 18 13
997 46 49 6
997 24 32 9
997 24 34 8
997 38 6 9
997 40 21 7
997 19 29 8
997 15 26 9
997 30 11 6
997 33 6 10
997 34 44 9
997 23 17 10
997 9 8 12
997 40 40 18
997 17 24 11
997 10 11 9
997 26 43 10
997 29 35 9
997 1 17 13
997 36 49 11
997 19 45 10
997 10 18 13
997 32 36 12
997 21 34 16
997 13 20 9
997 43 40 9
997 40 26 9
997 39 33 12
997 43 48 7
997 28 22 9
997 37 25 10
997 15 4 16
997 43 36 14
997 4 2 7
997 25 47 6
997 7 21 9
997 45 5 8
997 24 12 15
997 15 46 13
997 48 10 8
997 37 9 12
997 38 13 20
997 9 4 13
997 50 48 10
997 42 8 10
997 19 50 9
997 5 7 10
997 43 8 13
997 43 21 11
997 26 33 5
997 9 35 10
997 40 5 12
997 21 34 16
997 32 35 4
997 35 6 5
997 24 3 11
997 40 15 12
997 33 34 12
997 40 16 11
997 17 15 7
997 20 35 11
997 15 19 9
997 22 50 12
997 46 37 11
997 48 33 10
997 10 34 13
997 7 46 6
997 43 31 9
997 30 22 9
997 34 47 10
997 6 6 12
997 1 26 5
997 38 42 14
997 46 2 10
997 1 43 13
997 41 2 12
997 39 45 11
997 40 43 11
997 10 14 11
997 34 50 6
997 46 39 11
997 35 14 14
997 20 4 10
997 3 23 13
997 7 37 11
997 44 33 7
997 25 41 10
997 31 33 11
997 37 42 14
997 17 38 8
997 19 27 11
997 31 11 11
997 33 5 17
997 25 36 10
997 43 20 11
997 11 18 6
997 10 39 11
997 20 47 9
