17 1 1 6
17 1 1 11
17 1 1 22
17 1 1 11
17 1 1 9
17 1 1 13
17 1 1 25
17 1 1 19
17 1 1 5
17 1 1 13
17 1 1 17
17 1 1 11
17 1 1 5
17 1 1 12
17 1 1 19
17 1 1 14
17 1 1 4
17 1 1 9
17 1 1 17
17 1 1 7
17 1 2 10
17 1 2 13
17 1 2 25
17 1 2 9
17 1 2 10
17 1 2 16
17 1 2 19
17 1 2 23
17 1 2 8
17 1 2 9
17 1 2 25
17 1 2 15
17 1 2 3
17 1 2 9
17 1 2 18
17 1 2 7
17 1 2 8
17 1 2 17
17 1 2 18
17 1 2 22
17 1 3 9
17 1 3 11
17 1 3 23
17 1 3 20
17 1 3 6
17 1 3 9
17 1 3 17
17 1 3 24
17 1 3 2
17 1 3 8
17 1 3 19
17 1 3 4
17 1 3 1
17 1 3 16
17 1 3 17
17 1 3 22
17 1 3 3
17 1 3 14
17 1 3 26
17 1 3 12
17 1 4 3
17 1 4 13
17 1 4 18
17 1 4 5
17 1 4 3
17 1 4 8
17 1 4 18
17 1 4 21
17 1 4 9
17 1 4 10
17 1 4 17
17 1 4 25
17 1 4 7
17 1 4 12
17 1 4 19
17 1 4 20
17 1 4 7
17 1 4 14
17 1 4 26
17 1 4 8
17 1 5 6
17 1 5 12
17 1 5 20
17 1 5 13
17 1 5 1
17 1 5 16
17 1 5 24
17 1 5 1
17 1 5 1
17 1 5 13
17 1 5 25
17 1 5 26
17 1 5 2
17 1 5 12
17 1 5 20
17 1 5 5
17 1 5 3
17 1 5 17
17 1 5 26
17 1 5 1
17 1 6 5
17 1 6 15
17 1 6 24
17 1 6 10
17 1 6 1
17 1 6 13
17 1 6 18
17 1 6 23
17 1 6 1
17 1 6 16
17 1 6 22
17 1 6 3
17 1 6 6
17 1 6 11
17 1 6 26
17 1 6 20
17 1 6 8
17 1 6 14
17 1 6 18
17 1 6 23
17 1 7 5
17 1 7 9
17 1 7 19
17 1 7 3
17 1 7 7
17 1 7 16
17 1 7 26
17 1 7 9
17 1 7 6
17 1 7 9
17 1 7 21
17 1 7 19
17 1 7 3
17 1 7 16
17 1 7 23
17 1 7 20
17 1 7 6
17 1 7 16
17 1 7 20
17 1 7 7
17 1 8 3
17 1 8 15
17 1 8 23
17 1 8 14
17 1 8 9
17 1 8 14
17 1 8 19
17 1 8 19
17 1 8 6
17 1 8 8
17 1 8 24
17 1 8 4
17 1 8 2
17 1 8 8
17 1 8 26
17 1 8 21
17 1 8 3
17 1 8 11
17 1 8 25
17 1 8 25
17 1 9 9
17 1 9 16
17 1 9 19
17 1 9 5
17 1 9 9
17 1 9 9
17 1 9 20
17 1 9 6
17 1 9 8
17 1 9 16
17 1 9 22
17 1 9 2
17 1 9 9
17 1 9 16
17 1 9 19
17 1 9 24
17 1 9 10
17 1 9 13
17 1 9 26
17 1 9 2
17 1 10 3
17 1 10 12
17 1 10 24
17 1 10 2
17 1 10 10
17 1 10 8
17 1 10 19
17 1 10 25
17 1 10 2
17 1 10 14
17 1 10 21
17 1 10 20
17 1 10 2
17 1 10 13
17 1 10 26
17 1 10 23
17 1 10 10
17 1 10 15
17 1 10 17
17 1 10 12
17 1 11 9
17 1 11 9
17 1 11 21
17 1 11 22
17 1 11 7
17 1 11 13
17 1 11 21
17 1 11 1
17 1 11 10
17 1 11 17
17 1 11 22
17 1 11 26
17 1 11 7
17 1 11 13
17 1 11 22
17 1 11 20
17 1 11 3
17 1 11 8
17 1 11 24
17 1 11 21
17 1 12 9
17 1 12 17
17 1 12 20
17 1 12 8
17 1 12 6
17 1 12 17
17 1 12 26
17 1 12 20
17 1 12 3
17 1 12 16
17 1 12 20
17 1 12 17
17 1 12 9
17 1 12 10
17 1 12 17
17 1 12 25
17 1 12 10
17 1 12 11
17 1 12 24
17 1 12 19
17 1 13 1
17 1 13 15
17 1 13 22
17 1 13 8
17 1 13 5
17 1 13 9
17 1 13 24
17 1 13 17
17 1 13 1
17 1 13 12
17 1 13 20
17 1 13 22
17 1 13 6
17 1 13 13
17 1 13 23
17 1 13 16
17 1 13 6
17 1 13 11
17 1 13 19
17 1 13 9
17 1 14 6
17 1 14 15
17 1 14 22
17 1 14 24
17 1 14 2
17 1 14 11
17 1 14 24
17 1 14 19
17 1 14 1
17 1 14 17
17 1 14 26
17 1 14 21
17 1 14 1
17 1 14 16
17 1 14 20
17 1 14 26
17 1 14 1
17 1 14 16
17 1 14 23
17 1 14 15
17 2 1 3
17 2 1 17
17 2 1 20
17 2 1 8
17 2 1 10
17 2 1 11
17 2 1 21
17 2 1 14
17 2 1 3
17 2 1 17
17 2 1 21
17 2 1 13
17 2 1 2
17 2 1 10
17 2 1 17
17 2 1 9
17 2 1 10
17 2 1 14
17 2 1 19
17 2 1 14
17 2 2 3
17 2 2 15
17 2 2 26
17 2 2 7
17 2 2 7
17 2 2 14
17 2 2 20
17 2 2 13
17 2 2 9
17 2 2 10
17 2 2 17
17 2 2 17
17 2 2 8
17 2 2 17
17 2 2 22
17 2 2 22
17 2 2 1
17 2 2 14
17 2 2 22
17 2 2 4
17 2 3 6
17 2 3 12
17 2 3 23
17 2 3 17
17 2 3 10
17 2 3 15
17 2 3 18
17 2 3 8
17 2 3 4
17 2 3 15
17 2 3 22
17 2 3 13
17 2 3 8
17 2 3 16
17 2 3 18
17 2 3 25
17 2 3 9
17 2 3 8
17 2 3 22
17 2 3 11
17 2 4 9
17 2 4 14
17 2 4 18
17 2 4 21
17 2 4 1
17 2 4 17
17 2 4 20
17 2 4 12
17 2 4 10
17 2 4 10
17 2 4 18
17 2 4 11
17 2 4 5
17 2 4 16
17 2 4 23
17 2 4 19
17 2 4 2
17 2 4 15
17 2 4 23
17 2 4 1
17 2 5 8
17 2 5 11
17 2 5 26
17 2 5 15
17 2 5 3
17 2 5 14
17 2 5 22
17 2 5 9
17 2 5 8
17 2 5 9
17 2 5 21
17 2 5 4
17 2 5 1
17 2 5 12
17 2 5 19
17 2 5 16
17 2 5 4
17 2 5 9
17 2 5 22
17 2 5 15
17 2 6 1
17 2 6 8
17 2 6 19
17 2 6 2
17 2 6 4
17 2 6 17
17 2 6 26
17 2 6 23
17 2 6 10
17 2 6 11
17 2 6 21
17 2 6 13
17 2 6 3
17 2 6 14
17 2 6 25
17 2 6 24
17 2 6 6
17 2 6 8
17 2 6 18
17 2 6 17
17 2 7 6
17 2 7 9
17 2 7 25
17 2 7 20
17 2 7 7
17 2 7 16
17 2 7 18
17 2 7 24
17 2 7 1
17 2 7 12
17 2 7 20
17 2 7 6
17 2 7 5
17 2 7 14
17 2 7 17
17 2 7 15
17 2 7 7
17 2 7 8
17 2 7 19
17 2 7 16
17 2 8 2
17 2 8 13
17 2 8 21
17 2 8 18
17 2 8 9
17 2 8 16
17 2 8 19
17 2 8 10
17 2 8 1
17 2 8 10
17 2 8 18
17 2 8 26
17 2 8 9
17 2 8 12
17 2 8 24
17 2 8 2
17 2 8 9
17 2 8 9
17 2 8 20
17 2 8 6
17 2 9 9
17 2 9 11
17 2 9 26
17 2 9 15
17 2 9 6
17 2 9 16
17 2 9 22
17 2 9 6
17 2 9 6
17 2 9 14
17 2 9 26
17 2 9 11
17 2 9 10
17 2 9 9
17 2 9 25
17 2 9 10
17 2 9 7
17 2 9 12
17 2 9 17
17 2 9 15
17 2 10 1
17 2 10 13
17 2 10 18
17 2 10 13
17 2 10 3
17 2 10 11
17 2 10 22
17 2 10 4
17 2 10 2
17 2 10 11
17 2 10 25
17 2 10 18
17 2 10 8
17 2 10 13
17 2 10 26
17 2 10 3
17 2 10 2
17 2 10 14
17 2 10 22
17 2 10 9
17 2 11 5
17 2 11 8
17 2 11 25
17 2 11 26
17 2 11 2
17 2 11 11
17 2 11 22
17 2 11 22
17 2 11 10
17 2 11 16
17 2 11 19
17 2 11 24
17 2 11 8
17 2 11 11
17 2 11 23
17 2 11 4
17 2 11 1
17 2 11 12
17 2 11 25
17 2 11 12
17 2 12 6
17 2 12 15
17 2 12 18
17 2 12 15
17 2 12 10
17 2 12 16
17 2 12 20
17 2 12 2
17 2 12 6
17 2 12 8
17 2 12 17
17 2 12 3
17 2 12 3
17 2 12 8
17 2 12 20
17 2 12 4
17 2 12 8
17 2 12 11
17 2 12 23
17 2 12 4
17 2 13 6
17 2 13 8
17 2 13 22
17 2 13 2
17 2 13 2
17 2 13 15
17 2 13 23
17 2 13 4
17 2 13 1
17 2 13 14
17 2 13 22
17 2 13 9
17 2 13 5
17 2 13 9
17 2 13 21
17 2 13 1
17 2 13 9
17 2 13 15
17 2 13 25
17 2 13 16
17 2 14 4
17 2 14 17
17 2 14 18
17 2 14 14
17 2 14 1
17 2 14 11
17 2 14 23
17 2 14 15
17 2 14 2
17 2 14 14
17 2 14 25
17 2 14 22
17 2 14 1
17 2 14 12
17 2 14 23
17 2 14 11
17 2 14 1
17 2 14 14
17 2 14 21
17 2 14 7
17 3 1 5
17 3 1 9
17 3 1 17
17 3 1 12
17 3 1 3
17 3 1 10
17 3 1 21
17 3 1 20
17 3 1 1
17 3 1 11
17 3 1 24
17 3 1 12
17 3 1 10
17 3 1 9
17 3 1 26
17 3 1 21
17 3 1 4
17 3 1 13
17 3 1 20
17 3 1 24
17 3 2 8
17 3 2 16
17 3 2 17
17 3 2 5
17 3 2 10
17 3 2 8
17 3 2 20
17 3 2 11
17 3 2 3
17 3 2 11
17 3 2 25
17 3 2 13
17 3 2 6
17 3 2 12
17 3 2 24
17 3 2 7
17 3 2 9
17 3 2 10
17 3 2 24
17 3 2 2
17 3 3 2
17 3 3 16
17 3 3 24
17 3 3 26
17 3 3 4
17 3 3 13
17 3 3 25
17 3 3 15
17 3 3 4
17 3 3 9
17 3 3 17
17 3 3 8
17 3 3 8
17 3 3 12
17 3 3 19
17 3 3 18
17 3 3 1
17 3 3 13
17 3 3 20
17 3 3 21
17 3 4 3
17 3 4 16
17 3 4 22
17 3 4 18
17 3 4 6
17 3 4 17
17 3 4 25
17 3 4 9
17 3 4 3
17 3 4 15
17 3 4 22
17 3 4 9
17 3 4 6
17 3 4 15
17 3 4 21
17 3 4 4
17 3 4 1
17 3 4 10
17 3 4 25
17 3 4 23
17 3 5 9
17 3 5 11
17 3 5 24
17 3 5 13
17 3 5 7
17 3 5 8
17 3 5 25
17 3 5 25
17 3 5 1
17 3 5 8
17 3 5 23
17 3 5 4
17 3 5 1
17 3 5 16
17 3 5 18
17 3 5 6
17 3 5 9
17 3 5 8
17 3 5 20
17 3 5 9
17 3 6 8
17 3 6 15
17 3 6 24
17 3 6 21
17 3 6 4
17 3 6 14
17 3 6 26
17 3 6 9
17 3 6 2
17 3 6 14
17 3 6 20
17 3 6 9
17 3 6 3
17 3 6 16
17 3 6 26
17 3 6 25
17 3 6 5
17 3 6 16
17 3 6 23
17 3 6 1
17 3 7 6
17 3 7 9
17 3 7 21
17 3 7 1
17 3 7 6
17 3 7 8
17 3 7 25
17 3 7 26
17 3 7 8
17 3 7 8
17 3 7 25
17 3 7 11
17 3 7 4
17 3 7 16
17 3 7 23
17 3 7 3
17 3 7 2
17 3 7 17
17 3 7 18
17 3 7 12
17 3 8 10
17 3 8 9
17 3 8 26
17 3 8 4
17 3 8 2
17 3 8 10
17 3 8 26
17 3 8 25
17 3 8 1
17 3 8 8
17 3 8 21
17 3 8 20
17 3 8 4
17 3 8 15
17 3 8 26
17 3 8 10
17 3 8 1
17 3 8 13
17 3 8 20
17 3 8 8
17 3 9 6
17 3 9 10
17 3 9 24
17 3 9 16
17 3 9 10
17 3 9 14
17 3 9 25
17 3 9 19
17 3 9 1
17 3 9 9
17 3 9 19
17 3 9 6
17 3 9 2
17 3 9 10
17 3 9 25
17 3 9 26
17 3 9 6
17 3 9 17
17 3 9 17
17 3 9 23
17 3 10 10
17 3 10 14
17 3 10 23
17 3 10 21
17 3 10 10
17 3 10 16
17 3 10 18
17 3 10 16
17 3 10 2
17 3 10 15
17 3 10 19
17 3 10 14
17 3 10 5
17 3 10 14
17 3 10 21
17 3 10 21
17 3 10 2
17 3 10 15
17 3 10 17
17 3 10 3
17 3 11 8
17 3 11 11
17 3 11 20
17 3 11 25
17 3 11 1
17 3 11 14
17 3 11 24
17 3 11 20
17 3 11 3
17 3 11 11
17 3 11 20
17 3 11 7
17 3 11 7
17 3 11 12
17 3 11 26
17 3 11 14
17 3 11 1
17 3 11 13
17 3 11 24
17 3 11 24
17 3 12 3
17 3 12 12
17 3 12 23
17 3 12 9
17 3 12 1
17 3 12 13
17 3 12 18
17 3 12 18
17 3 12 7
17 3 12 11
17 3 12 23
17 3 12 24
17 3 12 3
17 3 12 8
17 3 12 22
17 3 12 2
17 3 12 6
17 3 12 8
17 3 12 20
17 3 12 2
17 3 13 8
17 3 13 8
17 3 13 23
17 3 13 2
17 3 13 8
17 3 13 11
17 3 13 23
17 3 13 3
17 3 13 10
17 3 13 17
17 3 13 19
17 3 13 10
17 3 13 10
17 3 13 10
17 3 13 20
17 3 13 9
17 3 13 2
17 3 13 15
17 3 13 25
17 3 13 25
17 3 14 3
17 3 14 16
17 3 14 26
17 3 14 12
17 3 14 4
17 3 14 13
17 3 14 18
17 3 14 14
17 3 14 4
17 3 14 9
17 3 14 21
17 3 14 7
17 3 14 4
17 3 14 11
17 3 14 21
17 3 14 16
17 3 14 3
17 3 14 8
17 3 14 26
17 3 14 14
17 4 1 8
17 4 1 8
17 4 1 20
17 4 1 6
17 4 1 5
17 4 1 10
17 4 1 18
17 4 1 11
17 4 1 1
17 4 1 14
17 4 1 20
17 4 1 21
17 4 1 2
17 4 1 10
17 4 1 26
17 4 1 24
17 4 1 6
17 4 1 14
17 4 1 17
17 4 1 10
17 4 2 1
17 4 2 10
17 4 2 25
17 4 2 16
17 4 2 2
17 4 2 15
17 4 2 21
17 4 2 12
17 4 2 10
17 4 2 12
17 4 2 25
17 4 2 3
17 4 2 9
17 4 2 12
17 4 2 18
17 4 2 15
17 4 2 2
17 4 2 15
17 4 2 18
17 4 2 25
17 4 3 3
17 4 3 10
17 4 3 21
17 4 3 17
17 4 3 1
17 4 3 9
17 4 3 26
17 4 3 4
17 4 3 10
17 4 3 17
17 4 3 18
17 4 3 4
17 4 3 4
17 4 3 9
17 4 3 18
17 4 3 18
17 4 3 10
17 4 3 10
17 4 3 21
17 4 3 3
17 4 4 1
17 4 4 14
17 4 4 21
17 4 4 8
17 4 4 7
17 4 4 15
17 4 4 17
17 4 4 7
17 4 4 7
17 4 4 9
17 4 4 18
17 4 4 3
17 4 4 6
17 4 4 14
17 4 4 19
17 4 4 22
17 4 4 2
17 4 4 13
17 4 4 17
17 4 4 11
17 4 5 1
17 4 5 12
17 4 5 20
17 4 5 22
17 4 5 7
17 4 5 13
17 4 5 20
17 4 5 8
17 4 5 10
17 4 5 9
17 4 5 21
17 4 5 3
17 4 5 3
17 4 5 9
17 4 5 25
17 4 5 19
17 4 5 3
17 4 5 8
17 4 5 22
17 4 5 20
17 4 6 7
17 4 6 15
17 4 6 18
17 4 6 2
17 4 6 8
17 4 6 17
17 4 6 18
17 4 6 15
17 4 6 8
17 4 6 15
17 4 6 18
17 4 6 11
17 4 6 10
17 4 6 11
17 4 6 26
17 4 6 8
17 4 6 5
17 4 6 9
17 4 6 23
17 4 6 3
17 4 7 9
17 4 7 9
17 4 7 17
17 4 7 7
17 4 7 6
17 4 7 14
17 4 7 23
17 4 7 12
17 4 7 3
17 4 7 16
17 4 7 24
17 4 7 12
17 4 7 8
17 4 7 10
17 4 7 19
17 4 7 8
17 4 7 6
17 4 7 15
17 4 7 26
17 4 7 11
17 4 8 6
17 4 8 11
17 4 8 25
17 4 8 15
17 4 8 10
17 4 8 13
17 4 8 24
17 4 8 17
17 4 8 10
17 4 8 14
17 4 8 23
17 4 8 6
17 4 8 5
17 4 8 13
17 4 8 24
17 4 8 20
17 4 8 9
17 4 8 10
17 4 8 19
17 4 8 4
17 4 9 1
17 4 9 13
17 4 9 21
17 4 9 10
17 4 9 7
17 4 9 15
17 4 9 19
17 4 9 13
17 4 9 4
17 4 9 14
17 4 9 22
17 4 9 10
17 4 9 4
17 4 9 12
17 4 9 21
17 4 9 21
17 4 9 7
17 4 9 9
17 4 9 24
17 4 9 6
17 4 10 2
17 4 10 14
17 4 10 23
17 4 10 25
17 4 10 2
17 4 10 14
17 4 10 26
17 4 10 4
17 4 10 2
17 4 10 17
17 4 10 22
17 4 10 18
17 4 10 1
17 4 10 14
17 4 10 18
17 4 10 12
17 4 10 7
17 4 10 10
17 4 10 22
17 4 10 14
17 4 11 10
17 4 11 16
17 4 11 19
17 4 11 12
17 4 11 2
17 4 11 10
17 4 11 26
17 4 11 20
17 4 11 9
17 4 11 13
17 4 11 19
17 4 11 2
17 4 11 1
17 4 11 12
17 4 11 17
17 4 11 4
17 4 11 7
17 4 11 12
17 4 11 21
17 4 11 2
17 4 12 9
17 4 12 11
17 4 12 21
17 4 12 1
17 4 12 2
17 4 12 10
17 4 12 23
17 4 12 6
17 4 12 6
17 4 12 9
17 4 12 26
17 4 12 25
17 4 12 8
17 4 12 8
17 4 12 21
17 4 12 1
17 4 12 2
17 4 12 13
17 4 12 26
17 4 12 5
17 4 13 5
17 4 13 11
17 4 13 18
17 4 13 9
17 4 13 7
17 4 13 9
17 4 13 22
17 4 13 20
17 4 13 4
17 4 13 16
17 4 13 23
17 4 13 25
17 4 13 7
17 4 13 15
17 4 13 23
17 4 13 12
17 4 13 2
17 4 13 13
17 4 13 26
17 4 13 8
17 4 14 9
17 4 14 13
17 4 14 23
17 4 14 6
17 4 14 3
17 4 14 11
17 4 14 21
17 4 14 18
17 4 14 7
17 4 14 11
17 4 14 21
17 4 14 6
17 4 14 4
17 4 14 14
17 4 14 22
17 4 14 21
17 4 14 2
17 4 14 8
17 4 14 19
17 4 14 18
17 5 1 3
17 5 1 11
17 5 1 25
17 5 1 2
17 5 1 8
17 5 1 12
17 5 1 25
17 5 1 14
17 5 1 9
17 5 1 11
17 5 1 19
17 5 1 6
17 5 1 9
17 5 1 9
17 5 1 19
17 5 1 26
17 5 1 7
17 5 1 8
17 5 1 19
17 5 1 4
17 5 2 4
17 5 2 12
17 5 2 24
17 5 2 9
17 5 2 1
17 5 2 17
17 5 2 20
17 5 2 2
17 5 2 8
17 5 2 15
17 5 2 17
17 5 2 25
17 5 2 3
17 5 2 11
17 5 2 20
17 5 2 22
17 5 2 7
17 5 2 13
17 5 2 25
17 5 2 4
17 5 3 7
17 5 3 17
17 5 3 26
17 5 3 21
17 5 3 7
17 5 3 10
17 5 3 25
17 5 3 8
17 5 3 6
17 5 3 17
17 5 3 25
17 5 3 25
17 5 3 8
17 5 3 9
17 5 3 22
17 5 3 8
17 5 3 1
17 5 3 13
17 5 3 24
17 5 3 15
17 5 4 6
17 5 4 10
17 5 4 22
17 5 4 19
17 5 4 4
17 5 4 17
17 5 4 21
17 5 4 16
17 5 4 9
17 5 4 12
17 5 4 21
17 5 4 9
17 5 4 10
17 5 4 10
17 5 4 18
17 5 4 2
17 5 4 9
17 5 4 9
17 5 4 22
17 5 4 22
17 5 5 6
17 5 5 10
17 5 5 19
17 5 5 20
17 5 5 1
17 5 5 12
17 5 5 21
17 5 5 18
17 5 5 6
17 5 5 11
17 5 5 17
17 5 5 4
17 5 5 9
17 5 5 8
17 5 5 18
17 5 5 1
17 5 5 5
17 5 5 9
17 5 5 20
17 5 5 1
17 5 6 4
17 5 6 13
17 5 6 24
17 5 6 17
17 5 6 4
17 5 6 8
17 5 6 18
17 5 6 25
17 5 6 2
17 5 6 11
17 5 6 19
17 5 6 4
17 5 6 8
17 5 6 13
17 5 6 25
17 5 6 9
17 5 6 6
17 5 6 17
17 5 6 21
17 5 6 8
17 5 7 8
17 5 7 11
17 5 7 18
17 5 7 18
17 5 7 4
17 5 7 14
17 5 7 21
17 5 7 24
17 5 7 10
17 5 7 12
17 5 7 20
17 5 7 17
17 5 7 3
17 5 7 14
17 5 7 24
17 5 7 15
17 5 7 6
17 5 7 9
17 5 7 24
17 5 7 18
17 5 8 4
17 5 8 16
17 5 8 18
17 5 8 5
17 5 8 8
17 5 8 10
17 5 8 23
17 5 8 14
17 5 8 3
17 5 8 15
17 5 8 21
17 5 8 11
17 5 8 5
17 5 8 12
17 5 8 26
17 5 8 20
17 5 8 1
17 5 8 16
17 5 8 17
17 5 8 5
17 5 9 6
17 5 9 16
17 5 9 21
17 5 9 13
17 5 9 8
17 5 9 12
17 5 9 24
17 5 9 3
17 5 9 1
17 5 9 15
17 5 9 18
17 5 9 11
17 5 9 8
17 5 9 16
17 5 9 17
17 5 9 2
17 5 9 4
17 5 9 17
17 5 9 19
17 5 9 4
17 5 10 10
17 5 10 12
17 5 10 24
17 5 10 12
17 5 10 6
17 5 10 11
17 5 10 23
17 5 10 8
17 5 10 3
17 5 10 9
17 5 10 26
17 5 10 25
17 5 10 2
17 5 10 8
17 5 10 23
17 5 10 6
17 5 10 6
17 5 10 12
17 5 10 20
17 5 10 10
17 5 11 6
17 5 11 11
17 5 11 23
17 5 11 5
17 5 11 10
17 5 11 9
17 5 11 24
17 5 11 18
17 5 11 4
17 5 11 10
17 5 11 26
17 5 11 4
17 5 11 2
17 5 11 10
17 5 11 17
17 5 11 7
17 5 11 10
17 5 11 14
17 5 11 23
17 5 11 19
17 5 12 3
17 5 12 10
17 5 12 23
17 5 12 12
17 5 12 8
17 5 12 12
17 5 12 25
17 5 12 9
17 5 12 4
17 5 12 15
17 5 12 24
17 5 12 23
17 5 12 3
17 5 12 12
17 5 12 23
17 5 12 26
17 5 12 8
17 5 12 14
17 5 12 23
17 5 12 1
17 5 13 4
17 5 13 8
17 5 13 26
17 5 13 1
17 5 13 2
17 5 13 17
17 5 13 25
17 5 13 11
17 5 13 8
17 5 13 16
17 5 13 26
17 5 13 1
17 5 13 9
17 5 13 12
17 5 13 21
17 5 13 13
17 5 13 9
17 5 13 13
17 5 13 22
17 5 13 26
17 5 14 5
17 5 14 12
17 5 14 21
17 5 14 18
17 5 14 10
17 5 14 15
17 5 14 24
17 5 14 22
17 5 14 4
17 5 14 9
17 5 14 23
17 5 14 14
17 5 14 1
17 5 14 8
17 5 14 24
17 5 14 2
17 5 14 10
17 5 14 10
17 5 14 20
17 5 14 15
17 6 1 8
17 6 1 13
17 6 1 21
17 6 1 3
17 6 1 9
17 6 1 11
17 6 1 17
17 6 1 16
17 6 1 8
17 6 1 14
17 6 1 19
17 6 1 21
17 6 1 2
17 6 1 8
17 6 1 18
17 6 1 8
17 6 1 8
17 6 1 10
17 6 1 20
17 6 1 15
17 6 2 8
17 6 2 15
17 6 2 23
17 6 2 12
17 6 2 10
17 6 2 17
17 6 2 25
17 6 2 19
17 6 2 5
17 6 2 9
17 6 2 22
17 6 2 20
17 6 2 5
17 6 2 11
17 6 2 22
17 6 2 22
17 6 2 1
17 6 2 14
17 6 2 18
17 6 2 12
17 6 3 9
17 6 3 14
17 6 3 26
17 6 3 6
17 6 3 9
17 6 3 15
17 6 3 25
17 6 3 25
17 6 3 7
17 6 3 9
17 6 3 18
17 6 3 4
17 6 3 3
17 6 3 8
17 6 3 24
17 6 3 25
17 6 3 3
17 6 3 14
17 6 3 21
17 6 3 23
17 6 4 5
17 6 4 9
17 6 4 19
17 6 4 13
17 6 4 8
17 6 4 11
17 6 4 21
17 6 4 21
17 6 4 6
17 6 4 9
17 6 4 23
17 6 4 3
17 6 4 2
17 6 4 9
17 6 4 26
17 6 4 11
17 6 4 9
17 6 4 15
17 6 4 24
17 6 4 5
17 6 5 5
17 6 5 14
17 6 5 26
17 6 5 12
17 6 5 4
17 6 5 11
17 6 5 24
17 6 5 26
17 6 5 6
17 6 5 11
17 6 5 26
17 6 5 5
17 6 5 2
17 6 5 12
17 6 5 17
17 6 5 9
17 6 5 2
17 6 5 12
17 6 5 25
17 6 5 3
17 6 6 9
17 6 6 10
17 6 6 24
17 6 6 22
17 6 6 1
17 6 6 15
17 6 6 22
17 6 6 19
17 6 6 5
17 6 6 8
17 6 6 25
17 6 6 24
17 6 6 9
17 6 6 16
17 6 6 18
17 6 6 10
17 6 6 9
17 6 6 10
17 6 6 22
17 6 6 15
17 6 7 3
17 6 7 9
17 6 7 21
17 6 7 8
17 6 7 5
17 6 7 14
17 6 7 21
17 6 7 12
17 6 7 10
17 6 7 11
17 6 7 20
17 6 7 11
17 6 7 3
17 6 7 17
17 6 7 23
17 6 7 18
17 6 7 4
17 6 7 9
17 6 7 17
17 6 7 13
17 6 8 8
17 6 8 13
17 6 8 21
17 6 8 14
17 6 8 6
17 6 8 9
17 6 8 23
17 6 8 4
17 6 8 8
17 6 8 11
17 6 8 25
17 6 8 12
17 6 8 8
17 6 8 8
17 6 8 19
17 6 8 24
17 6 8 5
17 6 8 10
17 6 8 23
17 6 8 17
17 6 9 4
17 6 9 8
17 6 9 21
17 6 9 21
17 6 9 10
17 6 9 16
17 6 9 24
17 6 9 13
17 6 9 4
17 6 9 11
17 6 9 18
17 6 9 1
17 6 9 9
17 6 9 9
17 6 9 18
17 6 9 7
17 6 9 1
17 6 9 14
17 6 9 21
17 6 9 17
17 6 10 3
17 6 10 17
17 6 10 20
17 6 10 19
17 6 10 6
17 6 10 12
17 6 10 22
17 6 10 8
17 6 10 9
17 6 10 17
17 6 10 19
17 6 10 7
17 6 10 5
17 6 10 16
17 6 10 18
17 6 10 21
17 6 10 10
17 6 10 12
17 6 10 19
17 6 10 8
17 6 11 7
17 6 11 14
17 6 11 20
17 6 11 20
17 6 11 5
17 6 11 16
17 6 11 17
17 6 11 2
17 6 11 3
17 6 11 15
17 6 11 19
17 6 11 12
17 6 11 10
17 6 11 11
17 6 11 19
17 6 11 10
17 6 11 6
17 6 11 9
17 6 11 26
17 6 11 10
17 6 12 7
17 6 12 14
17 6 12 23
17 6 12 1
17 6 12 4
17 6 12 9
17 6 12 21
17 6 12 21
17 6 12 10
17 6 12 10
17 6 12 23
17 6 12 19
17 6 12 2
17 6 12 9
17 6 12 25
17 6 12 21
17 6 12 3
17 6 12 17
17 6 12 22
17 6 12 26
17 6 13 7
17 6 13 13
17 6 13 25
17 6 13 15
17 6 13 5
17 6 13 17
17 6 13 18
17 6 13 23
17 6 13 9
17 6 13 12
17 6 13 19
17 6 13 25
17 6 13 1
17 6 13 17
17 6 13 18
17 6 13 22
17 6 13 7
17 6 13 15
17 6 13 21
17 6 13 13
17 6 14 4
17 6 14 9
17 6 14 22
17 6 14 24
17 6 14 9
17 6 14 17
17 6 14 21
17 6 14 9
17 6 14 5
17 6 14 11
17 6 14 22
17 6 14 17
17 6 14 2
17 6 14 8
17 6 14 19
17 6 14 23
17 6 14 9
17 6 14 13
17 6 14 21
17 6 14 9
17 7 1 9
17 7 1 15
17 7 1 20
17 7 1 16
17 7 1 7
17 7 1 13
17 7 1 24
17 7 1 13
17 7 1 5
17 7 1 9
17 7 1 22
17 7 1 1
17 7 1 4
17 7 1 12
17 7 1 25
17 7 1 16
17 7 1 10
17 7 1 10
17 7 1 20
17 7 1 14
17 7 2 6
17 7 2 10
17 7 2 24
17 7 2 20
17 7 2 3
17 7 2 10
17 7 2 25
17 7 2 9
17 7 2 3
17 7 2 17
17 7 2 21
17 7 2 7
17 7 2 6
17 7 2 15
17 7 2 22
17 7 2 15
17 7 2 3
17 7 2 10
17 7 2 22
17 7 2 1
17 7 3 4
17 7 3 8
17 7 3 20
17 7 3 6
17 7 3 10
17 7 3 8
17 7 3 20
17 7 3 13
17 7 3 10
17 7 3 12
17 7 3 26
17 7 3 22
17 7 3 4
17 7 3 9
17 7 3 17
17 7 3 19
17 7 3 5
17 7 3 17
17 7 3 25
17 7 3 9
17 7 4 4
17 7 4 12
17 7 4 23
17 7 4 15
17 7 4 2
17 7 4 15
17 7 4 24
17 7 4 10
17 7 4 9
17 7 4 17
17 7 4 25
17 7 4 6
17 7 4 10
17 7 4 13
17 7 4 20
17 7 4 6
17 7 4 10
17 7 4 13
17 7 4 25
17 7 4 12
17 7 5 6
17 7 5 8
17 7 5 24
17 7 5 11
17 7 5 6
17 7 5 13
17 7 5 25
17 7 5 2
17 7 5 4
17 7 5 15
17 7 5 23
17 7 5 19
17 7 5 1
17 7 5 13
17 7 5 21
17 7 5 1
17 7 5 9
17 7 5 15
17 7 5 24
17 7 5 6
17 7 6 3
17 7 6 11
17 7 6 23
17 7 6 11
17 7 6 2
17 7 6 11
17 7 6 18
17 7 6 18
17 7 6 8
17 7 6 14
17 7 6 20
17 7 6 5
17 7 6 10
17 7 6 12
17 7 6 26
17 7 6 9
17 7 6 4
17 7 6 10
17 7 6 21
17 7 6 24
17 7 7 2
17 7 7 15
17 7 7 26
17 7 7 6
17 7 7 2
17 7 7 8
17 7 7 18
17 7 7 8
17 7 7 5
17 7 7 12
17 7 7 26
17 7 7 14
17 7 7 6
17 7 7 16
17 7 7 24
17 7 7 19
17 7 7 5
17 7 7 9
17 7 7 25
17 7 7 26
17 7 8 9
17 7 8 10
17 7 8 24
17 7 8 7
17 7 8 5
17 7 8 12
17 7 8 23
17 7 8 12
17 7 8 6
17 7 8 17
17 7 8 17
17 7 8 26
17 7 8 8
17 7 8 10
17 7 8 18
17 7 8 26
17 7 8 1
17 7 8 8
17 7 8 17
17 7 8 6
17 7 9 6
17 7 9 13
17 7 9 23
17 7 9 22
17 7 9 8
17 7 9 15
17 7 9 25
17 7 9 24
17 7 9 8
17 7 9 16
17 7 9 19
17 7 9 22
17 7 9 3
17 7 9 8
17 7 9 23
17 7 9 16
17 7 9 2
17 7 9 15
17 7 9 20
17 7 9 12
17 7 10 7
17 7 10 17
17 7 10 24
17 7 10 6
17 7 10 8
17 7 10 8
17 7 10 21
17 7 10 7
17 7 10 9
17 7 10 15
17 7 10 21
17 7 10 8
17 7 10 8
17 7 10 9
17 7 10 23
17 7 10 10
17 7 10 10
17 7 10 8
17 7 10 17
17 7 10 9
17 7 11 6
17 7 11 10
17 7 11 26
17 7 11 2
17 7 11 7
17 7 11 14
17 7 11 23
17 7 11 5
17 7 11 9
17 7 11 16
17 7 11 21
17 7 11 24
17 7 11 9
17 7 11 13
17 7 11 23
17 7 11 24
17 7 11 7
17 7 11 8
17 7 11 17
17 7 11 12
17 7 12 2
17 7 12 13
17 7 12 25
17 7 12 26
17 7 12 3
17 7 12 9
17 7 12 21
17 7 12 19
17 7 12 7
17 7 12 11
17 7 12 23
17 7 12 1
17 7 12 7
17 7 12 15
17 7 12 18
17 7 12 18
17 7 12 6
17 7 12 13
17 7 12 17
17 7 12 22
17 7 13 1
17 7 13 15
17 7 13 19
17 7 13 24
17 7 13 7
17 7 13 10
17 7 13 19
17 7 13 12
17 7 13 9
17 7 13 17
17 7 13 22
17 7 13 1
17 7 13 1
17 7 13 16
17 7 13 21
17 7 13 11
17 7 13 1
17 7 13 15
17 7 13 25
17 7 13 22
17 7 14 8
17 7 14 14
17 7 14 26
17 7 14 19
17 7 14 9
17 7 14 12
17 7 14 20
17 7 14 8
17 7 14 5
17 7 14 13
17 7 14 24
17 7 14 12
17 7 14 8
17 7 14 14
17 7 14 21
17 7 14 23
17 7 14 9
17 7 14 16
17 7 14 22
17 7 14 19
17 8 1 1
17 8 1 9
17 8 1 19
17 8 1 18
17 8 1 1
17 8 1 8
17 8 1 18
17 8 1 8
17 8 1 10
17 8 1 17
17 8 1 24
17 8 1 14
17 8 1 2
17 8 1 8
17 8 1 26
17 8 1 13
17 8 1 7
17 8 1 13
17 8 1 20
17 8 1 18
17 8 2 5
17 8 2 16
17 8 2 23
17 8 2 18
17 8 2 8
17 8 2 11
17 8 2 19
17 8 2 20
17 8 2 8
17 8 2 11
17 8 2 20
17 8 2 26
17 8 2 2
17 8 2 9
17 8 2 19
17 8 2 12
17 8 2 3
17 8 2 17
17 8 2 19
17 8 2 4
17 8 3 5
17 8 3 8
17 8 3 18
17 8 3 8
17 8 3 8
17 8 3 13
17 8 3 17
17 8 3 12
17 8 3 5
17 8 3 16
17 8 3 19
17 8 3 18
17 8 3 1
17 8 3 14
17 8 3 24
17 8 3 16
17 8 3 8
17 8 3 13
17 8 3 23
17 8 3 9
17 8 4 1
17 8 4 14
17 8 4 17
17 8 4 12
17 8 4 7
17 8 4 17
17 8 4 20
17 8 4 1
17 8 4 10
17 8 4 14
17 8 4 17
17 8 4 14
17 8 4 7
17 8 4 12
17 8 4 18
17 8 4 6
17 8 4 8
17 8 4 12
17 8 4 25
17 8 4 17
17 8 5 1
17 8 5 11
17 8 5 18
17 8 5 20
17 8 5 1
17 8 5 13
17 8 5 25
17 8 5 9
17 8 5 3
17 8 5 12
17 8 5 23
17 8 5 12
17 8 5 8
17 8 5 10
17 8 5 22
17 8 5 21
17 8 5 8
17 8 5 11
17 8 5 19
17 8 5 4
17 8 6 8
17 8 6 10
17 8 6 21
17 8 6 2
17 8 6 2
17 8 6 14
17 8 6 20
17 8 6 8
17 8 6 1
17 8 6 8
17 8 6 24
17 8 6 20
17 8 6 9
17 8 6 10
17 8 6 20
17 8 6 9
17 8 6 6
17 8 6 11
17 8 6 24
17 8 6 22
17 8 7 2
17 8 7 8
17 8 7 25
17 8 7 19
17 8 7 10
17 8 7 8
17 8 7 26
17 8 7 15
17 8 7 4
17 8 7 12
17 8 7 21
17 8 7 8
17 8 7 8
17 8 7 15
17 8 7 23
17 8 7 14
17 8 7 4
17 8 7 10
17 8 7 17
17 8 7 17
17 8 8 8
17 8 8 12
17 8 8 20
17 8 8 8
17 8 8 10
17 8 8 13
17 8 8 22
17 8 8 6
17 8 8 8
17 8 8 14
17 8 8 26
17 8 8 2
17 8 8 9
17 8 8 11
17 8 8 25
17 8 8 15
17 8 8 8
17 8 8 14
17 8 8 19
17 8 8 3
17 8 9 6
17 8 9 16
17 8 9 23
17 8 9 11
17 8 9 5
17 8 9 16
17 8 9 17
17 8 9 13
17 8 9 4
17 8 9 8
17 8 9 18
17 8 9 14
17 8 9 10
17 8 9 15
17 8 9 23
17 8 9 11
17 8 9 8
17 8 9 17
17 8 9 17
17 8 9 20
17 8 10 10
17 8 10 11
17 8 10 17
17 8 10 5
17 8 10 1
17 8 10 9
17 8 10 18
17 8 10 26
17 8 10 3
17 8 10 12
17 8 10 25
17 8 10 16
17 8 10 3
17 8 10 9
17 8 10 17
17 8 10 9
17 8 10 8
17 8 10 9
17 8 10 26
17 8 10 19
17 8 11 9
17 8 11 12
17 8 11 17
17 8 11 16
17 8 11 2
17 8 11 16
17 8 11 24
17 8 11 16
17 8 11 7
17 8 11 16
17 8 11 25
17 8 11 19
17 8 11 2
17 8 11 17
17 8 11 23
17 8 11 15
17 8 11 8
17 8 11 17
17 8 11 24
17 8 11 21
17 8 12 10
17 8 12 10
17 8 12 21
17 8 12 1
17 8 12 4
17 8 12 12
17 8 12 24
17 8 12 23
17 8 12 2
17 8 12 16
17 8 12 20
17 8 12 22
17 8 12 5
17 8 12 17
17 8 12 25
17 8 12 5
17 8 12 7
17 8 12 11
17 8 12 22
17 8 12 19
17 8 13 6
17 8 13 8
17 8 13 24
17 8 13 23
17 8 13 4
17 8 13 9
17 8 13 25
17 8 13 12
17 8 13 3
17 8 13 11
17 8 13 21
17 8 13 23
17 8 13 8
17 8 13 14
17 8 13 25
17 8 13 8
17 8 13 1
17 8 13 11
17 8 13 20
17 8 13 24
17 8 14 10
17 8 14 14
17 8 14 18
17 8 14 24
17 8 14 3
17 8 14 8
17 8 14 17
17 8 14 4
17 8 14 8
17 8 14 11
17 8 14 26
17 8 14 15
17 8 14 3
17 8 14 9
17 8 14 23
17 8 14 26
17 8 14 6
17 8 14 9
17 8 14 26
17 8 14 8
17 9 1 2
17 9 1 17
17 9 1 20
17 9 1 21
17 9 1 6
17 9 1 10
17 9 1 25
17 9 1 5
17 9 1 3
17 9 1 13
17 9 1 17
17 9 1 23
17 9 1 4
17 9 1 11
17 9 1 18
17 9 1 4
17 9 1 2
17 9 1 14
17 9 1 18
17 9 1 24
17 9 2 3
17 9 2 11
17 9 2 23
17 9 2 15
17 9 2 7
17 9 2 17
17 9 2 18
17 9 2 4
17 9 2 8
17 9 2 16
17 9 2 21
17 9 2 23
17 9 2 6
17 9 2 12
17 9 2 20
17 9 2 9
17 9 2 9
17 9 2 16
17 9 2 24
17 9 2 8
17 9 3 9
17 9 3 12
17 9 3 20
17 9 3 3
17 9 3 7
17 9 3 17
17 9 3 25
17 9 3 14
17 9 3 8
17 9 3 16
17 9 3 17
17 9 3 3
17 9 3 2
17 9 3 15
17 9 3 20
17 9 3 16
17 9 3 6
17 9 3 16
17 9 3 21
17 9 3 4
17 9 4 7
17 9 4 15
17 9 4 23
17 9 4 26
17 9 4 7
17 9 4 10
17 9 4 24
17 9 4 14
17 9 4 7
17 9 4 8
17 9 4 25
17 9 4 5
17 9 4 1
17 9 4 11
17 9 4 18
17 9 4 13
17 9 4 5
17 9 4 17
17 9 4 20
17 9 4 3
17 9 5 6
17 9 5 15
17 9 5 23
17 9 5 6
17 9 5 4
17 9 5 9
17 9 5 22
17 9 5 15
17 9 5 8
17 9 5 12
17 9 5 21
17 9 5 11
17 9 5 6
17 9 5 10
17 9 5 24
17 9 5 16
17 9 5 3
17 9 5 17
17 9 5 17
17 9 5 11
17 9 6 5
17 9 6 14
17 9 6 21
17 9 6 21
17 9 6 8
17 9 6 9
17 9 6 23
17 9 6 23
17 9 6 3
17 9 6 12
17 9 6 17
17 9 6 6
17 9 6 5
17 9 6 17
17 9 6 25
17 9 6 3
17 9 6 10
17 9 6 16
17 9 6 23
17 9 6 4
17 9 7 3
17 9 7 13
17 9 7 25
17 9 7 18
17 9 7 10
17 9 7 17
17 9 7 24
17 9 7 14
17 9 7 5
17 9 7 12
17 9 7 26
17 9 7 15
17 9 7 4
17 9 7 17
17 9 7 23
17 9 7 23
17 9 7 5
17 9 7 9
17 9 7 25
17 9 7 3
17 9 8 5
17 9 8 16
17 9 8 18
17 9 8 24
17 9 8 1
17 9 8 10
17 9 8 25
17 9 8 21
17 9 8 2
17 9 8 11
17 9 8 26
17 9 8 1
17 9 8 9
17 9 8 12
17 9 8 25
17 9 8 10
17 9 8 10
17 9 8 17
17 9 8 19
17 9 8 18
17 9 9 4
17 9 9 10
17 9 9 21
17 9 9 23
17 9 9 10
17 9 9 11
17 9 9 23
17 9 9 9
17 9 9 8
17 9 9 17
17 9 9 21
17 9 9 4
17 9 9 3
17 9 9 8
17 9 9 26
17 9 9 19
17 9 9 5
17 9 9 13
17 9 9 18
17 9 9 16
17 9 10 10
17 9 10 11
17 9 10 23
17 9 10 2
17 9 10 1
17 9 10 15
17 9 10 18
17 9 10 22
17 9 10 8
17 9 10 12
17 9 10 26
17 9 10 5
17 9 10 8
17 9 10 16
17 9 10 23
17 9 10 14
17 9 10 7
17 9 10 16
17 9 10 19
17 9 10 2
17 9 11 6
17 9 11 10
17 9 11 25
17 9 11 8
17 9 11 10
17 9 11 11
17 9 11 22
17 9 11 20
17 9 11 8
17 9 11 16
17 9 11 25
17 9 11 22
17 9 11 4
17 9 11 14
17 9 11 19
17 9 11 7
17 9 11 8
17 9 11 9
17 9 11 25
17 9 11 24
17 9 12 6
17 9 12 9
17 9 12 25
17 9 12 23
17 9 12 3
17 9 12 10
17 9 12 25
17 9 12 2
17 9 12 10
17 9 12 15
17 9 12 24
17 9 12 18
17 9 12 3
17 9 12 10
17 9 12 20
17 9 12 12
17 9 12 1
17 9 12 14
17 9 12 22
17 9 12 14
17 9 13 2
17 9 13 14
17 9 13 20
17 9 13 25
17 9 13 7
17 9 13 17
17 9 13 17
17 9 13 18
17 9 13 9
17 9 13 14
17 9 13 21
17 9 13 18
17 9 13 4
17 9 13 17
17 9 13 25
17 9 13 20
17 9 13 4
17 9 13 15
17 9 13 18
17 9 13 17
17 9 14 3
17 9 14 14
17 9 14 26
17 9 14 15
17 9 14 9
17 9 14 15
17 9 14 18
17 9 14 20
17 9 14 2
17 9 14 13
17 9 14 17
17 9 14 14
17 9 14 6
17 9 14 9
17 9 14 21
17 9 14 4
17 9 14 4
17 9 14 14
17 9 14 17
17 9 14 18
17 10 1 3
17 10 1 12
17 10 1 23
17 10 1 26
17 10 1 1
17 10 1 9
17 10 1 22
17 10 1 1
17 10 1 9
17 10 1 8
17 10 1 20
17 10 1 7
17 10 1 5
17 10 1 10
17 10 1 19
17 10 1 16
17 10 1 1
17 10 1 16
17 10 1 26
17 10 1 17
17 10 2 7
17 10 2 16
17 10 2 23
17 10 2 20
17 10 2 7
17 10 2 9
17 10 2 19
17 10 2 16
17 10 2 4
17 10 2 13
17 10 2 22
17 10 2 15
17 10 2 2
17 10 2 11
17 10 2 24
17 10 2 16
17 10 2 8
17 10 2 14
17 10 2 24
17 10 2 22
17 10 3 3
17 10 3 8
17 10 3 17
17 10 3 1
17 10 3 1
17 10 3 8
17 10 3 22
17 10 3 19
17 10 3 4
17 10 3 15
17 10 3 17
17 10 3 18
17 10 3 10
17 10 3 10
17 10 3 19
17 10 3 7
17 10 3 2
17 10 3 9
17 10 3 26
17 10 3 25
17 10 4 4
17 10 4 15
17 10 4 19
17 10 4 8
17 10 4 10
17 10 4 8
17 10 4 24
17 10 4 11
17 10 4 8
17 10 4 15
17 10 4 19
17 10 4 15
17 10 4 10
17 10 4 14
17 10 4 17
17 10 4 4
17 10 4 3
17 10 4 14
17 10 4 23
17 10 4 8
17 10 5 10
17 10 5 9
17 10 5 19
17 10 5 7
17 10 5 1
17 10 5 8
17 10 5 22
17 10 5 21
17 10 5 2
17 10 5 12
17 10 5 25
17 10 5 17
17 10 5 1
17 10 5 15
17 10 5 22
17 10 5 15
17 10 5 4
17 10 5 12
17 10 5 26
17 10 5 11
17 10 6 4
17 10 6 13
17 10 6 25
17 10 6 26
17 10 6 6
17 10 6 11
17 10 6 21
17 10 6 7
17 10 6 5
17 10 6 17
17 10 6 22
17 10 6 19
17 10 6 9
17 10 6 11
17 10 6 21
17 10 6 13
17 10 6 9
17 10 6 12
17 10 6 18
17 10 6 10
17 10 7 10
17 10 7 13
17 10 7 24
17 10 7 25
17 10 7 6
17 10 7 14
17 10 7 22
17 10 7 3
17 10 7 2
17 10 7 15
17 10 7 25
17 10 7 10
17 10 7 6
17 10 7 13
17 10 7 19
17 10 7 2
17 10 7 9
17 10 7 11
17 10 7 17
17 10 7 17
17 10 8 2
17 10 8 13
17 10 8 17
17 10 8 25
17 10 8 4
17 10 8 9
17 10 8 23
17 10 8 11
17 10 8 7
17 10 8 15
17 10 8 17
17 10 8 8
17 10 8 9
17 10 8 11
17 10 8 19
17 10 8 19
17 10 8 8
17 10 8 10
17 10 8 25
17 10 8 25
17 10 9 4
17 10 9 13
17 10 9 23
17 10 9 3
17 10 9 2
17 10 9 14
17 10 9 20
17 10 9 3
17 10 9 3
17 10 9 15
17 10 9 24
17 10 9 24
17 10 9 8
17 10 9 10
17 10 9 22
17 10 9 26
17 10 9 6
17 10 9 16
17 10 9 21
17 10 9 2
17 10 10 2
17 10 10 10
17 10 10 19
17 10 10 25
17 10 10 8
17 10 10 16
17 10 10 21
17 10 10 5
17 10 10 8
17 10 10 10
17 10 10 26
17 10 10 14
17 10 10 5
17 10 10 10
17 10 10 20
17 10 10 6
17 10 10 4
17 10 10 16
17 10 10 17
17 10 10 12
17 10 11 2
17 10 11 14
17 10 11 24
17 10 11 18
17 10 11 9
17 10 11 12
17 10 11 22
17 10 11 23
17 10 11 7
17 10 11 10
17 10 11 20
17 10 11 14
17 10 11 9
17 10 11 9
17 10 11 25
17 10 11 20
17 10 11 7
17 10 11 16
17 10 11 19
17 10 11 13
17 10 12 9
17 10 12 13
17 10 12 18
17 10 12 13
17 10 12 1
17 10 12 14
17 10 12 20
17 10 12 3
17 10 12 2
17 10 12 8
17 10 12 20
17 10 12 10
17 10 12 5
17 10 12 15
17 10 12 20
17 10 12 3
17 10 12 2
17 10 12 12
17 10 12 26
17 10 12 9
17 10 13 4
17 10 13 17
17 10 13 24
17 10 13 21
17 10 13 4
17 10 13 13
17 10 13 17
17 10 13 20
17 10 13 6
17 10 13 16
17 10 13 24
17 10 13 22
17 10 13 7
17 10 13 17
17 10 13 17
17 10 13 8
17 10 13 5
17 10 13 15
17 10 13 26
17 10 13 23
17 10 14 6
17 10 14 17
17 10 14 23
17 10 14 10
17 10 14 1
17 10 14 12
17 10 14 18
17 10 14 20
17 10 14 3
17 10 14 10
17 10 14 25
17 10 14 4
17 10 14 6
17 10 14 16
17 10 14 23
17 10 14 8
17 10 14 6
17 10 14 12
17 10 14 25
17 10 14 17
17 11 1 6
17 11 1 13
17 11 1 19
17 11 1 23
17 11 1 10
17 11 1 8
17 11 1 18
17 11 1 13
17 11 1 8
17 11 1 14
17 11 1 19
17 11 1 5
17 11 1 4
17 11 1 9
17 11 1 20
17 11 1 14
17 11 1 2
17 11 1 17
17 11 1 24
17 11 1 26
17 11 2 8
17 11 2 8
17 11 2 17
17 11 2 12
17 11 2 1
17 11 2 9
17 11 2 22
17 11 2 6
17 11 2 4
17 11 2 16
17 11 2 18
17 11 2 23
17 11 2 2
17 11 2 16
17 11 2 26
17 11 2 6
17 11 2 6
17 11 2 17
17 11 2 19
17 11 2 5
17 11 3 8
17 11 3 11
17 11 3 19
17 11 3 14
17 11 3 3
17 11 3 9
17 11 3 21
17 11 3 2
17 11 3 4
17 11 3 14
17 11 3 24
17 11 3 9
17 11 3 6
17 11 3 13
17 11 3 24
17 11 3 19
17 11 3 2
17 11 3 17
17 11 3 23
17 11 3 6
17 11 4 9
17 11 4 11
17 11 4 25
17 11 4 1
17 11 4 9
17 11 4 11
17 11 4 21
17 11 4 25
17 11 4 4
17 11 4 12
17 11 4 25
17 11 4 25
17 11 4 10
17 11 4 14
17 11 4 19
17 11 4 13
17 11 4 10
17 11 4 8
17 11 4 17
17 11 4 20
17 11 5 8
17 11 5 15
17 11 5 18
17 11 5 21
17 11 5 10
17 11 5 8
17 11 5 21
17 11 5 24
17 11 5 10
17 11 5 12
17 11 5 26
17 11 5 6
17 11 5 8
17 11 5 12
17 11 5 26
17 11 5 10
17 11 5 2
17 11 5 15
17 11 5 24
17 11 5 13
17 11 6 8
17 11 6 14
17 11 6 19
17 11 6 11
17 11 6 2
17 11 6 15
17 11 6 26
17 11 6 6
17 11 6 3
17 11 6 11
17 11 6 22
17 11 6 8
17 11 6 6
17 11 6 17
17 11 6 23
17 11 6 2
17 11 6 9
17 11 6 11
17 11 6 22
17 11 6 2
17 11 7 5
17 11 7 8
17 11 7 19
17 11 7 16
17 11 7 9
17 11 7 10
17 11 7 19
17 11 7 8
17 11 7 9
17 11 7 8
17 11 7 18
17 11 7 4
17 11 7 5
17 11 7 12
17 11 7 23
17 11 7 24
17 11 7 7
17 11 7 14
17 11 7 17
17 11 7 6
17 11 8 3
17 11 8 11
17 11 8 17
17 11 8 23
17 11 8 4
17 11 8 16
17 11 8 21
17 11 8 5
17 11 8 5
17 11 8 9
17 11 8 26
17 11 8 20
17 11 8 10
17 11 8 13
17 11 8 22
17 11 8 10
17 11 8 2
17 11 8 8
17 11 8 20
17 11 8 5
17 11 9 6
17 11 9 11
17 11 9 20
17 11 9 1
17 11 9 5
17 11 9 10
17 11 9 24
17 11 9 1
17 11 9 5
17 11 9 8
17 11 9 19
17 11 9 3
17 11 9 7
17 11 9 11
17 11 9 22
17 11 9 9
17 11 9 3
17 11 9 11
17 11 9 20
17 11 9 1
17 11 10 10
17 11 10 10
17 11 10 19
17 11 10 7
17 11 10 5
17 11 10 14
17 11 10 17
17 11 10 2
17 11 10 10
17 11 10 14
17 11 10 21
17 11 10 1
17 11 10 8
17 11 10 16
17 11 10 22
17 11 10 19
17 11 10 5
17 11 10 16
17 11 10 25
17 11 10 22
17 11 11 2
17 11 11 10
17 11 11 22
17 11 11 18
17 11 11 5
17 11 11 16
17 11 11 23
17 11 11 11
17 11 11 2
17 11 11 15
17 11 11 18
17 11 11 25
17 11 11 7
17 11 11 13
17 11 11 21
17 11 11 13
17 11 11 8
17 11 11 8
17 11 11 17
17 11 11 9
17 11 12 4
17 11 12 10
17 11 12 18
17 11 12 6
17 11 12 3
17 11 12 11
17 11 12 26
17 11 12 2
17 11 12 2
17 11 12 12
17 11 12 21
17 11 12 8
17 11 12 1
17 11 12 13
17 11 12 17
17 11 12 11
17 11 12 1
17 11 12 17
17 11 12 17
17 11 12 2
17 11 13 3
17 11 13 16
17 11 13 25
17 11 13 5
17 11 13 2
17 11 13 8
17 11 13 21
17 11 13 2
17 11 13 10
17 11 13 12
17 11 13 23
17 11 13 22
17 11 13 2
17 11 13 13
17 11 13 19
17 11 13 11
17 11 13 1
17 11 13 10
17 11 13 25
17 11 13 4
17 11 14 4
17 11 14 14
17 11 14 19
17 11 14 21
17 11 14 3
17 11 14 14
17 11 14 18
17 11 14 18
17 11 14 10
17 11 14 9
17 11 14 18
17 11 14 15
17 11 14 4
17 11 14 8
17 11 14 25
17 11 14 21
17 11 14 9
17 11 14 16
17 11 14 25
17 11 14 2
17 12 1 10
17 12 1 16
17 12 1 17
17 12 1 23
17 12 1 9
17 12 1 14
17 12 1 20
17 12 1 9
17 12 1 9
17 12 1 8
17 12 1 18
17 12 1 10
17 12 1 10
17 12 1 16
17 12 1 21
17 12 1 24
17 12 1 3
17 12 1 12
17 12 1 23
17 12 1 26
17 12 2 8
17 12 2 17
17 12 2 20
17 12 2 8
17 12 2 5
17 12 2 9
17 12 2 25
17 12 2 16
17 12 2 5
17 12 2 13
17 12 2 22
17 12 2 8
17 12 2 2
17 12 2 8
17 12 2 22
17 12 2 5
17 12 2 2
17 12 2 11
17 12 2 19
17 12 2 3
17 12 3 10
17 12 3 10
17 12 3 26
17 12 3 7
17 12 3 6
17 12 3 15
17 12 3 25
17 12 3 19
17 12 3 5
17 12 3 8
17 12 3 19
17 12 3 11
17 12 3 4
17 12 3 17
17 12 3 20
17 12 3 26
17 12 3 5
17 12 3 11
17 12 3 22
17 12 3 24
17 12 4 9
17 12 4 9
17 12 4 25
17 12 4 3
17 12 4 6
17 12 4 10
17 12 4 23
17 12 4 9
17 12 4 1
17 12 4 11
17 12 4 20
17 12 4 3
17 12 4 10
17 12 4 10
17 12 4 22
17 12 4 17
17 12 4 6
17 12 4 11
17 12 4 23
17 12 4 8
17 12 5 1
17 12 5 11
17 12 5 23
17 12 5 25
17 12 5 2
17 12 5 16
17 12 5 19
17 12 5 10
17 12 5 6
17 12 5 14
17 12 5 19
17 12 5 13
17 12 5 2
17 12 5 16
17 12 5 18
17 12 5 26
17 12 5 2
17 12 5 11
17 12 5 24
17 12 5 16
17 12 6 9
17 12 6 10
17 12 6 26
17 12 6 4
17 12 6 3
17 12 6 14
17 12 6 20
17 12 6 12
17 12 6 7
17 12 6 16
17 12 6 22
17 12 6 19
17 12 6 2
17 12 6 8
17 12 6 19
17 12 6 23
17 12 6 9
17 12 6 12
17 12 6 26
17 12 6 10
17 12 7 6
17 12 7 12
17 12 7 25
17 12 7 17
17 12 7 7
17 12 7 12
17 12 7 23
17 12 7 22
17 12 7 8
17 12 7 15
17 12 7 25
17 12 7 19
17 12 7 7
17 12 7 16
17 12 7 24
17 12 7 18
17 12 7 10
17 12 7 9
17 12 7 18
17 12 7 2
17 12 8 9
17 12 8 9
17 12 8 25
17 12 8 9
17 12 8 8
17 12 8 10
17 12 8 21
17 12 8 7
17 12 8 8
17 12 8 10
17 12 8 25
17 12 8 14
17 12 8 4
17 12 8 10
17 12 8 26
17 12 8 4
17 12 8 1
17 12 8 15
17 12 8 19
17 12 8 12
17 12 9 4
17 12 9 14
17 12 9 23
17 12 9 2
17 12 9 3
17 12 9 15
17 12 9 21
17 12 9 24
17 12 9 8
17 12 9 11
17 12 9 23
17 12 9 5
17 12 9 1
17 12 9 16
17 12 9 24
17 12 9 10
17 12 9 6
17 12 9 10
17 12 9 26
17 12 9 9
17 12 10 6
17 12 10 15
17 12 10 22
17 12 10 25
17 12 10 8
17 12 10 12
17 12 10 24
17 12 10 13
17 12 10 3
17 12 10 9
17 12 10 24
17 12 10 16
17 12 10 2
17 12 10 16
17 12 10 24
17 12 10 6
17 12 10 1
17 12 10 11
17 12 10 22
17 12 10 8
17 12 11 7
17 12 11 17
17 12 11 26
17 12 11 12
17 12 11 10
17 12 11 12
17 12 11 21
17 12 11 12
17 12 11 10
17 12 11 8
17 12 11 21
17 12 11 15
17 12 11 7
17 12 11 8
17 12 11 17
17 12 11 4
17 12 11 4
17 12 11 16
17 12 11 23
17 12 11 14
17 12 12 9
17 12 12 15
17 12 12 24
17 12 12 8
17 12 12 4
17 12 12 17
17 12 12 23
17 12 12 17
17 12 12 9
17 12 12 8
17 12 12 26
17 12 12 5
17 12 12 8
17 12 12 8
17 12 12 18
17 12 12 5
17 12 12 1
17 12 12 16
17 12 12 18
17 12 12 20
17 12 13 5
17 12 13 14
17 12 13 19
17 12 13 25
17 12 13 5
17 12 13 10
17 12 13 21
17 12 13 15
17 12 13 7
17 12 13 13
17 12 13 21
17 12 13 17
17 12 13 3
17 12 13 12
17 12 13 17
17 12 13 8
17 12 13 9
17 12 13 11
17 12 13 25
17 12 13 2
17 12 14 10
17 12 14 17
17 12 14 25
17 12 14 15
17 12 14 2
17 12 14 8
17 12 14 20
17 12 14 9
17 12 14 3
17 12 14 15
17 12 14 25
17 12 14 11
17 12 14 10
17 12 14 8
17 12 14 23
17 12 14 18
17 12 14 2
17 12 14 13
17 12 14 23
17 12 14 24
17 13 1 7
17 13 1 11
17 13 1 26
17 13 1 21
17 13 1 6
17 13 1 17
17 13 1 25
17 13 1 24
17 13 1 2
17 13 1 10
17 13 1 25
17 13 1 7
17 13 1 2
17 13 1 10
17 13 1 18
17 13 1 24
17 13 1 6
17 13 1 14
17 13 1 18
17 13 1 12
17 13 2 5
17 13 2 12
17 13 2 22
17 13 2 18
17 13 2 10
17 13 2 9
17 13 2 18
17 13 2 25
17 13 2 4
17 13 2 9
17 13 2 19
17 13 2 10
17 13 2 5
17 13 2 10
17 13 2 24
17 13 2 13
17 13 2 4
17 13 2 11
17 13 2 22
17 13 2 24
17 13 3 6
17 13 3 14
17 13 3 20
17 13 3 12
17 13 3 8
17 13 3 8
17 13 3 19
17 13 3 11
17 13 3 1
17 13 3 13
17 13 3 18
17 13 3 12
17 13 3 4
17 13 3 14
17 13 3 25
17 13 3 19
17 13 3 4
17 13 3 12
17 13 3 21
17 13 3 7
17 13 4 7
17 13 4 8
17 13 4 19
17 13 4 26
17 13 4 7
17 13 4 16
17 13 4 22
17 13 4 23
17 13 4 3
17 13 4 17
17 13 4 20
17 13 4 18
17 13 4 1
17 13 4 16
17 13 4 19
17 13 4 15
17 13 4 9
17 13 4 8
17 13 4 17
17 13 4 6
17 13 5 4
17 13 5 13
17 13 5 25
17 13 5 25
17 13 5 2
17 13 5 13
17 13 5 25
17 13 5 7
17 13 5 2
17 13 5 17
17 13 5 20
17 13 5 5
17 13 5 10
17 13 5 14
17 13 5 21
17 13 5 17
17 13 5 9
17 13 5 8
17 13 5 17
17 13 5 6
17 13 6 8
17 13 6 11
17 13 6 19
17 13 6 7
17 13 6 8
17 13 6 9
17 13 6 25
17 13 6 7
17 13 6 4
17 13 6 11
17 13 6 24
17 13 6 22
17 13 6 3
17 13 6 17
17 13 6 17
17 13 6 10
17 13 6 5
17 13 6 15
17 13 6 17
17 13 6 1
17 13 7 3
17 13 7 15
17 13 7 18
17 13 7 23
17 13 7 1
17 13 7 8
17 13 7 22
17 13 7 17
17 13 7 9
17 13 7 8
17 13 7 20
17 13 7 14
17 13 7 3
17 13 7 8
17 13 7 24
17 13 7 11
17 13 7 9
17 13 7 13
17 13 7 17
17 13 7 17
17 13 8 7
17 13 8 14
17 13 8 19
17 13 8 1
17 13 8 4
17 13 8 14
17 13 8 17
17 13 8 10
17 13 8 2
17 13 8 13
17 13 8 23
17 13 8 20
17 13 8 6
17 13 8 14
17 13 8 24
17 13 8 25
17 13 8 2
17 13 8 11
17 13 8 18
17 13 8 24
17 13 9 1
17 13 9 9
17 13 9 26
17 13 9 20
17 13 9 3
17 13 9 14
17 13 9 20
17 13 9 16
17 13 9 8
17 13 9 9
17 13 9 23
17 13 9 9
17 13 9 4
17 13 9 14
17 13 9 21
17 13 9 21
17 13 9 5
17 13 9 12
17 13 9 24
17 13 9 11
17 13 10 1
17 13 10 12
17 13 10 18
17 13 10 14
17 13 10 3
17 13 10 15
17 13 10 25
17 13 10 10
17 13 10 7
17 13 10 13
17 13 10 22
17 13 10 5
17 13 10 4
17 13 10 11
17 13 10 25
17 13 10 6
17 13 10 6
17 13 10 10
17 13 10 25
17 13 10 21
17 13 11 10
17 13 11 9
17 13 11 23
17 13 11 23
17 13 11 2
17 13 11 10
17 13 11 19
17 13 11 2
17 13 11 7
17 13 11 12
17 13 11 23
17 13 11 23
17 13 11 9
17 13 11 8
17 13 11 20
17 13 11 14
17 13 11 7
17 13 11 9
17 13 11 26
17 13 11 23
17 13 12 9
17 13 12 8
17 13 12 18
17 13 12 1
17 13 12 8
17 13 12 10
17 13 12 25
17 13 12 24
17 13 12 1
17 13 12 8
17 13 12 18
17 13 12 5
17 13 12 7
17 13 12 17
17 13 12 22
17 13 12 19
17 13 12 2
17 13 12 12
17 13 12 18
17 13 12 6
17 13 13 8
17 13 13 8
17 13 13 18
17 13 13 11
17 13 13 10
17 13 13 17
17 13 13 17
17 13 13 14
17 13 13 8
17 13 13 15
17 13 13 25
17 13 13 2
17 13 13 1
17 13 13 16
17 13 13 26
17 13 13 13
17 13 13 8
17 13 13 15
17 13 13 20
17 13 13 20
17 13 14 2
17 13 14 8
17 13 14 17
17 13 14 5
17 13 14 3
17 13 14 10
17 13 14 17
17 13 14 2
17 13 14 7
17 13 14 10
17 13 14 24
17 13 14 23
17 13 14 3
17 13 14 8
17 13 14 21
17 13 14 2
17 13 14 1
17 13 14 17
17 13 14 21
17 13 14 24
17 14 1 7
17 14 1 12
17 14 1 23
17 14 1 18
17 14 1 3
17 14 1 12
17 14 1 22
17 14 1 25
17 14 1 3
17 14 1 13
17 14 1 25
17 14 1 20
17 14 1 3
17 14 1 9
17 14 1 18
17 14 1 11
17 14 1 6
17 14 1 12
17 14 1 22
17 14 1 2
17 14 2 8
17 14 2 10
17 14 2 24
17 14 2 10
17 14 2 5
17 14 2 13
17 14 2 24
17 14 2 6
17 14 2 10
17 14 2 10
17 14 2 22
17 14 2 14
17 14 2 2
17 14 2 15
17 14 2 22
17 14 2 1
17 14 2 3
17 14 2 9
17 14 2 25
17 14 2 22
17 14 3 1
17 14 3 10
17 14 3 24
17 14 3 12
17 14 3 2
17 14 3 8
17 14 3 23
17 14 3 1
17 14 3 6
17 14 3 13
17 14 3 22
17 14 3 7
17 14 3 3
17 14 3 12
17 14 3 20
17 14 3 6
17 14 3 5
17 14 3 15
17 14 3 21
17 14 3 17
17 14 4 6
17 14 4 9
17 14 4 20
17 14 4 24
17 14 4 10
17 14 4 13
17 14 4 26
17 14 4 4
17 14 4 6
17 14 4 11
17 14 4 22
17 14 4 4
17 14 4 8
17 14 4 13
17 14 4 17
17 14 4 23
17 14 4 9
17 14 4 14
17 14 4 18
17 14 4 23
17 14 5 7
17 14 5 17
17 14 5 18
17 14 5 21
17 14 5 6
17 14 5 13
17 14 5 18
17 14 5 25
17 14 5 7
17 14 5 13
17 14 5 21
17 14 5 9
17 14 5 7
17 14 5 15
17 14 5 23
17 14 5 10
17 14 5 8
17 14 5 17
17 14 5 25
17 14 5 11
17 14 6 8
17 14 6 9
17 14 6 19
17 14 6 16
17 14 6 9
17 14 6 16
17 14 6 25
17 14 6 13
17 14 6 5
17 14 6 10
17 14 6 21
17 14 6 22
17 14 6 4
17 14 6 15
17 14 6 23
17 14 6 23
17 14 6 1
17 14 6 15
17 14 6 23
17 14 6 1
17 14 7 5
17 14 7 17
17 14 7 26
17 14 7 2
17 14 7 9
17 14 7 13
17 14 7 19
17 14 7 12
17 14 7 9
17 14 7 14
17 14 7 17
17 14 7 7
17 14 7 9
17 14 7 9
17 14 7 20
17 14 7 26
17 14 7 7
17 14 7 12
17 14 7 17
17 14 7 20
17 14 8 5
17 14 8 17
17 14 8 23
17 14 8 10
17 14 8 4
17 14 8 8
17 14 8 19
17 14 8 11
17 14 8 7
17 14 8 12
17 14 8 22
17 14 8 4
17 14 8 1
17 14 8 9
17 14 8 25
17 14 8 22
17 14 8 8
17 14 8 16
17 14 8 24
17 14 8 24
17 14 9 3
17 14 9 11
17 14 9 18
17 14 9 20
17 14 9 7
17 14 9 11
17 14 9 23
17 14 9 15
17 14 9 4
17 14 9 8
17 14 9 18
17 14 9 17
17 14 9 6
17 14 9 16
17 14 9 26
17 14 9 16
17 14 9 5
17 14 9 14
17 14 9 26
17 14 9 8
17 14 10 1
17 14 10 17
17 14 10 22
17 14 10 8
17 14 10 10
17 14 10 12
17 14 10 25
17 14 10 2
17 14 10 10
17 14 10 9
17 14 10 17
17 14 10 19
17 14 10 3
17 14 10 13
17 14 10 21
17 14 10 1
17 14 10 3
17 14 10 9
17 14 10 22
17 14 10 14
17 14 11 10
17 14 11 13
17 14 11 21
17 14 11 16
17 14 11 9
17 14 11 8
17 14 11 17
17 14 11 18
17 14 11 6
17 14 11 16
17 14 11 18
17 14 11 23
17 14 11 6
17 14 11 13
17 14 11 18
17 14 11 2
17 14 11 7
17 14 11 11
17 14 11 25
17 14 11 11
17 14 12 3
17 14 12 9
17 14 12 18
17 14 12 20
17 14 12 4
17 14 12 14
17 14 12 23
17 14 12 2
17 14 12 8
17 14 12 8
17 14 12 17
17 14 12 21
17 14 12 2
17 14 12 12
17 14 12 20
17 14 12 21
17 14 12 9
17 14 12 12
17 14 12 20
17 14 12 25
17 14 13 6
17 14 13 16
17 14 13 25
17 14 13 9
17 14 13 9
17 14 13 13
17 14 13 19
17 14 13 12
17 14 13 5
17 14 13 14
17 14 13 25
17 14 13 17
17 14 13 9
17 14 13 9
17 14 13 20
17 14 13 14
17 14 13 4
17 14 13 15
17 14 13 20
17 14 13 24
17 14 14 8
17 14 14 8
17 14 14 25
17 14 14 9
17 14 14 7
17 14 14 10
17 14 14 23
17 14 14 26
17 14 14 1
17 14 14 12
17 14 14 24
17 14 14 24
17 14 14 1
17 14 14 9
17 14 14 18
17 14 14 21
17 14 14 6
17 14 14 15
17 14 14 19
17 14 14 16
19 1 1 10
19 1 1 12
19 1 1 21
19 1 1 14
19 1 1 5
19 1 1 19
19 1 1 22
19 1 1 19
19 1 1 4
19 1 1 12
19 1 1 20
19 1 1 3
19 1 1 5
19 1 1 9
19 1 1 28
19 1 1 18
19 1 1 1
19 1 1 15
19 1 1 21
19 1 1 23
19 1 2 1
19 1 2 16
19 1 2 24
19 1 2 28
19 1 2 4
19 1 2 9
19 1 2 23
19 1 2 1
19 1 2 10
19 1 2 12
19 1 2 26
19 1 2 3
19 1 2 4
19 1 2 12
19 1 2 28
19 1 2 18
19 1 2 2
19 1 2 17
19 1 2 26
19 1 2 15
19 1 3 5
19 1 3 16
19 1 3 20
19 1 3 28
19 1 3 4
19 1 3 10
19 1 3 25
19 1 3 25
19 1 3 6
19 1 3 12
19 1 3 21
19 1 3 1
19 1 3 2
19 1 3 11
19 1 3 28
19 1 3 20
19 1 3 1
19 1 3 13
19 1 3 27
19 1 3 5
19 1 4 3
19 1 4 17
19 1 4 24
19 1 4 13
19 1 4 8
19 1 4 11
19 1 4 26
19 1 4 12
19 1 4 5
19 1 4 13
19 1 4 23
19 1 4 12
19 1 4 4
19 1 4 14
19 1 4 26
19 1 4 27
19 1 4 5
19 1 4 10
19 1 4 23
19 1 4 10
19 1 5 5
19 1 5 10
19 1 5 26
19 1 5 11
19 1 5 6
19 1 5 16
19 1 5 23
19 1 5 3
19 1 5 8
19 1 5 12
19 1 5 21
19 1 5 3
19 1 5 2
19 1 5 11
19 1 5 28
19 1 5 7
19 1 5 2
19 1 5 9
19 1 5 20
19 1 5 28
19 1 6 6
19 1 6 9
19 1 6 24
19 1 6 19
19 1 6 3
19 1 6 13
19 1 6 27
19 1 6 27
19 1 6 9
19 1 6 16
19 1 6 28
19 1 6 27
19 1 6 9
19 1 6 14
19 1 6 25
19 1 6 15
19 1 6 1
19 1 6 15
19 1 6 24
19 1 6 18
19 1 7 8
19 1 7 15
19 1 7 27
19 1 7 26
19 1 7 1
19 1 7 13
19 1 7 20
19 1 7 16
19 1 7 2
19 1 7 14
19 1 7 24
19 1 7 9
19 1 7 10
19 1 7 12
19 1 7 22
19 1 7 10
19 1 7 6
19 1 7 11
19 1 7 26
19 1 7 17
19 1 8 6
19 1 8 10
19 1 8 20
19 1 8 17
19 1 8 4
19 1 8 17
19 1 8 19
19 1 8 19
19 1 8 10
19 1 8 15
19 1 8 26
19 1 8 26
19 1 8 10
19 1 8 16
19 1 8 24
19 1 8 24
19 1 8 4
19 1 8 13
19 1 8 25
19 1 8 22
19 1 9 7
19 1 9 19
19 1 9 25
19 1 9 28
19 1 9 5
19 1 9 18
19 1 9 24
19 1 9 5
19 1 9 6
19 1 9 19
19 1 9 19
19 1 9 26
19 1 9 5
19 1 9 14
19 1 9 19
19 1 9 5
19 1 9 1
19 1 9 14
19 1 9 25
19 1 9 22
19 1 10 4
19 1 10 15
19 1 10 27
19 1 10 17
19 1 10 5
19 1 10 10
19 1 10 28
19 1 10 26
19 1 10 9
19 1 10 19
19 1 10 24
19 1 10 15
19 1 10 7
19 1 10 13
19 1 10 19
19 1 10 4
19 1 10 2
19 1 10 17
19 1 10 25
19 1 10 28
19 1 11 10
19 1 11 14
19 1 11 23
19 1 11 17
19 1 11 7
19 1 11 10
19 1 11 25
19 1 11 5
19 1 11 4
19 1 11 9
19 1 11 25
19 1 11 22
19 1 11 4
19 1 11 12
19 1 11 22
19 1 11 6
19 1 11 9
19 1 11 19
19 1 11 28
19 1 11 6
19 1 12 9
19 1 12 9
19 1 12 19
19 1 12 27
19 1 12 7
19 1 12 12
19 1 12 26
19 1 12 4
19 1 12 9
19 1 12 18
19 1 12 28
19 1 12 2
19 1 12 4
19 1 12 19
19 1 12 21
19 1 12 11
19 1 12 3
19 1 12 10
19 1 12 23
19 1 12 11
19 1 13 6
19 1 13 17
19 1 13 22
19 1 13 10
19 1 13 6
19 1 13 12
19 1 13 28
19 1 13 24
19 1 13 2
19 1 13 10
19 1 13 20
19 1 13 14
19 1 13 6
19 1 13 9
19 1 13 22
19 1 13 16
19 1 13 1
19 1 13 13
19 1 13 27
19 1 13 19
19 1 14 6
19 1 14 16
19 1 14 19
19 1 14 14
19 1 14 9
19 1 14 16
19 1 14 24
19 1 14 2
19 1 14 4
19 1 14 10
19 1 14 24
19 1 14 3
19 1 14 1
19 1 14 14
19 1 14 20
19 1 14 15
19 1 14 9
19 1 14 12
19 1 14 21
19 1 14 25
19 2 1 4
19 2 1 13
19 2 1 27
19 2 1 15
19 2 1 6
19 2 1 19
19 2 1 23
19 2 1 4
19 2 1 10
19 2 1 13
19 2 1 28
19 2 1 13
19 2 1 5
19 2 1 15
19 2 1 23
19 2 1 3
19 2 1 7
19 2 1 14
19 2 1 27
19 2 1 12
19 2 2 2
19 2 2 16
19 2 2 25
19 2 2 25
19 2 2 4
19 2 2 17
19 2 2 19
19 2 2 25
19 2 2 8
19 2 2 15
19 2 2 19
19 2 2 23
19 2 2 10
19 2 2 15
19 2 2 25
19 2 2 25
19 2 2 5
19 2 2 16
19 2 2 21
19 2 2 26
19 2 3 6
19 2 3 19
19 2 3 22
19 2 3 24
19 2 3 2
19 2 3 17
19 2 3 25
19 2 3 27
19 2 3 5
19 2 3 14
19 2 3 21
19 2 3 22
19 2 3 10
19 2 3 15
19 2 3 28
19 2 3 23
19 2 3 2
19 2 3 9
19 2 3 21
19 2 3 14
19 2 4 10
19 2 4 15
19 2 4 23
19 2 4 25
19 2 4 5
19 2 4 9
19 2 4 26
19 2 4 26
19 2 4 2
19 2 4 16
19 2 4 22
19 2 4 24
19 2 4 4
19 2 4 13
19 2 4 19
19 2 4 27
19 2 4 7
19 2 4 16
19 2 4 21
19 2 4 26
19 2 5 3
19 2 5 15
19 2 5 25
19 2 5 3
19 2 5 5
19 2 5 11
19 2 5 23
19 2 5 23
19 2 5 8
19 2 5 10
19 2 5 28
19 2 5 25
19 2 5 1
19 2 5 14
19 2 5 21
19 2 5 12
19 2 5 8
19 2 5 12
19 2 5 23
19 2 5 28
19 2 6 6
19 2 6 19
19 2 6 19
19 2 6 28
19 2 6 6
19 2 6 19
19 2 6 25
19 2 6 26
19 2 6 5
19 2 6 14
19 2 6 19
19 2 6 1
19 2 6 8
19 2 6 11
19 2 6 22
19 2 6 23
19 2 6 7
19 2 6 10
19 2 6 22
19 2 6 10
19 2 7 8
19 2 7 13
19 2 7 21
19 2 7 14
19 2 7 3
19 2 7 13
19 2 7 26
19 2 7 24
19 2 7 3
19 2 7 18
19 2 7 27
19 2 7 28
19 2 7 9
19 2 7 19
19 2 7 27
19 2 7 20
19 2 7 10
19 2 7 12
19 2 7 24
19 2 7 9
19 2 8 6
19 2 8 14
19 2 8 27
19 2 8 19
19 2 8 4
19 2 8 18
19 2 8 25
19 2 8 20
19 2 8 8
19 2 8 13
19 2 8 28
19 2 8 8
19 2 8 9
19 2 8 12
19 2 8 26
19 2 8 12
19 2 8 1
19 2 8 18
19 2 8 28
19 2 8 9
19 2 9 9
19 2 9 10
19 2 9 21
19 2 9 10
19 2 9 9
19 2 9 10
19 2 9 25
19 2 9 28
19 2 9 9
19 2 9 9
19 2 9 25
19 2 9 2
19 2 9 6
19 2 9 19
19 2 9 21
19 2 9 21
19 2 9 1
19 2 9 10
19 2 9 21
19 2 9 18
19 2 10 2
19 2 10 9
19 2 10 28
19 2 10 17
19 2 10 10
19 2 10 9
19 2 10 21
19 2 10 7
19 2 10 6
19 2 10 14
19 2 10 20
19 2 10 21
19 2 10 6
19 2 10 18
19 2 10 24
19 2 10 24
19 2 10 10
19 2 10 14
19 2 10 28
19 2 10 6
19 2 11 9
19 2 11 15
19 2 11 22
19 2 11 26
19 2 11 7
19 2 11 10
19 2 11 28
19 2 11 28
19 2 11 9
19 2 11 16
19 2 11 26
19 2 11 14
19 2 11 4
19 2 11 16
19 2 11 22
19 2 11 27
19 2 11 5
19 2 11 11
19 2 11 27
19 2 11 14
19 2 12 9
19 2 12 15
19 2 12 20
19 2 12 9
19 2 12 3
19 2 12 19
19 2 12 20
19 2 12 20
19 2 12 10
19 2 12 13
19 2 12 19
19 2 12 5
19 2 12 5
19 2 12 19
19 2 12 20
19 2 12 3
19 2 12 1
19 2 12 16
19 2 12 27
19 2 12 24
19 2 13 2
19 2 13 16
19 2 13 20
19 2 13 24
19 2 13 10
19 2 13 19
19 2 13 28
19 2 13 6
19 2 13 7
19 2 13 16
19 2 13 28
19 2 13 9
19 2 13 5
19 2 13 15
19 2 13 22
19 2 13 18
19 2 13 10
19 2 13 9
19 2 13 24
19 2 13 26
19 2 14 2
19 2 14 16
19 2 14 23
19 2 14 23
19 2 14 3
19 2 14 9
19 2 14 27
19 2 14 23
19 2 14 6
19 2 14 11
19 2 14 23
19 2 14 5
19 2 14 3
19 2 14 10
19 2 14 20
19 2 14 12
19 2 14 2
19 2 14 16
19 2 14 24
19 2 14 9
19 3 1 5
19 3 1 13
19 3 1 28
19 3 1 1
19 3 1 9
19 3 1 9
19 3 1 23
19 3 1 10
19 3 1 3
19 3 1 16
19 3 1 27
19 3 1 6
19 3 1 6
19 3 1 19
19 3 1 21
19 3 1 25
19 3 1 1
19 3 1 10
19 3 1 28
19 3 1 7
19 3 2 10
19 3 2 12
19 3 2 28
19 3 2 11
19 3 2 2
19 3 2 16
19 3 2 28
19 3 2 19
19 3 2 1
19 3 2 9
19 3 2 27
19 3 2 27
19 3 2 10
19 3 2 9
19 3 2 27
19 3 2 10
19 3 2 9
19 3 2 9
19 3 2 20
19 3 2 27
19 3 3 4
19 3 3 17
19 3 3 28
19 3 3 22
19 3 3 5
19 3 3 15
19 3 3 26
19 3 3 3
19 3 3 9
19 3 3 13
19 3 3 19
19 3 3 5
19 3 3 10
19 3 3 9
19 3 3 24
19 3 3 6
19 3 3 5
19 3 3 13
19 3 3 19
19 3 3 20
19 3 4 8
19 3 4 13
19 3 4 22
19 3 4 6
19 3 4 8
19 3 4 16
19 3 4 23
19 3 4 15
19 3 4 5
19 3 4 16
19 3 4 28
19 3 4 28
19 3 4 2
19 3 4 15
19 3 4 19
19 3 4 21
19 3 4 5
19 3 4 10
19 3 4 20
19 3 4 8
19 3 5 7
19 3 5 17
19 3 5 19
19 3 5 1
19 3 5 6
19 3 5 13
19 3 5 26
19 3 5 4
19 3 5 4
19 3 5 13
19 3 5 22
19 3 5 18
19 3 5 8
19 3 5 18
19 3 5 19
19 3 5 7
19 3 5 2
19 3 5 9
19 3 5 23
19 3 5 1
19 3 6 8
19 3 6 15
19 3 6 27
19 3 6 6
19 3 6 4
19 3 6 10
19 3 6 23
19 3 6 16
19 3 6 1
19 3 6 10
19 3 6 21
19 3 6 9
19 3 6 1
19 3 6 11
19 3 6 22
19 3 6 17
19 3 6 7
19 3 6 19
19 3 6 27
19 3 6 7
19 3 7 1
19 3 7 13
19 3 7 19
19 3 7 7
19 3 7 7
19 3 7 14
19 3 7 27
19 3 7 9
19 3 7 4
19 3 7 19
19 3 7 22
19 3 7 22
19 3 7 4
19 3 7 16
19 3 7 20
19 3 7 28
19 3 7 5
19 3 7 14
19 3 7 20
19 3 7 26
19 3 8 3
19 3 8 16
19 3 8 22
19 3 8 6
19 3 8 5
19 3 8 13
19 3 8 24
19 3 8 11
19 3 8 9
19 3 8 9
19 3 8 25
19 3 8 25
19 3 8 3
19 3 8 13
19 3 8 26
19 3 8 3
19 3 8 9
19 3 8 10
19 3 8 20
19 3 8 9
19 3 9 2
19 3 9 12
19 3 9 23
19 3 9 11
19 3 9 6
19 3 9 9
19 3 9 26
19 3 9 23
19 3 9 5
19 3 9 16
19 3 9 19
19 3 9 28
19 3 9 2
19 3 9 19
19 3 9 24
19 3 9 9
19 3 9 2
19 3 9 14
19 3 9 20
19 3 9 6
19 3 10 6
19 3 10 13
19 3 10 22
19 3 10 20
19 3 10 1
19 3 10 13
19 3 10 23
19 3 10 9
19 3 10 7
19 3 10 19
19 3 10 25
19 3 10 2
19 3 10 5
19 3 10 18
19 3 10 20
19 3 10 25
19 3 10 3
19 3 10 16
19 3 10 28
19 3 10 14
19 3 11 6
19 3 11 14
19 3 11 24
19 3 11 20
19 3 11 10
19 3 11 10
19 3 11 24
19 3 11 4
19 3 11 3
19 3 11 13
19 3 11 25
19 3 11 15
19 3 11 8
19 3 11 9
19 3 11 24
19 3 11 4
19 3 11 4
19 3 11 12
19 3 11 28
19 3 11 17
19 3 12 6
19 3 12 11
19 3 12 26
19 3 12 20
19 3 12 5
19 3 12 16
19 3 12 26
19 3 12 24
19 3 12 7
19 3 12 14
19 3 12 22
19 3 12 1
19 3 12 3
19 3 12 19
19 3 12 19
19 3 12 14
19 3 12 8
19 3 12 11
19 3 12 20
19 3 12 10
19 3 13 5
19 3 13 18
19 3 13 26
19 3 13 1
19 3 13 5
19 3 13 13
19 3 13 22
19 3 13 22
19 3 13 8
19 3 13 16
19 3 13 25
19 3 13 17
19 3 13 10
19 3 13 18
19 3 13 23
19 3 13 19
19 3 13 7
19 3 13 12
19 3 13 22
19 3 13 15
19 3 14 6
19 3 14 13
19 3 14 21
19 3 14 2
19 3 14 3
19 3 14 17
19 3 14 24
19 3 14 5
19 3 14 1
19 3 14 16
19 3 14 25
19 3 14 10
19 3 14 6
19 3 14 17
19 3 14 23
19 3 14 21
19 3 14 7
19 3 14 19
19 3 14 25
19 3 14 9
19 4 1 9
19 4 1 10
19 4 1 22
19 4 1 7
19 4 1 10
19 4 1 19
19 4 1 22
19 4 1 10
19 4 1 10
19 4 1 17
19 4 1 20
19 4 1 11
19 4 1 3
19 4 1 9
19 4 1 22
19 4 1 25
19 4 1 9
19 4 1 18
19 4 1 19
19 4 1 3
19 4 2 4
19 4 2 9
19 4 2 23
19 4 2 8
19 4 2 7
19 4 2 13
19 4 2 21
19 4 2 4
19 4 2 8
19 4 2 11
19 4 2 25
19 4 2 4
19 4 2 2
19 4 2 17
19 4 2 26
19 4 2 15
19 4 2 3
19 4 2 10
19 4 2 20
19 4 2 17
19 4 3 2
19 4 3 13
19 4 3 28
19 4 3 13
19 4 3 8
19 4 3 14
19 4 3 25
19 4 3 19
19 4 3 7
19 4 3 9
19 4 3 23
19 4 3 15
19 4 3 8
19 4 3 12
19 4 3 23
19 4 3 16
19 4 3 1
19 4 3 19
19 4 3 21
19 4 3 9
19 4 4 9
19 4 4 11
19 4 4 25
19 4 4 2
19 4 4 6
19 4 4 15
19 4 4 23
19 4 4 26
19 4 4 10
19 4 4 17
19 4 4 25
19 4 4 27
19 4 4 1
19 4 4 15
19 4 4 22
19 4 4 24
19 4 4 5
19 4 4 15
19 4 4 28
19 4 4 17
19 4 5 3
19 4 5 16
19 4 5 23
19 4 5 26
19 4 5 6
19 4 5 19
19 4 5 23
19 4 5 3
19 4 5 8
19 4 5 10
19 4 5 24
19 4 5 12
19 4 5 3
19 4 5 17
19 4 5 20
19 4 5 7
19 4 5 5
19 4 5 14
19 4 5 28
19 4 5 9
19 4 6 9
19 4 6 18
19 4 6 20
19 4 6 15
19 4 6 3
19 4 6 16
19 4 6 24
19 4 6 24
19 4 6 7
19 4 6 14
19 4 6 24
19 4 6 10
19 4 6 10
19 4 6 10
19 4 6 24
19 4 6 18
19 4 6 5
19 4 6 10
19 4 6 19
19 4 6 3
19 4 7 10
19 4 7 9
19 4 7 23
19 4 7 19
19 4 7 8
19 4 7 11
19 4 7 21
19 4 7 1
19 4 7 5
19 4 7 18
19 4 7 28
19 4 7 14
19 4 7 10
19 4 7 14
19 4 7 27
19 4 7 6
19 4 7 5
19 4 7 18
19 4 7 21
19 4 7 5
19 4 8 10
19 4 8 18
19 4 8 19
19 4 8 20
19 4 8 5
19 4 8 10
19 4 8 28
19 4 8 8
19 4 8 7
19 4 8 17
19 4 8 28
19 4 8 12
19 4 8 4
19 4 8 16
19 4 8 19
19 4 8 1
19 4 8 1
19 4 8 18
19 4 8 25
19 4 8 27
19 4 9 6
19 4 9 14
19 4 9 25
19 4 9 24
19 4 9 3
19 4 9 12
19 4 9 20
19 4 9 20
19 4 9 4
19 4 9 13
19 4 9 27
19 4 9 16
19 4 9 6
19 4 9 12
19 4 9 19
19 4 9 11
19 4 9 3
19 4 9 16
19 4 9 19
19 4 9 12
19 4 10 2
19 4 10 19
19 4 10 27
19 4 10 2
19 4 10 3
19 4 10 14
19 4 10 28
19 4 10 21
19 4 10 8
19 4 10 12
19 4 10 20
19 4 10 3
19 4 10 8
19 4 10 9
19 4 10 25
19 4 10 14
19 4 10 2
19 4 10 17
19 4 10 23
19 4 10 5
19 4 11 5
19 4 11 17
19 4 11 19
19 4 11 20
19 4 11 8
19 4 11 12
19 4 11 28
19 4 11 3
19 4 11 8
19 4 11 10
19 4 11 28
19 4 11 16
19 4 11 6
19 4 11 11
19 4 11 19
19 4 11 5
19 4 11 2
19 4 11 14
19 4 11 23
19 4 11 25
19 4 12 7
19 4 12 16
19 4 12 24
19 4 12 10
19 4 12 8
19 4 12 9
19 4 12 20
19 4 12 17
19 4 12 6
19 4 12 9
19 4 12 26
19 4 12 8
19 4 12 3
19 4 12 19
19 4 12 24
19 4 12 13
19 4 12 9
19 4 12 12
19 4 12 20
19 4 12 4
19 4 13 7
19 4 13 11
19 4 13 19
19 4 13 6
19 4 13 8
19 4 13 19
19 4 13 27
19 4 13 15
19 4 13 2
19 4 13 17
19 4 13 24
19 4 13 12
19 4 13 8
19 4 13 16
19 4 13 22
19 4 13 4
19 4 13 6
19 4 13 15
19 4 13 25
19 4 13 14
19 4 14 10
19 4 14 12
19 4 14 28
19 4 14 1
19 4 14 9
19 4 14 10
19 4 14 21
19 4 14 9
19 4 14 7
19 4 14 10
19 4 14 24
19 4 14 24
19 4 14 2
19 4 14 15
19 4 14 19
19 4 14 12
19 4 14 9
19 4 14 15
19 4 14 27
19 4 14 8
19 5 1 2
19 5 1 15
19 5 1 23
19 5 1 8
19 5 1 9
19 5 1 15
19 5 1 23
19 5 1 17
19 5 1 2
19 5 1 9
19 5 1 19
19 5 1 21
19 5 1 2
19 5 1 10
19 5 1 19
19 5 1 23
19 5 1 10
19 5 1 12
19 5 1 25
19 5 1 4
19 5 2 5
19 5 2 12
19 5 2 22
19 5 2 2
19 5 2 8
19 5 2 15
19 5 2 28
19 5 2 7
19 5 2 2
19 5 2 11
19 5 2 19
19 5 2 21
19 5 2 2
19 5 2 9
19 5 2 20
19 5 2 23
19 5 2 7
19 5 2 9
19 5 2 27
19 5 2 17
19 5 3 8
19 5 3 16
19 5 3 21
19 5 3 22
19 5 3 1
19 5 3 10
19 5 3 25
19 5 3 11
19 5 3 4
19 5 3 9
19 5 3 27
19 5 3 12
19 5 3 6
19 5 3 13
19 5 3 23
19 5 3 11
19 5 3 3
19 5 3 14
19 5 3 21
19 5 3 22
19 5 4 9
19 5 4 9
19 5 4 23
19 5 4 9
19 5 4 6
19 5 4 10
19 5 4 21
19 5 4 7
19 5 4 5
19 5 4 11
19 5 4 20
19 5 4 17
19 5 4 5
19 5 4 19
19 5 4 28
19 5 4 18
19 5 4 2
19 5 4 18
19 5 4 25
19 5 4 27
19 5 5 1
19 5 5 12
19 5 5 20
19 5 5 20
19 5 5 10
19 5 5 10
19 5 5 26
19 5 5 12
19 5 5 8
19 5 5 13
19 5 5 23
19 5 5 1
19 5 5 9
19 5 5 9
19 5 5 27
19 5 5 6
19 5 5 2
19 5 5 9
19 5 5 25
19 5 5 9
19 5 6 8
19 5 6 16
19 5 6 19
19 5 6 3
19 5 6 4
19 5 6 12
19 5 6 22
19 5 6 12
19 5 6 6
19 5 6 12
19 5 6 19
19 5 6 6
19 5 6 10
19 5 6 16
19 5 6 20
19 5 6 18
19 5 6 4
19 5 6 16
19 5 6 22
19 5 6 11
19 5 7 9
19 5 7 14
19 5 7 25
19 5 7 24
19 5 7 9
19 5 7 12
19 5 7 28
19 5 7 17
19 5 7 1
19 5 7 18
19 5 7 20
19 5 7 13
19 5 7 7
19 5 7 16
19 5 7 23
19 5 7 18
19 5 7 4
19 5 7 15
19 5 7 23
19 5 7 26
19 5 8 8
19 5 8 19
19 5 8 22
19 5 8 3
19 5 8 6
19 5 8 17
19 5 8 27
19 5 8 15
19 5 8 1
19 5 8 16
19 5 8 21
19 5 8 1
19 5 8 1
19 5 8 14
19 5 8 20
19 5 8 21
19 5 8 6
19 5 8 18
19 5 8 27
19 5 8 20
19 5 9 10
19 5 9 16
19 5 9 25
19 5 9 14
19 5 9 7
19 5 9 9
19 5 9 26
19 5 9 11
19 5 9 7
19 5 9 12
19 5 9 25
19 5 9 8
19 5 9 10
19 5 9 19
19 5 9 23
19 5 9 25
19 5 9 7
19 5 9 12
19 5 9 23
19 5 9 28
19 5 10 8
19 5 10 19
19 5 10 25
19 5 10 4
19 5 10 3
19 5 10 14
19 5 10 19
19 5 10 10
19 5 10 1
19 5 10 16
19 5 10 20
19 5 10 15
19 5 10 1
19 5 10 10
19 5 10 22
19 5 10 11
19 5 10 8
19 5 10 15
19 5 10 25
19 5 10 22
19 5 11 10
19 5 11 17
19 5 11 20
19 5 11 8
19 5 11 4
19 5 11 11
19 5 11 19
19 5 11 14
19 5 11 10
19 5 11 11
19 5 11 22
19 5 11 14
19 5 11 8
19 5 11 12
19 5 11 25
19 5 11 18
19 5 11 6
19 5 11 14
19 5 11 26
19 5 11 14
19 5 12 5
19 5 12 13
19 5 12 20
19 5 12 16
19 5 12 10
19 5 12 12
19 5 12 28
19 5 12 18
19 5 12 2
19 5 12 15
19 5 12 22
19 5 12 14
19 5 12 4
19 5 12 9
19 5 12 21
19 5 12 23
19 5 12 2
19 5 12 9
19 5 12 22
19 5 12 2
19 5 13 2
19 5 13 11
19 5 13 25
19 5 13 1
19 5 13 6
19 5 13 10
19 5 13 20
19 5 13 22
19 5 13 8
19 5 13 11
19 5 13 27
19 5 13 15
19 5 13 1
19 5 13 16
19 5 13 22
19 5 13 26
19 5 13 3
19 5 13 13
19 5 13 21
19 5 13 27
19 5 14 2
19 5 14 10
19 5 14 19
19 5 14 5
19 5 14 2
19 5 14 13
19 5 14 24
19 5 14 15
19 5 14 4
19 5 14 11
19 5 14 24
19 5 14 26
19 5 14 4
19 5 14 13
19 5 14 25
19 5 14 6
19 5 14 5
19 5 14 15
19 5 14 19
19 5 14 21
19 6 1 5
19 6 1 9
19 6 1 25
19 6 1 10
19 6 1 3
19 6 1 13
19 6 1 25
19 6 1 9
19 6 1 2
19 6 1 15
19 6 1 21
19 6 1 25
19 6 1 5
19 6 1 9
19 6 1 26
19 6 1 9
19 6 1 1
19 6 1 17
19 6 1 20
19 6 1 5
19 6 2 1
19 6 2 12
19 6 2 23
19 6 2 25
19 6 2 6
19 6 2 11
19 6 2 20
19 6 2 2
19 6 2 6
19 6 2 18
19 6 2 27
19 6 2 28
19 6 2 3
19 6 2 11
19 6 2 27
19 6 2 9
19 6 2 4
19 6 2 12
19 6 2 27
19 6 2 20
19 6 3 2
19 6 3 19
19 6 3 19
19 6 3 17
19 6 3 8
19 6 3 19
19 6 3 28
19 6 3 26
19 6 3 6
19 6 3 17
19 6 3 28
19 6 3 27
19 6 3 7
19 6 3 17
19 6 3 25
19 6 3 28
19 6 3 10
19 6 3 10
19 6 3 23
19 6 3 19
19 6 4 3
19 6 4 9
19 6 4 25
19 6 4 4
19 6 4 1
19 6 4 16
19 6 4 22
19 6 4 5
19 6 4 5
19 6 4 14
19 6 4 28
19 6 4 22
19 6 4 5
19 6 4 13
19 6 4 27
19 6 4 21
19 6 4 8
19 6 4 16
19 6 4 22
19 6 4 7
19 6 5 3
19 6 5 13
19 6 5 28
19 6 5 3
19 6 5 4
19 6 5 12
19 6 5 25
19 6 5 21
19 6 5 6
19 6 5 11
19 6 5 19
19 6 5 6
19 6 5 1
19 6 5 19
19 6 5 27
19 6 5 26
19 6 5 7
19 6 5 16
19 6 5 20
19 6 5 3
19 6 6 9
19 6 6 14
19 6 6 28
19 6 6 14
19 6 6 8
19 6 6 15
19 6 6 25
19 6 6 17
19 6 6 9
19 6 6 10
19 6 6 23
19 6 6 27
19 6 6 8
19 6 6 12
19 6 6 24
19 6 6 23
19 6 6 4
19 6 6 13
19 6 6 27
19 6 6 2
19 6 7 2
19 6 7 15
19 6 7 26
19 6 7 14
19 6 7 10
19 6 7 13
19 6 7 28
19 6 7 26
19 6 7 9
19 6 7 14
19 6 7 20
19 6 7 27
19 6 7 3
19 6 7 14
19 6 7 27
19 6 7 6
19 6 7 2
19 6 7 16
19 6 7 19
19 6 7 26
19 6 8 1
19 6 8 12
19 6 8 22
19 6 8 19
19 6 8 5
19 6 8 12
19 6 8 25
19 6 8 1
19 6 8 8
19 6 8 11
19 6 8 22
19 6 8 9
19 6 8 8
19 6 8 13
19 6 8 24
19 6 8 17
19 6 8 4
19 6 8 19
19 6 8 19
19 6 8 23
19 6 9 1
19 6 9 18
19 6 9 25
19 6 9 4
19 6 9 1
19 6 9 16
19 6 9 28
19 6 9 23
19 6 9 10
19 6 9 19
19 6 9 23
19 6 9 28
19 6 9 3
19 6 9 19
19 6 9 24
19 6 9 17
19 6 9 1
19 6 9 14
19 6 9 27
19 6 9 6
19 6 10 10
19 6 10 13
19 6 10 19
19 6 10 14
19 6 10 9
19 6 10 12
19 6 10 27
19 6 10 20
19 6 10 9
19 6 10 12
19 6 10 24
19 6 10 12
19 6 10 3
19 6 10 9
19 6 10 28
19 6 10 25
19 6 10 9
19 6 10 16
19 6 10 20
19 6 10 21
19 6 11 4
19 6 11 15
19 6 11 19
19 6 11 22
19 6 11 7
19 6 11 12
19 6 11 25
19 6 11 21
19 6 11 8
19 6 11 12
19 6 11 20
19 6 11 24
19 6 11 7
19 6 11 12
19 6 11 24
19 6 11 27
19 6 11 4
19 6 11 19
19 6 11 20
19 6 11 12
19 6 12 1
19 6 12 9
19 6 12 27
19 6 12 26
19 6 12 10
19 6 12 12
19 6 12 25
19 6 12 22
19 6 12 3
19 6 12 19
19 6 12 22
19 6 12 13
19 6 12 2
19 6 12 19
19 6 12 27
19 6 12 3
19 6 12 10
19 6 12 17
19 6 12 25
19 6 12 10
19 6 13 9
19 6 13 13
19 6 13 20
19 6 13 28
19 6 13 1
19 6 13 16
19 6 13 21
19 6 13 7
19 6 13 6
19 6 13 16
19 6 13 23
19 6 13 1
19 6 13 4
19 6 13 16
19 6 13 24
19 6 13 14
19 6 13 8
19 6 13 16
19 6 13 21
19 6 13 8
19 6 14 2
19 6 14 19
19 6 14 25
19 6 14 27
19 6 14 5
19 6 14 18
19 6 14 28
19 6 14 6
19 6 14 2
19 6 14 14
19 6 14 19
19 6 14 8
19 6 14 10
19 6 14 14
19 6 14 28
19 6 14 9
19 6 14 7
19 6 14 18
19 6 14 25
19 6 14 15
19 7 1 10
19 7 1 9
19 7 1 20
19 7 1 4
19 7 1 2
19 7 1 14
19 7 1 19
19 7 1 8
19 7 1 9
19 7 1 13
19 7 1 26
19 7 1 24
19 7 1 9
19 7 1 13
19 7 1 28
19 7 1 10
19 7 1 10
19 7 1 14
19 7 1 28
19 7 1 10
19 7 2 5
19 7 2 17
19 7 2 28
19 7 2 14
19 7 2 7
19 7 2 9
19 7 2 26
19 7 2 14
19 7 2 2
19 7 2 18
19 7 2 21
19 7 2 13
19 7 2 6
19 7 2 9
19 7 2 21
19 7 2 21
19 7 2 3
19 7 2 13
19 7 2 19
19 7 2 6
19 7 3 2
19 7 3 15
19 7 3 24
19 7 3 1
19 7 3 2
19 7 3 11
19 7 3 19
19 7 3 8
19 7 3 8
19 7 3 15
19 7 3 26
19 7 3 28
19 7 3 8
19 7 3 9
19 7 3 26
19 7 3 18
19 7 3 4
19 7 3 15
19 7 3 26
19 7 3 25
19 7 4 10
19 7 4 16
19 7 4 27
19 7 4 19
19 7 4 1
19 7 4 19
19 7 4 19
19 7 4 5
19 7 4 2
19 7 4 16
19 7 4 23
19 7 4 5
19 7 4 3
19 7 4 16
19 7 4 26
19 7 4 6
19 7 4 8
19 7 4 13
19 7 4 26
19 7 4 20
19 7 5 2
19 7 5 12
19 7 5 21
19 7 5 21
19 7 5 1
19 7 5 13
19 7 5 23
19 7 5 10
19 7 5 8
19 7 5 9
19 7 5 21
19 7 5 15
19 7 5 6
19 7 5 15
19 7 5 20
19 7 5 14
19 7 5 2
19 7 5 14
19 7 5 20
19 7 5 26
19 7 6 2
19 7 6 9
19 7 6 20
19 7 6 2
19 7 6 6
19 7 6 16
19 7 6 26
19 7 6 18
19 7 6 9
19 7 6 12
19 7 6 19
19 7 6 7
19 7 6 1
19 7 6 14
19 7 6 24
19 7 6 4
19 7 6 9
19 7 6 12
19 7 6 20
19 7 6 19
19 7 7 8
19 7 7 17
19 7 7 27
19 7 7 8
19 7 7 5
19 7 7 19
19 7 7 24
19 7 7 23
19 7 7 8
19 7 7 18
19 7 7 19
19 7 7 4
19 7 7 10
19 7 7 9
19 7 7 28
19 7 7 17
19 7 7 8
19 7 7 18
19 7 7 25
19 7 7 14
19 7 8 1
19 7 8 13
19 7 8 20
19 7 8 20
19 7 8 10
19 7 8 11
19 7 8 19
19 7 8 1
19 7 8 1
19 7 8 18
19 7 8 28
19 7 8 9
19 7 8 2
19 7 8 19
19 7 8 24
19 7 8 19
19 7 8 7
19 7 8 16
19 7 8 22
19 7 8 5
19 7 9 7
19 7 9 16
19 7 9 20
19 7 9 13
19 7 9 4
19 7 9 10
19 7 9 27
19 7 9 24
19 7 9 1
19 7 9 16
19 7 9 27
19 7 9 17
19 7 9 5
19 7 9 14
19 7 9 25
19 7 9 24
19 7 9 4
19 7 9 18
19 7 9 21
19 7 9 7
19 7 10 8
19 7 10 16
19 7 10 21
19 7 10 8
19 7 10 6
19 7 10 17
19 7 10 26
19 7 10 21
19 7 10 7
19 7 10 10
19 7 10 21
19 7 10 10
19 7 10 7
19 7 10 18
19 7 10 21
19 7 10 5
19 7 10 8
19 7 10 14
19 7 10 19
19 7 10 15
19 7 11 10
19 7 11 17
19 7 11 20
19 7 11 14
19 7 11 10
19 7 11 12
19 7 11 19
19 7 11 22
19 7 11 2
19 7 11 16
19 7 11 25
19 7 11 9
19 7 11 6
19 7 11 9
19 7 11 21
19 7 11 13
19 7 11 3
19 7 11 17
19 7 11 26
19 7 11 7
19 7 12 7
19 7 12 11
19 7 12 25
19 7 12 4
19 7 12 2
19 7 12 13
19 7 12 21
19 7 12 10
19 7 12 10
19 7 12 16
19 7 12 28
19 7 12 28
19 7 12 5
19 7 12 18
19 7 12 27
19 7 12 4
19 7 12 10
19 7 12 9
19 7 12 24
19 7 12 21
19 7 13 10
19 7 13 9
19 7 13 25
19 7 13 23
19 7 13 6
19 7 13 9
19 7 13 28
19 7 13 11
19 7 13 5
19 7 13 13
19 7 13 23
19 7 13 4
19 7 13 9
19 7 13 19
19 7 13 24
19 7 13 27
19 7 13 1
19 7 13 18
19 7 13 21
19 7 13 22
19 7 14 9
19 7 14 14
19 7 14 27
19 7 14 23
19 7 14 10
19 7 14 13
19 7 14 27
19 7 14 8
19 7 14 9
19 7 14 17
19 7 14 19
19 7 14 16
19 7 14 4
19 7 14 11
19 7 14 26
19 7 14 19
19 7 14 10
19 7 14 10
19 7 14 21
19 7 14 14
19 8 1 4
19 8 1 9
19 8 1 24
19 8 1 22
19 8 1 2
19 8 1 12
19 8 1 28
19 8 1 27
19 8 1 8
19 8 1 14
19 8 1 28
19 8 1 8
19 8 1 5
19 8 1 19
19 8 1 19
19 8 1 1
19 8 1 9
19 8 1 15
19 8 1 25
19 8 1 13
19 8 2 7
19 8 2 18
19 8 2 28
19 8 2 15
19 8 2 5
19 8 2 12
19 8 2 23
19 8 2 26
19 8 2 4
19 8 2 10
19 8 2 26
19 8 2 27
19 8 2 2
19 8 2 18
19 8 2 25
19 8 2 14
19 8 2 8
19 8 2 11
19 8 2 28
19 8 2 4
19 8 3 6
19 8 3 14
19 8 3 23
19 8 3 28
19 8 3 8
19 8 3 16
19 8 3 23
19 8 3 16
19 8 3 7
19 8 3 11
19 8 3 24
19 8 3 11
19 8 3 9
19 8 3 17
19 8 3 25
19 8 3 16
19 8 3 1
19 8 3 9
19 8 3 23
19 8 3 9
19 8 4 1
19 8 4 16
19 8 4 24
19 8 4 7
19 8 4 6
19 8 4 17
19 8 4 24
19 8 4 13
19 8 4 8
19 8 4 18
19 8 4 24
19 8 4 8
19 8 4 4
19 8 4 11
19 8 4 19
19 8 4 11
19 8 4 8
19 8 4 12
19 8 4 26
19 8 4 6
19 8 5 9
19 8 5 15
19 8 5 25
19 8 5 6
19 8 5 4
19 8 5 18
19 8 5 26
19 8 5 2
19 8 5 5
19 8 5 14
19 8 5 28
19 8 5 10
19 8 5 6
19 8 5 19
19 8 5 22
19 8 5 12
19 8 5 5
19 8 5 15
19 8 5 25
19 8 5 1
19 8 6 9
19 8 6 9
19 8 6 19
19 8 6 13
19 8 6 3
19 8 6 19
19 8 6 27
19 8 6 23
19 8 6 10
19 8 6 19
19 8 6 22
19 8 6 9
19 8 6 10
19 8 6 10
19 8 6 28
19 8 6 12
19 8 6 1
19 8 6 16
19 8 6 27
19 8 6 16
19 8 7 3
19 8 7 14
19 8 7 26
19 8 7 25
19 8 7 5
19 8 7 19
19 8 7 26
19 8 7 16
19 8 7 3
19 8 7 19
19 8 7 28
19 8 7 16
19 8 7 7
19 8 7 18
19 8 7 23
19 8 7 14
19 8 7 2
19 8 7 11
19 8 7 22
19 8 7 28
19 8 8 9
19 8 8 17
19 8 8 19
19 8 8 4
19 8 8 3
19 8 8 16
19 8 8 21
19 8 8 20
19 8 8 6
19 8 8 15
19 8 8 21
19 8 8 10
19 8 8 4
19 8 8 19
19 8 8 25
19 8 8 7
19 8 8 2
19 8 8 11
19 8 8 20
19 8 8 10
19 8 9 4
19 8 9 9
19 8 9 22
19 8 9 8
19 8 9 7
19 8 9 18
19 8 9 27
19 8 9 14
19 8 9 7
19 8 9 10
19 8 9 28
19 8 9 3
19 8 9 6
19 8 9 13
19 8 9 19
19 8 9 23
19 8 9 8
19 8 9 14
19 8 9 22
19 8 9 4
19 8 10 8
19 8 10 15
19 8 10 20
19 8 10 13
19 8 10 9
19 8 10 11
19 8 10 19
19 8 10 10
19 8 10 5
19 8 10 12
19 8 10 21
19 8 10 21
19 8 10 2
19 8 10 15
19 8 10 28
19 8 10 3
19 8 10 10
19 8 10 18
19 8 10 22
19 8 10 12
19 8 11 7
19 8 11 15
19 8 11 25
19 8 11 27
19 8 11 9
19 8 11 17
19 8 11 27
19 8 11 24
19 8 11 10
19 8 11 10
19 8 11 28
19 8 11 24
19 8 11 3
19 8 11 10
19 8 11 26
19 8 11 26
19 8 11 6
19 8 11 10
19 8 11 23
19 8 11 5
19 8 12 6
19 8 12 14
19 8 12 24
19 8 12 20
19 8 12 7
19 8 12 11
19 8 12 27
19 8 12 18
19 8 12 2
19 8 12 15
19 8 12 26
19 8 12 1
19 8 12 4
19 8 12 14
19 8 12 25
19 8 12 20
19 8 12 9
19 8 12 9
19 8 12 20
19 8 12 26
19 8 13 4
19 8 13 19
19 8 13 24
19 8 13 21
19 8 13 8
19 8 13 9
19 8 13 20
19 8 13 11
19 8 13 5
19 8 13 10
19 8 13 27
19 8 13 18
19 8 13 2
19 8 13 19
19 8 13 21
19 8 13 23
19 8 13 5
19 8 13 17
19 8 13 25
19 8 13 1
19 8 14 10
19 8 14 12
19 8 14 27
19 8 14 18
19 8 14 2
19 8 14 12
19 8 14 23
19 8 14 5
19 8 14 7
19 8 14 12
19 8 14 28
19 8 14 3
19 8 14 6
19 8 14 17
19 8 14 20
19 8 14 6
19 8 14 4
19 8 14 15
19 8 14 21
19 8 14 13
19 9 1 7
19 9 1 18
19 9 1 26
19 9 1 14
19 9 1 3
19 9 1 14
19 9 1 22
19 9 1 17
19 9 1 1
19 9 1 11
19 9 1 27
19 9 1 21
19 9 1 6
19 9 1 13
19 9 1 24
19 9 1 26
19 9 1 9
19 9 1 18
19 9 1 24
19 9 1 12
19 9 2 9
19 9 2 9
19 9 2 25
19 9 2 23
19 9 2 9
19 9 2 14
19 9 2 22
19 9 2 8
19 9 2 4
19 9 2 18
19 9 2 27
19 9 2 4
19 9 2 1
19 9 2 11
19 9 2 26
19 9 2 4
19 9 2 7
19 9 2 18
19 9 2 27
19 9 2 23
19 9 3 3
19 9 3 16
19 9 3 20
19 9 3 15
19 9 3 3
19 9 3 16
19 9 3 20
19 9 3 16
19 9 3 9
19 9 3 12
19 9 3 27
19 9 3 16
19 9 3 1
19 9 3 9
19 9 3 28
19 9 3 21
19 9 3 5
19 9 3 15
19 9 3 23
19 9 3 1
19 9 4 10
19 9 4 12
19 9 4 19
19 9 4 16
19 9 4 1
19 9 4 17
19 9 4 19
19 9 4 21
19 9 4 6
19 9 4 16
19 9 4 21
19 9 4 2
19 9 4 9
19 9 4 11
19 9 4 20
19 9 4 12
19 9 4 4
19 9 4 15
19 9 4 24
19 9 4 4
19 9 5 3
19 9 5 11
19 9 5 23
19 9 5 19
19 9 5 10
19 9 5 16
19 9 5 28
19 9 5 11
19 9 5 8
19 9 5 13
19 9 5 21
19 9 5 27
19 9 5 3
19 9 5 16
19 9 5 27
19 9 5 23
19 9 5 7
19 9 5 16
19 9 5 24
19 9 5 16
19 9 6 1
19 9 6 9
19 9 6 25
19 9 6 23
19 9 6 3
19 9 6 18
19 9 6 22
19 9 6 23
19 9 6 7
19 9 6 9
19 9 6 26
19 9 6 24
19 9 6 4
19 9 6 10
19 9 6 24
19 9 6 21
19 9 6 5
19 9 6 17
19 9 6 20
19 9 6 20
19 9 7 5
19 9 7 9
19 9 7 19
19 9 7 15
19 9 7 9
19 9 7 13
19 9 7 26
19 9 7 10
19 9 7 7
19 9 7 13
19 9 7 20
19 9 7 16
19 9 7 5
19 9 7 13
19 9 7 23
19 9 7 13
19 9 7 8
19 9 7 11
19 9 7 27
19 9 7 26
19 9 8 2
19 9 8 11
19 9 8 23
19 9 8 27
19 9 8 1
19 9 8 12
19 9 8 20
19 9 8 10
19 9 8 3
19 9 8 9
19 9 8 21
19 9 8 9
19 9 8 1
19 9 8 12
19 9 8 28
19 9 8 7
19 9 8 10
19 9 8 11
19 9 8 27
19 9 8 3
19 9 9 3
19 9 9 15
19 9 9 20
19 9 9 22
19 9 9 9
19 9 9 18
19 9 9 24
19 9 9 13
19 9 9 4
19 9 9 16
19 9 9 20
19 9 9 8
19 9 9 1
19 9 9 16
19 9 9 26
19 9 9 26
19 9 9 6
19 9 9 10
19 9 9 21
19 9 9 18
19 9 10 1
19 9 10 18
19 9 10 24
19 9 10 10
19 9 10 9
19 9 10 16
19 9 10 24
19 9 10 6
19 9 10 9
19 9 10 17
19 9 10 22
19 9 10 7
19 9 10 10
19 9 10 13
19 9 10 20
19 9 10 7
19 9 10 4
19 9 10 12
19 9 10 25
19 9 10 28
19 9 11 3
19 9 11 9
19 9 11 22
19 9 11 17
19 9 11 8
19 9 11 9
19 9 11 19
19 9 11 19
19 9 11 9
19 9 11 16
19 9 11 27
19 9 11 14
19 9 11 6
19 9 11 9
19 9 11 28
19 9 11 25
19 9 11 2
19 9 11 14
19 9 11 19
19 9 11 6
19 9 12 7
19 9 12 16
19 9 12 22
19 9 12 12
19 9 12 7
19 9 12 19
19 9 12 24
19 9 12 24
19 9 12 9
19 9 12 18
19 9 12 27
19 9 12 18
19 9 12 8
19 9 12 15
19 9 12 19
19 9 12 17
19 9 12 9
19 9 12 18
19 9 12 22
19 9 12 15
19 9 13 2
19 9 13 14
19 9 13 27
19 9 13 4
19 9 13 4
19 9 13 18
19 9 13 27
19 9 13 24
19 9 13 4
19 9 13 9
19 9 13 20
19 9 13 28
19 9 13 4
19 9 13 19
19 9 13 25
19 9 13 6
19 9 13 5
19 9 13 15
19 9 13 20
19 9 13 1
19 9 14 9
19 9 14 18
19 9 14 25
19 9 14 7
19 9 14 10
19 9 14 19
19 9 14 27
19 9 14 19
19 9 14 10
19 9 14 10
19 9 14 22
19 9 14 16
19 9 14 5
19 9 14 9
19 9 14 19
19 9 14 27
19 9 14 4
19 9 14 19
19 9 14 25
19 9 14 26
19 10 1 2
19 10 1 17
19 10 1 26
19 10 1 3
19 10 1 10
19 10 1 12
19 10 1 21
19 10 1 8
19 10 1 8
19 10 1 17
19 10 1 28
19 10 1 12
19 10 1 7
19 10 1 15
19 10 1 26
19 10 1 17
19 10 1 8
19 10 1 12
19 10 1 26
19 10 1 16
19 10 2 7
19 10 2 16
19 10 2 25
19 10 2 5
19 10 2 2
19 10 2 10
19 10 2 28
19 10 2 17
19 10 2 3
19 10 2 16
19 10 2 25
19 10 2 1
19 10 2 8
19 10 2 19
19 10 2 20
19 10 2 16
19 10 2 10
19 10 2 16
19 10 2 21
19 10 2 17
19 10 3 3
19 10 3 15
19 10 3 28
19 10 3 7
19 10 3 8
19 10 3 14
19 10 3 27
19 10 3 3
19 10 3 3
19 10 3 12
19 10 3 22
19 10 3 11
19 10 3 6
19 10 3 19
19 10 3 27
19 10 3 2
19 10 3 4
19 10 3 15
19 10 3 22
19 10 3 7
19 10 4 9
19 10 4 14
19 10 4 24
19 10 4 17
19 10 4 9
19 10 4 14
19 10 4 28
19 10 4 18
19 10 4 9
19 10 4 17
19 10 4 25
19 10 4 27
19 10 4 10
19 10 4 14
19 10 4 22
19 10 4 28
19 10 4 10
19 10 4 13
19 10 4 21
19 10 4 1
19 10 5 9
19 10 5 9
19 10 5 24
19 10 5 20
19 10 5 2
19 10 5 17
19 10 5 27
19 10 5 5
19 10 5 6
19 10 5 18
19 10 5 26
19 10 5 19
19 10 5 2
19 10 5 16
19 10 5 23
19 10 5 8
19 10 5 2
19 10 5 13
19 10 5 26
19 10 5 6
19 10 6 1
19 10 6 13
19 10 6 24
19 10 6 11
19 10 6 6
19 10 6 16
19 10 6 24
19 10 6 20
19 10 6 1
19 10 6 19
19 10 6 20
19 10 6 19
19 10 6 8
19 10 6 9
19 10 6 28
19 10 6 10
19 10 6 1
19 10 6 16
19 10 6 24
19 10 6 3
19 10 7 2
19 10 7 15
19 10 7 24
19 10 7 9
19 10 7 10
19 10 7 19
19 10 7 21
19 10 7 2
19 10 7 8
19 10 7 15
19 10 7 20
19 10 7 17
19 10 7 3
19 10 7 10
19 10 7 20
19 10 7 5
19 10 7 8
19 10 7 12
19 10 7 23
19 10 7 28
19 10 8 7
19 10 8 11
19 10 8 19
19 10 8 8
19 10 8 10
19 10 8 11
19 10 8 21
19 10 8 16
19 10 8 10
19 10 8 12
19 10 8 25
19 10 8 10
19 10 8 6
19 10 8 10
19 10 8 24
19 10 8 18
19 10 8 1
19 10 8 16
19 10 8 28
19 10 8 18
19 10 9 5
19 10 9 9
19 10 9 22
19 10 9 24
19 10 9 7
19 10 9 15
19 10 9 28
19 10 9 7
19 10 9 6
19 10 9 12
19 10 9 22
19 10 9 25
19 10 9 3
19 10 9 19
19 10 9 27
19 10 9 13
19 10 9 9
19 10 9 14
19 10 9 22
19 10 9 27
19 10 10 1
19 10 10 10
19 10 10 20
19 10 10 1
19 10 10 2
19 10 10 9
19 10 10 19
19 10 10 3
19 10 10 1
19 10 10 9
19 10 10 24
19 10 10 26
19 10 10 5
19 10 10 10
19 10 10 20
19 10 10 27
19 10 10 6
19 10 10 18
19 10 10 26
19 10 10 18
19 10 11 9
19 10 11 10
19 10 11 26
19 10 11 17
19 10 11 2
19 10 11 11
19 10 11 27
19 10 11 1
19 10 11 6
19 10 11 18
19 10 11 22
19 10 11 18
19 10 11 6
19 10 11 17
19 10 11 24
19 10 11 5
19 10 11 3
19 10 11 17
19 10 11 23
19 10 11 20
19 10 12 6
19 10 12 12
19 10 12 20
19 10 12 15
19 10 12 1
19 10 12 16
19 10 12 25
19 10 12 9
19 10 12 3
19 10 12 9
19 10 12 23
19 10 12 17
19 10 12 1
19 10 12 17
19 10 12 25
19 10 12 21
19 10 12 10
19 10 12 11
19 10 12 28
19 10 12 22
19 10 13 3
19 10 13 12
19 10 13 25
19 10 13 23
19 10 13 3
19 10 13 16
19 10 13 27
19 10 13 22
19 10 13 9
19 10 13 10
19 10 13 24
19 10 13 4
19 10 13 9
19 10 13 10
19 10 13 25
19 10 13 4
19 10 13 1
19 10 13 9
19 10 13 20
19 10 13 19
19 10 14 4
19 10 14 14
19 10 14 19
19 10 14 25
19 10 14 4
19 10 14 17
19 10 14 21
19 10 14 9
19 10 14 5
19 10 14 15
19 10 14 27
19 10 14 17
19 10 14 9
19 10 14 19
19 10 14 27
19 10 14 21
19 10 14 2
19 10 14 11
19 10 14 19
19 10 14 15
19 11 1 9
19 11 1 17
19 11 1 26
19 11 1 26
19 11 1 8
19 11 1 13
19 11 1 25
19 11 1 10
19 11 1 4
19 11 1 14
19 11 1 26
19 11 1 4
19 11 1 4
19 11 1 12
19 11 1 24
19 11 1 24
19 11 1 10
19 11 1 13
19 11 1 20
19 11 1 20
19 11 2 7
19 11 2 11
19 11 2 24
19 11 2 25
19 11 2 2
19 11 2 10
19 11 2 27
19 11 2 17
19 11 2 4
19 11 2 13
19 11 2 20
19 11 2 22
19 11 2 3
19 11 2 13
19 11 2 20
19 11 2 12
19 11 2 2
19 11 2 18
19 11 2 19
19 11 2 17
19 11 3 1
19 11 3 13
19 11 3 25
19 11 3 16
19 11 3 8
19 11 3 17
19 11 3 24
19 11 3 7
19 11 3 7
19 11 3 18
19 11 3 24
19 11 3 9
19 11 3 9
19 11 3 17
19 11 3 26
19 11 3 20
19 11 3 5
19 11 3 11
19 11 3 19
19 11 3 21
19 11 4 8
19 11 4 9
19 11 4 25
19 11 4 27
19 11 4 4
19 11 4 12
19 11 4 27
19 11 4 6
19 11 4 6
19 11 4 18
19 11 4 24
19 11 4 23
19 11 4 7
19 11 4 11
19 11 4 24
19 11 4 9
19 11 4 4
19 11 4 18
19 11 4 20
19 11 4 22
19 11 5 1
19 11 5 18
19 11 5 27
19 11 5 19
19 11 5 2
19 11 5 19
19 11 5 19
19 11 5 10
19 11 5 5
19 11 5 9
19 11 5 26
19 11 5 23
19 11 5 3
19 11 5 10
19 11 5 19
19 11 5 20
19 11 5 1
19 11 5 11
19 11 5 20
19 11 5 22
19 11 6 10
19 11 6 15
19 11 6 22
19 11 6 27
19 11 6 2
19 11 6 14
19 11 6 23
19 11 6 1
19 11 6 9
19 11 6 12
19 11 6 22
19 11 6 5
19 11 6 9
19 11 6 18
19 11 6 28
19 11 6 17
19 11 6 9
19 11 6 15
19 11 6 25
19 11 6 6
19 11 7 4
19 11 7 9
19 11 7 25
19 11 7 18
19 11 7 5
19 11 7 18
19 11 7 22
19 11 7 14
19 11 7 6
19 11 7 15
19 11 7 21
19 11 7 9
19 11 7 1
19 11 7 9
19 11 7 19
19 11 7 15
19 11 7 7
19 11 7 14
19 11 7 21
19 11 7 6
19 11 8 2
19 11 8 12
19 11 8 22
19 11 8 9
19 11 8 2
19 11 8 17
19 11 8 28
19 11 8 25
19 11 8 10
19 11 8 9
19 11 8 20
19 11 8 28
19 11 8 10
19 11 8 19
19 11 8 23
19 11 8 19
19 11 8 2
19 11 8 19
19 11 8 19
19 11 8 11
19 11 9 8
19 11 9 11
19 11 9 27
19 11 9 6
19 11 9 9
19 11 9 14
19 11 9 19
19 11 9 11
19 11 9 3
19 11 9 17
19 11 9 25
19 11 9 25
19 11 9 10
19 11 9 13
19 11 9 19
19 11 9 3
19 11 9 8
19 11 9 17
19 11 9 20
19 11 9 8
19 11 10 1
19 11 10 13
19 11 10 19
19 11 10 28
19 11 10 4
19 11 10 9
19 11 10 21
19 11 10 8
19 11 10 5
19 11 10 12
19 11 10 20
19 11 10 1
19 11 10 7
19 11 10 13
19 11 10 22
19 11 10 11
19 11 10 9
19 11 10 10
19 11 10 26
19 11 10 17
19 11 11 4
19 11 11 13
19 11 11 21
19 11 11 28
19 11 11 3
19 11 11 13
19 11 11 20
19 11 11 22
19 11 11 6
19 11 11 10
19 11 11 28
19 11 11 22
19 11 11 6
19 11 11 11
19 11 11 22
19 11 11 21
19 11 11 10
19 11 11 13
19 11 11 25
19 11 11 21
19 11 12 6
19 11 12 16
19 11 12 23
19 11 12 1
19 11 12 10
19 11 12 10
19 11 12 28
19 11 12 8
19 11 12 4
19 11 12 18
19 11 12 26
19 11 12 2
19 11 12 8
19 11 12 17
19 11 12 22
19 11 12 25
19 11 12 3
19 11 12 19
19 11 12 20
19 11 12 7
19 11 13 2
19 11 13 9
19 11 13 26
19 11 13 7
19 11 13 1
19 11 13 15
19 11 13 26
19 11 13 28
19 11 13 4
19 11 13 9
19 11 13 28
19 11 13 16
19 11 13 4
19 11 13 15
19 11 13 21
19 11 13 28
19 11 13 1
19 11 13 11
19 11 13 21
19 11 13 5
19 11 14 1
19 11 14 13
19 11 14 19
19 11 14 28
19 11 14 6
19 11 14 13
19 11 14 25
19 11 14 3
19 11 14 8
19 11 14 9
19 11 14 24
19 11 14 8
19 11 14 8
19 11 14 12
19 11 14 21
19 11 14 7
19 11 14 6
19 11 14 19
19 11 14 24
19 11 14 3
19 12 1 9
19 12 1 11
19 12 1 25
19 12 1 25
19 12 1 6
19 12 1 15
19 12 1 28
19 12 1 26
19 12 1 6
19 12 1 16
19 12 1 19
19 12 1 7
19 12 1 4
19 12 1 9
19 12 1 26
19 12 1 2
19 12 1 8
19 12 1 11
19 12 1 24
19 12 1 20
19 12 2 2
19 12 2 18
19 12 2 20
19 12 2 18
19 12 2 9
19 12 2 19
19 12 2 25
19 12 2 6
19 12 2 7
19 12 2 10
19 12 2 26
19 12 2 23
19 12 2 9
19 12 2 17
19 12 2 21
19 12 2 18
19 12 2 9
19 12 2 13
19 12 2 23
19 12 2 21
19 12 3 8
19 12 3 11
19 12 3 20
19 12 3 26
19 12 3 7
19 12 3 14
19 12 3 23
19 12 3 2
19 12 3 5
19 12 3 12
19 12 3 19
19 12 3 15
19 12 3 1
19 12 3 16
19 12 3 21
19 12 3 23
19 12 3 6
19 12 3 16
19 12 3 27
19 12 3 17
19 12 4 5
19 12 4 9
19 12 4 22
19 12 4 20
19 12 4 4
19 12 4 12
19 12 4 21
19 12 4 25
19 12 4 6
19 12 4 14
19 12 4 23
19 12 4 9
19 12 4 8
19 12 4 16
19 12 4 27
19 12 4 26
19 12 4 2
19 12 4 10
19 12 4 23
19 12 4 11
19 12 5 3
19 12 5 15
19 12 5 21
19 12 5 16
19 12 5 7
19 12 5 9
19 12 5 28
19 12 5 11
19 12 5 6
19 12 5 14
19 12 5 26
19 12 5 11
19 12 5 6
19 12 5 17
19 12 5 26
19 12 5 11
19 12 5 4
19 12 5 18
19 12 5 22
19 12 5 11
19 12 6 4
19 12 6 9
19 12 6 24
19 12 6 10
19 12 6 7
19 12 6 18
19 12 6 25
19 12 6 6
19 12 6 10
19 12 6 17
19 12 6 23
19 12 6 10
19 12 6 3
19 12 6 10
19 12 6 27
19 12 6 9
19 12 6 3
19 12 6 12
19 12 6 27
19 12 6 4
19 12 7 10
19 12 7 9
19 12 7 24
19 12 7 11
19 12 7 8
19 12 7 12
19 12 7 23
19 12 7 6
19 12 7 7
19 12 7 16
19 12 7 23
19 12 7 22
19 12 7 9
19 12 7 13
19 12 7 22
19 12 7 6
19 12 7 2
19 12 7 11
19 12 7 27
19 12 7 15
19 12 8 8
19 12 8 13
19 12 8 22
19 12 8 6
19 12 8 3
19 12 8 14
19 12 8 20
19 12 8 2
19 12 8 9
19 12 8 16
19 12 8 24
19 12 8 14
19 12 8 9
19 12 8 15
19 12 8 19
19 12 8 24
19 12 8 6
19 12 8 9
19 12 8 26
19 12 8 24
19 12 9 5
19 12 9 14
19 12 9 23
19 12 9 25
19 12 9 4
19 12 9 9
19 12 9 25
19 12 9 26
19 12 9 7
19 12 9 18
19 12 9 28
19 12 9 27
19 12 9 10
19 12 9 9
19 12 9 24
19 12 9 21
19 12 9 2
19 12 9 12
19 12 9 19
19 12 9 15
19 12 10 9
19 12 10 11
19 12 10 26
19 12 10 21
19 12 10 5
19 12 10 9
19 12 10 22
19 12 10 25
19 12 10 9
19 12 10 16
19 12 10 23
19 12 10 15
19 12 10 4
19 12 10 14
19 12 10 25
19 12 10 7
19 12 10 8
19 12 10 17
19 12 10 22
19 12 10 5
19 12 11 9
19 12 11 13
19 12 11 22
19 12 11 23
19 12 11 2
19 12 11 12
19 12 11 28
19 12 11 22
19 12 11 4
19 12 11 17
19 12 11 23
19 12 11 27
19 12 11 8
19 12 11 16
19 12 11 26
19 12 11 8
19 12 11 1
19 12 11 13
19 12 11 26
19 12 11 19
19 12 12 6
19 12 12 13
19 12 12 27
19 12 12 6
19 12 12 10
19 12 12 10
19 12 12 27
19 12 12 6
19 12 12 3
19 12 12 19
19 12 12 27
19 12 12 21
19 12 12 1
19 12 12 17
19 12 12 22
19 12 12 24
19 12 12 9
19 12 12 13
19 12 12 22
19 12 12 2
19 12 13 9
19 12 13 12
19 12 13 27
19 12 13 21
19 12 13 6
19 12 13 13
19 12 13 20
19 12 13 22
19 12 13 10
19 12 13 17
19 12 13 27
19 12 13 23
19 12 13 6
19 12 13 9
19 12 13 21
19 12 13 6
19 12 13 1
19 12 13 18
19 12 13 25
19 12 13 27
19 12 14 2
19 12 14 15
19 12 14 21
19 12 14 9
19 12 14 1
19 12 14 12
19 12 14 22
19 12 14 25
19 12 14 9
19 12 14 13
19 12 14 28
19 12 14 5
19 12 14 10
19 12 14 9
19 12 14 25
19 12 14 7
19 12 14 1
19 12 14 9
19 12 14 28
19 12 14 9
19 13 1 9
19 13 1 10
19 13 1 22
19 13 1 10
19 13 1 6
19 13 1 14
19 13 1 25
19 13 1 23
19 13 1 6
19 13 1 12
19 13 1 20
19 13 1 8
19 13 1 8
19 13 1 16
19 13 1 24
19 13 1 22
19 13 1 1
19 13 1 10
19 13 1 27
19 13 1 27
19 13 2 3
19 13 2 12
19 13 2 27
19 13 2 8
19 13 2 7
19 13 2 14
19 13 2 28
19 13 2 15
19 13 2 10
19 13 2 17
19 13 2 26
19 13 2 23
19 13 2 10
19 13 2 15
19 13 2 28
19 13 2 27
19 13 2 3
19 13 2 12
19 13 2 20
19 13 2 3
19 13 3 10
19 13 3 14
19 13 3 20
19 13 3 16
19 13 3 5
19 13 3 15
19 13 3 25
19 13 3 9
19 13 3 3
19 13 3 16
19 13 3 21
19 13 3 22
19 13 3 2
19 13 3 15
19 13 3 22
19 13 3 21
19 13 3 2
19 13 3 17
19 13 3 19
19 13 3 14
19 13 4 9
19 13 4 18
19 13 4 21
19 13 4 6
19 13 4 9
19 13 4 16
19 13 4 20
19 13 4 10
19 13 4 2
19 13 4 15
19 13 4 27
19 13 4 20
19 13 4 8
19 13 4 17
19 13 4 22
19 13 4 6
19 13 4 6
19 13 4 18
19 13 4 23
19 13 4 17
19 13 5 7
19 13 5 12
19 13 5 22
19 13 5 7
19 13 5 5
19 13 5 11
19 13 5 25
19 13 5 2
19 13 5 2
19 13 5 12
19 13 5 28
19 13 5 25
19 13 5 8
19 13 5 19
19 13 5 26
19 13 5 23
19 13 5 6
19 13 5 14
19 13 5 23
19 13 5 7
19 13 6 10
19 13 6 13
19 13 6 28
19 13 6 19
19 13 6 5
19 13 6 12
19 13 6 25
19 13 6 22
19 13 6 4
19 13 6 11
19 13 6 25
19 13 6 15
19 13 6 5
19 13 6 9
19 13 6 20
19 13 6 4
19 13 6 3
19 13 6 11
19 13 6 21
19 13 6 10
19 13 7 2
19 13 7 12
19 13 7 24
19 13 7 5
19 13 7 2
19 13 7 10
19 13 7 22
19 13 7 11
19 13 7 8
19 13 7 13
19 13 7 21
19 13 7 5
19 13 7 9
19 13 7 16
19 13 7 24
19 13 7 21
19 13 7 8
19 13 7 9
19 13 7 26
19 13 7 6
19 13 8 1
19 13 8 17
19 13 8 21
19 13 8 14
19 13 8 9
19 13 8 9
19 13 8 22
19 13 8 4
19 13 8 4
19 13 8 14
19 13 8 26
19 13 8 17
19 13 8 8
19 13 8 13
19 13 8 26
19 13 8 27
19 13 8 5
19 13 8 11
19 13 8 27
19 13 8 25
19 13 9 7
19 13 9 10
19 13 9 24
19 13 9 25
19 13 9 3
19 13 9 9
19 13 9 27
19 13 9 28
19 13 9 3
19 13 9 14
19 13 9 19
19 13 9 1
19 13 9 7
19 13 9 18
19 13 9 25
19 13 9 3
19 13 9 8
19 13 9 10
19 13 9 22
19 13 9 10
19 13 10 1
19 13 10 17
19 13 10 21
19 13 10 4
19 13 10 3
19 13 10 14
19 13 10 23
19 13 10 24
19 13 10 9
19 13 10 12
19 13 10 26
19 13 10 4
19 13 10 2
19 13 10 11
19 13 10 19
19 13 10 12
19 13 10 7
19 13 10 17
19 13 10 28
19 13 10 13
19 13 11 3
19 13 11 18
19 13 11 26
19 13 11 11
19 13 11 6
19 13 11 11
19 13 11 20
19 13 11 23
19 13 11 5
19 13 11 12
19 13 11 28
19 13 11 16
19 13 11 1
19 13 11 11
19 13 11 23
19 13 11 13
19 13 11 7
19 13 11 13
19 13 11 28
19 13 11 27
19 13 12 9
19 13 12 19
19 13 12 26
19 13 12 24
19 13 12 3
19 13 12 14
19 13 12 19
19 13 12 24
19 13 12 8
19 13 12 9
19 13 12 20
19 13 12 23
19 13 12 1
19 13 12 15
19 13 12 24
19 13 12 14
19 13 12 1
19 13 12 12
19 13 12 23
19 13 12 24
19 13 13 4
19 13 13 18
19 13 13 24
19 13 13 27
19 13 13 4
19 13 13 19
19 13 13 21
19 13 13 5
19 13 13 10
19 13 13 16
19 13 13 23
19 13 13 28
19 13 13 4
19 13 13 9
19 13 13 25
19 13 13 8
19 13 13 1
19 13 13 10
19 13 13 24
19 13 13 3
19 13 14 3
19 13 14 17
19 13 14 22
19 13 14 4
19 13 14 4
19 13 14 14
19 13 14 27
19 13 14 26
19 13 14 6
19 13 14 11
19 13 14 21
19 13 14 16
19 13 14 3
19 13 14 15
19 13 14 19
19 13 14 1
19 13 14 3
19 13 14 18
19 13 14 25
19 13 14 21
19 14 1 6
19 14 1 11
19 14 1 27
19 14 1 28
19 14 1 5
19 14 1 10
19 14 1 21
19 14 1 11
19 14 1 4
19 14 1 9
19 14 1 26
19 14 1 17
19 14 1 1
19 14 1 15
19 14 1 26
19 14 1 16
19 14 1 1
19 14 1 13
19 14 1 20
19 14 1 6
19 14 2 6
19 14 2 17
19 14 2 24
19 14 2 20
19 14 2 8
19 14 2 12
19 14 2 21
19 14 2 19
19 14 2 8
19 14 2 17
19 14 2 22
19 14 2 27
19 14 2 2
19 14 2 9
19 14 2 20
19 14 2 26
19 14 2 5
19 14 2 12
19 14 2 24
19 14 2 19
19 14 3 7
19 14 3 13
19 14 3 21
19 14 3 8
19 14 3 3
19 14 3 18
19 14 3 22
19 14 3 11
19 14 3 1
19 14 3 12
19 14 3 22
19 14 3 3
19 14 3 1
19 14 3 11
19 14 3 20
19 14 3 1
19 14 3 9
19 14 3 17
19 14 3 26
19 14 3 4
19 14 4 7
19 14 4 11
19 14 4 28
19 14 4 6
19 14 4 9
19 14 4 15
19 14 4 24
19 14 4 14
19 14 4 5
19 14 4 10
19 14 4 19
19 14 4 28
19 14 4 10
19 14 4 18
19 14 4 24
19 14 4 22
19 14 4 2
19 14 4 10
19 14 4 28
19 14 4 11
19 14 5 2
19 14 5 16
19 14 5 24
19 14 5 17
19 14 5 6
19 14 5 19
19 14 5 28
19 14 5 13
19 14 5 3
19 14 5 14
19 14 5 23
19 14 5 15
19 14 5 8
19 14 5 14
19 14 5 21
19 14 5 10
19 14 5 10
19 14 5 16
19 14 5 27
19 14 5 20
19 14 6 1
19 14 6 15
19 14 6 20
19 14 6 13
19 14 6 3
19 14 6 15
19 14 6 22
19 14 6 3
19 14 6 4
19 14 6 17
19 14 6 20
19 14 6 7
19 14 6 10
19 14 6 19
19 14 6 21
19 14 6 26
19 14 6 2
19 14 6 13
19 14 6 22
19 14 6 15
19 14 7 9
19 14 7 14
19 14 7 23
19 14 7 5
19 14 7 8
19 14 7 14
19 14 7 21
19 14 7 28
19 14 7 3
19 14 7 17
19 14 7 23
19 14 7 12
19 14 7 6
19 14 7 15
19 14 7 27
19 14 7 22
19 14 7 8
19 14 7 12
19 14 7 21
19 14 7 21
19 14 8 10
19 14 8 14
19 14 8 22
19 14 8 13
19 14 8 3
19 14 8 14
19 14 8 23
19 14 8 27
19 14 8 1
19 14 8 13
19 14 8 27
19 14 8 26
19 14 8 7
19 14 8 16
19 14 8 20
19 14 8 8
19 14 8 9
19 14 8 11
19 14 8 20
19 14 8 7
19 14 9 5
19 14 9 10
19 14 9 19
19 14 9 22
19 14 9 4
19 14 9 10
19 14 9 24
19 14 9 8
19 14 9 7
19 14 9 16
19 14 9 26
19 14 9 6
19 14 9 1
19 14 9 14
19 14 9 27
19 14 9 17
19 14 9 5
19 14 9 17
19 14 9 25
19 14 9 19
19 14 10 4
19 14 10 16
19 14 10 20
19 14 10 4
19 14 10 7
19 14 10 15
19 14 10 26
19 14 10 20
19 14 10 1
19 14 10 9
19 14 10 24
19 14 10 25
19 14 10 6
19 14 10 17
19 14 10 26
19 14 10 18
19 14 10 7
19 14 10 18
19 14 10 24
19 14 10 15
19 14 11 10
19 14 11 9
19 14 11 23
19 14 11 8
19 14 11 5
19 14 11 18
19 14 11 19
19 14 11 18
19 14 11 6
19 14 11 14
19 14 11 21
19 14 11 2
19 14 11 1
19 14 11 18
19 14 11 19
19 14 11 3
19 14 11 4
19 14 11 12
19 14 11 21
19 14 11 13
19 14 12 2
19 14 12 18
19 14 12 25
19 14 12 13
19 14 12 1
19 14 12 14
19 14 12 26
19 14 12 14
19 14 12 8
19 14 12 12
19 14 12 22
19 14 12 17
19 14 12 3
19 14 12 12
19 14 12 24
19 14 12 23
19 14 12 8
19 14 12 11
19 14 12 25
19 14 12 28
19 14 13 2
19 14 13 14
19 14 13 20
19 14 13 11
19 14 13 10
19 14 13 18
19 14 13 27
19 14 13 8
19 14 13 9
19 14 13 14
19 14 13 24
19 14 13 10
19 14 13 2
19 14 13 15
19 14 13 24
19 14 13 26
19 14 13 9
19 14 13 10
19 14 13 21
19 14 13 8
19 14 14 7
19 14 14 11
19 14 14 27
19 14 14 25
19 14 14 1
19 14 14 18
19 14 14 21
19 14 14 8
19 14 14 8
19 14 14 13
19 14 14 25
19 14 14 19
19 14 14 3
19 14 14 14
19 14 14 22
19 14 14 4
19 14 14 2
19 14 14 9
19 14 14 24
19 14 14 19
23 1 1 2
23 1 1 12
23 1 1 30
23 1 1 19
23 1 1 1
23 1 1 13
23 1 1 25
23 1 1 15
23 1 1 9
23 1 1 21
23 1 1 23
23 1 1 2
23 1 1 9
23 1 1 19
23 1 1 31
23 1 1 32
23 1 1 4
23 1 1 12
23 1 1 26
23 1 1 4
23 1 2 10
23 1 2 20
23 1 2 24
23 1 2 3
23 1 2 7
23 1 2 20
23 1 2 24
23 1 2 12
23 1 2 10
23 1 2 23
23 1 2 26
23 1 2 23
23 1 2 9
23 1 2 19
23 1 2 31
23 1 2 26
23 1 2 2
23 1 2 13
23 1 2 26
23 1 2 8
23 1 3 9
23 1 3 19
23 1 3 25
23 1 3 11
23 1 3 1
23 1 3 16
23 1 3 32
23 1 3 9
23 1 3 7
23 1 3 19
23 1 3 28
23 1 3 31
23 1 3 3
23 1 3 13
23 1 3 30
23 1 3 28
23 1 3 6
23 1 3 16
23 1 3 27
23 1 3 13
23 1 4 4
23 1 4 18
23 1 4 30
23 1 4 29
23 1 4 4
23 1 4 12
23 1 4 32
23 1 4 9
23 1 4 4
23 1 4 15
23 1 4 31
23 1 4 31
23 1 4 6
23 1 4 23
23 1 4 29
23 1 4 13
23 1 4 4
23 1 4 15
23 1 4 25
23 1 4 26
23 1 5 9
23 1 5 21
23 1 5 24
23 1 5 11
23 1 5 2
23 1 5 18
23 1 5 25
23 1 5 3
23 1 5 2
23 1 5 18
23 1 5 23
23 1 5 29
23 1 5 4
23 1 5 15
23 1 5 28
23 1 5 19
23 1 5 8
23 1 5 20
23 1 5 23
23 1 5 27
23 1 6 6
23 1 6 23
23 1 6 30
23 1 6 29
23 1 6 6
23 1 6 22
23 1 6 25
23 1 6 12
23 1 6 6
23 1 6 21
23 1 6 29
23 1 6 8
23 1 6 8
23 1 6 13
23 1 6 27
23 1 6 8
23 1 6 5
23 1 6 23
23 1 6 32
23 1 6 13
23 1 7 1
23 1 7 21
23 1 7 29
23 1 7 13
23 1 7 2
23 1 7 18
23 1 7 29
23 1 7 15
23 1 7 9
23 1 7 21
23 1 7 24
23 1 7 26
23 1 7 3
23 1 7 13
23 1 7 26
23 1 7 12
23 1 7 6
23 1 7 11
23 1 7 27
23 1 7 16
23 1 8 9
23 1 8 12
23 1 8 28
23 1 8 30
23 1 8 10
23 1 8 14
23 1 8 27
23 1 8 2
23 1 8 6
23 1 8 22
23 1 8 23
23 1 8 26
23 1 8 3
23 1 8 20
23 1 8 23
23 1 8 7
23 1 8 8
23 1 8 21
23 1 8 30
23 1 8 17
23 1 9 7
23 1 9 22
23 1 9 23
23 1 9 27
23 1 9 7
23 1 9 16
23 1 9 26
23 1 9 5
23 1 9 9
23 1 9 17
23 1 9 27
23 1 9 14
23 1 9 1
23 1 9 22
23 1 9 31
23 1 9 4
23 1 9 10
23 1 9 21
23 1 9 24
23 1 9 3
23 1 10 9
23 1 10 13
23 1 10 32
23 1 10 12
23 1 10 4
23 1 10 13
23 1 10 24
23 1 10 20
23 1 10 6
23 1 10 14
23 1 10 29
23 1 10 30
23 1 10 6
23 1 10 15
23 1 10 25
23 1 10 11
23 1 10 10
23 1 10 14
23 1 10 24
23 1 10 4
23 1 11 9
23 1 11 14
23 1 11 28
23 1 11 14
23 1 11 8
23 1 11 11
23 1 11 23
23 1 11 24
23 1 11 8
23 1 11 22
23 1 11 25
23 1 11 7
23 1 11 2
23 1 11 17
23 1 11 25
23 1 11 2
23 1 11 2
23 1 11 21
23 1 11 27
23 1 11 1
23 1 12 6
23 1 12 23
23 1 12 28
23 1 12 22
23 1 12 10
23 1 12 21
23 1 12 32
23 1 12 31
23 1 12 4
23 1 12 14
23 1 12 29
23 1 12 1
23 1 12 10
23 1 12 17
23 1 12 26
23 1 12 8
23 1 12 3
23 1 12 19
23 1 12 29
23 1 12 17
23 1 13 8
23 1 13 15
23 1 13 29
23 1 13 18
23 1 13 7
23 1 13 16
23 1 13 24
23 1 13 22
23 1 13 5
23 1 13 23
23 1 13 23
23 1 13 2
23 1 13 9
23 1 13 18
23 1 13 32
23 1 13 7
23 1 13 3
23 1 13 17
23 1 13 25
23 1 13 19
23 1 14 4
23 1 14 11
23 1 14 23
23 1 14 10
23 1 14 10
23 1 14 18
23 1 14 28
23 1 14 10
23 1 14 10
23 1 14 20
23 1 14 27
23 1 14 28
23 1 14 7
23 1 14 11
23 1 14 25
23 1 14 32
23 1 14 1
23 1 14 20
23 1 14 23
23 1 14 5
23 2 1 9
23 2 1 12
23 2 1 32
23 2 1 18
23 2 1 2
23 2 1 20
23 2 1 25
23 2 1 19
23 2 1 8
23 2 1 23
23 2 1 32
23 2 1 10
23 2 1 4
23 2 1 21
23 2 1 26
23 2 1 13
23 2 1 6
23 2 1 20
23 2 1 26
23 2 1 23
23 2 2 3
23 2 2 13
23 2 2 32
23 2 2 14
23 2 2 6
23 2 2 16
23 2 2 32
23 2 2 20
23 2 2 7
23 2 2 19
23 2 2 23
23 2 2 23
23 2 2 9
23 2 2 12
23 2 2 26
23 2 2 14
23 2 2 4
23 2 2 22
23 2 2 28
23 2 2 23
23 2 3 6
23 2 3 13
23 2 3 29
23 2 3 5
23 2 3 8
23 2 3 14
23 2 3 25
23 2 3 29
23 2 3 2
23 2 3 13
23 2 3 28
23 2 3 21
23 2 3 8
23 2 3 14
23 2 3 30
23 2 3 24
23 2 3 3
23 2 3 23
23 2 3 30
23 2 3 2
23 2 4 8
23 2 4 18
23 2 4 24
23 2 4 18
23 2 4 6
23 2 4 12
23 2 4 29
23 2 4 2
23 2 4 1
23 2 4 18
23 2 4 26
23 2 4 8
23 2 4 8
23 2 4 12
23 2 4 25
23 2 4 30
23 2 4 9
23 2 4 16
23 2 4 24
23 2 4 14
23 2 5 8
23 2 5 22
23 2 5 31
23 2 5 25
23 2 5 9
23 2 5 23
23 2 5 24
23 2 5 28
23 2 5 1
23 2 5 19
23 2 5 25
23 2 5 19
23 2 5 2
23 2 5 11
23 2 5 27
23 2 5 6
23 2 5 6
23 2 5 18
23 2 5 28
23 2 5 3
23 2 6 2
23 2 6 14
23 2 6 27
23 2 6 19
23 2 6 6
23 2 6 12
23 2 6 28
23 2 6 21
23 2 6 10
23 2 6 18
23 2 6 26
23 2 6 5
23 2 6 10
23 2 6 21
23 2 6 26
23 2 6 28
23 2 6 4
23 2 6 15
23 2 6 32
23 2 6 28
23 2 7 5
23 2 7 14
23 2 7 31
23 2 7 7
23 2 7 7
23 2 7 23
23 2 7 26
23 2 7 25
23 2 7 6
23 2 7 19
23 2 7 32
23 2 7 16
23 2 7 3
23 2 7 17
23 2 7 32
23 2 7 14
23 2 7 8
23 2 7 18
23 2 7 31
23 2 7 20
23 2 8 4
23 2 8 12
23 2 8 23
23 2 8 10
23 2 8 5
23 2 8 16
23 2 8 23
23 2 8 8
23 2 8 4
23 2 8 23
23 2 8 24
23 2 8 26
23 2 8 3
23 2 8 13
23 2 8 32
23 2 8 24
23 2 8 8
23 2 8 22
23 2 8 25
23 2 8 30
23 2 9 8
23 2 9 22
23 2 9 26
23 2 9 16
23 2 9 10
23 2 9 13
23 2 9 24
23 2 9 2
23 2 9 4
23 2 9 15
23 2 9 24
23 2 9 7
23 2 9 2
23 2 9 22
23 2 9 30
23 2 9 13
23 2 9 6
23 2 9 16
23 2 9 24
23 2 9 6
23 2 10 6
23 2 10 21
23 2 10 23
23 2 10 32
23 2 10 3
23 2 10 12
23 2 10 32
23 2 10 3
23 2 10 9
23 2 10 16
23 2 10 32
23 2 10 15
23 2 10 4
23 2 10 16
23 2 10 32
23 2 10 29
23 2 10 9
23 2 10 14
23 2 10 24
23 2 10 11
23 2 11 3
23 2 11 16
23 2 11 25
23 2 11 31
23 2 11 10
23 2 11 18
23 2 11 26
23 2 11 17
23 2 11 2
23 2 11 17
23 2 11 24
23 2 11 18
23 2 11 5
23 2 11 16
23 2 11 30
23 2 11 32
23 2 11 5
23 2 11 23
23 2 11 24
23 2 11 27
23 2 12 2
23 2 12 14
23 2 12 24
23 2 12 25
23 2 12 1
23 2 12 20
23 2 12 27
23 2 12 22
23 2 12 2
23 2 12 17
23 2 12 32
23 2 12 27
23 2 12 9
23 2 12 22
23 2 12 30
23 2 12 29
23 2 12 1
23 2 12 18
23 2 12 31
23 2 12 10
23 2 13 5
23 2 13 13
23 2 13 29
23 2 13 27
23 2 13 5
23 2 13 11
23 2 13 29
23 2 13 26
23 2 13 9
23 2 13 22
23 2 13 23
23 2 13 6
23 2 13 4
23 2 13 15
23 2 13 32
23 2 13 7
23 2 13 8
23 2 13 12
23 2 13 28
23 2 13 12
23 2 14 5
23 2 14 20
23 2 14 31
23 2 14 12
23 2 14 7
23 2 14 21
23 2 14 27
23 2 14 22
23 2 14 7
23 2 14 23
23 2 14 29
23 2 14 12
23 2 14 2
23 2 14 16
23 2 14 28
23 2 14 26
23 2 14 9
23 2 14 19
23 2 14 25
23 2 14 29
23 3 1 8
23 3 1 15
23 3 1 28
23 3 1 28
23 3 1 2
23 3 1 12
23 3 1 30
23 3 1 22
23 3 1 1
23 3 1 18
23 3 1 29
23 3 1 21
23 3 1 10
23 3 1 19
23 3 1 24
23 3 1 5
23 3 1 10
23 3 1 14
23 3 1 25
23 3 1 20
23 3 2 2
23 3 2 21
23 3 2 24
23 3 2 22
23 3 2 9
23 3 2 16
23 3 2 29
23 3 2 19
23 3 2 2
23 3 2 11
23 3 2 28
23 3 2 20
23 3 2 8
23 3 2 21
23 3 2 31
23 3 2 1
23 3 2 10
23 3 2 14
23 3 2 28
23 3 2 6
23 3 3 7
23 3 3 16
23 3 3 24
23 3 3 2
23 3 3 8
23 3 3 16
23 3 3 23
23 3 3 7
23 3 3 8
23 3 3 23
23 3 3 25
23 3 3 32
23 3 3 9
23 3 3 17
23 3 3 30
23 3 3 18
23 3 3 6
23 3 3 19
23 3 3 27
23 3 3 12
23 3 4 3
23 3 4 17
23 3 4 25
23 3 4 1
23 3 4 10
23 3 4 17
23 3 4 23
23 3 4 4
23 3 4 7
23 3 4 14
23 3 4 27
23 3 4 32
23 3 4 5
23 3 4 16
23 3 4 30
23 3 4 4
23 3 4 6
23 3 4 20
23 3 4 29
23 3 4 28
23 3 5 3
23 3 5 18
23 3 5 24
23 3 5 7
23 3 5 5
23 3 5 16
23 3 5 24
23 3 5 16
23 3 5 5
23 3 5 13
23 3 5 31
23 3 5 19
23 3 5 9
23 3 5 12
23 3 5 31
23 3 5 11
23 3 5 8
23 3 5 20
23 3 5 32
23 3 5 5
23 3 6 3
23 3 6 21
23 3 6 24
23 3 6 20
23 3 6 8
23 3 6 17
23 3 6 26
23 3 6 17
23 3 6 4
23 3 6 11
23 3 6 32
23 3 6 10
23 3 6 5
23 3 6 21
23 3 6 29
23 3 6 25
23 3 6 1
23 3 6 16
23 3 6 27
23 3 6 31
23 3 7 10
23 3 7 20
23 3 7 31
23 3 7 16
23 3 7 10
23 3 7 18
23 3 7 32
23 3 7 13
23 3 7 9
23 3 7 22
23 3 7 25
23 3 7 1
23 3 7 8
23 3 7 18
23 3 7 32
23 3 7 10
23 3 7 4
23 3 7 19
23 3 7 30
23 3 7 14
23 3 8 6
23 3 8 23
23 3 8 30
23 3 8 6
23 3 8 7
23 3 8 15
23 3 8 29
23 3 8 9
23 3 8 3
23 3 8 19
23 3 8 28
23 3 8 31
23 3 8 6
23 3 8 14
23 3 8 25
23 3 8 13
23 3 8 4
23 3 8 15
23 3 8 24
23 3 8 5
23 3 9 10
23 3 9 15
23 3 9 32
23 3 9 20
23 3 9 1
23 3 9 21
23 3 9 25
23 3 9 1
23 3 9 8
23 3 9 12
23 3 9 24
23 3 9 7
23 3 9 10
23 3 9 21
23 3 9 28
23 3 9 3
23 3 9 4
23 3 9 23
23 3 9 23
23 3 9 28
23 3 10 1
23 3 10 15
23 3 10 31
23 3 10 15
23 3 10 8
23 3 10 23
23 3 10 23
23 3 10 1
23 3 10 10
23 3 10 17
23 3 10 25
23 3 10 9
23 3 10 10
23 3 10 21
23 3 10 23
23 3 10 31
23 3 10 5
23 3 10 22
23 3 10 31
23 3 10 13
23 3 11 8
23 3 11 12
23 3 11 32
23 3 11 14
23 3 11 8
23 3 11 14
23 3 11 24
23 3 11 32
23 3 11 5
23 3 11 14
23 3 11 27
23 3 11 21
23 3 11 2
23 3 11 12
23 3 11 29
23 3 11 11
23 3 11 8
23 3 11 13
23 3 11 28
23 3 11 9
23 3 12 6
23 3 12 19
23 3 12 27
23 3 12 15
23 3 12 3
23 3 12 17
23 3 12 29
23 3 12 28
23 3 12 6
23 3 12 14
23 3 12 28
23 3 12 22
23 3 12 3
23 3 12 23
23 3 12 27
23 3 12 19
23 3 12 3
23 3 12 18
23 3 12 32
23 3 12 11
23 3 13 7
23 3 13 18
23 3 13 30
23 3 13 31
23 3 13 5
23 3 13 22
23 3 13 30
23 3 13 9
23 3 13 1
23 3 13 19
23 3 13 29
23 3 13 27
23 3 13 1
23 3 13 16
23 3 13 28
23 3 13 4
23 3 13 2
23 3 13 15
23 3 13 23
23 3 13 7
23 3 14 8
23 3 14 22
23 3 14 25
23 3 14 23
23 3 14 8
23 3 14 11
23 3 14 25
23 3 14 10
23 3 14 1
23 3 14 22
23 3 14 26
23 3 14 18
23 3 14 3
23 3 14 12
23 3 14 31
23 3 14 28
23 3 14 9
23 3 14 23
23 3 14 31
23 3 14 24
23 4 1 6
23 4 1 12
23 4 1 27
23 4 1 10
23 4 1 10
23 4 1 22
23 4 1 23
23 4 1 14
23 4 1 8
23 4 1 21
23 4 1 28
23 4 1 20
23 4 1 3
23 4 1 23
23 4 1 23
23 4 1 31
23 4 1 7
23 4 1 21
23 4 1 26
23 4 1 15
23 4 2 4
23 4 2 11
23 4 2 29
23 4 2 20
23 4 2 10
23 4 2 21
23 4 2 32
23 4 2 19
23 4 2 9
23 4 2 20
23 4 2 25
23 4 2 32
23 4 2 3
23 4 2 11
23 4 2 28
23 4 2 31
23 4 2 3
23 4 2 14
23 4 2 32
23 4 2 27
23 4 3 10
23 4 3 14
23 4 3 30
23 4 3 3
23 4 3 7
23 4 3 18
23 4 3 27
23 4 3 22
23 4 3 1
23 4 3 18
23 4 3 32
23 4 3 13
23 4 3 10
23 4 3 12
23 4 3 30
23 4 3 13
23 4 3 1
23 4 3 17
23 4 3 28
23 4 3 17
23 4 4 4
23 4 4 21
23 4 4 26
23 4 4 12
23 4 4 10
23 4 4 11
23 4 4 24
23 4 4 14
23 4 4 6
23 4 4 11
23 4 4 30
23 4 4 17
23 4 4 9
23 4 4 22
23 4 4 28
23 4 4 19
23 4 4 1
23 4 4 19
23 4 4 24
23 4 4 28
23 4 5 8
23 4 5 13
23 4 5 32
23 4 5 31
23 4 5 6
23 4 5 18
23 4 5 23
23 4 5 24
23 4 5 1
23 4 5 17
23 4 5 28
23 4 5 19
23 4 5 6
23 4 5 11
23 4 5 28
23 4 5 8
23 4 5 4
23 4 5 19
23 4 5 25
23 4 5 26
23 4 6 4
23 4 6 12
23 4 6 31
23 4 6 15
23 4 6 4
23 4 6 20
23 4 6 28
23 4 6 32
23 4 6 3
23 4 6 21
23 4 6 30
23 4 6 32
23 4 6 1
23 4 6 16
23 4 6 26
23 4 6 23
23 4 6 7
23 4 6 19
23 4 6 24
23 4 6 4
23 4 7 3
23 4 7 18
23 4 7 25
23 4 7 1
23 4 7 3
23 4 7 14
23 4 7 24
23 4 7 29
23 4 7 9
23 4 7 14
23 4 7 27
23 4 7 27
23 4 7 1
23 4 7 16
23 4 7 23
23 4 7 3
23 4 7 3
23 4 7 11
23 4 7 27
23 4 7 15
23 4 8 7
23 4 8 11
23 4 8 32
23 4 8 24
23 4 8 8
23 4 8 23
23 4 8 29
23 4 8 17
23 4 8 3
23 4 8 13
23 4 8 30
23 4 8 29
23 4 8 5
23 4 8 23
23 4 8 28
23 4 8 15
23 4 8 3
23 4 8 18
23 4 8 31
23 4 8 23
23 4 9 7
23 4 9 16
23 4 9 23
23 4 9 26
23 4 9 8
23 4 9 14
23 4 9 23
23 4 9 26
23 4 9 2
23 4 9 15
23 4 9 23
23 4 9 14
23 4 9 7
23 4 9 23
23 4 9 27
23 4 9 3
23 4 9 3
23 4 9 14
23 4 9 23
23 4 9 32
23 4 10 3
23 4 10 21
23 4 10 30
23 4 10 1
23 4 10 7
23 4 10 19
23 4 10 30
23 4 10 25
23 4 10 6
23 4 10 15
23 4 10 25
23 4 10 8
23 4 10 4
23 4 10 11
23 4 10 27
23 4 10 7
23 4 10 7
23 4 10 15
23 4 10 27
23 4 10 19
23 4 11 4
23 4 11 14
23 4 11 24
23 4 11 22
23 4 11 7
23 4 11 12
23 4 11 23
23 4 11 30
23 4 11 2
23 4 11 20
23 4 11 26
23 4 11 23
23 4 11 10
23 4 11 11
23 4 11 29
23 4 11 31
23 4 11 2
23 4 11 15
23 4 11 28
23 4 11 26
23 4 12 9
23 4 12 18
23 4 12 27
23 4 12 18
23 4 12 7
23 4 12 20
23 4 12 25
23 4 12 28
23 4 12 1
23 4 12 22
23 4 12 26
23 4 12 28
23 4 12 9
23 4 12 14
23 4 12 32
23 4 12 30
23 4 12 5
23 4 12 15
23 4 12 30
23 4 12 19
23 4 13 6
23 4 13 16
23 4 13 23
23 4 13 13
23 4 13 6
23 4 13 11
23 4 13 24
23 4 13 3
23 4 13 5
23 4 13 16
23 4 13 29
23 4 13 29
23 4 13 7
23 4 13 23
23 4 13 32
23 4 13 5
23 4 13 3
23 4 13 18
23 4 13 30
23 4 13 9
23 4 14 3
23 4 14 14
23 4 14 24
23 4 14 1
23 4 14 2
23 4 14 15
23 4 14 30
23 4 14 20
23 4 14 9
23 4 14 14
23 4 14 27
23 4 14 1
23 4 14 5
23 4 14 21
23 4 14 30
23 4 14 23
23 4 14 10
23 4 14 14
23 4 14 29
23 4 14 18
23 5 1 8
23 5 1 17
23 5 1 30
23 5 1 20
23 5 1 4
23 5 1 15
23 5 1 27
23 5 1 32
23 5 1 4
23 5 1 13
23 5 1 28
23 5 1 21
23 5 1 3
23 5 1 13
23 5 1 28
23 5 1 14
23 5 1 4
23 5 1 15
23 5 1 24
23 5 1 10
23 5 2 1
23 5 2 14
23 5 2 23
23 5 2 17
23 5 2 5
23 5 2 19
23 5 2 29
23 5 2 31
23 5 2 7
23 5 2 15
23 5 2 32
23 5 2 29
23 5 2 2
23 5 2 16
23 5 2 30
23 5 2 6
23 5 2 3
23 5 2 15
23 5 2 28
23 5 2 4
23 5 3 3
23 5 3 13
23 5 3 23
23 5 3 3
23 5 3 10
23 5 3 18
23 5 3 23
23 5 3 6
23 5 3 8
23 5 3 15
23 5 3 31
23 5 3 6
23 5 3 8
23 5 3 11
23 5 3 23
23 5 3 26
23 5 3 7
23 5 3 21
23 5 3 31
23 5 3 26
23 5 4 1
23 5 4 20
23 5 4 29
23 5 4 6
23 5 4 6
23 5 4 11
23 5 4 32
23 5 4 20
23 5 4 4
23 5 4 13
23 5 4 23
23 5 4 12
23 5 4 6
23 5 4 17
23 5 4 25
23 5 4 19
23 5 4 10
23 5 4 12
23 5 4 30
23 5 4 15
23 5 5 8
23 5 5 20
23 5 5 24
23 5 5 15
23 5 5 8
23 5 5 14
23 5 5 24
23 5 5 25
23 5 5 10
23 5 5 12
23 5 5 25
23 5 5 30
23 5 5 6
23 5 5 11
23 5 5 27
23 5 5 7
23 5 5 7
23 5 5 22
23 5 5 30
23 5 5 15
23 5 6 3
23 5 6 15
23 5 6 25
23 5 6 32
23 5 6 7
23 5 6 15
23 5 6 25
23 5 6 3
23 5 6 8
23 5 6 20
23 5 6 23
23 5 6 1
23 5 6 1
23 5 6 22
23 5 6 27
23 5 6 25
23 5 6 7
23 5 6 22
23 5 6 25
23 5 6 9
23 5 7 3
23 5 7 23
23 5 7 30
23 5 7 26
23 5 7 2
23 5 7 20
23 5 7 25
23 5 7 7
23 5 7 5
23 5 7 11
23 5 7 28
23 5 7 12
23 5 7 4
23 5 7 17
23 5 7 26
23 5 7 4
23 5 7 3
23 5 7 18
23 5 7 25
23 5 7 10
23 5 8 1
23 5 8 12
23 5 8 25
23 5 8 26
23 5 8 7
23 5 8 13
23 5 8 27
23 5 8 7
23 5 8 9
23 5 8 15
23 5 8 31
23 5 8 4
23 5 8 10
23 5 8 20
23 5 8 29
23 5 8 9
23 5 8 4
23 5 8 13
23 5 8 27
23 5 8 10
23 5 9 7
23 5 9 13
23 5 9 25
23 5 9 19
23 5 9 5
23 5 9 16
23 5 9 31
23 5 9 29
23 5 9 8
23 5 9 16
23 5 9 25
23 5 9 19
23 5 9 5
23 5 9 17
23 5 9 29
23 5 9 13
23 5 9 4
23 5 9 11
23 5 9 30
23 5 9 9
23 5 10 3
23 5 10 20
23 5 10 27
23 5 10 32
23 5 10 5
23 5 10 19
23 5 10 25
23 5 10 4
23 5 10 9
23 5 10 20
23 5 10 30
23 5 10 12
23 5 10 4
23 5 10 15
23 5 10 23
23 5 10 24
23 5 10 9
23 5 10 20
23 5 10 28
23 5 10 30
23 5 11 1
23 5 11 18
23 5 11 23
23 5 11 19
23 5 11 8
23 5 11 17
23 5 11 27
23 5 11 9
23 5 11 4
23 5 11 20
23 5 11 23
23 5 11 24
23 5 11 7
23 5 11 20
23 5 11 28
23 5 11 1
23 5 11 6
23 5 11 19
23 5 11 32
23 5 11 14
23 5 12 3
23 5 12 16
23 5 12 28
23 5 12 14
23 5 12 9
23 5 12 23
23 5 12 29
23 5 12 7
23 5 12 5
23 5 12 14
23 5 12 27
23 5 12 15
23 5 12 10
23 5 12 14
23 5 12 31
23 5 12 11
23 5 12 9
23 5 12 17
23 5 12 24
23 5 12 20
23 5 13 1
23 5 13 13
23 5 13 27
23 5 13 18
23 5 13 4
23 5 13 13
23 5 13 25
23 5 13 8
23 5 13 2
23 5 13 16
23 5 13 30
23 5 13 2
23 5 13 8
23 5 13 12
23 5 13 23
23 5 13 8
23 5 13 7
23 5 13 17
23 5 13 25
23 5 13 21
23 5 14 1
23 5 14 19
23 5 14 24
23 5 14 18
23 5 14 3
23 5 14 20
23 5 14 32
23 5 14 3
23 5 14 6
23 5 14 19
23 5 14 25
23 5 14 21
23 5 14 6
23 5 14 15
23 5 14 26
23 5 14 31
23 5 14 7
23 5 14 12
23 5 14 31
23 5 14 17
23 6 1 2
23 6 1 22
23 6 1 32
23 6 1 6
23 6 1 10
23 6 1 15
23 6 1 31
23 6 1 12
23 6 1 4
23 6 1 13
23 6 1 29
23 6 1 20
23 6 1 6
23 6 1 16
23 6 1 24
23 6 1 4
23 6 1 9
23 6 1 19
23 6 1 24
23 6 1 30
23 6 2 10
23 6 2 16
23 6 2 30
23 6 2 26
23 6 2 3
23 6 2 19
23 6 2 32
23 6 2 10
23 6 2 2
23 6 2 15
23 6 2 32
23 6 2 25
23 6 2 1
23 6 2 20
23 6 2 31
23 6 2 28
23 6 2 10
23 6 2 19
23 6 2 30
23 6 2 25
23 6 3 2
23 6 3 19
23 6 3 28
23 6 3 6
23 6 3 5
23 6 3 20
23 6 3 24
23 6 3 30
23 6 3 2
23 6 3 13
23 6 3 23
23 6 3 26
23 6 3 6
23 6 3 20
23 6 3 29
23 6 3 20
23 6 3 2
23 6 3 16
23 6 3 26
23 6 3 30
23 6 4 9
23 6 4 13
23 6 4 27
23 6 4 30
23 6 4 2
23 6 4 12
23 6 4 26
23 6 4 3
23 6 4 10
23 6 4 12
23 6 4 31
23 6 4 31
23 6 4 3
23 6 4 22
23 6 4 30
23 6 4 29
23 6 4 4
23 6 4 23
23 6 4 32
23 6 4 10
23 6 5 6
23 6 5 19
23 6 5 29
23 6 5 6
23 6 5 6
23 6 5 14
23 6 5 29
23 6 5 15
23 6 5 7
23 6 5 21
23 6 5 26
23 6 5 26
23 6 5 8
23 6 5 23
23 6 5 31
23 6 5 6
23 6 5 7
23 6 5 13
23 6 5 23
23 6 5 16
23 6 6 8
23 6 6 16
23 6 6 28
23 6 6 29
23 6 6 3
23 6 6 22
23 6 6 27
23 6 6 20
23 6 6 5
23 6 6 22
23 6 6 23
23 6 6 28
23 6 6 7
23 6 6 22
23 6 6 26
23 6 6 14
23 6 6 4
23 6 6 12
23 6 6 28
23 6 6 5
23 6 7 6
23 6 7 22
23 6 7 30
23 6 7 23
23 6 7 9
23 6 7 19
23 6 7 32
23 6 7 26
23 6 7 3
23 6 7 23
23 6 7 25
23 6 7 14
23 6 7 1
23 6 7 17
23 6 7 23
23 6 7 8
23 6 7 8
23 6 7 14
23 6 7 27
23 6 7 12
23 6 8 2
23 6 8 21
23 6 8 32
23 6 8 15
23 6 8 9
23 6 8 17
23 6 8 31
23 6 8 6
23 6 8 3
23 6 8 18
23 6 8 32
23 6 8 20
23 6 8 10
23 6 8 20
23 6 8 28
23 6 8 30
23 6 8 2
23 6 8 23
23 6 8 25
23 6 8 15
23 6 9 6
23 6 9 21
23 6 9 26
23 6 9 21
23 6 9 10
23 6 9 19
23 6 9 28
23 6 9 17
23 6 9 6
23 6 9 18
23 6 9 25
23 6 9 24
23 6 9 9
23 6 9 16
23 6 9 26
23 6 9 15
23 6 9 8
23 6 9 22
23 6 9 27
23 6 9 18
23 6 10 10
23 6 10 20
23 6 10 28
23 6 10 17
23 6 10 3
23 6 10 17
23 6 10 23
23 6 10 10
23 6 10 1
23 6 10 11
23 6 10 25
23 6 10 25
23 6 10 1
23 6 10 14
23 6 10 26
23 6 10 7
23 6 10 2
23 6 10 17
23 6 10 23
23 6 10 13
23 6 11 10
23 6 11 21
23 6 11 28
23 6 11 7
23 6 11 3
23 6 11 18
23 6 11 25
23 6 11 11
23 6 11 2
23 6 11 17
23 6 11 27
23 6 11 14
23 6 11 5
23 6 11 21
23 6 11 24
23 6 11 1
23 6 11 5
23 6 11 12
23 6 11 32
23 6 11 18
23 6 12 2
23 6 12 15
23 6 12 28
23 6 12 25
23 6 12 4
23 6 12 23
23 6 12 26
23 6 12 1
23 6 12 2
23 6 12 18
23 6 12 29
23 6 12 18
23 6 12 2
23 6 12 23
23 6 12 24
23 6 12 25
23 6 12 8
23 6 12 19
23 6 12 26
23 6 12 12
23 6 13 7
23 6 13 14
23 6 13 23
23 6 13 14
23 6 13 2
23 6 13 22
23 6 13 30
23 6 13 29
23 6 13 3
23 6 13 19
23 6 13 24
23 6 13 13
23 6 13 5
23 6 13 23
23 6 13 32
23 6 13 21
23 6 13 1
23 6 13 13
23 6 13 29
23 6 13 25
23 6 14 8
23 7 7 2
23 7 7 1
23 7 7 20
23 7 7 30
23 7 7 14
23 7 7 3
23 7 7 14
23 7 7 28
23 7 7 21
23 7 7 2
23 7 7 19
23 7 7 27
23 7 7 22
23 7 7 1
23 7 7 19
23 7 7 32
23 7 7 17
23 7 8 4
23 7 8 23
23 7 8 31
23 7 8 32
23 7 8 1
23 7 8 20
23 7 8 24
23 7 8 21
23 7 8 3
23 7 8 14
23 7 8 31
23 7 8 11
23 7 8 4
23 7 8 19
23 7 8 23
23 7 8 11
23 7 8 9
23 7 8 17
23 7 8 23
23 7 8 1
23 7 9 8
23 7 9 23
23 7 9 30
23 7 9 4
23 7 9 2
23 7 9 23
23 7 9 29
23 7 9 19
23 7 9 3
23 7 9 19
23 7 9 26
23 7 9 12
23 7 9 5
23 7 9 18
23 7 9 30
23 7 9 29
23 7 9 1
23 7 9 23
23 7 9 24
23 7 9 28
23 7 10 2
23 7 10 12
23 7 10 25
23 7 10 5
23 7 10 7
23 7 10 16
23 7 10 32
23 7 10 17
23 7 10 5
23 7 10 18
23 7 10 27
23 7 10 23
23 7 10 5
23 7 10 15
23 7 10 28
23 7 10 14
23 7 10 1
23 7 10 18
23 7 10 26
23 7 10 9
23 7 11 9
23 7 11 15
23 7 11 25
23 7 11 1
23 7 11 6
23 7 11 18
23 7 11 26
23 7 11 2
23 7 11 2
23 7 11 23
23 7 11 28
23 7 11 19
23 7 11 9
23 7 11 19
23 7 11 23
23 7 11 31
23 7 11 3
23 7 11 22
23 7 11 32
23 7 11 3
23 7 12 5
23 7 12 23
23 7 12 26
23 7 12 1
23 7 12 1
23 7 12 20
23 7 12 25
23 7 12 23
23 7 12 9
23 7 12 20
23 7 12 29
23 7 12 20
23 7 12 6
23 7 12 18
23 7 12 27
23 7 12 7
23 7 12 1
23 7 12 12
23 7 12 30
23 7 12 28
23 7 13 10
23 7 13 21
23 7 13 32
23 7 13 2
23 7 13 7
23 7 13 19
23 7 13 32
23 7 13 6
23 7 13 6
23 7 13 14
23 7 13 32
23 7 13 32
23 7 13 4
23 7 13 17
23 7 13 29
23 7 13 11
23 7 13 5
23 7 13 13
23 7 13 24
23 7 13 22
23 7 14 1
23 7 14 19
23 7 14 31
23 7 14 12
23 7 14 6
23 7 14 12
23 7 14 28
23 7 14 9
23 7 14 6
23 7 14 12
23 7 14 30
23 7 14 3
23 7 14 8
23 7 14 19
23 7 14 25
23 7 14 1
23 7 14 5
23 7 14 17
23 7 14 28
23 7 14 16
23 8 1 7
23 8 1 20
23 8 1 31
23 8 1 30
23 8 1 1
23 8 1 18
23 8 1 32
23 8 1 30
23 8 1 1
23 8 1 17
23 8 1 23
23 8 1 27
23 8 1 4
23 8 1 19
23 8 1 31
23 8 1 7
23 8 1 2
23 8 1 11
23 8 1 29
23 8 1 27
23 8 2 2
23 8 2 12
23 8 2 23
23 8 2 18
23 8 2 3
23 8 2 16
23 8 2 23
23 8 2 2
23 8 2 10
23 8 2 18
23 8 2 25
23 8 2 28
23 8 2 3
23 8 2 22
23 8 2 30
23 8 2 25
23 8 2 9
23 8 2 21
23 8 2 30
23 8 2 18
23 8 3 5
23 8 3 13
23 8 3 32
23 8 3 28
23 8 3 7
23 8 3 17
23 8 3 32
23 8 3 21
23 8 3 7
23 8 3 17
23 8 3 24
23 8 3 28
23 8 3 9
23 8 3 21
23 8 3 29
23 8 3 11
23 8 3 5
23 8 3 17
23 8 3 31
23 8 3 19
23 8 4 4
23 8 4 12
23 8 4 26
23 8 4 6
23 8 4 3
23 8 4 15
23 8 4 29
23 8 4 8
23 8 4 10
23 8 4 12
23 8 4 24
23 8 4 7
23 8 4 5
23 8 4 22
23 8 4 31
23 8 4 2
23 8 4 9
23 8 4 23
23 8 4 29
23 8 4 25
23 8 5 2
23 8 5 11
23 8 5 31
23 8 5 15
23 8 5 5
23 8 5 15
23 8 5 31
23 8 5 14
23 8 5 9
23 8 5 18
23 8 5 24
23 8 5 15
23 8 5 2
23 8 5 20
23 8 5 29
23 8 5 1
23 8 5 5
23 8 5 18
23 8 5 25
23 8 5 19
23 8 6 9
23 8 6 17
23 8 6 25
23 8 6 28
23 8 6 8
23 8 6 12
23 8 6 30
23 8 6 31
23 8 6 8
23 8 6 14
23 8 6 24
23 8 6 6
23 8 6 10
23 8 6 12
23 8 6 26
23 8 6 10
23 8 6 7
23 8 6 17
23 8 6 25
23 8 6 20
23 8 7 6
23 8 7 17
23 8 7 31
23 8 7 21
23 8 7 2
23 8 7 23
23 8 7 24
23 8 7 8
23 8 7 10
23 8 7 11
23 8 7 27
23 8 7 32
23 8 7 1
23 8 7 23
23 8 7 29
23 8 7 7
23 8 7 4
23 8 7 13
23 8 7 30
23 8 7 11
23 8 8 1
23 8 8 18
23 8 8 28
23 8 8 23
23 8 8 2
23 8 8 19
23 8 8 25
23 8 8 7
23 8 8 5
23 8 8 21
23 8 8 32
23 8 8 8
23 8 8 5
23 8 8 18
23 8 8 32
23 8 8 7
23 8 8 3
23 8 8 21
23 8 8 24
23 8 8 24
23 8 9 10
23 8 9 15
23 8 9 28
23 8 9 17
23 8 9 10
23 8 9 15
23 8 9 29
23 8 9 26
23 8 9 8
23 8 9 22
23 8 9 29
23 8 9 32
23 8 9 1
23 8 9 13
23 8 9 26
23 8 9 31
23 8 9 2
23 8 9 12
23 8 9 28
23 8 9 32
23 8 10 4
23 8 10 22
23 8 10 31
23 8 10 19
23 8 10 5
23 8 10 19
23 8 10 24
23 8 10 17
23 8 10 5
23 8 10 20
23 8 10 25
23 8 10 12
23 8 10 2
23 8 10 18
23 8 10 25
23 8 10 29
23 8 10 8
23 8 10 18
23 8 10 31
23 8 10 32
23 8 11 5
23 8 11 20
23 8 11 25
23 8 11 12
23 8 11 9
23 8 11 12
23 8 11 29
23 8 11 24
23 8 11 5
23 8 11 11
23 8 11 31
23 8 11 32
23 8 11 1
23 8 11 16
23 8 11 23
23 8 11 2
23 8 11 8
23 8 11 17
23 8 11 24
23 8 11 31
23 8 12 5
23 8 12 18
23 8 12 26
23 8 12 19
23 8 12 6
23 8 12 13
23 8 12 29
23 8 12 24
23 8 12 5
23 8 12 11
23 8 12 24
23 8 12 24
23 8 12 5
23 8 12 11
23 8 12 31
23 8 12 15
23 8 12 5
23 8 12 21
23 8 12 32
23 8 12 26
23 8 13 2
23 8 13 21
23 8 13 27
23 8 13 19
23 8 13 5
23 8 13 23
23 8 13 31
23 8 13 31
23 8 13 8
23 8 13 17
23 8 13 32
23 8 13 31
23 8 13 4
23 8 13 23
23 8 13 32
23 8 13 19
23 8 13 1
23 8 13 17
23 8 13 25
23 8 13 8
23 8 14 9
23 8 14 19
23 8 14 31
23 8 14 31
23 8 14 10
23 8 14 16
23 8 14 24
23 8 14 29
23 8 14 2
23 8 14 12
23 8 14 25
23 8 14 21
23 8 14 1
23 8 14 14
23 8 14 29
23 8 14 24
23 8 14 9
23 8 14 15
23 8 14 30
23 8 14 19
23 10 11 19
23 10 11 2
23 10 11 20
23 10 11 30
23 10 11 23
23 10 11 10
23 10 11 12
23 10 11 25
23 10 11 14
23 10 11 2
23 10 11 15
23 10 11 30
23 10 11 18
23 10 11 3
23 10 11 18
23 10 11 25
23 10 11 8
23 10 12 6
23 10 12 15
23 10 12 31
23 10 12 32
23 10 12 7
23 10 12 14
23 10 12 31
23 10 12 6
23 10 12 6
23 10 12 20
23 10 12 23
23 10 12 13
23 10 12 8
23 10 12 18
23 10 12 28
23 10 12 8
23 10 12 9
23 10 12 23
23 10 12 26
23 10 12 23
23 10 13 7
23 10 13 21
23 10 13 28
23 10 13 4
23 10 13 6
23 10 13 14
23 10 13 30
23 10 13 9
23 10 13 1
23 10 13 22
23 10 13 27
23 10 13 12
23 10 13 8
23 10 13 16
23 10 13 30
23 10 13 25
23 10 13 9
23 10 13 15
23 10 13 27
23 10 13 18
23 10 14 6
23 10 14 15
23 10 14 32
23 10 14 7
23 10 14 3
23 10 14 19
23 10 14 29
23 10 14 18
23 10 14 5
23 10 14 14
23 10 14 24
23 10 14 4
23 10 14 4
23 10 14 18
23 10 14 26
23 10 14 13
23 10 14 9
23 10 14 11
23 10 14 30
23 10 14 32
23 11 1 1
23 11 1 21
23 11 1 27
23 11 1 21
23 11 1 8
23 11 1 23
23 11 1 26
23 11 1 18
23 11 1 9
23 11 1 15
23 11 1 23
23 11 1 26
23 11 1 7
23 11 1 15
23 11 1 25
23 11 1 16
23 11 1 3
23 11 1 21
23 11 1 27
23 11 1 2
23 11 2 2
23 11 2 19
23 11 2 24
23 11 2 24
23 11 2 6
23 11 2 23
23 11 2 30
23 11 2 8
23 11 2 10
23 11 2 19
23 11 2 26
23 11 2 31
23 11 2 9
23 11 2 15
23 11 2 25
23 11 2 31
23 11 2 9
23 11 2 20
23 11 2 30
23 11 2 3
23 11 3 3
23 11 3 19
23 11 3 25
23 11 3 18
23 11 3 9
23 11 3 21
23 11 3 28
23 11 3 7
23 11 3 5
23 11 3 14
23 11 3 27
23 11 3 19
23 11 3 7
23 11 3 23
23 11 3 25
23 11 3 29
23 11 3 9
23 11 3 22
23 11 3 32
23 11 3 12
23 11 4 4
23 11 4 15
23 11 4 24
23 11 4 13
23 11 4 10
23 11 4 21
23 11 4 23
23 11 4 20
23 11 4 1
23 11 4 14
23 11 4 24
23 11 4 17
23 11 4 4
23 11 4 13
23 11 4 28
23 11 4 6
23 11 4 6
23 11 4 13
23 11 4 31
23 11 4 5
23 11 5 4
23 11 5 13
23 11 5 30
23 11 5 28
23 11 5 2
23 11 5 23
23 11 5 26
23 11 5 29
23 11 5 8
23 11 5 14
23 11 5 24
23 11 5 19
23 11 5 2
23 11 5 19
23 11 5 23
23 11 5 12
23 11 5 7
23 11 5 21
23 11 5 23
23 11 5 11
23 11 6 2
23 11 6 22
23 11 6 28
23 11 6 1
23 11 6 9
23 11 6 13
23 11 6 26
23 11 6 8
23 11 6 7
23 11 6 17
23 11 6 23
23 11 6 5
23 11 6 3
23 11 6 19
23 11 6 27
23 11 6 2
23 11 6 6
23 11 6 22
23 11 6 28
23 11 6 8
23 11 7 10
23 11 7 23
23 11 7 32
23 11 7 29
23 11 7 7
23 11 7 13
23 11 7 27
23 11 7 16
23 11 7 8
23 11 7 15
23 11 7 24
23 11 7 15
23 11 7 5
23 11 7 19
23 11 7 30
23 11 7 5
23 11 7 7
23 11 7 13
23 11 7 27
23 11 7 2
23 11 8 9
23 11 8 23
23 11 8 24
23 11 8 9
23 11 8 10
23 11 8 23
23 11 8 23
23 11 8 3
23 11 8 7
23 11 8 20
23 11 8 23
23 11 8 32
23 11 8 7
23 11 8 11
23 11 8 26
23 11 8 16
23 11 8 2
23 11 8 11
23 11 8 29
23 11 8 19
23 11 9 7
23 11 9 12
23 11 9 30
23 11 9 30
23 11 9 7
23 11 9 12
23 11 9 26
23 11 9 1
23 11 9 4
23 11 9 14
23 11 9 30
23 11 9 32
23 11 9 7
23 11 9 17
23 11 9 32
23 11 9 28
23 11 9 7
23 11 9 18
23 11 9 24
23 11 9 13
23 11 10 4
23 11 10 14
23 11 10 29
23 11 10 15
23 11 10 2
23 11 10 17
23 11 10 24
23 11 10 13
23 11 10 3
23 11 10 19
23 11 10 28
23 11 10 29
23 11 10 8
23 11 10 11
23 11 10 32
23 11 10 26
23 11 10 5
23 11 10 22
23 11 10 31
23 11 10 10
23 11 11 8
23 11 11 12
23 11 11 29
23 11 11 14
23 11 11 2
23 11 11 23
23 11 11 23
23 11 11 9
23 11 11 4
23 11 11 11
23 11 11 31
23 11 11 11
23 11 11 3
23 11 11 19
23 11 11 25
23 11 11 20
23 11 11 1
23 11 11 11
23 11 11 31
23 11 11 25
23 11 12 6
23 11 12 15
23 11 12 23
23 11 12 27
23 11 12 1
23 11 12 20
23 11 12 29
23 11 12 27
23 11 12 8
23 11 12 15
23 11 12 28
23 11 12 15
23 11 12 10
23 11 12 19
23 11 12 32
23 11 12 23
23 11 12 4
23 11 12 17
23 11 12 24
23 11 12 9
23 11 13 4
23 11 13 23
23 11 13 31
23 11 13 25
23 11 13 7
23 11 13 12
23 11 13 23
23 11 13 12
23 11 13 4
23 11 13 19
23 11 13 29
23 11 13 20
23 11 13 9
23 11 13 22
23 11 13 29
23 11 13 2
23 11 13 10
23 11 13 17
23 11 13 30
23 11 13 13
23 11 14 6
23 11 14 18
23 11 14 24
23 11 14 10
23 11 14 4
23 11 14 18
23 11 14 24
23 11 14 12
23 11 14 2
23 11 14 15
23 11 14 28
23 11 14 7
23 11 14 3
23 11 14 17
23 11 14 26
23 11 14 20
23 11 14 3
23 11 14 13
23 11 14 30
23 11 14 10
23 12 1 4
23 12 1 21
23 12 1 23
23 12 1 16
23 12 1 4
23 12 1 22
23 12 1 27
23 12 1 10
23 12 1 7
23 12 1 13
23 12 1 28
23 12 1 29
23 12 1 1
23 12 1 17
23 12 1 27
23 12 1 17
23 12 1 8
23 12 1 12
23 12 1 32
23 12 1 5
23 12 2 2
23 12 2 17
23 12 2 32
23 12 2 26
23 12 2 5
23 12 2 22
23 12 2 29
23 12 2 26
23 12 2 3
23 12 2 23
23 12 2 24
23 12 2 31
23 12 2 7
23 12 2 12
23 12 2 29
23 12 2 12
23 12 2 4
23 12 2 12
23 12 2 30
23 12 2 25
23 12 3 1
23 12 3 15
23 12 3 32
23 12 3 1
23 12 3 2
23 12 3 21
23 12 3 27
23 12 3 5
23 12 3 3
23 12 3 15
23 12 3 31
23 12 3 16
23 12 3 9
23 12 3 11
23 12 3 23
23 12 3 32
23 12 3 2
23 12 3 18
23 12 3 23
23 12 3 17
23 12 4 3
23 12 4 23
23 12 4 32
23 12 4 2
23 12 4 3
23 12 4 21
23 12 4 25
23 12 4 4
23 12 4 6
23 12 4 23
23 12 4 32
23 12 4 28
23 12 4 4
23 12 4 20
23 12 4 31
23 12 4 24
23 12 4 2
23 12 4 22
23 12 4 24
23 12 4 30
23 12 5 7
23 12 5 13
23 12 5 29
23 12 5 16
23 12 5 8
23 12 5 16
23 12 5 25
23 12 5 2
23 12 5 6
23 12 5 19
23 12 5 31
23 12 5 21
23 12 5 6
23 12 5 22
23 12 5 26
23 12 5 6
23 12 5 10
23 12 5 20
23 12 5 26
23 12 5 3
23 12 6 7
23 12 6 13
23 12 6 23
23 12 6 32
23 12 6 4
23 12 6 18
23 12 6 24
23 12 6 5
23 12 6 2
23 12 6 12
23 12 6 29
23 12 6 1
23 12 6 2
23 12 6 13
23 12 6 26
23 12 6 6
23 12 6 2
23 12 6 20
23 12 6 23
23 12 6 16
23 12 7 6
23 12 7 17
23 12 7 28
23 12 7 7
23 12 7 6
23 12 7 17
23 12 7 29
23 12 7 14
23 12 7 7
23 12 7 20
23 12 7 29
23 12 7 6
23 12 7 10
23 12 7 11
23 12 7 27
23 12 7 23
23 12 7 4
23 12 7 13
23 12 7 24
23 12 7 12
23 12 8 2
23 12 8 23
23 12 8 24
23 12 8 4
23 12 8 2
23 12 8 22
23 12 8 31
23 12 8 13
23 12 8 8
23 12 8 16
23 12 8 29
23 12 8 17
23 12 8 10
23 12 8 11
23 12 8 25
23 12 8 14
23 12 8 9
23 12 8 18
23 12 8 31
23 12 8 22
23 12 9 9
23 12 9 12
23 12 9 32
23 12 9 7
23 12 9 3
23 12 9 15
23 12 9 32
23 12 9 6
23 12 9 2
23 12 9 21
23 12 9 29
23 12 9 30
23 12 9 6
23 12 9 18
23 12 9 31
23 12 9 18
23 12 9 3
23 12 9 14
23 12 9 23
23 12 9 3
23 12 10 7
23 12 10 16
23 12 10 25
23 12 10 12
23 12 10 3
23 12 10 21
23 12 10 31
23 12 10 2
23 12 10 6
23 12 10 16
23 12 10 23
23 12 10 18
23 12 10 3
23 12 10 12
23 12 10 30
23 12 10 17
23 12 10 8
23 12 10 11
23 12 10 31
23 12 10 27
23 12 11 9
23 12 11 12
23 12 11 32
23 12 11 14
23 12 11 2
23 12 11 11
23 12 11 23
23 12 11 32
23 12 11 10
23 12 11 16
23 12 11 32
23 12 11 15
23 12 11 4
23 12 11 17
23 12 11 25
23 12 11 5
23 12 11 5
23 12 11 19
23 12 11 26
23 12 11 17
23 12 12 9
23 12 12 16
23 12 12 23
23 12 12 18
23 12 12 6
23 12 12 23
23 12 12 25
23 12 12 26
23 12 12 7
23 12 12 15
23 12 12 30
23 12 12 4
23 12 12 9
23 12 12 13
23 12 12 23
23 12 12 13
23 12 12 5
23 12 12 16
23 12 12 25
23 12 12 21
23 12 13 9
23 12 13 21
23 12 13 29
23 12 13 16
23 12 13 3
23 12 13 20
23 12 13 31
23 12 13 3
23 12 13 9
23 12 13 11
23 12 13 26
23 12 13 9
23 12 13 10
23 12 13 20
23 12 13 30
23 12 13 3
23 12 13 3
23 12 13 14
23 12 13 24
23 12 13 5
23 12 14 5
23 12 14 21
23 12 14 26
23 12 14 8
23 12 14 8
23 12 14 17
23 12 14 30
23 12 14 2
23 12 14 9
23 12 14 14
23 12 14 27
23 12 14 25
23 12 14 9
23 12 14 15
23 12 14 28
23 12 14 1
23 12 14 7
23 12 14 14
23 12 14 25
23 12 14 10
23 13 1 2
23 13 1 16
23 13 1 31
23 13 1 4
23 13 1 2
23 13 1 19
23 13 1 29
23 13 1 29
23 13 1 1
23 13 1 11
23 13 1 24
23 13 1 25
23 13 1 4
23 13 1 13
23 13 1 25
23 13 1 11
23 13 1 9
23 13 1 15
23 13 1 30
23 13 1 30
23 13 2 5
23 13 2 14
23 13 2 25
23 13 2 28
23 13 2 3
23 13 2 19
23 13 2 25
23 13 2 14
23 13 2 6
23 13 2 19
23 13 2 31
23 13 2 28
23 13 2 8
23 13 2 17
23 13 2 24
23 13 2 32
23 13 2 2
23 13 2 19
23 13 2 23
23 13 2 15
23 13 3 6
23 13 3 21
23 13 3 26
23 13 3 13
23 13 3 3
23 13 3 15
23 13 3 27
23 13 3 32
23 13 3 8
23 13 3 21
23 13 3 31
23 13 3 4
23 13 3 5
23 13 3 23
23 13 3 31
23 13 3 26
23 13 3 2
23 13 3 17
23 13 3 24
23 13 3 20
23 13 4 6
23 13 4 14
23 13 4 26
23 13 4 27
23 13 4 5
23 13 4 21
23 13 4 25
23 13 4 2
23 13 4 7
23 13 4 17
23 13 4 29
23 13 4 26
23 13 4 6
23 13 4 11
23 13 4 30
23 13 4 1
23 13 4 10
23 13 4 19
23 13 4 29
23 13 4 7
23 13 5 4
23 13 5 13
23 13 5 24
23 13 5 7
23 13 5 1
23 13 5 23
23 13 5 26
23 13 5 25
23 13 5 7
23 13 5 18
23 13 5 23
23 13 5 32
23 13 5 7
23 13 5 19
23 13 5 26
23 13 5 13
23 13 5 10
23 13 5 14
23 13 5 26
23 13 5 30
23 13 6 8
23 13 6 16
23 13 6 28
23 13 6 26
23 13 6 10
23 13 6 22
23 13 6 30
23 13 6 24
23 13 6 2
23 13 6 20
23 13 6 29
23 13 6 27
23 13 6 4
23 13 6 13
23 13 6 24
23 13 6 12
23 13 6 2
23 13 6 21
23 13 6 30
23 13 6 2
23 13 7 2
23 13 7 22
23 13 7 25
23 13 7 4
23 13 7 6
23 13 7 13
23 13 7 32
23 13 7 18
23 13 7 1
23 13 7 22
23 13 7 30
23 13 7 3
23 13 7 2
23 13 7 21
23 13 7 30
23 13 7 28
23 13 7 7
23 13 7 15
23 13 7 25
23 13 7 29
23 13 8 4
23 13 8 12
23 13 8 24
23 13 8 7
23 13 8 8
23 13 8 22
23 13 8 25
23 13 8 9
23 13 8 6
23 13 8 16
23 13 8 27
23 13 8 5
23 13 8 1
23 13 8 12
23 13 8 24
23 13 8 4
23 13 8 10
23 13 8 12
23 13 8 28
23 13 8 32
23 13 9 3
23 13 9 23
23 13 9 30
23 13 9 23
23 13 9 4
23 13 9 18
23 13 9 28
23 13 9 9
23 13 9 10
23 13 9 11
23 13 9 27
23 13 9 13
23 13 9 8
23 13 9 16
23 13 9 28
23 13 9 20
23 13 9 4
23 13 9 11
23 13 9 24
23 13 9 11
23 13 10 7
23 13 10 21
23 13 10 27
23 13 10 22
23 13 10 6
23 13 10 17
23 13 10 23
23 13 10 31
23 13 10 9
23 13 10 22
23 13 10 30
23 13 10 25
23 13 10 8
23 13 10 23
23 13 10 27
23 13 10 20
23 13 10 7
23 13 10 21
23 13 10 25
23 13 10 2
23 13 11 1
23 13 11 17
23 13 11 24
23 13 11 15
23 13 11 3
23 13 11 22
23 13 11 27
23 13 11 23
23 13 11 5
23 13 11 11
23 13 11 24
23 13 11 10
23 13 11 10
23 13 11 20
23 13 11 27
23 13 11 22
23 13 11 8
23 13 11 13
23 13 11 32
23 13 11 20
23 13 12 6
23 13 12 15
23 13 12 24
23 13 12 20
23 13 12 10
23 13 12 13
23 13 12 29
23 13 12 30
23 13 12 3
23 13 12 13
23 13 12 25
23 13 12 12
23 13 12 7
23 13 12 20
23 13 12 26
23 13 12 4
23 13 12 5
23 13 12 13
23 13 12 23
23 13 12 17
23 13 13 3
23 13 13 16
23 13 13 27
23 13 13 7
23 13 13 10
23 13 13 22
23 13 13 31
23 13 13 12
23 13 13 8
23 13 13 19
23 13 13 29
23 13 13 32
23 13 13 9
23 13 13 22
23 13 13 29
23 13 13 6
23 13 13 10
23 13 13 17
23 13 13 28
23 13 13 20
23 13 14 6
23 13 14 19
23 13 14 29
23 13 14 17
23 13 14 8
23 13 14 20
23 13 14 32
23 13 14 18
23 13 14 2
23 13 14 14
23 13 14 29
23 13 14 28
23 13 14 6
23 13 14 14
23 13 14 27
23 13 14 29
23 13 14 4
23 13 14 16
23 13 14 31
23 13 14 19
23 14 1 1
23 14 1 14
23 14 1 29
23 14 1 11
23 14 1 2
23 14 1 13
23 14 1 30
23 14 1 5
23 14 1 7
23 14 1 14
23 14 1 23
23 14 1 11
23 14 1 9
23 14 1 23
23 14 1 23
23 14 1 24
23 14 1 1
23 14 1 19
23 14 1 29
23 14 1 5
23 14 2 5
23 14 2 21
23 14 2 30
23 14 2 32
23 14 2 9
23 14 2 12
23 14 2 25
23 14 2 17
23 14 2 4
23 14 2 22
23 14 2 24
23 14 2 31
23 14 2 6
23 14 2 19
23 14 2 24
23 14 2 22
23 14 2 2
23 14 2 23
23 14 2 28
23 14 2 26
23 14 3 3
23 14 3 14
23 14 3 26
23 14 3 27
23 14 3 10
23 14 3 17
23 14 3 31
23 14 3 8
23 14 3 6
23 14 3 14
23 14 3 31
23 14 3 31
23 14 3 10
23 14 3 13
23 14 3 27
23 14 3 8
23 14 3 8
23 14 3 21
23 14 3 23
23 14 3 22
23 14 4 9
23 14 4 12
23 14 4 26
23 14 4 16
23 14 4 10
23 14 4 15
23 14 4 27
23 14 4 9
23 14 4 4
23 14 4 11
23 14 4 24
23 14 4 10
23 14 4 9
23 14 4 15
23 14 4 30
23 14 4 26
23 14 4 1
23 14 4 20
23 14 4 23
23 14 4 30
23 14 5 7
23 14 5 22
23 14 5 24
23 14 5 11
23 14 5 9
23 14 5 14
23 14 5 23
23 14 5 14
23 14 5 10
23 14 5 23
23 14 5 26
23 14 5 6
23 14 5 3
23 14 5 11
23 14 5 26
23 14 5 12
23 14 5 6
23 14 5 15
23 14 5 25
23 14 5 10
23 14 6 3
23 14 6 23
23 14 6 30
23 14 6 9
23 14 6 1
23 14 6 15
23 14 6 26
23 14 6 3
23 14 6 5
23 14 6 12
23 14 6 27
23 14 6 21
23 14 6 7
23 14 6 15
23 14 6 23
23 14 6 8
23 14 6 9
23 14 6 22
23 14 6 30
23 14 6 27
23 14 7 3
23 14 7 22
23 14 7 31
23 14 7 10
23 14 7 9
23 14 7 17
23 14 7 24
23 14 7 21
23 14 7 3
23 14 7 18
23 14 7 23
23 14 7 9
23 14 7 7
23 14 7 11
23 14 7 31
23 14 7 5
23 14 7 2
23 14 7 16
23 14 7 23
23 14 7 9
23 14 8 7
23 14 8 21
23 14 8 30
23 14 8 10
23 14 8 9
23 14 8 16
23 14 8 31
23 14 8 9
23 14 8 4
23 14 8 19
23 14 8 30
23 14 8 27
23 14 8 8
23 14 8 14
23 14 8 26
23 14 8 24
23 14 8 9
23 14 8 16
23 14 8 31
23 14 8 26
23 14 9 4
23 14 9 13
23 14 9 27
23 14 9 13
23 14 9 4
23 14 9 23
23 14 9 31
23 14 9 3
23 14 9 9
23 14 9 21
23 14 9 24
23 14 9 22
23 14 9 10
23 14 9 11
23 14 9 29
23 14 9 10
23 14 9 4
23 14 9 13
23 14 9 25
23 14 9 4
23 14 10 8
23 14 10 23
23 14 10 23
23 14 10 8
23 14 10 4
23 14 10 11
23 14 10 24
23 14 10 16
23 14 10 6
23 14 10 18
23 14 10 25
23 14 10 5
23 14 10 2
23 14 10 11
23 14 10 26
23 14 10 6
23 14 10 3
23 14 10 17
23 14 10 27
23 14 10 28
23 14 11 7
23 14 11 13
23 14 11 24
23 14 11 9
23 14 11 6
23 14 11 20
23 14 11 29
23 14 11 24
23 14 11 7
23 14 11 21
23 14 11 29
23 14 11 7
23 14 11 2
23 14 11 19
23 14 11 26
23 14 11 15
23 14 11 10
23 14 11 22
23 14 11 24
23 14 11 25
23 14 12 1
23 14 12 16
23 14 12 25
23 14 12 28
23 14 12 7
23 14 12 15
23 14 12 32
23 14 12 29
23 14 12 2
23 14 12 23
23 14 12 23
23 14 12 23
23 14 12 3
23 14 12 22
23 14 12 23
23 14 12 20
23 14 12 9
23 14 12 16
23 14 12 30
23 14 12 22
23 14 13 1
23 14 13 12
23 14 13 31
23 14 13 3
23 14 13 9
23 14 13 11
23 14 13 25
23 14 13 27
23 14 13 4
23 14 13 20
23 14 13 26
23 14 13 28
23 14 13 2
23 14 13 14
23 14 13 23
23 14 13 22
23 14 13 8
23 14 13 17
23 14 13 23
23 14 13 7
23 14 14 3
23 14 14 21
23 14 14 32
23 14 14 25
23 14 14 10
23 14 14 15
23 14 14 30
23 14 14 26
23 14 14 10
23 14 14 17
23 14 14 23
23 14 14 31
23 14 14 9
23 14 14 21
23 14 14 32
23 14 14 5
23 14 14 4
23 14 14 15
23 14 14 30
23 14 14 7
29 1 1 1
29 1 1 19
29 1 1 29
29 1 1 21
29 1 1 10
29 1 1 19
29 1 1 33
29 1 1 23
29 1 1 1
29 1 1 28
29 1 1 39
29 1 1 4
29 1 1 8
29 1 1 19
29 1 1 40
29 1 1 7
29 1 1 3
29 1 1 22
29 1 1 38
29 1 1 22
29 1 2 10
29 1 2 23
29 1 2 34
29 1 2 15
29 1 2 5
29 1 2 14
29 1 2 38
29 1 2 24
29 1 2 6
29 1 2 24
29 1 2 40
29 1 2 33
29 1 2 2
29 1 2 27
29 1 2 40
29 1 2 30
29 1 2 3
29 1 2 18
29 1 2 30
29 1 2 9
29 1 3 4
29 1 3 19
29 1 3 40
29 1 3 35
29 1 3 9
29 1 3 15
29 1 3 36
29 1 3 28
29 1 3 10
29 1 3 17
29 1 3 34
29 1 3 22
29 1 3 9
29 1 3 14
29 1 3 39
29 1 3 4
29 1 3 1
29 1 3 21
29 1 3 38
29 1 3 31
29 1 4 4
29 1 4 25
29 1 4 40
29 1 4 29
29 1 4 1
29 1 4 22
29 1 4 29
29 1 4 15
29 1 4 3
29 1 4 28
29 1 4 35
29 1 4 20
29 1 4 2
29 1 4 25
29 1 4 37
29 1 4 1
29 1 4 7
29 1 4 26
29 1 4 29
29 1 4 4
29 1 5 6
29 1 5 18
29 1 5 29
29 1 5 36
29 1 5 7
29 1 5 14
29 1 5 36
29 1 5 36
29 1 5 10
29 1 5 24
29 1 5 40
29 1 5 28
29 1 5 5
29 1 5 19
29 1 5 32
29 1 5 19
29 1 5 7
29 1 5 21
29 1 5 36
29 1 5 16
29 1 6 2
29 1 6 15
29 1 6 36
29 1 6 17
29 1 6 4
29 1 6 21
29 1 6 33
29 1 6 32
29 1 6 7
29 1 6 17
29 1 6 38
29 1 6 4
29 1 6 6
29 1 6 14
29 1 6 36
29 1 6 25
29 1 6 5
29 1 6 24
29 1 6 40
29 1 6 36
29 1 7 2
29 1 7 24
29 1 7 39
29 1 7 19
29 1 7 1
29 1 7 16
29 1 7 31
29 1 7 28
29 1 7 9
29 1 7 27
29 1 7 34
29 1 7 27
29 1 7 9
29 1 7 24
29 1 7 31
29 1 7 32
29 1 7 3
29 1 7 24
29 1 7 36
29 1 7 11
29 1 8 6
29 1 8 25
29 1 8 29
29 1 8 1
29 1 8 9
29 1 8 27
29 1 8 38
29 1 8 10
29 1 8 9
29 1 8 26
29 1 8 31
29 1 8 14
29 1 8 10
29 1 8 18
29 1 8 36
29 1 8 27
29 1 8 8
29 1 8 17
29 1 8 36
29 1 8 8
29 1 9 4
29 1 9 25
29 1 9 31
29 1 9 35
29 1 9 7
29 1 9 20
29 1 9 30
29 1 9 36
29 1 9 6
29 1 9 21
29 1 9 30
29 1 9 8
29 1 9 6
29 1 9 28
29 1 9 37
29 1 9 19
29 1 9 2
29 1 9 18
29 1 9 40
29 1 9 10
29 1 10 3
29 1 10 28
29 1 10 36
29 1 10 30
29 1 10 4
29 1 10 25
29 1 10 38
29 1 10 10
29 1 10 10
29 1 10 18
29 1 10 32
29 1 10 30
29 1 10 7
29 1 10 25
29 1 10 33
29 1 10 18
29 1 10 8
29 1 10 29
29 1 10 37
29 1 10 7
29 1 11 7
29 1 11 23
29 1 11 40
29 1 11 26
29 1 11 6
29 1 11 17
29 1 11 35
29 1 11 18
29 1 11 5
29 1 11 21
29 1 11 40
29 1 11 17
29 1 11 7
29 1 11 17
29 1 11 32
29 1 11 21
29 1 11 4
29 1 11 24
29 1 11 38
29 1 11 25
29 1 12 10
29 1 12 28
29 1 12 38
29 1 12 32
29 1 12 4
29 1 12 22
29 1 12 39
29 1 12 2
29 1 12 9
29 1 12 26
29 1 12 33
29 1 12 21
29 1 12 6
29 1 12 28
29 1 12 33
29 1 12 33
29 1 12 3
29 1 12 18
29 1 12 29
29 1 12 21
29 1 13 3
29 1 13 24
29 1 13 40
29 1 13 10
29 1 13 2
29 1 13 22
29 1 13 37
29 1 13 7
29 1 13 10
29 1 13 22
29 1 13 31
29 1 13 35
29 1 13 9
29 1 13 14
29 1 13 40
29 1 13 29
29 1 13 1
29 1 13 20
29 1 13 31
29 1 13 3
29 1 14 7
29 1 14 22
29 1 14 40
29 1 14 22
29 1 14 10
29 1 14 27
29 1 14 33
29 1 14 14
29 1 14 5
29 1 14 16
29 1 14 36
29 1 14 36
29 1 14 3
29 1 14 29
29 1 14 35
29 1 14 1
29 1 14 2
29 1 14 26
29 1 14 40
29 1 14 25
29 2 1 3
29 2 1 20
29 2 1 39
29 2 1 31
29 2 1 4
29 2 1 27
29 2 1 37
29 2 1 7
29 2 1 4
29 2 1 29
29 2 1 38
29 2 1 1
29 2 1 4
29 2 1 17
29 2 1 34
29 2 1 16
29 2 1 4
29 2 1 17
29 2 1 37
29 2 1 33
29 2 2 5
29 2 2 28
29 2 2 40
29 2 2 35
29 2 2 6
29 2 2 23
29 2 2 33
29 2 2 27
29 2 2 10
29 2 2 23
29 2 2 36
29 2 2 27
29 2 2 4
29 2 2 27
29 2 2 32
29 2 2 16
29 2 2 7
29 2 2 27
29 2 2 30
29 2 2 10
29 2 3 7
29 2 3 16
29 2 3 35
29 2 3 4
29 2 3 8
29 2 3 27
29 2 3 38
29 2 3 20
29 2 3 5
29 2 3 15
29 2 3 29
29 2 3 4
29 2 3 7
29 2 3 24
29 2 3 31
29 2 3 9
29 2 3 5
29 2 3 25
29 2 3 34
29 2 3 20
29 2 4 7
29 2 4 14
29 2 4 29
29 2 4 33
29 2 4 2
29 2 4 28
29 2 4 40
29 2 4 11
29 2 4 7
29 2 4 20
29 2 4 29
29 2 4 34
29 2 4 9
29 2 4 27
29 2 4 38
29 2 4 18
29 2 4 5
29 2 4 21
29 2 4 38
29 2 4 4
29 2 5 6
29 2 5 16
29 2 5 34
29 2 5 20
29 2 5 9
29 2 5 22
29 2 5 33
29 2 5 1
29 2 5 1
29 2 5 21
29 2 5 34
29 2 5 12
29 2 5 1
29 2 5 25
29 2 5 30
29 2 5 16
29 2 5 4
29 2 5 28
29 2 5 29
29 2 5 14
29 2 6 7
29 2 6 15
29 2 6 29
29 2 6 4
29 2 6 9
29 2 6 15
29 2 6 32
29 2 6 6
29 2 6 9
29 2 6 24
29 2 6 33
29 2 6 25
29 2 6 5
29 2 6 24
29 2 6 39
29 2 6 13
29 2 6 7
29 2 6 24
29 2 6 40
29 2 6 39
29 2 7 8
29 2 7 25
29 2 7 29
29 2 7 2
29 2 7 6
29 2 7 26
29 2 7 32
29 2 7 14
29 2 7 8
29 2 7 29
29 2 7 30
29 2 7 25
29 2 7 4
29 2 7 18
29 2 7 36
29 2 7 2
29 2 7 4
29 2 7 15
29 2 7 32
29 2 7 19
29 2 8 7
29 2 8 19
29 2 8 39
29 2 8 22
29 2 8 3
29 2 8 17
29 2 8 37
29 2 8 12
29 2 8 5
29 2 8 20
29 2 8 33
29 2 8 4
29 2 8 5
29 2 8 20
29 2 8 37
29 2 8 30
29 2 8 2
29 2 8 26
29 2 8 31
29 2 8 39
29 2 9 4
29 2 9 28
29 2 9 40
29 2 9 29
29 2 9 3
29 2 9 26
29 2 9 37
29 2 9 21
29 2 9 4
29 2 9 16
29 2 9 34
29 2 9 30
29 2 9 1
29 2 9 20
29 2 9 37
29 2 9 14
29 2 9 3
29 2 9 16
29 2 9 35
29 2 9 37
29 2 10 2
29 2 10 16
29 2 10 38
29 2 10 34
29 2 10 4
29 2 10 14
29 2 10 30
29 2 10 1
29 2 10 2
29 2 10 23
29 2 10 40
29 2 10 33
29 2 10 7
29 2 10 17
29 2 10 39
29 2 10 4
29 2 10 4
29 2 10 28
29 2 10 32
29 2 10 1
29 2 11 4
29 2 11 20
29 2 11 34
29 2 11 14
29 2 11 1
29 2 11 23
29 2 11 32
29 2 11 26
29 2 11 2
29 2 11 27
29 2 11 37
29 2 11 38
29 2 11 9
29 2 11 28
29 2 11 29
29 2 11 1
29 2 11 10
29 2 11 22
29 2 11 32
29 2 11 1
29 2 12 9
29 2 12 24
29 2 12 32
29 2 12 2
29 2 12 2
29 2 12 28
29 2 12 39
29 2 12 16
29 2 12 7
29 2 12 28
29 2 12 31
29 2 12 36
29 2 12 3
29 2 12 27
29 2 12 30
29 2 12 39
29 2 12 3
29 2 12 25
29 2 12 36
29 2 12 3
29 2 13 10
29 2 13 18
29 2 13 30
29 2 13 12
29 2 13 8
29 2 13 29
29 2 13 34
29 2 13 10
29 2 13 10
29 2 13 22
29 2 13 39
29 2 13 26
29 2 13 4
29 2 13 27
29 2 13 31
29 2 13 36
29 2 13 5
29 2 13 26
29 2 13 29
29 2 13 4
29 2 14 10
29 2 14 15
29 2 14 29
29 2 14 34
29 2 14 3
29 2 14 20
29 2 14 37
29 2 14 5
29 2 14 1
29 2 14 17
29 2 14 29
29 2 14 17
29 2 14 9
29 2 14 15
29 2 14 37
29 2 14 17
29 2 14 10
29 2 14 23
29 2 14 32
29 2 14 22
29 3 1 1
29 3 1 27
29 3 1 34
29 3 1 32
29 3 1 10
29 3 1 17
29 3 1 31
29 3 1 4
29 3 1 7
29 3 1 18
29 3 1 38
29 3 1 9
29 3 1 2
29 3 1 27
29 3 1 37
29 3 1 28
29 3 1 4
29 3 1 14
29 3 1 35
29 3 1 17
29 3 2 6
29 3 2 23
29 3 2 37
29 3 2 27
29 3 2 10
29 3 2 18
29 3 2 33
29 3 2 22
29 3 2 3
29 3 2 20
29 3 2 40
29 3 2 4
29 3 2 2
29 3 2 24
29 3 2 35
29 3 2 10
29 3 2 8
29 3 2 16
29 3 2 37
29 3 2 8
29 3 3 9
29 3 3 23
29 3 3 38
29 3 3 25
29 3 3 2
29 3 3 17
29 3 3 37
29 3 3 23
29 3 3 10
29 3 3 15
29 3 3 29
29 3 3 36
29 3 3 1
29 3 3 24
29 3 3 30
29 3 3 3
29 3 3 2
29 3 3 27
29 3 3 30
29 3 3 36
29 3 4 4
29 3 4 18
29 3 4 34
29 3 4 39
29 3 4 4
29 3 4 18
29 3 4 29
29 3 4 39
29 3 4 8
29 3 4 29
29 3 4 36
29 3 4 11
29 3 4 7
29 3 4 28
29 3 4 40
29 3 4 5
29 3 4 4
29 3 4 16
29 3 4 36
29 3 4 1
29 3 5 4
29 3 5 17
29 3 5 34
29 3 5 14
29 3 5 9
29 3 5 18
29 3 5 30
29 3 5 13
29 3 5 8
29 3 5 17
29 3 5 35
29 3 5 20
29 3 5 7
29 3 5 20
29 3 5 40
29 3 5 25
29 3 5 6
29 3 5 27
29 3 5 29
29 3 5 24
29 3 6 4
29 3 6 28
29 3 6 36
29 3 6 22
29 3 6 3
29 3 6 16
29 3 6 38
29 3 6 35
29 3 6 8
29 3 6 27
29 3 6 40
29 3 6 29
29 3 6 4
29 3 6 26
29 3 6 37
29 3 6 35
29 3 6 5
29 3 6 23
29 3 6 34
29 3 6 6
29 3 7 2
29 3 7 21
29 3 7 34
29 3 7 26
29 3 7 7
29 3 7 29
29 3 7 32
29 3 7 18
29 3 7 2
29 3 7 26
29 3 7 40
29 3 7 32
29 3 7 9
29 3 7 22
29 3 7 34
29 3 7 18
29 3 7 2
29 3 7 16
29 3 7 37
29 3 7 25
29 3 8 2
29 3 8 23
29 3 8 40
29 3 8 19
29 3 8 8
29 3 8 23
29 3 8 33
29 3 8 4
29 3 8 8
29 3 8 19
29 3 8 35
29 3 8 20
29 3 8 10
29 3 8 19
29 3 8 37
29 3 8 20
29 3 8 5
29 3 8 20
29 3 8 38
29 3 8 17
29 3 9 6
29 3 9 15
29 3 9 37
29 3 9 7
29 3 9 5
29 3 9 26
29 3 9 39
29 3 9 37
29 3 9 6
29 3 9 29
29 3 9 34
29 3 9 13
29 3 9 8
29 3 9 19
29 3 9 29
29 3 9 35
29 3 9 8
29 3 9 27
29 3 9 40
29 3 9 31
29 3 10 9
29 3 10 17
29 3 10 39
29 3 10 20
29 3 10 1
29 3 10 25
29 3 10 31
29 3 10 40
29 3 10 7
29 3 10 27
29 3 10 29
29 3 10 14
29 3 10 9
29 3 10 15
29 3 10 29
29 3 10 32
29 3 10 3
29 3 10 16
29 3 10 29
29 3 10 2
29 3 11 10
29 3 11 15
29 3 11 29
29 3 11 22
29 3 11 6
29 3 11 22
29 3 11 40
29 3 11 29
29 3 11 10
29 3 11 26
29 3 11 35
29 3 11 21
29 3 11 6
29 3 11 23
29 3 11 39
29 3 11 5
29 3 11 7
29 3 11 15
29 3 11 36
29 3 11 29
29 3 12 3
29 3 12 15
29 3 12 35
29 3 12 24
29 3 12 8
29 3 12 25
29 3 12 39
29 3 12 7
29 3 12 9
29 3 12 25
29 3 12 33
29 3 12 5
29 3 12 3
29 3 12 26
29 3 12 33
29 3 12 14
29 3 12 9
29 3 12 27
29 3 12 32
29 3 12 10
29 3 13 9
29 3 13 24
29 3 13 32
29 3 13 32
29 3 13 2
29 3 13 26
29 3 13 39
29 3 13 39
29 3 13 4
29 3 13 27
29 3 13 30
29 3 13 6
29 3 13 8
29 3 13 14
29 3 13 30
29 3 13 32
29 3 13 9
29 3 13 21
29 3 13 37
29 3 13 34
29 3 14 6
29 3 14 14
29 3 14 34
29 3 14 39
29 3 14 5
29 3 14 19
29 3 14 38
29 3 14 21
29 3 14 3
29 3 14 29
29 3 14 29
29 3 14 5
29 3 14 7
29 3 14 15
29 3 14 29
29 3 14 8
29 3 14 5
29 3 14 22
29 3 14 33
29 3 14 23
29 4 1 3
29 4 1 24
29 4 1 31
29 4 1 37
29 4 1 2
29 4 1 15
29 4 1 34
29 4 1 32
29 4 1 5
29 4 1 17
29 4 1 30
29 4 1 31
29 4 1 6
29 4 1 23
29 4 1 36
29 4 1 38
29 4 1 8
29 4 1 26
29 4 1 34
29 4 1 40
29 4 2 10
29 4 2 24
29 4 2 35
29 4 2 14
29 4 2 5
29 4 2 29
29 4 2 34
29 4 2 31
29 4 2 5
29 4 2 15
29 4 2 37
29 4 2 28
29 4 2 1
29 4 2 28
29 4 2 29
29 4 2 16
29 4 2 8
29 4 2 25
29 4 2 35
29 4 2 39
29 4 3 5
29 4 3 29
29 4 3 35
29 4 3 7
29 4 3 6
29 4 3 15
29 4 3 39
29 4 3 13
29 4 3 8
29 4 3 14
29 4 3 34
29 4 3 35
29 4 3 6
29 4 3 14
29 4 3 31
29 4 3 37
29 4 3 2
29 4 3 18
29 4 3 34
29 4 3 4
29 4 4 10
29 4 4 29
29 4 4 39
29 4 4 29
29 4 4 1
29 4 4 18
29 4 4 31
29 4 4 39
29 4 4 7
29 4 4 23
29 4 4 32
29 4 4 15
29 4 4 5
29 4 4 22
29 4 4 34
29 4 4 38
29 4 4 8
29 4 4 27
29 4 4 33
29 4 4 6
29 4 5 7
29 4 5 16
29 4 5 36
29 4 5 28
29 4 5 1
29 4 5 29
29 4 5 35
29 4 5 39
29 4 5 8
29 4 5 14
29 4 5 34
29 4 5 20
29 4 5 10
29 4 5 27
29 4 5 40
29 4 5 6
29 4 5 7
29 4 5 25
29 4 5 36
29 4 5 4
29 4 6 7
29 4 6 16
29 4 6 37
29 4 6 39
29 4 6 2
29 4 6 17
29 4 6 37
29 4 6 30
29 4 6 3
29 4 6 26
29 4 6 40
29 4 6 15
29 4 6 4
29 4 6 29
29 4 6 32
29 4 6 11
29 4 6 5
29 4 6 22
29 4 6 32
29 4 6 33
29 4 7 7
29 4 7 26
29 4 7 37
29 4 7 21
29 4 7 5
29 4 7 15
29 4 7 36
29 4 7 20
29 4 7 2
29 4 7 16
29 4 7 29
29 4 7 6
29 4 7 1
29 4 7 14
29 4 7 29
29 4 7 30
29 4 7 3
29 4 7 23
29 4 7 32
29 4 7 31
29 4 8 1
29 4 8 14
29 4 8 38
29 4 8 35
29 4 8 10
29 4 8 19
29 4 8 36
29 4 8 10
29 4 8 10
29 4 8 26
29 4 8 33
29 4 8 27
29 4 8 10
29 4 8 29
29 4 8 30
29 4 8 22
29 4 8 8
29 4 8 14
29 4 8 40
29 4 8 17
29 4 9 9
29 4 9 26
29 4 9 31
29 4 9 3
29 4 9 6
29 4 9 26
29 4 9 32
29 4 9 5
29 4 9 9
29 4 9 26
29 4 9 37
29 4 9 9
29 4 9 3
29 4 9 17
29 4 9 38
29 4 9 40
29 4 9 2
29 4 9 20
29 4 9 30
29 4 9 8
29 4 10 4
29 4 10 26
29 4 10 30
29 4 10 5
29 4 10 6
29 4 10 15
29 4 10 36
29 4 10 24
29 4 10 5
29 4 10 15
29 4 10 33
29 4 10 2
29 4 10 9
29 4 10 26
29 4 10 35
29 4 10 5
29 4 10 3
29 4 10 23
29 4 10 39
29 4 10 24
29 4 11 4
29 4 11 24
29 4 11 36
29 4 11 26
29 4 11 6
29 4 11 29
29 4 11 37
29 4 11 21
29 4 11 1
29 4 11 15
29 4 11 30
29 4 11 21
29 4 11 10
29 4 11 25
29 4 11 31
29 4 11 38
29 4 11 5
29 4 11 17
29 4 11 40
29 4 11 20
29 4 12 2
29 4 12 25
29 4 12 37
29 4 12 11
29 4 12 4
29 4 12 22
29 4 12 36
29 4 12 25
29 4 12 7
29 4 12 23
29 4 12 39
29 4 12 18
29 4 12 3
29 4 12 22
29 4 12 38
29 4 12 25
29 4 12 1
29 4 12 24
29 4 12 40
29 4 12 8
29 4 13 9
29 4 13 28
29 4 13 32
29 4 13 36
29 4 13 3
29 4 13 28
29 4 13 39
29 4 13 11
29 4 13 3
29 4 13 19
29 4 13 39
29 4 13 24
29 4 13 1
29 4 13 21
29 4 13 34
29 4 13 24
29 4 13 10
29 4 13 24
29 4 13 38
29 4 13 7
29 4 14 1
29 4 14 18
29 4 14 33
29 4 14 12
29 4 14 3
29 4 14 26
29 4 14 40
29 4 14 26
29 4 14 8
29 4 14 24
29 4 14 35
29 4 14 11
29 4 14 3
29 4 14 29
29 4 14 30
29 4 14 29
29 4 14 2
29 4 14 28
29 4 14 35
29 4 14 22
29 5 1 3
29 5 1 22
29 5 1 30
29 5 1 40
29 5 1 3
29 5 1 14
29 5 1 36
29 5 1 19
29 5 1 7
29 5 1 21
29 5 1 34
29 5 1 8
29 5 1 2
29 5 1 21
29 5 1 37
29 5 1 33
29 5 1 10
29 5 1 26
29 5 1 37
29 5 1 25
29 5 2 1
29 5 2 29
29 5 2 30
29 5 2 36
29 5 2 1
29 5 2 21
29 5 2 38
29 5 2 35
29 5 2 10
29 5 2 22
29 5 2 31
29 5 2 3
29 5 2 10
29 5 2 16
29 5 2 37
29 5 2 38
29 5 2 6
29 5 2 17
29 5 2 33
29 5 2 30
29 5 3 8
29 5 3 20
29 5 3 36
29 5 3 35
29 5 3 2
29 5 3 23
29 5 3 37
29 5 3 9
29 5 3 7
29 5 3 22
29 5 3 39
29 5 3 13
29 5 3 5
29 5 3 21
29 5 3 31
29 5 3 24
29 5 3 9
29 5 3 27
29 5 3 31
29 5 3 13
29 5 4 8
29 5 4 24
29 5 4 31
29 5 4 9
29 5 4 8
29 5 4 29
29 5 4 39
29 5 4 8
29 5 4 5
29 5 4 28
29 5 4 37
29 5 4 18
29 5 4 8
29 5 4 16
29 5 4 30
29 5 4 33
29 5 4 3
29 5 4 25
29 5 4 36
29 5 4 28
29 5 5 4
29 5 5 14
29 5 5 36
29 5 5 11
29 5 5 6
29 5 5 22
29 5 5 39
29 5 5 34
29 5 5 7
29 5 5 25
29 5 5 39
29 5 5 13
29 5 5 8
29 5 5 22
29 5 5 32
29 5 5 25
29 5 5 10
29 5 5 15
29 5 5 36
29 5 5 22
29 5 6 10
29 5 6 23
29 5 6 39
29 5 6 36
29 5 6 5
29 5 6 23
29 5 6 34
29 5 6 39
29 5 6 4
29 5 6 14
29 5 6 35
29 5 6 12
29 5 6 5
29 5 6 15
29 5 6 33
29 5 6 1
29 5 6 1
29 5 6 18
29 5 6 30
29 5 6 1
29 5 7 4
29 5 7 20
29 5 7 36
29 5 7 30
29 5 7 4
29 5 7 16
29 5 7 36
29 5 7 17
29 5 7 9
29 5 7 22
29 5 7 34
29 5 7 14
29 5 7 2
29 5 7 15
29 5 7 39
29 5 7 36
29 5 7 8
29 5 7 21
29 5 7 33
29 5 7 32
29 5 8 4
29 5 8 24
29 5 8 38
29 5 8 6
29 5 8 2
29 5 8 15
29 5 8 30
29 5 8 31
29 5 8 7
29 5 8 27
29 5 8 30
29 5 8 2
29 5 8 10
29 5 8 14
29 5 8 33
29 5 8 3
29 5 8 1
29 5 8 24
29 5 8 35
29 5 8 12
29 5 9 3
29 5 9 24
29 5 9 31
29 5 9 28
29 5 9 10
29 5 9 23
29 5 9 35
29 5 9 22
29 5 9 5
29 5 9 21
29 5 9 31
29 5 9 21
29 5 9 10
29 5 9 25
29 5 9 32
29 5 9 23
29 5 9 8
29 5 9 29
29 5 9 33
29 5 9 40
29 5 10 7
29 5 10 19
29 5 10 40
29 5 10 21
29 5 10 10
29 5 10 29
29 5 10 39
29 5 10 6
29 5 10 4
29 5 10 23
29 5 10 38
29 5 10 36
29 5 10 8
29 5 10 28
29 5 10 37
29 5 10 5
29 5 10 6
29 5 10 23
29 5 10 39
29 5 10 24
29 5 11 2
29 5 11 15
29 5 11 36
29 5 11 22
29 5 11 3
29 5 11 28
29 5 11 40
29 5 11 12
29 5 11 8
29 5 11 16
29 5 11 32
29 5 11 37
29 5 11 10
29 5 11 14
29 5 11 31
29 5 11 4
29 5 11 2
29 5 11 27
29 5 11 38
29 5 11 5
29 5 12 1
29 5 12 18
29 5 12 29
29 5 12 14
29 5 12 3
29 5 12 18
29 5 12 33
29 5 12 29
29 5 12 4
29 5 12 28
29 5 12 32
29 5 12 10
29 5 12 4
29 5 12 29
29 5 12 33
29 5 12 2
29 5 12 3
29 5 12 26
29 5 12 40
29 5 12 18
29 5 13 4
29 5 13 22
29 5 13 37
29 5 13 8
29 5 13 10
29 5 13 21
29 5 13 35
29 5 13 3
29 5 13 1
29 5 13 20
29 5 13 33
29 5 13 38
29 5 13 6
29 5 13 17
29 5 13 39
29 5 13 25
29 5 13 7
29 5 13 28
29 5 13 31
29 5 13 38
29 5 14 9
29 5 14 17
29 5 14 32
29 5 14 17
29 5 14 8
29 5 14 19
29 5 14 31
29 5 14 20
29 5 14 3
29 5 14 16
29 5 14 29
29 5 14 26
29 5 14 6
29 5 14 25
29 5 14 36
29 5 14 17
29 5 14 10
29 5 14 16
29 5 14 30
29 5 14 16
29 6 1 9
29 6 1 28
29 6 1 38
29 6 1 3
29 6 1 2
29 6 1 21
29 6 1 32
29 6 1 37
29 6 1 10
29 6 1 16
29 6 1 30
29 6 1 24
29 6 1 2
29 6 1 28
29 6 1 30
29 6 1 7
29 6 1 7
29 6 1 27
29 6 1 33
29 6 1 8
29 6 2 5
29 6 2 24
29 6 2 29
29 6 2 28
29 6 2 6
29 6 2 26
29 6 2 37
29 6 2 3
29 6 2 6
29 6 2 24
29 6 2 31
29 6 2 9
29 6 2 4
29 6 2 18
29 6 2 33
29 6 2 34
29 6 2 7
29 6 2 20
29 6 2 33
29 6 2 6
29 6 3 8
29 6 3 25
29 6 3 32
29 6 3 4
29 6 3 7
29 6 3 21
29 6 3 35
29 6 3 19
29 6 3 9
29 6 3 18
29 6 3 38
29 6 3 23
29 6 3 8
29 6 3 17
29 6 3 30
29 6 3 36
29 6 3 8
29 6 3 28
29 6 3 33
29 6 3 34
29 6 4 9
29 6 4 28
29 6 4 32
29 6 4 16
29 6 4 9
29 6 4 20
29 6 4 31
29 6 4 28
29 6 4 8
29 6 4 28
29 6 4 34
29 6 4 40
29 6 4 5
29 6 4 28
29 6 4 32
29 6 4 14
29 6 4 3
29 6 4 20
29 6 4 38
29 6 4 17
29 6 5 6
29 6 5 15
29 6 5 31
29 6 5 4
29 6 5 4
29 6 5 24
29 6 5 38
29 6 5 34
29 6 5 8
29 6 5 28
29 6 5 30
29 6 5 15
29 6 5 8
29 6 5 25
29 6 5 29
29 6 5 29
29 6 5 7
29 6 5 19
29 6 5 38
29 6 5 18
29 6 6 10
29 6 6 20
29 6 6 40
29 6 6 33
29 6 6 8
29 6 6 17
29 6 6 35
29 6 6 6
29 6 6 5
29 6 6 24
29 6 6 37
29 6 6 8
29 6 6 6
29 6 6 21
29 6 6 39
29 6 6 23
29 6 6 9
29 6 6 26
29 6 6 37
29 6 6 23
29 6 7 7
29 6 7 24
29 6 7 33
29 6 7 7
29 6 7 3
29 6 7 29
29 6 7 34
29 6 7 25
29 6 7 6
29 6 7 18
29 6 7 31
29 6 7 16
29 6 7 7
29 6 7 27
29 6 7 37
29 6 7 12
29 6 7 6
29 6 7 26
29 6 7 37
29 6 7 1
29 6 8 8
29 6 8 28
29 6 8 29
29 6 8 26
29 6 8 1
29 6 8 27
29 6 8 38
29 6 8 22
29 6 8 5
29 6 8 21
29 6 8 32
29 6 8 24
29 6 8 5
29 6 8 17
29 6 8 31
29 6 8 40
29 6 8 7
29 6 8 21
29 6 8 38
29 6 8 11
29 6 9 7
29 6 9 14
29 6 9 36
29 6 9 12
29 6 9 3
29 6 9 19
29 6 9 32
29 6 9 16
29 6 9 8
29 6 9 24
29 6 9 40
29 6 9 7
29 6 9 9
29 6 9 17
29 6 9 35
29 6 9 16
29 6 9 5
29 6 9 15
29 6 9 39
29 6 9 25
29 6 10 9
29 6 10 21
29 6 10 38
29 6 10 12
29 6 10 4
29 6 10 28
29 6 10 33
29 6 10 29
29 6 10 2
29 6 10 27
29 6 10 38
29 6 10 8
29 6 10 4
29 6 10 29
29 6 10 34
29 6 10 31
29 6 10 6
29 6 10 22
29 6 10 31
29 6 10 32
29 6 11 2
29 6 11 21
29 6 11 40
29 6 11 32
29 6 11 10
29 6 11 19
29 6 11 31
29 6 11 14
29 6 11 7
29 6 11 19
29 6 11 32
29 6 11 8
29 6 11 4
29 6 11 26
29 6 11 40
29 6 11 24
29 6 11 4
29 6 11 23
29 6 11 33
29 6 11 12
29 6 12 10
29 6 12 19
29 6 12 33
29 6 12 12
29 6 12 6
29 6 12 21
29 6 12 39
29 6 12 19
29 6 12 9
29 6 12 24
29 6 12 29
29 6 12 20
29 6 12 1
29 6 12 14
29 6 12 29
29 6 12 35
29 6 12 8
29 6 12 17
29 6 12 33
29 6 12 34
29 6 13 5
29 6 13 17
29 6 13 35
29 6 13 34
29 6 13 7
29 6 13 23
29 6 13 40
29 6 13 7
29 6 13 8
29 6 13 16
29 6 13 38
29 6 13 37
29 6 13 7
29 6 13 23
29 6 13 29
29 6 13 36
29 6 13 10
29 6 13 29
29 6 13 39
29 6 13 12
29 6 14 10
29 6 14 28
29 6 14 39
29 6 14 1
29 6 14 5
29 6 14 19
29 6 14 32
29 6 14 20
29 6 14 2
29 6 14 17
29 6 14 29
29 6 14 15
29 6 14 5
29 6 14 23
29 6 14 36
29 6 14 27
29 6 14 5
29 6 14 24
29 6 14 31
29 6 14 17
29 7 1 8
29 7 1 27
29 7 1 32
29 7 1 29
29 7 1 3
29 7 1 14
29 7 1 33
29 7 1 8
29 7 1 6
29 7 1 17
29 7 1 39
29 7 1 30
29 7 1 10
29 7 1 20
29 7 1 37
29 7 1 18
29 7 1 7
29 7 1 23
29 7 1 32
29 7 1 30
29 7 2 10
29 7 2 16
29 7 2 30
29 7 2 38
29 7 2 7
29 7 2 26
29 7 2 31
29 7 2 23
29 7 2 2
29 7 2 23
29 7 2 32
29 7 2 30
29 7 2 1
29 7 2 29
29 7 2 40
29 7 2 12
29 7 2 2
29 7 2 14
29 7 2 37
29 7 2 7
29 7 3 10
29 7 3 14
29 7 3 30
29 7 3 29
29 7 3 10
29 7 3 17
29 7 3 33
29 7 3 19
29 7 3 4
29 7 3 23
29 7 3 37
29 7 3 36
29 7 3 9
29 7 3 14
29 7 3 29
29 7 3 1
29 7 3 7
29 7 3 25
29 7 3 36
29 7 3 23
29 7 4 7
29 7 4 28
29 7 4 37
29 7 4 23
29 7 4 1
29 7 4 28
29 7 4 30
29 7 4 16
29 7 4 8
29 7 4 22
29 7 4 34
29 7 4 34
29 7 4 9
29 7 4 25
29 7 4 40
29 7 4 34
29 7 4 4
29 7 4 20
29 7 4 35
29 7 4 12
29 7 5 8
29 7 5 15
29 7 5 39
29 7 5 9
29 7 5 8
29 7 5 27
29 7 5 33
29 7 5 33
29 7 5 8
29 7 5 24
29 7 5 36
29 7 5 14
29 7 5 4
29 7 5 18
29 7 5 37
29 7 5 4
29 7 5 5
29 7 5 21
29 7 5 31
29 7 5 33
29 7 6 9
29 7 6 20
29 7 6 40
29 7 6 27
29 7 6 6
29 7 6 18
29 7 6 40
29 7 6 37
29 7 6 5
29 7 6 16
29 7 6 40
29 7 6 30
29 7 6 8
29 7 6 23
29 7 6 29
29 7 6 16
29 7 6 3
29 7 6 19
29 7 6 32
29 7 6 19
29 7 7 3
29 7 7 19
29 7 7 32
29 7 7 30
29 7 7 9
29 7 7 15
29 7 7 33
29 7 7 36
29 7 7 4
29 7 7 17
29 7 7 31
29 7 7 8
29 7 7 7
29 7 7 25
29 7 7 29
29 7 7 28
29 7 7 1
29 7 7 27
29 7 7 29
29 7 7 35
29 7 8 2
29 7 8 14
29 7 8 34
29 7 8 2
29 7 8 7
29 7 8 21
29 7 8 34
29 7 8 25
29 7 8 2
29 7 8 22
29 7 8 39
29 7 8 34
29 7 8 2
29 7 8 14
29 7 8 35
29 7 8 25
29 7 8 5
29 7 8 23
29 7 8 36
29 7 8 9
29 7 9 3
29 7 9 19
29 7 9 36
29 7 9 30
29 7 9 7
29 7 9 19
29 7 9 37
29 7 9 23
29 7 9 10
29 7 9 29
29 7 9 35
29 7 9 37
29 7 9 8
29 7 9 23
29 7 9 33
29 7 9 4
29 7 9 1
29 7 9 24
29 7 9 40
29 7 9 6
29 7 10 1
29 7 10 25
29 7 10 29
29 7 10 23
29 7 10 7
29 7 10 23
29 7 10 31
29 7 10 20
29 7 10 2
29 7 10 17
29 7 10 34
29 7 10 28
29 7 10 7
29 7 10 14
29 7 10 30
29 7 10 29
29 7 10 3
29 7 10 15
29 7 10 36
29 7 10 31
29 7 11 10
29 7 11 27
29 7 11 32
29 7 11 14
29 7 11 8
29 7 11 14
29 7 11 30
29 7 11 20
29 7 11 1
29 7 11 23
29 7 11 30
29 7 11 18
29 7 11 8
29 7 11 17
29 7 11 29
29 7 11 14
29 7 11 8
29 7 11 14
29 7 11 37
29 7 11 21
29 7 12 7
29 7 12 22
29 7 12 33
29 7 12 10
29 7 12 1
29 7 12 26
29 7 12 33
29 7 12 2
29 7 12 6
29 7 12 14
29 7 12 29
29 7 12 35
29 7 12 5
29 7 12 25
29 7 12 31
29 7 12 3
29 7 12 4
29 7 12 14
29 7 12 31
29 7 12 29
29 7 13 9
29 7 13 19
29 7 13 32
29 7 13 5
29 7 13 1
29 7 13 15
29 7 13 30
29 7 13 30
29 7 13 3
29 7 13 19
29 7 13 32
29 7 13 26
29 7 13 5
29 7 13 25
29 7 13 29
29 7 13 9
29 7 13 6
29 7 13 16
29 7 13 39
29 7 13 27
29 7 14 7
29 7 14 24
29 7 14 38
29 7 14 32
29 7 14 2
29 7 14 19
29 7 14 30
29 7 14 22
29 7 14 9
29 7 14 23
29 7 14 32
29 7 14 15
29 7 14 10
29 7 14 14
29 7 14 37
29 7 14 11
29 7 14 8
29 7 14 18
29 7 14 29
29 7 14 34
29 8 1 7
29 8 1 28
29 8 1 29
29 8 1 26
29 8 1 3
29 8 1 19
29 8 1 33
29 8 1 32
29 8 1 7
29 8 1 18
29 8 1 39
29 8 1 27
29 8 1 2
29 8 1 21
29 8 1 30
29 8 1 25
29 8 1 6
29 8 1 22
29 8 1 40
29 8 1 37
29 8 2 6
29 8 2 26
29 8 2 31
29 8 2 30
29 8 2 10
29 8 2 28
29 8 2 40
29 8 2 12
29 8 2 1
29 8 2 18
29 8 2 31
29 8 2 29
29 8 2 5
29 8 2 15
29 8 2 34
29 8 2 21
29 8 2 6
29 8 2 23
29 8 2 37
29 8 2 22
29 8 3 8
29 8 3 24
29 8 3 34
29 8 3 3
29 8 3 4
29 8 3 19
29 8 3 30
29 8 3 32
29 8 3 5
29 8 3 29
29 8 3 30
29 8 3 22
29 8 3 5
29 8 3 16
29 8 3 40
29 8 3 5
29 8 3 6
29 8 3 28
29 8 3 30
29 8 3 1
29 8 4 2
29 8 4 28
29 8 4 31
29 8 4 24
29 8 4 8
29 8 4 14
29 8 4 31
29 8 4 4
29 8 4 7
29 8 4 21
29 8 4 35
29 8 4 5
29 8 4 1
29 8 4 14
29 8 4 39
29 8 4 7
29 8 4 9
29 8 4 25
29 8 4 37
29 8 4 39
29 8 5 10
29 8 5 25
29 8 5 36
29 8 5 33
29 8 5 8
29 8 5 20
29 8 5 29
29 8 5 35
29 8 5 6
29 8 5 17
29 8 5 38
29 8 5 6
29 8 5 9
29 8 5 22
29 8 5 38
29 8 5 21
29 8 5 2
29 8 5 21
29 8 5 33
29 8 5 17
29 8 6 3
29 8 6 21
29 8 6 29
29 8 6 26
29 8 6 7
29 8 6 23
29 8 6 30
29 8 6 34
29 8 6 3
29 8 6 29
29 8 6 38
29 8 6 39
29 8 6 1
29 8 6 16
29 8 6 30
29 8 6 33
29 8 6 9
29 8 6 29
29 8 6 29
29 8 6 3
29 8 7 4
29 8 7 25
29 8 7 34
29 8 7 14
29 8 7 5
29 8 7 25
29 8 7 36
29 8 7 17
29 8 7 5
29 8 7 26
29 8 7 34
29 8 7 16
29 8 7 10
29 8 7 18
29 8 7 29
29 8 7 37
29 8 7 1
29 8 7 14
29 8 7 31
29 8 7 39
29 8 8 5
29 8 8 29
29 8 8 33
29 8 8 28
29 8 8 1
29 8 8 16
29 8 8 31
29 8 8 25
29 8 8 10
29 8 8 22
29 8 8 36
29 8 8 25
29 8 8 6
29 8 8 29
29 8 8 37
29 8 8 22
29 8 8 2
29 8 8 26
29 8 8 36
29 8 8 24
29 8 9 6
29 8 9 21
29 8 9 36
29 8 9 36
29 8 9 5
29 8 9 25
29 8 9 29
29 8 9 1
29 8 9 2
29 8 9 17
29 8 9 36
29 8 9 16
29 8 9 4
29 8 9 15
29 8 9 40
29 8 9 18
29 8 9 8
29 8 9 17
29 8 9 39
29 8 9 28
29 8 10 10
29 8 10 25
29 8 10 33
29 8 10 15
29 8 10 6
29 8 10 20
29 8 10 34
29 8 10 8
29 8 10 6
29 8 10 29
29 8 10 30
29 8 10 3
29 8 10 7
29 8 10 15
29 8 10 29
29 8 10 33
29 8 10 8
29 8 10 28
29 8 10 36
29 8 10 1
29 8 11 6
29 8 11 14
29 8 11 30
29 8 11 34
29 8 11 2
29 8 11 14
29 8 11 30
29 8 11 11
29 8 11 4
29 8 11 16
29 8 11 40
29 8 11 37
29 8 11 1
29 8 11 25
29 8 11 40
29 8 11 17
29 8 11 2
29 8 11 19
29 8 11 40
29 8 11 17
29 8 12 1
29 8 12 19
29 8 12 36
29 8 12 4
29 8 12 10
29 8 12 21
29 8 12 33
29 8 12 36
29 8 12 6
29 8 12 23
29 8 12 32
29 8 12 40
29 8 12 10
29 8 12 23
29 8 12 35
29 8 12 3
29 8 12 2
29 8 12 28
29 8 12 40
29 8 12 26
29 8 13 5
29 8 13 18
29 8 13 29
29 8 13 30
29 8 13 7
29 8 13 22
29 8 13 32
29 8 13 39
29 8 13 8
29 8 13 29
29 8 13 40
29 8 13 22
29 8 13 8
29 8 13 18
29 8 13 37
29 8 13 14
29 8 13 5
29 8 13 24
29 8 13 40
29 8 13 30
29 8 14 2
29 8 14 24
29 8 14 38
29 8 14 39
29 8 14 3
29 8 14 26
29 8 14 36
29 8 14 3
29 8 14 4
29 8 14 28
29 8 14 31
29 8 14 8
29 8 14 10
29 8 14 20
29 8 14 37
29 8 14 40
29 8 14 4
29 8 14 18
29 8 14 29
29 8 14 29
29 9 1 6
29 9 1 28
29 9 1 40
29 9 1 21
29 9 1 6
29 9 1 23
29 9 1 36
29 9 1 24
29 9 1 9
29 9 1 26
29 9 1 33
29 9 1 7
29 9 1 8
29 9 1 27
29 9 1 34
29 9 1 34
29 9 1 6
29 9 1 21
29 9 1 40
29 9 1 17
29 9 2 7
29 9 2 27
29 9 2 35
29 9 2 11
29 9 2 3
29 9 2 22
29 9 2 38
29 9 2 25
29 9 2 8
29 9 2 18
29 9 2 33
29 9 2 19
29 9 2 3
29 9 2 28
29 9 2 37
29 9 2 38
29 9 2 5
29 9 2 29
29 9 2 29
29 9 2 31
29 9 3 1
29 9 3 20
29 9 3 38
29 9 3 32
29 9 3 8
29 9 3 22
29 9 3 35
29 9 3 34
29 9 3 7
29 9 3 19
29 9 3 32
29 9 3 33
29 9 3 5
29 9 3 27
29 9 3 39
29 9 3 7
29 9 3 1
29 9 3 21
29 9 3 33
29 9 3 28
29 9 4 1
29 9 4 27
29 9 4 40
29 9 4 1
29 9 4 7
29 9 4 24
29 9 4 36
29 9 4 11
29 9 4 1
29 9 4 23
29 9 4 34
29 9 4 9
29 9 4 4
29 9 4 26
29 9 4 37
29 9 4 29
29 9 4 8
29 9 4 22
29 9 4 32
29 9 4 3
29 9 5 8
29 9 5 28
29 9 5 36
29 9 5 27
29 9 5 9
29 9 5 29
29 9 5 39
29 9 5 31
29 9 5 9
29 9 5 21
29 9 5 35
29 9 5 16
29 9 5 6
29 9 5 28
29 9 5 30
29 9 5 9
29 9 5 8
29 9 5 21
29 9 5 40
29 9 5 17
29 9 6 5
29 9 6 24
29 9 6 35
29 9 6 36
29 9 6 10
29 9 6 16
29 9 6 36
29 9 6 21
29 9 6 3
29 9 6 23
29 9 6 37
29 9 6 34
29 9 6 7
29 9 6 21
29 9 6 39
29 9 6 15
29 9 6 1
29 9 6 19
29 9 6 34
29 9 6 5
29 9 7 8
29 9 7 21
29 9 7 37
29 9 7 35
29 9 7 8
29 9 7 14
29 9 7 29
29 9 7 40
29 9 7 1
29 9 7 29
29 9 7 37
29 9 7 15
29 9 7 5
29 9 7 25
29 9 7 35
29 9 7 32
29 9 7 10
29 9 7 27
29 9 7 33
29 9 7 3
29 9 8 2
29 9 8 17
29 9 8 38
29 9 8 18
29 9 8 7
29 9 8 15
29 9 8 32
29 9 8 25
29 9 8 2
29 9 8 26
29 9 8 40
29 9 8 37
29 9 8 8
29 9 8 27
29 9 8 31
29 9 8 38
29 9 8 5
29 9 8 15
29 9 8 30
29 9 8 36
29 9 9 2
29 9 9 15
29 9 9 37
29 9 9 27
29 9 9 9
29 9 9 27
29 9 9 36
29 9 9 33
29 9 9 2
29 9 9 18
29 9 9 29
29 9 9 3
29 9 9 8
29 9 9 18
29 9 9 35
29 9 9 28
29 9 9 6
29 9 9 27
29 9 9 33
29 9 9 1
29 9 10 4
29 9 10 18
29 9 10 31
29 9 10 20
29 9 10 1
29 9 10 16
29 9 10 30
29 9 10 32
29 9 10 7
29 9 10 22
29 9 10 36
29 9 10 12
29 9 10 7
29 9 10 18
29 9 10 40
29 9 10 10
29 9 10 9
29 9 10 28
29 9 10 38
29 9 10 8
29 9 11 7
29 9 11 16
29 9 11 35
29 9 11 13
29 9 11 10
29 9 11 26
29 9 11 36
29 9 11 36
29 9 11 5
29 9 11 28
29 9 11 34
29 9 11 20
29 9 11 9
29 9 11 19
29 9 11 36
29 9 11 37
29 9 11 4
29 9 11 25
29 9 11 36
29 9 11 28
29 9 12 2
29 9 12 26
29 9 12 34
29 9 12 34
29 9 12 9
29 9 12 28
29 9 12 29
29 9 12 3
29 9 12 4
29 9 12 24
29 9 12 37
29 9 12 39
29 9 12 8
29 9 12 28
29 9 12 30
29 9 12 20
29 9 12 4
29 9 12 23
29 9 12 36
29 9 12 24
29 9 13 1
29 9 13 22
29 9 13 30
29 9 13 17
29 9 13 8
29 9 13 29
29 9 13 33
29 9 13 31
29 9 13 6
29 9 13 24
29 9 13 33
29 9 13 24
29 9 13 8
29 9 13 23
29 9 13 39
29 9 13 32
29 9 13 7
29 9 13 19
29 9 13 35
29 9 13 32
29 9 14 4
29 9 14 23
29 9 14 38
29 9 14 37
29 9 14 1
29 9 14 17
29 9 14 38
29 9 14 39
29 9 14 8
29 9 14 28
29 9 14 31
29 9 14 7
29 9 14 6
29 9 14 23
29 9 14 31
29 9 14 35
29 9 14 10
29 9 14 16
29 9 14 29
29 9 14 9
29 10 1 5
29 10 1 21
29 10 1 35
29 10 1 27
29 10 1 9
29 10 1 14
29 10 1 29
29 10 1 23
29 10 1 5
29 10 1 26
29 10 1 34
29 10 1 3
29 10 1 10
29 10 1 26
29 10 1 31
29 10 1 4
29 10 1 5
29 10 1 22
29 10 1 34
29 10 1 30
29 10 2 9
29 10 2 24
29 10 2 39
29 10 2 31
29 10 2 1
29 10 2 18
29 10 2 33
29 10 2 39
29 10 2 9
29 10 2 24
29 10 2 34
29 10 2 26
29 10 2 1
29 10 2 26
29 10 2 33
29 10 2 1
29 10 2 8
29 10 2 23
29 10 2 34
29 10 2 27
29 10 3 2
29 10 3 29
29 10 3 36
29 10 3 2
29 10 3 10
29 10 3 20
29 10 3 38
29 10 3 25
29 10 3 1
29 10 3 17
29 10 3 31
29 10 3 30
29 10 3 9
29 10 3 18
29 10 3 38
29 10 3 38
29 10 3 5
29 10 3 14
29 10 3 38
29 10 3 24
29 10 4 1
29 10 4 17
29 10 4 40
29 10 4 27
29 10 4 7
29 10 4 15
29 10 4 36
29 10 4 17
29 10 4 6
29 10 4 18
29 10 4 35
29 10 4 31
29 10 4 6
29 10 4 27
29 10 4 34
29 10 4 38
29 10 4 8
29 10 4 21
29 10 4 29
29 10 4 9
29 10 5 7
29 10 5 28
29 10 5 40
29 10 5 40
29 10 5 8
29 10 5 22
29 10 5 30
29 10 5 27
29 10 5 8
29 10 5 22
29 10 5 32
29 10 5 12
29 10 5 1
29 10 5 25
29 10 5 38
29 10 5 29
29 10 5 3
29 10 5 14
29 10 5 29
29 10 5 35
29 10 6 9
29 10 6 15
29 10 6 37
29 10 6 20
29 10 6 9
29 10 6 14
29 10 6 38
29 10 6 3
29 10 6 7
29 10 6 26
29 10 6 38
29 10 6 30
29 10 6 1
29 10 6 14
29 10 6 30
29 10 6 19
29 10 6 7
29 10 6 15
29 10 6 38
29 10 6 17
29 10 7 2
29 10 7 24
29 10 7 37
29 10 7 1
29 10 7 10
29 10 7 27
29 10 7 33
29 10 7 12
29 10 7 3
29 10 7 28
29 10 7 40
29 10 7 1
29 10 7 8
29 10 7 26
29 10 7 37
29 10 7 20
29 10 7 8
29 10 7 28
29 10 7 29
29 10 7 7
29 10 8 3
29 10 8 15
29 10 8 29
29 10 8 29
29 10 8 7
29 10 8 27
29 10 8 35
29 10 8 35
29 10 8 3
29 10 8 22
29 10 8 40
29 10 8 10
29 10 8 5
29 10 8 14
29 10 8 36
29 10 8 32
29 10 8 3
29 10 8 22
29 10 8 32
29 10 8 34
29 10 9 9
29 10 9 16
29 10 9 35
29 10 9 30
29 10 9 5
29 10 9 14
29 10 9 32
29 10 9 6
29 10 9 10
29 10 9 23
29 10 9 33
29 10 9 4
29 10 9 1
29 10 9 20
29 10 9 32
29 10 9 36
29 10 9 2
29 10 9 18
29 10 9 31
29 10 9 18
29 10 10 1
29 10 10 25
29 10 10 40
29 10 10 4
29 10 10 7
29 10 10 16
29 10 10 37
29 10 10 25
29 10 10 6
29 10 10 21
29 10 10 37
29 10 10 15
29 10 10 3
29 10 10 29
29 10 10 34
29 10 10 33
29 10 10 2
29 10 10 28
29 10 10 36
29 10 10 12
29 10 11 10
29 10 11 14
29 10 11 34
29 10 11 35
29 10 11 6
29 10 11 28
29 10 11 36
29 10 11 26
29 10 11 1
29 10 11 26
29 10 11 39
29 10 11 13
29 10 11 3
29 10 11 22
29 10 11 30
29 10 11 27
29 10 11 2
29 10 11 14
29 10 11 38
29 10 11 7
29 10 12 10
29 10 12 27
29 10 12 29
29 10 12 38
29 10 12 6
29 10 12 17
29 10 12 37
29 10 12 8
29 10 12 5
29 10 12 19
29 10 12 29
29 10 12 5
29 10 12 3
29 10 12 25
29 10 12 31
29 10 12 18
29 10 12 8
29 10 12 16
29 10 12 37
29 10 12 5
29 10 13 1
29 10 13 20
29 10 13 33
29 10 13 33
29 10 13 7
29 10 13 26
29 10 13 38
29 10 13 6
29 10 13 7
29 10 13 14
29 10 13 35
29 10 13 28
29 10 13 7
29 10 13 23
29 10 13 34
29 10 13 11
29 10 13 5
29 10 13 22
29 10 13 36
29 10 13 16
29 10 14 1
29 10 14 22
29 10 14 34
29 10 14 13
29 10 14 7
29 10 14 16
29 10 14 37
29 10 14 25
29 10 14 2
29 10 14 23
29 10 14 33
29 10 14 19
29 10 14 7
29 10 14 15
29 10 14 34
29 10 14 36
29 10 14 4
29 10 14 18
29 10 14 39
29 10 14 25
29 11 1 3
29 11 1 25
29 11 1 30
29 11 1 12
29 11 1 8
29 11 1 16
29 11 1 32
29 11 1 21
29 11 1 7
29 11 1 23
29 11 1 29
29 11 1 35
29 11 1 8
29 11 1 17
29 11 1 39
29 11 1 26
29 11 1 3
29 11 1 25
29 11 1 30
29 11 1 39
29 11 2 9
29 11 2 23
29 11 2 29
29 11 2 36
29 11 2 6
29 11 2 19
29 11 2 37
29 11 2 6
29 11 2 3
29 11 2 17
29 11 2 30
29 11 2 35
29 11 2 5
29 11 2 20
29 11 2 38
29 11 2 11
29 11 2 9
29 11 2 15
29 11 2 34
29 11 2 24
29 11 3 4
29 11 3 17
29 11 3 37
29 11 3 30
29 11 3 6
29 11 3 18
29 11 3 30
29 11 3 34
29 11 3 4
29 11 3 18
29 11 3 40
29 11 3 7
29 11 3 2
29 11 3 22
29 11 3 30
29 11 3 7
29 11 3 4
29 11 3 23
29 11 3 32
29 11 3 6
29 11 4 7
29 11 4 20
29 11 4 34
29 11 4 6
29 11 4 2
29 11 4 15
29 11 4 39
29 11 4 27
29 11 4 8
29 11 4 29
29 11 4 34
29 11 4 14
29 11 4 3
29 11 4 28
29 11 4 39
29 11 4 28
29 11 4 6
29 11 4 15
29 11 4 29
29 11 4 18
29 11 5 3
29 11 5 19
29 11 5 29
29 11 5 29
29 11 5 5
29 11 5 28
29 11 5 40
29 11 5 15
29 11 5 7
29 11 5 24
29 11 5 35
29 11 5 8
29 11 5 8
29 11 5 17
29 11 5 30
29 11 5 21
29 11 5 2
29 11 5 14
29 11 5 29
29 11 5 8
29 11 6 8
29 11 6 29
29 11 6 36
29 11 6 32
29 11 6 10
29 11 6 22
29 11 6 31
29 11 6 18
29 11 6 5
29 11 6 16
29 11 6 37
29 11 6 34
29 11 6 6
29 11 6 25
29 11 6 35
29 11 6 7
29 11 6 3
29 11 6 17
29 11 6 37
29 11 6 11
29 11 7 5
29 11 7 24
29 11 7 32
29 11 7 22
29 11 7 1
29 11 7 16
29 11 7 38
29 11 7 17
29 11 7 1
29 11 7 19
29 11 7 32
29 11 7 36
29 11 7 8
29 11 7 23
29 11 7 34
29 11 7 4
29 11 7 3
29 11 7 17
29 11 7 39
29 11 7 26
29 11 8 1
29 11 8 26
29 11 8 31
29 11 8 14
29 11 8 9
29 11 8 15
29 11 8 33
29 11 8 10
29 11 8 1
29 11 8 15
29 11 8 39
29 11 8 38
29 11 8 2
29 11 8 14
29 11 8 29
29 11 8 32
29 11 8 2
29 11 8 29
29 11 8 38
29 11 8 4
29 11 9 6
29 11 9 18
29 11 9 40
29 11 9 37
29 11 9 10
29 11 9 23
29 11 9 38
29 11 9 28
29 11 9 8
29 11 9 23
29 11 9 32
29 11 9 40
29 11 9 2
29 11 9 24
29 11 9 33
29 11 9 9
29 11 9 5
29 11 9 17
29 11 9 40
29 11 9 21
29 11 10 8
29 11 10 23
29 11 10 36
29 11 10 20
29 11 10 9
29 11 10 27
29 11 10 30
29 11 10 40
29 11 10 2
29 11 10 29
29 11 10 32
29 11 10 33
29 11 10 2
29 11 10 26
29 11 10 39
29 11 10 17
29 11 10 2
29 11 10 15
29 11 10 40
29 11 10 18
29 11 11 1
29 11 11 22
29 11 11 32
29 11 11 35
29 11 11 2
29 11 11 19
29 11 11 29
29 11 11 14
29 11 11 9
29 11 11 29
29 11 11 30
29 11 11 3
29 11 11 8
29 11 11 14
29 11 11 36
29 11 11 27
29 11 11 7
29 11 11 25
29 11 11 33
29 11 11 19
29 11 12 2
29 11 12 20
29 11 12 35
29 11 12 21
29 11 12 7
29 11 12 29
29 11 12 35
29 11 12 24
29 11 12 2
29 11 12 14
29 11 12 33
29 11 12 33
29 11 12 2
29 11 12 27
29 11 12 34
29 11 12 23
29 11 12 7
29 11 12 15
29 11 12 38
29 11 12 6
29 11 13 2
29 11 13 17
29 11 13 35
29 11 13 38
29 11 13 5
29 11 13 22
29 11 13 35
29 11 13 7
29 11 13 4
29 11 13 20
29 11 13 34
29 11 13 9
29 11 13 2
29 11 13 15
29 11 13 34
29 11 13 17
29 11 13 4
29 11 13 22
29 11 13 36
29 11 13 33
29 11 14 7
29 11 14 26
29 11 14 31
29 11 14 14
29 11 14 5
29 11 14 29
29 11 14 35
29 11 14 11
29 11 14 10
29 11 14 18
29 11 14 30
29 11 14 16
29 11 14 4
29 11 14 27
29 11 14 34
29 11 14 37
29 11 14 4
29 11 14 20
29 11 14 36
29 11 14 39
29 12 1 1
29 12 1 24
29 12 1 33
29 12 1 9
29 12 1 9
29 12 1 25
29 12 1 33
29 12 1 26
29 12 1 10
29 12 1 29
29 12 1 31
29 12 1 12
29 12 1 1
29 12 1 16
29 12 1 29
29 12 1 6
29 12 1 5
29 12 1 19
29 12 1 33
29 12 1 16
29 12 2 3
29 12 2 26
29 12 2 30
29 12 2 33
29 12 2 10
29 12 2 19
29 12 2 34
29 12 2 34
29 12 2 10
29 12 2 19
29 12 2 40
29 12 2 27
29 12 2 2
29 12 2 21
29 12 2 38
29 12 2 17
29 12 2 9
29 12 2 17
29 12 2 33
29 12 2 30
29 12 3 2
29 12 3 21
29 12 3 30
29 12 3 8
29 12 3 6
29 12 3 22
29 12 3 34
29 12 3 29
29 12 3 8
29 12 3 20
29 12 3 40
29 12 3 20
29 12 3 5
29 12 3 24
29 12 3 34
29 12 3 40
29 12 3 3
29 12 3 16
29 12 3 37
29 12 3 27
29 12 4 2
29 12 4 26
29 12 4 38
29 12 4 20
29 12 4 1
29 12 4 17
29 12 4 35
29 12 4 7
29 12 4 2
29 12 4 22
29 12 4 30
29 12 4 30
29 12 4 5
29 12 4 16
29 12 4 37
29 12 4 2
29 12 4 3
29 12 4 14
29 12 4 36
29 12 4 4
29 12 5 8
29 12 5 20
29 12 5 40
29 12 5 21
29 12 5 3
29 12 5 17
29 12 5 39
29 12 5 13
29 12 5 9
29 12 5 21
29 12 5 33
29 12 5 4
29 12 5 7
29 12 5 29
29 12 5 37
29 12 5 15
29 12 5 3
29 12 5 24
29 12 5 31
29 12 5 33
29 12 6 9
29 12 6 21
29 12 6 39
29 12 6 17
29 12 6 5
29 12 6 15
29 12 6 36
29 12 6 11
29 12 6 5
29 12 6 15
29 12 6 37
29 12 6 14
29 12 6 9
29 12 6 20
29 12 6 36
29 12 6 4
29 12 6 7
29 12 6 23
29 12 6 32
29 12 6 13
29 12 7 6
29 12 7 16
29 12 7 39
29 12 7 17
29 12 7 5
29 12 7 21
29 12 7 32
29 12 7 33
29 12 7 6
29 12 7 29
29 12 7 33
29 12 7 20
29 12 7 3
29 12 7 21
29 12 7 40
29 12 7 16
29 12 7 10
29 12 7 25
29 12 7 39
29 12 7 16
29 12 8 1
29 12 8 27
29 12 8 35
29 12 8 13
29 12 8 8
29 12 8 27
29 12 8 36
29 12 8 5
29 12 8 1
29 12 8 15
29 12 8 38
29 12 8 34
29 12 8 7
29 12 8 19
29 12 8 33
29 12 8 14
29 12 8 4
29 12 8 15
29 12 8 40
29 12 8 37
29 12 9 10
29 12 9 24
29 12 9 29
29 12 9 12
29 12 9 10
29 12 9 24
29 12 9 35
29 12 9 16
29 12 9 6
29 12 9 28
29 12 9 40
29 12 9 14
29 12 9 5
29 12 9 20
29 12 9 30
29 12 9 4
29 12 9 8
29 12 9 25
29 12 9 39
29 12 9 6
29 12 10 2
29 12 10 14
29 12 10 40
29 12 10 16
29 12 10 2
29 12 10 23
29 12 10 37
29 12 10 20
29 12 10 2
29 12 10 14
29 12 10 30
29 12 10 4
29 12 10 8
29 12 10 24
29 12 10 36
29 12 10 32
29 12 10 3
29 12 10 14
29 12 10 31
29 12 10 16
29 12 11 10
29 12 11 20
29 12 11 29
29 12 11 21
29 12 11 1
29 12 11 17
29 12 11 34
29 12 11 21
29 12 11 2
29 12 11 20
29 12 11 30
29 12 11 28
29 12 11 4
29 12 11 23
29 12 11 30
29 12 11 33
29 12 11 3
29 12 11 28
29 12 11 31
29 12 11 31
29 12 12 5
29 12 12 21
29 12 12 36
29 12 12 3
29 12 12 9
29 12 12 21
29 12 12 29
29 12 12 13
29 12 12 5
29 12 12 26
29 12 12 34
29 12 12 24
29 12 12 1
29 12 12 14
29 12 12 36
29 12 12 23
29 12 12 3
29 12 12 15
29 12 12 38
29 12 12 23
29 12 13 8
29 12 13 16
29 12 13 30
29 12 13 26
29 12 13 7
29 12 13 24
29 12 13 38
29 12 13 28
29 12 13 3
29 12 13 20
29 12 13 39
29 12 13 10
29 12 13 3
29 12 13 14
29 12 13 31
29 12 13 4
29 12 13 5
29 12 13 23
29 12 13 37
29 12 13 20
29 12 14 3
29 12 14 14
29 12 14 36
29 12 14 5
29 12 14 9
29 12 14 16
29 12 14 38
29 12 14 31
29 12 14 1
29 12 14 28
29 12 14 34
29 12 14 38
29 12 14 8
29 12 14 24
29 12 14 34
29 12 14 8
29 12 14 4
29 12 14 24
29 12 14 30
29 12 14 5
29 13 1 3
29 13 1 16
29 13 1 33
29 13 1 15
29 13 1 7
29 13 1 25
29 13 1 30
29 13 1 13
29 13 1 5
29 13 1 23
29 13 1 35
29 13 1 26
29 13 1 1
29 13 1 18
29 13 1 35
29 13 1 31
29 13 1 4
29 13 1 17
29 13 1 40
29 13 1 26
29 13 2 7
29 13 2 29
29 13 2 35
29 13 2 26
29 13 2 1
29 13 2 24
29 13 2 36
29 13 2 5
29 13 2 9
29 13 2 22
29 13 2 39
29 13 2 20
29 13 2 2
29 13 2 20
29 13 2 38
29 13 2 6
29 13 2 9
29 13 2 29
29 13 2 40
29 13 2 34
29 13 3 5
29 13 3 21
29 13 3 30
29 13 3 38
29 13 3 7
29 13 3 22
29 13 3 39
29 13 3 21
29 13 3 7
29 13 3 23
29 13 3 34
29 13 3 16
29 13 3 5
29 13 3 25
29 13 3 32
29 13 3 13
29 13 3 5
29 13 3 16
29 13 3 33
29 13 3 20
29 13 4 10
29 13 4 20
29 13 4 34
29 13 4 36
29 13 4 5
29 13 4 21
29 13 4 29
29 13 4 9
29 13 4 8
29 13 4 22
29 13 4 31
29 13 4 1
29 13 4 7
29 13 4 16
29 13 4 33
29 13 4 36
29 13 4 2
29 13 4 22
29 13 4 40
29 13 4 39
29 13 5 7
29 13 5 20
29 13 5 29
29 13 5 37
29 13 5 6
29 13 5 25
29 13 5 33
29 13 5 18
29 13 5 7
29 13 5 19
29 13 5 38
29 13 5 14
29 13 5 3
29 13 5 21
29 13 5 31
29 13 5 1
29 13 5 9
29 13 5 16
29 13 5 34
29 13 5 4
29 13 6 1
29 13 6 20
29 13 6 30
29 13 6 24
29 13 6 7
29 13 6 23
29 13 6 40
29 13 6 27
29 13 6 7
29 13 6 28
29 13 6 30
29 13 6 17
29 13 6 6
29 13 6 21
29 13 6 33
29 13 6 17
29 13 6 1
29 13 6 21
29 13 6 34
29 13 6 10
29 13 7 10
29 13 7 23
29 13 7 40
29 13 7 14
29 13 7 4
29 13 7 21
29 13 7 40
29 13 7 7
29 13 7 4
29 13 7 26
29 13 7 36
29 13 7 37
29 13 7 8
29 13 7 16
29 13 7 33
29 13 7 3
29 14 12 10
29 14 12 26
29 14 12 31
29 14 12 40
29 14 12 4
29 14 12 27
29 14 12 29
29 14 12 10
29 14 12 4
29 14 12 27
29 14 12 40
29 14 12 2
29 14 12 2
29 14 12 19
29 14 12 39
29 14 12 26
29 14 13 5
29 14 13 18
29 14 13 36
29 14 13 11
29 14 13 5
29 14 13 19
29 14 13 39
29 14 13 16
29 14 13 6
29 14 13 14
29 14 13 38
29 14 13 38
29 14 13 4
29 14 13 17
29 14 13 31
29 14 13 9
29 14 13 3
29 14 13 24
29 14 13 33
29 14 13 10
29 14 14 6
29 14 14 22
29 14 14 38
29 14 14 18
29 14 14 2
29 14 14 25
29 14 14 31
29 14 14 29
29 14 14 6
29 14 14 23
29 14 14 36
29 14 14 40
29 14 14 6
29 14 14 24
29 14 14 31
29 14 14 18
29 14 14 9
29 14 14 29
29 14 14 34
29 14 14 17
31 1 1 10
31 1 1 25
31 1 1 35
31 1 1 8
31 1 1 10
31 1 1 22
31 1 1 36
31 1 1 25
31 1 1 2
31 1 1 28
31 1 1 35
31 1 1 35
31 1 1 2
31 1 1 16
31 1 1 35
31 1 1 6
31 1 1 8
31 1 1 26
31 1 1 41
31 1 1 14
31 1 2 9
31 1 2 15
31 1 2 40
31 1 2 29
31 1 2 8
31 1 2 16
31 1 2 39
31 1 2 34
31 1 2 10
31 1 2 28
31 1 2 39
31 1 2 27
31 1 2 4
31 1 2 18
31 1 2 40
31 1 2 38
31 1 2 6
31 1 2 24
31 1 2 35
31 1 2 3
31 1 3 9
31 1 3 25
31 1 3 32
31 1 3 30
31 1 3 7
31 1 3 19
31 1 3 42
31 1 3 11
31 1 3 4
31 1 3 18
31 1 3 40
31 1 3 3
31 1 3 6
31 1 3 26
31 1 3 33
31 1 3 23
31 1 3 3
31 1 3 15
31 1 3 37
31 1 3 5
31 1 4 3
31 1 4 31
31 1 4 35
31 1 4 38
31 1 4 2
31 1 4 26
31 1 4 33
31 1 4 17
31 1 4 2
31 1 4 23
31 1 4 37
31 1 4 16
31 1 4 3
31 1 4 21
31 1 4 39
31 1 4 27
31 1 4 5
31 1 4 26
31 1 4 34
31 1 4 24
31 1 5 2
31 1 5 31
31 1 5 36
31 1 5 41
31 1 5 9
31 1 5 30
31 1 5 41
31 1 5 18
31 1 5 3
31 1 5 16
31 1 5 37
31 1 5 38
31 1 5 5
31 1 5 20
31 1 5 36
31 1 5 34
31 1 5 1
31 1 5 30
31 1 5 36
31 1 5 12
31 1 6 3
31 1 6 27
31 1 6 42
31 1 6 26
31 1 6 1
31 1 6 22
31 1 6 33
31 1 6 28
31 1 6 5
31 1 6 16
31 1 6 35
31 1 6 16
31 1 6 4
31 1 6 29
31 1 6 31
31 1 6 36
31 1 6 5
31 1 6 26
31 1 6 37
31 1 6 26
31 1 7 7
31 1 7 26
31 1 7 38
31 1 7 11
31 1 7 5
31 1 7 21
31 1 7 38
31 1 7 5
31 1 7 9
31 1 7 21
31 1 7 42
31 1 7 2
31 1 7 7
31 1 7 26
31 1 7 42
31 1 7 20
31 1 7 10
31 1 7 29
31 1 7 35
31 1 7 1
31 1 8 9
31 1 8 23
31 1 8 33
31 1 8 41
31 1 8 2
31 1 8 26
31 1 8 42
31 1 8 26
31 1 8 3
31 1 8 19
31 1 8 34
31 1 8 34
31 1 8 6
31 1 8 31
31 1 8 37
31 1 8 13
31 1 8 8
31 1 8 30
31 1 8 35
31 1 8 42
31 1 9 10
31 1 9 27
31 1 9 39
31 1 9 42
31 1 9 4
31 1 9 28
31 1 9 39
31 1 9 19
31 1 9 5
31 1 9 18
31 1 9 37
31 1 9 40
31 1 9 8
31 1 9 21
31 1 9 33
31 1 9 5
31 1 9 6
31 1 9 17
31 1 9 40
31 1 9 33
31 1 10 4
31 1 10 31
31 1 10 31
31 1 10 35
31 1 10 2
31 1 10 20
31 1 10 40
31 1 10 11
31 1 10 5
31 1 10 25
31 1 10 41
31 1 10 42
31 1 10 4
31 1 10 27
31 1 10 33
31 1 10 35
31 1 10 7
31 1 10 25
31 1 10 35
31 1 10 42
31 1 11 4
31 1 11 24
31 1 11 39
31 1 11 15
31 1 11 3
31 1 11 29
31 1 11 35
31 1 11 8
31 1 11 6
31 1 11 28
31 1 11 38
31 1 11 40
31 1 11 1
31 1 11 31
31 1 11 34
31 1 11 24
31 1 11 3
31 1 11 15
31 1 11 36
31 1 11 8
31 1 12 5
31 1 12 18
31 1 12 33
31 1 12 39
31 1 12 4
31 1 12 22
31 1 12 41
31 1 12 33
31 1 12 10
31 1 12 19
31 1 12 42
31 1 12 27
31 1 12 7
31 1 12 26
31 1 12 41
31 1 12 18
31 1 12 3
31 1 12 21
31 1 12 42
31 1 12 21
31 1 13 3
31 1 13 22
31 1 13 35
31 1 13 9
31 1 13 8
31 1 13 24
31 1 13 42
31 1 13 32
31 1 13 1
31 1 13 28
31 1 13 33
31 1 13 12
31 1 13 1
31 1 13 16
31 1 13 32
31 1 13 36
31 1 13 5
31 1 13 30
31 1 13 38
31 1 13 7
31 1 14 6
31 1 14 20
31 1 14 41
31 1 14 26
31 1 14 4
31 1 14 16
31 1 14 42
31 1 14 27
31 1 14 2
31 1 14 26
31 1 14 42
31 1 14 30
31 1 14 1
31 1 14 20
31 1 14 34
31 1 14 16
31 1 14 3
31 1 14 30
31 1 14 32
31 1 14 21
31 2 1 10
31 2 1 29
31 2 1 33
31 2 1 36
31 2 1 1
31 2 1 30
31 2 1 36
31 2 1 32
31 2 1 9
31 2 1 21
31 2 1 37
31 2 1 42
31 2 1 5
31 2 1 16
31 2 1 40
31 2 1 17
31 2 1 7
31 2 1 30
31 2 1 35
31 2 1 32
31 2 2 8
31 2 2 30
31 2 2 41
31 2 2 41
31 2 2 3
31 2 2 16
31 2 2 41
31 2 2 24
31 2 2 8
31 2 2 15
31 2 2 40
31 2 2 34
31 2 2 4
31 2 2 28
31 2 2 31
31 2 2 21
31 2 2 10
31 2 2 29
31 2 2 31
31 2 2 27
31 2 3 6
31 2 3 17
31 2 3 35
31 2 3 18
31 2 3 6
31 2 3 25
31 2 3 35
31 2 3 30
31 2 3 4
31 2 3 31
31 2 3 36
31 2 3 14
31 2 3 8
31 2 3 18
31 2 3 42
31 2 3 32
31 2 3 6
31 2 3 29
31 2 3 34
31 2 3 4
31 2 4 3
31 2 4 18
31 2 4 42
31 2 4 28
31 2 4 10
31 2 4 29
31 2 4 36
31 2 4 31
31 2 4 5
31 2 4 26
31 2 4 34
31 2 4 27
31 2 4 3
31 2 4 16
31 2 4 39
31 2 4 21
31 2 4 2
31 2 4 28
31 2 4 33
31 2 4 23
31 2 5 8
31 2 5 16
31 2 5 42
31 2 5 13
31 2 5 6
31 2 5 23
31 2 5 32
31 2 5 24
31 2 5 4
31 2 5 31
31 2 5 37
31 2 5 15
31 2 5 10
31 2 5 24
31 2 5 42
31 2 5 40
31 2 5 1
31 2 5 20
31 2 5 37
31 2 5 5
31 2 6 1
31 2 6 31
31 2 6 33
31 2 6 28
31 2 6 5
31 2 6 21
31 2 6 42
31 2 6 36
31 2 6 1
31 2 6 19
31 2 6 33
31 2 6 7
31 2 6 1
31 2 6 23
31 2 6 41
31 2 6 14
31 2 6 6
31 2 6 30
31 2 6 42
31 2 6 33
31 2 7 3
31 2 7 28
31 2 7 42
31 2 7 32
31 2 7 2
31 2 7 29
31 2 7 42
31 2 7 28
31 2 7 8
31 2 7 30
31 2 7 35
31 2 7 10
31 2 7 8
31 2 7 22
31 2 7 31
31 2 7 42
31 2 7 4
31 2 7 18
31 2 7 40
31 2 7 13
31 2 8 7
31 2 8 31
31 2 8 32
31 2 8 19
31 2 8 4
31 2 8 18
31 2 8 41
31 2 8 35
31 2 8 2
31 2 8 31
31 2 8 35
31 2 8 32
31 2 8 9
31 2 8 22
31 2 8 40
31 2 8 19
31 2 8 8
31 2 8 28
31 2 8 39
31 2 8 29
31 2 9 7
31 2 9 31
31 2 9 37
31 2 9 13
31 2 9 8
31 2 9 27
31 2 9 33
31 2 9 35
31 2 9 6
31 2 9 28
31 2 9 38
31 2 9 19
31 2 9 7
31 2 9 26
31 2 9 36
31 2 9 35
31 2 9 9
31 2 9 18
31 2 9 33
31 2 9 11
31 2 10 3
31 2 10 22
31 2 10 35
31 2 10 27
31 2 10 4
31 2 10 20
31 2 10 32
31 2 10 40
31 2 10 8
31 2 10 18
31 2 10 33
31 2 10 20
31 2 10 8
31 2 10 25
31 2 10 38
31 2 10 3
31 2 10 5
31 2 10 18
31 2 10 33
31 2 10 11
31 2 11 8
31 2 11 26
31 2 11 35
31 2 11 33
31 2 11 2
31 2 11 19
31 2 11 41
31 2 11 23
31 2 11 4
31 2 11 26
31 2 11 41
31 2 11 31
31 2 11 1
31 2 11 18
31 2 11 41
31 2 11 38
31 2 11 2
31 2 11 20
31 2 11 41
31 2 11 29
31 2 12 2
31 2 12 19
31 2 12 33
31 2 12 19
31 2 12 7
31 2 12 19
31 2 12 40
31 2 12 2
31 2 12 4
31 2 12 25
31 2 12 41
31 2 12 18
31 2 12 6
31 2 12 15
31 2 12 36
31 2 12 4
31 2 12 10
31 2 12 26
31 2 12 31
31 2 12 21
31 2 13 8
31 2 13 17
31 2 13 41
31 2 13 34
31 2 13 2
31 2 13 28
31 2 13 34
31 2 13 28
31 2 13 8
31 2 13 28
31 2 13 38
31 2 13 8
31 2 13 9
31 2 13 30
31 2 13 41
31 2 13 8
31 2 13 9
31 2 13 15
31 2 13 34
31 2 13 23
31 2 14 4
31 2 14 19
31 2 14 34
31 2 14 23
31 2 14 3
31 2 14 31
31 2 14 32
31 2 14 9
31 2 14 10
31 2 14 27
31 2 14 42
31 2 14 9
31 2 14 2
31 2 14 19
31 2 14 31
31 2 14 1
31 2 14 8
31 2 14 16
31 2 14 35
31 2 14 27
31 3 1 8
31 3 1 28
31 3 1 31
31 3 1 35
31 3 1 1
31 3 1 18
31 3 1 42
31 3 1 42
31 3 1 6
31 3 1 22
31 3 1 42
31 3 1 9
31 3 1 3
31 3 1 23
31 3 1 41
31 3 1 29
31 3 1 8
31 3 1 27
31 3 1 38
31 3 1 14
31 3 2 1
31 3 2 27
31 3 2 31
31 3 2 26
31 3 2 10
31 3 2 15
31 3 2 39
31 3 2 3
31 3 2 1
31 3 2 23
31 3 2 35
31 3 2 38
31 3 2 1
31 3 2 25
31 3 2 40
31 3 2 40
31 3 2 7
31 3 2 16
31 3 2 32
31 3 2 34
31 3 3 5
31 3 3 25
31 3 3 42
31 3 3 32
31 3 3 6
31 3 3 19
31 3 3 33
31 3 3 27
31 3 3 10
31 3 3 18
31 3 3 33
31 3 3 24
31 3 3 9
31 3 3 25
31 3 3 31
31 3 3 18
31 3 3 9
31 3 3 15
31 3 3 33
31 3 3 37
31 3 4 4
31 3 4 29
31 3 4 38
31 3 4 25
31 3 4 2
31 3 4 22
31 3 4 36
31 3 4 2
31 3 4 10
31 3 4 29
31 3 4 33
31 3 4 21
31 3 4 5
31 3 4 17
31 3 4 37
31 3 4 29
31 3 4 3
31 3 4 19
31 3 4 34
31 3 4 30
31 3 5 1
31 3 5 20
31 3 5 40
31 3 5 24
31 3 5 4
31 3 5 26
31 3 5 39
31 3 5 33
31 3 5 4
31 3 5 21
31 3 5 33
31 3 5 9
31 3 5 9
31 3 5 17
31 3 5 40
31 3 5 29
31 3 5 6
31 3 5 22
31 3 5 38
31 3 5 17
31 3 6 8
31 3 6 15
31 3 6 39
31 3 6 17
31 3 6 3
31 3 6 26
31 3 6 39
31 3 6 16
31 3 6 4
31 3 6 26
31 3 6 31
31 3 6 36
31 3 6 5
31 3 6 24
31 3 6 34
31 3 6 16
31 3 6 10
31 3 6 30
31 3 6 42
31 3 6 37
31 3 7 3
31 3 7 27
31 3 7 32
31 3 7 6
31 3 7 10
31 3 7 30
31 3 7 32
31 3 7 15
31 3 7 5
31 3 7 28
31 3 7 36
31 3 7 38
31 3 7 10
31 3 7 24
31 3 7 35
31 3 7 1
31 3 7 3
31 3 7 21
31 3 7 42
31 3 7 4
31 3 8 4
31 3 8 24
31 3 8 41
31 3 8 9
31 3 8 9
31 3 8 23
31 3 8 31
31 3 8 8
31 3 8 8
31 3 8 15
31 3 8 41
31 3 8 20
31 3 8 2
31 3 8 18
31 3 8 33
31 3 8 36
31 3 8 3
31 3 8 18
31 3 8 33
31 3 8 17
31 3 9 10
31 3 9 21
31 3 9 40
31 3 9 42
31 3 9 1
31 3 9 24
31 3 9 31
31 3 9 24
31 3 9 2
31 3 9 30
31 3 9 36
31 3 9 33
31 3 9 5
31 3 9 23
31 3 9 37
31 3 9 39
31 3 9 9
31 3 9 19
31 3 9 35
31 3 9 39
31 3 10 5
31 3 10 26
31 3 10 37
31 3 10 27
31 3 10 3
31 3 10 15
31 3 10 31
31 3 10 33
31 3 10 3
31 3 10 20
31 3 10 40
31 3 10 15
31 3 10 10
31 3 10 27
31 3 10 38
31 3 10 21
31 3 10 3
31 3 10 18
31 3 10 38
31 3 10 24
31 3 11 9
31 3 11 17
31 3 11 32
31 3 11 20
31 3 11 9
31 3 11 30
31 3 11 36
31 3 11 21
31 3 11 1
31 3 11 17
31 3 11 36
31 3 11 11
31 3 11 7
31 3 11 30
31 3 11 41
31 3 11 16
31 3 11 8
31 3 11 15
31 3 11 33
31 3 11 5
31 3 12 4
31 3 12 21
31 3 12 38
31 3 12 41
31 3 12 10
31 3 12 27
31 3 12 38
31 3 12 21
31 3 12 3
31 3 12 29
31 3 12 36
31 3 12 40
31 3 12 3
31 3 12 23
31 3 12 36
31 3 12 35
31 3 12 3
31 3 12 19
31 3 12 34
31 3 12 5
31 3 13 4
31 3 13 21
31 3 13 34
31 3 13 9
31 3 13 5
31 3 13 20
31 3 13 38
31 3 13 41
31 3 13 8
31 3 13 17
31 3 13 37
31 3 13 12
31 3 13 7
31 3 13 21
31 3 13 38
31 3 13 6
31 3 13 5
31 3 13 18
31 3 13 32
31 3 13 4
31 3 14 7
31 3 14 17
31 3 14 40
31 3 14 17
31 3 14 6
31 3 14 20
31 3 14 32
31 3 14 7
31 3 14 9
31 3 14 27
31 3 14 39
31 3 14 7
31 3 14 2
31 3 14 16
31 3 14 39
31 3 14 41
31 3 14 3
31 3 14 15
31 3 14 37
31 3 14 1
31 4 1 1
31 4 1 17
31 4 1 35
31 4 1 31
31 4 1 7
31 4 1 22
31 4 1 35
31 4 1 32
31 4 1 7
31 4 1 18
31 4 1 38
31 4 1 3
31 4 1 3
31 4 1 24
31 4 1 40
31 4 1 19
31 4 1 7
31 4 1 19
31 4 1 42
31 4 1 11
31 4 2 9
31 4 2 21
31 4 2 34
31 4 2 1
31 4 2 4
31 4 2 18
31 4 2 39
31 4 2 21
31 4 2 3
31 4 2 25
31 4 2 34
31 4 2 27
31 4 2 7
31 4 2 24
31 4 2 36
31 4 2 29
31 4 2 2
31 4 2 23
31 4 2 42
31 4 2 17
31 4 3 4
31 4 3 26
31 4 3 40
31 4 3 11
31 4 3 2
31 4 3 29
31 4 3 40
31 4 3 3
31 4 3 2
31 4 3 31
31 4 3 41
31 4 3 42
31 4 3 3
31 4 3 24
31 4 3 32
31 4 3 36
31 4 3 6
31 4 3 28
31 4 3 42
31 4 3 16
31 4 4 8
31 4 4 30
31 4 4 39
31 4 4 17
31 4 4 7
31 4 4 19
31 4 4 32
31 4 4 19
31 4 4 10
31 4 4 17
31 4 4 39
31 4 4 31
31 4 4 6
31 4 4 28
31 4 4 42
31 4 4 2
31 4 4 1
31 4 4 30
31 4 4 35
31 4 4 14
31 4 5 6
31 4 5 24
31 4 5 39
31 4 5 28
31 4 5 3
31 4 5 18
31 4 5 38
31 4 5 29
31 4 5 5
31 4 5 28
31 4 5 42
31 4 5 15
31 4 5 10
31 4 5 25
31 4 5 32
31 4 5 16
31 4 5 1
31 4 5 20
31 4 5 42
31 4 5 37
31 4 6 7
31 4 6 18
31 4 6 41
31 4 6 34
31 4 6 8
31 4 6 22
31 4 6 32
31 4 6 21
31 4 6 4
31 4 6 22
31 4 6 39
31 4 6 36
31 4 6 10
31 4 6 29
31 4 6 36
31 4 6 31
31 4 6 7
31 4 6 22
31 4 6 41
31 4 6 41
31 4 7 6
31 4 7 22
31 4 7 36
31 4 7 17
31 4 7 2
31 4 7 19
31 4 7 42
31 4 7 4
31 4 7 9
31 4 7 24
31 4 7 41
31 4 7 4
31 4 7 4
31 4 7 17
31 4 7 34
31 4 7 12
31 4 7 9
31 4 7 20
31 4 7 35
31 4 7 22
31 4 8 10
31 4 8 21
31 4 8 37
31 4 8 13
31 4 8 10
31 4 8 28
31 4 8 41
31 4 8 7
31 4 8 8
31 4 8 28
31 4 8 37
31 4 8 41
31 4 8 4
31 4 8 16
31 4 8 34
31 4 8 14
31 4 8 8
31 4 8 15
31 4 8 34
31 4 8 13
31 4 9 1
31 4 9 18
31 4 9 42
31 4 9 7
31 4 9 4
31 4 9 24
31 4 9 37
31 4 9 41
31 4 9 3
31 4 9 16
31 4 9 38
31 4 9 19
31 4 9 2
31 4 9 24
31 4 9 33
31 4 9 35
31 4 9 3
31 4 9 20
31 4 9 36
31 4 9 30
31 4 10 10
31 4 10 20
31 4 10 39
31 4 10 35
31 4 10 8
31 4 10 15
31 4 10 39
31 4 10 6
31 4 10 6
31 4 10 26
31 4 10 33
31 4 10 36
31 4 10 1
31 4 10 18
31 4 10 38
31 4 10 39
31 4 10 10
31 4 10 17
31 4 10 34
31 4 10 31
31 4 11 7
31 4 11 29
31 4 11 35
31 4 11 18
31 4 11 2
31 4 11 15
31 4 11 36
31 4 11 2
31 4 11 9
31 4 11 16
31 4 11 35
31 4 11 8
31 4 11 9
31 4 11 15
31 4 11 36
31 4 11 4
31 4 11 7
31 4 11 27
31 4 11 40
31 4 11 30
31 4 12 3
31 4 12 17
31 4 12 33
31 4 12 26
31 4 12 7
31 4 12 15
31 4 12 38
31 4 12 20
31 4 12 9
31 4 12 22
31 4 12 40
31 4 12 26
31 4 12 2
31 4 12 29
31 4 12 38
31 4 12 29
31 4 12 1
31 4 12 27
31 4 12 41
31 4 12 26
31 4 13 3
31 4 13 22
31 4 13 33
31 4 13 8
31 4 13 1
31 4 13 23
31 4 13 36
31 4 13 1
31 4 13 5
31 4 13 27
31 4 13 39
31 4 13 11
31 4 13 5
31 4 13 25
31 4 13 37
31 4 13 40
31 4 13 7
31 4 13 20
31 4 13 34
31 4 13 42
31 4 14 1
31 4 14 29
31 4 14 39
31 4 14 16
31 4 14 6
31 4 14 22
31 4 14 38
31 4 14 4
31 4 14 2
31 4 14 24
31 4 14 35
31 4 14 31
31 4 14 3
31 4 14 17
31 4 14 37
31 4 14 34
31 4 14 2
31 4 14 27
31 4 14 31
31 4 14 7
31 5 1 6
31 5 1 25
31 5 1 36
31 5 1 6
31 5 1 4
31 5 1 22
31 5 1 34
31 5 1 12
31 5 1 8
31 5 1 25
31 5 1 38
31 5 1 42
31 5 1 1
31 5 1 19
31 5 1 34
31 5 1 9
31 5 1 3
31 5 1 23
31 5 1 32
31 5 1 12
31 5 2 2
31 5 2 22
31 5 2 35
31 5 2 28
31 5 2 9
31 5 2 16
31 5 2 35
31 5 2 17
31 5 2 10
31 5 2 17
31 5 2 33
31 5 2 39
31 5 2 3
31 5 2 29
31 5 2 34
31 5 2 36
31 5 2 7
31 5 2 29
31 5 2 31
31 5 2 39
31 5 3 9
31 5 3 26
31 5 3 31
31 5 3 30
31 5 3 3
31 5 3 18
31 5 3 41
31 5 3 30
31 5 3 10
31 5 3 24
31 5 3 36
31 5 3 17
31 5 3 8
31 5 3 16
31 5 3 35
31 5 3 7
31 5 3 7
31 5 3 24
31 5 3 40
31 5 3 37
31 5 4 4
31 5 4 17
31 5 4 36
31 5 4 25
31 5 4 9
31 5 4 20
31 5 4 39
31 5 4 20
31 5 4 6
31 5 4 15
31 5 4 41
31 5 4 4
31 5 4 8
31 5 4 31
31 5 4 31
31 5 4 42
31 5 4 1
31 5 4 28
31 5 4 42
31 5 4 27
31 5 5 7
31 5 5 16
31 5 5 41
31 5 5 19
31 5 5 2
31 5 5 27
31 5 5 40
31 5 5 30
31 5 5 3
31 5 5 26
31 5 5 32
31 5 5 15
31 5 5 6
31 5 5 26
31 5 5 32
31 5 5 6
31 5 5 5
31 5 5 29
31 5 5 34
31 5 5 4
31 5 6 8
31 5 6 22
31 5 6 31
31 5 6 6
31 5 6 2
31 5 6 29
31 5 6 39
31 5 6 37
31 5 6 2
31 5 6 20
31 5 6 41
31 5 6 33
31 5 6 4
31 5 6 18
31 5 6 34
31 5 6 19
31 5 6 9
31 5 6 16
31 5 6 39
31 5 6 34
31 5 7 1
31 5 7 28
31 5 7 37
31 5 7 36
31 5 7 2
31 5 7 17
31 5 7 37
31 5 7 7
31 5 7 9
31 5 7 21
31 5 7 31
31 5 7 32
31 5 7 4
31 5 7 15
31 5 7 32
31 5 7 25
31 5 7 2
31 5 7 30
31 5 7 31
31 5 7 16
31 5 8 10
31 5 8 31
31 5 8 31
31 5 8 41
31 5 8 9
31 5 8 23
31 5 8 38
31 5 8 31
31 5 8 9
31 5 8 21
31 5 8 37
31 5 8 10
31 5 8 10
31 5 8 27
31 5 8 39
31 5 8 11
31 5 8 7
31 5 8 15
31 5 8 34
31 5 8 21
31 5 9 7
31 5 9 24
31 5 9 34
31 5 9 18
31 5 9 8
31 5 9 19
31 5 9 42
31 5 9 36
31 5 9 3
31 5 9 23
31 5 9 39
31 5 9 22
31 5 9 6
31 5 9 31
31 5 9 39
31 5 9 41
31 5 9 4
31 5 9 23
31 5 9 37
31 5 9 9
31 5 10 9
31 5 10 22
31 5 10 32
31 5 10 40
31 5 10 7
31 5 10 15
31 5 10 41
31 5 10 17
31 5 10 3
31 5 10 18
31 5 10 38
31 5 10 16
31 5 10 5
31 5 10 22
31 5 10 32
31 5 10 30
31 5 10 8
31 5 10 18
31 5 10 40
31 5 10 19
31 5 11 9
31 5 11 15
31 5 11 41
31 5 11 3
31 5 11 5
31 5 11 24
31 5 11 35
31 5 11 35
31 5 11 7
31 5 11 16
31 5 11 32
31 5 11 38
31 5 11 2
31 5 11 16
31 5 11 37
31 5 11 28
31 5 11 6
31 5 11 15
31 5 11 35
31 5 11 35
31 5 12 9
31 5 12 18
31 5 12 39
31 5 12 10
31 5 12 5
31 5 12 27
31 5 12 31
31 5 12 30
31 5 12 9
31 5 12 18
31 5 12 39
31 5 12 36
31 5 12 9
31 5 12 30
31 5 12 37
31 5 12 14
31 5 12 9
31 5 12 20
31 5 12 39
31 5 12 21
31 5 13 3
31 5 13 20
31 5 13 35
31 5 13 37
31 5 13 4
31 5 13 31
31 5 13 37
31 5 13 5
31 5 13 6
31 5 13 21
31 5 13 37
31 5 13 42
31 5 13 9
31 5 13 27
31 5 13 38
31 5 13 8
31 5 13 2
31 5 13 15
31 5 13 42
31 5 13 24
31 5 14 10
31 5 14 30
31 5 14 35
31 5 14 21
31 5 14 1
31 5 14 15
31 5 14 41
31 5 14 28
31 5 14 2
31 5 14 19
31 5 14 36
31 5 14 27
31 5 14 2
31 5 14 30
31 5 14 40
31 5 14 40
31 5 14 5
31 5 14 19
31 5 14 34
31 5 14 7
31 6 1 4
31 6 1 30
31 6 1 33
31 6 1 11
31 6 1 1
31 6 1 19
31 6 1 31
31 6 1 9
31 6 1 1
31 6 1 18
31 6 1 32
31 6 1 10
31 6 1 1
31 6 1 31
31 6 1 33
31 6 1 24
31 6 1 9
31 6 1 18
31 6 1 33
31 6 1 41
31 6 2 5
31 6 2 30
31 6 2 31
31 6 2 20
31 6 2 5
31 6 2 27
31 6 2 35
31 6 2 25
31 6 2 10
31 6 2 25
31 6 2 32
31 6 2 18
31 6 2 7
31 6 2 26
31 6 2 32
31 6 2 6
31 6 2 9
31 6 2 17
31 6 2 40
31 6 2 15
31 6 3 10
31 6 3 26
31 6 3 34
31 6 3 37
31 6 3 9
31 6 3 15
31 6 3 38
31 6 3 38
31 6 3 7
31 6 3 31
31 6 3 36
31 6 3 27
31 6 3 10
31 6 3 23
31 6 3 39
31 6 3 20
31 6 3 1
31 6 3 19
31 6 3 39
31 6 3 26
31 6 4 5
31 6 4 17
31 6 4 42
31 6 4 42
31 6 4 1
31 6 4 15
31 6 4 41
31 6 4 15
31 6 4 6
31 6 4 24
31 6 4 31
31 6 4 4
31 6 4 9
31 6 4 20
31 6 4 36
31 6 4 25
31 6 4 10
31 6 4 31
31 6 4 39
31 6 4 19
31 6 5 6
31 6 5 25
31 6 5 37
31 6 5 22
31 6 5 1
31 6 5 28
31 6 5 37
31 6 5 24
31 6 5 4
31 6 5 27
31 6 5 32
31 6 5 29
31 6 5 2
31 6 5 16
31 6 5 39
31 6 5 41
31 6 5 6
31 6 5 23
31 6 5 31
31 6 5 22
31 6 6 5
31 6 6 23
31 6 6 40
31 6 6 15
31 6 6 3
31 6 6 21
31 6 6 31
31 6 6 6
31 6 6 8
31 6 6 19
31 6 6 34
31 6 6 1
31 6 6 3
31 6 6 28
31 6 6 36
31 6 6 23
31 6 6 6
31 6 6 22
31 6 6 35
31 6 6 14
31 6 7 8
31 6 7 20
31 6 7 31
31 6 7 39
31 6 7 9
31 6 7 19
31 6 7 40
31 6 7 3
31 6 7 7
31 6 7 16
31 6 7 36
31 6 7 11
31 6 7 1
31 6 7 16
31 6 7 35
31 6 7 9
31 6 7 3
31 6 7 31
31 6 7 32
31 6 7 27
31 6 8 8
31 6 8 29
31 6 8 39
31 6 8 30
31 6 8 6
31 6 8 15
31 6 8 42
31 6 8 16
31 6 8 7
31 6 8 24
31 6 8 34
31 6 8 34
31 6 8 9
31 6 8 21
31 6 8 36
31 6 8 22
31 6 8 2
31 6 8 15
31 6 8 35
31 6 8 21
31 6 9 9
31 6 9 20
31 6 9 36
31 6 9 40
31 6 9 9
31 6 9 31
31 6 9 41
31 6 9 8
31 6 9 6
31 6 9 26
31 6 9 38
31 6 9 42
31 6 9 1
31 6 9 29
31 6 9 37
31 6 9 10
31 6 9 10
31 6 9 20
31 6 9 34
31 6 9 15
31 6 10 8
31 6 10 28
31 6 10 38
31 6 10 7
31 6 10 10
31 6 10 24
31 6 10 33
31 6 10 10
31 6 10 1
31 6 10 27
31 6 10 32
31 6 10 40
31 6 10 7
31 6 10 16
31 6 10 33
31 6 10 1
31 6 10 1
31 6 10 19
31 6 10 36
31 6 10 16
31 6 11 8
31 6 11 27
31 6 11 35
31 6 11 37
31 6 11 6
31 6 11 16
31 6 11 33
31 6 11 22
31 6 11 2
31 6 11 19
31 6 11 42
31 6 11 22
31 6 11 9
31 6 11 15
31 6 11 36
31 6 11 23
31 6 11 9
31 6 11 19
31 6 11 39
31 6 11 37
31 6 12 3
31 6 12 29
31 6 12 42
31 6 12 25
31 6 12 2
31 6 12 27
31 6 12 39
31 6 12 19
31 6 12 10
31 6 12 15
31 6 12 42
31 6 12 35
31 6 12 4
31 6 12 25
31 6 12 34
31 6 12 14
31 6 12 1
31 6 12 17
31 6 12 40
31 6 12 11
31 6 13 7
31 6 13 22
31 6 13 31
31 6 13 23
31 6 13 3
31 6 13 22
31 6 13 32
31 6 13 37
31 6 13 7
31 6 13 31
31 6 13 40
31 6 13 34
31 6 13 2
31 6 13 28
31 6 13 36
31 6 13 11
31 6 13 9
31 6 13 27
31 6 13 38
31 6 13 7
31 6 14 10
31 6 14 19
31 6 14 32
31 6 14 42
31 6 14 4
31 6 14 17
31 6 14 33
31 6 14 3
31 6 14 9
31 6 14 28
31 6 14 33
31 6 14 31
31 6 14 5
31 6 14 31
31 6 14 31
31 6 14 29
31 6 14 1
31 6 14 24
31 6 14 34
31 6 14 32
31 7 1 3
31 7 1 24
31 7 1 38
31 7 1 22
31 7 1 1
31 7 1 25
31 7 1 41
31 7 1 10
31 7 1 2
31 7 1 31
31 7 1 39
31 7 1 30
31 7 1 4
31 7 1 20
31 7 1 37
31 7 1 13
31 7 1 9
31 7 1 17
31 7 1 39
31 7 1 38
31 7 2 10
31 7 2 19
31 7 2 33
31 7 2 14
31 7 2 9
31 7 2 17
31 7 2 32
31 7 2 33
31 7 2 2
31 7 2 29
31 7 2 42
31 7 2 32
31 7 2 5
31 7 2 25
31 7 2 32
31 7 2 7
31 7 2 8
31 7 2 25
31 7 2 38
31 7 2 12
31 7 3 8
31 7 3 20
31 7 3 42
31 7 3 37
31 7 3 5
31 7 3 27
31 7 3 41
31 7 3 3
31 7 3 8
31 7 3 15
31 7 3 33
31 7 3 32
31 7 3 4
31 7 3 25
31 7 3 34
31 7 3 18
31 7 3 7
31 7 3 17
31 7 3 32
31 7 3 3
31 7 4 3
31 7 4 16
31 7 4 42
31 7 4 29
31 7 4 10
31 7 4 29
31 7 4 35
31 7 4 30
31 7 4 4
31 7 4 20
31 7 4 32
31 7 4 16
31 7 4 10
31 7 4 27
31 7 4 38
31 7 4 38
31 7 4 3
31 7 4 16
31 7 4 34
31 7 4 1
31 7 5 1
31 7 5 17
31 7 5 39
31 7 5 21
31 7 5 2
31 7 5 15
31 7 5 40
31 7 5 10
31 7 5 3
31 7 5 24
31 7 5 42
31 7 5 10
31 7 5 5
31 7 5 25
31 7 5 37
31 7 5 24
31 7 5 7
31 7 5 27
31 7 5 34
31 7 5 18
31 7 6 3
31 7 6 20
31 7 6 37
31 7 6 17
31 7 6 7
31 7 6 26
31 7 6 31
31 7 6 11
31 7 6 2
31 7 6 22
31 7 6 31
31 7 6 37
31 7 6 1
31 7 6 16
31 7 6 31
31 7 6 24
31 7 6 3
31 7 6 19
31 7 6 37
31 7 6 23
31 7 7 4
31 7 7 15
31 7 7 31
31 7 7 21
31 7 7 4
31 7 7 26
31 7 7 33
31 7 7 18
31 7 7 4
31 7 7 16
31 7 7 39
31 7 7 39
31 7 7 5
31 7 7 28
31 7 7 32
31 7 7 36
31 7 7 7
31 7 7 26
31 7 7 32
31 7 7 32
31 7 8 4
31 7 8 15
31 7 8 39
31 7 8 13
31 7 8 10
31 7 8 31
31 7 8 33
31 7 8 23
31 7 8 3
31 7 8 25
31 7 8 42
31 7 8 17
31 7 8 7
31 7 8 29
31 7 8 38
31 7 8 25
31 7 8 3
31 7 8 21
31 7 8 37
31 7 8 17
31 7 9 7
31 7 9 19
31 7 9 33
31 7 9 30
31 7 9 1
31 7 9 27
31 7 9 40
31 7 9 36
31 7 9 5
31 7 9 23
31 7 9 36
31 7 9 36
31 7 9 1
31 7 9 17
31 7 9 37
31 7 9 3
31 7 9 10
31 7 9 18
31 7 9 42
31 7 9 11
31 7 10 9
31 7 10 24
31 7 10 31
31 7 10 32
31 7 10 9
31 7 10 29
31 7 10 38
31 7 10 13
31 7 10 5
31 7 10 24
31 7 10 32
31 7 10 27
31 7 10 1
31 7 10 22
31 7 10 32
31 7 10 7
31 7 10 9
31 7 10 29
31 7 10 33
31 7 10 41
31 7 11 9
31 7 11 28
31 7 11 31
31 7 11 4
31 7 11 2
31 7 11 24
31 7 11 42
31 7 11 8
31 7 11 6
31 7 11 15
31 7 11 32
31 7 11 26
31 7 11 8
31 7 11 31
31 7 11 33
31 7 11 7
31 7 11 7
31 7 11 24
31 7 11 39
31 7 11 1
31 7 12 6
31 7 12 25
31 7 12 40
31 7 12 30
31 7 12 2
31 7 12 26
31 7 12 35
31 7 12 5
31 7 12 10
31 7 12 26
31 7 12 39
31 7 12 16
31 7 12 1
31 7 12 30
31 7 12 38
31 7 12 4
31 7 12 8
31 7 12 26
31 7 12 32
31 7 12 7
31 7 13 8
31 7 13 26
31 7 13 35
31 7 13 6
31 7 13 6
31 7 13 28
31 7 13 39
31 7 13 26
31 7 13 4
31 7 13 31
31 7 13 42
31 7 13 39
31 7 13 2
31 7 13 29
31 7 13 36
31 7 13 40
31 7 13 1
31 7 13 15
31 7 13 38
31 7 13 12
31 7 14 2
31 7 14 24
31 7 14 31
31 7 14 12
31 7 14 2
31 7 14 19
31 7 14 37
31 7 14 42
31 7 14 6
31 7 14 26
31 7 14 32
31 7 14 32
31 7 14 2
31 7 14 17
31 7 14 34
31 7 14 12
31 7 14 4
31 7 14 23
31 7 14 39
31 7 14 6
31 8 1 10
31 8 1 28
31 8 1 37
31 8 1 39
31 8 1 4
31 8 1 22
31 8 1 34
31 8 1 1
31 8 1 3
31 8 1 28
31 8 1 32
31 8 1 40
31 8 1 3
31 8 1 31
31 8 1 42
31 8 1 24
31 8 1 10
31 8 1 21
31 8 1 38
31 8 1 33
31 8 2 3
31 8 2 15
31 8 2 31
31 8 2 8
31 8 2 1
31 8 2 19
31 8 2 42
31 8 2 28
31 8 2 8
31 8 2 29
31 8 2 37
31 8 2 17
31 8 2 10
31 8 2 26
31 8 2 34
31 8 2 31
31 8 2 10
31 8 2 26
31 8 2 40
31 8 2 16
31 8 3 4
31 8 3 18
31 8 3 39
31 8 3 36
31 8 3 2
31 8 3 29
31 8 3 41
31 8 3 18
31 8 3 6
31 8 3 21
31 8 3 38
31 8 3 7
31 8 3 8
31 8 3 26
31 8 3 41
31 8 3 13
31 8 3 7
31 8 3 23
31 8 3 41
31 8 3 23
31 8 4 5
31 8 4 19
31 8 4 41
31 8 4 42
31 8 4 10
31 8 4 26
31 8 4 36
31 8 4 31
31 8 4 5
31 8 4 18
31 8 4 39
31 8 4 7
31 8 4 3
31 8 4 26
31 8 4 32
31 8 4 2
31 8 4 7
31 8 4 17
31 8 4 39
31 8 4 20
31 8 5 2
31 8 5 24
31 8 5 36
31 8 5 29
31 8 5 2
31 8 5 24
31 8 5 40
31 8 5 37
31 8 5 2
31 8 5 19
31 8 5 41
31 8 5 15
31 8 5 2
31 8 5 25
31 8 5 41
31 8 5 28
31 8 5 4
31 8 5 29
31 8 5 42
31 8 5 41
31 8 6 3
31 8 6 26
31 8 6 32
31 8 6 21
31 8 6 4
31 8 6 26
31 8 6 37
31 8 6 41
31 8 6 8
31 8 6 17
31 8 6 34
31 8 6 11
31 8 6 3
31 8 6 18
31 8 6 37
31 8 6 5
31 8 6 2
31 8 6 21
31 8 6 35
31 8 6 6
31 8 7 4
31 8 7 29
31 8 7 39
31 8 7 3
31 8 7 8
31 8 7 31
31 8 7 36
31 8 7 33
31 8 7 2
31 8 7 25
31 8 7 38
31 8 7 2
31 8 7 8
31 8 7 17
31 8 7 33
31 8 7 35
31 8 7 5
31 8 7 19
31 8 7 40
31 8 7 42
31 8 8 6
31 8 8 15
31 8 8 32
31 8 8 35
31 8 8 10
31 8 8 28
31 8 8 42
31 8 8 35
31 8 8 6
31 8 8 20
31 8 8 40
31 8 8 29
31 8 8 2
31 8 8 19
31 8 8 37
31 8 8 4
31 8 8 4
31 8 8 30
31 8 8 34
31 8 8 20
31 8 9 4
31 8 9 23
31 8 9 40
31 8 9 25
31 8 9 10
31 8 9 18
31 8 9 33
31 8 9 28
31 8 9 1
31 8 9 16
31 8 9 42
31 8 9 16
31 8 9 2
31 8 9 23
31 8 9 39
31 8 9 30
31 8 9 6
31 8 9 25
31 8 9 40
31 8 9 2
31 8 10 6
31 8 10 21
31 8 10 36
31 8 10 37
31 8 10 6
31 8 10 26
31 8 10 34
31 8 10 5
31 8 10 8
31 8 10 27
31 8 10 34
31 8 10 9
31 8 10 10
31 8 10 17
31 8 10 40
31 8 10 5
31 8 10 6
31 8 10 27
31 8 10 32
31 8 10 40
31 8 11 8
31 8 11 21
31 8 11 35
31 8 11 21
31 8 11 8
31 8 11 16
31 8 11 39
31 8 11 36
31 8 11 3
31 8 11 31
31 8 11 37
31 8 11 27
31 8 11 7
31 8 11 24
31 8 11 41
31 8 11 11
31 8 11 4
31 8 11 22
31 8 11 31
31 8 11 22
31 8 12 10
31 8 12 16
31 8 12 37
31 8 12 18
31 8 12 6
31 8 12 23
31 8 12 40
31 8 12 7
31 8 12 4
31 8 12 20
31 8 12 36
31 8 12 4
31 8 12 6
31 8 12 16
31 8 12 31
31 8 12 38
31 8 12 8
31 8 12 19
31 8 12 31
31 8 12 2
31 8 13 1
31 8 13 29
31 8 13 37
31 8 13 42
31 8 13 1
31 8 13 24
31 8 13 32
31 8 13 30
31 8 13 2
31 8 13 20
31 8 13 33
31 8 13 17
31 8 13 2
31 8 13 21
31 8 13 38
31 8 13 14
31 8 13 8
31 8 13 16
31 8 13 37
31 8 13 1
31 8 14 6
31 8 14 18
31 8 14 34
31 8 14 28
31 8 14 6
31 8 14 21
31 8 14 33
31 8 14 10
31 8 14 10
31 8 14 20
31 8 14 33
31 8 14 37
31 8 14 9
31 8 14 28
31 8 14 35
31 8 14 21
31 8 14 2
31 8 14 29
31 8 14 34
31 8 14 21
31 9 1 5
31 9 1 15
31 9 1 37
31 9 1 18
31 9 1 9
31 9 1 25
31 9 1 35
31 9 1 1
31 9 1 2
31 9 1 21
31 9 1 40
31 9 1 15
31 9 1 7
31 9 1 23
31 9 1 38
31 9 1 5
31 9 1 6
31 9 1 21
31 9 1 34
31 9 1 25
31 9 2 1
31 9 2 29
31 9 2 41
31 9 2 32
31 9 2 1
31 9 2 30
31 9 2 34
31 9 2 13
31 9 2 10
31 9 2 23
31 9 2 32
31 9 2 24
31 9 2 8
31 9 2 17
31 9 2 40
31 9 2 36
31 9 2 7
31 9 2 16
31 9 2 40
31 9 2 41
31 9 3 10
31 9 3 26
31 9 3 40
31 9 3 12
31 9 3 7
31 9 3 24
31 9 3 41
31 9 3 21
31 9 3 6
31 9 3 22
31 9 3 38
31 9 3 9
31 9 3 4
31 9 3 30
31 9 3 35
31 9 3 25
31 9 3 10
31 9 3 15
31 9 3 38
31 9 3 8
31 9 4 6
31 9 4 27
31 9 4 35
31 9 4 19
31 9 4 2
31 9 4 18
31 9 4 39
31 9 4 4
31 9 4 8
31 9 4 20
31 9 4 36
31 9 4 8
31 9 4 2
31 9 4 17
31 9 4 40
31 9 4 16
31 9 4 4
31 9 4 31
31 9 4 39
31 9 4 1
31 9 5 10
31 9 5 20
31 9 5 40
31 9 5 18
31 9 5 10
31 9 5 18
31 9 5 41
31 9 5 39
31 9 5 7
31 9 5 20
31 9 5 40
31 9 5 2
31 9 5 3
31 9 5 30
31 9 5 38
31 9 5 6
31 9 5 1
31 9 5 19
31 9 5 40
31 9 5 7
31 9 6 10
31 9 6 18
31 9 6 40
31 9 6 41
31 9 6 4
31 9 6 28
31 9 6 39
31 9 6 32
31 9 6 8
31 9 6 23
31 9 6 40
31 9 6 11
31 9 6 5
31 9 6 17
31 9 6 37
31 9 6 20
31 9 6 5
31 9 6 21
31 9 6 39
31 9 6 4
31 9 7 10
31 9 7 17
31 9 7 40
31 9 7 5
31 9 7 6
31 9 7 25
31 9 7 41
31 9 7 5
31 9 7 3
31 9 7 24
31 9 7 32
31 9 7 7
31 9 7 7
31 9 7 31
31 9 7 32
31 9 7 38
31 9 7 7
31 9 7 18
31 9 7 37
31 9 7 30
31 9 8 10
31 9 8 19
31 9 8 34
31 9 8 40
31 9 8 4
31 9 8 19
31 9 8 42
31 9 8 21
31 9 8 10
31 9 8 24
31 9 8 36
31 9 8 16
31 9 8 4
31 9 8 23
31 9 8 34
31 9 8 2
31 9 8 10
31 9 8 18
31 9 8 33
31 9 8 21
31 9 9 9
31 9 9 16
31 9 9 33
31 9 9 5
31 9 9 4
31 9 9 20
31 9 9 31
31 9 9 38
31 9 9 7
31 9 9 21
31 9 9 35
31 9 9 12
31 9 9 7
31 9 9 16
31 9 9 31
31 9 9 4
31 9 9 7
31 9 9 19
31 9 9 42
31 9 9 33
31 9 10 9
31 9 10 21
31 9 10 34
31 9 10 22
31 9 10 6
31 9 10 24
31 9 10 36
31 9 10 29
31 9 10 9
31 9 10 22
31 9 10 40
31 9 10 32
31 9 10 8
31 9 10 25
31 9 10 36
31 9 10 2
31 9 10 3
31 9 10 17
31 9 10 35
31 9 10 41
31 9 11 6
31 9 11 21
31 9 11 42
31 9 11 5
31 9 11 5
31 9 11 22
31 9 11 42
31 9 11 24
31 9 11 10
31 9 11 24
31 9 11 37
31 9 11 28
31 9 11 1
31 9 11 27
31 9 11 38
31 9 11 11
31 9 11 10
31 9 11 22
31 9 11 35
31 9 11 17
31 9 12 5
31 9 12 31
31 9 12 38
31 9 12 23
31 9 12 1
31 9 12 18
31 9 12 32
31 9 12 15
31 9 12 7
31 9 12 28
31 9 12 40
31 9 12 39
31 9 12 6
31 9 12 22
31 9 12 33
31 9 12 34
31 9 12 10
31 9 12 25
31 9 12 42
31 9 12 6
31 9 13 3
31 9 13 19
31 9 13 33
31 9 13 37
31 9 13 4
31 9 13 20
31 9 13 39
31 9 13 41
31 9 13 2
31 9 13 16
31 9 13 36
31 9 13 11
31 9 13 4
31 9 13 16
31 9 13 37
31 9 13 36
31 9 13 7
31 9 13 22
31 9 13 35
31 9 13 12
31 9 14 1
31 9 14 15
31 9 14 37
31 9 14 29
31 9 14 6
31 9 14 21
31 9 14 42
31 9 14 16
31 9 14 8
31 9 14 23
31 9 14 33
31 9 14 33
31 9 14 2
31 9 14 23
31 9 14 33
31 9 14 9
31 9 14 4
31 9 14 23
31 9 14 33
31 9 14 14
31 10 1 3
31 10 1 27
31 10 1 39
31 10 1 19
31 10 1 2
31 10 1 15
31 10 1 36
31 10 1 30
31 10 1 3
31 10 1 23
31 10 1 34
31 10 1 32
31 10 1 3
31 10 1 18
31 10 1 38
31 10 1 21
31 10 1 9
31 10 1 25
31 10 1 41
31 10 1 31
31 10 2 8
31 10 2 16
31 10 2 33
31 10 2 12
31 10 2 5
31 10 2 17
31 10 2 39
31 10 2 21
31 10 2 9
31 10 2 17
31 10 2 33
31 10 2 22
31 10 2 10
31 10 2 28
31 10 2 41
31 10 2 23
31 10 2 1
31 10 2 24
31 10 2 40
31 10 2 8
31 10 3 1
31 10 3 29
31 10 3 34
31 10 3 2
31 10 3 3
31 10 3 25
31 10 3 33
31 10 3 8
31 10 3 1
31 10 3 23
31 10 3 37
31 10 3 20
31 10 3 5
31 10 3 20
31 10 3 32
31 10 3 14
31 10 3 2
31 10 3 18
31 10 3 38
31 10 3 1
31 10 4 5
31 10 4 21
31 10 4 38
31 10 4 5
31 10 4 6
31 10 4 26
31 10 4 32
31 10 4 18
31 10 4 9
31 10 4 17
31 10 4 34
31 10 4 29
31 10 4 9
31 10 4 17
31 10 4 36
31 10 4 31
31 10 4 5
31 10 4 20
31 10 4 33
31 10 4 32
31 10 5 9
31 10 5 22
31 10 5 32
31 10 5 15
31 10 5 5
31 10 5 25
31 10 5 38
31 10 5 38
31 10 5 2
31 10 5 30
31 10 5 40
31 10 5 3
31 10 5 3
31 10 5 18
31 10 5 38
31 10 5 17
31 10 5 3
31 10 5 20
31 10 5 40
31 10 5 21
31 10 6 1
31 10 6 31
31 10 6 41
31 10 6 37
31 10 6 9
31 10 6 21
31 10 6 37
31 10 6 27
31 10 6 10
31 10 6 28
31 10 6 34
31 10 6 20
31 10 6 10
31 10 6 31
31 10 6 40
31 10 6 25
31 10 6 3
31 10 6 27
31 10 6 36
31 10 6 41
31 10 7 3
31 10 7 30
31 10 7 42
31 10 7 28
31 10 7 9
31 10 7 16
31 10 7 31
31 10 7 32
31 10 7 9
31 10 7 27
31 10 7 38
31 10 7 17
31 10 7 7
31 10 7 27
31 10 7 35
31 10 7 7
31 10 7 6
31 10 7 24
31 10 7 31
31 10 7 1
31 10 8 7
31 10 8 28
31 10 8 31
31 10 8 4
31 10 8 3
31 10 8 22
31 10 8 35
31 10 8 18
31 10 8 9
31 10 8 17
31 10 8 39
31 10 8 29
31 10 8 7
31 10 8 24
31 10 8 37
31 10 8 32
31 10 8 5
31 10 8 31
31 10 8 31
31 10 8 28
31 10 9 4
31 10 9 25
31 10 9 32
31 10 9 34
31 10 9 1
31 10 9 20
31 10 9 31
31 10 9 33
31 10 9 5
31 10 9 15
31 10 9 33
31 10 9 32
31 10 9 5
31 10 9 29
31 10 9 39
31 10 9 8
31 10 9 8
31 10 9 23
31 10 9 38
31 10 9 13
31 10 10 8
31 10 10 17
31 10 10 41
31 10 10 4
31 10 10 9
31 10 10 20
31 10 10 38
31 10 10 32
31 10 10 7
31 10 10 23
31 10 10 40
31 10 10 35
31 10 10 7
31 10 10 26
31 10 10 41
31 10 10 22
31 10 10 9
31 10 10 25
31 10 10 41
31 10 10 1
31 10 11 10
31 10 11 16
31 10 11 36
31 10 11 24
31 10 11 4
31 10 11 25
31 10 11 31
31 10 11 4
31 10 11 7
31 10 11 28
31 10 11 41
31 10 11 31
31 10 11 4
31 10 11 22
31 10 11 40
31 10 11 38
31 10 11 8
31 10 11 15
31 10 11 31
31 10 11 15
31 10 12 2
31 10 12 29
31 10 12 33
31 10 12 30
31 10 12 5
31 10 12 23
31 10 12 39
31 10 12 18
31 10 12 9
31 10 12 19
31 10 12 38
31 10 12 33
31 10 12 5
31 10 12 31
31 10 12 37
31 10 12 31
31 10 12 4
31 10 12 16
31 10 12 36
31 10 12 23
31 10 13 10
31 10 13 28
31 10 13 42
31 10 13 19
31 10 13 1
31 10 13 15
31 10 13 37
31 10 13 3
31 10 13 6
31 10 13 24
31 10 13 36
31 10 13 22
31 10 13 1
31 10 13 15
31 10 13 39
31 10 13 27
31 10 13 9
31 10 13 28
31 10 13 33
31 10 13 10
31 10 14 5
31 10 14 29
31 10 14 36
31 10 14 18
31 10 14 10
31 10 14 17
31 10 14 34
31 10 14 37
31 10 14 6
31 10 14 21
31 10 14 38
31 10 14 24
31 10 14 5
31 10 14 26
31 10 14 39
31 10 14 41
31 10 14 6
31 10 14 31
31 10 14 37
31 10 14 25
31 11 1 3
31 11 1 19
31 11 1 40
31 11 1 38
31 11 1 9
31 11 1 23
31 11 1 33
31 11 1 21
31 11 1 6
31 11 1 18
31 11 1 36
31 11 1 14
31 11 1 2
31 11 1 30
31 11 1 40
31 11 1 9
31 11 1 7
31 11 1 21
31 11 1 39
31 11 1 37
31 11 2 5
31 11 2 21
31 11 2 36
31 11 2 5
31 11 2 10
31 11 2 21
31 11 2 41
31 11 2 1
31 11 2 9
31 11 2 26
31 11 2 37
31 11 2 39
31 11 2 1
31 11 2 18
31 11 2 41
31 11 2 35
31 11 2 10
31 11 2 17
31 11 2 35
31 11 2 39
31 11 3 2
31 11 3 27
31 11 3 33
31 11 3 38
31 11 3 1
31 11 3 18
31 11 3 39
31 11 3 25
31 11 3 4
31 11 3 21
31 11 3 37
31 11 3 14
31 11 3 7
31 11 3 17
31 11 3 37
31 11 3 6
31 11 3 8
31 11 3 25
31 11 3 35
31 11 3 8
31 11 4 5
31 11 4 22
31 11 4 33
31 11 4 35
31 11 4 3
31 11 4 19
31 11 4 38
31 11 4 15
31 11 4 7
31 11 4 27
31 11 4 40
31 11 4 25
31 11 4 7
31 11 4 29
31 11 4 38
31 11 4 25
31 11 4 9
31 11 4 27
31 11 4 41
31 11 4 27
31 11 5 10
31 11 5 22
31 11 5 42
31 11 5 27
31 11 5 6
31 11 5 20
31 11 5 34
31 11 5 5
31 11 5 10
31 11 5 29
31 11 5 31
31 11 5 42
31 11 5 2
31 11 5 22
31 11 5 33
31 11 5 15
31 11 5 5
31 11 5 20
31 11 5 37
31 11 5 1
31 11 6 5
31 11 6 30
31 11 6 35
31 11 6 42
31 11 6 10
31 11 6 27
31 11 6 40
31 11 6 20
31 11 6 5
31 11 6 19
31 11 6 39
31 11 6 26
31 11 6 3
31 11 6 29
31 11 6 39
31 11 6 38
31 11 6 8
31 11 6 24
31 11 6 40
31 11 6 16
31 11 7 8
31 11 7 23
31 11 7 38
31 11 7 9
31 11 7 3
31 11 7 31
31 11 7 41
31 11 7 17
31 11 7 4
31 11 7 20
31 11 7 34
31 11 7 31
31 11 7 7
31 11 7 19
31 11 7 33
31 11 7 39
31 11 7 5
31 11 7 28
31 11 7 36
31 11 7 38
31 11 8 9
31 11 8 16
31 11 8 37
31 11 8 24
31 11 8 1
31 11 8 28
31 11 8 36
31 11 8 5
31 11 8 3
31 11 8 26
31 11 8 35
31 11 8 2
31 11 8 5
31 11 8 21
31 11 8 40
31 11 8 12
31 11 8 8
31 11 8 15
31 11 8 41
31 11 8 16
31 11 9 8
31 11 9 20
31 11 9 32
31 11 9 13
31 11 9 2
31 11 9 21
31 11 9 42
31 11 9 4
31 11 9 3
31 11 9 21
31 11 9 31
31 11 9 13
31 11 9 10
31 11 9 20
31 11 9 33
31 11 9 32
31 11 9 4
31 11 9 16
31 11 9 36
31 11 9 7
31 11 10 6
31 11 10 19
31 11 10 33
31 11 10 7
31 11 10 4
31 11 10 25
31 11 10 34
31 11 10 42
31 11 10 5
31 11 10 18
31 11 10 38
31 11 10 31
31 11 10 8
31 11 10 17
31 11 10 38
31 11 10 21
31 11 10 2
31 11 10 27
31 11 10 32
31 11 10 7
31 11 11 1
31 11 11 17
31 11 11 36
31 11 11 2
31 11 11 3
31 11 11 21
31 11 11 31
31 11 11 40
31 11 11 6
31 11 11 29
31 11 11 35
31 11 11 31
31 11 11 7
31 11 11 25
31 11 11 40
31 11 11 38
31 11 11 3
31 11 11 22
31 11 11 33
31 11 11 42
31 11 12 1
31 11 12 17
31 11 12 35
31 11 12 1
31 11 12 2
31 11 12 19
31 11 12 40
31 11 12 19
31 11 12 1
31 11 12 29
31 11 12 33
31 11 12 4
31 11 12 3
31 11 12 17
31 11 12 42
31 11 12 13
31 11 12 5
31 11 12 27
31 11 12 39
31 11 12 23
31 11 13 8
31 11 13 28
31 11 13 32
31 11 13 13
31 11 13 9
31 11 13 17
31 11 13 41
31 11 13 1
31 11 13 7
31 11 13 26
31 11 13 39
31 11 13 35
31 11 13 8
31 11 13 23
31 11 13 37
31 11 13 6
31 11 13 6
31 11 13 22
31 11 13 31
31 11 13 2
31 11 14 10
31 11 14 17
31 11 14 35
31 11 14 7
31 11 14 3
31 11 14 15
31 11 14 38
31 11 14 8
31 11 14 9
31 11 14 31
31 11 14 38
31 11 14 33
31 11 14 2
31 11 14 26
31 11 14 39
31 11 14 38
31 11 14 7
31 11 14 24
31 11 14 35
31 11 14 37
31 12 1 9
31 12 1 27
31 12 1 37
31 12 1 5
31 12 1 4
31 12 1 26
31 12 1 40
31 12 1 3
31 12 1 6
31 12 1 27
31 12 1 32
31 12 1 15
31 12 1 9
31 12 1 22
31 12 1 31
31 12 1 1
31 12 1 8
31 12 1 15
31 12 1 31
31 12 1 2
31 12 2 8
31 12 2 16
31 12 2 31
31 12 2 35
31 12 2 8
31 12 2 24
31 12 2 41
31 12 2 27
31 12 2 8
31 12 2 16
31 12 2 31
31 12 2 30
31 12 2 10
31 12 2 31
31 12 2 42
31 12 2 33
31 12 2 6
31 12 2 25
31 12 2 38
31 12 2 18
31 12 3 6
31 12 3 15
31 12 3 31
31 12 3 37
31 12 3 10
31 12 3 15
31 12 3 36
31 12 3 13
31 12 3 8
31 12 3 15
31 12 3 39
31 12 3 26
31 12 3 4
31 12 3 20
31 12 3 35
31 12 3 23
31 12 3 10
31 12 3 18
31 12 3 32
31 12 3 7
31 12 4 5
31 12 4 23
31 12 4 36
31 12 4 20
31 12 4 6
31 12 4 30
31 12 4 35
31 12 4 28
31 12 4 2
31 12 4 30
31 12 4 32
31 12 4 21
31 12 4 1
31 12 4 25
31 12 4 32
31 12 4 23
31 12 4 5
31 12 4 19
31 12 4 34
31 12 4 22
31 12 5 2
31 12 5 20
31 12 5 34
31 12 5 31
31 12 5 2
31 12 5 25
31 12 5 39
31 12 5 34
31 12 5 7
31 12 5 28
31 12 5 42
31 12 5 36
31 12 5 8
31 12 5 18
31 12 5 38
31 12 5 26
31 12 5 3
31 12 5 16
31 12 5 31
31 12 5 14
31 12 6 5
31 12 6 19
31 12 6 37
31 12 6 13
31 12 6 7
31 12 6 26
31 12 6 33
31 12 6 32
31 12 6 6
31 12 6 28
31 12 6 37
31 12 6 37
31 12 6 1
31 12 6 28
31 12 6 40
31 12 6 4
31 12 6 6
31 12 6 24
31 12 6 37
31 12 6 40
31 12 7 9
31 12 7 17
31 12 7 42
31 12 7 3
31 12 7 5
31 12 7 22
31 12 7 31
31 12 7 27
31 12 7 4
31 12 7 17
31 12 7 33
31 12 7 32
31 12 7 8
31 12 7 24
31 12 7 40
31 12 7 37
31 12 7 10
31 12 7 20
31 12 7 36
31 12 7 11
31 12 8 9
31 12 8 17
31 12 8 37
31 12 8 20
31 12 8 1
31 12 8 25
31 12 8 39
31 12 8 31
31 12 8 1
31 12 8 22
31 12 8 38
31 12 8 9
31 12 8 4
31 12 8 16
31 12 8 37
31 12 8 24
31 12 8 4
31 12 8 23
31 12 8 39
31 12 8 1
31 12 9 2
31 12 9 26
31 12 9 41
31 12 9 23
31 12 9 10
31 12 9 31
31 12 9 34
31 12 9 38
31 12 9 8
31 12 9 30
31 12 9 31
31 12 9 21
31 12 9 8
31 12 9 22
31 12 9 39
31 12 9 14
31 12 9 9
31 12 9 27
31 12 9 42
31 12 9 9
31 12 10 9
31 12 10 29
31 12 10 41
31 12 10 21
31 12 10 5
31 12 10 18
31 12 10 42
31 12 10 12
31 12 10 7
31 12 10 29
31 12 10 33
31 12 10 17
31 12 10 9
31 12 10 28
31 12 10 31
31 12 10 36
31 12 10 6
31 12 10 15
31 12 10 34
31 12 10 33
31 12 11 5
31 12 11 23
31 12 11 40
31 12 11 32
31 12 11 1
31 12 11 27
31 12 11 39
31 12 11 25
31 12 11 10
31 12 11 29
31 12 11 39
31 12 11 7
31 12 11 4
31 12 11 24
31 12 11 35
31 12 11 5
31 12 11 5
31 12 11 27
31 12 11 34
31 12 11 15
31 12 12 6
31 12 12 16
31 12 12 36
31 12 12 31
31 12 12 2
31 12 12 24
31 12 12 32
31 12 12 1
31 12 12 10
31 12 12 24
31 12 12 33
31 12 12 10
31 12 12 9
31 12 12 30
31 12 12 38
31 12 12 35
31 12 12 7
31 12 12 17
31 12 12 37
31 12 12 39
31 12 13 1
31 12 13 23
31 12 13 39
31 12 13 21
31 12 13 3
31 12 13 22
31 12 13 35
31 12 13 19
31 12 13 10
31 12 13 17
31 12 13 42
31 12 13 34
31 12 13 6
31 12 13 30
31 12 13 40
31 12 13 5
31 12 13 1
31 12 13 17
31 12 13 34
31 12 13 22
31 12 14 8
31 12 14 29
31 12 14 31
31 12 14 25
31 12 14 5
31 12 14 23
31 12 14 37
31 12 14 30
31 12 14 3
31 12 14 22
31 12 14 41
31 12 14 18
31 12 14 9
31 12 14 26
31 12 14 35
31 12 14 21
31 12 14 4
31 12 14 29
31 12 14 31
31 12 14 31
31 13 1 8
31 13 1 28
31 13 1 33
31 13 1 11
31 13 1 6
31 13 1 26
31 13 1 41
31 13 1 38
31 13 1 6
31 13 1 29
31 13 1 31
31 13 1 38
31 13 1 8
31 13 1 16
31 13 1 36
31 13 1 9
31 13 1 6
31 13 1 22
31 13 1 34
31 13 1 22
31 13 2 3
31 13 2 27
31 13 2 38
31 13 2 11
31 13 2 4
31 13 2 27
31 13 2 40
31 13 2 15
31 13 2 1
31 13 2 31
31 13 2 39
31 13 2 25
31 13 2 1
31 13 2 22
31 13 2 31
31 13 2 25
31 13 2 6
31 13 2 19
31 13 2 37
31 13 2 2
31 13 3 9
31 13 3 28
31 13 3 39
31 13 3 32
31 13 3 4
31 13 3 17
31 13 3 42
31 13 3 15
31 13 3 8
31 13 3 31
31 13 3 36
31 13 3 18
31 13 3 10
31 13 3 28
31 13 3 34
31 13 3 28
31 13 3 6
31 13 3 31
31 13 3 36
31 13 3 17
31 13 4 3
31 13 4 30
31 13 4 34
31 13 4 15
31 13 4 3
31 13 4 16
31 13 4 33
31 13 4 32
31 13 4 9
31 13 4 15
31 13 4 34
31 13 4 6
31 13 4 4
31 13 4 20
31 13 4 31
31 13 4 35
31 13 4 5
31 13 4 23
31 13 4 33
31 13 4 22
31 13 5 5
31 13 5 22
31 13 5 33
31 13 5 42
31 13 5 9
31 13 5 23
31 13 5 37
31 13 5 23
31 13 5 3
31 13 5 25
31 13 5 32
31 13 5 3
31 13 5 7
31 13 5 28
31 13 5 39
31 13 5 28
31 13 5 4
31 13 5 16
31 13 5 41
31 13 5 38
31 13 6 5
31 13 6 16
31 13 6 41
31 13 6 6
31 13 6 4
31 13 6 19
31 13 6 31
31 13 6 15
31 13 6 3
31 13 6 22
31 13 6 36
31 13 6 41
31 13 6 4
31 13 6 15
31 13 6 41
31 13 6 15
31 13 6 6
31 13 6 15
31 13 6 42
31 13 6 12
31 13 7 1
31 13 7 22
31 13 7 41
31 13 7 34
31 13 7 2
31 13 7 30
31 13 7 33
31 13 7 18
31 13 7 9
31 13 7 16
31 13 7 39
31 13 7 30
31 13 7 1
31 13 7 20
31 13 7 34
31 13 7 13
31 13 7 2
31 13 7 30
31 13 7 31
31 13 7 30
31 13 8 3
31 13 8 15
31 13 8 41
31 13 8 6
31 13 8 7
31 13 8 25
31 13 8 39
31 13 8 28
31 13 8 6
31 13 8 15
31 13 8 40
31 13 8 23
31 13 8 3
31 13 8 23
31 13 8 37
31 13 8 6
31 13 8 3
31 13 8 29
31 13 8 39
31 13 8 28
31 13 9 9
31 13 9 21
31 13 9 39
31 13 9 34
31 13 9 5
31 13 9 18
31 13 9 40
31 13 9 10
31 13 9 4
31 13 9 20
31 13 9 37
31 13 9 32
31 13 9 2
31 13 9 22
31 13 9 34
31 13 9 1
31 13 9 4
31 13 9 27
31 13 9 41
31 13 9 15
31 13 10 6
31 13 10 27
31 13 10 37
31 13 10 35
31 13 10 9
31 13 10 16
31 13 10 33
31 13 10 32
31 13 10 10
31 13 10 26
31 13 10 31
31 13 10 34
31 13 10 10
31 13 10 22
31 13 10 33
31 13 10 37
31 13 10 4
31 13 10 20
31 13 10 34
31 13 10 3
31 13 11 6
31 13 11 27
31 13 11 42
31 13 11 8
31 13 11 10
31 13 11 22
31 13 11 38
31 13 11 6
31 13 11 7
31 13 11 30
31 13 11 37
31 13 11 7
31 13 11 1
31 13 11 16
31 13 11 40
31 13 11 38
31 13 11 4
31 13 11 23
31 13 11 34
31 13 11 23
31 13 12 6
31 13 12 30
31 13 12 31
31 13 12 2
31 13 12 2
31 13 12 26
31 13 12 32
31 13 12 29
31 13 12 5
31 13 12 27
31 13 12 32
31 13 12 37
31 13 12 6
31 13 12 24
31 13 12 39
31 13 12 14
31 13 12 5
31 13 12 15
31 13 12 31
31 13 12 10
31 13 13 9
31 13 13 18
31 13 13 32
31 13 13 35
31 13 13 8
31 13 13 24
31 13 13 38
31 13 13 16
31 13 13 8
31 13 13 17
31 13 13 31
31 13 13 16
31 13 13 10
31 13 13 30
31 13 13 31
31 13 13 1
31 13 13 10
31 13 13 29
31 13 13 36
31 13 13 20
31 13 14 6
31 13 14 24
31 13 14 41
31 13 14 15
31 13 14 7
31 13 14 31
31 13 14 33
31 13 14 31
31 13 14 3
31 13 14 15
31 13 14 37
31 13 14 24
31 13 14 1
31 13 14 16
31 13 14 37
31 13 14 29
31 13 14 9
31 13 14 21
31 13 14 31
31 13 14 38
31 14 1 3
31 14 1 30
31 14 1 39
31 14 1 36
31 14 1 5
31 14 1 29
31 14 1 41
31 14 1 19
31 14 1 5
31 14 1 27
31 14 1 37
31 14 1 21
31 14 1 5
31 14 1 27
31 14 1 38
31 14 1 24
31 14 1 8
31 14 1 30
31 14 1 37
31 14 1 31
31 14 2 8
31 14 2 25
31 14 2 42
31 14 2 6
31 14 2 8
31 14 2 25
31 14 2 37
31 14 2 7
31 14 2 8
31 14 2 30
31 14 2 38
31 14 2 34
31 14 2 4
31 14 2 24
31 14 2 39
31 14 2 33
31 14 2 6
31 14 2 31
31 14 2 35
31 14 2 8
31 14 3 6
31 14 3 31
31 14 3 35
31 14 3 25
31 14 3 8
31 14 3 29
31 14 3 33
31 14 3 14
31 14 3 9
31 14 3 25
31 14 3 35
31 14 3 30
31 14 3 3
31 14 3 16
31 14 3 33
31 14 3 27
31 14 3 7
31 14 3 27
31 14 3 31
31 14 3 15
31 14 4 8
31 14 4 29
31 14 4 42
31 14 4 1
31 14 4 1
31 14 4 25
31 14 4 38
31 14 4 32
31 14 4 9
31 14 4 15
31 14 4 40
31 14 4 37
31 14 4 9
31 14 4 26
31 14 4 35
31 14 4 7
31 14 4 6
31 14 4 19
31 14 4 42
31 14 4 10
31 14 5 9
31 14 5 28
31 14 5 36
31 14 5 15
31 14 5 2
31 14 5 20
31 14 5 31
31 14 5 3
31 14 5 9
31 14 5 20
31 14 5 35
31 14 5 24
31 14 5 8
31 14 5 27
31 14 5 41
31 14 5 14
31 14 5 3
31 14 5 22
31 14 5 37
31 14 5 19
31 14 6 6
31 14 6 16
31 14 6 31
31 14 6 10
31 14 6 7
31 14 6 18
31 14 6 38
31 14 6 15
31 14 6 9
31 14 6 21
31 14 6 34
31 14 6 41
31 14 6 5
31 14 6 28
31 14 6 36
31 14 6 25
31 14 6 4
31 14 6 20
31 14 6 32
31 14 6 20
31 14 7 9
31 14 7 22
31 14 7 37
31 14 7 26
31 14 7 2
31 14 7 25
31 14 7 34
31 14 7 11
31 14 7 4
31 14 7 18
31 14 7 41
31 14 7 1
31 14 7 6
31 14 7 19
31 14 7 33
31 14 7 5
31 14 7 9
31 14 7 23
31 14 7 41
31 14 7 26
31 14 8 3
31 14 8 31
31 14 8 31
31 14 8 12
31 14 8 9
31 14 8 30
31 14 8 38
31 14 8 37
31 14 8 2
31 14 8 17
31 14 8 36
31 14 8 29
31 14 8 2
31 14 8 19
31 14 8 34
31 14 8 30
31 14 8 6
31 14 8 30
31 14 8 36
31 14 8 21
31 14 9 5
31 14 9 24
31 14 9 38
31 14 9 37
31 14 9 3
31 14 9 22
31 14 9 34
31 14 9 33
31 14 9 2
31 14 9 30
31 14 9 41
31 14 9 32
31 14 9 6
31 14 9 23
31 14 9 32
31 14 9 4
31 14 9 7
31 14 9 19
31 14 9 37
31 14 9 41
31 14 10 5
31 14 10 17
31 14 10 33
31 14 10 8
31 14 10 2
31 14 10 31
31 14 10 31
31 14 10 25
31 14 10 8
31 14 10 25
31 14 10 40
31 14 10 18
31 14 10 7
31 14 10 31
31 14 10 38
31 14 10 20
31 14 10 8
31 14 10 17
31 14 10 42
31 14 10 26
31 14 11 3
31 14 11 31
31 14 11 31
31 14 11 41
31 14 11 2
31 14 11 22
31 14 11 35
31 14 11 5
31 14 11 10
31 14 11 27
31 14 11 40
31 14 11 3
31 14 11 6
31 14 11 22
31 14 11 40
31 14 11 13
31 14 11 8
31 14 11 19
31 14 11 34
31 14 11 40
31 14 12 5
31 14 12 24
31 14 12 39
31 14 12 1
31 14 12 10
31 14 12 22
31 14 12 33
31 14 12 41
31 14 12 7
31 14 12 18
31 14 12 31
31 14 12 33
31 14 12 6
31 14 12 25
31 14 12 39
31 14 12 27
31 14 12 6
31 14 12 16
31 14 12 37
31 14 12 7
31 14 13 4
31 14 13 25
31 14 13 41
31 14 13 15
31 14 13 2
31 14 13 31
31 14 13 36
31 14 13 24
31 14 13 4
31 14 13 27
31 14 13 33
31 14 13 2
31 14 13 3
31 14 13 24
31 14 13 33
31 14 13 13
31 14 13 2
31 14 13 24
31 14 13 39
31 14 13 38
31 14 14 10
31 14 14 21
31 14 14 41
31 14 14 3
31 14 14 8
31 14 14 28
31 14 14 39
31 14 14 11
31 14 14 1
31 14 14 23
31 14 14 40
31 14 14 41
31 14 14 1
31 14 14 22
31 14 14 33
31 14 14 31
31 14 14 3
31 14 14 20
31 14 14 37
31 14 14 11
37 1 1 9
37 1 1 28
37 1 1 49
37 1 1 9
37 1 1 2
37 1 1 20
37 1 1 41
37 1 1 19
37 1 1 1
37 1 1 20
37 1 1 37
37 1 1 2
37 1 1 5
37 1 1 21
37 1 1 44
37 1 1 1
37 1 1 2
37 1 1 24
37 1 1 46
37 1 1 11
37 1 2 2
37 1 2 26
37 1 2 37
37 1 2 35
37 1 2 8
37 1 2 37
37 1 2 45
37 1 2 38
37 1 2 2
37 1 2 25
37 1 2 46
37 1 2 11
37 1 2 9
37 1 2 30
37 1 2 41
37 1 2 23
37 1 2 1
37 1 2 21
37 1 2 47
37 1 2 45
37 1 3 8
37 1 3 36
37 1 3 46
37 1 3 37
37 1 3 8
37 1 3 18
37 1 3 45
37 1 3 4
37 1 3 10
37 1 3 32
37 1 3 48
37 1 3 24
37 1 3 5
37 1 3 30
37 1 3 40
37 1 3 10
37 1 3 2
37 1 3 29
37 1 3 46
37 1 3 37
37 1 4 10
37 1 4 34
37 1 4 43
37 1 4 42
37 1 4 10
37 1 4 18
37 1 4 37
37 1 4 30
37 1 4 9
37 1 4 18
37 1 4 38
37 1 4 16
37 1 4 10
37 1 4 36
37 1 4 37
37 1 4 36
37 1 4 5
37 1 4 25
37 1 4 44
37 1 4 33
37 1 5 8
37 1 5 35
37 1 5 38
37 1 5 11
37 1 5 3
37 1 5 30
37 1 5 50
37 1 5 37
37 1 5 6
37 1 5 33
37 1 5 47
37 1 5 25
37 1 5 5
37 1 5 36
37 1 5 46
37 1 5 42
37 1 5 7
37 1 5 25
37 1 5 41
37 1 5 40
37 1 6 1
37 1 6 19
37 1 6 44
37 1 6 11
37 1 6 2
37 1 6 36
37 1 6 42
37 1 6 8
37 1 6 1
37 1 6 37
37 1 6 37
37 1 6 34
37 1 6 10
37 1 6 35
37 1 6 41
37 1 6 39
37 1 6 6
37 1 6 19
37 1 6 39
37 1 6 4
37 1 7 9
37 1 7 19
37 1 7 50
37 1 7 46
37 1 7 1
37 1 7 31
37 1 7 37
37 1 7 27
37 1 7 5
37 1 7 19
37 1 7 47
37 1 7 20
37 1 7 2
37 1 7 18
37 1 7 40
37 1 7 13
37 1 7 4
37 1 7 27
37 1 7 41
37 1 7 15
37 1 8 3
37 1 8 33
37 1 8 43
37 1 8 26
37 1 8 4
37 1 8 20
37 1 8 46
37 1 8 10
37 1 8 6
37 1 8 31
37 1 8 47
37 1 8 2
37 1 8 4
37 1 8 31
37 1 8 45
37 1 8 35
37 1 8 7
37 1 8 35
37 1 8 39
37 1 8 23
37 1 9 5
37 1 9 21
37 1 9 39
37 1 9 38
37 1 9 3
37 1 9 33
37 1 9 49
37 1 9 7
37 1 9 1
37 1 9 29
37 1 9 50
37 1 9 32
37 1 9 1
37 1 9 18
37 1 9 37
37 1 9 16
37 1 9 5
37 1 9 32
37 1 9 41
37 1 9 35
37 1 10 8
37 1 10 33
37 1 10 47
37 1 10 19
37 1 10 9
37 1 10 21
37 1 10 41
37 1 10 38
37 1 10 7
37 1 10 24
37 1 10 41
37 1 10 44
37 1 10 2
37 1 10 37
37 1 10 37
37 1 10 7
37 1 10 5
37 1 10 32
37 1 10 38
37 1 10 45
37 1 11 9
37 1 11 24
37 1 11 39
37 1 11 13
37 1 11 4
37 1 11 26
37 1 11 41
37 1 11 13
37 1 11 8
37 1 11 28
37 1 11 48
37 1 11 31
37 1 11 7
37 1 11 30
37 1 11 41
37 1 11 50
37 1 11 4
37 1 11 19
37 1 11 44
37 1 11 28
37 1 12 10
37 1 12 32
37 1 12 48
37 1 12 35
37 1 12 3
37 1 12 35
37 1 12 38
37 1 12 31
37 1 12 3
37 1 12 29
37 1 12 45
37 1 12 37
37 1 12 3
37 1 12 24
37 1 12 39
37 1 12 5
37 1 12 4
37 1 12 33
37 1 12 48
37 1 12 40
37 1 13 9
37 1 13 35
37 1 13 49
37 1 13 4
37 1 13 10
37 1 13 37
37 1 13 37
37 1 13 29
37 1 13 4
37 1 13 20
37 1 13 48
37 1 13 29
37 1 13 8
37 1 13 25
37 1 13 42
37 1 13 39
37 1 13 9
37 1 13 30
37 1 13 49
37 1 13 27
37 1 14 4
37 1 14 32
37 1 14 50
37 1 14 23
37 1 14 4
37 1 14 28
37 1 14 40
37 1 14 9
37 1 14 6
37 1 14 28
37 1 14 39
37 1 14 35
37 1 14 5
37 1 14 31
37 1 14 44
37 1 14 24
37 1 14 6
37 1 14 23
37 1 14 40
37 1 14 25
37 2 1 1
37 2 1 28
37 2 1 44
37 2 1 34
37 2 1 7
37 2 1 20
37 2 1 44
37 2 1 21
37 2 1 1
37 2 1 28
37 2 1 46
37 2 1 7
37 2 1 5
37 2 1 20
37 2 1 50
37 2 1 12
37 2 1 5
37 2 1 27
37 2 1 37
37 2 1 39
37 2 2 7
37 2 2 29
37 2 2 48
37 2 2 18
37 2 2 1
37 2 2 34
37 2 2 42
37 2 2 47
37 2 2 4
37 2 2 24
37 2 2 40
37 2 2 17
37 2 2 4
37 2 2 36
37 2 2 42
37 2 2 6
37 2 2 7
37 2 2 33
37 2 2 49
37 2 2 37
37 2 3 7
37 2 3 18
37 2 3 49
37 2 3 18
37 2 3 3
37 2 3 30
37 2 3 48
37 2 3 45
37 2 3 10
37 2 3 27
37 2 3 37
37 2 3 13
37 2 3 4
37 2 3 22
37 2 3 41
37 2 3 33
37 2 3 5
37 2 3 34
37 2 3 43
37 2 3 12
37 2 4 5
37 2 4 31
37 2 4 40
37 2 4 16
37 2 4 2
37 2 4 35
37 2 4 48
37 2 4 12
37 2 4 8
37 2 4 25
37 2 4 45
37 2 4 5
37 2 4 5
37 2 4 35
37 2 4 37
37 2 4 32
37 2 4 7
37 2 4 29
37 2 4 45
37 2 4 28
37 2 5 4
37 2 5 18
37 2 5 45
37 2 5 46
37 2 5 4
37 2 5 24
37 2 5 43
37 2 5 47
37 2 5 7
37 2 5 19
37 2 5 42
37 2 5 11
37 2 5 7
37 2 5 35
37 2 5 37
37 2 5 10
37 2 5 9
37 2 5 35
37 2 5 41
37 2 5 4
37 2 6 6
37 2 6 26
37 2 6 49
37 2 6 47
37 2 6 4
37 2 6 28
37 2 6 40
37 2 6 17
37 2 6 7
37 2 6 22
37 2 6 41
37 2 6 3
37 2 6 6
37 2 6 22
37 2 6 41
37 2 6 15
37 2 6 1
37 2 6 33
37 2 6 38
37 2 6 30
37 2 7 8
37 2 7 34
37 2 7 37
37 2 7 20
37 2 7 10
37 2 7 21
37 2 7 50
37 2 7 8
37 2 7 1
37 2 7 18
37 2 7 49
37 2 7 22
37 2 7 8
37 2 7 35
37 2 7 38
37 2 7 50
37 2 7 10
37 2 7 24
37 2 7 47
37 2 7 12
37 2 8 10
37 2 8 29
37 2 8 47
37 2 8 20
37 2 8 8
37 2 8 19
37 2 8 49
37 2 8 17
37 2 8 6
37 2 8 34
37 2 8 41
37 2 8 17
37 2 8 10
37 2 8 24
37 2 8 39
37 2 8 44
37 2 8 5
37 2 8 34
37 2 8 40
37 2 8 24
37 2 9 9
37 2 9 33
37 2 9 40
37 2 9 45
37 2 9 2
37 2 9 31
37 2 9 40
37 2 9 22
37 2 9 6
37 2 9 28
37 2 9 39
37 2 9 32
37 2 9 4
37 2 9 23
37 2 9 40
37 2 9 7
37 2 9 2
37 2 9 37
37 2 9 40
37 2 9 47
37 2 10 1
37 2 10 37
37 2 10 45
37 2 10 25
37 2 10 8
37 2 10 20
37 2 10 42
37 2 10 1
37 2 10 5
37 2 10 28
37 2 10 44
37 2 10 11
37 2 10 9
37 2 10 22
37 2 10 39
37 2 10 2
37 2 10 9
37 2 10 24
37 2 10 45
37 2 10 4
37 2 11 8
37 2 11 26
37 2 11 46
37 2 11 42
37 2 11 4
37 2 11 20
37 2 11 49
37 2 11 41
37 2 11 7
37 2 11 32
37 2 11 42
37 2 11 25
37 2 11 5
37 2 11 37
37 2 11 47
37 2 11 50
37 2 11 3
37 2 11 37
37 2 11 40
37 2 11 29
37 2 12 10
37 2 12 21
37 2 12 43
37 2 12 36
37 2 12 7
37 2 12 37
37 2 12 43
37 2 12 39
37 2 12 6
37 2 12 21
37 2 12 49
37 2 12 21
37 2 12 3
37 2 12 32
37 2 12 40
37 2 12 37
37 2 12 9
37 2 12 22
37 2 12 38
37 2 12 29
37 2 13 10
37 2 13 36
37 2 13 43
37 2 13 46
37 2 13 2
37 2 13 26
37 2 13 40
37 2 13 44
37 2 13 7
37 2 13 26
37 2 13 39
37 2 13 6
37 2 13 3
37 2 13 19
37 2 13 44
37 2 13 35
37 2 13 10
37 2 13 18
37 2 13 48
37 2 13 32
37 2 14 1
37 2 14 25
37 2 14 39
37 2 14 15
37 2 14 2
37 2 14 28
37 2 14 38
37 2 14 9
37 2 14 1
37 2 14 36
37 2 14 37
37 2 14 39
37 2 14 2
37 2 14 32
37 2 14 48
37 2 14 12
37 2 14 6
37 2 14 34
37 2 14 40
37 2 14 22
37 3 1 7
37 3 1 19
37 3 1 50
37 3 1 40
37 3 1 5
37 3 1 22
37 3 1 44
37 3 1 27
37 3 1 1
37 3 1 32
37 3 1 45
37 3 1 13
37 3 1 10
37 3 1 28
37 3 1 37
37 3 1 27
37 3 1 10
37 3 1 26
37 3 1 48
37 3 1 22
37 3 2 5
37 3 2 30
37 3 2 50
37 3 2 46
37 3 2 2
37 3 2 30
37 3 2 38
37 3 2 26
37 3 2 2
37 3 2 26
37 3 2 39
37 3 2 44
37 3 2 5
37 3 2 25
37 3 2 37
37 3 2 20
37 3 2 4
37 3 2 37
37 3 2 46
37 3 2 34
37 3 3 3
37 3 3 28
37 3 3 41
37 3 3 3
37 3 3 7
37 3 3 21
37 3 3 46
37 3 3 17
37 3 3 6
37 3 3 21
37 3 3 39
37 3 3 19
37 3 3 8
37 3 3 21
37 3 3 41
37 3 3 38
37 3 3 3
37 3 3 34
37 3 3 48
37 3 3 34
37 3 4 4
37 3 4 36
37 3 4 38
37 3 4 47
37 3 4 4
37 3 4 36
37 3 4 42
37 3 4 38
37 3 4 1
37 3 4 31
37 3 4 40
37 3 4 17
37 3 4 9
37 3 4 36
37 3 4 40
37 3 4 32
37 3 4 9
37 3 4 30
37 3 4 49
37 3 4 33
37 3 5 2
37 3 5 21
37 3 5 44
37 3 5 49
37 3 5 6
37 3 5 35
37 3 5 47
37 3 5 37
37 3 5 9
37 3 5 37
37 3 5 48
37 3 5 42
37 3 5 4
37 3 5 26
37 3 5 40
37 3 5 37
37 3 5 8
37 3 5 22
37 3 5 48
37 3 5 30
37 3 6 1
37 3 6 19
37 3 6 39
37 3 6 39
37 3 6 5
37 3 6 29
37 3 6 43
37 3 6 44
37 3 6 8
37 3 6 34
37 3 6 45
37 3 6 22
37 3 6 3
37 3 6 34
37 3 6 46
37 3 6 23
37 3 6 1
37 3 6 20
37 3 6 38
37 3 6 32
37 3 7 8
37 3 7 31
37 3 7 47
37 3 7 4
37 3 7 9
37 3 7 32
37 3 7 43
37 3 7 25
37 3 7 1
37 3 7 27
37 3 7 37
37 3 7 20
37 3 7 5
37 3 7 27
37 3 7 47
37 3 7 22
37 3 7 4
37 3 7 23
37 3 7 41
37 3 7 41
37 3 8 9
37 3 8 19
37 3 8 37
37 3 8 41
37 3 8 8
37 3 8 32
37 3 8 40
37 3 8 3
37 3 8 10
37 3 8 19
37 3 8 40
37 3 8 1
37 3 8 3
37 3 8 35
37 3 8 43
37 3 8 1
37 3 8 1
37 3 8 18
37 3 8 50
37 3 8 8
37 3 9 5
37 3 9 35
37 3 9 39
37 3 9 2
37 3 9 10
37 3 9 31
37 3 9 47
37 3 9 37
37 3 9 7
37 3 9 25
37 3 9 43
37 3 9 46
37 3 9 9
37 3 9 28
37 3 9 47
37 3 9 11
37 3 9 6
37 3 9 31
37 3 9 39
37 3 9 8
37 3 10 8
37 3 10 22
37 3 10 46
37 3 10 18
37 3 10 2
37 4 7 43
37 4 7 29
37 4 8 6
37 4 8 31
37 4 8 46
37 4 8 18
37 4 8 9
37 4 8 18
37 4 8 39
37 4 8 29
37 4 8 9
37 4 8 18
37 4 8 39
37 4 8 14
37 4 8 8
37 4 8 34
37 4 8 50
37 4 8 14
37 4 8 1
37 4 8 26
37 4 8 39
37 4 8 46
37 4 9 10
37 4 9 33
37 4 9 42
37 4 9 24
37 4 9 7
37 4 9 37
37 4 9 47
37 4 9 1
37 4 9 7
37 4 9 26
37 4 9 50
37 4 9 16
37 4 9 2
37 4 9 28
37 4 9 39
37 4 9 25
37 4 9 3
37 4 9 32
37 4 9 42
37 4 9 6
37 4 10 4
37 4 10 22
37 4 10 40
37 4 10 26
37 4 10 2
37 4 10 26
37 4 10 44
37 4 10 48
37 4 10 7
37 4 10 25
37 4 10 41
37 4 10 48
37 4 10 7
37 4 10 26
37 4 10 48
37 4 10 43
37 4 10 3
37 4 10 34
37 4 10 45
37 4 10 9
37 4 11 4
37 4 11 18
37 4 11 47
37 4 11 12
37 4 11 2
37 4 11 35
37 4 11 41
37 4 11 46
37 4 11 1
37 4 11 37
37 4 11 45
37 4 11 36
37 4 11 9
37 4 11 23
37 4 11 38
37 4 11 23
37 4 11 7
37 4 11 18
37 4 11 48
37 4 11 15
37 4 12 6
37 4 12 19
37 4 12 48
37 4 12 13
37 4 12 9
37 4 12 24
37 4 12 49
37 4 12 43
37 4 12 7
37 4 12 22
37 4 12 44
37 4 12 46
37 4 12 3
37 4 12 23
37 4 12 38
37 4 12 50
37 4 12 10
37 4 12 18
37 4 12 44
37 4 12 7
37 4 13 9
37 4 13 32
37 4 13 49
37 4 13 49
37 4 13 2
37 4 13 18
37 4 13 38
37 4 13 13
37 4 13 3
37 4 13 29
37 4 13 47
37 4 13 49
37 4 13 7
37 4 13 35
37 4 13 50
37 4 13 19
37 4 13 2
37 4 13 33
37 4 13 37
37 4 13 33
37 4 14 9
37 4 14 34
37 4 14 45
37 4 14 36
37 4 14 8
37 4 14 29
37 4 14 40
37 4 14 4
37 4 14 8
37 4 14 23
37 4 14 41
37 4 14 35
37 4 14 4
37 4 14 33
37 4 14 41
37 4 14 38
37 4 14 2
37 4 14 35
37 4 14 49
37 4 14 46
37 5 1 2
37 5 1 32
37 5 1 46
37 5 1 33
37 5 1 6
37 5 1 30
37 5 1 40
37 5 1 8
37 5 1 2
37 5 1 26
37 5 1 39
37 5 1 38
37 5 1 2
37 5 1 22
37 5 1 50
37 5 1 17
37 5 1 9
37 5 1 20
37 5 1 41
37 5 1 5
37 5 2 10
37 5 2 26
37 5 2 40
37 5 2 45
37 5 2 7
37 5 2 18
37 5 2 49
37 5 2 8
37 5 2 4
37 5 2 31
37 5 2 41
37 5 2 15
37 5 2 3
37 5 2 18
37 5 2 46
37 5 2 11
37 5 2 5
37 5 2 25
37 5 2 41
37 5 2 39
37 5 3 1
37 5 3 25
37 5 3 48
37 5 3 11
37 5 3 5
37 5 3 30
37 5 3 47
37 5 3 36
37 5 3 8
37 5 3 20
37 5 3 47
37 5 3 6
37 5 3 3
37 5 3 24
37 5 3 46
37 5 3 16
37 5 3 4
37 5 3 27
37 5 3 39
37 5 3 32
37 5 4 6
37 5 4 28
37 5 4 44
37 5 4 45
37 5 4 4
37 5 4 37
37 5 4 41
37 5 4 35
37 5 4 4
37 5 4 23
37 5 4 48
37 5 4 20
37 5 4 3
37 5 4 20
37 5 4 42
37 5 4 41
37 5 4 6
37 5 4 24
37 5 4 40
37 5 4 6
37 5 5 9
37 5 5 21
37 5 5 37
37 5 5 4
37 5 5 4
37 5 5 37
37 5 5 41
37 5 5 49
37 5 5 5
37 5 5 32
37 5 5 41
37 5 5 46
37 5 5 9
37 5 5 18
37 5 5 43
37 5 5 4
37 5 5 8
37 5 5 20
37 5 5 50
37 5 5 11
37 5 6 1
37 5 6 27
37 5 6 42
37 5 6 6
37 5 6 4
37 5 6 27
37 5 6 41
37 5 6 18
37 5 6 1
37 5 6 28
37 5 6 48
37 5 6 5
37 5 6 6
37 5 6 27
37 5 6 44
37 5 6 29
37 5 6 1
37 5 6 34
37 5 6 37
37 5 6 27
37 5 7 5
37 5 7 22
37 5 7 44
37 5 7 41
37 5 7 7
37 5 7 19
37 5 7 42
37 5 7 39
37 5 7 3
37 5 7 36
37 5 7 50
37 5 7 31
37 5 7 2
37 5 7 37
37 5 7 39
37 5 7 16
37 5 7 10
37 5 7 21
37 5 7 49
37 5 7 45
37 5 8 9
37 5 8 37
37 5 8 45
37 5 8 4
37 5 8 4
37 5 8 32
37 5 8 49
37 5 8 32
37 5 8 9
37 5 8 31
37 5 8 50
37 5 8 9
37 5 8 1
37 5 8 26
37 5 8 37
37 5 8 45
37 5 8 6
37 5 8 32
37 5 8 44
37 5 8 11
37 5 9 4
37 5 9 34
37 5 9 49
37 5 9 20
37 5 9 6
37 5 9 33
37 5 9 46
37 5 9 13
37 5 9 5
37 5 9 29
37 5 9 44
37 5 9 3
37 5 9 9
37 5 9 37
37 5 9 42
37 5 9 36
37 5 9 5
37 5 9 23
37 5 9 50
37 5 9 26
37 5 10 7
37 5 10 21
37 5 10 50
37 5 10 9
37 5 10 8
37 5 10 19
37 5 10 50
37 5 10 36
37 5 10 8
37 5 10 30
37 5 10 37
37 5 10 20
37 5 10 9
37 5 10 25
37 5 10 42
37 5 10 16
37 5 10 7
37 5 10 34
37 5 10 47
37 5 10 2
37 5 11 9
37 5 11 32
37 5 11 43
37 5 11 13
37 5 11 8
37 5 11 26
37 5 11 37
37 5 11 10
37 5 11 5
37 5 11 20
37 5 11 38
37 5 11 25
37 5 11 10
37 5 11 27
37 5 11 44
37 5 11 15
37 5 11 2
37 5 11 19
37 5 11 40
37 5 11 17
37 5 12 7
37 5 12 18
37 5 12 42
37 5 12 23
37 5 12 1
37 5 12 33
37 5 12 48
37 5 12 30
37 5 12 1
37 5 12 29
37 5 12 49
37 5 12 41
37 5 12 3
37 5 12 19
37 5 12 41
37 5 12 11
37 5 12 8
37 5 12 28
37 5 12 45
37 5 12 5
37 5 13 5
37 5 13 32
37 5 13 49
37 5 13 30
37 5 13 3
37 5 13 28
37 5 13 37
37 5 13 14
37 5 13 10
37 5 13 31
37 5 13 48
37 5 13 42
37 5 13 1
37 5 13 27
37 5 13 49
37 5 13 30
37 5 13 6
37 5 13 20
37 5 13 44
37 5 13 39
37 5 14 9
37 5 14 24
37 5 14 42
37 5 14 13
37 5 14 6
37 5 14 26
37 5 14 43
37 5 14 10
37 5 14 7
37 5 14 19
37 5 14 48
37 5 14 12
37 5 14 6
37 5 14 37
37 5 14 49
37 5 14 4
37 5 14 9
37 5 14 21
37 5 14 49
37 5 14 34
37 6 1 7
37 6 1 36
37 6 1 44
37 6 1 28
37 6 1 7
37 6 1 29
37 6 1 41
37 6 1 50
37 6 1 4
37 6 1 35
37 6 1 40
37 6 1 1
37 6 1 8
37 6 1 18
37 6 1 43
37 6 1 13
37 6 1 6
37 6 1 20
37 6 1 44
37 6 1 32
37 6 2 9
37 6 2 31
37 6 2 42
37 6 2 10
37 6 2 8
37 6 2 35
37 6 2 43
37 6 2 49
37 6 2 2
37 6 2 21
37 6 2 39
37 6 2 40
37 6 2 10
37 6 2 27
37 6 2 47
37 6 2 23
37 6 2 1
37 6 2 33
37 6 2 38
37 6 2 21
37 6 3 7
37 6 3 26
37 6 3 44
37 6 3 8
37 6 3 7
37 6 3 35
37 6 3 48
37 6 3 16
37 6 3 10
37 6 3 33
37 6 3 48
37 6 3 40
37 6 3 10
37 6 3 30
37 6 3 44
37 6 3 14
37 6 3 3
37 6 3 25
37 6 3 44
37 6 3 20
37 6 4 3
37 6 4 33
37 6 4 48
37 6 4 19
37 6 4 5
37 6 4 35
37 6 4 46
37 6 4 19
37 6 4 8
37 6 4 22
37 6 4 43
37 6 4 13
37 6 4 7
37 6 4 21
37 6 4 50
37 6 4 4
37 6 4 8
37 6 4 28
37 6 4 44
37 6 4 39
37 6 5 2
37 6 5 22
37 6 5 38
37 6 5 28
37 6 5 8
37 6 5 25
37 6 5 46
37 6 5 32
37 6 5 6
37 6 5 20
37 6 5 43
37 6 5 40
37 6 5 4
37 6 5 24
37 6 5 40
37 6 5 50
37 6 5 3
37 6 5 26
37 6 5 50
37 6 5 39
37 6 6 9
37 6 6 33
37 6 6 43
37 6 6 28
37 6 6 4
37 6 6 27
37 6 6 38
37 6 6 29
37 6 6 9
37 6 6 35
37 6 6 38
37 6 6 47
37 6 6 5
37 6 6 29
37 6 6 43
37 6 6 35
37 6 6 8
37 6 6 25
37 6 6 38
37 6 6 30
37 6 7 6
37 6 7 26
37 6 7 45
37 6 7 16
37 6 7 1
37 6 7 30
37 6 7 38
37 6 7 33
37 6 7 5
37 6 7 27
37 6 7 50
37 6 7 48
37 6 7 4
37 6 7 32
37 6 7 49
37 6 7 46
37 6 7 3
37 6 7 19
37 6 7 42
37 6 7 48
37 6 8 1
37 6 8 29
37 6 8 43
37 6 8 7
37 6 8 8
37 6 8 30
37 6 8 38
37 6 8 26
37 6 8 4
37 6 8 23
37 6 8 41
37 6 8 36
37 6 8 3
37 6 8 28
37 6 8 46
37 6 8 12
37 6 8 9
37 6 8 35
37 6 8 46
37 6 8 19
37 6 9 8
37 6 9 23
37 6 9 44
37 6 9 34
37 6 9 4
37 6 9 36
37 6 9 39
37 6 9 10
37 6 9 1
37 6 9 29
37 6 9 37
37 6 9 27
37 6 9 8
37 6 9 23
37 6 9 40
37 6 9 28
37 6 9 9
37 6 9 30
37 6 9 48
37 6 9 17
37 6 10 5
37 6 10 35
37 6 10 39
37 6 10 16
37 6 10 3
37 6 10 34
37 6 10 49
37 6 10 42
37 6 10 9
37 6 10 28
37 6 10 45
37 6 10 39
37 6 10 5
37 6 10 28
37 6 10 43
37 6 10 11
37 6 10 3
37 6 10 28
37 6 10 49
37 6 10 44
37 6 11 2
37 6 11 31
37 6 11 42
37 6 11 34
37 6 11 10
37 6 11 36
37 6 11 41
37 6 11 43
37 6 11 4
37 6 11 20
37 6 11 45
37 6 11 4
37 6 11 9
37 6 11 34
37 6 11 38
37 6 11 24
37 6 11 9
37 6 11 23
37 6 11 45
37 6 11 9
37 6 12 7
37 6 12 25
37 6 12 41
37 6 12 17
37 6 12 4
37 6 12 33
37 6 12 49
37 6 12 28
37 6 12 10
37 6 12 35
37 6 12 45
37 6 12 1
37 6 12 7
37 6 12 30
37 6 12 38
37 6 12 21
37 6 12 2
37 6 12 29
37 6 12 38
37 6 12 36
37 6 13 1
37 6 13 29
37 6 13 49
37 6 13 15
37 6 13 2
37 6 13 22
37 6 13 39
37 6 13 19
37 6 13 1
37 6 13 31
37 6 13 42
37 6 13 26
37 6 13 2
37 6 13 36
37 6 13 46
37 6 13 2
37 6 13 5
37 6 13 22
37 6 13 38
37 6 13 34
37 6 14 3
37 6 14 21
37 6 14 39
37 6 14 42
37 6 14 1
37 6 14 37
37 6 14 41
37 6 14 41
37 6 14 2
37 6 14 34
37 6 14 39
37 6 14 34
37 6 14 2
37 6 14 35
37 6 14 42
37 6 14 41
37 6 14 8
37 6 14 18
37 6 14 41
37 6 14 50
37 7 1 5
37 7 1 32
37 7 1 44
37 7 1 38
37 7 1 1
37 7 1 30
37 7 1 43
37 7 1 19
37 7 1 10
37 7 1 26
37 7 1 43
37 7 1 29
37 7 1 9
37 7 1 28
37 7 1 47
37 7 1 43
37 7 1 3
37 7 1 28
37 7 1 37
37 7 1 22
37 7 2 3
37 7 2 31
37 7 2 45
37 7 2 40
37 7 2 3
37 7 2 25
37 7 2 49
37 7 2 44
37 7 2 1
37 7 2 35
37 7 2 46
37 7 2 1
37 7 2 4
37 7 2 24
37 7 2 45
37 7 2 6
37 7 2 9
37 7 2 26
37 7 2 42
37 7 2 49
37 7 3 7
37 7 3 20
37 7 3 45
37 7 3 31
37 7 3 1
37 7 3 25
37 7 3 40
37 7 3 15
37 7 3 10
37 7 3 24
37 7 3 39
37 7 3 13
37 7 3 6
37 7 3 26
37 7 3 42
37 7 3 3
37 7 3 9
37 7 3 36
37 7 3 40
37 7 3 24
37 7 4 5
37 7 4 22
37 7 4 39
37 7 4 32
37 7 4 7
37 7 4 33
37 7 4 45
37 7 4 20
37 7 4 3
37 7 4 24
37 7 4 43
37 7 4 17
37 7 4 2
37 7 4 32
37 7 4 44
37 7 4 3
37 7 4 4
37 7 4 29
37 7 4 47
37 7 4 40
37 7 5 5
37 7 5 18
37 7 5 37
37 7 5 4
37 7 5 9
37 7 5 21
37 7 5 41
37 7 5 12
37 7 5 6
37 7 5 29
37 7 5 45
37 7 5 2
37 7 5 6
37 7 5 29
37 7 5 44
37 7 5 28
37 7 5 6
37 7 5 20
37 7 5 41
37 7 5 14
37 7 6 2
37 7 6 34
37 7 6 39
37 7 6 26
37 7 6 10
37 7 6 33
37 7 6 49
37 7 6 31
37 7 6 2
37 7 6 33
37 7 6 42
37 7 6 2
37 7 6 5
37 7 6 26
37 7 6 44
37 7 6 40
37 7 6 7
37 7 6 25
37 7 6 42
37 7 6 46
37 7 7 10
37 7 7 29
37 7 7 38
37 7 7 5
37 7 7 5
37 7 7 24
37 7 7 48
37 7 7 37
37 7 7 1
37 7 7 30
37 7 7 41
37 7 7 48
37 7 7 2
37 7 7 20
37 7 7 44
37 7 7 50
37 7 7 1
37 7 7 34
37 7 7 39
37 7 7 32
37 7 8 1
37 7 8 20
37 7 8 40
37 7 8 48
37 7 8 5
37 7 8 23
37 7 8 42
37 7 8 36
37 7 8 10
37 7 8 37
37 7 8 48
37 7 8 31
37 7 8 5
37 7 8 33
37 7 8 43
37 7 8 43
37 7 8 5
37 7 8 34
37 7 8 37
37 7 8 29
37 7 9 5
37 7 9 32
37 7 9 50
37 7 9 38
37 7 9 4
37 7 9 20
37 7 9 44
37 7 9 8
37 7 9 5
37 7 9 37
37 7 9 47
37 7 9 44
37 7 9 7
37 7 9 25
37 7 9 49
37 7 9 3
37 7 9 7
37 7 9 32
37 7 9 43
37 7 9 39
37 7 10 9
37 7 10 21
37 7 10 38
37 7 10 39
37 7 10 3
37 7 10 23
37 7 10 48
37 7 10 44
37 7 10 4
37 7 10 34
37 7 10 45
37 7 10 10
37 7 10 4
37 7 10 23
37 7 10 42
37 7 10 24
37 7 10 3
37 7 10 34
37 7 10 45
37 7 10 43
37 7 11 9
37 7 11 23
37 7 11 41
37 7 11 32
37 7 11 1
37 7 11 18
37 7 11 49
37 7 11 16
37 7 11 5
37 7 11 32
37 7 11 42
37 7 11 17
37 7 11 7
37 7 11 37
37 7 11 49
37 7 11 3
37 7 11 6
37 7 11 37
37 7 11 42
37 7 11 24
37 7 12 4
37 7 12 24
37 7 12 44
37 7 12 48
37 7 12 2
37 7 12 24
37 7 12 37
37 7 12 33
37 7 12 3
37 7 12 29
37 7 12 43
37 7 12 32
37 7 12 6
37 7 12 25
37 7 12 47
37 7 12 28
37 7 12 4
37 7 12 18
37 7 12 43
37 7 12 37
37 7 13 8
37 7 13 25
37 7 13 45
37 7 13 29
37 7 13 8
37 7 13 30
37 7 13 48
37 7 13 42
37 7 13 8
37 7 13 30
37 7 13 37
37 7 13 36
37 7 13 6
37 7 13 22
37 7 13 48
37 7 13 22
37 7 13 4
37 7 13 32
37 7 13 46
37 7 13 15
37 7 14 1
37 7 14 26
37 7 14 39
37 7 14 5
37 7 14 6
37 7 14 22
37 7 14 44
37 7 14 40
37 7 14 10
37 7 14 36
37 7 14 42
37 7 14 17
37 7 14 10
37 7 14 22
37 7 14 37
37 7 14 37
37 7 14 2
37 7 14 19
37 7 14 48
37 7 14 14
37 8 1 8
37 8 1 34
37 8 1 43
37 8 1 40
37 8 1 9
37 8 1 32
37 8 1 37
37 8 1 36
37 8 1 10
37 8 1 22
37 8 1 49
37 8 1 3
37 8 1 2
37 8 1 26
37 8 1 48
37 8 1 48
37 8 1 6
37 8 1 27
37 8 1 41
37 8 1 44
37 8 2 1
37 8 2 28
37 8 2 40
37 8 2 44
37 8 2 8
37 8 2 24
37 8 2 49
37 8 2 42
37 8 2 6
37 8 2 28
37 8 2 42
37 8 2 30
37 8 2 2
37 8 2 31
37 8 2 42
37 8 2 45
37 8 2 7
37 8 2 28
37 8 2 47
37 8 2 28
37 8 3 4
37 8 3 33
37 8 3 50
37 8 3 30
37 8 3 3
37 8 3 20
37 8 3 38
37 8 3 44
37 8 3 1
37 8 3 23
37 8 3 44
37 8 3 42
37 8 3 6
37 8 3 19
37 8 3 42
37 8 3 28
37 8 3 2
37 8 3 20
37 8 3 50
37 8 3 40
37 8 4 5
37 8 4 23
37 8 4 44
37 8 4 13
37 8 4 1
37 8 4 22
37 8 4 38
37 8 4 6
37 8 4 3
37 8 4 20
37 8 4 48
37 8 4 43
37 8 4 3
37 8 4 21
37 8 4 50
37 8 4 25
37 8 4 5
37 8 4 24
37 8 4 43
37 8 4 4
37 8 5 7
37 8 5 23
37 8 5 42
37 8 5 35
37 8 5 8
37 8 5 28
37 8 5 43
37 8 5 38
37 8 5 8
37 8 5 28
37 8 5 47
37 8 5 29
37 8 5 5
37 8 5 26
37 8 5 37
37 8 5 12
37 8 5 5
37 8 5 35
37 8 5 50
37 8 5 31
37 8 6 7
37 8 6 24
37 8 6 44
37 8 6 19
37 8 6 5
37 8 6 21
37 8 6 46
37 8 6 46
37 8 6 7
37 8 6 34
37 8 6 47
37 8 6 28
37 8 6 7
37 8 6 35
37 8 6 48
37 8 6 23
37 8 6 8
37 8 6 22
37 8 6 47
37 8 6 25
37 8 7 7
37 8 7 29
37 8 7 37
37 8 7 42
37 8 7 2
37 8 7 27
37 8 7 42
37 8 7 18
37 8 7 10
37 8 7 36
37 8 7 38
37 8 7 45
37 8 7 10
37 8 7 32
37 8 7 46
37 8 7 21
37 8 7 7
37 8 7 27
37 8 7 46
37 8 7 31
37 8 8 4
37 8 8 18
37 8 8 44
37 8 8 9
37 8 8 9
37 8 8 18
37 8 8 48
37 8 8 39
37 8 8 6
37 8 8 24
37 8 8 49
37 8 8 49
37 8 8 4
37 8 8 27
37 8 8 48
37 8 8 42
37 8 8 4
37 8 8 32
37 8 8 41
37 8 8 9
37 8 9 5
37 8 9 26
37 8 9 49
37 8 9 22
37 8 9 1
37 8 9 24
37 8 9 43
37 8 9 19
37 8 9 4
37 8 9 21
37 8 9 43
37 8 9 25
37 8 9 5
37 8 9 31
37 8 9 41
37 8 9 27
37 8 9 5
37 8 9 33
37 8 9 41
37 8 9 2
37 8 10 9
37 8 10 27
37 8 10 40
37 8 10 41
37 8 10 6
37 8 10 27
37 8 10 46
37 8 10 19
37 8 10 5
37 8 10 21
37 8 10 48
37 8 10 24
37 8 10 9
37 8 10 23
37 8 10 46
37 8 10 1
37 8 10 10
37 8 10 29
37 8 10 41
37 8 10 48
37 8 11 5
37 8 11 19
37 8 11 49
37 8 11 13
37 8 11 4
37 8 11 37
37 8 11 48
37 8 11 6
37 8 11 2
37 8 11 26
37 8 11 37
37 8 11 5
37 8 11 5
37 8 11 33
37 8 11 39
37 8 11 4
37 8 11 2
37 8 11 35
37 8 11 45
37 8 11 35
37 8 12 3
37 8 12 27
37 8 12 50
37 8 12 14
37 8 12 4
37 8 12 29
37 8 12 39
37 8 12 39
37 8 12 10
37 8 12 23
37 8 12 45
37 8 12 46
37 8 12 9
37 8 12 32
37 8 12 44
37 8 12 42
37 8 12 7
37 8 12 28
37 8 12 48
37 8 12 42
37 8 13 7
37 8 13 30
37 8 13 47
37 8 13 12
37 8 13 9
37 8 13 24
37 8 13 48
37 8 13 47
37 8 13 6
37 8 13 27
37 8 13 49
37 8 13 50
37 8 13 5
37 8 13 36
37 8 13 50
37 8 13 21
37 8 13 2
37 8 13 35
37 8 13 43
37 8 13 17
37 8 14 6
37 8 14 25
37 8 14 39
37 8 14 5
37 8 14 7
37 8 14 37
37 8 14 40
37 8 14 4
37 8 14 8
37 8 14 34
37 8 14 42
37 8 14 34
37 8 14 3
37 8 14 18
37 8 14 45
37 8 14 13
37 8 14 4
37 8 14 26
37 8 14 50
37 8 14 3
37 9 1 1
37 9 1 34
37 9 1 45
37 9 1 26
37 9 1 10
37 9 1 32
37 9 1 38
37 9 1 10
37 9 1 6
37 9 1 25
37 9 1 46
37 9 1 42
37 9 1 10
37 9 1 28
37 9 1 48
37 9 1 39
37 9 1 10
37 9 1 19
37 9 1 41
37 9 1 32
37 9 2 3
37 9 2 33
37 9 2 47
37 9 2 43
37 9 2 9
37 9 2 25
37 9 2 46
37 9 2 34
37 9 2 10
37 9 2 25
37 9 2 45
37 9 2 25
37 9 2 7
37 9 2 35
37 9 2 49
37 9 2 10
37 9 2 4
37 9 2 25
37 9 2 38
37 9 2 38
37 9 3 9
37 9 3 29
37 9 3 42
37 9 3 12
37 9 3 6
37 9 3 20
37 9 3 42
37 9 3 22
37 9 3 8
37 9 3 32
37 9 3 50
37 9 3 32
37 9 3 7
37 9 3 26
37 9 3 48
37 9 3 41
37 9 3 1
37 9 3 30
37 9 3 48
37 9 3 2
37 9 4 1
37 9 4 27
37 9 4 41
37 9 4 14
37 9 4 5
37 9 4 34
37 9 4 44
37 9 4 6
37 9 4 8
37 9 4 26
37 9 4 46
37 9 4 50
37 9 4 4
37 9 4 21
37 9 4 48
37 9 4 3
37 9 4 6
37 9 4 20
37 9 4 41
37 9 4 18
37 9 5 10
37 9 5 18
37 9 5 39
37 9 5 28
37 9 5 4
37 9 5 37
37 9 5 43
37 9 5 2
37 9 5 5
37 9 5 20
37 9 5 45
37 9 5 31
37 9 5 3
37 9 5 35
37 9 5 41
37 9 5 10
37 9 5 7
37 9 5 37
37 9 5 49
37 9 5 49
37 9 6 3
37 9 6 28
37 9 6 40
37 9 6 45
37 9 6 1
37 9 6 36
37 9 6 50
37 9 6 38
37 9 6 1
37 9 6 35
37 9 6 47
37 9 6 44
37 9 6 3
37 9 6 36
37 9 6 42
37 9 6 17
37 9 6 1
37 9 6 35
37 9 6 45
37 9 6 17
37 9 7 3
37 9 7 28
37 9 7 48
37 9 7 29
37 9 7 7
37 9 7 36
37 9 7 46
37 9 7 46
37 9 7 2
37 9 7 23
37 9 7 45
37 9 7 22
37 9 7 6
37 9 7 28
37 9 7 50
37 9 7 14
37 9 7 1
37 9 7 18
37 9 7 42
37 9 7 49
37 9 8 3
37 9 8 33
37 9 8 42
37 9 8 23
37 9 8 4
37 9 8 22
37 9 8 39
37 9 8 17
37 9 8 10
37 9 8 37
37 9 8 38
37 9 8 49
37 9 8 2
37 9 8 35
37 9 8 46
37 9 8 34
37 9 8 4
37 9 8 24
37 9 8 42
37 9 8 26
37 9 9 4
37 9 9 19
37 9 9 37
37 9 9 27
37 9 9 1
37 9 9 31
37 9 9 46
37 9 9 32
37 9 9 3
37 9 9 28
37 9 9 47
37 9 9 19
37 9 9 6
37 9 9 27
37 9 9 50
37 9 9 39
37 9 9 3
37 9 9 31
37 9 9 47
37 9 9 37
37 9 10 7
37 9 10 28
37 9 10 38
37 9 10 19
37 9 10 5
37 9 10 34
37 9 10 42
37 9 10 48
37 9 10 5
37 9 10 34
37 9 10 49
37 9 10 10
37 9 10 10
37 9 10 30
37 9 10 48
37 9 10 1
37 9 10 9
37 9 10 37
37 9 10 45
37 9 10 16
37 9 11 6
37 9 11 32
37 9 11 46
37 9 11 28
37 9 11 4
37 9 11 27
37 9 11 38
37 9 11 2
37 9 11 10
37 9 11 21
37 9 11 40
37 9 11 34
37 9 11 9
37 9 11 32
37 9 11 37
37 9 11 34
37 9 11 9
37 9 11 24
37 9 11 47
37 9 11 10
37 9 12 3
37 9 12 36
37 9 12 37
37 9 12 14
37 9 12 8
37 9 12 19
37 9 12 44
37 9 12 12
37 9 12 2
37 9 12 36
37 9 12 45
37 9 12 2
37 9 12 1
37 9 12 20
37 9 12 40
37 9 12 42
37 9 12 1
37 9 12 31
37 9 12 38
37 9 12 13
37 9 13 3
37 9 13 34
37 9 13 47
37 9 13 18
37 9 13 6
37 9 13 18
37 9 13 48
37 9 13 22
37 9 13 6
37 9 13 34
37 9 13 39
37 9 13 19
37 9 13 2
37 9 13 29
37 9 13 37
37 9 13 43
37 9 13 5
37 9 13 22
37 9 13 42
37 9 13 28
37 9 14 5
37 9 14 36
37 9 14 50
37 9 14 46
37 9 14 1
37 9 14 20
37 9 14 49
37 9 14 31
37 9 14 10
37 9 14 19
37 9 14 38
37 9 14 48
37 9 14 3
37 9 14 30
37 9 14 43
37 9 14 47
37 9 14 2
37 9 14 24
37 9 14 44
37 9 14 46
37 10 1 4
37 10 1 34
37 10 1 50
37 10 1 17
37 10 1 4
37 10 1 19
37 10 1 43
37 10 1 32
37 10 1 3
37 10 1 20
37 10 1 49
37 10 1 9
37 10 1 8
37 10 1 30
37 10 1 41
37 10 1 43
37 10 1 7
37 10 1 28
37 10 1 42
37 10 1 5
37 10 2 8
37 10 2 35
37 10 2 38
37 10 2 42
37 10 2 7
37 10 2 29
37 10 2 49
37 10 2 9
37 10 2 4
37 10 2 34
37 10 2 42
37 10 2 50
37 10 2 7
37 10 2 21
37 10 2 46
37 10 2 18
37 10 2 9
37 10 2 23
37 10 2 43
37 10 2 28
37 10 3 1
37 10 3 24
37 10 3 50
37 10 3 14
37 10 3 6
37 10 3 18
37 10 3 44
37 10 3 50
37 10 3 10
37 10 3 32
37 10 3 38
37 10 3 34
37 10 3 7
37 10 3 27
37 10 3 50
37 10 3 39
37 10 3 10
37 10 3 30
37 10 3 45
37 10 3 36
37 10 4 8
37 10 4 31
37 10 4 40
37 10 4 38
37 10 4 10
37 10 4 21
37 10 4 46
37 10 4 26
37 10 4 6
37 10 4 31
37 10 4 50
37 10 4 50
37 10 4 7
37 10 4 19
37 10 4 38
37 10 4 18
37 10 4 8
37 10 4 25
37 10 4 37
37 10 4 12
37 10 5 3
37 10 5 23
37 10 5 44
37 10 5 49
37 10 5 2
37 10 5 25
37 10 5 49
37 10 5 50
37 10 5 1
37 10 5 21
37 10 5 45
37 10 5 25
37 10 5 10
37 10 5 30
37 10 5 43
37 10 5 18
37 10 5 2
37 10 5 26
37 10 5 40
37 10 5 37
37 10 6 3
37 10 6 21
37 10 6 50
37 10 6 50
37 10 6 3
37 10 6 22
37 10 6 49
37 10 6 4
37 10 6 6
37 10 6 27
37 10 6 46
37 10 6 28
37 10 6 2
37 10 6 29
37 10 6 43
37 10 6 46
37 10 6 3
37 10 6 32
37 10 6 46
37 10 6 19
37 10 7 6
37 10 7 33
37 10 7 47
37 10 7 30
37 10 7 9
37 10 7 24
37 10 7 42
37 10 7 37
37 10 7 9
37 10 7 21
37 10 7 45
37 10 7 23
37 10 7 8
37 10 7 24
37 10 7 45
37 10 7 7
37 10 7 10
37 10 7 23
37 10 7 47
37 10 7 4
37 10 8 9
37 10 8 36
37 10 8 39
37 10 8 34
37 10 8 10
37 10 8 18
37 10 8 50
37 10 8 29
37 10 8 3
37 10 8 32
37 10 8 43
37 10 8 9
37 10 8 6
37 10 8 35
37 10 8 37
37 10 8 28
37 10 8 3
37 10 8 22
37 10 8 50
37 10 8 48
37 10 9 8
37 10 9 35
37 10 9 42
37 10 9 19
37 10 9 2
37 10 9 34
37 10 9 44
37 10 9 7
37 10 9 7
37 10 9 31
37 10 9 41
37 10 9 28
37 10 9 7
37 10 9 23
37 10 9 39
37 10 9 20
37 10 9 2
37 10 9 30
37 10 9 44
37 10 9 31
37 10 10 3
37 10 10 37
37 10 10 37
37 10 10 46
37 10 10 3
37 10 10 33
37 10 10 41
37 10 10 7
37 10 10 2
37 10 10 36
37 10 10 46
37 10 10 40
37 10 10 6
37 10 10 32
37 10 10 38
37 10 10 6
37 10 10 4
37 10 10 27
37 10 10 47
37 10 10 2
37 10 11 8
37 10 11 35
37 10 11 45
37 10 11 13
37 10 11 6
37 10 11 22
37 10 11 49
37 10 11 20
37 10 11 10
37 10 11 37
37 10 11 40
37 10 11 22
37 10 11 1
37 10 11 29
37 10 11 42
37 10 11 9
37 10 11 9
37 10 11 18
37 10 11 46
37 10 11 8
37 10 12 6
37 10 12 21
37 10 12 43
37 10 12 26
37 10 12 10
37 10 12 24
37 10 12 44
37 10 12 39
37 10 12 10
37 10 12 34
37 10 12 47
37 10 12 11
37 10 12 8
37 10 12 25
37 10 12 50
37 10 12 46
37 10 12 9
37 10 12 22
37 10 12 50
37 10 12 14
37 10 13 8
37 10 13 22
37 10 13 37
37 10 13 3
37 10 13 6
37 10 13 29
37 10 13 40
37 10 13 40
37 10 13 9
37 10 13 23
37 10 13 43
37 10 13 10
37 10 13 8
37 10 13 18
37 10 13 50
37 10 13 7
37 10 13 8
37 10 13 32
37 10 13 49
37 10 13 43
37 10 14 3
37 10 14 36
37 10 14 38
37 10 14 30
37 10 14 9
37 10 14 21
37 10 14 49
37 10 14 32
37 10 14 6
37 10 14 27
37 10 14 50
37 10 14 33
37 10 14 7
37 10 14 19
37 10 14 42
37 10 14 30
37 10 14 5
37 10 14 34
37 10 14 40
37 10 14 21
37 11 1 3
37 11 1 28
37 11 1 47
37 11 1 35
37 11 1 2
37 11 1 18
37 11 1 49
37 11 1 28
37 11 1 1
37 11 1 27
37 11 1 41
37 11 1 41
37 11 1 9
37 11 1 36
37 11 1 39
37 11 1 5
37 11 1 1
37 11 1 19
37 11 1 48
37 11 1 4
37 11 2 7
37 11 2 21
37 11 2 42
37 11 2 35
37 11 2 10
37 11 2 20
37 11 2 45
37 11 2 34
37 11 2 2
37 11 2 30
37 11 2 40
37 11 2 50
37 11 2 10
37 11 2 36
37 11 2 49
37 11 2 29
37 11 2 3
37 11 2 22
37 11 2 44
37 11 2 28
37 11 3 9
37 11 3 28
37 11 3 42
37 11 3 5
37 11 3 9
37 11 3 25
37 11 3 42
37 11 3 38
37 11 3 9
37 11 3 19
37 11 3 40
37 11 3 15
37 11 3 5
37 11 3 33
37 11 3 44
37 11 3 29
37 11 3 8
37 11 3 27
37 11 3 46
37 11 3 44
37 11 4 2
37 11 4 26
37 11 4 43
37 11 4 11
37 11 4 2
37 11 4 28
37 11 4 43
37 11 4 30
37 11 4 5
37 11 4 21
37 11 4 48
37 11 4 43
37 11 4 8
37 11 4 18
37 11 4 50
37 11 4 42
37 11 4 1
37 11 4 19
37 11 4 50
37 11 4 19
37 11 5 5
37 11 5 36
37 11 5 50
37 11 5 25
37 11 5 1
37 11 5 20
37 11 5 44
37 11 5 1
37 11 5 4
37 11 5 30
37 11 5 44
37 11 5 38
37 11 5 5
37 11 5 25
37 11 5 38
37 11 5 17
37 11 5 9
37 11 5 23
37 11 5 47
37 11 5 38
37 11 6 5
37 11 6 21
37 11 6 38
37 11 6 2
37 11 6 9
37 11 6 29
37 11 6 46
37 11 6 28
37 11 6 6
37 11 6 24
37 11 6 50
37 11 6 38
37 11 6 3
37 11 6 20
37 11 6 37
37 11 6 43
37 11 6 3
37 11 6 27
37 11 6 40
37 11 6 31
37 11 7 9
37 11 7 29
37 11 7 49
37 11 7 36
37 11 7 4
37 11 7 37
37 11 7 46
37 11 7 35
37 11 7 10
37 11 7 29
37 11 7 39
37 11 7 15
37 11 7 7
37 11 7 23
37 11 7 43
37 11 7 42
37 11 7 4
37 11 7 22
37 11 7 37
37 11 7 27
37 11 8 1
37 11 8 19
37 11 8 49
37 11 8 10
37 11 8 2
37 11 8 30
37 11 8 38
37 11 8 34
37 11 8 10
37 11 8 22
37 11 8 50
37 11 8 46
37 11 8 1
37 11 8 36
37 11 8 48
37 11 8 9
37 11 8 7
37 11 8 33
37 11 8 45
37 11 8 25
37 11 9 9
37 11 9 27
37 11 9 50
37 11 9 37
37 11 9 2
37 11 9 19
37 11 9 44
37 11 9 35
37 11 9 6
37 11 9 28
37 11 9 45
37 11 9 33
37 11 9 5
37 11 9 21
37 11 9 46
37 11 9 39
37 11 9 7
37 11 9 23
37 11 9 39
37 11 9 47
37 11 10 4
37 11 10 23
37 11 10 46
37 11 10 26
37 11 10 2
37 11 10 27
37 11 10 48
37 11 10 42
37 11 10 3
37 11 10 23
37 11 10 50
37 11 10 21
37 11 10 3
37 11 10 26
37 11 10 49
37 11 10 30
37 11 10 5
37 11 10 20
37 11 10 47
37 11 10 35
37 11 11 1
37 11 11 27
37 11 11 37
37 11 11 49
37 11 11 10
37 11 11 18
37 11 11 47
37 11 11 45
37 11 11 9
37 11 11 29
37 11 11 40
37 11 11 39
37 11 11 3
37 11 11 20
37 11 11 40
37 11 11 6
37 11 11 1
37 11 11 21
37 11 11 43
37 11 11 25
37 11 12 8
37 11 12 30
37 11 12 37
37 11 12 25
37 11 12 9
37 11 12 25
37 11 12 37
37 11 12 46
37 11 12 8
37 11 12 31
37 11 12 43
37 11 12 24
37 11 12 8
37 11 12 24
37 11 12 40
37 11 12 6
37 11 12 5
37 11 12 20
37 11 12 44
37 11 12 5
37 11 13 4
37 11 13 24
37 11 13 50
37 11 13 1
37 11 13 4
37 11 13 27
37 11 13 40
37 11 13 38
37 11 13 8
37 11 13 28
37 11 13 47
37 11 13 16
37 11 13 6
37 11 13 24
37 11 13 40
37 11 13 44
37 11 13 10
37 11 13 36
37 11 13 50
37 11 13 31
37 11 14 9
37 11 14 24
37 11 14 45
37 11 14 44
37 11 14 8
37 11 14 19
37 11 14 49
37 11 14 40
37 11 14 7
37 11 14 35
37 11 14 44
37 11 14 28
37 11 14 8
37 11 14 32
37 11 14 47
37 11 14 9
37 11 14 5
37 11 14 35
37 11 14 47
37 11 14 26
37 12 1 9
37 12 1 35
37 12 1 41
37 12 1 25
37 12 1 8
37 12 1 34
37 12 1 38
37 12 1 29
37 12 1 2
37 12 1 29
37 12 1 40
37 12 1 8
37 12 1 4
37 12 1 29
37 12 1 44
37 12 1 34
37 12 1 7
37 12 1 33
37 12 1 50
37 12 1 45
37 12 2 9
37 12 2 25
37 12 2 44
37 12 2 15
37 12 2 1
37 12 2 26
37 12 2 50
37 12 2 31
37 12 2 4
37 12 2 21
37 12 2 48
37 12 2 42
37 12 2 4
37 12 2 37
37 12 2 38
37 12 2 36
37 12 2 3
37 12 2 29
37 12 2 46
37 12 2 21
37 12 3 9
37 12 3 18
37 12 3 42
37 12 3 25
37 12 3 9
37 12 3 19
37 12 3 46
37 12 3 37
37 12 3 6
37 12 3 33
37 12 3 44
37 12 3 6
37 12 3 6
37 12 3 28
37 12 3 37
37 12 3 39
37 12 3 2
37 12 3 19
37 12 3 41
37 12 3 37
37 12 4 9
37 12 4 18
37 12 4 43
37 12 4 9
37 12 4 3
37 12 4 24
37 12 4 49
37 12 4 40
37 12 4 7
37 12 4 23
37 12 4 47
37 12 4 9
37 12 4 5
37 12 4 25
37 12 4 48
37 12 4 49
37 12 4 1
37 12 4 28
37 12 4 50
37 12 4 48
37 12 5 10
37 12 5 35
37 12 5 48
37 12 5 33
37 12 5 6
37 12 5 31
37 12 5 44
37 12 5 15
37 12 5 10
37 12 5 35
37 12 5 46
37 12 5 44
37 12 5 6
37 12 5 36
37 12 5 44
37 12 5 10
37 12 5 2
37 12 5 34
37 12 5 46
37 12 5 9
37 12 6 10
37 12 6 29
37 12 6 50
37 12 6 39
37 12 6 6
37 12 6 28
37 12 6 48
37 12 6 6
37 12 6 7
37 12 6 35
37 12 6 37
37 12 6 48
37 12 6 2
37 12 6 24
37 12 6 49
37 12 6 12
37 12 6 7
37 12 6 34
37 12 6 48
37 12 6 41
37 12 7 1
37 12 7 27
37 12 7 48
37 12 7 10
37 12 7 9
37 12 7 30
37 12 7 40
37 12 7 5
37 12 7 1
37 12 7 23
37 12 7 43
37 12 7 46
37 12 7 6
37 12 7 32
37 12 7 37
37 12 7 37
37 12 7 2
37 12 7 21
37 12 7 46
37 12 7 47
37 12 8 1
37 12 8 20
37 12 8 46
37 12 8 24
37 12 8 1
37 12 8 32
37 12 8 44
37 12 8 27
37 12 8 2
37 12 8 35
37 12 8 42
37 12 8 25
37 12 8 2
37 12 8 21
37 12 8 39
37 12 8 16
37 12 8 5
37 12 8 20
37 12 8 46
37 12 8 2
37 12 9 10
37 12 9 35
37 12 9 39
37 12 9 35
37 12 9 5
37 12 9 22
37 12 9 42
37 12 9 50
37 12 9 9
37 12 9 37
37 12 9 49
37 12 9 22
37 12 9 3
37 12 9 35
37 12 9 45
37 12 9 39
37 12 9 8
37 12 9 33
37 12 9 39
37 12 9 8
37 12 10 1
37 12 10 36
37 12 10 47
37 12 10 13
37 12 10 2
37 12 10 32
37 12 10 45
37 12 10 2
37 12 10 4
37 12 10 21
37 12 10 48
37 12 10 41
37 12 10 8
37 12 10 32
37 12 10 50
37 12 10 34
37 12 10 5
37 12 10 21
37 12 10 45
37 12 10 6
37 12 11 5
37 12 11 34
37 12 11 37
37 12 11 13
37 12 11 7
37 12 11 30
37 12 11 46
37 12 11 23
37 12 11 10
37 12 11 24
37 12 11 37
37 12 11 18
37 12 11 6
37 12 11 21
37 12 11 39
37 12 11 4
37 12 11 4
37 12 11 34
37 12 11 38
37 12 11 19
37 12 12 2
37 12 12 19
37 12 12 38
37 12 12 49
37 12 12 7
37 12 12 23
37 12 12 41
37 12 12 19
37 12 12 7
37 12 12 25
37 12 12 44
37 12 12 5
37 12 12 2
37 12 12 31
37 12 12 39
37 12 12 20
37 12 12 3
37 12 12 20
37 12 12 44
37 12 12 26
37 12 13 10
37 12 13 22
37 12 13 49
37 12 13 50
37 12 13 7
37 12 13 36
37 12 13 40
37 12 13 20
37 12 13 9
37 12 13 19
37 12 13 47
37 12 13 42
37 12 13 4
37 12 13 25
37 12 13 47
37 12 13 45
37 12 13 9
37 12 13 37
37 12 13 44
37 12 13 22
37 12 14 9
37 12 14 22
37 12 14 47
37 12 14 35
37 12 14 3
37 12 14 23
37 12 14 37
37 12 14 49
37 12 14 5
37 12 14 30
37 12 14 47
37 12 14 38
37 12 14 3
37 12 14 22
37 12 14 48
37 12 14 8
37 12 14 9
37 12 14 36
37 12 14 50
37 12 14 38
37 13 1 1
37 13 1 29
37 13 1 45
37 13 1 19
37 13 1 7
37 13 1 35
37 13 1 42
37 13 1 18
37 13 1 7
37 13 1 18
37 13 1 43
37 13 1 17
37 13 1 10
37 13 1 34
37 13 1 44
37 13 1 38
37 13 1 2
37 13 1 31
37 13 1 44
37 13 1 24
37 13 2 4
37 13 2 23
37 13 2 43
37 13 2 19
37 13 2 4
37 13 2 35
37 13 2 37
37 13 2 32
37 13 2 9
37 13 2 27
37 13 2 40
37 13 2 17
37 13 2 3
37 13 2 25
37 13 2 42
37 13 2 13
37 13 2 2
37 13 2 25
37 13 2 46
37 13 2 1
37 13 3 6
37 13 3 32
37 13 3 48
37 13 3 47
37 13 3 3
37 13 3 24
37 13 3 49
37 13 3 37
37 13 3 8
37 13 3 34
37 13 3 49
37 13 3 19
37 13 3 5
37 13 3 32
37 13 3 44
37 13 3 33
37 13 3 4
37 13 3 22
37 13 3 47
37 13 3 11
37 13 4 1
37 13 4 28
37 13 4 42
37 13 4 46
37 13 4 1
37 13 4 24
37 13 4 48
37 13 4 19
37 13 4 10
37 13 4 23
37 13 4 45
37 13 4 47
37 13 4 1
37 13 4 26
37 13 4 37
37 13 4 22
37 13 4 10
37 13 4 28
37 13 4 42
37 13 4 38
37 13 5 1
37 13 5 32
37 13 5 38
37 13 5 17
37 13 5 5
37 13 5 37
37 13 5 37
37 13 5 6
37 13 5 2
37 13 5 31
37 13 5 47
37 13 5 1
37 13 5 5
37 13 5 24
37 13 5 39
37 13 5 44
37 13 5 5
37 13 5 32
37 13 5 49
37 13 5 27
37 13 6 4
37 13 6 24
37 13 6 41
37 13 6 33
37 13 6 9
37 13 6 23
37 13 6 44
37 13 6 21
37 13 6 2
37 13 6 35
37 13 6 44
37 13 6 39
37 13 6 5
37 13 6 31
37 13 6 49
37 13 6 2
37 13 6 10
37 13 6 29
37 13 6 37
37 13 6 16
37 13 7 9
37 13 7 20
37 13 7 38
37 13 7 18
37 13 7 6
37 13 7 32
37 13 7 44
37 13 7 26
37 13 7 3
37 13 7 30
37 13 7 49
37 13 7 30
37 13 7 2
37 13 7 35
37 13 7 42
37 13 7 16
37 13 7 4
37 13 7 18
37 13 7 37
37 13 7 46
37 13 8 8
37 13 8 36
37 13 8 37
37 13 8 38
37 13 8 1
37 13 8 23
37 13 8 43
37 13 8 2
37 13 8 9
37 13 8 19
37 13 8 39
37 13 8 36
37 13 8 3
37 13 8 34
37 13 8 49
37 13 8 5
37 13 8 10
37 13 8 28
37 13 8 43
37 13 8 34
37 13 9 7
37 13 9 19
37 13 9 48
37 13 9 47
37 13 9 8
37 13 9 21
37 13 9 41
37 13 9 3
37 13 9 10
37 13 9 20
37 13 9 40
37 13 9 19
37 13 9 8
37 13 9 28
37 13 9 40
37 13 9 35
37 13 9 6
37 13 9 27
37 13 9 38
37 13 9 7
37 13 10 1
37 13 10 27
37 13 10 40
37 13 10 49
37 13 10 1
37 13 10 29
37 13 10 50
37 13 10 22
37 13 10 7
37 13 10 36
37 13 10 45
37 13 10 5
37 13 10 9
37 13 10 20
37 13 10 48
37 13 10 6
37 13 10 8
37 13 10 19
37 13 10 49
37 13 10 27
37 13 11 3
37 13 11 35
37 13 11 46
37 13 11 9
37 13 11 1
37 13 11 29
37 13 11 42
37 13 11 33
37 13 11 3
37 13 11 33
37 13 11 46
37 13 11 25
37 13 11 2
37 13 11 21
37 13 11 46
37 13 11 27
37 13 11 7
37 13 11 23
37 13 11 42
37 13 11 6
37 13 12 6
37 13 12 33
37 13 12 40
37 13 12 39
37 13 12 5
37 13 12 24
37 13 12 48
37 13 12 28
37 13 12 6
37 13 12 29
37 13 12 46
37 13 12 29
37 13 12 6
37 13 12 29
37 13 12 49
37 13 12 15
37 13 12 8
37 13 12 29
37 13 12 38
37 13 12 19
37 13 13 10
37 13 13 28
37 13 13 44
37 13 13 13
37 13 13 9
37 13 13 26
37 13 13 42
37 13 13 23
37 13 13 9
37 13 13 26
37 13 13 39
37 13 13 45
37 13 13 2
37 13 13 27
37 13 13 41
37 13 13 26
37 13 13 3
37 13 13 34
37 13 13 45
37 13 13 30
37 13 14 7
37 13 14 34
37 13 14 43
37 13 14 45
37 13 14 6
37 13 14 27
37 13 14 40
37 13 14 34
37 13 14 9
37 13 14 31
37 13 14 50
37 13 14 7
37 13 14 9
37 13 14 19
37 13 14 43
37 13 14 13
37 13 14 3
37 13 14 33
37 13 14 46
37 13 14 20
37 14 1 5
37 14 1 31
37 14 1 43
37 14 1 46
37 14 1 7
37 14 1 30
37 14 1 40
37 14 1 23
37 14 1 2
37 14 1 24
37 14 1 42
37 14 1 21
37 14 1 9
37 14 1 31
37 14 1 38
37 14 1 45
37 14 1 8
37 14 1 23
37 14 1 48
37 14 1 20
37 14 2 7
37 14 2 35
37 14 2 42
37 14 2 7
37 14 2 6
37 14 2 25
37 14 2 44
37 14 2 28
37 14 2 9
37 14 2 33
37 14 2 50
37 14 2 44
37 14 2 6
37 14 2 32
37 14 2 38
37 14 2 46
37 14 2 3
37 14 2 21
37 14 2 40
37 14 2 25
37 14 3 8
37 14 3 18
37 14 3 50
37 14 3 6
37 14 3 3
37 14 3 29
37 14 3 47
37 14 3 43
37 14 3 5
37 14 3 37
37 14 3 40
37 14 3 4
37 14 3 5
37 14 3 24
37 14 3 48
37 14 3 22
37 14 3 5
37 14 3 24
37 14 3 42
37 14 3 29
37 14 4 4
37 14 4 18
37 14 4 40
37 14 4 32
37 14 4 6
37 14 4 33
37 14 4 37
37 14 4 24
37 14 4 4
37 14 4 34
37 14 4 50
37 14 4 9
37 14 4 3
37 14 4 34
37 14 4 50
37 14 4 46
37 14 4 9
37 14 4 19
37 14 4 50
37 14 4 24
37 14 5 3
37 14 5 18
37 14 5 39
37 14 5 49
37 14 5 6
37 14 5 33
37 14 5 45
37 14 5 6
37 14 5 8
37 14 5 28
37 14 5 48
37 14 5 20
37 14 5 7
37 14 5 24
37 14 5 46
37 14 5 18
37 14 5 2
37 14 5 35
37 14 5 47
37 14 5 21
37 14 6 7
37 14 6 35
37 14 6 42
37 14 6 34
37 14 6 8
37 14 6 26
37 14 6 41
37 14 6 8
37 14 6 7
37 14 6 37
37 14 6 49
37 14 6 40
37 14 6 5
37 14 6 32
37 14 6 43
37 14 6 3
37 14 6 3
37 14 6 30
37 14 6 49
37 14 6 36
37 14 7 8
37 14 7 34
37 14 7 39
37 14 7 19
37 14 7 10
37 14 7 24
37 14 7 38
37 14 7 21
37 14 7 5
37 14 7 29
37 14 7 39
37 14 7 34
37 14 7 2
37 14 7 25
37 14 7 50
37 14 7 5
37 14 7 3
37 14 7 37
37 14 7 41
37 14 7 4
37 14 8 3
37 14 8 18
37 14 8 46
37 14 8 44
37 14 8 7
37 14 8 21
37 14 8 46
37 14 8 41
37 14 8 6
37 14 8 18
37 14 8 38
37 14 8 25
37 14 8 8
37 14 8 25
37 14 8 45
37 14 8 14
37 14 8 5
37 14 8 28
37 14 8 39
37 14 8 26
37 14 9 6
37 14 9 33
37 14 9 48
37 14 9 48
37 14 9 9
37 14 9 36
37 14 9 41
37 14 9 19
37 14 9 1
37 14 9 30
37 14 9 41
37 14 9 32
37 14 9 9
37 14 9 37
37 14 9 38
37 14 9 3
37 14 9 8
37 14 9 30
37 14 9 45
37 14 9 12
37 14 10 9
37 14 10 25
37 14 10 43
37 14 10 37
37 14 10 8
37 14 10 21
37 14 10 48
37 14 10 42
37 14 10 1
37 14 10 36
37 14 10 46
37 14 10 6
37 14 10 3
37 14 10 37
37 14 10 48
37 14 10 22
37 14 10 7
37 14 10 30
37 14 10 38
37 14 10 14
37 14 11 1
37 14 11 25
37 14 11 40
37 14 11 13
37 14 11 5
37 14 11 34
37 14 11 48
37 14 11 18
37 14 11 4
37 14 11 27
37 14 11 48
37 14 11 34
37 14 11 1
37 14 11 28
37 14 11 46
37 14 11 26
37 14 11 2
37 14 11 18
37 14 11 41
37 14 11 5
37 14 12 3
37 14 12 23
37 14 12 37
37 14 12 14
37 14 12 9
37 14 12 28
37 14 12 44
37 14 12 49
37 14 12 1
37 14 12 26
37 14 12 49
37 14 12 22
37 14 12 10
37 14 12 21
37 14 12 38
37 14 12 12
37 14 12 5
37 14 12 36
37 14 12 40
37 14 12 21
37 14 13 5
37 14 13 24
37 14 13 38
37 14 13 8
37 14 13 2
37 14 13 28
37 14 13 50
37 14 13 2
37 14 13 7
37 14 13 29
37 14 13 39
37 14 13 18
37 14 13 4
37 14 13 29
37 14 13 39
37 14 13 17
37 14 13 9
37 14 13 20
37 14 13 41
37 14 13 50
37 14 14 7
37 14 14 23
37 14 14 39
37 14 14 25
37 14 14 6
37 14 14 31
37 14 14 41
37 14 14 11
37 14 14 3
37 14 14 34
37 14 14 41
37 14 14 23
37 14 14 5
37 14 14 19
37 14 14 37
37 14 14 22
37 14 14 4
37 14 14 29
37 14 14 41
37 14 14 36
41 1 1 5
41 1 1 27
41 1 1 41
41 1 1 50
41 1 1 10
41 1 1 32
41 1 1 43
41 1 1 52
41 1 1 3
41 1 1 37
41 1 1 49
41 1 1 28
41 1 1 10
41 1 1 37
41 1 1 41
41 1 1 19
41 1 1 10
41 1 1 21
41 1 1 51
41 1 1 11
41 1 2 2
41 1 2 32
41 1 2 44
41 1 2 5
41 1 2 9
41 1 2 25
41 1 2 49
41 1 2 39
41 1 2 2
41 1 2 41
41 1 2 41
41 1 2 22
41 1 2 5
41 1 2 25
41 1 2 46
41 1 2 18
41 1 2 10
41 1 2 41
41 1 2 42
41 1 2 27
41 1 3 6
41 1 3 34
41 1 3 42
41 1 3 47
41 1 3 10
41 1 3 34
41 1 3 50
41 1 3 12
41 1 3 6
41 1 3 38
41 1 3 42
41 1 3 34
41 1 3 5
41 1 3 30
41 1 3 45
41 1 3 52
41 1 3 1
41 1 3 25
41 1 3 48
41 1 3 6
41 1 4 10
41 1 4 28
41 1 4 48
41 1 4 53
41 1 4 7
41 1 4 30
41 1 4 45
41 1 4 24
41 1 4 3
41 1 4 34
41 1 4 51
41 1 4 36
41 1 4 9
41 1 4 37
41 1 4 42
41 1 4 4
41 1 4 8
41 1 4 20
41 1 4 48
41 1 4 7
41 1 5 7
41 1 5 31
41 1 5 46
41 1 5 54
41 1 5 3
41 1 5 27
41 1 5 43
41 1 5 4
41 1 5 1
41 1 5 32
41 1 5 49
41 1 5 29
41 1 5 4
41 1 5 31
41 1 5 46
41 1 5 35
41 1 5 9
41 1 5 32
41 1 5 43
41 1 5 25
41 1 6 9
41 1 6 36
41 1 6 52
41 1 6 47
41 1 6 3
41 1 6 26
41 1 6 49
41 1 6 48
41 1 6 1
41 1 6 26
41 1 6 52
41 1 6 20
41 1 6 2
41 1 6 30
41 1 6 48
41 1 6 34
41 1 6 6
41 1 6 21
41 1 6 53
41 1 6 25
41 1 7 3
41 1 7 37
41 1 7 53
41 1 7 30
41 1 7 6
41 1 7 41
41 1 7 47
41 1 7 24
41 1 7 10
41 1 7 31
41 1 7 47
41 1 7 17
41 1 7 3
41 1 7 23
41 1 7 54
41 1 7 28
41 1 7 9
41 1 7 30
41 1 7 44
41 1 7 39
41 1 8 7
41 1 8 32
41 1 8 43
41 1 8 36
41 1 8 4
41 1 8 34
41 1 8 44
41 1 8 20
41 1 8 5
41 1 8 31
41 1 8 42
41 1 8 48
41 1 8 6
41 1 8 41
41 1 8 48
41 1 8 52
41 1 8 3
41 1 8 21
41 1 8 42
41 1 8 54
41 1 9 4
41 1 9 29
41 1 9 44
41 1 9 47
41 1 9 10
41 1 9 37
41 1 9 50
41 1 9 7
41 1 9 1
41 1 9 38
41 1 9 41
41 1 9 6
41 1 9 7
41 1 9 25
41 1 9 41
41 1 9 14
41 1 9 2
41 1 9 31
41 1 9 47
41 1 9 1
41 1 10 9
41 1 10 26
41 1 10 45
41 1 10 54
41 1 10 6
41 1 10 27
41 1 10 41
41 1 10 20
41 1 10 1
41 1 10 27
41 1 10 52
41 1 10 20
41 1 10 10
41 1 10 35
41 1 10 53
41 1 10 10
41 1 10 10
41 1 10 41
41 1 10 50
41 1 10 27
41 1 11 10
41 1 11 29
41 1 11 49
41 1 11 41
41 1 11 3
41 1 11 27
41 1 11 51
41 1 11 48
41 1 11 9
41 1 11 34
41 1 11 54
41 1 11 10
41 1 11 1
41 1 11 40
41 1 11 50
41 1 11 45
41 1 11 4
41 1 11 31
41 1 11 41
41 1 11 48
41 1 12 9
41 1 12 27
41 1 12 50
41 1 12 10
41 1 12 4
41 1 12 34
41 1 12 48
41 1 12 12
41 1 12 2
41 1 12 39
41 1 12 51
41 1 12 39
41 1 12 6
41 1 12 25
41 1 12 49
41 1 12 43
41 1 12 4
41 1 12 36
41 1 12 50
41 1 12 39
41 1 13 9
41 1 13 20
41 1 13 49
41 1 13 36
41 1 13 4
41 1 13 25
41 1 13 42
41 1 13 24
41 1 13 3
41 1 13 41
41 1 13 46
41 1 13 32
41 1 13 1
41 1 13 36
41 1 13 50
41 1 13 26
41 1 13 3
41 1 13 33
41 1 13 54
41 1 13 28
41 1 14 10
41 1 14 24
41 1 14 53
41 1 14 44
41 1 14 8
41 1 14 39
41 1 14 47
41 1 14 44
41 1 14 5
41 1 14 36
41 1 14 42
41 1 14 1
41 1 14 7
41 1 14 30
41 1 14 41
41 1 14 50
41 1 14 1
41 1 14 24
41 1 14 42
41 1 14 41
41 2 1 9
41 2 1 41
41 2 1 49
41 2 1 10
41 2 1 4
41 2 1 37
41 2 1 52
41 2 1 47
41 2 1 6
41 2 1 38
41 2 1 45
41 2 1 30
41 2 1 3
41 2 1 38
41 2 1 47
41 2 1 21
41 2 1 10
41 2 1 37
41 2 1 48
41 2 1 21
41 2 2 7
41 2 2 28
41 2 2 45
41 2 2 25
41 2 2 2
41 2 2 28
41 2 2 49
41 2 2 45
41 2 2 3
41 2 2 25
41 2 2 50
41 2 2 19
41 2 2 10
41 2 2 29
41 2 2 51
41 2 2 36
41 2 2 4
41 2 2 41
41 2 2 47
41 2 2 41
41 2 3 6
41 2 3 41
41 2 3 48
41 2 3 4
41 2 3 9
41 2 3 32
41 2 3 52
41 2 3 4
41 2 3 3
41 2 3 37
41 2 3 52
41 2 3 39
41 2 3 10
41 2 3 25
41 2 3 41
41 2 3 11
41 2 3 5
41 2 3 32
41 2 3 45
41 2 3 14
41 2 4 9
41 2 4 23
41 2 4 46
41 2 4 11
41 2 4 5
41 2 4 40
41 2 4 45
41 2 4 44
41 2 4 6
41 2 4 38
41 2 4 41
41 2 4 53
41 2 4 9
41 2 4 26
41 2 4 50
41 2 4 22
41 2 4 10
41 2 4 31
41 2 4 48
41 2 4 52
41 2 5 9
41 2 5 38
41 2 5 42
41 2 5 20
41 2 5 7
41 2 5 20
41 2 5 46
41 2 5 21
41 2 5 10
41 2 5 29
41 2 5 48
41 2 5 51
41 2 5 8
41 2 5 22
41 2 5 51
41 2 5 16
41 2 5 1
41 2 5 20
41 2 5 42
41 2 5 17
41 2 6 8
41 2 6 24
41 2 6 53
41 2 6 22
41 2 6 6
41 2 6 37
41 2 6 52
41 2 6 27
41 2 6 10
41 2 6 30
41 2 6 48
41 2 6 16
41 2 6 8
41 2 6 34
41 2 6 43
41 2 6 28
41 2 6 1
41 2 6 40
41 2 6 45
41 2 6 30
41 2 7 1
41 2 7 34
41 2 7 49
41 2 7 40
41 2 7 8
41 2 7 41
41 2 7 54
41 2 7 9
41 2 7 3
41 2 7 35
41 2 7 46
41 2 7 11
41 2 7 5
41 2 7 23
41 2 7 52
41 2 7 52
41 2 7 4
41 2 7 31
41 2 7 47
41 2 7 48
41 2 8 3
41 2 8 38
41 2 8 43
41 2 8 50
41 2 8 7
41 2 8 30
41 2 8 50
41 2 8 28
41 2 8 2
41 2 8 28
41 2 8 43
41 2 8 18
41 2 8 2
41 2 8 41
41 2 8 46
41 2 8 20
41 2 8 6
41 2 8 31
41 2 8 50
41 2 8 23
41 2 9 5
41 2 9 29
41 2 9 46
41 2 9 29
41 2 9 3
41 2 9 21
41 2 9 53
41 2 9 13
41 2 9 2
41 2 9 28
41 2 9 45
41 2 9 4
41 2 9 3
41 2 9 30
41 2 9 43
41 2 9 32
41 2 9 4
41 2 9 20
41 2 9 50
41 2 9 26
41 2 10 6
41 2 10 22
41 2 10 50
41 2 10 24
41 2 10 2
41 2 10 32
41 2 10 50
41 2 10 25
41 2 10 9
41 2 10 30
41 2 10 49
41 2 10 35
41 2 10 3
41 2 10 35
41 2 10 46
41 2 10 28
41 2 10 8
41 2 10 32
41 2 10 41
41 2 10 49
41 2 11 2
41 2 11 21
41 2 11 47
41 2 11 49
41 2 11 10
41 2 11 24
41 2 11 48
41 2 11 14
41 2 11 4
41 2 11 25
41 2 11 47
41 2 11 16
41 2 11 5
41 2 11 29
41 2 11 41
41 2 11 7
41 2 11 4
41 2 11 23
41 2 11 53
41 2 11 45
41 2 12 3
41 2 12 39
41 2 12 47
41 2 12 3
41 2 12 3
41 2 12 34
41 2 12 48
41 2 12 34
41 2 12 1
41 2 12 38
41 2 12 53
41 2 12 44
41 2 12 6
41 2 12 29
41 2 12 41
41 2 12 28
41 2 12 2
41 2 12 31
41 2 12 47
41 2 12 23
41 2 13 7
41 2 13 35
41 2 13 54
41 2 13 31
41 2 13 5
41 2 13 22
41 2 13 44
41 2 13 38
41 2 13 2
41 2 13 38
41 2 13 42
41 2 13 22
41 2 13 3
41 2 13 24
41 2 13 51
41 2 13 42
41 2 13 8
41 2 13 36
41 2 13 48
41 2 13 10
41 2 14 1
41 2 14 41
41 2 14 50
41 2 14 18
41 2 14 2
41 2 14 28
41 2 14 50
41 2 14 51
41 2 14 4
41 2 14 21
41 2 14 41
41 2 14 9
41 2 14 6
41 2 14 26
41 2 14 49
41 2 14 44
41 2 14 3
41 2 14 26
41 2 14 54
41 2 14 43
41 3 1 7
41 3 1 32
41 3 1 51
41 3 1 2
41 3 1 2
41 3 1 38
41 3 1 45
41 3 1 26
41 3 1 8
41 3 1 26
41 3 1 49
41 3 1 37
41 3 1 10
41 3 1 22
41 3 1 48
41 3 1 28
41 3 1 4
41 3 1 29
41 3 1 45
41 3 1 43
41 3 2 10
41 3 2 25
41 3 2 48
41 3 2 34
41 3 2 1
41 3 2 34
41 3 2 44
41 3 2 33
41 3 2 6
41 3 2 34
41 3 2 51
41 3 2 28
41 3 2 2
41 3 2 30
41 3 2 48
41 3 2 45
41 3 2 5
41 3 2 34
41 3 2 44
41 3 2 17
41 3 3 7
41 3 3 37
41 3 3 48
41 3 3 52
41 3 3 5
41 3 3 41
41 3 3 51
41 3 3 53
41 3 3 4
41 3 3 32
41 3 3 51
41 3 3 2
41 3 3 2
41 3 3 35
41 3 3 50
41 3 3 49
41 3 3 2
41 3 3 38
41 3 3 52
41 3 3 52
41 3 4 7
41 3 4 39
41 3 4 46
41 3 4 2
41 3 4 8
41 3 4 40
41 3 4 41
41 3 4 3
41 3 4 3
41 3 4 22
41 3 4 54
41 3 4 30
41 3 4 6
41 3 4 24
41 3 4 41
41 3 4 37
41 3 4 6
41 3 4 37
41 3 4 52
41 3 4 5
41 3 5 2
41 3 5 22
41 3 5 45
41 3 5 7
41 3 5 4
41 3 5 41
41 3 5 53
41 3 5 38
41 3 5 4
41 3 5 22
41 3 5 54
41 3 5 22
41 3 5 5
41 3 5 31
41 3 5 49
41 3 5 19
41 3 5 1
41 3 5 28
41 3 5 50
41 3 5 18
41 3 6 9
41 3 6 34
41 3 6 44
41 3 6 30
41 3 6 2
41 3 6 30
41 3 6 44
41 3 6 3
41 3 6 8
41 3 6 28
41 3 6 49
41 3 6 34
41 3 6 2
41 3 6 27
41 3 6 41
41 3 6 9
41 3 6 9
41 3 6 31
41 3 6 51
41 3 6 1
41 3 7 6
41 3 7 37
41 3 7 53
41 3 7 24
41 3 7 5
41 3 7 26
41 3 7 51
41 3 7 41
41 3 7 1
41 3 7 27
41 3 7 52
41 3 7 31
41 3 7 1
41 3 7 33
41 3 7 46
41 3 7 18
41 3 7 9
41 3 7 34
41 3 7 48
41 3 7 27
41 3 8 5
41 3 8 27
41 3 8 47
41 3 8 27
41 3 8 8
41 3 8 26
41 3 8 43
41 3 8 52
41 3 8 7
41 3 8 22
41 3 8 44
41 3 8 24
41 3 8 5
41 3 8 37
41 3 8 41
41 3 8 29
41 3 8 4
41 3 8 40
41 3 8 42
41 3 8 16
41 3 9 3
41 3 9 33
41 3 9 43
41 3 9 53
41 3 9 7
41 3 9 20
41 3 9 49
41 3 9 25
41 3 9 9
41 3 9 39
41 3 9 46
41 3 9 36
41 3 9 8
41 3 9 25
41 3 9 51
41 3 9 11
41 3 9 10
41 3 9 26
41 3 9 46
41 3 9 24
41 3 10 3
41 3 10 27
41 3 10 49
41 3 10 52
41 3 10 4
41 3 10 30
41 3 10 41
41 3 10 27
41 3 10 3
41 3 10 21
41 3 10 50
41 3 10 26
41 3 10 4
41 3 10 35
41 3 10 45
41 3 10 12
41 3 10 3
41 3 10 22
41 3 10 52
41 3 10 34
41 3 11 10
41 3 11 36
41 3 11 42
41 3 11 53
41 3 11 4
41 3 11 34
41 3 11 54
41 3 11 37
41 3 11 9
41 3 11 29
41 3 11 47
41 3 11 17
41 3 11 6
41 3 11 32
41 3 11 50
41 3 11 2
41 3 11 6
41 3 11 24
41 3 11 43
41 3 11 3
41 3 12 7
41 3 12 28
41 3 12 52
41 3 12 46
41 3 12 8
41 3 12 37
41 3 12 45
41 3 12 45
41 3 12 3
41 3 12 34
41 3 12 43
41 3 12 10
41 3 12 2
41 3 12 38
41 3 12 49
41 3 12 38
41 3 12 2
41 3 12 21
41 3 12 51
41 3 12 54
41 3 13 6
41 3 13 30
41 3 13 41
41 3 13 14
41 3 13 3
41 3 13 23
41 3 13 43
41 3 13 53
41 3 13 6
41 3 13 25
41 3 13 48
41 3 13 43
41 3 13 1
41 3 13 25
41 3 13 49
41 3 13 21
41 3 13 3
41 3 13 37
41 3 13 53
41 3 13 54
41 3 14 3
41 3 14 29
41 3 14 41
41 3 14 34
41 3 14 5
41 3 14 26
41 3 14 51
41 3 14 41
41 3 14 6
41 3 14 33
41 3 14 53
41 3 14 22
41 3 14 9
41 3 14 40
41 3 14 50
41 3 14 1
41 3 14 6
41 3 14 38
41 3 14 51
41 3 14 34
41 4 1 1
41 4 1 21
41 4 1 50
41 4 1 32
41 4 1 7
41 4 1 35
41 4 1 49
41 4 1 30
41 4 1 8
41 4 1 26
41 4 1 54
41 4 1 24
41 4 1 4
41 4 1 30
41 4 1 50
41 4 1 54
41 4 1 10
41 4 1 22
41 4 1 48
41 4 1 10
41 4 2 7
41 4 2 22
41 4 2 51
41 4 2 48
41 4 2 1
41 4 2 24
41 4 2 54
41 4 2 6
41 4 2 7
41 4 2 21
41 4 2 49
41 4 2 11
41 4 2 7
41 4 2 36
41 4 2 42
41 4 2 41
41 4 2 5
41 4 2 24
41 4 2 46
41 4 2 11
41 4 3 9
41 4 3 33
41 4 3 45
41 4 3 20
41 4 3 4
41 4 3 25
41 4 3 45
41 4 3 33
41 4 3 8
41 4 3 39
41 4 3 41
41 4 3 39
41 4 3 6
41 4 3 39
41 4 3 52
41 4 3 23
41 4 3 9
41 4 3 28
41 4 3 41
41 4 3 20
41 4 4 6
41 4 4 40
41 4 4 51
41 4 4 47
41 4 4 1
41 4 4 28
41 4 4 42
41 4 4 26
41 4 4 1
41 4 4 27
41 4 4 41
41 4 4 42
41 4 4 9
41 4 4 34
41 4 4 48
41 4 4 49
41 4 4 4
41 4 4 28
41 4 4 51
41 4 4 52
41 4 5 10
41 4 5 41
41 4 5 51
41 4 5 26
41 4 5 8
41 4 5 37
41 4 5 42
41 4 5 29
41 4 5 7
41 4 5 23
41 4 5 49
41 4 5 7
41 4 5 10
41 4 5 24
41 4 5 53
41 4 5 24
41 4 5 7
41 4 5 35
41 4 5 53
41 4 5 43
41 4 6 3
41 4 6 36
41 4 6 46
41 4 6 9
41 4 6 6
41 4 6 28
41 4 6 45
41 4 6 46
41 4 6 6
41 4 6 31
41 4 6 41
41 4 6 39
41 4 6 1
41 4 6 32
41 4 6 53
41 4 6 33
41 4 6 3
41 4 6 41
41 4 6 50
41 4 6 5
41 4 7 1
41 4 7 41
41 4 7 49
41 4 7 9
41 4 7 6
41 4 7 38
41 4 7 50
41 4 7 3
41 4 7 1
41 4 7 33
41 4 7 54
41 4 7 47
41 4 7 8
41 4 7 35
41 4 7 52
41 4 7 11
41 4 7 3
41 4 7 21
41 4 7 51
41 4 7 19
41 4 8 4
41 4 8 35
41 4 8 46
41 4 8 16
41 4 8 2
41 4 8 29
41 4 8 43
41 4 8 14
41 4 8 3
41 4 8 39
41 4 8 48
41 4 8 11
41 4 8 8
41 4 8 26
41 4 8 53
41 4 8 10
41 4 8 2
41 4 8 29
41 4 8 54
41 4 8 22
41 4 9 6
41 4 9 36
41 4 9 54
41 4 9 38
41 4 9 7
41 4 9 39
41 4 9 53
41 4 9 30
41 4 9 8
41 4 9 28
41 4 9 47
41 4 9 27
41 4 9 5
41 4 9 34
41 4 9 53
41 4 9 50
41 4 9 2
41 4 9 37
41 4 9 43
41 4 9 5
41 4 10 7
41 4 10 23
41 4 10 44
41 4 10 49
41 4 10 7
41 4 10 36
41 4 10 44
41 4 10 30
41 4 10 8
41 4 14 45
41 4 14 23
41 4 14 3
41 4 14 22
41 4 14 46
41 4 14 15
41 4 14 7
41 4 14 34
41 4 14 45
41 4 14 39
41 5 1 8
41 5 1 20
41 5 1 48
41 5 1 38
41 5 1 9
41 5 1 28
41 5 1 47
41 5 1 44
41 5 1 7
41 5 1 37
41 5 1 53
41 5 1 34
41 5 1 6
41 5 1 25
41 5 1 48
41 5 1 24
41 5 1 3
41 5 1 37
41 5 1 51
41 5 1 43
41 5 2 3
41 5 2 27
41 5 2 51
41 5 2 14
41 5 2 7
41 5 2 22
41 5 2 47
41 5 2 38
41 5 2 2
41 5 2 37
41 5 2 48
41 5 2 17
41 5 2 4
41 5 2 26
41 5 2 49
41 5 2 45
41 5 2 8
41 5 2 34
41 5 2 48
41 5 2 28
41 5 3 4
41 5 3 29
41 5 3 43
41 5 3 18
41 5 3 2
41 5 3 31
41 5 3 51
41 5 3 43
41 5 3 8
41 5 3 38
41 5 3 46
41 5 3 51
41 5 3 6
41 5 3 38
41 5 3 41
41 5 3 33
41 5 3 2
41 5 3 34
41 5 3 53
41 5 3 3
41 5 4 5
41 5 4 38
41 5 4 43
41 5 4 38
41 5 4 10
41 5 4 27
41 5 4 50
41 5 4 53
41 5 4 3
41 5 4 28
41 5 4 48
41 5 4 36
41 5 4 4
41 5 4 34
41 5 4 43
41 5 4 29
41 5 4 8
41 5 4 25
41 5 4 47
41 5 4 49
41 5 5 10
41 5 5 28
41 5 5 49
41 5 5 10
41 5 5 8
41 5 5 25
41 5 5 41
41 5 5 7
41 5 5 1
41 5 5 34
41 5 5 41
41 5 5 9
41 5 5 9
41 5 5 35
41 5 5 52
41 5 5 8
41 5 5 9
41 5 5 20
41 5 5 42
41 5 5 17
41 5 6 4
41 5 6 28
41 5 6 53
41 5 6 40
41 5 6 5
41 5 6 28
41 5 6 47
41 5 6 39
41 5 6 4
41 5 6 26
41 5 6 42
41 5 6 46
41 5 6 6
41 5 6 28
41 5 6 50
41 5 6 45
41 5 6 3
41 5 6 21
41 5 6 51
41 5 6 17
41 5 7 10
41 5 7 37
41 5 7 53
41 5 7 28
41 5 7 5
41 5 7 39
41 5 7 53
41 5 7 39
41 5 7 9
41 5 7 33
41 5 7 42
41 5 7 6
41 5 7 1
41 5 7 24
41 5 7 47
41 5 7 35
41 5 7 6
41 5 7 35
41 5 7 46
41 5 7 7
41 5 8 5
41 5 8 36
41 5 8 48
41 5 8 45
41 5 8 1
41 5 8 29
41 5 8 41
41 5 8 45
41 5 8 7
41 5 8 31
41 5 8 52
41 5 8 46
41 5 8 8
41 5 8 32
41 5 8 49
41 5 8 43
41 5 8 9
41 5 8 40
41 5 8 51
41 5 8 40
41 5 9 7
41 5 9 28
41 5 9 53
41 5 9 15
41 5 9 1
41 5 9 26
41 5 9 48
41 5 9 33
41 5 9 5
41 5 9 33
41 5 9 41
41 5 9 40
41 5 9 1
41 5 9 20
41 5 9 42
41 5 9 38
41 5 9 4
41 5 9 28
41 5 9 45
41 5 9 38
41 5 10 5
41 5 10 21
41 5 10 47
41 5 10 36
41 5 10 4
41 5 10 38
41 5 10 54
41 5 10 20
41 5 10 3
41 5 10 28
41 5 10 41
41 5 10 1
41 5 10 10
41 5 10 24
41 5 10 54
41 5 10 15
41 5 10 4
41 5 10 41
41 5 10 52
41 5 10 52
41 5 11 5
41 5 11 33
41 5 11 51
41 5 11 4
41 5 11 3
41 5 11 41
41 5 11 54
41 5 11 2
41 5 11 9
41 5 11 25
41 5 11 42
41 5 11 45
41 5 11 8
41 5 11 29
41 5 11 50
41 5 11 53
41 5 11 5
41 5 11 30
41 5 11 47
41 5 11 35
41 5 12 7
41 5 12 20
41 5 12 52
41 5 12 28
41 5 12 1
41 5 12 30
41 5 12 50
41 5 12 15
41 5 12 10
41 5 12 24
41 5 12 41
41 5 12 8
41 5 12 9
41 5 12 21
41 5 12 43
41 5 12 7
41 5 12 10
41 5 12 26
41 5 12 52
41 5 12 19
41 5 13 8
41 5 13 37
41 5 13 43
41 5 13 41
41 5 13 4
41 5 13 38
41 5 13 42
41 5 13 19
41 5 13 10
41 5 13 22
41 5 13 47
41 5 13 5
41 5 13 10
41 5 13 34
41 5 13 43
41 5 13 33
41 5 13 6
41 5 13 35
41 5 13 50
41 5 13 53
41 5 14 6
41 5 14 35
41 5 14 48
41 5 14 10
41 5 14 6
41 5 14 28
41 5 14 44
41 5 14 31
41 5 14 6
41 5 14 26
41 5 14 49
41 5 14 36
41 5 14 7
41 5 14 35
41 5 14 54
41 5 14 47
41 5 14 4
41 5 14 33
41 5 14 48
41 5 14 6
41 6 1 4
41 6 1 23
41 6 1 41
41 6 1 9
41 6 1 9
41 6 1 36
41 6 1 51
41 6 1 31
41 6 1 1
41 6 1 40
41 6 1 53
41 6 1 35
41 6 1 9
41 6 1 25
41 6 1 45
41 6 1 6
41 6 1 1
41 6 1 30
41 6 1 44
41 6 1 6
41 6 2 7
41 6 2 20
41 6 2 41
41 6 2 22
41 6 2 9
41 6 2 37
41 6 2 52
41 6 2 35
41 6 2 9
41 6 2 22
41 6 2 45
41 6 2 34
41 6 2 1
41 6 2 34
41 6 2 46
41 6 2 2
41 6 2 6
41 6 2 20
41 6 2 42
41 6 2 12
41 6 3 10
41 6 3 35
41 6 3 45
41 6 3 19
41 6 3 1
41 6 3 21
41 6 3 49
41 6 3 48
41 6 3 4
41 6 3 26
41 6 3 52
41 6 3 48
41 6 3 3
41 6 3 21
41 6 3 48
41 6 3 53
41 6 3 9
41 6 3 21
41 6 3 54
41 6 3 17
41 6 4 8
41 6 4 27
41 6 4 46
41 6 4 14
41 6 4 4
41 6 4 29
41 6 4 47
41 6 4 13
41 6 4 2
41 6 4 31
41 6 4 46
41 6 4 26
41 6 4 9
41 6 4 20
41 6 4 53
41 6 4 50
41 6 4 1
41 6 4 34
41 6 4 51
41 6 4 11
41 6 5 10
41 6 5 34
41 6 5 51
41 6 5 8
41 6 5 9
41 6 5 23
41 6 5 45
41 6 5 52
41 6 5 1
41 6 5 24
41 6 5 41
41 6 5 31
41 6 5 7
41 6 5 24
41 6 5 49
41 6 5 46
41 6 5 4
41 6 5 27
41 6 5 41
41 6 5 6
41 6 6 5
41 6 6 34
41 6 6 41
41 6 6 39
41 6 6 1
41 6 6 28
41 6 6 46
41 6 6 20
41 6 6 6
41 6 6 39
41 6 6 51
41 6 6 6
41 6 6 6
41 6 6 36
41 6 6 42
41 6 6 8
41 6 6 5
41 6 6 28
41 6 6 50
41 6 6 13
41 6 7 2
41 6 7 23
41 6 7 53
41 6 7 10
41 6 7 2
41 6 7 21
41 6 7 42
41 6 7 50
41 6 7 10
41 6 7 41
41 6 7 47
41 6 7 12
41 6 7 10
41 6 7 24
41 6 7 48
41 6 7 6
41 6 7 6
41 6 7 38
41 6 7 49
41 6 7 17
41 6 8 6
41 6 8 34
41 6 8 54
41 6 8 44
41 6 8 10
41 6 8 27
41 6 8 44
41 6 8 26
41 6 8 9
41 6 8 34
41 6 8 50
41 6 8 51
41 6 8 7
41 6 8 37
41 6 8 50
41 6 8 34
41 6 8 8
41 6 8 28
41 6 8 52
41 6 8 43
41 6 9 10
41 6 9 34
41 6 9 45
41 6 9 25
41 6 9 4
41 6 9 37
41 6 9 47
41 6 9 42
41 6 9 4
41 6 9 29
41 6 9 52
41 6 9 9
41 6 9 4
41 6 9 34
41 6 9 50
41 6 9 10
41 6 9 1
41 6 9 29
41 6 9 53
41 6 9 41
41 6 10 1
41 6 10 26
41 6 10 48
41 6 10 54
41 6 10 10
41 6 10 21
41 6 10 44
41 6 10 2
41 6 10 1
41 6 10 35
41 6 10 49
41 6 10 32
41 6 10 8
41 6 10 23
41 6 10 53
41 6 10 39
41 6 10 6
41 6 10 36
41 6 10 43
41 6 10 31
41 6 11 1
41 6 11 41
41 6 11 53
41 6 11 2
41 6 11 1
41 6 11 20
41 6 11 42
41 6 11 34
41 6 11 1
41 6 11 27
41 6 11 47
41 6 11 5
41 6 11 7
41 6 11 22
41 6 11 50
41 6 11 46
41 6 11 3
41 6 11 33
41 6 11 50
41 6 11 9
41 6 12 1
41 6 12 30
41 6 12 49
41 6 12 2
41 6 12 2
41 6 12 27
41 6 12 47
41 6 12 37
41 6 12 4
41 6 12 30
41 6 12 47
41 6 12 54
41 6 12 3
41 6 12 41
41 6 12 53
41 6 12 3
41 6 12 7
41 6 12 24
41 6 12 42
41 6 12 20
41 6 13 6
41 6 13 23
41 6 13 52
41 6 13 52
41 6 13 8
41 6 13 21
41 6 13 51
41 6 13 19
41 6 13 6
41 6 13 33
41 6 13 49
41 6 13 13
41 6 13 4
41 6 13 37
41 6 13 45
41 6 13 20
41 6 13 2
41 6 13 20
41 6 13 46
41 6 13 32
41 6 14 1
41 6 14 39
41 6 14 45
41 6 14 11
41 6 14 8
41 6 14 35
41 6 14 43
41 6 14 36
41 6 14 7
41 6 14 39
41 6 14 49
41 6 14 31
41 6 14 7
41 6 14 21
41 6 14 47
41 6 14 39
41 6 14 3
41 6 14 23
41 6 14 54
41 6 14 18
41 7 1 5
41 7 1 20
41 7 1 47
41 7 1 28
41 7 1 5
41 7 1 23
41 7 1 53
41 7 1 44
41 7 1 1
41 7 1 31
41 7 1 49
41 7 1 16
41 7 1 2
41 7 1 24
41 7 1 41
41 7 1 41
41 7 1 2
41 7 1 35
41 7 1 42
41 7 1 22
41 7 2 8
41 7 2 20
41 7 2 43
41 7 2 20
41 7 2 3
41 7 2 29
41 7 2 43
41 7 2 49
41 7 2 10
41 7 2 32
41 7 2 47
41 7 2 34
41 7 2 6
41 7 2 29
41 7 2 52
41 7 2 43
41 7 2 10
41 7 2 20
41 7 2 47
41 7 2 36
41 7 3 10
41 7 3 26
41 7 3 47
41 7 3 22
41 7 3 5
41 7 3 37
41 7 3 45
41 7 3 29
41 7 3 3
41 7 3 38
41 7 3 52
41 7 3 23
41 7 3 4
41 7 3 39
41 7 3 51
41 7 3 35
41 7 3 2
41 7 3 39
41 7 3 42
41 7 3 12
41 7 4 2
41 7 4 21
41 7 4 47
41 7 4 20
41 7 4 10
41 7 4 33
41 7 4 46
41 7 4 37
41 7 4 4
41 7 4 31
41 7 4 50
41 7 4 8
41 7 4 10
41 7 4 24
41 7 4 42
41 7 4 32
41 7 4 9
41 7 4 34
41 7 4 42
41 7 4 16
41 7 5 5
41 7 5 28
41 7 5 46
41 7 5 51
41 7 5 4
41 7 5 30
41 7 5 47
41 7 5 27
41 7 5 4
41 7 5 38
41 7 5 48
41 7 5 19
41 7 5 2
41 7 5 28
41 7 5 46
41 7 5 40
41 7 5 4
41 7 5 28
41 7 5 50
41 7 5 40
41 7 6 7
41 7 6 40
41 7 6 53
41 7 6 17
41 7 6 6
41 7 6 26
41 7 6 52
41 7 6 19
41 7 6 4
41 7 6 41
41 7 6 44
41 7 6 22
41 7 6 6
41 7 6 22
41 7 6 53
41 7 6 31
41 7 6 6
41 7 6 29
41 7 6 46
41 7 6 52
41 7 7 9
41 7 7 20
41 7 7 51
41 7 7 35
41 7 7 2
41 7 7 22
41 7 7 51
41 7 7 15
41 7 7 8
41 7 7 33
41 7 7 48
41 7 7 34
41 7 7 9
41 7 7 40
41 7 7 53
41 7 7 36
41 7 7 8
41 7 7 31
41 7 7 42
41 7 7 35
41 7 8 5
41 7 8 25
41 7 8 50
41 7 8 35
41 7 8 1
41 7 8 36
41 7 8 46
41 7 8 16
41 7 8 4
41 7 8 32
41 7 8 42
41 7 8 25
41 7 8 3
41 7 8 39
41 7 8 51
41 7 8 19
41 7 8 7
41 7 8 31
41 7 8 49
41 7 8 43
41 7 9 10
41 7 9 40
41 7 9 54
41 7 9 16
41 7 9 1
41 7 9 39
41 7 9 51
41 7 9 35
41 7 9 2
41 7 9 35
41 7 9 45
41 7 9 26
41 7 9 3
41 7 9 21
41 7 9 48
41 7 9 34
41 7 9 1
41 7 9 36
41 7 9 50
41 7 9 47
41 7 10 9
41 7 10 29
41 7 10 50
41 7 10 34
41 7 10 2
41 7 10 26
41 7 10 46
41 7 10 30
41 7 10 5
41 7 10 24
41 7 10 44
41 7 10 6
41 7 10 2
41 7 10 29
41 7 10 50
41 7 10 16
41 7 10 9
41 7 10 28
41 7 10 52
41 7 10 41
41 7 11 8
41 7 11 23
41 7 11 51
41 7 11 44
41 7 11 7
41 7 11 24
41 7 11 48
41 7 11 1
41 7 11 4
41 7 11 36
41 7 11 42
41 7 11 33
41 7 11 2
41 7 11 33
41 7 11 53
41 7 11 27
41 7 11 5
41 7 11 33
41 7 11 48
41 7 11 48
41 7 12 2
41 7 12 39
41 7 12 54
41 7 12 17
41 7 12 8
41 7 12 25
41 7 12 47
41 7 12 40
41 7 12 1
41 7 12 26
41 7 12 44
41 7 12 43
41 7 12 10
41 7 12 29
41 7 12 48
41 7 12 48
41 7 12 6
41 7 12 24
41 7 12 50
41 7 12 31
41 7 13 5
41 7 13 33
41 7 13 44
41 7 13 25
41 7 13 4
41 7 13 29
41 7 13 46
41 7 13 36
41 7 13 9
41 7 13 41
41 7 13 48
41 7 13 47
41 7 13 9
41 7 13 34
41 7 13 42
41 7 13 52
41 7 13 10
41 7 13 29
41 7 13 53
41 7 13 19
41 7 14 3
41 7 14 33
41 7 14 49
41 7 14 7
41 7 14 7
41 7 14 34
41 7 14 51
41 7 14 32
41 7 14 7
41 7 14 39
41 7 14 51
41 7 14 37
41 7 14 9
41 7 14 28
41 7 14 50
41 7 14 51
41 7 14 7
41 7 14 25
41 7 14 52
41 7 14 40
41 8 1 9
41 8 1 27
41 8 1 49
41 8 1 25
41 8 1 7
41 8 1 35
41 8 1 47
41 8 1 26
41 8 1 10
41 8 1 32
41 8 1 53
41 8 1 2
41 8 1 2
41 8 1 32
41 8 1 41
41 8 1 16
41 8 1 9
41 8 1 23
41 8 1 44
41 8 1 47
41 8 2 4
41 8 2 25
41 8 2 52
41 8 2 31
41 8 2 5
41 8 2 36
41 8 2 53
41 8 2 27
41 8 2 9
41 8 2 26
41 8 2 41
41 8 2 50
41 8 2 9
41 8 2 24
41 8 2 44
41 8 2 36
41 8 2 2
41 8 2 38
41 8 2 43
41 8 2 30
41 8 3 2
41 8 3 24
41 8 3 51
41 8 3 17
41 8 3 7
41 8 3 38
41 8 3 45
41 8 3 43
41 8 3 2
41 8 3 27
41 8 3 54
41 8 3 18
41 8 3 4
41 8 3 22
41 8 3 42
41 8 3 49
41 8 3 9
41 8 3 41
41 8 3 51
41 8 3 15
41 8 4 1
41 8 4 26
41 8 4 51
41 8 4 49
41 8 4 3
41 8 4 27
41 8 4 54
41 8 4 53
41 8 4 7
41 8 4 41
41 8 4 49
41 8 4 42
41 8 4 5
41 8 4 39
41 8 4 47
41 8 4 34
41 8 4 5
41 8 4 21
41 8 4 41
41 8 4 39
41 8 5 6
41 8 5 33
41 8 5 53
41 8 5 30
41 8 5 1
41 8 5 28
41 8 5 41
41 8 5 9
41 8 5 4
41 8 5 31
41 8 5 46
41 8 5 32
41 8 5 3
41 8 5 29
41 8 5 42
41 8 5 12
41 8 5 10
41 8 5 35
41 8 5 48
41 8 5 46
41 8 6 5
41 8 6 21
41 8 6 49
41 8 6 1
41 8 6 4
41 8 6 30
41 8 6 53
41 8 6 17
41 8 6 5
41 8 6 34
41 8 6 46
41 8 6 13
41 8 6 10
41 8 6 34
41 8 6 54
41 8 6 10
41 8 6 10
41 8 6 33
41 8 6 53
41 8 6 48
41 8 7 9
41 8 7 40
41 8 7 47
41 8 7 30
41 8 7 6
41 8 7 37
41 8 7 52
41 8 7 2
41 8 7 10
41 8 7 30
41 8 7 46
41 8 7 48
41 8 7 8
41 8 7 22
41 8 7 45
41 8 7 1
41 8 7 1
41 8 7 24
41 8 7 49
41 8 7 24
41 8 8 3
41 8 8 25
41 8 8 48
41 8 8 37
41 8 8 2
41 8 8 30
41 8 8 41
41 8 8 21
41 8 8 4
41 8 8 23
41 8 8 45
41 8 8 12
41 8 8 3
41 8 8 27
41 8 8 41
41 8 8 3
41 8 8 2
41 8 8 27
41 8 8 43
41 8 8 40
41 8 9 10
41 8 9 26
41 8 9 50
41 8 9 8
41 8 9 7
41 8 9 36
41 8 9 49
41 8 9 45
41 8 9 2
41 8 9 23
41 8 9 50
41 8 9 20
41 8 9 7
41 8 9 22
41 8 9 45
41 8 9 32
41 8 9 7
41 8 9 34
41 8 9 48
41 8 9 3
41 8 10 8
41 8 10 38
41 8 10 41
41 8 10 8
41 8 10 8
41 8 10 29
41 8 10 47
41 8 10 39
41 8 10 5
41 8 10 22
41 8 10 47
41 8 10 50
41 8 10 5
41 8 10 28
41 8 10 54
41 8 10 18
41 8 10 7
41 8 10 20
41 8 10 46
41 8 10 44
41 8 11 3
41 8 11 35
41 8 11 41
41 8 11 37
41 8 11 3
41 8 11 26
41 8 11 44
41 8 11 33
41 8 11 6
41 8 11 39
41 8 11 43
41 8 11 10
41 8 11 6
41 8 11 30
41 8 11 47
41 8 11 34
41 8 11 2
41 8 11 24
41 8 11 48
41 8 11 42
41 8 12 5
41 8 12 34
41 8 12 54
41 8 12 51
41 8 12 3
41 8 12 20
41 8 12 44
41 8 12 53
41 8 12 7
41 8 12 20
41 8 12 45
41 8 12 7
41 8 12 3
41 8 12 34
41 8 12 44
41 8 12 49
41 8 12 4
41 8 12 40
41 8 12 47
41 8 12 13
41 8 13 8
41 8 13 31
41 8 13 41
41 8 13 10
41 8 13 4
41 8 13 24
41 8 13 41
41 8 13 28
41 8 13 10
41 8 13 34
41 8 13 53
41 8 13 42
41 8 13 3
41 8 13 26
41 8 13 43
41 8 13 16
41 8 13 9
41 8 13 26
41 8 13 42
41 8 13 2
41 8 14 4
41 8 14 30
41 8 14 46
41 8 14 47
41 8 14 4
41 8 14 26
41 8 14 54
41 8 14 24
41 8 14 2
41 8 14 40
41 8 14 45
41 8 14 29
41 8 14 3
41 8 14 32
41 8 14 49
41 8 14 41
41 8 14 8
41 8 14 24
41 8 14 48
41 8 14 45
41 9 1 6
41 9 1 37
41 9 1 53
41 9 1 22
41 9 1 7
41 9 1 26
41 9 1 45
41 9 1 36
41 9 1 3
41 9 1 25
41 9 1 41
41 9 1 20
41 9 1 2
41 9 1 25
41 9 1 44
41 9 1 35
41 9 1 9
41 9 1 25
41 9 1 50
41 9 1 44
41 9 2 5
41 9 2 28
41 9 2 54
41 9 2 2
41 9 2 10
41 9 2 31
41 9 2 53
41 9 2 48
41 9 2 6
41 9 2 33
41 9 2 41
41 9 2 22
41 9 2 9
41 9 2 34
41 9 2 51
41 9 2 7
41 9 2 6
41 9 2 36
41 9 2 41
41 9 2 41
41 9 3 4
41 9 3 21
41 9 3 52
41 9 3 29
41 9 3 6
41 9 3 37
41 9 3 47
41 9 3 33
41 9 3 6
41 9 3 29
41 9 3 52
41 9 3 48
41 9 3 8
41 9 3 36
41 9 3 50
41 9 3 13
41 9 3 6
41 9 3 29
41 9 3 48
41 9 3 26
41 9 4 1
41 9 4 30
41 9 4 44
41 9 4 7
41 9 4 4
41 9 4 31
41 9 4 52
41 9 4 12
41 9 4 8
41 9 4 34
41 9 4 41
41 9 4 25
41 9 4 9
41 9 4 34
41 9 4 44
41 9 4 34
41 9 4 1
41 9 4 27
41 9 4 54
41 9 4 23
41 9 5 9
41 9 5 40
41 9 5 49
41 9 5 40
41 9 5 1
41 9 5 21
41 9 5 46
41 9 5 25
41 9 5 7
41 9 5 28
41 9 5 44
41 9 5 13
41 9 5 5
41 9 5 35
41 9 5 51
41 9 5 22
41 9 5 8
41 9 5 41
41 9 5 43
41 9 5 45
41 9 6 8
41 9 6 23
41 9 6 42
41 9 6 52
41 9 6 9
41 9 6 37
41 9 6 41
41 9 6 41
41 9 6 7
41 9 6 31
41 9 6 41
41 9 6 49
41 9 6 9
41 9 6 30
41 9 6 47
41 9 6 7
41 9 6 2
41 9 6 28
41 9 6 44
41 9 6 47
41 9 7 8
41 9 7 39
41 9 7 48
41 9 7 25
41 9 7 10
41 9 7 39
41 9 7 42
41 9 7 20
41 9 7 8
41 9 7 39
41 9 7 45
41 9 7 44
41 9 7 10
41 9 7 26
41 9 7 44
41 9 7 30
41 9 7 7
41 9 7 21
41 9 7 41
41 9 7 50
41 9 8 10
41 9 8 27
41 9 8 49
41 9 8 30
41 9 8 3
41 9 8 41
41 9 8 42
41 9 8 27
41 9 8 4
41 9 8 36
41 9 8 48
41 9 8 28
41 9 8 6
41 9 8 23
41 9 8 48
41 9 8 53
41 9 8 2
41 9 8 38
41 9 8 53
41 9 8 48
41 9 9 4
41 9 9 36
41 9 9 45
41 9 9 51
41 9 9 3
41 9 9 25
41 9 9 51
41 9 9 39
41 9 9 3
41 9 9 30
41 9 9 51
41 9 9 45
41 9 9 3
41 9 9 27
41 9 9 42
41 9 9 24
41 9 9 9
41 9 9 31
41 9 9 47
41 9 9 36
41 9 10 5
41 9 10 41
41 9 10 52
41 9 10 11
41 9 10 7
41 9 10 33
41 9 10 46
41 9 10 36
41 9 10 2
41 9 10 37
41 9 10 43
41 9 10 13
41 9 10 6
41 9 10 29
41 9 10 50
41 9 10 48
41 9 10 4
41 9 10 31
41 9 10 43
41 9 10 43
41 9 11 3
41 9 11 40
41 9 11 46
41 9 11 34
41 9 11 9
41 9 11 21
41 9 11 48
41 9 11 45
41 9 11 10
41 9 11 31
41 9 11 41
41 9 11 53
41 9 11 10
41 9 11 31
41 9 11 45
41 9 11 51
41 9 11 3
41 9 11 20
41 9 11 48
41 9 11 44
41 9 12 10
41 9 12 37
41 9 12 44
41 9 12 10
41 9 12 1
41 9 12 33
41 9 12 43
41 9 12 8
41 9 12 5
41 9 12 35
41 9 12 54
41 9 12 29
41 9 12 8
41 9 12 38
41 9 12 46
41 9 12 18
41 9 12 1
41 9 12 41
41 9 12 54
41 9 12 1
41 9 13 6
41 9 13 38
41 9 13 50
41 9 13 42
41 9 13 8
41 9 13 40
41 9 13 42
41 9 13 1
41 9 13 3
41 9 13 22
41 9 13 42
41 9 13 20
41 9 13 6
41 9 13 35
41 9 13 41
41 9 13 12
41 9 13 5
41 9 13 26
41 9 13 49
41 9 13 6
41 9 14 9
41 9 14 20
41 9 14 47
41 9 14 10
41 9 14 10
41 9 14 25
41 9 14 45
41 9 14 7
41 9 14 1
41 9 14 28
41 9 14 45
41 9 14 31
41 9 14 9
41 9 14 36
41 9 14 52
41 9 14 30
41 9 14 7
41 9 14 27
41 9 14 44
41 9 14 17
41 10 1 10
41 10 1 37
41 10 1 51
41 10 1 2
41 10 1 4
41 10 1 41
41 10 1 42
41 10 1 12
41 10 1 1
41 10 1 20
41 10 1 44
41 10 1 41
41 10 1 8
41 10 1 27
41 10 1 48
41 10 1 28
41 10 1 1
41 10 1 34
41 10 1 53
41 10 1 12
41 10 2 9
41 10 2 39
41 10 2 47
41 10 2 27
41 10 2 8
41 10 2 28
41 10 2 45
41 10 2 52
41 10 2 3
41 10 2 38
41 10 2 52
41 10 2 38
41 10 2 3
41 10 2 28
41 10 2 42
41 10 2 42
41 10 2 5
41 10 2 37
41 10 2 47
41 10 2 1
41 10 3 6
41 10 3 24
41 10 3 42
41 10 3 24
41 10 3 5
41 10 3 23
41 10 3 51
41 10 3 47
41 10 3 8
41 10 3 37
41 10 3 50
41 10 3 25
41 10 3 4
41 10 3 25
41 10 3 41
41 10 3 40
41 10 3 7
41 10 3 24
41 10 3 50
41 10 3 29
41 10 4 8
41 10 4 35
41 10 4 47
41 10 4 43
41 10 4 10
41 10 4 41
41 10 4 50
41 10 4 25
41 10 4 4
41 10 4 26
41 10 4 52
41 10 4 21
41 10 4 10
41 10 4 26
41 10 4 41
41 10 4 36
41 10 4 4
41 10 4 33
41 10 4 52
41 10 4 39
41 10 5 6
41 10 5 27
41 10 5 51
41 10 5 23
41 10 5 3
41 10 5 32
41 10 5 49
41 10 5 9
41 10 5 7
41 10 5 36
41 10 5 54
41 10 5 27
41 10 5 2
41 10 5 25
41 10 5 45
41 10 5 13
41 10 5 5
41 10 5 33
41 10 5 47
41 10 5 32
41 10 6 2
41 10 6 38
41 10 6 47
41 10 6 48
41 10 6 2
41 10 6 28
41 10 6 42
41 10 6 32
41 10 6 4
41 10 6 25
41 10 6 49
41 10 6 5
41 10 6 2
41 10 6 20
41 10 6 45
41 10 6 21
41 10 6 1
41 10 6 38
41 10 6 41
41 10 6 20
41 10 7 3
41 10 7 38
41 10 7 45
41 10 7 39
41 10 7 9
41 10 7 27
41 10 7 52
41 10 7 12
41 10 7 7
41 10 7 22
41 10 7 41
41 10 7 25
41 10 7 8
41 10 7 28
41 10 7 43
41 10 7 52
41 10 7 5
41 10 7 29
41 10 7 47
41 10 7 33
41 10 8 8
41 10 8 26
41 10 8 42
41 10 8 45
41 10 8 3
41 10 8 39
41 10 8 52
41 10 8 33
41 10 8 6
41 10 8 34
41 10 8 46
41 10 8 14
41 10 8 9
41 10 8 39
41 10 8 45
41 10 8 16
41 10 8 7
41 10 8 38
41 10 8 46
41 10 8 54
41 10 9 10
41 10 9 29
41 10 9 48
41 10 9 53
41 10 9 4
41 10 9 27
41 10 9 42
41 10 9 42
41 10 9 10
41 10 9 32
41 10 9 53
41 10 9 33
41 10 9 5
41 10 9 39
41 10 9 45
41 10 9 19
41 10 9 3
41 10 9 38
41 10 9 50
41 10 9 25
41 10 10 8
41 10 10 39
41 10 10 46
41 10 10 3
41 10 10 9
41 10 10 40
41 10 10 43
41 10 10 52
41 10 10 9
41 10 10 27
41 10 10 53
41 10 10 41
41 10 10 4
41 10 10 20
41 10 10 45
41 10 10 10
41 10 10 3
41 10 10 30
41 10 10 48
41 10 10 19
41 10 11 1
41 10 11 37
41 10 11 46
41 10 11 30
41 10 11 2
41 10 11 41
41 10 11 41
41 10 11 1
41 10 11 10
41 10 11 40
41 10 11 52
41 10 11 13
41 10 11 8
41 10 11 22
41 10 11 54
41 10 11 42
41 10 11 2
41 10 11 32
41 10 11 42
41 10 11 7
41 10 12 1
41 10 12 33
41 10 12 51
41 10 12 34
41 10 12 6
41 10 12 28
41 10 12 44
41 10 12 51
41 10 12 3
41 10 12 36
41 10 12 49
41 10 12 54
41 10 12 2
41 10 12 26
41 10 12 42
41 10 12 37
41 10 12 7
41 10 12 40
41 10 12 49
41 10 12 1
41 10 13 5
41 10 13 36
41 10 13 50
41 10 13 11
41 10 13 6
41 10 13 31
41 10 13 52
41 10 13 16
41 10 13 6
41 10 13 27
41 10 13 46
41 10 13 33
41 10 13 1
41 10 13 38
41 10 13 49
41 10 13 39
41 10 13 5
41 10 13 29
41 10 13 47
41 10 13 29
41 10 14 1
41 10 14 35
41 10 14 51
41 10 14 38
41 10 14 10
41 10 14 35
41 10 14 50
41 10 14 31
41 10 14 1
41 10 14 38
41 10 14 44
41 10 14 15
41 10 14 8
41 10 14 20
41 10 14 47
41 10 14 26
41 10 14 7
41 10 14 35
41 10 14 45
41 10 14 11
41 11 1 4
41 11 1 31
41 11 1 42
41 11 1 30
41 11 1 2
41 11 1 26
41 11 1 47
41 11 1 7
41 11 1 4
41 11 1 35
41 11 1 47
41 11 1 37
41 11 1 2
41 11 1 27
41 11 1 50
41 11 1 14
41 11 1 6
41 11 1 25
41 11 1 52
41 11 1 1
41 11 2 9
41 11 2 23
41 11 2 43
41 11 2 48
41 11 2 2
41 11 2 21
41 11 2 44
41 11 2 8
41 11 2 9
41 11 2 37
41 11 2 41
41 11 2 12
41 11 2 1
41 11 2 35
41 11 2 54
41 11 2 22
41 11 2 8
41 11 2 21
41 11 2 43
41 11 2 20
41 11 3 6
41 11 3 20
41 11 3 47
41 11 3 7
41 11 3 2
41 11 3 21
41 11 3 45
41 11 3 1
41 11 3 9
41 11 3 31
41 11 3 50
41 11 3 24
41 11 3 2
41 11 3 34
41 11 3 43
41 11 3 37
41 11 3 6
41 11 3 21
41 11 3 52
41 11 3 47
41 11 4 10
41 11 4 21
41 11 4 45
41 11 4 29
41 11 4 7
41 11 4 39
41 11 4 48
41 11 4 36
41 11 4 5
41 11 4 31
41 11 4 45
41 11 4 36
41 11 4 1
41 11 4 31
41 11 4 53
41 11 4 50
41 11 4 2
41 11 4 28
41 11 4 53
41 11 4 33
41 11 5 5
41 11 5 26
41 11 5 52
41 11 5 30
41 11 5 9
41 11 5 38
41 11 5 51
41 11 5 54
41 11 5 5
41 11 5 39
41 11 5 45
41 11 5 16
41 11 5 5
41 11 5 28
41 11 5 45
41 11 5 9
41 11 5 5
41 11 5 36
41 11 5 54
41 11 5 17
41 11 6 1
41 11 6 30
41 11 6 48
41 11 6 29
41 11 6 7
41 11 6 25
41 11 6 51
41 11 6 34
41 11 6 6
41 11 6 25
41 11 6 53
41 11 6 9
41 11 6 10
41 11 6 41
41 11 6 49
41 11 6 11
41 11 6 8
41 11 6 41
41 11 6 50
41 11 6 30
41 11 7 5
41 11 7 30
41 11 7 48
41 11 7 3
41 11 7 7
41 11 7 32
41 11 7 42
41 11 7 51
41 11 7 10
41 11 7 22
41 11 7 48
41 11 7 52
41 11 7 5
41 11 7 35
41 11 7 48
41 11 7 42
41 11 7 1
41 11 7 23
41 11 7 49
41 11 7 13
41 11 8 4
41 11 8 26
41 11 8 42
41 11 8 22
41 11 8 5
41 11 8 31
41 11 8 54
41 11 8 11
41 11 8 7
41 11 8 30
41 11 8 44
41 11 8 18
41 11 8 2
41 11 8 34
41 11 8 43
41 11 8 53
41 11 8 2
41 11 8 21
41 11 8 42
41 11 8 25
41 11 9 1
41 11 9 39
41 11 9 52
41 11 9 4
41 11 9 2
41 11 9 40
41 11 9 44
41 11 9 17
41 11 9 1
41 11 9 35
41 11 9 49
41 11 9 24
41 11 9 1
41 11 9 32
41 11 9 53
41 11 9 36
41 11 9 4
41 11 9 32
41 11 9 47
41 11 9 37
41 11 10 9
41 11 10 25
41 11 10 47
41 11 10 14
41 11 10 1
41 11 10 29
41 11 10 46
41 11 10 26
41 11 10 9
41 11 10 26
41 11 10 52
41 11 10 48
41 11 10 6
41 11 10 33
41 11 10 47
41 11 10 23
41 11 10 10
41 11 10 35
41 11 10 48
41 11 10 49
41 11 11 3
41 11 11 27
41 11 11 47
41 11 11 15
41 11 11 2
41 11 11 41
41 11 11 45
41 11 11 22
41 11 11 5
41 11 11 35
41 11 11 44
41 11 11 41
41 11 11 10
41 11 11 40
41 11 11 48
41 11 11 20
41 11 11 10
41 11 11 33
41 11 11 43
41 11 11 4
41 11 12 7
41 11 12 35
41 11 12 49
41 11 12 4
41 11 12 7
41 11 12 35
41 11 12 51
41 11 12 53
41 11 12 10
41 11 12 40
41 11 12 54
41 11 12 4
41 11 12 6
41 11 12 27
41 11 12 51
41 11 12 53
41 11 12 6
41 11 12 38
41 11 12 48
41 11 12 45
41 11 13 3
41 11 13 25
41 11 13 45
41 11 13 28
41 11 13 9
41 11 13 37
41 11 13 47
41 11 13 50
41 11 13 3
41 11 13 30
41 11 13 50
41 11 13 24
41 11 13 1
41 11 13 20
41 11 13 51
41 11 13 20
41 11 13 7
41 11 13 22
41 11 13 45
41 11 13 43
41 11 14 5
41 11 14 25
41 11 14 49
41 11 14 5
41 11 14 8
41 11 14 27
41 11 14 52
41 11 14 31
41 11 14 4
41 11 14 24
41 11 14 46
41 11 14 37
41 11 14 7
41 11 14 20
41 11 14 53
41 11 14 7
41 11 14 10
41 11 14 33
41 11 14 51
41 11 14 54
41 12 1 10
41 12 1 33
41 12 1 44
41 12 1 29
41 12 1 7
41 12 1 41
41 12 1 46
41 12 1 36
41 12 1 9
41 12 1 23
41 12 1 48
41 12 1 23
41 12 1 3
41 12 1 31
41 12 1 46
41 12 1 48
41 12 1 5
41 12 1 29
41 12 1 46
41 12 1 29
41 12 2 10
41 12 2 29
41 12 2 47
41 12 2 41
41 12 2 7
41 12 2 27
41 12 2 48
41 12 2 26
41 12 2 6
41 12 2 41
41 12 2 54
41 12 2 15
41 12 2 6
41 12 2 20
41 12 2 43
41 12 2 21
41 12 2 4
41 12 2 25
41 12 2 49
41 12 2 52
41 12 3 4
41 12 3 20
41 12 3 54
41 12 3 41
41 12 3 8
41 12 3 35
41 12 3 41
41 12 3 50
41 12 3 10
41 12 3 25
41 12 3 52
41 12 3 35
41 12 3 2
41 12 3 40
41 12 3 43
41 12 3 18
41 12 3 4
41 12 3 33
41 12 3 47
41 12 3 19
41 12 4 8
41 12 4 41
41 12 4 46
41 12 4 35
41 12 4 5
41 12 4 24
41 12 4 42
41 12 4 5
41 12 4 4
41 12 4 25
41 12 4 46
41 12 4 14
41 12 4 10
41 12 4 40
41 12 4 50
41 12 4 15
41 12 4 9
41 12 4 24
41 12 4 45
41 12 4 24
41 12 5 4
41 12 5 40
41 12 5 52
41 12 5 53
41 12 5 8
41 12 5 29
41 12 5 48
41 12 5 18
41 12 5 6
41 12 5 34
41 12 5 47
41 12 5 14
41 12 5 7
41 12 5 30
41 12 5 46
41 12 5 54
41 12 5 8
41 12 5 22
41 12 5 43
41 12 5 24
41 12 6 9
41 12 6 38
41 12 6 53
41 12 6 31
41 12 6 2
41 12 6 41
41 12 6 48
41 12 6 10
41 12 6 3
41 12 6 21
41 12 6 42
41 12 6 9
41 12 6 9
41 12 6 36
41 12 6 45
41 12 6 19
41 12 6 2
41 12 6 24
41 12 6 42
41 12 6 52
41 12 7 7
41 12 7 33
41 12 7 42
41 12 7 29
41 12 7 3
41 12 7 20
41 12 7 48
41 12 7 30
41 12 7 4
41 12 7 24
41 12 7 45
41 12 7 23
41 12 7 10
41 12 7 36
41 12 7 48
41 12 7 15
41 12 7 4
41 12 7 40
41 12 7 42
41 12 7 48
41 12 8 8
41 12 8 30
41 12 8 49
41 12 8 26
41 12 8 2
41 12 8 40
41 12 8 52
41 12 8 12
41 12 8 2
41 12 8 22
41 12 8 46
41 12 8 54
41 12 8 10
41 12 8 35
41 12 8 50
41 12 8 20
41 12 8 5
41 12 8 35
41 12 8 48
41 12 8 4
41 12 9 5
41 12 9 39
41 12 9 51
41 12 9 24
41 12 9 10
41 12 9 22
41 12 9 52
41 12 9 37
41 12 9 8
41 12 9 20
41 12 9 44
41 12 9 20
41 12 9 3
41 12 9 32
41 12 9 41
41 12 9 21
41 12 9 1
41 12 9 33
41 12 9 42
41 12 9 43
41 12 10 3
41 12 10 30
41 12 10 43
41 12 10 11
41 12 10 9
41 12 10 31
41 12 10 41
41 12 10 53
41 12 10 4
41 12 10 36
41 12 10 49
41 12 10 21
41 12 10 6
41 12 10 23
41 12 10 48
41 12 10 31
41 12 10 8
41 12 10 37
41 12 10 48
41 12 10 3
41 12 11 7
41 12 11 31
41 12 11 48
41 12 11 34
41 12 11 10
41 12 11 29
41 12 11 54
41 12 11 9
41 12 11 9
41 12 11 28
41 12 11 41
41 12 11 22
41 12 11 2
41 12 11 32
41 12 11 48
41 12 11 50
41 12 11 2
41 12 11 38
41 12 11 41
41 12 11 29
41 12 12 10
41 12 12 28
41 12 12 54
41 12 12 12
41 12 12 3
41 12 12 32
41 12 12 49
41 12 12 31
41 12 12 1
41 12 12 34
41 12 12 47
41 12 12 54
41 12 12 5
41 12 12 36
41 12 12 52
41 12 12 54
41 12 12 7
41 12 12 35
41 12 12 44
41 12 12 23
41 12 13 1
41 12 13 34
41 12 13 49
41 12 13 33
41 12 13 9
41 12 13 29
41 12 13 51
41 12 13 53
41 12 13 3
41 12 13 24
41 12 13 49
41 12 13 26
41 12 13 1
41 12 13 23
41 12 13 54
41 12 13 50
41 12 13 3
41 12 13 25
41 12 13 53
41 12 13 43
41 12 14 2
41 12 14 29
41 12 14 47
41 12 14 52
41 12 14 6
41 12 14 25
41 12 14 47
41 12 14 51
41 12 14 4
41 12 14 32
41 12 14 52
41 12 14 8
41 12 14 6
41 12 14 38
41 12 14 47
41 12 14 9
41 12 14 9
41 12 14 20
41 12 14 44
41 12 14 12
41 13 1 7
41 13 1 30
41 13 1 51
41 13 1 54
41 13 1 10
41 13 1 38
41 13 1 53
41 13 1 45
41 13 1 8
41 13 1 24
41 13 1 54
41 13 1 14
41 13 1 9
41 13 1 28
41 13 1 52
41 13 1 27
41 13 1 6
41 13 1 34
41 13 1 49
41 13 1 48
41 13 2 1
41 13 2 29
41 13 2 47
41 13 2 21
41 13 2 6
41 13 2 22
41 13 2 41
41 13 2 41
41 13 2 2
41 13 2 30
41 13 2 52
41 13 2 22
41 13 2 2
41 13 2 25
41 13 2 41
41 13 2 40
41 13 2 3
41 13 2 20
41 13 2 48
41 13 2 53
41 13 3 10
41 13 3 31
41 13 3 41
41 13 3 34
41 13 3 10
41 13 3 30
41 13 3 46
41 13 3 36
41 13 3 2
41 13 3 32
41 13 3 52
41 13 3 38
41 13 3 4
41 13 3 29
41 13 3 44
41 13 3 30
41 13 3 1
41 13 3 25
41 13 3 46
41 13 3 8
41 13 4 8
41 13 4 28
41 13 4 54
41 13 4 36
41 13 4 9
41 13 4 40
41 13 4 47
41 13 4 50
41 13 4 9
41 13 4 30
41 13 4 47
41 13 4 2
41 13 4 9
41 13 4 22
41 13 4 44
41 13 4 16
41 13 4 1
41 13 4 29
41 13 4 50
41 13 4 11
41 13 5 9
41 13 5 35
41 13 5 49
41 13 5 1
41 13 5 4
41 13 5 23
41 13 5 47
41 13 5 25
41 13 5 1
41 13 5 37
41 13 5 41
41 13 5 40
41 13 5 1
41 13 5 20
41 13 5 45
41 13 5 8
41 13 5 3
41 13 5 32
41 13 5 53
41 13 5 13
41 13 6 10
41 13 6 29
41 13 6 43
41 13 6 37
41 13 6 5
41 13 6 40
41 13 6 47
41 13 6 30
41 13 6 10
41 13 6 32
41 13 6 50
41 13 6 34
41 13 6 4
41 13 6 32
41 13 6 53
41 13 6 1
41 13 6 2
41 13 6 39
41 13 6 54
41 13 6 1
41 13 7 10
41 13 7 41
41 13 7 49
41 13 7 35
41 13 7 1
41 13 7 34
41 13 7 48
41 13 7 24
41 13 7 7
41 13 7 32
41 13 7 45
41 13 7 31
41 13 7 6
41 13 7 20
41 13 7 47
41 13 7 37
41 13 7 1
41 13 7 36
41 13 7 47
41 13 7 27
41 13 8 10
41 13 8 32
41 13 8 49
41 13 8 50
41 13 8 1
41 13 8 29
41 13 8 53
41 13 8 22
41 13 8 2
41 13 8 31
41 13 8 51
41 13 8 8
41 13 8 8
41 13 8 23
41 13 8 49
41 13 8 18
41 13 8 4
41 13 8 28
41 13 8 44
41 13 8 54
41 13 9 3
41 13 9 28
41 13 9 46
41 13 9 8
41 13 9 8
41 13 9 22
41 13 9 44
41 13 9 4
41 13 9 8
41 13 9 31
41 13 9 42
41 13 9 53
41 13 9 1
41 13 9 29
41 13 9 41
41 13 9 6
41 13 9 4
41 13 9 30
41 13 9 50
41 13 9 34
41 13 10 9
41 13 10 39
41 13 10 52
41 13 10 42
41 13 10 8
41 13 10 32
41 13 10 43
41 13 10 29
41 13 10 5
41 13 10 24
41 13 10 43
41 13 10 2
41 13 10 5
41 13 10 23
41 13 10 48
41 13 10 23
41 13 10 2
41 13 10 20
41 13 10 44
41 13 10 27
41 13 11 1
41 13 11 24
41 13 11 48
41 13 11 50
41 13 11 1
41 13 11 25
41 13 11 53
41 13 11 7
41 13 11 6
41 13 11 24
41 13 11 47
41 13 11 42
41 13 11 7
41 13 11 39
41 13 11 52
41 13 11 19
41 13 11 3
41 13 11 22
41 13 11 48
41 13 11 47
41 13 12 9
41 13 12 32
41 13 12 48
41 13 12 24
41 13 12 9
41 13 12 29
41 13 12 47
41 13 12 7
41 13 12 9
41 13 12 39
41 13 12 49
41 13 12 27
41 13 12 8
41 13 12 35
41 13 12 53
41 13 12 51
41 13 12 6
41 13 12 33
41 13 12 42
41 13 12 24
41 13 13 6
41 13 13 30
41 13 13 46
41 13 13 19
41 13 13 10
41 13 13 29
41 13 13 43
41 13 13 38
41 13 13 3
41 13 13 40
41 13 13 50
41 13 13 52
41 13 13 5
41 13 13 24
41 13 13 54
41 13 13 15
41 13 13 2
41 13 13 29
41 13 13 54
41 13 13 47
41 13 14 9
41 13 14 40
41 13 14 51
41 13 14 4
41 13 14 10
41 13 14 26
41 13 14 47
41 13 14 17
41 13 14 1
41 13 14 36
41 13 14 45
41 13 14 8
41 13 14 10
41 13 14 27
41 13 14 41
41 13 14 29
41 13 14 5
41 13 14 37
41 13 14 47
41 13 14 35
41 14 1 1
41 14 1 34
41 14 1 41
41 14 1 36
41 14 1 5
41 14 1 33
41 14 1 52
41 14 1 40
41 14 1 4
41 14 1 24
41 14 1 47
41 14 1 29
41 14 1 10
41 14 1 38
41 14 1 43
41 14 1 1
41 14 1 4
41 14 1 31
41 14 1 44
41 14 1 38
41 14 2 5
41 14 2 39
41 14 2 41
41 14 2 6
41 14 2 8
41 14 2 26
41 14 2 44
41 14 2 31
41 14 2 4
41 14 2 38
41 14 2 41
41 14 2 14
41 14 2 10
41 14 2 31
41 14 2 53
41 14 2 25
41 14 2 3
41 14 2 36
41 14 2 49
41 14 2 53
41 14 3 9
41 14 3 27
41 14 3 43
41 14 3 45
41 14 3 3
41 14 3 29
41 14 3 42
41 14 3 25
41 14 3 10
41 14 3 40
41 14 3 50
41 14 3 26
41 14 3 3
41 14 3 38
41 14 3 48
41 14 3 39
41 14 3 10
41 14 3 33
41 14 3 49
41 14 3 42
41 14 4 1
41 14 4 29
41 14 4 54
41 14 4 9
41 14 4 5
41 14 4 27
41 14 4 54
41 14 4 42
41 14 4 3
41 14 4 21
41 14 4 45
41 14 4 23
41 14 4 10
41 14 4 39
41 14 4 47
41 14 4 45
41 14 4 5
41 14 4 24
41 14 4 49
41 14 4 46
41 14 5 6
41 14 5 28
41 14 5 52
41 14 5 9
41 14 5 9
41 14 5 22
41 14 5 50
41 14 5 27
41 14 5 6
41 14 5 40
41 14 5 43
41 14 5 28
41 14 5 7
41 14 5 26
41 14 5 47
41 14 5 21
41 14 5 9
41 14 5 38
41 14 5 44
41 14 5 38
41 14 6 6
41 14 6 21
41 14 6 53
41 14 6 36
41 14 6 6
41 14 6 22
41 14 6 41
41 14 6 20
41 14 6 10
41 14 6 32
41 14 6 49
41 14 6 35
41 14 6 10
41 14 6 37
41 14 6 43
41 14 6 26
41 14 6 6
41 14 6 41
41 14 6 52
41 14 6 49
41 14 7 9
41 14 7 23
41 14 7 45
41 14 7 1
41 14 7 6
41 14 7 38
41 14 7 43
41 14 7 5
41 14 7 10
41 14 7 21
41 14 7 53
41 14 7 42
41 14 7 3
41 14 7 25
41 14 7 54
41 14 7 3
41 14 7 8
41 14 7 41
41 14 7 46
41 14 7 52
41 14 8 7
41 14 8 32
41 14 8 45
41 14 8 51
41 14 8 8
41 14 8 31
41 14 8 52
41 14 8 41
41 14 8 9
41 14 8 35
41 14 8 53
41 14 8 45
41 14 8 8
41 14 8 34
41 14 8 42
41 14 8 47
41 14 8 3
41 14 8 29
41 14 8 41
41 14 8 27
41 14 9 2
41 14 9 24
41 14 9 41
41 14 9 18
41 14 9 5
41 14 9 38
41 14 9 48
41 14 9 17
41 14 9 2
41 14 9 37
41 14 9 44
41 14 9 39
41 14 9 8
41 14 9 24
41 14 9 51
41 14 9 29
41 14 9 8
41 14 9 23
41 14 9 43
41 14 9 54
41 14 10 5
41 14 10 22
41 14 10 52
41 14 10 35
41 14 10 2
41 14 10 31
41 14 10 52
41 14 10 27
41 14 10 9
41 14 10 24
41 14 10 48
41 14 10 50
41 14 10 5
41 14 10 39
41 14 10 44
41 14 10 10
41 14 10 3
41 14 10 26
41 14 10 52
41 14 10 48
41 14 11 9
41 14 11 21
41 14 11 42
41 14 11 18
41 14 11 5
41 14 11 32
41 14 11 41
41 14 11 11
41 14 11 9
41 14 11 35
41 14 11 52
41 14 11 39
41 14 11 8
41 14 11 38
41 14 11 50
41 14 11 36
41 14 11 1
41 14 11 25
41 14 11 47
41 14 11 43
41 14 12 10
41 14 12 31
41 14 12 54
41 14 12 13
41 14 12 1
41 14 12 38
41 14 12 52
41 14 12 38
41 14 12 8
41 14 12 33
41 14 12 43
41 14 12 19
41 14 12 5
41 14 12 32
41 14 12 54
41 14 12 2
41 14 12 6
41 14 12 34
41 14 12 52
41 14 12 13
41 14 13 6
41 14 13 35
41 14 13 49
41 14 13 4
41 14 13 3
41 14 13 30
41 14 13 45
41 14 13 23
41 14 13 6
41 14 13 36
41 14 13 44
41 14 13 41
41 14 13 5
41 14 13 32
41 14 13 49
41 14 13 36
41 14 13 7
41 14 13 34
41 14 13 47
41 14 13 31
41 14 14 1
41 14 14 34
41 14 14 44
41 14 14 3
41 14 14 10
41 14 14 36
41 14 14 50
41 14 14 36
41 14 14 6
41 14 14 27
41 14 14 45
41 14 14 10
41 14 14 9
41 14 14 29
41 14 14 46
41 14 14 53
41 14 14 5
41 14 14 26
41 14 14 43
41 14 14 53
43 1 1 1
43 1 1 25
43 1 1 44
43 1 1 13
43 1 1 10
43 1 1 25
43 1 1 53
43 1 1 40
43 1 1 5
43 1 1 25
43 1 1 56
43 1 1 46
43 1 1 3
43 1 1 41
43 1 1 54
43 1 1 14
43 1 1 7
43 1 1 32
43 1 1 53
43 1 1 20
43 1 2 9
43 1 2 31
43 1 2 50
43 1 2 52
43 1 2 3
43 1 2 22
43 1 2 53
43 1 2 55
43 1 2 2
43 1 2 35
43 1 2 53
43 1 2 3
43 1 2 7
43 1 2 25
43 1 2 51
43 1 2 19
43 1 2 10
43 1 2 42
43 1 2 56
43 1 2 20
43 1 3 6
43 1 3 32
43 1 3 44
43 1 3 55
43 1 3 7
43 1 3 31
43 1 3 43
43 1 3 19
43 1 3 8
43 1 3 21
43 1 3 44
43 1 3 26
43 1 3 4
43 1 3 31
43 1 3 53
43 1 3 31
43 1 3 2
43 1 3 36
43 1 3 45
43 1 3 23
43 1 4 6
43 1 4 36
43 1 4 55
43 1 4 25
43 1 4 6
43 1 4 29
43 1 4 54
43 1 4 6
43 1 4 10
43 1 4 32
43 1 4 51
43 1 4 55
43 1 4 5
43 1 4 35
43 1 4 48
43 1 4 32
43 1 4 6
43 1 4 22
43 1 4 54
43 1 4 22
43 1 5 5
43 1 5 42
43 1 5 44
43 1 5 19
43 1 5 10
43 1 5 33
43 1 5 55
43 1 5 27
43 1 5 9
43 1 5 22
43 1 5 47
43 1 5 35
43 1 5 8
43 1 5 35
43 1 5 49
43 1 5 38
43 1 5 2
43 1 5 29
43 1 5 54
43 1 5 18
43 1 6 7
43 1 6 29
43 1 6 52
43 1 6 43
43 1 6 10
43 1 6 27
43 1 6 43
43 1 6 43
43 1 6 1
43 1 6 39
43 1 6 51
43 1 6 43
43 1 6 2
43 1 6 30
43 1 6 45
43 1 6 35
43 1 6 6
43 1 6 40
43 1 6 52
43 1 6 34
43 1 7 2
43 1 7 22
43 1 7 44
43 1 7 2
43 1 7 4
43 1 7 42
43 1 7 43
43 1 7 25
43 1 7 6
43 1 7 36
43 1 7 52
43 1 7 47
43 1 7 5
43 1 7 24
43 1 7 48
43 1 7 3
43 1 7 1
43 1 7 37
43 1 7 53
43 1 7 53
43 1 8 3
43 1 8 38
43 1 8 53
43 1 8 29
43 1 8 9
43 1 8 28
43 1 8 44
43 1 8 50
43 1 8 2
43 1 8 37
43 1 8 43
43 1 8 41
43 1 8 8
43 1 8 34
43 1 8 48
43 1 8 7
43 1 8 10
43 1 8 41
43 1 8 56
43 1 8 46
43 1 9 1
43 1 9 24
43 1 9 54
43 1 9 54
43 1 9 1
43 1 9 34
43 1 9 45
43 1 9 33
43 1 9 8
43 1 9 41
43 1 9 45
43 1 9 32
43 1 9 2
43 1 9 23
43 1 9 54
43 1 9 48
43 1 9 7
43 1 9 34
43 1 9 55
43 1 9 41
43 1 10 9
43 1 10 32
43 1 10 51
43 1 10 44
43 1 10 3
43 1 10 31
43 1 10 53
43 1 10 16
43 1 10 2
43 1 10 25
43 1 10 47
43 1 10 19
43 1 10 7
43 1 10 41
43 1 10 47
43 1 10 7
43 1 10 7
43 1 10 40
43 1 10 55
43 1 10 25
43 1 11 1
43 1 11 39
43 1 11 54
43 1 11 44
43 1 11 5
43 1 11 42
43 1 11 45
43 1 11 48
43 1 11 4
43 1 11 42
43 1 11 47
43 1 11 52
43 1 11 10
43 1 11 28
43 1 11 51
43 1 11 29
43 1 11 9
43 1 11 33
43 1 11 55
43 1 11 21
43 1 12 1
43 1 12 34
43 1 12 50
43 1 12 27
43 1 12 5
43 1 12 24
43 1 12 52
43 1 12 46
43 1 12 9
43 1 12 43
43 1 12 47
43 1 12 23
43 1 12 10
43 1 12 36
43 1 12 48
43 1 12 2
43 1 12 7
43 1 12 23
43 1 12 56
43 1 12 36
43 1 13 5
43 1 13 41
43 1 13 56
43 1 13 17
43 1 13 2
43 1 13 21
43 1 13 52
43 1 13 31
43 1 13 9
43 1 13 22
43 1 13 46
43 1 13 6
43 1 13 8
43 1 13 29
43 1 13 52
43 1 13 47
43 1 13 2
43 1 13 28
43 1 13 50
43 1 13 15
43 1 14 1
43 1 14 38
43 1 14 45
43 1 14 13
43 1 14 8
43 1 14 22
43 1 14 43
43 1 14 56
43 1 14 4
43 1 14 27
43 1 14 55
43 1 14 17
43 1 14 4
43 1 14 37
43 1 14 44
43 1 14 10
43 1 14 1
43 1 14 24
43 1 14 52
43 1 14 47
43 2 1 1
43 2 1 25
43 2 1 43
43 2 1 49
43 2 1 2
43 2 1 34
43 2 1 53
43 2 1 11
43 2 1 1
43 2 1 39
43 2 1 46
43 2 1 56
43 2 1 1
43 2 1 31
43 2 1 45
43 2 1 9
43 2 1 7
43 2 1 28
43 2 1 47
43 2 1 20
43 2 2 1
43 2 2 27
43 2 2 43
43 2 2 55
43 2 2 3
43 2 2 30
43 2 2 48
43 2 2 11
43 2 2 5
43 2 2 32
43 2 2 49
43 2 2 47
43 2 2 2
43 2 2 41
43 2 2 43
43 2 2 15
43 2 2 5
43 2 2 39
43 2 2 55
43 2 2 16
43 2 3 2
43 2 3 33
43 2 3 53
43 2 3 22
43 2 3 4
43 2 3 35
43 2 3 46
43 2 3 4
43 2 3 7
43 2 3 29
43 2 3 46
43 2 3 6
43 2 3 9
43 2 3 31
43 2 3 43
43 2 3 28
43 2 3 1
43 2 3 36
43 2 3 48
43 2 3 49
43 2 4 1
43 2 4 35
43 2 4 55
43 2 4 18
43 2 4 3
43 2 4 29
43 2 4 50
43 2 4 1
43 2 4 7
43 2 4 35
43 2 4 51
43 2 4 54
43 2 4 3
43 2 4 43
43 2 4 44
43 2 4 47
43 2 4 1
43 2 4 24
43 2 4 45
43 2 4 48
43 2 5 9
43 2 5 34
43 2 5 53
43 2 5 45
43 2 5 7
43 2 5 43
43 2 5 52
43 2 5 22
43 2 5 10
43 2 5 37
43 2 5 55
43 2 5 9
43 2 5 6
43 2 5 31
43 2 5 45
43 2 5 56
43 2 5 5
43 2 5 26
43 2 5 54
43 2 5 35
43 2 6 2
43 2 6 33
43 2 6 52
43 2 6 46
43 2 6 1
43 2 6 34
43 2 6 55
43 2 6 1
43 2 6 2
43 2 6 35
43 2 6 54
43 2 6 45
43 2 6 8
43 2 6 37
43 2 6 47
43 2 6 20
43 2 6 1
43 2 6 40
43 2 6 55
43 2 6 48
43 2 7 5
43 2 7 23
43 2 7 50
43 2 7 22
43 2 7 3
43 2 7 33
43 2 7 55
43 2 7 47
43 2 7 6
43 2 7 30
43 2 7 54
43 2 7 10
43 2 7 8
43 2 7 41
43 2 7 51
43 2 7 7
43 2 7 3
43 2 7 29
43 2 7 49
43 2 7 5
43 2 8 9
43 2 8 27
43 2 8 50
43 2 8 41
43 2 8 4
43 2 8 40
43 2 8 55
43 2 8 16
43 2 8 3
43 2 8 43
43 2 8 49
43 2 8 4
43 2 8 1
43 2 8 26
43 2 8 56
43 2 8 15
43 2 8 2
43 2 8 25
43 2 8 51
43 2 8 1
43 2 9 5
43 2 9 27
43 2 9 49
43 2 9 19
43 2 9 6
43 2 9 43
43 2 9 43
43 2 9 10
43 2 9 8
43 2 9 32
43 2 9 44
43 2 9 5
43 2 9 8
43 2 9 25
43 2 9 51
43 2 9 33
43 2 9 4
43 2 9 26
43 2 9 52
43 2 9 22
43 2 10 6
43 2 10 21
43 2 10 43
43 2 10 30
43 2 10 6
43 2 10 34
43 2 10 55
43 2 10 52
43 2 10 7
43 2 10 22
43 2 10 52
43 2 10 54
43 2 10 4
43 2 10 23
43 2 10 48
43 2 10 13
43 2 10 2
43 2 10 33
43 2 10 49
43 2 10 14
43 2 11 2
43 2 11 26
43 2 11 55
43 2 11 11
43 2 11 7
43 2 11 36
43 2 11 43
43 2 11 32
43 2 11 4
43 2 11 34
43 2 11 56
43 2 11 21
43 2 11 8
43 2 11 22
43 2 11 50
43 2 11 29
43 2 11 6
43 2 11 40
43 2 11 48
43 2 11 46
43 2 12 9
43 2 12 28
43 2 12 48
43 2 12 50
43 2 12 8
43 2 12 43
43 2 12 47
43 2 12 40
43 2 12 3
43 2 12 32
43 2 12 50
43 2 12 20
43 2 12 2
43 2 12 37
43 2 12 48
43 2 12 23
43 2 12 2
43 2 12 43
43 2 12 56
43 2 12 52
43 2 13 8
43 2 13 39
43 2 13 47
43 2 13 33
43 2 13 2
43 2 13 38
43 2 13 54
43 2 13 3
43 2 13 5
43 2 13 22
43 2 13 47
43 2 13 55
43 2 13 4
43 2 13 36
43 2 13 44
43 2 13 25
43 2 13 4
43 2 13 36
43 2 13 56
43 2 13 17
43 2 14 3
43 2 14 32
43 2 14 50
43 2 14 21
43 2 14 7
43 2 14 41
43 2 14 43
43 2 14 28
43 2 14 5
43 2 14 40
43 2 14 50
43 2 14 55
43 2 14 7
43 2 14 38
43 2 14 52
43 2 14 3
43 2 14 10
43 2 14 25
43 2 14 47
43 2 14 44
43 3 1 6
43 3 1 38
43 3 1 48
43 3 1 50
43 3 1 4
43 3 1 25
43 3 1 54
43 3 1 33
43 3 1 3
43 3 1 35
43 3 1 45
43 3 1 22
43 3 1 3
43 3 1 21
43 3 1 56
43 3 1 23
43 3 1 4
43 3 1 41
43 3 1 43
43 3 1 49
43 3 2 10
43 3 2 21
43 3 2 49
43 3 2 49
43 3 2 2
43 3 2 29
43 3 2 48
43 3 2 33
43 3 2 8
43 3 2 37
43 3 2 50
43 3 2 52
43 3 2 9
43 3 2 31
43 3 2 49
43 3 2 4
43 3 2 1
43 3 2 39
43 3 2 46
43 3 2 14
43 3 3 1
43 3 3 35
43 3 3 56
43 3 3 23
43 3 3 10
43 3 3 28
43 3 3 56
43 3 3 22
43 3 3 2
43 3 3 28
43 3 3 55
43 3 3 10
43 3 3 10
43 3 3 26
43 3 3 49
43 3 3 19
43 3 3 2
43 3 3 29
43 3 3 45
43 3 3 52
43 3 4 3
43 3 4 38
43 3 4 56
43 3 4 44
43 3 4 4
43 3 4 35
43 3 4 50
43 3 4 9
43 3 4 4
43 3 4 43
43 3 4 53
43 3 4 4
43 3 4 7
43 3 4 34
43 3 4 54
43 3 4 45
43 3 4 10
43 3 4 32
43 3 4 51
43 3 4 51
43 3 5 10
43 3 5 31
43 3 5 49
43 3 5 48
43 3 5 5
43 3 5 34
43 3 5 54
43 3 5 49
43 3 5 9
43 3 5 33
43 3 5 46
43 3 5 14
43 3 5 1
43 3 5 26
43 3 5 43
43 3 5 11
43 3 5 8
43 3 5 37
43 3 5 45
43 3 5 15
43 3 6 2
43 3 6 40
43 3 6 55
43 3 6 42
43 3 6 6
43 3 6 24
43 3 6 44
43 3 6 48
43 3 6 1
43 3 6 42
43 3 6 50
43 3 6 26
43 3 6 3
43 3 6 30
43 3 6 53
43 3 6 33
43 3 6 6
43 3 6 28
43 3 6 46
43 3 6 38
43 3 7 9
43 3 7 21
43 3 7 50
43 3 7 26
43 3 7 10
43 3 7 28
43 3 7 48
43 3 7 26
43 3 7 10
43 3 7 23
43 3 7 45
43 3 7 41
43 3 7 5
43 3 7 33
43 3 7 52
43 3 7 8
43 3 7 8
43 3 7 37
43 3 7 55
43 3 7 11
43 3 8 10
43 3 8 32
43 3 8 49
43 3 8 54
43 3 8 5
43 3 8 33
43 3 8 55
43 3 8 48
43 3 8 7
43 3 8 40
43 3 8 47
43 3 8 44
43 3 8 10
43 3 8 43
43 3 8 56
43 3 8 4
43 3 8 3
43 3 8 42
43 3 8 56
43 3 8 52
43 3 9 3
43 3 9 29
43 3 9 56
43 3 9 6
43 3 9 9
43 3 9 41
43 3 9 44
43 3 9 13
43 3 9 6
43 3 9 30
43 3 9 50
43 3 9 47
43 3 9 1
43 3 9 33
43 3 9 53
43 3 9 41
43 3 9 6
43 3 9 36
43 3 9 50
43 3 9 17
43 3 10 8
43 3 10 30
43 3 10 51
43 3 10 7
43 3 10 5
43 3 10 34
43 3 10 55
43 3 10 17
43 3 10 1
43 3 10 38
43 3 10 44
43 3 10 50
43 3 10 6
43 3 10 31
43 3 10 46
43 3 10 31
43 3 10 6
43 3 10 25
43 3 10 51
43 3 10 16
43 3 11 4
43 3 11 23
43 3 11 48
43 3 11 11
43 3 11 5
43 3 11 42
43 3 11 56
43 3 11 48
43 3 11 2
43 3 11 38
43 3 11 56
43 3 11 16
43 3 11 5
43 3 11 24
43 3 11 44
43 3 11 36
43 3 11 10
43 3 11 33
43 3 11 48
43 3 11 51
43 3 12 7
43 3 12 29
43 3 12 44
43 3 12 41
43 3 12 6
43 3 12 34
43 3 12 51
43 3 12 28
43 3 12 8
43 3 12 33
43 3 12 53
43 3 12 5
43 3 12 4
43 3 12 40
43 3 12 47
43 3 12 40
43 3 12 4
43 3 12 38
43 3 12 51
43 3 12 56
43 3 13 7
43 3 13 23
43 3 13 53
43 3 13 3
43 3 13 2
43 3 13 35
43 3 13 45
43 3 13 23
43 3 13 9
43 3 13 23
43 3 13 55
43 3 13 54
43 3 13 10
43 3 13 24
43 3 13 46
43 3 13 26
43 3 13 1
43 3 13 24
43 3 13 45
43 3 13 37
43 3 14 10
43 3 14 30
43 3 14 44
43 3 14 21
43 3 14 10
43 3 14 23
43 3 14 46
43 3 14 28
43 3 14 5
43 3 14 38
43 3 14 53
43 3 14 56
43 3 14 7
43 3 14 33
43 3 14 55
43 3 14 32
43 3 14 5
43 3 14 25
43 3 14 48
43 3 14 37
43 4 1 9
43 4 1 41
43 4 1 47
43 4 1 24
43 4 1 9
43 4 1 21
43 4 1 48
43 4 1 47
43 4 1 5
43 4 1 43
43 4 1 44
43 4 1 17
43 4 1 6
43 4 1 37
43 4 1 46
43 4 1 18
43 4 1 3
43 4 1 23
43 4 1 49
43 4 1 5
43 4 2 6
43 4 2 37
43 4 2 54
43 4 2 48
43 4 2 9
43 4 2 29
43 4 2 48
43 4 2 27
43 4 2 3
43 4 2 43
43 4 2 53
43 4 2 29
43 4 2 10
43 4 2 31
43 4 2 50
43 4 2 37
43 4 2 1
43 4 2 32
43 4 2 54
43 4 2 24
43 4 3 2
43 4 3 40
43 4 3 48
43 4 3 17
43 4 3 10
43 4 3 25
43 4 3 49
43 4 3 52
43 4 3 7
43 4 3 43
43 4 3 54
43 4 3 26
43 4 3 8
43 4 3 40
43 4 3 53
43 4 3 28
43 4 3 6
43 4 3 33
43 4 3 53
43 4 3 51
43 4 4 1
43 4 4 23
43 4 4 46
43 4 4 24
43 4 4 10
43 4 4 21
43 4 4 54
43 4 4 55
43 4 4 8
43 4 4 40
43 4 4 53
43 4 4 31
43 4 4 8
43 4 4 21
43 4 4 48
43 4 4 18
43 4 4 10
43 4 4 42
43 4 4 55
43 4 4 14
43 4 5 2
43 4 5 22
43 4 5 48
43 4 5 32
43 4 5 5
43 4 5 39
43 4 5 45
43 4 5 19
43 4 5 6
43 4 5 22
43 4 5 54
43 4 5 36
43 4 5 6
43 4 5 42
43 4 5 49
43 4 5 36
43 4 5 8
43 4 5 21
43 4 5 48
43 4 5 9
43 4 6 5
43 4 6 35
43 4 6 50
43 4 6 37
43 4 6 4
43 4 6 40
43 4 6 45
43 4 6 25
43 4 6 6
43 4 6 37
43 4 6 49
43 4 6 35
43 4 6 2
43 4 6 34
43 4 6 44
43 4 6 17
43 4 6 7
43 4 6 24
43 4 6 43
43 4 6 4
43 4 7 3
43 4 7 33
43 4 7 56
43 4 7 14
43 4 7 2
43 4 7 35
43 4 7 48
43 4 7 41
43 4 7 4
43 4 7 28
43 4 7 50
43 4 7 41
43 4 7 10
43 4 7 37
43 4 7 51
43 4 7 30
43 4 7 1
43 4 7 23
43 4 7 46
43 4 7 37
43 4 8 8
43 4 8 32
43 4 8 47
43 4 8 13
43 4 8 10
43 4 8 22
43 4 8 49
43 4 8 32
43 4 8 9
43 4 8 32
43 4 8 51
43 4 8 51
43 4 8 10
43 4 8 41
43 4 8 49
43 4 8 56
43 4 8 8
43 4 8 38
43 4 8 48
43 4 8 26
43 4 9 9
43 4 9 32
43 4 9 55
43 4 9 43
43 4 9 3
43 4 9 24
43 4 9 56
43 4 9 33
43 4 9 2
43 4 9 39
43 4 9 50
43 4 9 14
43 4 9 1
43 4 9 22
43 4 9 47
43 4 9 33
43 4 9 3
43 4 9 29
43 4 9 43
43 4 9 28
43 4 10 5
43 4 10 34
43 4 10 50
43 4 10 19
43 4 10 2
43 4 10 22
43 4 10 56
43 4 10 52
43 4 10 7
43 4 10 42
43 4 10 46
43 4 10 12
43 4 10 5
43 4 10 30
43 4 10 56
43 4 10 14
43 4 10 7
43 4 10 27
43 4 10 48
43 4 10 20
43 4 11 10
43 4 11 22
43 4 11 44
43 4 11 20
43 4 11 7
43 4 11 43
43 4 11 52
43 4 11 35
43 4 11 6
43 4 11 26
43 4 11 47
43 4 11 26
43 4 11 3
43 4 11 24
43 4 11 56
43 4 11 44
43 4 11 6
43 4 11 36
43 4 11 50
43 4 11 38
43 4 12 4
43 4 12 30
43 4 12 52
43 4 12 25
43 4 12 9
43 4 12 24
43 4 12 43
43 4 12 46
43 4 12 4
43 4 12 23
43 4 12 54
43 4 12 50
43 4 12 5
43 4 12 25
43 4 12 54
43 4 12 55
43 4 12 5
43 4 12 22
43 4 12 51
43 4 12 10
43 4 13 2
43 4 13 42
43 4 13 46
43 4 13 40
43 4 13 8
43 4 13 40
43 4 13 50
43 4 13 37
43 4 13 8
43 4 13 38
43 4 13 50
43 4 13 3
43 4 13 5
43 4 13 24
43 4 13 44
43 4 13 13
43 4 13 3
43 4 13 23
43 4 13 51
43 4 13 2
43 4 14 10
43 4 14 35
43 4 14 47
43 4 14 29
43 4 14 8
43 4 14 29
43 4 14 52
43 4 14 22
43 4 14 2
43 4 14 31
43 4 14 55
43 4 14 15
43 4 14 2
43 4 14 27
43 4 14 45
43 4 14 51
43 4 14 7
43 4 14 41
43 4 14 56
43 4 14 52
43 5 1 3
43 5 1 24
43 5 1 54
43 5 1 18
43 5 1 4
43 5 1 29
43 5 1 48
43 5 1 47
43 5 1 6
43 5 1 32
43 5 1 48
43 5 1 11
43 5 1 7
43 5 1 38
43 5 1 47
43 5 1 48
43 5 1 7
43 5 1 22
43 5 1 54
43 5 1 4
43 5 2 3
43 5 2 21
43 5 2 46
43 5 2 25
43 5 2 4
43 5 2 37
43 5 2 52
43 5 2 24
43 5 2 6
43 5 2 39
43 5 2 55
43 5 2 29
43 5 2 9
43 5 2 34
43 5 2 54
43 5 2 26
43 5 2 4
43 5 2 30
43 5 2 56
43 5 2 33
43 5 3 3
43 5 3 41
43 5 3 54
43 5 3 28
43 5 3 5
43 5 3 41
43 5 3 51
43 5 3 43
43 5 3 2
43 5 3 43
43 5 3 51
43 5 3 8
43 5 3 6
43 5 3 39
43 5 3 52
43 5 3 26
43 5 3 8
43 5 3 38
43 5 3 52
43 5 3 55
43 5 4 5
43 5 4 40
43 5 4 44
43 5 4 10
43 5 4 3
43 5 4 25
43 5 4 51
43 5 4 45
43 5 4 4
43 5 4 30
43 5 4 45
43 5 4 16
43 5 4 9
43 5 4 25
43 5 4 54
43 5 4 23
43 5 4 6
43 5 4 32
43 5 4 47
43 5 4 55
43 5 5 6
43 5 5 21
43 5 5 45
43 5 5 40
43 5 5 4
43 5 5 21
43 5 5 48
43 5 5 20
43 5 5 7
43 5 5 39
43 5 5 43
43 5 5 44
43 5 5 3
43 5 5 40
43 5 5 47
43 5 5 28
43 5 5 1
43 5 5 26
43 5 5 49
43 5 5 28
43 5 6 5
43 5 6 33
43 5 6 44
43 5 6 44
43 5 6 5
43 5 6 41
43 5 6 53
43 5 6 49
43 5 6 7
43 5 6 33
43 5 6 53
43 5 6 6
43 5 6 7
43 5 6 30
43 5 6 48
43 5 6 55
43 5 6 4
43 5 6 38
43 5 6 45
43 5 6 15
43 5 7 4
43 5 7 38
43 5 7 49
43 5 7 42
43 5 7 9
43 5 7 40
43 5 7 54
43 5 7 21
43 5 7 5
43 5 7 41
43 5 7 54
43 5 7 6
43 5 7 1
43 5 7 26
43 5 7 55
43 5 7 53
43 5 7 4
43 5 7 28
43 5 7 44
43 5 7 27
43 5 8 8
43 5 8 25
43 5 8 49
43 5 8 45
43 5 8 10
43 5 8 28
43 5 8 54
43 5 8 9
43 5 8 1
43 5 8 29
43 5 8 44
43 5 8 13
43 5 8 3
43 5 8 36
43 5 8 43
43 5 8 11
43 5 8 2
43 5 8 37
43 5 8 47
43 5 8 26
43 5 9 10
43 5 9 40
43 5 9 43
43 5 9 14
43 5 9 5
43 5 9 25
43 5 9 54
43 5 9 13
43 5 9 1
43 5 9 37
43 5 9 55
43 5 9 49
43 5 9 10
43 5 9 41
43 5 9 46
43 5 9 52
43 5 9 5
43 5 9 43
43 5 9 55
43 5 9 45
43 5 10 1
43 5 10 26
43 5 10 45
43 5 10 10
43 5 10 4
43 5 10 26
43 5 10 53
43 5 10 7
43 5 10 5
43 5 10 40
43 5 10 51
43 5 10 5
43 5 10 6
43 5 10 25
43 5 10 49
43 5 10 23
43 5 10 6
43 5 10 32
43 5 10 53
43 5 10 49
43 5 11 4
43 5 11 42
43 5 11 45
43 5 11 52
43 5 11 10
43 5 11 25
43 5 11 55
43 5 11 25
43 5 11 8
43 5 11 22
43 5 11 49
43 5 11 44
43 5 11 5
43 5 11 21
43 5 11 44
43 5 11 19
43 5 11 3
43 5 11 34
43 5 11 49
43 5 11 12
43 5 12 1
43 5 12 30
43 5 12 51
43 5 12 44
43 5 12 6
43 5 12 30
43 5 12 51
43 5 12 48
43 5 12 9
43 5 12 37
43 5 12 48
43 5 12 13
43 5 12 9
43 5 12 42
43 5 12 54
43 5 12 39
43 5 12 1
43 5 12 23
43 5 12 55
43 5 12 56
43 5 13 1
43 5 13 31
43 5 13 50
43 5 13 52
43 5 13 4
43 5 13 33
43 5 13 46
43 5 13 29
43 5 13 4
43 5 13 32
43 5 13 49
43 5 13 11
43 5 13 4
43 5 13 32
43 5 13 46
43 5 13 34
43 5 13 10
43 5 13 27
43 5 13 43
43 5 13 15
43 5 14 4
43 5 14 30
43 5 14 53
43 5 14 28
43 5 14 6
43 5 14 32
43 5 14 48
43 5 14 6
43 5 14 2
43 5 14 39
43 5 14 48
43 5 14 22
43 5 14 3
43 5 14 31
43 5 14 49
43 5 14 38
43 5 14 10
43 5 14 23
43 5 14 56
43 5 14 38
43 6 1 9
43 6 1 34
43 6 1 54
43 6 1 18
43 6 1 10
43 6 1 27
43 6 1 53
43 6 1 10
43 6 1 6
43 6 1 25
43 6 1 44
43 6 1 38
43 6 1 9
43 6 1 39
43 6 1 54
43 6 1 54
43 6 1 1
43 6 1 31
43 6 1 46
43 6 1 28
43 6 2 7
43 6 2 24
43 6 2 49
43 6 2 52
43 6 2 8
43 6 2 29
43 6 2 48
43 6 2 29
43 6 2 5
43 6 2 42
43 6 2 46
43 6 2 23
43 6 2 7
43 6 2 34
43 6 2 46
43 6 2 27
43 6 2 3
43 6 2 40
43 6 2 49
43 6 2 32
43 6 3 1
43 6 3 30
43 6 3 51
43 6 3 4
43 6 3 8
43 6 3 31
43 6 3 47
43 6 3 31
43 6 3 5
43 6 3 36
43 6 3 43
43 6 3 42
43 6 3 6
43 6 3 23
43 6 3 46
43 6 3 42
43 6 3 10
43 6 3 40
43 6 3 52
43 6 3 53
43 6 4 3
43 6 4 28
43 6 4 50
43 6 4 29
43 6 4 3
43 6 4 30
43 6 4 47
43 6 4 14
43 6 4 4
43 6 4 31
43 6 4 46
43 6 4 7
43 6 4 2
43 6 4 35
43 6 4 53
43 6 4 50
43 6 4 1
43 6 4 27
43 6 4 44
43 6 4 53
43 6 5 6
43 6 5 38
43 6 5 48
43 6 5 43
43 6 5 7
43 6 5 42
43 6 5 54
43 6 5 24
43 6 5 3
43 6 5 27
43 6 5 43
43 6 5 30
43 6 5 2
43 6 5 33
43 6 5 46
43 6 5 38
43 6 5 10
43 6 5 34
43 6 5 51
43 6 5 45
43 6 6 5
43 6 6 38
43 6 6 46
43 6 6 7
43 6 6 9
43 6 6 29
43 6 6 49
43 6 6 23
43 6 6 6
43 6 6 30
43 6 6 45
43 6 6 42
43 6 6 3
43 6 6 32
43 6 6 50
43 6 6 1
43 6 6 4
43 6 6 22
43 6 6 54
43 6 6 28
43 6 7 2
43 6 7 22
43 6 7 49
43 6 7 26
43 6 7 6
43 6 7 21
43 6 7 43
43 6 7 32
43 6 7 2
43 6 7 27
43 6 7 54
43 6 7 23
43 6 7 2
43 6 7 43
43 6 7 47
43 6 7 48
43 6 7 1
43 6 7 26
43 6 7 48
43 6 7 3
43 6 8 1
43 6 8 34
43 6 8 49
43 6 8 47
43 6 8 9
43 6 8 38
43 6 8 53
43 6 8 37
43 6 8 3
43 6 8 43
43 6 8 43
43 6 8 44
43 6 8 1
43 6 8 42
43 6 8 56
43 6 8 31
43 6 8 4
43 6 8 33
43 6 8 48
43 6 8 45
43 6 9 8
43 6 9 29
43 6 9 48
43 6 9 1
43 6 9 8
43 6 9 27
43 6 9 55
43 6 9 9
43 6 9 7
43 6 9 37
43 6 9 44
43 6 9 15
43 6 9 9
43 6 9 26
43 6 9 50
43 6 9 37
43 6 9 9
43 6 9 38
43 6 9 43
43 6 9 40
43 6 10 8
43 6 10 42
43 6 10 45
43 6 10 18
43 6 10 10
43 6 10 37
43 6 10 52
43 6 10 43
43 6 10 7
43 6 10 26
43 6 10 43
43 6 10 38
43 6 10 10
43 6 10 37
43 6 10 54
43 6 10 52
43 6 10 8
43 6 10 22
43 6 10 48
43 6 10 32
43 6 11 7
43 6 11 26
43 6 11 52
43 6 11 39
43 6 11 5
43 6 11 42
43 6 11 53
43 6 11 10
43 6 11 5
43 6 11 34
43 6 11 52
43 6 11 18
43 6 11 2
43 6 11 35
43 6 11 50
43 6 11 17
43 6 11 5
43 6 11 25
43 6 11 43
43 6 11 8
43 6 12 1
43 6 12 26
43 6 12 43
43 6 12 15
43 6 12 9
43 6 12 21
43 6 12 47
43 6 12 54
43 6 12 9
43 6 12 30
43 6 12 46
43 6 12 20
43 6 12 6
43 6 12 33
43 6 12 46
43 6 12 32
43 6 12 8
43 6 12 43
43 6 12 49
43 6 12 42
43 6 13 1
43 6 13 27
43 6 13 49
43 6 13 27
43 6 13 3
43 6 13 37
43 6 13 43
43 6 13 38
43 6 13 6
43 6 13 26
43 6 13 50
43 6 13 30
43 6 13 8
43 6 13 36
43 6 13 44
43 6 13 43
43 6 13 2
43 6 13 21
43 6 13 48
43 6 13 9
43 6 14 5
43 6 14 23
43 6 14 46
43 6 14 11
43 6 14 4
43 6 14 28
43 6 14 53
43 6 14 3
43 6 14 9
43 6 14 24
43 6 14 45
43 6 14 46
43 6 14 8
43 6 14 35
43 6 14 53
43 6 14 23
43 6 14 4
43 6 14 34
43 6 14 46
43 6 14 8
43 7 1 8
43 7 1 42
43 7 1 44
43 7 1 44
43 7 1 1
43 7 1 32
43 7 1 46
43 7 1 42
43 7 1 6
43 7 1 34
43 7 1 51
43 7 1 53
43 7 1 6
43 7 1 42
43 7 1 44
43 7 1 15
43 7 1 1
43 7 1 40
43 7 1 55
43 7 1 3
43 7 2 4
43 7 2 35
43 7 2 52
43 7 2 13
43 7 2 3
43 7 2 26
43 7 2 45
43 7 2 4
43 7 2 6
43 7 2 38
43 7 2 52
43 7 2 33
43 7 2 9
43 7 2 28
43 7 2 46
43 7 2 29
43 7 2 6
43 7 2 32
43 7 2 50
43 7 2 53
43 7 3 6
43 7 3 28
43 7 3 45
43 7 3 47
43 7 3 5
43 7 3 27
43 7 3 53
43 7 3 27
43 7 3 6
43 7 3 31
43 7 3 51
43 7 3 10
43 7 3 1
43 7 3 26
43 7 3 56
43 7 3 55
43 7 3 9
43 7 3 21
43 7 3 52
43 7 3 17
43 7 4 10
43 7 4 22
43 7 4 45
43 7 4 56
43 7 4 8
43 7 4 25
43 7 4 53
43 7 4 9
43 7 4 6
43 7 4 35
43 7 4 43
43 7 4 4
43 7 4 4
43 7 4 34
43 7 4 44
43 7 4 45
43 7 4 7
43 7 4 28
43 7 4 44
43 7 4 28
43 7 5 2
43 7 5 39
43 7 5 55
43 7 5 14
43 7 5 1
43 7 5 32
43 7 5 47
43 7 5 34
43 7 5 9
43 7 5 31
43 7 5 52
43 7 5 39
43 7 5 4
43 7 5 38
43 7 5 56
43 7 5 17
43 7 5 6
43 7 5 35
43 7 5 55
43 7 5 47
43 7 6 8
43 7 6 33
43 7 6 47
43 7 6 41
43 7 6 4
43 7 6 40
43 7 6 51
43 7 6 15
43 7 6 4
43 7 6 38
43 7 6 56
43 7 6 45
43 7 6 4
43 7 6 38
43 7 6 47
43 7 6 2
43 7 6 4
43 7 6 41
43 7 6 45
43 7 6 2
43 7 7 10
43 7 7 35
43 7 7 47
43 7 7 5
43 7 7 4
43 7 7 39
43 7 7 45
43 7 7 44
43 7 7 7
43 7 7 27
43 7 7 52
43 7 7 1
43 7 7 5
43 7 7 27
43 7 7 45
43 7 7 14
43 7 7 10
43 7 7 37
43 7 7 51
43 7 7 51
43 7 8 3
43 7 8 22
43 7 8 55
43 7 8 45
43 7 8 8
43 7 8 33
43 7 8 53
43 7 8 38
43 7 8 7
43 7 8 26
43 7 8 46
43 7 8 55
43 7 8 4
43 7 8 38
43 7 8 54
43 7 8 36
43 7 8 9
43 7 8 28
43 7 8 43
43 7 8 23
43 7 9 8
43 7 9 25
43 7 9 52
43 7 9 45
43 7 9 3
43 7 9 29
43 7 9 49
43 7 9 9
43 7 9 2
43 7 9 25
43 7 9 51
43 7 9 17
43 7 9 5
43 7 9 41
43 7 9 50
43 7 9 49
43 7 9 9
43 7 9 22
43 7 9 52
43 7 9 21
43 7 10 1
43 7 10 29
43 7 10 51
43 7 10 52
43 7 10 7
43 7 10 22
43 7 10 55
43 7 10 52
43 7 10 4
43 7 10 26
43 7 10 43
43 7 10 41
43 7 10 6
43 7 10 21
43 7 10 55
43 7 10 26
43 7 10 8
43 7 10 30
43 7 10 51
43 7 10 34
43 7 11 8
43 7 11 26
43 7 11 49
43 7 11 49
43 7 11 7
43 7 11 36
43 7 11 45
43 7 11 3
43 7 11 7
43 7 11 39
43 7 11 43
43 7 11 54
43 7 11 8
43 7 11 24
43 7 11 53
43 7 11 10
43 7 11 5
43 7 11 26
43 7 11 49
43 7 11 16
43 7 12 9
43 7 12 34
43 7 12 50
43 7 12 9
43 7 12 10
43 7 12 32
43 7 12 52
43 7 12 55
43 7 12 5
43 7 12 34
43 7 12 43
43 7 12 13
43 7 12 3
43 7 12 24
43 7 12 45
43 7 12 14
43 7 12 5
43 7 12 40
43 7 12 52
43 7 12 53
43 7 13 8
43 7 13 42
43 7 13 54
43 7 13 5
43 7 13 1
43 7 13 37
43 7 13 53
43 7 13 27
43 7 13 8
43 7 13 43
43 7 13 44
43 7 13 13
43 7 13 6
43 7 13 22
43 7 13 52
43 7 13 12
43 7 13 4
43 7 13 37
43 7 13 45
43 7 13 28
43 7 14 5
43 7 14 28
43 7 14 44
43 7 14 31
43 7 14 3
43 7 14 26
43 7 14 48
43 7 14 46
43 7 14 10
43 7 14 41
43 7 14 44
43 7 14 48
43 7 14 10
43 7 14 27
43 7 14 43
43 7 14 47
43 7 14 6
43 7 14 25
43 7 14 43
43 7 14 30
43 8 1 2
43 8 1 43
43 8 1 48
43 8 1 52
43 8 1 10
43 8 1 23
43 8 1 52
43 8 1 22
43 8 1 4
43 8 1 25
43 8 1 48
43 8 1 41
43 8 1 8
43 8 1 25
43 8 1 48
43 8 1 48
43 8 1 2
43 8 1 22
43 8 1 48
43 8 1 22
43 8 2 9
43 8 2 25
43 8 2 44
43 8 2 7
43 8 2 4
43 8 2 41
43 8 2 44
43 8 2 21
43 8 2 3
43 8 2 25
43 8 2 45
43 8 2 19
43 8 2 9
43 8 2 39
43 8 2 48
43 8 2 53
43 8 2 3
43 8 2 24
43 8 2 45
43 8 2 10
43 8 3 8
43 8 3 24
43 8 3 54
43 8 3 10
43 8 3 7
43 8 3 33
43 8 3 44
43 8 3 8
43 8 3 2
43 8 3 43
43 8 3 54
43 8 3 10
43 8 3 5
43 8 3 32
43 8 3 49
43 8 3 44
43 8 3 5
43 8 3 34
43 8 3 44
43 8 3 47
43 8 4 5
43 8 4 21
43 8 4 50
43 8 4 49
43 8 4 4
43 8 4 43
43 8 4 56
43 8 4 48
43 8 4 6
43 8 4 38
43 8 4 46
43 8 4 52
43 8 4 9
43 8 4 40
43 8 4 43
43 8 4 11
43 8 4 3
43 8 4 41
43 8 4 48
43 8 4 13
43 8 5 1
43 8 5 41
43 8 5 53
43 8 5 24
43 8 5 1
43 8 5 30
43 8 5 45
43 8 5 7
43 8 5 9
43 8 5 41
43 8 5 44
43 8 5 32
43 8 5 2
43 8 5 25
43 8 5 50
43 8 5 42
43 8 5 6
43 8 5 35
43 8 5 46
43 8 5 42
43 8 6 9
43 8 6 42
43 8 6 46
43 8 6 28
43 8 6 8
43 8 6 41
43 8 6 45
43 8 6 8
43 8 6 4
43 8 6 41
43 8 6 50
43 8 6 53
43 8 6 10
43 8 6 22
43 8 6 50
43 8 6 15
43 8 6 2
43 8 6 27
43 8 6 43
43 8 6 46
43 8 7 6
43 8 7 40
43 8 7 45
43 8 7 37
43 8 7 2
43 8 7 40
43 8 7 48
43 8 7 54
43 8 7 10
43 8 7 35
43 8 7 44
43 8 7 37
43 8 7 7
43 8 7 30
43 8 7 52
43 8 7 9
43 8 7 3
43 8 7 23
43 8 7 52
43 8 7 33
43 8 8 4
43 8 8 29
43 8 8 45
43 8 8 40
43 8 8 10
43 8 8 25
43 8 8 47
43 8 8 18
43 8 8 1
43 8 8 40
43 8 8 43
43 8 8 49
43 8 8 2
43 8 8 21
43 8 8 55
43 8 8 5
43 8 8 9
43 8 8 28
43 8 8 53
43 8 8 40
43 8 9 8
43 8 9 39
43 8 9 46
43 8 9 33
43 8 9 1
43 8 9 23
43 8 9 56
43 8 9 26
43 8 9 9
43 8 9 26
43 8 9 47
43 8 9 52
43 8 9 6
43 8 9 31
43 8 9 55
43 8 9 52
43 8 9 10
43 8 9 38
43 8 9 55
43 8 9 26
43 8 10 1
43 8 10 35
43 8 10 48
43 8 10 41
43 8 10 2
43 8 10 31
43 8 10 55
43 8 10 4
43 8 10 3
43 8 10 41
43 8 10 47
43 8 10 38
43 8 10 4
43 8 10 38
43 8 10 50
43 8 10 14
43 8 10 6
43 8 10 24
43 8 10 43
43 8 10 37
43 8 11 7
43 8 11 34
43 8 11 47
43 8 11 46
43 8 11 6
43 8 11 38
43 8 11 47
43 8 11 29
43 8 11 3
43 8 11 28
43 8 11 43
43 8 11 54
43 8 11 8
43 8 11 30
43 8 11 43
43 8 11 40
43 8 11 5
43 8 11 39
43 8 11 53
43 8 11 45
43 8 12 1
43 8 12 23
43 8 12 48
43 8 12 55
43 8 12 8
43 8 12 43
43 8 12 46
43 8 12 49
43 8 12 6
43 8 12 23
43 8 12 48
43 8 12 19
43 8 12 2
43 8 12 24
43 8 12 55
43 8 12 38
43 8 12 5
43 8 12 36
43 8 12 50
43 8 12 52
43 8 13 5
43 8 13 25
43 8 13 51
43 8 13 30
43 8 13 2
43 8 13 33
43 8 13 54
43 8 13 28
43 8 13 7
43 8 13 23
43 8 13 44
43 8 13 13
43 8 13 10
43 8 13 28
43 8 13 52
43 8 13 26
43 8 13 8
43 8 13 39
43 8 13 52
43 8 13 51
43 8 14 4
43 8 14 40
43 8 14 46
43 8 14 26
43 8 14 9
43 8 14 27
43 8 14 52
43 8 14 41
43 8 14 4
43 8 14 28
43 8 14 54
43 8 14 35
43 8 14 9
43 8 14 36
43 8 14 50
43 8 14 1
43 8 14 2
43 8 14 33
43 8 14 55
43 8 14 16
43 9 1 9
43 9 1 25
43 9 1 51
43 9 1 45
43 9 1 9
43 9 1 28
43 9 1 48
43 9 1 52
43 9 1 4
43 9 1 40
43 9 1 55
43 9 1 38
43 9 1 4
43 9 1 24
43 9 1 49
43 9 1 17
43 9 1 1
43 9 1 40
43 9 1 51
43 9 1 49
43 9 2 4
43 9 2 31
43 9 2 55
43 9 2 42
43 9 2 1
43 9 2 34
43 9 2 48
43 9 2 19
43 9 2 9
43 9 2 40
43 9 2 54
43 9 2 54
43 9 2 2
43 9 2 40
43 9 2 49
43 9 2 37
43 9 2 3
43 9 2 24
43 9 2 55
43 9 2 43
43 9 3 1
43 9 3 35
43 9 3 49
43 9 3 11
43 9 3 3
43 9 3 28
43 9 3 48
43 9 3 47
43 9 3 9
43 9 3 28
43 9 3 53
43 9 3 15
43 9 3 5
43 9 3 24
43 9 3 50
43 9 3 49
43 9 3 9
43 9 3 43
43 9 3 53
43 9 3 36
43 9 4 9
43 9 4 43
43 9 4 55
43 9 4 24
43 9 4 4
43 9 4 25
43 9 4 48
43 9 4 4
43 9 4 1
43 9 4 37
43 9 4 55
43 9 4 32
43 9 4 4
43 9 4 27
43 9 4 50
43 9 4 27
43 9 4 1
43 9 4 25
43 9 4 46
43 9 4 45
43 9 5 10
43 9 5 27
43 9 5 50
43 9 5 9
43 9 5 2
43 9 5 31
43 9 5 45
43 9 5 39
43 9 5 3
43 9 5 40
43 9 5 48
43 9 5 21
43 9 5 5
43 9 5 41
43 9 5 54
43 9 5 8
43 9 5 8
43 9 5 37
43 9 5 48
43 9 5 31
43 9 6 9
43 9 6 35
43 9 6 51
43 9 6 28
43 9 6 3
43 9 6 34
43 9 6 55
43 9 6 53
43 9 6 10
43 9 6 30
43 9 6 50
43 9 6 37
43 9 6 9
43 9 6 31
43 9 6 46
43 9 6 40
43 9 6 9
43 9 6 24
43 9 6 44
43 9 6 48
43 9 7 6
43 9 7 24
43 9 7 48
43 9 7 33
43 9 7 6
43 9 7 26
43 9 7 44
43 9 7 54
43 9 7 7
43 9 7 26
43 9 7 45
43 9 7 47
43 9 7 2
43 9 7 29
43 9 7 44
43 9 7 9
43 9 7 9
43 9 7 26
43 9 7 54
43 9 7 43
43 9 8 7
43 9 8 42
43 9 8 56
43 9 8 6
43 9 8 6
43 9 8 34
43 9 8 48
43 9 8 13
43 9 8 3
43 9 8 41
43 9 8 45
43 9 8 5
43 9 8 1
43 9 8 41
43 9 8 56
43 9 8 29
43 9 8 4
43 9 8 35
43 9 8 43
43 9 8 31
43 9 9 1
43 9 9 36
43 9 9 46
43 9 9 1
43 9 9 1
43 9 9 37
43 9 9 43
43 9 9 31
43 9 9 5
43 9 9 25
43 9 9 47
43 9 9 55
43 9 9 5
43 9 9 21
43 9 9 48
43 9 9 8
43 9 9 3
43 9 9 21
43 9 9 53
43 9 9 36
43 9 10 9
43 9 10 37
43 9 10 44
43 9 10 27
43 9 10 7
43 9 10 33
43 9 10 48
43 9 10 9
43 9 10 4
43 9 10 32
43 9 10 53
43 9 10 28
43 9 10 7
43 9 10 31
43 9 10 56
43 9 10 29
43 9 10 8
43 9 10 29
43 9 10 46
43 9 10 22
43 9 11 7
43 9 11 43
43 9 11 52
43 9 11 49
43 9 11 3
43 9 11 29
43 9 11 49
43 9 11 52
43 9 11 4
43 9 11 24
43 9 11 56
43 9 11 31
43 9 11 4
43 9 11 43
43 9 11 45
43 9 11 31
43 9 11 8
43 9 11 33
43 9 11 43
43 9 11 15
43 9 12 9
43 9 12 27
43 9 12 54
43 9 12 28
43 9 12 9
43 9 12 26
43 9 12 51
43 9 12 37
43 9 12 8
43 9 12 24
43 9 12 43
43 9 12 13
43 9 12 1
43 9 12 31
43 9 12 44
43 9 12 42
43 9 12 1
43 9 12 42
43 9 12 52
43 9 12 19
43 9 13 6
43 9 13 35
43 9 13 51
43 9 13 4
43 9 13 2
43 9 13 28
43 9 13 48
43 9 13 49
43 9 13 5
43 9 13 26
43 9 13 46
43 9 13 9
43 9 13 2
43 9 13 27
43 9 13 44
43 9 13 47
43 9 13 1
43 9 13 35
43 9 13 49
43 9 13 2
43 9 14 2
43 9 14 39
43 9 14 50
43 9 14 3
43 9 14 4
43 9 14 41
43 9 14 43
43 9 14 50
43 9 14 4
43 9 14 27
43 9 14 46
43 9 14 22
43 9 14 8
43 9 14 28
43 9 14 50
43 9 14 15
43 9 14 3
43 9 14 22
43 9 14 54
43 9 14 37
43 10 1 10
43 10 1 28
43 10 1 54
43 10 1 18
43 10 1 6
43 10 1 42
43 10 1 54
43 10 1 51
43 10 1 7
43 10 1 39
43 10 1 46
43 10 1 27
43 10 1 3
43 10 1 35
43 10 1 47
43 10 1 25
43 10 1 6
43 10 1 32
43 10 1 48
43 10 1 51
43 10 2 6
43 10 2 41
43 10 2 55
43 10 2 47
43 10 2 9
43 10 2 40
43 10 2 51
43 10 2 55
43 10 2 2
43 10 2 37
43 10 2 55
43 10 2 12
43 10 2 6
43 10 2 40
43 10 2 50
43 10 2 30
43 10 2 3
43 10 2 30
43 10 2 56
43 10 2 8
43 10 3 2
43 10 3 42
43 10 3 52
43 10 3 21
43 10 3 1
43 10 3 33
43 10 3 50
43 10 3 15
43 10 3 8
43 10 3 37
43 10 3 53
43 10 3 39
43 10 3 6
43 10 3 39
43 10 3 48
43 10 3 37
43 10 3 8
43 10 3 32
43 10 3 44
43 10 3 53
43 10 4 5
43 10 4 33
43 10 4 53
43 10 4 27
43 10 4 2
43 10 4 41
43 10 4 45
43 10 4 17
43 10 4 9
43 10 4 31
43 10 4 48
43 10 4 48
43 10 4 10
43 10 4 21
43 10 4 44
43 10 4 7
43 10 4 6
43 10 4 30
43 10 4 54
43 10 4 28
43 10 5 4
43 10 5 41
43 10 5 56
43 10 5 37
43 10 5 5
43 10 5 26
43 10 5 48
43 10 5 48
43 10 5 4
43 10 5 38
43 10 5 44
43 10 5 29
43 10 5 3
43 10 5 25
43 10 5 48
43 10 5 46
43 10 5 8
43 10 5 22
43 10 5 56
43 10 5 14
43 10 6 9
43 10 6 35
43 10 6 53
43 10 6 38
43 10 6 2
43 10 6 37
43 10 6 48
43 10 6 11
43 10 6 1
43 10 6 42
43 10 6 43
43 10 6 47
43 10 6 6
43 10 6 28
43 10 6 55
43 10 6 26
43 10 6 5
43 10 6 29
43 10 6 49
43 10 6 26
43 10 7 8
43 10 7 29
43 10 7 56
43 10 7 36
43 10 7 1
43 10 7 26
43 10 7 56
43 10 7 30
43 10 7 7
43 10 7 22
43 10 7 51
43 10 7 14
43 10 7 6
43 10 7 27
43 10 7 55
43 10 7 19
43 10 7 6
43 10 7 23
43 10 7 46
43 10 7 11
43 10 8 5
43 10 8 22
43 10 8 56
43 10 8 4
43 10 8 6
43 10 8 37
43 10 8 46
43 10 8 45
43 10 8 10
43 10 8 28
43 10 8 49
43 10 8 12
43 10 8 4
43 10 8 31
43 10 8 53
43 10 8 54
43 10 8 6
43 10 8 39
43 10 8 44
43 10 8 18
43 10 9 3
43 10 9 29
43 10 9 56
43 10 9 41
43 10 9 4
43 10 9 24
43 10 9 46
43 10 9 2
43 10 9 8
43 10 9 24
43 10 9 46
43 10 9 48
43 10 9 8
43 10 9 39
43 10 9 43
43 10 9 34
43 10 9 7
43 10 9 40
43 10 9 48
43 10 9 30
43 10 10 3
43 10 10 31
43 10 10 47
43 10 10 8
43 10 10 10
43 10 10 21
43 10 10 44
43 10 10 30
43 10 10 2
43 10 10 36
43 10 10 56
43 10 10 3
43 10 10 6
43 10 10 43
43 10 10 51
43 10 10 53
43 10 10 7
43 10 10 36
43 10 10 43
43 10 10 27
43 10 11 3
43 10 11 43
43 10 11 49
43 10 11 17
43 10 11 10
43 10 11 38
43 10 11 54
43 10 11 15
43 10 11 5
43 10 11 28
43 10 11 50
43 10 11 48
43 10 11 9
43 10 11 37
43 10 11 56
43 10 11 10
43 10 11 7
43 10 11 25
43 10 11 46
43 10 11 42
43 10 12 8
43 10 12 37
43 10 12 55
43 10 12 50
43 10 12 3
43 10 12 23
43 10 12 54
43 10 12 1
43 10 12 9
43 10 12 35
43 10 12 47
43 10 12 50
43 10 12 1
43 10 12 35
43 10 12 47
43 10 12 4
43 10 12 8
43 10 12 31
43 10 12 54
43 10 12 9
43 10 13 5
43 10 13 24
43 10 13 43
43 10 13 46
43 10 13 10
43 10 13 38
43 10 13 54
43 10 13 9
43 10 13 7
43 10 13 36
43 10 13 55
43 10 13 37
43 10 13 9
43 10 13 37
43 10 13 46
43 10 13 26
43 10 13 10
43 10 13 26
43 10 13 52
43 10 13 35
43 10 14 10
43 10 14 21
43 10 14 48
43 10 14 27
43 10 14 10
43 10 14 24
43 10 14 55
43 10 14 14
43 10 14 4
43 10 14 30
43 10 14 51
43 10 14 35
43 10 14 9
43 10 14 35
43 10 14 53
43 10 14 6
43 10 14 10
43 10 14 30
43 10 14 44
43 10 14 48
43 11 1 7
43 11 1 30
43 11 1 56
43 11 1 12
43 11 1 3
43 11 1 42
43 11 1 50
43 11 1 50
43 11 1 9
43 11 1 26
43 11 1 55
43 11 1 55
43 11 1 4
43 11 1 40
43 11 1 49
43 11 1 50
43 11 1 1
43 11 1 29
43 11 1 44
43 11 1 45
43 11 2 10
43 11 2 27
43 11 2 43
43 11 2 53
43 11 2 2
43 11 2 30
43 11 2 45
43 11 2 10
43 11 2 5
43 11 2 24
43 11 2 43
43 11 2 15
43 11 2 7
43 11 2 36
43 11 2 52
43 11 2 9
43 11 2 8
43 11 2 30
43 11 2 49
43 11 2 32
43 11 3 4
43 11 3 32
43 11 3 46
43 11 3 51
43 11 3 10
43 11 3 32
43 11 3 49
43 11 3 48
43 11 3 9
43 11 3 42
43 11 3 47
43 11 3 17
43 11 3 7
43 11 3 27
43 11 3 54
43 11 3 21
43 11 3 5
43 11 3 33
43 11 3 50
43 11 3 6
43 11 4 9
43 11 4 36
43 11 4 51
43 11 4 32
43 11 4 5
43 11 4 22
43 11 4 44
43 11 4 21
43 11 4 2
43 11 4 43
43 11 4 47
43 11 4 23
43 11 4 8
43 11 4 38
43 11 4 53
43 11 4 11
43 11 4 1
43 11 4 39
43 11 4 46
43 11 4 37
43 11 5 3
43 11 5 23
43 11 5 45
43 11 5 39
43 11 5 2
43 11 5 24
43 11 5 48
43 11 5 55
43 11 5 9
43 11 5 43
43 11 5 52
43 11 5 42
43 11 5 8
43 11 5 34
43 11 5 51
43 11 5 35
43 11 5 2
43 11 5 35
43 11 5 51
43 11 5 30
43 11 6 8
43 11 6 32
43 11 6 56
43 11 6 15
43 11 6 1
43 11 6 39
43 11 6 46
43 11 6 48
43 11 6 6
43 11 6 23
43 11 6 50
43 11 6 24
43 11 6 9
43 11 6 43
43 11 6 48
43 11 6 12
43 11 6 7
43 11 6 28
43 11 6 43
43 11 6 53
43 11 7 6
43 11 7 36
43 11 7 48
43 11 7 37
43 11 7 4
43 11 7 43
43 11 7 49
43 11 7 51
43 11 7 4
43 11 7 22
43 11 7 52
43 11 7 50
43 11 7 8
43 11 7 41
43 11 7 52
43 11 7 26
43 11 7 1
43 11 7 30
43 11 7 50
43 11 7 44
43 11 8 9
43 11 8 43
43 11 8 43
43 11 8 32
43 11 8 10
43 11 8 29
43 11 8 43
43 11 8 33
43 11 8 5
43 11 8 32
43 11 8 55
43 11 8 12
43 11 8 1
43 11 8 30
43 11 8 43
43 11 8 38
43 11 8 8
43 11 8 37
43 11 8 55
43 11 8 52
43 11 9 3
43 11 9 25
43 11 9 48
43 11 9 13
43 11 9 2
43 11 9 24
43 11 9 43
43 11 9 28
43 11 9 9
43 11 9 30
43 11 9 44
43 11 9 31
43 11 9 1
43 11 9 34
43 11 9 48
43 11 9 32
43 11 9 1
43 11 9 31
43 11 9 53
43 11 9 8
43 11 10 9
43 11 10 29
43 11 10 50
43 11 10 47
43 11 10 2
43 11 10 36
43 11 10 55
43 11 10 17
43 11 10 1
43 11 10 22
43 11 10 44
43 11 10 15
43 11 10 8
43 11 10 34
43 11 10 45
43 11 10 53
43 11 10 1
43 11 10 38
43 11 10 44
43 11 10 51
43 11 11 4
43 11 11 22
43 11 11 45
43 11 11 12
43 11 11 9
43 11 11 25
43 11 11 51
43 11 11 23
43 11 11 7
43 11 11 25
43 11 11 43
43 11 11 36
43 11 11 7
43 11 11 27
43 11 11 52
43 11 11 27
43 11 11 10
43 11 11 33
43 11 11 43
43 11 11 28
43 11 12 6
43 11 12 43
43 11 12 51
43 11 12 25
43 11 12 9
43 11 12 21
43 11 12 50
43 11 12 5
43 11 12 9
43 11 12 33
43 11 12 47
43 11 12 56
43 11 12 6
43 11 12 36
43 11 12 53
43 11 12 52
43 11 12 7
43 11 12 39
43 11 12 54
43 11 12 9
43 11 13 5
43 11 13 29
43 11 13 52
43 11 13 5
43 11 13 5
43 11 13 25
43 11 13 46
43 11 13 11
43 11 13 10
43 11 13 33
43 11 13 52
43 11 13 11
43 11 13 5
43 11 13 38
43 11 13 52
43 11 13 37
43 11 13 7
43 11 13 36
43 11 13 46
43 11 13 38
43 11 14 3
43 11 14 26
43 11 14 44
43 11 14 12
43 11 14 4
43 11 14 25
43 11 14 55
43 11 14 25
43 11 14 10
43 11 14 32
43 11 14 45
43 11 14 5
43 11 14 6
43 11 14 43
43 11 14 52
43 11 14 47
43 11 14 1
43 11 14 23
43 11 14 51
43 11 14 33
43 12 1 3
43 12 1 41
43 12 1 55
43 12 1 31
43 12 1 8
43 12 1 43
43 12 1 46
43 12 1 49
43 12 1 3
43 12 1 26
43 12 1 51
43 12 1 43
43 12 1 8
43 12 1 41
43 12 1 55
43 12 1 4
43 12 1 4
43 12 1 36
43 12 1 49
43 12 1 44
43 12 2 8
43 12 2 28
43 12 2 49
43 12 2 45
43 12 2 7
43 12 2 31
43 12 2 54
43 12 2 9
43 12 2 8
43 12 2 21
43 12 2 47
43 12 2 14
43 12 2 5
43 12 2 32
43 12 2 50
43 12 2 49
43 12 2 5
43 12 2 33
43 12 2 50
43 12 2 1
43 12 3 6
43 12 3 41
43 12 3 49
43 12 3 18
43 12 3 2
43 12 3 24
43 12 3 50
43 12 3 10
43 12 3 7
43 12 3 28
43 12 3 54
43 12 3 54
43 12 3 9
43 12 3 25
43 12 3 51
43 12 3 53
43 12 3 10
43 12 3 31
43 12 3 47
43 12 3 27
43 12 4 7
43 12 4 34
43 12 4 44
43 12 4 17
43 12 4 9
43 12 4 35
43 12 4 51
43 12 4 43
43 12 4 7
43 12 4 42
43 12 4 53
43 12 4 54
43 12 4 5
43 12 4 28
43 12 4 51
43 12 4 6
43 12 4 7
43 12 4 24
43 12 4 47
43 12 4 51
43 12 5 3
43 12 5 31
43 12 5 47
43 12 5 34
43 12 5 2
43 12 5 43
43 12 5 54
43 12 5 15
43 12 5 4
43 12 5 34
43 12 5 44
43 12 5 39
43 12 5 8
43 12 5 38
43 12 5 44
43 12 5 26
43 12 5 4
43 12 5 21
43 12 5 45
43 12 5 4
43 12 6 7
43 12 6 36
43 12 6 43
43 12 6 48
43 12 6 5
43 12 6 28
43 12 6 52
43 12 6 44
43 12 6 9
43 12 6 39
43 12 6 50
43 12 6 7
43 12 6 6
43 12 6 41
43 12 6 52
43 12 6 8
43 12 6 7
43 12 6 39
43 12 6 49
43 12 6 6
43 12 7 1
43 12 7 30
43 12 7 56
43 12 7 25
43 12 7 5
43 12 7 32
43 12 7 45
43 12 7 35
43 12 7 1
43 12 7 23
43 12 7 54
43 12 7 4
43 12 7 7
43 12 7 27
43 12 7 47
43 12 7 23
43 12 7 5
43 12 7 41
43 12 7 53
43 12 7 10
43 12 8 8
43 12 8 24
43 12 8 44
43 12 8 23
43 12 8 5
43 12 8 23
43 12 8 55
43 12 8 47
43 12 8 9
43 12 8 40
43 12 8 52
43 12 8 30
43 12 8 4
43 12 8 27
43 12 8 44
43 12 8 33
43 12 8 3
43 12 8 37
43 12 8 54
43 12 8 3
43 12 9 5
43 12 9 37
43 12 9 48
43 12 9 46
43 12 9 9
43 12 9 38
43 12 9 53
43 12 9 51
43 12 9 7
43 12 9 22
43 12 9 55
43 12 9 11
43 12 9 3
43 12 9 40
43 12 9 52
43 12 9 9
43 12 9 10
43 12 9 39
43 12 9 50
43 12 9 34
43 12 10 4
43 12 10 32
43 12 10 46
43 12 10 52
43 12 10 2
43 12 10 37
43 12 10 55
43 12 10 25
43 12 10 2
43 12 10 31
43 12 10 52
43 12 10 55
43 12 10 7
43 12 10 36
43 12 10 47
43 14 2 6
43 14 2 7
43 14 2 26
43 14 2 51
43 14 2 6
43 14 2 8
43 14 2 22
43 14 2 50
43 14 2 23
43 14 3 4
43 14 3 25
43 14 3 50
43 14 3 37
43 14 3 7
43 14 3 26
43 14 3 55
43 14 3 30
43 14 3 3
43 14 3 28
43 14 3 43
43 14 3 3
43 14 3 9
43 14 3 23
43 14 3 52
43 14 3 31
43 14 3 1
43 14 3 37
43 14 3 45
43 14 3 26
43 14 4 5
43 14 4 40
43 14 4 50
43 14 4 15
43 14 4 8
43 14 4 35
43 14 4 43
43 14 4 31
43 14 4 6
43 14 4 41
43 14 4 50
43 14 4 28
43 14 4 3
43 14 4 31
43 14 4 45
43 14 4 26
43 14 4 3
43 14 4 42
43 14 4 44
43 14 4 43
43 14 5 9
43 14 5 31
43 14 5 53
43 14 5 43
43 14 5 5
43 14 5 38
43 14 5 51
43 14 5 9
43 14 5 7
43 14 5 35
43 14 5 48
43 14 5 4
43 14 5 6
43 14 5 31
43 14 5 56
43 14 5 47
43 14 5 10
43 14 5 27
43 14 5 56
43 14 5 2
43 14 6 1
43 14 6 24
43 14 6 46
43 14 6 46
43 14 6 1
43 14 6 42
43 14 6 52
43 14 6 21
43 14 6 4
43 14 6 40
43 14 6 52
43 14 6 47
43 14 6 2
43 14 6 23
43 14 6 48
43 14 6 7
43 14 6 5
43 14 6 33
43 14 6 45
43 14 6 39
43 14 7 7
43 14 7 22
43 14 7 51
43 14 7 31
43 14 7 6
43 14 7 33
43 14 7 46
43 14 7 54
43 14 7 6
43 14 7 21
43 14 7 51
43 14 7 4
43 14 7 10
43 14 7 30
43 14 7 54
43 14 7 2
43 14 7 1
43 14 7 39
43 14 7 46
43 14 7 30
43 14 8 8
43 14 8 25
43 14 8 55
43 14 8 24
43 14 8 1
43 14 8 33
43 14 8 54
43 14 8 17
43 14 8 3
43 14 8 41
43 14 8 45
43 14 8 12
43 14 8 8
43 14 8 26
43 14 8 53
43 14 8 36
43 14 8 3
43 14 8 22
43 14 8 52
43 14 8 28
43 14 9 10
43 14 9 35
43 14 9 56
43 14 9 16
43 14 9 5
43 14 9 27
43 14 9 55
43 14 9 24
43 14 9 2
43 14 9 33
43 14 9 46
43 14 9 46
43 14 9 5
43 14 9 32
43 14 9 51
43 14 9 25
43 14 9 6
43 14 9 31
43 14 9 49
43 14 9 50
43 14 10 2
43 14 10 32
43 14 10 48
43 14 10 49
43 14 10 10
43 14 10 30
43 14 10 45
43 14 10 16
43 14 10 4
43 14 10 38
43 14 10 45
43 14 10 42
43 14 10 6
43 14 10 42
43 14 10 56
43 14 10 18
43 14 10 5
43 14 10 35
43 14 10 48
43 14 10 26
43 14 11 6
43 14 11 36
43 14 11 55
43 14 11 43
43 14 11 2
43 14 11 37
43 14 11 52
43 14 11 44
43 14 11 7
43 14 11 39
43 14 11 44
43 14 11 19
43 14 11 9
43 14 11 23
43 14 11 43
43 14 11 8
43 14 11 4
43 14 11 35
43 14 11 43
43 14 11 22
43 14 12 2
43 14 12 35
43 14 12 47
43 14 12 22
43 14 12 6
43 14 12 43
43 14 12 46
43 14 12 18
43 14 12 6
43 14 12 39
43 14 12 50
43 14 12 6
43 14 12 8
43 14 12 23
43 14 12 56
43 14 12 36
43 14 12 6
43 14 12 27
43 14 12 50
43 14 12 7
43 14 13 7
43 14 13 34
43 14 13 52
43 14 13 56
43 14 13 5
43 14 13 42
43 14 13 47
43 14 13 56
43 14 13 6
43 14 13 36
43 14 13 54
43 14 13 19
43 14 13 7
43 14 13 33
43 14 13 46
43 14 13 4
43 14 13 9
43 14 13 39
43 14 13 51
43 14 13 37
43 14 14 8
43 14 14 27
43 14 14 52
43 14 14 51
43 14 14 6
43 14 14 23
43 14 14 55
43 14 14 42
43 14 14 2
43 14 14 25
43 14 14 50
43 14 14 46
43 14 14 5
43 14 14 28
43 14 14 51
43 14 14 2
43 14 14 3
43 14 14 33
43 14 14 54
43 14 14 31
47 1 1 6
47 1 1 25
47 1 1 54
47 1 1 19
47 1 1 8
47 1 1 33
47 1 1 53
47 1 1 13
47 1 1 1
47 1 1 35
47 1 1 51
47 1 1 37
47 1 1 9
47 1 1 27
47 1 1 49
47 1 1 11
47 1 1 8
47 1 1 28
47 1 1 50
47 1 1 25
47 1 2 9
47 1 2 23
47 1 2 51
47 1 2 28
47 1 2 10
47 1 2 30
47 1 2 53
47 1 2 19
47 1 2 6
47 1 2 23
47 1 2 60
47 1 2 10
47 1 2 10
47 1 2 33
47 1 2 47
47 1 2 7
47 1 2 10
47 1 2 36
47 1 2 56
47 1 2 59
47 1 3 4
47 1 3 34
47 1 3 50
47 1 3 27
47 1 3 10
47 1 3 42
47 1 3 54
47 1 3 44
47 1 3 5
47 1 3 43
47 1 3 47
47 1 3 24
47 1 3 5
47 1 3 31
47 1 3 51
47 1 3 22
47 1 3 8
47 1 3 25
47 1 3 49
47 1 3 39
47 1 4 8
47 1 4 37
47 1 4 57
47 1 4 40
47 1 4 8
47 1 4 23
47 1 4 55
47 1 4 39
47 1 4 9
47 1 4 31
47 1 4 47
47 1 4 50
47 1 4 1
47 1 4 45
47 1 4 52
47 1 4 15
47 1 4 3
47 1 4 32
47 1 4 51
47 1 4 55
47 1 5 1
47 1 5 42
47 1 5 60
47 1 5 11
47 1 5 9
47 1 5 41
47 1 5 54
47 1 5 31
47 1 5 1
47 1 5 44
47 1 5 48
47 1 5 21
47 1 5 8
47 1 5 45
47 1 5 49
47 1 5 1
47 1 5 6
47 1 5 35
47 1 5 55
47 1 5 28
47 1 6 4
47 1 6 25
47 1 6 48
47 1 6 58
47 1 6 4
47 1 6 47
47 1 6 55
47 1 6 1
47 1 6 8
47 1 6 29
47 1 6 47
47 1 6 7
47 1 6 5
47 1 6 43
47 1 6 56
47 1 6 39
47 1 6 3
47 1 6 45
47 1 6 56
47 1 6 30
47 1 7 5
47 1 7 38
47 1 7 53
47 1 7 21
47 1 7 9
47 1 7 38
47 1 7 52
47 1 7 3
47 1 7 3
47 1 7 44
47 1 7 54
47 1 7 17
47 1 7 8
47 1 7 30
47 1 7 57
47 1 7 54
47 1 7 4
47 1 7 29
47 1 7 51
47 1 7 49
47 1 8 6
47 1 8 23
47 1 8 60
47 1 8 52
47 1 8 6
47 1 8 44
47 1 8 54
47 1 8 18
47 1 8 8
47 1 8 33
47 1 8 48
47 1 8 12
47 1 8 5
47 1 8 28
47 1 8 54
47 1 8 37
47 1 8 3
47 1 8 45
47 1 8 59
47 1 8 16
47 1 9 8
47 1 9 29
47 1 9 60
47 1 9 3
47 1 9 10
47 1 9 44
47 1 9 53
47 1 9 36
47 1 9 6
47 1 9 44
47 1 9 59
47 1 9 7
47 1 9 10
47 1 9 27
47 1 9 50
47 1 9 47
47 1 9 8
47 1 9 30
47 1 9 53
47 1 9 33
47 1 10 2
47 1 10 39
47 1 10 48
47 1 10 11
47 1 10 5
47 1 10 41
47 1 10 47
47 1 10 47
47 1 10 7
47 1 10 26
47 1 10 60
47 1 10 15
47 1 10 7
47 1 10 27
47 1 10 50
47 1 10 4
47 1 10 5
47 1 10 38
47 1 10 49
47 1 10 29
47 1 11 8
47 1 11 25
47 1 11 55
47 1 11 32
47 1 11 4
47 1 11 37
47 1 11 55
47 1 11 52
47 1 11 10
47 1 11 41
47 1 11 58
47 1 11 3
47 1 11 1
47 1 11 41
47 1 11 50
47 1 11 25
47 1 11 6
47 1 11 28
47 1 11 53
47 1 11 54
47 1 12 2
47 1 12 46
47 1 12 56
47 1 12 21
47 1 12 3
47 1 12 40
47 1 12 57
47 1 12 11
47 1 12 6
47 1 12 42
47 1 12 53
47 1 12 55
47 1 12 9
47 1 12 47
47 1 12 57
47 1 12 10
47 1 12 8
47 1 12 28
47 1 12 59
47 1 12 22
47 1 13 7
47 1 13 26
47 1 13 57
47 1 13 49
47 1 13 10
47 1 13 42
47 1 13 52
47 1 13 45
47 1 13 6
47 1 13 37
47 1 13 55
47 1 13 46
47 1 13 6
47 1 13 46
47 1 13 53
47 1 13 8
47 1 13 6
47 1 13 39
47 1 13 49
47 1 13 51
47 1 14 3
47 1 14 37
47 1 14 60
47 1 14 34
47 1 14 1
47 1 14 29
47 1 14 52
47 1 14 40
47 1 14 5
47 1 14 46
47 1 14 57
47 1 14 8
47 1 14 9
47 1 14 38
47 1 14 47
47 1 14 14
47 1 14 6
47 1 14 28
47 1 14 59
47 1 14 27
47 2 1 4
47 2 1 38
47 2 1 49
47 2 1 29
47 2 1 10
47 2 1 27
47 2 1 54
47 2 1 56
47 2 1 9
47 2 1 38
47 2 1 48
47 2 1 30
47 2 1 8
47 2 1 45
47 2 1 54
47 2 1 6
47 2 1 9
47 2 1 39
47 2 1 50
47 2 1 27
47 2 2 9
47 2 2 33
47 2 2 55
47 2 2 50
47 2 2 10
47 2 2 47
47 2 2 56
47 2 2 43
47 2 2 3
47 2 2 43
47 2 2 53
47 2 2 39
47 2 2 8
47 2 2 27
47 2 2 57
47 2 2 20
47 2 2 9
47 2 2 44
47 2 2 49
47 2 2 22
47 2 3 4
47 2 3 42
47 2 3 54
47 2 3 44
47 2 3 6
47 2 3 34
47 2 3 59
47 2 3 35
47 2 3 4
47 2 3 38
47 2 3 48
47 2 3 13
47 2 3 4
47 2 3 31
47 2 3 52
47 2 3 19
47 2 3 5
47 2 3 29
47 2 3 60
47 2 3 11
47 2 4 8
47 2 4 44
47 2 4 55
47 2 4 4
47 2 4 6
47 2 4 30
47 2 4 56
47 2 4 30
47 2 4 3
47 2 4 29
47 2 4 56
47 2 4 48
47 2 4 1
47 2 4 27
47 2 4 57
47 2 4 28
47 2 4 2
47 2 4 36
47 2 4 51
47 2 4 38
47 2 5 9
47 2 5 47
47 2 5 54
47 2 5 32
47 2 5 4
47 2 5 45
47 2 5 50
47 2 5 45
47 2 5 6
47 2 5 46
47 2 5 51
47 2 5 51
47 2 5 8
47 2 5 24
47 2 5 52
47 2 5 14
47 2 5 4
47 2 5 28
47 2 5 51
47 2 5 58
47 2 6 6
47 2 6 39
47 2 6 47
47 2 6 26
47 2 6 8
47 2 6 42
47 2 6 48
47 2 6 56
47 2 6 4
47 2 6 32
47 2 6 50
47 2 6 2
47 2 6 3
47 2 6 36
47 2 6 58
47 2 6 11
47 2 6 9
47 2 6 40
47 2 6 60
47 2 6 49
47 2 7 5
47 2 7 34
47 2 7 51
47 2 7 43
47 2 7 1
47 2 7 45
47 2 7 56
47 2 7 57
47 2 7 3
47 2 7 41
47 2 7 49
47 2 7 40
47 2 7 6
47 2 7 25
47 2 7 58
47 2 7 54
47 2 7 10
47 2 7 44
47 2 7 55
47 2 7 28
47 2 8 5
47 2 8 38
47 2 8 59
47 2 8 24
47 2 8 9
47 2 8 43
47 2 8 50
47 2 8 21
47 2 8 5
47 2 8 47
47 2 8 49
47 2 8 33
47 2 8 2
47 2 8 31
47 2 8 57
47 2 8 54
47 2 8 7
47 2 8 41
47 2 8 58
47 2 8 57
47 2 9 6
47 2 9 33
47 2 9 51
47 2 9 43
47 2 9 10
47 2 9 43
47 2 9 59
47 2 9 58
47 2 9 9
47 2 9 41
47 2 9 53
47 2 9 33
47 2 9 9
47 2 9 31
47 2 9 56
47 2 9 13
47 2 9 3
47 2 9 27
47 2 9 47
47 2 9 36
47 2 10 1
47 2 10 47
47 2 10 49
47 2 10 9
47 2 10 3
47 2 10 35
47 2 10 55
47 2 10 28
47 2 10 9
47 2 10 45
47 2 10 54
47 2 10 53
47 2 10 8
47 2 10 36
47 2 10 53
47 2 10 59
47 2 10 4
47 2 10 37
47 2 10 54
47 2 10 56
47 2 11 2
47 2 11 39
47 2 11 56
47 2 11 51
47 2 11 9
47 2 11 32
47 2 11 60
47 2 11 50
47 2 11 8
47 2 11 45
47 2 11 52
47 2 11 18
47 2 11 6
47 2 11 33
47 2 11 51
47 2 11 35
47 2 11 10
47 2 11 28
47 2 11 48
47 2 11 28
47 2 12 3
47 2 12 38
47 2 12 52
47 2 12 28
47 2 12 8
47 2 12 44
47 2 12 59
47 2 12 23
47 2 12 10
47 2 12 34
47 2 12 60
47 2 12 6
47 2 12 7
47 2 12 44
47 2 12 52
47 2 12 3
47 2 12 6
47 2 12 38
47 2 12 48
47 2 12 56
47 2 13 7
47 2 13 37
47 2 13 55
47 2 13 5
47 2 13 10
47 2 13 42
47 2 13 53
47 2 13 45
47 2 13 5
47 2 13 24
47 2 13 53
47 2 13 32
47 2 13 2
47 2 13 37
47 2 13 49
47 2 13 28
47 2 13 9
47 2 13 40
47 2 13 49
47 2 13 17
47 2 14 4
47 2 14 23
47 2 14 51
47 2 14 1
47 2 14 9
47 2 14 46
47 2 14 56
47 2 14 36
47 2 14 7
47 2 14 23
47 2 14 55
47 2 14 22
47 2 14 5
47 2 14 43
47 2 14 54
47 2 14 8
47 2 14 2
47 2 14 33
47 2 14 54
47 2 14 18
47 3 1 5
47 3 1 47
47 3 1 55
47 3 1 5
47 3 1 10
47 3 1 26
47 3 1 59
47 3 1 20
47 3 1 2
47 3 1 37
47 3 1 60
47 3 1 23
47 3 1 8
47 3 1 39
47 3 1 58
47 3 1 31
47 3 1 3
47 3 1 32
47 3 1 49
47 3 1 51
47 3 2 6
47 3 2 43
47 3 2 51
47 3 2 40
47 3 2 8
47 3 2 26
47 3 2 55
47 3 2 30
47 3 2 9
47 3 2 32
47 3 2 51
47 3 2 22
47 3 2 5
47 3 2 42
47 3 2 49
47 3 2 38
47 3 2 7
47 3 2 41
47 3 2 60
47 3 2 28
47 3 3 8
47 3 3 38
47 3 3 50
47 3 3 21
47 3 3 9
47 3 3 40
47 3 3 60
47 3 3 8
47 3 3 2
47 3 3 29
47 3 3 58
47 3 3 18
47 3 3 2
47 3 3 25
47 3 3 51
47 3 3 40
47 3 3 10
47 3 3 28
47 3 3 49
47 3 3 51
47 3 4 8
47 3 4 32
47 3 4 53
47 3 4 45
47 3 4 7
47 3 4 35
47 3 4 57
47 3 4 17
47 3 4 1
47 3 4 43
47 3 4 49
47 3 4 34
47 3 4 8
47 3 4 26
47 3 4 60
47 3 4 24
47 3 4 1
47 3 4 38
47 3 4 59
47 3 4 23
47 3 5 3
47 3 5 33
47 3 5 51
47 3 5 46
47 3 5 6
47 3 5 40
47 3 5 57
47 3 5 31
47 3 5 2
47 3 5 29
47 3 5 59
47 3 5 48
47 3 5 6
47 3 5 40
47 3 5 52
47 3 5 10
47 3 5 2
47 3 5 31
47 3 5 49
47 3 5 20
47 3 6 4
47 3 6 38
47 3 6 52
47 3 6 36
47 3 6 9
47 3 6 24
47 3 6 52
47 3 6 48
47 3 6 7
47 3 6 43
47 3 6 53
47 3 6 40
47 3 6 2
47 3 6 38
47 3 6 50
47 3 6 35
47 3 6 9
47 3 6 29
47 3 6 52
47 3 6 34
47 3 7 6
47 3 7 42
47 3 7 58
47 3 7 51
47 3 7 9
47 3 7 35
47 3 7 58
47 3 7 37
47 3 7 5
47 3 7 31
47 3 7 57
47 3 7 2
47 3 7 4
47 3 7 24
47 3 7 54
47 3 7 46
47 3 7 6
47 3 7 46
47 3 7 48
47 3 7 21
47 3 8 10
47 3 8 46
47 3 8 58
47 3 8 23
47 3 8 2
47 3 8 39
47 3 8 51
47 3 8 25
47 3 8 1
47 3 8 29
47 3 8 57
47 3 8 5
47 3 8 6
47 3 8 31
47 3 8 52
47 3 8 21
47 3 8 3
47 3 8 28
47 3 8 50
47 3 8 14
47 3 9 9
47 3 9 37
47 3 9 47
47 3 9 18
47 3 9 10
47 3 9 27
47 3 9 48
47 3 9 9
47 3 9 2
47 3 9 30
47 3 9 52
47 3 9 57
47 3 9 6
47 3 9 24
47 3 9 47
47 3 9 47
47 3 9 7
47 3 9 29
47 3 9 55
47 3 9 34
47 3 10 7
47 3 10 46
47 3 10 55
47 3 10 25
47 3 10 3
47 3 10 25
47 3 10 53
47 3 10 58
47 3 10 8
47 3 10 24
47 3 10 53
47 3 10 8
47 3 10 10
47 3 10 31
47 3 10 58
47 3 10 48
47 3 10 4
47 3 10 41
47 3 10 48
47 3 10 60
47 3 11 3
47 3 11 44
47 3 11 47
47 3 11 21
47 3 11 10
47 3 11 47
47 3 11 49
47 3 11 7
47 3 11 7
47 3 11 44
47 3 11 58
47 3 11 8
47 3 11 4
47 3 11 28
47 3 11 47
47 3 11 36
47 3 11 2
47 3 11 23
47 3 11 57
47 3 11 19
47 3 12 1
47 3 12 42
47 3 12 55
47 3 12 53
47 3 12 5
47 3 12 39
47 3 12 58
47 3 12 26
47 3 12 8
47 3 12 32
47 3 12 54
47 3 12 31
47 3 12 9
47 3 12 38
47 3 12 58
47 3 12 52
47 3 12 1
47 3 12 43
47 3 12 50
47 3 12 43
47 3 13 10
47 3 13 46
47 3 13 55
47 3 13 60
47 3 13 1
47 3 13 41
47 3 13 58
47 3 13 35
47 3 13 9
47 3 13 28
47 3 13 52
47 3 13 42
47 3 13 10
47 3 13 40
47 3 13 50
47 3 13 27
47 3 13 3
47 3 13 32
47 3 13 52
47 3 13 34
47 3 14 5
47 3 14 34
47 3 14 47
47 3 14 35
47 3 14 10
47 3 14 45
47 3 14 52
47 3 14 25
47 3 14 2
47 3 14 29
47 3 14 53
47 3 14 33
47 3 14 5
47 3 14 44
47 3 14 54
47 3 14 44
47 3 14 1
47 3 14 30
47 3 14 54
47 3 14 6
47 4 1 1
47 4 1 42
47 4 1 52
47 4 1 3
47 4 1 6
47 4 1 34
47 4 1 54
47 4 1 2
47 4 1 4
47 4 1 24
47 4 1 60
47 4 1 32
47 4 1 2
47 4 1 35
47 4 1 55
47 4 1 52
47 4 1 4
47 4 1 42
47 4 1 56
47 4 1 28
47 4 2 7
47 4 2 33
47 4 2 52
47 4 2 59
47 4 2 9
47 4 2 33
47 4 2 59
47 4 2 27
47 4 2 5
47 4 2 46
47 4 2 52
47 4 2 32
47 4 2 9
47 4 2 40
47 4 2 54
47 4 2 49
47 4 2 2
47 4 2 31
47 4 2 51
47 4 2 15
47 4 3 2
47 4 3 43
47 4 3 56
47 4 3 43
47 4 3 6
47 4 3 27
47 4 3 54
47 4 3 6
47 4 3 9
47 4 3 42
47 4 3 55
47 4 3 57
47 4 3 5
47 4 3 46
47 4 3 57
47 4 3 45
47 4 3 6
47 4 3 29
47 4 3 55
47 4 3 19
47 4 4 5
47 4 4 27
47 4 4 48
47 4 4 20
47 4 4 10
47 4 4 27
47 4 4 49
47 4 4 33
47 4 4 6
47 4 4 37
47 4 4 53
47 4 4 53
47 4 4 10
47 4 4 44
47 4 4 48
47 4 4 49
47 4 4 10
47 4 4 25
47 4 4 51
47 4 4 59
47 4 5 1
47 4 5 45
47 4 5 47
47 4 5 3
47 4 5 3
47 4 5 33
47 4 5 48
47 4 5 27
47 4 5 10
47 4 5 47
47 4 5 55
47 4 5 28
47 4 5 4
47 4 5 40
47 4 5 52
47 4 5 6
47 4 5 9
47 4 5 28
47 4 5 51
47 4 5 38
47 4 6 8
47 4 6 24
47 4 6 59
47 4 6 43
47 4 6 10
47 4 6 33
47 4 6 53
47 4 6 29
47 4 6 9
47 4 6 27
47 4 6 59
47 4 6 8
47 4 6 5
47 4 6 23
47 4 6 51
47 4 6 50
47 4 6 5
47 4 6 29
47 4 6 55
47 4 6 13
47 4 7 3
47 4 7 46
47 4 7 53
47 4 7 8
47 4 7 2
47 4 7 39
47 4 7 48
47 4 7 40
47 4 7 9
47 4 7 46
47 4 7 52
47 4 7 28
47 4 7 6
47 4 7 41
47 4 7 59
47 4 7 60
47 4 7 2
47 4 7 29
47 4 7 56
47 4 7 38
47 4 8 8
47 4 8 46
47 4 8 52
47 4 8 6
47 4 8 10
47 4 8 38
47 4 8 49
47 4 8 46
47 4 8 10
47 4 8 45
47 4 8 55
47 4 8 39
47 4 8 2
47 4 8 35
47 4 8 52
47 4 8 23
47 4 8 4
47 4 8 45
47 4 8 48
47 4 8 21
47 4 9 7
47 4 9 44
47 4 9 47
47 4 9 42
47 4 9 6
47 4 9 23
47 4 9 49
47 4 9 47
47 4 9 4
47 4 9 31
47 4 9 56
47 4 9 51
47 4 9 5
47 4 9 42
47 4 9 58
47 4 9 38
47 4 9 2
47 4 9 30
47 4 9 55
47 4 9 4
47 4 10 5
47 4 10 44
47 4 10 57
47 4 10 31
47 4 10 1
47 4 10 28
47 4 10 56
47 4 10 27
47 4 10 1
47 4 10 45
47 4 10 54
47 4 10 50
47 4 10 5
47 4 10 33
47 4 10 56
47 4 10 36
47 4 10 6
47 4 10 41
47 4 10 48
47 4 10 60
47 4 11 10
47 4 11 34
47 4 11 48
47 4 11 47
47 4 11 10
47 4 11 42
47 4 11 58
47 4 11 16
47 4 11 2
47 4 11 23
47 4 11 56
47 4 11 59
47 4 11 8
47 4 11 36
47 4 11 57
47 4 11 14
47 4 11 9
47 4 11 35
47 4 11 48
47 4 11 28
47 4 12 6
47 4 12 30
47 4 12 47
47 4 12 14
47 4 12 7
47 4 12 36
47 4 12 58
47 4 12 9
47 4 12 2
47 4 12 28
47 4 12 55
47 4 12 20
47 4 12 1
47 4 12 38
47 4 12 55
47 4 12 40
47 4 12 6
47 4 12 24
47 4 12 53
47 4 12 47
47 4 13 2
47 4 13 27
47 4 13 47
47 4 13 29
47 4 13 4
47 4 13 45
47 4 13 54
47 4 13 1
47 4 13 3
47 4 13 30
47 4 13 53
47 4 13 29
47 4 13 10
47 4 13 26
47 4 13 54
47 4 13 5
47 4 13 2
47 4 13 34
47 4 13 58
47 4 13 57
47 4 14 3
47 4 14 29
47 4 14 58
47 4 14 50
47 4 14 7
47 4 14 36
47 4 14 51
47 4 14 46
47 4 14 7
47 4 14 28
47 4 14 48
47 4 14 19
47 4 14 9
47 4 14 24
47 4 14 48
47 4 14 14
47 4 14 6
47 4 14 31
47 4 14 49
47 4 14 27
47 5 1 9
47 5 1 36
47 5 1 58
47 5 1 55
47 5 1 3
47 5 1 45
47 5 1 57
47 5 1 54
47 5 1 5
47 5 1 33
47 5 1 55
47 5 1 40
47 5 1 2
47 5 1 42
47 5 1 59
47 5 1 32
47 5 1 7
47 5 1 37
47 5 1 54
47 5 1 54
47 5 2 1
47 5 2 35
47 5 2 53
47 5 2 19
47 5 2 3
47 5 2 31
47 5 2 53
47 5 2 20
47 5 2 10
47 5 2 31
47 5 2 55
47 5 2 26
47 5 2 4
47 5 2 28
47 5 2 52
47 5 2 38
47 5 2 6
47 5 2 30
47 5 2 57
47 5 2 56
47 5 3 4
47 5 3 40
47 5 3 49
47 5 3 52
47 5 3 3
47 5 3 27
47 5 3 48
47 5 3 34
47 5 3 4
47 5 3 36
47 5 3 51
47 5 3 39
47 5 3 5
47 5 3 23
47 5 3 53
47 5 3 27
47 5 3 6
47 5 3 37
47 5 3 58
47 5 3 17
47 5 4 4
47 5 4 41
47 5 4 49
47 5 4 23
47 5 4 1
47 5 4 40
47 5 4 51
47 5 4 48
47 5 4 4
47 5 4 32
47 5 4 51
47 5 4 42
47 5 4 2
47 5 4 40
47 5 4 55
47 5 4 60
47 5 4 10
47 5 4 33
47 5 4 48
47 5 4 59
47 5 5 3
47 5 5 42
47 5 5 50
47 5 5 20
47 5 5 6
47 5 5 41
47 5 5 59
47 5 5 44
47 5 5 10
47 5 5 30
47 5 5 47
47 5 5 52
47 5 5 8
47 5 5 30
47 5 5 52
47 5 5 4
47 5 5 1
47 5 5 30
47 5 5 58
47 5 5 40
47 5 6 10
47 5 6 41
47 5 6 50
47 5 6 43
47 5 6 6
47 5 6 35
47 5 6 59
47 5 6 46
47 5 6 9
47 5 6 33
47 5 6 50
47 5 6 60
47 5 6 1
47 5 6 32
47 5 6 53
47 5 6 19
47 5 6 1
47 5 6 25
47 5 6 53
47 5 6 9
47 5 7 9
47 5 7 44
47 5 7 54
47 5 7 22
47 5 7 10
47 5 7 36
47 5 7 54
47 5 7 34
47 5 7 1
47 5 7 29
47 5 7 49
47 5 7 42
47 5 7 2
47 5 7 46
47 5 7 54
47 5 7 10
47 5 7 9
47 5 7 45
47 5 7 50
47 5 7 30
47 5 8 2
47 5 8 28
47 5 8 51
47 5 8 37
47 5 8 5
47 5 8 24
47 5 8 48
47 5 8 38
47 5 8 6
47 5 8 45
47 5 8 51
47 5 8 11
47 5 8 10
47 5 8 38
47 5 8 52
47 5 8 55
47 5 8 7
47 5 8 34
47 5 8 60
47 5 8 3
47 5 9 1
47 5 9 41
47 5 9 55
47 5 9 34
47 5 9 8
47 5 9 47
47 5 9 49
47 5 9 40
47 5 9 4
47 5 9 28
47 5 9 48
47 5 9 52
47 5 9 10
47 5 9 44
47 5 9 53
47 5 9 23
47 5 9 7
47 5 9 25
47 5 9 49
47 5 9 34
47 5 10 5
47 5 10 29
47 5 10 51
47 5 10 28
47 5 10 7
47 5 10 41
47 5 10 51
47 5 10 21
47 5 10 5
47 5 10 29
47 5 10 58
47 5 10 20
47 5 10 4
47 5 10 26
47 5 10 56
47 5 10 22
47 5 10 6
47 5 10 37
47 5 10 48
47 5 10 7
47 5 11 7
47 5 11 38
47 5 11 48
47 5 11 31
47 5 11 8
47 5 11 26
47 5 11 59
47 5 11 33
47 5 11 6
47 5 11 40
47 5 11 56
47 5 11 30
47 5 11 2
47 5 11 36
47 5 11 54
47 5 11 31
47 5 11 9
47 5 11 24
47 5 11 52
47 5 11 22
47 5 12 2
47 5 12 45
47 5 12 57
47 5 12 38
47 5 12 1
47 5 12 28
47 5 12 56
47 5 12 11
47 5 12 10
47 5 12 47
47 5 12 53
47 5 12 34
47 5 12 8
47 5 12 40
47 5 12 60
47 5 12 31
47 5 12 7
47 5 12 42
47 5 12 60
47 5 12 25
47 5 13 7
47 5 13 47
47 5 13 56
47 5 13 6
47 5 13 10
47 5 13 36
47 5 13 53
47 5 13 8
47 5 13 2
47 5 13 36
47 5 13 53
47 5 13 43
47 5 13 4
47 5 13 43
47 5 13 51
47 5 13 16
47 5 13 10
47 5 13 47
47 5 13 57
47 5 13 52
47 5 14 8
47 5 14 40
47 5 14 54
47 5 14 32
47 5 14 5
47 5 14 41
47 5 14 60
47 5 14 4
47 5 14 10
47 5 14 45
47 5 14 47
47 5 14 17
47 5 14 6
47 5 14 26
47 5 14 51
47 5 14 27
47 5 14 6
47 5 14 47
47 5 14 58
47 5 14 26
47 6 1 1
47 6 1 45
47 6 1 49
47 6 1 49
47 6 1 5
47 6 1 38
47 6 1 54
47 6 1 42
47 6 1 8
47 6 1 31
47 6 1 53
47 6 1 30
47 6 1 8
47 6 1 37
47 6 1 60
47 6 1 11
47 6 1 9
47 6 1 23
47 6 1 51
47 6 1 53
47 6 2 8
47 6 2 26
47 6 2 49
47 6 2 9
47 6 2 4
47 6 2 36
47 6 2 57
47 6 2 30
47 6 2 2
47 6 2 45
47 6 2 47
47 6 2 35
47 6 2 7
47 6 2 36
47 6 2 59
47 6 2 52
47 6 2 6
47 6 2 44
47 6 2 53
47 6 2 35
47 6 3 1
47 6 3 45
47 6 3 51
47 6 3 40
47 6 3 6
47 6 3 36
47 6 3 47
47 6 3 20
47 6 3 9
47 6 3 35
47 6 3 55
47 6 3 27
47 6 3 6
47 6 3 41
47 6 3 57
47 6 3 43
47 6 3 3
47 6 3 47
47 6 3 58
47 6 3 40
47 6 4 8
47 6 4 28
47 6 4 51
47 6 4 57
47 6 4 1
47 6 4 40
47 6 4 60
47 6 4 14
47 6 4 6
47 6 4 36
47 6 4 49
47 6 4 22
47 6 4 6
47 6 4 25
47 6 4 59
47 6 4 30
47 6 4 9
47 6 4 43
47 6 4 52
47 6 4 40
47 6 5 6
47 6 5 35
47 6 5 52
47 6 5 31
47 6 5 2
47 6 5 36
47 6 5 58
47 6 5 20
47 6 5 3
47 6 5 44
47 6 5 54
47 6 5 55
47 6 5 9
47 6 5 34
47 6 5 60
47 6 5 26
47 6 5 3
47 6 5 44
47 6 5 50
47 6 5 3
47 6 6 4
47 6 6 28
47 6 6 54
47 6 6 12
47 6 6 7
47 6 6 35
47 6 6 48
47 6 6 42
47 6 6 5
47 6 6 33
47 6 6 58
47 6 6 31
47 6 6 6
47 6 6 40
47 6 6 55
47 6 6 2
47 6 6 2
47 6 6 32
47 6 6 60
47 6 6 20
47 6 7 5
47 6 7 27
47 6 7 49
47 6 7 36
47 6 7 1
47 6 7 41
47 6 7 56
47 6 7 39
47 6 7 9
47 6 7 36
47 6 7 54
47 6 7 23
47 6 7 1
47 6 7 43
47 6 7 58
47 6 7 39
47 6 7 8
47 6 7 35
47 6 7 47
47 6 7 53
47 6 8 3
47 6 8 44
47 6 8 58
47 6 8 33
47 6 8 7
47 6 8 38
47 6 8 50
47 6 8 57
47 6 8 8
47 6 8 38
47 6 8 56
47 6 8 29
47 6 8 2
47 6 8 30
47 6 8 53
47 6 8 35
47 6 8 3
47 6 8 27
47 6 8 56
47 6 8 53
47 6 9 3
47 6 9 43
47 6 9 54
47 6 9 57
47 6 9 7
47 6 9 30
47 6 9 48
47 6 9 50
47 6 9 5
47 6 9 38
47 6 9 48
47 6 9 31
47 6 9 1
47 6 9 25
47 6 9 49
47 6 9 55
47 6 9 9
47 6 9 31
47 6 9 53
47 6 9 36
47 6 10 1
47 6 10 37
47 6 10 60
47 6 10 35
47 6 10 8
47 6 10 25
47 6 10 59
47 6 10 34
47 6 10 9
47 6 10 36
47 6 10 47
47 6 10 21
47 6 10 7
47 6 10 23
47 6 10 50
47 6 10 34
47 6 10 9
47 6 10 38
47 6 10 48
47 6 10 40
47 6 11 3
47 6 11 33
47 6 11 51
47 6 11 54
47 6 11 5
47 6 11 46
47 6 11 59
47 6 11 21
47 6 11 6
47 6 11 39
47 6 11 49
47 6 11 57
47 6 11 2
47 6 11 29
47 6 11 47
47 6 11 56
47 6 11 4
47 6 11 34
47 6 11 47
47 6 11 24
47 6 12 5
47 6 12 41
47 6 12 60
47 6 12 45
47 6 12 9
47 6 12 46
47 6 12 56
47 6 12 29
47 6 12 8
47 6 12 47
47 6 12 53
47 6 12 11
47 6 12 5
47 6 12 32
47 6 12 48
47 6 12 11
47 6 12 10
47 6 12 33
47 6 12 57
47 6 12 22
47 6 13 2
47 6 13 32
47 6 13 53
47 6 13 51
47 6 13 2
47 6 13 31
47 6 13 54
47 6 13 54
47 6 13 2
47 6 13 36
47 6 13 60
47 6 13 2
47 6 13 3
47 6 13 32
47 6 13 59
47 6 13 59
47 6 13 10
47 6 13 25
47 6 13 52
47 6 13 31
47 6 14 10
47 6 14 45
47 6 14 50
47 6 14 40
47 6 14 10
47 6 14 37
47 6 14 55
47 6 14 22
47 6 14 9
47 6 14 35
47 6 14 60
47 6 14 56
47 6 14 10
47 6 14 43
47 6 14 59
47 6 14 59
47 6 14 9
47 6 14 45
47 6 14 59
47 6 14 23
47 7 1 8
47 7 1 43
47 7 1 47
47 7 1 48
47 7 1 2
47 7 1 42
47 7 1 48
47 7 1 35
47 7 1 5
47 7 1 47
47 7 1 53
47 7 1 53
47 7 1 3
47 7 1 46
47 7 1 55
47 7 1 9
47 7 1 9
47 7 1 45
47 7 1 56
47 7 1 11
47 7 2 9
47 7 2 46
47 7 2 60
47 7 2 49
47 7 2 4
47 7 2 44
47 7 2 52
47 7 2 39
47 7 2 7
47 7 2 36
47 7 2 49
47 7 2 47
47 7 2 4
47 7 2 39
47 7 2 55
47 7 2 45
47 7 2 3
47 7 2 31
47 7 2 58
47 7 2 29
47 7 3 3
47 7 3 29
47 7 3 55
47 7 3 6
47 7 3 9
47 7 3 44
47 7 3 47
47 7 3 6
47 7 3 1
47 7 3 27
47 7 3 55
47 7 3 53
47 7 3 6
47 7 3 46
47 7 3 51
47 7 3 16
47 7 3 1
47 7 3 30
47 7 3 53
47 7 3 18
47 7 4 5
47 7 4 36
47 7 4 53
47 7 4 32
47 7 4 1
47 7 4 40
47 7 4 56
47 7 4 50
47 7 4 5
47 7 4 47
47 7 4 58
47 7 4 12
47 7 4 2
47 7 4 26
47 7 4 51
47 7 4 8
47 7 4 10
47 7 4 27
47 7 4 58
47 7 4 58
47 7 5 6
47 7 5 24
47 7 5 48
47 7 5 1
47 7 5 6
47 7 5 34
47 7 5 60
47 7 5 42
47 7 5 1
47 7 5 35
47 7 5 57
47 7 5 28
47 7 5 10
47 7 5 40
47 7 5 49
47 7 5 7
47 7 5 3
47 7 5 25
47 7 5 55
47 7 5 46
47 7 6 9
47 7 6 45
47 7 6 51
47 7 6 37
47 7 6 4
47 7 6 38
47 7 6 53
47 7 6 10
47 7 6 8
47 7 6 40
47 7 6 60
47 7 6 15
47 7 6 1
47 7 6 37
47 7 6 49
47 7 6 2
47 7 6 10
47 7 6 39
47 7 6 50
47 7 6 57
47 7 7 10
47 7 7 43
47 7 7 60
47 7 7 15
47 7 7 9
47 7 7 46
47 7 7 51
47 7 7 50
47 7 7 10
47 7 7 25
47 7 7 52
47 7 7 38
47 7 7 5
47 7 7 30
47 7 7 51
47 7 7 46
47 7 7 4
47 7 7 23
47 7 7 50
47 7 7 4
47 7 8 9
47 7 8 30
47 7 8 60
47 7 8 53
47 7 8 1
47 7 8 31
47 7 8 54
47 7 8 25
47 7 8 6
47 7 8 40
47 7 8 59
47 7 8 35
47 7 8 1
47 7 8 43
47 7 8 59
47 7 8 13
47 7 8 3
47 7 8 44
47 7 8 57
47 7 8 5
47 7 9 10
47 7 9 32
47 7 9 55
47 7 9 23
47 7 9 7
47 7 9 43
47 7 9 56
47 7 9 6
47 7 9 6
47 7 9 25
47 7 9 55
47 7 9 31
47 7 9 6
47 7 9 23
47 7 9 53
47 7 9 54
47 7 9 8
47 7 9 29
47 7 9 48
47 7 9 52
47 7 10 10
47 7 10 36
47 7 10 49
47 7 10 57
47 7 10 8
47 7 10 32
47 7 10 56
47 7 10 13
47 7 10 9
47 7 10 34
47 7 10 47
47 7 10 34
47 7 10 1
47 7 10 40
47 7 10 53
47 7 10 17
47 7 10 1
47 7 10 25
47 7 10 49
47 7 10 60
47 7 11 4
47 7 11 42
47 7 11 48
47 7 11 37
47 7 11 10
47 7 11 34
47 7 11 52
47 7 11 43
47 7 11 2
47 7 11 34
47 7 11 50
47 7 11 45
47 7 11 6
47 7 11 33
47 7 11 54
47 7 11 32
47 7 11 4
47 7 11 33
47 7 11 54
47 7 11 27
47 7 12 7
47 7 12 38
47 7 12 51
47 7 12 14
47 7 12 2
47 7 12 36
47 7 12 51
47 7 12 58
47 7 12 9
47 7 12 28
47 7 12 56
47 7 12 39
47 7 12 8
47 7 12 45
47 7 12 50
47 7 12 45
47 7 12 4
47 7 12 26
47 7 12 53
47 7 12 58
47 7 13 8
47 7 13 34
47 7 13 59
47 7 13 26
47 7 13 7
47 7 13 27
47 7 13 53
47 7 13 60
47 7 13 6
47 7 13 23
47 7 13 51
47 7 13 1
47 7 13 7
47 7 13 46
47 7 13 51
47 7 13 57
47 7 13 1
47 7 13 24
47 7 13 51
47 7 13 36
47 7 14 5
47 7 14 38
47 7 14 53
47 7 14 15
47 7 14 3
47 7 14 39
47 7 14 55
47 7 14 27
47 7 14 8
47 7 14 27
47 7 14 52
47 7 14 10
47 7 14 10
47 7 14 45
47 7 14 51
47 7 14 46
47 7 14 8
47 7 14 45
47 7 14 54
47 7 14 37
47 8 1 6
47 8 1 31
47 8 1 48
47 8 1 3
47 8 1 5
47 8 1 31
47 8 1 47
47 8 1 37
47 8 1 3
47 8 1 43
47 8 1 49
47 8 1 2
47 8 1 9
47 8 1 28
47 8 1 48
47 8 1 60
47 8 1 10
47 8 1 29
47 8 1 49
47 8 1 55
47 8 2 5
47 8 2 44
47 8 2 60
47 8 2 45
47 8 2 5
47 8 2 30
47 8 2 53
47 8 2 11
47 8 2 6
47 8 2 26
47 8 2 47
47 8 2 44
47 8 2 9
47 8 2 36
47 8 2 58
47 8 2 49
47 8 2 9
47 8 2 46
47 8 2 58
47 8 2 59
47 8 3 8
47 8 3 35
47 8 3 60
47 8 3 24
47 8 3 7
47 8 3 35
47 8 3 51
47 8 3 60
47 8 3 2
47 8 3 25
47 8 3 58
47 8 3 39
47 8 3 5
47 8 3 25
47 8 3 48
47 8 3 5
47 8 3 5
47 8 3 28
47 8 3 50
47 8 3 18
47 8 4 10
47 8 4 45
47 8 4 48
47 8 4 11
47 8 4 7
47 8 4 43
47 8 4 52
47 8 4 37
47 8 4 10
47 8 4 44
47 8 4 54
47 8 4 21
47 8 4 4
47 8 4 41
47 8 4 52
47 8 4 11
47 8 4 4
47 8 4 30
47 8 4 56
47 8 4 59
47 8 5 10
47 8 5 41
47 8 5 55
47 8 5 27
47 8 5 1
47 8 5 28
47 8 5 54
47 8 5 32
47 8 5 6
47 8 5 41
47 8 5 57
47 8 5 58
47 8 5 2
47 8 5 44
47 8 5 58
47 8 5 52
47 8 5 3
47 8 5 29
47 8 5 53
47 8 5 17
47 8 6 5
47 8 6 23
47 8 6 53
47 8 6 36
47 8 6 7
47 8 6 25
47 8 6 56
47 8 6 31
47 8 6 5
47 8 6 23
47 8 6 58
47 8 6 19
47 8 6 9
47 8 6 45
47 8 6 47
47 8 6 27
47 8 6 5
47 8 6 33
47 8 6 49
47 8 6 26
47 8 7 1
47 8 7 24
47 8 7 49
47 8 7 52
47 8 7 8
47 8 7 40
47 8 7 53
47 8 7 32
47 8 7 6
47 8 7 29
47 8 7 50
47 8 7 43
47 8 7 9
47 8 7 44
47 8 7 53
47 8 7 6
47 8 7 3
47 8 7 24
47 8 7 51
47 8 7 29
47 8 8 5
47 8 8 34
47 8 8 53
47 8 8 58
47 8 8 3
47 8 8 35
47 8 8 50
47 8 8 48
47 8 8 9
47 8 8 26
47 8 8 51
47 8 8 17
47 8 8 1
47 8 8 39
47 8 8 52
47 8 8 10
47 8 8 7
47 8 8 43
47 8 8 54
47 8 8 19
47 8 9 4
47 8 9 23
47 8 9 50
47 8 9 26
47 8 9 2
47 8 9 45
47 8 9 49
47 8 9 47
47 8 9 5
47 8 9 32
47 8 9 59
47 8 9 33
47 8 9 2
47 8 9 25
47 8 9 48
47 8 9 11
47 8 9 3
47 8 9 45
47 8 9 54
47 8 9 35
47 8 10 10
47 8 10 28
47 8 10 53
47 8 10 13
47 8 10 7
47 8 10 29
47 8 10 53
47 8 10 32
47 8 10 6
47 8 10 28
47 8 10 51
47 8 10 50
47 8 10 3
47 8 10 25
47 8 10 57
47 8 10 2
47 8 10 5
47 8 10 26
47 8 10 60
47 8 10 35
47 8 11 9
47 8 11 32
47 8 11 59
47 8 11 58
47 8 11 7
47 8 11 35
47 8 11 53
47 8 11 8
47 8 11 3
47 8 11 36
47 8 11 55
47 8 11 53
47 8 11 9
47 8 11 30
47 8 11 54
47 8 11 1
47 8 11 10
47 8 11 26
47 8 11 60
47 8 11 35
47 8 12 7
47 8 12 45
47 8 12 48
47 8 12 44
47 8 12 1
47 8 12 31
47 8 12 59
47 8 12 14
47 8 12 5
47 8 12 46
47 8 12 51
47 8 12 23
47 8 12 4
47 8 12 47
47 8 12 49
47 8 12 2
47 8 12 8
47 8 12 23
47 8 12 59
47 8 12 10
47 8 13 8
47 8 13 33
47 8 13 49
47 8 13 12
47 8 13 9
47 8 13 44
47 8 13 58
47 8 13 14
47 8 13 4
47 8 13 44
47 8 13 59
47 8 13 18
47 8 13 10
47 8 13 30
47 8 13 55
47 8 13 39
47 8 13 5
47 8 13 45
47 8 13 58
47 8 13 38
47 8 14 10
47 8 14 43
47 8 14 56
47 8 14 47
47 8 14 6
47 8 14 33
47 8 14 57
47 8 14 5
47 8 14 9
47 8 14 28
47 8 14 51
47 8 14 46
47 8 14 4
47 8 14 38
47 8 14 59
47 8 14 51
47 8 14 9
47 8 14 47
47 8 14 50
47 8 14 15
47 9 1 8
47 9 1 35
47 9 1 51
47 9 1 52
47 9 1 10
47 9 1 43
47 9 1 49
47 9 1 60
47 9 1 7
47 9 1 36
47 9 1 47
47 9 1 44
47 9 1 4
47 9 1 41
47 9 1 49
47 9 1 14
47 9 1 6
47 9 1 35
47 9 1 49
47 9 1 10
47 9 2 7
47 9 2 34
47 9 2 54
47 9 2 31
47 9 2 8
47 9 2 30
47 9 2 59
47 9 2 46
47 9 2 10
47 9 2 28
47 9 2 51
47 9 2 32
47 9 2 7
47 9 2 25
47 9 2 54
47 9 2 60
47 9 2 1
47 9 2 43
47 9 2 54
47 9 2 34
47 9 3 1
47 9 3 24
47 9 3 56
47 9 3 17
47 9 3 10
47 9 3 47
47 9 3 49
47 9 3 60
47 9 3 3
47 9 3 45
47 9 3 50
47 9 3 33
47 9 3 7
47 9 3 30
47 9 3 59
47 9 3 20
47 9 3 5
47 9 3 35
47 9 3 52
47 9 3 39
47 9 4 2
47 9 4 34
47 9 4 56
47 9 4 56
47 9 4 4
47 9 4 33
47 9 4 48
47 9 4 33
47 9 4 9
47 9 4 44
47 9 4 48
47 9 4 43
47 9 4 5
47 9 4 30
47 9 4 58
47 9 4 59
47 9 4 3
47 9 4 33
47 9 4 59
47 9 4 6
47 9 5 1
47 9 5 32
47 9 5 60
47 9 5 8
47 9 5 10
47 9 5 23
47 9 5 56
47 9 5 20
47 9 5 5
47 9 5 32
47 9 5 49
47 9 5 28
47 9 5 8
47 9 5 23
47 9 5 54
47 9 5 10
47 9 5 5
47 9 5 45
47 9 5 48
47 9 5 29
47 9 6 7
47 9 6 43
47 9 6 55
47 9 6 45
47 9 6 4
47 9 6 37
47 9 6 59
47 9 6 40
47 9 6 8
47 9 6 27
47 9 6 59
47 9 6 44
47 9 6 7
47 9 6 46
47 9 6 59
47 9 6 16
47 9 6 8
47 9 6 44
47 9 6 58
47 9 6 42
47 9 7 10
47 9 7 44
47 9 7 59
47 9 7 57
47 9 7 10
47 9 7 26
47 9 7 50
47 9 7 60
47 9 7 6
47 9 7 30
47 9 7 58
47 9 7 22
47 9 7 2
47 9 7 25
47 9 7 58
47 9 7 25
47 9 7 1
47 9 7 32
47 9 7 52
47 9 7 57
47 9 8 8
47 9 8 30
47 9 8 52
47 9 8 9
47 9 8 1
47 9 8 37
47 9 8 52
47 9 8 15
47 9 8 2
47 9 8 29
47 9 8 51
47 9 8 38
47 9 8 9
47 9 8 37
47 9 8 55
47 9 8 38
47 9 8 8
47 9 8 33
47 9 8 56
47 9 8 23
47 9 9 10
47 9 9 35
47 9 9 59
47 9 9 22
47 9 9 1
47 9 9 31
47 9 9 56
47 9 9 21
47 9 9 1
47 9 9 39
47 9 9 50
47 9 9 21
47 9 9 6
47 9 9 29
47 9 9 51
47 9 9 23
47 9 9 9
47 9 9 34
47 9 9 50
47 9 9 48
47 9 10 2
47 9 10 29
47 9 10 52
47 9 10 43
47 9 10 7
47 9 10 35
47 9 10 50
47 9 10 8
47 9 10 5
47 9 10 28
47 9 10 57
47 9 10 28
47 9 10 4
47 9 10 23
47 9 10 58
47 9 10 59
47 9 10 1
47 9 10 28
47 9 10 51
47 9 10 21
47 9 11 6
47 9 11 43
47 9 11 56
47 9 11 23
47 9 11 6
47 9 11 41
47 9 11 50
47 9 11 53
47 9 11 9
47 9 11 36
47 9 11 49
47 9 11 17
47 9 11 8
47 9 11 30
47 9 11 50
47 9 11 29
47 9 11 2
47 9 11 29
47 9 11 47
47 9 11 43
47 9 12 3
47 9 12 28
47 9 12 55
47 9 12 33
47 9 12 4
47 9 12 46
47 9 12 59
47 9 12 28
47 9 12 9
47 9 12 43
47 9 12 59
47 9 12 11
47 9 12 2
47 9 12 25
47 9 12 51
47 9 12 19
47 9 12 5
47 9 12 42
47 9 12 49
47 9 12 31
47 9 13 7
47 9 13 44
47 9 13 58
47 9 13 22
47 9 13 5
47 9 13 39
47 9 13 52
47 9 13 26
47 9 13 9
47 9 13 40
47 9 13 55
47 9 13 60
47 9 13 4
47 9 13 37
47 9 13 56
47 9 13 51
47 9 13 9
47 9 13 28
47 9 13 55
47 9 13 5
47 9 14 6
47 9 14 44
47 9 14 50
47 9 14 44
47 9 14 8
47 9 14 44
47 9 14 58
47 9 14 44
47 9 14 6
47 9 14 39
47 9 14 57
47 9 14 53
47 9 14 4
47 9 14 40
47 9 14 55
47 9 14 57
47 9 14 5
47 9 14 40
47 9 14 60
47 9 14 19
47 10 1 1
47 10 1 45
47 10 1 55
47 10 1 59
47 10 1 10
47 10 1 30
47 10 1 55
47 10 1 45
47 10 1 2
47 10 1 35
47 10 1 57
47 10 1 35
47 10 1 1
47 10 1 27
47 10 1 59
47 10 1 43
47 10 1 7
47 10 1 38
47 10 1 55
47 10 1 50
47 10 2 6
47 10 2 32
47 10 2 49
47 10 2 47
47 10 2 10
47 10 2 23
47 10 2 47
47 10 2 57
47 10 2 3
47 10 2 25
47 10 2 55
47 10 2 17
47 10 2 7
47 10 2 26
47 10 2 58
47 10 2 23
47 10 2 10
47 10 2 45
47 10 2 57
47 10 2 37
47 10 3 6
47 10 3 31
47 10 3 55
47 10 3 13
47 10 3 1
47 10 3 33
47 10 3 59
47 10 3 4
47 10 3 3
47 10 3 43
47 10 3 50
47 10 3 24
47 10 3 8
47 10 3 42
47 10 3 59
47 10 3 38
47 10 3 6
47 10 3 34
47 10 3 47
47 10 3 22
47 10 4 10
47 10 4 24
47 10 4 54
47 10 4 11
47 10 4 1
47 10 4 37
47 10 4 47
47 10 4 46
47 10 4 9
47 10 4 31
47 10 4 56
47 10 4 14
47 10 4 7
47 10 4 26
47 10 4 54
47 10 4 48
47 10 4 4
47 10 4 35
47 10 4 60
47 10 4 6
47 10 5 2
47 10 5 32
47 10 5 54
47 10 5 41
47 10 5 7
47 10 5 27
47 10 5 60
47 10 5 30
47 10 5 5
47 10 5 47
47 10 5 57
47 10 5 14
47 10 5 1
47 10 5 38
47 10 5 50
47 10 5 52
47 10 5 3
47 10 5 23
47 10 5 55
47 10 5 53
47 10 6 1
47 10 6 23
47 10 6 57
47 10 6 40
47 10 6 7
47 10 6 34
47 10 6 50
47 10 6 35
47 10 6 10
47 10 6 26
47 10 6 59
47 10 6 32
47 10 6 2
47 10 6 35
47 10 6 55
47 10 6 56
47 10 6 5
47 10 6 24
47 10 6 58
47 10 6 47
47 10 7 7
47 10 7 27
47 10 7 59
47 10 7 57
47 10 7 9
47 10 7 41
47 10 7 53
47 10 7 60
47 10 7 3
47 10 7 35
47 10 7 49
47 10 7 43
47 10 7 6
47 10 7 27
47 10 7 59
47 10 7 25
47 10 7 7
47 10 7 35
47 10 7 57
47 10 7 32
47 10 8 10
47 10 8 29
47 10 8 52
47 10 8 43
47 10 8 2
47 10 8 31
47 10 8 49
47 10 8 23
47 10 8 8
47 10 8 26
47 10 8 48
47 10 8 20
47 10 8 9
47 10 8 29
47 10 8 52
47 10 8 38
47 10 8 2
47 10 8 32
47 10 8 53
47 10 8 17
47 10 9 4
47 10 9 42
47 10 9 54
47 10 9 24
47 10 9 8
47 10 9 28
47 10 9 57
47 10 9 53
47 10 9 9
47 10 9 38
47 10 9 47
47 10 9 30
47 10 9 10
47 10 9 47
47 10 9 58
47 10 9 6
47 10 9 2
47 10 9 39
47 10 9 49
47 10 9 56
47 10 10 6
47 10 10 42
47 10 10 56
47 10 10 12
47 10 10 6
47 10 10 47
47 10 10 59
47 10 10 51
47 10 10 8
47 10 10 34
47 10 10 55
47 10 10 8
47 10 10 4
47 10 10 44
47 10 10 49
47 10 10 14
47 10 10 9
47 10 10 37
47 10 10 60
47 10 10 30
47 10 11 1
47 10 11 44
47 10 11 53
47 10 11 10
47 10 11 10
47 10 11 28
47 10 11 48
47 10 11 38
47 10 11 10
47 10 11 23
47 10 11 50
47 10 11 40
47 10 11 8
47 10 11 37
47 10 11 47
47 10 11 36
47 10 11 8
47 10 11 29
47 10 11 56
47 10 11 40
47 10 12 9
47 10 12 46
47 10 12 49
47 10 12 2
47 10 12 2
47 10 12 23
47 10 12 53
47 10 12 59
47 10 12 9
47 10 12 44
47 10 12 60
47 10 12 25
47 10 12 3
47 10 12 27
47 10 12 47
47 10 12 15
47 10 12 6
47 10 12 46
47 10 12 52
47 10 12 51
47 10 13 1
47 10 13 39
47 10 13 53
47 10 13 29
47 10 13 8
47 10 13 34
47 10 13 53
47 10 13 18
47 10 13 4
47 10 13 25
47 10 13 49
47 10 13 53
47 10 13 9
47 10 13 25
47 10 13 48
47 10 13 19
47 10 13 1
47 10 13 45
47 10 13 48
47 10 13 57
47 10 14 9
47 10 14 34
47 10 14 51
47 10 14 38
47 10 14 8
47 10 14 43
47 10 14 48
47 10 14 14
47 10 14 8
47 10 14 43
47 10 14 60
47 10 14 5
47 10 14 7
47 10 14 30
47 10 14 57
47 10 14 27
47 10 14 1
47 10 14 31
47 10 14 51
47 10 14 1
47 11 1 1
47 11 1 25
47 11 1 55
47 11 1 51
47 11 1 8
47 11 1 46
47 11 1 50
47 11 1 37
47 11 1 1
47 11 1 25
47 11 1 55
47 11 1 2
47 11 1 6
47 11 1 31
47 11 1 56
47 11 1 29
47 11 1 10
47 11 1 36
47 11 1 51
47 11 1 29
47 11 2 9
47 11 2 27
47 11 2 48
47 11 2 50
47 11 2 2
47 11 2 31
47 11 2 58
47 11 2 13
47 11 2 1
47 11 2 40
47 11 2 53
47 11 2 40
47 11 2 6
47 11 2 35
47 11 2 48
47 11 2 37
47 11 2 6
47 11 2 26
47 11 2 60
47 11 2 19
47 11 3 4
47 11 3 46
47 11 3 55
47 11 3 53
47 11 3 10
47 11 3 37
47 11 3 54
47 11 3 38
47 11 3 4
47 11 3 45
47 11 3 57
47 11 3 33
47 11 3 8
47 11 3 32
47 11 3 51
47 11 3 2
47 11 3 10
47 11 3 29
47 11 3 54
47 11 3 19
47 11 4 4
47 11 4 33
47 11 4 57
47 11 4 33
47 11 4 9
47 11 4 27
47 11 4 59
47 11 4 35
47 11 4 8
47 11 4 46
47 11 4 54
47 11 4 33
47 11 4 7
47 11 4 27
47 11 4 48
47 11 4 52
47 11 4 3
47 11 4 40
47 11 4 53
47 11 4 40
47 11 5 7
47 11 5 37
47 11 5 49
47 11 5 42
47 11 5 1
47 11 5 34
47 11 5 54
47 11 5 3
47 11 5 3
47 11 5 46
47 11 5 58
47 11 5 21
47 11 5 9
47 11 5 26
47 11 5 49
47 11 5 27
47 11 5 5
47 11 5 39
47 11 5 50
47 11 5 46
47 11 6 8
47 11 6 42
47 11 6 53
47 11 6 10
47 11 6 2
47 11 6 30
47 11 6 47
47 11 6 22
47 11 6 7
47 11 6 40
47 11 6 49
47 11 6 23
47 11 6 8
47 11 6 38
47 11 6 56
47 11 6 1
47 11 6 9
47 11 6 30
47 11 6 60
47 11 6 34
47 11 7 7
47 11 7 47
47 11 7 56
47 11 7 29
47 11 7 5
47 11 7 24
47 11 7 60
47 11 7 22
47 11 7 4
47 11 7 31
47 11 7 55
47 11 7 54
47 11 7 2
47 11 7 24
47 11 7 56
47 11 7 58
47 11 7 2
47 11 7 36
47 11 7 54
47 11 7 20
47 11 8 10
47 11 8 45
47 11 8 55
47 11 8 13
47 11 8 9
47 11 8 29
47 11 8 54
47 11 8 11
47 11 8 1
47 11 8 34
47 11 8 48
47 11 8 6
47 11 8 7
47 11 8 23
47 11 8 58
47 11 8 14
47 11 8 4
47 11 8 45
47 11 8 55
47 11 8 40
47 11 9 6
47 11 9 35
47 11 9 50
47 11 9 17
47 11 9 9
47 11 9 25
47 11 9 51
47 11 9 38
47 11 9 10
47 11 9 24
47 11 9 58
47 11 9 37
47 11 9 5
47 11 9 33
47 11 9 52
47 11 9 34
47 11 9 4
47 11 9 35
47 11 9 48
47 11 9 21
47 11 10 5
47 11 10 40
47 11 10 52
47 11 10 46
47 11 10 2
47 11 10 36
47 11 10 59
47 11 10 29
47 11 10 2
47 11 10 34
47 11 10 48
47 11 10 30
47 11 10 10
47 11 10 31
47 11 10 49
47 11 10 43
47 11 10 7
47 11 10 34
47 11 10 52
47 11 10 9
47 11 11 5
47 11 11 34
47 11 11 47
47 11 11 41
47 11 11 9
47 11 11 41
47 11 11 51
47 11 11 38
47 11 11 5
47 11 11 27
47 11 11 52
47 11 11 11
47 11 11 9
47 11 11 36
47 11 11 59
47 11 11 58
47 11 11 8
47 11 11 29
47 11 11 60
47 11 11 36
47 11 12 6
47 11 12 46
47 11 12 52
47 11 12 40
47 11 12 10
47 11 12 37
47 11 12 47
47 11 12 34
47 11 12 3
47 11 12 40
47 11 12 58
47 11 12 37
47 11 12 5
47 11 12 47
47 11 12 48
47 11 12 40
47 11 12 2
47 11 12 46
47 11 12 57
47 11 12 43
47 11 13 4
47 11 13 26
47 11 13 57
47 11 13 22
47 11 13 6
47 11 13 35
47 11 13 52
47 11 13 16
47 11 13 2
47 11 13 43
47 11 13 51
47 11 13 56
47 11 13 10
47 11 13 40
47 11 13 50
47 11 13 59
47 11 13 9
47 11 13 25
47 11 13 48
47 11 13 15
47 11 14 3
47 11 14 39
47 11 14 54
47 11 14 33
47 11 14 6
47 11 14 44
47 11 14 57
47 11 14 33
47 11 14 9
47 11 14 35
47 11 14 56
47 11 14 39
47 11 14 10
47 11 14 36
47 11 14 57
47 11 14 8
47 11 14 10
47 11 14 24
47 11 14 52
47 11 14 13
47 12 1 4
47 12 1 29
47 12 1 48
47 12 1 55
47 12 1 1
47 12 1 23
47 12 1 53
47 12 1 4
47 12 1 8
47 12 1 25
47 12 1 54
47 12 1 51
47 12 1 1
47 12 1 34
47 12 1 51
47 12 1 12
47 12 1 6
47 12 1 42
47 12 1 49
47 12 1 2
47 12 2 10
47 12 2 37
47 12 2 47
47 12 2 40
47 12 2 7
47 12 2 47
47 12 2 49
47 12 2 52
47 12 2 10
47 12 2 45
47 12 2 60
47 12 2 55
47 12 2 4
47 12 2 42
47 12 2 53
47 12 2 57
47 12 2 6
47 12 2 41
47 12 2 57
47 12 2 36
47 12 3 6
47 12 3 32
47 12 3 47
47 12 3 28
47 12 3 8
47 12 3 34
47 12 3 47
47 12 3 31
47 12 3 6
47 12 3 41
47 12 3 51
47 12 3 1
47 12 3 3
47 12 3 38
47 12 3 59
47 12 3 43
47 12 3 4
47 12 3 39
47 12 3 49
47 12 3 7
47 12 4 1
47 12 4 45
47 12 4 56
47 12 4 3
47 12 4 6
47 12 4 29
47 12 4 54
47 12 4 34
47 12 4 2
47 12 4 36
47 12 4 55
47 12 4 7
47 12 4 3
47 12 4 28
47 12 4 53
47 12 4 25
47 12 4 3
47 12 4 27
47 12 4 58
47 12 4 45
47 12 5 10
47 12 5 41
47 12 5 55
47 12 5 52
47 12 5 10
47 12 5 38
47 12 5 49
47 12 5 1
47 12 5 2
47 12 5 28
47 12 5 53
47 12 5 30
47 12 5 1
47 12 5 34
47 12 5 58
47 12 5 13
47 12 5 4
47 12 5 42
47 12 5 54
47 12 5 47
47 12 6 7
47 12 6 39
47 12 6 48
47 12 6 6
47 12 6 8
47 12 6 43
47 12 6 52
47 12 6 59
47 12 6 8
47 12 6 24
47 12 6 48
47 12 6 1
47 12 6 8
47 12 6 37
47 12 6 48
47 12 6 12
47 12 6 5
47 12 6 31
47 12 6 54
47 12 6 30
47 12 7 7
47 12 7 25
47 12 7 48
47 12 7 28
47 12 7 7
47 12 7 38
47 12 7 53
47 12 7 19
47 12 7 1
47 12 7 42
47 12 7 60
47 12 7 55
47 12 7 9
47 12 7 45
47 12 7 56
47 12 7 7
47 12 7 8
47 12 7 35
47 12 7 52
47 12 7 14
47 12 8 8
47 12 8 31
47 12 8 57
47 12 8 49
47 12 8 3
47 12 8 28
47 12 8 52
47 12 8 51
47 12 8 9
47 12 8 27
47 12 8 53
47 12 8 38
47 12 8 6
47 12 8 39
47 12 8 60
47 12 8 1
47 12 8 9
47 12 8 34
47 12 8 49
47 12 8 16
47 12 9 7
47 12 9 24
47 12 9 48
47 12 9 19
47 12 9 2
47 12 9 25
47 12 9 54
47 12 9 43
47 12 9 6
47 12 9 35
47 12 9 50
47 12 9 59
47 12 9 5
47 12 9 46
47 12 9 52
47 12 9 27
47 12 9 4
47 12 9 32
47 12 9 59
47 12 9 39
47 12 10 9
47 12 10 39
47 12 10 47
47 12 10 60
47 12 10 5
47 12 10 36
47 12 10 53
47 12 10 31
47 12 10 4
47 12 10 27
47 12 10 52
47 12 10 23
47 12 10 6
47 12 10 33
47 12 10 47
47 12 10 16
47 12 10 3
47 12 10 24
47 12 10 59
47 12 10 37
47 12 11 6
47 12 11 32
47 12 11 58
47 12 11 20
47 12 11 1
47 12 11 31
47 12 11 59
47 12 11 59
47 12 11 5
47 12 11 40
47 12 11 50
47 12 11 45
47 12 11 1
47 12 11 41
47 12 11 53
47 12 11 59
47 12 11 2
47 12 11 35
47 12 11 54
47 12 11 49
47 14 3 55
47 14 3 32
47 14 4 8
47 14 4 25
47 14 4 50
47 14 4 4
47 14 4 7
47 14 4 42
47 14 4 56
47 14 4 39
47 14 4 7
47 14 4 26
47 14 4 47
47 14 4 10
47 14 4 10
47 14 4 37
47 14 4 54
47 14 4 32
47 14 4 8
47 14 4 37
47 14 4 54
47 14 4 36
47 14 5 3
47 14 5 43
47 14 5 51
47 14 5 32
47 14 5 7
47 14 5 41
47 14 5 52
47 14 5 33
47 14 5 7
47 14 5 41
47 14 5 59
47 14 5 1
47 14 5 4
47 14 5 28
47 14 5 58
47 14 5 43
47 14 5 5
47 14 5 38
47 14 5 54
47 14 5 57
47 14 6 2
47 14 6 47
47 14 6 52
47 14 6 1
47 14 6 8
47 14 6 27
47 14 6 51
47 14 6 32
47 14 6 9
47 14 6 46
47 14 6 59
47 14 6 42
47 14 6 8
47 14 6 25
47 14 6 48
47 14 6 27
47 14 6 1
47 14 6 46
47 14 6 51
47 14 6 39
47 14 7 1
47 14 7 47
47 14 7 57
47 14 7 18
47 14 7 2
47 14 7 23
47 14 7 50
47 14 7 48
47 14 7 4
47 14 7 27
47 14 7 55
47 14 7 18
47 14 7 7
47 14 7 33
47 14 7 52
47 14 7 16
47 14 7 8
47 14 7 36
47 14 7 47
47 14 7 16
47 14 8 5
47 14 8 47
47 14 8 56
47 14 8 45
47 14 8 3
47 14 8 41
47 14 8 55
47 14 8 59
47 14 8 4
47 14 8 34
47 14 8 60
47 14 8 6
47 14 8 8
47 14 8 28
47 14 8 56
47 14 8 57
47 14 8 10
47 14 8 42
47 14 8 56
47 14 8 30
47 14 9 10
47 14 9 43
47 14 9 51
47 14 9 16
47 14 9 5
47 14 9 25
47 14 9 58
47 14 9 26
47 14 9 5
47 14 9 44
47 14 9 50
47 14 9 31
47 14 9 10
47 14 9 36
47 14 9 56
47 14 9 52
47 14 9 8
47 14 9 46
47 14 9 47
47 14 9 45
47 14 10 1
47 14 10 40
47 14 10 51
47 14 10 13
47 14 10 9
47 14 10 39
47 14 10 59
47 14 10 59
47 14 10 8
47 14 10 41
47 14 10 51
47 14 10 28
47 14 10 9
47 14 10 35
47 14 10 59
47 14 10 15
47 14 10 2
47 14 10 30
47 14 10 60
47 14 10 19
47 14 11 9
47 14 11 29
47 14 11 53
47 14 11 33
47 14 11 8
47 14 11 46
47 14 11 59
47 14 11 49
47 14 11 8
47 14 11 28
47 14 11 53
47 14 11 40
47 14 11 7
47 14 11 24
47 14 11 56
47 14 11 55
47 14 11 5
47 14 11 36
47 14 11 55
47 14 11 28
47 14 12 5
47 14 12 37
47 14 12 59
47 14 12 47
47 14 12 6
47 14 12 44
47 14 12 50
47 14 12 49
47 14 12 3
47 14 12 29
47 14 12 48
47 14 12 32
47 14 12 6
47 14 12 28
47 14 12 50
47 14 12 31
47 14 12 6
47 14 12 27
47 14 12 59
47 14 12 17
47 14 13 5
47 14 13 24
47 14 13 54
47 14 13 7
47 14 13 3
47 14 13 47
47 14 13 47
47 14 13 14
47 14 13 6
47 14 13 47
47 14 13 57
47 14 13 40
47 14 13 4
47 14 13 36
47 14 13 48
47 14 13 38
47 14 13 6
47 14 13 40
47 14 13 57
47 14 13 37
47 14 14 10
47 14 14 26
47 14 14 58
47 14 14 26
47 14 14 6
47 14 14 36
47 14 14 51
47 14 14 7
47 14 14 8
47 14 14 37
47 14 14 47
47 14 14 12
47 14 14 10
47 14 14 43
47 14 14 51
47 14 14 14
47 14 14 10
47 14 14 46
47 14 14 60
47 14 14 19
53 1 1 5
53 1 1 42
53 1 1 66
53 1 1 56
53 1 1 10
53 1 1 33
53 1 1 59
53 1 1 48
53 1 1 1
53 1 1 34
53 1 1 68
53 1 1 52
53 1 1 2
53 1 1 39
53 1 1 56
53 1 1 64
53 1 1 4
53 1 1 28
53 1 1 66
53 1 1 17
53 1 2 4
53 1 2 32
53 1 2 60
53 1 2 34
53 1 2 7
53 1 2 36
53 1 2 57
53 1 2 34
53 1 2 2
53 1 2 33
53 1 2 53
53 1 2 49
53 1 2 10
53 1 2 47
53 1 2 58
53 1 2 45
53 1 2 2
53 1 2 31
53 1 2 59
53 1 2 49
53 1 3 3
53 1 3 34
53 1 3 65
53 1 3 4
53 1 3 2
53 1 3 38
53 1 3 63
53 1 3 53
53 1 3 7
53 1 3 35
53 1 3 59
53 1 3 20
53 1 3 9
53 1 3 27
53 1 3 56
53 1 3 44
53 1 3 5
53 1 3 31
53 1 3 64
53 1 3 65
53 1 4 10
53 1 4 51
53 1 4 66
53 1 4 47
53 1 4 8
53 1 4 36
53 1 4 55
53 1 4 13
53 1 4 8
53 1 4 37
53 1 4 58
53 1 4 50
53 1 4 1
53 1 4 51
53 1 4 60
53 1 4 45
53 1 4 6
53 1 4 48
53 1 4 64
53 1 4 13
53 1 5 8
53 1 5 29
53 1 5 59
53 1 5 5
53 1 5 9
53 1 5 26
53 1 5 67
53 1 5 62
53 1 5 8
53 1 5 31
53 1 5 53
53 1 5 9
53 1 5 7
53 1 5 36
53 1 5 66
53 1 5 40
53 1 5 6
53 1 5 42
53 1 5 57
53 1 5 61
53 1 6 1
53 1 6 49
53 1 6 55
53 1 6 10
53 1 6 1
53 1 6 51
53 1 6 68
53 1 6 29
53 1 6 5
53 1 6 39
53 1 6 59
53 1 6 20
53 1 6 2
53 1 6 40
53 1 6 58
53 1 6 63
53 1 6 1
53 1 6 42
53 1 6 57
53 1 6 44
53 1 7 9
53 1 7 40
53 1 7 54
53 1 7 4
53 1 7 8
53 1 7 49
53 1 7 53
53 1 7 51
53 1 7 6
53 1 7 36
53 1 7 67
53 1 7 13
53 1 7 1
53 1 7 35
53 1 7 53
53 1 7 42
53 1 7 9
53 1 7 35
53 1 7 54
53 1 7 39
53 1 8 3
53 1 8 47
53 1 8 60
53 1 8 39
53 1 8 7
53 1 8 53
53 1 8 58
53 1 8 66
53 1 8 1
53 1 8 27
53 1 8 60
53 1 8 35
53 1 8 8
53 1 8 35
53 1 8 59
53 1 8 48
53 1 8 3
53 1 8 38
53 1 8 61
53 1 8 32
53 1 9 7
53 1 9 37
53 1 9 59
53 1 9 56
53 1 9 10
53 1 9 48
53 1 9 62
53 1 9 7
53 1 9 8
53 1 9 39
53 1 9 63
53 1 9 45
53 1 9 7
53 1 9 41
53 1 9 68
53 1 9 55
53 1 9 8
53 1 9 26
53 1 9 67
53 1 9 17
53 1 10 8
53 1 10 52
53 1 10 55
53 1 10 13
53 1 10 6
53 1 10 27
53 1 10 57
53 1 10 22
53 1 10 9
53 1 10 30
53 1 10 55
53 1 10 46
53 1 10 5
53 1 10 47
53 1 10 63
53 1 10 22
53 1 10 9
53 1 10 41
53 1 10 59
53 1 10 22
53 1 11 2
53 1 11 49
53 1 11 57
53 1 11 17
53 1 11 8
53 1 11 44
53 1 11 60
53 1 11 5
53 1 11 2
53 1 11 51
53 1 11 60
53 1 11 5
53 1 11 4
53 1 11 44
53 1 11 67
53 1 11 33
53 1 11 3
53 1 11 50
53 1 11 63
53 1 11 15
53 1 12 3
53 1 12 37
53 1 12 58
53 1 12 2
53 1 12 9
53 1 12 43
53 1 12 65
53 1 12 12
53 1 12 3
53 1 12 38
53 1 12 58
53 1 12 19
53 1 12 7
53 1 12 51
53 1 12 67
53 1 12 50
53 1 12 1
53 1 12 43
53 1 12 57
53 1 12 7
53 1 13 1
53 1 13 47
53 1 13 54
53 1 13 32
53 1 13 4
53 1 13 46
53 1 13 55
53 1 13 16
53 1 13 3
53 1 13 38
53 1 13 67
53 1 13 43
53 1 13 8
53 1 13 29
53 1 13 60
53 1 13 38
53 1 13 7
53 1 13 26
53 1 13 63
53 1 13 37
53 1 14 4
53 1 14 41
53 1 14 68
53 1 14 16
53 1 14 9
53 1 14 32
53 1 14 55
53 1 14 19
53 1 14 7
53 1 14 53
53 1 14 61
53 1 14 67
53 1 14 8
53 1 14 35
53 1 14 63
53 1 14 54
53 1 14 8
53 1 14 45
53 1 14 60
53 1 14 3
53 2 1 10
53 2 1 41
53 2 1 67
53 2 1 55
53 2 1 6
53 2 1 28
53 2 1 63
53 2 1 53
53 2 1 9
53 2 1 40
53 2 1 57
53 2 1 7
53 2 1 5
53 2 1 39
53 2 1 68
53 2 1 42
53 2 1 1
53 2 1 37
53 2 1 61
53 2 1 55
53 2 2 10
53 2 2 33
53 2 2 67
53 2 2 2
53 2 2 9
53 2 2 42
53 2 2 53
53 2 2 63
53 2 2 8
53 2 2 36
53 2 2 55
53 2 2 32
53 2 2 1
53 2 2 27
53 2 2 56
53 2 2 55
53 2 2 9
53 2 2 28
53 2 2 65
53 2 2 44
53 2 3 5
53 2 3 44
53 2 3 58
53 2 3 6
53 2 3 8
53 2 3 50
53 2 3 54
53 2 3 2
53 2 3 9
53 2 3 36
53 2 3 55
53 2 3 3
53 2 3 1
53 2 3 27
53 2 3 65
53 2 3 25
53 2 3 1
53 2 3 40
53 2 3 60
53 2 3 64
53 2 4 1
53 2 4 36
53 2 4 55
53 2 4 65
53 2 4 4
53 2 4 36
53 2 4 63
53 2 4 48
53 2 4 10
53 2 4 50
53 2 4 68
53 2 4 68
53 2 4 8
53 2 4 32
53 2 4 66
53 2 4 24
53 2 4 5
53 2 4 36
53 2 4 57
53 2 4 67
53 2 5 9
53 2 5 39
53 2 5 57
53 2 5 56
53 2 5 4
53 2 5 51
53 2 5 56
53 2 5 35
53 2 5 5
53 2 5 28
53 2 5 63
53 2 5 45
53 2 5 6
53 2 5 43
53 2 5 67
53 2 5 13
53 2 5 7
53 2 5 32
53 2 5 68
53 2 5 28
53 2 6 5
53 2 6 26
53 2 6 67
53 2 6 50
53 2 6 1
53 2 6 50
53 2 6 63
53 2 6 56
53 2 6 9
53 2 6 53
53 2 6 63
53 2 6 65
53 2 6 4
53 2 6 41
53 2 6 53
53 2 6 40
53 2 6 3
53 2 6 30
53 2 6 58
53 2 6 3
53 2 7 5
53 2 7 37
53 2 7 54
53 2 7 42
53 2 7 9
53 2 7 37
53 2 7 68
53 2 7 8
53 2 7 4
53 2 7 48
53 2 7 54
53 2 7 27
53 2 7 9
53 2 7 32
53 2 7 65
53 2 7 15
53 2 7 7
53 2 7 35
53 2 7 58
53 2 7 45
53 2 8 3
53 2 8 32
53 2 8 62
53 2 8 55
53 2 8 1
53 2 8 32
53 2 8 62
53 2 8 27
53 2 8 4
53 2 8 50
53 2 8 60
53 2 8 54
53 2 8 1
53 2 8 35
53 2 8 58
53 2 8 34
53 2 8 6
53 2 8 47
53 2 8 57
53 2 8 37
53 2 9 1
53 2 9 39
53 2 9 59
53 2 9 27
53 2 9 5
53 2 9 29
53 2 9 59
53 2 9 66
53 2 9 3
53 2 9 38
53 2 9 57
53 2 9 56
53 2 9 10
53 2 9 26
53 2 9 68
53 2 9 41
53 2 9 2
53 2 9 46
53 2 9 66
53 2 9 40
53 2 10 1
53 2 10 49
53 2 10 56
53 2 10 33
53 2 10 4
53 2 10 42
53 2 10 63
53 2 10 28
53 2 10 3
53 2 10 45
53 2 10 56
53 2 10 64
53 2 10 7
53 2 10 39
53 2 10 57
53 2 10 38
53 2 10 2
53 2 10 26
53 2 10 54
53 2 10 1
53 2 11 5
53 2 11 45
53 2 11 63
53 2 11 10
53 2 11 6
53 2 11 36
53 2 11 67
53 2 11 52
53 2 11 3
53 2 11 45
53 2 11 56
53 2 11 45
53 2 11 7
53 2 11 29
53 2 11 61
53 2 11 28
53 2 11 8
53 2 11 38
53 2 11 65
53 2 11 12
53 2 12 2
53 2 12 26
53 2 12 66
53 2 12 57
53 2 12 2
53 2 12 36
53 2 12 68
53 2 12 36
53 2 12 10
53 2 12 43
53 2 12 55
53 2 12 25
53 2 12 1
53 2 12 42
53 2 12 67
53 2 12 14
53 2 12 9
53 2 12 35
53 2 12 56
53 2 12 68
53 2 13 1
53 2 13 27
53 2 13 55
53 2 13 62
53 2 13 3
53 2 13 42
53 2 13 59
53 2 13 22
53 2 13 3
53 2 13 49
53 2 13 64
53 2 13 14
53 2 13 8
53 2 13 35
53 2 13 53
53 2 13 51
53 2 13 1
53 2 13 30
53 2 13 64
53 2 13 56
53 2 14 2
53 2 14 40
53 2 14 63
53 2 14 50
53 2 14 2
53 2 14 52
53 2 14 64
53 2 14 10
53 2 14 1
53 2 14 45
53 2 14 60
53 2 14 60
53 2 14 3
53 2 14 44
53 2 14 57
53 2 14 1
53 2 14 2
53 2 14 32
53 2 14 67
53 2 14 54
53 3 1 8
53 3 1 42
53 3 1 54
53 3 1 41
53 3 1 3
53 3 1 43
53 3 1 57
53 3 1 50
53 3 1 3
53 3 1 52
53 3 1 62
53 3 1 43
53 3 1 6
53 3 1 46
53 3 1 63
53 3 1 18
53 3 1 8
53 3 1 43
53 3 1 67
53 3 1 6
53 3 2 1
53 3 2 40
53 3 2 59
53 3 2 20
53 3 2 2
53 3 2 35
53 3 2 68
53 3 2 41
53 3 2 4
53 3 2 38
53 3 2 63
53 3 2 4
53 3 2 5
53 3 2 33
53 3 2 67
53 3 2 32
53 3 2 7
53 3 2 36
53 3 2 65
53 3 2 43
53 3 3 10
53 3 3 39
53 3 3 64
53 3 3 61
53 3 3 8
53 3 3 28
53 3 3 54
53 3 3 14
53 3 3 8
53 3 3 28
53 3 3 55
53 3 3 31
53 3 3 5
53 3 3 47
53 3 3 54
53 3 3 33
53 3 3 1
53 3 3 29
53 3 3 66
53 3 3 5
53 3 4 4
53 3 4 27
53 3 4 59
53 3 4 34
53 3 4 2
53 3 4 51
53 3 4 54
53 3 4 64
53 3 4 4
53 3 4 52
53 3 4 60
53 3 4 5
53 3 4 10
53 3 4 37
53 3 4 57
53 3 4 57
53 3 4 8
53 3 4 45
53 3 4 60
53 3 4 45
53 3 5 3
53 3 5 50
53 3 5 66
53 3 5 57
53 3 5 3
53 3 5 32
53 3 5 63
53 3 5 60
53 3 5 9
53 3 5 42
53 3 5 55
53 3 5 65
53 3 5 6
53 3 5 49
53 3 5 66
53 3 5 10
53 3 5 1
53 3 5 36
53 3 5 67
53 3 5 63
53 3 6 7
53 3 6 37
53 3 6 65
53 3 6 62
53 3 6 9
53 3 6 49
53 3 6 57
53 3 6 57
53 3 6 3
53 3 6 39
53 3 6 66
53 3 6 9
53 3 6 8
53 3 6 40
53 3 6 63
53 3 6 32
53 3 6 6
53 3 6 35
53 3 6 62
53 3 6 64
53 3 7 2
53 3 7 40
53 3 7 64
53 3 7 44
53 3 7 2
53 3 7 29
53 3 7 53
53 3 7 60
53 3 7 2
53 3 7 44
53 3 7 63
53 3 7 45
53 3 7 8
53 3 7 29
53 3 7 56
53 3 7 40
53 3 7 6
53 3 7 47
53 3 7 68
53 3 7 66
53 3 8 3
53 3 8 29
53 3 8 64
53 3 8 49
53 3 8 8
53 3 8 52
53 3 8 54
53 3 8 3
53 3 8 10
53 3 8 38
53 3 8 60
53 3 8 24
53 3 8 6
53 3 8 29
53 3 8 57
53 3 8 51
53 3 8 8
53 3 8 42
53 3 8 64
53 3 8 55
53 3 9 6
53 3 9 49
53 3 9 64
53 3 9 43
53 3 9 1
53 3 9 44
53 3 9 59
53 3 9 20
53 3 9 8
53 3 9 40
53 3 9 66
53 3 9 23
53 3 9 5
53 3 9 26
53 3 9 67
53 3 9 60
53 3 9 7
53 3 9 47
53 3 9 67
53 3 9 40
53 3 10 6
53 3 10 34
53 3 10 63
53 3 10 18
53 3 10 2
53 3 10 48
53 3 10 63
53 3 10 51
53 3 10 8
53 3 10 53
53 3 10 54
53 3 10 46
53 3 10 10
53 3 10 48
53 3 10 66
53 3 10 45
53 3 10 9
53 3 10 28
53 3 10 59
53 3 10 40
53 3 11 2
53 3 11 44
53 3 11 67
53 3 11 18
53 3 11 3
53 3 11 51
53 3 11 64
53 3 11 41
53 3 11 6
53 3 11 43
53 3 11 67
53 3 11 4
53 3 11 10
53 3 11 45
53 3 11 57
53 3 11 64
53 3 11 3
53 3 11 43
53 3 11 55
53 3 11 50
53 3 12 6
53 3 12 46
53 3 12 66
53 3 12 61
53 3 12 4
53 3 12 26
53 3 12 66
53 3 12 31
53 3 12 10
53 3 12 36
53 3 12 57
53 3 12 60
53 3 12 5
53 3 12 44
53 3 12 59
53 3 12 47
53 3 12 8
53 3 12 27
53 3 12 67
53 3 12 9
53 3 13 10
53 3 13 30
53 3 13 60
53 3 13 49
53 3 13 9
53 3 13 35
53 3 13 61
53 3 13 9
53 3 13 8
53 3 13 38
53 3 13 55
53 3 13 37
53 3 13 10
53 3 13 39
53 3 13 54
53 3 13 55
53 3 13 10
53 3 13 27
53 3 13 68
53 3 13 1
53 3 14 1
53 3 14 32
53 3 14 58
53 3 14 38
53 3 14 6
53 3 14 42
53 3 14 56
53 3 14 32
53 3 14 8
53 3 14 44
53 3 14 64
53 3 14 27
53 3 14 1
53 3 14 34
53 3 14 66
53 3 14 5
53 3 14 3
53 3 14 53
53 3 14 62
53 3 14 28
53 4 1 3
53 4 1 35
53 4 1 67
53 4 1 26
53 4 1 5
53 4 1 26
53 4 1 55
53 4 1 38
53 4 1 7
53 4 1 43
53 4 1 58
53 4 1 37
53 4 1 4
53 4 1 47
53 4 1 59
53 4 1 32
53 4 1 2
53 4 1 38
53 4 1 66
53 4 1 58
53 4 2 1
53 4 2 36
53 4 2 59
53 4 2 35
53 4 2 6
53 4 2 45
53 4 2 68
53 4 2 22
53 4 2 8
53 4 2 47
53 4 2 58
53 4 2 26
53 4 2 4
53 4 2 42
53 4 2 59
53 4 2 26
53 4 2 3
53 4 2 49
53 4 2 63
53 4 2 13
53 4 3 1
53 4 3 44
53 4 3 65
53 4 3 28
53 4 3 10
53 4 3 38
53 4 3 68
53 4 3 49
53 4 3 1
53 4 3 43
53 4 3 66
53 4 3 17
53 4 3 8
53 4 3 44
53 4 3 55
53 4 3 7
53 4 3 10
53 4 3 45
53 4 3 53
53 4 3 4
53 4 4 8
53 4 4 39
53 4 4 62
53 4 4 57
53 4 4 5
53 4 4 43
53 4 4 68
53 4 4 11
53 4 4 4
53 4 4 43
53 4 4 53
53 4 4 44
53 4 4 8
53 4 4 49
53 4 4 68
53 4 4 55
53 4 4 10
53 4 4 53
53 4 4 57
53 4 4 22
53 4 5 9
53 4 5 36
53 4 5 54
53 4 5 64
53 4 5 1
53 4 5 33
53 4 5 63
53 4 5 26
53 4 5 8
53 4 5 41
53 4 5 61
53 4 5 55
53 4 5 1
53 4 5 39
53 4 5 67
53 4 5 51
53 4 5 9
53 4 5 49
53 4 5 64
53 4 5 18
53 4 6 4
53 4 6 43
53 4 6 61
53 4 6 18
53 4 6 5
53 4 6 29
53 4 6 54
53 4 6 47
53 4 6 6
53 4 6 42
53 4 6 56
53 4 6 39
53 4 6 7
53 4 6 48
53 4 6 62
53 4 6 37
53 4 6 8
53 4 6 45
53 4 6 53
53 4 6 56
53 4 7 6
53 4 7 51
53 4 7 65
53 4 7 11
53 4 7 4
53 4 7 29
53 4 7 62
53 4 7 12
53 4 7 2
53 4 7 40
53 4 7 65
53 4 7 38
53 4 7 5
53 4 7 46
53 4 7 68
53 4 7 35
53 4 7 8
53 4 7 42
53 4 7 53
53 4 7 40
53 4 8 9
53 4 8 32
53 4 8 67
53 4 8 33
53 4 8 10
53 4 8 52
53 4 8 59
53 4 8 50
53 4 8 4
53 4 8 45
53 4 8 68
53 4 8 67
53 4 8 1
53 4 8 31
53 4 8 53
53 4 8 59
53 4 8 10
53 4 8 41
53 4 8 53
53 4 8 52
53 4 9 3
53 4 9 39
53 4 9 64
53 4 9 12
53 4 9 6
53 4 9 51
53 4 9 66
53 4 9 31
53 4 9 8
53 4 9 44
53 4 9 63
53 4 9 38
53 4 9 10
53 4 9 53
53 4 9 68
53 4 9 23
53 4 9 10
53 4 9 44
53 4 9 65
53 4 9 53
53 4 10 5
53 4 10 33
53 4 10 61
53 4 10 13
53 4 10 10
53 4 10 40
53 4 10 60
53 4 10 60
53 4 10 4
53 4 10 48
53 4 10 63
53 4 10 55
53 4 10 6
53 4 10 32
53 4 10 66
53 4 10 60
53 4 10 5
53 4 10 45
53 4 10 65
53 4 10 57
53 4 11 3
53 4 11 52
53 4 11 64
53 4 11 62
53 4 11 3
53 4 11 31
53 4 11 66
53 4 11 11
53 4 11 2
53 4 11 42
53 4 11 65
53 4 11 47
53 4 11 6
53 4 11 26
53 4 11 59
53 4 11 8
53 4 11 5
53 4 11 42
53 4 11 58
53 4 11 36
53 4 12 2
53 4 12 37
53 4 12 61
53 4 12 21
53 4 12 4
53 4 12 28
53 4 12 66
53 4 12 62
53 4 12 5
53 4 12 48
53 4 12 66
53 4 12 40
53 4 12 10
53 4 12 49
53 4 12 57
53 4 12 6
53 4 12 2
53 4 12 51
53 4 12 65
53 4 12 9
53 4 13 5
53 4 13 31
53 4 13 53
53 4 13 40
53 4 13 4
53 4 13 34
53 4 13 66
53 4 13 67
53 4 13 7
53 4 13 36
53 4 13 67
53 4 13 24
53 4 13 7
53 4 13 50
53 4 13 63
53 4 13 16
53 4 13 2
53 4 13 47
53 4 13 62
53 4 13 41
53 4 14 4
53 4 14 43
53 4 14 61
53 4 14 57
53 4 14 1
53 4 14 49
53 4 14 62
53 4 14 61
53 4 14 9
53 4 14 26
53 4 14 55
53 4 14 41
53 4 14 8
53 4 14 27
53 4 14 58
53 4 14 9
53 4 14 1
53 4 14 27
53 4 14 62
53 4 14 38
53 5 1 10
53 5 1 32
53 5 1 55
53 5 1 64
53 5 1 6
53 5 1 53
53 5 1 67
53 5 1 40
53 5 1 5
53 5 1 41
53 5 1 62
53 5 1 11
53 5 1 3
53 5 1 31
53 5 1 61
53 5 1 53
53 5 1 2
53 5 1 44
53 5 1 66
53 5 1 49
53 5 2 3
53 5 2 37
53 5 2 64
53 5 2 40
53 5 2 3
53 5 2 49
53 5 2 66
53 5 2 48
53 5 2 1
53 5 2 53
53 5 2 67
53 5 2 49
53 5 2 10
53 5 2 44
53 5 2 55
53 5 2 18
53 5 2 7
53 5 2 39
53 5 2 62
53 5 2 42
53 5 3 1
53 5 3 44
53 5 3 59
53 5 3 54
53 5 3 4
53 5 3 41
53 5 3 58
53 5 3 9
53 5 3 7
53 5 3 39
53 5 3 56
53 5 3 59
53 5 3 1
53 5 3 28
53 5 3 59
53 5 3 6
53 5 3 7
53 5 3 52
53 5 3 62
53 5 3 13
53 5 4 9
53 5 4 52
53 5 4 61
53 5 4 60
53 5 4 1
53 5 4 32
53 5 4 68
53 5 4 17
53 5 4 9
53 5 4 39
53 5 4 57
53 5 4 66
53 5 4 1
53 5 4 33
53 5 4 68
53 5 4 56
53 5 4 6
53 5 4 45
53 5 4 68
53 5 4 59
53 5 5 3
53 5 5 41
53 5 5 62
53 5 5 3
53 5 5 1
53 5 5 46
53 5 5 65
53 5 5 33
53 5 5 4
53 5 5 30
53 5 5 67
53 5 5 11
53 5 5 9
53 5 5 45
53 5 5 64
53 5 5 54
53 5 5 7
53 5 5 36
53 5 5 66
53 5 5 62
53 5 6 3
53 5 6 28
53 5 6 66
53 5 6 23
53 5 6 3
53 5 6 51
53 5 6 56
53 5 6 18
53 5 6 1
53 5 6 39
53 5 6 54
53 5 6 20
53 5 6 4
53 5 6 26
53 5 6 59
53 5 6 57
53 5 6 6
53 5 6 37
53 5 6 66
53 5 6 58
53 5 7 9
53 5 7 40
53 5 7 58
53 5 7 39
53 5 7 5
53 5 7 28
53 5 7 59
53 5 7 20
53 5 7 2
53 5 7 32
53 5 7 64
53 5 7 67
53 5 7 5
53 5 7 44
53 5 7 66
53 5 7 27
53 5 7 10
53 5 7 42
53 5 7 61
53 5 7 67
53 5 8 10
53 5 8 46
53 5 8 55
53 5 8 66
53 5 8 4
53 5 8 46
53 5 8 67
53 5 8 1
53 5 8 3
53 5 8 46
53 5 8 60
53 5 8 57
53 5 8 3
53 5 8 29
53 5 8 56
53 5 8 56
53 5 8 9
53 5 8 41
53 5 8 59
53 5 8 26
53 5 9 9
53 5 9 42
53 5 9 66
53 5 9 36
53 5 9 1
53 5 9 53
53 5 9 54
53 5 9 4
53 5 9 10
53 5 9 32
53 5 9 63
53 5 9 38
53 5 9 5
53 5 9 38
53 5 9 68
53 5 9 26
53 5 9 5
53 5 9 49
53 5 9 55
53 5 9 23
53 5 10 5
53 5 10 39
53 5 10 63
53 5 10 4
53 5 10 1
53 5 10 29
53 5 10 61
53 5 10 31
53 5 10 2
53 5 10 27
53 5 10 53
53 5 10 46
53 5 10 9
53 5 10 30
53 5 10 64
53 5 10 48
53 5 10 6
53 5 10 41
53 5 10 68
53 5 10 53
53 5 11 4
53 5 11 47
53 5 11 55
53 5 11 5
53 5 11 2
53 5 11 50
53 5 11 57
53 5 11 45
53 5 11 4
53 5 11 39
53 5 11 65
53 5 11 20
53 5 11 7
53 5 11 48
53 5 11 59
53 5 11 33
53 5 11 10
53 5 11 53
53 5 11 64
53 5 11 67
53 5 12 10
53 5 12 32
53 5 12 53
53 5 12 56
53 5 12 6
53 5 12 37
53 5 12 68
53 5 12 2
53 5 12 2
53 5 12 32
53 5 12 54
53 5 12 66
53 5 12 5
53 5 12 30
53 5 12 65
53 5 12 17
53 5 12 3
53 5 12 31
53 5 12 61
53 5 12 63
53 5 13 5
53 5 13 46
53 5 13 61
53 5 13 22
53 5 13 6
53 5 13 29
53 5 13 54
53 5 13 28
53 5 13 3
53 5 13 42
53 5 13 54
53 5 13 10
53 5 13 1
53 5 13 47
53 5 13 56
53 5 13 44
53 5 13 1
53 5 13 33
53 5 13 62
53 5 13 11
53 5 14 8
53 5 14 45
53 5 14 67
53 5 14 2
53 5 14 4
53 5 14 29
53 5 14 61
53 5 14 48
53 5 14 2
53 5 14 26
53 5 14 63
53 5 14 66
53 5 14 6
53 5 14 52
53 5 14 57
53 5 14 67
53 5 14 1
53 5 14 31
53 5 14 59
53 5 14 19
53 6 1 8
53 6 1 29
53 6 1 58
53 6 1 10
53 6 1 3
53 6 1 37
53 6 1 53
53 6 1 12
53 6 1 6
53 6 1 36
53 6 1 60
53 6 1 32
53 6 1 8
53 6 1 32
53 6 1 55
53 6 1 25
53 6 1 6
53 6 1 37
53 6 1 59
53 6 1 59
53 6 2 1
53 6 2 50
53 6 2 67
53 6 2 57
53 6 2 8
53 6 2 49
53 6 2 66
53 6 2 41
53 6 2 1
53 6 2 33
53 6 2 60
53 6 2 25
53 6 2 2
53 6 2 29
53 6 2 62
53 6 2 64
53 6 2 10
53 6 2 39
53 6 2 54
53 6 2 5
53 6 3 8
53 6 3 53
53 6 3 68
53 6 3 23
53 6 3 6
53 6 3 39
53 6 3 54
53 6 3 31
53 6 3 3
53 6 3 34
53 6 3 58
53 6 3 11
53 6 3 7
53 6 3 46
53 6 3 60
53 6 3 29
53 6 3 2
53 6 3 29
53 6 3 60
53 6 3 50
53 6 4 6
53 6 4 49
53 6 4 54
53 6 4 49
53 6 4 4
53 6 4 37
53 6 4 63
53 6 4 49
53 6 4 6
53 6 4 45
53 6 4 58
53 6 4 43
53 6 4 1
53 6 4 39
53 6 4 63
53 6 4 37
53 6 4 2
53 6 4 49
53 6 4 57
53 6 4 36
53 6 5 1
53 6 5 32
53 6 5 60
53 6 5 57
53 6 5 5
53 6 5 52
53 6 5 62
53 6 5 46
53 6 5 1
53 6 5 33
53 6 5 59
53 6 5 43
53 6 5 4
53 6 5 48
53 6 5 63
53 6 5 30
53 6 5 2
53 6 5 53
53 6 5 68
53 6 5 6
53 6 6 1
53 6 6 37
53 6 6 57
53 6 6 30
53 6 6 8
53 6 6 52
53 6 6 68
53 6 6 19
53 6 6 4
53 6 6 44
53 6 6 64
53 6 6 9
53 6 6 8
53 6 6 45
53 6 6 64
53 6 6 4
53 6 6 10
53 6 6 46
53 6 6 61
53 6 6 9
53 6 7 1
53 6 7 42
53 6 7 53
53 6 7 29
53 6 7 3
53 6 7 42
53 6 7 62
53 6 7 1
53 6 7 4
53 6 7 52
53 6 7 59
53 6 7 3
53 6 7 6
53 6 7 48
53 6 7 56
53 6 7 57
53 6 7 3
53 6 7 50
53 6 7 53
53 6 7 18
53 6 8 1
53 6 8 29
53 6 8 67
53 6 8 24
53 6 8 2
53 6 8 35
53 6 8 54
53 6 8 60
53 6 8 7
53 6 8 33
53 6 8 67
53 6 8 8
53 6 8 10
53 6 8 28
53 6 8 54
53 6 8 53
53 6 8 6
53 6 8 37
53 6 8 56
53 6 8 13
53 6 9 6
53 6 9 35
53 6 9 65
53 6 9 26
53 6 9 4
53 6 9 38
53 6 9 56
53 6 9 48
53 6 9 2
53 6 9 40
53 6 9 61
53 6 9 39
53 6 9 7
53 6 9 39
53 6 9 66
53 6 9 19
53 6 9 9
53 6 9 40
53 6 9 53
53 6 9 1
53 6 10 7
53 6 10 40
53 6 10 54
53 6 10 1
53 6 10 4
53 6 10 30
53 6 10 53
53 6 10 25
53 6 10 3
53 6 10 39
53 6 10 66
53 6 10 45
53 6 10 6
53 6 10 51
53 6 10 53
53 6 10 54
53 6 10 6
53 6 10 42
53 6 10 68
53 6 10 14
53 6 11 6
53 6 11 53
53 6 11 66
53 6 11 66
53 6 11 10
53 6 11 35
53 6 11 63
53 6 11 1
53 6 11 7
53 6 11 48
53 6 11 55
53 6 11 39
53 6 11 6
53 6 11 30
53 6 11 67
53 6 11 62
53 6 11 10
53 6 11 35
53 6 11 59
53 6 11 60
53 6 12 8
53 6 12 51
53 6 12 68
53 6 12 17
53 6 12 2
53 6 12 44
53 6 12 59
53 6 12 15
53 6 12 10
53 6 12 51
53 6 12 65
53 6 12 5
53 6 12 3
53 6 12 28
53 6 12 67
53 6 12 9
53 6 12 1
53 6 12 33
53 6 12 54
53 6 12 10
53 6 13 9
53 6 13 31
53 6 13 66
53 6 13 36
53 6 13 9
53 6 13 46
53 6 13 68
53 6 13 48
53 6 13 9
53 6 13 35
53 6 13 59
53 6 13 31
53 6 13 5
53 6 13 53
53 6 13 59
53 6 13 39
53 6 13 8
53 6 13 27
53 6 13 58
53 6 13 25
53 6 14 6
53 6 14 48
53 6 14 61
53 6 14 59
53 6 14 8
53 6 14 26
53 6 14 63
53 6 14 13
53 6 14 6
53 6 14 42
53 6 14 65
53 6 14 22
53 6 14 1
53 6 14 31
53 6 14 60
53 6 14 21
53 6 14 4
53 6 14 49
53 6 14 58
53 6 14 30
53 7 1 3
53 7 1 36
53 7 1 55
53 7 1 63
53 7 1 3
53 7 1 32
53 7 1 59
53 7 1 21
53 7 1 8
53 7 1 37
53 7 1 55
53 7 1 51
53 7 1 5
53 7 1 34
53 7 1 53
53 7 1 58
53 7 1 3
53 7 1 40
53 7 1 58
53 7 1 15
53 7 2 4
53 7 2 45
53 7 2 63
53 7 2 53
53 7 2 6
53 7 2 53
53 7 2 59
53 7 2 50
53 7 2 9
53 7 2 41
53 7 2 60
53 7 2 37
53 7 2 10
53 7 2 47
53 7 2 65
53 7 2 47
53 7 2 2
53 7 2 29
53 7 2 54
53 7 2 49
53 7 3 5
53 7 3 43
53 7 3 59
53 7 3 54
53 7 3 2
53 7 3 53
53 7 3 53
53 7 3 35
53 7 3 4
53 7 3 31
53 7 3 53
53 7 3 23
53 7 3 3
53 7 3 27
53 7 3 63
53 7 3 25
53 7 3 4
53 7 3 26
53 7 3 56
53 7 3 60
53 7 4 4
53 7 4 52
53 7 4 55
53 7 4 13
53 7 4 6
53 7 4 34
53 7 4 62
53 7 4 57
53 7 4 2
53 7 4 53
53 7 4 55
53 7 4 62
53 7 4 5
53 7 4 48
53 7 4 66
53 7 4 26
53 7 4 4
53 7 4 26
53 7 4 56
53 7 4 45
53 7 5 8
53 7 5 45
53 7 5 63
53 7 5 33
53 7 5 4
53 7 5 33
53 7 5 61
53 7 5 68
53 7 5 2
53 7 5 26
53 7 5 58
53 7 5 7
53 7 5 7
53 7 5 29
53 7 5 66
53 7 5 8
53 7 5 2
53 7 5 41
53 7 5 56
53 7 5 35
53 7 6 10
53 7 6 51
53 7 6 62
53 7 6 33
53 7 6 8
53 7 6 40
53 7 6 58
53 7 6 20
53 7 6 5
53 7 6 32
53 7 6 54
53 7 6 47
53 7 6 5
53 7 6 30
53 7 6 62
53 7 6 8
53 7 6 2
53 7 6 41
53 7 6 68
53 7 6 26
53 7 7 3
53 7 7 35
53 7 7 67
53 7 7 54
53 7 7 4
53 7 7 30
53 7 7 66
53 7 7 58
53 7 7 10
53 7 7 48
53 7 7 55
53 7 7 52
53 7 7 10
53 7 7 39
53 7 7 55
53 7 7 27
53 7 7 6
53 7 7 34
53 7 7 61
53 7 7 10
53 7 8 8
53 7 8 34
53 7 8 54
53 7 8 43
53 7 8 4
53 7 8 48
53 7 8 65
53 7 8 11
53 7 8 7
53 7 8 41
53 7 8 68
53 7 8 12
53 7 8 10
53 7 8 36
53 7 8 53
53 7 8 60
53 7 8 4
53 7 8 26
53 7 8 67
53 7 8 64
53 7 9 5
53 7 9 30
53 7 9 65
53 7 9 11
53 7 9 5
53 7 9 53
53 7 9 55
53 7 9 16
53 7 9 9
53 7 9 41
53 7 9 66
53 7 9 8
53 7 9 5
53 7 9 45
53 7 9 54
53 7 9 42
53 7 9 4
53 7 9 41
53 7 9 56
53 7 9 63
53 7 10 3
53 7 10 27
53 7 10 55
53 7 10 32
53 7 10 4
53 7 10 27
53 7 10 57
53 7 10 8
53 7 10 6
53 7 10 31
53 7 10 56
53 7 10 54
53 7 10 3
53 7 10 40
53 7 10 64
53 7 10 61
53 7 10 1
53 7 10 48
53 7 10 68
53 7 10 25
53 7 11 1
53 7 11 27
53 7 11 56
53 7 11 15
53 7 11 3
53 7 11 41
53 7 11 67
53 7 11 28
53 7 11 4
53 7 11 43
53 7 11 55
53 7 11 62
53 7 11 8
53 7 11 27
53 7 11 63
53 7 11 47
53 7 11 2
53 7 11 37
53 7 11 53
53 7 11 68
53 7 12 7
53 7 12 29
53 7 12 55
53 7 12 30
53 7 12 9
53 7 12 38
53 7 12 63
53 7 12 18
53 7 12 4
53 7 12 49
53 7 12 66
53 7 12 66
53 7 12 7
53 7 12 46
53 7 12 68
53 7 12 52
53 7 12 8
53 7 12 46
53 7 12 54
53 7 12 35
53 7 13 4
53 7 13 44
53 7 13 55
53 7 13 16
53 7 13 5
53 7 13 40
53 7 13 57
53 7 13 51
53 7 13 4
53 7 13 40
53 7 13 59
53 7 13 26
53 7 13 5
53 7 13 26
53 7 13 67
53 7 13 23
53 7 13 2
53 7 13 50
53 7 13 56
53 7 13 40
53 7 14 10
53 7 14 49
53 7 14 62
53 7 14 49
53 7 14 5
53 7 14 32
53 7 14 61
53 7 14 2
53 7 14 5
53 7 14 40
53 7 14 61
53 7 14 26
53 7 14 9
53 7 14 39
53 7 14 65
53 7 14 3
53 7 14 9
53 7 14 47
53 7 14 59
53 7 14 49
53 8 1 6
53 8 1 53
53 8 1 64
53 8 1 6
53 8 1 3
53 8 1 34
53 8 1 66
53 8 1 56
53 8 1 6
53 8 1 27
53 8 1 59
53 8 1 45
53 8 1 1
53 8 1 26
53 8 1 59
53 8 1 50
53 8 1 10
53 8 1 52
53 8 1 62
53 8 1 21
53 8 2 10
53 8 2 51
53 8 2 57
53 8 2 40
53 8 2 2
53 8 2 29
53 8 2 53
53 8 2 6
53 8 2 10
53 8 2 39
53 8 2 57
53 8 2 16
53 8 2 6
53 8 2 42
53 8 2 65
53 8 2 58
53 8 2 3
53 8 2 51
53 8 2 56
53 8 2 8
53 8 3 6
53 8 3 31
53 8 3 58
53 8 3 3
53 8 3 9
53 8 3 44
53 8 3 60
53 8 3 62
53 8 3 3
53 8 3 42
53 8 3 56
53 8 3 42
53 8 3 3
53 8 3 39
53 8 3 54
53 8 3 59
53 8 3 8
53 8 3 29
53 8 3 62
53 8 3 16
53 8 4 8
53 8 4 51
53 8 4 61
53 8 4 68
53 8 4 9
53 8 4 37
53 8 4 58
53 8 4 59
53 8 4 8
53 8 4 42
53 8 4 59
53 8 4 39
53 8 4 10
53 8 4 53
53 8 4 61
53 8 4 34
53 8 4 7
53 8 4 41
53 8 4 57
53 8 4 23
53 8 5 5
53 8 5 40
53 8 5 57
53 8 5 26
53 8 5 7
53 8 5 38
53 8 5 58
53 8 5 6
53 8 5 8
53 8 5 50
53 8 5 59
53 8 5 38
53 8 5 10
53 8 5 35
53 8 5 64
53 8 5 68
53 8 5 8
53 8 5 27
53 8 5 57
53 8 5 38
53 8 6 5
53 8 6 39
53 8 6 59
53 8 6 64
53 8 6 3
53 8 6 43
53 8 6 60
53 8 6 64
53 8 6 7
53 8 6 43
53 8 6 59
53 8 6 6
53 8 6 5
53 8 6 28
53 8 6 55
53 8 6 13
53 8 6 4
53 8 6 45
53 8 6 61
53 8 6 26
53 8 7 2
53 8 7 28
53 8 7 55
53 8 7 67
53 8 7 3
53 8 7 34
53 8 7 66
53 8 7 29
53 8 7 10
53 8 7 44
53 8 7 57
53 8 7 54
53 8 7 7
53 8 7 53
53 8 7 59
53 8 7 36
53 8 7 2
53 8 7 31
53 8 7 58
53 8 7 55
53 8 8 1
53 8 8 36
53 8 8 63
53 8 8 26
53 8 8 8
53 8 8 31
53 8 8 54
53 8 8 62
53 8 8 2
53 8 8 26
53 8 8 64
53 8 8 50
53 8 8 1
53 8 8 30
53 8 8 64
53 8 8 39
53 8 8 2
53 8 8 27
53 8 8 67
53 8 8 16
53 8 9 2
53 8 9 52
53 8 9 57
53 8 9 33
53 8 9 4
53 8 9 29
53 8 9 57
53 8 9 3
53 8 9 3
53 8 9 50
53 8 9 68
53 8 9 63
53 8 9 8
53 8 9 42
53 8 9 62
53 8 9 21
53 8 9 7
53 8 9 44
53 8 9 59
53 8 9 60
53 8 10 6
53 8 10 53
53 8 10 60
53 8 10 29
53 8 10 2
53 8 10 48
53 8 10 54
53 8 10 41
53 8 10 1
53 8 10 39
53 8 10 60
53 8 10 45
53 8 10 10
53 8 10 37
53 8 10 53
53 8 10 3
53 8 10 9
53 8 10 29
53 8 10 67
53 8 10 20
53 8 11 3
53 8 11 36
53 8 11 63
53 8 11 30
53 8 11 2
53 8 11 28
53 8 11 65
53 8 11 16
53 8 11 8
53 8 11 37
53 8 11 68
53 8 11 3
53 8 11 7
53 8 11 42
53 8 11 58
53 8 11 47
53 8 11 4
53 8 11 53
53 8 11 68
53 8 11 52
53 8 12 4
53 8 12 50
53 8 12 62
53 8 12 32
53 8 12 8
53 8 12 51
53 8 12 66
53 8 12 31
53 8 12 10
53 8 12 40
53 8 12 63
53 8 12 50
53 8 12 6
53 8 12 48
53 8 12 66
53 8 12 26
53 8 12 1
53 8 12 26
53 8 12 61
53 8 12 47
53 8 13 7
53 8 13 42
53 8 13 59
53 8 13 59
53 8 13 3
53 8 13 37
53 8 13 54
53 8 13 68
53 8 13 3
53 8 13 32
53 8 13 57
53 8 13 4
53 8 13 1
53 8 13 30
53 8 13 62
53 8 13 13
53 8 13 4
53 8 13 33
53 8 13 53
53 8 13 37
53 8 14 9
53 8 14 36
53 8 14 66
53 8 14 44
53 8 14 6
53 8 14 48
53 8 14 61
53 8 14 23
53 8 14 6
53 8 14 38
53 8 14 53
53 8 14 7
53 8 14 2
53 8 14 49
53 8 14 62
53 8 14 41
53 8 14 4
53 8 14 33
53 8 14 55
53 8 14 41
53 9 1 1
53 9 1 48
53 9 1 63
53 9 1 39
53 9 1 2
53 9 1 45
53 9 1 61
53 9 1 1
53 9 1 3
53 9 1 38
53 9 1 66
53 9 1 56
53 9 1 3
53 9 1 34
53 9 1 64
53 9 1 53
53 9 1 3
53 9 1 48
53 9 1 57
53 9 1 62
53 9 2 9
53 9 2 49
53 9 2 61
53 9 2 11
53 9 2 10
53 9 2 49
53 9 2 68
53 9 2 55
53 9 2 9
53 9 2 42
53 9 2 55
53 9 2 36
53 9 2 1
53 9 2 49
53 9 2 53
53 9 2 57
53 9 2 4
53 9 2 53
53 9 2 67
53 9 2 41
53 9 3 4
53 9 3 49
53 9 3 56
53 9 3 58
53 9 3 5
53 9 3 41
53 9 3 59
53 9 3 47
53 9 3 4
53 9 3 48
53 9 3 60
53 9 3 54
53 9 3 3
53 9 3 27
53 9 3 61
53 9 3 54
53 9 3 8
53 9 3 36
53 9 3 59
53 9 3 52
53 9 4 4
53 9 4 51
53 9 4 67
53 9 4 67
53 9 4 2
53 9 4 46
53 9 4 57
53 9 4 49
53 9 4 2
53 9 4 32
53 9 4 61
53 9 4 33
53 9 4 8
53 9 4 46
53 9 4 53
53 9 4 12
53 9 4 1
53 9 4 33
53 9 4 56
53 9 4 1
53 9 5 6
53 9 5 45
53 9 5 54
53 9 5 1
53 9 5 10
53 9 5 37
53 9 5 64
53 9 5 51
53 9 5 8
53 9 5 53
53 9 5 66
53 9 5 26
53 9 5 6
53 9 5 49
53 9 5 61
53 9 5 39
53 9 5 9
53 9 5 26
53 9 5 68
53 9 5 64
53 9 6 4
53 9 6 32
53 9 6 68
53 9 6 10
53 9 6 7
53 9 6 48
53 9 6 57
53 9 6 20
53 9 6 8
53 9 6 50
53 9 6 62
53 9 6 6
53 9 6 8
53 9 6 51
53 9 6 56
53 9 6 38
53 9 6 1
53 9 6 29
53 9 6 62
53 9 6 32
53 9 7 2
53 9 7 47
53 9 7 61
53 9 7 66
53 9 7 6
53 9 7 47
53 9 7 55
53 9 7 44
53 9 7 1
53 9 7 36
53 9 7 65
53 9 7 58
53 9 7 10
53 9 7 51
53 9 7 54
53 9 7 60
53 9 7 1
53 9 7 38
53 9 7 61
53 9 7 33
53 9 8 7
53 9 8 36
53 9 8 66
53 9 8 14
53 9 8 3
53 9 8 53
53 9 8 61
53 9 8 60
53 9 8 4
53 9 8 47
53 9 8 59
53 9 8 4
53 9 8 4
53 9 8 27
53 9 8 68
53 9 8 19
53 9 8 3
53 9 8 46
53 9 8 62
53 9 8 50
53 9 9 8
53 9 9 35
53 9 9 64
53 9 9 1
53 9 9 7
53 9 9 33
53 9 9 67
53 9 9 4
53 9 9 9
53 9 9 34
53 9 9 59
53 9 9 15
53 9 9 10
53 9 9 32
53 9 9 61
53 9 9 3
53 9 9 4
53 9 9 53
53 9 9 57
53 9 9 50
53 9 10 10
53 9 10 28
53 9 10 55
53 9 10 39
53 9 10 3
53 9 10 42
53 9 10 56
53 9 10 42
53 9 10 10
53 9 10 50
53 9 10 56
53 9 10 34
53 9 10 6
53 9 10 29
53 9 10 55
53 9 10 66
53 9 10 7
53 9 10 41
53 9 10 59
53 9 10 25
53 9 11 10
53 9 11 53
53 9 11 65
53 9 11 1
53 9 11 7
53 9 11 28
53 9 11 57
53 9 11 22
53 9 11 5
53 9 11 48
53 9 11 67
53 9 11 59
53 9 11 8
53 9 11 39
53 9 11 53
53 9 11 63
53 9 11 4
53 9 11 26
53 9 11 54
53 9 11 30
53 9 12 8
53 9 12 41
53 9 12 66
53 9 12 25
53 9 12 2
53 9 12 38
53 9 12 57
53 9 12 5
53 9 12 7
53 9 12 38
53 9 12 62
53 9 12 16
53 9 12 1
53 9 12 37
53 9 12 68
53 9 12 23
53 9 12 9
53 9 12 46
53 9 12 60
53 9 12 1
53 9 13 10
53 9 13 27
53 9 13 66
53 9 13 63
53 9 13 3
53 9 13 31
53 9 13 56
53 9 13 58
53 9 13 9
53 9 13 30
53 9 13 54
53 9 13 31
53 9 13 10
53 9 13 45
53 9 13 55
53 9 13 4
53 9 13 3
53 9 13 39
53 9 13 62
53 9 13 60
53 9 14 3
53 9 14 45
53 9 14 59
53 9 14 51
53 9 14 10
53 9 14 30
53 9 14 53
53 9 14 44
53 9 14 2
53 9 14 46
53 9 14 60
53 9 14 57
53 9 14 6
53 9 14 36
53 9 14 68
53 9 14 61
53 9 14 3
53 9 14 52
53 9 14 60
53 9 14 4
53 10 1 5
53 10 1 39
53 10 1 53
53 10 1 60
53 10 1 9
53 10 1 28
53 10 1 58
53 10 1 5
53 10 1 2
53 10 1 46
53 10 1 58
53 10 1 51
53 10 1 8
53 10 1 35
53 10 1 55
53 10 1 4
53 10 1 8
53 10 1 27
53 10 1 67
53 10 1 20
53 10 2 9
53 10 2 39
53 10 2 53
53 10 2 7
53 10 2 4
53 10 2 32
53 10 2 58
53 10 2 12
53 10 2 4
53 10 2 38
53 10 2 53
53 10 2 1
53 10 2 7
53 10 2 50
53 10 2 55
53 10 2 12
53 10 2 7
53 10 2 43
53 10 2 62
53 10 2 59
53 10 3 1
53 10 3 43
53 10 3 55
53 10 3 9
53 10 3 9
53 10 3 33
53 10 3 66
53 10 3 62
53 10 3 4
53 10 3 31
53 10 3 64
53 10 3 67
53 10 3 5
53 10 3 44
53 10 3 57
53 10 3 40
53 10 3 3
53 10 3 46
53 10 3 58
53 10 3 40
53 10 4 1
53 10 4 34
53 10 4 54
53 10 4 19
53 10 4 7
53 10 4 29
53 10 4 66
53 10 4 65
53 10 4 10
53 10 4 33
53 10 4 65
53 10 4 25
53 10 4 3
53 10 4 50
53 10 4 57
53 10 4 19
53 10 4 9
53 10 4 30
53 10 4 54
53 10 4 53
53 10 5 5
53 10 5 45
53 10 5 65
53 10 5 6
53 10 5 1
53 10 5 36
53 10 5 56
53 10 5 7
53 10 5 1
53 10 5 36
53 10 5 57
53 10 5 67
53 10 5 6
53 10 5 50
53 10 5 59
53 10 5 16
53 10 5 4
53 10 5 50
53 10 5 66
53 10 5 35
53 10 6 9
53 10 6 30
53 10 6 65
53 10 6 21
53 10 6 2
53 10 6 37
53 10 6 62
53 10 6 17
53 10 6 3
53 10 6 28
53 10 6 62
53 10 6 46
53 10 6 6
53 10 6 37
53 10 6 53
53 10 6 6
53 10 6 2
53 10 6 30
53 10 6 56
53 10 6 5
53 10 7 9
53 10 7 50
53 10 7 63
53 10 7 45
53 10 7 5
53 10 7 34
53 10 7 61
53 10 7 39
53 10 7 8
53 10 7 37
53 10 7 54
53 10 7 42
53 10 7 7
53 10 7 36
53 10 7 66
53 10 7 8
53 10 7 2
53 10 7 32
53 10 7 64
53 10 7 50
53 10 8 2
53 10 8 31
53 10 8 53
53 10 8 32
53 10 8 7
53 10 8 33
53 10 8 64
53 10 8 40
53 10 8 7
53 10 8 47
53 10 8 59
53 10 8 25
53 10 8 2
53 10 8 53
53 10 8 64
53 10 8 32
53 10 8 3
53 10 8 39
53 10 8 63
53 10 8 65
53 10 9 5
53 10 9 34
53 10 9 65
53 10 9 51
53 10 9 8
53 10 9 49
53 10 9 68
53 10 9 30
53 10 9 3
53 10 9 28
53 10 9 63
53 10 9 41
53 10 9 2
53 10 9 42
53 10 9 62
53 10 9 65
53 10 9 8
53 10 9 44
53 10 9 53
53 10 9 23
53 10 10 1
53 10 10 44
53 10 10 67
53 10 10 56
53 10 10 3
53 10 10 42
53 10 10 64
53 10 10 28
53 10 10 1
53 10 10 35
53 10 10 68
53 10 10 23
53 10 10 2
53 10 10 48
53 10 10 62
53 10 10 66
53 10 10 7
53 10 10 28
53 10 10 67
53 10 10 4
53 10 11 3
53 10 11 49
53 10 11 55
53 10 11 26
53 10 11 8
53 10 11 35
53 10 11 56
53 10 11 3
53 10 11 1
53 10 11 30
53 10 11 58
53 10 11 46
53 10 11 9
53 10 11 52
53 10 11 60
53 10 11 39
53 10 11 4
53 10 11 34
53 10 11 64
53 10 11 57
53 10 12 2
53 10 12 43
53 10 12 60
53 10 12 57
53 10 12 6
53 10 12 36
53 10 12 60
53 10 12 48
53 10 12 10
53 10 12 34
53 10 12 54
53 10 12 9
53 10 12 3
53 10 12 51
53 10 12 57
53 10 12 7
53 10 12 7
53 10 12 53
53 10 12 53
53 10 12 36
53 10 13 5
53 10 13 27
53 10 13 55
53 10 13 4
53 10 13 2
53 10 13 47
53 10 13 67
53 10 13 60
53 10 13 7
53 10 13 52
53 10 13 57
53 10 13 63
53 10 13 3
53 10 13 47
53 10 13 68
53 10 13 27
53 10 13 7
53 10 13 35
53 10 13 59
53 10 13 25
53 10 14 10
53 10 14 41
53 10 14 66
53 10 14 65
53 10 14 9
53 10 14 51
53 10 14 58
53 10 14 24
53 10 14 2
53 10 14 50
53 10 14 58
53 10 14 54
53 10 14 7
53 10 14 51
53 10 14 59
53 10 14 28
53 10 14 4
53 10 14 47
53 10 14 61
53 10 14 44
53 11 1 4
53 11 1 34
53 11 1 67
53 11 1 56
53 11 1 4
53 11 1 41
53 11 1 54
53 11 1 60
53 11 1 5
53 11 1 49
53 11 1 53
53 11 1 40
53 11 1 4
53 11 1 39
53 11 1 58
53 11 1 17
53 11 1 3
53 11 1 42
53 11 1 66
53 11 1 49
53 11 2 6
53 11 2 52
53 11 2 63
53 11 2 30
53 11 2 7
53 11 2 33
53 11 2 57
53 11 2 29
53 11 2 3
53 11 2 30
53 11 2 63
53 11 2 10
53 11 2 7
53 11 2 49
53 11 2 55
53 11 2 64
53 11 2 5
53 11 2 29
53 11 2 67
53 11 2 47
53 11 3 8
53 11 3 27
53 11 3 59
53 11 3 63
53 11 3 7
53 11 3 31
53 11 3 62
53 11 3 52
53 11 3 6
53 11 3 39
53 11 3 56
53 11 3 4
53 11 3 4
53 11 3 46
53 11 3 53
53 11 3 23
53 11 3 5
53 11 3 48
53 11 3 55
53 11 3 61
53 11 4 1
53 11 4 32
53 11 4 66
53 11 4 19
53 11 4 3
53 11 4 47
53 11 4 54
53 11 4 16
53 11 4 7
53 11 4 28
53 11 4 67
53 11 4 20
53 11 4 4
53 11 4 45
53 11 4 56
53 11 4 63
53 11 4 8
53 11 4 28
53 11 4 55
53 11 4 4
53 11 5 10
53 11 5 31
53 11 5 68
53 11 5 48
53 11 5 7
53 11 5 33
53 11 5 68
53 11 5 30
53 11 5 8
53 11 5 49
53 11 5 56
53 11 5 16
53 11 5 7
53 11 5 31
53 11 5 64
53 11 5 63
53 11 5 10
53 11 5 33
53 11 5 57
53 11 5 18
53 11 6 8
53 11 6 51
53 11 6 64
53 11 6 18
53 11 6 8
53 11 6 45
53 11 6 53
53 11 6 26
53 11 6 6
53 11 6 40
53 11 6 53
53 11 6 46
53 11 6 5
53 11 6 46
53 11 6 64
53 11 6 36
53 11 6 8
53 11 6 32
53 11 6 62
53 11 6 20
53 11 7 4
53 11 7 35
53 11 7 60
53 11 7 4
53 11 7 6
53 11 7 30
53 11 7 62
53 11 7 65
53 11 7 4
53 11 7 45
53 11 7 61
53 11 7 12
53 11 7 7
53 11 7 50
53 11 7 63
53 11 7 2
53 11 7 3
53 11 7 39
53 11 7 67
53 11 7 17
53 11 8 8
53 11 8 32
53 11 8 57
53 11 8 14
53 11 8 4
53 11 8 28
53 11 8 59
53 11 8 38
53 11 8 9
53 11 8 53
53 11 8 67
53 11 8 36
53 11 8 3
53 11 8 37
53 11 8 57
53 11 8 10
53 11 8 3
53 11 8 48
53 11 8 58
53 11 8 51
53 11 9 10
53 11 9 29
53 11 9 58
53 11 9 51
53 11 9 5
53 11 9 43
53 11 9 58
53 11 9 42
53 11 9 6
53 11 9 47
53 11 9 68
53 11 9 24
53 11 9 8
53 11 9 50
53 11 9 62
53 11 9 24
53 11 9 10
53 11 9 53
53 11 9 66
53 11 9 10
53 11 10 4
53 11 10 49
53 11 10 56
53 11 10 41
53 11 10 5
53 11 10 26
53 11 10 55
53 11 10 48
53 11 10 1
53 11 10 41
53 11 10 61
53 11 10 7
53 11 10 3
53 11 10 49
53 11 10 61
53 11 10 26
53 11 10 2
53 11 10 50
53 11 10 67
53 11 10 12
53 11 11 9
53 11 11 32
53 11 11 59
53 11 11 26
53 11 11 6
53 11 11 26
53 11 11 53
53 11 11 41
53 11 11 10
53 11 11 47
53 11 11 55
53 11 11 62
53 11 11 7
53 11 11 50
53 11 11 59
53 11 11 54
53 11 11 5
53 11 11 39
53 11 11 58
53 11 11 44
53 11 12 3
53 11 12 35
53 11 12 61
53 11 12 45
53 11 12 9
53 11 12 49
53 11 12 66
53 11 12 67
53 11 12 2
53 11 12 39
53 11 12 68
53 11 12 32
53 11 12 6
53 11 12 31
53 11 12 67
53 11 12 22
53 11 12 10
53 11 12 49
53 11 12 58
53 11 12 17
53 11 13 1
53 11 13 44
53 11 13 56
53 11 13 68
53 11 13 1
53 11 13 44
53 11 13 68
53 11 13 15
53 11 13 4
53 11 13 34
53 11 13 65
53 11 13 8
53 11 13 1
53 11 13 53
53 11 13 65
53 11 13 21
53 11 13 6
53 11 13 27
53 11 13 68
53 11 13 5
53 11 14 9
53 11 14 40
53 11 14 55
53 11 14 52
53 11 14 10
53 11 14 42
53 11 14 54
53 11 14 67
53 11 14 10
53 11 14 43
53 11 14 66
53 11 14 11
53 11 14 8
53 11 14 48
53 11 14 67
53 11 14 17
53 11 14 2
53 11 14 39
53 11 14 56
53 11 14 28
53 12 1 8
53 12 1 35
53 12 1 68
53 12 1 3
53 12 1 4
53 12 1 33
53 12 1 53
53 12 1 28
53 12 1 8
53 12 1 53
53 12 1 54
53 12 1 53
53 12 1 1
53 12 1 42
53 12 1 53
53 12 1 26
53 12 1 10
53 12 1 40
53 12 1 66
53 12 1 26
53 12 2 2
53 12 2 35
53 12 2 61
53 12 2 47
53 12 2 7
53 12 2 53
53 12 2 59
53 12 2 37
53 12 2 5
53 12 2 38
53 12 2 55
53 12 2 18
53 12 2 8
53 12 2 53
53 12 2 65
53 12 2 19
53 12 2 10
53 12 2 40
53 12 2 61
53 12 2 53
53 12 3 10
53 12 3 38
53 12 3 60
53 12 3 59
53 12 3 7
53 12 3 36
53 12 3 62
53 12 3 3
53 12 3 7
53 12 3 46
53 12 3 59
53 12 3 41
53 12 3 9
53 12 3 38
53 12 3 54
53 12 3 10
53 12 3 3
53 12 3 40
53 12 3 59
53 12 3 53
53 12 4 8
53 12 4 34
53 12 4 62
53 12 4 65
53 12 4 3
53 12 4 41
53 12 4 65
53 12 4 7
53 12 4 3
53 12 4 47
53 12 4 62
53 12 4 59
53 12 4 1
53 12 4 29
53 12 4 54
53 12 4 42
53 12 4 10
53 12 4 35
53 12 4 56
53 12 4 40
53 12 5 6
53 12 5 41
53 12 5 64
53 12 5 29
53 12 5 5
53 12 5 28
53 12 5 61
53 12 5 40
53 12 5 4
53 12 5 28
53 12 5 68
53 12 5 17
53 12 5 5
53 12 5 31
53 12 5 56
53 12 5 44
53 12 5 7
53 12 5 48
53 12 5 58
53 12 5 50
53 12 6 3
53 12 6 30
53 12 6 67
53 12 6 49
53 12 6 6
53 12 6 29
53 12 6 65
53 12 6 49
53 12 6 10
53 12 6 29
53 12 6 62
53 12 6 44
53 12 6 3
53 12 6 30
53 12 6 58
53 12 6 23
53 12 6 2
53 12 6 32
53 12 6 66
53 12 6 8
53 12 7 10
53 12 7 35
53 12 7 61
53 12 7 47
53 12 7 1
53 12 7 50
53 12 7 63
53 12 7 4
53 12 7 5
53 12 7 33
53 12 7 55
53 12 7 39
53 12 7 10
53 12 7 51
53 12 7 59
53 12 7 41
53 12 7 2
53 12 7 35
53 12 7 55
53 12 7 62
53 12 8 7
53 12 8 27
53 12 8 63
53 12 8 63
53 12 8 8
53 12 8 42
53 12 8 57
53 12 8 58
53 12 8 6
53 12 8 36
53 12 8 58
53 12 8 35
53 12 8 10
53 12 8 32
53 12 8 64
53 12 8 49
53 12 8 9
53 12 8 53
53 12 8 62
53 12 8 57
53 12 9 1
53 12 9 49
53 12 9 60
53 12 9 19
53 12 9 1
53 12 9 33
53 12 9 53
53 12 9 15
53 12 9 6
53 12 9 36
53 12 9 61
53 12 9 35
53 12 9 7
53 12 9 51
53 12 9 61
53 12 9 14
53 12 9 6
53 12 9 39
53 12 9 61
53 12 9 65
53 12 10 7
53 12 10 43
53 12 10 63
53 12 10 11
53 12 10 8
53 12 10 42
53 12 10 54
53 12 10 30
53 12 10 10
53 12 10 39
53 12 10 66
53 12 10 8
53 12 10 8
53 12 10 45
53 12 10 57
53 12 10 9
53 12 10 9
53 12 10 45
53 12 10 57
53 12 10 39
53 12 11 8
53 12 11 50
53 12 11 68
53 12 11 32
53 12 11 3
53 12 11 45
53 12 11 63
53 12 11 41
53 12 11 1
53 12 11 39
53 12 11 56
53 12 11 3
53 12 11 10
53 12 11 51
53 12 11 55
53 12 11 31
53 12 11 8
53 12 11 33
53 12 11 64
53 12 11 49
53 12 12 9
53 12 12 46
53 12 12 61
53 12 12 36
53 12 12 2
53 12 12 32
53 12 12 67
53 12 12 24
53 12 12 5
53 12 12 47
53 12 12 66
53 12 12 64
53 12 12 7
53 12 12 26
53 12 12 63
53 12 12 64
53 12 12 3
53 12 12 29
53 12 12 59
53 12 12 7
53 12 13 8
53 12 13 41
53 12 13 66
53 12 13 51
53 12 13 8
53 12 13 28
53 12 13 65
53 12 13 8
53 12 13 5
53 12 13 46
53 12 13 64
53 12 13 58
53 12 13 3
53 12 13 40
53 12 13 62
53 12 13 7
53 12 13 7
53 12 13 47
53 12 13 68
53 12 13 66
53 12 14 6
53 12 14 27
53 12 14 62
53 12 14 63
53 12 14 7
53 12 14 30
53 12 14 56
53 12 14 67
53 12 14 10
53 12 14 29
53 12 14 65
53 12 14 27
53 12 14 7
53 12 14 41
53 12 14 54
53 12 14 65
53 12 14 1
53 12 14 34
53 12 14 65
53 12 14 21
53 13 1 7
53 13 1 39
53 13 1 53
53 13 1 57
53 13 1 3
53 13 1 40
53 13 1 68
53 13 1 33
53 13 1 5
53 13 1 33
53 13 1 62
53 13 1 22
53 13 1 2
53 13 1 50
53 13 1 61
53 13 1 32
53 13 1 5
53 13 1 50
53 13 1 59
53 13 1 20
53 13 2 2
53 13 2 41
53 13 2 55
53 13 2 29
53 13 2 1
53 13 2 50
53 13 2 66
53 13 2 28
53 13 2 5
53 13 2 40
53 13 2 61
53 13 2 64
53 13 2 1
53 13 2 30
53 13 2 62
53 13 2 22
53 13 2 3
53 13 2 27
53 13 2 55
53 13 2 16
53 13 3 4
53 13 3 43
53 13 3 60
53 13 3 53
53 13 3 7
53 13 3 43
53 13 3 62
53 13 3 17
53 13 3 10
53 13 3 37
53 13 3 62
53 13 3 54
53 13 3 7
53 13 3 40
53 13 3 63
53 13 3 53
53 13 3 1
53 13 3 26
53 13 3 66
53 13 3 52
53 13 4 1
53 13 4 36
53 13 4 67
53 13 4 8
53 13 4 8
53 13 4 26
53 13 4 53
53 13 4 68
53 13 4 7
53 13 4 42
53 13 4 60
53 13 4 49
53 13 4 2
53 13 4 28
53 13 4 56
53 13 4 51
53 13 4 1
53 13 4 27
53 13 4 55
53 13 4 66
53 13 5 3
53 13 5 44
53 13 5 59
53 13 5 39
53 13 5 4
53 13 5 40
53 13 5 62
53 13 5 48
53 13 5 8
53 13 5 37
53 13 5 64
53 13 5 67
53 13 5 5
53 13 5 38
53 13 5 66
53 13 5 8
53 13 5 7
53 13 5 32
53 13 5 64
53 13 5 16
53 13 6 2
53 13 6 53
53 13 6 68
53 13 6 10
53 13 6 5
53 13 6 28
53 13 6 58
53 13 6 28
53 13 6 5
53 13 6 51
53 13 6 62
53 13 6 11
53 13 6 2
53 13 6 44
53 13 6 58
53 13 6 49
53 13 6 8
53 13 6 42
53 13 6 62
53 13 6 29
53 13 7 2
53 13 7 27
53 13 7 68
53 13 7 30
53 13 7 7
53 13 7 41
53 13 7 60
53 13 7 27
53 13 7 7
53 13 7 52
53 13 7 68
53 13 7 25
53 13 7 2
53 13 7 33
53 13 7 66
53 13 7 65
53 13 7 9
53 13 7 50
53 13 7 62
53 13 7 52
53 13 8 7
53 13 8 35
53 13 8 53
53 13 8 43
53 13 8 8
53 13 8 40
53 13 8 53
53 13 8 50
53 13 8 7
53 13 8 38
53 13 8 56
53 13 8 43
53 13 8 7
53 13 8 46
53 13 8 68
53 13 8 19
53 13 8 7
53 13 8 42
53 13 8 57
53 13 8 27
53 13 9 6
53 13 9 32
53 13 9 65
53 13 9 44
53 13 9 5
53 13 9 44
53 13 9 53
53 13 9 27
53 13 9 8
53 13 9 48
53 13 9 58
53 13 9 8
53 13 9 10
53 13 9 50
53 14 7 1
53 14 8 10
53 14 8 32
53 14 8 54
53 14 8 31
53 14 8 6
53 14 8 46
53 14 8 67
53 14 8 52
53 14 8 2
53 14 8 38
53 14 8 68
53 14 8 27
53 14 8 5
53 14 8 31
53 14 8 65
53 14 8 49
53 14 8 9
53 14 8 49
53 14 8 66
53 14 8 42
53 14 9 7
53 14 9 52
53 14 9 67
53 14 9 20
53 14 9 3
53 14 9 26
53 14 9 59
53 14 9 12
53 14 9 9
53 14 9 44
53 14 9 66
53 14 9 38
53 14 9 7
53 14 9 48
53 14 9 63
53 14 9 25
53 14 9 2
53 14 9 47
53 14 9 58
53 14 9 63
53 14 10 1
53 14 10 51
53 14 10 63
53 14 10 41
53 14 10 5
53 14 10 49
53 14 10 64
53 14 10 32
53 14 10 10
53 14 10 35
53 14 10 56
53 14 10 53
53 14 10 2
53 14 10 46
53 14 10 57
53 14 10 62
53 14 10 3
53 14 10 30
53 14 10 59
53 14 10 38
53 14 11 1
53 14 11 28
53 14 11 58
53 14 11 36
53 14 11 3
53 14 11 45
53 14 11 65
53 14 11 43
53 14 11 2
53 14 11 53
53 14 11 56
53 14 11 43
53 14 11 5
53 14 11 36
53 14 11 53
53 14 11 21
53 14 11 7
53 14 11 29
53 14 11 59
53 14 11 54
53 14 12 2
53 14 12 43
53 14 12 53
53 14 12 62
53 14 12 10
53 14 12 29
53 14 12 65
53 14 12 67
53 14 12 5
53 14 12 52
53 14 12 59
53 14 12 20
53 14 12 1
53 14 12 30
53 14 12 53
53 14 12 31
53 14 12 10
53 14 12 50
53 14 12 56
53 14 12 32
53 14 13 8
53 14 13 36
53 14 13 54
53 14 13 39
53 14 13 9
53 14 13 35
53 14 13 61
53 14 13 31
53 14 13 5
53 14 13 30
53 14 13 54
53 14 13 67
53 14 13 1
53 14 13 26
53 14 13 59
53 14 13 24
53 14 13 6
53 14 13 31
53 14 13 59
53 14 13 13
53 14 14 1
53 14 14 35
53 14 14 55
53 14 14 22
53 14 14 6
53 14 14 44
53 14 14 60
53 14 14 34
53 14 14 1
53 14 14 44
53 14 14 61
53 14 14 45
53 14 14 10
53 14 14 35
53 14 14 55
53 14 14 11
53 14 14 4
53 14 14 49
53 14 14 54
53 14 14 49
59 1 1 8
59 1 1 44
59 1 1 71
59 1 1 67
59 1 1 9
59 1 1 33
59 1 1 72
59 1 1 37
59 1 1 9
59 1 1 45
59 1 1 71
59 1 1 4
59 1 1 9
59 1 1 47
59 1 1 71
59 1 1 37
59 1 1 10
59 1 1 33
59 1 1 68
59 1 1 54
59 1 2 2
59 1 2 44
59 1 2 69
59 1 2 21
59 1 2 4
59 1 2 42
59 1 2 71
59 1 2 33
59 1 2 2
59 1 2 48
59 1 2 59
59 1 2 10
59 1 2 3
59 1 2 36
59 1 2 67
59 1 2 61
59 1 2 7
59 1 2 58
59 1 2 65
59 1 2 47
59 1 3 6
59 1 3 38
59 1 3 69
59 1 3 26
59 1 3 10
59 1 3 30
59 1 3 71
59 1 3 24
59 1 3 10
59 1 3 37
59 1 3 63
59 1 3 64
59 1 3 8
59 1 3 49
59 1 3 59
59 1 3 22
59 1 3 1
59 1 3 34
59 1 3 65
59 1 3 59
59 1 4 8
59 1 4 49
59 1 4 71
59 1 4 48
59 1 4 10
59 1 4 51
59 1 4 73
59 1 4 10
59 1 4 1
59 1 4 42
59 1 4 66
59 1 4 56
59 1 4 3
59 1 4 31
59 1 4 70
59 1 4 14
59 1 4 3
59 1 4 39
59 1 4 69
59 1 4 56
59 1 5 7
59 1 5 53
59 1 5 66
59 1 5 47
59 1 5 1
59 1 5 58
59 1 5 61
59 1 5 11
59 1 5 9
59 1 5 33
59 1 5 69
59 1 5 14
59 1 5 8
59 1 5 39
59 1 5 61
59 1 5 60
59 1 5 5
59 1 5 55
59 1 5 70
59 1 5 29
59 1 6 4
59 1 6 57
59 1 6 61
59 1 6 45
59 1 6 8
59 1 6 33
59 1 6 73
59 1 6 72
59 1 6 7
59 1 6 51
59 1 6 71
59 1 6 6
59 1 6 4
59 1 6 49
59 1 6 60
59 1 6 73
59 1 6 9
59 1 6 49
59 1 6 62
59 1 6 35
59 1 7 5
59 1 7 57
59 1 7 67
59 1 7 53
59 1 7 5
59 1 7 40
59 1 7 59
59 1 7 5
59 1 7 3
59 1 7 55
59 1 7 72
59 1 7 10
59 1 7 4
59 1 7 39
59 1 7 71
59 1 7 19
59 1 7 4
59 1 7 36
59 1 7 60
59 1 7 66
59 1 8 5
59 1 8 48
59 1 8 71
59 1 8 32
59 1 8 7
59 1 8 30
59 1 8 74
59 1 8 61
59 1 8 4
59 1 8 30
59 1 8 59
59 1 8 65
59 1 8 7
59 1 8 59
59 1 8 66
59 1 8 23
59 1 8 9
59 1 8 39
59 1 8 63
59 1 8 73
59 1 9 4
59 1 9 32
59 1 9 70
59 1 9 63
59 1 9 6
59 1 9 50
59 1 9 60
59 1 9 53
59 1 9 4
59 1 9 50
59 1 9 71
59 1 9 43
59 1 9 10
59 1 9 47
59 1 9 74
59 1 9 14
59 1 9 3
59 1 9 29
59 1 9 59
59 1 9 19
59 1 10 3
59 1 10 33
59 1 10 74
59 1 10 10
59 1 10 10
59 1 10 44
59 1 10 67
59 1 10 30
59 1 10 2
59 1 10 33
59 1 10 68
59 1 10 21
59 1 10 9
59 1 10 46
59 1 10 63
59 1 10 2
59 1 10 5
59 1 10 29
59 1 10 73
59 1 10 66
59 1 11 7
59 1 11 53
59 1 11 68
59 1 11 44
59 1 11 10
59 1 11 48
59 1 11 59
59 1 11 7
59 1 11 3
59 1 11 54
59 1 11 66
59 1 11 11
59 1 11 5
59 1 11 40
59 1 11 59
59 1 11 46
59 1 11 8
59 1 11 42
59 1 11 71
59 1 11 11
59 1 12 8
59 1 12 34
59 1 12 66
59 1 12 74
59 1 12 8
59 1 12 38
59 1 12 66
59 1 12 39
59 1 12 3
59 1 12 46
59 1 12 67
59 1 12 48
59 1 12 6
59 1 12 29
59 1 12 59
59 1 12 46
59 1 12 3
59 1 12 51
59 1 12 73
59 1 12 26
59 1 13 5
59 1 13 34
59 1 13 74
59 1 13 74
59 1 13 8
59 1 13 37
59 1 13 74
59 1 13 27
59 1 13 1
59 1 13 31
59 1 13 71
59 1 13 19
59 1 13 9
59 1 13 52
59 1 13 66
59 1 13 72
59 1 13 4
59 1 13 35
59 1 13 74
59 1 13 49
59 1 14 7
59 1 14 34
59 1 14 70
59 1 14 39
59 1 14 10
59 1 14 56
59 1 14 64
59 1 14 18
59 1 14 8
59 1 14 33
59 1 14 69
59 1 14 42
59 1 14 1
59 1 14 38
59 1 14 68
59 1 14 33
59 1 14 9
59 1 14 44
59 1 14 66
59 1 14 59
59 2 1 3
59 2 1 32
59 2 1 65
59 2 1 8
59 2 1 3
59 2 1 43
59 2 1 69
59 2 1 62
59 2 1 6
59 2 1 54
59 2 1 64
59 2 1 73
59 2 1 2
59 2 1 40
59 2 1 60
59 2 1 39
59 2 1 4
59 2 1 38
59 2 1 63
59 2 1 42
59 2 2 1
59 2 2 53
59 2 2 70
59 2 2 43
59 2 2 3
59 2 2 29
59 2 2 68
59 2 2 31
59 2 2 4
59 2 2 55
59 2 2 66
59 2 2 63
59 2 2 1
59 2 2 54
59 2 2 62
59 2 2 40
59 2 2 7
59 2 2 45
59 2 2 68
59 2 2 36
59 2 3 1
59 2 3 29
59 2 3 70
59 2 3 19
59 2 3 7
59 2 3 53
59 2 3 61
59 2 3 64
59 2 3 5
59 2 3 36
59 2 3 71
59 2 3 67
59 2 3 2
59 2 3 46
59 2 3 66
59 2 3 1
59 2 3 7
59 2 3 45
59 2 3 70
59 2 3 62
59 2 4 2
59 2 4 45
59 2 4 70
59 2 4 4
59 2 4 9
59 2 4 54
59 2 4 59
59 2 4 37
59 2 4 3
59 2 4 36
59 2 4 65
59 2 4 45
59 2 4 3
59 2 4 42
59 2 4 59
59 2 4 37
59 2 4 1
59 2 4 34
59 2 4 74
59 2 4 49
59 2 5 8
59 2 5 53
59 2 5 60
59 2 5 22
59 2 5 7
59 2 5 31
59 2 5 63
59 2 5 22
59 2 5 3
59 2 5 57
59 2 5 60
59 2 5 1
59 2 5 1
59 2 5 59
59 2 5 66
59 2 5 68
59 2 5 2
59 2 5 47
59 2 5 65
59 2 5 66
59 2 6 10
59 2 6 44
59 2 6 63
59 2 6 50
59 2 6 2
59 2 6 34
59 2 6 59
59 2 6 30
59 2 6 3
59 2 6 55
59 2 6 74
59 2 6 46
59 2 6 9
59 2 6 45
59 2 6 72
59 2 6 19
59 2 6 5
59 2 6 54
59 2 6 72
59 2 6 58
59 2 7 4
59 2 7 50
59 2 7 71
59 2 7 45
59 2 7 3
59 2 7 59
59 2 7 66
59 2 7 18
59 2 7 10
59 2 7 52
59 2 7 67
59 2 7 25
59 2 7 6
59 2 7 55
59 2 7 73
59 2 7 32
59 2 7 5
59 2 7 57
59 2 7 69
59 2 7 15
59 2 8 7
59 2 8 45
59 2 8 69
59 2 8 39
59 2 8 3
59 2 8 43
59 2 8 64
59 2 8 16
59 2 8 2
59 2 8 58
59 2 8 60
59 2 8 45
59 2 8 8
59 2 8 40
59 2 8 62
59 2 8 38
59 2 8 9
59 2 8 30
59 2 8 66
59 2 8 56
59 2 9 2
59 2 9 43
59 2 9 66
59 2 9 64
59 2 9 4
59 2 9 30
59 2 9 59
59 2 9 28
59 2 9 9
59 2 9 44
59 2 9 69
59 2 9 23
59 2 9 3
59 2 9 44
59 2 9 69
59 2 9 46
59 2 9 9
59 2 9 50
59 2 9 67
59 2 9 35
59 2 10 4
59 2 10 36
59 2 10 59
59 2 10 70
59 2 10 8
59 2 10 53
59 2 10 66
59 2 10 43
59 2 10 8
59 2 10 45
59 2 10 60
59 2 10 38
59 2 10 1
59 2 10 40
59 2 10 73
59 2 10 27
59 2 10 9
59 2 10 49
59 2 10 64
59 2 10 15
59 2 11 6
59 2 11 58
59 2 11 74
59 2 11 50
59 2 11 8
59 2 11 38
59 2 11 65
59 2 11 69
59 2 11 3
59 2 11 39
59 2 11 67
59 2 11 3
59 2 11 5
59 2 11 39
59 2 11 64
59 2 11 68
59 2 11 7
59 2 11 47
59 2 11 64
59 2 11 56
59 2 12 7
59 2 12 29
59 2 12 71
59 2 12 11
59 2 12 8
59 2 12 56
59 2 12 74
59 2 12 40
59 2 12 10
59 2 12 37
59 2 12 63
59 2 12 42
59 2 12 10
59 2 12 38
59 2 12 62
59 2 12 72
59 2 12 4
59 2 12 46
59 2 12 69
59 2 12 65
59 2 13 1
59 2 13 33
59 2 13 70
59 2 13 10
59 2 13 7
59 2 13 36
59 2 13 71
59 2 13 36
59 2 13 6
59 2 13 31
59 2 13 68
59 2 13 72
59 2 13 3
59 2 13 38
59 2 13 65
59 2 13 49
59 2 13 2
59 2 13 39
59 2 13 67
59 2 13 51
59 2 14 6
59 2 14 55
59 2 14 69
59 2 14 6
59 2 14 3
59 2 14 38
59 2 14 68
59 2 14 59
59 2 14 9
59 2 14 51
59 2 14 70
59 2 14 4
59 2 14 8
59 2 14 51
59 2 14 67
59 2 14 36
59 2 14 4
59 2 14 57
59 2 14 67
59 2 14 23
59 3 1 1
59 3 1 35
59 3 1 67
59 3 1 49
59 3 1 10
59 3 1 43
59 3 1 66
59 3 1 28
59 3 1 5
59 3 1 34
59 3 1 74
59 3 1 42
59 3 1 10
59 3 1 36
59 3 1 64
59 3 1 68
59 3 1 1
59 3 1 58
59 3 1 61
59 3 1 36
59 3 2 3
59 3 2 54
59 3 2 62
59 3 2 22
59 3 2 9
59 3 2 40
59 3 2 69
59 3 2 44
59 3 2 5
59 3 2 53
59 3 2 69
59 3 2 41
59 3 2 4
59 3 2 37
59 3 2 59
59 3 2 19
59 3 2 1
59 3 2 52
59 3 2 70
59 3 2 44
59 3 3 4
59 3 3 48
59 3 3 59
59 3 3 52
59 3 3 8
59 3 3 40
59 3 3 68
59 3 3 36
59 3 3 1
59 3 3 57
59 3 3 60
59 3 3 70
59 3 3 9
59 3 3 47
59 3 3 67
59 3 3 19
59 3 3 4
59 3 3 37
59 3 3 73
59 3 3 38
59 3 4 9
59 3 4 33
59 3 4 70
59 3 4 66
59 3 4 2
59 3 4 50
59 3 4 64
59 3 4 53
59 3 4 4
59 3 4 52
59 3 4 64
59 3 4 23
59 3 4 1
59 3 4 42
59 3 4 68
59 3 4 21
59 3 4 3
59 3 4 41
59 3 4 62
59 3 4 42
59 3 5 5
59 3 5 30
59 3 5 69
59 3 5 43
59 3 5 5
59 3 5 38
59 3 5 64
59 3 5 16
59 3 5 8
59 3 5 53
59 3 5 65
59 3 5 30
59 3 5 8
59 3 5 30
59 3 5 63
59 3 5 51
59 3 5 2
59 3 5 40
59 3 5 64
59 3 5 31
59 3 6 2
59 3 6 55
59 3 6 61
59 3 6 54
59 3 6 1
59 3 6 38
59 3 6 68
59 3 6 58
59 3 6 9
59 3 6 32
59 3 6 66
59 3 6 24
59 3 6 2
59 3 6 46
59 3 6 63
59 3 6 57
59 3 6 4
59 3 6 54
59 3 6 61
59 3 6 28
59 3 7 5
59 3 7 30
59 3 7 71
59 3 7 38
59 3 7 4
59 3 7 54
59 3 7 65
59 3 7 24
59 3 7 3
59 3 7 54
59 3 7 65
59 3 7 72
59 3 7 8
59 3 7 34
59 3 7 64
59 3 7 62
59 3 7 8
59 3 7 55
59 3 7 69
59 3 7 59
59 3 8 3
59 3 8 49
59 3 8 60
59 3 8 26
59 3 8 3
59 3 8 43
59 3 8 62
59 3 8 72
59 3 8 7
59 3 8 36
59 3 8 64
59 3 8 3
59 3 8 1
59 3 8 48
59 3 8 61
59 3 8 39
59 3 8 9
59 3 8 41
59 3 8 64
59 3 8 53
59 3 9 5
59 3 9 46
59 3 9 63
59 3 9 23
59 3 9 5
59 3 9 58
59 3 9 71
59 3 9 28
59 3 9 8
59 3 9 35
59 3 9 65
59 3 9 21
59 3 9 2
59 3 9 49
59 3 9 66
59 3 9 55
59 3 9 1
59 3 9 53
59 3 9 67
59 3 9 32
59 3 10 9
59 3 10 43
59 3 10 73
59 3 10 53
59 3 10 6
59 3 10 41
59 3 10 72
59 3 10 9
59 3 10 9
59 3 10 55
59 3 10 60
59 3 10 69
59 3 10 3
59 3 10 57
59 3 10 65
59 3 10 11
59 3 10 9
59 3 10 47
59 3 10 64
59 3 10 32
59 3 11 4
59 3 11 45
59 3 11 63
59 3 11 48
59 3 11 5
59 3 11 29
59 3 11 65
59 3 11 12
59 3 11 6
59 3 11 59
59 3 11 66
59 3 11 51
59 3 11 5
59 3 11 37
59 3 11 72
59 3 11 29
59 3 11 4
59 3 11 59
59 3 11 64
59 3 11 2
59 3 12 2
59 3 12 42
59 3 12 73
59 3 12 55
59 3 12 9
59 3 12 54
59 3 12 68
59 3 12 51
59 3 12 5
59 3 12 57
59 3 12 70
59 3 12 54
59 3 12 5
59 3 12 58
59 3 12 59
59 3 12 43
59 3 12 5
59 3 12 38
59 3 12 67
59 3 12 72
59 3 13 2
59 3 13 57
59 3 13 65
59 3 13 58
59 3 13 1
59 3 13 59
59 3 13 65
59 3 13 20
59 3 13 5
59 3 13 30
59 3 13 61
59 3 13 10
59 3 13 9
59 3 13 43
59 3 13 66
59 3 13 38
59 3 13 5
59 3 13 58
59 3 13 65
59 3 13 70
59 3 14 10
59 3 14 36
59 3 14 60
59 3 14 40
59 3 14 6
59 3 14 29
59 3 14 71
59 3 14 68
59 3 14 10
59 3 14 45
59 3 14 69
59 3 14 4
59 3 14 6
59 3 14 59
59 3 14 59
59 3 14 57
59 3 14 4
59 3 14 48
59 3 14 61
59 3 14 28
59 4 1 3
59 4 1 31
59 4 1 65
59 4 1 62
59 4 1 6
59 4 1 36
59 4 1 68
59 4 1 38
59 4 1 2
59 4 1 33
59 4 1 60
59 4 1 37
59 4 1 2
59 4 1 47
59 4 1 69
59 4 1 55
59 4 1 2
59 4 1 59
59 4 1 61
59 4 1 38
59 4 2 4
59 4 2 48
59 4 2 59
59 4 2 52
59 4 2 3
59 4 2 58
59 4 2 71
59 4 2 67
59 4 2 9
59 4 2 45
59 4 2 65
59 4 2 27
59 4 2 6
59 4 2 50
59 4 2 64
59 4 2 47
59 4 2 2
59 4 2 32
59 4 2 71
59 4 2 56
59 4 3 5
59 4 3 43
59 4 3 70
59 4 3 1
59 4 3 2
59 4 3 59
59 4 3 68
59 4 3 10
59 4 3 1
59 4 3 50
59 4 3 68
59 4 3 64
59 4 3 3
59 4 3 39
59 4 3 61
59 4 3 38
59 4 3 8
59 4 3 29
59 4 3 61
59 4 3 32
59 4 4 8
59 4 4 38
59 4 4 69
59 4 4 38
59 4 4 2
59 4 4 57
59 4 4 73
59 4 4 41
59 4 4 7
59 4 4 38
59 4 4 70
59 4 4 72
59 4 4 9
59 4 4 51
59 4 4 66
59 4 4 45
59 4 4 1
59 4 4 29
59 4 4 66
59 4 4 22
59 4 5 9
59 4 5 40
59 4 5 60
59 4 5 39
59 4 5 8
59 4 5 49
59 4 5 73
59 4 5 50
59 4 5 5
59 4 5 35
59 4 5 73
59 4 5 23
59 4 5 2
59 4 5 57
59 4 5 64
59 4 5 6
59 4 5 8
59 4 5 29
59 4 5 73
59 4 5 35
59 4 6 1
59 4 6 35
59 4 6 74
59 4 6 59
59 4 6 2
59 4 6 30
59 4 6 69
59 4 6 61
59 4 6 5
59 4 6 36
59 4 6 71
59 4 6 7
59 4 6 6
59 4 6 44
59 4 6 67
59 4 6 54
59 4 6 7
59 4 6 40
59 4 6 74
59 4 6 57
59 4 7 9
59 4 7 39
59 4 7 72
59 4 7 49
59 4 7 4
59 4 7 37
59 4 7 74
59 4 7 62
59 4 7 2
59 4 7 59
59 4 7 62
59 4 7 51
59 4 7 7
59 4 7 42
59 4 7 72
59 4 7 12
59 4 7 8
59 4 7 31
59 4 7 60
59 4 7 59
59 4 8 8
59 4 8 29
59 4 8 66
59 4 8 37
59 4 8 4
59 4 8 43
59 4 8 63
59 4 8 39
59 4 8 10
59 4 8 42
59 4 8 68
59 4 8 43
59 4 8 9
59 4 8 43
59 4 8 59
59 4 8 28
59 4 8 10
59 4 8 35
59 4 8 66
59 4 8 15
59 4 9 2
59 4 9 43
59 4 9 70
59 4 9 9
59 4 9 4
59 4 9 39
59 4 9 61
59 4 9 72
59 4 9 10
59 4 9 47
59 4 9 74
59 4 9 5
59 4 9 9
59 4 9 45
59 4 9 73
59 4 9 73
59 4 9 1
59 4 9 44
59 4 9 64
59 4 9 37
59 4 10 10
59 4 10 31
59 4 10 68
59 4 10 70
59 4 10 2
59 4 10 36
59 4 10 59
59 4 10 73
59 4 10 4
59 4 10 38
59 4 10 68
59 4 10 74
59 4 10 6
59 4 10 37
59 4 10 66
59 4 10 56
59 4 10 8
59 4 10 50
59 4 10 68
59 4 10 37
59 4 11 2
59 4 11 41
59 4 11 72
59 4 11 56
59 4 11 7
59 4 11 30
59 4 11 68
59 4 11 74
59 4 11 10
59 4 11 46
59 4 11 66
59 4 11 8
59 4 11 4
59 4 11 31
59 4 11 63
59 4 11 4
59 4 11 10
59 4 11 34
59 4 11 62
59 4 11 46
59 4 12 1
59 4 12 54
59 4 12 66
59 4 12 42
59 4 12 9
59 4 12 29
59 4 12 69
59 4 12 44
59 4 12 9
59 4 12 32
59 4 12 60
59 4 12 3
59 4 12 2
59 4 12 45
59 4 12 62
59 4 12 46
59 4 12 9
59 4 12 54
59 4 12 66
59 4 12 51
59 4 13 7
59 4 13 44
59 4 13 71
59 4 13 36
59 4 13 10
59 4 13 32
59 4 13 73
59 4 13 24
59 4 13 7
59 4 13 58
59 4 13 70
59 4 13 15
59 4 13 6
59 4 13 55
59 4 13 60
59 4 13 26
59 4 13 3
59 4 13 41
59 4 13 68
59 4 13 37
59 4 14 3
59 4 14 50
59 4 14 59
59 4 14 52
59 4 14 7
59 4 14 30
59 4 14 68
59 4 14 57
59 4 14 2
59 4 14 43
59 4 14 67
59 4 14 63
59 4 14 1
59 4 14 50
59 4 14 71
59 4 14 43
59 4 14 6
59 4 14 49
59 4 14 61
59 4 14 34
59 5 1 6
59 5 1 31
59 5 1 63
59 5 1 16
59 5 1 7
59 5 1 45
59 5 1 72
59 5 1 41
59 5 1 9
59 5 1 36
59 5 1 72
59 5 1 35
59 5 1 1
59 5 1 59
59 5 1 65
59 5 1 16
59 5 1 10
59 5 1 47
59 5 1 68
59 5 1 62
59 5 2 6
59 5 2 46
59 5 2 69
59 5 2 65
59 5 2 3
59 5 2 56
59 5 2 62
59 5 2 10
59 5 2 7
59 5 2 58
59 5 2 59
59 5 2 68
59 5 2 6
59 5 2 52
59 5 2 65
59 5 2 55
59 5 2 5
59 5 2 55
59 5 2 60
59 5 2 28
59 5 3 10
59 5 3 56
59 5 3 60
59 5 3 1
59 5 3 1
59 5 3 59
59 5 3 67
59 5 3 30
59 5 3 3
59 5 3 45
59 5 3 72
59 5 3 54
59 5 3 1
59 5 3 46
59 5 3 71
59 5 3 43
59 5 3 4
59 5 3 47
59 5 3 59
59 5 3 39
59 5 4 10
59 5 4 39
59 5 4 66
59 5 4 42
59 5 4 4
59 5 4 57
59 5 4 69
59 5 4 66
59 5 4 3
59 5 4 29
59 5 4 66
59 5 4 62
59 5 4 10
59 5 4 45
59 5 4 74
59 5 4 74
59 5 4 10
59 5 4 50
59 5 4 62
59 5 4 13
59 5 5 2
59 5 5 42
59 5 5 66
59 5 5 33
59 5 5 7
59 5 5 45
59 5 5 63
59 5 5 32
59 5 5 10
59 5 5 47
59 5 5 64
59 5 5 24
59 5 5 4
59 5 5 39
59 5 5 65
59 5 5 41
59 5 5 3
59 5 5 45
59 5 5 67
59 5 5 52
59 5 6 9
59 5 6 40
59 5 6 73
59 5 6 72
59 5 6 8
59 5 6 48
59 5 6 62
59 5 6 14
59 5 6 10
59 5 6 42
59 5 6 70
59 5 6 19
59 5 6 1
59 5 6 56
59 5 6 72
59 5 6 35
59 5 6 2
59 5 6 48
59 5 6 62
59 5 6 44
59 5 7 10
59 5 7 35
59 5 7 59
59 5 7 73
59 5 7 7
59 5 7 32
59 5 7 62
59 5 7 47
59 5 7 4
59 5 7 44
59 5 7 63
59 5 7 29
59 5 7 9
59 5 7 47
59 5 7 67
59 5 7 9
59 5 7 7
59 5 7 41
59 5 7 69
59 5 7 43
59 5 8 9
59 5 8 56
59 5 8 61
59 5 8 51
59 5 8 6
59 5 8 41
59 5 8 70
59 5 8 15
59 5 8 4
59 5 8 56
59 5 8 61
59 5 8 29
59 5 8 2
59 5 8 50
59 5 8 72
59 5 8 68
59 5 8 7
59 5 8 30
59 5 8 66
59 5 8 62
59 5 9 6
59 5 9 57
59 5 9 66
59 5 9 22
59 5 9 4
59 5 9 50
59 5 9 71
59 5 9 66
59 5 9 8
59 5 9 31
59 5 9 68
59 5 9 29
59 5 9 8
59 5 9 47
59 5 9 72
59 5 9 36
59 5 9 1
59 5 9 52
59 5 9 63
59 5 9 8
59 5 10 8
59 5 10 56
59 5 10 62
59 5 10 70
59 5 10 7
59 5 10 31
59 5 10 62
59 5 10 67
59 5 10 10
59 5 10 48
59 5 10 68
59 5 10 60
59 5 10 8
59 5 10 31
59 5 10 71
59 5 10 66
59 5 10 3
59 5 10 49
59 5 10 70
59 5 10 53
59 5 11 1
59 5 11 51
59 5 11 72
59 5 11 43
59 5 11 4
59 5 11 42
59 5 11 74
59 5 11 11
59 5 11 8
59 5 11 29
59 5 11 61
59 5 11 36
59 5 11 4
59 5 11 40
59 5 11 65
59 5 11 68
59 5 11 5
59 5 11 59
59 5 11 73
59 5 11 13
59 5 12 8
59 5 12 33
59 5 12 73
59 5 12 65
59 5 12 10
59 5 12 39
59 5 12 69
59 5 12 70
59 5 12 7
59 5 12 53
59 5 12 70
59 5 12 45
59 5 12 6
59 5 12 50
59 5 12 67
59 5 12 15
59 5 12 10
59 5 12 40
59 5 12 62
59 5 12 10
59 5 13 5
59 5 13 38
59 5 13 71
59 5 13 50
59 5 13 10
59 5 13 34
59 5 13 73
59 5 13 30
59 5 13 3
59 5 13 55
59 5 13 70
59 5 13 66
59 5 13 7
59 5 13 32
59 5 13 65
59 5 13 16
59 5 13 3
59 5 13 34
59 5 13 68
59 5 13 14
59 5 14 7
59 5 14 33
59 5 14 61
59 5 14 10
59 5 14 4
59 5 14 38
59 5 14 68
59 5 14 70
59 5 14 4
59 5 14 53
59 5 14 74
59 5 14 67
59 5 14 3
59 5 14 35
59 5 14 65
59 5 14 56
59 5 14 7
59 5 14 44
59 5 14 64
59 5 14 8
59 6 1 3
59 6 1 46
59 6 1 73
59 6 1 6
59 6 1 9
59 6 1 51
59 6 1 64
59 6 1 18
59 6 1 6
59 6 1 32
59 6 1 68
59 6 1 71
59 6 1 9
59 6 1 49
59 6 1 62
59 6 1 37
59 6 1 3
59 6 1 50
59 6 1 74
59 6 1 51
59 6 2 3
59 6 2 44
59 6 2 74
59 6 2 42
59 6 2 1
59 6 2 42
59 6 2 66
59 6 2 26
59 6 2 8
59 6 2 52
59 6 2 74
59 6 2 74
59 6 2 7
59 6 2 44
59 6 2 71
59 6 2 72
59 6 2 3
59 6 2 52
59 6 2 70
59 6 2 5
59 6 3 9
59 6 3 37
59 6 3 64
59 6 3 20
59 6 3 6
59 6 3 52
59 6 3 66
59 6 3 23
59 6 3 9
59 6 3 58
59 6 3 62
59 6 3 60
59 6 3 1
59 6 3 34
59 6 3 61
59 6 3 33
59 6 3 8
59 6 3 53
59 6 3 68
59 6 3 46
59 6 4 10
59 6 4 41
59 6 4 72
59 6 4 50
59 6 4 7
59 6 4 44
59 6 4 66
59 6 4 51
59 6 4 9
59 6 4 42
59 6 4 59
59 6 4 22
59 6 4 4
59 6 4 54
59 6 4 60
59 6 4 1
59 6 4 9
59 6 4 33
59 6 4 69
59 6 4 25
59 6 5 3
59 6 5 53
59 6 5 71
59 6 5 27
59 6 5 2
59 6 5 40
59 6 5 72
59 6 5 6
59 6 5 4
59 6 5 46
59 6 5 74
59 6 5 16
59 6 5 6
59 6 5 43
59 6 5 71
59 6 5 26
59 6 5 1
59 6 5 29
59 6 5 71
59 6 5 70
59 6 6 3
59 6 6 40
59 6 6 71
59 6 6 23
59 6 6 5
59 6 6 38
59 6 6 64
59 6 6 5
59 6 6 9
59 6 6 47
59 6 6 61
59 6 6 48
59 6 6 8
59 6 6 33
59 6 6 61
59 6 6 17
59 6 6 6
59 6 6 30
59 6 6 70
59 6 6 42
59 6 7 8
59 6 7 46
59 6 7 73
59 6 7 47
59 6 7 7
59 6 7 47
59 6 7 62
59 6 7 60
59 6 7 5
59 6 7 33
59 6 7 59
59 6 7 66
59 6 7 10
59 6 7 53
59 6 7 66
59 6 7 34
59 6 7 2
59 6 7 45
59 6 7 65
59 6 7 44
59 6 8 2
59 6 8 37
59 6 8 69
59 6 8 67
59 6 8 8
59 6 8 34
59 6 8 69
59 6 8 49
59 6 8 1
59 6 8 32
59 6 8 63
59 6 8 37
59 6 8 3
59 6 8 35
59 6 8 59
59 6 8 30
59 6 8 7
59 6 8 35
59 6 8 67
59 6 8 69
59 6 9 4
59 6 9 58
59 6 9 68
59 6 9 53
59 6 9 8
59 6 9 29
59 6 9 61
59 6 9 19
59 6 9 6
59 6 9 30
59 6 9 68
59 6 9 43
59 6 9 2
59 6 9 31
59 6 9 74
59 6 9 51
59 6 9 10
59 6 9 35
59 6 9 59
59 6 9 45
59 6 10 1
59 6 10 49
59 6 10 71
59 6 10 36
59 6 10 8
59 6 10 35
59 6 10 70
59 6 10 50
59 6 10 4
59 6 10 35
59 6 10 64
59 6 10 53
59 6 10 9
59 6 10 32
59 6 10 69
59 6 10 24
59 6 10 1
59 6 10 39
59 6 10 69
59 6 10 58
59 6 11 9
59 6 11 31
59 6 11 70
59 6 11 34
59 6 11 10
59 6 11 43
59 6 11 64
59 6 11 64
59 6 11 5
59 6 11 59
59 6 11 61
59 6 11 46
59 6 11 10
59 6 11 42
59 6 11 71
59 6 11 6
59 6 11 8
59 6 11 47
59 6 11 66
59 6 11 68
59 6 12 1
59 6 12 53
59 6 12 74
59 6 12 19
59 6 12 9
59 6 12 59
59 6 12 59
59 6 12 69
59 6 12 3
59 6 12 39
59 6 12 67
59 6 12 23
59 6 12 7
59 6 12 48
59 6 12 74
59 6 12 63
59 6 12 4
59 6 12 49
59 6 12 59
59 6 12 51
59 6 13 6
59 6 13 47
59 6 13 71
59 6 13 57
59 6 13 10
59 6 13 53
59 6 13 74
59 6 13 47
59 6 13 4
59 6 13 56
59 6 13 67
59 6 13 55
59 6 13 9
59 6 13 32
59 6 13 65
59 6 13 25
59 6 13 3
59 6 13 42
59 6 13 62
59 6 13 53
59 6 14 4
59 6 14 31
59 6 14 71
59 6 14 3
59 6 14 9
59 6 14 36
59 6 14 70
59 6 14 64
59 6 14 2
59 6 14 52
59 6 14 70
59 6 14 32
59 6 14 10
59 6 14 46
59 6 14 69
59 6 14 15
59 6 14 5
59 6 14 56
59 6 14 67
59 6 14 52
59 7 1 7
59 7 1 53
59 7 1 62
59 7 1 45
59 7 1 1
59 7 1 45
59 7 1 59
59 7 1 20
59 7 1 9
59 7 1 30
59 7 1 73
59 7 1 8
59 7 1 8
59 7 1 29
59 7 1 63
59 7 1 39
59 7 1 5
59 7 1 40
59 7 1 67
59 7 1 43
59 7 2 2
59 7 2 34
59 7 2 69
59 7 2 10
59 7 2 8
59 7 2 34
59 7 2 59
59 7 2 20
59 7 2 2
59 7 2 52
59 7 2 74
59 7 2 52
59 7 2 8
59 7 2 57
59 7 2 72
59 7 2 39
59 7 2 5
59 7 2 31
59 7 2 59
59 7 2 52
59 7 3 8
59 7 3 30
59 7 3 67
59 7 3 74
59 7 3 9
59 7 3 32
59 7 3 73
59 7 3 9
59 7 3 3
59 7 3 35
59 7 3 64
59 7 3 62
59 7 3 9
59 7 3 34
59 7 3 61
59 7 3 23
59 7 3 9
59 7 3 42
59 7 3 61
59 7 3 39
59 7 4 2
59 7 4 47
59 7 4 66
59 7 4 25
59 7 4 2
59 7 4 58
59 7 4 68
59 7 4 9
59 7 4 6
59 7 4 55
59 7 4 61
59 7 4 5
59 7 4 4
59 7 4 52
59 7 4 64
59 7 4 20
59 7 4 4
59 7 4 43
59 7 4 73
59 7 4 59
59 7 5 4
59 7 5 32
59 7 5 70
59 7 5 51
59 7 5 10
59 7 5 43
59 7 5 64
59 7 5 55
59 7 5 2
59 7 5 30
59 7 5 74
59 7 5 56
59 7 5 7
59 7 5 39
59 7 5 62
59 7 5 23
59 7 5 2
59 7 5 30
59 7 5 72
59 7 5 70
59 7 6 7
59 7 6 55
59 7 6 63
59 7 6 9
59 7 6 9
59 7 6 33
59 7 6 71
59 7 6 41
59 7 6 10
59 7 6 41
59 7 6 74
59 7 6 47
59 7 6 8
59 7 6 31
59 7 6 73
59 7 6 4
59 7 6 2
59 7 6 56
59 7 6 66
59 7 6 36
59 7 7 2
59 7 7 36
59 7 7 68
59 7 7 1
59 7 7 7
59 7 7 47
59 7 7 65
59 7 7 28
59 7 7 7
59 7 7 33
59 7 7 62
59 7 7 22
59 7 7 10
59 7 7 59
59 7 7 61
59 7 7 14
59 7 7 5
59 7 7 39
59 7 7 70
59 7 7 44
59 7 8 8
59 7 8 36
59 7 8 66
59 7 8 37
59 7 8 8
59 7 8 47
59 7 8 62
59 7 8 13
59 7 8 6
59 7 8 37
59 7 8 59
59 7 8 14
59 7 8 8
59 7 8 57
59 7 8 72
59 7 8 43
59 7 8 2
59 7 8 46
59 7 8 64
59 7 8 9
59 7 9 1
59 7 9 36
59 7 9 65
59 7 9 35
59 7 9 8
59 7 9 41
59 7 9 67
59 7 9 52
59 7 9 10
59 7 9 30
59 7 9 60
59 7 9 11
59 7 9 7
59 7 9 29
59 7 9 62
59 7 9 5
59 7 9 8
59 7 9 30
59 7 9 74
59 7 9 23
59 7 10 4
59 7 10 50
59 7 10 65
59 7 10 55
59 7 10 2
59 7 10 54
59 7 10 61
59 7 10 26
59 7 10 5
59 7 10 41
59 7 10 73
59 7 10 24
59 7 10 9
59 7 10 46
59 7 10 63
59 7 10 60
59 7 10 2
59 7 10 37
59 7 10 60
59 7 10 37
59 7 11 4
59 7 11 30
59 7 11 62
59 7 11 56
59 7 11 7
59 7 11 44
59 7 11 71
59 7 11 7
59 7 11 10
59 7 11 47
59 7 11 67
59 7 11 51
59 7 11 6
59 7 11 44
59 7 11 64
59 7 11 42
59 7 11 5
59 7 11 51
59 7 11 70
59 7 11 65
59 7 12 10
59 7 12 34
59 7 12 64
59 7 12 45
59 7 12 2
59 7 12 40
59 7 12 60
59 7 12 53
59 7 12 2
59 7 12 30
59 7 12 63
59 7 12 41
59 7 12 10
59 7 12 58
59 7 12 67
59 7 12 49
59 7 12 6
59 7 12 57
59 7 12 67
59 7 12 35
59 7 13 2
59 7 13 36
59 7 13 59
59 7 13 6
59 7 13 1
59 7 13 42
59 7 13 63
59 7 13 71
59 7 13 3
59 7 13 35
59 7 13 60
59 7 13 28
59 7 13 10
59 7 13 47
59 7 13 70
59 7 13 73
59 7 13 1
59 7 13 44
59 7 13 73
59 7 13 59
59 7 14 5
59 7 14 30
59 7 14 59
59 7 14 35
59 7 14 7
59 7 14 45
59 7 14 62
59 7 14 57
59 7 14 9
59 7 14 41
59 7 14 59
59 7 14 62
59 7 14 5
59 7 14 59
59 7 14 61
59 7 14 50
59 7 14 3
59 7 14 43
59 7 14 72
59 7 14 52
59 8 1 7
59 8 1 53
59 8 1 66
59 8 1 52
59 8 1 5
59 8 1 37
59 8 1 69
59 8 1 60
59 8 1 4
59 8 1 32
59 8 1 65
59 8 1 73
59 8 1 4
59 8 1 32
59 8 1 66
59 8 1 63
59 8 1 7
59 8 1 33
59 8 1 60
59 8 1 57
59 8 2 4
59 8 2 38
59 8 2 70
59 8 2 20
59 8 2 1
59 8 2 44
59 8 2 71
59 8 2 40
59 8 2 9
59 8 2 42
59 8 2 62
59 8 2 40
59 8 2 8
59 8 2 37
59 8 2 66
59 8 2 67
59 8 2 4
59 8 2 51
59 8 2 71
59 8 2 53
59 8 3 6
59 8 3 40
59 8 3 64
59 8 3 10
59 8 3 2
59 8 3 35
59 8 3 62
59 8 3 17
59 8 3 7
59 8 3 39
59 8 3 63
59 8 3 1
59 8 3 3
59 8 3 55
59 8 3 72
59 8 3 70
59 8 3 10
59 8 3 37
59 8 3 74
59 8 3 18
59 8 4 9
59 8 4 45
59 8 4 67
59 8 4 33
59 8 4 1
59 8 4 44
59 8 4 63
59 8 4 13
59 8 4 1
59 8 4 50
59 8 4 66
59 8 4 32
59 8 4 9
59 8 4 31
59 8 4 64
59 8 4 70
59 8 4 10
59 8 4 31
59 8 4 67
59 8 4 53
59 8 5 7
59 8 5 44
59 8 5 71
59 8 5 4
59 8 5 2
59 8 5 42
59 8 5 74
59 8 5 25
59 8 5 2
59 8 5 49
59 8 5 66
59 8 5 38
59 8 5 10
59 8 5 36
59 8 5 69
59 8 5 72
59 8 5 1
59 8 5 31
59 8 5 64
59 8 5 1
59 8 6 9
59 8 6 56
59 8 6 67
59 8 6 25
59 8 6 1
59 8 6 32
59 8 6 74
59 8 6 73
59 8 6 8
59 8 6 51
59 8 6 69
59 8 6 46
59 8 6 5
59 8 6 31
59 8 6 62
59 8 6 68
59 8 6 7
59 8 6 39
59 8 6 67
59 8 6 64
59 8 7 9
59 8 7 59
59 8 7 72
59 8 7 26
59 8 7 6
59 8 7 54
59 8 7 67
59 8 7 70
59 8 7 6
59 8 7 36
59 8 7 64
59 8 7 47
59 8 7 3
59 8 7 50
59 8 7 72
59 8 7 60
59 8 7 9
59 8 7 29
59 8 7 68
59 8 7 5
59 8 8 7
59 8 8 37
59 8 8 69
59 8 8 57
59 8 8 5
59 8 8 31
59 8 8 65
59 8 8 71
59 8 8 4
59 8 8 38
59 8 8 71
59 8 8 57
59 8 8 8
59 8 8 58
59 8 8 60
59 8 8 2
59 8 8 2
59 8 8 54
59 8 8 65
59 8 8 37
59 8 9 9
59 8 9 59
59 8 9 68
59 8 9 41
59 8 9 2
59 8 9 46
59 8 9 71
59 8 9 38
59 8 9 9
59 8 9 55
59 8 9 63
59 8 9 54
59 8 9 3
59 8 9 50
59 8 9 61
59 8 9 18
59 8 9 6
59 8 9 34
59 8 9 61
59 8 9 6
59 8 10 4
59 8 10 57
59 8 10 68
59 8 10 5
59 8 10 6
59 8 10 47
59 8 10 71
59 8 10 28
59 8 10 4
59 8 10 33
59 8 10 59
59 8 10 51
59 8 10 4
59 8 10 54
59 8 10 62
59 8 10 72
59 8 10 3
59 8 10 57
59 8 10 63
59 8 10 14
59 8 11 3
59 8 11 42
59 8 11 68
59 8 11 3
59 8 11 9
59 8 11 59
59 8 11 62
59 8 11 16
59 8 11 9
59 8 11 51
59 8 11 74
59 8 11 16
59 8 11 10
59 8 11 50
59 8 11 66
59 8 11 44
59 8 11 9
59 8 11 34
59 8 11 66
59 8 11 68
59 8 12 4
59 8 12 48
59 8 12 59
59 8 12 23
59 8 12 2
59 8 12 56
59 8 12 63
59 8 12 47
59 8 12 2
59 8 12 53
59 8 12 62
59 8 12 13
59 8 12 2
59 8 12 33
59 8 12 68
59 8 12 70
59 8 12 7
59 8 12 54
59 8 12 65
59 8 12 22
59 8 13 1
59 8 13 45
59 8 13 67
59 8 13 23
59 8 13 7
59 8 13 31
59 8 13 74
59 8 13 70
59 8 13 7
59 8 13 51
59 8 13 74
59 8 13 24
59 8 13 1
59 8 13 49
59 8 13 64
59 8 13 67
59 8 13 4
59 8 13 50
59 8 13 69
59 8 13 9
59 8 14 5
59 8 14 53
59 8 14 65
59 8 14 58
59 8 14 6
59 8 14 49
59 8 14 71
59 8 14 20
59 8 14 5
59 8 14 35
59 8 14 64
59 8 14 3
59 8 14 7
59 8 14 31
59 8 14 68
59 8 14 34
59 8 14 6
59 8 14 44
59 8 14 69
59 8 14 5
59 9 1 1
59 9 1 43
59 9 1 65
59 9 1 57
59 9 1 1
59 9 1 35
59 9 1 61
59 9 1 13
59 9 1 4
59 9 1 55
59 9 1 59
59 9 1 33
59 9 1 10
59 9 1 57
59 9 1 74
59 9 1 47
59 9 1 4
59 9 1 58
59 9 1 65
59 9 1 26
59 9 2 9
59 9 2 42
59 9 2 72
59 9 2 1
59 9 2 4
59 9 2 40
59 9 2 67
59 9 2 58
59 9 2 1
59 9 2 42
59 9 2 73
59 9 2 56
59 9 2 5
59 9 2 57
59 9 2 65
59 9 2 13
59 9 2 6
59 9 2 42
59 9 2 63
59 9 2 6
59 9 3 4
59 9 3 44
59 9 3 64
59 9 3 57
59 9 3 9
59 9 3 52
59 9 3 64
59 9 3 1
59 9 3 8
59 9 3 53
59 9 3 67
59 9 3 44
59 9 3 3
59 9 3 39
59 9 3 69
59 9 3 72
59 9 3 9
59 9 3 58
59 9 3 69
59 9 3 4
59 9 4 2
59 9 4 35
59 9 4 74
59 9 4 47
59 9 4 4
59 9 4 37
59 9 4 60
59 9 4 1
59 9 4 7
59 9 4 38
59 9 4 61
59 9 4 20
59 9 4 7
59 9 4 34
59 9 4 73
59 9 4 13
59 9 4 5
59 9 4 53
59 9 4 64
59 9 4 47
59 9 5 2
59 9 5 33
59 9 5 63
59 9 5 66
59 9 5 2
59 9 5 51
59 9 5 63
59 9 5 12
59 9 5 10
59 9 5 54
59 9 5 65
59 9 5 60
59 9 5 9
59 9 5 33
59 9 5 65
59 9 5 70
59 9 5 4
59 9 5 54
59 9 5 74
59 9 5 71
59 9 6 1
59 9 6 32
59 9 6 70
59 9 6 28
59 9 6 7
59 9 6 48
59 9 6 59
59 9 6 10
59 9 6 10
59 9 6 47
59 9 6 74
59 9 6 42
59 9 6 2
59 9 6 46
59 9 6 60
59 9 6 44
59 9 6 10
59 9 6 44
59 9 6 74
59 9 6 43
59 9 7 9
59 9 7 55
59 9 7 64
59 9 7 65
59 9 7 7
59 9 7 48
59 9 7 64
59 9 7 3
59 9 7 6
59 9 7 46
59 9 7 66
59 9 7 2
59 9 7 8
59 9 7 48
59 9 7 70
59 9 7 37
59 9 7 5
59 9 7 52
59 9 7 70
59 9 7 51
59 9 8 6
59 9 8 56
59 9 8 60
59 9 8 58
59 9 8 6
59 9 8 43
59 9 8 65
59 9 8 11
59 9 8 7
59 9 8 43
59 9 8 65
59 9 8 53
59 9 8 2
59 9 8 29
59 9 8 71
59 9 8 56
59 9 8 9
59 9 8 36
59 9 8 59
59 9 8 66
59 9 9 3
59 9 9 42
59 9 9 68
59 9 9 70
59 9 9 8
59 9 9 36
59 9 9 70
59 9 9 37
59 9 9 4
59 9 9 42
59 9 9 72
59 9 9 62
59 9 9 4
59 9 9 49
59 9 9 72
59 9 9 50
59 9 9 2
59 9 9 55
59 9 9 74
59 9 9 63
59 9 10 4
59 9 10 42
59 9 10 63
59 9 10 49
59 9 10 7
59 9 10 50
59 9 10 72
59 9 10 46
59 9 10 8
59 9 10 48
59 9 10 70
59 9 10 12
59 9 10 3
59 9 10 48
59 9 10 68
59 9 10 46
59 9 10 5
59 9 10 57
59 9 10 61
59 9 10 64
59 9 11 4
59 9 11 31
59 9 11 65
59 9 11 39
59 9 11 7
59 9 11 57
59 9 11 62
59 9 11 44
59 9 11 9
59 9 11 35
59 9 11 74
59 9 11 37
59 9 11 9
59 9 11 32
59 9 11 71
59 9 11 43
59 9 11 5
59 9 11 29
59 9 11 63
59 9 11 36
59 9 12 5
59 9 12 49
59 9 12 64
59 9 12 9
59 9 12 6
59 9 12 46
59 9 12 64
59 9 12 72
59 9 12 5
59 9 12 42
59 9 12 70
59 9 12 65
59 9 12 1
59 9 12 33
59 9 12 59
59 9 12 22
59 9 12 6
59 9 12 39
59 9 12 65
59 9 12 61
59 9 13 8
59 9 13 53
59 9 13 72
59 9 13 72
59 9 13 2
59 9 13 53
59 9 13 65
59 9 13 40
59 9 13 4
59 9 13 41
59 9 13 72
59 9 13 41
59 9 13 2
59 9 13 31
59 9 13 68
59 9 13 58
59 9 13 6
59 9 13 35
59 9 13 68
59 9 13 1
59 9 14 6
59 9 14 55
59 9 14 72
59 9 14 15
59 9 14 4
59 9 14 38
59 9 14 66
59 9 14 18
59 9 14 4
59 9 14 29
59 9 14 65
59 9 14 1
59 9 14 8
59 9 14 58
59 9 14 64
59 9 14 73
59 9 14 10
59 9 14 40
59 9 14 70
59 9 14 12
59 10 1 8
59 10 1 32
59 10 1 63
59 10 1 34
59 10 1 3
59 10 1 55
59 10 1 61
59 10 1 40
59 10 1 7
59 10 1 52
59 10 1 74
59 10 1 8
59 10 1 5
59 10 1 31
59 10 1 60
59 10 1 49
59 10 1 6
59 10 1 54
59 10 1 66
59 10 1 60
59 10 2 3
59 10 2 38
59 10 2 59
59 10 2 73
59 10 2 8
59 10 2 29
59 10 2 67
59 10 2 26
59 10 2 1
59 10 2 47
59 10 2 65
59 10 2 59
59 10 2 10
59 10 2 58
59 10 2 72
59 10 2 55
59 10 2 8
59 10 2 50
59 10 2 62
59 10 2 23
59 10 3 6
59 10 3 32
59 10 3 64
59 10 3 63
59 10 3 5
59 10 3 37
59 10 3 68
59 10 3 28
59 10 3 5
59 10 3 43
59 10 3 70
59 10 3 35
59 10 3 1
59 10 3 32
59 10 3 71
59 10 3 43
59 10 3 9
59 10 3 40
59 10 3 59
59 10 3 62
59 10 4 8
59 10 4 50
59 10 4 72
59 10 4 64
59 10 4 1
59 10 4 51
59 10 4 74
59 10 4 56
59 10 4 7
59 10 4 49
59 10 4 60
59 10 4 44
59 10 4 5
59 10 4 45
59 10 4 69
59 10 4 54
59 10 4 6
59 10 4 56
59 10 4 72
59 10 4 38
59 10 5 4
59 10 5 56
59 10 5 71
59 10 5 65
59 10 5 2
59 10 5 33
59 10 5 71
59 10 5 51
59 10 5 4
59 10 5 41
59 10 5 63
59 10 5 31
59 10 5 1
59 10 5 44
59 10 5 69
59 10 5 1
59 10 5 8
59 10 5 39
59 10 5 64
59 10 5 15
59 10 6 3
59 10 6 33
59 10 6 61
59 10 6 57
59 10 6 3
59 10 6 38
59 10 6 69
59 10 6 35
59 10 6 9
59 10 6 36
59 10 6 70
59 10 6 39
59 10 6 10
59 10 6 52
59 10 6 67
59 10 6 53
59 10 6 2
59 10 6 56
59 10 6 72
59 10 6 52
59 10 7 5
59 10 7 35
59 10 7 61
59 10 7 4
59 10 7 6
59 10 7 47
59 10 7 59
59 10 7 58
59 10 7 5
59 10 7 46
59 10 7 63
59 10 7 35
59 10 7 3
59 10 7 47
59 10 7 65
59 10 7 52
59 10 7 4
59 10 7 39
59 10 7 69
59 10 7 61
59 10 8 9
59 10 8 50
59 10 8 60
59 10 8 50
59 10 8 7
59 10 8 59
59 10 8 71
59 10 8 26
59 10 8 7
59 10 8 48
59 10 8 65
59 10 8 28
59 10 8 2
59 10 8 36
59 10 8 74
59 10 8 25
59 10 8 8
59 10 8 58
59 10 8 62
59 10 8 26
59 10 9 9
59 10 9 53
59 10 9 59
59 10 9 71
59 10 9 8
59 10 9 41
59 10 9 69
59 10 9 34
59 10 9 5
59 10 9 39
59 10 9 70
59 10 9 52
59 10 9 2
59 10 9 51
59 10 9 62
59 10 9 28
59 10 9 10
59 10 9 50
59 10 9 72
59 10 9 72
59 10 10 8
59 10 10 29
59 10 10 72
59 10 10 50
59 10 10 3
59 10 10 57
59 10 10 67
59 10 10 65
59 10 10 1
59 10 10 37
59 10 10 70
59 10 10 27
59 10 10 2
59 10 10 58
59 10 10 65
59 10 10 39
59 10 10 1
59 10 10 45
59 10 10 63
59 10 10 6
59 10 11 10
59 10 11 34
59 10 11 61
59 10 11 41
59 10 11 2
59 10 11 47
59 10 11 65
59 10 11 44
59 10 11 10
59 10 11 48
59 10 11 73
59 10 11 25
59 10 11 4
59 10 11 50
59 10 11 67
59 10 11 69
59 10 11 1
59 10 11 53
59 10 11 66
59 10 11 41
59 10 12 5
59 10 12 50
59 10 12 72
59 10 12 71
59 10 12 6
59 10 12 51
59 10 12 61
59 10 12 74
59 10 12 9
59 10 12 37
59 10 12 60
59 10 12 5
59 10 12 7
59 10 12 37
59 10 12 73
59 10 12 1
59 10 12 2
59 10 12 55
59 10 12 65
59 10 12 65
59 10 13 2
59 10 13 40
59 10 13 68
59 10 13 74
59 10 13 3
59 10 13 52
59 10 13 68
59 10 13 41
59 10 13 5
59 10 13 49
59 10 13 72
59 10 13 29
59 10 13 4
59 10 13 35
59 10 13 66
59 10 13 22
59 10 13 4
59 10 13 39
59 10 13 62
59 10 13 25
59 10 14 8
59 10 14 29
59 10 14 66
59 10 14 48
59 10 14 5
59 10 14 56
59 10 14 65
59 10 14 38
59 10 14 5
59 10 14 36
59 10 14 68
59 10 14 70
59 10 14 8
59 10 14 42
59 10 14 59
59 10 14 36
59 10 14 2
59 10 14 50
59 10 14 67
59 10 14 61
59 11 1 9
59 11 1 36
59 11 1 68
59 11 1 20
59 11 1 8
59 11 1 36
59 11 1 74
59 11 1 4
59 11 1 5
59 11 1 51
59 11 1 71
59 11 1 6
59 11 1 5
59 11 1 31
59 11 1 61
59 11 1 35
59 11 1 2
59 11 1 40
59 11 1 62
59 11 1 57
59 11 2 6
59 11 2 54
59 11 2 74
59 11 2 56
59 11 2 4
59 11 2 43
59 11 2 68
59 11 2 39
59 11 2 10
59 11 2 44
59 11 2 65
59 11 2 54
59 11 2 9
59 11 2 40
59 11 2 66
59 11 2 23
59 11 2 6
59 11 2 42
59 11 2 73
59 11 2 53
59 11 3 4
59 11 3 52
59 11 3 65
59 11 3 65
59 11 3 8
59 11 3 32
59 11 3 65
59 11 3 2
59 11 3 2
59 11 3 47
59 11 3 61
59 11 3 36
59 11 3 7
59 11 3 32
59 11 3 59
59 11 3 64
59 11 3 8
59 11 3 34
59 11 3 67
59 11 3 10
59 11 4 4
59 11 4 34
59 11 4 70
59 11 4 11
59 11 4 8
59 11 4 46
59 11 4 72
59 11 4 73
59 11 4 2
59 11 4 33
59 11 4 69
59 11 4 26
59 11 4 1
59 11 4 47
59 11 4 68
59 11 4 52
59 11 4 10
59 11 4 35
59 11 4 60
59 11 4 34
59 11 5 10
59 11 5 51
59 11 5 72
59 11 5 47
59 11 5 10
59 11 5 45
59 11 5 72
59 11 5 20
59 11 5 3
59 11 5 49
59 11 5 71
59 11 5 59
59 11 5 1
59 11 5 44
59 11 5 60
59 11 5 72
59 11 5 2
59 11 5 57
59 11 5 59
59 11 5 33
59 11 6 9
59 11 6 43
59 11 6 74
59 11 6 16
59 11 6 3
59 11 6 40
59 11 6 69
59 11 6 2
59 11 6 3
59 11 6 45
59 11 6 70
59 11 6 33
59 11 6 10
59 11 6 34
59 11 6 65
59 11 6 6
59 11 6 8
59 11 6 33
59 11 6 59
59 11 6 28
59 11 7 4
59 11 7 30
59 11 7 72
59 11 7 46
59 11 7 4
59 11 7 52
59 11 7 70
59 11 7 10
59 11 7 4
59 11 7 53
59 11 7 73
59 11 7 41
59 11 7 1
59 11 7 58
59 11 7 61
59 11 7 22
59 11 7 6
59 11 7 45
59 11 7 70
59 11 7 46
59 11 8 5
59 11 8 34
59 11 8 62
59 11 8 50
59 11 8 5
59 11 8 49
59 11 8 68
59 11 8 44
59 11 8 10
59 11 8 33
59 11 8 65
59 11 8 63
59 11 8 8
59 11 8 48
59 11 8 61
59 11 8 66
59 11 8 8
59 11 8 43
59 11 8 68
59 11 8 12
59 11 9 1
59 11 9 54
59 11 9 71
59 11 9 24
59 11 9 9
59 11 9 46
59 11 9 64
59 11 9 36
59 11 9 1
59 11 9 51
59 11 9 72
59 11 9 3
59 11 9 6
59 11 9 44
59 11 9 66
59 11 9 29
59 11 9 3
59 11 9 29
59 11 9 71
59 11 9 71
59 11 10 8
59 11 10 39
59 11 10 62
59 11 10 59
59 11 10 6
59 11 10 40
59 11 10 67
59 11 10 28
59 11 10 7
59 11 10 36
59 11 10 74
59 11 10 2
59 11 10 7
59 11 10 42
59 11 10 67
59 11 10 42
59 11 10 10
59 11 10 44
59 11 10 67
59 11 10 23
59 11 11 7
59 11 11 51
59 11 11 67
59 11 11 36
59 11 11 2
59 11 11 34
59 11 11 63
59 11 11 64
59 11 11 6
59 11 11 41
59 11 11 69
59 11 11 6
59 11 11 4
59 11 11 58
59 11 11 62
59 11 11 52
59 11 11 10
59 11 11 42
59 11 11 74
59 11 11 32
59 11 12 10
59 11 12 40
59 11 12 74
59 11 12 45
59 11 12 5
59 11 12 29
59 11 12 64
59 11 12 19
59 11 12 8
59 11 12 47
59 11 12 66
59 11 12 22
59 11 12 5
59 11 12 32
59 11 12 59
59 11 12 45
59 11 12 5
59 11 12 34
59 11 12 63
59 11 12 12
59 11 13 4
59 11 13 34
59 11 13 73
59 11 13 74
59 11 13 10
59 11 13 29
59 11 13 72
59 11 13 22
59 11 13 6
59 11 13 57
59 11 13 66
59 11 13 39
59 11 13 6
59 11 13 56
59 11 13 68
59 11 13 41
59 11 13 10
59 11 13 46
59 11 13 63
59 11 13 66
59 11 14 8
59 11 14 48
59 11 14 70
59 11 14 7
59 11 14 9
59 11 14 47
59 11 14 66
59 11 14 20
59 11 14 6
59 11 14 50
59 11 14 66
59 11 14 54
59 11 14 9
59 11 14 30
59 11 14 66
59 11 14 32
59 11 14 6
59 11 14 34
59 11 14 60
59 11 14 29
59 12 1 7
59 12 1 35
59 12 1 71
59 12 1 23
59 12 1 4
59 12 1 33
59 12 1 62
59 12 1 35
59 12 1 4
59 12 1 57
59 12 1 73
59 12 1 23
59 12 1 10
59 12 1 56
59 12 1 70
59 12 1 47
59 12 1 10
59 12 1 34
59 12 1 68
59 12 1 67
59 12 2 8
59 12 2 30
59 12 2 62
59 12 2 38
59 12 2 6
59 12 2 49
59 12 2 65
59 12 2 3
59 12 2 4
59 12 2 36
59 12 2 74
59 12 2 17
59 12 2 9
59 12 2 39
59 12 2 65
59 12 2 34
59 12 2 2
59 12 2 50
59 12 2 63
59 12 2 21
59 12 3 5
59 12 3 44
59 12 3 68
59 12 3 2
59 12 3 1
59 12 3 36
59 12 3 67
59 12 3 73
59 12 3 1
59 12 3 54
59 12 3 68
59 12 3 51
59 12 3 6
59 12 3 42
59 12 3 60
59 12 3 55
59 12 3 9
59 12 3 56
59 12 3 60
59 12 3 33
59 12 4 5
59 12 4 38
59 12 4 71
59 12 4 7
59 12 4 1
59 12 4 53
59 12 4 59
59 12 4 29
59 12 4 7
59 12 4 40
59 12 4 71
59 12 4 3
59 12 4 4
59 12 4 54
59 12 4 69
59 12 4 16
59 12 4 4
59 12 4 34
59 12 4 66
59 12 4 15
59 12 5 5
59 12 5 50
59 12 5 70
59 12 5 37
59 12 5 9
59 12 5 55
59 12 5 69
59 12 5 5
59 12 5 10
59 12 5 45
59 12 5 60
59 12 5 8
59 12 5 10
59 12 5 46
59 12 5 65
59 12 5 29
59 12 5 7
59 12 5 48
59 12 5 62
59 12 5 47
59 12 6 3
59 12 6 39
59 12 6 66
59 12 6 21
59 12 6 8
59 12 6 38
59 12 6 68
59 12 6 29
59 12 6 8
59 12 6 39
59 12 6 60
59 12 6 62
59 12 6 4
59 12 6 35
59 12 6 63
59 12 6 31
59 12 6 3
59 12 6 41
59 12 6 72
59 12 6 9
59 12 7 7
59 12 7 59
59 12 7 67
59 12 7 7
59 12 7 4
59 12 7 50
59 12 7 68
59 12 7 69
59 12 7 10
59 12 7 56
59 12 7 70
59 12 7 58
59 12 7 10
59 12 7 30
59 12 7 66
59 12 7 20
59 12 7 7
59 12 7 44
59 12 7 62
59 12 7 58
59 12 8 8
59 12 8 59
59 12 8 64
59 12 8 14
59 12 8 10
59 12 8 41
59 12 8 64
59 12 8 11
59 12 8 5
59 12 8 33
59 12 8 64
59 12 8 26
59 12 8 1
59 12 8 35
59 12 8 65
59 12 8 27
59 12 8 1
59 12 8 59
59 12 8 65
59 12 8 1
59 12 9 8
59 12 9 41
59 13 10 37
59 13 10 74
59 13 10 18
59 13 10 10
59 13 10 29
59 13 10 64
59 13 10 8
59 13 10 4
59 13 10 31
59 13 10 74
59 13 10 49
59 13 10 10
59 13 10 34
59 13 10 70
59 13 10 37
59 13 11 3
59 13 11 53
59 13 11 69
59 13 11 22
59 13 11 2
59 13 11 48
59 13 11 67
59 13 11 41
59 13 11 8
59 13 11 33
59 13 11 66
59 13 11 8
59 13 11 7
59 13 11 31
59 13 11 70
59 13 11 52
59 13 11 6
59 13 11 44
59 13 11 61
59 13 11 9
59 13 12 4
59 13 12 41
59 13 12 70
59 13 12 43
59 13 12 9
59 13 12 37
59 13 12 62
59 13 12 51
59 13 12 5
59 13 12 40
59 13 12 69
59 13 12 28
59 13 12 7
59 13 12 54
59 13 12 61
59 13 12 51
59 13 12 9
59 13 12 29
59 13 12 72
59 13 12 69
59 13 13 2
59 13 13 33
59 13 13 70
59 13 13 16
59 13 13 10
59 13 13 39
59 13 13 62
59 13 13 4
59 13 13 5
59 13 13 41
59 13 13 66
59 13 13 10
59 13 13 6
59 13 13 30
59 13 13 59
59 13 13 65
59 13 13 4
59 13 13 59
59 13 13 65
59 13 13 53
59 13 14 3
59 13 14 53
59 13 14 61
59 13 14 18
59 13 14 8
59 13 14 40
59 13 14 62
59 13 14 2
59 13 14 10
59 13 14 31
59 13 14 71
59 13 14 39
59 13 14 5
59 13 14 38
59 13 14 62
59 13 14 57
59 13 14 3
59 13 14 42
59 13 14 60
59 13 14 46
59 14 1 4
59 14 1 46
59 14 1 64
59 14 1 8
59 14 1 3
59 14 1 39
59 14 1 72
59 14 1 19
59 14 1 7
59 14 1 55
59 14 1 63
59 14 1 32
59 14 1 7
59 14 1 36
59 14 1 69
59 14 1 19
59 14 1 2
59 14 1 59
59 14 1 70
59 14 1 41
59 14 2 1
59 14 2 33
59 14 2 68
59 14 2 65
59 14 2 4
59 14 2 45
59 14 2 64
59 14 2 38
59 14 2 9
59 14 2 51
59 14 2 71
59 14 2 43
59 14 2 9
59 14 2 29
59 14 2 71
59 14 2 32
59 14 2 8
59 14 2 39
59 14 2 68
59 14 2 47
59 14 3 5
59 14 3 54
59 14 3 68
59 14 3 4
59 14 3 2
59 14 3 59
59 14 3 74
59 14 3 59
59 14 3 10
59 14 3 49
59 14 3 60
59 14 3 54
59 14 3 4
59 14 3 30
59 14 3 66
59 14 3 74
59 14 3 6
59 14 3 31
59 14 3 62
59 14 3 7
59 14 4 5
59 14 4 39
59 14 4 63
59 14 4 74
59 14 4 8
59 14 4 53
59 14 4 64
59 14 4 34
59 14 4 3
59 14 4 54
59 14 4 63
59 14 4 61
59 14 4 4
59 14 4 52
59 14 4 69
59 14 4 31
59 14 4 2
59 14 4 48
59 14 4 72
59 14 4 45
59 14 5 4
59 14 5 32
59 14 5 62
59 14 5 42
59 14 5 1
59 14 5 52
59 14 5 70
59 14 5 19
59 14 5 7
59 14 5 47
59 14 5 59
59 14 5 67
59 14 5 4
59 14 5 37
59 14 5 66
59 14 5 61
59 14 5 6
59 14 5 47
59 14 5 64
59 14 5 48
59 14 6 7
59 14 6 41
59 14 6 72
59 14 6 36
59 14 6 3
59 14 6 47
59 14 6 72
59 14 6 32
59 14 6 9
59 14 6 32
59 14 6 70
59 14 6 8
59 14 6 9
59 14 6 52
59 14 6 71
59 14 6 73
59 14 6 6
59 14 6 41
59 14 6 73
59 14 6 14
59 14 7 1
59 14 7 55
59 14 7 68
59 14 7 8
59 14 7 4
59 14 7 50
59 14 7 69
59 14 7 65
59 14 7 6
59 14 7 41
59 14 7 64
59 14 7 46
59 14 7 6
59 14 7 52
59 14 7 68
59 14 7 31
59 14 7 9
59 14 7 31
59 14 7 68
59 14 7 33
59 14 8 2
59 14 8 49
59 14 8 62
59 14 8 44
59 14 8 8
59 14 8 44
59 14 8 74
59 14 8 47
59 14 8 3
59 14 8 31
59 14 8 60
59 14 8 56
59 14 8 7
59 14 8 44
59 14 8 66
59 14 8 20
59 14 8 9
59 14 8 59
59 14 8 62
59 14 8 68
59 14 9 10
59 14 9 30
59 14 9 65
59 14 9 22
59 14 9 4
59 14 9 59
59 14 9 74
59 14 9 50
59 14 9 1
59 14 9 44
59 14 9 66
59 14 9 33
59 14 9 8
59 14 9 31
59 14 9 72
59 14 9 73
59 14 9 3
59 14 9 43
59 14 9 71
59 14 9 55
59 14 10 1
59 14 10 34
59 14 10 60
59 14 10 56
59 14 10 6
59 14 10 39
59 14 10 64
59 14 10 39
59 14 10 2
59 14 10 37
59 14 10 74
59 14 10 2
59 14 10 1
59 14 10 46
59 14 10 71
59 14 10 40
59 14 10 10
59 14 10 46
59 14 10 61
59 14 10 44
59 14 11 7
59 14 11 45
59 14 11 69
59 14 11 18
59 14 11 9
59 14 11 48
59 14 11 73
59 14 11 43
59 14 11 10
59 14 11 31
59 14 11 59
59 14 11 28
59 14 11 4
59 14 11 36
59 14 11 65
59 14 11 42
59 14 11 8
59 14 11 44
59 14 11 62
59 14 11 63
59 14 12 3
59 14 12 59
59 14 12 74
59 14 12 70
59 14 12 9
59 14 12 54
59 14 12 67
59 14 12 20
59 14 12 1
59 14 12 40
59 14 12 68
59 14 12 59
59 14 12 7
59 14 12 44
59 14 12 61
59 14 12 60
59 14 12 6
59 14 12 36
59 14 12 59
59 14 12 10
59 14 13 2
59 14 13 50
59 14 13 70
59 14 13 53
59 14 13 2
59 14 13 52
59 14 13 59
59 14 13 56
59 14 13 8
59 14 13 38
59 14 13 73
59 14 13 16
59 14 13 10
59 14 13 54
59 14 13 71
59 14 13 10
59 14 13 5
59 14 13 57
59 14 13 69
59 14 13 43
59 14 14 5
59 14 14 41
59 14 14 74
59 14 14 53
59 14 14 5
59 14 14 41
59 14 14 61
59 14 14 73
59 14 14 6
59 14 14 42
59 14 14 74
59 14 14 15
59 14 14 10
59 14 14 59
59 14 14 62
59 14 14 72
59 14 14 2
59 14 14 29
59 14 14 70
59 14 14 5
61 1 1 7
61 1 1 59
61 1 1 73
61 1 1 37
61 1 1 4
61 1 1 58
61 1 1 65
61 1 1 27
61 1 1 2
61 1 1 50
61 1 1 64
61 1 1 68
61 1 1 10
61 1 1 52
61 1 1 67
61 1 1 56
61 1 1 9
61 1 1 36
61 1 1 76
61 1 1 21
61 1 2 8
61 1 2 46
61 1 2 70
61 1 2 25
61 1 2 10
61 1 2 33
61 1 2 68
61 1 2 41
61 1 2 1
61 1 2 34
61 1 2 63
61 1 2 27
61 1 2 4
61 1 2 55
61 1 2 75
61 1 2 55
61 1 2 2
61 1 2 33
61 1 2 69
61 1 2 65
61 1 3 5
61 1 3 37
61 1 3 74
61 1 3 51
61 1 3 4
61 1 3 52
61 1 3 73
61 1 3 32
61 1 3 2
61 1 3 43
61 1 3 70
61 1 3 27
61 1 3 2
61 1 3 53
61 1 3 72
61 1 3 69
61 1 3 7
61 1 3 52
61 1 3 65
61 1 3 22
61 1 4 3
61 1 4 47
61 1 4 74
61 1 4 15
61 1 4 3
61 1 4 37
61 1 4 62
61 1 4 46
61 1 4 6
61 1 4 34
61 1 4 67
61 1 4 67
61 1 4 3
61 1 4 46
61 1 4 69
61 1 4 62
61 1 4 5
61 1 4 40
61 1 4 74
61 1 4 29
61 1 5 7
61 1 5 51
61 1 5 62
61 1 5 40
61 1 5 8
61 1 5 55
61 1 5 73
61 1 5 58
61 1 5 9
61 1 5 50
61 1 5 68
61 1 5 68
61 1 5 6
61 1 5 61
61 1 5 66
61 1 5 30
61 1 5 7
61 1 5 53
61 1 5 64
61 1 5 19
61 1 6 6
61 1 6 33
61 1 6 66
61 1 6 49
61 1 6 10
61 1 6 56
61 1 6 74
61 1 6 3
61 1 6 5
61 1 6 51
61 1 6 66
61 1 6 18
61 1 6 10
61 1 6 54
61 1 6 74
61 1 6 32
61 1 6 1
61 1 6 31
61 1 6 62
61 1 6 3
61 1 7 6
61 1 7 49
61 1 7 68
61 1 7 47
61 1 7 5
61 1 7 31
61 1 7 62
61 1 7 21
61 1 7 6
61 1 7 32
61 1 7 69
61 1 7 54
61 1 7 10
61 1 7 33
61 1 7 76
61 1 7 57
61 1 7 5
61 1 7 40
61 1 7 71
61 1 7 70
61 1 8 4
61 1 8 44
61 1 8 64
61 1 8 64
61 1 8 7
61 1 8 57
61 1 8 73
61 1 8 17
61 1 8 1
61 1 8 51
61 1 8 64
61 1 8 60
61 1 8 1
61 1 8 32
61 1 8 72
61 1 8 59
61 1 8 9
61 1 8 34
61 1 8 64
61 1 8 22
61 1 9 8
61 1 9 36
61 1 9 62
61 1 9 27
61 1 9 6
61 1 9 30
61 1 9 71
61 1 9 30
61 1 9 2
61 1 9 60
61 1 9 61
61 1 9 64
61 1 9 1
61 1 9 49
61 1 9 68
61 1 9 15
61 1 9 1
61 1 9 56
61 1 9 71
61 1 9 47
61 1 10 3
61 1 10 59
61 1 10 61
61 1 10 74
61 1 10 4
61 1 10 58
61 1 10 64
61 1 10 49
61 1 10 9
61 1 10 60
61 1 10 69
61 1 10 4
61 1 10 5
61 1 10 50
61 1 10 62
61 1 10 58
61 1 10 2
61 1 10 51
61 1 10 69
61 1 10 11
61 1 11 7
61 1 11 43
61 1 11 73
61 1 11 13
61 1 11 1
61 1 11 59
61 1 11 74
61 1 11 76
61 1 11 3
61 1 11 35
61 1 11 71
61 1 11 71
61 1 11 9
61 1 11 31
61 1 11 66
61 1 11 45
61 1 11 1
61 1 11 40
61 1 11 72
61 1 11 6
61 1 12 7
61 1 12 31
61 1 12 70
61 1 12 32
61 1 12 6
61 1 12 41
61 1 12 75
61 1 12 60
61 1 12 8
61 1 12 50
61 1 12 61
61 1 12 47
61 1 12 2
61 1 12 35
61 1 12 73
61 1 12 16
61 1 12 7
61 1 12 41
61 1 12 74
61 1 12 34
61 1 13 2
61 1 13 52
61 1 13 73
61 1 13 38
61 1 13 10
61 1 13 48
61 1 13 76
61 1 13 30
61 1 13 2
61 1 13 32
61 1 13 62
61 1 13 69
61 1 13 6
61 1 13 32
61 1 13 63
61 1 13 50
61 1 13 6
61 1 13 48
61 1 13 69
61 1 13 66
61 1 14 4
61 1 14 51
61 1 14 68
61 1 14 30
61 1 14 1
61 1 14 40
61 1 14 69
61 1 14 61
61 1 14 10
61 1 14 38
61 1 14 74
61 1 14 76
61 1 14 9
61 1 14 32
61 1 14 74
61 1 14 32
61 1 14 5
61 1 14 41
61 1 14 63
61 1 14 49
61 2 1 7
61 2 1 54
61 2 1 69
61 2 1 16
61 2 1 2
61 2 1 30
61 2 1 72
61 2 1 53
61 2 1 8
61 2 1 53
61 2 1 71
61 2 1 45
61 2 1 9
61 2 1 40
61 2 1 64
61 2 1 23
61 2 1 6
61 2 1 30
61 2 1 76
61 2 1 64
61 2 2 1
61 2 2 47
61 2 2 66
61 2 2 59
61 2 2 7
61 2 2 54
61 2 2 61
61 2 2 70
61 2 2 2
61 2 2 37
61 2 2 62
61 2 2 48
61 2 2 3
61 2 2 34
61 2 2 70
61 2 2 39
61 2 2 1
61 2 2 40
61 2 2 62
61 2 2 11
61 2 3 6
61 2 3 43
61 2 3 63
61 2 3 31
61 2 3 1
61 2 3 37
61 2 3 69
61 2 3 18
61 2 3 4
61 2 3 45
61 2 3 64
61 2 3 33
61 2 3 8
61 2 3 40
61 2 3 76
61 2 3 17
61 2 3 4
61 2 3 33
61 2 3 63
61 2 3 2
61 2 4 5
61 2 4 34
61 2 4 71
61 2 4 59
61 2 4 1
61 2 4 47
61 2 4 69
61 2 4 25
61 2 4 1
61 2 4 59
61 2 4 64
61 2 4 25
61 2 4 10
61 2 4 55
61 2 4 64
61 2 4 52
61 2 4 6
61 2 4 48
61 2 4 75
61 2 4 42
61 2 5 7
61 2 5 41
61 2 5 62
61 2 5 39
61 2 5 7
61 2 5 54
61 2 5 76
61 2 5 41
61 2 5 2
61 2 5 59
61 2 5 69
61 2 5 26
61 2 5 3
61 2 5 45
61 2 5 63
61 2 5 30
61 2 5 9
61 2 5 59
61 2 5 62
61 2 5 44
61 2 6 8
61 2 6 35
61 2 6 75
61 2 6 44
61 2 6 7
61 2 6 45
61 2 6 73
61 2 6 76
61 2 6 9
61 2 6 54
61 2 6 75
61 2 6 22
61 2 6 3
61 2 6 40
61 2 6 65
61 2 6 1
61 2 6 1
61 2 6 30
61 2 6 72
61 2 6 68
61 2 7 3
61 2 7 53
61 2 7 61
61 2 7 66
61 2 7 5
61 2 7 45
61 2 7 74
61 2 7 13
61 2 7 8
61 2 7 59
61 2 7 75
61 2 7 29
61 2 7 3
61 2 7 37
61 2 7 66
61 2 7 49
61 2 7 1
61 2 7 59
61 2 7 65
61 2 7 37
61 2 8 7
61 2 8 39
61 2 8 75
61 2 8 63
61 2 8 10
61 2 8 55
61 2 8 74
61 2 8 13
61 2 8 6
61 2 8 45
61 2 8 69
61 2 8 73
61 2 8 5
61 2 8 53
61 2 8 61
61 2 8 75
61 2 8 5
61 2 8 42
61 2 8 63
61 2 8 46
61 2 9 10
61 2 9 46
61 2 9 62
61 2 9 11
61 2 9 10
61 2 9 44
61 2 9 61
61 2 9 31
61 2 9 3
61 2 9 55
61 2 9 76
61 2 9 59
61 2 9 10
61 2 9 53
61 2 9 70
61 2 9 36
61 2 9 1
61 2 9 50
61 2 9 68
61 2 9 51
61 2 10 9
61 2 10 37
61 2 10 62
61 2 10 67
61 2 10 4
61 2 10 48
61 2 10 67
61 2 10 22
61 2 10 6
61 2 10 49
61 2 10 69
61 2 10 67
61 2 10 5
61 2 10 44
61 2 10 61
61 2 10 48
61 2 10 9
61 2 10 33
61 2 10 68
61 2 10 18
61 2 11 8
61 2 11 43
61 2 11 66
61 2 11 75
61 2 11 8
61 2 11 43
61 2 11 61
61 2 11 21
61 2 11 9
61 2 11 41
61 2 11 73
61 2 11 5
61 2 11 1
61 2 11 44
61 2 11 63
61 2 11 11
61 2 11 1
61 2 11 50
61 2 11 70
61 2 11 67
61 2 12 3
61 2 12 31
61 2 12 70
61 2 12 68
61 2 12 5
61 2 12 50
61 2 12 62
61 2 12 63
61 2 12 9
61 2 12 31
61 2 12 69
61 2 12 29
61 2 12 7
61 2 12 61
61 2 12 63
61 2 12 31
61 2 12 8
61 2 12 38
61 2 12 62
61 2 12 38
61 2 13 8
61 2 13 49
61 2 13 74
61 2 13 70
61 2 13 3
61 2 13 43
61 2 13 65
61 2 13 60
61 2 13 8
61 2 13 56
61 2 13 75
61 2 13 43
61 2 13 4
61 2 13 49
61 2 13 62
61 2 13 63
61 2 13 1
61 2 13 56
61 2 13 64
61 2 13 2
61 2 14 4
61 2 14 39
61 2 14 62
61 2 14 37
61 2 14 1
61 2 14 47
61 2 14 67
61 2 14 22
61 2 14 4
61 2 14 35
61 2 14 76
61 2 14 4
61 2 14 2
61 2 14 41
61 2 14 65
61 2 14 58
61 2 14 2
61 2 14 44
61 2 14 76
61 2 14 38
61 3 1 7
61 3 1 48
61 3 1 71
61 3 1 59
61 3 1 3
61 3 1 48
61 3 1 75
61 3 1 73
61 3 1 7
61 3 1 55
61 3 1 76
61 3 1 26
61 3 1 2
61 3 1 55
61 3 1 68
61 3 1 24
61 3 1 8
61 3 1 60
61 3 1 67
61 3 1 66
61 3 2 2
61 3 2 53
61 3 2 76
61 3 2 1
61 3 2 8
61 3 2 56
61 3 2 74
61 3 2 54
61 3 2 4
61 3 2 32
61 3 2 63
61 3 2 61
61 3 2 5
61 3 2 48
61 3 2 74
61 3 2 50
61 3 2 2
61 3 2 46
61 3 2 70
61 3 2 76
61 3 3 8
61 3 3 31
61 3 3 68
61 3 3 38
61 3 3 7
61 3 3 32
61 3 3 69
61 3 3 15
61 3 3 3
61 3 3 60
61 3 3 71
61 3 3 65
61 3 3 9
61 3 3 53
61 3 3 73
61 3 3 18
61 3 3 10
61 3 3 45
61 3 3 61
61 3 3 9
61 3 4 6
61 3 4 34
61 3 4 73
61 3 4 13
61 3 4 3
61 3 4 40
61 3 4 61
61 3 4 70
61 3 4 1
61 3 4 58
61 3 4 65
61 3 4 26
61 3 4 2
61 3 4 31
61 3 4 64
61 3 4 33
61 3 4 6
61 3 4 42
61 3 4 61
61 3 4 44
61 3 5 8
61 3 5 51
61 3 5 61
61 3 5 38
61 3 5 3
61 3 5 51
61 3 5 76
61 3 5 4
61 3 5 9
61 3 5 39
61 3 5 69
61 3 5 9
61 3 5 6
61 3 5 31
61 3 5 64
61 3 5 8
61 3 5 6
61 3 5 60
61 3 5 64
61 3 5 41
61 3 6 4
61 3 6 37
61 3 6 72
61 3 6 8
61 3 6 5
61 3 6 61
61 3 6 62
61 3 6 6
61 3 6 1
61 3 6 52
61 3 6 63
61 3 6 73
61 3 6 5
61 3 6 59
61 3 6 61
61 3 6 10
61 3 6 9
61 3 6 40
61 3 6 69
61 3 6 54
61 3 7 9
61 3 7 45
61 3 7 65
61 3 7 39
61 3 7 5
61 3 7 37
61 3 7 71
61 3 7 76
61 3 7 2
61 3 7 55
61 3 7 73
61 3 7 27
61 3 7 2
61 3 7 32
61 3 7 71
61 3 7 30
61 3 7 9
61 3 7 48
61 3 7 63
61 3 7 19
61 3 8 10
61 3 8 57
61 3 8 68
61 3 8 65
61 3 8 2
61 3 8 48
61 3 8 66
61 3 8 59
61 3 8 6
61 3 8 50
61 3 8 73
61 3 8 16
61 3 8 3
61 3 8 54
61 3 8 70
61 3 8 48
61 3 8 5
61 3 8 45
61 3 8 64
61 3 8 12
61 3 9 2
61 3 9 43
61 3 9 71
61 3 9 16
61 3 9 7
61 3 9 40
61 3 9 65
61 3 9 39
61 3 9 4
61 3 9 50
61 3 9 66
61 3 9 34
61 3 9 2
61 3 9 37
61 3 9 74
61 3 9 38
61 3 9 10
61 3 9 32
61 3 9 72
61 3 9 33
61 3 10 2
61 3 10 31
61 3 10 68
61 3 10 54
61 3 10 8
61 3 10 55
61 3 10 61
61 3 10 71
61 3 10 10
61 3 10 31
61 3 10 67
61 3 10 61
61 3 10 6
61 3 10 36
61 3 10 75
61 3 10 5
61 3 10 7
61 3 10 36
61 3 10 70
61 3 10 18
61 3 11 4
61 3 11 52
61 3 11 70
61 3 11 18
61 3 11 9
61 3 11 41
61 3 11 61
61 3 11 33
61 3 11 6
61 3 11 49
61 3 11 63
61 3 11 18
61 3 11 10
61 3 11 48
61 3 11 67
61 3 11 65
61 3 11 8
61 3 11 42
61 3 11 68
61 3 11 31
61 3 12 2
61 3 12 46
61 3 12 75
61 3 12 41
61 3 12 2
61 3 12 42
61 3 12 75
61 3 12 70
61 3 12 7
61 3 12 56
61 3 12 76
61 3 12 26
61 3 12 2
61 3 12 55
61 3 12 72
61 3 12 46
61 3 12 3
61 3 12 34
61 3 12 74
61 3 12 75
61 3 13 4
61 3 13 36
61 3 13 65
61 3 13 20
61 3 13 9
61 3 13 32
61 3 13 66
61 3 13 60
61 3 13 9
61 3 13 46
61 3 13 75
61 3 13 6
61 3 13 10
61 3 13 47
61 3 13 68
61 3 13 49
61 3 13 1
61 3 13 44
61 3 13 69
61 3 13 68
61 3 14 8
61 3 14 54
61 3 14 73
61 3 14 3
61 3 14 1
61 3 14 31
61 3 14 74
61 3 14 22
61 3 14 4
61 3 14 41
61 3 14 63
61 3 14 29
61 3 14 9
61 3 14 38
61 3 14 67
61 3 14 15
61 3 14 7
61 3 14 32
61 3 14 74
61 3 14 39
61 4 1 10
61 4 1 60
61 4 1 72
61 4 1 38
61 4 1 3
61 4 1 45
61 4 1 76
61 4 1 60
61 4 1 6
61 4 1 46
61 4 1 62
61 4 1 19
61 4 1 5
61 4 1 31
61 4 1 65
61 4 1 50
61 4 1 9
61 4 1 50
61 4 1 65
61 4 1 33
61 4 2 8
61 4 2 51
61 4 2 76
61 4 2 29
61 4 2 4
61 4 2 35
61 4 2 73
61 4 2 34
61 4 2 10
61 4 2 58
61 4 2 61
61 4 2 66
61 4 2 1
61 4 2 36
61 4 2 64
61 4 2 56
61 4 2 1
61 4 2 33
61 4 2 71
61 4 2 65
61 4 3 8
61 4 3 39
61 4 3 69
61 4 3 4
61 4 3 7
61 4 3 49
61 4 3 67
61 4 3 31
61 4 3 9
61 4 3 59
61 4 3 74
61 4 3 27
61 4 3 6
61 4 3 31
61 4 3 61
61 4 3 55
61 4 3 3
61 4 3 48
61 4 3 68
61 4 3 55
61 4 4 3
61 4 4 45
61 4 4 66
61 4 4 74
61 4 4 7
61 4 4 58
61 4 4 73
61 4 4 46
61 4 4 4
61 4 4 39
61 4 4 69
61 4 4 50
61 4 4 10
61 4 4 41
61 4 4 74
61 4 4 58
61 4 4 4
61 4 4 59
61 4 4 63
61 4 4 8
61 4 5 2
61 4 5 52
61 4 5 61
61 4 5 20
61 4 5 4
61 4 5 44
61 4 5 62
61 4 5 25
61 4 5 2
61 4 5 46
61 4 5 75
61 4 5 71
61 4 5 6
61 4 5 59
61 4 5 65
61 4 5 24
61 4 5 5
61 4 5 33
61 4 5 76
61 4 5 18
61 4 6 10
61 4 6 49
61 4 6 69
61 4 6 45
61 4 6 4
61 4 6 44
61 4 6 72
61 4 6 48
61 4 6 7
61 4 6 49
61 4 6 76
61 4 6 20
61 4 6 3
61 4 6 49
61 4 6 72
61 4 6 48
61 4 6 5
61 4 6 61
61 4 6 72
61 4 6 64
61 4 7 9
61 4 7 53
61 4 7 76
61 4 7 75
61 4 7 8
61 4 7 57
61 4 7 70
61 4 7 69
61 4 7 1
61 4 7 30
61 4 7 74
61 4 7 16
61 4 7 8
61 4 7 35
61 4 7 65
61 4 7 47
61 4 7 1
61 4 7 36
61 4 7 73
61 4 7 14
61 4 8 2
61 4 8 48
61 4 8 68
61 4 8 26
61 4 8 9
61 4 8 57
61 4 8 73
61 4 8 44
61 4 8 1
61 4 8 47
61 4 8 64
61 4 8 23
61 4 8 9
61 4 8 36
61 4 8 65
61 4 8 6
61 4 8 4
61 4 8 40
61 4 8 64
61 4 8 42
61 4 9 10
61 4 9 39
61 4 9 74
61 4 9 44
61 4 9 2
61 4 9 44
61 4 9 67
61 4 9 72
61 4 9 8
61 4 9 44
61 4 9 62
61 4 9 18
61 4 9 10
61 4 9 50
61 4 9 68
61 4 9 38
61 4 9 6
61 4 9 32
61 4 9 69
61 4 9 32
61 4 10 10
61 4 10 36
61 4 10 65
61 4 10 66
61 4 10 6
61 4 10 40
61 4 10 68
61 4 10 18
61 4 10 6
61 4 10 30
61 4 10 70
61 4 10 18
61 4 10 8
61 4 10 53
61 4 10 66
61 4 10 57
61 4 10 4
61 4 10 55
61 4 10 62
61 4 10 15
61 4 11 8
61 4 11 34
61 4 11 67
61 4 11 43
61 4 11 9
61 4 11 51
61 4 11 61
61 4 11 6
61 4 11 7
61 4 11 50
61 4 11 67
61 4 11 52
61 4 11 9
61 4 11 55
61 4 11 66
61 4 11 71
61 4 11 6
61 4 11 47
61 4 11 74
61 4 11 7
61 4 12 10
61 4 12 51
61 4 12 66
61 4 12 26
61 4 12 9
61 4 12 60
61 4 12 65
61 4 12 52
61 4 12 3
61 4 12 57
61 4 12 68
61 4 12 76
61 4 12 9
61 4 12 57
61 4 12 72
61 4 12 49
61 4 12 5
61 4 12 44
61 4 12 65
61 4 12 63
61 4 13 7
61 4 13 60
61 4 13 69
61 4 13 16
61 4 13 1
61 4 13 61
61 4 13 68
61 4 13 46
61 4 13 1
61 4 13 55
61 4 13 70
61 4 13 12
61 4 13 1
61 4 13 31
61 4 13 62
61 4 13 41
61 4 13 6
61 4 13 44
61 4 13 73
61 4 13 66
61 4 14 4
61 4 14 60
61 4 14 61
61 4 14 51
61 4 14 2
61 4 14 51
61 4 14 61
61 4 14 75
61 4 14 2
61 4 14 57
61 4 14 67
61 4 14 15
61 4 14 4
61 4 14 45
61 4 14 68
61 4 14 15
61 4 14 1
61 4 14 30
61 4 14 74
61 4 14 52
61 5 1 10
61 5 1 54
61 5 1 61
61 5 1 31
61 5 1 9
61 5 1 36
61 5 1 63
61 5 1 20
61 5 1 6
61 5 1 54
61 5 1 70
61 5 1 23
61 5 1 8
61 5 1 45
61 5 1 75
61 5 1 14
61 5 1 6
61 5 1 45
61 5 1 65
61 5 1 61
61 5 2 5
61 5 2 60
61 5 2 63
61 5 2 72
61 5 2 6
61 5 2 41
61 5 2 65
61 5 2 61
61 5 2 2
61 5 2 59
61 5 2 70
61 5 2 13
61 5 2 7
61 5 2 53
61 5 2 72
61 5 2 38
61 5 2 5
61 5 2 59
61 5 2 69
61 5 2 42
61 5 3 4
61 5 3 41
61 5 3 61
61 5 3 52
61 5 3 7
61 5 3 48
61 5 3 74
61 5 3 13
61 5 3 10
61 5 3 54
61 5 3 69
61 5 3 49
61 5 3 8
61 5 3 47
61 5 3 74
61 5 3 16
61 5 3 3
61 5 3 55
61 5 3 64
61 5 3 19
61 5 4 4
61 5 4 58
61 5 4 65
61 5 4 26
61 5 4 10
61 5 4 55
61 5 4 64
61 5 4 54
61 5 4 2
61 5 4 57
61 5 4 66
61 5 4 32
61 5 4 10
61 5 4 43
61 5 4 65
61 5 4 43
61 5 4 2
61 5 4 42
61 5 4 76
61 5 4 35
61 5 5 9
61 5 5 43
61 5 5 62
61 5 5 43
61 5 5 8
61 5 5 36
61 5 5 71
61 5 5 12
61 5 5 7
61 5 5 48
61 5 5 73
61 5 5 26
61 5 5 6
61 5 5 41
61 5 5 62
61 5 5 72
61 5 5 10
61 5 5 31
61 5 5 61
61 5 5 13
61 5 6 4
61 5 6 56
61 5 6 75
61 5 6 44
61 5 6 6
61 5 6 60
61 5 6 68
61 5 6 76
61 5 6 6
61 5 6 35
61 5 6 64
61 5 6 26
61 5 6 6
61 5 6 39
61 5 6 72
61 5 6 68
61 5 6 1
61 5 6 50
61 5 6 73
61 5 6 45
61 5 7 10
61 5 7 48
61 5 7 72
61 5 7 26
61 5 7 8
61 5 7 58
61 5 7 75
61 5 7 22
61 5 7 6
61 5 7 49
61 5 7 73
61 5 7 37
61 5 7 2
61 5 7 57
61 5 7 73
61 5 7 52
61 5 7 6
61 5 7 40
61 5 7 76
61 5 7 10
61 5 8 6
61 5 8 53
61 5 8 75
61 5 8 24
61 5 8 6
61 5 8 43
61 5 8 70
61 5 8 14
61 5 8 8
61 5 8 55
61 5 8 66
61 5 8 4
61 5 8 7
61 5 8 42
61 5 8 68
61 5 8 46
61 5 8 10
61 5 8 43
61 5 8 67
61 5 8 48
61 5 9 3
61 5 9 51
61 5 9 62
61 5 9 40
61 5 9 6
61 5 9 55
61 5 9 66
61 5 9 68
61 5 9 8
61 5 9 51
61 5 9 66
61 5 9 40
61 5 9 7
61 5 9 35
61 5 9 72
61 5 9 5
61 5 9 4
61 5 9 57
61 5 9 74
61 5 9 9
61 5 10 9
61 5 10 47
61 5 10 75
61 5 10 49
61 5 10 5
61 5 10 38
61 5 10 69
61 5 10 5
61 5 10 5
61 5 10 60
61 5 10 72
61 5 10 8
61 5 10 2
61 5 10 48
61 5 10 65
61 5 10 4
61 5 10 5
61 5 10 31
61 5 10 74
61 5 10 66
61 5 11 6
61 5 11 61
61 5 11 61
61 5 11 51
61 5 11 2
61 5 11 51
61 5 11 62
61 5 11 63
61 5 11 4
61 5 11 44
61 5 11 70
61 5 11 53
61 5 11 8
61 5 11 32
61 5 11 72
61 5 11 64
61 5 11 3
61 5 11 47
61 5 11 62
61 5 11 38
61 5 12 2
61 5 12 47
61 5 12 71
61 5 12 75
61 5 12 7
61 5 12 34
61 5 12 68
61 5 12 74
61 5 12 6
61 5 12 44
61 5 12 62
61 5 12 50
61 5 12 5
61 5 12 55
61 5 12 75
61 5 12 9
61 5 12 1
61 5 12 42
61 5 12 65
61 5 12 4
61 5 13 3
61 5 13 38
61 5 13 61
61 5 13 31
61 5 13 8
61 5 13 31
61 5 13 74
61 5 13 47
61 5 13 6
61 5 13 56
61 5 13 74
61 5 13 47
61 5 13 1
61 5 13 44
61 5 13 66
61 5 13 7
61 5 13 4
61 5 13 48
61 5 13 71
61 5 13 53
61 5 14 3
61 5 14 49
61 5 14 64
61 5 14 57
61 5 14 9
61 5 14 31
61 5 14 76
61 5 14 58
61 5 14 9
61 5 14 39
61 5 14 63
61 5 14 58
61 5 14 7
61 5 14 43
61 5 14 76
61 5 14 63
61 5 14 3
61 5 14 54
61 5 14 73
61 5 14 33
61 6 1 1
61 6 1 48
61 6 1 65
61 6 1 72
61 6 1 9
61 6 1 36
61 6 1 65
61 6 1 3
61 6 1 3
61 6 1 46
61 6 1 64
61 6 1 8
61 6 1 1
61 6 1 60
61 6 1 65
61 6 1 37
61 6 1 4
61 6 1 42
61 6 1 64
61 6 1 71
61 6 2 5
61 6 2 59
61 6 2 64
61 6 2 23
61 6 2 9
61 6 2 38
61 6 2 64
61 6 2 5
61 6 2 8
61 6 2 31
61 6 2 73
61 6 2 19
61 6 2 3
61 6 2 39
61 6 2 65
61 6 2 1
61 6 2 10
61 6 2 47
61 6 2 70
61 6 2 26
61 6 3 5
61 6 3 34
61 6 3 61
61 6 3 48
61 6 3 8
61 6 3 30
61 6 3 75
61 6 3 72
61 6 3 10
61 6 3 40
61 6 3 74
61 6 3 60
61 6 3 9
61 6 3 31
61 6 3 76
61 6 3 30
61 6 3 5
61 6 3 37
61 6 3 75
61 6 3 38
61 6 4 3
61 6 4 39
61 6 4 65
61 6 4 51
61 6 4 5
61 6 4 47
61 6 4 62
61 6 4 22
61 6 4 1
61 6 4 52
61 6 4 65
61 6 4 76
61 6 4 7
61 6 4 49
61 6 4 61
61 6 4 54
61 6 4 6
61 6 4 48
61 6 4 64
61 6 4 56
61 6 5 5
61 6 5 53
61 6 5 63
61 6 5 35
61 6 5 10
61 6 5 44
61 6 5 67
61 6 5 8
61 6 5 9
61 6 5 50
61 6 5 64
61 6 5 29
61 6 5 9
61 6 5 55
61 6 5 64
61 6 5 20
61 6 5 3
61 6 5 51
61 6 5 72
61 6 5 45
61 6 6 8
61 6 6 41
61 6 6 73
61 6 6 42
61 6 6 2
61 6 6 49
61 6 6 74
61 6 6 14
61 6 6 9
61 6 6 48
61 6 6 61
61 6 6 17
61 6 6 3
61 6 6 54
61 6 6 76
61 6 6 54
61 6 6 5
61 6 6 34
61 6 6 63
61 6 6 41
61 6 7 2
61 6 7 35
61 6 7 67
61 6 7 60
61 6 7 1
61 6 7 43
61 6 7 72
61 6 7 26
61 6 7 8
61 6 7 54
61 6 7 75
61 6 7 7
61 6 7 7
61 6 7 38
61 6 7 63
61 6 7 8
61 6 7 7
61 6 7 40
61 6 7 72
61 6 7 18
61 6 8 4
61 6 8 37
61 6 8 71
61 6 8 39
61 6 8 4
61 6 8 41
61 6 8 75
61 6 8 17
61 6 8 9
61 6 8 36
61 6 8 68
61 6 8 49
61 6 8 4
61 6 8 43
61 6 8 75
61 6 8 22
61 6 8 4
61 6 8 38
61 6 8 62
61 6 8 2
61 6 9 9
61 6 9 30
61 6 9 66
61 6 9 1
61 6 9 4
61 6 9 59
61 6 9 71
61 6 9 57
61 6 9 4
61 6 9 49
61 6 9 65
61 6 9 42
61 6 9 8
61 6 9 56
61 6 9 63
61 6 9 5
61 6 9 6
61 6 9 37
61 6 9 70
61 6 9 67
61 6 10 3
61 6 10 50
61 6 10 74
61 6 10 22
61 6 10 1
61 6 10 37
61 6 10 66
61 6 10 58
61 6 10 10
61 6 10 34
61 6 10 65
61 6 10 47
61 6 10 8
61 6 10 41
61 6 10 68
61 6 10 50
61 6 10 8
61 6 10 58
61 6 10 65
61 6 10 36
61 6 11 1
61 6 11 36
61 6 11 67
61 6 11 73
61 6 11 7
61 6 11 47
61 6 11 61
61 6 11 42
61 6 11 2
61 6 11 41
61 6 11 62
61 6 11 64
61 6 11 6
61 6 11 35
61 6 11 69
61 6 11 48
61 6 11 3
61 6 11 44
61 6 11 73
61 6 11 18
61 6 12 8
61 6 12 46
61 6 12 66
61 6 12 51
61 6 12 7
61 6 12 35
61 6 12 72
61 6 12 29
61 6 12 3
61 6 12 61
61 6 12 74
61 6 12 52
61 6 12 8
61 6 12 44
61 6 12 70
61 6 12 3
61 6 12 10
61 6 12 35
61 6 12 69
61 6 12 43
61 6 13 4
61 6 13 40
61 6 13 70
61 6 13 71
61 6 13 6
61 6 13 61
61 6 13 76
61 6 13 25
61 6 13 10
61 6 13 38
61 6 13 64
61 6 13 70
61 6 13 10
61 6 13 33
61 6 13 62
61 6 13 27
61 6 13 10
61 6 13 61
61 6 13 66
61 6 13 54
61 6 14 7
61 6 14 53
61 6 14 74
61 6 14 30
61 6 14 9
61 6 14 42
61 6 14 69
61 6 14 9
61 6 14 4
61 6 14 41
61 6 14 69
61 6 14 26
61 6 14 1
61 6 14 32
61 6 14 72
61 6 14 8
61 6 14 2
61 6 14 31
61 6 14 76
61 6 14 43
61 7 1 3
61 7 1 33
61 7 1 72
61 7 1 70
61 7 1 9
61 7 1 47
61 7 1 63
61 7 1 60
61 7 1 4
61 7 1 60
61 7 1 65
61 7 1 64
61 7 1 8
61 7 1 47
61 7 1 73
61 7 1 36
61 7 1 6
61 7 1 44
61 7 1 67
61 7 1 40
61 7 2 3
61 7 2 56
61 7 2 63
61 7 2 25
61 7 2 3
61 7 2 45
61 7 2 68
61 7 2 11
61 7 2 9
61 7 2 54
61 7 2 61
61 7 2 76
61 7 2 9
61 7 2 50
61 7 2 63
61 7 2 24
61 7 2 7
61 7 2 43
61 7 2 68
61 7 2 9
61 7 3 7
61 7 3 37
61 7 3 75
61 7 3 23
61 7 3 8
61 7 3 42
61 7 3 75
61 7 3 32
61 7 3 1
61 7 3 34
61 7 3 76
61 7 3 15
61 7 3 6
61 7 3 41
61 7 3 68
61 7 3 17
61 7 3 8
61 7 3 35
61 7 3 64
61 7 3 29
61 7 4 2
61 7 4 44
61 7 4 76
61 7 4 45
61 7 4 7
61 7 4 56
61 7 4 66
61 7 4 56
61 7 4 5
61 7 4 48
61 7 4 76
61 7 4 34
61 7 4 6
61 7 4 36
61 7 4 64
61 7 4 22
61 7 4 6
61 7 4 44
61 7 4 74
61 7 4 40
61 7 5 2
61 7 5 45
61 7 5 66
61 7 5 73
61 7 5 4
61 7 5 59
61 7 5 69
61 7 5 31
61 7 5 4
61 7 5 38
61 7 5 73
61 7 5 47
61 7 5 1
61 7 5 30
61 7 5 61
61 7 5 30
61 7 5 8
61 7 5 47
61 7 5 74
61 7 5 71
61 7 6 1
61 7 6 61
61 7 6 63
61 7 6 42
61 7 6 3
61 7 6 34
61 7 6 64
61 7 6 68
61 7 6 8
61 7 6 46
61 7 6 61
61 7 6 32
61 7 6 7
61 7 6 41
61 7 6 72
61 7 6 6
61 7 6 6
61 7 6 40
61 7 6 65
61 7 6 45
61 7 7 7
61 7 7 48
61 7 7 72
61 7 7 57
61 7 7 7
61 7 7 42
61 7 7 62
61 7 7 49
61 7 7 5
61 7 7 54
61 7 7 75
61 7 7 37
61 7 7 3
61 7 7 48
61 7 7 69
61 7 7 16
61 7 7 2
61 7 7 57
61 7 7 67
61 7 7 47
61 7 8 10
61 7 8 46
61 7 8 73
61 7 8 23
61 7 8 5
61 7 8 37
61 7 8 75
61 7 8 56
61 7 8 6
61 7 8 40
61 7 8 68
61 7 8 60
61 7 8 5
61 7 8 39
61 7 8 62
61 7 8 61
61 7 8 2
61 7 8 33
61 7 8 64
61 7 8 34
61 7 9 5
61 7 9 56
61 7 9 69
61 7 9 1
61 7 9 3
61 7 9 61
61 7 9 64
61 7 9 26
61 7 9 1
61 7 9 41
61 7 9 74
61 7 9 40
61 7 9 10
61 7 9 60
61 7 9 69
61 7 9 39
61 7 9 7
61 7 9 36
61 7 9 75
61 7 9 72
61 7 10 2
61 7 10 60
61 7 10 61
61 7 10 54
61 7 10 5
61 7 10 30
61 7 10 63
61 7 10 5
61 7 10 5
61 7 10 38
61 7 10 73
61 7 10 63
61 7 10 8
61 7 10 56
61 7 10 75
61 7 10 1
61 7 10 8
61 7 10 41
61 7 10 66
61 7 10 46
61 7 11 6
61 7 11 35
61 7 11 71
61 7 11 13
61 7 11 2
61 7 11 60
61 7 11 62
61 7 11 63
61 7 11 2
61 7 11 42
61 7 11 64
61 7 11 61
61 7 11 5
61 7 11 37
61 7 11 71
61 7 11 17
61 7 11 1
61 7 11 52
61 7 11 62
61 7 11 27
61 7 12 2
61 7 12 57
61 7 12 61
61 7 12 18
61 7 12 10
61 7 12 61
61 7 12 69
61 7 12 22
61 7 12 10
61 7 12 38
61 7 12 72
61 7 12 56
61 7 12 10
61 7 12 59
61 7 12 69
61 7 12 65
61 7 12 10
61 7 12 41
61 7 12 64
61 7 12 33
61 7 13 7
61 7 13 30
61 7 13 73
61 7 13 49
61 7 13 10
61 7 13 43
61 7 13 69
61 7 13 41
61 7 13 5
61 7 13 34
61 7 13 74
61 7 13 9
61 7 13 10
61 7 13 38
61 7 13 75
61 7 13 64
61 7 13 6
61 7 13 50
61 7 13 62
61 7 13 67
61 7 14 6
61 7 14 50
61 7 14 67
61 7 14 23
61 7 14 9
61 7 14 45
61 7 14 61
61 7 14 38
61 7 14 2
61 7 14 61
61 7 14 68
61 7 14 3
61 7 14 1
61 7 14 40
61 7 14 71
61 7 14 53
61 7 14 8
61 7 14 60
61 7 14 73
61 7 14 75
61 8 1 5
61 8 1 48
61 8 1 66
61 8 1 11
61 8 1 1
61 8 1 34
61 8 1 64
61 8 1 6
61 8 1 9
61 8 1 42
61 8 1 62
61 8 1 8
61 8 1 10
61 8 1 54
61 8 1 69
61 8 1 59
61 8 1 5
61 8 1 49
61 8 1 70
61 8 1 6
61 8 2 3
61 8 2 51
61 8 2 76
61 8 2 5
61 8 2 4
61 8 2 42
61 8 2 70
61 8 2 34
61 8 2 9
61 8 2 43
61 8 2 72
61 8 2 74
61 8 2 4
61 8 2 33
61 8 2 66
61 8 2 15
61 8 2 5
61 8 2 31
61 8 2 73
61 8 2 54
61 8 3 8
61 8 3 46
61 8 3 72
61 8 3 67
61 8 3 1
61 8 3 59
61 8 3 66
61 8 3 26
61 8 3 4
61 8 3 32
61 8 3 64
61 8 3 53
61 8 3 5
61 8 3 40
61 8 3 62
61 8 3 42
61 8 3 5
61 8 3 36
61 8 3 63
61 8 3 62
61 8 4 2
61 8 4 58
61 8 4 73
61 8 4 43
61 8 4 4
61 8 4 33
61 8 4 67
61 8 4 15
61 8 4 9
61 8 4 55
61 8 4 75
61 8 4 2
61 8 4 3
61 8 4 30
61 8 4 70
61 8 4 27
61 8 4 9
61 8 4 58
61 8 4 69
61 8 4 53
61 8 5 10
61 8 5 50
61 8 5 67
61 8 5 7
61 8 5 3
61 8 5 32
61 8 5 67
61 8 5 73
61 8 5 3
61 8 5 49
61 8 5 64
61 8 5 14
61 8 5 1
61 8 5 43
61 8 5 62
61 8 5 15
61 8 5 3
61 8 5 43
61 8 5 66
61 8 5 69
61 8 6 10
61 8 6 59
61 8 6 65
61 8 6 16
61 8 6 9
61 8 6 30
61 8 6 75
61 8 6 70
61 8 6 1
61 8 6 39
61 8 6 73
61 8 6 51
61 8 6 1
61 8 6 30
61 8 6 70
61 8 6 9
61 8 6 1
61 8 6 44
61 8 6 70
61 8 6 18
61 8 7 9
61 8 7 60
61 8 7 68
61 8 7 57
61 8 7 4
61 8 7 34
61 8 7 64
61 8 7 40
61 8 7 6
61 8 7 58
61 8 7 67
61 8 7 43
61 8 7 4
61 8 7 47
61 8 7 74
61 8 7 58
61 8 7 5
61 8 7 49
61 8 7 71
61 8 7 13
61 8 8 2
61 8 8 53
61 8 8 66
61 8 8 5
61 8 8 9
61 8 8 57
61 8 8 67
61 8 8 69
61 8 8 2
61 8 8 48
61 8 8 65
61 8 8 31
61 8 8 8
61 8 8 33
61 8 8 72
61 8 8 10
61 8 8 2
61 8 8 41
61 8 8 68
61 8 8 24
61 8 9 10
61 8 9 37
61 8 9 70
61 8 9 75
61 8 9 6
61 8 9 50
61 8 9 65
61 8 9 31
61 8 9 1
61 8 9 60
61 8 9 66
61 8 9 53
61 8 9 9
61 8 9 47
61 8 9 61
61 8 9 39
61 8 9 6
61 8 9 44
61 8 9 62
61 8 9 46
61 8 10 1
61 8 10 60
61 8 10 66
61 8 10 66
61 8 10 2
61 8 10 46
61 8 10 62
61 8 10 26
61 8 10 4
61 8 10 36
61 8 10 74
61 8 10 16
61 8 10 8
61 8 10 52
61 8 10 62
61 8 10 1
61 8 10 7
61 8 10 34
61 8 10 65
61 8 10 18
61 8 11 9
61 8 11 43
61 8 11 63
61 8 11 1
61 8 11 7
61 8 11 48
61 8 11 73
61 8 11 47
61 8 11 6
61 8 11 30
61 8 11 69
61 8 11 46
61 8 11 3
61 8 11 58
61 8 11 67
61 8 11 32
61 8 11 8
61 8 11 39
61 8 11 76
61 8 11 33
61 8 12 9
61 8 12 36
61 8 12 68
61 8 12 25
61 8 12 4
61 8 12 41
61 8 12 70
61 8 12 46
61 8 12 5
61 8 12 40
61 8 12 70
61 8 12 16
61 8 12 9
61 8 12 41
61 8 12 75
61 8 12 11
61 8 12 2
61 8 12 50
61 8 12 74
61 8 12 52
61 8 13 8
61 8 13 59
61 8 13 61
61 8 13 49
61 8 13 8
61 8 13 30
61 8 13 70
61 8 13 26
61 8 13 4
61 8 13 40
61 8 13 61
61 8 13 69
61 8 13 8
61 8 13 41
61 8 13 75
61 8 13 71
61 8 13 4
61 8 13 51
61 8 13 71
61 8 13 17
61 8 14 1
61 8 14 38
61 8 14 71
61 8 14 52
61 8 14 10
61 8 14 47
61 8 14 65
61 8 14 13
61 8 14 2
61 8 14 41
61 8 14 62
61 8 14 52
61 8 14 6
61 8 14 34
61 8 14 62
61 8 14 52
61 8 14 4
61 8 14 50
61 8 14 68
61 8 14 32
61 9 1 8
61 9 1 30
61 9 1 76
61 9 1 43
61 9 1 4
61 9 1 36
61 9 1 74
61 9 1 29
61 9 1 4
61 9 1 37
61 9 1 76
61 9 1 2
61 9 1 2
61 9 1 53
61 9 1 73
61 9 1 45
61 9 1 6
61 9 1 39
61 9 1 61
61 9 1 18
61 9 2 1
61 9 2 50
61 9 2 65
61 9 2 5
61 9 2 1
61 9 2 51
61 9 2 66
61 9 2 53
61 9 2 8
61 9 2 46
61 9 2 66
61 9 2 62
61 9 2 7
61 9 2 59
61 9 2 71
61 9 2 62
61 9 2 8
61 9 2 36
61 9 2 66
61 9 2 52
61 9 3 3
61 9 3 50
61 9 3 68
61 9 3 6
61 9 3 1
61 9 3 34
61 9 3 64
61 9 3 72
61 9 3 2
61 9 3 43
61 9 3 65
61 9 3 48
61 9 3 9
61 9 3 48
61 9 3 67
61 9 3 58
61 9 3 5
61 9 3 38
61 9 3 67
61 9 3 11
61 9 4 2
61 9 4 31
61 9 4 70
61 9 4 47
61 9 4 2
61 9 4 42
61 9 4 73
61 9 4 66
61 9 4 2
61 9 4 50
61 9 4 69
61 9 4 22
61 9 4 8
61 9 4 41
61 9 4 71
61 9 4 56
61 9 4 6
61 9 4 40
61 9 4 71
61 9 4 6
61 9 5 9
61 9 5 31
61 9 5 71
61 9 5 67
61 9 5 9
61 9 5 40
61 9 5 68
61 9 5 45
61 9 5 7
61 9 5 40
61 9 5 76
61 9 5 43
61 9 5 1
61 9 5 60
61 9 5 69
61 9 5 22
61 9 5 2
61 9 5 47
61 9 5 68
61 9 5 32
61 9 6 6
61 9 6 53
61 9 6 61
61 9 6 50
61 9 6 10
61 9 6 32
61 9 6 71
61 9 6 14
61 9 6 2
61 9 6 47
61 9 6 62
61 9 6 9
61 9 6 4
61 9 6 55
61 9 6 64
61 9 6 39
61 9 6 4
61 9 6 30
61 9 6 75
61 9 6 27
61 9 7 7
61 9 7 49
61 9 7 73
61 9 7 66
61 9 7 6
61 9 7 50
61 9 7 66
61 9 7 5
61 9 7 5
61 9 7 32
61 9 7 72
61 9 7 65
61 9 7 4
61 9 7 42
61 9 7 73
61 9 7 26
61 9 7 10
61 9 7 33
61 9 7 72
61 9 7 39
61 9 8 5
61 9 8 40
61 9 8 72
61 9 8 47
61 9 8 7
61 9 8 32
61 9 8 69
61 9 8 33
61 9 8 5
61 9 8 30
61 9 8 62
61 9 8 3
61 9 8 1
61 9 8 36
61 9 8 75
61 9 8 24
61 9 8 5
61 9 8 45
61 9 8 61
61 9 8 64
61 9 9 6
61 9 9 39
61 9 9 75
61 9 9 13
61 9 9 6
61 9 9 44
61 9 9 69
61 9 9 59
61 9 9 9
61 9 9 44
61 9 9 68
61 9 9 22
61 9 9 4
61 9 9 31
61 9 9 67
61 9 9 2
61 9 9 2
61 9 9 55
61 9 9 65
61 9 9 68
61 9 10 7
61 9 10 49
61 9 10 76
61 9 10 14
61 9 10 5
61 9 10 49
61 9 10 65
61 9 10 28
61 9 10 1
61 9 10 48
61 9 10 76
61 9 10 64
61 9 10 2
61 9 10 43
61 9 10 65
61 9 10 76
61 9 10 10
61 9 10 35
61 9 10 71
61 9 10 33
61 9 11 5
61 9 11 59
61 9 11 75
61 9 11 64
61 9 11 4
61 9 11 31
61 9 11 75
61 9 11 73
61 9 11 3
61 9 11 57
61 9 11 76
61 9 11 52
61 9 11 1
61 9 11 39
61 9 11 67
61 9 11 73
61 9 11 6
61 9 11 58
61 9 11 65
61 9 11 57
61 9 12 6
61 9 12 46
61 9 12 76
61 9 12 7
61 9 12 7
61 9 12 41
61 9 12 75
61 9 12 57
61 9 12 3
61 9 12 54
61 9 12 65
61 9 12 32
61 9 12 8
61 9 12 55
61 9 12 64
61 9 12 55
61 9 12 4
61 9 12 30
61 9 12 69
61 9 12 36
61 9 13 8
61 9 13 52
61 9 13 72
61 9 13 38
61 9 13 7
61 9 13 47
61 9 13 72
61 9 13 3
61 9 13 1
61 9 13 43
61 9 13 70
61 9 13 45
61 9 13 10
61 9 13 43
61 9 13 73
61 9 13 17
61 9 13 1
61 9 13 52
61 9 13 61
61 9 13 21
61 9 14 2
61 9 14 53
61 9 14 73
61 9 14 51
61 9 14 1
61 9 14 37
61 9 14 65
61 9 14 41
61 9 14 7
61 9 14 43
61 9 14 75
61 9 14 5
61 9 14 8
61 9 14 60
61 9 14 70
61 9 14 72
61 9 14 10
61 9 14 50
61 9 14 75
61 9 14 60
61 10 1 6
61 10 1 56
61 10 1 63
61 10 1 48
61 10 1 5
61 10 1 30
61 10 1 70
61 10 1 51
61 10 1 8
61 10 1 31
61 10 1 76
61 10 1 40
61 10 1 5
61 10 1 61
61 10 1 67
61 10 1 61
61 10 1 7
61 10 1 40
61 10 1 66
61 10 1 46
61 10 2 7
61 10 2 60
61 10 2 74
61 10 2 28
61 10 2 10
61 10 2 43
61 10 2 65
61 10 2 56
61 10 2 7
61 10 2 42
61 10 2 65
61 10 2 70
61 10 2 1
61 10 2 41
61 10 2 70
61 10 2 64
61 10 2 10
61 10 2 55
61 10 2 64
61 10 2 56
61 10 3 3
61 10 3 41
61 10 3 75
61 10 3 21
61 10 3 3
61 10 3 36
61 10 3 71
61 10 3 74
61 10 3 7
61 10 3 56
61 10 3 75
61 10 3 63
61 10 3 3
61 10 3 57
61 10 3 72
61 10 3 26
61 10 3 10
61 10 3 46
61 10 3 74
61 10 3 13
61 10 4 10
61 10 4 44
61 10 4 69
61 10 4 26
61 10 4 8
61 10 4 54
61 10 4 67
61 10 4 34
61 10 4 1
61 10 4 40
61 10 4 71
61 10 4 68
61 10 4 10
61 10 4 39
61 10 4 62
61 10 4 50
61 10 4 7
61 10 4 36
61 10 4 74
61 10 4 15
61 10 5 2
61 10 5 32
61 10 5 73
61 10 5 29
61 10 5 3
61 10 5 33
61 10 5 67
61 10 5 6
61 10 5 4
61 10 5 45
61 10 5 72
61 10 5 1
61 10 5 6
61 10 5 44
61 10 5 61
61 10 5 34
61 10 5 9
61 10 5 44
61 10 5 68
61 10 5 63
61 10 6 2
61 10 6 49
61 10 6 67
61 10 6 34
61 10 6 4
61 10 6 48
61 10 6 65
61 10 6 73
61 10 6 3
61 10 6 36
61 10 6 65
61 10 6 17
61 10 6 9
61 10 6 43
61 10 6 71
61 10 6 8
61 10 6 8
61 10 6 49
61 10 6 75
61 10 6 62
61 10 7 4
61 10 7 40
61 10 7 64
61 10 7 39
61 10 7 4
61 10 7 35
61 10 7 63
61 10 7 37
61 10 7 9
61 10 7 52
61 10 7 63
61 10 7 3
61 10 7 10
61 10 7 42
61 10 7 73
61 10 7 35
61 10 7 1
61 10 7 53
61 10 7 76
61 10 7 72
61 10 8 10
61 10 8 39
61 10 8 70
61 10 8 71
61 10 8 7
61 10 8 36
61 10 8 72
61 10 8 72
61 10 8 1
61 10 8 33
61 10 8 75
61 10 8 50
61 10 8 10
61 10 8 33
61 10 8 63
61 10 8 64
61 10 8 8
61 10 8 30
61 10 8 74
61 10 8 59
61 10 9 2
61 10 9 60
61 10 9 64
61 10 9 33
61 10 9 2
61 10 9 44
61 10 9 70
61 10 9 5
61 10 9 9
61 10 9 59
61 10 9 76
61 10 9 69
61 10 9 9
61 10 9 56
61 10 9 74
61 10 9 74
61 10 9 8
61 10 9 35
61 10 9 73
61 10 9 43
61 10 10 7
61 10 10 52
61 10 10 71
61 10 10 51
61 10 10 4
61 10 10 42
61 10 10 72
61 10 10 19
61 10 10 9
61 10 10 48
61 10 10 76
61 10 10 22
61 10 10 6
61 10 10 32
61 10 10 70
61 10 10 25
61 10 10 9
61 10 10 34
61 10 10 65
61 10 10 55
61 10 11 6
61 10 11 35
61 10 11 65
61 10 11 73
61 10 11 8
61 10 11 59
61 10 11 63
61 10 11 76
61 10 11 9
61 10 11 44
61 10 11 67
61 10 11 14
61 10 11 2
61 10 11 55
61 10 11 64
61 10 11 66
61 10 11 1
61 10 11 55
61 10 11 63
61 10 11 28
61 10 12 10
61 10 12 34
61 10 12 74
61 10 12 45
61 10 12 9
61 10 12 55
61 10 12 66
61 10 12 57
61 10 12 8
61 10 12 42
61 10 12 70
61 10 12 19
61 10 12 1
61 10 12 46
61 10 12 63
61 10 12 70
61 10 12 1
61 10 12 42
61 10 12 76
61 10 12 2
61 10 13 4
61 10 13 54
61 10 13 66
61 10 13 57
61 10 13 4
61 10 13 37
61 10 13 64
61 10 13 72
61 10 13 2
61 10 13 33
61 10 13 69
61 10 13 27
61 10 13 3
61 10 13 44
61 10 13 61
61 10 13 17
61 10 13 1
61 10 13 59
61 10 13 73
61 10 13 21
61 10 14 8
61 10 14 44
61 10 14 63
61 10 14 59
61 10 14 5
61 10 14 48
61 10 14 61
61 10 14 27
61 10 14 1
61 10 14 39
61 10 14 63
61 10 14 58
61 10 14 8
61 10 14 37
61 10 14 73
61 10 14 65
61 10 14 6
61 10 14 49
61 10 14 73
61 10 14 5
61 11 1 8
61 11 1 31
61 11 1 71
61 11 1 19
61 11 1 8
61 11 1 34
61 11 1 75
61 11 1 38
61 11 1 7
61 11 1 32
61 11 1 64
61 11 1 68
61 11 1 1
61 11 1 35
61 11 1 67
61 11 1 67
61 11 1 2
61 11 1 60
61 11 1 62
61 11 1 21
61 11 2 4
61 11 2 56
61 11 2 69
61 11 2 24
61 11 2 6
61 11 2 49
61 11 2 76
61 11 2 17
61 11 2 3
61 11 2 55
61 11 2 75
61 11 2 52
61 11 2 2
61 11 2 30
61 11 2 64
61 11 2 40
61 11 2 3
61 11 2 39
61 11 2 76
61 11 2 5
61 11 3 2
61 11 3 53
61 11 3 74
61 11 3 30
61 11 3 2
61 11 3 30
61 11 3 74
61 11 3 44
61 11 3 8
61 11 3 41
61 11 3 65
61 11 3 71
61 11 3 6
61 11 3 34
61 11 3 75
61 11 3 37
61 11 3 10
61 11 3 51
61 11 3 63
61 11 3 39
61 11 4 6
61 11 4 60
61 11 4 65
61 11 4 73
61 11 4 8
61 11 4 57
61 11 4 76
61 11 4 70
61 11 4 7
61 11 4 49
61 11 4 64
61 11 4 56
61 11 4 3
61 11 4 48
61 11 4 65
61 11 4 47
61 11 4 4
61 11 4 45
61 11 4 76
61 11 4 72
61 11 5 8
61 11 5 42
61 11 5 67
61 11 5 37
61 11 5 7
61 11 5 32
61 11 5 69
61 11 5 4
61 11 5 4
61 11 5 53
61 11 5 70
61 11 5 72
61 11 5 3
61 11 5 52
61 11 5 65
61 11 5 56
61 11 5 7
61 11 5 56
61 11 5 65
61 11 5 9
61 11 6 5
61 11 6 57
61 11 6 63
61 11 6 23
61 11 6 2
61 11 6 32
61 11 6 65
61 11 6 13
61 11 6 4
61 11 6 59
61 11 6 75
61 11 6 67
61 11 6 1
61 11 6 37
61 11 6 64
61 11 6 47
61 11 6 6
61 11 6 52
61 11 6 61
61 11 6 7
61 11 7 6
61 11 7 46
61 11 7 70
61 11 7 35
61 11 7 9
61 11 7 40
61 11 7 75
61 11 7 76
61 11 7 2
61 11 7 32
61 11 7 76
61 11 7 15
61 11 7 4
61 11 7 37
61 11 7 74
61 11 7 49
61 11 7 5
61 11 7 46
61 11 7 68
61 11 7 75
61 11 8 1
61 11 8 54
61 11 8 63
61 11 8 21
61 11 8 3
61 11 8 49
61 11 8 76
61 11 8 63
61 11 8 4
61 11 8 40
61 11 8 73
61 11 8 7
61 11 8 2
61 11 8 42
61 11 8 72
61 11 8 26
61 11 8 9
61 11 8 44
61 11 8 72
61 11 8 62
61 11 9 4
61 11 9 36
61 11 9 65
61 11 9 28
61 11 9 10
61 11 9 60
61 11 9 61
61 11 9 31
61 11 9 5
61 11 9 56
61 11 9 72
61 11 9 18
61 11 9 10
61 11 9 54
61 11 9 63
61 11 9 31
61 11 9 6
61 11 9 50
61 11 9 64
61 11 9 20
61 11 10 3
61 11 10 47
61 11 10 76
61 11 10 69
61 11 10 6
61 11 10 51
61 11 10 73
61 11 10 10
61 11 10 4
61 11 10 45
61 11 10 63
61 11 10 63
61 11 10 5
61 11 10 43
61 11 10 61
61 11 10 35
61 11 10 6
61 11 10 54
61 11 10 66
61 11 10 5
61 11 11 1
61 11 11 31
61 11 11 72
61 11 11 67
61 11 11 8
61 11 11 31
61 11 11 72
61 11 11 42
61 11 11 4
61 11 11 53
61 11 11 66
61 11 11 68
61 11 11 8
61 11 11 59
61 11 11 63
61 11 11 1
61 11 11 7
61 11 11 57
61 11 11 61
61 11 11 71
61 11 12 2
61 11 12 45
61 11 12 66
61 11 12 48
61 11 12 5
61 11 12 36
61 11 12 65
61 11 12 71
61 11 12 10
61 11 12 47
61 11 12 74
61 11 12 39
61 11 12 6
61 11 12 56
61 11 12 69
61 11 12 5
61 11 12 2
61 11 12 55
61 11 12 70
61 11 12 33
61 11 13 2
61 11 13 57
61 11 13 67
61 11 13 68
61 11 13 1
61 11 13 54
61 11 13 61
61 11 13 13
61 11 13 4
61 11 13 61
61 11 13 64
61 11 13 46
61 11 13 9
61 11 13 39
61 11 13 73
61 11 13 42
61 11 13 4
61 11 13 42
61 11 13 72
61 11 13 12
61 11 14 2
61 11 14 35
61 11 14 61
61 11 14 1
61 11 14 5
61 11 14 61
61 11 14 68
61 11 14 72
61 11 14 9
61 11 14 49
61 11 14 73
61 11 14 2
61 11 14 1
61 11 14 48
61 11 14 68
61 11 14 20
61 11 14 6
61 11 14 32
61 11 14 63
61 11 14 16
61 12 1 3
61 12 1 49
61 12 1 73
61 12 1 9
61 12 1 9
61 12 1 47
61 12 1 73
61 12 1 63
61 12 1 9
61 12 1 42
61 12 1 63
61 12 1 12
61 12 1 7
61 12 1 61
61 12 1 62
61 12 1 11
61 12 1 10
61 12 1 33
61 12 1 73
61 12 1 24
61 12 2 1
61 12 2 50
61 12 2 69
61 12 2 16
61 12 2 2
61 12 2 46
61 12 2 69
61 12 2 76
61 12 2 2
61 12 2 54
61 12 2 67
61 12 2 12
61 12 2 1
61 12 2 45
61 12 2 62
61 12 2 30
61 12 2 7
61 12 2 41
61 12 2 68
61 12 2 58
61 12 3 8
61 12 3 50
61 12 3 67
61 12 3 29
61 12 3 1
61 12 3 52
61 12 3 75
61 12 3 42
61 12 3 2
61 12 3 40
61 12 3 76
61 12 3 67
61 12 3 2
61 12 3 51
61 12 3 66
61 12 3 37
61 12 3 6
61 12 3 44
61 12 3 71
61 12 3 63
61 12 4 9
61 12 4 49
61 12 4 72
61 12 4 29
61 12 4 5
61 12 4 53
61 12 4 62
61 12 4 39
61 12 4 9
61 12 4 42
61 12 4 61
61 12 4 52
61 12 4 3
61 12 4 37
61 12 4 66
61 12 4 5
61 12 4 2
61 12 4 60
61 12 4 66
61 12 4 38
61 12 5 6
61 12 5 45
61 12 5 62
61 12 5 61
61 12 5 6
61 12 5 34
61 12 5 66
61 12 5 46
61 12 5 10
61 12 5 31
61 12 5 76
61 12 5 22
61 12 5 10
61 12 5 61
61 12 5 68
61 12 5 64
61 12 5 4
61 12 5 36
61 12 5 64
61 12 5 64
61 12 6 9
61 12 6 45
61 12 6 69
61 12 6 75
61 12 6 10
61 12 6 44
61 12 6 63
61 12 6 22
61 12 6 10
61 12 6 54
61 12 6 74
61 12 6 61
61 12 6 3
61 12 6 50
61 12 6 69
61 12 6 73
61 12 6 9
61 12 6 41
61 12 6 66
61 12 6 38
61 12 7 2
61 12 7 40
61 12 7 62
61 12 7 26
61 12 7 8
61 12 7 44
61 12 7 75
61 12 7 19
61 12 7 4
61 12 7 31
61 12 7 63
61 12 7 16
61 12 7 3
61 12 7 34
61 12 7 73
61 12 7 59
61 12 7 6
61 12 7 32
61 12 7 66
61 12 7 34
61 12 8 8
61 12 8 40
61 12 8 71
61 12 8 46
61 12 8 6
61 12 8 61
61 12 8 65
61 12 8 44
61 12 8 5
61 12 8 45
61 12 8 61
61 12 8 50
61 12 8 2
61 12 8 46
61 12 8 61
61 12 8 69
61 12 8 8
61 12 8 52
61 12 8 64
61 12 8 26
61 12 9 5
61 12 9 49
61 12 9 63
61 12 9 71
61 12 9 1
61 12 9 48
61 12 9 63
61 12 9 29
61 12 9 5
61 12 9 61
61 12 9 63
61 12 9 42
61 12 9 3
61 12 9 48
61 12 9 71
61 12 9 18
61 12 9 5
61 12 9 45
61 12 9 76
61 12 9 69
61 12 10 10
61 12 10 35
61 12 10 70
61 12 10 17
61 12 10 6
61 12 10 57
61 12 10 71
61 12 10 50
61 12 10 4
61 12 10 39
61 12 10 74
61 12 10 8
61 12 10 3
61 12 10 50
61 12 10 63
61 12 10 34
61 12 10 7
61 12 10 54
61 12 10 69
61 12 10 63
61 12 11 7
61 12 11 53
61 12 11 75
61 12 11 47
61 12 11 7
61 12 11 59
61 12 11 65
61 12 11 24
61 12 11 5
61 12 11 34
61 12 11 76
61 12 11 69
61 12 11 9
61 12 11 60
61 12 11 63
61 12 11 67
61 12 11 8
61 12 11 60
61 12 11 69
61 12 11 33
61 12 12 9
61 12 12 50
61 12 12 71
61 12 12 19
61 12 12 9
61 12 12 45
61 12 12 67
61 12 12 36
61 12 12 5
61 12 12 49
61 12 12 61
61 12 12 29
61 12 12 8
61 12 12 48
61 12 12 72
61 12 12 19
61 12 12 4
61 12 12 35
61 12 12 69
61 12 12 11
61 12 13 6
61 12 13 32
61 12 13 71
61 12 13 71
61 12 13 1
61 12 13 32
61 12 13 68
61 12 13 66
61 12 13 8
61 12 13 61
61 12 13 66
61 12 13 61
61 12 13 4
61 12 13 55
61 12 13 67
61 12 13 28
61 12 13 9
61 12 13 49
61 12 13 67
61 12 13 71
61 12 14 5
61 12 14 44
61 12 14 64
61 12 14 31
61 12 14 6
61 12 14 32
61 12 14 75
61 12 14 49
61 12 14 7
61 12 14 48
61 12 14 76
61 12 14 6
61 12 14 4
61 12 14 49
61 12 14 70
61 12 14 58
61 12 14 1
61 12 14 58
61 12 14 66
61 12 14 5
61 13 1 1
61 13 1 30
61 13 1 70
61 13 1 21
61 13 1 5
61 13 1 45
61 13 1 69
61 13 1 21
61 13 1 8
61 13 1 58
61 13 1 67
61 13 1 44
61 13 1 3
61 13 1 30
61 13 1 61
61 13 1 48
61 13 1 8
61 13 1 31
61 13 1 68
61 13 1 29
61 13 2 8
61 13 2 40
61 13 12 55
61 13 12 72
61 13 12 58
61 13 12 2
61 13 12 37
61 13 12 62
61 13 12 39
61 13 13 7
61 13 13 37
61 13 13 61
61 13 13 54
61 13 13 9
61 13 13 48
61 13 13 73
61 13 13 55
61 13 13 4
61 13 13 53
61 13 13 72
61 13 13 51
61 13 13 6
61 13 13 32
61 13 13 66
61 13 13 35
61 13 13 1
61 13 13 48
61 13 13 69
61 13 13 2
61 13 14 10
61 13 14 49
61 13 14 64
61 13 14 39
61 13 14 3
61 13 14 55
61 13 14 64
61 13 14 48
61 13 14 8
61 13 14 58
61 13 14 68
61 13 14 36
61 13 14 8
61 13 14 40
61 13 14 72
61 13 14 45
61 13 14 4
61 13 14 48
61 13 14 61
61 13 14 6
61 14 1 1
61 14 1 59
61 14 1 65
61 14 1 7
61 14 1 6
61 14 1 36
61 14 1 72
61 14 1 66
61 14 1 2
61 14 1 46
61 14 1 75
61 14 1 72
61 14 1 1
61 14 1 32
61 14 1 61
61 14 1 64
61 14 1 8
61 14 1 60
61 14 1 68
61 14 1 30
61 14 2 4
61 14 2 55
61 14 2 68
61 14 2 22
61 14 2 2
61 14 2 48
61 14 2 62
61 14 2 37
61 14 2 10
61 14 2 54
61 14 2 61
61 14 2 35
61 14 2 4
61 14 2 52
61 14 2 69
61 14 2 34
61 14 2 7
61 14 2 37
61 14 2 63
61 14 2 13
61 14 3 7
61 14 3 54
61 14 3 70
61 14 3 1
61 14 3 3
61 14 3 58
61 14 3 65
61 14 3 36
61 14 3 3
61 14 3 37
61 14 3 74
61 14 3 41
61 14 3 7
61 14 3 59
61 14 3 71
61 14 3 36
61 14 3 5
61 14 3 44
61 14 3 62
61 14 3 63
61 14 4 2
61 14 4 33
61 14 4 76
61 14 4 25
61 14 4 5
61 14 4 37
61 14 4 70
61 14 4 6
61 14 4 8
61 14 4 34
61 14 4 75
61 14 4 38
61 14 4 2
61 14 4 30
61 14 4 66
61 14 4 2
61 14 4 9
61 14 4 59
61 14 4 62
61 14 4 37
61 14 5 10
61 14 5 49
61 14 5 72
61 14 5 29
61 14 5 6
61 14 5 54
61 14 5 72
61 14 5 22
61 14 5 6
61 14 5 45
61 14 5 62
61 14 5 18
61 14 5 7
61 14 5 33
61 14 5 73
61 14 5 1
61 14 5 2
61 14 5 35
61 14 5 71
61 14 5 12
61 14 6 4
61 14 6 45
61 14 6 69
61 14 6 13
61 14 6 3
61 14 6 43
61 14 6 65
61 14 6 47
61 14 6 2
61 14 6 42
61 14 6 66
61 14 6 4
61 14 6 1
61 14 6 44
61 14 6 71
61 14 6 59
61 14 6 2
61 14 6 53
61 14 6 74
61 14 6 65
61 14 7 8
61 14 7 61
61 14 7 66
61 14 7 21
61 14 7 8
61 14 7 49
61 14 7 75
61 14 7 59
61 14 7 6
61 14 7 55
61 14 7 69
61 14 7 70
61 14 7 8
61 14 7 33
61 14 7 72
61 14 7 69
61 14 7 7
61 14 7 54
61 14 7 64
61 14 7 73
61 14 8 4
61 14 8 53
61 14 8 65
61 14 8 54
61 14 8 6
61 14 8 50
61 14 8 61
61 14 8 17
61 14 8 8
61 14 8 35
61 14 8 65
61 14 8 63
61 14 8 10
61 14 8 60
61 14 8 65
61 14 8 41
61 14 8 3
61 14 8 35
61 14 8 67
61 14 8 26
61 14 9 8
61 14 9 37
61 14 9 63
61 14 9 53
61 14 9 5
61 14 9 60
61 14 9 63
61 14 9 41
61 14 9 8
61 14 9 37
61 14 9 72
61 14 9 30
61 14 9 9
61 14 9 43
61 14 9 66
61 14 9 59
61 14 9 2
61 14 9 35
61 14 9 63
61 14 9 33
61 14 10 8
61 14 10 40
61 14 10 76
61 14 10 22
61 14 10 2
61 14 10 36
61 14 10 73
61 14 10 51
61 14 10 5
61 14 10 31
61 14 10 75
61 14 10 27
61 14 10 5
61 14 10 53
61 14 10 75
61 14 10 33
61 14 10 5
61 14 10 52
61 14 10 73
61 14 10 39
61 14 11 4
61 14 11 57
61 14 11 67
61 14 11 38
61 14 11 8
61 14 11 41
61 14 11 61
61 14 11 46
61 14 11 9
61 14 11 59
61 14 11 69
61 14 11 7
61 14 11 1
61 14 11 50
61 14 11 72
61 14 11 66
61 14 11 3
61 14 11 46
61 14 11 72
61 14 11 41
61 14 12 4
61 14 12 43
61 14 12 70
61 14 12 4
61 14 12 6
61 14 12 39
61 14 12 75
61 14 12 58
61 14 12 1
61 14 12 40
61 14 12 76
61 14 12 20
61 14 12 2
61 14 12 41
61 14 12 71
61 14 12 45
61 14 12 2
61 14 12 46
61 14 12 63
61 14 12 32
61 14 13 9
61 14 13 41
61 14 13 71
61 14 13 57
61 14 13 9
61 14 13 55
61 14 13 63
61 14 13 16
61 14 13 3
61 14 13 44
61 14 13 75
61 14 13 5
61 14 13 9
61 14 13 50
61 14 13 69
61 14 13 18
61 14 13 3
61 14 13 54
61 14 13 63
61 14 13 19
61 14 14 6
61 14 14 46
61 14 14 72
61 14 14 42
61 14 14 2
61 14 14 34
61 14 14 64
61 14 14 65
61 14 14 10
61 14 14 39
61 14 14 71
61 14 14 8
61 14 14 5
61 14 14 36
61 14 14 75
61 14 14 56
61 14 14 1
61 14 14 47
61 14 14 68
61 14 14 75
67 1 1 10
67 1 1 59
67 1 1 78
67 1 1 59
67 1 1 2
67 1 1 33
67 1 1 78
67 1 1 65
67 1 1 9
67 1 1 34
67 1 1 75
67 1 1 14
67 1 1 3
67 1 1 54
67 1 1 74
67 1 1 51
67 1 1 2
67 1 1 36
67 1 1 70
67 1 1 1
67 1 2 3
67 1 2 40
67 1 2 75
67 1 2 48
67 1 2 8
67 1 2 33
67 1 2 74
67 1 2 7
67 1 2 5
67 1 2 48
67 1 2 67
67 1 2 79
67 1 2 6
67 1 2 34
67 1 2 83
67 1 2 15
67 1 2 7
67 1 2 35
67 1 2 78
67 1 2 68
67 1 3 10
67 1 3 67
67 1 3 81
67 1 3 15
67 1 3 7
67 1 3 58
67 1 3 77
67 1 3 71
67 1 3 3
67 1 3 48
67 1 3 75
67 1 3 2
67 1 3 3
67 1 3 36
67 1 3 83
67 1 3 2
67 1 3 3
67 1 3 33
67 1 3 69
67 1 3 44
67 1 4 10
67 1 4 49
67 1 4 84
67 1 4 54
67 1 4 5
67 1 4 57
67 1 4 74
67 1 4 54
67 1 4 8
67 1 4 48
67 1 4 75
67 1 4 74
67 1 4 2
67 1 4 35
67 1 4 81
67 1 4 77
67 1 4 5
67 1 4 53
67 1 4 76
67 1 4 70
67 1 5 7
67 1 5 47
67 1 5 74
67 1 5 32
67 1 5 7
67 1 5 62
67 1 5 75
67 1 5 71
67 1 5 10
67 1 5 62
67 1 5 74
67 1 5 21
67 1 5 7
67 1 5 65
67 1 5 70
67 1 5 55
67 1 5 6
67 1 5 60
67 1 5 80
67 1 5 59
67 1 6 6
67 1 6 33
67 1 6 70
67 1 6 37
67 1 6 6
67 1 6 61
67 1 6 70
67 1 6 50
67 1 6 3
67 1 6 38
67 1 6 80
67 1 6 4
67 1 6 5
67 1 6 43
67 1 6 75
67 1 6 38
67 1 6 9
67 1 6 40
67 1 6 70
67 1 6 36
67 1 7 6
67 1 7 45
67 1 7 74
67 1 7 82
67 1 7 6
67 1 7 53
67 1 7 71
67 1 7 36
67 1 7 6
67 1 7 59
67 1 7 77
67 1 7 4
67 1 7 4
67 1 7 59
67 1 7 78
67 1 7 33
67 1 7 10
67 1 7 34
67 1 7 70
67 1 7 24
67 1 8 8
67 1 8 48
67 1 8 80
67 1 8 64
67 1 8 9
67 1 8 48
67 1 8 67
67 1 8 6
67 1 8 7
67 1 8 46
67 1 8 79
67 1 8 12
67 1 8 7
67 1 8 52
67 1 8 73
67 1 8 70
67 1 8 1
67 1 8 52
67 1 8 71
67 1 8 53
67 1 9 5
67 1 9 41
67 1 9 74
67 1 9 69
67 1 9 8
67 1 9 51
67 1 9 69
67 1 9 76
67 1 9 5
67 1 9 36
67 1 9 73
67 1 9 7
67 1 9 6
67 1 9 61
67 1 9 71
67 1 9 44
67 1 9 6
67 1 9 33
67 1 9 79
67 1 9 54
67 1 10 10
67 1 10 60
67 1 10 83
67 1 10 37
67 1 10 8
67 1 10 48
67 1 10 74
67 1 10 57
67 1 10 9
67 1 10 40
67 1 10 74
67 1 10 10
67 1 10 4
67 1 10 45
67 1 10 74
67 1 10 19
67 1 10 2
67 1 10 64
67 1 10 74
67 1 10 37
67 1 11 3
67 1 11 58
67 1 11 84
67 1 11 70
67 1 11 9
67 1 11 43
67 1 11 69
67 1 11 74
67 1 11 5
67 1 11 62
67 1 11 83
67 1 11 43
67 1 11 8
67 1 11 50
67 1 11 78
67 1 11 28
67 1 11 9
67 1 11 42
67 1 11 69
67 1 11 81
67 1 12 3
67 1 12 49
67 1 12 75
67 1 12 41
67 1 12 1
67 1 12 40
67 1 12 73
67 1 12 71
67 1 12 9
67 1 12 60
67 1 12 75
67 1 12 52
67 1 12 10
67 1 12 62
67 1 12 81
67 1 12 2
67 1 12 6
67 1 12 46
67 1 12 81
67 1 12 22
67 1 13 9
67 1 13 37
67 1 13 83
67 1 13 48
67 1 13 4
67 1 13 50
67 1 13 79
67 1 13 8
67 1 13 3
67 1 13 66
67 1 13 83
67 1 13 40
67 1 13 5
67 1 13 39
67 1 13 69
67 1 13 28
67 1 13 8
67 1 13 41
67 1 13 82
67 1 13 84
67 1 14 10
67 1 14 56
67 1 14 75
67 1 14 36
67 1 14 6
67 1 14 66
67 1 14 76
67 1 14 63
67 1 14 10
67 1 14 38
67 1 14 84
67 1 14 43
67 1 14 3
67 1 14 52
67 1 14 83
67 1 14 61
67 1 14 5
67 1 14 59
67 1 14 81
67 1 14 17
67 2 1 6
67 2 1 35
67 2 1 71
67 2 1 80
67 2 1 2
67 2 1 48
67 2 1 83
67 2 1 13
67 2 1 1
67 2 1 60
67 2 1 67
67 2 1 53
67 2 1 3
67 2 1 44
67 2 1 80
67 2 1 34
67 2 1 4
67 2 1 62
67 2 1 79
67 2 1 7
67 2 2 6
67 2 2 53
67 2 2 72
67 2 2 4
67 2 2 5
67 2 2 49
67 2 2 84
67 2 2 68
67 2 2 6
67 2 2 38
67 2 2 67
67 2 2 75
67 2 2 1
67 2 2 54
67 2 2 84
67 2 2 45
67 2 2 7
67 2 2 49
67 2 2 83
67 2 2 48
67 2 3 5
67 2 3 58
67 2 3 81
67 2 3 7
67 2 3 1
67 2 3 65
67 2 3 71
67 2 3 4
67 2 3 6
67 2 3 55
67 2 3 78
67 2 3 84
67 2 3 9
67 2 3 52
67 2 3 67
67 2 3 45
67 2 3 6
67 2 3 64
67 2 3 74
67 2 3 50
67 2 4 8
67 2 4 66
67 2 4 76
67 2 4 16
67 2 4 7
67 2 4 65
67 2 4 75
67 2 4 43
67 2 4 1
67 2 4 54
67 2 4 69
67 2 4 49
67 2 4 6
67 2 4 40
67 2 4 75
67 2 4 28
67 2 4 6
67 2 4 52
67 2 4 69
67 2 4 32
67 2 5 2
67 2 5 53
67 2 5 73
67 2 5 3
67 2 5 4
67 2 5 58
67 2 5 69
67 2 5 82
67 2 5 2
67 2 5 57
67 2 5 72
67 2 5 69
67 2 5 7
67 2 5 66
67 2 5 81
67 2 5 38
67 2 5 7
67 2 5 50
67 2 5 77
67 2 5 38
67 2 6 2
67 2 6 67
67 2 6 67
67 2 6 29
67 2 6 4
67 2 6 63
67 2 6 69
67 2 6 33
67 2 6 6
67 2 6 49
67 2 6 68
67 2 6 50
67 2 6 7
67 2 6 40
67 2 6 73
67 2 6 43
67 2 6 6
67 2 6 46
67 2 6 82
67 2 6 4
67 2 7 2
67 2 7 44
67 2 7 71
67 2 7 63
67 2 7 1
67 2 7 65
67 2 7 82
67 2 7 20
67 2 7 4
67 2 7 48
67 2 7 73
67 2 7 22
67 2 7 3
67 2 7 67
67 2 7 80
67 2 7 22
67 2 7 6
67 2 7 41
67 2 7 70
67 2 7 18
67 2 8 3
67 2 8 35
67 2 8 70
67 2 8 25
67 2 8 4
67 2 8 33
67 2 8 70
67 2 8 42
67 2 8 4
67 2 8 46
67 2 8 77
67 2 8 65
67 2 8 2
67 2 8 37
67 2 8 80
67 2 8 46
67 2 8 9
67 2 8 45
67 2 8 78
67 2 8 62
67 2 9 8
67 2 9 44
67 2 9 80
67 2 9 44
67 2 9 4
67 2 9 38
67 2 9 75
67 2 9 64
67 2 9 3
67 2 9 42
67 2 9 68
67 2 9 53
67 2 9 3
67 2 9 58
67 2 9 83
67 2 9 62
67 2 9 7
67 2 9 45
67 2 9 74
67 2 9 58
67 2 10 8
67 2 10 41
67 2 10 70
67 2 10 73
67 2 10 5
67 2 10 62
67 2 10 81
67 2 10 67
67 2 10 7
67 2 10 61
67 2 10 81
67 2 10 76
67 2 10 8
67 2 10 35
67 2 10 72
67 2 10 37
67 2 10 5
67 2 10 55
67 2 10 73
67 2 10 37
67 2 11 1
67 2 11 42
67 2 11 67
67 2 11 12
67 2 11 5
67 2 11 49
67 2 11 73
67 2 11 26
67 2 11 8
67 2 11 65
67 2 11 76
67 2 11 7
67 2 11 7
67 2 11 55
67 2 11 81
67 2 11 81
67 2 11 4
67 2 11 47
67 2 11 81
67 2 11 77
67 2 12 10
67 2 12 47
67 2 12 73
67 2 12 81
67 2 12 9
67 2 12 40
67 2 12 78
67 2 12 67
67 2 12 9
67 2 12 59
67 2 12 80
67 2 12 10
67 2 12 7
67 2 12 36
67 2 12 79
67 2 12 53
67 2 12 5
67 2 12 44
67 2 12 78
67 2 12 21
67 2 13 7
67 2 13 43
67 2 13 78
67 2 13 17
67 2 13 8
67 2 13 58
67 2 13 81
67 2 13 8
67 2 13 3
67 2 13 66
67 2 13 82
67 2 13 56
67 2 13 5
67 2 13 48
67 2 13 80
67 2 13 25
67 2 13 3
67 2 13 33
67 2 13 73
67 2 13 15
67 2 14 7
67 2 14 33
67 2 14 72
67 2 14 84
67 2 14 8
67 2 14 43
67 2 14 81
67 2 14 23
67 2 14 1
67 2 14 44
67 2 14 82
67 2 14 60
67 2 14 3
67 2 14 58
67 2 14 77
67 2 14 7
67 2 14 5
67 2 14 57
67 2 14 69
67 2 14 70
67 3 1 4
67 3 1 54
67 3 1 82
67 3 1 13
67 3 1 9
67 3 1 44
67 3 1 70
67 3 1 16
67 3 1 1
67 3 1 44
67 3 1 81
67 3 1 23
67 3 1 2
67 3 1 43
67 3 1 69
67 3 1 11
67 3 1 6
67 3 1 38
67 3 1 71
67 3 1 24
67 3 2 4
67 3 2 61
67 3 2 70
67 3 2 9
67 3 2 10
67 3 2 38
67 3 2 75
67 3 2 78
67 3 2 10
67 3 2 59
67 3 2 71
67 3 2 25
67 3 2 8
67 3 2 66
67 3 2 81
67 3 2 71
67 3 2 7
67 3 2 65
67 3 2 69
67 3 2 11
67 3 3 9
67 3 3 51
67 3 3 76
67 3 3 75
67 3 3 7
67 3 3 34
67 3 3 81
67 3 3 69
67 3 3 7
67 3 3 64
67 3 3 78
67 3 3 32
67 3 3 7
67 3 3 51
67 3 3 69
67 3 3 25
67 3 3 2
67 3 3 54
67 3 3 84
67 3 3 3
67 3 4 3
67 3 4 39
67 3 4 83
67 3 4 1
67 3 4 10
67 3 4 56
67 3 4 70
67 3 4 50
67 3 4 1
67 3 4 33
67 3 4 81
67 3 4 41
67 3 4 3
67 3 4 40
67 3 4 84
67 3 4 18
67 3 4 1
67 3 4 45
67 3 4 74
67 3 4 63
67 3 5 6
67 3 5 40
67 3 5 81
67 3 5 37
67 3 5 4
67 3 5 51
67 3 5 84
67 3 5 29
67 3 5 5
67 3 5 51
67 3 5 70
67 3 5 18
67 3 5 2
67 3 5 37
67 3 5 80
67 3 5 57
67 3 5 3
67 3 5 49
67 3 5 82
67 3 5 50
67 3 6 1
67 3 6 50
67 3 6 70
67 3 6 20
67 3 6 4
67 3 6 62
67 3 6 73
67 3 6 44
67 3 6 8
67 3 6 61
67 3 6 69
67 3 6 70
67 3 6 8
67 3 6 38
67 3 6 84
67 3 6 9
67 3 6 7
67 3 6 46
67 3 6 71
67 3 6 82
67 3 7 8
67 3 7 35
67 3 7 72
67 3 7 70
67 3 7 4
67 3 7 55
67 3 7 83
67 3 7 8
67 3 7 4
67 3 7 64
67 3 7 73
67 3 7 20
67 3 7 7
67 3 7 48
67 3 7 75
67 3 7 28
67 3 7 6
67 3 7 37
67 3 7 84
67 3 7 24
67 3 8 6
67 3 8 56
67 3 8 68
67 3 8 53
67 3 8 6
67 3 8 37
67 3 8 72
67 3 8 65
67 3 8 10
67 3 8 58
67 3 8 70
67 3 8 15
67 3 8 4
67 3 8 51
67 3 8 81
67 3 8 26
67 3 8 3
67 3 8 56
67 3 8 79
67 3 8 60
67 3 9 10
67 3 9 58
67 3 9 79
67 3 9 42
67 3 9 3
67 3 9 59
67 3 9 75
67 3 9 64
67 3 9 9
67 3 9 39
67 3 9 73
67 3 9 79
67 3 9 10
67 3 9 38
67 3 9 83
67 3 9 75
67 3 9 9
67 3 9 48
67 3 9 75
67 3 9 26
67 3 10 7
67 3 10 51
67 3 10 78
67 3 10 56
67 3 10 1
67 3 10 48
67 3 10 68
67 3 10 73
67 3 10 9
67 3 10 49
67 3 10 74
67 3 10 39
67 3 10 6
67 3 10 65
67 3 10 70
67 3 10 53
67 3 10 6
67 3 10 52
67 3 10 77
67 3 10 32
67 3 11 2
67 3 11 45
67 3 11 70
67 3 11 35
67 3 11 10
67 3 11 65
67 3 11 74
67 3 11 1
67 3 11 6
67 3 11 62
67 3 11 83
67 3 11 6
67 3 11 1
67 3 11 44
67 3 11 79
67 3 11 57
67 3 11 4
67 3 11 33
67 3 11 69
67 3 11 45
67 3 12 1
67 3 12 57
67 3 12 70
67 3 12 21
67 3 12 3
67 3 12 47
67 3 12 72
67 3 12 44
67 3 12 7
67 3 12 52
67 3 12 69
67 3 12 8
67 3 12 8
67 3 12 46
67 3 12 82
67 3 12 53
67 3 12 9
67 3 12 35
67 3 12 79
67 3 12 39
67 3 13 9
67 3 13 60
67 3 13 79
67 3 13 57
67 3 13 7
67 3 13 63
67 3 13 74
67 3 13 80
67 3 13 10
67 3 13 34
67 3 13 71
67 3 13 82
67 3 13 6
67 3 13 46
67 3 13 75
67 3 13 63
67 3 13 1
67 3 13 59
67 3 13 77
67 3 13 53
67 3 14 8
67 3 14 38
67 3 14 82
67 3 14 75
67 3 14 6
67 3 14 43
67 3 14 75
67 3 14 26
67 3 14 3
67 3 14 67
67 3 14 75
67 3 14 61
67 3 14 2
67 3 14 34
67 3 14 84
67 3 14 39
67 3 14 4
67 3 14 54
67 3 14 71
67 3 14 4
67 4 1 3
67 4 1 37
67 4 1 79
67 4 1 70
67 4 1 7
67 4 1 47
67 4 1 81
67 4 1 14
67 4 1 7
67 4 1 63
67 4 1 67
67 4 1 22
67 4 1 8
67 4 1 45
67 4 1 75
67 4 1 65
67 4 1 8
67 4 1 37
67 4 1 84
67 4 1 8
67 4 2 4
67 4 2 35
67 4 2 71
67 4 2 9
67 4 2 3
67 4 2 57
67 4 2 83
67 4 2 40
67 4 2 7
67 4 2 61
67 4 2 84
67 4 2 35
67 4 2 8
67 4 2 48
67 4 2 75
67 4 2 53
67 4 2 3
67 4 2 52
67 4 2 71
67 4 2 13
67 4 3 7
67 4 3 41
67 4 3 78
67 4 3 15
67 4 3 8
67 4 3 50
67 4 3 78
67 4 3 76
67 4 3 2
67 4 3 41
67 4 3 84
67 4 3 81
67 4 3 5
67 4 3 67
67 4 3 68
67 4 3 11
67 4 3 9
67 4 3 48
67 4 3 79
67 4 3 42
67 4 4 5
67 4 4 61
67 4 4 78
67 4 4 50
67 4 4 5
67 4 4 35
67 4 4 77
67 4 14 5
67 4 14 33
67 4 14 72
67 4 14 57
67 4 14 8
67 4 14 65
67 4 14 73
67 4 14 50
67 4 14 9
67 4 14 42
67 4 14 79
67 4 14 61
67 5 1 1
67 5 1 53
67 5 1 76
67 5 1 61
67 5 1 1
67 5 1 38
67 5 1 80
67 5 1 39
67 5 1 5
67 5 1 58
67 5 1 76
67 5 1 68
67 5 1 4
67 5 1 43
67 5 1 77
67 5 1 61
67 5 1 9
67 5 1 38
67 5 1 82
67 5 1 36
67 5 2 3
67 5 2 51
67 5 2 84
67 5 2 23
67 5 2 4
67 5 2 47
67 5 2 77
67 5 2 47
67 5 2 1
67 5 2 42
67 5 2 77
67 5 2 53
67 5 2 4
67 5 2 37
67 5 2 69
67 5 2 16
67 5 2 10
67 5 2 37
67 5 2 74
67 5 2 84
67 5 3 10
67 5 3 51
67 5 3 82
67 5 3 45
67 5 3 5
67 5 3 36
67 5 3 84
67 5 3 47
67 5 3 6
67 5 3 55
67 5 3 70
67 5 3 26
67 5 3 4
67 5 3 59
67 5 3 72
67 5 3 48
67 5 3 6
67 5 3 46
67 5 3 83
67 5 3 61
67 5 4 3
67 5 4 36
67 5 4 69
67 5 4 70
67 5 4 6
67 5 4 33
67 5 4 82
67 5 4 35
67 5 4 7
67 5 4 44
67 5 4 78
67 5 4 5
67 5 4 2
67 5 4 42
67 5 4 72
67 5 4 48
67 5 4 9
67 5 4 67
67 5 4 83
67 5 4 41
67 5 5 8
67 5 5 34
67 5 5 80
67 5 5 29
67 5 5 4
67 5 5 41
67 5 5 74
67 5 5 62
67 5 5 5
67 5 5 63
67 5 5 75
67 5 5 32
67 5 5 2
67 5 5 47
67 5 5 69
67 5 5 62
67 5 5 2
67 5 5 67
67 5 5 74
67 5 5 58
67 5 6 1
67 5 6 33
67 5 6 67
67 5 6 32
67 5 6 5
67 5 6 35
67 5 6 82
67 5 6 75
67 5 6 4
67 5 6 36
67 5 6 78
67 5 6 57
67 5 6 9
67 5 6 38
67 5 6 80
67 5 6 46
67 5 6 3
67 5 6 49
67 5 6 78
67 5 6 11
67 5 7 10
67 5 7 63
67 5 7 75
67 5 7 9
67 5 7 1
67 5 7 39
67 5 7 68
67 5 7 6
67 5 7 9
67 5 7 60
67 5 7 67
67 5 7 13
67 5 7 6
67 5 7 43
67 5 7 67
67 5 7 56
67 5 7 1
67 5 7 34
67 5 7 67
67 5 7 6
67 5 8 6
67 5 8 42
67 5 8 76
67 5 8 68
67 5 8 10
67 5 8 58
67 5 8 74
67 5 8 40
67 5 8 7
67 5 8 38
67 5 8 84
67 5 8 22
67 5 8 1
67 5 8 50
67 5 8 73
67 5 8 14
67 5 8 1
67 5 8 67
67 5 8 83
67 5 8 81
67 5 9 2
67 5 9 67
67 5 9 81
67 5 9 76
67 5 9 7
67 5 9 54
67 5 9 72
67 5 9 14
67 5 9 8
67 5 9 40
67 5 9 71
67 5 9 40
67 5 9 1
67 5 9 41
67 5 9 67
67 5 9 68
67 5 9 5
67 5 9 42
67 5 9 68
67 5 9 22
67 5 10 4
67 5 10 44
67 5 10 69
67 5 10 30
67 5 10 6
67 5 10 60
67 5 10 71
67 5 10 25
67 5 10 4
67 5 10 59
67 5 10 67
67 5 10 83
67 5 10 10
67 5 10 61
67 5 10 82
67 5 10 32
67 5 10 10
67 5 10 47
67 5 10 76
67 5 10 60
67 5 11 9
67 5 11 38
67 5 11 77
67 5 11 23
67 5 11 3
67 5 11 55
67 5 11 83
67 5 11 61
67 5 11 1
67 5 11 63
67 5 11 84
67 5 11 13
67 5 11 10
67 5 11 38
67 5 11 67
67 5 11 49
67 5 11 2
67 5 11 57
67 5 11 74
67 5 11 42
67 5 12 4
67 5 12 65
67 5 12 69
67 5 12 17
67 5 12 1
67 5 12 33
67 5 12 80
67 5 12 47
67 5 12 6
67 5 12 38
67 5 12 74
67 5 12 73
67 5 12 4
67 5 12 51
67 5 12 75
67 5 12 17
67 5 12 9
67 5 12 67
67 5 12 75
67 5 12 38
67 5 13 7
67 5 13 61
67 5 13 70
67 5 13 39
67 5 13 10
67 5 13 51
67 5 13 71
67 5 13 21
67 5 13 7
67 5 13 66
67 5 13 75
67 5 13 50
67 5 13 4
67 5 13 39
67 5 13 73
67 5 13 49
67 5 13 1
67 5 13 47
67 5 13 78
67 5 13 27
67 5 14 2
67 5 14 64
67 5 14 69
67 5 14 19
67 5 14 4
67 5 14 48
67 5 14 69
67 5 14 78
67 5 14 4
67 5 14 62
67 5 14 84
67 5 14 84
67 5 14 9
67 5 14 60
67 5 14 78
67 5 14 58
67 5 14 5
67 5 14 53
67 5 14 74
67 5 14 6
67 6 1 6
67 6 1 41
67 6 1 72
67 6 1 1
67 6 1 1
67 6 1 63
67 6 1 70
67 6 1 49
67 6 1 2
67 6 1 51
67 6 1 80
67 6 1 29
67 6 1 4
67 6 1 49
67 6 1 82
67 6 1 5
67 6 1 10
67 6 1 34
67 6 1 84
67 6 1 10
67 6 2 10
67 6 2 61
67 6 2 80
67 6 2 78
67 6 2 1
67 6 2 65
67 6 2 76
67 6 2 73
67 6 2 10
67 6 2 49
67 6 2 69
67 6 2 64
67 6 2 2
67 6 2 40
67 6 2 78
67 6 2 37
67 6 2 8
67 6 2 59
67 6 2 70
67 6 2 73
67 6 3 5
67 6 3 48
67 6 3 82
67 6 3 4
67 6 3 4
67 6 3 40
67 6 3 76
67 6 3 20
67 6 3 3
67 6 3 50
67 6 3 67
67 6 3 69
67 6 3 9
67 6 3 45
67 6 3 70
67 6 3 49
67 6 3 4
67 6 3 37
67 6 3 84
67 6 3 23
67 6 4 6
67 6 4 55
67 6 4 67
67 6 4 71
67 6 4 7
67 6 4 62
67 6 4 72
67 6 4 75
67 6 4 9
67 6 4 60
67 6 4 73
67 6 4 46
67 6 4 10
67 6 4 45
67 6 4 78
67 6 4 9
67 6 4 3
67 6 4 43
67 6 4 75
67 6 4 35
67 6 5 9
67 6 5 33
67 6 5 73
67 6 5 12
67 6 5 7
67 6 5 46
67 6 5 73
67 6 5 49
67 6 5 1
67 6 5 63
67 6 5 81
67 6 5 80
67 6 5 2
67 6 5 48
67 6 5 78
67 6 5 37
67 6 5 4
67 6 5 34
67 6 5 80
67 6 5 52
67 6 6 1
67 6 6 37
67 6 6 69
67 6 6 47
67 6 6 1
67 6 6 44
67 6 6 82
67 6 6 10
67 6 6 6
67 6 6 48
67 6 6 84
67 6 6 19
67 6 6 3
67 6 6 45
67 6 6 75
67 6 6 21
67 6 6 3
67 6 6 58
67 6 6 77
67 6 6 32
67 6 7 6
67 6 7 38
67 6 7 81
67 6 7 8
67 6 7 7
67 6 7 33
67 6 7 81
67 6 7 11
67 6 7 2
67 6 7 59
67 6 7 78
67 6 7 50
67 6 7 2
67 6 7 42
67 6 7 73
67 6 7 25
67 6 7 4
67 6 7 37
67 6 7 76
67 6 7 75
67 6 8 6
67 6 8 50
67 6 8 67
67 6 8 5
67 6 8 5
67 6 8 58
67 6 8 82
67 6 8 61
67 6 8 4
67 6 8 41
67 6 8 71
67 6 8 21
67 6 8 9
67 6 8 58
67 6 8 81
67 6 8 15
67 6 8 5
67 6 8 56
67 6 8 83
67 6 8 59
67 6 9 8
67 6 9 60
67 6 9 68
67 6 9 26
67 6 9 1
67 6 9 58
67 6 9 69
67 6 9 67
67 6 9 6
67 6 9 36
67 6 9 78
67 6 9 10
67 6 9 2
67 6 9 59
67 6 9 72
67 6 9 53
67 6 9 2
67 6 9 40
67 6 9 75
67 6 9 13
67 6 10 4
67 6 10 61
67 6 10 77
67 6 10 14
67 6 10 9
67 6 10 67
67 6 10 81
67 6 10 8
67 6 10 3
67 6 10 39
67 6 10 73
67 6 10 69
67 6 10 4
67 6 10 48
67 6 10 72
67 6 10 9
67 6 10 2
67 6 10 66
67 6 10 69
67 6 10 58
67 6 11 8
67 6 11 34
67 6 11 78
67 6 11 61
67 6 11 3
67 6 11 45
67 6 11 74
67 6 11 56
67 6 11 9
67 6 11 49
67 6 11 84
67 6 11 32
67 6 11 9
67 6 11 47
67 6 11 82
67 6 11 47
67 6 11 6
67 6 11 36
67 6 11 76
67 6 11 57
67 6 12 4
67 6 12 46
67 6 12 77
67 6 12 23
67 6 12 10
67 6 12 55
67 6 12 72
67 6 12 65
67 6 12 4
67 6 12 42
67 6 12 77
67 6 12 46
67 6 12 2
67 6 12 64
67 6 12 83
67 6 12 5
67 6 12 1
67 6 12 54
67 6 12 82
67 6 12 34
67 6 13 7
67 6 13 44
67 6 13 71
67 6 13 15
67 6 13 10
67 6 13 48
67 6 13 69
67 6 13 20
67 6 13 7
67 6 13 41
67 6 13 67
67 6 13 48
67 6 13 5
67 6 13 35
67 6 13 80
67 6 13 20
67 6 13 9
67 6 13 48
67 6 13 79
67 6 13 65
67 6 14 9
67 6 14 39
67 6 14 71
67 6 14 30
67 6 14 7
67 6 14 37
67 6 14 77
67 6 14 68
67 6 14 3
67 6 14 58
67 6 14 76
67 6 14 28
67 6 14 3
67 6 14 45
67 6 14 83
67 6 14 33
67 6 14 6
67 6 14 36
67 6 14 83
67 6 14 16
67 7 1 2
67 7 1 65
67 7 1 79
67 7 1 83
67 7 1 2
67 7 1 54
67 7 1 69
67 7 1 44
67 7 1 3
67 7 1 36
67 7 1 69
67 7 1 41
67 7 1 4
67 7 1 43
67 7 1 84
67 7 1 29
67 7 1 6
67 7 1 45
67 7 1 81
67 7 1 31
67 7 2 7
67 7 2 46
67 7 2 71
67 7 2 81
67 7 2 8
67 7 2 40
67 7 2 75
67 7 2 54
67 7 2 6
67 7 2 50
67 7 2 78
67 7 2 32
67 7 2 10
67 7 2 60
67 7 2 68
67 7 2 21
67 7 2 7
67 7 2 53
67 7 2 83
67 7 2 80
67 7 3 6
67 7 3 67
67 7 3 76
67 7 3 46
67 7 3 8
67 7 3 43
67 7 3 71
67 7 3 45
67 7 3 5
67 7 3 37
67 7 3 73
67 7 3 55
67 7 3 3
67 7 3 64
67 7 3 67
67 7 3 76
67 7 3 8
67 7 3 48
67 7 3 80
67 7 3 9
67 7 4 5
67 7 4 55
67 7 4 70
67 7 4 38
67 7 4 6
67 7 4 48
67 7 4 79
67 7 4 36
67 7 4 6
67 7 4 53
67 7 4 80
67 7 4 71
67 7 4 1
67 7 4 63
67 7 4 76
67 7 4 1
67 7 4 3
67 7 4 34
67 7 4 81
67 7 4 14
67 7 5 3
67 7 5 49
67 7 5 68
67 7 5 65
67 7 5 9
67 7 5 52
67 7 5 83
67 7 5 64
67 7 5 8
67 7 5 55
67 7 5 74
67 7 5 2
67 7 5 10
67 7 5 58
67 7 5 68
67 7 5 74
67 7 5 4
67 7 5 45
67 7 5 68
67 7 5 25
67 7 6 2
67 7 6 35
67 7 6 80
67 7 6 13
67 7 6 8
67 7 6 55
67 7 6 80
67 7 6 36
67 7 6 10
67 7 6 47
67 7 6 75
67 7 6 70
67 7 6 2
67 7 6 48
67 7 6 68
67 7 6 52
67 7 6 3
67 7 6 40
67 7 6 74
67 7 6 57
67 7 7 2
67 7 7 66
67 7 7 69
67 7 7 33
67 7 7 2
67 7 7 60
67 7 7 79
67 7 7 24
67 7 7 4
67 7 7 51
67 7 7 83
67 7 7 69
67 7 7 3
67 7 7 57
67 7 7 84
67 7 7 62
67 7 7 1
67 7 7 52
67 7 7 67
67 7 7 10
67 7 8 8
67 7 8 54
67 7 8 83
67 7 8 5
67 7 8 5
67 7 8 44
67 7 8 72
67 7 8 21
67 7 8 3
67 7 8 60
67 7 8 68
67 7 8 50
67 7 8 1
67 7 8 45
67 7 8 72
67 7 8 47
67 7 8 1
67 7 8 44
67 7 8 77
67 7 8 6
67 7 9 9
67 7 9 36
67 7 9 68
67 7 9 79
67 7 9 3
67 7 9 40
67 7 9 71
67 7 9 17
67 7 9 8
67 7 9 41
67 7 9 74
67 7 9 35
67 7 9 3
67 7 9 41
67 7 9 84
67 7 9 21
67 7 9 5
67 7 9 49
67 7 9 69
67 7 9 4
67 7 10 7
67 7 10 61
67 7 10 78
67 7 10 38
67 7 10 5
67 7 10 41
67 7 10 71
67 7 10 64
67 7 10 4
67 7 10 39
67 7 10 67
67 7 10 7
67 7 10 7
67 7 10 53
67 7 10 76
67 7 10 54
67 7 10 10
67 7 10 50
67 7 10 78
67 7 10 41
67 7 11 10
67 7 11 55
67 7 11 75
67 7 11 37
67 7 11 10
67 7 11 62
67 7 11 83
67 7 11 31
67 7 11 4
67 7 11 63
67 7 11 69
67 7 11 39
67 7 11 6
67 7 11 59
67 7 11 81
67 7 11 72
67 7 11 5
67 7 11 34
67 7 11 72
67 7 11 10
67 7 12 7
67 7 12 33
67 7 12 68
67 7 12 31
67 7 12 7
67 7 12 35
67 7 12 76
67 7 12 27
67 7 12 2
67 7 12 58
67 7 12 80
67 7 12 45
67 7 12 8
67 7 12 52
67 7 12 79
67 7 12 38
67 7 12 7
67 7 12 62
67 7 12 74
67 7 12 26
67 7 13 5
67 7 13 66
67 7 13 71
67 7 13 33
67 7 13 7
67 7 13 51
67 7 13 71
67 7 13 26
67 7 13 1
67 7 13 67
67 7 13 67
67 7 13 31
67 7 13 10
67 7 13 35
67 7 13 74
67 7 13 84
67 7 13 8
67 7 13 57
67 7 13 75
67 7 13 68
67 7 14 10
67 7 14 52
67 7 14 68
67 7 14 49
67 7 14 7
67 7 14 44
67 7 14 67
67 7 14 57
67 7 14 6
67 7 14 54
67 7 14 67
67 7 14 30
67 7 14 8
67 7 14 64
67 7 14 74
67 7 14 22
67 7 14 10
67 7 14 55
67 7 14 70
67 7 14 55
67 8 1 5
67 8 1 65
67 8 1 77
67 8 1 40
67 8 1 6
67 8 1 37
67 8 1 83
67 8 1 14
67 8 1 6
67 8 1 39
67 8 1 71
67 8 1 33
67 8 1 8
67 8 1 35
67 8 1 81
67 8 1 71
67 8 1 6
67 8 1 67
67 8 1 68
67 8 1 20
67 8 2 3
67 8 2 36
67 8 2 73
67 8 2 76
67 8 2 5
67 8 2 67
67 8 2 83
67 8 2 9
67 8 2 6
67 8 2 48
67 8 2 74
67 8 2 69
67 8 2 8
67 8 2 66
67 8 2 77
67 8 2 73
67 8 2 6
67 8 2 41
67 8 2 72
67 8 2 33
67 8 3 7
67 8 3 52
67 8 3 83
67 8 3 17
67 8 3 7
67 8 3 64
67 8 3 74
67 8 3 37
67 8 3 8
67 8 3 57
67 8 3 81
67 8 3 12
67 8 3 6
67 8 3 45
67 8 3 67
67 8 3 52
67 8 3 7
67 8 3 55
67 8 3 71
67 8 3 5
67 8 4 3
67 8 4 43
67 8 4 72
67 8 4 62
67 8 4 1
67 8 4 40
67 8 4 74
67 8 4 75
67 8 4 6
67 8 4 59
67 8 4 77
67 8 4 8
67 8 4 6
67 8 4 58
67 8 4 81
67 8 4 47
67 8 4 4
67 8 4 40
67 8 4 68
67 8 4 36
67 8 5 6
67 8 5 42
67 8 5 69
67 8 5 10
67 8 5 8
67 8 5 61
67 8 5 77
67 8 5 50
67 8 5 4
67 8 5 52
67 8 5 67
67 8 5 7
67 8 5 4
67 8 5 60
67 8 5 79
67 8 5 49
67 8 5 7
67 8 5 64
67 8 5 76
67 8 5 35
67 8 6 9
67 8 6 36
67 8 6 83
67 8 6 34
67 8 6 5
67 8 6 34
67 8 6 73
67 8 6 77
67 8 6 6
67 8 6 50
67 8 6 82
67 8 6 20
67 8 6 8
67 8 6 50
67 8 6 69
67 8 6 47
67 8 6 7
67 8 6 61
67 8 6 73
67 8 6 84
67 8 7 4
67 8 7 46
67 8 7 79
67 8 7 40
67 8 7 3
67 8 7 60
67 8 7 77
67 8 7 27
67 8 7 5
67 8 7 57
67 8 7 69
67 8 7 14
67 8 7 2
67 8 7 67
67 8 7 80
67 8 7 61
67 8 7 8
67 8 7 65
67 8 7 74
67 8 7 7
67 8 8 4
67 8 8 53
67 8 8 68
67 8 8 46
67 8 8 2
67 8 8 56
67 8 8 67
67 8 8 60
67 8 8 7
67 8 8 41
67 8 8 83
67 8 8 46
67 8 8 10
67 8 8 47
67 8 8 75
67 8 8 26
67 8 8 8
67 8 8 36
67 8 8 79
67 8 8 15
67 8 9 9
67 8 9 50
67 8 9 75
67 8 9 83
67 8 9 9
67 8 9 53
67 8 9 73
67 8 9 55
67 8 9 7
67 8 9 54
67 8 9 80
67 8 9 31
67 8 9 10
67 8 9 62
67 8 9 75
67 8 9 3
67 8 9 4
67 8 9 54
67 8 9 73
67 8 9 66
67 8 10 2
67 8 10 66
67 8 10 77
67 8 10 47
67 8 10 4
67 8 10 63
67 8 10 67
67 8 10 44
67 8 10 6
67 8 10 51
67 8 10 68
67 8 10 59
67 8 10 9
67 8 10 40
67 8 10 84
67 8 10 74
67 8 10 9
67 8 10 44
67 8 10 68
67 8 10 40
67 8 11 9
67 8 11 65
67 8 11 72
67 8 11 75
67 8 11 1
67 8 11 40
67 8 11 82
67 8 11 16
67 8 11 10
67 8 11 62
67 8 11 75
67 8 11 83
67 8 11 3
67 8 11 64
67 8 11 75
67 8 11 16
67 8 11 8
67 8 11 65
67 8 11 78
67 8 11 61
67 8 12 6
67 8 12 37
67 8 12 80
67 8 12 24
67 8 12 3
67 8 12 51
67 8 12 83
67 8 12 7
67 8 12 5
67 8 12 35
67 8 12 83
67 8 12 63
67 8 12 5
67 8 12 66
67 8 12 81
67 8 12 79
67 8 12 8
67 8 12 33
67 8 12 78
67 8 12 71
67 8 13 9
67 8 13 61
67 8 13 70
67 8 13 5
67 8 13 6
67 8 13 65
67 8 13 77
67 8 13 27
67 8 13 8
67 8 13 49
67 8 13 75
67 8 13 20
67 8 13 5
67 8 13 39
67 8 13 71
67 8 13 30
67 8 13 7
67 8 13 54
67 8 13 80
67 8 13 73
67 8 14 9
67 8 14 60
67 8 14 79
67 8 14 37
67 8 14 4
67 8 14 66
67 8 14 76
67 8 14 57
67 8 14 9
67 8 14 52
67 8 14 72
67 8 14 51
67 8 14 2
67 8 14 48
67 8 14 76
67 8 14 11
67 8 14 9
67 8 14 63
67 8 14 71
67 8 14 30
67 9 1 6
67 9 1 51
67 9 1 70
67 9 1 49
67 9 1 7
67 9 1 61
67 9 1 79
67 9 1 7
67 9 1 5
67 9 1 53
67 9 1 82
67 9 1 33
67 9 1 4
67 9 1 60
67 9 1 80
67 9 1 47
67 9 1 1
67 9 1 49
67 9 1 74
67 9 1 21
67 9 2 6
67 9 2 33
67 9 2 76
67 9 2 40
67 9 2 5
67 9 2 51
67 9 2 67
67 9 2 66
67 9 2 8
67 9 2 59
67 9 2 67
67 9 2 8
67 9 2 10
67 9 2 53
67 9 2 78
67 9 2 62
67 9 2 10
67 9 2 37
67 9 2 75
67 9 2 11
67 9 3 10
67 9 3 47
67 9 3 73
67 9 3 23
67 9 3 2
67 9 3 44
67 9 3 71
67 9 3 41
67 9 3 1
67 9 3 36
67 9 3 83
67 9 3 4
67 9 3 2
67 9 3 51
67 9 3 79
67 9 3 2
67 9 3 1
67 9 3 58
67 9 3 84
67 9 3 45
67 9 4 10
67 9 4 53
67 9 4 68
67 9 4 9
67 9 4 5
67 9 4 48
67 9 4 68
67 9 4 38
67 9 4 8
67 9 4 46
67 9 4 83
67 9 4 27
67 9 4 10
67 9 4 56
67 9 4 69
67 9 4 56
67 9 4 4
67 9 4 60
67 9 4 77
67 9 4 34
67 9 5 3
67 9 5 53
67 9 5 75
67 9 5 25
67 9 5 5
67 9 5 46
67 9 5 79
67 9 5 34
67 9 5 10
67 9 5 67
67 9 5 75
67 9 5 14
67 9 5 8
67 9 5 50
67 9 5 75
67 9 5 52
67 9 5 9
67 9 5 67
67 9 5 74
67 9 5 69
67 9 6 1
67 9 6 47
67 9 6 76
67 9 6 8
67 9 6 6
67 9 6 56
67 9 6 74
67 9 6 9
67 9 6 1
67 9 6 48
67 9 6 75
67 9 6 62
67 9 6 2
67 9 6 42
67 9 6 68
67 9 6 10
67 9 6 9
67 9 6 43
67 9 6 76
67 9 6 78
67 9 7 4
67 9 7 49
67 9 7 77
67 9 7 72
67 9 7 3
67 9 7 67
67 9 7 68
67 9 7 44
67 9 7 9
67 9 7 47
67 9 7 72
67 9 7 66
67 9 7 9
67 9 7 48
67 9 7 80
67 9 7 20
67 9 7 4
67 9 7 46
67 9 7 79
67 9 7 63
67 9 8 5
67 9 8 33
67 9 8 72
67 9 8 46
67 9 8 6
67 9 8 48
67 9 8 76
67 9 8 3
67 9 8 9
67 9 8 53
67 9 8 69
67 9 8 18
67 9 8 4
67 9 8 67
67 9 8 74
67 9 8 53
67 9 8 9
67 9 8 46
67 9 8 78
67 9 8 7
67 9 9 7
67 9 9 50
67 9 9 70
67 9 9 32
67 9 9 1
67 9 9 65
67 9 9 83
67 9 9 44
67 9 9 9
67 9 9 33
67 9 9 79
67 9 9 84
67 9 9 8
67 9 9 63
67 9 9 82
67 9 9 68
67 9 9 3
67 9 9 67
67 9 9 69
67 9 9 69
67 9 10 6
67 9 10 57
67 9 10 75
67 9 10 8
67 9 10 7
67 9 10 61
67 9 10 73
67 9 10 73
67 9 10 1
67 9 10 42
67 9 10 67
67 9 10 64
67 9 10 6
67 9 10 64
67 9 10 72
67 9 10 44
67 9 10 1
67 9 10 56
67 9 10 75
67 9 10 13
67 9 11 2
67 9 11 48
67 9 11 75
67 9 11 23
67 9 11 4
67 9 11 43
67 9 11 75
67 9 11 28
67 9 11 4
67 9 11 56
67 9 11 78
67 9 11 34
67 9 11 6
67 9 11 55
67 9 11 72
67 9 11 62
67 9 11 2
67 9 11 59
67 9 11 82
67 9 11 53
67 9 12 6
67 9 12 64
67 9 12 70
67 9 12 3
67 9 12 1
67 9 12 53
67 9 12 81
67 9 12 80
67 9 12 1
67 9 12 40
67 9 12 69
67 9 12 81
67 9 12 2
67 9 12 44
67 9 12 69
67 9 12 73
67 9 12 3
67 9 12 40
67 9 12 68
67 9 12 66
67 9 13 2
67 9 13 58
67 9 13 74
67 9 13 74
67 9 13 8
67 9 13 42
67 9 13 84
67 9 13 7
67 9 13 2
67 9 13 52
67 9 13 78
67 9 13 26
67 9 13 3
67 9 13 38
67 9 13 80
67 9 13 73
67 9 13 6
67 9 13 60
67 9 13 81
67 9 13 50
67 9 14 3
67 9 14 46
67 9 14 70
67 9 14 68
67 9 14 4
67 9 14 50
67 9 14 69
67 9 14 78
67 9 14 10
67 9 14 65
67 9 14 78
67 9 14 71
67 9 14 9
67 9 14 48
67 9 14 81
67 9 14 77
67 9 14 3
67 9 14 56
67 9 14 76
67 9 14 20
67 10 1 3
67 10 1 61
67 10 1 73
67 10 1 30
67 10 1 9
67 10 1 53
67 10 1 73
67 10 1 22
67 10 1 10
67 10 1 43
67 10 1 73
67 10 1 21
67 10 1 3
67 10 1 44
67 10 1 83
67 10 1 69
67 10 1 1
67 10 1 63
67 10 1 76
67 10 1 4
67 10 2 6
67 10 2 34
67 10 2 75
67 10 2 40
67 10 2 1
67 10 2 38
67 10 2 79
67 10 2 22
67 10 2 10
67 10 2 37
67 10 2 84
67 10 2 52
67 10 2 8
67 10 2 57
67 10 2 70
67 10 2 44
67 10 2 3
67 10 2 58
67 10 2 74
67 10 2 63
67 10 3 2
67 10 3 64
67 10 3 67
67 10 3 15
67 10 3 6
67 10 3 39
67 10 3 80
67 10 3 76
67 10 3 5
67 10 3 66
67 10 3 76
67 10 3 28
67 10 3 9
67 10 3 46
67 10 3 72
67 10 3 80
67 10 3 10
67 10 3 33
67 10 3 67
67 10 3 50
67 10 4 8
67 10 4 52
67 10 4 73
67 10 4 22
67 10 4 10
67 10 4 61
67 10 4 74
67 10 4 58
67 10 4 1
67 10 4 42
67 10 4 67
67 10 4 3
67 10 4 4
67 10 4 35
67 10 4 77
67 10 4 38
67 10 4 3
67 10 4 42
67 10 4 70
67 10 4 66
67 10 5 6
67 10 5 63
67 10 5 67
67 10 5 61
67 10 5 6
67 10 5 56
67 10 5 81
67 10 5 52
67 10 5 10
67 10 5 51
67 10 5 81
67 10 5 9
67 10 5 3
67 10 5 50
67 10 5 78
67 10 5 77
67 10 5 4
67 10 5 44
67 10 5 82
67 10 5 50
67 10 6 5
67 10 6 44
67 10 6 76
67 10 6 5
67 10 6 7
67 10 6 33
67 10 6 73
67 10 6 41
67 10 6 4
67 10 6 48
67 10 6 82
67 10 6 20
67 10 6 1
67 10 6 48
67 10 6 69
67 10 6 47
67 10 6 9
67 10 6 36
67 10 6 76
67 10 6 43
67 10 7 10
67 10 7 44
67 10 7 67
67 10 7 66
67 10 7 4
67 10 7 62
67 10 7 71
67 10 7 14
67 10 7 3
67 10 7 45
67 10 7 71
67 10 7 19
67 10 7 9
67 10 7 60
67 10 7 78
67 10 7 72
67 10 7 10
67 10 7 43
67 10 7 77
67 10 7 79
67 10 8 6
67 10 8 57
67 10 8 69
67 10 8 27
67 10 8 7
67 10 8 36
67 10 8 73
67 10 8 61
67 10 8 4
67 10 8 65
67 10 8 73
67 10 8 24
67 10 8 7
67 10 8 52
67 10 8 73
67 10 8 36
67 10 8 3
67 10 8 52
67 10 8 69
67 10 8 67
67 10 9 5
67 10 9 64
67 10 9 76
67 10 9 8
67 10 9 3
67 10 9 41
67 10 9 71
67 10 9 28
67 10 9 3
67 10 9 46
67 10 9 75
67 10 9 26
67 10 9 4
67 10 9 45
67 10 9 69
67 10 9 2
67 10 9 9
67 10 9 36
67 10 9 73
67 10 9 46
67 10 10 9
67 10 10 42
67 10 10 70
67 10 10 53
67 10 10 9
67 10 10 56
67 10 10 83
67 10 10 2
67 10 10 3
67 10 10 58
67 10 10 69
67 10 10 59
67 10 10 9
67 10 10 48
67 10 10 71
67 10 10 74
67 10 10 4
67 10 10 63
67 10 10 79
67 10 10 74
67 10 11 1
67 10 11 49
67 10 11 68
67 10 11 49
67 10 11 6
67 10 11 40
67 10 11 80
67 10 11 12
67 10 11 3
67 10 11 53
67 10 11 83
67 10 11 36
67 10 11 1
67 10 11 44
67 10 11 81
67 10 11 9
67 10 11 2
67 10 11 57
67 10 11 73
67 10 11 24
67 10 12 3
67 10 12 40
67 10 12 77
67 10 12 53
67 10 12 3
67 10 12 34
67 10 12 71
67 10 12 67
67 10 12 10
67 10 12 38
67 10 12 80
67 10 12 81
67 10 12 1
67 10 12 46
67 10 12 72
67 10 12 46
67 10 12 10
67 10 12 50
67 10 12 83
67 10 12 50
67 10 13 1
67 10 13 66
67 10 13 71
67 10 13 50
67 10 13 6
67 10 13 33
67 10 13 67
67 10 13 31
67 10 13 1
67 10 13 62
67 10 13 77
67 10 13 70
67 10 13 3
67 10 13 47
67 10 13 69
67 10 13 84
67 10 13 1
67 10 13 34
67 10 13 77
67 10 13 3
67 10 14 3
67 10 14 38
67 10 14 74
67 10 14 7
67 10 14 1
67 10 14 56
67 10 14 84
67 10 14 79
67 10 14 10
67 10 14 42
67 10 14 82
67 10 14 71
67 10 14 10
67 10 14 53
67 10 14 75
67 10 14 38
67 10 14 5
67 10 14 57
67 10 14 67
67 10 14 47
67 11 1 3
67 11 1 59
67 11 1 67
67 11 1 50
67 11 1 7
67 11 1 65
67 11 1 79
67 11 1 75
67 11 1 9
67 11 1 34
67 11 1 78
67 11 1 76
67 11 1 10
67 11 1 35
67 11 1 76
67 11 1 75
67 11 1 5
67 11 1 45
67 11 1 72
67 11 1 52
67 11 2 10
67 11 2 67
67 11 2 82
67 11 2 47
67 11 2 10
67 11 2 67
67 11 2 81
67 11 2 55
67 11 2 3
67 11 2 61
67 11 2 84
67 11 2 29
67 11 2 6
67 11 2 41
67 11 2 80
67 11 2 24
67 11 2 5
67 11 2 66
67 11 2 81
67 11 2 46
67 11 3 9
67 11 3 51
67 11 3 84
67 11 3 13
67 11 3 3
67 11 3 49
67 11 3 77
67 11 3 83
67 11 3 7
67 11 3 33
67 11 3 77
67 11 3 5
67 11 3 5
67 11 3 65
67 11 3 84
67 11 3 58
67 11 3 8
67 11 3 48
67 11 3 69
67 11 3 55
67 11 4 7
67 11 4 43
67 11 4 70
67 11 4 9
67 11 4 10
67 11 4 42
67 11 4 78
67 11 4 54
67 11 4 1
67 11 4 59
67 11 4 81
67 11 4 72
67 11 4 10
67 11 4 59
67 11 4 82
67 11 4 37
67 11 4 6
67 11 4 36
67 11 4 77
67 11 4 37
67 11 5 3
67 11 5 47
67 11 5 84
67 11 5 60
67 11 5 10
67 11 5 57
67 11 5 82
67 11 5 35
67 11 5 4
67 11 5 36
67 11 5 69
67 11 5 45
67 11 5 6
67 11 5 39
67 11 5 73
67 11 5 50
67 11 5 10
67 11 5 64
67 11 5 68
67 11 5 21
67 11 6 8
67 11 6 59
67 11 6 67
67 11 6 49
67 11 6 2
67 11 6 38
67 11 6 76
67 11 6 64
67 11 6 6
67 11 6 48
67 11 6 81
67 11 6 53
67 11 6 6
67 11 6 52
67 11 6 74
67 11 6 35
67 11 6 5
67 11 6 41
67 11 6 68
67 11 6 39
67 11 7 8
67 11 7 57
67 11 7 68
67 11 7 55
67 11 7 10
67 11 7 41
67 11 7 79
67 11 7 34
67 11 7 4
67 11 7 66
67 11 7 79
67 11 7 64
67 11 7 4
67 11 7 41
67 11 7 74
67 11 7 10
67 11 7 9
67 11 7 46
67 11 7 76
67 11 7 50
67 11 8 1
67 11 8 59
67 11 8 74
67 11 8 25
67 11 8 10
67 11 8 64
67 11 8 71
67 11 8 10
67 11 8 7
67 11 8 33
67 11 8 70
67 11 8 22
67 11 8 4
67 11 8 40
67 11 8 75
67 11 8 60
67 11 8 7
67 11 8 45
67 11 8 80
67 11 8 20
67 11 9 7
67 11 9 41
67 11 9 78
67 11 9 33
67 11 9 8
67 11 9 53
67 11 9 81
67 11 9 59
67 11 9 1
67 11 9 54
67 11 9 82
67 11 9 34
67 11 9 2
67 11 9 64
67 11 9 83
67 11 9 54
67 11 9 7
67 11 9 41
67 11 9 81
67 11 9 54
67 11 10 6
67 11 10 67
67 11 10 81
67 11 10 15
67 11 10 3
67 11 10 39
67 11 10 74
67 11 10 18
67 11 10 6
67 11 10 57
67 11 10 75
67 11 10 6
67 11 10 9
67 11 10 38
67 11 10 80
67 11 10 27
67 11 10 2
67 11 10 60
67 11 10 76
67 11 10 67
67 11 11 4
67 11 11 65
67 11 11 69
67 11 11 61
67 11 11 5
67 11 11 42
67 11 11 72
67 11 11 39
67 11 11 10
67 11 11 39
67 11 11 67
67 11 11 63
67 11 11 4
67 11 11 60
67 11 11 82
67 11 11 31
67 11 11 1
67 11 11 52
67 11 11 83
67 11 11 67
67 11 12 4
67 11 12 44
67 11 12 68
67 11 12 16
67 11 12 4
67 11 12 66
67 11 12 67
67 11 12 75
67 11 12 4
67 11 12 61
67 11 12 69
67 11 12 60
67 11 12 8
67 11 12 41
67 11 12 76
67 11 12 65
67 11 12 2
67 11 12 56
67 11 12 81
67 11 12 7
67 11 13 1
67 11 13 64
67 11 13 75
67 11 13 81
67 11 13 3
67 11 13 53
67 11 13 82
67 11 13 37
67 11 13 10
67 11 13 52
67 11 13 74
67 11 13 66
67 11 13 9
67 11 13 63
67 11 13 73
67 11 13 79
67 11 13 8
67 11 13 65
67 11 13 72
67 11 13 70
67 11 14 9
67 11 14 37
67 11 14 81
67 11 14 47
67 11 14 5
67 11 14 60
67 11 14 80
67 11 14 44
67 11 14 1
67 11 14 63
67 11 14 78
67 11 14 19
67 11 14 2
67 11 14 38
67 11 14 83
67 11 14 70
67 11 14 3
67 11 14 60
67 11 14 84
67 11 14 20
67 12 1 8
67 12 1 59
67 12 1 77
67 12 1 79
67 12 1 8
67 12 1 60
67 12 1 72
67 12 1 71
67 12 1 2
67 12 1 54
67 12 1 70
67 12 1 44
67 12 1 6
67 12 1 42
67 12 1 83
67 12 1 51
67 12 1 1
67 12 1 42
67 12 1 70
67 12 1 24
67 12 2 5
67 12 2 49
67 12 2 68
67 12 2 41
67 12 2 4
67 12 2 42
67 12 2 84
67 12 2 35
67 12 2 6
67 12 2 34
67 12 2 79
67 12 2 84
67 12 2 9
67 12 2 62
67 12 2 71
67 12 2 26
67 12 2 4
67 12 2 36
67 12 2 84
67 12 2 43
67 12 3 9
67 12 3 65
67 12 3 83
67 12 3 65
67 12 3 7
67 12 3 42
67 12 3 69
67 12 3 40
67 12 3 9
67 12 3 46
67 12 3 79
67 12 3 25
67 12 3 9
67 12 3 53
67 12 3 77
67 12 3 70
67 12 3 10
67 12 3 65
67 12 3 69
67 12 3 25
67 12 4 3
67 12 4 37
67 12 4 71
67 12 4 26
67 12 4 4
67 12 4 66
67 12 4 74
67 12 4 28
67 12 4 10
67 12 4 62
67 12 4 76
67 12 4 23
67 12 4 10
67 12 4 66
67 12 4 77
67 12 4 24
67 12 4 9
67 12 4 45
67 12 4 78
67 12 4 70
67 12 5 1
67 12 5 47
67 12 5 79
67 12 5 30
67 12 5 2
67 12 5 47
67 12 5 75
67 12 5 76
67 12 5 4
67 12 5 51
67 12 5 71
67 12 5 56
67 12 5 4
67 12 5 40
67 12 5 75
67 12 5 1
67 12 5 10
67 12 5 57
67 12 5 76
67 12 5 53
67 12 6 6
67 12 6 58
67 12 6 80
67 12 6 61
67 12 6 3
67 12 6 40
67 12 6 83
67 12 6 34
67 12 6 7
67 12 6 43
67 12 6 84
67 12 6 10
67 12 6 9
67 12 6 46
67 12 6 75
67 12 6 30
67 12 6 8
67 12 6 54
67 12 6 79
67 12 6 20
67 12 7 5
67 12 7 45
67 12 7 76
67 12 7 72
67 12 7 9
67 12 7 37
67 12 7 79
67 12 7 4
67 12 7 2
67 12 7 43
67 12 7 77
67 12 7 84
67 12 7 6
67 12 7 44
67 12 7 80
67 12 7 50
67 12 7 5
67 12 7 53
67 12 7 68
67 12 7 57
67 12 8 3
67 12 8 36
67 12 8 83
67 12 8 81
67 12 8 8
67 12 8 49
67 12 8 74
67 12 8 53
67 12 8 8
67 12 8 57
67 12 8 78
67 12 8 27
67 12 8 2
67 12 8 53
67 12 8 82
67 12 8 21
67 12 8 7
67 12 8 43
67 12 8 71
67 12 8 31
67 12 9 3
67 12 9 49
67 12 9 77
67 12 9 16
67 12 9 1
67 12 9 46
67 12 9 79
67 12 9 39
67 12 9 8
67 12 9 41
67 12 9 75
67 12 9 35
67 12 9 8
67 12 9 66
67 12 9 71
67 12 9 40
67 12 9 3
67 12 9 57
67 12 9 77
67 12 9 7
67 12 10 6
67 12 10 55
67 12 10 79
67 12 10 28
67 12 10 7
67 12 10 62
67 12 10 84
67 12 10 82
67 12 10 1
67 12 10 48
67 12 10 73
67 12 10 70
67 12 10 3
67 12 10 41
67 12 10 79
67 12 10 56
67 12 10 7
67 12 10 43
67 12 10 73
67 12 10 39
67 12 11 4
67 12 11 46
67 12 11 79
67 12 11 30
67 12 11 10
67 12 11 65
67 12 11 74
67 12 11 78
67 12 11 5
67 12 11 60
67 12 11 75
67 12 11 22
67 12 11 8
67 12 11 43
67 12 11 71
67 12 11 64
67 12 11 9
67 12 11 45
67 12 11 74
67 12 11 62
67 12 12 5
67 12 12 63
67 12 12 75
67 12 12 63
67 12 12 4
67 12 12 62
67 12 12 82
67 12 12 72
67 12 12 5
67 12 12 37
67 12 12 68
67 12 12 26
67 12 12 8
67 12 12 52
67 12 12 82
67 12 12 43
67 12 12 6
67 12 12 65
67 12 12 79
67 12 12 51
67 12 13 6
67 12 13 36
67 12 13 72
67 12 13 24
67 12 13 7
67 12 13 52
67 12 13 78
67 12 13 78
67 12 13 5
67 12 13 51
67 12 13 77
67 12 13 77
67 12 13 1
67 12 13 67
67 12 13 75
67 12 13 77
67 12 13 5
67 12 13 36
67 12 13 84
67 12 13 60
67 12 14 8
67 12 14 43
67 12 14 69
67 12 14 3
67 12 14 3
67 12 14 51
67 12 14 83
67 12 14 66
67 12 14 1
67 12 14 47
67 12 14 70
67 12 14 74
67 12 14 1
67 12 14 45
67 12 14 75
67 12 14 81
67 12 14 6
67 12 14 52
67 12 14 71
67 12 14 42
67 13 1 9
67 13 1 33
67 13 1 79
67 13 1 2
67 13 1 4
67 13 1 41
67 13 1 77
67 13 1 29
67 13 1 3
67 13 1 46
67 13 1 67
67 13 1 46
67 13 1 3
67 13 1 43
67 13 1 68
67 13 1 17
67 13 1 7
67 13 1 63
67 13 1 68
67 13 1 8
67 13 2 6
67 13 2 41
67 13 2 70
67 13 2 7
67 13 2 3
67 13 2 61
67 13 2 75
67 13 2 59
67 13 2 1
67 13 2 59
67 13 2 69
67 13 2 14
67 13 2 7
67 13 2 43
67 13 2 79
67 13 2 53
67 13 2 9
67 13 2 62
67 13 2 83
67 13 2 16
67 13 3 4
67 13 3 47
67 13 3 79
67 13 3 73
67 13 3 8
67 13 3 48
67 13 3 83
67 13 3 38
67 13 3 10
67 13 3 51
67 13 3 75
67 13 3 54
67 13 3 5
67 13 3 49
67 13 3 82
67 13 3 5
67 13 3 7
67 13 3 50
67 13 3 77
67 13 3 51
67 13 4 4
67 13 4 37
67 13 4 79
67 13 4 34
67 13 4 1
67 13 4 65
67 13 4 79
67 13 4 6
67 13 4 2
67 13 4 67
67 13 4 83
67 13 4 77
67 13 4 9
67 13 4 35
67 13 4 69
67 13 4 1
67 13 4 8
67 13 4 33
67 13 4 84
67 13 4 39
67 13 5 3
67 13 5 34
67 13 5 69
67 13 5 39
67 13 5 9
67 13 5 34
67 13 5 84
67 13 5 53
67 13 5 5
67 13 5 54
67 13 5 68
67 13 5 9
67 13 5 8
67 13 5 54
67 13 5 77
67 13 5 44
67 13 5 5
67 13 5 61
67 13 5 76
67 13 5 28
67 13 6 7
67 13 6 41
67 13 6 75
67 13 6 57
67 13 6 6
67 13 6 57
67 13 6 82
67 13 6 13
67 13 6 9
67 13 6 36
67 13 6 84
67 13 6 39
67 13 6 4
67 13 6 36
67 13 6 76
67 13 6 33
67 13 6 9
67 13 6 47
67 13 6 72
67 13 6 73
67 13 7 1
67 13 7 56
67 13 7 67
67 13 7 62
67 13 7 7
67 13 7 34
67 13 7 80
67 13 7 2
67 13 7 7
67 13 7 66
67 13 7 79
67 13 7 47
67 13 7 8
67 13 7 67
67 13 7 83
67 13 7 54
67 13 7 3
67 13 7 56
67 13 7 69
67 13 7 51
67 13 8 4
67 13 8 52
67 13 8 69
67 13 8 18
67 13 8 4
67 13 8 35
67 13 8 80
67 13 8 43
67 13 8 3
67 13 8 61
67 13 8 78
67 13 8 51
67 13 8 6
67 13 8 65
67 13 8 77
67 13 8 4
67 13 8 2
67 13 8 50
67 13 8 72
67 13 8 72
67 13 9 10
67 13 9 47
67 13 9 81
67 13 9 32
67 13 9 1
67 13 9 60
67 13 9 68
67 13 9 53
67 13 9 4
67 13 9 49
67 13 9 77
67 13 9 79
67 13 9 8
67 13 9 36
67 13 9 84
67 13 9 4
67 13 9 2
67 13 9 36
67 13 9 69
67 13 9 82
67 13 10 2
67 13 10 54
67 13 10 73
67 13 10 46
67 13 10 8
67 13 10 52
67 13 10 82
67 13 10 71
67 13 10 8
67 13 10 54
67 13 10 80
67 13 10 13
67 13 10 3
67 13 10 42
67 13 10 68
67 13 10 70
67 13 10 9
67 13 10 45
67 13 10 72
67 13 10 25
67 13 11 3
67 13 11 45
67 13 11 78
67 13 11 1
67 13 11 2
67 13 11 47
67 13 11 80
67 13 11 64
67 13 11 2
67 13 11 57
67 13 11 82
67 13 11 11
67 13 11 9
67 13 11 56
67 13 11 74
67 13 11 13
67 13 11 3
67 13 11 52
67 13 11 71
67 13 11 69
67 13 12 8
67 13 12 49
67 13 12 70
67 13 12 32
67 13 12 6
67 13 12 58
67 13 12 81
67 13 12 74
67 13 12 9
67 13 12 54
67 13 12 67
67 13 12 30
67 13 12 2
67 13 12 42
67 13 12 83
67 13 12 21
67 13 12 7
67 13 12 42
67 13 12 79
67 13 12 54
67 13 13 3
67 13 13 60
67 13 13 78
67 13 13 32
67 13 13 5
67 13 13 65
67 13 13 80
67 13 13 15
67 13 13 6
67 13 13 66
67 13 13 82
67 13 13 56
67 13 13 3
67 13 13 62
67 13 13 78
67 13 13 12
67 13 13 3
67 13 13 59
67 13 13 75
67 13 13 57
67 13 14 10
67 13 14 35
67 13 14 80
67 13 14 45
67 13 14 1
67 13 14 44
67 13 14 67
67 13 14 53
67 13 14 9
67 13 14 34
67 13 14 75
67 13 14 30
67 13 14 7
67 13 14 50
67 13 14 81
67 13 14 53
67 13 14 3
67 13 14 56
67 13 14 81
67 13 14 36
67 14 1 3
67 14 1 65
67 14 1 76
67 14 1 3
67 14 1 2
67 14 1 41
67 14 1 81
67 14 1 40
67 14 1 7
67 14 1 55
67 14 1 80
67 14 1 65
67 14 1 9
67 14 1 36
67 14 1 80
67 14 1 18
67 14 1 8
67 14 1 58
67 14 1 70
67 14 1 73
67 14 2 3
67 14 2 54
67 14 2 84
67 14 2 84
67 14 2 5
67 14 2 43
67 14 2 67
67 14 2 38
67 14 2 7
67 14 2 33
67 14 2 78
67 14 2 41
67 14 2 4
67 14 2 61
67 14 2 70
67 14 2 70
67 14 2 7
67 14 2 39
67 14 2 80
67 14 2 50
67 14 3 9
67 14 3 48
67 14 3 84
67 14 3 39
67 14 3 10
67 14 3 39
67 14 3 70
67 14 3 19
67 14 3 4
67 14 3 62
67 14 3 70
67 14 3 27
67 14 3 5
67 14 3 62
67 14 3 72
67 14 3 59
67 14 3 8
67 14 3 67
67 14 3 73
67 14 3 27
67 14 4 1
67 14 4 33
67 14 4 80
67 14 4 48
67 14 4 10
67 14 4 45
67 14 4 67
67 14 4 49
67 14 4 3
67 14 4 53
67 14 4 81
67 14 4 66
67 14 4 6
67 14 4 41
67 14 4 73
67 14 4 8
67 14 4 4
67 14 4 49
67 14 4 82
67 14 4 32
67 14 5 8
67 14 5 58
67 14 5 82
67 14 5 49
67 14 5 6
67 14 5 56
67 14 5 84
67 14 5 9
67 14 5 1
67 14 5 36
67 14 5 71
67 14 5 37
67 14 5 5
67 14 5 67
67 14 5 67
67 14 5 80
67 14 5 10
67 14 5 56
67 14 5 72
67 14 5 81
67 14 6 6
67 14 6 49
67 14 6 79
67 14 6 4
67 14 6 10
67 14 6 50
67 14 6 84
67 14 6 73
67 14 6 5
67 14 6 45
67 14 6 77
67 14 6 46
67 14 6 7
67 14 6 58
67 14 6 82
67 14 6 25
67 14 6 10
67 14 6 36
67 14 6 67
67 14 6 34
67 14 7 3
67 14 7 65
67 14 7 75
67 14 7 25
67 14 7 1
67 14 7 64
67 14 7 80
67 14 7 32
67 14 7 10
67 14 7 51
67 14 7 84
67 14 7 30
67 14 7 8
67 14 7 33
67 14 7 69
67 14 7 20
67 14 7 9
67 14 7 42
67 14 7 84
67 14 7 22
67 14 8 3
67 14 8 39
67 14 8 73
67 14 8 82
67 14 8 7
67 14 8 49
67 14 8 84
67 14 8 38
67 14 8 6
67 14 8 67
67 14 8 71
67 14 8 31
67 14 8 9
67 14 8 54
67 14 8 75
67 14 8 45
67 14 8 6
67 14 8 37
67 14 8 72
67 14 8 58
67 14 9 5
67 14 9 36
67 14 9 78
67 14 9 43
67 14 9 1
67 14 9 41
67 14 9 78
67 14 9 69
67 14 9 8
67 14 9 50
67 14 9 67
67 14 9 22
67 14 9 7
67 14 9 65
67 14 9 79
67 14 9 82
67 14 9 2
67 14 9 50
67 14 9 71
67 14 9 24
67 14 10 4
67 14 10 38
67 14 10 71
67 14 10 22
67 14 10 10
67 14 10 67
67 14 10 67
67 14 10 45
67 14 10 1
67 14 10 67
67 14 10 72
67 14 10 23
67 14 10 8
67 14 10 62
67 14 10 74
67 14 10 12
67 14 10 6
67 14 10 52
67 14 10 68
67 14 10 64
67 14 11 3
67 14 11 38
67 14 11 79
67 14 11 74
67 14 11 7
67 14 11 42
67 14 11 75
67 14 11 84
67 14 11 6
67 14 11 56
67 14 11 75
67 14 11 59
67 14 11 9
67 14 11 44
67 14 11 73
67 14 11 23
67 14 11 7
67 14 11 47
67 14 11 77
67 14 11 25
67 14 12 4
67 14 12 48
67 14 12 73
67 14 12 9
67 14 12 4
67 14 12 63
67 14 12 75
67 14 12 24
67 14 12 5
67 14 12 67
67 14 12 75
67 14 12 39
67 14 12 6
67 14 12 59
67 14 12 78
67 14 12 65
67 14 12 2
67 14 12 43
67 14 12 72
67 14 12 44
67 14 13 2
67 14 13 48
67 14 13 82
67 14 13 64
67 14 13 7
67 14 13 35
67 14 13 71
67 14 13 29
67 14 13 8
67 14 13 54
67 14 13 69
67 14 13 25
67 14 13 2
67 14 13 49
67 14 13 68
67 14 13 20
67 14 13 9
67 14 13 52
67 14 13 79
67 14 13 56
67 14 14 1
67 14 14 41
67 14 14 82
67 14 14 83
67 14 14 9
67 14 14 64
67 14 14 78
67 14 14 60
67 14 14 9
67 14 14 41
67 14 14 69
67 14 14 42
67 14 14 5
67 14 14 48
67 14 14 67
67 14 14 36
67 14 14 10
67 14 14 38
67 14 14 78
67 14 14 21
71 1 1 7
71 1 1 47
71 1 1 88
71 1 1 70
71 1 1 10
71 1 1 64
71 1 1 83
71 1 1 83
71 1 1 1
71 1 1 65
71 1 1 76
71 1 1 37
71 1 1 7
71 1 1 70
71 1 1 71
71 1 1 30
71 1 1 3
71 1 1 46
71 1 1 75
71 1 1 10
71 1 2 7
71 1 2 71
71 1 2 75
71 1 2 68
71 1 2 5
71 1 2 66
71 1 2 84
71 1 2 40
71 1 2 1
71 1 2 58
71 1 2 71
71 1 2 46
71 1 2 10
71 1 2 47
71 1 2 76
71 1 2 68
71 1 2 8
71 1 2 47
71 1 2 73
71 1 2 57
71 1 3 1
71 1 3 63
71 1 3 81
71 1 3 22
71 1 3 4
71 1 3 66
71 1 3 88
71 1 3 26
71 1 3 4
71 1 3 71
71 1 3 75
71 1 3 38
71 1 3 2
71 1 3 47
71 1 3 86
71 1 3 44
71 1 3 7
71 1 3 58
71 1 3 77
71 1 3 76
71 1 4 10
71 1 4 38
71 1 4 75
71 1 4 79
71 1 4 2
71 1 4 54
71 1 4 82
71 1 4 16
71 1 4 8
71 1 4 62
71 1 4 79
71 1 4 57
71 1 4 3
71 1 4 44
71 1 4 82
71 1 4 53
71 1 4 3
71 1 4 53
71 1 4 71
71 1 4 61
71 1 5 7
71 1 5 62
71 1 5 88
71 1 5 46
71 1 5 1
71 1 5 57
71 1 5 73
71 1 5 66
71 1 5 6
71 1 5 40
71 1 5 81
71 1 5 69
71 1 5 1
71 1 5 64
71 1 5 78
71 1 5 82
71 1 5 1
71 1 5 41
71 1 5 87
71 1 5 43
71 1 6 2
71 1 6 38
71 1 6 77
71 1 6 18
71 1 6 10
71 1 6 51
71 1 6 82
71 1 6 33
71 1 6 5
71 1 6 67
71 1 6 82
71 1 6 33
71 1 6 3
71 1 6 56
71 1 6 85
71 1 6 54
71 1 6 5
71 1 6 60
71 1 6 71
71 1 6 52
71 1 7 2
71 1 7 59
71 1 7 77
71 1 7 51
71 1 7 2
71 1 7 44
71 1 7 71
71 1 7 12
71 1 7 6
71 1 7 61
71 1 7 73
71 1 7 49
71 1 7 6
71 1 7 49
71 1 7 74
71 1 7 44
71 1 7 10
71 1 7 49
71 1 7 83
71 1 7 55
71 1 8 3
71 1 8 44
71 1 8 88
71 1 8 37
71 1 8 3
71 1 8 45
71 1 8 87
71 1 8 65
71 1 8 2
71 1 8 54
71 1 8 78
71 1 8 71
71 1 8 2
71 1 8 44
71 1 8 87
71 1 8 30
71 1 8 8
71 1 8 70
71 1 8 79
71 1 8 52
71 1 9 6
71 1 9 45
71 1 9 80
71 1 9 69
71 1 9 9
71 1 9 40
71 1 9 80
71 1 9 57
71 1 9 4
71 1 9 44
71 1 9 72
71 1 9 24
71 1 9 9
71 1 9 38
71 1 9 75
71 1 9 36
71 1 9 7
71 1 9 61
71 1 9 76
71 1 9 21
71 1 10 4
71 1 10 61
71 1 10 87
71 1 10 11
71 1 10 6
71 1 10 47
71 1 10 85
71 1 10 75
71 1 10 8
71 1 10 55
71 1 10 79
71 1 10 39
71 1 10 7
71 1 10 43
71 1 10 72
71 1 10 21
71 1 10 6
71 1 10 38
71 1 10 84
71 1 10 33
71 1 11 8
71 1 11 61
71 1 11 79
71 1 11 21
71 1 11 6
71 1 11 49
71 1 11 71
71 1 11 49
71 1 11 3
71 1 11 70
71 1 11 86
71 1 11 11
71 1 11 3
71 1 11 66
71 1 11 71
71 1 11 74
71 1 11 10
71 1 11 53
71 1 11 82
71 1 11 12
71 1 12 5
71 1 12 66
71 1 12 77
71 1 12 32
71 1 12 4
71 1 12 61
71 1 12 72
71 1 12 20
71 1 12 6
71 1 12 40
71 1 12 74
71 1 12 20
71 1 12 9
71 1 12 39
71 1 12 74
71 1 12 13
71 1 12 6
71 1 12 48
71 1 12 74
71 1 12 31
71 1 13 7
71 1 13 52
71 1 13 77
71 1 13 37
71 1 13 6
71 1 13 43
71 1 13 75
71 1 13 87
71 1 13 8
71 1 13 68
71 1 13 88
71 1 13 58
71 1 13 10
71 1 13 48
71 1 13 75
71 1 13 8
71 1 13 5
71 1 13 35
71 1 13 77
71 1 13 29
71 1 14 6
71 1 14 42
71 1 14 74
71 1 14 26
71 1 14 1
71 1 14 59
71 1 14 84
71 1 14 58
71 1 14 5
71 1 14 38
71 1 14 73
71 1 14 40
71 1 14 5
71 1 14 50
71 1 14 75
71 1 14 25
71 1 14 9
71 1 14 64
71 1 14 85
71 1 14 45
71 2 1 8
71 2 1 69
71 2 1 82
71 2 1 18
71 2 1 10
71 2 1 35
71 2 1 83
71 2 1 10
71 2 1 2
71 2 1 45
71 2 1 73
71 2 1 38
71 2 1 7
71 2 1 69
71 2 1 88
71 2 1 22
71 2 1 5
71 2 1 68
71 2 1 79
71 2 1 54
71 2 2 10
71 2 2 70
71 2 2 78
71 2 2 72
71 2 2 9
71 2 2 63
71 2 2 80
71 2 2 61
71 2 2 1
71 2 2 68
71 2 2 87
71 2 2 40
71 2 2 3
71 2 2 39
71 2 2 79
71 2 2 12
71 2 2 7
71 2 2 42
71 2 2 86
71 2 2 45
71 2 3 2
71 2 3 35
71 2 3 88
71 2 3 66
71 2 3 9
71 2 3 61
71 2 3 84
71 2 3 77
71 2 3 5
71 2 3 48
71 2 3 84
71 2 3 81
71 2 3 7
71 2 3 39
71 2 3 74
71 2 3 53
71 2 3 8
71 2 3 55
71 2 3 74
71 2 3 82
71 2 4 10
71 2 4 35
71 2 4 79
71 2 4 53
71 2 4 2
71 2 4 63
71 2 4 73
71 2 4 18
71 2 4 8
71 2 4 58
71 2 4 86
71 2 4 69
71 2 4 6
71 2 4 48
71 2 4 71
71 2 4 2
71 2 4 8
71 2 4 52
71 2 4 74
71 2 4 56
71 2 5 8
71 2 5 40
71 2 5 83
71 2 5 33
71 2 5 4
71 2 5 68
71 2 5 75
71 2 5 54
71 2 5 4
71 2 5 38
71 2 5 73
71 2 5 34
71 2 5 5
71 2 5 35
71 2 5 88
71 2 5 8
71 2 5 7
71 2 5 48
71 2 5 79
71 2 5 31
71 2 6 4
71 2 6 51
71 2 6 74
71 2 6 85
71 2 6 3
71 2 6 66
71 2 6 76
71 2 6 38
71 2 6 6
71 2 6 66
71 2 6 73
71 2 6 12
71 2 6 4
71 2 6 38
71 2 6 77
71 2 6 28
71 2 6 1
71 2 6 49
71 2 6 74
71 2 6 39
71 2 7 2
71 2 7 56
71 2 7 76
71 2 7 38
71 2 7 1
71 2 7 64
71 2 7 82
71 2 7 79
71 2 7 5
71 2 7 66
71 2 7 82
71 2 7 22
71 2 7 7
71 2 7 61
71 2 7 87
71 2 7 43
71 2 7 9
71 2 7 37
71 2 7 72
71 2 7 20
71 2 8 6
71 2 8 40
71 2 8 77
71 2 8 75
71 2 8 1
71 2 8 59
71 2 8 72
71 2 8 53
71 2 8 8
71 2 8 68
71 2 8 82
71 2 8 35
71 2 8 2
71 2 8 39
71 2 8 80
71 2 8 84
71 2 8 4
71 2 8 66
71 2 8 78
71 2 8 43
71 2 9 7
71 2 9 58
71 2 9 72
71 2 9 23
71 2 9 4
71 2 9 41
71 2 9 76
71 2 9 18
71 2 9 10
71 2 9 49
71 2 9 73
71 2 9 1
71 2 9 2
71 2 9 43
71 2 9 88
71 2 9 64
71 2 9 2
71 2 9 36
71 2 9 75
71 2 9 68
71 2 10 6
71 2 10 50
71 2 10 84
71 2 10 17
71 2 10 1
71 2 10 65
71 2 10 79
71 2 10 40
71 2 10 5
71 2 10 45
71 2 10 83
71 2 10 16
71 2 10 6
71 2 10 63
71 2 10 80
71 2 10 5
71 2 10 9
71 2 10 39
71 2 10 82
71 2 10 51
71 2 11 6
71 2 11 52
71 2 11 87
71 2 11 23
71 2 11 5
71 2 11 64
71 2 11 85
71 2 11 15
71 2 11 5
71 2 11 36
71 2 11 87
71 2 11 42
71 2 11 7
71 2 11 55
71 2 11 76
71 2 11 62
71 2 11 8
71 2 11 59
71 2 11 78
71 2 11 29
71 2 12 10
71 2 12 40
71 2 12 84
71 2 12 9
71 2 12 3
71 2 12 66
71 2 12 84
71 2 12 74
71 2 12 5
71 2 12 64
71 2 12 75
71 2 12 66
71 2 12 6
71 2 12 56
71 2 12 85
71 2 12 41
71 2 12 8
71 2 12 65
71 2 12 73
71 2 12 67
71 2 13 10
71 2 13 69
71 2 13 88
71 2 13 22
71 2 13 1
71 2 13 68
71 2 13 81
71 2 13 36
71 2 13 8
71 2 13 39
71 2 13 78
71 2 13 46
71 2 13 8
71 2 13 53
71 2 13 73
71 2 13 37
71 2 13 3
71 2 13 52
71 2 13 79
71 2 13 18
71 2 14 1
71 2 14 46
71 2 14 75
71 2 14 41
71 2 14 1
71 2 14 39
71 2 14 75
71 2 14 15
71 2 14 5
71 2 14 59
71 2 14 71
71 2 14 41
71 2 14 4
71 2 14 45
71 2 14 73
71 2 14 34
71 2 14 10
71 2 14 65
71 2 14 71
71 2 14 80
71 3 1 1
71 3 1 70
71 3 1 84
71 3 1 2
71 3 1 2
71 3 1 35
71 3 1 74
71 3 1 24
71 3 1 2
71 3 1 58
71 3 1 83
71 3 1 51
71 3 1 3
71 3 1 58
71 3 1 74
71 3 1 12
71 3 1 7
71 3 1 45
71 3 1 74
71 3 1 87
71 3 2 10
71 3 2 60
71 3 2 85
71 3 2 13
71 3 2 2
71 3 2 49
71 3 2 84
71 3 2 27
71 3 2 9
71 3 2 54
71 3 2 74
71 3 2 66
71 3 2 6
71 3 2 44
71 3 2 77
71 3 2 39
71 3 2 10
71 3 2 64
71 3 2 85
71 3 2 71
71 3 3 2
71 3 3 53
71 3 3 81
71 3 3 14
71 3 3 4
71 3 3 43
71 3 3 86
71 3 3 84
71 3 3 7
71 3 3 67
71 3 3 76
71 3 3 33
71 3 3 3
71 3 3 44
71 3 3 77
71 3 3 51
71 3 3 3
71 3 3 48
71 3 3 84
71 3 3 2
71 3 4 3
71 3 4 51
71 3 4 73
71 3 4 79
71 3 4 7
71 3 4 61
71 3 4 75
71 3 4 80
71 3 4 9
71 3 4 56
71 3 4 76
71 3 4 47
71 3 4 9
71 3 4 50
71 3 4 84
71 3 4 21
71 3 4 1
71 3 4 60
71 3 4 88
71 3 4 84
71 3 5 1
71 3 5 35
71 3 5 75
71 3 5 27
71 3 5 7
71 3 5 57
71 3 5 84
71 3 5 78
71 3 5 7
71 3 5 68
71 3 5 79
71 3 5 29
71 3 5 6
71 3 5 55
71 3 5 73
71 3 5 52
71 3 5 7
71 3 5 52
71 3 5 73
71 3 5 8
71 3 6 5
71 3 6 49
71 3 6 74
71 3 6 29
71 3 6 4
71 3 6 70
71 3 6 76
71 3 6 11
71 3 6 1
71 3 6 60
71 3 6 78
71 3 6 30
71 3 6 10
71 3 6 48
71 3 6 88
71 3 6 64
71 3 6 6
71 3 6 68
71 3 6 84
71 3 6 17
71 3 7 4
71 3 7 60
71 3 7 76
71 3 7 45
71 3 7 1
71 3 7 56
71 3 7 85
71 3 7 40
71 3 7 10
71 3 7 63
71 3 7 84
71 3 7 66
71 3 7 10
71 3 7 59
71 3 7 85
71 3 7 27
71 3 7 8
71 3 7 37
71 3 7 75
71 3 7 73
71 3 8 8
71 3 8 60
71 3 8 80
71 3 8 59
71 3 8 8
71 3 8 54
71 3 8 80
71 3 8 42
71 3 8 3
71 3 8 37
71 3 8 72
71 3 8 34
71 3 8 5
71 3 8 44
71 3 8 82
71 3 8 56
71 3 8 7
71 3 8 55
71 3 8 81
71 3 8 39
71 3 9 10
71 3 9 46
71 3 9 81
71 3 9 50
71 3 9 10
71 3 9 42
71 3 9 85
71 3 9 81
71 3 9 5
71 3 9 56
71 3 9 79
71 3 9 72
71 3 9 7
71 3 9 62
71 3 9 73
71 3 9 4
71 3 9 7
71 3 9 63
71 3 9 86
71 3 9 60
71 3 10 1
71 3 10 57
71 3 10 73
71 3 10 29
71 3 10 4
71 3 10 37
71 3 10 73
71 3 10 15
71 3 10 9
71 3 10 44
71 3 10 86
71 3 10 78
71 3 10 1
71 3 10 62
71 3 10 86
71 3 10 6
71 3 10 9
71 3 10 66
71 3 10 80
71 3 10 32
71 3 11 6
71 3 11 57
71 3 11 77
71 3 11 16
71 3 11 8
71 3 11 48
71 3 11 80
71 3 11 72
71 3 11 9
71 3 11 45
71 3 11 82
71 3 11 74
71 3 11 1
71 3 11 39
71 3 11 81
71 3 11 3
71 3 11 9
71 3 11 36
71 3 11 71
71 3 11 45
71 3 12 10
71 3 12 53
71 3 12 77
71 3 12 4
71 3 12 6
71 3 12 39
71 3 12 88
71 3 12 75
71 3 12 10
71 3 12 36
71 3 12 73
71 3 12 7
71 3 12 8
71 3 12 39
71 3 12 84
71 3 12 19
71 3 12 7
71 3 12 44
71 3 12 86
71 3 12 84
71 3 13 7
71 3 13 61
71 3 13 71
71 3 13 17
71 3 13 8
71 3 13 47
71 3 13 71
71 3 13 39
71 3 13 5
71 3 13 37
71 3 13 79
71 3 13 17
71 3 13 1
71 3 13 54
71 3 13 82
71 3 13 79
71 3 13 3
71 3 13 39
71 3 13 75
71 3 13 14
71 3 14 7
71 3 14 53
71 3 14 77
71 3 14 82
71 3 14 7
71 3 14 36
71 3 14 83
71 3 14 30
71 3 14 1
71 3 14 49
71 3 14 78
71 3 14 15
71 3 14 4
71 3 14 70
71 3 14 72
71 3 14 28
71 3 14 3
71 3 14 54
71 3 14 87
71 3 14 83
71 4 1 7
71 4 1 36
71 4 1 73
71 4 1 83
71 4 1 1
71 4 1 68
71 4 1 79
71 4 1 61
71 4 1 7
71 4 1 59
71 4 1 76
71 4 1 33
71 4 1 7
71 4 1 63
71 4 1 75
71 4 1 46
71 4 1 1
71 4 1 61
71 4 1 75
71 4 1 50
71 4 2 6
71 4 2 70
71 4 2 79
71 4 2 38
71 4 2 1
71 4 2 52
71 4 2 78
71 4 2 19
71 4 2 7
71 4 2 36
71 4 2 77
71 4 2 36
71 4 2 10
71 4 2 50
71 4 2 77
71 4 2 37
71 4 2 1
71 4 2 57
71 4 2 74
71 4 2 11
71 4 3 7
71 4 3 38
71 4 3 72
71 4 3 71
71 4 3 1
71 4 3 61
71 4 3 73
71 4 3 2
71 4 3 4
71 4 3 37
71 4 3 78
71 4 3 31
71 4 3 7
71 4 3 46
71 4 3 75
71 4 3 56
71 4 3 9
71 4 3 61
71 4 3 71
71 4 3 47
71 4 4 10
71 4 4 65
71 4 4 83
71 4 4 8
71 4 4 5
71 4 4 50
71 4 4 75
71 4 4 27
71 4 4 8
71 4 4 55
71 4 4 77
71 4 4 45
71 4 4 2
71 4 4 54
71 4 4 86
71 4 4 67
71 4 4 5
71 4 4 66
71 4 4 77
71 4 4 29
71 4 5 9
71 4 5 35
71 4 5 77
71 4 5 43
71 4 5 1
71 4 5 40
71 4 5 77
71 4 5 75
71 4 5 3
71 4 5 38
71 4 5 74
71 4 5 72
71 4 5 6
71 4 5 60
71 4 5 87
71 4 5 9
71 4 5 6
71 4 5 63
71 4 5 76
71 4 5 81
71 4 6 3
71 4 6 55
71 4 6 84
71 4 6 68
71 4 6 4
71 4 6 52
71 4 6 83
71 4 6 74
71 4 6 1
71 4 6 46
71 4 6 76
71 4 6 79
71 4 6 8
71 4 6 53
71 4 6 73
71 4 6 87
71 4 6 7
71 4 6 69
71 4 6 85
71 4 6 35
71 4 7 7
71 4 7 46
71 4 7 81
71 4 7 29
71 4 7 3
71 4 7 64
71 4 7 75
71 4 7 61
71 4 7 8
71 4 7 58
71 4 7 78
71 4 7 34
71 4 7 4
71 4 7 56
71 4 7 71
71 4 7 71
71 4 7 1
71 4 7 54
71 4 7 84
71 4 7 58
71 4 8 5
71 4 8 42
71 4 8 74
71 4 8 5
71 4 8 2
71 4 8 57
71 4 8 72
71 4 8 60
71 4 8 4
71 4 8 70
71 4 8 71
71 4 8 17
71 4 8 2
71 4 8 59
71 4 8 87
71 4 8 34
71 4 8 5
71 4 8 63
71 4 8 87
71 4 8 86
71 4 9 3
71 4 9 56
71 4 9 81
71 4 9 7
71 4 9 1
71 4 9 44
71 4 9 74
71 4 9 47
71 4 9 9
71 4 9 47
71 4 9 87
71 4 9 7
71 4 9 7
71 4 9 45
71 4 9 75
71 4 9 11
71 4 9 3
71 4 9 52
71 4 9 72
71 4 9 66
71 4 10 8
71 4 10 40
71 4 10 83
71 4 10 43
71 4 10 5
71 4 10 53
71 4 10 75
71 4 10 27
71 4 10 2
71 4 10 55
71 4 10 80
71 4 10 12
71 4 10 1
71 4 10 57
71 4 10 73
71 4 10 37
71 4 10 7
71 4 10 35
71 4 10 80
71 4 10 43
71 4 11 2
71 4 11 37
71 4 11 71
71 4 11 67
71 4 11 1
71 4 11 44
71 4 11 77
71 4 11 26
71 4 11 9
71 4 11 52
71 4 11 73
71 4 11 38
71 4 11 6
71 4 11 36
71 4 11 76
71 4 11 48
71 4 11 8
71 4 11 70
71 4 11 85
71 4 11 59
71 4 12 2
71 4 12 39
71 4 12 86
71 4 12 78
71 4 12 2
71 4 12 37
71 4 12 81
71 4 12 59
71 4 12 6
71 4 12 49
71 4 12 88
71 4 12 55
71 4 12 1
71 4 12 71
71 4 12 80
71 4 12 28
71 4 12 1
71 4 12 60
71 4 12 87
71 4 12 83
71 4 13 3
71 4 13 66
71 4 13 78
71 4 13 59
71 4 13 1
71 4 13 64
71 4 13 84
71 4 13 64
71 4 13 8
71 4 13 55
71 4 13 76
71 4 13 41
71 4 13 5
71 4 13 56
71 4 13 78
71 4 13 40
71 4 13 4
71 4 13 49
71 4 13 75
71 4 13 23
71 4 14 5
71 4 14 54
71 4 14 78
71 4 14 38
71 4 14 5
71 4 14 51
71 4 14 83
71 4 14 30
71 4 14 6
71 4 14 62
71 4 14 72
71 4 14 69
71 4 14 6
71 4 14 55
71 4 14 73
71 4 14 52
71 4 14 10
71 4 14 60
71 4 14 78
71 4 14 7
71 5 1 7
71 5 1 46
71 5 1 78
71 5 1 50
71 5 1 10
71 5 1 71
71 5 1 77
71 5 1 2
71 5 1 6
71 5 1 47
71 5 1 84
71 5 1 49
71 5 1 4
71 5 1 43
71 5 1 82
71 5 1 43
71 5 1 10
71 5 1 68
71 5 1 85
71 5 1 6
71 5 2 8
71 5 2 67
71 5 2 87
71 5 2 79
71 5 2 7
71 5 2 53
71 5 2 74
71 5 2 65
71 5 2 8
71 5 2 41
71 5 2 83
71 5 2 11
71 5 2 2
71 5 2 64
71 5 2 81
71 5 2 27
71 5 2 7
71 5 2 36
71 5 2 74
71 5 2 27
71 5 3 6
71 5 3 40
71 5 3 78
71 5 3 34
71 5 3 3
71 5 3 51
71 5 3 86
71 5 3 79
71 5 3 10
71 5 3 59
71 5 3 82
71 5 3 5
71 5 3 9
71 5 3 59
71 5 3 85
71 5 3 19
71 5 3 7
71 5 3 66
71 5 3 78
71 5 3 10
71 5 4 9
71 5 4 45
71 5 4 86
71 5 4 50
71 5 4 9
71 5 4 65
71 5 4 79
71 5 4 23
71 5 4 9
71 5 4 53
71 5 4 78
71 5 4 34
71 5 4 4
71 5 4 59
71 5 4 75
71 5 4 51
71 5 4 2
71 5 4 55
71 5 4 71
71 5 4 7
71 5 5 1
71 5 5 38
71 5 5 78
71 5 5 43
71 5 5 8
71 5 5 68
71 5 5 76
71 5 5 21
71 5 5 2
71 5 5 66
71 5 5 72
71 5 5 26
71 5 5 2
71 5 5 40
71 5 5 74
71 5 5 68
71 5 5 10
71 5 5 67
71 5 5 80
71 5 5 21
71 5 6 3
71 5 6 66
71 5 6 74
71 5 6 14
71 5 6 5
71 5 6 40
71 5 6 73
71 5 6 85
71 5 6 7
71 5 6 59
71 5 6 85
71 5 6 66
71 5 6 5
71 5 6 65
71 5 6 85
71 5 6 26
71 5 6 4
71 5 6 52
71 5 6 88
71 5 6 87
71 5 7 3
71 5 7 36
71 5 7 75
71 5 7 50
71 5 7 3
71 5 7 61
71 5 7 81
71 5 7 52
71 5 7 3
71 5 7 47
71 5 7 73
71 5 7 43
71 5 7 10
71 5 7 51
71 5 7 72
71 5 7 50
71 5 7 10
71 5 7 61
71 5 7 82
71 5 7 66
71 5 8 6
71 5 8 67
71 5 8 82
71 5 8 68
71 5 8 3
71 5 8 45
71 5 8 81
71 5 8 38
71 5 8 8
71 5 8 51
71 5 8 76
71 5 8 82
71 5 8 1
71 5 8 57
71 5 8 73
71 5 8 44
71 5 8 8
71 5 8 44
71 5 8 77
71 5 8 51
71 5 9 1
71 5 9 43
71 5 9 84
71 5 9 73
71 5 9 2
71 5 9 44
71 5 9 80
71 5 9 61
71 5 9 1
71 5 9 35
71 5 9 80
71 5 9 88
71 5 9 8
71 5 9 66
71 5 9 80
71 5 9 23
71 5 9 1
71 5 9 46
71 5 9 71
71 5 9 15
71 5 10 5
71 5 10 64
71 5 10 73
71 5 10 56
71 5 10 2
71 5 10 58
71 5 10 78
71 5 10 35
71 5 10 6
71 5 10 68
71 5 10 74
71 5 10 9
71 5 10 1
71 5 10 67
71 5 10 80
71 5 10 2
71 5 10 9
71 5 10 53
71 5 10 88
71 5 10 9
71 5 11 7
71 5 11 57
71 5 11 86
71 5 11 24
71 5 11 10
71 5 11 40
71 5 11 74
71 5 11 88
71 5 11 4
71 5 11 45
71 5 11 82
71 5 11 45
71 5 11 10
71 5 11 49
71 5 11 85
71 5 11 23
71 5 11 7
71 5 11 56
71 5 11 86
71 5 11 69
71 5 12 2
71 5 12 66
71 5 12 78
71 5 12 12
71 5 12 5
71 5 12 48
71 5 12 88
71 5 12 44
71 5 12 4
71 5 12 52
71 5 12 80
71 5 12 41
71 5 12 1
71 5 12 46
71 5 12 79
71 5 12 49
71 5 12 7
71 5 12 53
71 5 12 84
71 5 12 88
71 5 13 6
71 5 13 39
71 5 13 71
71 5 13 58
71 5 13 3
71 5 13 52
71 5 13 87
71 5 13 74
71 5 13 4
71 5 13 46
71 5 13 77
71 5 13 53
71 5 13 5
71 5 13 45
71 5 13 86
71 5 13 58
71 5 13 6
71 5 13 47
71 5 13 78
71 5 13 34
71 5 14 2
71 5 14 51
71 5 14 88
71 5 14 10
71 5 14 2
71 5 14 56
71 5 14 73
71 5 14 12
71 5 14 5
71 5 14 40
71 5 14 71
71 5 14 59
71 5 14 10
71 5 14 62
71 5 14 80
71 5 14 62
71 5 14 6
71 5 14 55
71 5 14 73
71 5 14 6
71 6 1 2
71 6 1 71
71 6 1 73
71 6 1 11
71 6 1 7
71 6 1 36
71 6 1 85
71 6 1 23
71 6 1 8
71 6 1 59
71 6 1 85
71 6 1 83
71 6 1 9
71 6 1 58
71 6 1 77
71 6 1 50
71 6 1 6
71 6 1 48
71 6 1 81
71 6 1 51
71 6 2 1
71 6 2 54
71 6 2 75
71 6 2 29
71 6 2 8
71 6 2 55
71 6 2 78
71 6 2 65
71 6 2 4
71 6 2 60
71 6 2 74
71 6 2 48
71 6 2 2
71 6 2 68
71 6 2 72
71 6 2 51
71 6 2 5
71 6 2 43
71 6 2 88
71 6 2 65
71 6 3 9
71 6 3 56
71 6 3 87
71 6 3 72
71 6 3 5
71 6 3 50
71 6 3 75
71 6 3 15
71 6 3 10
71 6 3 47
71 6 3 74
71 6 3 7
71 6 3 6
71 6 3 56
71 6 3 76
71 6 3 59
71 6 3 5
71 6 3 56
71 6 3 72
71 6 3 77
71 6 4 7
71 6 4 67
71 6 4 78
71 6 4 35
71 6 4 1
71 6 4 53
71 6 4 82
71 6 4 58
71 6 4 1
71 6 4 48
71 6 4 72
71 6 4 21
71 6 4 8
71 6 4 63
71 6 4 77
71 6 4 71
71 6 4 1
71 6 4 46
71 6 4 87
71 6 4 44
71 6 5 10
71 6 5 51
71 6 5 73
71 6 5 32
71 6 5 4
71 6 5 37
71 6 5 76
71 6 5 28
71 6 5 8
71 6 5 46
71 6 5 74
71 6 5 69
71 6 5 8
71 6 5 46
71 6 5 87
71 6 5 71
71 6 5 8
71 6 5 52
71 6 5 74
71 6 5 43
71 6 6 6
71 6 6 55
71 6 6 76
71 6 6 33
71 6 6 1
71 6 6 71
71 6 6 76
71 6 6 82
71 6 6 10
71 6 6 50
71 6 6 80
71 6 6 1
71 6 6 6
71 6 6 71
71 6 6 79
71 6 6 3
71 6 6 3
71 6 6 55
71 6 6 80
71 6 6 82
71 6 7 7
71 6 7 66
71 6 7 83
71 6 7 74
71 6 7 8
71 6 7 48
71 6 7 81
71 6 7 8
71 6 7 2
71 6 7 62
71 6 7 74
71 6 7 82
71 6 7 6
71 6 7 49
71 6 7 86
71 6 7 41
71 6 7 4
71 6 7 64
71 6 7 78
71 6 7 4
71 6 8 3
71 6 8 49
71 6 8 77
71 6 8 58
71 6 8 4
71 6 8 36
71 6 8 79
71 6 8 40
71 6 8 6
71 6 8 37
71 6 8 81
71 6 8 56
71 6 8 5
71 6 8 67
71 6 8 87
71 6 8 24
71 6 8 5
71 6 8 59
71 6 8 87
71 6 8 7
71 6 9 4
71 6 9 64
71 6 9 75
71 6 9 25
71 6 9 9
71 6 9 54
71 6 9 75
71 6 9 2
71 6 9 1
71 6 9 50
71 6 9 80
71 6 9 75
71 6 9 1
71 6 9 46
71 6 9 87
71 6 9 44
71 6 9 5
71 6 9 70
71 6 9 87
71 6 9 77
71 6 10 8
71 6 10 68
71 6 10 78
71 6 10 16
71 6 10 10
71 6 10 46
71 6 10 71
71 6 10 63
71 6 10 1
71 6 10 71
71 6 10 81
71 6 10 35
71 6 10 3
71 6 10 42
71 6 10 88
71 6 10 8
71 6 10 10
71 6 10 35
71 6 10 86
71 6 10 88
71 6 11 8
71 6 11 65
71 6 11 87
71 6 11 66
71 6 11 6
71 6 11 69
71 6 11 74
71 6 11 19
71 6 11 4
71 6 11 69
71 6 11 74
71 6 11 45
71 6 11 3
71 6 11 46
71 6 11 78
71 6 11 38
71 6 11 9
71 6 11 69
71 6 11 79
71 6 11 86
71 6 12 4
71 6 12 48
71 6 12 82
71 6 12 78
71 6 12 10
71 6 12 38
71 6 12 73
71 6 12 19
71 6 12 10
71 6 12 45
71 6 12 73
71 6 12 29
71 6 12 6
71 6 12 43
71 6 12 87
71 6 12 19
71 6 12 5
71 6 12 68
71 6 12 79
71 6 12 81
71 6 13 2
71 6 13 57
71 6 13 71
71 6 13 15
71 6 13 3
71 6 13 49
71 6 13 83
71 6 13 67
71 6 13 8
71 6 13 56
71 6 13 77
71 6 13 20
71 6 13 2
71 6 13 45
71 6 13 76
71 6 13 65
71 6 13 9
71 6 13 56
71 6 13 83
71 6 13 71
71 6 14 4
71 6 14 39
71 6 14 87
71 6 14 74
71 6 14 2
71 6 14 53
71 6 14 73
71 6 14 32
71 6 14 8
71 6 14 59
71 6 14 82
71 6 14 19
71 6 14 2
71 6 14 66
71 6 14 86
71 6 14 30
71 6 14 2
71 6 14 63
71 6 14 86
71 6 14 26
71 7 1 10
71 7 1 46
71 7 1 82
71 7 1 80
71 7 1 1
71 7 1 42
71 7 1 80
71 7 1 53
71 7 1 8
71 7 1 42
71 7 1 78
71 7 1 10
71 7 1 6
71 7 1 51
71 7 1 77
71 7 1 24
71 7 1 2
71 7 1 59
71 7 1 74
71 7 1 25
71 7 2 4
71 7 2 63
71 7 2 78
71 7 2 21
71 7 2 2
71 7 2 62
71 7 2 81
71 7 2 73
71 7 2 9
71 7 2 70
71 7 2 85
71 7 2 68
71 7 2 7
71 7 2 48
71 7 2 75
71 7 2 41
71 7 2 8
71 7 2 47
71 7 2 87
71 7 2 84
71 7 3 4
71 7 3 67
71 7 3 88
71 7 3 17
71 7 3 1
71 7 3 63
71 7 3 75
71 7 3 73
71 7 3 1
71 7 3 57
71 7 3 76
71 7 3 5
71 7 3 6
71 7 3 38
71 7 3 88
71 7 3 9
71 7 3 1
71 7 3 64
71 7 3 77
71 7 3 2
71 7 4 3
71 7 4 45
71 7 4 80
71 7 4 57
71 7 4 9
71 7 4 59
71 7 4 82
71 7 4 1
71 7 4 3
71 7 4 48
71 7 4 76
71 7 4 55
71 7 4 10
71 7 4 60
71 7 4 84
71 7 4 22
71 7 4 8
71 7 4 60
71 7 4 88
71 7 4 26
71 7 5 8
71 7 5 50
71 7 5 80
71 7 5 56
71 7 5 7
71 7 5 62
71 7 5 82
71 7 5 72
71 7 5 9
71 7 5 49
71 7 5 83
71 7 5 57
71 7 5 5
71 7 5 51
71 7 5 78
71 7 5 71
71 7 5 9
71 7 5 60
71 7 5 85
71 7 5 40
71 7 6 1
71 7 6 44
71 7 6 81
71 7 6 37
71 7 6 6
71 7 6 69
71 7 6 75
71 7 6 24
71 7 6 3
71 7 6 53
71 7 6 72
71 7 6 39
71 7 6 8
71 7 6 63
71 7 6 86
71 7 6 79
71 7 6 2
71 7 6 57
71 7 6 83
71 7 6 76
71 7 7 9
71 7 7 46
71 7 7 74
71 7 7 50
71 7 7 10
71 7 7 47
71 7 7 84
71 7 7 84
71 7 7 10
71 7 7 54
71 7 7 84
71 7 7 56
71 7 7 10
71 7 7 37
71 7 7 76
71 7 7 44
71 7 7 4
71 7 7 47
71 7 7 73
71 7 7 24
71 7 8 1
71 7 8 60
71 7 8 73
71 7 8 87
71 7 8 3
71 7 8 62
71 7 8 77
71 7 8 42
71 7 8 5
71 7 8 64
71 7 8 79
71 7 8 32
71 7 8 6
71 7 8 36
71 7 8 74
71 7 8 51
71 7 8 1
71 7 8 55
71 7 8 80
71 7 8 1
71 7 9 2
71 7 9 36
71 7 9 82
71 7 9 77
71 7 9 4
71 7 9 38
71 7 9 87
71 7 9 16
71 7 9 3
71 7 9 36
71 7 9 76
71 7 9 20
71 7 9 6
71 7 9 53
71 7 9 72
71 7 9 23
71 7 9 4
71 7 9 50
71 7 9 72
71 7 9 73
71 7 10 2
71 7 10 62
71 7 10 84
71 7 10 45
71 7 10 7
71 7 10 61
71 7 10 81
71 7 10 55
71 7 10 7
71 7 10 63
71 7 10 72
71 7 10 59
71 7 10 8
71 7 10 51
71 7 10 86
71 7 10 25
71 7 10 4
71 7 10 53
71 7 10 84
71 7 10 60
71 7 11 1
71 7 11 38
71 7 11 78
71 7 11 12
71 7 11 1
71 7 11 58
71 7 11 88
71 7 11 58
71 7 11 2
71 7 11 59
71 7 11 78
71 7 11 22
71 7 11 10
71 7 11 59
71 7 11 75
71 7 11 57
71 7 11 7
71 7 11 46
71 7 11 78
71 7 11 6
71 7 12 5
71 7 12 62
71 7 12 82
71 7 12 33
71 7 12 5
71 7 12 70
71 7 12 72
71 7 12 24
71 7 12 8
71 7 12 61
71 7 12 72
71 7 12 88
71 7 12 9
71 7 12 46
71 7 12 75
71 7 12 37
71 7 12 5
71 7 12 52
71 7 12 73
71 7 12 33
71 7 13 2
71 7 13 38
71 7 13 81
71 7 13 61
71 7 13 9
71 7 13 42
71 7 13 85
71 7 13 54
71 7 13 1
71 7 13 70
71 7 13 72
71 7 13 56
71 7 13 2
71 7 13 46
71 7 13 82
71 7 13 73
71 7 13 8
71 7 13 38
71 7 13 71
71 7 13 29
71 7 14 6
71 7 14 48
71 7 14 86
71 7 14 50
71 7 14 2
71 7 14 68
71 7 14 74
71 7 14 88
71 7 14 7
71 7 14 70
71 7 14 80
71 7 14 74
71 7 14 8
71 7 14 58
71 7 14 82
71 7 14 1
71 7 14 1
71 7 14 71
71 7 14 78
71 7 14 55
71 8 1 5
71 8 1 36
71 8 1 83
71 8 1 85
71 8 1 6
71 8 1 59
71 8 1 75
71 8 1 79
71 8 1 6
71 8 1 58
71 8 1 78
71 8 1 60
71 8 1 3
71 8 1 43
71 8 1 85
71 8 1 72
71 8 1 7
71 8 1 61
71 8 1 82
71 8 1 5
71 8 2 7
71 8 2 63
71 8 2 73
71 8 2 66
71 8 2 1
71 8 2 70
71 8 2 81
71 8 2 56
71 8 2 4
71 8 2 42
71 8 2 73
71 8 2 5
71 8 2 6
71 8 2 63
71 8 2 76
71 8 2 76
71 8 2 10
71 8 2 51
71 8 2 83
71 8 2 63
71 8 3 8
71 8 3 40
71 8 3 74
71 8 3 35
71 8 3 9
71 8 3 45
71 8 3 87
71 8 3 48
71 8 3 7
71 8 3 61
71 8 3 71
71 8 3 83
71 8 3 6
71 8 3 67
71 8 3 82
71 8 3 40
71 8 3 7
71 8 3 45
71 8 3 73
71 8 3 12
71 8 4 2
71 8 4 63
71 8 4 78
71 8 4 19
71 8 4 3
71 8 4 65
71 8 4 76
71 8 4 2
71 8 4 10
71 8 4 71
71 8 4 86
71 8 4 27
71 8 4 6
71 8 4 60
71 8 4 83
71 8 4 81
71 8 4 7
71 8 4 58
71 8 4 84
71 8 4 84
71 8 5 4
71 8 5 54
71 8 5 87
71 8 5 44
71 8 5 5
71 8 5 71
71 8 5 78
71 8 5 39
71 8 5 7
71 8 5 71
71 8 5 72
71 8 5 13
71 8 5 8
71 8 5 70
71 8 5 74
71 8 5 20
71 8 5 9
71 8 5 66
71 8 5 71
71 8 5 59
71 8 6 1
71 8 6 61
71 8 6 79
71 8 6 63
71 8 6 1
71 8 6 55
71 8 6 82
71 8 6 12
71 8 6 1
71 8 6 60
71 8 6 82
71 8 6 21
71 8 6 2
71 8 6 49
71 8 6 87
71 8 6 4
71 8 6 7
71 8 6 45
71 8 6 81
71 8 6 60
71 8 7 3
71 8 7 43
71 8 7 77
71 8 7 67
71 8 7 6
71 8 7 38
71 8 7 77
71 8 7 71
71 8 7 7
71 8 7 62
71 8 7 76
71 8 7 49
71 8 7 4
71 8 7 63
71 8 7 88
71 8 7 79
71 8 7 6
71 8 7 57
71 8 7 75
71 8 7 53
71 8 8 8
71 8 8 61
71 8 8 76
71 8 8 52
71 8 8 2
71 8 8 40
71 8 8 86
71 8 8 34
71 8 8 2
71 8 8 71
71 8 8 82
71 8 8 52
71 8 8 7
71 8 8 50
71 8 8 72
71 8 8 17
71 8 8 6
71 8 8 63
71 8 8 78
71 8 8 9
71 8 9 5
71 8 9 50
71 8 9 79
71 8 9 59
71 8 9 9
71 8 9 55
71 8 9 81
71 8 9 33
71 8 9 5
71 8 9 55
71 8 9 76
71 8 9 28
71 8 9 7
71 8 9 39
71 8 9 81
71 8 9 8
71 8 9 2
71 8 9 38
71 8 9 81
71 8 9 79
71 8 10 10
71 8 10 47
71 8 10 72
71 8 10 44
71 8 10 2
71 8 10 64
71 8 10 81
71 8 10 18
71 8 10 2
71 8 10 66
71 8 10 72
71 8 10 45
71 8 10 3
71 8 10 47
71 8 10 72
71 8 10 45
71 8 10 3
71 8 10 68
71 8 10 85
71 8 10 45
71 8 11 2
71 8 11 55
71 8 11 72
71 8 11 27
71 8 11 3
71 8 11 39
71 8 11 73
71 8 11 53
71 8 11 10
71 8 11 49
71 8 11 73
71 8 11 7
71 8 11 3
71 8 11 61
71 8 11 84
71 8 11 76
71 8 11 10
71 8 11 71
71 8 11 76
71 8 11 33
71 8 12 10
71 8 12 57
71 8 12 79
71 8 12 75
71 8 12 3
71 8 12 37
71 8 12 84
71 8 12 33
71 8 12 1
71 8 12 57
71 8 12 87
71 8 12 12
71 8 12 3
71 8 12 68
71 8 12 87
71 8 12 24
71 8 12 8
71 8 12 57
71 8 12 75
71 8 12 28
71 8 13 9
71 8 13 58
71 8 13 71
71 8 13 58
71 8 13 6
71 8 13 47
71 8 13 77
71 8 13 40
71 8 13 5
71 8 13 55
71 8 13 77
71 8 13 78
71 8 13 2
71 8 13 56
71 8 13 83
71 8 13 37
71 8 13 4
71 8 13 55
71 8 13 75
71 8 13 39
71 8 14 4
71 8 14 53
71 8 14 72
71 8 14 11
71 8 14 5
71 8 14 41
71 8 14 71
71 8 14 79
71 8 14 8
71 8 14 52
71 8 14 77
71 8 14 75
71 8 14 8
71 8 14 36
71 8 14 77
71 8 14 4
71 8 14 3
71 8 14 38
71 8 14 84
71 8 14 64
71 9 1 3
71 9 1 40
71 9 1 76
71 9 1 45
71 9 1 7
71 9 1 65
71 9 1 77
71 9 1 17
71 9 1 1
71 9 1 49
71 9 1 79
71 9 1 85
71 9 1 4
71 9 1 41
71 9 1 73
71 9 1 16
71 9 1 2
71 9 1 65
71 9 1 80
71 9 1 72
71 9 2 7
71 9 2 66
71 9 2 87
71 9 2 17
71 9 2 5
71 9 2 67
71 9 2 77
71 9 2 21
71 9 2 2
71 9 2 52
71 9 2 71
71 9 2 53
71 9 2 4
71 9 2 69
71 9 2 79
71 9 2 73
71 9 2 6
71 9 2 64
71 9 2 83
71 9 2 59
71 9 3 7
71 9 3 67
71 9 3 76
71 9 3 53
71 9 3 10
71 9 3 36
71 9 3 88
71 9 3 66
71 9 3 7
71 9 3 65
71 9 3 79
71 9 3 19
71 9 3 2
71 9 3 54
71 9 3 76
71 9 3 67
71 9 3 5
71 9 3 54
71 9 3 75
71 9 3 29
71 9 4 8
71 9 4 49
71 9 4 76
71 9 4 16
71 9 4 9
71 9 4 59
71 9 4 71
71 9 4 4
71 9 4 5
71 9 4 61
71 9 4 76
71 9 4 52
71 9 4 2
71 9 4 49
71 9 4 77
71 9 4 24
71 9 4 4
71 9 4 43
71 9 4 75
71 9 4 75
71 9 5 1
71 9 5 68
71 9 5 78
71 9 5 16
71 9 5 7
71 9 5 48
71 9 5 73
71 9 5 67
71 9 5 2
71 9 5 52
71 9 5 76
71 9 5 75
71 9 5 8
71 9 5 69
71 9 5 82
71 9 5 13
71 9 5 10
71 9 5 65
71 9 5 77
71 9 5 28
71 9 6 8
71 9 6 41
71 9 6 71
71 9 6 19
71 9 6 1
71 9 6 63
71 9 6 78
71 9 6 75
71 9 6 10
71 9 6 69
71 9 6 83
71 9 6 39
71 9 6 1
71 9 6 59
71 9 6 71
71 9 6 17
71 9 6 6
71 9 6 69
71 9 6 76
71 9 6 86
71 9 7 1
71 9 7 35
71 9 7 83
71 9 7 52
71 9 7 9
71 9 7 58
71 9 7 80
71 9 7 59
71 9 7 8
71 9 7 48
71 9 7 76
71 9 7 84
71 9 7 10
71 9 7 53
71 9 7 84
71 9 7 21
71 9 7 8
71 9 7 61
71 9 7 80
71 9 7 17
71 9 8 1
71 9 8 47
71 9 8 86
71 9 8 63
71 9 8 6
71 9 8 50
71 9 8 76
71 9 8 55
71 9 8 2
71 9 8 38
71 9 8 86
71 9 8 33
71 9 8 8
71 9 8 68
71 9 8 87
71 9 8 77
71 9 8 8
71 9 8 35
71 9 8 74
71 9 8 9
71 9 9 2
71 9 9 44
71 9 9 83
71 9 9 41
71 9 9 5
71 9 9 66
71 9 9 86
71 9 9 67
71 9 9 1
71 9 9 56
71 9 9 80
71 9 9 78
71 9 9 7
71 9 9 44
71 9 9 85
71 9 9 22
71 9 9 9
71 9 9 66
71 9 9 85
71 9 9 59
71 9 10 5
71 9 10 39
71 9 10 78
71 9 10 16
71 9 10 1
71 9 10 49
71 9 10 88
71 9 10 19
71 9 10 3
71 9 10 64
71 9 10 79
71 9 10 87
71 9 10 8
71 9 10 54
71 9 10 85
71 9 10 70
71 9 10 7
71 9 10 38
71 9 10 73
71 9 10 78
71 9 11 5
71 9 11 40
71 9 11 73
71 9 11 64
71 9 11 8
71 9 11 61
71 9 11 79
71 9 11 88
71 9 11 10
71 9 11 58
71 9 11 77
71 9 11 87
71 9 11 8
71 9 11 70
71 9 11 76
71 9 11 48
71 9 11 9
71 9 11 62
71 9 11 77
71 9 11 82
71 9 12 1
71 9 12 69
71 9 12 74
71 9 12 31
71 9 12 4
71 9 12 52
71 9 12 85
71 9 12 38
71 9 12 1
71 9 12 45
71 9 12 85
71 9 12 61
71 9 12 10
71 9 12 55
71 9 12 80
71 9 12 58
71 9 12 10
71 9 12 35
71 9 12 73
71 9 12 12
71 9 13 1
71 9 13 67
71 9 13 81
71 9 13 69
71 9 13 9
71 9 13 43
71 9 13 76
71 9 13 73
71 9 13 2
71 9 13 58
71 9 13 86
71 9 13 49
71 9 13 10
71 9 13 63
71 9 13 83
71 9 13 1
71 9 13 9
71 9 13 38
71 9 13 82
71 9 13 68
71 9 14 10
71 9 14 68
71 9 14 87
71 9 14 21
71 9 14 3
71 9 14 42
71 9 14 79
71 9 14 60
71 9 14 7
71 9 14 43
71 9 14 85
71 9 14 69
71 9 14 9
71 9 14 60
71 9 14 87
71 9 14 34
71 9 14 8
71 9 14 67
71 9 14 87
71 9 14 70
71 10 1 1
71 10 1 47
71 10 1 73
71 10 1 10
71 10 1 10
71 10 1 35
71 10 1 83
71 10 1 3
71 10 1 9
71 10 1 58
71 10 1 81
71 10 1 82
71 10 1 1
71 10 1 67
71 10 1 85
71 10 1 8
71 10 1 4
71 10 1 66
71 10 1 80
71 10 1 8
71 10 2 1
71 10 2 62
71 10 2 81
71 10 2 45
71 10 2 8
71 10 2 46
71 10 2 77
71 10 2 8
71 10 2 6
71 10 2 62
71 10 2 88
71 10 2 28
71 10 2 10
71 10 2 46
71 10 2 79
71 10 2 79
71 10 2 10
71 10 2 57
71 10 2 87
71 10 2 56
71 10 3 4
71 10 3 48
71 10 3 77
71 10 3 11
71 10 3 7
71 10 3 71
71 10 3 74
71 10 3 49
71 10 3 2
71 10 3 39
71 10 3 82
71 10 3 43
71 10 3 6
71 10 3 39
71 10 3 82
71 10 3 11
71 10 3 9
71 10 3 71
71 10 3 86
71 10 3 19
71 10 4 9
71 10 4 62
71 10 4 72
71 10 4 30
71 10 4 10
71 10 4 40
71 10 4 76
71 10 4 27
71 10 4 2
71 10 4 39
71 10 4 86
71 10 4 57
71 10 4 10
71 10 4 40
71 10 4 77
71 10 4 38
71 10 4 9
71 10 4 37
71 10 4 82
71 10 4 23
71 10 5 4
71 10 5 58
71 10 5 75
71 10 5 79
71 10 5 5
71 10 5 35
71 10 5 74
71 10 5 7
71 10 5 1
71 10 5 47
71 10 5 79
71 10 5 84
71 10 5 6
71 10 5 67
71 10 5 84
71 10 5 87
71 10 5 5
71 10 5 36
71 10 5 74
71 10 5 51
71 10 6 5
71 10 6 43
71 10 6 80
71 10 6 2
71 10 6 4
71 10 6 59
71 10 6 72
71 10 6 8
71 10 6 8
71 10 6 56
71 10 6 82
71 10 6 36
71 10 6 2
71 10 6 45
71 10 6 83
71 10 6 8
71 10 6 9
71 10 6 40
71 10 6 74
71 10 6 52
71 10 7 6
71 10 7 50
71 10 7 87
71 10 7 31
71 10 7 3
71 10 7 43
71 10 7 83
71 10 7 63
71 10 7 6
71 10 7 42
71 10 7 81
71 10 7 87
71 10 7 5
71 10 7 38
71 10 7 83
71 10 7 22
71 10 7 3
71 10 7 45
71 10 7 86
71 10 7 79
71 10 8 8
71 10 8 71
71 10 8 72
71 10 8 53
71 10 8 7
71 10 8 52
71 10 8 85
71 10 8 84
71 10 8 6
71 10 8 50
71 10 8 73
71 10 8 39
71 10 8 3
71 10 8 68
71 10 8 87
71 10 8 51
71 10 8 10
71 10 8 56
71 10 8 77
71 10 8 82
71 10 9 3
71 10 9 42
71 10 9 73
71 10 9 79
71 10 9 4
71 10 9 48
71 10 9 77
71 10 9 75
71 10 9 8
71 10 9 44
71 10 9 72
71 10 9 60
71 10 9 2
71 10 9 58
71 10 9 86
71 10 9 73
71 10 9 8
71 10 9 49
71 10 9 80
71 10 9 41
71 10 10 2
71 10 10 64
71 10 10 85
71 10 10 50
71 10 10 2
71 10 10 37
71 10 10 71
71 10 10 20
71 10 10 9
71 10 10 46
71 10 10 83
71 10 10 84
71 10 10 10
71 10 10 38
71 10 10 80
71 10 10 39
71 10 10 8
71 10 10 57
71 10 10 79
71 10 10 85
71 10 11 6
71 10 11 38
71 10 11 87
71 10 11 22
71 10 11 8
71 10 11 67
71 10 11 73
71 10 11 78
71 10 11 9
71 10 11 67
71 10 11 84
71 10 11 69
71 10 11 7
71 10 11 52
71 10 11 87
71 10 11 59
71 10 11 3
71 10 11 65
71 10 11 80
71 10 11 8
71 10 12 7
71 10 12 44
71 10 12 71
71 10 12 51
71 10 12 8
71 10 12 66
71 10 12 87
71 10 12 76
71 10 12 3
71 10 12 68
71 10 12 88
71 10 12 14
71 10 12 6
71 10 12 56
71 10 12 71
71 10 12 65
71 10 12 3
71 10 12 67
71 10 12 75
71 10 12 67
71 10 13 7
71 10 13 61
71 10 13 77
71 10 13 58
71 10 13 10
71 10 13 43
71 10 13 72
71 10 13 5
71 10 13 2
71 10 13 51
71 10 13 79
71 10 13 32
71 10 13 1
71 10 13 67
71 10 13 86
71 10 13 16
71 10 13 3
71 10 13 46
71 10 13 78
71 10 13 70
71 10 14 2
71 10 14 60
71 10 14 83
71 10 14 11
71 10 14 4
71 10 14 35
71 10 14 81
71 10 14 29
71 10 14 7
71 10 14 47
71 10 14 77
71 10 14 38
71 10 14 9
71 10 14 48
71 10 14 85
71 10 14 4
71 10 14 10
71 10 14 37
71 10 14 71
71 10 14 26
71 11 1 2
71 11 1 38
71 11 1 86
71 11 1 62
71 11 1 6
71 11 1 38
71 11 1 87
71 11 1 43
71 11 1 7
71 11 1 58
71 11 1 75
71 11 1 65
71 11 1 2
71 11 1 49
71 11 1 76
71 11 1 59
71 11 1 8
71 11 1 70
71 11 1 83
71 11 1 17
71 11 2 2
71 11 2 47
71 11 2 74
71 11 2 82
71 11 2 8
71 11 2 66
71 11 2 74
71 11 2 34
71 11 2 3
71 11 2 67
71 11 2 77
71 11 2 72
71 11 2 8
71 11 2 36
71 11 2 73
71 11 2 30
71 11 2 9
71 11 2 55
71 11 2 73
71 11 2 2
71 11 3 1
71 11 3 69
71 11 3 76
71 11 3 77
71 11 3 7
71 11 3 37
71 11 3 81
71 11 3 73
71 11 3 6
71 11 3 39
71 11 3 87
71 11 3 13
71 11 3 1
71 11 3 67
71 11 3 71
71 11 3 55
71 11 3 10
71 11 3 64
71 11 3 83
71 11 3 51
71 11 4 6
71 11 4 49
71 11 4 71
71 11 4 7
71 11 4 10
71 11 4 51
71 11 4 72
71 11 4 10
71 11 4 3
71 11 4 61
71 11 4 81
71 11 4 29
71 11 4 9
71 11 4 46
71 11 4 79
71 11 4 73
71 11 4 3
71 11 4 55
71 11 4 78
71 11 4 82
71 11 5 9
71 11 5 63
71 11 5 88
71 11 5 82
71 11 5 5
71 11 5 44
71 11 5 85
71 11 5 29
71 11 5 3
71 11 5 56
71 11 5 73
71 11 5 19
71 11 5 9
71 11 5 66
71 11 5 74
71 11 5 51
71 11 5 7
71 11 5 61
71 11 5 82
71 11 5 27
71 11 6 10
71 11 6 39
71 11 6 76
71 11 6 59
71 11 6 8
71 11 6 51
71 11 6 74
71 11 6 63
71 11 6 6
71 11 6 48
71 11 6 83
71 11 6 4
71 11 6 7
71 11 6 37
71 11 6 84
71 11 6 30
71 11 6 2
71 11 6 71
71 11 6 87
71 11 6 26
71 11 7 3
71 11 7 63
71 11 7 72
71 11 7 31
71 11 7 9
71 11 7 51
71 11 7 80
71 11 7 86
71 11 7 1
71 11 7 53
71 11 7 73
71 11 7 80
71 11 7 8
71 11 7 50
71 11 7 77
71 11 7 54
71 11 7 2
71 11 7 36
71 11 7 81
71 11 7 30
71 11 8 5
71 11 8 47
71 11 8 83
71 11 8 32
71 11 8 10
71 11 8 54
71 11 8 71
71 11 8 66
71 11 8 7
71 11 8 40
71 11 8 77
71 11 8 10
71 11 8 2
71 11 8 70
71 11 8 80
71 11 8 43
71 11 8 3
71 11 8 69
71 11 8 84
71 11 8 27
71 11 9 5
71 11 9 56
71 11 9 73
71 11 9 40
71 11 9 1
71 11 9 68
71 11 9 74
71 11 9 63
71 11 9 7
71 11 9 55
71 11 9 71
71 11 9 46
71 11 9 5
71 11 9 41
71 11 9 83
71 11 9 51
71 11 9 9
71 11 9 56
71 11 9 72
71 11 9 32
71 11 10 8
71 11 10 39
71 11 10 73
71 11 10 86
71 11 10 7
71 11 10 45
71 11 10 88
71 11 10 36
71 11 10 9
71 11 10 45
71 11 10 81
71 11 10 82
71 11 10 2
71 11 10 41
71 11 10 82
71 11 10 78
71 11 10 5
71 11 10 50
71 11 10 76
71 11 10 13
71 11 11 4
71 11 11 40
71 11 11 85
71 11 11 59
71 11 11 1
71 11 11 44
71 11 11 73
71 11 11 76
71 11 11 7
71 11 11 59
71 11 11 74
71 11 11 41
71 11 11 2
71 11 11 47
71 11 11 78
71 11 11 43
71 11 11 9
71 11 11 37
71 11 11 71
71 11 11 71
71 11 12 10
71 11 12 53
71 11 12 76
71 11 12 24
71 11 12 3
71 11 12 39
71 11 12 83
71 11 12 33
71 11 12 9
71 11 12 70
71 11 12 81
71 11 12 33
71 11 12 7
71 11 12 52
71 11 12 83
71 11 12 54
71 11 12 6
71 11 12 39
71 11 12 82
71 11 12 46
71 11 13 8
71 11 13 55
71 11 13 74
71 11 13 79
71 11 13 5
71 11 13 64
71 11 13 87
71 11 13 81
71 11 13 8
71 11 13 56
71 11 13 81
71 11 13 55
71 11 13 2
71 11 13 57
71 11 13 76
71 11 13 23
71 11 13 4
71 11 13 44
71 11 13 76
71 11 13 23
71 11 14 9
71 11 14 60
71 11 14 71
71 11 14 1
71 11 14 6
71 11 14 38
71 11 14 72
71 11 14 16
71 11 14 10
71 11 14 49
71 11 14 73
71 11 14 5
71 11 14 9
71 11 14 51
71 11 14 84
71 11 14 55
71 11 14 7
71 11 14 64
71 11 14 72
71 11 14 42
71 12 1 1
71 12 1 40
71 12 1 76
71 12 1 82
71 12 1 1
71 12 1 42
71 12 1 73
71 12 1 72
71 12 1 3
71 12 1 63
71 12 1 73
71 12 1 1
71 12 1 6
71 12 1 67
71 12 1 82
71 12 1 8
71 12 1 2
71 12 1 50
71 12 1 73
71 12 1 19
71 12 2 9
71 12 2 54
71 12 2 80
71 12 2 30
71 12 2 8
71 12 2 40
71 12 2 75
71 12 2 35
71 12 2 4
71 12 2 40
71 12 2 83
71 12 2 80
71 12 2 6
71 12 2 47
71 12 2 77
71 12 2 71
71 12 2 4
71 12 2 68
71 12 2 86
71 12 2 60
71 12 3 4
71 12 3 64
71 12 3 87
71 12 3 86
71 12 3 7
71 12 3 51
71 12 3 75
71 12 3 36
71 12 3 8
71 12 3 45
71 12 3 83
71 12 3 78
71 12 3 9
71 12 3 63
71 12 3 77
71 12 3 10
71 12 3 8
71 12 3 36
71 12 3 75
71 12 3 58
71 12 4 6
71 12 4 65
71 12 4 87
71 12 4 66
71 12 4 5
71 12 4 60
71 12 4 71
71 12 4 75
71 12 4 3
71 12 4 45
71 12 4 82
71 12 4 22
71 12 4 5
71 12 4 54
71 12 4 71
71 12 4 28
71 12 4 1
71 12 4 59
71 12 4 76
71 12 4 78
71 12 5 7
71 12 5 68
71 12 5 77
71 12 5 10
71 12 5 5
71 12 5 56
71 12 5 82
71 12 5 35
71 12 5 8
71 12 5 48
71 12 5 73
71 12 5 70
71 12 5 8
71 12 5 63
71 12 5 76
71 12 5 86
71 12 5 6
71 12 5 52
71 12 5 83
71 12 5 29
71 12 6 2
71 12 6 59
71 12 6 80
71 12 6 20
71 12 6 5
71 12 6 52
71 12 6 81
71 12 6 20
71 12 6 1
71 12 6 38
71 12 6 75
71 12 6 8
71 12 6 4
71 12 6 67
71 12 6 71
71 12 6 36
71 12 6 4
71 12 6 70
71 12 6 81
71 12 6 26
71 12 7 2
71 12 7 54
71 12 7 75
71 12 7 47
71 12 7 2
71 12 7 67
71 12 7 80
71 12 7 64
71 12 7 1
71 12 7 47
71 12 7 85
71 12 7 86
71 12 7 4
71 12 7 68
71 12 7 78
71 12 7 47
71 12 7 6
71 12 7 50
71 12 7 74
71 12 7 28
71 12 8 6
71 12 8 56
71 12 8 81
71 12 8 41
71 12 8 8
71 12 8 71
71 12 8 85
71 12 8 74
71 12 8 4
71 12 8 40
71 12 8 85
71 12 8 40
71 12 8 2
71 12 8 60
71 12 8 82
71 12 8 88
71 12 8 9
71 12 8 65
71 12 8 79
71 12 8 69
71 12 9 10
71 12 9 46
71 12 9 71
71 12 9 87
71 12 9 10
71 12 9 60
71 12 9 86
71 12 9 44
71 12 9 3
71 12 9 49
71 12 9 77
71 12 9 20
71 12 9 8
71 12 9 48
71 12 9 73
71 12 9 49
71 12 9 7
71 12 9 51
71 12 9 78
71 12 9 8
71 12 10 7
71 12 10 37
71 12 10 86
71 12 10 60
71 12 10 8
71 12 10 54
71 12 10 75
71 12 10 40
71 12 10 10
71 12 10 61
71 12 10 87
71 12 10 8
71 12 10 4
71 12 10 69
71 12 10 76
71 12 10 73
71 12 10 3
71 12 10 63
71 12 10 74
71 12 10 22
71 12 11 7
71 12 11 55
71 12 11 77
71 12 11 12
71 12 11 1
71 12 11 48
71 12 11 75
71 12 11 48
71 12 11 7
71 12 11 58
71 12 11 77
71 12 11 69
71 12 11 6
71 12 11 36
71 12 11 78
71 12 11 36
71 12 11 4
71 12 11 68
71 12 11 75
71 12 11 46
71 12 12 3
71 12 12 50
71 12 12 84
71 12 12 5
71 12 12 8
71 12 12 52
71 12 12 86
71 12 12 86
71 12 12 4
71 12 12 71
71 12 12 74
71 12 12 6
71 13 9 71
71 13 9 78
71 13 9 1
71 13 9 51
71 13 9 82
71 13 9 80
71 13 9 9
71 13 9 70
71 13 9 73
71 13 9 13
71 13 10 8
71 13 10 65
71 13 10 73
71 13 10 86
71 13 10 10
71 13 10 69
71 13 10 86
71 13 10 59
71 13 10 4
71 13 10 71
71 13 10 77
71 13 10 72
71 13 10 3
71 13 10 71
71 13 10 81
71 13 10 37
71 13 10 8
71 13 10 64
71 13 10 78
71 13 10 27
71 13 11 2
71 13 11 63
71 13 11 83
71 13 11 24
71 13 11 3
71 13 11 48
71 13 11 77
71 13 11 31
71 13 11 9
71 13 11 53
71 13 11 74
71 13 11 78
71 13 11 2
71 13 11 63
71 13 11 71
71 13 11 67
71 13 11 8
71 13 11 48
71 13 11 76
71 13 11 68
71 13 12 7
71 13 12 56
71 13 12 82
71 13 12 39
71 13 12 10
71 13 12 63
71 13 12 81
71 13 12 46
71 13 12 1
71 13 12 46
71 13 12 72
71 13 12 2
71 13 12 6
71 13 12 57
71 13 12 85
71 13 12 71
71 13 12 8
71 13 12 39
71 13 12 78
71 13 12 60
71 13 13 9
71 13 13 70
71 13 13 73
71 13 13 11
71 13 13 10
71 13 13 59
71 13 13 73
71 13 13 68
71 13 13 8
71 13 13 50
71 13 13 85
71 13 13 77
71 13 13 5
71 13 13 39
71 13 13 81
71 13 13 51
71 13 13 3
71 13 13 63
71 13 13 86
71 13 13 68
71 13 14 9
71 13 14 41
71 13 14 76
71 13 14 63
71 13 14 7
71 13 14 56
71 13 14 72
71 13 14 8
71 13 14 10
71 13 14 46
71 13 14 80
71 13 14 68
71 13 14 10
71 13 14 63
71 13 14 78
71 13 14 74
71 13 14 1
71 13 14 68
71 13 14 84
71 13 14 39
71 14 1 10
71 14 1 66
71 14 1 79
71 14 1 76
71 14 1 9
71 14 1 66
71 14 1 74
71 14 1 24
71 14 1 8
71 14 1 47
71 14 1 77
71 14 1 55
71 14 1 4
71 14 1 63
71 14 1 87
71 14 1 19
71 14 1 10
71 14 1 65
71 14 1 83
71 14 1 66
71 14 2 5
71 14 2 62
71 14 2 83
71 14 2 61
71 14 2 10
71 14 2 43
71 14 2 74
71 14 2 45
71 14 2 2
71 14 2 50
71 14 2 80
71 14 2 84
71 14 2 3
71 14 2 39
71 14 2 85
71 14 2 23
71 14 2 8
71 14 2 46
71 14 2 77
71 14 2 49
71 14 3 6
71 14 3 44
71 14 3 73
71 14 3 67
71 14 3 5
71 14 3 55
71 14 3 73
71 14 3 73
71 14 3 4
71 14 3 69
71 14 3 85
71 14 3 22
71 14 3 9
71 14 3 53
71 14 3 88
71 14 3 26
71 14 3 6
71 14 3 35
71 14 3 86
71 14 3 71
71 14 4 1
71 14 4 51
71 14 4 78
71 14 4 4
71 14 4 6
71 14 4 62
71 14 4 77
71 14 4 33
71 14 4 5
71 14 4 61
71 14 4 82
71 14 4 4
71 14 4 8
71 14 4 67
71 14 4 81
71 14 4 19
71 14 4 6
71 14 4 60
71 14 4 80
71 14 4 18
71 14 5 9
71 14 5 58
71 14 5 87
71 14 5 83
71 14 5 7
71 14 5 63
71 14 5 83
71 14 5 85
71 14 5 4
71 14 5 37
71 14 5 72
71 14 5 15
71 14 5 1
71 14 5 56
71 14 5 81
71 14 5 43
71 14 5 7
71 14 5 38
71 14 5 79
71 14 5 36
71 14 6 5
71 14 6 52
71 14 6 81
71 14 6 28
71 14 6 6
71 14 6 67
71 14 6 82
71 14 6 40
71 14 6 2
71 14 6 47
71 14 6 74
71 14 6 80
71 14 6 10
71 14 6 54
71 14 6 73
71 14 6 79
71 14 6 4
71 14 6 37
71 14 6 71
71 14 6 17
71 14 7 9
71 14 7 56
71 14 7 80
71 14 7 72
71 14 7 7
71 14 7 41
71 14 7 81
71 14 7 38
71 14 7 5
71 14 7 45
71 14 7 81
71 14 7 43
71 14 7 10
71 14 7 67
71 14 7 75
71 14 7 55
71 14 7 7
71 14 7 46
71 14 7 83
71 14 7 5
71 14 8 7
71 14 8 58
71 14 8 73
71 14 8 28
71 14 8 5
71 14 8 56
71 14 8 81
71 14 8 8
71 14 8 3
71 14 8 53
71 14 8 85
71 14 8 2
71 14 8 9
71 14 8 37
71 14 8 87
71 14 8 80
71 14 8 8
71 14 8 50
71 14 8 85
71 14 8 15
71 14 9 1
71 14 9 45
71 14 9 81
71 14 9 58
71 14 9 4
71 14 9 44
71 14 9 77
71 14 9 41
71 14 9 2
71 14 9 69
71 14 9 83
71 14 9 50
71 14 9 8
71 14 9 50
71 14 9 79
71 14 9 12
71 14 9 9
71 14 9 63
71 14 9 80
71 14 9 1
71 14 10 10
71 14 10 44
71 14 10 85
71 14 10 78
71 14 10 10
71 14 10 62
71 14 10 79
71 14 10 34
71 14 10 3
71 14 10 40
71 14 10 83
71 14 10 68
71 14 10 6
71 14 10 60
71 14 10 87
71 14 10 24
71 14 10 10
71 14 10 69
71 14 10 76
71 14 10 63
71 14 11 10
71 14 11 64
71 14 11 76
71 14 11 50
71 14 11 7
71 14 11 70
71 14 11 88
71 14 11 26
71 14 11 8
71 14 11 67
71 14 11 74
71 14 11 63
71 14 11 4
71 14 11 60
71 14 11 87
71 14 11 57
71 14 11 9
71 14 11 44
71 14 11 74
71 14 11 88
71 14 12 2
71 14 12 53
71 14 12 88
71 14 12 30
71 14 12 9
71 14 12 67
71 14 12 84
71 14 12 38
71 14 12 3
71 14 12 35
71 14 12 79
71 14 12 7
71 14 12 4
71 14 12 39
71 14 12 84
71 14 12 6
71 14 12 7
71 14 12 49
71 14 12 79
71 14 12 43
71 14 13 6
71 14 13 44
71 14 13 80
71 14 13 35
71 14 13 8
71 14 13 61
71 14 13 80
71 14 13 22
71 14 13 7
71 14 13 60
71 14 13 82
71 14 13 60
71 14 13 7
71 14 13 45
71 14 13 78
71 14 13 17
71 14 13 9
71 14 13 54
71 14 13 79
71 14 13 9
71 14 14 4
71 14 14 43
71 14 14 88
71 14 14 24
71 14 14 3
71 14 14 67
71 14 14 85
71 14 14 82
71 14 14 8
71 14 14 48
71 14 14 85
71 14 14 12
71 14 14 3
71 14 14 38
71 14 14 87
71 14 14 51
71 14 14 5
71 14 14 70
71 14 14 72
71 14 14 57
73 1 1 7
73 1 1 56
73 1 1 81
73 1 1 38
73 1 1 2
73 1 1 38
73 1 1 73
73 1 1 17
73 1 1 6
73 1 1 43
73 1 1 89
73 1 1 54
73 1 1 1
73 1 1 60
73 1 1 83
73 1 1 85
73 1 1 6
73 1 1 42
73 1 1 84
73 1 1 34
73 1 2 2
73 1 2 41
73 1 2 83
73 1 2 55
73 1 2 1
73 1 2 64
73 1 2 82
73 1 2 71
73 1 2 1
73 1 2 51
73 1 2 87
73 1 2 54
73 1 2 8
73 1 2 49
73 1 2 76
73 1 2 45
73 1 2 7
73 1 2 54
73 1 2 78
73 1 2 43
73 1 3 3
73 1 3 73
73 1 3 75
73 1 3 71
73 1 3 1
73 1 3 66
73 1 3 77
73 1 3 64
73 1 3 10
73 1 3 64
73 1 3 83
73 1 3 12
73 1 3 8
73 1 3 71
73 1 3 81
73 1 3 24
73 1 3 2
73 1 3 40
73 1 3 74
73 1 3 50
73 1 4 9
73 1 4 61
73 1 4 84
73 1 4 34
73 1 4 8
73 1 4 59
73 1 4 83
73 1 4 90
73 1 4 8
73 1 4 51
73 1 4 79
73 1 4 55
73 1 4 4
73 1 4 42
73 1 4 75
73 1 4 80
73 1 4 6
73 1 4 71
73 1 4 78
73 1 4 81
73 1 5 1
73 1 5 68
73 1 5 74
73 1 5 43
73 1 5 3
73 1 5 73
73 1 5 79
73 1 5 25
73 1 5 9
73 1 5 48
73 1 5 85
73 1 5 29
73 1 5 4
73 1 5 54
73 1 5 85
73 1 5 43
73 1 5 2
73 1 5 37
73 1 5 80
73 1 5 83
73 1 6 3
73 1 6 48
73 1 6 89
73 1 6 55
73 1 6 3
73 1 6 38
73 1 6 77
73 1 6 89
73 1 6 9
73 1 6 46
73 1 6 78
73 1 6 13
73 1 6 7
73 1 6 38
73 1 6 78
73 1 6 43
73 1 6 7
73 1 6 61
73 1 6 80
73 1 6 29
73 1 7 8
73 1 7 39
73 1 7 84
73 1 7 3
73 1 7 9
73 1 7 71
73 1 7 76
73 1 7 48
73 1 7 1
73 1 7 46
73 1 7 73
73 1 7 84
73 1 7 8
73 1 7 64
73 1 7 84
73 1 7 26
73 1 7 2
73 1 7 56
73 1 7 79
73 1 7 10
73 1 8 8
73 1 8 58
73 1 8 90
73 1 8 21
73 1 8 8
73 1 8 40
73 1 8 84
73 1 8 52
73 1 8 6
73 1 8 73
73 1 8 73
73 1 8 25
73 1 8 3
73 1 8 51
73 1 8 86
73 1 8 78
73 1 8 4
73 1 8 73
73 1 8 87
73 1 8 28
73 1 9 10
73 1 9 43
73 1 9 83
73 1 9 86
73 1 9 3
73 1 9 54
73 1 9 79
73 1 9 35
73 1 9 4
73 1 9 73
73 1 9 78
73 1 9 88
73 1 9 5
73 1 9 40
73 1 9 86
73 1 9 36
73 1 9 8
73 1 9 41
73 1 9 88
73 1 9 66
73 1 10 1
73 1 10 53
73 1 10 86
73 1 10 84
73 1 10 3
73 1 10 68
73 1 10 76
73 1 10 17
73 1 10 3
73 1 10 53
73 1 10 90
73 1 10 14
73 1 10 9
73 1 10 64
73 1 10 85
73 1 10 57
73 1 10 2
73 1 10 49
73 1 10 81
73 1 10 16
73 1 11 4
73 1 11 45
73 1 11 84
73 1 11 15
73 1 11 2
73 1 11 72
73 1 11 90
73 1 11 82
73 1 11 8
73 1 11 57
73 1 11 85
73 1 11 11
73 1 11 10
73 1 11 52
73 1 11 89
73 1 11 67
73 1 11 10
73 1 11 45
73 1 11 90
73 1 11 75
73 1 12 8
73 1 12 46
73 1 12 83
73 1 12 75
73 1 12 10
73 1 12 67
73 1 12 75
73 1 12 60
73 1 12 8
73 1 12 67
73 1 12 87
73 1 12 11
73 1 12 1
73 1 12 55
73 1 12 75
73 1 12 39
73 1 12 4
73 1 12 51
73 1 12 83
73 1 12 82
73 1 13 10
73 1 13 68
73 1 13 77
73 1 13 12
73 1 13 5
73 1 13 53
73 1 13 77
73 1 13 34
73 1 13 8
73 1 13 58
73 1 13 73
73 1 13 50
73 1 13 6
73 1 13 69
73 1 13 84
73 1 13 54
73 1 13 6
73 1 13 45
73 1 13 76
73 1 13 36
73 1 14 7
73 1 14 70
73 1 14 88
73 1 14 73
73 1 14 8
73 1 14 71
73 1 14 86
73 1 14 58
73 1 14 9
73 1 14 66
73 1 14 90
73 1 14 61
73 1 14 4
73 1 14 69
73 1 14 87
73 1 14 66
73 1 14 2
73 1 14 69
73 1 14 84
73 1 14 20
73 2 1 1
73 2 1 63
73 2 1 74
73 2 1 78
73 2 1 9
73 2 1 60
73 2 1 76
73 2 1 69
73 2 1 4
73 2 1 71
73 2 1 75
73 2 1 89
73 2 1 7
73 2 1 38
73 2 1 82
73 2 1 55
73 2 1 2
73 2 1 65
73 2 1 74
73 2 1 42
73 2 2 3
73 2 2 63
73 2 2 83
73 2 2 80
73 2 2 4
73 2 2 52
73 2 2 90
73 2 2 83
73 2 2 3
73 2 2 41
73 2 2 88
73 2 2 15
73 2 2 7
73 2 2 54
73 2 2 89
73 2 2 18
73 2 2 10
73 2 2 54
73 2 2 83
73 2 2 67
73 2 3 9
73 2 3 62
73 2 3 79
73 2 3 63
73 2 3 2
73 2 3 65
73 2 3 80
73 2 3 64
73 2 3 2
73 2 3 45
73 2 3 87
73 2 3 66
73 2 3 6
73 2 3 40
73 2 3 75
73 2 3 18
73 2 3 6
73 2 3 56
73 2 3 80
73 2 3 11
73 2 4 5
73 2 4 55
73 2 4 85
73 2 4 56
73 2 4 6
73 2 4 57
73 2 4 76
73 2 4 68
73 2 4 9
73 2 4 43
73 2 4 90
73 2 4 75
73 2 4 3
73 2 4 49
73 2 4 82
73 2 4 46
73 2 4 8
73 2 4 67
73 2 4 84
73 2 4 34
73 2 5 8
73 2 5 62
73 2 5 90
73 2 5 23
73 2 5 9
73 2 5 71
73 2 5 75
73 2 5 73
73 2 5 10
73 2 5 59
73 2 5 73
73 2 5 53
73 2 5 6
73 2 5 55
73 2 5 84
73 2 5 2
73 2 5 7
73 2 5 47
73 2 5 82
73 2 5 60
73 2 6 5
73 2 6 60
73 2 6 87
73 2 6 42
73 2 6 1
73 2 6 61
73 2 6 73
73 2 6 28
73 2 6 4
73 2 6 64
73 2 6 88
73 2 6 88
73 2 6 10
73 2 6 69
73 2 6 76
73 2 6 58
73 2 6 1
73 2 6 73
73 2 6 80
73 2 6 9
73 2 7 8
73 2 7 64
73 2 7 85
73 2 7 15
73 2 7 10
73 2 7 42
73 2 7 85
73 2 7 28
73 2 7 10
73 2 7 55
73 2 7 73
73 2 7 70
73 2 7 1
73 2 7 65
73 2 7 83
73 2 7 61
73 2 7 8
73 2 7 56
73 2 7 88
73 2 7 57
73 2 8 4
73 2 8 73
73 2 8 89
73 2 8 19
73 2 8 1
73 2 8 36
73 2 8 89
73 2 8 66
73 2 8 2
73 2 8 73
73 2 8 85
73 2 8 78
73 2 8 9
73 2 8 51
73 2 8 87
73 2 8 28
73 2 8 7
73 2 8 43
73 2 8 76
73 2 8 74
73 2 9 10
73 2 9 38
73 2 9 78
73 2 9 71
73 2 9 1
73 2 9 51
73 2 9 74
73 2 9 17
73 2 9 1
73 2 9 55
73 2 9 87
73 2 9 86
73 2 9 2
73 2 9 64
73 2 9 81
73 2 9 23
73 2 9 7
73 2 9 72
73 2 9 85
73 2 9 7
73 2 10 8
73 2 10 61
73 2 10 88
73 2 10 14
73 2 10 1
73 2 10 73
73 2 10 78
73 2 10 20
73 2 10 6
73 2 10 37
73 2 10 75
73 2 10 79
73 2 10 4
73 2 10 56
73 2 10 75
73 2 10 75
73 2 10 2
73 2 10 54
73 2 10 86
73 2 10 28
73 2 11 9
73 2 11 45
73 2 11 89
73 2 11 82
73 2 11 7
73 2 11 67
73 2 11 88
73 2 11 13
73 2 11 2
73 2 11 68
73 2 11 74
73 2 11 17
73 2 11 2
73 2 11 62
73 2 11 88
73 2 11 70
73 2 11 8
73 2 11 41
73 2 11 81
73 2 11 50
73 2 12 8
73 2 12 40
73 2 12 78
73 2 12 75
73 2 12 5
73 2 12 52
73 2 12 85
73 2 12 56
73 2 12 8
73 2 12 57
73 2 12 80
73 2 12 35
73 2 12 10
73 2 12 53
73 2 12 83
73 2 12 86
73 2 12 10
73 2 12 50
73 2 12 73
73 2 12 26
73 2 13 3
73 2 13 71
73 2 13 86
73 2 13 53
73 2 13 9
73 2 13 72
73 2 13 86
73 2 13 9
73 2 13 5
73 2 13 53
73 2 13 82
73 2 13 83
73 2 13 6
73 2 13 42
73 2 13 80
73 2 13 89
73 2 13 3
73 2 13 58
73 2 13 77
73 2 13 60
73 2 14 9
73 2 14 38
73 2 14 75
73 2 14 16
73 2 14 10
73 2 14 60
73 2 14 74
73 2 14 86
73 2 14 10
73 2 14 46
73 2 14 83
73 2 14 69
73 2 14 9
73 2 14 42
73 2 14 73
73 2 14 85
73 2 14 1
73 2 14 58
73 2 14 87
73 2 14 18
73 3 1 4
73 3 1 68
73 3 1 78
73 3 1 70
73 3 1 7
73 3 1 58
73 3 1 90
73 3 1 3
73 3 1 1
73 3 1 43
73 3 1 87
73 3 1 12
73 3 1 6
73 3 1 43
73 3 1 85
73 3 1 43
73 3 1 5
73 3 1 63
73 3 1 76
73 3 1 10
73 3 2 9
73 3 2 46
73 3 2 89
73 3 2 27
73 3 2 7
73 3 2 41
73 3 2 84
73 3 2 8
73 3 2 3
73 3 2 38
73 3 2 85
73 3 2 53
73 3 2 7
73 3 2 49
73 3 2 77
73 3 2 75
73 3 2 3
73 3 2 72
73 3 2 80
73 3 2 21
73 3 3 7
73 3 3 68
73 3 3 77
73 3 3 37
73 3 3 4
73 3 3 59
73 3 3 82
73 3 3 77
73 3 3 10
73 3 3 69
73 3 3 88
73 3 3 86
73 3 3 10
73 3 3 50
73 3 3 83
73 3 3 77
73 3 3 2
73 3 3 62
73 3 3 75
73 3 3 49
73 3 4 6
73 3 4 45
73 3 4 84
73 3 4 85
73 3 4 9
73 3 4 47
73 3 4 90
73 3 4 84
73 3 4 3
73 3 4 38
73 3 4 78
73 3 4 78
73 3 4 8
73 3 4 49
73 3 4 78
73 3 4 67
73 3 4 6
73 3 4 37
73 3 4 87
73 3 4 52
73 3 5 4
73 3 5 71
73 3 5 88
73 3 5 71
73 3 5 2
73 3 5 61
73 3 5 83
73 3 5 46
73 3 5 6
73 3 5 47
73 3 5 81
73 3 5 85
73 3 5 1
73 3 5 63
73 3 5 84
73 3 5 58
73 3 5 8
73 3 5 56
73 3 5 88
73 3 5 51
73 3 6 1
73 3 6 60
73 3 6 77
73 3 6 60
73 3 6 3
73 3 6 55
73 3 6 82
73 3 6 25
73 3 6 10
73 3 6 65
73 3 6 75
73 3 6 23
73 3 6 1
73 3 6 36
73 3 6 73
73 3 6 14
73 3 6 4
73 3 6 72
73 3 6 86
73 3 6 31
73 3 7 8
73 3 7 47
73 3 7 73
73 3 7 88
73 3 7 8
73 3 7 66
73 3 7 83
73 3 7 42
73 3 7 1
73 3 7 42
73 3 7 90
73 3 7 14
73 3 7 2
73 3 7 61
73 3 7 81
73 3 7 64
73 3 7 5
73 3 7 41
73 3 7 89
73 3 7 54
73 3 8 10
73 3 8 48
73 3 8 87
73 3 8 23
73 3 8 8
73 3 8 39
73 3 8 86
73 3 8 8
73 3 8 5
73 3 8 67
73 3 8 85
73 3 8 88
73 3 8 4
73 3 8 36
73 3 8 79
73 3 8 47
73 3 8 10
73 3 8 45
73 3 8 83
73 3 8 71
73 3 9 1
73 3 9 57
73 3 9 85
73 3 9 77
73 3 9 8
73 3 9 69
73 3 9 77
73 3 9 89
73 3 9 7
73 3 9 44
73 3 9 73
73 3 9 26
73 3 9 7
73 3 9 49
73 3 9 79
73 3 9 40
73 3 9 1
73 3 9 56
73 3 9 81
73 3 9 70
73 3 10 2
73 3 10 48
73 3 10 74
73 3 10 81
73 3 10 4
73 3 10 63
73 3 10 81
73 3 10 26
73 3 10 9
73 3 10 37
73 3 10 82
73 3 10 29
73 3 10 2
73 3 10 48
73 3 10 85
73 3 10 70
73 3 10 4
73 3 10 58
73 3 10 77
73 3 10 61
73 3 11 9
73 3 11 47
73 3 11 90
73 3 11 10
73 3 11 8
73 3 11 66
73 3 11 83
73 3 11 39
73 3 11 1
73 3 11 36
73 3 11 85
73 3 11 78
73 3 11 5
73 3 11 38
73 3 11 83
73 3 11 84
73 3 11 3
73 3 11 69
73 3 11 76
73 3 11 83
73 3 12 9
73 3 12 46
73 3 12 81
73 3 12 62
73 3 12 5
73 3 12 55
73 3 12 73
73 3 12 71
73 3 12 8
73 3 12 48
73 3 12 90
73 3 12 47
73 3 12 4
73 3 12 61
73 3 12 74
73 3 12 49
73 3 12 4
73 3 12 67
73 3 12 86
73 3 12 18
73 3 13 1
73 3 13 53
73 3 13 90
73 3 13 57
73 3 13 5
73 3 13 38
73 3 13 86
73 3 13 44
73 3 13 4
73 3 13 53
73 3 13 79
73 3 13 14
73 3 13 1
73 3 13 65
73 3 13 86
73 3 13 26
73 3 13 10
73 3 13 60
73 3 13 87
73 3 13 79
73 3 14 2
73 3 14 63
73 3 14 82
73 3 14 43
73 3 14 7
73 3 14 72
73 3 14 74
73 3 14 1
73 3 14 2
73 3 14 42
73 3 14 85
73 3 14 69
73 3 14 10
73 3 14 37
73 3 14 88
73 3 14 14
73 3 14 10
73 3 14 49
73 3 14 83
73 3 14 21
73 4 1 9
73 4 1 44
73 4 1 88
73 4 1 63
73 4 1 3
73 4 1 38
73 4 1 89
73 4 1 56
73 4 1 8
73 4 1 67
73 4 1 85
73 4 1 37
73 4 1 5
73 4 1 48
73 4 1 86
73 4 1 10
73 4 1 7
73 4 1 38
73 4 1 78
73 4 1 18
73 4 2 4
73 4 2 55
73 4 2 74
73 4 2 43
73 4 2 8
73 4 2 68
73 4 2 86
73 4 2 86
73 4 2 7
73 4 2 46
73 4 2 76
73 4 2 85
73 4 2 10
73 4 2 60
73 4 2 73
73 4 2 30
73 4 2 10
73 4 2 57
73 4 2 81
73 4 2 41
73 4 3 9
73 4 3 45
73 4 3 83
73 4 3 6
73 4 3 1
73 4 3 52
73 4 3 83
73 4 3 10
73 4 3 2
73 4 3 54
73 4 3 75
73 4 3 14
73 4 3 3
73 4 3 37
73 4 3 86
73 4 3 58
73 4 3 3
73 4 3 36
73 4 3 83
73 4 3 63
73 4 4 8
73 4 4 51
73 4 4 85
73 4 4 27
73 4 4 1
73 4 4 55
73 4 4 87
73 4 4 50
73 4 4 2
73 4 4 61
73 4 4 88
73 4 4 68
73 4 4 4
73 4 4 68
73 4 4 83
73 4 4 32
73 4 4 5
73 4 4 69
73 4 4 79
73 4 4 71
73 4 5 9
73 4 5 71
73 4 5 83
73 4 5 52
73 4 5 6
73 4 5 55
73 4 5 77
73 4 5 67
73 4 5 5
73 4 5 67
73 4 5 80
73 4 5 6
73 4 5 9
73 4 5 38
73 4 5 81
73 4 5 51
73 4 5 10
73 4 5 66
73 4 5 87
73 4 5 15
73 4 6 3
73 4 6 43
73 4 6 76
73 4 6 51
73 4 6 6
73 4 6 64
73 4 6 73
73 4 6 13
73 4 6 7
73 4 6 39
73 4 6 88
73 4 6 69
73 4 6 8
73 4 6 53
73 4 6 88
73 4 6 6
73 4 6 7
73 4 6 40
73 4 6 90
73 4 6 30
73 4 7 2
73 4 7 37
73 4 7 83
73 4 7 59
73 4 7 8
73 4 7 39
73 4 7 79
73 4 7 18
73 4 7 6
73 4 7 67
73 4 7 90
73 4 7 4
73 4 7 8
73 4 7 51
73 4 7 75
73 4 7 29
73 4 7 4
73 4 7 51
73 4 7 73
73 4 7 45
73 4 8 8
73 4 8 68
73 4 8 76
73 4 8 74
73 4 8 9
73 4 8 73
73 4 8 74
73 4 8 48
73 4 8 10
73 4 8 68
73 4 8 78
73 4 8 1
73 4 8 6
73 4 8 53
73 4 8 82
73 4 8 1
73 4 8 3
73 4 8 69
73 4 8 73
73 4 8 68
73 4 9 1
73 4 9 48
73 4 9 85
73 4 9 83
73 4 9 4
73 4 9 48
73 4 9 82
73 4 9 75
73 4 9 3
73 4 9 72
73 4 9 87
73 4 9 5
73 4 9 10
73 4 9 69
73 4 9 79
73 4 9 21
73 4 9 7
73 4 9 66
73 4 9 84
73 4 9 73
73 4 10 3
73 4 10 73
73 4 10 77
73 4 10 86
73 4 10 2
73 4 10 56
73 4 10 86
73 4 10 90
73 4 10 6
73 4 10 59
73 4 10 89
73 4 10 60
73 4 10 10
73 4 10 47
73 4 10 75
73 4 10 12
73 4 10 8
73 4 10 37
73 4 10 77
73 4 10 18
73 4 11 5
73 4 11 71
73 4 11 77
73 4 11 61
73 4 11 6
73 4 11 62
73 4 11 85
73 4 11 79
73 4 11 3
73 4 11 57
73 4 11 82
73 4 11 50
73 4 11 1
73 4 11 56
73 4 11 79
73 4 11 45
73 4 11 6
73 4 11 41
73 4 11 85
73 4 11 61
73 4 12 10
73 4 12 67
73 4 12 75
73 4 12 73
73 4 12 5
73 4 12 37
73 4 12 73
73 4 12 67
73 4 12 8
73 4 12 73
73 4 12 78
73 4 12 16
73 4 12 1
73 4 12 44
73 4 12 77
73 4 12 80
73 4 12 5
73 4 12 62
73 4 12 79
73 4 12 5
73 4 13 6
73 4 13 52
73 4 13 79
73 4 13 17
73 4 13 10
73 4 13 54
73 4 13 87
73 4 13 39
73 4 13 7
73 4 13 52
73 4 13 83
73 4 13 50
73 4 13 9
73 4 13 66
73 4 13 73
73 4 13 1
73 4 13 1
73 4 13 63
73 4 13 76
73 4 13 59
73 4 14 4
73 4 14 41
73 4 14 87
73 4 14 70
73 4 14 7
73 4 14 62
73 4 14 81
73 4 14 84
73 4 14 6
73 4 14 68
73 4 14 80
73 4 14 67
73 4 14 5
73 4 14 67
73 4 14 74
73 4 14 9
73 4 14 4
73 4 14 64
73 4 14 81
73 4 14 76
73 5 1 5
73 5 1 48
73 5 1 76
73 5 1 48
73 5 1 9
73 5 1 45
73 5 1 83
73 5 1 50
73 5 1 7
73 5 1 45
73 5 1 83
73 5 1 71
73 5 1 2
73 5 1 61
73 5 1 83
73 5 1 69
73 5 1 7
73 5 1 70
73 5 1 73
73 5 1 34
73 5 2 6
73 5 2 65
73 5 2 86
73 5 2 24
73 5 2 6
73 5 2 49
73 5 2 80
73 5 2 47
73 5 2 3
73 5 2 72
73 5 2 81
73 5 2 62
73 5 2 8
73 5 2 52
73 5 2 89
73 5 2 86
73 5 2 8
73 5 2 72
73 5 2 78
73 5 2 80
73 5 3 1
73 5 3 67
73 5 3 88
73 5 3 33
73 5 3 8
73 5 3 47
73 5 3 88
73 5 3 1
73 5 3 9
73 5 3 40
73 5 3 80
73 5 3 69
73 5 3 8
73 5 3 57
73 5 3 74
73 5 3 10
73 5 3 4
73 5 3 64
73 5 3 78
73 5 3 33
73 5 4 9
73 5 4 72
73 5 4 82
73 5 4 43
73 5 4 1
73 5 4 49
73 5 4 77
73 5 4 72
73 5 4 8
73 5 4 57
73 5 4 82
73 5 4 74
73 5 4 9
73 5 4 62
73 5 4 73
73 5 4 85
73 5 4 6
73 5 4 68
73 5 4 86
73 5 4 82
73 5 5 4
73 5 5 51
73 5 5 87
73 5 5 18
73 5 5 4
73 5 5 59
73 5 5 81
73 5 5 65
73 5 5 7
73 5 5 49
73 5 5 74
73 5 5 10
73 5 5 7
73 5 5 56
73 5 5 82
73 5 5 70
73 5 5 5
73 5 5 47
73 5 5 88
73 5 5 49
73 5 6 6
73 5 6 65
73 5 6 89
73 5 6 47
73 5 6 3
73 5 6 67
73 5 6 73
73 5 6 4
73 5 6 3
73 5 6 72
73 5 6 79
73 5 6 52
73 5 6 10
73 5 6 59
73 5 6 77
73 5 6 86
73 5 6 5
73 5 6 43
73 5 6 73
73 5 6 62
73 5 7 5
73 5 7 56
73 5 7 83
73 5 7 39
73 5 7 10
73 5 7 39
73 5 7 81
73 5 7 34
73 5 7 2
73 5 7 72
73 5 7 83
73 5 7 48
73 5 7 8
73 5 7 64
73 5 7 73
73 5 7 35
73 5 7 10
73 5 7 71
73 5 7 84
73 5 7 58
73 5 8 3
73 5 8 61
73 5 8 76
73 5 8 67
73 5 8 1
73 5 8 70
73 5 8 76
73 5 8 63
73 5 8 10
73 5 8 60
73 5 8 87
73 5 8 76
73 5 8 8
73 5 8 61
73 5 8 74
73 5 8 56
73 5 8 3
73 5 8 70
73 5 8 76
73 5 8 20
73 5 9 7
73 5 9 66
73 5 9 78
73 5 9 5
73 5 9 2
73 5 9 60
73 5 9 89
73 5 9 45
73 5 9 6
73 5 9 67
73 5 9 90
73 5 9 76
73 5 9 9
73 5 9 69
73 5 9 73
73 5 9 52
73 5 9 6
73 5 9 67
73 5 9 80
73 5 9 77
73 5 10 1
73 5 10 71
73 5 10 84
73 5 10 73
73 5 10 5
73 5 10 54
73 5 10 75
73 5 10 17
73 5 10 5
73 5 10 60
73 5 10 75
73 5 10 55
73 5 10 10
73 5 10 52
73 5 10 88
73 5 10 71
73 5 10 10
73 5 10 73
73 5 10 84
73 5 10 3
73 5 11 5
73 5 11 70
73 5 11 74
73 5 11 57
73 5 11 7
73 5 11 61
73 5 11 88
73 5 11 31
73 5 11 6
73 5 11 48
73 5 11 81
73 5 11 61
73 5 11 1
73 5 11 36
73 5 11 90
73 5 11 85
73 5 11 3
73 5 11 69
73 5 11 77
73 5 11 33
73 5 12 4
73 5 12 38
73 5 12 73
73 5 12 49
73 5 12 3
73 5 12 71
73 5 12 89
73 5 12 47
73 5 12 8
73 5 12 72
73 5 12 82
73 5 12 33
73 5 12 5
73 5 12 43
73 5 12 74
73 5 12 59
73 5 12 8
73 5 12 44
73 5 12 83
73 5 12 52
73 5 13 10
73 5 13 68
73 5 13 89
73 5 13 80
73 5 13 4
73 5 13 71
73 5 13 79
73 5 13 37
73 5 13 2
73 5 13 36
73 5 13 90
73 5 13 63
73 5 13 7
73 5 13 39
73 5 13 82
73 5 13 25
73 5 13 2
73 5 13 50
73 5 13 76
73 5 13 64
73 5 14 4
73 5 14 59
73 5 14 89
73 5 14 35
73 5 14 3
73 5 14 52
73 5 14 74
73 5 14 40
73 5 14 6
73 5 14 65
73 5 14 80
73 5 14 66
73 5 14 3
73 5 14 63
73 5 14 79
73 5 14 70
73 5 14 4
73 5 14 47
73 5 14 84
73 5 14 85
73 6 1 7
73 6 1 63
73 6 1 88
73 6 1 35
73 6 1 6
73 6 1 61
73 6 1 81
73 6 1 24
73 6 1 5
73 6 1 42
73 6 1 76
73 6 1 79
73 6 1 7
73 6 1 50
73 6 1 79
73 6 1 88
73 6 1 8
73 6 1 61
73 6 1 75
73 6 1 18
73 6 2 1
73 6 2 52
73 6 2 73
73 6 2 60
73 6 2 1
73 6 2 45
73 6 2 79
73 6 2 42
73 6 2 3
73 6 2 44
73 6 2 89
73 6 2 70
73 6 2 4
73 6 2 45
73 6 2 78
73 6 2 62
73 6 2 9
73 6 2 41
73 6 2 83
73 6 2 23
73 6 3 9
73 6 3 46
73 6 3 85
73 6 3 1
73 6 3 4
73 6 3 44
73 6 3 90
73 6 3 38
73 6 3 5
73 6 3 36
73 6 3 90
73 6 3 71
73 6 3 2
73 6 3 41
73 6 3 83
73 6 3 28
73 6 3 7
73 6 3 66
73 6 3 87
73 6 3 4
73 6 4 6
73 6 4 54
73 6 4 89
73 6 4 5
73 6 4 8
73 6 4 64
73 6 4 73
73 6 4 31
73 6 4 3
73 6 4 36
73 6 4 79
73 6 4 75
73 6 4 6
73 6 4 57
73 6 4 82
73 6 4 33
73 6 4 9
73 6 4 53
73 6 4 79
73 6 4 35
73 6 5 10
73 6 5 40
73 6 5 87
73 6 5 50
73 6 5 7
73 6 5 49
73 6 5 78
73 6 5 72
73 6 5 3
73 6 5 36
73 6 5 77
73 6 5 8
73 6 5 7
73 6 5 61
73 6 5 75
73 6 5 81
73 6 5 7
73 6 5 59
73 6 5 89
73 6 5 30
73 6 6 9
73 6 6 69
73 6 6 79
73 6 6 30
73 6 6 2
73 6 6 49
73 6 6 89
73 6 6 18
73 6 6 1
73 6 6 61
73 6 6 80
73 6 6 34
73 6 6 9
73 6 6 39
73 6 6 90
73 6 6 36
73 6 6 1
73 6 6 53
73 6 6 84
73 6 6 10
73 6 7 7
73 6 7 55
73 6 7 85
73 6 7 47
73 6 7 4
73 6 7 39
73 6 7 76
73 6 7 59
73 6 7 2
73 6 7 40
73 6 7 85
73 6 7 50
73 6 7 4
73 6 7 60
73 6 7 85
73 6 7 6
73 6 7 5
73 6 7 43
73 6 7 86
73 6 7 47
73 6 8 6
73 6 8 57
73 6 8 73
73 6 8 85
73 6 8 6
73 6 8 58
73 6 8 82
73 6 8 8
73 6 8 10
73 6 8 61
73 6 8 80
73 6 8 6
73 6 8 10
73 6 8 54
73 6 8 90
73 6 8 1
73 6 8 9
73 6 8 42
73 6 8 74
73 6 8 38
73 6 9 6
73 6 9 51
73 6 9 87
73 6 9 25
73 6 9 8
73 6 9 49
73 6 9 84
73 6 9 72
73 6 9 1
73 6 9 44
73 6 9 83
73 6 9 88
73 6 9 6
73 6 9 71
73 6 9 75
73 6 9 61
73 6 9 8
73 6 9 69
73 6 9 77
73 6 9 4
73 6 10 5
73 6 10 39
73 6 10 73
73 6 10 84
73 6 10 7
73 6 10 65
73 6 10 86
73 6 10 3
73 6 10 1
73 6 10 48
73 6 10 77
73 6 10 4
73 6 10 8
73 6 10 54
73 6 10 83
73 6 10 42
73 6 10 5
73 6 10 40
73 6 10 84
73 6 10 22
73 6 11 7
73 6 11 65
73 6 11 76
73 6 11 51
73 6 11 3
73 6 11 64
73 6 11 87
73 6 11 16
73 6 11 3
73 6 11 41
73 6 11 89
73 6 11 40
73 6 11 7
73 6 11 62
73 6 11 85
73 6 11 62
73 6 11 10
73 6 11 70
73 6 11 85
73 6 11 42
73 6 12 6
73 6 12 66
73 6 12 78
73 6 12 44
73 6 12 10
73 6 12 58
73 6 12 73
73 6 12 87
73 6 12 5
73 6 12 40
73 6 12 77
73 6 12 66
73 6 12 5
73 6 12 40
73 6 12 75
73 6 12 80
73 6 12 9
73 6 12 63
73 6 12 83
73 6 12 78
73 6 13 10
73 6 13 59
73 6 13 78
73 6 13 53
73 6 13 10
73 6 13 48
73 6 13 84
73 6 13 5
73 6 13 7
73 6 13 63
73 6 13 74
73 6 13 81
73 6 13 2
73 6 13 40
73 6 13 82
73 6 13 3
73 6 13 2
73 6 13 63
73 6 13 73
73 6 13 39
73 6 14 5
73 6 14 49
73 6 14 75
73 6 14 32
73 6 14 9
73 6 14 38
73 6 14 86
73 6 14 61
73 6 14 8
73 6 14 61
73 6 14 87
73 6 14 2
73 6 14 3
73 6 14 48
73 6 14 90
73 6 14 13
73 6 14 5
73 6 14 65
73 6 14 79
73 6 14 25
73 7 1 5
73 7 1 36
73 7 1 88
73 7 1 51
73 7 1 4
73 7 1 41
73 7 1 75
73 7 1 60
73 7 1 2
73 7 1 68
73 7 1 75
73 7 1 63
73 7 1 7
73 7 1 48
73 7 1 84
73 7 1 20
73 7 1 9
73 7 1 49
73 7 1 86
73 7 1 44
73 7 2 9
73 7 2 65
73 7 2 84
73 7 2 48
73 7 2 6
73 7 2 42
73 7 2 84
73 7 2 55
73 7 2 9
73 7 2 51
73 7 2 84
73 7 2 39
73 7 2 3
73 7 2 54
73 7 2 78
73 7 2 25
73 7 2 8
73 7 2 62
73 7 2 75
73 7 2 79
73 7 3 10
73 7 3 40
73 7 3 82
73 7 3 51
73 7 3 1
73 7 3 62
73 7 3 73
73 7 3 47
73 7 3 8
73 7 3 68
73 7 3 77
73 7 3 83
73 7 3 7
73 7 3 41
73 7 3 86
73 7 3 12
73 7 3 5
73 7 3 67
73 7 3 74
73 7 3 33
73 7 4 6
73 7 4 53
73 7 4 76
73 7 4 54
73 7 4 8
73 7 4 39
73 7 4 78
73 7 4 83
73 7 4 8
73 7 4 49
73 7 4 89
73 7 4 86
73 7 4 4
73 7 4 54
73 7 4 80
73 7 4 73
73 7 4 6
73 7 4 44
73 7 4 80
73 7 4 25
73 7 5 6
73 7 5 48
73 7 5 79
73 7 5 85
73 7 5 2
73 7 5 59
73 7 5 89
73 7 5 51
73 7 5 5
73 7 5 72
73 7 5 76
73 7 5 77
73 7 5 9
73 7 5 53
73 7 5 89
73 7 5 36
73 7 5 6
73 7 5 71
73 7 5 77
73 7 5 61
73 7 6 9
73 7 6 47
73 7 6 82
73 7 6 38
73 7 6 4
73 7 6 44
73 7 6 89
73 7 6 82
73 7 6 3
73 7 6 43
73 7 6 89
73 7 6 82
73 7 6 8
73 7 6 66
73 7 6 81
73 7 6 66
73 7 6 10
73 7 6 40
73 7 6 76
73 7 6 15
73 7 7 4
73 7 7 59
73 7 7 87
73 7 7 70
73 7 7 7
73 7 7 57
73 7 7 81
73 7 7 80
73 7 7 10
73 7 7 69
73 7 7 73
73 7 7 82
73 7 7 2
73 7 7 47
73 7 7 75
73 7 7 33
73 7 7 2
73 7 7 48
73 7 7 82
73 7 7 68
73 7 8 5
73 7 8 45
73 7 8 75
73 7 8 28
73 7 8 9
73 7 8 49
73 7 8 88
73 7 8 90
73 7 8 4
73 7 8 53
73 7 8 86
73 7 8 81
73 7 8 3
73 7 8 48
73 7 8 79
73 7 8 44
73 7 8 7
73 7 8 42
73 7 8 80
73 7 8 25
73 7 9 3
73 7 9 59
73 7 9 75
73 7 9 74
73 7 9 6
73 7 9 68
73 7 9 83
73 7 9 7
73 7 9 1
73 7 9 56
73 7 9 75
73 7 9 78
73 7 9 2
73 7 9 51
73 7 9 83
73 7 9 27
73 7 9 10
73 7 9 71
73 7 9 75
73 7 9 47
73 7 10 6
73 7 10 45
73 7 10 90
73 7 10 49
73 7 10 9
73 7 10 52
73 7 10 90
73 7 10 7
73 7 10 10
73 7 10 61
73 7 10 76
73 7 10 34
73 7 10 1
73 7 10 40
73 7 10 88
73 7 10 89
73 7 10 10
73 7 10 61
73 7 10 86
73 7 10 72
73 7 11 5
73 7 11 73
73 7 11 81
73 7 11 74
73 7 11 5
73 7 11 42
73 7 11 75
73 7 11 20
73 7 11 1
73 7 11 58
73 7 11 87
73 7 11 45
73 7 11 9
73 7 11 47
73 7 11 80
73 7 11 50
73 7 11 8
73 7 11 68
73 7 11 83
73 7 11 64
73 7 12 4
73 7 12 72
73 7 12 79
73 7 12 43
73 7 12 6
73 7 12 49
73 7 12 81
73 7 12 30
73 7 12 7
73 7 12 71
73 7 12 73
73 7 12 30
73 7 12 6
73 7 12 53
73 7 12 79
73 7 12 63
73 7 12 2
73 7 12 38
73 7 12 80
73 7 12 74
73 7 13 5
73 7 13 65
73 7 13 78
73 7 13 46
73 7 13 4
73 7 13 52
73 7 13 83
73 7 13 28
73 7 13 3
73 7 13 51
73 7 13 77
73 7 13 75
73 7 13 3
73 7 13 63
73 7 13 81
73 7 13 42
73 7 13 9
73 7 13 65
73 7 13 88
73 7 13 12
73 7 14 6
73 7 14 37
73 7 14 88
73 7 14 21
73 7 14 2
73 7 14 36
73 7 14 78
73 7 14 11
73 7 14 8
73 7 14 63
73 7 14 82
73 7 14 41
73 7 14 6
73 7 14 64
73 7 14 84
73 7 14 80
73 7 14 5
73 7 14 52
73 7 14 76
73 7 14 17
73 8 1 5
73 8 1 63
73 8 1 78
73 8 1 62
73 8 1 7
73 8 1 51
73 8 1 90
73 8 1 69
73 8 1 8
73 8 1 58
73 8 1 75
73 8 1 28
73 8 1 9
73 8 1 71
73 8 1 84
73 8 1 37
73 8 1 1
73 8 1 53
73 8 1 74
73 8 1 9
73 8 2 9
73 8 2 44
73 8 2 90
73 8 2 56
73 8 2 4
73 8 2 70
73 8 2 88
73 8 2 34
73 8 2 1
73 8 2 60
73 8 2 76
73 8 2 46
73 8 2 5
73 8 2 43
73 8 2 75
73 8 2 46
73 8 2 7
73 8 2 62
73 8 2 75
73 8 2 28
73 8 3 5
73 8 3 65
73 8 3 76
73 8 3 39
73 8 3 9
73 8 3 43
73 8 3 78
73 8 3 64
73 8 3 10
73 8 3 67
73 8 3 81
73 8 3 28
73 8 3 4
73 8 3 64
73 8 3 81
73 8 3 48
73 8 3 4
73 8 3 45
73 8 3 81
73 8 3 66
73 8 4 10
73 8 4 50
73 8 4 80
73 8 4 63
73 8 4 4
73 8 4 70
73 8 4 75
73 8 4 48
73 8 4 9
73 8 4 47
73 8 4 81
73 8 4 34
73 8 4 6
73 8 4 72
73 8 4 75
73 8 4 87
73 8 4 1
73 8 4 67
73 8 4 79
73 8 4 2
73 8 5 6
73 8 5 59
73 8 5 74
73 8 5 53
73 8 5 8
73 8 5 64
73 8 5 82
73 8 5 46
73 8 5 3
73 8 5 72
73 8 5 81
73 8 5 45
73 8 5 9
73 8 5 54
73 8 5 73
73 8 5 72
73 8 5 9
73 8 5 69
73 8 5 75
73 8 5 28
73 8 6 7
73 8 6 57
73 8 6 73
73 8 6 27
73 8 6 9
73 8 6 61
73 8 6 75
73 8 6 54
73 8 6 9
73 8 6 43
73 8 6 88
73 8 6 38
73 8 6 8
73 8 6 63
73 8 6 89
73 8 6 3
73 8 6 9
73 8 6 61
73 8 6 86
73 8 6 2
73 8 7 2
73 8 7 51
73 8 7 87
73 8 7 58
73 8 7 3
73 8 7 65
73 8 7 79
73 8 7 26
73 8 7 8
73 8 7 69
73 8 7 74
73 8 7 6
73 8 7 7
73 8 7 40
73 8 7 85
73 8 7 47
73 8 7 9
73 8 7 41
73 8 7 76
73 8 7 28
73 8 8 8
73 8 8 37
73 8 8 82
73 8 8 48
73 8 8 10
73 8 8 60
73 8 8 81
73 8 8 85
73 8 8 4
73 8 8 63
73 8 8 74
73 8 8 80
73 8 8 4
73 8 8 38
73 8 8 81
73 8 8 26
73 8 8 1
73 8 8 41
73 8 8 74
73 8 8 16
73 8 9 10
73 8 9 53
73 8 9 89
73 8 9 48
73 8 9 4
73 8 9 54
73 8 9 88
73 8 9 64
73 8 9 3
73 8 9 53
73 8 9 89
73 8 9 39
73 8 9 2
73 8 9 61
73 8 9 83
73 8 9 65
73 8 9 1
73 8 9 71
73 8 9 79
73 8 9 56
73 8 10 9
73 8 10 45
73 8 10 88
73 8 10 14
73 8 10 7
73 8 10 60
73 8 10 80
73 8 10 38
73 8 10 1
73 8 10 36
73 8 10 82
73 8 10 52
73 8 10 2
73 8 10 56
73 8 10 79
73 8 10 64
73 8 10 1
73 8 10 57
73 8 10 83
73 8 10 8
73 8 11 7
73 8 11 39
73 8 11 80
73 8 11 62
73 8 11 3
73 8 11 36
73 8 11 83
73 8 11 58
73 8 11 4
73 8 11 44
73 8 11 78
73 8 11 31
73 8 11 8
73 8 11 56
73 8 11 84
73 8 11 59
73 8 11 3
73 8 11 37
73 8 11 84
73 8 11 66
73 8 12 6
73 8 12 53
73 8 12 74
73 8 12 82
73 8 12 2
73 8 12 38
73 8 12 90
73 8 12 71
73 8 12 2
73 8 12 49
73 8 12 83
73 8 12 44
73 8 12 5
73 8 12 55
73 8 12 79
73 8 12 50
73 8 12 6
73 8 12 70
73 8 12 88
73 8 12 80
73 8 13 5
73 8 13 64
73 8 13 82
73 8 13 3
73 8 13 8
73 8 13 48
73 8 13 79
73 8 13 15
73 8 13 10
73 8 13 71
73 8 13 82
73 8 13 32
73 8 13 7
73 8 13 44
73 8 13 87
73 8 13 60
73 8 13 9
73 8 13 39
73 8 13 80
73 8 13 35
73 8 14 3
73 8 14 55
73 8 14 89
73 8 14 51
73 8 14 2
73 8 14 72
73 8 14 79
73 8 14 27
73 8 14 9
73 8 14 66
73 8 14 76
73 8 14 82
73 8 14 9
73 8 14 71
73 8 14 90
73 8 14 36
73 8 14 2
73 8 14 66
73 8 14 77
73 8 14 85
73 9 1 1
73 9 1 51
73 9 1 77
73 9 1 84
73 9 1 2
73 9 1 68
73 9 1 77
73 9 1 90
73 9 1 2
73 9 1 51
73 9 1 87
73 9 1 23
73 9 1 1
73 9 1 60
73 9 1 77
73 9 1 64
73 9 1 8
73 9 1 57
73 9 1 77
73 9 1 16
73 9 2 3
73 9 2 60
73 9 2 84
73 9 2 63
73 9 2 8
73 9 2 57
73 9 2 81
73 9 2 69
73 9 2 2
73 9 2 38
73 9 2 74
73 9 2 22
73 9 2 2
73 9 2 64
73 9 2 83
73 9 2 66
73 9 2 2
73 9 2 55
73 9 2 86
73 9 2 63
73 9 3 1
73 9 3 42
73 9 3 90
73 9 3 22
73 9 3 10
73 9 3 72
73 9 3 75
73 9 3 75
73 9 3 8
73 9 3 45
73 9 3 83
73 9 3 45
73 9 3 4
73 9 3 66
73 9 3 82
73 9 3 85
73 9 3 10
73 9 3 73
73 9 3 77
73 9 3 47
73 9 4 10
73 9 4 56
73 9 4 78
73 9 4 22
73 9 4 9
73 9 4 60
73 9 4 73
73 9 4 1
73 9 4 8
73 9 4 69
73 9 4 73
73 9 4 14
73 9 4 10
73 9 4 37
73 9 4 81
73 9 4 51
73 9 4 6
73 9 4 36
73 9 4 77
73 9 4 21
73 9 5 1
73 9 5 52
73 9 5 87
73 9 5 32
73 9 5 7
73 9 5 40
73 9 5 73
73 9 5 90
73 9 5 3
73 9 5 52
73 9 5 81
73 9 5 77
73 9 5 7
73 9 5 55
73 9 5 89
73 9 5 67
73 9 5 9
73 9 5 42
73 9 5 80
73 9 5 17
73 9 6 4
73 9 6 58
73 9 6 80
73 9 6 11
73 9 6 2
73 9 6 63
73 9 6 90
73 9 6 59
73 9 6 10
73 9 6 67
73 9 6 79
73 9 6 83
73 9 6 8
73 9 6 36
73 9 6 89
73 9 6 5
73 9 6 4
73 9 6 45
73 9 6 82
73 9 6 37
73 9 7 6
73 9 7 56
73 9 7 89
73 9 7 59
73 9 7 6
73 9 7 60
73 9 7 85
73 9 7 87
73 9 7 10
73 9 7 41
73 9 7 79
73 9 7 47
73 9 7 8
73 9 7 50
73 9 7 76
73 9 7 29
73 9 7 5
73 9 7 40
73 9 7 83
73 9 7 55
73 9 8 8
73 9 8 73
73 9 8 73
73 9 8 40
73 9 8 6
73 9 8 55
73 9 8 78
73 9 8 5
73 9 8 8
73 9 8 73
73 9 8 82
73 9 8 48
73 9 8 1
73 9 8 40
73 9 8 88
73 9 8 81
73 9 8 1
73 9 8 38
73 9 8 90
73 9 8 30
73 9 9 8
73 9 9 51
73 9 9 77
73 9 9 85
73 9 9 9
73 9 9 63
73 9 9 77
73 9 9 78
73 9 9 10
73 9 9 59
73 9 9 84
73 9 9 45
73 9 9 6
73 9 9 47
73 9 9 73
73 9 9 19
73 9 9 10
73 9 9 59
73 9 9 89
73 9 9 15
73 9 10 4
73 9 10 64
73 9 10 80
73 9 10 58
73 9 10 5
73 9 10 38
73 9 10 89
73 9 10 52
73 9 10 6
73 9 10 47
73 9 10 77
73 9 10 86
73 9 10 4
73 9 10 42
73 9 10 80
73 9 10 46
73 9 10 1
73 9 10 70
73 9 10 76
73 9 10 41
73 9 11 5
73 9 11 55
73 9 11 76
73 9 11 41
73 9 11 10
73 9 11 45
73 9 11 86
73 9 11 80
73 9 11 10
73 9 11 38
73 9 11 87
73 9 11 86
73 9 11 3
73 9 11 39
73 9 11 76
73 9 11 2
73 9 11 3
73 9 11 41
73 9 11 74
73 9 11 62
73 9 12 5
73 9 12 48
73 9 12 88
73 9 12 32
73 9 12 8
73 9 12 70
73 9 12 80
73 9 12 86
73 9 12 6
73 9 12 47
73 9 12 81
73 9 12 10
73 9 12 4
73 9 12 44
73 9 12 73
73 9 12 83
73 9 12 6
73 9 12 56
73 9 12 77
73 9 12 2
73 9 13 2
73 9 13 60
73 9 13 86
73 9 13 86
73 9 13 5
73 9 13 46
73 9 13 74
73 9 13 64
73 9 13 5
73 9 13 56
73 9 13 87
73 9 13 4
73 9 13 2
73 9 13 40
73 9 13 90
73 9 13 83
73 9 13 2
73 9 13 45
73 9 13 78
73 9 13 57
73 9 14 8
73 9 14 44
73 9 14 73
73 9 14 83
73 9 14 2
73 9 14 73
73 9 14 85
73 9 14 57
73 9 14 7
73 9 14 36
73 9 14 84
73 9 14 54
73 9 14 3
73 9 14 71
73 9 14 84
73 9 14 68
73 9 14 9
73 9 14 62
73 9 14 80
73 9 14 10
73 10 1 6
73 10 1 42
73 10 1 79
73 10 1 74
73 10 1 7
73 10 1 45
73 10 1 73
73 10 1 61
73 10 1 6
73 10 1 65
73 10 1 79
73 10 1 20
73 10 1 5
73 10 1 42
73 10 1 77
73 10 1 40
73 10 1 4
73 10 1 39
73 10 1 90
73 10 1 23
73 10 2 5
73 10 2 50
73 10 2 80
73 10 2 67
73 10 2 1
73 10 2 70
73 10 2 86
73 10 2 63
73 10 2 10
73 10 2 54
73 10 2 84
73 10 2 48
73 10 2 2
73 10 2 63
73 10 2 87
73 10 2 29
73 10 2 3
73 10 2 63
73 10 2 87
73 10 2 86
73 10 3 9
73 10 3 59
73 10 3 85
73 10 3 83
73 10 3 2
73 10 3 52
73 10 3 83
73 10 3 22
73 10 3 4
73 10 3 59
73 10 3 88
73 10 3 56
73 10 3 9
73 10 3 55
73 10 3 88
73 10 3 42
73 10 3 7
73 10 3 53
73 10 3 89
73 10 3 38
73 10 4 1
73 10 4 62
73 10 4 88
73 10 4 74
73 10 4 9
73 10 4 66
73 10 4 73
73 10 4 24
73 10 4 5
73 10 4 40
73 10 4 85
73 10 4 60
73 10 4 1
73 10 4 68
73 10 4 88
73 10 4 24
73 10 4 10
73 10 4 61
73 10 4 84
73 10 4 16
73 10 5 6
73 10 5 51
73 10 5 82
73 10 5 26
73 10 5 9
73 10 5 42
73 10 5 73
73 10 5 23
73 10 5 5
73 10 5 47
73 10 5 84
73 10 5 90
73 10 5 9
73 10 5 59
73 10 5 86
73 10 5 81
73 10 5 4
73 10 5 61
73 10 5 85
73 10 5 81
73 10 6 8
73 10 6 57
73 10 6 88
73 10 6 23
73 10 6 1
73 10 6 62
73 10 6 79
73 10 6 53
73 10 6 5
73 10 6 40
73 10 6 75
73 10 6 46
73 10 6 4
73 10 6 50
73 10 6 76
73 10 6 9
73 10 6 8
73 10 6 43
73 10 6 90
73 10 6 48
73 10 7 4
73 10 7 57
73 10 7 75
73 10 7 25
73 10 7 10
73 10 7 58
73 10 7 74
73 10 7 47
73 10 7 9
73 10 7 55
73 10 7 88
73 10 7 3
73 10 7 5
73 10 7 49
73 10 7 81
73 10 7 69
73 10 7 9
73 10 7 61
73 10 7 80
73 10 7 66
73 10 8 6
73 10 8 48
73 10 8 80
73 10 8 63
73 10 8 8
73 10 8 38
73 10 8 87
73 10 8 85
73 10 8 5
73 10 8 54
73 10 8 89
73 10 8 5
73 10 8 7
73 10 8 56
73 10 8 83
73 10 8 73
73 10 8 1
73 10 8 41
73 10 8 81
73 10 8 27
73 10 9 3
73 10 9 70
73 10 9 76
73 10 9 69
73 10 9 2
73 10 9 37
73 10 9 90
73 10 9 27
73 10 9 9
73 10 9 59
73 10 9 90
73 10 9 54
73 10 9 2
73 10 9 64
73 10 9 80
73 10 9 37
73 10 9 9
73 10 9 54
73 10 9 78
73 10 9 57
73 10 10 1
73 10 10 62
73 10 10 78
73 10 10 72
73 10 10 2
73 10 10 66
73 10 10 79
73 10 10 41
73 10 10 3
73 10 10 39
73 10 10 79
73 10 10 43
73 10 10 9
73 10 10 49
73 10 10 80
73 10 10 56
73 10 10 3
73 10 10 46
73 10 10 73
73 10 10 11
73 10 11 1
73 10 11 40
73 10 11 81
73 10 11 24
73 10 11 8
73 10 11 58
73 10 11 86
73 10 11 9
73 10 11 2
73 10 11 56
73 10 11 83
73 10 11 70
73 10 11 10
73 10 11 44
73 10 11 85
73 10 11 2
73 10 11 10
73 10 11 43
73 10 11 81
73 10 11 90
73 10 12 3
73 10 12 52
73 10 12 88
73 10 12 24
73 10 12 4
73 10 12 61
73 10 12 83
73 10 12 4
73 10 12 3
73 10 12 44
73 10 12 74
73 10 12 17
73 10 12 5
73 10 12 56
73 10 12 84
73 10 12 35
73 10 12 8
73 10 12 72
73 10 12 79
73 10 12 2
73 10 13 6
73 10 13 61
73 10 13 74
73 10 13 72
73 10 13 5
73 10 13 64
73 10 13 88
73 10 13 10
73 10 13 10
73 10 13 47
73 10 13 78
73 10 13 86
73 10 13 5
73 10 13 71
73 10 13 90
73 10 13 7
73 10 13 2
73 10 13 66
73 10 13 74
73 10 13 32
73 10 14 2
73 10 14 50
73 10 14 89
73 10 14 89
73 10 14 7
73 10 14 44
73 10 14 79
73 10 14 18
73 10 14 7
73 10 14 55
73 10 14 87
73 10 14 11
73 10 14 7
73 10 14 41
73 10 14 75
73 10 14 37
73 10 14 1
73 10 14 73
73 10 14 80
73 10 14 88
73 11 1 9
73 11 1 37
73 11 1 86
73 11 1 52
73 11 1 4
73 11 1 47
73 11 1 90
73 11 1 6
73 11 1 10
73 11 1 51
73 11 1 75
73 11 1 46
73 11 1 1
73 11 1 71
73 11 1 75
73 11 1 15
73 11 1 2
73 11 1 44
73 11 1 88
73 11 1 49
73 11 2 9
73 11 2 56
73 11 2 79
73 11 2 58
73 11 2 9
73 11 2 73
73 11 2 83
73 11 2 65
73 11 2 8
73 11 2 48
73 11 2 89
73 11 2 58
73 11 2 2
73 11 2 36
73 11 2 82
73 11 2 70
73 11 2 5
73 11 2 72
73 11 2 81
73 11 2 34
73 11 3 1
73 11 3 52
73 11 3 82
73 11 3 54
73 11 3 8
73 11 3 47
73 11 3 75
73 11 3 24
73 11 3 4
73 11 3 37
73 11 3 84
73 11 3 45
73 11 3 1
73 11 3 72
73 11 3 88
73 11 3 26
73 11 3 9
73 11 3 64
73 11 3 84
73 11 3 43
73 11 4 6
73 11 4 39
73 11 4 74
73 11 4 47
73 11 4 3
73 11 4 55
73 11 4 78
73 11 4 14
73 11 4 7
73 11 4 46
73 11 4 79
73 11 4 22
73 11 4 9
73 11 4 48
73 11 4 80
73 11 4 46
73 11 4 9
73 11 4 40
73 11 4 73
73 11 4 51
73 11 5 1
73 11 5 54
73 11 5 76
73 11 5 79
73 11 5 1
73 11 5 50
73 11 5 83
73 11 5 57
73 11 5 10
73 11 5 57
73 11 5 89
73 11 5 88
73 11 5 10
73 11 5 71
73 11 5 79
73 11 5 43
73 11 5 1
73 11 5 60
73 11 5 74
73 11 5 81
73 11 6 6
73 11 6 65
73 11 6 86
73 11 6 32
73 11 6 6
73 11 6 69
73 11 6 84
73 11 6 7
73 11 6 4
73 11 6 66
73 11 6 89
73 11 6 74
73 11 6 2
73 11 6 65
73 11 6 83
73 11 6 7
73 11 6 4
73 11 6 36
73 11 6 77
73 11 6 60
73 11 7 1
73 11 7 38
73 11 7 74
73 11 7 3
73 11 7 9
73 11 7 53
73 11 7 79
73 11 7 25
73 11 7 9
73 11 7 66
73 11 7 76
73 11 7 43
73 11 7 9
73 11 7 41
73 11 7 90
73 11 7 28
73 11 7 6
73 11 7 50
73 11 7 78
73 11 7 41
73 11 8 6
73 11 8 61
73 11 8 78
73 11 8 80
73 11 8 10
73 11 8 36
73 11 8 84
73 11 8 87
73 11 8 9
73 11 8 57
73 11 8 84
73 11 8 62
73 11 8 3
73 11 8 40
73 11 8 74
73 11 8 2
73 11 8 1
73 11 8 54
73 11 8 82
73 11 8 72
73 11 9 5
73 11 9 68
73 11 9 74
73 11 9 87
73 11 9 3
73 11 9 65
73 11 9 83
73 11 9 15
73 11 9 8
73 11 9 51
73 11 9 85
73 11 9 66
73 11 9 5
73 11 9 56
73 11 9 79
73 11 9 33
73 11 9 1
73 11 9 37
73 11 9 76
73 11 9 57
73 11 10 2
73 11 10 64
73 11 10 86
73 11 10 70
73 11 10 8
73 11 10 63
73 11 10 73
73 11 10 63
73 11 10 6
73 11 10 45
73 11 10 81
73 11 10 57
73 11 10 7
73 11 10 59
73 11 10 78
73 11 10 1
73 11 10 8
73 11 10 41
73 11 10 75
73 11 10 81
73 11 11 5
73 11 11 48
73 11 11 84
73 11 11 82
73 11 11 7
73 11 11 65
73 11 11 89
73 11 11 5
73 11 11 1
73 11 11 37
73 11 11 88
73 11 11 73
73 11 11 8
73 11 11 69
73 11 11 76
73 11 11 78
73 11 11 10
73 11 11 52
73 11 11 81
73 11 11 64
73 11 12 2
73 11 12 49
73 11 12 74
73 11 12 21
73 11 12 7
73 11 12 65
73 11 12 79
73 11 12 62
73 11 12 1
73 11 12 64
73 11 12 78
73 11 12 68
73 11 12 10
73 11 12 44
73 11 12 85
73 11 12 89
73 11 12 9
73 11 12 55
73 11 12 76
73 11 12 4
73 11 13 9
73 11 13 59
73 11 13 82
73 11 13 39
73 11 13 7
73 11 13 64
73 11 13 82
73 11 13 48
73 11 13 6
73 11 13 41
73 11 13 76
73 11 13 10
73 11 13 1
73 11 13 56
73 11 13 77
73 11 13 89
73 11 13 7
73 11 13 42
73 11 13 81
73 11 13 13
73 11 14 9
73 11 14 51
73 11 14 89
73 11 14 38
73 11 14 1
73 11 14 70
73 11 14 74
73 11 14 54
73 11 14 6
73 11 14 53
73 11 14 73
73 11 14 54
73 11 14 9
73 11 14 61
73 11 14 86
73 11 14 71
73 11 14 7
73 11 14 42
73 11 14 84
73 11 14 15
73 12 1 3
73 12 1 38
73 12 1 83
73 12 1 82
73 12 1 8
73 12 1 47
73 12 1 86
73 12 1 16
73 12 1 10
73 12 1 42
73 12 1 80
73 12 1 42
73 12 1 8
73 12 1 58
73 12 1 85
73 12 1 22
73 12 1 7
73 12 1 65
73 12 1 79
73 12 1 23
73 12 2 5
73 12 2 52
73 12 2 87
73 12 2 64
73 12 2 8
73 12 2 46
73 12 2 83
73 12 2 1
73 12 2 6
73 12 2 48
73 12 2 76
73 12 2 69
73 12 2 1
73 12 2 63
73 12 2 89
73 12 2 48
73 12 2 3
73 12 2 70
73 12 2 86
73 12 2 38
73 12 3 8
73 12 3 63
73 12 3 74
73 12 3 67
73 12 3 8
73 12 3 47
73 12 3 76
73 12 3 44
73 12 3 1
73 12 3 67
73 12 3 85
73 12 3 75
73 12 3 9
73 12 3 36
73 12 3 81
73 12 3 59
73 12 3 1
73 12 3 57
73 12 3 88
73 12 3 81
73 12 4 8
73 12 4 37
73 12 4 76
73 12 4 48
73 12 4 10
73 12 4 60
73 12 4 82
73 12 4 34
73 12 4 5
73 12 4 66
73 12 4 77
73 12 4 39
73 12 4 4
73 12 4 46
73 12 4 83
73 12 4 32
73 12 4 3
73 12 4 41
73 12 4 87
73 12 4 32
73 12 5 6
73 12 5 66
73 12 5 85
73 12 5 2
73 12 5 8
73 12 5 70
73 12 5 90
73 12 5 2
73 12 5 4
73 12 5 47
73 12 5 89
73 12 5 29
73 12 5 8
73 12 5 65
73 12 5 78
73 12 5 8
73 12 5 4
73 12 5 64
73 12 5 75
73 12 5 30
73 12 6 10
73 12 6 62
73 12 6 81
73 12 6 17
73 12 6 7
73 12 6 54
73 12 6 88
73 12 6 27
73 12 6 2
73 12 6 54
73 12 6 76
73 12 6 51
73 12 6 1
73 12 6 59
73 12 6 78
73 12 6 79
73 12 6 2
73 12 6 38
73 12 6 79
73 12 6 21
73 12 7 5
73 12 7 44
73 12 7 79
73 12 7 6
73 12 7 8
73 12 7 57
73 12 7 90
73 12 7 38
73 12 7 8
73 12 7 40
73 12 7 73
73 12 7 63
73 12 7 7
73 12 7 48
73 12 7 83
73 12 7 44
73 12 7 6
73 12 7 47
73 12 7 81
73 12 7 75
73 12 8 4
73 12 8 63
73 12 8 89
73 12 8 58
73 12 8 1
73 12 8 64
73 12 8 81
73 12 8 48
73 12 8 2
73 12 8 43
73 12 8 76
73 12 8 79
73 12 8 4
73 12 8 58
73 12 8 74
73 12 8 90
73 12 8 5
73 12 8 65
73 12 8 79
73 12 8 60
73 12 9 6
73 12 9 36
73 12 9 89
73 12 9 29
73 12 9 1
73 12 9 57
73 12 9 78
73 12 9 73
73 12 9 7
73 12 9 50
73 12 9 88
73 12 9 23
73 12 9 1
73 12 9 49
73 12 9 85
73 12 9 11
73 12 9 9
73 12 9 55
73 12 9 90
73 12 9 85
73 12 10 6
73 12 10 36
73 12 10 77
73 12 10 58
73 12 10 7
73 12 10 36
73 12 10 88
73 12 10 43
73 12 10 9
73 12 10 54
73 12 10 85
73 12 10 7
73 12 10 10
73 12 10 49
73 12 10 80
73 12 10 83
73 12 10 1
73 12 10 70
73 12 10 87
73 12 10 39
73 12 11 4
73 12 11 41
73 12 11 80
73 12 11 81
73 12 11 1
73 12 11 65
73 12 11 81
73 12 11 45
73 12 11 7
73 12 11 47
73 12 11 75
73 12 11 10
73 12 11 8
73 12 11 36
73 12 11 81
73 12 11 32
73 12 11 3
73 12 11 68
73 12 11 80
73 12 11 8
73 12 12 3
73 12 12 73
73 12 12 90
73 12 12 17
73 12 12 2
73 12 12 62
73 12 12 89
73 12 12 61
73 12 12 1
73 12 12 47
73 12 12 74
73 12 12 82
73 12 12 3
73 12 12 72
73 12 12 75
73 12 12 83
73 12 12 2
73 12 12 58
73 12 12 80
73 12 12 24
73 12 13 3
73 12 13 70
73 12 13 85
73 12 13 73
73 12 13 7
73 12 13 44
73 12 13 90
73 12 13 24
73 12 13 10
73 12 13 41
73 12 13 82
73 12 13 47
73 12 13 8
73 12 13 40
73 12 13 73
73 12 13 74
73 12 13 8
73 12 13 47
73 12 13 86
73 12 13 6
73 12 14 5
73 12 14 70
73 12 14 84
73 12 14 76
73 12 14 6
73 12 14 64
73 12 14 79
73 12 14 52
73 12 14 6
73 12 14 40
73 12 14 88
73 12 14 4
73 12 14 3
73 12 14 60
73 12 14 78
73 12 14 60
73 12 14 2
73 12 14 38
73 12 14 74
73 12 14 8
73 13 1 3
73 13 1 52
73 13 1 90
73 13 1 50
73 13 1 8
73 13 1 40
73 13 1 88
73 13 1 55
73 13 1 2
73 13 1 52
73 13 1 86
73 13 1 22
73 13 1 6
73 13 1 37
73 13 1 78
73 13 1 21
73 13 1 9
73 13 1 49
73 13 1 89
73 13 1 25
73 13 2 3
73 13 2 70
73 13 2 83
73 13 2 5
73 13 2 6
73 13 2 66
73 13 2 89
73 13 2 42
73 13 2 9
73 13 2 60
73 13 2 76
73 13 2 82
73 13 2 4
73 13 2 54
73 13 2 75
73 13 2 23
73 13 2 10
73 13 2 39
73 13 2 83
73 13 2 60
73 13 3 4
73 13 3 58
73 13 3 77
73 13 3 53
73 13 3 3
73 13 3 72
73 13 3 73
73 13 3 14
73 13 3 4
73 13 3 66
73 13 3 90
73 13 3 13
73 13 3 8
73 13 3 36
73 13 3 74
73 13 3 14
73 13 3 3
73 13 3 72
73 13 3 89
73 13 3 26
73 13 4 8
73 13 4 57
73 13 4 81
73 13 4 81
73 13 4 6
73 13 4 51
73 13 4 77
73 13 4 89
73 13 4 5
73 13 4 69
73 13 4 73
73 13 4 7
73 13 4 7
73 13 4 46
73 13 4 81
73 13 4 3
73 13 4 7
73 13 4 55
73 13 4 85
73 13 4 80
73 13 5 5
73 13 5 40
73 13 5 75
73 13 5 21
73 13 5 4
73 13 5 65
73 13 5 79
73 13 5 83
73 13 5 7
73 13 5 58
73 13 5 73
73 13 5 85
73 13 5 9
73 13 5 43
73 13 5 79
73 13 5 27
73 13 5 10
73 13 5 60
73 13 5 81
73 13 5 22
73 13 6 2
73 13 6 46
73 13 6 89
73 13 6 23
73 13 6 2
73 13 6 60
73 13 6 87
73 13 6 13
73 13 6 10
73 13 6 50
73 13 6 78
73 13 6 28
73 13 6 7
73 13 6 72
73 13 6 88
73 13 6 11
73 13 6 5
73 13 6 72
73 13 6 88
73 13 6 49
73 13 7 3
73 13 7 39
73 13 7 77
73 13 7 74
73 13 7 9
73 13 7 70
73 13 7 75
73 13 7 39
73 13 7 6
73 13 7 61
73 13 7 86
73 13 7 8
73 13 7 6
73 13 7 42
73 13 7 84
73 13 7 55
73 13 7 2
73 13 7 58
73 13 7 78
73 13 7 66
73 13 8 4
73 13 8 38
73 13 8 90
73 13 8 76
73 13 8 6
73 13 8 43
73 13 8 84
73 13 8 44
73 13 8 9
73 13 8 68
73 13 8 84
73 13 8 45
73 13 8 7
73 13 8 49
73 13 8 78
73 13 8 79
73 13 8 3
73 13 8 39
73 13 8 87
73 13 8 48
73 13 9 5
73 13 9 65
73 13 9 89
73 13 9 74
73 13 9 8
73 13 9 61
73 13 9 79
73 13 9 2
73 13 9 9
73 13 9 37
73 13 9 85
73 13 9 85
73 13 9 6
73 13 9 38
73 13 9 87
73 13 9 74
73 13 9 6
73 13 9 40
73 13 9 74
73 13 9 61
73 13 10 1
73 13 10 66
73 13 10 86
73 13 10 76
73 13 10 9
73 13 10 51
73 13 10 74
73 13 10 21
73 13 10 1
73 13 10 55
73 13 10 89
73 13 10 45
73 13 10 8
73 13 10 55
73 13 10 82
73 13 10 11
73 13 10 2
73 13 10 39
73 13 10 85
73 13 10 23
73 13 11 7
73 13 11 40
73 13 11 87
73 13 11 36
73 13 11 3
73 13 11 69
73 13 11 77
73 13 11 88
73 13 11 3
73 13 11 65
73 13 11 85
73 13 11 39
73 13 11 6
73 13 11 72
73 13 11 75
73 13 11 77
73 13 11 7
73 13 11 48
73 13 11 73
73 13 11 39
73 13 12 7
73 13 12 51
73 13 12 81
73 13 12 4
73 13 12 6
73 13 12 43
73 13 12 84
73 13 12 49
73 13 12 7
73 13 12 47
73 13 12 82
73 13 12 5
73 13 12 4
73 13 12 37
73 13 12 87
73 13 12 88
73 13 12 6
73 13 12 41
73 13 12 90
73 13 12 43
73 13 13 9
73 13 13 45
73 13 13 81
73 13 13 36
73 13 13 2
73 13 13 65
73 13 13 73
73 13 13 78
73 13 13 4
73 13 13 72
73 13 13 86
73 13 13 51
73 13 13 10
73 13 13 40
73 13 13 74
73 13 13 83
73 13 13 6
73 13 13 70
73 13 13 74
73 13 13 39
73 13 14 1
73 13 14 55
73 13 14 81
73 13 14 9
73 13 14 9
73 13 14 62
73 13 14 78
73 13 14 80
73 13 14 3
73 13 14 43
73 13 14 90
73 13 14 89
73 13 14 6
73 13 14 71
73 13 14 73
73 13 14 57
73 13 14 10
73 13 14 63
73 13 14 78
73 13 14 45
73 14 1 3
73 14 1 43
73 14 1 79
73 14 1 65
73 14 1 6
73 14 1 36
73 14 1 78
73 14 1 5
73 14 1 10
73 14 1 71
73 14 1 86
73 14 1 65
73 14 1 10
73 14 1 72
73 14 1 88
73 14 1 63
73 14 1 2
73 14 1 69
73 14 1 80
73 14 1 82
73 14 2 5
73 14 2 38
73 14 2 84
73 14 2 75
73 14 2 3
73 14 2 36
73 14 2 87
73 14 2 61
73 14 2 8
73 14 2 55
73 14 2 88
73 14 2 56
73 14 2 5
73 14 2 63
73 14 2 90
73 14 2 44
73 14 2 1
73 14 2 36
73 14 2 85
73 14 2 50
73 14 3 2
73 14 3 56
73 14 3 86
73 14 3 72
73 14 3 10
73 14 3 45
73 14 3 80
73 14 3 7
73 14 3 7
73 14 3 49
73 14 3 79
73 14 3 15
73 14 3 5
73 14 3 37
73 14 3 82
73 14 3 89
73 14 3 8
73 14 3 37
73 14 3 76
73 14 3 83
73 14 4 1
73 14 4 67
73 14 4 76
73 14 4 32
73 14 4 9
73 14 4 41
73 14 4 84
73 14 4 57
73 14 4 2
73 14 4 61
73 14 4 76
73 14 4 53
73 14 4 7
73 14 4 37
73 14 4 89
73 14 4 78
73 14 4 6
73 14 4 46
73 14 4 83
73 14 4 19
73 14 5 6
73 14 5 47
73 14 5 76
73 14 5 48
73 14 5 8
73 14 5 68
73 14 5 74
73 14 5 41
73 14 5 6
73 14 5 56
73 14 5 89
73 14 5 12
73 14 5 7
73 14 5 58
73 14 5 75
73 14 5 86
73 14 5 4
73 14 5 66
73 14 5 79
73 14 5 26
73 14 6 6
73 14 6 46
73 14 6 80
73 14 6 66
73 14 6 2
73 14 6 62
73 14 6 90
73 14 6 11
73 14 6 5
73 14 6 55
73 14 6 76
73 14 6 77
73 14 6 8
73 14 6 58
73 14 6 84
73 14 6 15
73 14 6 5
73 14 6 72
73 14 6 73
73 14 6 66
73 14 7 1
73 14 7 57
73 14 7 85
73 14 7 73
73 14 7 5
73 14 7 64
73 14 7 86
73 14 7 79
73 14 7 1
73 14 7 54
73 14 7 74
73 14 7 20
73 14 7 10
73 14 7 65
73 14 7 86
73 14 7 89
73 14 7 2
73 14 7 71
73 14 7 79
73 14 7 10
73 14 8 6
73 14 8 63
73 14 8 90
73 14 8 65
73 14 8 8
73 14 8 37
73 14 8 79
73 14 8 62
73 14 8 9
73 14 8 38
73 14 8 85
73 14 8 43
73 14 8 4
73 14 8 51
73 14 8 86
73 14 8 6
73 14 8 10
73 14 8 57
73 14 8 73
73 14 8 83
73 14 9 7
73 14 9 57
73 14 9 74
73 14 9 69
73 14 9 1
73 14 9 43
73 14 9 88
73 14 9 63
73 14 9 10
73 14 9 64
73 14 9 77
73 14 9 54
73 14 9 9
73 14 9 37
73 14 9 90
73 14 9 36
73 14 9 3
73 14 9 42
73 14 9 79
73 14 9 83
73 14 10 6
73 14 10 63
73 14 10 79
73 14 10 46
73 14 10 6
73 14 10 71
73 14 10 74
73 14 10 37
73 14 10 9
73 14 10 69
73 14 10 73
73 14 10 11
73 14 10 3
73 14 10 37
73 14 10 85
73 14 10 6
73 14 10 6
73 14 10 53
73 14 10 77
73 14 10 90
73 14 11 9
73 14 11 70
73 14 11 83
73 14 11 51
73 14 11 10
73 14 11 51
73 14 11 77
73 14 11 20
73 14 11 4
73 14 11 68
73 14 11 88
73 14 11 2
73 14 11 4
73 14 11 61
73 14 11 87
73 14 11 30
73 14 11 7
73 14 11 45
73 14 11 73
73 14 11 8
73 14 12 10
73 14 12 48
73 14 12 74
73 14 12 45
73 14 12 7
73 14 12 40
73 14 12 82
73 14 12 45
73 14 12 6
73 14 12 46
73 14 12 76
73 14 12 74
73 14 12 2
73 14 12 60
73 14 12 79
73 14 12 84
73 14 12 9
73 14 12 70
73 14 12 80
73 14 12 19
73 14 13 4
73 14 13 69
73 14 13 83
73 14 13 35
73 14 13 4
73 14 13 39
73 14 13 88
73 14 13 87
73 14 13 5
73 14 13 40
73 14 13 85
73 14 13 29
73 14 13 4
73 14 13 51
73 14 13 75
73 14 13 87
73 14 13 8
73 14 13 44
73 14 13 84
73 14 13 71
73 14 14 10
73 14 14 70
73 14 14 87
73 14 14 42
73 14 14 7
73 14 14 57
73 14 14 88
73 14 14 70
73 14 14 6
73 14 14 66
73 14 14 81
73 14 14 14
73 14 14 7
73 14 14 59
73 14 14 83
73 14 14 37
73 14 14 6
73 14 14 65
73 14 14 78
73 14 14 17
79 1 1 6
79 1 1 71
79 1 1 89
79 1 1 62
79 1 1 5
79 1 1 44
79 1 1 90
79 1 1 30
79 1 1 6
79 1 1 51
79 1 1 85
79 1 1 68
79 1 1 3
79 1 1 53
79 1 1 79
79 1 1 93
79 1 1 2
79 1 1 73
79 1 1 93
79 1 1 87
79 1 2 2
79 1 2 59
79 1 2 88
79 1 2 48
79 1 2 4
79 1 2 71
79 1 2 82
79 1 2 17
79 1 2 7
79 1 2 39
79 1 2 87
79 1 2 68
79 1 2 5
79 1 2 72
79 1 2 79
79 1 2 96
79 1 2 8
79 1 2 40
79 1 2 85
79 1 2 10
79 1 3 8
79 1 3 77
79 1 3 82
79 1 3 53
79 1 3 8
79 1 3 55
79 1 3 93
79 1 3 34
79 1 3 9
79 1 3 57
79 1 3 89
79 1 3 47
79 1 3 5
79 1 3 41
79 1 3 94
79 1 3 84
79 1 3 5
79 1 3 75
79 1 3 92
79 1 3 11
79 1 4 10
79 1 4 53
79 1 4 79
79 1 4 95
79 1 4 1
79 1 4 60
79 1 4 81
79 1 4 5
79 1 4 5
79 1 4 58
79 1 4 92
79 1 4 12
79 1 4 2
79 1 4 59
79 1 4 83
79 1 4 3
79 1 4 6
79 1 4 52
79 1 4 86
79 1 4 30
79 1 5 10
79 1 5 40
79 1 5 93
79 1 5 24
79 1 5 2
79 1 5 67
79 1 5 80
79 1 5 59
79 1 5 9
79 1 5 77
79 1 5 90
79 1 5 56
79 1 5 2
79 1 5 55
79 1 5 96
79 1 5 17
79 1 5 9
79 1 5 73
79 1 5 85
79 1 5 88
79 1 6 10
79 1 6 61
79 1 6 94
79 1 6 32
79 1 6 7
79 1 6 39
79 1 6 80
79 1 6 2
79 1 6 7
79 1 6 57
79 1 6 83
79 1 6 69
79 1 6 2
79 1 6 44
79 1 6 89
79 1 6 30
79 1 6 2
79 1 6 77
79 1 6 96
79 1 6 68
79 1 7 6
79 1 7 62
79 1 7 85
79 1 7 81
79 1 7 4
79 1 7 51
79 1 7 89
79 1 7 36
79 1 7 1
79 1 7 50
79 1 7 94
79 1 7 78
79 1 7 7
79 1 7 57
79 1 7 96
79 1 7 67
79 1 7 2
79 1 7 53
79 1 7 85
79 1 7 74
79 1 8 2
79 1 8 78
79 1 8 95
79 1 8 93
79 1 8 2
79 1 8 42
79 1 8 94
79 1 8 31
79 1 8 5
79 1 8 45
79 1 8 81
79 1 8 54
79 1 8 3
79 1 8 40
79 1 8 80
79 1 8 6
79 1 8 7
79 1 8 45
79 1 8 91
79 1 8 48
79 1 9 8
79 1 9 47
79 1 9 94
79 1 9 24
79 1 9 6
79 1 9 75
79 1 9 87
79 1 9 49
79 1 9 7
79 1 9 48
79 1 9 84
79 1 9 67
79 1 9 10
79 1 9 62
79 1 9 82
79 1 9 20
79 1 9 1
79 1 9 51
79 1 9 83
79 1 9 90
79 1 10 1
79 1 10 78
79 1 10 79
79 1 10 20
79 1 10 3
79 1 10 64
79 1 10 83
79 1 10 60
79 1 10 1
79 1 10 39
79 1 10 88
79 1 10 85
79 1 10 1
79 1 10 44
79 1 10 88
79 1 10 49
79 1 10 1
79 1 10 79
79 1 10 88
79 1 10 34
79 1 11 9
79 1 11 73
79 1 11 87
79 1 11 5
79 1 11 2
79 1 11 68
79 1 11 79
79 1 11 69
79 1 11 5
79 1 11 75
79 1 11 85
79 1 11 81
79 1 11 8
79 1 11 71
79 1 11 81
79 1 11 12
79 1 11 7
79 1 11 40
79 1 11 80
79 1 11 44
79 1 12 10
79 1 12 68
79 1 12 86
79 1 12 16
79 1 12 8
79 1 12 70
79 1 12 82
79 1 12 69
79 1 12 3
79 1 12 65
79 1 12 80
79 1 12 16
79 1 12 4
79 1 12 63
79 1 12 96
79 1 12 33
79 1 12 6
79 1 12 64
79 1 12 81
79 1 12 91
79 1 13 10
79 1 13 78
79 1 13 83
79 1 13 60
79 1 13 4
79 1 13 54
79 1 13 88
79 1 13 68
79 1 13 4
79 1 13 51
79 1 13 81
79 1 13 18
79 1 13 9
79 1 13 64
79 1 13 94
79 1 13 65
79 1 13 7
79 1 13 76
79 1 13 95
79 1 13 56
79 1 14 2
79 1 14 41
79 1 14 88
79 1 14 20
79 1 14 10
79 1 14 57
79 1 14 80
79 1 14 38
79 1 14 2
79 1 14 67
79 1 14 85
79 1 14 11
79 1 14 1
79 1 14 48
79 1 14 81
79 1 14 67
79 1 14 5
79 1 14 57
79 1 14 90
79 1 14 25
79 2 1 6
79 2 1 52
79 2 1 82
79 2 1 14
79 2 1 9
79 2 1 51
79 2 1 94
79 2 1 7
79 2 1 8
79 2 1 53
79 2 1 92
79 2 1 95
79 2 1 6
79 2 1 72
79 2 1 93
79 2 1 16
79 2 1 4
79 2 1 43
79 2 1 91
79 2 1 92
79 2 2 8
79 2 2 70
79 2 2 90
79 2 2 14
79 2 2 8
79 2 2 44
79 2 2 79
79 2 2 22
79 2 2 8
79 2 2 59
79 2 2 94
79 2 2 91
79 2 2 5
79 2 2 79
79 2 2 96
79 2 2 65
79 2 2 3
79 2 2 47
79 2 2 85
79 2 2 50
79 2 3 7
79 2 3 56
79 2 3 86
79 2 3 9
79 2 3 3
79 2 3 52
79 2 3 95
79 2 3 71
79 2 3 6
79 2 3 64
79 2 3 79
79 2 3 92
79 2 3 9
79 2 3 43
79 2 3 95
79 2 3 21
79 2 3 3
79 2 3 50
79 2 3 96
79 2 3 23
79 2 4 5
79 2 4 70
79 2 4 87
79 2 4 82
79 2 4 5
79 2 4 62
79 2 4 91
79 2 4 3
79 2 4 1
79 2 4 39
79 2 4 83
79 2 4 52
79 2 4 10
79 2 4 54
79 2 4 84
79 2 4 25
79 2 4 10
79 2 4 69
79 2 4 85
79 2 4 19
79 2 5 10
79 2 5 40
79 2 5 79
79 2 5 78
79 2 5 6
79 2 5 75
79 2 5 80
79 2 5 20
79 2 5 4
79 2 5 67
79 2 5 81
79 2 5 27
79 2 5 2
79 2 5 76
79 2 5 83
79 2 5 93
79 2 5 2
79 2 5 75
79 2 5 95
79 2 5 29
79 2 6 3
79 2 6 52
79 2 6 83
79 2 6 40
79 2 6 6
79 2 6 65
79 2 6 87
79 2 6 42
79 2 6 5
79 2 6 72
79 2 6 91
79 2 6 4
79 2 6 8
79 2 6 63
79 2 6 84
79 2 6 75
79 2 6 9
79 2 6 51
79 2 6 96
79 2 6 39
79 2 7 7
79 2 7 75
79 2 7 86
79 2 7 42
79 2 7 1
79 2 7 63
79 2 7 79
79 2 7 70
79 2 7 6
79 2 7 41
79 2 7 87
79 2 7 80
79 2 7 9
79 2 7 44
79 2 7 83
79 2 7 54
79 2 7 6
79 2 7 40
79 2 7 86
79 2 7 54
79 2 8 7
79 2 8 49
79 2 8 84
79 2 8 25
79 2 8 8
79 2 8 68
79 2 8 83
79 2 8 53
79 2 8 8
79 2 8 39
79 2 8 90
79 2 8 37
79 2 8 5
79 2 8 56
79 2 8 96
79 2 8 82
79 2 8 3
79 2 8 58
79 2 8 84
79 2 8 15
79 2 9 6
79 2 9 79
79 2 9 86
79 2 9 58
79 2 9 10
79 2 9 44
79 2 9 84
79 2 9 71
79 2 9 10
79 2 9 78
79 2 9 81
79 2 9 55
79 2 9 5
79 2 9 45
79 2 9 88
79 2 9 94
79 2 9 1
79 2 9 71
79 2 9 90
79 2 9 55
79 2 10 6
79 2 10 58
79 2 10 91
79 2 10 81
79 2 10 9
79 2 10 55
79 2 10 95
79 2 10 19
79 2 10 2
79 2 10 58
79 2 10 86
79 2 10 22
79 2 10 5
79 2 10 41
79 2 10 81
79 2 10 19
79 2 10 5
79 2 10 43
79 2 10 96
79 2 10 67
79 2 11 3
79 2 11 51
79 2 11 88
79 2 11 45
79 2 11 5
79 2 11 47
79 2 11 84
79 2 11 51
79 2 11 10
79 2 11 42
79 2 11 87
79 2 11 20
79 2 11 4
79 2 11 47
79 2 11 79
79 2 11 86
79 2 11 7
79 2 11 62
79 2 11 79
79 2 11 39
79 2 12 8
79 2 12 44
79 2 12 84
79 2 12 6
79 2 12 6
79 2 12 75
79 2 12 85
79 2 12 35
79 2 12 3
79 2 12 75
79 2 12 95
79 2 12 5
79 2 12 10
79 2 12 61
79 2 12 90
79 2 12 31
79 2 12 7
79 2 12 71
79 2 12 90
79 2 12 47
79 2 13 3
79 2 13 66
79 2 13 94
79 2 13 31
79 2 13 3
79 2 13 53
79 2 13 92
79 2 13 21
79 2 13 1
79 2 13 48
79 2 13 79
79 2 13 95
79 2 13 10
79 2 13 55
79 2 13 82
79 2 13 28
79 2 13 9
79 2 13 63
79 2 13 82
79 2 13 46
79 2 14 10
79 2 14 68
79 2 14 87
79 2 14 40
79 2 14 9
79 2 14 71
79 2 14 93
79 2 14 25
79 2 14 4
79 2 14 67
79 2 14 96
79 2 14 82
79 2 14 5
79 2 14 42
79 2 14 85
79 2 14 33
79 2 14 10
79 2 14 56
79 2 14 93
79 2 14 11
79 3 1 3
79 3 1 67
79 3 1 83
79 3 1 65
79 3 1 6
79 3 1 62
79 3 1 90
79 3 1 77
79 3 1 4
79 3 1 60
79 3 1 91
79 3 1 93
79 3 1 5
79 3 1 64
79 3 1 79
79 3 1 70
79 3 1 9
79 3 1 39
79 3 1 79
79 3 1 90
79 3 2 10
79 3 2 71
79 3 2 83
79 3 2 24
79 3 2 5
79 3 2 72
79 3 2 92
79 3 2 16
79 3 2 5
79 3 2 43
79 3 2 96
79 3 2 6
79 3 2 9
79 3 2 61
79 3 2 93
79 3 2 27
79 3 2 9
79 3 2 41
79 3 2 88
79 3 2 67
79 3 3 8
79 3 3 72
79 3 3 90
79 3 3 17
79 3 3 5
79 3 3 43
79 3 3 89
79 3 3 1
79 3 3 1
79 3 3 69
79 3 3 89
79 3 3 67
79 3 3 4
79 3 3 54
79 3 3 80
79 3 3 16
79 3 3 5
79 3 3 78
79 3 3 79
79 3 3 47
79 3 4 7
79 3 4 52
79 3 4 95
79 3 4 14
79 3 4 9
79 3 4 44
79 3 4 94
79 3 4 22
79 3 4 2
79 3 4 69
79 3 4 96
79 3 4 18
79 3 4 9
79 3 4 72
79 3 4 90
79 3 4 6
79 3 4 1
79 3 4 74
79 3 4 86
79 3 4 93
79 3 5 7
79 3 5 58
79 3 5 88
79 3 5 56
79 3 5 10
79 3 5 78
79 3 5 96
79 3 5 91
79 3 5 5
79 3 5 65
79 3 5 95
79 3 5 57
79 3 5 4
79 3 5 40
79 3 5 95
79 3 5 94
79 3 5 5
79 3 5 68
79 3 5 85
79 3 5 84
79 3 6 8
79 3 6 75
79 3 6 96
79 3 6 46
79 3 6 3
79 3 6 66
79 3 6 84
79 3 6 21
79 3 6 7
79 3 6 56
79 3 6 80
79 3 6 14
79 3 6 3
79 3 6 74
79 3 6 94
79 3 6 23
79 3 6 9
79 3 6 70
79 3 6 93
79 3 6 26
79 3 7 2
79 3 7 60
79 3 7 96
79 3 7 66
79 3 7 2
79 3 7 45
79 3 7 96
79 3 7 26
79 3 7 3
79 3 7 49
79 3 7 94
79 3 7 80
79 3 7 1
79 3 7 46
79 3 7 92
79 3 7 92
79 3 7 4
79 3 7 45
79 3 7 79
79 3 7 24
79 3 8 1
79 3 8 50
79 3 8 96
79 3 8 78
79 3 8 6
79 3 8 45
79 3 8 88
79 3 8 4
79 3 8 8
79 3 8 49
79 3 8 81
79 3 8 74
79 3 8 3
79 3 8 71
79 3 8 89
79 3 8 93
79 3 8 7
79 3 8 55
79 3 8 85
79 3 8 52
79 3 9 3
79 3 9 40
79 3 9 80
79 3 9 31
79 3 9 7
79 3 9 60
79 3 9 94
79 3 9 8
79 3 9 1
79 3 9 55
79 3 9 82
79 3 9 43
79 3 9 10
79 3 9 74
79 3 9 92
79 3 9 33
79 3 9 6
79 3 9 46
79 3 9 82
79 3 9 51
79 3 10 7
79 3 10 50
79 3 10 96
79 3 10 93
79 3 10 1
79 3 10 43
79 3 10 80
79 3 10 89
79 3 10 10
79 3 10 43
79 3 10 94
79 3 10 81
79 3 10 2
79 3 10 55
79 3 10 93
79 3 10 38
79 3 10 4
79 3 10 58
79 3 10 86
79 3 10 62
79 3 11 10
79 3 11 42
79 3 11 82
79 3 11 16
79 3 11 3
79 3 11 66
79 3 11 94
79 3 11 34
79 3 11 3
79 3 11 47
79 3 11 90
79 3 11 57
79 3 11 3
79 3 11 45
79 3 11 93
79 3 11 69
79 3 11 7
79 3 11 57
79 3 11 85
79 3 11 34
79 3 12 7
79 3 12 78
79 3 12 79
79 3 12 95
79 3 12 9
79 3 12 44
79 3 12 80
79 3 12 45
79 3 12 9
79 3 12 45
79 3 12 86
79 3 12 82
79 3 12 7
79 3 12 78
79 3 12 94
79 3 12 77
79 3 12 5
79 3 12 54
79 3 12 90
79 3 12 31
79 3 13 10
79 3 13 63
79 3 13 84
79 3 13 16
79 3 13 1
79 3 13 44
79 3 13 87
79 3 13 55
79 3 13 4
79 3 13 66
79 3 13 81
79 3 13 19
79 3 13 5
79 3 13 60
79 3 13 84
79 3 13 25
79 3 13 10
79 3 13 55
79 3 13 87
79 3 13 1
79 3 14 9
79 3 14 46
79 3 14 92
79 3 14 74
79 3 14 2
79 3 14 67
79 3 14 93
79 3 14 90
79 3 14 1
79 3 14 50
79 3 14 85
79 3 14 62
79 3 14 8
79 3 14 40
79 3 14 83
79 3 14 90
79 3 14 3
79 3 14 78
79 3 14 79
79 3 14 93
79 4 1 7
79 4 1 63
79 4 1 93
79 4 1 40
79 4 1 9
79 4 1 76
79 4 1 91
79 4 1 73
79 4 1 3
79 4 1 76
79 4 1 93
79 4 1 72
79 4 1 5
79 4 1 52
79 4 1 81
79 4 1 18
79 4 1 7
79 4 1 71
79 4 1 96
79 4 1 24
79 4 2 1
79 4 2 61
79 4 2 86
79 4 2 80
79 4 2 7
79 4 2 77
79 4 2 89
79 4 2 8
79 4 2 2
79 4 2 73
79 4 2 94
79 4 2 47
79 4 2 3
79 4 2 54
79 4 2 94
79 4 2 83
79 4 2 1
79 4 2 58
79 4 2 95
79 4 2 17
79 4 3 3
79 4 3 51
79 4 3 87
79 4 3 48
79 4 3 2
79 4 3 67
79 4 3 94
79 4 3 37
79 4 3 10
79 4 3 55
79 4 3 93
79 4 3 26
79 4 3 6
79 4 3 50
79 4 3 80
79 4 3 46
79 4 3 8
79 4 3 75
79 4 3 82
79 4 3 20
79 4 4 6
79 4 4 78
79 4 4 89
79 4 4 9
79 4 4 4
79 4 4 74
79 4 4 89
79 4 4 24
79 4 4 7
79 4 4 51
79 4 4 92
79 4 4 23
79 4 4 8
79 4 4 68
79 4 4 93
79 4 4 69
79 4 4 7
79 4 4 43
79 4 4 88
79 4 4 5
79 4 5 7
79 4 5 74
79 4 5 82
79 4 5 75
79 4 5 7
79 4 5 67
79 4 5 79
79 4 5 25
79 4 5 1
79 4 5 73
79 4 5 79
79 4 5 81
79 4 5 9
79 4 5 58
79 4 5 82
79 4 5 90
79 4 5 8
79 4 5 42
79 4 5 80
79 4 5 68
79 4 6 6
79 4 6 61
79 4 6 91
79 4 6 96
79 4 6 10
79 4 6 71
79 4 6 88
79 4 6 56
79 4 6 10
79 4 6 56
79 4 6 80
79 4 6 91
79 4 6 7
79 4 6 51
79 4 6 83
79 4 6 78
79 4 6 1
79 4 6 39
79 4 6 92
79 4 6 94
79 4 7 3
79 4 7 45
79 4 7 90
79 4 7 31
79 4 7 1
79 4 7 68
79 4 7 87
79 4 7 33
79 4 7 7
79 4 7 64
79 4 7 83
79 4 7 60
79 4 7 2
79 4 7 78
79 4 7 90
79 4 7 81
79 4 7 8
79 4 7 43
79 4 7 93
79 4 7 59
79 4 8 7
79 4 8 66
79 4 8 83
79 4 8 72
79 4 8 7
79 4 8 53
79 4 8 83
79 4 8 21
79 4 8 3
79 4 8 79
79 4 8 80
79 4 8 28
79 4 8 5
79 4 8 50
79 4 8 89
79 4 8 13
79 4 8 5
79 4 8 70
79 4 8 95
79 4 8 18
79 4 9 10
79 4 9 78
79 4 9 96
79 4 9 22
79 4 9 10
79 4 9 62
79 4 9 81
79 4 9 37
79 4 9 2
79 4 9 60
79 4 9 90
79 4 9 32
79 4 9 10
79 4 9 40
79 4 9 85
79 4 9 8
79 4 9 6
79 4 9 65
79 4 9 85
79 4 9 21
79 4 10 8
79 4 10 72
79 4 10 82
79 4 10 12
79 4 10 6
79 4 10 51
79 4 10 92
79 4 10 71
79 4 10 6
79 4 10 39
79 4 10 83
79 4 10 8
79 4 10 10
79 4 10 68
79 4 10 88
79 4 10 57
79 4 10 5
79 4 10 43
79 4 10 91
79 4 10 54
79 4 11 10
79 4 11 46
79 4 11 88
79 4 11 29
79 4 11 10
79 4 11 77
79 4 11 85
79 4 11 17
79 4 11 2
79 4 11 52
79 4 11 89
79 4 11 52
79 4 11 9
79 4 11 44
79 4 11 94
79 4 11 86
79 4 11 8
79 4 11 56
79 4 11 90
79 4 11 29
79 4 12 6
79 4 12 53
79 4 12 83
79 4 12 11
79 4 12 3
79 4 12 54
79 4 12 81
79 4 12 49
79 4 12 5
79 4 12 63
79 4 12 87
79 4 12 36
79 4 12 7
79 4 12 55
79 4 12 93
79 4 12 24
79 4 12 7
79 4 12 78
79 4 12 81
79 4 12 74
79 4 13 1
79 4 13 41
79 4 13 83
79 4 13 35
79 4 13 6
79 4 13 72
79 4 13 92
79 4 13 26
79 4 13 4
79 4 13 68
79 4 13 96
79 4 13 84
79 4 13 4
79 4 13 66
79 4 13 81
79 4 13 44
79 4 13 6
79 4 13 70
79 4 13 96
79 4 13 78
79 4 14 2
79 4 14 67
79 4 14 94
79 4 14 68
79 4 14 8
79 4 14 40
79 4 14 90
79 4 14 57
79 4 14 3
79 4 14 70
79 4 14 80
79 4 14 2
79 4 14 5
79 4 14 59
79 4 14 80
79 4 14 18
79 4 14 5
79 4 14 56
79 4 14 83
79 4 14 12
79 5 1 9
79 5 1 68
79 5 1 86
79 5 1 31
79 5 1 7
79 5 1 61
79 5 1 89
79 5 1 84
79 5 1 7
79 5 1 63
79 5 1 86
79 5 1 70
79 5 1 8
79 5 1 77
79 5 1 81
79 5 1 20
79 5 1 6
79 5 1 61
79 5 1 93
79 5 1 47
79 5 2 2
79 5 2 49
79 5 2 89
79 5 2 36
79 5 2 9
79 5 2 74
79 5 2 79
79 5 2 76
79 5 2 3
79 5 2 59
79 5 2 86
79 5 2 30
79 5 2 2
79 5 2 78
79 5 2 80
79 5 2 55
79 5 2 7
79 5 2 66
79 5 2 94
79 5 2 87
79 5 3 5
79 5 3 53
79 5 3 83
79 5 3 2
79 5 3 9
79 5 3 60
79 5 3 96
79 5 3 71
79 5 3 8
79 5 3 61
79 5 3 82
79 5 3 15
79 5 3 1
79 5 3 79
79 5 3 85
79 5 3 27
79 5 3 4
79 5 3 50
79 5 3 82
79 5 3 74
79 5 4 6
79 5 4 64
79 5 4 94
79 5 4 61
79 5 4 1
79 5 4 71
79 5 4 89
79 5 4 63
79 5 4 8
79 5 4 45
79 5 4 93
79 5 4 21
79 5 4 7
79 5 4 64
79 5 4 86
79 5 4 72
79 5 4 4
79 5 4 48
79 5 4 91
79 5 4 22
79 5 5 3
79 5 5 74
79 5 5 83
79 5 5 38
79 5 5 7
79 5 5 66
79 5 5 85
79 5 5 54
79 5 5 8
79 5 5 57
79 5 5 90
79 5 5 76
79 5 5 8
79 5 5 52
79 5 5 85
79 5 5 62
79 5 5 5
79 5 5 48
79 5 5 90
79 5 5 18
79 5 6 9
79 5 6 62
79 5 6 89
79 5 6 73
79 5 6 10
79 5 6 57
79 5 6 94
79 5 6 52
79 5 6 9
79 5 6 60
79 5 6 90
79 5 6 92
79 5 6 8
79 5 6 40
79 5 6 93
79 5 6 96
79 5 6 7
79 5 6 68
79 5 6 84
79 5 6 80
79 5 7 3
79 5 7 64
79 5 7 89
79 5 7 33
79 5 7 7
79 5 7 78
79 5 7 91
79 5 7 64
79 5 7 4
79 5 7 78
79 5 7 87
79 5 7 35
79 5 7 10
79 5 7 72
79 5 7 90
79 5 7 12
79 5 7 7
79 5 7 78
79 5 7 88
79 5 7 16
79 5 8 3
79 5 8 47
79 5 8 80
79 5 8 50
79 5 8 8
79 5 8 59
79 5 8 81
79 5 8 48
79 5 8 1
79 5 8 66
79 5 8 84
79 5 8 71
79 5 8 6
79 5 8 48
79 5 8 91
79 5 8 95
79 5 8 5
79 5 8 47
79 5 8 86
79 5 8 95
79 5 9 2
79 5 9 54
79 5 9 84
79 5 9 21
79 5 9 8
79 5 9 46
79 5 9 96
79 5 9 92
79 5 9 6
79 5 9 49
79 5 9 84
79 5 9 33
79 5 9 6
79 5 9 42
79 5 9 82
79 5 9 43
79 5 9 9
79 5 9 79
79 5 9 87
79 5 9 72
79 5 10 7
79 5 10 65
79 5 10 86
79 5 10 89
79 5 10 1
79 5 10 67
79 5 10 95
79 5 10 61
79 5 10 5
79 5 10 47
79 5 10 82
79 5 10 59
79 5 10 7
79 5 10 54
79 5 10 85
79 5 10 3
79 5 10 7
79 5 10 42
79 5 10 86
79 5 10 6
79 5 11 4
79 5 11 73
79 5 11 91
79 5 11 57
79 5 11 10
79 5 11 71
79 5 11 80
79 5 11 90
79 5 11 3
79 5 11 55
79 5 11 81
79 5 11 57
79 5 11 3
79 5 11 67
79 5 11 93
79 5 11 73
79 5 11 4
79 5 11 77
79 5 11 90
79 5 11 70
79 5 12 6
79 5 12 54
79 5 12 84
79 5 12 71
79 5 12 5
79 5 12 68
79 5 12 83
79 5 12 73
79 5 12 3
79 5 12 66
79 5 12 94
79 5 12 24
79 5 12 8
79 5 12 59
79 5 12 83
79 5 12 28
79 5 12 5
79 5 12 64
79 5 12 90
79 5 12 80
79 5 13 6
79 5 13 74
79 5 13 92
79 5 13 66
79 5 13 9
79 5 13 75
79 5 13 79
79 5 13 38
79 5 13 3
79 5 13 40
79 5 13 93
79 5 13 55
79 5 13 4
79 5 13 56
79 5 13 92
79 5 13 91
79 5 13 1
79 5 13 54
79 5 13 79
79 5 13 19
79 5 14 2
79 5 14 57
79 5 14 90
79 5 14 68
79 5 14 3
79 5 14 68
79 5 14 94
79 5 14 71
79 5 14 4
79 5 14 77
79 5 14 94
79 5 14 91
79 5 14 9
79 5 14 77
79 5 14 85
79 5 14 7
79 5 14 1
79 5 14 73
79 5 14 80
79 5 14 17
79 6 1 9
79 6 1 62
79 6 1 90
79 6 1 27
79 6 1 3
79 6 1 73
79 6 1 93
79 6 1 40
79 6 1 3
79 6 1 66
79 6 1 83
79 6 1 80
79 6 1 3
79 6 1 58
79 6 1 86
79 6 1 30
79 6 1 2
79 6 1 40
79 6 1 84
79 6 1 89
79 6 2 2
79 6 2 60
79 6 2 82
79 6 2 21
79 6 2 5
79 6 2 45
79 6 2 93
79 6 2 46
79 6 2 2
79 6 2 44
79 6 2 89
79 6 2 34
79 6 2 7
79 6 2 59
79 6 2 96
79 6 2 94
79 6 2 5
79 6 2 39
79 6 2 94
79 6 2 88
79 6 3 1
79 6 3 43
79 6 3 96
79 6 3 90
79 6 3 9
79 6 3 65
79 6 3 94
79 6 3 1
79 6 3 5
79 6 3 70
79 6 3 96
79 6 3 51
79 6 3 4
79 6 3 75
79 6 3 79
79 6 3 63
79 6 3 7
79 6 3 47
79 6 3 91
79 6 3 71
79 6 4 3
79 6 4 70
79 6 4 91
79 6 4 66
79 6 4 9
79 6 4 77
79 6 4 80
79 6 4 23
79 6 4 9
79 6 4 72
79 6 4 95
79 6 4 11
79 6 4 9
79 6 4 64
79 6 4 94
79 6 4 90
79 6 4 7
79 6 4 76
79 6 4 90
79 6 4 13
79 6 5 3
79 6 5 52
79 6 5 95
79 6 5 44
79 6 5 3
79 6 5 47
79 6 5 85
79 6 5 79
79 6 5 7
79 6 5 71
79 6 5 80
79 6 5 13
79 6 5 3
79 6 5 61
79 6 5 89
79 6 5 70
79 6 5 6
79 6 5 67
79 6 5 80
79 6 5 77
79 6 6 1
79 6 6 58
79 6 6 88
79 6 6 1
79 6 6 1
79 6 6 60
79 6 6 92
79 6 6 30
79 6 6 10
79 6 6 57
79 6 6 93
79 6 6 43
79 6 6 9
79 6 6 75
79 6 6 96
79 6 6 7
79 6 6 10
79 6 6 46
79 6 6 96
79 6 6 36
79 6 7 6
79 6 7 71
79 6 7 80
79 6 7 27
79 6 7 1
79 6 7 43
79 6 7 90
79 6 7 51
79 6 7 1
79 6 7 70
79 6 7 82
79 6 7 9
79 6 7 8
79 6 7 76
79 6 7 84
79 6 7 33
79 6 7 10
79 6 7 75
79 6 7 85
79 6 7 39
79 6 8 10
79 6 8 75
79 6 8 81
79 6 8 38
79 6 8 2
79 6 8 45
79 6 8 84
79 6 8 83
79 6 8 2
79 6 8 78
79 6 8 91
79 6 8 18
79 6 8 5
79 6 8 39
79 6 8 94
79 6 8 63
79 6 8 8
79 6 8 62
79 6 8 82
79 6 8 25
79 6 9 1
79 6 9 41
79 6 9 82
79 6 9 35
79 6 9 9
79 6 9 40
79 6 9 93
79 6 9 83
79 6 9 2
79 6 9 51
79 6 9 87
79 6 9 15
79 6 9 1
79 6 9 49
79 6 9 87
79 6 9 13
79 6 9 9
79 6 9 77
79 6 9 79
79 6 9 49
79 6 10 5
79 6 10 67
79 6 10 86
79 6 10 31
79 6 10 10
79 6 10 78
79 6 10 89
79 6 10 3
79 6 10 1
79 6 10 71
79 6 10 80
79 6 10 82
79 6 10 6
79 6 10 42
79 6 10 86
79 6 10 14
79 6 10 10
79 6 10 40
79 6 10 88
79 6 10 19
79 6 11 2
79 6 11 79
79 6 11 96
79 6 11 67
79 6 11 2
79 6 11 60
79 6 11 86
79 6 11 78
79 6 11 2
79 6 11 54
79 6 11 93
79 6 11 32
79 6 11 8
79 6 11 44
79 6 11 79
79 6 11 44
79 6 11 8
79 6 11 61
79 6 11 89
79 6 11 65
79 6 12 8
79 6 12 42
79 6 12 92
79 6 12 3
79 6 12 8
79 6 12 74
79 6 12 95
79 6 12 23
79 6 12 4
79 6 12 59
79 6 12 81
79 6 12 53
79 6 12 9
79 6 12 49
79 6 12 81
79 6 12 7
79 6 12 6
79 6 12 48
79 6 12 83
79 6 12 42
79 6 13 2
79 6 13 55
79 6 13 82
79 6 13 56
79 6 13 2
79 6 13 68
79 6 13 82
79 6 13 53
79 6 13 5
79 6 13 44
79 6 13 80
79 6 13 93
79 6 13 4
79 6 13 62
79 6 13 84
79 6 13 80
79 6 13 1
79 6 13 77
79 6 13 83
79 6 13 63
79 6 14 9
79 6 14 79
79 6 14 85
79 6 14 92
79 6 14 7
79 6 14 77
79 6 14 80
79 6 14 9
79 6 14 8
79 6 14 60
79 6 14 86
79 6 14 89
79 6 14 5
79 6 14 57
79 6 14 91
79 6 14 14
79 6 14 1
79 6 14 45
79 6 14 89
79 6 14 2
79 7 1 1
79 7 1 75
79 7 1 80
79 7 1 68
79 7 1 10
79 7 1 50
79 7 1 81
79 7 1 69
79 7 1 10
79 7 1 66
79 7 1 87
79 7 1 25
79 7 1 3
79 7 1 49
79 7 1 94
79 7 1 85
79 7 1 2
79 7 1 40
79 7 1 85
79 7 1 71
79 7 2 10
79 7 2 48
79 7 2 85
79 7 2 17
79 7 2 7
79 7 2 64
79 7 2 88
79 7 2 23
79 7 2 2
79 7 2 53
79 7 2 83
79 7 2 80
79 7 2 7
79 7 2 76
79 7 2 88
79 7 2 37
79 7 2 9
79 7 2 62
79 7 2 81
79 7 2 13
79 7 3 2
79 7 3 57
79 7 3 91
79 7 3 76
79 7 3 1
79 7 3 61
79 7 3 86
79 7 3 3
79 7 3 3
79 7 3 59
79 7 3 80
79 7 3 95
79 7 3 4
79 7 3 77
79 7 3 94
79 7 3 94
79 7 3 6
79 7 3 70
79 7 3 84
79 7 3 69
79 7 4 9
79 7 4 67
79 7 4 81
79 7 4 16
79 7 4 1
79 7 4 72
79 7 4 85
79 7 4 30
79 7 4 5
79 7 4 77
79 7 4 95
79 7 4 22
79 7 4 1
79 7 4 39
79 7 4 79
79 7 4 12
79 7 4 9
79 7 4 62
79 7 4 80
79 7 4 77
79 7 5 10
79 7 5 43
79 7 5 92
79 7 5 96
79 7 5 7
79 7 5 47
79 7 5 95
79 7 5 75
79 7 5 5
79 7 5 59
79 7 5 80
79 7 5 18
79 7 5 4
79 7 5 39
79 7 5 94
79 7 5 66
79 7 5 2
79 7 5 43
79 7 5 80
79 7 5 53
79 7 6 9
79 7 6 39
79 7 6 85
79 7 6 2
79 7 6 4
79 7 6 62
79 7 6 95
79 7 6 67
79 7 6 10
79 7 6 41
79 7 6 85
79 7 6 8
79 7 6 1
79 7 6 75
79 7 6 92
79 7 6 88
79 7 6 2
79 7 6 44
79 7 6 90
79 7 6 6
79 7 7 2
79 7 7 53
79 7 7 81
79 7 7 96
79 7 7 2
79 7 7 54
79 7 7 79
79 7 7 43
79 7 7 1
79 7 7 49
79 7 7 85
79 7 7 89
79 7 7 5
79 7 7 59
79 7 7 94
79 7 7 41
79 7 7 3
79 7 7 50
79 7 7 81
79 7 7 9
79 7 8 10
79 7 8 51
79 7 8 91
79 7 8 2
79 7 8 9
79 7 8 49
79 7 8 83
79 7 8 25
79 7 8 9
79 7 8 62
79 7 8 89
79 7 8 9
79 7 8 2
79 7 8 44
79 7 8 80
79 7 8 17
79 7 8 1
79 7 8 75
79 7 8 88
79 7 8 44
79 7 9 3
79 7 9 49
79 7 9 91
79 7 9 21
79 7 9 7
79 7 9 70
79 7 9 92
79 7 9 27
79 7 9 6
79 7 9 55
79 7 9 84
79 7 9 90
79 7 9 4
79 7 9 43
79 7 9 84
79 7 9 31
79 7 9 10
79 7 9 60
79 7 9 81
79 7 9 29
79 7 10 4
79 7 10 48
79 7 10 80
79 7 10 32
79 7 10 3
79 7 10 62
79 7 10 82
79 7 10 83
79 7 10 5
79 7 10 50
79 7 10 83
79 7 10 21
79 7 10 3
79 7 10 75
79 7 10 80
79 7 10 16
79 7 10 6
79 7 10 44
79 7 10 80
79 7 10 52
79 7 11 9
79 7 11 52
79 7 11 86
79 7 11 75
79 7 11 6
79 7 11 64
79 7 11 85
79 7 11 44
79 7 11 7
79 7 11 74
79 7 11 81
79 7 11 40
79 7 11 8
79 7 11 42
79 7 11 96
79 7 11 82
79 7 11 4
79 7 11 60
79 7 11 87
79 7 11 42
79 7 12 7
79 7 12 46
79 7 12 96
79 7 12 92
79 7 12 3
79 7 12 64
79 7 12 79
79 7 12 41
79 7 12 10
79 7 12 72
79 7 12 82
79 7 12 55
79 7 12 3
79 7 12 69
79 7 12 94
79 7 12 81
79 7 12 7
79 7 12 42
79 7 12 79
79 7 12 29
79 7 13 7
79 7 13 40
79 7 13 93
79 7 13 74
79 7 13 10
79 7 13 77
79 7 13 94
79 7 13 77
79 7 13 10
79 7 13 45
79 7 13 81
79 7 13 60
79 7 13 6
79 7 13 75
79 7 13 87
79 7 13 75
79 7 13 6
79 7 13 50
79 7 13 95
79 7 13 29
79 7 14 2
79 7 14 63
79 7 14 95
79 7 14 83
79 7 14 7
79 7 14 57
79 7 14 89
79 7 14 60
79 7 14 9
79 7 14 77
79 7 14 96
79 7 14 92
79 7 14 10
79 7 14 50
79 7 14 82
79 7 14 10
79 7 14 8
79 7 14 74
79 7 14 91
79 7 14 79
79 8 1 7
79 8 1 70
79 8 1 94
79 8 1 37
79 8 1 5
79 8 1 71
79 8 1 80
79 8 1 1
79 8 1 2
79 8 1 52
79 8 1 84
79 8 1 29
79 8 1 1
79 8 1 50
79 8 1 84
79 8 1 89
79 8 1 4
79 8 1 58
79 8 1 96
79 8 1 80
79 8 2 5
79 8 2 41
79 8 2 79
79 8 2 60
79 8 2 3
79 8 2 47
79 8 2 79
79 8 2 10
79 8 2 9
79 8 2 58
79 8 2 85
79 8 2 60
79 8 2 10
79 8 2 42
79 8 2 94
79 8 2 74
79 8 2 7
79 8 2 48
79 8 2 94
79 8 2 91
79 8 3 2
79 8 3 68
79 8 3 84
79 8 3 92
79 8 3 6
79 8 3 52
79 8 3 96
79 8 3 4
79 8 3 1
79 8 3 59
79 8 3 95
79 8 3 54
79 8 3 1
79 8 3 41
79 8 3 86
79 8 3 83
79 8 3 7
79 8 3 40
79 8 3 83
79 8 3 34
79 8 4 7
79 8 4 40
79 8 4 80
79 8 4 76
79 8 4 8
79 8 4 67
79 8 4 88
79 8 4 81
79 8 4 4
79 8 4 42
79 8 4 84
79 8 4 93
79 8 4 5
79 8 4 59
79 8 4 90
79 8 4 13
79 8 4 7
79 8 4 61
79 8 4 86
79 8 4 81
79 8 5 8
79 8 5 68
79 8 5 80
79 8 5 80
79 8 5 2
79 8 5 43
79 8 5 95
79 8 5 28
79 8 5 9
79 8 5 65
79 8 5 90
79 8 5 10
79 8 5 8
79 8 5 53
79 8 5 81
79 8 5 45
79 8 5 3
79 8 5 78
79 8 5 89
79 8 5 15
79 8 6 10
79 8 6 57
79 8 6 92
79 8 6 94
79 8 6 2
79 8 6 52
79 8 6 87
79 8 6 73
79 8 6 6
79 8 6 66
79 8 6 93
79 8 6 14
79 8 6 4
79 8 6 47
79 8 6 89
79 8 6 33
79 8 6 8
79 8 6 77
79 8 6 79
79 8 6 93
79 8 7 1
79 8 7 76
79 8 7 94
79 8 7 65
79 8 7 5
79 8 7 51
79 8 7 94
79 8 7 25
79 8 7 8
79 8 7 57
79 8 7 83
79 8 7 59
79 8 7 5
79 8 7 41
79 8 7 94
79 8 7 4
79 8 7 4
79 8 7 42
79 8 7 90
79 8 7 94
79 8 8 10
79 8 8 53
79 8 8 92
79 8 8 79
79 8 8 3
79 8 8 79
79 8 8 84
79 8 8 55
79 8 8 8
79 8 8 62
79 8 8 81
79 8 8 1
79 8 8 9
79 8 8 49
79 8 8 90
79 8 8 30
79 8 8 7
79 8 8 61
79 8 8 86
79 8 8 20
79 8 9 3
79 8 9 47
79 8 9 92
79 8 9 13
79 8 9 10
79 8 9 54
79 8 9 91
79 8 9 20
79 8 9 1
79 8 9 39
79 8 9 83
79 8 9 59
79 8 9 4
79 8 9 46
79 8 9 80
79 8 9 53
79 8 9 10
79 8 9 51
79 8 9 79
79 8 9 15
79 8 10 3
79 8 10 76
79 8 10 83
79 8 10 66
79 8 10 10
79 8 10 66
79 8 10 89
79 8 10 90
79 8 10 9
79 8 10 57
79 8 10 80
79 8 10 42
79 8 10 5
79 8 10 74
79 8 10 95
79 8 10 90
79 8 10 3
79 8 10 52
79 8 10 85
79 8 10 63
79 8 11 3
79 8 11 76
79 8 11 92
79 8 11 49
79 8 11 2
79 8 11 66
79 8 11 94
79 8 11 21
79 8 11 9
79 8 11 79
79 8 11 87
79 8 11 82
79 8 11 4
79 8 11 78
79 8 11 87
79 8 11 18
79 8 11 5
79 8 11 69
79 8 11 81
79 8 11 31
79 8 12 6
79 8 12 49
79 8 12 85
79 8 12 8
79 8 12 1
79 8 12 58
79 8 12 85
79 8 12 73
79 8 12 8
79 8 12 68
79 8 12 82
79 8 12 27
79 8 12 4
79 8 12 79
79 8 12 83
79 8 12 49
79 8 12 2
79 8 12 72
79 8 12 84
79 8 12 58
79 8 13 3
79 8 13 42
79 8 13 95
79 8 13 21
79 8 13 8
79 8 13 79
79 8 13 85
79 8 13 25
79 8 13 10
79 8 13 42
79 8 13 93
79 8 13 13
79 8 13 3
79 8 13 75
79 8 13 86
79 8 13 31
79 8 13 7
79 8 13 40
79 8 13 86
79 8 13 78
79 8 14 8
79 8 14 40
79 8 14 80
79 8 14 59
79 8 14 10
79 8 14 67
79 8 14 84
79 8 14 12
79 8 14 5
79 8 14 63
79 8 14 80
79 8 14 5
79 8 14 4
79 8 14 64
79 8 14 90
79 8 14 18
79 8 14 6
79 8 14 45
79 8 14 83
79 8 14 7
79 9 1 2
79 9 1 40
79 9 1 83
79 9 1 24
79 9 1 7
79 9 1 56
79 9 1 94
79 9 1 36
79 9 1 2
79 9 1 65
79 9 1 82
79 9 1 76
79 9 1 9
79 9 1 45
79 9 1 82
79 9 1 43
79 9 1 9
79 9 1 51
79 9 1 89
79 9 1 39
79 9 2 8
79 9 2 73
79 9 2 83
79 9 2 59
79 9 2 6
79 9 2 68
79 9 2 93
79 9 2 96
79 9 2 9
79 9 2 66
79 9 2 96
79 9 2 2
79 9 2 4
79 9 2 49
79 9 2 89
79 9 2 11
79 9 2 6
79 9 2 63
79 9 2 83
79 9 2 82
79 9 3 7
79 9 3 72
79 9 3 82
79 9 3 18
79 9 3 2
79 9 3 69
79 9 3 92
79 9 3 18
79 9 3 4
79 9 3 55
79 9 3 85
79 9 3 94
79 9 3 5
79 9 3 75
79 9 3 91
79 9 3 42
79 9 3 8
79 9 3 62
79 9 3 93
79 9 3 93
79 9 4 6
79 9 4 71
79 9 4 88
79 9 4 57
79 9 4 7
79 9 4 44
79 9 4 82
79 9 4 96
79 9 4 5
79 9 4 44
79 9 4 82
79 9 4 83
79 9 4 7
79 9 4 49
79 9 4 90
79 9 4 72
79 9 4 3
79 9 4 44
79 9 4 88
79 9 4 41
79 9 5 3
79 9 5 70
79 9 5 84
79 9 5 36
79 9 5 1
79 9 5 75
79 9 5 79
79 9 5 84
79 9 5 10
79 9 5 58
79 9 5 82
79 9 5 9
79 9 5 1
79 9 5 52
79 9 5 88
79 9 5 77
79 9 5 6
79 9 5 58
79 9 5 93
79 9 5 67
79 9 6 6
79 9 6 45
79 9 6 82
79 9 6 38
79 9 6 10
79 9 6 64
79 9 6 93
79 9 6 65
79 9 6 1
79 9 6 77
79 9 6 96
79 9 6 24
79 9 6 1
79 9 6 70
79 9 6 86
79 9 6 44
79 9 6 1
79 9 6 42
79 9 6 79
79 9 6 95
79 9 7 3
79 9 7 55
79 9 7 93
79 9 7 2
79 9 7 9
79 9 7 40
79 9 7 80
79 9 7 1
79 9 7 9
79 9 7 67
79 9 7 83
79 9 7 51
79 9 7 1
79 9 7 61
79 9 7 85
79 9 7 10
79 9 7 4
79 9 7 67
79 9 7 90
79 9 7 50
79 9 8 2
79 9 8 70
79 9 8 88
79 9 8 19
79 9 8 9
79 9 8 41
79 9 8 90
79 9 8 27
79 9 8 1
79 9 8 43
79 9 8 85
79 9 8 72
79 9 8 7
79 9 8 40
79 9 8 85
79 9 8 82
79 9 8 4
79 9 8 44
79 9 8 79
79 9 8 76
79 9 9 8
79 9 9 51
79 9 9 80
79 9 9 83
79 9 9 6
79 9 9 57
79 9 9 83
79 9 9 24
79 9 9 10
79 9 9 45
79 9 9 93
79 9 9 34
79 9 9 9
79 9 9 53
79 9 9 80
79 9 9 46
79 9 9 9
79 9 9 66
79 9 9 95
79 9 9 10
79 9 10 10
79 9 10 50
79 9 10 92
79 9 10 38
79 9 10 6
79 9 10 69
79 9 10 95
79 9 10 94
79 9 10 6
79 9 10 55
79 9 10 83
79 9 10 68
79 9 10 7
79 9 10 54
79 9 10 81
79 9 10 13
79 9 10 6
79 9 10 68
79 9 10 85
79 9 10 93
79 9 11 6
79 9 11 51
79 9 11 82
79 9 11 48
79 9 11 4
79 9 11 74
79 9 11 83
79 9 11 66
79 9 11 5
79 9 11 51
79 9 11 80
79 9 11 78
79 9 11 3
79 9 11 64
79 9 11 96
79 9 11 14
79 9 11 9
79 9 11 70
79 9 11 96
79 9 11 80
79 9 12 6
79 9 12 41
79 9 12 96
79 9 12 70
79 9 12 9
79 9 12 62
79 9 12 92
79 9 12 54
79 9 12 7
79 9 12 62
79 9 12 94
79 9 12 15
79 9 12 6
79 9 12 43
79 9 12 86
79 9 12 2
79 9 12 8
79 9 12 57
79 9 12 87
79 9 12 49
79 9 13 1
79 9 13 58
79 9 13 86
79 9 13 17
79 9 13 9
79 9 13 67
79 9 13 94
79 9 13 16
79 9 13 4
79 9 13 53
79 9 13 83
79 9 13 42
79 9 13 5
79 9 13 78
79 9 13 88
79 9 13 31
79 9 13 3
79 9 13 79
79 9 13 86
79 9 13 77
79 9 14 7
79 9 14 72
79 9 14 81
79 9 14 43
79 9 14 1
79 9 14 40
79 9 14 96
79 9 14 35
79 9 14 7
79 9 14 74
79 9 14 79
79 9 14 63
79 9 14 2
79 9 14 41
79 9 14 91
79 9 14 66
79 9 14 2
79 9 14 79
79 9 14 89
79 9 14 92
79 10 1 3
79 10 1 46
79 10 1 91
79 10 1 44
79 10 1 2
79 10 1 55
79 10 1 82
79 10 1 68
79 10 1 6
79 10 1 44
79 10 1 95
79 10 1 86
79 10 1 5
79 10 1 66
79 10 1 87
79 10 1 74
79 10 1 1
79 10 1 67
79 10 1 89
79 10 1 26
79 10 2 4
79 10 2 76
79 10 2 81
79 10 2 89
79 10 2 6
79 10 2 44
79 10 2 86
79 10 2 43
79 10 2 1
79 10 2 40
79 10 2 87
79 10 2 67
79 10 2 2
79 10 2 54
79 10 2 79
79 10 2 76
79 10 2 7
79 10 2 42
79 10 2 82
79 10 2 55
79 10 3 1
79 10 3 58
79 10 3 82
79 10 3 81
79 10 3 3
79 10 3 65
79 10 3 93
79 10 3 40
79 10 3 8
79 10 3 65
79 10 3 85
79 10 3 88
79 10 3 3
79 10 3 48
79 10 3 88
79 10 3 53
79 10 3 9
79 10 3 67
79 10 3 89
79 10 3 25
79 10 4 3
79 10 4 49
79 10 4 86
79 10 4 89
79 10 4 6
79 10 4 55
79 10 4 94
79 10 4 27
79 10 4 8
79 10 4 47
79 10 4 96
79 10 4 17
79 10 4 1
79 10 4 57
79 10 4 94
79 10 4 26
79 10 4 8
79 10 4 44
79 10 4 95
79 10 4 60
79 10 5 9
79 10 5 50
79 10 5 94
79 10 5 38
79 10 5 10
79 10 5 74
79 10 5 94
79 10 5 7
79 10 5 7
79 10 5 68
79 10 5 89
79 10 5 87
79 10 5 8
79 10 5 67
79 10 5 89
79 10 5 71
79 10 5 2
79 10 5 59
79 10 5 92
79 10 5 33
79 10 6 1
79 10 6 65
79 10 6 86
79 10 6 92
79 10 6 6
79 10 6 49
79 10 6 83
79 10 6 71
79 10 6 7
79 10 6 62
79 10 6 88
79 10 6 82
79 10 6 3
79 10 6 54
79 10 6 80
79 10 6 47
79 10 6 7
79 10 6 58
79 10 6 88
79 10 6 36
79 10 7 9
79 10 7 75
79 10 7 91
79 10 7 29
79 10 7 6
79 10 7 63
79 10 7 82
79 10 7 43
79 10 7 9
79 10 7 65
79 10 7 92
79 10 7 70
79 10 7 3
79 10 7 48
79 10 7 94
79 10 7 56
79 10 7 7
79 10 7 67
79 10 7 83
79 10 7 43
79 10 8 10
79 10 8 68
79 10 8 94
79 10 8 82
79 10 8 8
79 10 8 55
79 10 8 85
79 10 8 84
79 10 8 6
79 10 8 71
79 10 8 82
79 10 8 85
79 10 8 6
79 10 8 51
79 10 8 89
79 10 8 36
79 10 8 2
79 10 8 40
79 10 8 87
79 10 8 36
79 10 9 9
79 10 9 70
79 10 9 82
79 10 9 18
79 10 9 7
79 10 9 47
79 10 9 91
79 10 9 64
79 10 9 7
79 10 9 69
79 10 9 88
79 10 9 49
79 10 9 8
79 10 9 72
79 10 9 93
79 10 9 70
79 10 9 9
79 10 9 62
79 10 9 96
79 10 9 79
79 10 10 5
79 10 10 46
79 10 10 90
79 10 10 28
79 10 10 3
79 10 10 43
79 10 10 91
79 10 10 47
79 10 10 8
79 10 10 59
79 10 10 87
79 10 10 59
79 10 10 5
79 10 10 58
79 10 10 79
79 10 10 68
79 10 10 1
79 10 10 66
79 10 10 83
79 10 10 41
79 10 11 2
79 10 11 76
79 10 11 92
79 10 11 66
79 10 11 5
79 10 11 60
79 10 11 89
79 10 11 77
79 10 11 5
79 10 11 51
79 10 11 96
79 10 11 79
79 10 11 7
79 10 11 60
79 10 11 90
79 10 11 47
79 10 11 9
79 10 11 62
79 10 11 85
79 10 11 6
79 10 12 4
79 10 12 72
79 10 12 84
79 10 12 50
79 10 12 9
79 10 12 66
79 10 12 87
79 10 12 38
79 10 12 3
79 10 12 45
79 10 12 90
79 10 12 43
79 10 12 8
79 10 12 65
79 10 12 86
79 10 12 44
79 10 12 2
79 10 12 77
79 10 12 87
79 10 12 17
79 10 13 3
79 10 13 76
79 10 13 94
79 10 13 84
79 10 13 4
79 10 13 71
79 10 13 80
79 10 13 9
79 10 13 2
79 10 13 74
79 10 13 86
79 10 13 78
79 10 13 7
79 10 13 52
79 10 13 81
79 10 13 63
79 10 13 5
79 10 13 43
79 10 13 93
79 10 13 66
79 10 14 8
79 10 14 55
79 10 14 80
79 10 14 31
79 10 14 10
79 10 14 57
79 10 14 94
79 10 14 15
79 10 14 8
79 10 14 51
79 10 14 94
79 10 14 26
79 10 14 3
79 10 14 66
79 10 14 89
79 10 14 46
79 10 14 9
79 10 14 76
79 10 14 86
79 10 14 33
79 11 1 7
79 11 1 46
79 11 1 91
79 11 1 1
79 11 1 6
79 11 1 79
79 11 1 81
79 11 1 77
79 11 1 7
79 11 1 65
79 11 1 79
79 11 1 74
79 11 1 7
79 11 1 50
79 11 1 89
79 11 1 60
79 11 1 1
79 11 1 73
79 11 1 96
79 11 1 6
79 11 2 3
79 11 2 75
79 11 2 81
79 11 2 66
79 11 2 4
79 11 2 49
79 11 2 95
79 11 2 91
79 11 2 9
79 11 2 61
79 11 2 84
79 11 2 80
79 11 2 3
79 11 2 59
79 11 2 81
79 11 2 47
79 11 2 3
79 11 2 46
79 11 2 93
79 11 2 10
79 11 3 5
79 11 3 79
79 11 3 84
79 11 3 93
79 11 3 10
79 11 3 49
79 11 3 85
79 11 3 68
79 11 3 1
79 11 3 61
79 11 3 95
79 11 3 17
79 11 3 5
79 11 3 48
79 11 3 92
79 11 3 56
79 11 3 8
79 11 3 59
79 11 3 87
79 11 3 4
79 11 4 6
79 11 4 44
79 11 4 79
79 11 4 44
79 11 4 3
79 11 4 64
79 11 4 87
79 11 4 32
79 11 4 1
79 11 4 63
79 11 4 90
79 11 4 50
79 11 4 7
79 11 4 39
79 11 4 80
79 11 4 92
79 11 4 2
79 11 4 48
79 11 4 86
79 11 4 62
79 11 5 8
79 11 5 75
79 11 5 92
79 11 5 67
79 11 5 6
79 11 5 65
79 11 5 88
79 11 5 21
79 11 5 10
79 11 5 74
79 11 5 82
79 11 5 73
79 11 5 5
79 11 5 51
79 11 5 90
79 11 5 69
79 11 5 3
79 11 5 75
79 11 5 83
79 11 5 39
79 11 6 7
79 11 6 65
79 11 6 95
79 11 6 59
79 11 6 1
79 11 6 72
79 11 6 96
79 11 6 10
79 11 6 10
79 11 6 60
79 11 6 88
79 11 6 88
79 11 6 2
79 11 6 60
79 11 6 83
79 11 6 9
79 11 6 5
79 11 6 59
79 11 6 96
79 11 6 66
79 11 7 5
79 11 7 62
79 11 7 94
79 11 7 91
79 11 7 3
79 11 7 66
79 11 7 94
79 11 7 30
79 11 7 10
79 11 7 59
79 11 7 88
79 11 7 30
79 11 7 4
79 11 7 75
79 11 7 95
79 11 7 4
79 11 7 5
79 11 7 66
79 11 7 79
79 11 7 71
79 11 8 7
79 11 8 62
79 11 8 80
79 11 8 31
79 11 8 4
79 11 8 68
79 11 8 95
79 11 8 17
79 11 8 2
79 11 8 79
79 11 8 86
79 11 8 73
79 11 8 6
79 11 8 58
79 11 8 82
79 11 8 82
79 11 8 2
79 11 8 74
79 11 8 91
79 11 8 43
79 11 9 1
79 11 9 42
79 11 9 94
79 11 9 67
79 11 9 6
79 11 9 48
79 11 9 84
79 11 9 85
79 11 9 9
79 11 9 66
79 11 9 79
79 11 9 67
79 11 9 7
79 11 9 42
79 11 9 81
79 11 9 35
79 11 9 9
79 11 9 73
79 11 9 87
79 11 9 53
79 11 10 9
79 11 10 77
79 11 10 81
79 11 10 54
79 11 10 9
79 11 10 40
79 11 10 88
79 11 10 52
79 11 10 4
79 11 10 76
79 11 10 92
79 11 10 23
79 11 10 4
79 11 10 71
79 11 10 96
79 11 10 31
79 11 10 6
79 11 10 71
79 11 10 81
79 11 10 36
79 11 11 3
79 11 11 79
79 11 11 81
79 11 11 63
79 11 11 10
79 11 11 65
79 11 11 80
79 11 11 1
79 11 11 5
79 11 11 71
79 11 11 95
79 11 11 82
79 11 11 6
79 11 11 71
79 11 11 83
79 11 11 32
79 11 11 7
79 11 11 60
79 11 11 79
79 11 11 5
79 11 12 4
79 11 12 78
79 11 12 82
79 11 12 80
79 11 12 2
79 11 12 47
79 11 12 92
79 11 12 10
79 11 12 2
79 11 12 71
79 11 12 89
79 11 12 69
79 11 12 7
79 11 12 49
79 11 12 83
79 11 12 82
79 11 12 9
79 11 12 62
79 11 12 89
79 11 12 13
79 11 13 3
79 11 13 75
79 11 13 82
79 11 13 31
79 11 13 5
79 11 13 56
79 11 13 88
79 11 13 96
79 11 13 10
79 11 13 61
79 11 13 84
79 11 13 11
79 11 13 4
79 11 13 45
79 11 13 85
79 11 13 64
79 11 13 3
79 11 13 55
79 11 13 91
79 11 13 35
79 11 14 3
79 11 14 42
79 11 14 88
79 11 14 54
79 11 14 3
79 11 14 57
79 11 14 86
79 11 14 32
79 11 14 9
79 11 14 58
79 11 14 82
79 11 14 48
79 11 14 6
79 11 14 52
79 11 14 91
79 11 14 48
79 11 14 8
79 11 14 76
79 11 14 96
79 11 14 85
79 12 1 5
79 12 1 49
79 12 1 85
79 12 1 94
79 12 1 10
79 12 1 58
79 12 1 94
79 12 1 87
79 12 1 3
79 12 1 74
79 12 1 88
79 12 1 79
79 12 1 5
79 12 1 41
79 12 1 89
79 12 1 48
79 12 1 5
79 12 1 67
79 12 1 88
79 12 1 34
79 12 2 1
79 12 2 58
79 12 2 79
79 12 2 96
79 12 2 8
79 12 2 48
79 12 2 84
79 12 2 39
79 12 2 8
79 12 2 56
79 12 2 95
79 12 2 76
79 12 2 3
79 12 2 41
79 12 2 92
79 12 2 64
79 12 2 6
79 12 2 61
79 12 2 87
79 12 2 66
79 12 3 9
79 12 3 44
79 12 3 88
79 12 3 82
79 12 3 10
79 12 3 76
79 12 3 79
79 12 3 73
79 12 3 2
79 12 3 47
79 12 3 94
79 12 3 27
79 12 3 3
79 12 3 69
79 13 2 83
79 13 2 44
79 13 3 2
79 13 3 78
79 13 3 95
79 13 3 37
79 13 3 9
79 13 3 65
79 13 3 89
79 13 3 13
79 13 3 9
79 13 3 39
79 13 3 83
79 13 3 82
79 13 3 10
79 13 3 44
79 13 3 93
79 13 3 51
79 13 3 1
79 13 3 49
79 13 3 80
79 13 3 51
79 13 4 5
79 13 4 43
79 13 4 83
79 13 4 46
79 13 4 1
79 13 4 75
79 13 4 96
79 13 4 67
79 13 4 5
79 13 4 63
79 13 4 95
79 13 4 25
79 13 4 8
79 13 4 68
79 13 4 89
79 13 4 57
79 13 4 10
79 13 4 48
79 13 4 85
79 13 4 85
79 13 5 8
79 13 5 49
79 13 5 84
79 13 5 7
79 13 5 1
79 13 5 40
79 13 5 94
79 13 5 93
79 13 5 3
79 13 5 64
79 13 5 85
79 13 5 39
79 13 5 4
79 13 5 59
79 13 5 91
79 13 5 48
79 13 5 2
79 13 5 61
79 13 5 82
79 13 5 61
79 13 6 4
79 13 6 57
79 13 6 89
79 13 6 6
79 13 6 7
79 13 6 44
79 13 6 86
79 13 6 95
79 13 6 3
79 13 6 77
79 13 6 87
79 13 6 90
79 13 6 10
79 13 6 62
79 13 6 83
79 13 6 92
79 13 6 7
79 13 6 53
79 13 6 96
79 13 6 94
79 13 7 4
79 13 7 77
79 13 7 95
79 13 7 38
79 13 7 9
79 13 7 41
79 13 7 93
79 13 7 71
79 13 7 3
79 13 7 72
79 13 7 82
79 13 7 23
79 13 7 2
79 13 7 39
79 13 7 88
79 13 7 54
79 13 7 6
79 13 7 41
79 13 7 83
79 13 7 78
79 13 8 3
79 13 8 44
79 13 8 84
79 13 8 29
79 13 8 1
79 13 8 47
79 13 8 95
79 13 8 94
79 13 8 10
79 13 8 47
79 13 8 80
79 13 8 42
79 13 8 10
79 13 8 43
79 13 8 87
79 13 8 39
79 13 8 7
79 13 8 75
79 13 8 86
79 13 8 75
79 13 9 1
79 13 9 58
79 13 9 86
79 13 9 3
79 13 9 8
79 13 9 71
79 13 9 80
79 13 9 60
79 13 9 7
79 13 9 72
79 13 9 93
79 13 9 44
79 13 9 6
79 13 9 63
79 13 9 83
79 13 9 69
79 13 9 10
79 13 9 59
79 13 9 79
79 13 9 75
79 13 10 1
79 13 10 64
79 13 10 83
79 13 10 96
79 13 10 10
79 13 10 46
79 13 10 93
79 13 10 37
79 13 10 7
79 13 10 47
79 13 10 79
79 13 10 16
79 13 10 10
79 13 10 74
79 13 10 91
79 13 10 58
79 13 10 7
79 13 10 67
79 13 10 81
79 13 10 51
79 13 11 6
79 13 11 65
79 13 11 85
79 13 11 16
79 13 11 5
79 13 11 42
79 13 11 83
79 13 11 80
79 13 11 5
79 13 11 59
79 13 11 92
79 13 11 2
79 13 11 3
79 13 11 76
79 13 11 82
79 13 11 21
79 13 11 1
79 13 11 40
79 13 11 93
79 13 11 58
79 13 12 7
79 13 12 46
79 13 12 80
79 13 12 89
79 13 12 7
79 13 12 63
79 13 12 85
79 13 12 81
79 13 12 7
79 13 12 39
79 13 12 94
79 13 12 60
79 13 12 4
79 13 12 55
79 13 12 80
79 13 12 63
79 13 12 6
79 13 12 65
79 13 12 82
79 13 12 51
79 13 13 7
79 13 13 71
79 13 13 90
79 13 13 9
79 13 13 1
79 13 13 54
79 13 13 92
79 13 13 54
79 13 13 10
79 13 13 42
79 13 13 81
79 13 13 51
79 13 13 8
79 13 13 68
79 13 13 92
79 13 13 47
79 13 13 7
79 13 13 50
79 13 13 89
79 13 13 50
79 13 14 4
79 13 14 79
79 13 14 87
79 13 14 79
79 13 14 5
79 13 14 65
79 13 14 80
79 13 14 55
79 13 14 6
79 13 14 43
79 13 14 83
79 13 14 70
79 13 14 7
79 13 14 59
79 13 14 89
79 13 14 46
79 13 14 3
79 13 14 75
79 13 14 95
79 13 14 66
79 14 1 4
79 14 1 40
79 14 1 88
79 14 1 51
79 14 1 2
79 14 1 49
79 14 1 83
79 14 1 33
79 14 1 3
79 14 1 56
79 14 1 90
79 14 1 91
79 14 1 3
79 14 1 70
79 14 1 88
79 14 1 34
79 14 1 7
79 14 1 51
79 14 1 84
79 14 1 64
79 14 2 1
79 14 2 41
79 14 2 94
79 14 2 20
79 14 2 4
79 14 2 41
79 14 2 89
79 14 2 6
79 14 2 4
79 14 2 63
79 14 2 96
79 14 2 94
79 14 2 5
79 14 2 39
79 14 2 84
79 14 2 20
79 14 2 10
79 14 2 40
79 14 2 84
79 14 2 93
79 14 3 4
79 14 3 67
79 14 3 90
79 14 3 14
79 14 3 9
79 14 3 42
79 14 3 95
79 14 3 83
79 14 3 9
79 14 3 52
79 14 3 85
79 14 3 95
79 14 3 9
79 14 3 79
79 14 3 92
79 14 3 40
79 14 3 1
79 14 3 55
79 14 3 92
79 14 3 59
79 14 4 8
79 14 4 66
79 14 4 88
79 14 4 55
79 14 4 1
79 14 4 50
79 14 4 82
79 14 4 91
79 14 4 4
79 14 4 49
79 14 4 87
79 14 4 85
79 14 4 4
79 14 4 69
79 14 4 79
79 14 4 81
79 14 4 6
79 14 4 70
79 14 4 83
79 14 4 62
79 14 5 3
79 14 5 78
79 14 5 82
79 14 5 39
79 14 5 7
79 14 5 43
79 14 5 92
79 14 5 21
79 14 5 1
79 14 5 72
79 14 5 80
79 14 5 74
79 14 5 3
79 14 5 41
79 14 5 89
79 14 5 65
79 14 5 3
79 14 5 62
79 14 5 93
79 14 5 75
79 14 6 5
79 14 6 51
79 14 6 92
79 14 6 91
79 14 6 1
79 14 6 70
79 14 6 95
79 14 6 81
79 14 6 7
79 14 6 54
79 14 6 88
79 14 6 19
79 14 6 7
79 14 6 59
79 14 6 84
79 14 6 81
79 14 6 4
79 14 6 72
79 14 6 81
79 14 6 71
79 14 7 6
79 14 7 60
79 14 7 90
79 14 7 83
79 14 7 1
79 14 7 42
79 14 7 84
79 14 7 35
79 14 7 4
79 14 7 40
79 14 7 85
79 14 7 34
79 14 7 8
79 14 7 56
79 14 7 92
79 14 7 78
79 14 7 10
79 14 7 79
79 14 7 93
79 14 7 30
79 14 8 5
79 14 8 56
79 14 8 84
79 14 8 86
79 14 8 4
79 14 8 76
79 14 8 80
79 14 8 5
79 14 8 6
79 14 8 47
79 14 8 95
79 14 8 52
79 14 8 10
79 14 8 56
79 14 8 92
79 14 8 5
79 14 8 5
79 14 8 63
79 14 8 79
79 14 8 27
79 14 9 9
79 14 9 39
79 14 9 96
79 14 9 71
79 14 9 1
79 14 9 75
79 14 9 83
79 14 9 4
79 14 9 8
79 14 9 43
79 14 9 88
79 14 9 59
79 14 9 10
79 14 9 44
79 14 9 82
79 14 9 27
79 14 9 8
79 14 9 54
79 14 9 89
79 14 9 55
79 14 10 10
79 14 10 39
79 14 10 90
79 14 10 42
79 14 10 7
79 14 10 49
79 14 10 82
79 14 10 18
79 14 10 4
79 14 10 59
79 14 10 93
79 14 10 15
79 14 10 10
79 14 10 47
79 14 10 84
79 14 10 49
79 14 10 7
79 14 10 59
79 14 10 80
79 14 10 40
79 14 11 7
79 14 11 49
79 14 11 91
79 14 11 21
79 14 11 9
79 14 11 76
79 14 11 92
79 14 11 10
79 14 11 1
79 14 11 71
79 14 11 82
79 14 11 9
79 14 11 8
79 14 11 42
79 14 11 94
79 14 11 8
79 14 11 5
79 14 11 65
79 14 11 80
79 14 11 6
79 14 12 6
79 14 12 45
79 14 12 93
79 14 12 17
79 14 12 10
79 14 12 65
79 14 12 79
79 14 12 66
79 14 12 10
79 14 12 50
79 14 12 85
79 14 12 24
79 14 12 4
79 14 12 68
79 14 12 94
79 14 12 74
79 14 12 2
79 14 12 42
79 14 12 82
79 14 12 53
79 14 13 10
79 14 13 48
79 14 13 84
79 14 13 44
79 14 13 2
79 14 13 45
79 14 13 81
79 14 13 77
79 14 13 10
79 14 13 55
79 14 13 88
79 14 13 8
79 14 13 6
79 14 13 54
79 14 13 84
79 14 13 56
79 14 13 5
79 14 13 54
79 14 13 84
79 14 13 62
79 14 14 8
79 14 14 44
79 14 14 85
79 14 14 70
79 14 14 5
79 14 14 67
79 14 14 81
79 14 14 78
79 14 14 6
79 14 14 58
79 14 14 90
79 14 14 91
79 14 14 8
79 14 14 50
79 14 14 92
79 14 14 30
79 14 14 10
79 14 14 79
79 14 14 89
79 14 14 69
83 1 1 10
83 1 1 57
83 1 1 87
83 1 1 17
83 1 1 9
83 1 1 78
83 1 1 86
83 1 1 32
83 1 1 9
83 1 1 50
83 1 1 83
83 1 1 38
83 1 1 6
83 1 1 68
83 1 1 93
83 1 1 74
83 1 1 4
83 1 1 64
83 1 1 100
83 1 1 11
83 1 2 7
83 1 2 66
83 1 2 102
83 1 2 68
83 1 2 3
83 1 2 78
83 1 2 94
83 1 2 66
83 1 2 8
83 1 2 47
83 1 2 95
83 1 2 42
83 1 2 6
83 1 2 54
83 1 2 91
83 1 2 63
83 1 2 9
83 1 2 61
83 1 2 95
83 1 2 91
83 1 3 8
83 1 3 66
83 1 3 86
83 1 3 24
83 1 3 1
83 1 3 73
83 1 3 85
83 1 3 11
83 1 3 2
83 1 3 79
83 1 3 100
83 1 3 71
83 1 3 3
83 1 3 51
83 1 3 101
83 1 3 93
83 1 3 3
83 1 3 82
83 1 3 93
83 1 3 68
83 1 4 6
83 1 4 56
83 1 4 91
83 1 4 24
83 1 4 4
83 1 4 77
83 1 4 93
83 1 4 20
83 1 4 1
83 1 4 75
83 1 4 99
83 1 4 81
83 1 4 8
83 1 4 44
83 1 4 99
83 1 4 51
83 1 4 4
83 1 4 83
83 1 4 101
83 1 4 18
83 1 5 10
83 1 5 41
83 1 5 94
83 1 5 87
83 1 5 2
83 1 5 68
83 1 5 102
83 1 5 16
83 1 5 9
83 1 5 61
83 1 5 91
83 1 5 24
83 1 5 3
83 1 5 51
83 1 5 99
83 1 5 7
83 1 5 1
83 1 5 65
83 1 5 101
83 1 5 102
83 1 6 8
83 1 6 73
83 1 6 97
83 1 6 102
83 1 6 3
83 1 6 61
83 1 6 91
83 1 6 5
83 1 6 3
83 1 6 53
83 1 6 97
83 1 6 55
83 1 6 8
83 1 6 51
83 1 6 95
83 1 6 97
83 1 6 4
83 1 6 46
83 1 6 102
83 1 6 52
83 1 7 2
83 1 7 66
83 1 7 86
83 1 7 94
83 1 7 3
83 1 7 50
83 1 7 83
83 1 7 37
83 1 7 4
83 1 7 58
83 1 7 87
83 1 7 46
83 1 7 3
83 1 7 74
83 1 7 98
83 1 7 77
83 1 7 9
83 1 7 44
83 1 7 89
83 1 7 50
83 1 8 7
83 1 8 73
83 1 8 93
83 1 8 4
83 1 8 6
83 1 8 49
83 1 8 92
83 1 8 57
83 1 8 10
83 1 8 58
83 1 8 98
83 1 8 8
83 1 8 4
83 1 8 78
83 1 8 97
83 1 8 41
83 1 8 3
83 1 8 54
83 1 8 98
83 1 8 21
83 1 9 2
83 1 9 54
83 1 9 97
83 1 9 47
83 1 9 9
83 1 9 67
83 1 9 83
83 1 9 34
83 1 9 9
83 1 9 55
83 1 9 83
83 1 9 8
83 1 9 8
83 1 9 58
83 1 9 92
83 1 9 97
83 1 9 10
83 1 9 83
83 1 9 91
83 1 9 3
83 1 10 5
83 1 10 49
83 1 10 83
83 1 10 40
83 1 10 5
83 1 10 57
83 1 10 93
83 1 10 83
83 1 10 4
83 1 10 60
83 1 10 85
83 1 10 55
83 1 10 4
83 1 10 48
83 1 10 101
83 1 10 86
83 1 10 4
83 1 10 61
83 1 10 89
83 1 10 21
83 1 11 3
83 1 11 47
83 1 11 94
83 1 11 56
83 1 11 6
83 1 11 80
83 1 11 89
83 1 11 26
83 1 11 6
83 1 11 60
83 1 11 93
83 1 11 12
83 1 11 1
83 1 11 46
83 1 11 90
83 1 11 57
83 1 11 5
83 1 11 83
83 1 11 89
83 1 11 45
83 1 12 7
83 1 12 56
83 1 12 87
83 1 12 50
83 1 12 9
83 1 12 66
83 1 12 96
83 1 12 73
83 1 12 7
83 1 12 54
83 1 12 88
83 1 12 90
83 1 12 6
83 1 12 77
83 1 12 91
83 1 12 83
83 1 12 3
83 1 12 62
83 1 12 85
83 1 12 93
83 1 13 9
83 1 13 46
83 1 13 102
83 1 13 42
83 1 13 1
83 1 13 45
83 1 13 90
83 1 13 10
83 1 13 5
83 1 13 56
83 1 13 88
83 1 13 33
83 1 13 6
83 1 13 51
83 1 13 102
83 1 13 90
83 1 13 3
83 1 13 44
83 1 13 88
83 1 13 13
83 1 14 1
83 1 14 45
83 1 14 83
83 1 14 44
83 1 14 2
83 1 14 78
83 1 14 85
83 1 14 39
83 1 14 2
83 1 14 45
83 1 14 102
83 1 14 52
83 1 14 4
83 1 14 47
83 1 14 86
83 1 14 19
83 1 14 1
83 1 14 68
83 1 14 99
83 1 14 8
83 2 1 5
83 2 1 68
83 2 1 102
83 2 1 34
83 2 1 1
83 2 1 41
83 2 1 94
83 2 1 93
83 2 1 4
83 2 1 66
83 2 1 87
83 2 1 100
83 2 1 3
83 2 1 72
83 2 1 98
83 2 1 20
83 2 1 2
83 2 1 50
83 2 1 85
83 2 1 9
83 2 2 4
83 2 2 58
83 2 2 93
83 2 2 20
83 2 2 10
83 2 2 71
83 2 2 102
83 2 2 13
83 2 2 3
83 2 2 54
83 2 2 95
83 2 2 44
83 2 2 1
83 2 2 77
83 2 2 84
83 2 2 3
83 2 2 5
83 2 2 50
83 2 2 100
83 2 2 87
83 2 3 8
83 2 3 67
83 2 3 89
83 2 3 8
83 2 3 10
83 2 3 46
83 2 3 100
83 2 3 17
83 2 3 1
83 2 3 68
83 2 3 92
83 2 3 98
83 2 3 8
83 2 3 82
83 2 3 102
83 2 3 1
83 2 3 4
83 2 3 46
83 2 3 96
83 2 3 98
83 2 4 9
83 2 4 70
83 2 4 87
83 2 4 55
83 2 4 7
83 2 4 57
83 2 4 85
83 2 4 11
83 2 4 7
83 2 4 81
83 2 4 84
83 2 4 2
83 2 4 5
83 2 4 50
83 2 4 90
83 2 4 41
83 2 4 3
83 2 4 51
83 2 4 101
83 2 4 44
83 2 5 2
83 2 5 79
83 2 5 100
83 2 5 11
83 2 5 4
83 2 5 47
83 2 5 92
83 2 5 36
83 2 5 2
83 2 5 53
83 2 5 99
83 2 5 72
83 2 5 6
83 2 5 80
83 2 5 89
83 2 5 100
83 2 5 10
83 2 5 74
83 2 5 100
83 2 5 91
83 2 6 1
83 2 6 52
83 2 6 99
83 2 6 85
83 2 6 3
83 2 6 81
83 2 6 98
83 2 6 70
83 2 6 10
83 2 6 76
83 2 6 96
83 2 6 49
83 2 6 2
83 2 6 74
83 2 6 100
83 2 6 85
83 2 6 4
83 2 6 79
83 2 6 92
83 2 6 41
83 2 7 4
83 2 7 65
83 2 7 93
83 2 7 34
83 2 7 3
83 2 7 77
83 2 7 90
83 2 7 100
83 2 7 1
83 2 7 62
83 2 7 85
83 2 7 74
83 2 7 7
83 2 7 79
83 2 7 92
83 2 7 47
83 2 7 9
83 2 7 75
83 2 7 96
83 2 7 87
83 2 8 2
83 2 8 70
83 2 8 100
83 2 8 71
83 2 8 9
83 2 8 72
83 2 8 85
83 2 8 15
83 2 8 2
83 2 8 50
83 2 8 100
83 2 8 75
83 2 8 4
83 2 8 81
83 2 8 84
83 2 8 55
83 2 8 7
83 2 8 69
83 2 8 85
83 2 8 5
83 2 9 3
83 2 9 46
83 2 9 88
83 2 9 5
83 2 9 4
83 2 9 50
83 2 9 83
83 2 9 37
83 2 9 4
83 2 9 62
83 2 9 86
83 2 9 94
83 2 9 10
83 2 9 55
83 2 9 101
83 2 9 7
83 2 9 7
83 2 9 59
83 2 9 86
83 2 9 42
83 2 10 2
83 2 10 80
83 2 10 90
83 2 10 64
83 2 10 3
83 2 10 75
83 2 10 88
83 2 10 53
83 2 10 9
83 2 10 55
83 2 10 86
83 2 10 23
83 2 10 7
83 2 10 82
83 2 10 91
83 2 10 6
83 2 10 7
83 2 10 43
83 2 10 92
83 2 10 101
83 2 11 2
83 2 11 53
83 2 11 96
83 2 11 20
83 2 11 3
83 2 11 82
83 2 11 86
83 2 11 43
83 2 11 1
83 2 11 80
83 2 11 91
83 2 11 6
83 2 11 9
83 2 11 74
83 2 11 98
83 2 11 86
83 2 11 1
83 2 11 58
83 2 11 88
83 2 11 54
83 2 12 7
83 2 12 45
83 2 12 98
83 2 12 99
83 2 12 9
83 2 12 66
83 2 12 90
83 2 12 8
83 2 12 2
83 2 12 60
83 2 12 96
83 2 12 85
83 2 12 5
83 2 12 47
83 2 12 91
83 2 12 73
83 2 12 7
83 2 12 73
83 2 12 101
83 2 12 84
83 2 13 2
83 2 13 67
83 2 13 98
83 2 13 93
83 2 13 10
83 2 13 53
83 2 13 91
83 2 13 65
83 2 13 4
83 2 13 68
83 2 13 83
83 2 13 65
83 2 13 8
83 2 13 77
83 2 13 90
83 2 13 85
83 2 13 2
83 2 13 62
83 2 13 97
83 2 13 93
83 2 14 10
83 2 14 53
83 2 14 93
83 2 14 91
83 2 14 8
83 2 14 69
83 2 14 83
83 2 14 14
83 2 14 5
83 2 14 78
83 2 14 98
83 2 14 43
83 2 14 9
83 2 14 54
83 2 14 87
83 2 14 93
83 2 14 4
83 2 14 73
83 2 14 90
83 2 14 42
83 3 1 2
83 3 1 82
83 3 1 96
83 3 1 32
83 3 1 1
83 3 1 52
83 3 1 83
83 3 1 60
83 3 1 3
83 3 1 77
83 3 1 101
83 3 1 99
83 3 1 1
83 3 1 54
83 3 1 83
83 3 1 46
83 3 1 4
83 3 1 78
83 3 1 102
83 3 1 35
83 3 2 7
83 3 2 59
83 3 2 85
83 3 2 51
83 3 2 1
83 3 2 43
83 3 2 89
83 3 2 74
83 3 2 1
83 3 2 45
83 3 2 102
83 3 2 42
83 3 2 6
83 3 2 73
83 3 2 99
83 3 2 20
83 3 2 4
83 3 2 68
83 3 2 101
83 3 2 26
83 3 3 6
83 3 3 41
83 3 3 93
83 3 3 17
83 3 3 1
83 3 3 74
83 3 3 84
83 3 3 77
83 3 3 7
83 3 3 63
83 3 3 102
83 3 3 26
83 3 3 10
83 3 3 66
83 3 3 95
83 3 3 88
83 3 3 6
83 3 3 46
83 3 3 98
83 3 3 61
83 3 4 6
83 3 4 59
83 3 4 93
83 3 4 11
83 3 4 2
83 3 4 46
83 3 4 87
83 3 4 47
83 3 4 3
83 3 4 66
83 3 4 97
83 3 4 74
83 3 4 8
83 3 4 76
83 3 4 94
83 3 4 44
83 3 4 3
83 3 4 64
83 3 4 87
83 3 4 24
83 3 5 1
83 3 5 63
83 3 5 96
83 3 5 31
83 3 5 4
83 3 5 59
83 3 5 97
83 3 5 6
83 3 5 5
83 3 5 75
83 3 5 91
83 3 5 98
83 3 5 3
83 3 5 63
83 3 5 100
83 3 5 24
83 3 5 8
83 3 5 44
83 3 5 86
83 3 5 22
83 3 6 5
83 3 6 69
83 3 6 86
83 3 6 41
83 3 6 5
83 3 6 47
83 3 6 101
83 3 6 15
83 3 6 5
83 3 6 66
83 3 6 97
83 3 6 77
83 3 6 3
83 3 6 77
83 3 6 89
83 3 6 45
83 3 6 9
83 3 6 50
83 3 6 92
83 3 6 79
83 3 7 6
83 3 7 48
83 3 7 94
83 3 7 99
83 3 7 4
83 3 7 43
83 3 7 96
83 3 7 96
83 3 7 4
83 3 7 83
83 3 7 88
83 3 7 21
83 3 7 2
83 3 7 46
83 3 7 89
83 3 7 5
83 3 7 9
83 3 7 47
83 3 7 95
83 3 7 33
83 3 8 3
83 3 8 51
83 3 8 102
83 3 8 25
83 3 8 1
83 3 8 59
83 3 8 89
83 3 8 41
83 3 8 3
83 3 8 41
83 3 8 95
83 3 8 52
83 3 8 5
83 3 8 71
83 3 8 95
83 3 8 27
83 3 8 5
83 3 8 50
83 3 8 97
83 3 8 74
83 3 9 7
83 3 9 60
83 3 9 102
83 3 9 1
83 3 9 2
83 3 9 64
83 3 9 90
83 3 9 14
83 3 9 4
83 3 9 44
83 3 9 85
83 3 9 100
83 3 9 8
83 3 9 48
83 3 9 88
83 3 9 39
83 3 9 3
83 3 9 55
83 3 9 88
83 3 9 98
83 3 10 8
83 3 10 74
83 3 10 89
83 3 10 89
83 3 10 3
83 3 10 55
83 3 10 98
83 3 10 59
83 3 10 8
83 3 10 73
83 3 10 96
83 3 10 39
83 3 10 5
83 3 10 48
83 3 10 88
83 3 10 35
83 3 10 8
83 3 10 69
83 3 10 87
83 3 10 77
83 3 11 4
83 3 11 67
83 3 11 94
83 3 11 68
83 3 11 2
83 3 11 46
83 3 11 87
83 3 11 78
83 3 11 10
83 3 11 80
83 3 11 93
83 3 11 86
83 3 11 9
83 3 11 62
83 3 11 102
83 3 11 29
83 3 11 10
83 3 11 44
83 3 11 95
83 3 11 36
83 3 12 4
83 3 12 56
83 3 12 88
83 3 12 38
83 3 12 7
83 3 12 55
83 3 12 98
83 3 12 89
83 3 12 10
83 3 12 63
83 3 12 90
83 3 12 66
83 3 12 6
83 3 12 81
83 3 12 89
83 3 12 35
83 3 12 1
83 3 12 71
83 3 12 84
83 3 12 99
83 3 13 5
83 3 13 62
83 3 13 85
83 3 13 52
83 3 13 8
83 3 13 80
83 3 13 94
83 3 13 52
83 3 13 3
83 3 13 82
83 3 13 96
83 3 13 23
83 3 13 7
83 3 13 54
83 3 13 100
83 3 13 26
83 3 13 3
83 3 13 80
83 3 13 85
83 3 13 75
83 3 14 10
83 3 14 47
83 3 14 91
83 3 14 39
83 3 14 2
83 3 14 53
83 3 14 87
83 3 14 14
83 3 14 2
83 3 14 64
83 3 14 100
83 3 14 2
83 3 14 7
83 3 14 77
83 3 14 91
83 3 14 68
83 3 14 8
83 3 14 69
83 3 14 97
83 3 14 91
83 4 1 8
83 4 1 65
83 4 1 98
83 4 1 15
83 4 1 4
83 4 1 48
83 4 1 99
83 4 1 96
83 4 1 4
83 4 1 75
83 4 1 100
83 4 1 46
83 4 1 10
83 4 1 52
83 4 1 86
83 4 1 97
83 4 1 6
83 4 1 72
83 4 1 95
83 4 1 72
83 4 2 3
83 4 2 68
83 4 2 93
83 4 2 39
83 4 2 5
83 4 2 67
83 4 2 95
83 4 2 29
83 4 2 5
83 4 2 51
83 4 2 95
83 4 2 33
83 4 2 9
83 4 2 56
83 4 2 92
83 4 2 7
83 4 2 3
83 4 2 75
83 4 2 89
83 4 2 40
83 4 3 9
83 4 3 55
83 4 3 88
83 4 3 14
83 4 3 9
83 4 3 46
83 4 3 102
83 4 3 85
83 4 3 9
83 4 3 67
83 4 3 97
83 4 3 11
83 4 3 10
83 4 3 77
83 4 3 102
83 4 3 100
83 4 3 9
83 4 3 42
83 4 3 102
83 4 3 14
83 4 4 6
83 4 4 78
83 4 4 102
83 4 4 43
83 4 4 3
83 4 4 58
83 4 4 95
83 4 4 55
83 4 4 9
83 4 4 74
83 4 4 86
83 4 4 2
83 4 4 10
83 4 4 50
83 4 4 88
83 4 4 20
83 4 4 9
83 4 4 79
83 4 4 100
83 4 4 34
83 4 5 10
83 4 5 43
83 4 5 98
83 4 5 91
83 4 5 1
83 4 5 58
83 4 5 84
83 4 5 100
83 4 5 2
83 4 5 68
83 4 5 95
83 4 5 56
83 4 5 4
83 4 5 77
83 4 5 87
83 4 5 94
83 4 5 7
83 4 5 65
83 4 5 94
83 4 5 49
83 4 6 8
83 4 6 42
83 4 6 98
83 4 6 33
83 4 6 2
83 4 6 72
83 4 6 94
83 4 6 81
83 4 6 5
83 4 6 76
83 4 6 91
83 4 6 51
83 4 6 6
83 4 6 47
83 4 6 87
83 4 6 81
83 4 6 10
83 4 6 79
83 4 6 102
83 4 6 94
83 4 7 8
83 4 7 69
83 4 7 95
83 4 7 43
83 4 7 8
83 4 7 56
83 4 7 91
83 4 7 59
83 4 7 2
83 4 7 48
83 4 7 87
83 4 7 9
83 4 7 4
83 4 7 58
83 4 7 100
83 4 7 86
83 4 7 6
83 4 7 54
83 4 7 88
83 4 7 89
83 4 8 8
83 4 8 72
83 4 8 89
83 4 8 30
83 4 8 1
83 4 8 70
83 4 8 85
83 4 8 78
83 4 8 5
83 4 8 63
83 4 8 100
83 4 8 46
83 4 8 2
83 4 8 59
83 4 8 85
83 4 8 17
83 4 8 6
83 4 8 61
83 4 8 94
83 4 8 94
83 4 9 5
83 4 9 51
83 4 9 91
83 4 9 37
83 4 9 8
83 4 9 47
83 4 9 100
83 4 9 62
83 4 9 1
83 4 9 43
83 4 9 99
83 4 9 3
83 4 9 3
83 4 9 80
83 4 9 90
83 4 9 4
83 4 9 8
83 4 9 75
83 4 9 93
83 4 9 65
83 4 10 6
83 4 10 60
83 4 10 96
83 4 10 24
83 4 10 4
83 4 10 70
83 4 10 99
83 4 10 31
83 4 10 1
83 4 10 47
83 4 10 93
83 4 10 91
83 4 10 5
83 4 10 54
83 4 10 90
83 4 10 10
83 4 10 9
83 4 10 69
83 4 10 92
83 4 10 95
83 4 11 6
83 4 11 50
83 4 11 94
83 4 11 54
83 4 11 3
83 4 11 50
83 4 11 83
83 4 11 3
83 4 11 1
83 4 11 78
83 4 11 98
83 4 11 15
83 4 11 10
83 4 11 65
83 4 11 100
83 4 11 53
83 4 11 4
83 4 11 77
83 4 11 99
83 4 11 67
83 4 12 2
83 4 12 46
83 4 12 83
83 4 12 25
83 4 12 4
83 4 12 57
83 4 12 99
83 4 12 101
83 4 12 4
83 4 12 60
83 4 12 89
83 4 12 100
83 4 12 1
83 4 12 51
83 4 12 98
83 4 12 69
83 4 12 3
83 4 12 42
83 4 12 86
83 4 12 24
83 4 13 8
83 4 13 43
83 4 13 86
83 4 13 36
83 4 13 9
83 4 13 76
83 4 13 91
83 4 13 67
83 4 13 10
83 4 13 43
83 4 13 96
83 4 13 6
83 4 13 10
83 4 13 60
83 4 13 89
83 4 13 73
83 4 13 8
83 4 13 50
83 4 13 86
83 4 13 88
83 4 14 6
83 4 14 60
83 4 14 101
83 4 14 89
83 4 14 3
83 4 14 56
83 4 14 96
83 4 14 66
83 4 14 9
83 4 14 55
83 4 14 95
83 4 14 53
83 4 14 8
83 4 14 52
83 4 14 91
83 4 14 56
83 4 14 9
83 4 14 60
83 4 14 95
83 4 14 78
83 5 1 9
83 5 1 66
83 5 1 98
83 5 1 13
83 5 1 4
83 5 1 68
83 5 1 94
83 5 1 37
83 5 1 5
83 5 1 41
83 5 1 88
83 5 1 61
83 5 1 9
83 5 1 60
83 5 1 89
83 5 1 82
83 5 1 3
83 5 1 44
83 5 1 97
83 5 1 87
83 5 2 8
83 5 2 57
83 5 2 97
83 5 2 73
83 5 2 10
83 5 2 44
83 5 2 89
83 5 2 34
83 5 2 7
83 5 2 44
83 5 2 94
83 5 2 36
83 5 2 6
83 5 2 73
83 5 2 93
83 5 2 77
83 5 2 10
83 5 2 58
83 5 2 99
83 5 2 45
83 5 3 7
83 5 3 77
83 5 3 93
83 5 3 38
83 5 3 7
83 5 3 66
83 5 3 102
83 5 3 8
83 5 3 9
83 5 3 72
83 5 3 98
83 5 3 36
83 5 3 10
83 5 3 58
83 5 3 96
83 5 3 54
83 5 3 7
83 5 3 81
83 5 3 102
83 5 3 21
83 5 4 8
83 5 4 76
83 5 4 97
83 5 4 11
83 5 4 7
83 5 4 45
83 5 4 88
83 5 4 94
83 5 4 2
83 5 4 62
83 5 4 86
83 5 4 9
83 5 4 10
83 5 4 51
83 5 4 86
83 5 4 21
83 5 4 2
83 5 4 79
83 5 4 84
83 5 4 31
83 5 5 8
83 5 5 75
83 5 5 97
83 5 5 18
83 5 5 3
83 5 5 51
83 5 5 96
83 5 5 41
83 5 5 1
83 5 5 41
83 5 5 92
83 5 5 34
83 5 5 2
83 5 5 57
83 5 5 101
83 5 5 32
83 5 5 5
83 5 5 80
83 5 5 90
83 5 5 27
83 5 6 5
83 5 6 69
83 5 6 100
83 5 6 49
83 5 6 10
83 5 6 61
83 5 6 94
83 5 6 27
83 5 6 4
83 5 6 42
83 5 6 97
83 5 6 19
83 5 6 2
83 5 6 67
83 5 6 95
83 5 6 63
83 5 6 8
83 5 6 63
83 5 6 100
83 5 6 17
83 5 7 10
83 5 7 62
83 5 7 86
83 5 7 9
83 5 7 9
83 5 7 53
83 5 7 92
83 5 7 24
83 5 7 1
83 5 7 42
83 5 7 91
83 5 7 89
83 5 7 3
83 5 7 59
83 5 7 101
83 5 7 65
83 5 7 1
83 5 7 48
83 5 7 102
83 5 7 63
83 5 8 4
83 5 8 79
83 5 8 101
83 5 8 59
83 5 8 9
83 5 8 51
83 5 8 83
83 5 8 48
83 5 8 9
83 5 8 47
83 5 8 94
83 5 8 81
83 5 8 5
83 5 8 45
83 5 8 96
83 5 8 1
83 5 8 4
83 5 8 74
83 5 8 94
83 5 8 57
83 5 9 6
83 5 9 71
83 5 9 94
83 5 9 12
83 5 9 10
83 5 9 55
83 5 9 85
83 5 9 36
83 5 9 5
83 5 9 56
83 5 9 94
83 5 9 62
83 5 9 3
83 5 9 48
83 5 9 96
83 5 9 19
83 5 9 6
83 5 9 48
83 5 9 88
83 5 9 80
83 5 10 5
83 5 10 48
83 5 10 88
83 5 10 80
83 5 10 1
83 5 10 73
83 5 10 95
83 5 10 80
83 5 10 7
83 5 10 60
83 5 10 97
83 5 10 30
83 5 10 9
83 5 10 50
83 5 10 86
83 5 10 85
83 5 10 10
83 5 10 54
83 5 10 94
83 5 10 93
83 5 11 10
83 5 11 67
83 5 11 90
83 5 11 23
83 5 11 10
83 5 11 59
83 5 11 87
83 5 11 32
83 5 11 10
83 5 11 48
83 5 11 100
83 5 11 86
83 5 11 7
83 5 11 63
83 5 11 94
83 5 11 94
83 5 11 2
83 5 11 78
83 5 11 101
83 5 11 82
83 5 12 5
83 5 12 82
83 5 12 84
83 5 12 92
83 5 12 4
83 5 12 51
83 5 12 85
83 5 12 94
83 5 12 2
83 5 12 83
83 5 12 88
83 5 12 44
83 5 12 5
83 5 12 51
83 5 12 85
83 5 12 18
83 5 12 4
83 5 12 67
83 5 12 96
83 5 12 43
83 5 13 10
83 5 13 46
83 5 13 86
83 5 13 61
83 5 13 3
83 5 13 81
83 5 13 86
83 5 13 54
83 5 13 8
83 5 13 58
83 5 13 96
83 5 13 28
83 5 13 9
83 5 13 51
83 5 13 98
83 5 13 40
83 5 13 10
83 5 13 43
83 5 13 90
83 5 13 82
83 5 14 8
83 5 14 74
83 5 14 100
83 5 14 19
83 5 14 3
83 5 14 53
83 5 14 89
83 5 14 16
83 5 14 2
83 5 14 52
83 5 14 97
83 5 14 19
83 5 14 10
83 5 14 67
83 5 14 88
83 5 14 32
83 5 14 3
83 5 14 66
83 5 14 95
83 5 14 76
83 6 1 1
83 6 1 66
83 6 1 99
83 6 1 100
83 6 1 2
83 6 1 64
83 6 1 101
83 6 1 37
83 6 1 10
83 6 1 58
83 6 1 83
83 6 1 97
83 6 1 10
83 6 1 42
83 6 1 96
83 6 1 101
83 6 1 5
83 6 1 61
83 6 1 83
83 6 1 34
83 6 2 5
83 6 2 49
83 6 2 84
83 6 2 83
83 6 2 7
83 6 2 63
83 6 2 92
83 6 2 61
83 6 2 4
83 6 2 71
83 6 2 91
83 6 2 102
83 6 2 2
83 6 2 77
83 6 2 100
83 6 2 39
83 6 2 2
83 6 2 55
83 6 2 99
83 6 2 32
83 6 3 9
83 6 3 74
83 6 3 98
83 6 3 48
83 6 3 3
83 6 3 76
83 6 3 97
83 6 3 49
83 6 3 3
83 6 3 53
83 6 3 88
83 6 3 79
83 6 3 3
83 6 3 62
83 6 3 95
83 6 3 74
83 6 3 5
83 6 3 46
83 6 3 84
83 6 3 64
83 6 4 7
83 6 4 44
83 6 4 94
83 6 4 55
83 6 4 10
83 6 4 41
83 6 4 86
83 6 4 76
83 6 4 10
83 6 4 60
83 6 4 89
83 6 4 12
83 6 4 1
83 6 4 62
83 6 4 102
83 6 4 34
83 6 4 7
83 6 4 79
83 6 4 95
83 6 4 58
83 6 5 5
83 6 5 55
83 6 5 96
83 6 5 8
83 6 5 6
83 6 5 72
83 6 5 83
83 6 5 102
83 6 5 9
83 6 5 69
83 6 5 100
83 6 5 84
83 6 5 4
83 6 5 46
83 6 5 97
83 6 5 45
83 6 5 9
83 6 5 55
83 6 5 84
83 6 5 10
83 6 6 10
83 6 6 47
83 6 6 96
83 6 6 52
83 6 6 6
83 6 6 50
83 6 6 101
83 6 6 100
83 6 6 2
83 6 6 46
83 6 6 100
83 6 6 12
83 6 6 2
83 6 6 67
83 6 6 100
83 6 6 49
83 6 6 6
83 6 6 55
83 6 6 92
83 6 6 14
83 6 7 5
83 6 7 52
83 6 7 83
83 6 7 94
83 6 7 1
83 6 7 78
83 6 7 93
83 6 7 44
83 6 7 3
83 6 7 63
83 6 7 87
83 6 7 82
83 6 7 3
83 6 7 64
83 6 7 87
83 6 7 29
83 6 7 9
83 6 7 50
83 6 7 87
83 6 7 42
83 6 8 10
83 6 8 62
83 6 8 102
83 6 8 65
83 6 8 2
83 6 8 66
83 6 8 99
83 6 8 6
83 6 8 8
83 6 8 69
83 6 8 83
83 6 8 86
83 6 8 2
83 6 8 79
83 6 8 90
83 6 8 45
83 6 8 9
83 6 8 47
83 6 8 83
83 6 8 15
83 6 9 1
83 6 9 70
83 6 9 87
83 6 9 28
83 6 9 3
83 6 9 63
83 6 9 90
83 6 9 84
83 6 9 9
83 6 9 54
83 6 9 85
83 6 9 8
83 6 9 7
83 6 9 72
83 6 9 97
83 6 9 61
83 6 9 6
83 6 9 76
83 6 9 88
83 6 9 80
83 6 10 5
83 6 10 74
83 6 10 86
83 6 10 18
83 6 10 9
83 6 10 59
83 6 10 94
83 6 10 5
83 6 10 2
83 6 10 50
83 6 10 93
83 6 10 54
83 6 10 10
83 6 10 57
83 6 10 86
83 6 10 77
83 6 10 7
83 6 10 50
83 6 10 83
83 6 10 93
83 6 11 5
83 6 11 46
83 6 11 101
83 6 11 33
83 6 11 4
83 6 11 62
83 6 11 91
83 6 11 67
83 6 11 1
83 6 11 57
83 6 11 85
83 6 11 53
83 6 11 2
83 6 11 42
83 6 11 99
83 6 11 80
83 6 11 3
83 6 11 41
83 6 11 89
83 6 11 31
83 6 12 2
83 6 12 46
83 6 12 85
83 6 12 63
83 6 12 1
83 6 12 81
83 6 12 89
83 6 12 19
83 6 12 10
83 6 12 59
83 6 12 99
83 6 12 83
83 6 12 5
83 6 12 77
83 6 12 88
83 6 12 10
83 6 12 3
83 6 12 46
83 6 12 91
83 6 12 43
83 6 13 1
83 6 13 65
83 6 13 83
83 6 13 11
83 6 13 2
83 6 13 50
83 6 13 86
83 6 13 98
83 6 13 8
83 6 13 77
83 6 13 89
83 6 13 10
83 6 13 10
83 6 13 53
83 6 13 101
83 6 13 56
83 6 13 8
83 6 13 58
83 6 13 86
83 6 13 8
83 6 14 9
83 6 14 46
83 6 14 83
83 6 14 8
83 6 14 2
83 6 14 48
83 6 14 87
83 6 14 61
83 6 14 4
83 6 14 73
83 6 14 97
83 6 14 50
83 6 14 10
83 6 14 51
83 6 14 102
83 6 14 85
83 6 14 6
83 6 14 41
83 6 14 87
83 6 14 66
83 7 1 5
83 7 1 57
83 7 1 100
83 7 1 6
83 7 1 8
83 7 1 65
83 7 1 86
83 7 1 88
83 7 1 6
83 7 1 58
83 7 1 89
83 7 1 22
83 7 1 4
83 7 1 47
83 7 1 96
83 7 1 52
83 7 1 1
83 7 1 83
83 7 1 102
83 7 1 8
83 7 2 2
83 7 2 71
83 7 2 91
83 7 2 86
83 7 2 4
83 7 2 62
83 7 2 95
83 7 2 2
83 7 2 6
83 7 2 43
83 7 2 84
83 7 2 69
83 7 2 8
83 7 2 52
83 7 2 87
83 7 2 44
83 7 2 3
83 7 2 54
83 7 2 84
83 7 2 50
83 7 3 7
83 7 3 79
83 7 3 85
83 7 3 86
83 7 3 2
83 7 3 76
83 7 3 85
83 7 3 60
83 7 3 10
83 7 3 50
83 7 3 99
83 7 3 90
83 7 3 6
83 7 3 73
83 7 3 97
83 7 3 3
83 7 3 6
83 7 3 57
83 7 3 87
83 7 3 53
83 7 4 9
83 7 4 60
83 7 4 102
83 7 4 82
83 7 4 9
83 7 4 83
83 7 4 97
83 7 4 72
83 7 4 1
83 7 4 72
83 7 4 86
83 7 4 33
83 7 4 5
83 7 4 49
83 7 4 89
83 7 4 41
83 7 4 10
83 7 4 61
83 7 4 88
83 7 4 54
83 7 5 5
83 7 5 57
83 7 5 94
83 7 5 82
83 7 5 6
83 7 5 69
83 7 5 86
83 7 5 51
83 7 5 10
83 7 5 47
83 7 5 89
83 7 5 31
83 7 5 4
83 7 5 70
83 7 5 95
83 7 5 21
83 7 5 8
83 7 5 74
83 7 5 99
83 7 5 60
83 7 6 7
83 7 6 62
83 7 6 98
83 7 6 18
83 7 6 6
83 7 6 69
83 7 6 102
83 7 6 7
83 7 6 7
83 7 6 59
83 7 6 95
83 7 6 47
83 7 6 3
83 7 6 60
83 7 6 92
83 7 6 92
83 7 6 7
83 7 6 80
83 7 6 87
83 7 6 88
83 7 7 6
83 7 7 83
83 7 7 99
83 7 7 57
83 7 7 2
83 7 7 78
83 7 7 91
83 7 7 16
83 7 7 5
83 7 7 55
83 7 7 98
83 7 7 3
83 7 7 9
83 7 7 42
83 7 7 99
83 7 7 94
83 7 7 2
83 7 7 50
83 7 7 100
83 7 7 85
83 7 8 1
83 7 8 49
83 7 8 89
83 7 8 96
83 7 8 4
83 7 8 60
83 7 8 91
83 7 8 26
83 7 8 2
83 7 8 55
83 7 8 83
83 7 8 48
83 7 8 1
83 7 8 73
83 7 8 85
83 7 8 40
83 7 8 2
83 7 8 47
83 7 8 85
83 7 8 77
83 7 9 7
83 7 9 56
83 7 9 98
83 7 9 33
83 7 9 9
83 7 9 43
83 7 9 98
83 7 9 69
83 7 9 7
83 7 9 83
83 7 9 95
83 7 9 12
83 7 9 9
83 7 9 69
83 7 9 97
83 7 9 90
83 7 9 3
83 7 9 61
83 7 9 85
83 7 9 16
83 7 10 10
83 7 10 51
83 7 10 92
83 7 10 53
83 7 10 4
83 7 10 48
83 7 10 90
83 7 10 73
83 7 10 9
83 7 10 70
83 7 10 101
83 7 10 20
83 7 10 2
83 7 10 77
83 7 10 93
83 7 10 70
83 7 10 10
83 7 10 41
83 7 10 99
83 7 10 74
83 7 11 1
83 7 11 82
83 7 11 89
83 7 11 88
83 7 11 6
83 7 11 62
83 7 11 89
83 7 11 53
83 7 11 1
83 7 11 50
83 7 11 92
83 7 11 74
83 7 11 7
83 7 11 70
83 7 11 89
83 7 11 17
83 7 11 10
83 7 11 63
83 7 11 99
83 7 11 56
83 7 12 3
83 7 12 52
83 7 12 97
83 7 12 13
83 7 12 4
83 7 12 58
83 7 12 86
83 7 12 88
83 7 12 5
83 7 12 55
83 7 12 94
83 7 12 50
83 7 12 5
83 7 12 46
83 7 12 95
83 7 12 58
83 7 12 10
83 7 12 70
83 7 12 85
83 7 12 65
83 7 13 5
83 7 13 67
83 7 13 102
83 7 13 33
83 7 13 9
83 7 13 71
83 7 13 92
83 7 13 47
83 7 13 2
83 7 13 65
83 7 13 97
83 7 13 39
83 7 13 5
83 7 13 57
83 7 13 87
83 7 13 90
83 7 13 2
83 7 13 74
83 7 13 94
83 7 13 28
83 7 14 9
83 7 14 72
83 7 14 94
83 7 14 75
83 7 14 3
83 7 14 63
83 7 14 97
83 7 14 3
83 7 14 10
83 7 14 55
83 7 14 97
83 7 14 95
83 7 14 4
83 7 14 46
83 7 14 91
83 7 14 12
83 7 14 2
83 7 14 68
83 7 14 85
83 7 14 69
83 8 1 1
83 8 1 82
83 8 1 102
83 8 1 54
83 8 1 1
83 8 1 69
83 8 1 83
83 8 1 67
83 8 1 8
83 8 1 81
83 8 1 88
83 8 1 65
83 8 1 2
83 8 1 79
83 8 1 87
83 8 1 98
83 8 1 10
83 8 1 76
83 8 1 92
83 8 1 25
83 8 2 3
83 8 2 48
83 8 2 102
83 8 2 58
83 8 2 7
83 8 2 52
83 8 2 89
83 8 2 50
83 8 2 7
83 8 2 67
83 8 2 89
83 8 2 52
83 8 2 10
83 8 2 52
83 8 2 92
83 8 2 34
83 8 2 9
83 8 2 78
83 8 2 94
83 8 2 1
83 8 3 9
83 8 3 68
83 8 3 93
83 8 3 44
83 8 3 9
83 8 3 50
83 8 3 91
83 8 3 50
83 8 3 5
83 8 3 51
83 8 3 93
83 8 3 97
83 8 3 4
83 8 3 67
83 8 3 87
83 8 3 8
83 8 3 10
83 8 3 73
83 8 3 93
83 8 3 71
83 8 4 4
83 8 4 80
83 8 4 97
83 8 4 63
83 8 4 2
83 8 4 59
83 8 4 88
83 8 4 3
83 8 4 3
83 8 4 52
83 8 4 87
83 8 4 17
83 8 4 1
83 8 4 42
83 8 4 101
83 8 4 9
83 8 4 7
83 8 4 72
83 8 4 101
83 8 4 27
83 8 5 1
83 8 5 77
83 8 5 92
83 8 5 22
83 8 5 7
83 8 5 65
83 8 5 92
83 8 5 42
83 8 5 4
83 8 5 53
83 8 5 83
83 8 5 74
83 8 5 4
83 8 5 81
83 8 5 95
83 8 5 45
83 8 5 1
83 8 5 53
83 8 5 84
83 8 5 11
83 8 6 9
83 8 6 66
83 8 6 92
83 8 6 51
83 8 6 2
83 8 6 61
83 8 6 88
83 8 6 73
83 8 6 5
83 8 6 41
83 8 6 84
83 8 6 71
83 8 6 10
83 8 6 41
83 8 6 92
83 8 6 62
83 8 6 4
83 8 6 71
83 8 6 83
83 8 6 98
83 8 7 6
83 8 7 75
83 8 7 93
83 8 7 6
83 8 7 5
83 8 7 55
83 8 7 100
83 8 7 12
83 8 7 1
83 8 7 56
83 8 7 94
83 8 7 25
83 8 7 8
83 8 7 43
83 8 7 94
83 8 7 36
83 8 7 8
83 8 7 59
83 8 7 83
83 8 7 24
83 8 8 6
83 8 8 52
83 8 8 102
83 8 8 60
83 8 8 8
83 8 8 83
83 8 8 97
83 8 8 22
83 8 8 2
83 8 8 69
83 8 8 89
83 8 8 17
83 8 8 4
83 8 8 69
83 8 8 92
83 8 8 28
83 8 8 6
83 8 8 60
83 8 8 98
83 8 8 63
83 8 9 4
83 8 9 49
83 8 9 100
83 8 9 42
83 8 9 9
83 8 9 69
83 8 9 89
83 8 9 17
83 8 9 7
83 8 9 64
83 8 9 86
83 8 9 56
83 8 9 4
83 8 9 51
83 8 9 102
83 8 9 7
83 8 9 1
83 8 9 76
83 8 9 91
83 8 9 25
83 8 10 2
83 8 10 52
83 8 10 95
83 8 10 60
83 8 10 2
83 8 10 59
83 8 10 89
83 8 10 81
83 8 10 4
83 8 10 52
83 8 10 99
83 8 10 6
83 8 10 3
83 8 10 80
83 8 10 86
83 8 10 90
83 8 10 3
83 8 10 65
83 8 10 85
83 8 10 89
83 8 11 9
83 8 11 53
83 8 11 83
83 8 11 73
83 8 11 5
83 8 11 79
83 8 11 93
83 8 11 21
83 8 11 2
83 8 11 78
83 8 11 99
83 8 11 21
83 8 11 9
83 8 11 52
83 8 11 87
83 8 11 32
83 8 11 4
83 8 11 83
83 8 11 92
83 8 11 15
83 8 12 4
83 8 12 43
83 8 12 85
83 8 12 69
83 8 12 6
83 8 12 82
83 8 12 86
83 8 12 57
83 8 12 10
83 8 12 72
83 8 12 99
83 8 12 86
83 8 12 1
83 8 12 74
83 8 12 98
83 8 12 77
83 8 12 4
83 8 12 49
83 8 12 96
83 8 12 3
83 8 13 4
83 8 13 57
83 8 13 85
83 8 13 75
83 8 13 8
83 8 13 41
83 8 13 99
83 8 13 86
83 8 13 2
83 8 13 54
83 8 13 90
83 8 13 8
83 8 13 5
83 8 13 53
83 8 13 83
83 8 13 50
83 8 13 3
83 8 13 42
83 8 13 98
83 8 13 102
83 8 14 1
83 8 14 45
83 8 14 88
83 8 14 80
83 8 14 10
83 8 14 79
83 8 14 92
83 8 14 18
83 8 14 7
83 8 14 58
83 8 14 84
83 8 14 83
83 8 14 9
83 8 14 77
83 8 14 96
83 8 14 38
83 8 14 5
83 8 14 56
83 8 14 96
83 8 14 59
83 9 1 10
83 9 1 70
83 9 1 94
83 9 1 88
83 9 1 10
83 9 1 56
83 9 1 101
83 9 1 87
83 9 1 2
83 9 1 58
83 9 1 90
83 9 1 39
83 9 1 10
83 9 1 64
83 9 1 83
83 9 1 24
83 9 1 10
83 9 1 63
83 9 1 90
83 9 1 40
83 9 2 6
83 9 2 58
83 9 2 90
83 9 2 78
83 9 2 7
83 9 2 47
83 9 2 88
83 9 2 60
83 9 2 10
83 9 2 49
83 9 2 84
83 9 2 56
83 9 2 8
83 9 2 53
83 9 2 102
83 9 2 15
83 9 2 8
83 9 2 65
83 9 2 94
83 9 2 5
83 9 3 2
83 9 3 41
83 9 3 99
83 9 3 85
83 9 3 4
83 9 3 81
83 9 3 91
83 9 3 57
83 9 3 4
83 9 3 63
83 9 3 89
83 9 3 75
83 9 3 5
83 9 3 80
83 9 3 97
83 9 3 28
83 9 3 5
83 9 3 74
83 9 3 92
83 9 3 48
83 9 4 9
83 9 4 60
83 9 4 95
83 9 4 88
83 9 4 3
83 9 4 53
83 9 4 85
83 9 4 12
83 9 4 4
83 9 4 68
83 9 4 102
83 9 4 68
83 9 4 8
83 9 4 47
83 9 4 89
83 9 4 43
83 9 4 7
83 9 4 74
83 9 4 89
83 9 4 30
83 9 5 4
83 9 5 81
83 9 5 92
83 9 5 60
83 9 5 7
83 9 5 49
83 9 5 102
83 9 5 20
83 9 5 2
83 9 5 70
83 9 5 98
83 9 5 47
83 9 5 10
83 9 5 54
83 9 5 99
83 9 5 20
83 9 5 5
83 9 5 60
83 9 5 96
83 9 5 14
83 9 6 8
83 9 6 53
83 9 6 94
83 9 6 64
83 9 6 4
83 9 6 62
83 9 6 90
83 9 6 30
83 9 6 9
83 9 6 48
83 9 6 88
83 9 6 16
83 9 6 7
83 9 6 55
83 9 6 99
83 9 6 12
83 9 6 10
83 9 6 83
83 9 6 86
83 9 6 17
83 9 7 1
83 9 7 47
83 9 7 102
83 9 7 40
83 9 7 10
83 9 7 81
83 9 7 83
83 9 7 7
83 9 7 9
83 9 7 75
83 9 7 96
83 9 7 17
83 9 7 2
83 9 7 41
83 9 7 102
83 9 7 41
83 9 7 6
83 9 7 51
83 9 7 95
83 9 7 72
83 9 8 6
83 9 8 73
83 9 8 100
83 9 8 60
83 9 8 10
83 9 8 62
83 9 8 85
83 9 8 75
83 9 8 6
83 9 8 45
83 9 8 94
83 9 8 79
83 9 8 8
83 9 8 66
83 9 8 98
83 9 8 47
83 9 8 3
83 9 8 78
83 9 8 84
83 9 8 92
83 9 9 4
83 9 9 54
83 9 9 86
83 9 9 60
83 9 9 7
83 9 9 69
83 9 9 91
83 9 9 34
83 9 9 7
83 9 9 83
83 9 9 89
83 9 9 1
83 9 9 9
83 9 9 78
83 9 9 88
83 9 9 37
83 9 9 3
83 9 9 66
83 9 9 86
83 9 9 94
83 9 10 9
83 9 10 66
83 9 10 98
83 9 10 92
83 9 10 10
83 9 10 64
83 9 10 96
83 9 10 59
83 9 10 6
83 9 10 79
83 9 10 83
83 9 10 12
83 9 10 5
83 9 10 51
83 9 10 91
83 9 10 29
83 9 10 3
83 9 10 47
83 9 10 96
83 9 10 54
83 9 11 2
83 9 11 58
83 9 11 98
83 9 11 96
83 9 11 8
83 9 11 60
83 9 11 89
83 9 11 77
83 9 11 7
83 9 11 79
83 9 11 97
83 9 11 9
83 9 11 7
83 9 11 63
83 9 11 100
83 9 11 39
83 9 11 7
83 9 11 52
83 9 11 101
83 9 11 86
83 9 12 3
83 9 12 77
83 9 12 97
83 9 12 3
83 9 12 3
83 9 12 78
83 9 12 102
83 9 12 78
83 9 12 5
83 9 12 73
83 9 12 90
83 9 12 33
83 9 12 6
83 9 12 77
83 9 12 97
83 9 12 8
83 9 12 7
83 9 12 71
83 9 12 93
83 9 12 82
83 9 13 4
83 9 13 74
83 9 13 95
83 9 13 97
83 9 13 1
83 9 13 81
83 9 13 92
83 9 13 2
83 9 13 7
83 9 13 69
83 9 13 102
83 9 13 102
83 9 13 3
83 9 13 67
83 9 13 89
83 9 13 85
83 9 13 1
83 9 13 48
83 9 13 101
83 9 13 73
83 9 14 3
83 9 14 67
83 9 14 97
83 9 14 37
83 9 14 4
83 9 14 68
83 9 14 86
83 9 14 92
83 9 14 9
83 9 14 62
83 9 14 87
83 9 14 17
83 9 14 5
83 9 14 52
83 9 14 101
83 9 14 28
83 9 14 1
83 9 14 50
83 9 14 94
83 9 14 28
83 10 1 10
83 10 1 82
83 10 1 86
83 10 1 52
83 10 1 4
83 10 1 68
83 10 1 86
83 10 1 11
83 10 1 6
83 10 1 59
83 10 1 100
83 10 1 68
83 10 1 5
83 10 1 72
83 10 1 99
83 10 1 59
83 10 1 2
83 10 1 68
83 10 1 86
83 10 1 102
83 10 2 2
83 10 2 52
83 10 2 93
83 10 2 93
83 10 2 8
83 10 2 63
83 10 2 96
83 10 2 76
83 10 2 4
83 10 2 46
83 10 2 89
83 10 2 37
83 10 2 4
83 10 2 44
83 10 2 87
83 10 2 58
83 10 2 4
83 10 2 82
83 10 2 84
83 10 2 41
83 10 3 4
83 10 3 76
83 10 3 92
83 10 3 64
83 10 3 3
83 10 3 41
83 10 3 93
83 10 3 70
83 10 3 2
83 10 3 61
83 10 3 95
83 10 3 94
83 10 3 2
83 10 3 45
83 10 3 97
83 10 3 5
83 10 3 4
83 10 3 75
83 10 3 100
83 10 3 80
83 10 4 10
83 10 4 46
83 10 4 98
83 10 4 43
83 10 4 4
83 10 4 45
83 10 4 101
83 10 4 33
83 10 4 5
83 10 4 54
83 10 4 85
83 10 4 31
83 10 4 10
83 10 4 75
83 10 4 95
83 10 4 3
83 10 4 7
83 10 4 60
83 10 4 86
83 10 4 96
83 10 5 6
83 10 5 41
83 10 5 93
83 10 5 90
83 10 5 2
83 10 5 80
83 10 5 97
83 10 5 88
83 10 5 6
83 10 5 82
83 10 5 89
83 10 5 60
83 10 5 8
83 10 5 65
83 10 5 90
83 10 5 45
83 10 5 3
83 10 5 73
83 10 5 99
83 10 5 68
83 10 6 10
83 10 6 61
83 10 6 94
83 10 6 1
83 10 6 4
83 10 6 45
83 10 6 85
83 10 6 58
83 10 6 6
83 10 6 46
83 10 6 89
83 10 6 74
83 10 6 5
83 10 6 76
83 10 6 92
83 10 6 71
83 10 6 8
83 10 6 70
83 10 6 94
83 10 6 54
83 10 7 4
83 10 7 74
83 10 7 95
83 10 7 41
83 10 7 8
83 10 7 62
83 10 7 91
83 10 7 9
83 10 7 1
83 10 7 52
83 10 7 83
83 10 7 98
83 10 7 5
83 10 7 43
83 10 7 91
83 10 7 40
83 10 7 3
83 10 7 79
83 10 7 85
83 10 7 62
83 10 8 2
83 10 8 50
83 10 8 94
83 10 8 66
83 10 8 10
83 10 8 72
83 10 8 89
83 10 8 21
83 10 8 9
83 10 8 74
83 10 8 88
83 10 8 49
83 10 8 7
83 10 8 64
83 10 8 85
83 10 8 49
83 10 8 10
83 10 8 74
83 10 8 85
83 10 8 83
83 10 9 10
83 10 9 59
83 10 9 98
83 10 9 25
83 10 9 9
83 10 9 65
83 10 9 99
83 10 9 5
83 10 9 5
83 10 9 67
83 10 9 102
83 10 9 81
83 10 9 6
83 10 9 53
83 10 9 91
83 10 9 99
83 10 9 3
83 10 9 67
83 10 9 99
83 10 9 99
83 10 10 6
83 10 10 46
83 10 10 86
83 10 10 18
83 10 10 2
83 10 10 43
83 10 10 84
83 10 10 2
83 10 10 7
83 10 10 47
83 10 10 91
83 10 10 101
83 10 10 9
83 10 10 78
83 10 10 83
83 10 10 74
83 10 10 10
83 10 10 70
83 10 10 99
83 10 10 22
83 10 11 5
83 10 11 83
83 10 11 94
83 10 11 52
83 10 11 1
83 10 11 50
83 10 11 83
83 10 11 53
83 10 11 9
83 10 11 67
83 10 11 89
83 10 11 94
83 10 11 4
83 10 11 70
83 10 11 87
83 10 11 45
83 10 11 4
83 10 11 79
83 10 11 94
83 10 11 36
83 10 12 7
83 10 12 80
83 10 12 85
83 10 12 28
83 10 12 7
83 10 12 65
83 10 12 85
83 10 12 71
83 10 12 5
83 10 12 53
83 10 12 84
83 10 12 96
83 10 12 6
83 10 12 62
83 10 12 84
83 10 12 5
83 10 12 4
83 10 12 71
83 10 12 92
83 10 12 46
83 10 13 9
83 10 13 49
83 10 13 90
83 10 13 8
83 10 13 10
83 10 13 65
83 10 13 95
83 10 13 34
83 10 13 10
83 10 13 60
83 10 13 88
83 10 13 51
83 10 13 2
83 10 13 67
83 10 13 94
83 10 13 8
83 10 13 5
83 10 13 50
83 10 13 89
83 10 13 8
83 10 14 3
83 10 14 46
83 10 14 89
83 10 14 27
83 10 14 1
83 10 14 59
83 10 14 98
83 10 14 2
83 10 14 5
83 10 14 78
83 10 14 98
83 10 14 47
83 10 14 3
83 10 14 67
83 10 14 88
83 10 14 55
83 10 14 7
83 10 14 80
83 10 14 99
83 10 14 86
83 11 1 3
83 11 1 67
83 11 1 90
83 11 1 40
83 11 1 7
83 11 1 52
83 11 1 102
83 11 1 77
83 11 1 3
83 11 1 58
83 11 1 101
83 11 1 15
83 11 1 2
83 11 1 68
83 11 1 83
83 11 1 33
83 11 1 7
83 11 1 50
83 11 1 89
83 11 1 90
83 11 2 4
83 11 2 70
83 11 2 83
83 11 2 89
83 11 2 5
83 11 2 71
83 11 2 84
83 11 2 27
83 11 2 3
83 11 2 57
83 11 2 87
83 11 2 30
83 11 2 8
83 11 2 42
83 11 2 99
83 11 2 44
83 11 2 2
83 11 2 52
83 11 2 84
83 11 2 23
83 11 3 2
83 11 3 49
83 11 3 83
83 11 3 84
83 11 3 8
83 11 3 61
83 11 3 97
83 11 3 59
83 11 3 7
83 11 3 80
83 11 3 89
83 11 3 43
83 11 3 7
83 11 3 48
83 11 3 86
83 11 3 34
83 11 3 10
83 11 3 51
83 11 3 95
83 11 3 36
83 11 4 3
83 11 4 50
83 11 4 99
83 11 4 1
83 11 4 1
83 11 4 80
83 11 4 97
83 11 4 74
83 11 4 4
83 11 4 68
83 11 4 99
83 11 4 25
83 11 4 4
83 11 4 41
83 11 4 90
83 11 4 44
83 11 4 7
83 11 4 62
83 11 4 94
83 11 4 14
83 11 5 10
83 11 5 56
83 11 5 101
83 11 5 73
83 11 5 10
83 11 5 78
83 11 5 89
83 11 5 102
83 11 5 1
83 11 5 61
83 11 5 101
83 11 5 21
83 11 5 2
83 11 5 51
83 11 5 95
83 11 5 34
83 11 5 4
83 11 5 74
83 11 5 98
83 11 5 28
83 11 6 10
83 11 6 43
83 11 6 102
83 11 6 66
83 11 6 6
83 11 6 64
83 11 6 88
83 11 6 27
83 11 6 10
83 11 6 51
83 11 6 86
83 11 6 9
83 11 6 7
83 11 6 75
83 11 6 91
83 11 6 65
83 11 6 9
83 11 6 73
83 11 6 92
83 11 6 51
83 11 7 9
83 11 7 49
83 11 7 90
83 11 7 52
83 11 7 9
83 11 7 73
83 11 7 95
83 11 7 66
83 11 7 6
83 11 7 43
83 11 7 88
83 11 7 31
83 11 7 4
83 11 7 67
83 11 7 96
83 11 7 43
83 11 7 1
83 11 7 53
83 11 7 97
83 11 7 83
83 11 8 6
83 11 8 47
83 11 8 90
83 11 8 77
83 11 8 5
83 11 8 50
83 11 8 98
83 11 8 63
83 11 8 4
83 11 8 83
83 11 8 101
83 11 8 78
83 11 8 7
83 11 8 73
83 11 8 87
83 11 8 58
83 11 8 1
83 11 8 78
83 11 8 83
83 11 8 25
83 11 9 7
83 11 9 69
83 11 9 90
83 11 9 49
83 11 9 7
83 11 9 80
83 11 9 92
83 11 9 15
83 11 9 1
83 11 9 59
83 11 9 92
83 11 9 84
83 11 9 5
83 11 9 73
83 11 9 97
83 11 9 33
83 11 9 5
83 11 9 43
83 11 9 98
83 11 9 82
83 11 10 7
83 11 10 65
83 11 10 89
83 11 10 68
83 11 10 2
83 11 10 64
83 11 10 97
83 11 10 62
83 11 10 9
83 11 10 77
83 11 10 94
83 11 10 101
83 11 10 8
83 11 10 70
83 11 10 99
83 11 10 101
83 11 10 7
83 11 10 55
83 11 10 96
83 11 10 47
83 11 11 4
83 11 11 49
83 11 11 87
83 11 11 58
83 11 11 8
83 11 11 48
83 11 11 100
83 11 11 7
83 11 11 6
83 11 11 64
83 11 11 92
83 11 11 8
83 11 11 9
83 11 11 49
83 11 11 84
83 11 11 20
83 11 11 8
83 11 11 51
83 11 11 86
83 11 11 101
83 11 12 2
83 11 12 83
83 11 12 93
83 11 12 59
83 11 12 10
83 11 12 65
83 11 12 96
83 11 12 66
83 11 12 3
83 11 12 54
83 11 12 87
83 11 12 18
83 11 12 2
83 11 12 83
83 11 12 97
83 11 12 70
83 11 12 9
83 11 12 52
83 11 12 90
83 11 12 93
83 11 13 6
83 11 13 67
83 11 13 92
83 11 13 42
83 11 13 8
83 11 13 42
83 11 13 96
83 11 13 95
83 11 13 3
83 11 13 64
83 11 13 91
83 11 13 17
83 11 13 5
83 11 13 75
83 11 13 92
83 11 13 89
83 11 13 1
83 11 13 74
83 11 13 92
83 11 13 102
83 11 14 4
83 11 14 63
83 11 14 101
83 11 14 83
83 11 14 10
83 11 14 52
83 11 14 95
83 11 14 22
83 11 14 8
83 11 14 83
83 11 14 84
83 11 14 86
83 11 14 5
83 11 14 80
83 11 14 86
83 11 14 36
83 11 14 8
83 11 14 52
83 11 14 102
83 11 14 58
83 12 1 6
83 12 1 82
83 12 1 96
83 12 1 14
83 12 1 8
83 12 1 51
83 12 1 87
83 12 1 84
83 12 1 1
83 12 1 67
83 12 1 88
83 12 1 53
83 12 1 6
83 12 1 56
83 12 1 85
83 12 1 19
83 12 1 8
83 12 1 51
83 12 1 83
83 12 1 67
83 12 2 8
83 12 2 47
83 12 2 89
83 12 2 56
83 12 2 2
83 12 2 61
83 12 2 84
83 12 2 88
83 12 2 1
83 12 2 72
83 12 2 100
83 12 2 4
83 12 2 1
83 12 2 58
83 12 2 95
83 12 2 55
83 12 2 5
83 12 2 77
83 12 2 100
83 12 2 88
83 12 3 1
83 12 3 56
83 12 3 89
83 12 3 6
83 12 3 5
83 12 3 45
83 12 3 97
83 12 3 26
83 12 3 2
83 12 3 43
83 12 3 97
83 12 3 60
83 12 3 5
83 12 3 55
83 12 3 102
83 12 3 23
83 12 3 10
83 12 3 62
83 12 3 100
83 12 3 35
83 12 4 1
83 12 4 42
83 12 4 93
83 12 4 1
83 12 4 7
83 12 4 48
83 12 4 93
83 12 4 59
83 12 4 10
83 12 4 62
83 12 4 97
83 12 4 37
83 12 4 9
83 12 4 46
83 12 4 97
83 12 4 83
83 12 4 5
83 12 4 57
83 12 4 91
83 12 4 47
83 12 5 10
83 12 5 70
83 12 5 89
83 12 5 16
83 12 5 6
83 12 5 42
83 12 5 99
83 12 5 82
83 12 5 4
83 12 5 59
83 12 5 95
83 12 5 67
83 12 5 9
83 12 5 60
83 12 5 85
83 12 5 74
83 12 5 10
83 12 5 56
83 12 5 88
83 12 5 57
83 12 6 3
83 12 6 55
83 12 6 90
83 12 6 84
83 12 6 9
83 12 6 83
83 12 6 90
83 12 6 17
83 12 6 1
83 12 6 42
83 12 6 96
83 12 6 68
83 12 6 2
83 12 6 57
83 12 6 93
83 12 6 65
83 12 6 6
83 12 6 79
83 12 6 97
83 12 6 58
83 12 7 7
83 12 7 52
83 12 7 101
83 12 7 20
83 12 7 8
83 12 7 42
83 12 7 93
83 12 7 15
83 12 7 6
83 12 7 61
83 12 7 91
83 12 7 23
83 12 7 6
83 12 7 83
83 12 7 95
83 12 7 95
83 12 7 8
83 12 7 63
83 12 7 85
83 12 7 35
83 12 8 3
83 12 8 58
83 12 8 83
83 12 8 95
83 12 8 7
83 12 8 67
83 12 8 98
83 12 8 55
83 12 8 10
83 12 8 60
83 12 8 89
83 12 8 70
83 12 8 10
83 12 8 61
83 12 8 88
83 12 8 72
83 12 8 1
83 12 8 67
83 12 8 90
83 12 8 28
83 12 9 6
83 12 9 78
83 12 9 86
83 12 9 27
83 12 9 4
83 12 9 42
83 12 9 95
83 12 9 36
83 12 9 3
83 12 9 54
83 12 9 99
83 12 9 31
83 12 9 6
83 12 9 72
83 12 9 87
83 12 9 16
83 12 9 5
83 12 9 72
83 12 9 90
83 12 9 37
83 12 10 6
83 12 10 46
83 12 10 83
83 12 10 14
83 12 10 9
83 12 10 66
83 12 10 90
83 12 10 90
83 12 10 7
83 12 10 83
83 12 10 99
83 12 10 93
83 12 10 9
83 12 10 46
83 12 10 95
83 12 10 78
83 12 10 6
83 12 10 79
83 12 10 88
83 12 10 69
83 12 11 1
83 12 11 82
83 12 11 84
83 12 11 45
83 12 11 6
83 12 11 74
83 12 11 97
83 12 11 66
83 12 11 3
83 12 11 46
83 12 11 96
83 12 11 97
83 12 11 6
83 12 11 64
83 12 11 89
83 12 11 57
83 12 11 4
83 12 11 62
83 12 11 94
83 12 11 7
83 12 12 6
83 12 12 69
83 12 12 98
83 12 12 79
83 12 12 3
83 12 12 59
83 12 12 96
83 12 12 8
83 12 12 9
83 12 12 59
83 12 12 90
83 12 12 22
83 12 12 6
83 12 12 81
83 12 12 84
83 12 12 5
83 12 12 3
83 12 12 82
83 12 12 99
83 12 12 64
83 12 13 4
83 12 13 54
83 12 13 84
83 12 13 59
83 12 13 6
83 12 13 46
83 12 13 98
83 12 13 4
83 12 13 4
83 12 13 46
83 12 13 91
83 12 13 85
83 12 13 8
83 12 13 80
83 12 13 95
83 12 13 44
83 12 13 8
83 12 13 80
83 12 13 102
83 12 13 65
83 12 14 10
83 12 14 61
83 12 14 87
83 12 14 19
83 12 14 4
83 12 14 64
83 12 14 90
83 12 14 75
83 12 14 7
83 12 14 81
83 12 14 101
83 12 14 80
83 12 14 9
83 12 14 59
83 12 14 101
83 12 14 63
83 12 14 10
83 12 14 62
83 12 14 88
83 12 14 77
83 13 1 1
83 13 1 51
83 13 1 91
83 13 1 17
83 13 1 1
83 13 1 56
83 13 1 92
83 13 1 14
83 13 1 9
83 13 1 49
83 13 1 99
83 13 1 57
83 13 1 5
83 13 1 71
83 13 1 88
83 13 1 83
83 13 1 7
83 13 1 58
83 13 1 88
83 13 1 53
83 13 2 5
83 13 2 67
83 13 2 89
83 13 2 94
83 13 2 2
83 13 2 51
83 13 2 87
83 13 2 93
83 13 2 9
83 13 2 74
83 13 2 86
83 13 2 57
83 13 2 9
83 13 2 50
83 13 2 83
83 13 2 13
83 13 2 3
83 13 2 76
83 13 2 91
83 13 2 20
83 13 3 2
83 13 3 62
83 13 3 93
83 13 3 2
83 13 3 6
83 13 3 44
83 13 3 91
83 13 3 72
83 13 3 10
83 13 3 62
83 13 3 95
83 13 3 76
83 13 3 1
83 13 3 73
83 13 3 88
83 13 3 102
83 13 3 2
83 13 3 66
83 13 3 96
83 13 3 40
83 13 4 4
83 13 4 62
83 13 4 94
83 13 4 94
83 13 4 6
83 13 4 75
83 13 4 93
83 13 4 32
83 13 4 10
83 13 4 49
83 13 4 94
83 13 4 21
83 13 4 9
83 13 4 43
83 13 4 96
83 13 4 47
83 13 4 3
83 13 4 50
83 13 4 94
83 13 4 75
83 13 5 9
83 13 5 52
83 13 5 96
83 13 5 23
83 13 5 6
83 13 5 78
83 13 5 101
83 13 5 76
83 13 5 2
83 13 5 64
83 13 5 89
83 13 5 66
83 13 5 6
83 13 5 47
83 13 5 84
83 13 5 60
83 13 5 6
83 13 5 58
83 13 5 91
83 13 5 43
83 13 6 9
83 13 6 49
83 13 6 102
83 13 6 5
83 13 6 4
83 13 6 65
83 13 6 90
83 13 6 72
83 13 6 10
83 13 6 70
83 13 6 97
83 13 6 98
83 13 6 4
83 13 6 51
83 13 6 94
83 13 6 20
83 13 6 1
83 13 6 46
83 13 6 92
83 13 6 15
83 13 7 3
83 13 7 43
83 13 7 99
83 13 7 5
83 13 7 10
83 13 7 49
83 13 7 90
83 13 7 97
83 13 7 7
83 13 7 67
83 13 7 94
83 13 7 86
83 13 7 10
83 13 7 59
83 13 7 94
83 13 7 56
83 13 7 8
83 13 7 62
83 13 7 96
83 13 7 82
83 13 8 10
83 13 8 65
83 13 8 89
83 13 8 22
83 13 8 5
83 13 8 68
83 13 8 93
83 13 8 38
83 13 8 9
83 13 8 60
83 13 8 91
83 13 8 95
83 13 8 3
83 13 8 46
83 13 8 90
83 13 8 80
83 13 8 4
83 13 8 49
83 13 8 87
83 13 8 75
83 13 9 10
83 13 9 46
83 13 9 98
83 13 9 46
83 13 9 7
83 13 9 49
83 13 9 88
83 13 9 40
83 13 9 3
83 13 9 41
83 13 9 90
83 13 9 38
83 13 9 8
83 13 9 69
83 13 9 89
83 13 9 98
83 13 9 8
83 13 9 83
83 13 9 83
83 13 9 93
83 13 10 9
83 13 10 67
83 13 10 95
83 13 10 87
83 13 10 10
83 13 10 75
83 13 10 88
83 13 10 29
83 13 10 5
83 13 10 52
83 13 10 84
83 13 10 47
83 13 10 8
83 13 10 55
83 13 10 91
83 13 10 88
83 13 10 10
83 13 10 46
83 13 10 93
83 13 10 88
83 13 11 6
83 13 11 56
83 13 11 94
83 13 11 43
83 13 11 7
83 13 11 76
83 13 11 85
83 13 11 97
83 13 11 3
83 13 11 41
83 13 11 101
83 13 11 62
83 13 11 5
83 13 11 82
83 13 11 97
83 13 11 23
83 13 11 10
83 13 11 49
83 13 11 89
83 13 11 102
83 13 12 5
83 13 12 56
83 13 12 98
83 13 12 64
83 13 12 8
83 13 12 75
83 13 12 86
83 13 12 22
83 13 12 2
83 13 12 78
83 13 12 96
83 13 12 97
83 13 12 1
83 13 12 42
83 13 12 91
83 13 12 95
83 13 12 9
83 13 12 41
83 13 12 88
83 13 12 99
83 13 13 6
83 13 13 62
83 13 13 84
83 13 13 48
83 13 13 6
83 13 13 56
83 13 13 101
83 13 13 60
83 13 13 3
83 13 13 51
83 13 13 97
83 13 13 54
83 13 13 3
83 13 13 41
83 13 13 85
83 13 13 85
83 13 13 3
83 13 13 53
83 13 13 99
83 13 13 35
83 13 14 4
83 13 14 68
83 13 14 94
83 13 14 59
83 13 14 5
83 13 14 73
83 13 14 100
83 13 14 84
83 13 14 3
83 13 14 44
83 13 14 99
83 13 14 52
83 13 14 9
83 13 14 80
83 13 14 93
83 13 14 13
83 13 14 7
83 13 14 61
83 13 14 99
83 13 14 1
83 14 1 4
83 14 1 70
83 14 1 93
83 14 1 5
83 14 1 3
83 14 1 64
83 14 1 102
83 14 1 2
83 14 1 6
83 14 1 44
83 14 1 97
83 14 1 26
83 14 1 3
83 14 1 75
83 14 1 83
83 14 1 61
83 14 1 2
83 14 1 68
83 14 1 102
83 14 1 41
83 14 2 10
83 14 2 43
83 14 2 91
83 14 2 68
83 14 2 8
83 14 2 63
83 14 2 94
83 14 2 19
83 14 2 2
83 14 2 53
83 14 2 93
83 14 2 48
83 14 2 9
83 14 2 63
83 14 2 94
83 14 2 43
83 14 2 3
83 14 2 50
83 14 2 85
83 14 2 64
83 14 3 8
83 14 3 73
83 14 3 88
83 14 3 26
83 14 3 5
83 14 3 48
83 14 3 95
83 14 3 81
83 14 3 5
83 14 3 81
83 14 3 97
83 14 3 32
83 14 3 8
83 14 3 42
83 14 3 84
83 14 3 61
83 14 3 4
83 14 3 55
83 14 3 97
83 14 3 100
83 14 4 5
83 14 4 69
83 14 4 96
83 14 4 24
83 14 4 3
83 14 4 58
83 14 4 95
83 14 4 78
83 14 4 3
83 14 4 77
83 14 4 89
83 14 4 27
83 14 4 10
83 14 4 51
83 14 4 97
83 14 4 18
83 14 4 5
83 14 4 58
83 14 4 92
83 14 4 35
83 14 5 3
83 14 5 59
83 14 5 94
83 14 5 89
83 14 5 3
83 14 5 75
83 14 5 89
83 14 5 4
83 14 5 1
83 14 5 55
83 14 5 89
83 14 5 20
83 14 5 10
83 14 5 65
83 14 5 96
83 14 5 11
83 14 5 2
83 14 5 83
83 14 5 94
83 14 5 64
83 14 6 9
83 14 6 76
83 14 6 95
83 14 6 73
83 14 6 6
83 14 6 49
83 14 6 93
83 14 6 3
83 14 6 4
83 14 6 65
83 14 6 89
83 14 6 68
83 14 6 4
83 14 6 54
83 14 6 96
83 14 6 60
83 14 6 1
83 14 6 49
83 14 6 84
83 14 6 50
83 14 7 4
83 14 7 58
83 14 7 87
83 14 7 29
83 14 7 5
83 14 7 64
83 14 7 87
83 14 7 56
83 14 7 3
83 14 7 83
83 14 7 101
83 14 7 72
83 14 7 7
83 14 7 77
83 14 7 87
83 14 7 63
83 14 7 1
83 14 7 57
83 14 7 94
83 14 7 53
83 14 8 1
83 14 8 48
83 14 8 88
83 14 8 39
83 14 8 6
83 14 8 73
83 14 8 84
83 14 8 82
83 14 8 8
83 14 8 80
83 14 8 91
83 14 8 101
83 14 8 2
83 14 8 53
83 14 8 87
83 14 8 18
83 14 8 2
83 14 8 78
83 14 8 101
83 14 8 31
83 14 9 10
83 14 9 59
83 14 9 92
83 14 9 4
83 14 9 10
83 14 9 59
83 14 9 87
83 14 9 102
83 14 9 7
83 14 9 52
83 14 9 91
83 14 9 35
83 14 9 3
83 14 9 56
83 14 9 88
83 14 9 10
83 14 9 10
83 14 9 44
83 14 9 92
83 14 9 102
83 14 10 7
83 14 10 41
83 14 10 95
83 14 10 29
83 14 10 8
83 14 10 75
83 14 10 99
83 14 10 45
83 14 10 9
83 14 10 74
83 14 10 100
83 14 10 51
83 14 10 10
83 14 10 69
83 14 10 94
83 14 10 80
83 14 10 3
83 14 10 74
83 14 10 102
83 14 10 90
83 14 11 4
83 14 11 49
83 14 11 92
83 14 11 102
83 14 11 1
83 14 11 62
83 14 11 84
83 14 11 69
83 14 11 9
83 14 11 49
83 14 11 90
83 14 11 23
83 14 11 9
83 14 11 76
83 14 11 96
83 14 11 90
83 14 11 2
83 14 11 54
83 14 11 93
83 14 11 97
83 14 12 6
83 14 12 73
83 14 12 100
83 14 12 81
83 14 12 7
83 14 12 41
83 14 12 86
83 14 12 80
83 14 12 4
83 14 12 42
83 14 12 96
83 14 12 61
83 14 12 3
83 14 12 44
83 14 12 91
83 14 12 95
83 14 12 9
83 14 12 64
83 14 12 94
83 14 12 47
83 14 13 5
83 14 13 47
83 14 13 85
83 14 13 25
83 14 13 9
83 14 13 63
83 14 13 97
83 14 13 99
83 14 13 7
83 14 13 67
83 14 13 90
83 14 13 100
83 14 13 2
83 14 13 58
83 14 13 93
83 14 13 37
83 14 13 8
83 14 13 64
83 14 13 89
83 14 13 77
83 14 14 7
83 14 14 68
83 14 14 85
83 14 14 84
83 14 14 6
83 14 14 43
83 14 14 96
83 14 14 57
83 14 14 10
83 14 14 68
83 14 14 88
83 14 14 35
83 14 14 6
83 14 14 75
83 14 14 99
83 14 14 53
83 14 14 10
83 14 14 54
83 14 14 90
83 14 14 9
89 1 1 4
89 1 1 88
89 1 1 103
89 1 1 30
89 1 1 6
89 1 1 86
89 1 1 108
89 1 1 69
89 1 1 3
89 1 1 46
89 1 1 102
89 1 1 42
89 1 1 5
89 1 1 81
89 1 1 92
89 1 1 105
89 1 1 1
89 1 1 86
89 1 1 100
89 1 1 86
89 1 2 4
89 1 2 76
89 1 2 99
89 1 2 61
89 1 2 7
89 1 2 67
89 1 2 89
89 1 2 77
89 1 2 9
89 1 2 83
89 1 2 94
89 1 2 28
89 1 2 2
89 1 2 89
89 1 2 107
89 1 2 24
89 1 2 5
89 1 2 52
89 1 2 104
89 1 2 28
89 1 3 5
89 1 3 66
89 1 3 108
89 1 3 42
89 1 3 5
89 1 3 87
89 1 3 99
89 1 3 79
89 1 3 6
89 1 3 89
89 1 3 97
89 1 3 16
89 1 3 6
89 1 3 55
89 1 3 106
89 1 3 90
89 1 3 7
89 1 3 52
89 1 3 92
89 1 3 108
89 1 4 9
89 1 4 79
89 1 4 98
89 1 4 13
89 1 4 3
89 1 4 77
89 1 4 104
89 1 4 106
89 1 4 5
89 1 4 55
89 1 4 89
89 1 4 80
89 1 4 5
89 1 4 51
89 1 4 107
89 1 4 68
89 1 4 5
89 1 4 73
89 1 4 106
89 1 4 29
89 1 5 8
89 1 5 57
89 1 5 96
89 1 5 18
89 1 5 6
89 1 5 86
89 1 5 89
89 1 5 82
89 1 5 6
89 1 5 81
89 1 5 105
89 1 5 66
89 1 5 10
89 1 5 71
89 1 5 100
89 1 5 18
89 1 5 10
89 1 5 71
89 1 5 94
89 1 5 6
89 1 6 2
89 1 6 56
89 1 6 99
89 1 6 100
89 1 6 5
89 1 6 74
89 1 6 99
89 1 6 9
89 1 6 7
89 1 6 51
89 1 6 103
89 1 6 15
89 1 6 1
89 1 6 84
89 1 6 103
89 1 6 86
89 1 6 9
89 1 6 74
89 1 6 103
89 1 6 91
89 1 7 10
89 1 7 56
89 1 7 106
89 1 7 45
89 1 7 2
89 1 7 66
89 1 7 89
89 1 7 35
89 1 7 9
89 1 7 44
89 1 7 99
89 1 7 108
89 1 7 4
89 1 7 84
89 1 7 92
89 1 7 54
89 1 7 4
89 1 7 80
89 1 7 108
89 1 7 96
89 1 8 4
89 1 8 74
89 1 8 92
89 1 8 50
89 1 8 9
89 1 8 58
89 1 8 93
89 1 8 38
89 1 8 6
89 1 8 73
89 1 8 100
89 1 8 60
89 1 8 3
89 1 8 50
89 1 8 104
89 1 8 35
89 1 8 5
89 1 8 83
89 1 8 96
89 1 8 29
89 1 9 4
89 1 9 68
89 1 9 101
89 1 9 81
89 1 9 10
89 1 9 74
89 1 9 103
89 1 9 6
89 1 9 3
89 1 9 45
89 1 9 98
89 1 9 42
89 1 9 2
89 1 9 75
89 1 9 95
89 1 9 105
89 1 9 5
89 1 9 64
89 1 9 89
89 1 9 89
89 1 10 10
89 1 10 57
89 1 10 98
89 1 10 88
89 1 10 4
89 1 10 88
89 1 10 101
89 1 10 107
89 1 10 4
89 1 10 78
89 1 10 106
89 1 10 40
89 1 10 5
89 1 10 44
89 1 10 94
89 1 10 107
89 1 10 4
89 1 10 63
89 1 10 99
89 1 10 60
89 1 11 5
89 1 11 70
89 1 11 93
89 1 11 21
89 1 11 10
89 1 11 86
89 1 11 96
89 1 11 59
89 1 11 6
89 1 11 67
89 1 11 95
89 1 11 14
89 1 11 6
89 1 11 61
89 1 11 97
89 1 11 82
89 1 11 8
89 1 11 55
89 1 11 105
89 1 11 61
89 1 12 3
89 1 12 53
89 1 12 99
89 1 12 21
89 1 12 4
89 1 12 60
89 1 12 102
89 1 12 100
89 1 12 5
89 1 12 54
89 1 12 91
89 1 12 84
89 1 12 3
89 1 12 65
89 1 12 92
89 1 12 36
89 1 12 1
89 1 12 53
89 1 12 99
89 1 12 98
89 1 13 4
89 1 13 55
89 1 13 104
89 1 13 63
89 1 13 8
89 1 13 63
89 1 13 107
89 1 13 68
89 1 13 8
89 1 13 56
89 1 13 90
89 1 13 43
89 1 13 2
89 1 13 60
89 1 13 96
89 1 13 82
89 1 13 1
89 1 13 89
89 1 13 90
89 1 13 74
89 1 14 9
89 1 14 75
89 1 14 90
89 1 14 94
89 1 14 4
89 1 14 86
89 1 14 90
89 1 14 60
89 1 14 7
89 1 14 85
89 1 14 91
89 1 14 79
89 1 14 6
89 1 14 62
89 1 14 103
89 1 14 99
89 1 14 3
89 1 14 75
89 1 14 108
89 1 14 49
89 2 1 9
89 2 1 49
89 2 1 99
89 2 1 31
89 2 1 6
89 2 1 78
89 2 1 98
89 2 1 18
89 2 1 2
89 2 1 84
89 2 1 98
89 2 1 71
89 2 1 1
89 2 1 54
89 2 1 91
89 2 1 94
89 2 1 2
89 2 1 88
89 2 1 91
89 2 1 78
89 2 2 9
89 2 2 63
89 2 2 93
89 2 2 81
89 2 2 8
89 2 2 65
89 2 2 92
89 2 2 41
89 2 2 6
89 2 2 66
89 2 2 108
89 2 2 76
89 2 2 4
89 2 2 78
89 2 2 89
89 2 2 36
89 2 2 1
89 2 2 63
89 2 2 89
89 2 2 102
89 2 3 2
89 2 3 44
89 2 3 107
89 2 3 24
89 2 3 7
89 2 3 57
89 2 3 99
89 2 3 65
89 2 3 8
89 2 3 45
89 2 3 91
89 2 3 103
89 2 3 8
89 2 3 66
89 2 3 105
89 2 3 53
89 2 3 4
89 2 3 56
89 2 3 99
89 2 3 25
89 2 4 6
89 2 4 53
89 2 4 95
89 2 4 91
89 2 4 4
89 2 4 47
89 2 4 100
89 2 4 87
89 2 4 3
89 2 4 60
89 2 4 98
89 2 4 15
89 2 4 10
89 2 4 81
89 2 4 104
89 2 4 102
89 2 4 6
89 2 4 57
89 2 4 92
89 2 4 46
89 2 5 10
89 2 5 83
89 2 5 92
89 2 5 90
89 2 5 1
89 2 5 65
89 2 5 98
89 2 5 22
89 2 5 7
89 2 5 47
89 2 5 96
89 2 5 8
89 2 5 5
89 2 5 48
89 2 5 100
89 2 5 5
89 2 5 9
89 2 5 73
89 2 5 96
89 2 5 17
89 2 6 2
89 2 6 59
89 2 6 104
89 2 6 47
89 2 6 5
89 2 6 83
89 2 6 99
89 2 6 97
89 2 6 6
89 2 6 87
89 2 6 95
89 2 6 57
89 2 6 3
89 2 6 69
89 2 6 99
89 2 6 82
89 2 6 8
89 2 6 49
89 2 6 100
89 2 6 97
89 2 7 6
89 2 7 85
89 2 7 95
89 2 7 85
89 2 7 10
89 2 7 54
89 2 7 96
89 2 7 28
89 2 7 4
89 2 7 63
89 2 7 97
89 2 7 74
89 2 7 2
89 2 7 88
89 2 7 94
89 2 7 34
89 2 7 3
89 2 7 57
89 2 7 94
89 2 7 30
89 2 8 3
89 2 8 78
89 2 8 106
89 2 8 6
89 2 8 5
89 2 8 64
89 2 8 106
89 2 8 103
89 2 8 9
89 2 8 64
89 2 8 101
89 2 8 77
89 2 8 10
89 2 8 81
89 2 8 104
89 2 8 100
89 2 8 3
89 2 8 65
89 2 8 90
89 2 8 100
89 2 9 1
89 2 9 61
89 2 9 93
89 2 9 56
89 2 9 3
89 2 9 86
89 2 9 94
89 2 9 68
89 2 9 8
89 2 9 63
89 2 9 96
89 2 9 95
89 2 9 8
89 2 9 77
89 2 9 94
89 2 9 23
89 2 9 7
89 2 9 50
89 2 9 89
89 2 9 36
89 2 10 2
89 2 10 59
89 2 10 97
89 2 10 23
89 2 10 10
89 2 10 67
89 2 10 89
89 2 10 107
89 2 10 9
89 2 10 74
89 2 10 90
89 2 10 5
89 2 10 3
89 2 10 49
89 2 10 108
89 2 10 96
89 2 10 10
89 2 10 72
89 2 10 99
89 2 10 29
89 2 11 6
89 2 11 74
89 2 11 101
89 2 11 91
89 2 11 1
89 2 11 67
89 2 11 96
89 2 11 51
89 2 11 9
89 2 11 78
89 2 11 90
89 2 11 73
89 2 11 8
89 2 11 89
89 2 11 91
89 2 11 37
89 2 11 5
89 2 11 83
89 2 11 98
89 2 11 61
89 2 12 9
89 2 12 52
89 2 12 92
89 2 12 14
89 2 12 7
89 2 12 72
89 2 12 97
89 2 12 64
89 2 12 10
89 2 12 58
89 2 12 93
89 2 12 86
89 2 12 5
89 2 12 51
89 2 12 98
89 2 12 67
89 2 12 8
89 2 12 73
89 2 12 108
89 2 12 57
89 2 13 10
89 2 13 56
89 2 13 97
89 2 13 68
89 2 13 10
89 2 13 85
89 2 13 96
89 2 13 71
89 2 13 10
89 2 13 58
89 2 13 103
89 2 13 34
89 2 13 2
89 2 13 71
89 2 13 108
89 2 13 74
89 2 13 5
89 2 13 58
89 2 13 105
89 2 13 44
89 2 14 7
89 2 14 85
89 2 14 102
89 2 14 104
89 2 14 3
89 2 14 86
89 2 14 94
89 2 14 5
89 2 14 4
89 2 14 71
89 2 14 95
89 2 14 105
89 2 14 9
89 2 14 71
89 2 14 107
89 2 14 70
89 2 14 6
89 2 14 69
89 2 14 106
89 2 14 105
89 3 1 7
89 3 1 60
89 3 1 90
89 3 1 106
89 3 1 5
89 3 1 46
89 3 1 93
89 3 1 17
89 3 1 9
89 3 1 54
89 3 1 95
89 3 1 98
89 3 1 7
89 3 1 57
89 3 1 100
89 3 1 65
89 3 1 1
89 3 1 55
89 3 1 92
89 3 1 97
89 3 2 3
89 3 2 46
89 3 2 96
89 3 2 6
89 3 2 1
89 3 2 69
89 3 2 98
89 3 2 65
89 3 2 3
89 3 2 54
89 3 2 96
89 3 2 87
89 3 2 7
89 3 2 53
89 3 2 100
89 3 2 41
89 3 2 3
89 3 2 57
89 3 2 105
89 3 2 22
89 3 3 10
89 3 3 89
89 3 3 90
89 3 3 60
89 3 3 3
89 3 3 48
89 3 3 100
89 3 3 78
89 3 3 10
89 3 3 53
89 3 3 95
89 3 3 12
89 3 3 8
89 3 3 69
89 3 3 103
89 3 3 72
89 3 3 2
89 3 3 87
89 3 3 100
89 3 3 105
89 3 4 9
89 3 4 73
89 3 4 101
89 3 4 29
89 3 4 4
89 3 4 88
89 3 4 94
89 3 4 87
89 3 4 1
89 3 4 84
89 3 4 107
89 3 4 50
89 3 4 8
89 3 4 80
89 3 4 96
89 3 4 90
89 3 4 9
89 3 4 88
89 3 4 92
89 3 4 69
89 3 5 9
89 3 5 48
89 3 5 108
89 3 5 107
89 3 5 8
89 3 5 72
89 3 5 103
89 3 5 78
89 3 5 8
89 3 5 72
89 3 5 89
89 3 5 43
89 3 5 2
89 3 5 81
89 3 5 89
89 3 5 51
89 3 5 1
89 3 5 60
89 3 5 100
89 3 5 99
89 3 6 6
89 3 6 70
89 3 6 107
89 3 6 3
89 3 6 6
89 3 6 51
89 3 6 99
89 3 6 75
89 3 6 3
89 3 6 89
89 3 6 102
89 3 6 58
89 3 6 1
89 3 6 73
89 3 6 92
89 3 6 85
89 3 6 3
89 3 6 79
89 3 6 97
89 3 6 47
89 3 7 9
89 3 7 69
89 3 7 92
89 3 7 58
89 3 7 6
89 3 7 74
89 3 7 93
89 3 7 12
89 3 7 7
89 3 7 89
89 3 7 92
89 3 7 46
89 3 7 9
89 3 7 62
89 3 7 104
89 3 7 43
89 3 7 2
89 3 7 52
89 3 7 107
89 3 7 25
89 3 8 6
89 3 8 71
89 3 8 103
89 3 8 80
89 3 8 5
89 3 8 80
89 3 8 106
89 3 8 55
89 3 8 9
89 3 8 79
89 3 8 107
89 3 8 3
89 3 8 5
89 3 8 80
89 3 8 89
89 3 8 46
89 3 8 4
89 3 8 45
89 3 8 99
89 3 8 78
89 3 9 4
89 3 9 85
89 3 9 102
89 3 9 19
89 3 9 9
89 3 9 69
89 3 9 106
89 3 9 45
89 3 9 9
89 3 9 47
89 3 9 103
89 3 9 12
89 3 9 7
89 3 9 66
89 3 9 91
89 3 9 51
89 3 9 1
89 3 9 59
89 3 9 100
89 3 9 44
89 3 10 2
89 3 10 89
89 3 10 92
89 3 10 37
89 3 10 5
89 3 10 74
89 3 10 96
89 3 10 45
89 3 10 9
89 3 10 46
89 3 10 105
89 3 10 63
89 3 10 10
89 3 10 60
89 3 10 94
89 3 10 75
89 3 10 10
89 3 10 48
89 3 10 91
89 3 10 78
89 3 11 5
89 3 11 63
89 3 11 108
89 3 11 31
89 3 11 6
89 3 11 49
89 3 11 106
89 3 11 108
89 3 11 7
89 3 11 54
89 3 11 100
89 3 11 63
89 3 11 4
89 3 11 67
89 3 11 90
89 3 11 77
89 3 11 9
89 3 11 61
89 3 11 89
89 3 11 77
89 3 12 2
89 3 12 86
89 3 12 96
89 3 12 99
89 3 12 4
89 3 12 45
89 3 12 91
89 3 12 56
89 3 12 8
89 3 12 62
89 3 12 95
89 3 12 68
89 3 12 3
89 3 12 77
89 3 12 99
89 3 12 93
89 3 12 2
89 3 12 84
89 3 12 104
89 3 12 30
89 3 13 1
89 3 13 58
89 3 13 107
89 3 13 44
89 3 13 8
89 3 13 70
89 3 13 90
89 3 13 15
89 3 13 4
89 3 13 61
89 3 13 91
89 3 13 68
89 3 13 5
89 3 13 88
89 3 13 108
89 3 13 62
89 3 13 7
89 3 13 72
89 3 13 95
89 3 13 60
89 3 14 5
89 3 14 54
89 3 14 90
89 3 14 75
89 3 14 4
89 3 14 64
89 3 14 105
89 3 14 62
89 3 14 10
89 3 14 54
89 3 14 102
89 3 14 4
89 3 14 7
89 3 14 72
89 3 14 95
89 3 14 51
89 3 14 8
89 3 14 85
89 3 14 94
89 3 14 69
89 4 1 6
89 4 1 84
89 4 1 91
89 4 1 105
89 4 1 10
89 4 1 77
89 4 1 104
89 4 1 28
89 4 1 7
89 4 1 64
89 4 1 102
89 4 1 70
89 4 1 1
89 4 1 70
89 4 1 93
89 4 1 46
89 4 1 9
89 4 1 48
89 4 1 103
89 4 1 71
89 4 2 6
89 4 2 67
89 4 2 103
89 4 2 30
89 4 2 10
89 4 2 87
89 4 2 102
89 4 2 59
89 4 2 6
89 4 2 64
89 4 2 105
89 4 2 73
89 4 2 8
89 4 2 69
89 4 2 92
89 4 2 83
89 4 2 1
89 4 2 47
89 4 2 90
89 4 2 12
89 4 3 5
89 4 3 74
89 4 3 93
89 4 3 61
89 4 3 7
89 4 3 65
89 4 3 99
89 4 3 58
89 4 3 6
89 4 3 49
89 4 3 106
89 4 3 108
89 4 3 2
89 4 3 53
89 4 3 103
89 4 3 7
89 4 3 9
89 4 3 61
89 4 3 93
89 4 3 48
89 4 4 8
89 4 4 78
89 4 4 105
89 4 4 5
89 4 4 6
89 4 4 83
89 4 4 99
89 4 4 55
89 4 4 5
89 4 4 54
89 4 4 106
89 4 4 4
89 4 4 9
89 4 4 68
89 4 4 89
89 4 4 66
89 4 4 7
89 4 4 53
89 4 4 91
89 4 4 16
89 4 5 3
89 4 5 51
89 4 5 94
89 4 5 48
89 4 5 10
89 4 5 82
89 4 5 95
89 4 5 56
89 4 5 2
89 4 5 72
89 4 5 92
89 4 5 14
89 4 5 6
89 4 5 85
89 4 5 105
89 4 5 49
89 4 5 10
89 4 5 85
89 4 5 94
89 4 5 23
89 4 6 8
89 4 6 54
89 4 6 103
89 4 6 45
89 4 6 2
89 4 6 64
89 4 6 101
89 4 6 49
89 4 6 4
89 4 6 58
89 4 6 104
89 4 6 8
89 4 6 8
89 4 6 63
89 4 6 94
89 4 6 63
89 4 6 10
89 4 6 66
89 4 6 102
89 4 6 86
89 4 7 2
89 4 7 56
89 4 7 89
89 4 7 15
89 4 7 10
89 4 7 85
89 4 7 103
89 4 7 24
89 4 7 6
89 4 7 82
89 4 7 106
89 4 7 89
89 4 7 5
89 4 7 87
89 4 7 105
89 4 7 100
89 4 7 10
89 4 7 88
89 4 7 106
89 4 7 101
89 4 8 8
89 4 8 47
89 4 8 99
89 4 8 45
89 4 8 10
89 4 8 76
89 4 8 108
89 4 8 87
89 4 8 7
89 4 8 79
89 4 8 89
89 4 8 83
89 4 8 5
89 4 8 61
89 4 8 99
89 4 8 87
89 4 8 4
89 4 8 54
89 4 8 98
89 4 8 98
89 4 9 3
89 4 9 88
89 4 9 108
89 4 9 99
89 4 9 3
89 4 9 70
89 4 9 108
89 4 9 13
89 4 9 10
89 4 9 67
89 4 9 97
89 4 9 63
89 4 9 1
89 4 9 78
89 4 9 106
89 4 9 62
89 4 9 1
89 4 9 62
89 4 9 89
89 4 9 101
89 4 10 7
89 4 10 62
89 4 10 103
89 4 10 2
89 4 10 10
89 4 10 63
89 4 10 108
89 4 10 40
89 4 10 3
89 4 10 89
89 4 10 93
89 4 10 54
89 4 10 2
89 4 10 70
89 4 10 108
89 4 10 25
89 4 10 10
89 4 10 86
89 4 10 108
89 4 10 31
89 4 11 9
89 4 11 50
89 4 11 103
89 4 11 51
89 4 11 9
89 4 11 69
89 4 11 100
89 4 11 1
89 4 11 2
89 4 11 45
89 4 11 93
89 4 11 51
89 4 11 6
89 4 11 82
89 4 11 103
89 4 11 61
89 4 11 10
89 4 11 53
89 4 11 102
89 4 11 36
89 4 12 4
89 4 12 75
89 4 12 101
89 4 12 92
89 4 12 1
89 4 12 64
89 4 12 95
89 4 12 101
89 4 12 8
89 4 12 53
89 4 12 95
89 4 12 64
89 4 12 9
89 4 12 45
89 4 12 97
89 4 12 53
89 4 12 10
89 4 12 56
89 4 12 89
89 4 12 1
89 4 13 6
89 4 13 62
89 4 13 94
89 4 13 58
89 4 13 3
89 4 13 61
89 4 13 92
89 4 13 14
89 4 13 5
89 4 13 51
89 4 13 96
89 4 13 89
89 4 13 5
89 4 13 55
89 4 13 106
89 4 13 13
89 4 13 9
89 4 13 69
89 4 13 90
89 4 13 60
89 4 14 2
89 4 14 81
89 4 14 102
89 4 14 79
89 4 14 6
89 4 14 66
89 4 14 91
89 4 14 66
89 4 14 7
89 4 14 63
89 4 14 106
89 4 14 52
89 4 14 8
89 4 14 62
89 4 14 91
89 4 14 42
89 4 14 8
89 4 14 80
89 4 14 94
89 4 14 59
89 5 1 2
89 5 1 88
89 5 1 107
89 5 1 107
89 5 1 8
89 5 1 72
89 5 1 105
89 5 1 84
89 5 1 1
89 5 1 63
89 5 1 100
89 5 1 82
89 5 1 10
89 5 1 80
89 5 1 91
89 5 1 85
89 5 1 6
89 5 1 55
89 5 1 91
89 5 1 55
89 5 2 5
89 5 2 48
89 5 2 95
89 5 2 46
89 5 2 1
89 5 2 83
89 5 2 95
89 5 2 58
89 5 2 2
89 5 2 55
89 5 2 94
89 5 2 69
89 5 2 6
89 5 2 75
89 5 2 96
89 5 2 35
89 5 2 10
89 5 2 88
89 5 2 103
89 5 2 95
89 5 3 3
89 5 3 62
89 5 3 90
89 5 3 1
89 5 3 10
89 5 3 77
89 5 3 106
89 5 3 14
89 5 3 2
89 5 3 78
89 5 3 94
89 5 3 62
89 5 3 6
89 5 3 64
89 5 3 103
89 5 3 18
89 5 3 1
89 5 3 50
89 5 3 105
89 5 3 12
89 5 4 6
89 5 4 86
89 5 4 90
89 5 4 23
89 5 4 7
89 5 4 88
89 5 4 94
89 5 4 94
89 5 4 2
89 5 4 71
89 5 4 93
89 5 4 90
89 5 4 7
89 5 4 69
89 5 4 96
89 5 4 67
89 5 4 8
89 5 4 65
89 5 4 90
89 5 4 61
89 5 5 7
89 5 5 85
89 5 5 103
89 5 5 14
89 5 5 7
89 5 5 86
89 5 5 91
89 5 5 37
89 5 5 5
89 5 5 68
89 5 5 93
89 5 5 54
89 5 5 7
89 5 5 75
89 5 5 98
89 5 5 6
89 5 5 3
89 5 5 45
89 5 5 102
89 5 5 84
89 5 6 2
89 5 6 80
89 5 6 93
89 5 6 36
89 5 6 8
89 5 6 84
89 5 6 107
89 5 6 105
89 5 6 7
89 5 6 70
89 5 6 103
89 5 6 101
89 5 6 9
89 5 6 80
89 5 6 89
89 5 6 20
89 5 6 10
89 5 6 80
89 5 6 89
89 5 6 50
89 5 7 10
89 5 7 49
89 5 7 93
89 5 7 101
89 5 7 4
89 5 7 58
89 5 7 98
89 5 7 61
89 5 7 10
89 5 7 64
89 5 7 107
89 5 7 15
89 5 7 10
89 5 7 51
89 5 7 96
89 5 7 107
89 5 7 9
89 5 7 78
89 5 7 96
89 5 7 76
89 5 8 10
89 5 8 59
89 5 8 106
89 5 8 83
89 5 8 7
89 5 8 79
89 5 8 101
89 5 8 99
89 5 8 9
89 5 8 77
89 5 8 102
89 5 8 16
89 5 8 3
89 5 8 63
89 5 8 108
89 5 8 100
89 5 8 3
89 5 8 65
89 5 8 100
89 5 8 13
89 5 9 2
89 5 9 70
89 5 9 89
89 5 9 15
89 5 9 9
89 5 9 46
89 5 9 91
89 5 9 62
89 5 9 7
89 5 9 86
89 5 9 104
89 5 9 23
89 5 9 3
89 5 9 51
89 5 9 94
89 5 9 107
89 5 9 2
89 5 9 76
89 5 9 100
89 5 9 93
89 5 10 7
89 5 10 77
89 5 10 99
89 5 10 13
89 5 10 8
89 5 10 55
89 5 10 104
89 5 10 52
89 5 10 3
89 5 10 61
89 5 10 91
89 5 10 51
89 5 10 6
89 5 10 59
89 5 10 95
89 5 10 29
89 5 10 7
89 5 10 88
89 5 10 106
89 5 10 93
89 5 11 7
89 5 11 54
89 5 11 106
89 5 11 59
89 5 11 1
89 5 11 49
89 5 11 92
89 5 11 100
89 5 11 10
89 5 11 56
89 5 11 99
89 5 11 19
89 5 11 1
89 5 11 83
89 5 11 93
89 5 11 79
89 5 11 6
89 5 11 72
89 5 11 89
89 5 11 12
89 5 12 10
89 5 12 62
89 5 12 99
89 5 12 93
89 5 12 9
89 5 12 71
89 5 12 97
89 5 12 84
89 5 12 9
89 5 12 62
89 5 12 94
89 5 12 39
89 5 12 7
89 5 12 67
89 5 12 99
89 5 12 19
89 5 12 7
89 5 12 63
89 5 12 106
89 5 12 26
89 5 13 3
89 5 13 79
89 5 13 98
89 5 13 7
89 5 13 5
89 5 13 89
89 5 13 104
89 5 13 75
89 5 13 3
89 5 13 47
89 5 13 96
89 5 13 103
89 5 13 2
89 5 13 44
89 5 13 95
89 5 13 105
89 5 13 7
89 5 13 80
89 5 13 103
89 5 13 36
89 5 14 2
89 5 14 54
89 5 14 108
89 5 14 68
89 5 14 4
89 5 14 73
89 5 14 108
89 5 14 100
89 5 14 4
89 5 14 53
89 5 14 105
89 5 14 103
89 5 14 2
89 5 14 47
89 5 14 95
89 5 14 15
89 5 14 10
89 5 14 63
89 5 14 106
89 5 14 71
89 6 1 5
89 6 1 83
89 6 1 91
89 6 1 24
89 6 1 1
89 6 1 51
89 6 1 102
89 6 1 26
89 6 1 10
89 6 1 60
89 6 1 91
89 6 1 6
89 6 1 2
89 6 1 53
89 6 1 103
89 6 1 107
89 6 1 5
89 6 1 46
89 6 1 108
89 6 1 71
89 6 2 2
89 6 2 50
89 6 2 89
89 6 2 47
89 6 2 5
89 6 2 48
89 6 2 91
89 6 2 19
89 6 2 3
89 6 2 50
89 6 2 94
89 6 2 96
89 6 2 2
89 6 2 86
89 6 2 106
89 6 2 76
89 6 2 5
89 6 2 83
89 6 2 98
89 6 2 21
89 6 3 2
89 6 3 79
89 6 3 100
89 6 3 42
89 6 3 10
89 6 3 75
89 6 3 94
89 6 3 82
89 6 3 8
89 6 3 65
89 6 3 102
89 6 3 15
89 6 3 10
89 6 3 49
89 6 3 93
89 6 3 98
89 6 3 3
89 6 3 47
89 6 3 104
89 6 3 39
89 6 4 10
89 6 4 83
89 6 4 100
89 6 4 94
89 6 4 4
89 6 4 58
89 6 4 98
89 6 4 61
89 6 4 4
89 6 4 57
89 6 4 101
89 6 4 34
89 6 4 1
89 6 4 89
89 6 4 98
89 6 4 9
89 6 4 5
89 6 4 51
89 6 4 103
89 6 4 64
89 6 5 6
89 6 5 68
89 6 5 101
89 6 5 58
89 6 5 6
89 6 5 49
89 6 5 89
89 6 5 22
89 6 5 8
89 6 5 49
89 6 5 93
89 6 5 41
89 6 5 5
89 6 5 67
89 6 5 106
89 6 5 83
89 6 5 6
89 6 5 71
89 6 5 95
89 6 5 6
89 6 6 9
89 6 6 54
89 6 6 101
89 6 6 19
89 6 6 7
89 6 6 79
89 6 6 103
89 6 6 27
89 6 6 1
89 6 6 52
89 6 6 102
89 6 6 34
89 6 6 2
89 6 6 62
89 6 6 92
89 6 6 34
89 6 6 4
89 6 6 60
89 6 6 108
89 6 6 8
89 6 7 5
89 6 7 71
89 6 7 104
89 6 7 92
89 6 7 3
89 6 7 77
89 6 7 101
89 6 7 95
89 6 7 2
89 6 7 59
89 6 7 89
89 6 7 63
89 6 7 6
89 6 7 51
89 6 7 108
89 6 7 34
89 6 7 8
89 6 7 68
89 6 7 104
89 6 7 11
89 6 8 1
89 6 8 64
89 6 8 102
89 6 8 75
89 6 8 6
89 6 8 65
89 6 8 97
89 6 8 77
89 6 8 1
89 6 8 53
89 6 8 96
89 6 8 11
89 6 8 2
89 6 8 54
89 6 8 95
89 6 8 68
89 6 8 9
89 6 8 65
89 6 8 103
89 6 8 107
89 6 9 9
89 6 9 46
89 6 9 105
89 6 9 19
89 6 9 3
89 6 9 66
89 6 9 103
89 6 9 30
89 6 9 2
89 6 9 59
89 6 9 89
89 6 9 74
89 6 9 1
89 6 9 83
89 6 9 96
89 6 9 34
89 6 9 1
89 6 9 64
89 6 9 106
89 6 9 99
89 6 10 3
89 6 10 84
89 6 10 106
89 6 10 43
89 6 10 3
89 6 10 75
89 6 10 89
89 6 10 41
89 6 10 10
89 6 10 86
89 6 10 105
89 6 10 32
89 6 10 10
89 6 10 73
89 6 10 96
89 6 10 81
89 6 10 8
89 6 10 64
89 6 10 107
89 6 10 3
89 6 11 1
89 6 11 49
89 6 11 93
89 6 11 81
89 6 11 1
89 6 11 73
89 6 11 95
89 6 11 30
89 6 11 8
89 6 11 87
89 6 11 91
89 6 11 93
89 6 11 1
89 6 11 53
89 6 11 89
89 6 11 15
89 6 11 9
89 6 11 58
89 6 11 94
89 6 11 38
89 6 12 6
89 6 12 54
89 6 12 107
89 6 12 6
89 6 12 3
89 6 12 77
89 6 12 91
89 6 12 81
89 6 12 2
89 6 12 69
89 6 12 101
89 6 12 50
89 6 12 7
89 6 12 77
89 6 12 91
89 6 12 93
89 6 12 9
89 6 12 81
89 6 12 103
89 6 12 106
89 6 13 4
89 6 13 67
89 6 13 91
89 6 13 27
89 6 13 4
89 6 13 87
89 6 13 101
89 6 13 77
89 6 13 10
89 6 13 65
89 6 13 90
89 6 13 90
89 6 13 4
89 6 13 61
89 6 13 100
89 6 13 53
89 6 13 3
89 6 13 72
89 6 13 95
89 6 13 21
89 6 14 9
89 6 14 86
89 6 14 94
89 6 14 92
89 6 14 5
89 6 14 49
89 6 14 98
89 6 14 31
89 6 14 1
89 6 14 57
89 6 14 99
89 6 14 88
89 6 14 5
89 6 14 71
89 6 14 95
89 6 14 72
89 6 14 6
89 6 14 65
89 6 14 104
89 6 14 1
89 7 1 8
89 7 1 86
89 7 1 96
89 7 1 85
89 7 1 5
89 7 1 55
89 7 1 106
89 7 1 47
89 7 1 2
89 7 1 59
89 7 1 92
89 7 1 6
89 7 1 4
89 7 1 61
89 7 1 103
89 7 1 98
89 7 1 7
89 7 1 51
89 7 1 93
89 7 1 26
89 7 2 1
89 7 2 74
89 7 2 96
89 7 2 50
89 7 2 4
89 7 2 63
89 7 2 89
89 7 2 60
89 7 2 10
89 7 2 59
89 7 2 101
89 7 2 85
89 7 2 6
89 7 2 66
89 7 2 94
89 7 2 49
89 7 2 8
89 7 2 55
89 7 2 92
89 7 2 103
89 7 3 10
89 7 3 44
89 7 3 90
89 7 3 15
89 7 3 4
89 7 3 62
89 7 3 97
89 7 3 84
89 7 3 5
89 7 3 50
89 7 3 97
89 7 3 96
89 7 3 5
89 7 3 60
89 7 3 103
89 7 3 78
89 7 3 4
89 7 3 54
89 7 3 95
89 7 3 54
89 7 4 7
89 7 4 61
89 7 4 95
89 7 4 102
89 7 4 7
89 7 4 45
89 7 4 106
89 7 4 61
89 7 4 1
89 7 4 62
89 7 4 92
89 7 4 35
89 7 4 1
89 7 4 66
89 7 4 94
89 7 4 14
89 7 4 7
89 7 4 74
89 7 4 89
89 7 4 97
89 7 5 10
89 7 5 66
89 7 5 92
89 7 5 28
89 7 5 3
89 7 5 53
89 7 5 101
89 7 5 84
89 7 5 1
89 7 5 47
89 7 5 93
89 7 5 84
89 7 5 10
89 7 5 69
89 7 5 100
89 7 5 63
89 7 5 4
89 7 5 62
89 7 5 108
89 7 5 9
89 7 6 2
89 7 6 49
89 7 6 102
89 7 6 100
89 7 6 7
89 7 6 57
89 7 6 108
89 7 6 95
89 7 6 2
89 7 6 64
89 7 6 94
89 7 6 108
89 7 6 4
89 7 6 75
89 7 6 107
89 7 6 86
89 7 6 6
89 7 6 73
89 7 6 103
89 7 6 3
89 7 7 2
89 7 7 82
89 7 7 102
89 7 7 30
89 7 7 1
89 7 7 59
89 7 7 94
89 7 7 79
89 7 7 1
89 7 7 66
89 7 7 99
89 7 7 42
89 7 7 2
89 7 7 52
89 7 7 92
89 7 7 45
89 7 7 9
89 7 7 60
89 7 7 90
89 7 7 89
89 7 8 9
89 7 8 61
89 7 8 104
89 7 8 84
89 7 8 1
89 7 8 59
89 7 8 105
89 7 8 44
89 7 8 7
89 7 8 73
89 7 8 104
89 7 8 46
89 7 8 5
89 7 8 49
89 7 8 94
89 7 8 97
89 7 8 4
89 7 8 48
89 7 8 95
89 7 8 70
89 7 9 10
89 7 9 74
89 7 9 98
89 7 9 67
89 7 9 3
89 7 9 77
89 7 9 104
89 7 9 46
89 7 9 3
89 7 9 88
89 7 9 90
89 7 9 94
89 7 9 4
89 7 9 47
89 7 9 89
89 7 9 40
89 7 9 8
89 7 9 84
89 7 9 105
89 7 9 59
89 7 10 3
89 7 10 62
89 7 10 90
89 7 10 21
89 7 10 9
89 7 10 61
89 7 10 90
89 7 10 41
89 7 10 1
89 7 10 53
89 7 10 90
89 7 10 26
89 7 10 1
89 7 10 62
89 7 10 102
89 7 10 108
89 7 10 2
89 7 10 81
89 7 10 103
89 7 10 83
89 7 11 2
89 7 11 47
89 7 11 95
89 7 11 17
89 7 11 4
89 7 11 76
89 7 11 105
89 7 11 5
89 7 11 6
89 7 11 63
89 7 11 107
89 7 11 47
89 7 11 2
89 7 11 83
89 7 11 100
89 7 11 82
89 7 11 6
89 7 11 64
89 7 11 108
89 7 11 86
89 7 12 3
89 7 12 68
89 7 12 96
89 7 12 10
89 7 12 9
89 7 12 85
89 7 12 105
89 7 12 15
89 7 12 8
89 7 12 67
89 7 12 100
89 7 12 87
89 7 12 5
89 7 12 80
89 7 12 92
89 7 12 29
89 7 12 1
89 7 12 65
89 7 12 90
89 7 12 62
89 7 13 2
89 7 13 72
89 7 13 97
89 7 13 8
89 7 13 9
89 7 13 56
89 7 13 94
89 7 13 36
89 7 13 9
89 7 13 70
89 7 13 92
89 7 13 36
89 7 13 8
89 7 13 53
89 7 13 106
89 7 13 31
89 7 13 8
89 7 13 56
89 7 13 97
89 7 13 96
89 7 14 1
89 7 14 49
89 7 14 97
89 7 14 66
89 7 14 9
89 7 14 70
89 7 14 106
89 7 14 69
89 7 14 7
89 7 14 59
89 7 14 106
89 7 14 68
89 7 14 10
89 7 14 50
89 7 14 92
89 7 14 30
89 7 14 10
89 7 14 67
89 7 14 105
89 7 14 104
89 8 1 9
89 8 1 75
89 8 1 100
89 8 1 38
89 8 1 6
89 8 1 65
89 8 1 106
89 8 1 70
89 8 1 1
89 8 1 70
89 8 1 91
89 8 1 4
89 8 1 1
89 8 1 76
89 8 1 94
89 8 1 74
89 8 1 10
89 8 1 65
89 8 1 91
89 8 1 38
89 8 2 9
89 8 2 72
89 8 2 100
89 8 2 19
89 8 2 8
89 8 2 45
89 8 2 106
89 8 2 94
89 8 2 1
89 8 2 50
89 8 2 98
89 8 2 54
89 8 2 6
89 8 2 82
89 8 2 104
89 8 2 31
89 8 2 2
89 8 2 75
89 8 2 93
89 8 2 100
89 8 3 7
89 8 3 49
89 8 3 101
89 8 3 45
89 8 3 7
89 8 3 69
89 8 3 90
89 8 3 46
89 8 3 7
89 8 3 87
89 8 3 92
89 8 3 84
89 8 3 5
89 8 3 63
89 8 3 95
89 8 3 2
89 8 3 4
89 8 3 78
89 8 3 97
89 8 3 88
89 8 4 5
89 8 4 74
89 8 4 94
89 8 4 54
89 8 4 8
89 8 4 76
89 8 4 100
89 8 4 27
89 8 4 2
89 8 4 67
89 8 4 106
89 8 4 64
89 8 4 7
89 8 4 74
89 8 4 97
89 8 4 35
89 8 4 3
89 8 4 68
89 8 4 94
89 8 4 39
89 8 5 8
89 8 5 77
89 8 5 91
89 8 5 40
89 8 5 1
89 8 5 84
89 8 5 108
89 8 5 55
89 8 5 8
89 8 5 49
89 8 5 108
89 8 5 10
89 8 5 7
89 8 5 61
89 8 5 103
89 8 5 16
89 8 5 5
89 8 5 71
89 8 5 106
89 8 5 14
89 8 6 7
89 8 6 56
89 8 6 94
89 8 6 9
89 8 6 2
89 8 6 47
89 8 6 96
89 8 6 73
89 8 6 2
89 8 6 77
89 8 6 96
89 8 6 2
89 8 6 9
89 8 6 59
89 8 6 101
89 8 6 22
89 8 6 2
89 8 6 81
89 8 6 96
89 8 6 45
89 8 7 3
89 8 7 79
89 8 7 108
89 8 7 70
89 8 7 2
89 8 7 56
89 8 7 104
89 8 7 97
89 8 7 6
89 8 7 63
89 8 7 91
89 8 7 74
89 8 7 6
89 8 7 83
89 8 7 90
89 8 7 27
89 8 7 1
89 8 7 78
89 8 7 102
89 8 7 49
89 8 8 3
89 8 8 81
89 8 8 103
89 8 8 6
89 8 8 9
89 8 8 59
89 8 8 94
89 8 8 42
89 8 8 6
89 8 8 70
89 8 8 103
89 8 8 31
89 8 8 10
89 8 8 50
89 8 8 104
89 8 8 100
89 8 8 9
89 8 8 53
89 8 8 102
89 8 8 29
89 8 9 3
89 8 9 80
89 8 9 99
89 8 9 21
89 8 9 6
89 8 9 79
89 8 9 96
89 8 9 72
89 8 9 5
89 8 9 81
89 8 9 98
89 8 9 73
89 8 9 5
89 8 9 53
89 8 9 97
89 8 9 2
89 8 9 10
89 8 9 46
89 8 9 92
89 8 9 103
89 8 10 8
89 8 10 61
89 8 10 106
89 8 10 82
89 8 10 1
89 8 10 63
89 8 10 97
89 8 10 12
89 8 10 8
89 8 10 46
89 8 10 102
89 8 10 16
89 8 10 3
89 8 10 80
89 8 10 95
89 8 10 78
89 8 10 5
89 8 10 83
89 8 10 99
89 8 10 17
89 8 11 10
89 8 11 56
89 8 11 91
89 8 11 81
89 8 11 1
89 8 11 71
89 8 11 106
89 8 11 93
89 8 11 5
89 8 11 64
89 8 11 97
89 8 11 46
89 8 11 1
89 8 11 51
89 8 11 100
89 8 11 94
89 8 11 10
89 8 11 65
89 8 11 100
89 8 11 24
89 8 12 10
89 8 12 78
89 8 12 94
89 8 12 102
89 8 12 8
89 8 12 87
89 8 12 89
89 8 12 14
89 8 12 5
89 8 12 69
89 8 12 106
89 8 12 4
89 8 12 10
89 8 12 58
89 8 12 96
89 8 12 3
89 8 12 7
89 8 12 44
89 8 12 107
89 8 12 34
89 8 13 2
89 8 13 66
89 8 13 97
89 8 13 84
89 8 13 8
89 8 13 67
89 8 13 102
89 8 13 61
89 8 13 7
89 8 13 69
89 8 13 101
89 8 13 25
89 8 13 4
89 8 13 48
89 8 13 94
89 8 13 77
89 8 13 2
89 8 13 54
89 8 13 99
89 8 13 42
89 8 14 7
89 8 14 88
89 8 14 105
89 8 14 56
89 8 14 8
89 8 14 71
89 8 14 89
89 8 14 37
89 8 14 8
89 8 14 62
89 8 14 92
89 8 14 86
89 8 14 5
89 8 14 84
89 8 14 90
89 8 14 8
89 8 14 6
89 8 14 67
89 8 14 94
89 8 14 49
89 9 1 1
89 9 1 79
89 9 1 98
89 9 1 34
89 9 1 3
89 9 1 74
89 9 1 106
89 9 1 102
89 9 1 8
89 9 1 85
89 9 1 90
89 9 1 17
89 9 1 2
89 9 1 57
89 9 1 91
89 9 1 93
89 9 1 9
89 9 1 58
89 9 1 95
89 9 1 19
89 9 2 9
89 9 2 73
89 9 2 106
89 9 2 63
89 9 2 2
89 9 2 57
89 9 2 97
89 9 2 104
89 9 2 6
89 9 2 88
89 9 2 108
89 9 2 56
89 9 2 5
89 9 2 81
89 9 2 99
89 9 2 26
89 9 2 2
89 9 2 54
89 9 2 101
89 9 2 59
89 9 3 8
89 9 3 57
89 9 3 97
89 9 3 93
89 9 3 3
89 9 3 55
89 9 3 105
89 9 3 85
89 9 3 7
89 9 3 46
89 9 3 91
89 9 3 39
89 9 3 2
89 9 3 53
89 9 3 95
89 9 3 20
89 9 3 3
89 9 3 46
89 9 3 95
89 9 3 88
89 9 4 10
89 9 4 80
89 9 4 102
89 9 4 87
89 9 4 3
89 9 4 55
89 9 4 92
89 9 4 105
89 9 4 3
89 9 4 75
89 9 4 106
89 9 4 3
89 9 4 5
89 9 4 63
89 9 4 97
89 9 4 79
89 9 4 5
89 9 4 83
89 9 4 93
89 9 4 23
89 9 5 1
89 9 5 65
89 9 5 99
89 9 5 84
89 9 5 4
89 9 5 69
89 9 5 92
89 9 5 75
89 9 5 5
89 9 5 66
89 9 5 105
89 9 5 80
89 9 5 7
89 9 5 89
89 9 5 106
89 9 5 6
89 9 5 5
89 9 5 85
89 9 5 89
89 9 5 51
89 9 6 10
89 9 6 58
89 9 6 106
89 9 6 88
89 9 6 6
89 9 6 60
89 9 6 106
89 9 6 19
89 9 6 2
89 9 6 69
89 9 6 90
89 9 6 60
89 9 6 1
89 9 6 86
89 9 6 107
89 9 6 38
89 9 6 8
89 9 6 44
89 9 6 98
89 9 6 78
89 9 7 6
89 9 7 80
89 9 7 89
89 9 7 71
89 9 7 8
89 9 7 86
89 9 7 108
89 9 7 55
89 9 7 2
89 9 7 71
89 9 7 100
89 9 7 74
89 9 7 5
89 9 7 80
89 9 7 95
89 9 7 105
89 9 7 6
89 9 7 86
89 9 7 95
89 9 7 56
89 9 8 1
89 9 8 64
89 9 8 91
89 9 8 70
89 9 8 2
89 9 8 70
89 9 8 90
89 9 8 34
89 9 8 7
89 9 8 83
89 9 8 100
89 9 8 106
89 9 8 8
89 9 8 75
89 9 8 99
89 9 8 65
89 9 8 2
89 9 8 49
89 9 8 100
89 9 8 80
89 9 9 5
89 9 9 87
89 9 9 100
89 9 9 97
89 9 9 2
89 9 9 54
89 9 9 101
89 9 9 82
89 9 9 8
89 9 9 70
89 9 9 90
89 9 9 34
89 9 9 9
89 9 9 64
89 9 9 99
89 9 9 52
89 9 9 10
89 9 9 47
89 9 9 106
89 9 9 6
89 9 10 5
89 9 10 85
89 9 10 93
89 9 10 72
89 9 10 1
89 9 10 79
89 9 10 92
89 9 10 54
89 9 10 10
89 9 10 88
89 9 10 92
89 9 10 2
89 9 10 8
89 9 10 59
89 9 10 91
89 9 10 82
89 9 10 3
89 9 10 58
89 9 10 91
89 9 10 58
89 9 11 7
89 9 11 61
89 9 11 93
89 9 11 76
89 9 11 8
89 9 11 87
89 9 11 108
89 9 11 38
89 9 11 1
89 9 11 60
89 9 11 94
89 9 11 15
89 9 11 9
89 9 11 65
89 9 11 103
89 9 11 36
89 9 11 6
89 9 11 79
89 9 11 103
89 9 11 51
89 9 12 8
89 9 12 54
89 9 12 102
89 9 12 27
89 9 12 10
89 9 12 76
89 9 12 92
89 9 12 92
89 9 12 3
89 9 12 49
89 9 12 91
89 9 12 58
89 9 12 10
89 9 12 66
89 9 12 108
89 9 12 69
89 9 12 8
89 9 12 45
89 9 12 95
89 9 12 60
89 9 13 7
89 9 13 50
89 9 13 103
89 9 13 81
89 9 13 6
89 9 13 74
89 9 13 107
89 9 13 89
89 9 13 9
89 9 13 64
89 9 13 104
89 9 13 68
89 9 13 8
89 9 13 60
89 9 13 91
89 9 13 96
89 9 13 3
89 9 13 85
89 9 13 106
89 9 13 97
89 9 14 6
89 9 14 53
89 9 14 103
89 9 14 101
89 9 14 5
89 9 14 70
89 9 14 106
89 9 14 33
89 9 14 1
89 9 14 89
89 9 14 96
89 9 14 54
89 9 14 9
89 9 14 71
89 9 14 92
89 9 14 79
89 9 14 6
89 9 14 71
89 9 14 90
89 9 14 14
89 10 1 9
89 10 1 82
89 10 1 89
89 10 1 61
89 10 1 7
89 10 1 83
89 10 1 94
89 10 1 36
89 10 1 3
89 10 1 75
89 10 1 108
89 10 1 41
89 10 1 5
89 10 1 68
89 10 1 105
89 10 1 26
89 10 1 9
89 10 1 88
89 10 1 95
89 10 1 41
89 10 2 8
89 10 2 66
89 10 2 106
89 10 2 62
89 10 2 2
89 10 2 68
89 10 2 94
89 10 2 27
89 10 2 6
89 10 2 61
89 10 2 103
89 10 2 67
89 10 2 4
89 10 2 54
89 10 2 89
89 10 2 83
89 10 2 10
89 10 2 44
89 10 2 91
89 10 2 23
89 10 3 4
89 10 3 60
89 10 3 89
89 10 3 102
89 10 3 6
89 10 3 78
89 10 3 108
89 10 3 69
89 10 3 7
89 10 3 47
89 10 3 94
89 10 3 93
89 10 3 2
89 10 3 88
89 10 3 103
89 10 3 50
89 10 3 1
89 10 3 66
89 10 3 90
89 10 3 87
89 10 4 3
89 10 4 74
89 10 4 90
89 10 4 4
89 10 4 5
89 10 4 72
89 10 4 95
89 10 4 99
89 10 4 7
89 10 4 72
89 10 4 105
89 10 4 15
89 10 4 1
89 10 4 89
89 10 4 96
89 10 4 105
89 10 4 9
89 10 4 87
89 10 4 108
89 10 4 105
89 10 5 7
89 10 5 73
89 10 5 89
89 10 5 30
89 10 5 10
89 10 5 76
89 10 5 90
89 10 5 8
89 10 5 9
89 10 5 48
89 10 5 99
89 10 5 90
89 10 5 5
89 10 5 84
89 10 5 105
89 10 5 59
89 10 5 9
89 10 5 85
89 10 5 102
89 10 5 71
89 10 6 2
89 10 6 75
89 10 6 107
89 10 6 10
89 10 6 9
89 10 6 63
89 10 6 102
89 10 6 69
89 10 6 2
89 10 6 57
89 10 6 94
89 10 6 83
89 10 6 5
89 10 6 68
89 10 6 108
89 10 6 72
89 10 6 8
89 10 6 61
89 10 6 92
89 10 6 98
89 10 7 7
89 10 7 76
89 10 7 98
89 10 7 4
89 10 7 8
89 10 7 54
89 10 7 90
89 10 7 63
89 10 7 9
89 10 7 69
89 10 7 100
89 10 7 43
89 10 7 7
89 10 7 77
89 10 7 102
89 10 7 54
89 10 7 4
89 10 7 71
89 10 7 100
89 10 7 76
89 10 8 9
89 10 8 68
89 10 8 97
89 10 8 84
89 10 8 2
89 10 8 72
89 10 8 98
89 10 8 98
89 10 8 9
89 10 8 82
89 10 8 104
89 10 8 24
89 10 8 5
89 10 8 58
89 10 8 96
89 10 8 13
89 10 8 10
89 10 8 52
89 10 8 105
89 10 8 38
89 10 9 5
89 10 9 60
89 10 9 92
89 10 9 35
89 10 9 5
89 10 9 58
89 10 9 89
89 10 9 106
89 10 9 7
89 10 9 75
89 10 9 107
89 10 9 80
89 10 9 4
89 10 9 84
89 10 9 105
89 10 9 53
89 10 9 2
89 10 9 48
89 10 9 103
89 10 9 44
89 10 10 9
89 10 10 54
89 10 10 108
89 10 10 69
89 10 10 4
89 10 10 87
89 10 10 94
89 10 10 5
89 10 10 10
89 10 10 66
89 10 10 108
89 10 10 45
89 10 10 8
89 10 10 81
89 10 10 107
89 10 10 73
89 10 10 7
89 10 10 81
89 10 10 100
89 10 10 40
89 10 11 5
89 10 11 52
89 10 11 89
89 10 11 25
89 10 11 9
89 10 11 46
89 10 11 99
89 10 11 47
89 10 11 2
89 10 11 61
89 10 11 96
89 10 11 97
89 10 11 1
89 10 11 44
89 10 11 91
89 10 11 92
89 10 11 6
89 10 11 44
89 10 11 98
89 10 11 15
89 10 12 10
89 10 12 63
89 10 12 96
89 10 12 83
89 10 12 6
89 10 12 73
89 10 12 102
89 10 12 65
89 10 12 2
89 10 12 64
89 10 12 108
89 10 12 22
89 10 12 1
89 10 12 85
89 10 12 104
89 10 12 30
89 10 12 7
89 10 12 87
89 10 12 100
89 10 12 1
89 10 13 9
89 10 13 69
89 10 13 90
89 10 13 28
89 10 13 1
89 10 13 84
89 10 13 104
89 10 13 76
89 10 13 3
89 10 13 85
89 10 13 98
89 10 13 13
89 10 13 8
89 10 13 79
89 10 13 89
89 10 13 11
89 10 13 10
89 10 13 46
89 10 13 99
89 10 13 69
89 10 14 5
89 10 14 56
89 10 14 99
89 10 14 63
89 10 14 3
89 10 14 55
89 10 14 102
89 10 14 99
89 10 14 4
89 10 14 82
89 10 14 104
89 10 14 69
89 10 14 6
89 10 14 86
89 10 14 98
89 10 14 94
89 10 14 5
89 10 14 89
89 10 14 107
89 10 14 78
89 11 1 3
89 11 1 75
89 11 1 93
89 11 1 16
89 11 1 4
89 11 1 62
89 11 1 107
89 11 1 42
89 11 1 8
89 11 1 60
89 11 1 102
89 11 1 22
89 11 1 9
89 11 1 87
89 11 1 97
89 11 1 32
89 11 1 3
89 11 1 67
89 11 1 98
89 11 1 100
89 11 2 2
89 11 2 85
89 11 2 108
89 11 2 105
89 11 2 3
89 11 2 71
89 11 2 93
89 11 2 64
89 11 2 1
89 11 2 69
89 11 2 94
89 11 2 59
89 11 2 4
89 11 2 75
89 11 2 105
89 11 2 68
89 11 2 10
89 11 2 70
89 11 2 94
89 11 2 102
89 11 3 2
89 11 3 76
89 11 3 89
89 11 3 69
89 11 3 10
89 11 3 70
89 11 3 89
89 11 3 104
89 11 3 10
89 11 3 81
89 11 3 96
89 11 3 104
89 11 3 6
89 11 3 72
89 11 3 96
89 11 3 15
89 11 3 8
89 11 3 63
89 11 3 97
89 11 3 50
89 11 4 1
89 11 4 75
89 11 4 89
89 11 4 102
89 11 4 7
89 11 4 46
89 11 4 90
89 11 4 2
89 11 4 6
89 11 4 88
89 11 4 92
89 11 4 16
89 11 4 8
89 11 4 81
89 11 4 97
89 11 4 85
89 11 4 4
89 11 4 84
89 11 4 89
89 11 4 56
89 11 5 9
89 11 5 84
89 11 5 99
89 11 5 68
89 11 5 1
89 11 5 71
89 11 5 89
89 11 5 75
89 11 5 4
89 11 5 52
89 11 5 96
89 11 5 13
89 11 5 5
89 11 5 50
89 11 5 100
89 11 5 49
89 11 5 1
89 11 5 53
89 11 5 89
89 11 5 16
89 11 6 7
89 11 6 45
89 11 6 90
89 11 6 44
89 11 6 5
89 11 6 79
89 11 6 107
89 11 6 6
89 11 6 5
89 11 6 75
89 11 6 95
89 11 6 54
89 11 6 9
89 11 6 44
89 11 6 95
89 11 6 104
89 11 6 9
89 11 6 72
89 11 6 102
89 11 6 28
89 11 7 5
89 11 7 45
89 11 7 108
89 11 7 49
89 11 7 1
89 11 7 72
89 11 7 89
89 11 7 108
89 11 7 7
89 11 7 82
89 11 7 105
89 11 7 30
89 11 7 9
89 11 7 84
89 11 7 107
89 11 7 49
89 11 7 6
89 11 7 61
89 11 7 89
89 11 7 70
89 11 8 5
89 11 8 68
89 11 8 104
89 11 8 102
89 11 8 9
89 11 8 83
89 11 8 93
89 11 8 38
89 11 8 8
89 11 8 76
89 11 8 92
89 11 8 89
89 11 8 4
89 11 8 61
89 11 8 104
89 11 8 3
89 11 8 4
89 11 8 56
89 11 8 102
89 11 8 52
89 11 9 10
89 11 9 80
89 11 9 107
89 11 9 79
89 11 9 1
89 11 9 69
89 11 9 106
89 11 9 25
89 11 9 2
89 11 9 49
89 11 9 102
89 11 9 82
89 11 9 5
89 11 9 80
89 11 9 97
89 11 9 79
89 11 9 6
89 11 9 83
89 11 9 107
89 11 9 107
89 11 10 9
89 11 10 51
89 11 10 98
89 11 10 14
89 11 10 10
89 11 10 78
89 11 10 89
89 11 10 105
89 11 10 1
89 11 10 74
89 11 10 89
89 11 10 31
89 11 10 8
89 11 10 62
89 11 10 95
89 11 10 19
89 11 10 6
89 11 10 73
89 11 10 101
89 11 10 42
89 11 11 9
89 11 11 82
89 11 11 95
89 11 11 78
89 11 11 7
89 11 11 88
89 11 11 90
89 11 11 72
89 11 11 4
89 11 11 66
89 11 11 100
89 11 11 90
89 11 11 5
89 11 11 56
89 11 11 106
89 11 11 84
89 11 11 7
89 11 11 45
89 11 11 102
89 11 11 77
89 11 12 8
89 11 12 47
89 11 12 96
89 11 12 67
89 11 12 9
89 11 12 89
89 11 12 94
89 11 12 63
89 11 12 7
89 11 12 72
89 11 12 89
89 11 12 61
89 11 12 10
89 11 12 59
89 11 12 90
89 11 12 62
89 11 12 5
89 11 12 50
89 11 12 96
89 11 12 96
89 11 13 5
89 11 13 55
89 11 13 108
89 11 13 62
89 11 13 3
89 11 13 53
89 11 13 99
89 11 13 20
89 11 13 5
89 11 13 71
89 11 13 100
89 11 13 33
89 11 13 2
89 11 13 51
89 11 13 97
89 11 13 41
89 11 13 9
89 11 13 57
89 11 13 104
89 11 13 14
89 11 14 6
89 11 14 58
89 11 14 99
89 11 14 2
89 11 14 10
89 11 14 55
89 11 14 95
89 11 14 28
89 11 14 7
89 11 14 50
89 11 14 92
89 11 14 28
89 11 14 8
89 11 14 54
89 11 14 96
89 11 14 2
89 11 14 5
89 11 14 57
89 11 14 97
89 11 14 62
89 12 1 8
89 12 1 83
89 12 1 102
89 12 1 37
89 12 1 4
89 12 1 81
89 12 1 108
89 12 1 26
89 12 1 3
89 12 1 67
89 12 1 94
89 12 1 26
89 12 1 8
89 12 1 67
89 12 1 102
89 12 1 12
89 12 1 9
89 12 1 86
89 12 1 108
89 12 1 9
89 12 2 7
89 12 2 70
89 12 2 101
89 12 2 107
89 12 2 4
89 12 2 82
89 12 2 105
89 12 2 20
89 12 2 1
89 12 2 72
89 12 2 93
89 12 2 88
89 12 2 10
89 12 2 63
89 12 2 100
89 12 2 13
89 12 2 8
89 12 2 60
89 12 2 103
89 12 2 17
89 12 3 6
89 12 3 50
89 12 3 106
89 12 3 11
89 12 3 1
89 12 3 54
89 12 3 93
89 12 3 76
89 12 3 2
89 12 3 60
89 12 3 89
89 12 3 80
89 12 3 6
89 12 3 59
89 12 3 97
89 12 3 80
89 12 3 7
89 12 3 87
89 12 3 96
89 12 3 51
89 12 4 2
89 12 4 53
89 12 4 92
89 12 4 108
89 12 4 6
89 12 4 82
89 12 4 96
89 12 4 76
89 12 4 7
89 12 4 52
89 12 4 101
89 12 4 90
89 12 4 4
89 12 4 74
89 12 4 90
89 12 4 11
89 12 4 6
89 12 4 45
89 12 4 108
89 12 4 32
89 12 5 1
89 12 5 60
89 12 5 99
89 12 5 75
89 12 5 7
89 12 5 50
89 12 5 100
89 12 5 74
89 12 5 5
89 12 5 78
89 12 5 98
89 12 5 84
89 12 5 3
89 12 5 50
89 12 5 98
89 12 5 62
89 12 5 1
89 12 5 50
89 12 5 98
89 12 5 96
89 12 6 10
89 12 6 54
89 12 6 107
89 12 6 36
89 12 6 4
89 12 6 47
89 12 6 91
89 12 6 4
89 12 6 9
89 12 6 75
89 12 6 103
89 12 6 99
89 12 6 8
89 12 6 59
89 12 6 92
89 12 6 56
89 12 6 10
89 12 6 86
89 12 6 90
89 12 6 40
89 12 7 6
89 12 7 81
89 12 7 101
89 12 7 76
89 12 7 1
89 12 7 61
89 12 7 103
89 12 7 27
89 12 7 1
89 12 7 57
89 12 7 100
89 12 7 63
89 12 7 2
89 12 7 72
89 12 7 92
89 12 7 89
89 12 7 9
89 12 7 62
89 12 7 94
89 12 7 20
89 12 8 8
89 12 8 62
89 12 8 94
89 12 8 53
89 12 8 10
89 12 8 47
89 12 8 92
89 12 8 19
89 12 8 4
89 12 8 48
89 12 8 96
89 12 8 35
89 12 8 1
89 12 8 61
89 12 8 90
89 12 8 104
89 12 8 3
89 12 8 56
89 12 8 101
89 12 8 6
89 12 9 8
89 12 9 76
89 12 9 98
89 12 9 7
89 12 9 3
89 12 9 54
89 12 9 108
89 12 9 19
89 12 9 1
89 12 9 64
89 12 9 93
89 12 9 56
89 12 9 1
89 12 9 48
89 12 9 100
89 12 9 60
89 12 9 2
89 12 9 72
89 12 9 104
89 12 9 15
89 12 10 7
89 12 10 67
89 12 10 101
89 12 10 2
89 12 10 10
89 12 10 60
89 12 10 90
89 12 10 3
89 12 10 6
89 12 10 45
89 12 10 102
89 12 10 31
89 12 10 5
89 12 10 77
89 12 10 90
89 12 10 104
89 12 10 9
89 12 10 83
89 12 10 103
89 12 10 79
89 12 11 7
89 12 11 54
89 12 11 98
89 12 11 56
89 12 11 2
89 12 11 53
89 12 11 103
89 12 11 92
89 12 11 1
89 12 11 72
89 12 11 93
89 12 11 59
89 12 11 6
89 12 11 61
89 12 11 89
89 12 11 7
89 12 11 10
89 12 11 75
89 12 11 96
89 12 11 103
89 12 12 9
89 12 12 89
89 12 12 91
89 12 12 31
89 12 12 3
89 12 12 46
89 12 12 105
89 12 12 86
89 12 12 2
89 12 12 50
89 12 12 107
89 12 12 18
89 12 12 9
89 12 12 81
89 12 12 95
89 12 12 26
89 12 12 2
89 12 12 58
89 12 12 103
89 12 12 6
89 12 13 10
89 12 13 60
89 12 13 103
89 12 13 14
89 12 13 8
89 12 13 79
89 12 13 106
89 12 13 5
89 12 13 10
89 12 13 67
89 12 13 95
89 12 13 91
89 12 13 3
89 12 13 80
89 12 13 102
89 12 13 81
89 12 13 6
89 12 13 44
89 12 13 108
89 12 13 98
89 12 14 5
89 12 14 71
89 12 14 91
89 12 14 21
89 12 14 4
89 12 14 83
89 12 14 93
89 12 14 107
89 12 14 3
89 12 14 60
89 12 14 106
89 12 14 3
89 12 14 9
89 12 14 64
89 12 14 106
89 12 14 7
89 12 14 3
89 12 14 46
89 12 14 90
89 12 14 28
89 13 1 2
89 13 1 74
89 13 1 96
89 13 1 4
89 13 1 9
89 13 1 64
89 13 1 89
89 13 1 27
89 13 1 6
89 13 1 50
89 13 1 104
89 13 1 8
89 13 1 8
89 13 1 64
89 13 1 101
89 13 1 83
89 13 1 8
89 13 1 79
89 13 1 90
89 13 1 22
89 13 2 8
89 13 2 57
89 13 2 98
89 13 2 72
89 13 2 8
89 13 2 74
89 13 2 103
89 13 2 72
89 13 2 8
89 13 2 61
89 13 2 95
89 13 2 86
89 13 2 5
89 13 2 52
89 13 2 89
89 13 2 69
89 13 2 1
89 13 2 47
89 13 2 94
89 13 2 88
89 13 3 2
89 13 3 58
89 13 3 104
89 13 3 22
89 13 3 6
89 13 3 48
89 13 3 96
89 13 3 81
89 13 3 10
89 13 3 73
89 13 3 91
89 13 3 70
89 13 3 8
89 13 3 45
89 13 3 100
89 13 3 19
89 13 3 8
89 13 3 66
89 13 3 102
89 13 3 14
89 13 4 6
89 13 4 66
89 13 4 91
89 13 4 28
89 13 4 2
89 13 4 49
89 13 4 106
89 13 4 72
89 13 4 2
89 13 4 45
89 13 4 97
89 13 4 59
89 13 4 9
89 13 4 52
89 13 4 102
89 13 4 102
89 13 4 5
89 13 4 85
89 13 4 97
89 13 4 69
89 13 5 6
89 13 5 72
89 13 5 101
89 13 5 66
89 13 5 2
89 13 5 74
89 13 5 103
89 13 5 33
89 13 5 10
89 13 5 50
89 13 5 98
89 13 5 39
89 13 5 9
89 13 5 78
89 13 5 98
89 13 5 21
89 13 5 2
89 13 5 74
89 13 5 103
89 13 5 59
89 13 6 1
89 13 6 59
89 13 6 107
89 13 6 13
89 13 6 8
89 13 6 69
89 13 6 94
89 13 6 51
89 13 6 8
89 13 6 80
89 13 6 108
89 13 6 84
89 13 6 5
89 13 6 83
89 13 6 97
89 13 6 82
89 13 6 2
89 13 6 61
89 13 6 107
89 13 6 68
89 13 7 8
89 13 7 70
89 13 7 105
89 13 7 65
89 13 7 1
89 13 7 67
89 13 7 101
89 13 7 63
89 13 7 3
89 13 7 48
89 13 7 106
89 13 7 61
89 13 7 4
89 13 7 56
89 13 7 101
89 13 7 46
89 13 7 4
89 13 7 45
89 13 7 97
89 13 7 54
89 13 8 10
89 13 8 79
89 13 8 99
89 13 8 75
89 13 8 5
89 13 8 89
89 13 8 104
89 13 8 82
89 13 8 4
89 13 8 62
89 13 8 89
89 13 8 43
89 13 8 7
89 13 8 47
89 13 8 94
89 13 8 88
89 13 8 7
89 13 8 74
89 13 8 94
89 13 8 32
89 13 9 1
89 13 9 65
89 13 9 98
89 13 9 28
89 13 9 7
89 13 9 63
89 13 9 100
89 13 9 68
89 13 9 2
89 13 9 60
89 13 9 103
89 13 9 14
89 13 9 8
89 13 9 46
89 13 9 92
89 13 9 95
89 13 9 2
89 13 9 52
89 13 9 92
89 13 9 61
89 13 10 2
89 13 10 46
89 13 10 105
89 13 10 100
89 13 10 5
89 13 10 86
89 13 10 93
89 13 10 19
89 13 10 4
89 13 10 58
89 13 10 96
89 13 10 1
89 13 10 9
89 13 10 57
89 13 10 108
89 13 10 82
89 13 10 8
89 13 10 70
89 13 10 98
89 13 10 104
89 13 11 6
89 13 11 76
89 13 11 108
89 13 11 27
89 13 11 5
89 13 11 76
89 13 11 101
89 13 11 41
89 13 11 10
89 13 11 80
89 13 11 91
89 13 11 31
89 13 11 10
89 13 11 62
89 13 11 101
89 13 11 66
89 13 11 6
89 13 11 75
89 13 11 95
89 13 11 88
89 13 12 1
89 13 12 65
89 13 12 90
89 13 12 40
89 13 12 7
89 13 12 68
89 13 12 93
89 13 12 101
89 13 12 3
89 13 12 63
89 13 12 99
89 13 12 74
89 13 12 3
89 13 12 62
89 13 12 95
89 13 12 14
89 13 12 7
89 13 12 61
89 13 12 106
89 13 12 38
89 13 13 7
89 13 13 86
89 13 13 106
89 13 13 70
89 13 13 9
89 13 13 78
89 13 13 90
89 13 13 30
89 13 13 10
89 13 13 56
89 13 13 108
89 13 13 15
89 13 13 10
89 13 13 79
89 13 13 91
89 13 13 38
89 13 13 10
89 13 13 53
89 13 13 106
89 13 13 52
89 13 14 3
89 13 14 75
89 13 14 106
89 13 14 54
89 13 14 7
89 13 14 54
89 13 14 100
89 13 14 33
89 13 14 10
89 13 14 78
89 13 14 91
89 13 14 75
89 13 14 4
89 13 14 52
89 13 14 105
89 13 14 105
89 13 14 9
89 13 14 54
89 13 14 105
89 13 14 11
89 14 1 7
89 14 1 71
89 14 1 98
89 14 1 66
89 14 1 5
89 14 1 85
89 14 1 107
89 14 1 76
89 14 1 9
89 14 1 69
89 14 1 93
89 14 1 50
89 14 1 4
89 14 1 55
89 14 1 101
89 14 1 28
89 14 1 7
89 14 1 68
89 14 1 103
89 14 1 43
89 14 2 9
89 14 2 73
89 14 2 102
89 14 2 96
89 14 2 1
89 14 2 87
89 14 2 107
89 14 2 11
89 14 2 10
89 14 2 82
89 14 2 93
89 14 2 86
89 14 2 1
89 14 2 88
89 14 2 93
89 14 2 34
89 14 2 2
89 14 2 81
89 14 2 93
89 14 2 101
89 14 3 3
89 14 3 72
89 14 3 93
89 14 3 61
89 14 3 6
89 14 3 46
89 14 3 105
89 14 3 81
89 14 3 6
89 14 3 62
89 14 3 97
89 14 3 27
89 14 3 5
89 14 3 64
89 14 3 108
89 14 3 19
89 14 3 1
89 14 3 60
89 14 3 100
89 14 3 24
89 14 4 7
89 14 4 87
89 14 4 93
89 14 4 38
89 14 4 1
89 14 4 47
89 14 4 105
89 14 4 91
89 14 4 6
89 14 4 81
89 14 4 95
89 14 4 13
89 14 4 1
89 14 4 64
89 14 4 93
89 14 4 7
89 14 4 6
89 14 4 59
89 14 4 94
89 14 4 8
89 14 5 6
89 14 5 68
89 14 5 99
89 14 5 90
89 14 5 9
89 14 5 62
89 14 5 97
89 14 5 63
89 14 5 5
89 14 5 75
89 14 5 108
89 14 5 55
89 14 5 6
89 14 5 81
89 14 5 106
89 14 5 57
89 14 5 4
89 14 5 76
89 14 5 90
89 14 5 6
89 14 6 4
89 14 6 62
89 14 6 104
89 14 6 85
89 14 6 9
89 14 6 50
89 14 6 90
89 14 6 28
89 14 6 8
89 14 6 86
89 14 6 92
89 14 6 27
89 14 6 1
89 14 6 85
89 14 6 107
89 14 6 79
89 14 6 9
89 14 6 45
89 14 6 104
89 14 6 48
89 14 7 8
89 14 7 59
89 14 7 96
89 14 7 10
89 14 7 1
89 14 7 57
89 14 7 98
89 14 7 66
89 14 7 4
89 14 7 73
89 14 7 106
89 14 7 33
89 14 7 1
89 14 7 68
89 14 7 91
89 14 7 85
89 14 7 4
89 14 7 66
89 14 7 93
89 14 7 10
89 14 8 7
89 14 8 51
89 14 8 101
89 14 8 22
89 14 8 5
89 14 8 72
89 14 8 92
89 14 8 52
89 14 8 1
89 14 8 61
89 14 8 97
89 14 8 59
89 14 8 4
89 14 8 61
89 14 8 95
89 14 8 58
89 14 8 7
89 14 8 80
89 14 8 92
89 14 8 44
89 14 9 7
89 14 9 58
89 14 9 106
89 14 9 59
89 14 9 7
89 14 9 88
89 14 9 98
89 14 9 22
89 14 9 9
89 14 9 69
89 14 9 98
89 14 9 62
89 14 9 4
89 14 9 51
89 14 9 89
89 14 9 88
89 14 9 4
89 14 9 87
89 14 9 104
89 14 9 22
89 14 10 8
89 14 10 79
89 14 10 95
89 14 10 77
89 14 10 7
89 14 10 56
89 14 10 100
89 14 10 11
89 14 10 1
89 14 10 76
89 14 10 102
89 14 10 96
89 14 10 5
89 14 10 78
89 14 10 103
89 14 10 69
89 14 10 9
89 14 10 52
89 14 10 104
89 14 10 24
89 14 11 7
89 14 11 45
89 14 11 99
89 14 11 27
89 14 11 1
89 14 11 63
89 14 11 94
89 14 11 73
89 14 11 8
89 14 11 82
89 14 11 108
89 14 11 99
89 14 11 2
89 14 11 72
89 14 11 102
89 14 11 15
89 14 11 8
89 14 11 75
89 14 11 98
89 14 11 68
89 14 12 7
89 14 12 58
89 14 12 91
89 14 12 65
89 14 12 8
89 14 12 78
89 14 12 91
89 14 12 59
89 14 12 5
89 14 12 72
89 14 12 100
89 14 12 77
89 14 12 8
89 14 12 70
89 14 12 98
89 14 12 18
89 14 12 1
89 14 12 73
89 14 12 103
89 14 12 23
89 14 13 8
89 14 13 76
89 14 13 89
89 14 13 33
89 14 13 7
89 14 13 78
89 14 13 94
89 14 13 17
89 14 13 4
89 14 13 66
89 14 13 91
89 14 13 32
89 14 13 7
89 14 13 70
89 14 13 106
89 14 13 92
89 14 13 8
89 14 13 89
89 14 13 98
89 14 13 59
89 14 14 3
89 14 14 74
89 14 14 105
89 14 14 61
89 14 14 9
89 14 14 45
89 14 14 92
89 14 14 6
89 14 14 10
89 14 14 84
89 14 14 107
89 14 14 25
89 14 14 10
89 14 14 83
89 14 14 108
89 14 14 82
89 14 14 8
89 14 14 69
89 14 14 94
89 14 14 59
97 1 1 10
97 1 1 65
97 1 1 112
97 1 1 6
97 1 1 1
97 1 1 48
97 1 1 110
97 1 1 16
97 1 1 10
97 1 1 79
97 1 1 115
97 1 1 101
97 1 1 1
97 1 1 91
97 1 1 106
97 1 1 102
97 1 1 4
97 1 1 66
97 1 1 98
97 1 1 34
97 1 2 10
97 1 2 69
97 1 2 101
97 1 2 29
97 1 2 4
97 1 2 73
97 1 2 101
97 1 2 56
97 1 2 4
97 1 2 87
97 1 2 113
97 1 2 80
97 1 2 9
97 1 2 70
97 1 2 115
97 1 2 54
97 1 2 3
97 1 2 53
97 1 2 101
97 1 2 104
97 1 3 1
97 1 3 92
97 1 3 113
97 1 3 46
97 1 3 3
97 1 3 63
97 1 3 111
97 1 3 20
97 1 3 2
97 1 3 56
97 1 3 102
97 1 3 50
97 1 3 9
97 1 3 93
97 1 3 110
97 1 3 20
97 1 3 9
97 1 3 75
97 1 3 114
97 1 3 78
97 1 4 10
97 1 4 63
97 1 4 111
97 1 4 8
97 1 4 6
97 1 4 90
97 1 4 108
97 1 4 80
97 1 4 3
97 1 4 86
97 1 4 113
97 1 4 113
97 1 4 8
97 1 4 64
97 1 4 111
97 1 4 112
97 1 4 3
97 1 4 63
97 1 4 108
97 1 4 63
97 1 5 6
97 1 5 74
97 1 5 115
97 1 5 82
97 1 5 5
97 1 5 67
97 1 5 109
97 1 5 97
97 1 5 9
97 1 5 73
97 1 5 106
97 1 5 64
97 1 5 9
97 1 5 96
97 1 5 106
97 1 5 82
97 1 5 5
97 1 5 72
97 1 5 102
97 1 5 49
97 1 6 3
97 1 6 71
97 1 6 100
97 1 6 22
97 1 6 5
97 1 6 96
97 1 6 108
97 1 6 106
97 1 6 7
97 1 6 71
97 1 6 105
97 1 6 89
97 1 6 6
97 1 6 66
97 1 6 110
97 1 6 24
97 1 6 6
97 1 6 64
97 1 6 111
97 1 6 35
97 1 7 6
97 1 7 63
97 1 7 99
97 1 7 87
97 1 7 7
97 1 7 89
97 1 7 99
97 1 7 33
97 1 7 5
97 1 7 66
97 1 7 103
97 1 7 2
97 1 7 1
97 1 7 51
97 1 7 114
97 1 7 56
97 1 7 6
97 1 7 50
97 1 7 111
97 1 7 28
97 1 8 10
97 1 8 58
97 1 8 112
97 1 8 65
97 1 8 9
97 1 8 61
97 1 8 110
97 1 8 55
97 1 8 8
97 1 8 66
97 1 8 111
97 1 8 11
97 1 8 5
97 1 8 78
97 1 8 116
97 1 8 58
97 1 8 4
97 1 8 78
97 1 8 101
97 1 8 93
97 1 9 4
97 1 9 87
97 1 9 105
97 1 9 38
97 1 9 1
97 1 9 73
97 1 9 97
97 1 9 71
97 1 9 5
97 1 9 66
97 1 9 99
97 1 9 50
97 1 9 1
97 1 9 93
97 1 9 99
97 1 9 68
97 1 9 10
97 1 9 67
97 1 9 108
97 1 9 45
97 1 10 7
97 1 10 96
97 1 10 105
97 1 10 17
97 1 10 7
97 1 10 94
97 1 10 100
97 1 10 82
97 1 10 8
97 1 10 92
97 1 10 107
97 1 10 46
97 1 10 6
97 1 10 70
97 1 10 112
97 1 10 39
97 1 10 7
97 1 10 69
97 1 10 116
97 1 10 4
97 1 11 3
97 1 11 80
97 1 11 112
97 1 11 35
97 1 11 6
97 1 11 83
97 1 11 100
97 1 11 48
97 1 11 5
97 1 11 70
97 1 11 106
97 1 11 61
97 1 11 1
97 1 11 96
97 1 11 111
97 1 11 28
97 1 11 1
97 1 11 83
97 1 11 115
97 1 11 11
97 1 12 9
97 1 12 91
97 1 12 115
97 1 12 4
97 1 12 9
97 1 12 76
97 1 12 101
97 1 12 82
97 1 12 8
97 1 12 93
97 1 12 115
97 1 12 24
97 1 12 8
97 1 12 91
97 1 12 97
97 1 12 51
97 1 12 1
97 1 12 90
97 1 12 105
97 1 12 21
97 1 13 8
97 1 13 84
97 1 13 115
97 1 13 110
97 1 13 5
97 1 13 79
97 1 13 116
97 1 13 17
97 1 13 4
97 1 13 85
97 1 13 104
97 1 13 43
97 1 13 1
97 1 13 95
97 1 13 104
97 1 13 17
97 1 13 10
97 1 13 97
97 1 13 113
97 1 13 72
97 1 14 1
97 1 14 74
97 1 14 112
97 1 14 28
97 1 14 7
97 1 14 97
97 1 14 99
97 1 14 66
97 1 14 5
97 1 14 48
97 1 14 100
97 1 14 63
97 1 14 7
97 1 14 52
97 1 14 99
97 1 14 59
97 1 14 5
97 1 14 74
97 1 14 103
97 1 14 37
97 2 1 9
97 2 1 63
97 2 1 109
97 2 1 44
97 2 1 8
97 2 1 95
97 2 1 105
97 2 1 95
97 2 1 9
97 2 1 75
97 2 1 115
97 2 1 34
97 2 1 8
97 2 1 63
97 2 1 114
97 2 1 37
97 2 1 1
97 2 1 48
97 2 1 110
97 2 1 64
97 2 2 2
97 2 2 49
97 2 2 113
97 2 2 85
97 2 2 5
97 2 2 65
97 2 2 109
97 2 2 95
97 2 2 10
97 2 2 57
97 2 2 104
97 2 2 84
97 2 2 3
97 2 2 69
97 2 2 100
97 2 2 50
97 2 2 7
97 2 2 53
97 2 2 115
97 2 2 95
97 2 3 2
97 2 3 52
97 2 3 97
97 2 3 17
97 2 3 6
97 2 3 81
97 2 3 98
97 2 3 14
97 2 3 3
97 2 3 56
97 2 3 116
97 2 3 41
97 2 3 6
97 2 3 58
97 2 3 113
97 2 3 55
97 2 3 10
97 2 3 91
97 2 3 111
97 2 3 107
97 2 4 10
97 2 4 86
97 2 4 115
97 2 4 19
97 2 4 2
97 2 4 55
97 2 4 114
97 2 4 112
97 2 4 5
97 2 4 82
97 2 4 105
97 2 4 97
97 2 4 5
97 2 4 57
97 2 4 104
97 2 4 105
97 2 4 4
97 2 4 79
97 2 4 103
97 2 4 22
97 2 5 8
97 2 5 55
97 2 5 114
97 2 5 55
97 2 5 5
97 2 5 50
97 2 5 116
97 2 5 110
97 2 5 4
97 2 5 59
97 2 5 110
97 2 5 63
97 2 5 3
97 2 5 54
97 2 5 112
97 2 5 100
97 2 5 10
97 2 5 71
97 2 5 103
97 2 5 19
97 2 6 5
97 2 6 64
97 2 6 108
97 2 6 16
97 2 6 6
97 2 6 67
97 2 6 101
97 2 6 2
97 2 6 10
97 2 6 79
97 2 6 100
97 2 6 59
97 2 6 2
97 2 6 89
97 2 6 108
97 2 6 4
97 2 6 8
97 2 6 67
97 2 6 101
97 2 6 67
97 2 7 8
97 2 7 72
97 2 7 103
97 2 7 21
97 2 7 10
97 2 7 55
97 2 7 104
97 2 7 20
97 2 7 2
97 2 7 72
97 2 7 110
97 2 7 1
97 2 7 6
97 2 7 74
97 2 7 114
97 2 7 46
97 2 7 9
97 2 7 82
97 2 7 114
97 2 7 31
97 2 8 1
97 2 8 77
97 2 8 100
97 2 8 112
97 2 8 7
97 2 8 74
97 2 8 99
97 2 8 96
97 2 8 4
97 2 8 49
97 2 8 110
97 2 8 51
97 2 8 1
97 2 8 88
97 2 8 108
97 2 8 42
97 2 8 9
97 2 8 91
97 2 8 102
97 2 8 10
97 2 9 10
97 2 9 52
97 2 9 114
97 2 9 23
97 2 9 6
97 2 9 95
97 2 9 110
97 2 9 94
97 2 9 1
97 2 9 61
97 2 9 98
97 2 9 89
97 2 9 6
97 2 9 69
97 2 9 113
97 2 9 53
97 2 9 5
97 2 9 81
97 2 9 110
97 2 9 64
97 2 10 1
97 2 10 51
97 2 10 109
97 2 10 51
97 2 10 9
97 2 10 77
97 2 10 100
97 2 10 77
97 2 10 1
97 2 10 84
97 2 10 100
97 2 10 81
97 2 10 4
97 2 10 81
97 2 10 97
97 2 10 29
97 2 10 10
97 2 10 62
97 2 10 105
97 2 10 36
97 2 11 6
97 2 11 50
97 2 11 109
97 2 11 65
97 2 11 6
97 2 11 96
97 2 11 102
97 2 11 89
97 2 11 5
97 2 11 89
97 2 11 106
97 2 11 96
97 2 11 10
97 2 11 96
97 2 11 107
97 2 11 14
97 2 11 5
97 2 11 78
97 2 11 104
97 2 11 46
97 2 12 1
97 2 12 57
97 2 12 98
97 2 12 15
97 2 12 3
97 2 12 62
97 2 12 105
97 2 12 26
97 2 12 4
97 2 12 89
97 2 12 104
97 2 12 49
97 2 12 8
97 2 12 81
97 2 12 113
97 2 12 29
97 2 12 9
97 2 12 54
97 2 12 101
97 2 12 27
97 2 13 7
97 2 13 76
97 2 13 108
97 2 13 7
97 2 13 7
97 2 13 86
97 2 13 97
97 2 13 103
97 2 13 6
97 2 13 58
97 2 13 100
97 2 13 19
97 2 13 9
97 2 13 61
97 2 13 107
97 2 13 27
97 2 13 7
97 2 13 90
97 2 13 108
97 2 13 41
97 2 14 2
97 2 14 82
97 2 14 109
97 2 14 83
97 2 14 9
97 2 14 64
97 2 14 107
97 2 14 22
97 2 14 3
97 2 14 51
97 2 14 102
97 2 14 8
97 2 14 5
97 2 14 72
97 2 14 112
97 2 14 116
97 2 14 6
97 2 14 50
97 2 14 113
97 2 14 39
97 3 1 9
97 3 1 95
97 3 1 104
97 3 1 85
97 3 1 10
97 3 1 57
97 3 1 116
97 3 1 108
97 3 1 8
97 3 1 79
97 3 1 105
97 3 1 100
97 3 1 7
97 3 1 86
97 3 1 115
97 3 1 78
97 3 1 9
97 3 1 79
97 3 1 101
97 3 1 43
97 3 2 2
97 3 2 94
97 3 2 100
97 3 2 95
97 3 2 9
97 3 2 73
97 3 2 111
97 3 2 28
97 3 2 6
97 3 2 70
97 3 2 103
97 3 2 29
97 3 2 3
97 3 2 97
97 3 2 114
97 3 2 1
97 3 2 8
97 3 2 80
97 3 2 97
97 3 2 23
97 3 3 3
97 3 3 57
97 3 3 116
97 3 3 10
97 3 3 8
97 3 3 60
97 3 3 103
97 3 3 57
97 3 3 2
97 3 3 94
97 3 3 99
97 3 3 112
97 3 3 6
97 3 3 90
97 3 3 98
97 3 3 3
97 3 3 1
97 3 3 80
97 3 3 115
97 3 3 5
97 3 4 7
97 3 4 62
97 3 4 97
97 3 4 53
97 3 4 1
97 3 4 88
97 3 4 103
97 3 4 65
97 3 4 3
97 3 4 69
97 3 4 110
97 3 4 94
97 3 4 7
97 3 4 92
97 3 4 101
97 3 4 92
97 3 4 3
97 3 4 97
97 3 4 110
97 3 4 34
97 3 5 7
97 3 5 52
97 3 5 110
97 3 5 17
97 3 5 9
97 3 5 92
97 3 5 115
97 3 5 111
97 3 5 9
97 3 5 67
97 3 5 106
97 3 5 103
97 3 5 7
97 3 5 62
97 3 5 110
97 3 5 55
97 3 5 4
97 3 5 90
97 3 5 107
97 3 5 24
97 3 6 1
97 3 6 78
97 3 6 116
97 3 6 36
97 3 6 5
97 3 6 89
97 3 6 102
97 3 6 103
97 3 6 3
97 3 6 53
97 3 6 110
97 3 6 3
97 3 6 8
97 3 6 95
97 3 6 103
97 3 6 34
97 3 6 4
97 3 6 87
97 3 6 106
97 3 6 59
97 3 7 10
97 3 7 81
97 3 7 109
97 3 7 114
97 3 7 6
97 3 7 75
97 3 7 100
97 3 7 30
97 3 7 2
97 3 7 69
97 3 7 116
97 3 7 86
97 3 7 4
97 3 7 70
97 3 7 103
97 3 7 98
97 3 7 3
97 3 7 78
97 3 7 108
97 3 7 30
97 3 8 8
97 3 8 65
97 3 8 114
97 3 8 25
97 3 8 7
97 3 8 78
97 3 8 106
97 3 8 41
97 3 8 2
97 3 8 70
97 3 8 101
97 3 8 88
97 3 8 4
97 3 8 51
97 3 8 112
97 3 8 82
97 3 8 7
97 3 8 93
97 3 8 108
97 3 8 74
97 3 9 10
97 3 9 77
97 3 9 103
97 3 9 2
97 3 9 2
97 3 9 70
97 3 9 110
97 3 9 110
97 3 9 1
97 3 9 96
97 3 9 110
97 3 9 86
97 3 9 9
97 3 9 78
97 3 9 103
97 3 9 97
97 3 9 7
97 3 9 71
97 3 9 113
97 3 9 36
97 3 10 6
97 3 10 97
97 3 10 114
97 3 10 36
97 3 10 9
97 3 10 81
97 3 10 105
97 3 10 106
97 3 10 10
97 3 10 52
97 3 10 113
97 3 10 112
97 3 10 5
97 3 10 71
97 3 10 109
97 3 10 23
97 3 10 2
97 3 10 88
97 3 10 111
97 3 10 6
97 3 11 3
97 3 11 59
97 3 11 114
97 3 11 100
97 3 11 9
97 3 11 86
97 3 11 105
97 3 11 83
97 3 11 2
97 3 11 91
97 3 11 116
97 3 11 94
97 3 11 10
97 3 11 81
97 3 11 114
97 3 11 6
97 3 11 10
97 3 11 81
97 3 11 109
97 3 11 63
97 3 12 5
97 3 12 90
97 3 12 109
97 3 12 79
97 3 12 5
97 3 12 73
97 3 12 114
97 3 12 79
97 3 12 4
97 3 12 96
97 3 12 99
97 3 12 85
97 3 12 2
97 3 12 95
97 3 12 110
97 3 12 15
97 3 12 7
97 3 12 89
97 3 12 110
97 3 12 61
97 3 13 9
97 3 13 83
97 3 13 107
97 3 13 115
97 3 13 7
97 3 13 72
97 3 13 109
97 3 13 56
97 3 13 4
97 3 13 73
97 3 13 100
97 3 13 15
97 3 13 5
97 3 13 80
97 3 13 108
97 3 13 15
97 3 13 4
97 3 13 53
97 3 13 103
97 3 13 33
97 3 14 1
97 3 14 73
97 3 14 102
97 3 14 30
97 3 14 8
97 3 14 51
97 3 14 111
97 3 14 71
97 3 14 10
97 3 14 63
97 3 14 105
97 3 14 6
97 3 14 7
97 3 14 97
97 3 14 110
97 3 14 16
97 3 14 7
97 3 14 61
97 3 14 103
97 3 14 96
97 4 1 5
97 4 1 91
97 4 1 113
97 4 1 69
97 4 1 8
97 4 1 94
97 4 1 111
97 4 1 92
97 4 1 10
97 4 1 72
97 4 1 98
97 4 1 15
97 4 1 8
97 4 1 55
97 4 1 98
97 4 1 61
97 4 1 1
97 4 1 76
97 4 1 100
97 4 1 67
97 4 2 10
97 4 2 87
97 4 2 101
97 4 2 48
97 4 2 9
97 4 2 83
97 4 2 108
97 4 2 110
97 4 2 1
97 4 2 93
97 4 2 104
97 4 2 77
97 4 2 10
97 4 2 88
97 4 2 99
97 4 2 50
97 4 2 4
97 4 2 49
97 4 2 107
97 4 2 60
97 4 3 8
97 4 3 81
97 4 3 110
97 4 3 3
97 4 3 1
97 4 3 88
97 4 3 111
97 4 3 55
97 4 3 5
97 4 3 84
97 4 3 111
97 4 3 52
97 4 3 8
97 4 3 85
97 4 3 98
97 4 3 106
97 4 3 3
97 4 3 64
97 4 3 100
97 4 3 53
97 4 4 3
97 4 4 78
97 4 4 97
97 4 4 113
97 4 4 2
97 4 4 77
97 4 4 99
97 4 4 98
97 4 4 10
97 4 4 70
97 4 4 116
97 4 4 82
97 4 4 9
97 4 4 62
97 4 4 109
97 4 4 95
97 4 4 4
97 4 4 83
97 4 4 110
97 4 4 95
97 4 5 8
97 4 5 73
97 4 5 98
97 4 5 54
97 4 5 5
97 4 5 81
97 4 5 104
97 4 5 69
97 4 5 10
97 4 5 83
97 4 5 106
97 4 5 12
97 4 5 9
97 4 5 61
97 4 5 109
97 4 5 77
97 4 5 8
97 4 5 94
97 4 5 99
97 4 5 98
97 4 6 9
97 4 6 65
97 4 6 111
97 4 6 43
97 4 6 7
97 4 6 93
97 4 6 100
97 4 6 9
97 4 6 7
97 4 6 89
97 4 6 109
97 4 6 73
97 4 6 7
97 4 6 97
97 4 6 106
97 4 6 6
97 4 6 10
97 4 6 96
97 4 6 116
97 4 6 78
97 4 7 8
97 4 7 97
97 4 7 110
97 4 7 84
97 4 7 3
97 4 7 97
97 4 7 114
97 4 7 110
97 4 7 8
97 4 7 51
97 4 7 112
97 4 7 11
97 4 7 2
97 4 7 79
97 4 7 101
97 4 7 108
97 4 7 4
97 4 7 61
97 4 7 102
97 4 7 26
97 4 8 4
97 4 8 87
97 4 8 101
97 4 8 26
97 4 8 5
97 4 8 66
97 4 8 111
97 4 8 9
97 4 8 7
97 4 8 88
97 4 8 113
97 4 8 106
97 4 8 4
97 4 8 75
97 4 8 112
97 4 8 87
97 4 8 7
97 4 8 52
97 4 8 100
97 4 8 30
97 4 9 6
97 4 9 52
97 4 9 102
97 4 9 61
97 4 9 5
97 4 9 51
97 4 9 101
97 4 9 48
97 4 9 3
97 4 9 89
97 4 9 110
97 4 9 110
97 4 9 4
97 4 9 88
97 4 9 97
97 4 9 109
97 4 9 7
97 4 9 94
97 4 9 108
97 4 9 7
97 4 10 10
97 4 10 54
97 4 10 104
97 4 10 88
97 4 10 2
97 4 10 54
97 4 10 104
97 4 10 107
97 4 10 5
97 4 10 55
97 4 10 104
97 4 10 73
97 4 10 5
97 4 10 85
97 4 10 112
97 4 10 87
97 4 10 1
97 4 10 83
97 4 10 99
97 4 10 17
97 4 11 9
97 4 11 73
97 4 11 108
97 4 11 44
97 4 11 8
97 4 11 79
97 4 11 114
97 4 11 48
97 4 11 5
97 4 11 58
97 4 11 106
97 4 11 34
97 4 11 2
97 4 11 80
97 4 11 112
97 4 11 51
97 4 11 2
97 4 11 58
97 4 11 104
97 4 11 109
97 4 12 1
97 4 12 50
97 4 12 113
97 4 12 38
97 4 12 6
97 4 12 54
97 4 12 100
97 4 12 26
97 4 12 8
97 4 12 54
97 4 12 113
97 4 12 9
97 4 12 5
97 4 12 56
97 4 12 111
97 4 12 74
97 4 12 10
97 4 12 86
97 4 12 105
97 4 12 64
97 4 13 2
97 4 13 81
97 4 13 112
97 4 13 51
97 4 13 3
97 4 13 73
97 4 13 108
97 4 13 80
97 4 13 2
97 4 13 84
97 4 13 105
97 4 13 30
97 4 13 5
97 4 13 75
97 4 13 103
97 4 13 87
97 4 13 9
97 4 13 87
97 4 13 105
97 4 13 52
97 4 14 8
97 4 14 64
97 4 14 101
97 4 14 25
97 4 14 8
97 4 14 91
97 4 14 113
97 4 14 40
97 4 14 7
97 4 14 91
97 4 14 102
97 4 14 40
97 4 14 6
97 4 14 50
97 4 14 111
97 4 14 12
97 4 14 9
97 4 14 48
97 4 14 116
97 4 14 17
97 5 1 2
97 5 1 73
97 5 1 110
97 5 1 53
97 5 1 6
97 5 1 96
97 5 1 116
97 5 1 9
97 5 1 9
97 5 1 56
97 5 1 102
97 5 1 86
97 5 1 6
97 5 1 58
97 5 1 114
97 5 1 34
97 5 1 2
97 5 1 79
97 5 1 102
97 5 1 16
97 5 2 8
97 5 2 67
97 5 2 101
97 5 2 24
97 5 2 3
97 5 2 96
97 5 2 114
97 5 2 28
97 5 2 5
97 5 2 96
97 5 2 113
97 5 2 102
97 5 2 7
97 5 2 50
97 5 2 108
97 5 2 73
97 5 2 3
97 5 2 54
97 5 2 107
97 5 2 85
97 5 3 6
97 5 3 83
97 5 3 101
97 5 3 74
97 5 3 10
97 5 3 84
97 5 3 98
97 5 3 104
97 5 3 7
97 5 3 90
97 5 3 112
97 5 3 19
97 5 3 3
97 5 3 56
97 5 3 105
97 5 3 14
97 5 3 10
97 5 3 68
97 5 3 108
97 5 3 96
97 5 4 8
97 5 4 61
97 5 4 104
97 5 4 44
97 5 4 7
97 5 4 77
97 5 4 114
97 5 4 110
97 5 4 1
97 5 4 80
97 5 4 97
97 5 4 37
97 5 4 4
97 5 4 59
97 5 4 105
97 5 4 82
97 5 4 2
97 5 4 72
97 5 4 112
97 5 4 71
97 5 5 2
97 5 5 66
97 5 5 115
97 5 5 12
97 5 5 5
97 5 5 95
97 5 5 97
97 5 5 109
97 5 5 1
97 5 5 52
97 5 5 104
97 5 5 58
97 5 5 3
97 5 5 48
97 5 5 109
97 5 5 52
97 5 5 2
97 5 5 60
97 5 5 97
97 5 5 82
97 5 6 1
97 5 6 48
97 5 6 106
97 5 6 66
97 5 6 6
97 5 6 65
97 5 6 109
97 5 6 73
97 5 6 6
97 5 6 64
97 5 6 114
97 5 6 90
97 5 6 3
97 5 6 54
97 5 6 102
97 5 6 92
97 5 6 7
97 5 6 92
97 5 6 114
97 5 6 95
97 5 7 7
97 5 7 62
97 5 7 101
97 5 7 82
97 5 7 3
97 5 7 71
97 5 7 110
97 5 7 97
97 5 7 6
97 5 7 93
97 5 7 105
97 5 7 56
97 5 7 4
97 5 7 96
97 5 7 105
97 5 7 84
97 5 7 4
97 5 7 77
97 5 7 106
97 5 7 94
97 5 8 7
97 5 8 91
97 5 8 98
97 5 8 2
97 5 8 7
97 5 8 52
97 5 8 104
97 5 8 114
97 5 8 5
97 5 8 57
97 5 8 104
97 5 8 96
97 5 8 9
97 5 8 85
97 5 8 102
97 5 8 59
97 5 8 8
97 5 8 70
97 5 8 110
97 5 8 33
97 5 9 7
97 5 9 71
97 5 9 111
97 5 9 5
97 5 9 6
97 5 9 82
97 5 9 107
97 5 9 51
97 5 9 6
97 5 9 75
97 5 9 114
97 5 9 4
97 5 9 9
97 5 9 97
97 5 9 100
97 5 9 85
97 5 9 5
97 5 9 69
97 5 9 114
97 5 9 96
97 5 10 1
97 5 10 59
97 5 10 111
97 5 10 3
97 5 10 3
97 5 10 66
97 5 10 116
97 5 10 21
97 5 10 4
97 5 10 88
97 5 10 102
97 5 10 59
97 5 10 10
97 5 10 55
97 5 10 105
97 5 10 104
97 5 10 4
97 5 10 55
97 5 10 104
97 5 10 44
97 5 11 10
97 5 11 85
97 5 11 109
97 5 11 38
97 5 11 2
97 5 11 94
97 5 11 106
97 5 11 72
97 5 11 5
97 5 11 96
97 5 11 111
97 5 11 31
97 5 11 1
97 5 11 78
97 5 11 109
97 5 11 53
97 5 11 3
97 5 11 59
97 5 11 104
97 5 11 78
97 5 12 2
97 5 12 53
97 5 12 97
97 5 12 61
97 5 12 2
97 5 12 92
97 5 12 106
97 5 12 72
97 5 12 3
97 5 12 70
97 5 12 103
97 5 12 44
97 5 12 5
97 5 12 48
97 5 12 97
97 5 12 65
97 5 12 3
97 5 12 70
97 5 12 113
97 5 12 49
97 5 13 10
97 5 13 87
97 5 13 99
97 5 13 1
97 5 13 4
97 5 13 95
97 5 13 99
97 5 13 97
97 5 13 1
97 5 13 78
97 5 13 111
97 5 13 73
97 5 13 7
97 5 13 89
97 5 13 109
97 5 13 34
97 5 13 9
97 5 13 48
97 5 13 113
97 5 13 111
97 5 14 8
97 5 14 56
97 5 14 104
97 5 14 18
97 5 14 9
97 5 14 71
97 5 14 109
97 5 14 30
97 5 14 7
97 5 14 57
97 5 14 110
97 5 14 94
97 5 14 2
97 5 14 59
97 5 14 101
97 5 14 26
97 5 14 10
97 5 14 70
97 5 14 111
97 5 14 114
97 6 1 6
97 6 1 63
97 6 1 109
97 6 1 68
97 6 1 3
97 6 1 67
97 6 1 103
97 6 1 11
97 6 1 7
97 6 1 95
97 6 1 114
97 6 1 88
97 6 1 4
97 6 1 59
97 6 1 97
97 6 1 88
97 6 1 7
97 6 1 94
97 6 1 106
97 6 1 45
97 6 2 2
97 6 2 77
97 6 2 101
97 6 2 83
97 6 2 2
97 6 2 48
97 6 2 102
97 6 2 39
97 6 2 7
97 6 2 62
97 6 2 101
97 6 2 99
97 6 2 4
97 6 2 79
97 6 2 103
97 6 2 73
97 6 2 3
97 6 2 57
97 6 2 102
97 6 2 12
97 6 3 8
97 6 3 61
97 6 3 114
97 6 3 99
97 6 3 8
97 6 3 72
97 6 3 114
97 6 3 42
97 6 3 5
97 6 3 63
97 6 3 113
97 6 3 8
97 6 3 2
97 6 3 78
97 6 3 104
97 6 3 4
97 6 3 3
97 6 3 80
97 6 3 108
97 6 3 110
97 6 4 4
97 6 4 58
97 6 4 114
97 6 4 100
97 6 4 5
97 6 4 59
97 6 4 116
97 6 4 66
97 6 4 6
97 6 4 64
97 6 4 111
97 6 4 36
97 6 4 7
97 6 4 55
97 6 4 107
97 6 4 83
97 6 4 6
97 6 4 50
97 6 4 99
97 6 4 89
97 6 5 4
97 6 5 65
97 6 5 114
97 6 5 111
97 6 5 9
97 6 5 97
97 6 5 109
97 6 5 27
97 6 5 6
97 6 5 81
97 6 5 112
97 6 5 81
97 6 5 3
97 6 5 83
97 6 5 106
97 6 5 86
97 6 5 8
97 6 5 81
97 6 5 97
97 6 5 10
97 6 6 8
97 6 6 70
97 6 6 110
97 6 6 56
97 6 6 7
97 6 6 87
97 6 6 108
97 6 6 79
97 6 6 1
97 6 6 80
97 6 6 97
97 6 6 81
97 6 6 4
97 6 6 74
97 6 6 112
97 6 6 87
97 6 6 1
97 6 6 80
97 6 6 102
97 6 6 54
97 6 7 1
97 6 7 84
97 6 7 106
97 6 7 83
97 6 7 5
97 6 7 92
97 6 7 103
97 6 7 110
97 6 7 8
97 6 7 87
97 6 7 100
97 6 7 68
97 6 7 6
97 6 7 58
97 6 7 103
97 6 7 114
97 6 7 9
97 6 7 93
97 6 7 97
97 6 7 25
97 6 8 7
97 6 8 56
97 6 8 102
97 6 8 53
97 6 8 10
97 6 8 65
97 6 8 101
97 6 8 42
97 6 8 1
97 6 8 59
97 6 8 105
97 6 8 90
97 6 8 10
97 6 8 79
97 6 8 102
97 6 8 29
97 6 8 9
97 6 8 52
97 6 8 112
97 6 8 105
97 6 9 7
97 6 9 51
97 6 9 116
97 6 9 71
97 6 9 5
97 6 9 81
97 6 9 102
97 6 9 48
97 6 9 7
97 6 9 65
97 6 9 107
97 6 9 84
97 6 9 3
97 6 9 94
97 6 9 111
97 6 9 60
97 6 9 2
97 6 9 79
97 6 9 99
97 6 9 93
97 6 10 8
97 6 10 50
97 6 10 106
97 6 10 20
97 6 10 6
97 6 10 97
97 6 10 97
97 6 10 88
97 6 10 6
97 6 10 89
97 6 10 112
97 6 10 60
97 6 10 5
97 6 10 91
97 6 10 108
97 6 10 21
97 6 10 2
97 6 10 48
97 6 10 105
97 6 10 80
97 6 11 3
97 6 11 83
97 6 11 100
97 6 11 62
97 6 11 2
97 6 11 81
97 6 11 109
97 6 11 76
97 6 11 10
97 6 11 81
97 6 11 106
97 6 11 40
97 6 11 2
97 6 11 68
97 6 11 100
97 6 11 32
97 6 11 7
97 6 11 48
97 6 11 103
97 6 11 106
97 6 12 6
97 6 12 51
97 6 12 97
97 6 12 21
97 6 12 1
97 6 12 64
97 6 12 98
97 6 12 72
97 6 12 8
97 6 12 54
97 6 12 106
97 6 12 36
97 6 12 2
97 6 12 67
97 6 12 108
97 6 12 27
97 6 12 9
97 6 12 94
97 6 12 109
97 6 12 110
97 6 13 3
97 6 13 92
97 6 13 105
97 6 13 35
97 6 13 1
97 6 13 57
97 6 13 106
97 6 13 1
97 6 13 6
97 6 13 89
97 6 13 100
97 6 13 92
97 6 13 9
97 6 13 49
97 6 13 115
97 6 13 34
97 6 13 7
97 6 13 77
97 6 13 114
97 6 13 50
97 6 14 7
97 6 14 72
97 6 14 116
97 6 14 69
97 6 14 6
97 6 14 70
97 6 14 103
97 6 14 29
97 6 14 9
97 6 14 92
97 6 14 106
97 6 14 63
97 6 14 2
97 6 14 51
97 6 14 115
97 6 14 41
97 6 14 6
97 6 14 64
97 6 14 100
97 6 14 113
97 7 1 3
97 7 1 58
97 7 1 97
97 7 1 44
97 7 1 6
97 7 1 91
97 7 1 113
97 7 1 40
97 7 1 10
97 7 1 85
97 7 1 104
97 7 1 30
97 7 1 2
97 7 1 91
97 7 1 108
97 7 1 35
97 7 1 3
97 7 1 72
97 7 1 106
97 7 1 31
97 7 2 10
97 7 2 77
97 7 2 115
97 7 2 74
97 7 2 5
97 7 2 94
97 7 2 109
97 7 2 2
97 7 2 8
97 7 2 85
97 7 2 110
97 7 2 83
97 7 2 7
97 7 2 63
97 7 2 105
97 7 2 13
97 7 2 4
97 7 2 75
97 7 2 113
97 7 2 104
97 7 3 4
97 7 3 95
97 7 3 115
97 7 3 110
97 7 3 2
97 7 3 53
97 7 3 115
97 7 3 18
97 7 3 10
97 7 3 97
97 7 3 97
97 7 3 5
97 7 3 1
97 7 3 48
97 7 3 99
97 7 3 105
97 7 3 8
97 7 3 50
97 7 3 111
97 7 3 13
97 7 4 6
97 7 4 62
97 7 4 97
97 7 4 101
97 7 4 8
97 7 4 79
97 7 4 110
97 7 4 15
97 7 4 4
97 7 4 51
97 7 4 116
97 7 4 1
97 7 4 2
97 7 4 88
97 7 4 110
97 7 4 102
97 7 4 2
97 7 4 70
97 7 4 112
97 7 4 65
97 7 5 2
97 7 5 56
97 7 5 114
97 7 5 90
97 7 5 6
97 7 5 50
97 7 5 112
97 7 5 91
97 7 5 6
97 7 5 75
97 7 5 99
97 7 5 106
97 7 5 7
97 7 5 96
97 7 5 100
97 7 5 89
97 7 5 8
97 7 5 83
97 7 5 107
97 7 5 40
97 7 6 7
97 7 6 61
97 7 6 113
97 7 6 13
97 7 6 4
97 7 6 51
97 7 6 98
97 7 6 71
97 7 6 5
97 7 6 87
97 7 6 114
97 7 6 61
97 7 6 5
97 7 6 55
97 7 6 98
97 7 6 13
97 7 6 10
97 7 6 82
97 7 6 111
97 7 6 96
97 7 7 4
97 7 7 76
97 7 7 112
97 7 7 102
97 7 7 7
97 7 7 81
97 7 7 97
97 7 7 100
97 7 7 7
97 7 7 84
97 7 7 107
97 7 7 90
97 7 7 3
97 7 7 73
97 7 7 114
97 7 7 74
97 7 7 5
97 7 7 86
97 7 7 100
97 7 7 50
97 7 8 10
97 7 8 57
97 7 8 103
97 7 8 92
97 7 8 2
97 7 8 93
97 7 8 109
97 7 8 23
97 7 8 10
97 7 8 50
97 7 8 116
97 7 8 87
97 7 8 2
97 7 8 79
97 7 8 97
97 7 8 85
97 7 8 9
97 7 8 53
97 7 8 102
97 7 8 55
97 7 9 10
97 7 9 54
97 7 9 113
97 7 9 77
97 7 9 8
97 7 9 64
97 7 9 106
97 7 9 51
97 7 9 8
97 7 9 48
97 7 9 102
97 7 9 73
97 7 9 5
97 7 9 89
97 7 9 101
97 7 9 71
97 7 9 9
97 7 9 57
97 7 9 114
97 7 9 61
97 7 10 9
97 7 10 59
97 7 10 106
97 7 10 57
97 7 10 4
97 7 10 53
97 7 10 110
97 7 10 10
97 7 10 2
97 7 10 95
97 7 10 109
97 7 10 69
97 7 10 1
97 7 10 52
97 7 10 104
97 7 10 9
97 7 10 2
97 7 10 49
97 7 10 98
97 7 10 63
97 7 11 5
97 7 11 59
97 7 11 97
97 7 11 94
97 7 11 3
97 7 11 61
97 7 11 113
97 7 11 75
97 7 11 8
97 7 11 57
97 7 11 106
97 7 11 21
97 7 11 10
97 7 11 78
97 7 11 116
97 7 11 14
97 7 11 10
97 7 11 53
97 7 11 102
97 7 11 101
97 7 12 1
97 7 12 71
97 7 12 109
97 7 12 49
97 7 12 10
97 7 12 48
97 7 12 114
97 7 12 102
97 7 12 3
97 7 12 62
97 7 12 112
97 7 12 102
97 7 12 8
97 7 12 69
97 7 12 98
97 7 12 95
97 7 12 1
97 7 12 52
97 7 12 104
97 7 12 35
97 7 13 6
97 7 13 97
97 7 13 105
97 7 13 94
97 7 13 6
97 7 13 58
97 7 13 102
97 7 13 11
97 7 13 9
97 7 13 53
97 7 13 110
97 7 13 35
97 7 13 10
97 7 13 70
97 7 13 106
97 7 13 98
97 7 13 3
97 7 13 57
97 7 13 108
97 7 13 72
97 7 14 3
97 7 14 51
97 7 14 108
97 7 14 28
97 7 14 10
97 7 14 68
97 7 14 109
97 7 14 58
97 7 14 1
97 7 14 65
97 7 14 98
97 7 14 17
97 7 14 6
97 7 14 77
97 7 14 106
97 7 14 92
97 7 14 6
97 7 14 57
97 7 14 109
97 7 14 79
97 8 1 10
97 8 1 77
97 8 1 105
97 8 1 5
97 8 1 4
97 8 1 94
97 8 1 101
97 8 1 3
97 8 1 4
97 8 1 86
97 8 1 112
97 8 1 37
97 8 1 10
97 8 1 81
97 8 1 97
97 8 1 104
97 8 1 2
97 8 1 93
97 8 1 99
97 8 1 2
97 8 2 5
97 8 2 51
97 8 2 110
97 8 2 72
97 8 2 9
97 8 2 57
97 8 2 108
97 8 2 9
97 8 2 8
97 8 2 88
97 8 2 108
97 8 2 42
97 8 2 7
97 8 2 67
97 8 2 114
97 8 2 39
97 8 2 1
97 8 2 92
97 8 2 112
97 8 2 5
97 8 3 2
97 8 3 85
97 8 3 105
97 8 3 52
97 8 3 8
97 8 3 55
97 8 3 98
97 8 3 84
97 8 3 3
97 8 3 50
97 8 3 104
97 8 3 87
97 8 3 2
97 8 3 48
97 8 3 112
97 8 3 16
97 8 3 5
97 8 3 57
97 8 3 111
97 8 3 72
97 8 4 8
97 8 4 57
97 8 4 116
97 8 4 44
97 8 4 5
97 8 4 72
97 8 4 105
97 8 4 31
97 8 4 7
97 8 4 66
97 8 4 101
97 8 4 35
97 8 4 10
97 8 4 70
97 8 4 116
97 8 4 74
97 8 4 8
97 8 4 61
97 8 4 115
97 8 4 52
97 8 5 6
97 8 5 61
97 8 5 110
97 8 5 102
97 8 5 3
97 8 5 49
97 8 5 111
97 8 5 18
97 8 5 3
97 8 5 90
97 8 5 100
97 8 5 21
97 8 5 3
97 8 5 61
97 8 5 116
97 8 5 28
97 8 5 9
97 8 5 79
97 8 5 105
97 8 5 67
97 8 6 2
97 8 6 53
97 8 6 97
97 8 6 46
97 8 6 10
97 8 6 55
97 8 6 116
97 8 6 29
97 8 6 5
97 8 6 62
97 8 6 110
97 8 6 89
97 8 6 10
97 8 6 75
97 8 6 115
97 8 6 45
97 8 6 8
97 8 6 74
97 8 6 114
97 8 6 64
97 8 7 2
97 8 7 50
97 8 7 108
97 8 7 93
97 8 7 4
97 8 7 94
97 8 7 114
97 8 7 28
97 8 7 5
97 8 7 60
97 8 7 106
97 8 7 31
97 8 7 5
97 8 7 95
97 8 7 116
97 8 7 13
97 8 7 4
97 8 7 67
97 8 7 111
97 8 7 111
97 8 8 3
97 8 8 97
97 8 8 106
97 8 8 78
97 8 8 2
97 8 8 60
97 8 8 107
97 8 8 2
97 8 8 8
97 8 8 53
97 8 8 103
97 8 8 37
97 8 8 10
97 8 8 56
97 8 8 109
97 8 8 78
97 8 8 5
97 8 8 84
97 8 8 115
97 8 8 35
97 8 9 9
97 8 9 60
97 8 9 112
97 8 9 68
97 8 9 2
97 8 9 50
97 8 9 105
97 8 9 71
97 8 9 9
97 8 9 77
97 8 9 101
97 8 9 16
97 8 9 9
97 8 9 73
97 8 9 104
97 8 9 44
97 8 9 3
97 8 9 95
97 8 9 102
97 8 9 50
97 8 10 2
97 8 10 81
97 8 10 110
97 8 10 45
97 8 10 1
97 8 10 93
97 8 10 99
97 8 10 51
97 8 10 9
97 8 10 80
97 8 10 112
97 8 10 54
97 8 10 3
97 8 10 84
97 8 10 116
97 8 10 74
97 8 10 5
97 8 10 91
97 8 10 111
97 8 10 104
97 8 11 8
97 8 11 84
97 8 11 106
97 8 11 80
97 8 11 2
97 8 11 61
97 8 11 109
97 8 11 30
97 8 11 6
97 8 11 55
97 8 11 114
97 8 11 67
97 8 11 6
97 8 11 58
97 8 11 102
97 8 11 104
97 8 11 4
97 8 11 70
97 8 11 112
97 8 11 13
97 8 12 7
97 8 12 65
97 8 12 111
97 8 12 113
97 8 12 6
97 8 12 72
97 8 12 98
97 8 12 90
97 8 12 1
97 8 12 85
97 8 12 104
97 8 12 82
97 8 12 3
97 8 12 53
97 8 12 101
97 8 12 88
97 8 12 8
97 8 12 91
97 8 12 100
97 8 12 96
97 8 13 6
97 8 13 77
97 8 13 112
97 8 13 98
97 8 13 4
97 8 13 93
97 8 13 110
97 8 13 112
97 8 13 3
97 8 13 67
97 8 13 115
97 8 13 3
97 8 13 9
97 8 13 67
97 8 13 114
97 8 13 6
97 8 13 10
97 8 13 77
97 8 13 98
97 8 13 41
97 8 14 8
97 8 14 73
97 8 14 105
97 8 14 94
97 8 14 3
97 8 14 94
97 8 14 102
97 8 14 41
97 8 14 5
97 8 14 54
97 8 14 104
97 8 14 13
97 8 14 2
97 8 14 78
97 8 14 109
97 8 14 27
97 8 14 6
97 8 14 72
97 8 14 110
97 8 14 100
97 9 1 6
97 9 1 73
97 9 1 113
97 9 1 96
97 9 1 4
97 9 1 58
97 9 1 104
97 9 1 105
97 9 1 5
97 9 1 68
97 9 1 107
97 9 1 50
97 9 1 1
97 9 1 92
97 9 1 109
97 9 1 24
97 9 1 10
97 9 1 49
97 9 1 111
97 9 1 22
97 9 2 7
97 9 2 64
97 9 2 106
97 9 2 100
97 9 2 4
97 9 2 72
97 9 2 112
97 9 2 67
97 9 2 7
97 9 2 55
97 9 2 106
97 9 2 57
97 9 2 5
97 9 2 91
97 9 2 112
97 9 2 61
97 9 2 8
97 9 2 79
97 9 2 110
97 9 2 75
97 9 3 2
97 9 3 86
97 9 3 103
97 9 3 64
97 9 3 7
97 9 3 52
97 9 3 115
97 9 3 72
97 9 3 5
97 9 3 71
97 9 3 97
97 9 3 43
97 9 3 8
97 9 3 51
97 9 3 100
97 9 3 52
97 9 3 5
97 9 3 84
97 9 3 106
97 9 3 59
97 9 4 2
97 9 4 72
97 9 4 114
97 9 4 38
97 9 4 3
97 9 4 84
97 9 4 106
97 9 4 92
97 9 4 8
97 9 4 85
97 9 4 103
97 9 4 81
97 9 4 9
97 9 4 85
97 9 4 97
97 9 4 8
97 9 4 9
97 9 4 61
97 9 4 106
97 9 4 37
97 9 5 8
97 9 5 67
97 9 5 114
97 9 5 45
97 9 5 7
97 9 5 83
97 9 5 108
97 9 5 44
97 9 5 3
97 9 5 93
97 9 5 112
97 9 5 113
97 9 5 7
97 9 5 76
97 9 5 116
97 9 5 26
97 9 5 9
97 9 5 73
97 9 5 106
97 9 5 50
97 9 6 1
97 9 6 94
97 9 6 113
97 9 6 107
97 9 6 3
97 9 6 72
97 9 6 112
97 9 6 58
97 9 6 7
97 9 6 61
97 9 6 97
97 9 6 60
97 9 6 1
97 9 6 68
97 9 6 114
97 9 6 90
97 9 6 5
97 9 6 88
97 9 6 99
97 9 6 114
97 9 7 10
97 9 7 83
97 9 7 116
97 9 7 77
97 9 7 2
97 9 7 68
97 9 7 110
97 9 7 70
97 9 7 3
97 9 7 64
97 9 7 103
97 9 7 44
97 9 7 5
97 9 7 73
97 9 7 107
97 9 7 56
97 9 7 3
97 9 7 49
97 9 7 98
97 9 7 47
97 9 8 2
97 9 8 84
97 9 8 107
97 9 8 81
97 9 8 5
97 9 8 95
97 9 8 98
97 9 8 85
97 9 8 7
97 9 8 79
97 9 8 105
97 9 8 71
97 9 8 4
97 9 8 62
97 9 8 104
97 9 8 24
97 9 8 6
97 9 8 83
97 9 8 97
97 9 8 34
97 9 9 1
97 9 9 67
97 9 9 101
97 9 9 8
97 9 9 2
97 9 9 83
97 9 9 112
97 9 9 112
97 9 9 7
97 9 9 53
97 9 9 108
97 9 9 32
97 9 9 5
97 9 9 85
97 9 9 110
97 9 9 107
97 9 9 9
97 9 9 90
97 9 9 110
97 9 9 76
97 9 10 5
97 9 10 67
97 9 10 110
97 9 10 58
97 9 10 8
97 9 10 60
97 9 10 115
97 9 10 54
97 9 10 9
97 9 10 85
97 9 10 108
97 9 10 53
97 9 10 6
97 9 10 83
97 9 10 110
97 9 10 24
97 9 10 5
97 9 10 60
97 9 10 111
97 9 10 20
97 9 11 3
97 9 11 76
97 9 11 103
97 9 11 94
97 9 11 3
97 9 11 63
97 9 11 103
97 9 11 12
97 9 11 1
97 9 11 59
97 9 11 97
97 9 11 4
97 9 11 2
97 9 11 55
97 9 11 106
97 9 11 59
97 9 11 4
97 9 11 78
97 9 11 101
97 9 11 35
97 9 12 6
97 9 12 50
97 9 12 112
97 9 12 97
97 9 12 10
97 9 12 49
97 9 12 102
97 9 12 112
97 9 12 8
97 9 12 94
97 9 12 98
97 9 12 22
97 9 12 1
97 9 12 61
97 9 12 100
97 9 12 92
97 9 12 3
97 9 12 95
97 9 12 113
97 9 12 75
97 9 13 10
97 9 13 57
97 9 13 115
97 9 13 65
97 9 13 2
97 9 13 50
97 9 13 101
97 9 13 27
97 9 13 2
97 9 13 63
97 9 13 116
97 9 13 84
97 9 13 9
97 9 13 82
97 9 13 105
97 9 13 33
97 9 13 9
97 9 13 78
97 9 13 108
97 9 13 113
97 9 14 1
97 9 14 87
97 9 14 107
97 9 14 70
97 9 14 1
97 9 14 57
97 9 14 113
97 9 14 26
97 9 14 9
97 9 14 59
97 9 14 107
97 9 14 94
97 9 14 1
97 9 14 52
97 9 14 112
97 9 14 57
97 9 14 8
97 9 14 81
97 9 14 106
97 9 14 50
97 10 1 4
97 10 1 78
97 10 1 102
97 10 1 40
97 10 1 9
97 10 1 53
97 10 1 114
97 10 1 80
97 10 1 5
97 10 1 86
97 10 1 97
97 10 1 27
97 10 1 5
97 10 1 85
97 10 1 101
97 10 1 96
97 10 1 1
97 10 1 93
97 10 1 107
97 10 1 43
97 10 2 6
97 10 2 57
97 10 2 107
97 10 2 56
97 10 2 8
97 10 2 49
97 10 2 103
97 10 2 91
97 10 2 8
97 10 2 82
97 10 2 107
97 10 2 114
97 10 2 1
97 10 2 66
97 10 2 101
97 10 2 108
97 10 2 7
97 10 2 92
97 10 2 100
97 10 2 91
97 10 3 9
97 10 3 69
97 10 3 107
97 10 3 7
97 10 3 4
97 10 3 48
97 10 3 107
97 10 3 80
97 10 3 3
97 10 3 66
97 10 3 114
97 10 3 8
97 10 3 1
97 10 3 82
97 10 3 112
97 10 3 102
97 10 3 2
97 10 3 83
97 10 3 110
97 10 3 80
97 10 4 6
97 10 4 64
97 10 4 103
97 10 4 59
97 10 4 9
97 10 4 76
97 10 4 101
97 10 4 43
97 10 4 1
97 10 4 55
97 10 4 109
97 10 4 20
97 10 4 5
97 10 4 81
97 10 4 115
97 10 4 63
97 10 4 2
97 10 4 92
97 10 4 105
97 10 4 100
97 10 5 5
97 10 5 72
97 10 5 114
97 10 5 32
97 10 5 6
97 10 5 60
97 10 5 102
97 10 5 58
97 10 5 2
97 10 5 71
97 10 5 110
97 10 5 101
97 10 5 10
97 10 5 79
97 10 5 107
97 10 5 72
97 10 5 2
97 10 5 92
97 10 5 111
97 10 5 46
97 10 6 6
97 10 6 49
97 10 6 108
97 10 6 18
97 10 6 5
97 10 6 90
97 10 6 108
97 10 6 95
97 10 6 9
97 10 6 66
97 10 6 105
97 10 6 68
97 10 6 5
97 10 6 79
97 10 6 102
97 10 6 112
97 10 6 3
97 10 6 66
97 10 6 116
97 10 6 85
97 10 7 4
97 10 7 64
97 10 7 99
97 10 7 109
97 10 7 7
97 10 7 95
97 10 7 103
97 10 7 8
97 10 7 5
97 10 7 61
97 10 7 108
97 10 7 53
97 10 7 6
97 10 7 70
97 10 7 107
97 10 7 30
97 10 7 1
97 10 7 85
97 10 7 109
97 10 7 90
97 10 8 3
97 10 8 65
97 10 8 107
97 10 8 78
97 10 8 8
97 10 8 91
97 10 8 109
97 10 8 100
97 10 8 8
97 10 8 78
97 10 8 109
97 10 8 104
97 10 8 9
97 10 8 57
97 10 8 104
97 10 8 64
97 10 8 2
97 10 8 68
97 10 8 98
97 10 8 9
97 10 9 2
97 10 9 91
97 10 9 108
97 10 9 17
97 10 9 6
97 10 9 71
97 10 9 113
97 10 9 56
97 10 9 2
97 10 9 84
97 10 9 114
97 10 9 84
97 10 9 8
97 10 9 76
97 10 9 100
97 10 9 26
97 10 9 3
97 10 9 91
97 10 9 103
97 10 9 77
97 10 10 7
97 10 10 84
97 10 10 115
97 10 10 89
97 10 10 9
97 10 10 51
97 10 10 103
97 10 10 63
97 10 10 4
97 10 10 71
97 10 10 107
97 10 10 27
97 10 10 6
97 10 10 86
97 10 10 110
97 10 10 31
97 10 10 3
97 10 10 87
97 10 10 105
97 10 10 23
97 10 11 9
97 10 11 97
97 10 11 105
97 10 11 77
97 10 11 7
97 10 11 74
97 10 11 104
97 10 11 73
97 10 11 8
97 10 11 79
97 10 11 111
97 10 11 55
97 10 11 7
97 10 11 64
97 10 11 116
97 10 11 105
97 10 11 9
97 10 11 78
97 10 11 112
97 10 11 68
97 10 12 9
97 10 12 71
97 10 12 100
97 10 12 20
97 10 12 8
97 10 12 71
97 10 12 105
97 10 12 63
97 10 12 3
97 10 12 49
97 10 12 97
97 10 12 83
97 10 12 10
97 10 12 52
97 10 12 97
97 10 12 99
97 10 12 5
97 10 12 50
97 10 12 98
97 10 12 76
97 10 13 7
97 10 13 84
97 10 13 101
97 10 13 48
97 10 13 3
97 10 13 70
97 10 13 104
97 10 13 41
97 10 13 2
97 10 13 65
97 10 13 104
97 10 13 37
97 10 13 6
97 10 13 62
97 10 13 114
97 10 13 46
97 10 13 4
97 10 13 52
97 10 13 111
97 10 13 86
97 10 14 7
97 10 14 72
97 10 14 111
97 10 14 105
97 10 14 3
97 10 14 68
97 10 14 104
97 10 14 43
97 10 14 10
97 10 14 83
97 10 14 109
97 10 14 106
97 10 14 1
97 10 14 76
97 10 14 107
97 10 14 47
97 10 14 9
97 10 14 93
97 10 14 109
97 10 14 87
97 11 1 3
97 11 1 87
97 11 1 110
97 11 1 15
97 11 1 10
97 11 1 79
97 11 1 116
97 11 1 29
97 11 1 3
97 11 1 77
97 11 1 109
97 11 1 6
97 11 1 3
97 11 1 67
97 11 1 107
97 11 1 20
97 11 1 9
97 11 1 97
97 11 1 116
97 11 1 114
97 11 2 9
97 11 2 71
97 11 2 105
97 11 2 44
97 11 2 2
97 11 2 70
97 11 2 115
97 11 2 49
97 11 2 2
97 11 2 73
97 11 2 109
97 11 2 21
97 11 2 9
97 11 2 67
97 11 2 104
97 11 2 52
97 11 2 9
97 11 2 70
97 11 2 114
97 11 2 34
97 11 3 8
97 11 3 58
97 11 3 103
97 11 3 16
97 11 3 2
97 11 3 67
97 11 3 101
97 11 3 15
97 11 3 2
97 11 3 89
97 11 3 113
97 11 3 47
97 11 3 6
97 11 3 67
97 11 3 111
97 11 3 50
97 11 3 4
97 11 3 54
97 11 3 104
97 11 3 98
97 11 4 7
97 11 4 66
97 11 4 114
97 11 4 34
97 11 4 10
97 11 4 70
97 11 4 109
97 11 4 11
97 11 4 1
97 11 4 74
97 11 4 103
97 11 4 32
97 11 4 6
97 11 4 58
97 11 4 108
97 11 4 72
97 11 4 2
97 11 4 52
97 11 4 100
97 11 4 9
97 11 5 7
97 11 5 93
97 11 5 102
97 11 5 4
97 11 5 1
97 11 5 95
97 11 5 104
97 11 5 31
97 11 5 9
97 11 5 61
97 11 5 111
97 11 5 20
97 11 5 10
97 11 5 67
97 11 5 103
97 11 5 35
97 11 5 6
97 11 5 55
97 11 5 102
97 11 5 37
97 11 6 6
97 11 6 89
97 11 6 102
97 11 6 94
97 11 6 8
97 11 6 57
97 11 6 100
97 11 6 59
97 11 6 2
97 11 6 85
97 11 6 101
97 11 6 116
97 11 6 6
97 11 6 74
97 11 6 110
97 11 6 47
97 11 6 2
97 11 6 85
97 11 6 111
97 11 6 49
97 11 7 3
97 11 7 73
97 11 7 99
97 11 7 62
97 11 7 8
97 11 7 58
97 11 7 107
97 11 7 115
97 11 7 9
97 11 7 92
97 11 7 104
97 11 7 88
97 11 7 4
97 11 7 81
97 11 7 108
97 11 7 52
97 11 7 7
97 11 7 52
97 11 7 97
97 11 7 29
97 11 8 8
97 11 8 50
97 11 8 111
97 11 8 27
97 11 8 9
97 11 8 68
97 11 8 99
97 11 8 57
97 11 8 8
97 11 8 73
97 11 8 103
97 11 8 15
97 11 8 3
97 11 8 84
97 11 8 98
97 11 8 33
97 11 8 7
97 11 8 79
97 11 8 108
97 11 8 66
97 11 9 1
97 11 9 72
97 11 9 107
97 11 9 92
97 11 9 6
97 11 9 74
97 11 9 112
97 11 9 99
97 11 9 10
97 11 9 75
97 11 9 114
97 11 9 20
97 11 9 4
97 11 9 79
97 11 9 115
97 11 9 56
97 11 9 2
97 11 9 57
97 11 9 109
97 11 9 70
97 11 10 6
97 11 10 51
97 11 10 116
97 11 10 65
97 11 10 10
97 11 10 75
97 11 10 115
97 11 10 20
97 11 10 4
97 11 10 91
97 11 10 99
97 11 10 4
97 11 10 10
97 11 10 63
97 11 10 108
97 11 10 98
97 11 10 7
97 11 10 59
97 11 10 106
97 11 10 110
97 11 11 9
97 11 11 51
97 11 11 104
97 11 11 45
97 11 11 2
97 11 11 92
97 11 11 112
97 11 11 67
97 11 11 5
97 11 11 70
97 11 11 108
97 11 11 44
97 11 11 3
97 11 11 56
97 11 11 109
97 11 11 79
97 11 11 5
97 11 11 56
97 11 11 110
97 11 11 107
97 11 12 10
97 11 12 49
97 11 12 101
97 11 12 8
97 11 12 9
97 11 12 82
97 11 12 107
97 11 12 82
97 11 12 9
97 11 12 83
97 11 12 102
97 11 12 37
97 11 12 9
97 11 12 66
97 11 12 101
97 11 12 49
97 11 12 6
97 11 12 96
97 11 12 103
97 11 12 7
97 11 13 5
97 11 13 89
97 11 13 113
97 11 13 21
97 11 13 1
97 11 13 88
97 11 13 108
97 11 13 73
97 11 13 3
97 11 13 52
97 11 13 102
97 11 13 64
97 11 13 7
97 11 13 56
97 11 13 101
97 11 13 1
97 11 13 4
97 11 13 90
97 11 13 99
97 11 13 90
97 11 14 7
97 11 14 71
97 11 14 106
97 11 14 90
97 11 14 7
97 11 14 82
97 11 14 107
97 11 14 92
97 11 14 1
97 11 14 97
97 11 14 116
97 11 14 80
97 11 14 4
97 11 14 54
97 11 14 113
97 11 14 111
97 11 14 4
97 11 14 53
97 11 14 105
97 11 14 64
97 12 1 2
97 12 1 77
97 12 1 107
97 12 1 23
97 12 1 1
97 12 1 90
97 12 1 114
97 12 1 55
97 12 1 5
97 12 1 49
97 12 1 114
97 12 1 62
97 12 1 6
97 12 1 55
97 12 1 114
97 12 1 84
97 12 1 9
97 12 1 94
97 12 1 104
97 12 1 4
97 12 2 7
97 12 2 53
97 12 2 116
97 12 2 59
97 12 2 3
97 12 2 49
97 12 2 107
97 12 2 58
97 12 2 9
97 12 2 48
97 12 2 107
97 12 2 35
97 12 2 2
97 12 2 79
97 12 2 110
97 12 2 52
97 12 2 10
97 12 2 61
97 12 2 112
97 12 2 44
97 12 3 8
97 12 3 82
97 12 3 99
97 12 3 25
97 12 3 3
97 12 3 76
97 12 3 105
97 12 3 12
97 12 3 9
97 12 3 48
97 12 3 116
97 12 3 38
97 12 3 9
97 12 3 62
97 12 3 97
97 12 3 75
97 12 3 7
97 12 3 57
97 12 3 97
97 12 3 78
97 12 4 7
97 12 4 63
97 12 4 109
97 12 4 60
97 12 4 1
97 12 4 52
97 12 4 106
97 12 4 35
97 12 4 7
97 12 4 61
97 12 4 106
97 12 4 92
97 12 4 7
97 12 4 68
97 12 4 105
97 12 4 56
97 12 4 3
97 12 4 82
97 12 4 107
97 12 4 51
97 12 5 10
97 12 5 61
97 12 5 100
97 12 5 70
97 12 5 4
97 12 5 64
97 12 5 116
97 12 5 90
97 12 5 3
97 12 5 90
97 12 5 100
97 12 5 94
97 12 5 10
97 12 5 76
97 12 5 99
97 12 5 80
97 12 5 8
97 12 5 96
97 12 5 103
97 12 5 48
97 12 6 2
97 12 6 61
97 12 6 99
97 12 6 30
97 12 6 10
97 12 6 67
97 12 6 103
97 12 6 86
97 12 6 4
97 12 6 52
97 12 6 102
97 12 6 58
97 12 6 5
97 12 6 48
97 12 6 111
97 12 6 26
97 12 6 4
97 12 6 96
97 12 6 114
97 12 6 81
97 12 7 8
97 12 7 55
97 12 7 105
97 12 7 69
97 12 7 2
97 12 7 80
97 12 7 115
97 12 7 94
97 12 7 10
97 12 7 85
97 12 7 113
97 12 7 27
97 12 7 10
97 12 7 97
97 12 7 105
97 12 7 20
97 12 7 4
97 12 7 58
97 12 7 111
97 12 7 104
97 12 8 1
97 12 8 61
97 12 8 113
97 12 8 22
97 12 8 9
97 12 8 93
97 12 8 98
97 12 8 11
97 12 8 7
97 12 8 51
97 12 8 113
97 12 8 29
97 12 8 5
97 12 8 49
97 12 8 97
97 12 8 2
97 12 8 2
97 12 8 94
97 12 8 114
97 12 8 73
97 12 9 9
97 12 9 63
97 12 9 98
97 12 9 4
97 12 9 10
97 12 9 70
97 12 9 102
97 12 9 86
97 12 9 6
97 12 9 74
97 12 9 102
97 12 9 85
97 12 9 1
97 12 9 71
97 12 9 101
97 12 9 116
97 12 9 7
97 12 9 81
97 12 9 99
97 12 9 20
97 14 3 115
97 14 3 107
97 14 4 5
97 14 4 66
97 14 4 103
97 14 4 111
97 14 4 2
97 14 4 96
97 14 4 97
97 14 4 6
97 14 4 3
97 14 4 91
97 14 4 115
97 14 4 11
97 14 4 1
97 14 4 92
97 14 4 113
97 14 4 74
97 14 4 7
97 14 4 66
97 14 4 101
97 14 4 48
97 14 5 6
