|diff|    p a b ord est
  54488   3488534681 2369539983 1372410271 3488589272 3488534784
  76656   3858089447 641303328 3775424558 3858012816 3858089472
  19976   2414092411 144789689 2146706865 2414112520 2414092544
  41154   3464193937 964923428 3283152502 3464152894 3464194048
  42404   2339006357 756262098 350471691 2339048868 2339006464
  29267   2204158711 1656701910 1100325999 2204129453 2204158720
  43464   2728533343 1064797050 861396888 2728490040 2728533504
  94296   3679810049 2787138578 186737410 3679904344 3679810048
  30843   3706031729 619107003 550663204 3706001029 3706031872
  9284   3130787041 1346983313 2835155144 3130796356 3130787072
  26933   2452305853 2270342260 1479829029 2452278987 2452305920
  48960   3797804671 3383742853 2621231811 3797853760 3797804800
  40890   2392599791 1781821892 1431505356 2392558918 2392599808
  26034   3041794831 1906632064 2651323803 3041820850 3041794816
  58977   3948608159 1882103106 2238560898 3948549279 3948608256
  7698   2581661471 122165832 954983879 2581653742 2581661440
  12776   2690286559 1097427375 336728267 2690273816 2690286592
  38543   3153701851 2065993374 1828361402 3153740431 3153701888
  56516   4028843081 2127216878 426716878 4028786748 4028843264
  16208   4005944303 2688362268 2607246189 4005960528 4005944320
  13895   2681136967 2680754553 154587284 2681151047 2681137152
  44106   3703763561 1556094641 1079233772 3703807818 3703763712
  50950   3492844753 356025723 3002618276 3492895750 3492844800
  42856   2499216649 480888263 2244734608 2499259496 2499216640
  33200   2687350493 1596371525 918418639 2687383728 2687350528
  90656   3720254047 152820972 1750730118 3720163552 3720254208
  16152   2323646873 1363384178 692672887 2323630824 2323646976
  61858   3672564703 2022531875 442530177 3672502878 3672564736
  21704   3740084729 2472637446 548355855 3740106440 3740084736
  40560   3030556951 996473709 1464114548 3030597488 3030556928
  90691   2760102073 752533951 2008826252 2760192835 2760102144
  87463   3079144139 840663186 407581940 3079056729 3079144192
  71496   2688738077 2566512856 982682082 2688809544 2688738048
  48464   2347394003 1407624316 1658218874 2347442512 2347394048
  31871   2677853917 1349547821 2212245437 2677822081 2677853952
  81432   2803127983 1823359818 704010444 2803209496 2803128064
  62122   4247138317 3616983060 820023397 4247076182 4247138304
  73827   3154735943 3034055321 2477925629 3154809955 3154736128
  59528   3072585319 2909971749 1559563450 3072645000 3072585472
  88567   2250659833 1004564433 2093564019 2250571273 2250659840
  100713   2902935941 462684742 1159614681 2903036777 2902936064
  29152   3706104509 708448487 2015945770 3706075424 3706104576
  44885   2373459509 2033590557 1837191343 2373414571 2373459456
  42548   2624242193 2242292071 1120166323 2624284724 2624242176
  10993   4030080371 525659789 971987241 4030069519 4030080512
  59144   2869749851 375180041 1880910361 2869809160 2869750016
  62954   3805923613 1269817677 2711660452 3805986538 3805923584
  60056   2594183689 2325621355 2313717987 2594123624 2594183680
  47962   2730540587 252269180 460869751 2730492582 2730540544
  86430   3293931089 1336952683 493944915 3294017694 3293931264
  107510   3287368181 3002327911 1431527507 3287475702 3287368192
  65467   3447008561 341523902 1449296473 3446943301 3447008768
  31248   2555730383 1613297369 2164011701 2555699184 2555730432
  13112   2616429709 1535849376 1530323841 2616416712 2616429824
  26724   2400385811 387790853 515150980 2400412516 2400385792
  26025   2794005553 1797612219 311958189 2793979479 2794005504
  85342   3245585033 99443824 2156817217 3245499810 3245585152
  36440   2285315911 1373093724 1869051227 2285352536 2285316096
  66348   3707943517 462143911 1875725223 3708010028 3707943680
  91069   4215874879 2849764851 560614142 4215966141 4215875072
  640   3313086827 2502782676 601885573 3313086336 3313086976
  80363   2581497133 2185526434 2282935819 2581577451 2581497088
  54544   3290013439 82634333 2731686245 3289958896 3290013440
  76571   2600737247 2121804423 1490563834 2600660709 2600737280
  32712   3055288123 314359702 2697389206 3055255608 3055288320
  34356   2410312259 1114032255 2025866321 2410278092 2410312448
  40612   3195380767 2119882561 1146657502 3195340124 3195380736
  34386   4284646603 1529326356 2368024583 4284612270 4284646656
  91447   3290628371 495910186 309066768 3290536905 3290628352
  82084   2213875927 253342481 405532144 2213958052 2213875968
  73264   2303436133 1505737575 723805945 2303363024 2303436288
  86446   4136478293 1491287756 3218868716 4136564910 4136478464
  35116   4012026353 702214328 1314282440 4012061484 4012026368
  5968   3193307011 2294275014 1288815310 3193313104 3193307136
  80860   4017735961 2753812733 1181935405 4017655076 4017735936
  85928   4063160399 3798665031 834764547 4063074648 4063160576
  45716   2850389281 2040905246 2460121335 2850434964 2850389248
  71392   2205715907 1320303982 251222175 2205787360 2205715968
  7304   2249218357 1733491896 2194940831 2249211000 2249218304
  47886   2945421289 1085861018 2189158536 2945469198 2945421312
  20961   4262361569 1478063305 3893512896 4262382561 4262361600
  66429   3917913101 1492617686 3896318159 3917979517 3917913088
  18663   2265794317 1066628864 1137756321 2265775641 2265794304
  93453   3482254777 1603981180 1940401916 3482161395 3482254848
  12129   2597993647 2365972509 625750947 2597981599 2597993728
  32912   4062787013 942592902 726640612 4062754160 4062787072
  27092   2581831019 1426634758 2375153486 2581804076 2581831168
  51563   2242432739 1165136657 1483532965 2242381205 2242432768
  82173   3895227409 3257469323 74969241 3895309565 3895227392
  43010   4065028963 964236304 3506591790 4065072130 4065029120
  4841   2941443611 2467066855 423194470 2941438743 2941443584
  18509   2414828153 1717205006 79598697 2414809779 2414828288
  50269   3011698957 555566788 2467396792 3011749213 3011698944
  45480   3779980751 3761926537 2560161094 3779935320 3779980800
  27568   4041001493 2387646667 2795857311 4041029040 4041001472
  35826   3844369691 3840023624 1140831431 3844333838 3844369664
  6200   3701914273 1212280745 1037908937 3701908168 3701914368
  55638   3126793573 163918149 2935083976 3126849366 3126793728
  71531   4286527867 219171872 163693374 4286599531 4286528000
  47527   2538188771 1676227774 2362561388 2538141273 2538188800
  16789   2345014681 1226055612 2014747562 2345031573 2345014784
  25254   2714243737 584224180 2386382012 2714218586 2714243840
  76448   2498518303 1207995157 401412263 2498441824 2498518272
  36304   2914448203 1066660368 2170663424 2914412080 2914448384
  50737   2388497621 1946406346 1748358261 2388548401 2388497664
  19870   2942048017 113770181 835979561 2942028130 2942048000
  112661   3750259237 516024182 1639579619 3750146539 3750259200
  32036   2444073143 2225639012 732703889 2444041180 2444073216
  37955   3628788179 2312498321 3447603837 3628750269 3628788224
  71084   2731698769 418516441 266279755 2731770028 2731698944
  71309   3584214241 1113922269 895566989 3584142963 3584214272
  63092   3898816661 3745482599 904128122 3898753676 3898816768
  60068   3582719597 840765374 671406769 3582659676 3582719744
  67985   3697614071 1599620387 2663219579 3697682065 3697614080
  22179   3245968703 2243929970 361845626 3245946717 3245968896
  36178   3144576553 3050092070 1351935158 3144612690 3144576512
  66947   3282544231 2710030208 1366659537 3282611331 3282544384
  7646   3175906313 597195589 1061730704 3175913950 3175906304
  11028   3057551309 2992210395 2728211698 3057540332 3057551360
  31404   2801175259 1535378864 390007220 2801143892 2801175296
  37212   3951302479 2477441584 461235638 3951265444 3951302656
  81503   2699247497 2334776210 1359858536 2699329119 2699247616
  26366   2388462917 1470759625 2047751953 2388489470 2388463104
  97728   2855148311 421455115 1024427281 2855050560 2855148288
  44330   2496124481 488127281 268489294 2496080342 2496124672
  5363   3561284333 2802563224 1326480313 3561278989 3561284352
  11167   2747064091 265428676 626855289 2747052897 2747064064
  16901   3548497633 972122569 1022772269 3548480763 3548497664
  43759   3891450539 3407177236 1587483867 3891406865 3891450624
  46006   3138333031 461925524 1695497614 3138379190 3138333184
  28044   2408993533 1017650618 1565018237 2409021580 2408993536
  79084   2188039751 805146697 1289302983 2187960852 2188039936
  78408   3687669589 3481104533 1549929730 3687748168 3687669760
  13388   2662516861 2506280707 1478863457 2662503604 2662516992
  62102   3495257531 1882044626 1070517407 3495319702 3495257600
  13648   2487637697 330348361 1602465131 2487624112 2487637760
  11258   3217130467 732284919 2713947255 3217141754 3217130496
  53976   3553742063 2321709334 840725724 3553688104 3553742080
  45635   3559292549 12904854 1858964580 3559338307 3559292672
  83339   3410387177 2750160760 1499683808 3410470539 3410387200
  25089   2229930251 1299127789 64685201 2229955329 2229930240
  7505   2993284753 1130030446 1909671264 2993292369 2993284864
  104290   3550386703 1022659582 2311635064 3550282398 3550386688
  90490   2639761499 1206648901 36879043 2639671174 2639761664
  52237   2699887481 2311182530 2051029504 2699835379 2699887616
  92016   4258165201 3080679018 2983278026 4258257264 4258165248
  6999   2344685789 402892279 2285480973 2344692823 2344685824
  25510   3882916991 3396775335 943814227 3882942630 3882917120
  65762   3331715329 1386397844 2163856083 3331649566 3331715328
  34147   2786188997 2176780298 2008933976 2786154909 2786189056
  16238   2528176789 1680517705 1541873687 2528193134 2528176896
  43102   4104933583 1781760944 2508740010 4104890530 4104933632
  92754   3248440333 2681148986 2235309607 3248347566 3248440320
  6066   2238709007 662746688 1021007454 2238702926 2238708992
  41083   2304113893 888429867 1477804748 2304155003 2304113920
  50218   3006013999 72899967 853863874 3006064170 3006013952
  13305   3362773721 1752896285 2871331216 3362760455 3362773760
  24017   4194430543 3769482682 2271597425 4194454737 4194430720
  53512   3168956053 2605897106 2425985243 3169009672 3168956160
  23138   2430713581 525586599 1597022115 2430690462 2430713600
  84662   3637778773 2562354359 2891815487 3637863606 3637778944
  19937   3395910941 2407040782 525746002 3395890975 3395910912
  48644   3630434407 1194493044 2943696814 3630385916 3630434560
  32595   4123794331 2563859557 405119308 4123761837 4123794432
  284   2313532729 1518176864 991780719 2313532388 2313532672
  57706   2551040603 2083551711 530073319 2550983062 2551040768
  93422   2574048553 930980753 772478201 2574141934 2574048512
  4352   3897504007 781082078 1624400183 3897499648 3897504000
  23911   2788019761 1121069314 648311318 2787995801 2788019712
  10258   3008697863 2134279175 170166405 3008687598 3008697856
  60022   3360334849 383066023 1596602350 3360394870 3360334848
  55492   3690712481 2076070244 54075608 3690768068 3690712576
  69304   2333961871 1638359607 1598050879 2334031288 2333961984
  47952   3181761857 2308745168 197666575 3181714096 3181762048
  9447   2433467063 753467343 474878889 2433476583 2433467136
  71872   2843303129 2030966331 942555604 2843375040 2843303168
  66469   3093122237 2434865590 2620631903 3093055835 3093122304
  8673   3712361617 1175773185 1471171857 3712370401 3712361728
  72848   4039864667 1009789847 3861994621 4039791984 4039864832
  70733   4267128077 2524888316 1283211359 4267057331 4267128064
  2924   2957594581 2572498938 922514984 2957591700 2957594624
  17056   3632170781 3130636669 1051121618 3632187808 3632170752
  14316   4238606201 77819342 3686360703 4238620652 4238606336
  42595   2527918961 2249618112 64095755 2527876509 2527919104
  90288   3910045957 1195073921 1259728987 3910136240 3910045952
  4618   3422329259 855500028 1075392856 3422324726 3422329344
  8879   2683711903 261485385 1390551385 2683720879 2683712000
  4212   3500531893 1393347854 411283120 3500536180 3500531968
  30060   2884225411 1936643539 1944556273 2884255596 2884225536
  5134   3572908039 704703501 3045785840 3572902898 3572908032
  79164   2994785243 1724475336 1452245159 2994864444 2994785280
  30328   2486398627 214634161 1798010297 2486368392 2486398720
  77542   3831560737 1239249204 3164286626 3831638246 3831560704
  37319   3162335549 2594095767 942210188 3162298425 3162335744
  69304   3027231217 1878088029 227650991 3027161928 3027231232
  32140   2257701937 565737925 178701632 2257669748 2257701888
  21660   2161119949 136445833 1315434444 2161141660 2161120000
  84032   3650841547 2320426109 2964306308 3650925632 3650841600
  56765   2721570493 127456014 118869204 2721513795 2721570560
  89570   2189965343 1638195690 818068249 2189875742 2189965312
  7995   3984795173 3606260576 2006471507 3984787141 3984795136
  11852   4188810413 2112490811 2756537212 4188822348 4188810496
  76533   2825891821 2214396918 88867538 2825815307 2825891840
  7975   3253540289 2973957884 1112166433 3253532377 3253540352
  45124   2697934133 1053355330 1399558432 2697979204 2697934080
  45920   3875858839 3479663579 528733281 3875813024 3875858944
  77152   3809235401 2482538950 1181403093 3809312608 3809235456
  86722   3602597267 1401829334 2841481961 3602684098 3602597376
  31606   3615228217 3507349261 679946396 3615196810 3615228416
  114952   3635023723 372505188 2811489516 3635138824 3635023872
  44413   2887410233 2795615362 325002888 2887366019 2887410432
  35040   2678267117 851251811 814532365 2678232096 2678267136
  100478   3136136449 544006628 1067687684 3136035970 3136136448
  55567   2583029143 172676819 1027633096 2583084815 2583029248
  32374   2845655051 330290390 171639155 2845622666 2845655040
  26582   4292884913 461298626 3441731168 4292911574 4292884992
  4015   2630381189 1960756638 949451834 2630377297 2630381312
  85502   3964020341 195515302 2706480535 3963934978 3964020480
  9795   3103288459 1776678639 224397112 3103298371 3103288576
  69522   4212794387 4080879676 3429495482 4212863890 4212794368
  23864   2376902081 1062430378 1259495812 2376878280 2376902144
  65787   2201597759 1843369548 1500959581 2201663739 2201597952
  82428   2816969489 2036292078 1552044630 2817051900 2816969472
  4902   3272657863 1656481701 2332601190 3272653018 3272657920
  52833   2493483149 1618796866 1811641255 2493536097 2493483264
  31494   4104025931 583122669 1627407790 4104057606 4104026112
  35859   3780009659 325645481 18483737 3779973869 3780009728
  69468   2911035781 448718580 2111415482 2911105372 2911035904
  40413   2573394137 476507541 301286849 2573434589 2573394176
  24188   2791327993 671776448 2228758840 2791303812 2791328000
  90959   2938077743 1560526670 1092678905 2938168655 2938077696
  23602   2365960613 1646210504 72218014 2365984306 2365960704
  25159   3985398601 3513829327 1894910812 3985423943 3985398784
  16458   2898354761 2344591514 965011259 2898371402 2898354944
  103075   3923249689 113415338 887694854 3923352739 3923249664
  100888   3997860059 2436618467 757954401 3997759208 3997860096
  66715   3605529871 1442743279 828027078 3605596571 3605529856
  9770   3577417687 2194595807 2532607850 3577407958 3577417728
  12780   3912485011 1937873517 1852286274 3912497900 3912485120
  79408   3950121839 2848254039 2784059163 3950201392 3950121984
  26888   3161933987 798237965 650526140 3161907192 3161934080
  47792   3584034319 1808183980 3200958223 3583986512 3584034304
  27719   3410775737 2259544293 821718021 3410803527 3410775808
  6587   2383098181 1994363702 26506131 2383104955 2383098368
  24522   3075819077 315943075 1610116481 3075843786 3075819264
  66654   2769326587 2672712368 2478493267 2769259938 2769326592
  8408   3200213231 1206421880 1260337776 3200204840 3200213248
  49416   2252159969 87564725 1375202667 2252209416 2252160000
  21698   2566061357 1812001207 1477200838 2566039614 2566061312
  55496   3418713079 2077834019 782159056 3418768584 3418713088
  38308   2869417277 2492645230 2236679793 2869455780 2869417472
  89517   2361719681 1601234181 2319508000 2361809325 2361719808
  1881   3790413301 2183387048 1570720245 3790411431 3790413312
  9834   3663726631 1604530545 756323186 3663716758 3663726592
  57   3540719713 1284777635 2116007261 3540719815 3540719872
  111736   3678213221 3263781516 3359289055 3678325112 3678213376
  32280   3975488711 2701018257 1493668987 3975456488 3975488768
  29494   3495238283 1620058898 502521432 3495267894 3495238400
  69886   2550894979 1964928535 116221357 2550964990 2550895104
  28336   3663595643 176730585 2297312135 3663624112 3663595776
  72324   3762999209 576397017 3115743111 3762926972 3762999296
  12266   3936956687 3323383097 2660177122 3936944406 3936956672
  8440   3534740401 3364029540 3099666798 3534748920 3534740480
  19664   3006154163 1903020503 127830675 3006173904 3006154240
  82256   2831752291 1954178454 1419682610 2831670192 2831752448
  48920   3781656499 3632870727 2600204720 3781705496 3781656576
  49648   2546926313 1460613596 977191598 2546876688 2546926336
  31011   2849076943 1937763508 851556651 2849045981 2849076992
  59899   2561407853 2396297837 984971478 2561467899 2561408000
  16140   3241537681 1866129022 1624126991 3241521652 3241537792
  17544   3745141151 2790469411 90805829 3745158792 3745141248
  93572   4109105981 1790884258 2946361036 4109012604 4109106176
  79989   2363299019 2112985747 1332472413 2363219083 2363299072
  39092   3555389731 2486240162 997626224 3555350604 3555389696
  4944   2217245803 1515039351 1588333469 2217241008 2217245952
  15155   2224595699 1397500964 1749236830 2224580557 2224595712
  8176   2782825351 1499178382 30194545 2782817296 2782825472
  38088   3475850197 2353913399 3027951251 3475888328 3475850240
  44371   3031364731 2362418246 336012329 3031409235 3031364864
  8771   3691742603 1461902232 1557557813 3691751491 3691742720
  84337   3869960993 142343644 801282996 3869876623 3869960960
  28180   2574374867 975670394 2391103368 2574403092 2574374912
  12408   4066239613 1672458750 968820859 4066252152 4066239744
  29290   4289461741 2905567318 2653183220 4289491050 4289461760
  41481   2399900603 112469950 34548272 2399942153 2399900672
  21767   3777126911 1049694468 2326779417 3777148679 3777126912
  35378   2605984993 2025718318 2448146780 2606020402 2605985024
  73830   2600745683 1926007648 1365887223 2600819558 2600745728
  87708   4178239033 2180693318 3926311498 4178151524 4178239232
  16118   2153645449 322041666 1612869715 2153661686 2153645568
  45932   2179557463 865044091 984671052 2179603564 2179557632
  18201   4073166011 3770097180 2293709348 4073147879 4073166080
  44829   3205265419 596877284 1585298848 3205220579 3205265408
  5647   4130497867 1674676915 1502178715 4130503695 4130498048
  1224   2275808149 2260962240 598565113 2275809480 2275808256
  33247   2925439787 665119079 732837567 2925406497 2925439744
  6655   2444075947 1648930547 2142912847 2444082687 2444076032
  32163   3426033419 3072102323 2907493796 3426001245 3426033408
  53346   3315612721 2577340424 517216727 3315559582 3315612928
  6622   4076810161 2547650253 852457697 4076816862 4076810240
  20928   3192082151 2600957664 371017337 3192103104 3192082176
  104100   3708948223 1545417924 2290306638 3709052324 3708948224
  56488   3515339173 470899363 2801929397 3515395752 3515339264
  53020   2186211619 11635026 1129844802 2186264604 2186211584
  32258   2289569831 1233813382 1722962289 2289602050 2289569792
  19760   2255316353 2107030340 2243531948 2255336240 2255316480
  15301   2387959547 2320271995 2346392499 2387974853 2387959552
  8115   3414584087 621396356 900799846 3414575949 3414584064
  55533   4213253519 843526635 3834311128 4213198099 4213253632
  8584   2759729569 1160021836 1009043098 2759721080 2759729664
  63585   2206661923 602692914 1109964932 2206598303 2206661888
  13928   2534992337 1263034405 2338749144 2535006312 2534992384
  18288   3313138229 1849912050 583673671 3313120144 3313138432
  4713   2707902949 1456303293 1987261043 2707907689 2707902976
  18866   3036149861 1780043360 1567717841 3036131150 3036150016
  98905   3494263711 1631461372 2491679121 3494164903 3494263808
  1832   3014454389 1327129895 2796204777 3014452696 3014454528
  82506   2942408389 2796872469 2316572481 2942490954 2942408448
  63400   2212407983 1011570793 2167056465 2212471464 2212408064
  48099   2900566147 384657892 2761292711 2900614371 2900566272
  34706   2648415113 990626046 1938821544 2648449938 2648415232
  10552   3729140669 2762696521 1631768592 3729151288 3729140736
  24390   4040706937 1593575282 554673306 4040682682 4040707072
  69844   3897570113 3673239741 3832713570 3897500460 3897570304
  77384   3726159427 2864767613 2467260398 3726082232 3726159616
  58802   2818289449 1741967815 146596540 2818230606 2818289408
  88255   3802259443 2639203794 1379408503 3802347711 3802259456
  32736   3086668061 3062491031 1584529415 3086635296 3086668032
  75736   3848524313 1048242638 1773996690 3848600024 3848524288
  34004   3623392823 2805354931 1145581626 3623427028 3623393024
  59176   3449095259 95951170 1638782968 3449036248 3449095424
  80112   2415468617 319649222 508676593 2415548912 2415468800
  35948   4259074873 2331463464 2781302225 4259039124 4259075072
  20278   3066489253 418032666 352834896 3066469066 3066489344
  64940   3718469123 261828564 2179056322 3718404180 3718469120
  46078   2305635821 1713385480 1333263015 2305589762 2305635840
  80582   4180803101 1020138035 1458782665 4180883654 4180803072
  81479   3885291283 1676524952 1518040057 3885372743 3885291264
  66054   2857999379 1900657444 2089218408 2857933306 2857999360
  72779   2699745121 103694930 995460965 2699818059 2699745280
  26362   2974744639 774966609 579630158 2974718470 2974744832
  33309   2852257099 1943347198 2116685707 2852290589 2852257280
  82176   2874654767 2665719994 2212284178 2874572544 2874654720
  72026   3254275429 1915641980 891110650 3254347610 3254275584
  70943   2793740627 2667719700 52687862 2793811743 2793740800
  340   2368398581 919681206 2218530134 2368398252 2368398592
  90548   2682590623 2338120076 791360485 2682500172 2682590720
  38280   3808411667 646512223 1546978014 3808449928 3808411648
  49837   2246946413 590707385 429375243 2246996397 2246946560
  15740   2865024451 2339606397 74933661 2865008772 2865024512
  85114   3721928393 3007211097 4663086 3721843334 3721928448
  60435   2761203707 1665804542 1938298748 2761264147 2761203712
  90416   2888619221 2024045984 2182514319 2888709680 2888619264
  7681   4292989157 1398574323 3819589140 4292996865 4292989184
  18700   3763904789 2136451180 1112061823 3763923468 3763904768
  103600   4126737071 2756626371 2313228391 4126840752 4126737152
  3408   3498727031 93329574 2095902658 3498723760 3498727168
  3410   2783368481 610168097 33981238 2783365038 2783368448
  83728   4257155479 1283093990 2149037874 4257071856 4257155584
  82905   3311804311 2277163782 2880009109 3311721511 3311804416
  67801   3576047443 16095323 699205131 3576115417 3576047616
  34922   3414988189 2783580510 2938293783 3414953366 3414988288
  67780   3684868339 1116019501 985602756 3684936132 3684868352
  16888   2630916599 287301514 2131412076 2630933496 2630916608
  15673   3282979709 2436218244 2837255147 3282964167 3282979840
  25656   3128488043 696294382 648002466 3128462536 3128488192
  20003   3960261079 1785093747 547227805 3960241117 3960261120
  32636   2931874873 2033941692 1243047140 2931907708 2931875072
  13680   2810433677 2117809131 506813304 2810420112 2810433792
  7021   2289193217 2279754820 1438722175 2289186195 2289193216
  43793   3758219923 327207920 1127979426 3758263825 3758220032
  3454   2157221489 1358212460 506415063 2157218178 2157221632
  65226   2427966419 2179175204 1245577831 2428031690 2427966464
  64489   4114273417 2877170732 542834446 4114338025 4114273536
  17611   3369100519 1833448365 686653261 3369082933 3369100544
  47984   2655039341 1743959836 347167606 2655087472 2655039488
  68786   2824580609 732299947 2704177643 2824511822 2824580608
  87833   3823708793 943605708 1454906732 3823796761 3823708928
  36328   2732164021 2653797016 1073151022 2732200424 2732164096
  123098   4066261553 1510134182 3241554578 4066138662 4066261760
  12376   3802161577 436940401 1943445600 3802174040 3802161664
  62895   3303925213 2210171280 2338841239 3303862353 3303925248
  41074   2300119589 2253976079 1565746903 2300160626 2300119552
  45659   3237043057 1125834652 1784914998 3236997541 3237043200
  108317   4232241859 3014121673 3072942749 4232350237 4232241920
  62810   3430897447 942950043 421587215 3430960218 3430897408
  31476   3355659137 2884477702 2816534445 3355690740 3355659264
  24440   2473516681 420216229 676942685 2473492360 2473516800
  5408   2474398931 2095534732 789132371 2474404384 2474398976
  34022   2327445023 1400711260 904353387 2327479014 2327444992
  13978   3226511417 2101238531 45113302 3226497638 3226511616
  2008   2234827979 1891787610 629197249 2234826024 2234828032
  31868   2742797053 2442460096 1797230969 2742765188 2742797056
  23623   3111390397 1803189793 2790659319 3111366841 3111390464
  83144   3847008161 1967034625 1128414069 3847091400 3847008256
  46300   4101349261 1507031932 557809072 4101395676 4101349376
  91462   3024300551 1121027442 1328401957 3024209082 3024300544
  14784   3056008807 6426284 359092540 3056023744 3056008960
  21002   2851678903 1336458963 2249197707 2851699978 2851678976
  43412   3752627513 3350784800 3340542070 3752671124 3752627712
  54168   4159227911 1435458881 1323212266 4159282072 4159227904
  123184   3903208163 1376644486 3218980734 3903331376 3903208192
  94748   4136865281 3942198470 3166621532 4136960028 4136865280
  49112   3329713267 2853434536 1873325589 3329664296 3329713408
  39977   2914851413 1910043799 2047794874 2914891561 2914851584
  95732   3806249053 1537555926 521922018 3806344948 3806249216
  71773   3268545251 30432131 678281361 3268473507 3268545280
  49759   3670033261 2063749833 800380333 3669983649 3670033408
  39808   3702346559 3291192479 543940056 3702386560 3702346752
  57515   3764976949 196527175 897601804 3765034667 3764977152
  17608   3273550453 700289783 767412688 3273568200 3273550592
  13308   3324352249 311253671 1805188544 3324338948 3324352256
  47537   3514106549 1799077507 1658328588 3514154161 3514106624
  32255   2806783409 463569357 1387356057 2806751233 2806783488
  98560   3382670827 2938817564 2155606384 3382572288 3382670848
  42135   4258901837 3975474927 376076795 4258859881 4258902016
  48592   2937112957 1996925712 384703016 2937161680 2937113088
  23256   3579872693 3338446678 334157080 3579896024 3579872768
  35640   2675644339 1542016361 1688347009 2675680056 2675644416
  62793   2534000299 1635832799 1176957457 2534063177 2534000384
  80359   3256473841 720381383 2999605113 3256393497 3256473856
  51187   3139636273 2119492747 1073718823 3139687411 3139636224
  65677   3702048473 1373493041 854026926 3702114189 3702048512
  15055   2461410907 1325644428 1066206467 2461426127 2461411072
  18715   2891462303 1826936170 537066985 2891481115 2891462400
  51278   3068149501 1176765880 647294784 3068098226 3068149504
  28704   3859220801 3300159825 1468240264 3859249696 3859220992
  29331   2553072553 242621919 1760758134 2553101971 2553072640
  102555   2740890323 462234744 591720220 2740992923 2740890368
  81857   3035977577 2335503274 372052890 3035895871 3035977728
  76843   2537864843 1560819901 2045524092 2537788117 2537864960
  43571   3927871141 3127129034 469450947 3927827661 3927871232
  45998   3092153291 1830195076 1446580748 3092199342 3092153344
  12712   2619217259 1815070036 158295346 2619204696 2619217408
  123015   3996988129 3926717311 3135268958 3996865145 3996988160
  91683   3457463413 1592444024 1041055271 3457555235 3457463552
  51129   3261363377 46681917 681375533 3261312327 3261363456
  78717   3578111347 2559271265 2928098600 3578032771 3578111488
  92466   3921737749 3513750974 2455931213 3921830194 3921737728
  80946   4135388297 1823531780 3919396388 4135307470 4135388416
  5266   3494981747 162711047 1522553015 3494987154 3494981888
  28191   2652876991 734326248 392127727 2652848865 2652877056
  65059   3761334079 2146982311 1366440963 3761399331 3761334272
  12270   3677125831 744974685 3307320263 3677113618 3677125888
  87218   4185595423 2686613755 993726185 4185682610 4185595392
  95352   2743822769 1995626086 191348009 2743918200 2743822848
  82682   3392296783 2025455329 2878156746 3392379642 3392296960
  80460   2585361193 1550298783 2406151627 2585441612 2585361152
  4667   3060245873 2491361395 555418834 3060250683 3060246016
  35512   3145796887 561954828 1171903805 3145832376 3145796864
  29136   2575455893 1546381755 2236474377 2575485136 2575456000
  14244   3898221853 221001246 1225228342 3898207580 3898221824
  34126   2833119181 813078120 457831670 2833085106 2833119232
  35869   3325357597 892538167 2614094495 3325393437 3325357568
  80902   2171167079 2017427305 1642656625 2171248134 2171167232
  30609   2775240341 1383949356 1724857163 2775271057 2775240448
  90846   3091326551 2070190891 2028367541 3091235874 3091326720
  57432   2208782993 17092890 328170495 2208725672 2208783104
  17654   2985694889 1985897351 174550295 2985677322 2985694976
  30662   3349736617 2362822698 3834112 3349767366 3349736704
  77726   2438341069 787757435 2123214079 2438418846 2438341120
  75963   3487759609 579018827 2801098828 3487835579 3487759616
  88399   2390154817 2214100112 1398544460 2390243407 2390155008
  20602   2320559407 1707536541 946323090 2320579962 2320559360
  30848   2356843553 1095905241 282775607 2356874368 2356843520
  48836   4056319417 1541802979 2207743719 4056270652 4056319488
  42649   2417971739 1149731551 1053795740 2418014361 2417971712
  83430   2812003217 1173989103 1367982510 2812086758 2812003328
  10963   3749384921 607989587 2697176724 3749373997 3749384960
  20028   2369758087 1791282629 511828306 2369738180 2369758208
  26684   2888827841 826097655 2062119141 2888801220 2888827904
  75620   3686094077 343074432 2061998522 3686018460 3686094080
  7446   3138127871 1870054953 3121096099 3138135318 3138127872
  41665   2162576261 1834429263 497062322 2162618049 2162576384
  31487   2774911871 1115854551 1114208134 2774943487 2774912000
  43808   3015415087 1896958278 1953636504 3015371232 3015415040
  40975   3068603093 2152413231 1714502880 3068644111 3068603136
  18888   3655089103 595668496 23739245 3655070264 3655089152
  76425   2730551401 1023082774 1639751530 2730475127 2730551552
  53122   2345154257 10287176 970279606 2345101182 2345154304
  61921   3715505243 1446072060 3623120924 3715443487 3715505408
  79926   3588351127 654883398 3110127350 3588431158 3588351232
  15712   2302531579 513880976 454887979 2302515872 2302531584
  2048   3160285423 16964427 2144966668 3160283392 3160285440
  77832   2652970007 220521049 2640099752 2653047816 2652969984
  28715   2751858233 394664630 2452374656 2751887147 2751858432
  59265   3319959649 2288888864 977928670 3320019073 3319959808
  35002   2787839189 1250264488 1962758426 2787874234 2787839232
  81111   3592237057 301043082 2043634314 3592318167 3592237056
  22456   2171228539 407760825 494764089 2171206216 2171228672
  56552   3075167903 2999916476 1551923808 3075111448 3075168000
  56136   4087623509 340979657 1596552131 4087679816 4087623680
  42098   3959462113 3514391954 2772451477 3959420046 3959462144
  2008   3687127799 3568087583 701682403 3687129816 3687127808
  17282   3609931891 2307673730 156454686 3609914750 3609932032
  44352   2886582913 1674659313 2851328527 2886627392 2886583040
  85236   3249291739 807597452 396898464 3249377012 3249291776
  47748   3462541801 1127300620 2847213128 3462589572 3462541824
  35796   2529437789 1371091828 1132176391 2529402156 2529437952
  4469   2449728419 1036549030 1978893606 2449724043 2449728512
  26798   3082610233 2922891094 501020353 3082637230 3082610432
  40940   4021471073 2396070358 2270268698 4021430292 4021471232
  15861   2685593081 2242444554 1421494386 2685577227 2685593088
  19544   2220977939 1216387966 1651903504 2220997464 2220977920
  47164   2584623733 2269548649 1516302422 2584576708 2584623872
  61864   2499348919 2484944340 1451083056 2499410856 2499348992
  55867   3253737793 2319396855 701329355 3253793851 3253737984
  91300   2994572401 226610694 1947987300 2994663844 2994572544
  108888   3897385333 1903900543 2355635787 3897276584 3897385472
  23238   4134624797 163738579 1409782710 4134601530 4134624768
  92472   2549416411 528719658 2106055852 2549508920 2549416448
  26286   4239699011 1128323130 3755421555 4239725486 4239699200
  12824   3648494351 2977358584 1035055842 3648507160 3648494336
  34366   3063516931 2700609793 1547215696 3063482562 3063516928
  15850   2517293929 1936701432 363202282 2517278230 2517294080
  17942   3957843823 3035418005 1179790970 3957861910 3957843968
  1418   2595292793 112591943 2182256295 2595291510 2595292928
  47556   3687650159 1442933585 1421119260 3687602748 3687650304
  13088   3184245319 1046558955 1619250375 3184258592 3184245504
  67178   2183371979 1322247747 1579900689 2183304854 2183372032
  3916   2820833179 2083234550 571483970 2820829364 2820833280
  43068   3193113611 854670815 177360686 3193070532 3193113600
  108358   3966697087 3783652486 1599737088 3966588858 3966697216
  49473   3872752921 2179246579 2260777980 3872703423 3872752896
  40312   3066756857 1092418840 813779764 3066716552 3066756864
  93324   3397722487 1642746723 2377406962 3397629300 3397722624
  48386   3753905209 2901737125 2254398846 3753953794 3753905408
  101633   3145171303 539345097 2159286710 3145273089 3145171456
  10187   2998608181 194374353 1486013405 2998598197 2998608384
  56218   2270587841 279418686 1243883711 2270531686 2270587904
  69057   3951994253 3159877554 2696268642 3952063425 3951994368
  19857   2569258423 505555899 934032705 2569278353 2569258496
  38329   2731388663 55168709 119396368 2731350343 2731388672
  79972   3865742497 2506293078 884487565 3865822564 3865742592
  105572   3724462211 2663602958 664759127 3724356764 3724462336
  100944   4187249579 2906019954 3998338254 4187350608 4187249664
  44908   4077164227 565664734 2954471189 4077209196 4077164288
  110448   3735888179 3409100887 603846688 3735777936 3735888384
  16532   4260495157 1902169296 2833790650 4260511892 4260495360
  32870   3917172421 1600837072 2422469283 3917205350 3917172480
  83952   3859540871 322123432 2302525718 3859624944 3859540992
  39652   2446151153 1139093019 1576610786 2446190820 2446151168
  65856   3862301479 3602526972 1503770447 3862235584 3862301440
  46815   3179518519 1484199576 1867863483 3179565535 3179518720
  71455   3318342509 2824270326 2816566356 3318271201 3318342656
  42640   4227576701 1276448927 524890422 4227534192 4227576832
  77111   4213682927 3107524525 2431422940 4213760055 4213682944
  84080   2440625531 2071105977 2140621686 2440709744 2440625664
  19049   4182063133 2171948687 568749435 4182044055 4182063104
  96688   2980703749 2606509065 356387044 2980800432 2980703744
  5812   2783606491 2417449316 2449166702 2783600716 2783606528
  20484   2545901707 1312368372 1664910638 2545881340 2545901824
  91421   2758789219 2035182510 1353275433 2758697955 2758789376
  108318   3348844633 2910921649 1841756968 3348736482 3348844800
  26912   3067069469 1754087207 148138457 3067096352 3067069440
  35772   3943717997 108900373 32280893 3943753916 3943718144
  43228   3572197477 1896339738 436376317 3572154404 3572197632
  66853   2909643487 1496806940 758464178 2909710373 2909643520
  99589   4193675831 373032488 3586225220 4193775621 4193676032
  94682   3543286031 2651122399 266486275 3543191334 3543286016
  41853   2516007313 819594717 1687817871 2516049277 2516007424
  1591   2643202417 443707474 55320120 2643204151 2643202560
  80032   2643906401 1579384709 278931368 2643986592 2643906560
  33540   2750530327 264409587 742448900 2750496764 2750530304
  21840   3899263001 261295894 1182836315 3899241136 3899262976
  80756   2449018529 1705476671 1790873874 2449099380 2449018624
  69179   3909648989 2350058230 2270715630 3909718331 3909649152
  13793   2853874633 2810952686 327035155 2853860895 2853874688
  105709   4141987573 4000847641 1931570113 4142093293 4141987584
  19532   3927249367 2758748939 2224535040 3927229876 3927249408
  51054   3759560501 218965163 2696626139 3759611758 3759560704
  5277   3090369889 1422848538 2506300317 3090375325 3090370048
  25806   3330753773 1876407354 2442040284 3330727986 3330753792
  39180   3419628349 3133212073 748296755 3419589364 3419628544
  95602   2890135051 1110293387 1349038316 2890230642 2890135040
  7627   2401039573 427416522 1781972245 2401047243 2401039616
  27946   3735537781 3542050265 3697983509 3735565866 3735537920
  91793   3728957509 759398854 2875360175 3728865903 3728957696
  39196   3222770933 715322647 1974265085 3222731748 3222770944
  57334   3612182263 350578865 2012901789 3612124938 3612182272
  60852   3955912109 1308996170 159666586 3955851340 3955912192
  56138   2904363551 76397240 1915008799 2904419658 2904363520
  58764   2818392959 25827695 2492875723 2818451852 2818393088
  21188   4286232029 3810571323 2986854338 4286253252 4286232064
  61208   2459784287 1729410701 1913010861 2459723240 2459784448
  44750   2282030437 730477040 1832209519 2281985842 2282030592
  23852   2325600919 1093132940 675803370 2325624876 2325601024
  19236   2729463497 1673176711 355427737 2729444316 2729463552
  98691   3602850367 3590526582 165485897 3602949251 3602850560
  32128   2564488499 655085628 67410880 2564520576 2564488448
  16987   2386031111 2313843098 1608406723 2386014117 2386031104
  15418   3361884601 3315434527 1844021730 3361900090 3361884672
  23186   4272369449 2750029834 2293828213 4272392850 4272369664
  54786   3817263083 2873803017 3028151547 3817317890 3817263104
  59533   4092934871 1017316294 2256429646 4092875379 4092934912
  88173   3020660143 452672048 1997728746 3020572051 3020660224
  63875   2952688603 2697339187 902500756 2952624765 2952688640
  13861   4292469353 1423835369 3317651029 4292455643 4292469504
  36540   2231742701 681544471 1876430042 2231779260 2231742720
  62363   4289107159 1419290744 1933473835 4289044837 4289107200
  13761   3682068043 1418643660 2276258299 3682081985 3682068224
  102400   3367659437 2293591243 148813777 3367557120 3367659520
  49346   3968487437 2054859239 428726132 3968536770 3968487424
  59564   3210154127 1903960140 2377839872 3210213804 3210154240
  85180   3808076039 1542836287 3102782668 3807990852 3808076032
  35962   2286301187 913200849 1326064834 2286337146 2286301184
  59968   3620623541 478328977 958043059 3620683584 3620623616
  123795   3896451457 270925049 1144619630 3896327789 3896451584
  81199   3469041931 880248763 3017238829 3469123119 3469041920
  43539   3837247261 576694680 2301126995 3837203693 3837247232
  69360   3203103571 464928047 2651326027 3203173104 3203103744
  78368   2301461629 1503822556 2208452 2301383392 2301461760
  87110   3553405871 2724791404 1372788690 3553493062 3553405952
  25628   3631464209 2814657870 76739968 3631438564 3631464192
  26808   2999586347 2356169469 456198448 2999613112 2999586304
  90691   2767508713 464947323 2684542088 2767418045 2767508736
  94922   2596531291 1790420336 1582943521 2596436534 2596531456
  5305   2147727431 1856146653 864280111 2147722311 2147727616
  28852   3867942787 1674559926 2196826678 3867971764 3867942912
  10325   2915283103 1030019378 1292074592 2915272875 2915283200
  9148   2425613191 184541620 201342295 2425622460 2425613312
  51004   3342072299 1002207560 2717441258 3342123324 3342072320
  40096   3209773843 2772189086 1112299947 3209813920 3209773824
  63018   4203422981 332213036 2583421771 4203359958 4203422976
  108976   4206540553 3114112236 2248641264 4206649520 4206540544
  26740   2626466671 711665992 2497307590 2626440076 2626466816
  93877   2730249637 2724619326 229113539 2730343605 2730249728
  7738   2323822603 2075729912 2105170200 2323830330 2323822592
  71040   2251474739 127981031 1266633671 2251403648 2251474688
  35180   2682119029 1015235215 1888225235 2682154348 2682119168
  104276   3068732533 1549243613 1746718719 3068836948 3068732672
  89820   3600647257 2681791312 1759452178 3600557604 3600647424
  36845   3001541069 2965187923 935290148 3001577965 3001541120
  82416   3948423337 3883157811 1901287842 3948505840 3948423424
  26045   4054681727 1212118789 1807756476 4054655811 4054681856
  90844   3358349479 1207650287 1523589154 3358440412 3358349568
  79776   4064611027 2497125313 970708408 4064531296 4064611072
  7600   3503161003 1358714453 2317584258 3503153488 3503161088
  23307   2292487567 1204161790 499059035 2292510987 2292487680
  60501   4022163109 1632312987 1411423373 4022223701 4022163200
  86066   2621183459 1661135319 193590392 2621097422 2621183488
  93847   2944501487 2471158598 2902417857 2944407657 2944501504
  99967   3507053167 10305128 1270128399 3507153279 3507053312
  15672   4258782953 63280870 3766574073 4258767304 4258782976
  25721   3187916657 1507070031 2230578337 3187942521 3187916800
  29396   3166936009 2662672103 1636710287 3166906668 3166936064
  81164   3955837199 2590515476 2700506819 3955756020 3955837184
  34988   3334076341 2212922159 1885595455 3334111404 3334076416
  38745   3095913089 2055959067 2123254864 3095874471 3095913216
  44706   3804769489 1697446149 3223621830 3804814242 3804769536
  32991   2572849001 2290983119 438447009 2572882143 2572849152
  71816   2989499441 60044541 1367218392 2989571208 2989499392
  6229   3017694353 2572626541 987797430 3017700693 3017694464
  105122   3847217839 1306418793 2354675296 3847112798 3847217920
  88822   4070550767 2760392223 2278425079 4070461962 4070550784
  72361   4103662573 3888759295 1942471375 4103734953 4103662592
  37205   3164786921 105097764 359460136 3164749739 3164786944
  101588   4199244121 3925928643 1712677729 4199142700 4199244288
  23575   2399997827 625496821 1285503330 2399974377 2399997952
  57822   3047368547 1139815976 1169575430 3047426526 3047368704
  114263   4204392727 574212917 1169892763 4204278441 4204392704
  69712   2448975247 2009548109 31074974 2449045072 2448975360
  63739   3332938183 1435329524 839319638 3332874501 3332938240
  61232   3726111049 641944792 1516086284 3726172464 3726111232
  112656   3709190549 153196189 2475801285 3709078000 3709190656
  54550   3968158169 2486654836 3708271831 3968212758 3968158208
  19579   3384594949 1100841768 184132841 3384575365 3384594944
  8220   2226932137 966041294 1778775753 2226924004 2226932224
  55275   3948119213 2507910751 1181772275 3948174571 3948119296
  21486   2930663233 1354145645 758852017 2930641938 2930663424
  81938   2571511667 2024992783 865520311 2571429870 2571511808
  92177   3492201151 1487920652 1509275327 3492109039 3492201216
  95176   3145596569 1245986585 1638328205 3145691848 3145596672
  47316   2397123217 2123450262 1998719249 2397076012 2397123328
  65717   2690661641 1790921425 1582249669 2690595915 2690661632
  67133   2426810557 551956354 202106021 2426743491 2426810624
  19757   2537079019 135688392 1679982717 2537059283 2537079040
  47101   2244144113 488126105 541444139 2244191229 2244144128
  6928   2433485983 1940890130 929261732 2433493008 2433486080
  19610   2178821023 130514097 1394420723 2178840730 2178821120
  64980   3213827129 1419047448 1916841835 3213762348 3213827328
  5188   3414091397 142385447 1086270975 3414086332 3414091520
  24596   2708587289 846334250 161857413 2708562668 2708587264
  36154   2976478607 2037016861 1354128276 2976442566 2976478720
  6826   3547712659 1066883861 2652681694 3547705942 3547712768
  72328   3958550903 3787801377 543629169 3958623368 3958551040
  75038   2983444537 2282845665 1004249508 2983519774 2983444736
  68172   3812726539 3373362280 3181132552 3812794700 3812726528
  13592   4233763823 2334823941 1544856503 4233750248 4233763840
  89055   3822826681 3141876525 1973508276 3822915807 3822826752
  41382   3514640671 3251830712 2537654188 3514599258 3514640640
  85278   3642689273 2568126674 3046945885 3642774558 3642689280
  21684   2259458273 569019835 1558243658 2259436620 2259458304
  58712   2810486963 585482259 2599794113 2810428328 2810487040
  58008   3815727583 330378353 1435955671 3815669608 3815727616
  13281   2177909803 381292969 1788095828 2177896479 2177909760
  32703   3651730063 1253026844 2220972181 3651762879 3651730176
  63179   3932597587 3754446813 1246150020 3932534581 3932597760
  91047   3735670651 1487760726 1353947110 3735579737 3735670784
  4661   3031221419 2706981965 240424423 3031216843 3031221504
  9953   2666670101 2382280715 1130888995 2666660127 2666670080
  45816   2519313703 1889283098 1555281787 2519267848 2519313664
  53656   3002250457 2715566698 1128164399 3002304152 3002250496
  69093   2579334481 2416768659 1419174714 2579265563 2579334656
  88934   3135250519 1417744388 2781042737 3135161754 3135250688
  90234   4037356769 1677418048 3193290782 4037447034 4037356800
  4409   2793183829 1149138380 955104382 2793179591 2793184000
  58718   2741821151 948943468 1952194010 2741879902 2741821184
  47290   2965778791 756916755 2139268731 2965826234 2965778944
  85100   3152214427 2482387585 300066039 3152129428 3152214528
  37639   3470611607 2841608652 734262413 3470574073 3470611712
  19110   3238724807 1307443524 1274191747 3238705754 3238724864
  4462   2869151497 2096358281 952386415 2869147026 2869151488
  6160   3866014951 568767103 2015362400 3866021136 3866014976
  39785   3500111569 1715328682 2927573246 3500151401 3500111616
  43142   3236324807 2806294708 2159870726 3236368006 3236324864
  54220   3888041783 2539729252 2162899402 3887987764 3888041984
  77152   3696908741 177674311 2984801154 3696985952 3696908800
  104684   3143417183 1363083205 592055847 3143522028 3143417344
  83398   2208939451 1597680573 1243098928 2208856122 2208939520
  24943   2160812273 1585420312 1216079637 2160837231 2160812288
  44252   3831450209 870316692 1998390322 3831494620 3831450368
  28079   4116657247 1661325592 3498239956 4116629329 4116657408
  30564   3461403749 2028482956 1358660510 3461434468 3461403904
  14322   2514060119 833282275 1264054121 2514074610 2514060288
  9844   2287270361 946221647 2260437014 2287280244 2287270400
  956   3341650471 3024530838 3186597719 3341651388 3341650432
  21642   4044235717 3729296912 1027032228 4044214134 4044235776
  33377   2695718777 10919316 792391637 2695685535 2695718912
  42486   2534933039 1429963788 1246640488 2534890506 2534932992
  99755   3580182973 996354384 2109213029 3580083285 3580183040
  40953   2979252803 1652354052 2691961100 2979293945 2979252992
  77194   2271213827 2116679938 1694192163 2271136630 2271213824
  20792   2440986269 689896888 588950541 2441007160 2440986368
  51437   2201327521 210714170 530876172 2201379053 2201327616
  100156   4039233001 2441312269 1758133063 4039333180 4039233024
  96096   3999279407 1192689528 1556643976 3999183520 3999279616
  87274   3618366991 3134441544 2653854958 3618279702 3618366976
  31032   3976140191 317290125 3323188044 3976109256 3976140288
  54960   3257463901 1483100568 154214967 3257409104 3257464064
  97020   2818771231 2051651717 2309174815 2818674180 2818771200
  45994   2283598913 1213149204 766856736 2283645098 2283599104
  9174   3275145239 720155399 351457624 3275154390 3275145216
  21052   2666525111 1908976490 567002910 2666546236 2666525184
  46559   2878035913 1938064696 1765443890 2877989409 2878035968
  53142   3992362601 3731408228 1230917497 3992309610 3992362752
  47098   3892434289 2910216102 2397584103 3892387334 3892434432
  85327   2886345643 2580673474 1684529020 2886431055 2886345728
  7148   3042422171 1232474374 1123693317 3042429420 3042422272
  51152   3836799541 3216993490 3575031011 3836748592 3836799744
  70440   2614074611 1843756539 1064135279 2614004184 2614074624
  95735   3029913283 1957821204 2478958162 3029817609 3029913344
  24650   3148964711 1903778480 410601039 3148940214 3148964864
  40496   2539792327 1671832160 1341354368 2539832880 2539792384
  90617   4119374981 2088896029 50346940 4119284487 4119375104
  112436   4034449907 3556803821 3999836933 4034562356 4034449920
  47030   2719366007 467956267 1659635957 2719413174 2719366144
  8228   3217801019 211753131 603621652 3217809444 3217801216
  16432   4096183783 2968657513 2079920036 4096167376 4096183808
  27020   3735716653 397583387 1816536740 3735743884 3735716864
  96000   2724292261 1761915685 1724633081 2724196352 2724292352
  35682   3200648083 2300755434 2815621688 3200683874 3200648192
  24750   3935399519 919067861 1230540050 3935374930 3935399680
  34143   2828306197 2187403606 2175326739 2828340319 2828306176
  40584   2535174013 645518726 181687109 2535214728 2535174144
  61754   2801016319 1918873300 2678489909 2801078074 2801016320
  34230   2236786847 812006903 2015003603 2236752714 2236786944
  71181   2176379357 81493195 364948513 2176308211 2176379392
  105759   3045861781 2327830962 849577477 3045756129 3045861888
  50388   2297704261 497165061 1525823427 2297654060 2297704448
  52553   3010423417 585253139 181749846 3010370999 3010423552
  28946   2741493343 1176116755 601036986 2741464558 2741493504
  77646   2782340537 106785463 353375450 2782262962 2782340608
  15804   3778137763 3642233626 324490054 3778153660 3778137856
  11484   2405398999 1884037381 996595771 2405387556 2405399040
  34888   3567941851 1515751385 202559182 3567976776 3567941888
  96790   3194871683 760601923 214389483 3194775018 3194871808
  94538   2289830131 1711968367 1743904178 2289924682 2289830144
  59656   3576623293 3365604502 631241073 3576563704 3576623360
  22856   4041152197 3166253736 253182360 4041175112 4041152256
  52198   2660305591 199007092 111772329 2660357862 2660305664
  66060   2906063137 1372156716 974286015 2906129164 2906063104
  100744   3637223203 1947879950 1909799023 3637323912 3637223168
  33488   3379526299 311220509 533497972 3379559888 3379526400
  82811   3663456281 228021679 957177037 3663539067 3663456256
  11435   3114447793 397525911 2870184468 3114436437 3114447872
  27838   3095290459 2586917757 357203557 3095262786 3095290624
  55837   2918077343 2048734521 1165859359 2918133277 2918077440
  12863   4174318331 1945905542 299492549 4174305473 4174318336
  60645   2612622161 998863863 2435986172 2612561691 2612622336
  48811   2207200327 95999662 1310863185 2207249323 2207200512
  68916   2562140351 920836591 1063176582 2562071500 2562140416
  57282   3550651369 492903015 2107307101 3550708674 3550651392
  93941   3674110829 1656547635 3387092806 3674017035 3674110976
  51517   2672757533 1566520017 2611877592 2672809021 2672757504
  43046   2572072403 1831782529 279271099 2572029402 2572072448
  38448   4223948713 2338997115 15526643 4223910352 4223948800
  58360   3001552823 731108547 688965245 3001494536 3001552896
  32368   3415053319 108934627 308540703 3415085680 3415053312
  2642   3573488647 2508371196 95954529 3573491282 3573488640
  76402   3719719907 2372197101 3627873416 3719643534 3719719936
  33991   3202149617 1357980529 349292688 3202183623 3202149632
  68613   2422205231 509186393 1225390921 2422273797 2422205184
  51975   2744110487 639296575 1487762571 2744162567 2744110592
  6948   2315980841 284209467 425003686 2315987748 2315980800
  36901   2348367883 793316687 311884272 2348404773 2348367872
  29672   2321257181 73975020 1228990002 2321286888 2321257216
  18124   4002656921 1132574599 2197448554 4002638900 4002657024
  55564   3898014157 3718247068 3509919549 3897958644 3898014208
  44176   2327362483 396391106 1588856291 2327406736 2327362560
  58254   3439421309 2121412101 1270243760 3439479694 3439421440
  35216   3893670061 2053267108 1677167076 3893634928 3893670144
  51124   3488159359 2499044105 2486773647 3488108364 3488159488
  17926   3246637903 861875025 1327656133 3246620154 3246638080
  26109   3502148777 496252789 132372207 3502174973 3502148864
  59201   4200730201 2541353361 3775917639 4200671167 4200730368
  14100   2502207307 1407160271 1180163009 2502193388 2502207488
  19092   3947348809 3811067416 515061771 3947329900 3947348992
  31760   2231284897 1053270550 1063682949 2231316752 2231284992
  33376   2271053537 291479460 1835903397 2271086944 2271053568
  2673   2941061401 1562903564 1294203261 2941064049 2941061376
  65805   3724523339 1790596807 2311206359 3724457715 3724523520
  45309   2193958499 949082772 720320888 2193913347 2193958656
  25825   4128169931 95937952 3851840368 4128195809 4128169984
  85127   2897040667 2809825677 2463281747 2897125767 2897040640
  55526   4175940017 3015521530 2678673948 4175884570 4175940096
  35866   2358960389 1188184095 1264527048 2358996250 2358960384
  27383   2633256757 149099911 2438816042 2633284087 2633256704
  86708   2275424321 1565086031 2177515391 2275337804 2275424512
  39429   2662606813 2101973537 778559136 2662646277 2662606848
  88253   3247514041 395825976 2333050687 3247425859 3247514112
  9152   3541761137 2345461180 560556658 3541770432 3541761280
  81929   2339539577 661155452 340924357 2339457783 2339539712
  76256   2547171463 707462848 499404140 2547095328 2547171584
  10110   4082763803 639576367 396979009 4082753666 4082763776
  79583   4090876373 3559535788 3966114565 4090955999 4090876416
  57714   2958262963 2411694428 2767646518 2958320754 2958263040
  57082   3214676981 2501352419 358508230 3214619910 3214676992
  117808   3709218631 2159705210 2044941513 3709336624 3709218816
  100321   2962165097 839244034 2407097971 2962064927 2962165248
  104824   2982804067 642144393 1707721552 2982699400 2982804224
  33242   2254076611 358513683 998178667 2254109914 2254076672
  44545   3131029511 1882656487 2977727299 3130984959 3131029504
  73216   4018892627 2537075081 149309395 4018966016 4018892800
  101196   3065438867 2117508202 1899877981 3065337780 3065438976
  58975   2174500943 519770426 200839007 2174560095 2174501120
  53400   3747949691 3497323207 2623997579 3748003224 3747949824
  111083   3211667621 2462228827 1113908395 3211556629 3211667712
  11775   3102264167 1347564872 3048202930 3102276095 3102264320
  6321   2449855339 1083558649 1914610488 2449849167 2449855488
  39914   3264724663 2206931695 1395566025 3264764650 3264724736
  66616   2149379443 83869066 821549770 2149446200 2149379584
  78948   2346162391 540651853 2107584511 2346241380 2346162432
  29496   3772629541 510927742 238232213 3772659000 3772629504
  7669   3055481969 3040632101 1191022813 3055474443 3055482112
  15579   2260350769 1863867298 1817834764 2260335141 2260350720
  36088   2427642337 1457852348 1186005509 2427606280 2427642368
  36860   3830935103 2060612845 3736474998 3830898436 3830935296
  7566   2730023419 1394930840 2547314756 2730015858 2730023424
  41366   3746644073 1708160108 3301187728 3746685590 3746644224
  78424   2560480669 441177376 1809803691 2560402344 2560480768
  61857   4201680913 3575286241 4175557775 4201742753 4201680896
  3356   2458403537 2020531424 2410064239 2458400228 2458403584
  49310   2473809131 1928801383 923206466 2473759842 2473809152
  108621   3579765421 1429438176 104655943 3579874125 3579765504
  1585   2725092569 837164355 607226188 2725094193 2725092608
  52796   2649583889 1100361225 1601770744 2649636668 2649583872
  12858   2198240747 580050645 96664540 2198227910 2198240768
  80878   2941835213 2472342452 1328451636 2941916142 2941835264
  77216   2869280761 646788639 541394876 2869203552 2869280768
  13309   3554615423 2515347800 2972784454 3554602243 3554615552
  92152   2701536457 518078371 1525262248 2701628664 2701536512
  90616   3914301631 3592998265 1302831486 3914392312 3914301696
  26536   3999258097 1472978731 2726238067 3999231576 3999258112
  111768   4028914363 2089218343 1788341505 4028802664 4028914432
  6852   3236557283 1370051953 2044909414 3236550460 3236557312
  45160   3323242511 1304569490 2228121687 3323197336 3323242496
  33124   3961276679 1621299650 736732200 3961309796 3961276672
  23348   2418460673 1519630834 614578919 2418484020 2418460672
  2325   4085467823 3029764167 3870326729 4085465579 4085467904
  3159   3392647249 530066764 601541811 3392644265 3392647424
  108197   3779772209 741909628 2032665307 3779664219 3779772416
  12380   3269207351 1436247979 1517926512 3269219932 3269207552
  10520   3223846049 2187882296 126271985 3223856664 3223846144
  10813   3258834763 732834623 2371630507 3258845757 3258834944
  65168   2424343849 2151698402 2217858317 2424408976 2424343808
  64708   2687973419 2082835940 452882807 2688038084 2687973376
  12600   2522889143 1593551650 637051766 2522876616 2522889216
  63692   2744115631 1923908126 1450183497 2744052020 2744115712
  62252   2712946021 493904500 2256952856 2713008428 2712946176
  71704   3334560347 2939104921 735159693 3334632216 3334560512
  42618   4045617239 2050127993 1333119269 4045574790 4045617408
  106493   3963456197 1941897330 2864028089 3963562749 3963456256
  19135   3109373053 2496550081 2778363733 3109392319 3109373184
  34880   2362219423 1589382423 1222240733 2362184640 2362219520
  25207   2321927401 2253037745 1819944963 2321902217 2321927424
  6796   3383827417 2978197261 1988808887 3383820660 3383827456
  25386   3331441621 138996966 1314620698 3331467050 3331441664
  39672   3161508841 973617457 2822583259 3161548536 3161508864
  63154   3915057269 1486255022 2104571257 3914994254 3915057408
  55509   3433892027 2716611958 3124082649 3433836587 3433892096
  93304   2982346201 1984396553 380602700 2982439544 2982346240
  18548   3641558407 3258039180 2042502674 3641577076 3641558528
  75280   2753297111 2642853358 1077337377 2753372432 2753297152
  53474   3375503143 1425590561 296425963 3375556578 3375503104
  37376   2933744287 454674607 1904651604 2933707008 2933744384
  60120   3527626801 1567931110 2878638814 3527566888 3527627008
  46048   3735435239 1185347382 2579960895 3735481312 3735435264
  23632   4128108239 2245359372 1318002963 4128131920 4128108288
  84765   4166486017 3563569560 2850609734 4166570781 4166486016
  17488   4028422429 875707052 844574372 4028439888 4028422400
  121336   4051925923 3888079206 3683662183 4051804680 4051926016
  26136   2980292923 557939139 700959766 2980266984 2980293120
  84786   2829116461 807617204 193150716 2829201202 2829116416
  73214   2464804259 2217115145 513209699 2464731138 2464804352
  29392   3432204871 1052410036 2167015058 3432234448 3432205056
  95471   3911813599 892676154 1706524874 3911718161 3911813632
  77876   3813074777 3257014853 3005319106 3813152820 3813074944
  30090   2498811569 867811261 1946566474 2498841738 2498811648
  4044   2954102509 2245724222 2841137493 2954106572 2954102528
  40047   3604084093 3119243490 214186509 3604124271 3604084224
  35671   4272506129 4187317353 3214975398 4272470441 4272506112
  90025   4232326723 2165559688 2832113203 4232416937 4232326912
  58674   2387811157 688581064 203242774 2387870002 2387811328
  47596   3089797873 2061606344 2127330950 3089750292 3089797888
  50745   3952130419 2644986552 3504016702 3952079815 3952130560
  21207   3081259679 2507172699 2711548934 3081238569 3081259776
  83168   3316995449 2093867453 632541629 3316912416 3316995584
  11508   3684439127 2169592500 3408068391 3684450804 3684439296
  7972   2400907631 2189634913 1025664975 2400899804 2400907776
  26695   2230149679 1472850591 1806110887 2230176327 2230149632
  23061   4187622991 2580454091 2424012889 4187646229 4187623168
  16620   4068947633 613417673 749026917 4068964332 4068947712
  34918   3164888393 2593428139 1616014689 3164853658 3164888576
  66760   2284241933 1390714285 321293300 2284175160 2284241920
  19444   3463284263 130524907 2609149166 3463303668 3463284224
  71026   3517818223 1799072085 3487493024 3517747342 3517818368
  62141   2219776243 960598972 32445963 2219714115 2219776256
  63234   3838943359 250056516 2489836936 3839006722 3838943488
  77515   3306735151 68485496 2767033411 3306812619 3306735104
  29735   2258680439 1860649780 849432019 2258710311 2258680576
  62117   3781361921 2602127233 2358955675 3781424037 3781361920
  5640   3846339631 2140677235 3406794562 3846345480 3846339840
  25829   3266434909 2089921149 2907314881 3266460901 3266435072
  13086   3082450849 756953382 554911527 3082464030 3082450944
  71036   3850365721 3120175685 131529563 3850436732 3850365696
  43564   4190864773 2866103759 1816911023 4190908460 4190864896
  60531   3389479619 86871488 1867653273 3389419149 3389479680
  64043   2802322451 2300006572 2166490081 2802258389 2802322432
  10722   3375171307 3277658219 3364650660 3375182050 3375171328
  69536   2883046057 2606251994 195188988 2882976608 2883046144
  1841   2941687543 1091497445 2451670187 2941685711 2941687552
  43024   3549781897 1151101834 2331705167 3549825040 3549782016
  6984   3547533749 63065457 1341599351 3547540808 3547533824
  59604   2238632327 1764701548 411485693 2238572844 2238632448
  74512   3660068651 3149424951 2730210031 3660143376 3660068864
  26044   2591660221 1985027904 612487771 2591634244 2591660288
  101536   3580193867 2317219433 398997651 3580092512 3580194048
  68216   3087927593 2851591632 1202787607 3087995768 3087927552
  25039   2441766949 284304736 784054714 2441791951 2441766912
  49362   2512056499 455252703 2248113848 2512007214 2512056576
  40022   2948384321 2547280356 1881883515 2948344490 2948384512
  6190   3938748713 44225332 1573425409 3938742738 3938748928
  57353   3657302483 1650147953 73206515 3657245175 3657302528
  65254   3157096939 346989204 2794073637 3157162214 3157096960
  38640   2476126621 1030663098 1703209842 2476165360 2476126720
  48244   3525203791 559764746 3198769527 3525252212 3525203968
  21256   4135578841 1537548145 2164715611 4135600136 4135578880
  17592   4163466079 3678136208 1822491117 4163483832 4163466240
  10964   3881765119 1206871673 12850783 3881776084 3881765120
  70258   2878034833 977204006 114666055 2877964686 2878034944
  29764   2435405179 243841522 53675222 2435375548 2435405312
  18934   2348537447 1620578986 894571836 2348556534 2348537600
  26506   4184667239 2693349699 775787486 4184640886 4184667392
  14217   2809085969 1785823542 1583166307 2809071735 2809085952
  113875   4184946917 3189332725 3918143177 4185060819 4184946944
  63416   3887826001 113399668 3737572424 3887889592 3887826176
  16686   2687921461 1703129608 390003580 2687938094 2687921408
  32990   3837321013 1270389997 2847567235 3837288226 3837321216
  77773   3127530151 2661147248 2190037373 3127608013 3127530240
  39888   3929912299 2314063522 1895700202 3929872432 3929912320
  41520   2280748739 1513454309 1540536425 2280790320 2280748800
  71623   3995495929 2707221488 3773424074 3995567559 3995495936
  1152   4270304053 2004357346 3960168941 4270305408 4270304256
  37824   3789930841 475189116 622090282 3789893184 3789931008
  14765   2995727071 1510173216 404624314 2995712339 2995727104
  36601   2934721667 2719862546 73850310 2934685191 2934721792
  17590   2174364721 460692368 1950062488 2174382262 2174364672
  85620   4184793299 1904458668 466291310 4184707724 4184793344
  7127   3126342259 2583942803 1617980552 3126349527 3126342400
  17436   2484190591 1673794441 2412582167 2484208156 2484190720
  19580   3484642529 1334473748 3297234052 3484622980 3484642560
  37412   3655664633 1230893926 350345348 3655627228 3655664640
  119868   3898984651 2190049902 1390781958 3898864836 3898984704
  48446   2190268649 594364741 1436382526 2190317118 2190268672
  93597   3201384293 836172521 1240458651 3201478045 3201384448
  19026   2808916079 2224529680 156629688 2808935250 2808916224
  66552   3842478041 3055284020 2908203904 3842411528 3842478080
  47680   4046433311 1748466562 1554364069 4046480960 4046433280
  74102   2442161347 1753101652 1609310804 2442087306 2442161408
  19106   3997265651 2610673136 2699500465 3997246558 3997265664
  918   2209124681 290226546 375723695 2209125782 2209124864
  62086   2200762097 1248122071 1652362831 2200824198 2200762112
  20240   2737521953 858655490 1904760931 2737501680 2737521920
  88522   2575299533 1689095697 744681316 2575388106 2575299584
  21975   3652957057 2111614212 2252116535 3652979159 3652957184
  90223   4262855693 1754471824 3099964594 4262765457 4262855680
  32444   2460976787 1474646145 2103101097 2461009340 2460976896
  32010   2568678781 2444881173 1497154284 2568646902 2568678912
  47542   3272842493 1508750238 901734831 3272794954 3272842496
  57976   2973583259 1610632606 297738599 2973525384 2973583360
  34199   3713128577 2706241991 578217607 3713162903 3713128704
  46300   2197368143 132997170 1529482905 2197414620 2197368320
  21642   2547939949 401455595 2399537590 2547961738 2547940096
  48129   2322834187 263767861 1776039966 2322882305 2322834176
  8551   2324623177 1332271299 1843637280 2324631911 2324623360
  76625   2512291763 2131236139 894006661 2512215215 2512291840
  45184   3853846103 1206838928 326346104 3853891456 3853846272
  4288   2743499951 1234244274 1306945431 2743504320 2743500032
  12688   3281037289 1505227482 1418195775 3281024624 3281037312
  25532   3498110809 2494439250 2095689659 3498085444 3498110976
  2275   4267677241 1566721856 3154301875 4267675165 4267677440
  17682   3758430493 1569806898 3623036348 3758448146 3758430464
  13068   3317059247 1435730995 1161176059 3317072396 3317059328
  70577   3327470521 1289029192 991191261 3327400015 3327470592
  40244   2295634303 60810772 1496476394 2295594188 2295634432
  41243   4275130001 2692184701 495854344 4275171355 4275130112
  105642   3422450503 2241656527 1574236369 3422556330 3422450688
  67663   2711536007 1141129352 1826859257 2711603791 2711536128
  14836   3811213499 3421669871 1759501162 3811228404 3811213568
  5296   3991428823 3494765611 1873599784 3991423568 3991428864
  68699   3713730743 3589362865 2751065787 3713662117 3713730816
  56890   3702587443 3233746508 2681066765 3702530758 3702587648
  90112   3063595961 765853495 2942212541 3063505920 3063596032
  37750   2553613483 2051994432 1829820565 2553651318 2553613568
  42944   3882109663 1521772045 2502241089 3882152640 3882109696
  33856   2245888793 2098105739 1469704772 2245854912 2245888768
  45333   3693058573 3422016875 1206628277 3693103893 3693058560
  3676   2664423199 1698673057 1328025729 2664419492 2664423168
  78508   3358411543 1259705838 2647549328 3358333012 3358411520
  16754   2973918413 2840500948 2321364251 2973901710 2973918464
  25697   3612480749 1260811131 3447672291 3612455071 3612480768
  72469   3401819297 2609106815 431851026 3401746923 3401819392
  106581   3056727241 2635268303 2587294137 3056833877 3056727296
  100308   3807438289 2167608868 3513263591 3807338028 3807438336
  83456   2644734017 1593727587 1012810012 2644817664 2644734208
  68024   2403741287 872710871 12159362 2403809464 2403741440
  8097   2664620183 928074559 2118773240 2664628385 2664620288
  32595   2795043029 581128393 2716266454 2795075667 2795043072
  4498   3691450843 2445661912 577982314 3691455378 3691450880
  3300   3729965479 400743027 664315044 3729968868 3729965568
  42025   2655782219 2288210092 16438597 2655824425 2655782400
  36120   3031461683 2381820935 660144887 3031425768 3031461888
  34400   3220967597 924604533 2493154609 3221002080 3220967680
  6605   2666868683 2538235626 1088312636 2666875341 2666868736
  90106   3856623053 399991913 1768181483 3856713210 3856623104
  24717   2843947571 61517878 946896650 2843972237 2843947520
  20489   3476223263 2620163447 2942376446 3476202743 3476223232
  96688   2825190889 951588854 1032949155 2825287600 2825190912
  53415   3559269047 3253367877 2429303612 3559322535 3559269120
  14568   2622019843 4786374 1045148545 2622034408 2622019840
  47101   3730127507 3626916614 2591728923 3730080515 3730127616
  40647   4038437903 3080861927 980705458 4038478535 4038437888
  30992   3000921397 785445017 1499235354 3000952592 3000921600
  56962   2906464807 1178444371 268489432 2906521730 2906464768
  75020   3106170029 2056644359 2460737282 3106095092 3106170112
  24728   2839467427 2526909821 2591870605 2839492248 2839467520
  29646   4058935403 2861075756 915174528 4058965198 4058935552
  91937   2328726503 519384887 237519709 2328818465 2328726528
  85292   3805834187 2984869310 330927322 3805748948 3805834240
  22963   2258309551 2046694273 1641238045 2258286669 2258309632
  53648   2931087073 1579386242 1291348882 2931140752 2931087104
  38883   4053297673 1333272880 3596823754 4053336547 4053297664
  56062   4102764509 1478934557 1092551184 4102820606 4102764544
  78332   3495383429 2497184203 511155851 3495305220 3495383552
  81600   3192042041 1395666642 1702142296 3192123840 3192042240
  6897   4076353321 1172784489 289780006 4076346639 4076353536
  95756   3476331823 2409948406 896741199 3476427788 3476332032
  4370   2343731023 1813965737 2257681013 2343735570 2343731200
  97867   3438061057 2957630127 3092610046 3438158923 3438061056
  90093   2344810087 2033242577 989213582 2344720147 2344810240
  74444   3864505657 998777907 1170036219 3864431412 3864505856
  75029   3673791773 2337987741 1676144389 3673716715 3673791744
  59640   2446540823 1777661576 1644652450 2446600440 2446540800
  7136   4029748637 3014516498 2651284504 4029741600 4029748736
  37031   2203574567 1513196576 1079185034 2203537497 2203574528
  71939   3321562903 3016412546 682217800 3321634819 3321562880
  59378   3838308413 3705252689 122017277 3838367986 3838308608
  51894   2455751713 2256954245 411405175 2455699786 2455751680
  64296   3235366331 886298901 3106877129 3235430696 3235366400
  88161   2451120437 1153826752 1590590581 2451208545 2451120384
  90769   4259185823 1292260433 1120294494 4259095151 4259185920
  8842   2640566473 141409992 436736786 2640557686 2640566528
  24822   2170758049 255074439 360130001 2170733322 2170758144
  4452   2349729097 1989896305 1155446255 2349733732 2349729280
  324   3801424903 120588332 1004674456 3801425220 3801424896
  11031   3510213983 2628388010 660757614 3510225175 3510214144
  60040   3481157483 3198364309 693331896 3481217672 3481157632
  32102   2149770947 1692816091 1235858624 2149803110 2149771008
  27494   3609474457 3199576383 1113749790 3609447066 3609474560
  65839   3464352401 338211671 2931248345 3464418351 3464352512
  84418   2601049091 1289904606 2421223082 2601133506 2601049088
  16104   4226083541 204992971 3197064053 4226067480 4226083584
  35598   3220486651 101427996 1217538514 3220451058 3220486656
  14771   3882356311 1166882650 3218783657 3882371251 3882356480
  41229   2301922141 723091961 56950060 2301881075 2301922304
  30554   2537074901 508168437 1670456667 2537105498 2537074944
  91591   3403177711 1945308909 1125001588 3403269319 3403177728
  74457   2896664647 1301874553 2570494606 2896739289 2896664832
  63292   4020880109 2709574841 3162133987 4020816836 4020880128
  44276   4166842921 1887260897 3025959022 4166887412 4166843136
  78823   3791178791 443428173 2808185687 3791257575 3791178752
  43198   3997758797 1427019115 955872540 3997715778 3997758976
  40392   3552222077 3268373101 1420448907 3552262600 3552222208
  65364   2450074313 1176978485 223367304 2450009004 2450074368
  46574   3826263229 912639362 3222887275 3826309870 3826263296
  20025   4071672131 3387058772 1596894465 4071692345 4071672320
  26690   4258295401 913741001 2825238468 4258268862 4258295552
  56627   3432208181 908896065 1626235315 3432151757 3432208384
  57527   3311887801 1781252543 1889538616 3311945399 3311887872
  49700   2308896439 290919707 907437675 2308946212 2308896512
  5050   2347662677 1727853779 960946391 2347667898 2347662848
  50131   3734705213 754645125 1247051500 3734755539 3734705408
  98665   2699493521 201891969 2076848371 2699592297 2699493632
  20915   3138773543 1018054191 2072458445 3138752589 3138773504
  88344   3204998189 511752550 1687586570 3205086488 3204998144
  54372   3063704873 11560235 2655108592 3063650460 3063704832
  91941   3683534549 3191513489 3081798743 3683626533 3683534592
  21023   3311583497 1703310055 495354272 3311604511 3311583488
  74537   3520038671 1959710763 2445428453 3519964119 3520038656
  2416   3647130169 453044380 1708954153 3647127952 3647130368
  33768   3076262243 350242541 817053346 3076296168 3076262400
  16398   2644008149 52236831 1178811830 2644024590 2644008192
  26994   2640321163 1333110404 762934674 2640348274 2640321280
  76778   3888808601 2150195634 1446485093 3888885482 3888808704
  89767   3924621809 726355992 2748336119 3924711591 3924621824
  36816   3818236321 3359986579 314969470 3818273232 3818236416
  46628   3594651271 3357961582 221989832 3594604764 3594651392
  96208   4237603319 4236098110 4080645559 4237699536 4237603328
  11092   2398237573 2191194000 1910783242 2398248788 2398237696
  68826   3542246639 1915433240 1394263524 3542315482 3542246656
  45910   4010620961 2574715277 2827926409 4010666838 4010620928
  49300   2367729401 1020078854 1698818738 2367778708 2367729408
  14322   2554722697 362061651 1991956184 2554708494 2554722816
  86447   3554856307 2384068057 1632647866 3554770001 3554856448
  18808   2665979653 96709330 615883888 2665960840 2665979648
  69236   2371709297 933590383 645829715 2371778676 2371709440
  84069   2241153643 602248772 668659618 2241237861 2241153792
  12386   3992025809 2908069233 3855943123 3992013470 3992025856
  10033   2480820143 2028594289 995497399 2480810191 2480820224
  66544   4289080667 2854628302 3445297698 4289147376 4289080832
  29877   2218325309 695410067 78645981 2218355381 2218325504
  71208   3121427689 1121428016 2580960632 3121498920 3121427712
  111467   3717101383 1074180887 2559320334 3716990101 3717101568
  20471   3494672453 2931063779 2762737015 3494693111 3494672640
  42400   4144009127 3456113434 2120634403 4144051616 4144009216
  19552   3350443163 2160569302 275909403 3350462816 3350443264
  49948   2566449869 1075203874 2170318854 2566499868 2566449920
  90251   2957581633 1363389405 1443600847 2957491573 2957581824
  94210   3051669479 2800974234 2034742790 3051763714 3051669504
  50564   3732245233 2425352793 3026752952 3732295812 3732245248
  25749   2209024547 1202507505 825262377 2209050261 2209024512
  72994   3567398741 2068396425 1946020872 3567471906 3567398912
  11554   3489714791 2362867357 2152168312 3489703390 3489714944
  110178   3557252141 3461327671 1772264259 3557362530 3557252352
  38230   2668536259 2507696703 35772576 2668498090 2668536320
  38200   3439073041 2278540084 106117454 3439111224 3439073024
  61912   2264293819 1557897998 942193273 2264355800 2264293888
  5930   3765544361 1862172762 2389961482 3765538518 3765544448
  13815   3189942689 1196976052 499646650 3189956599 3189942784
  55172   2215517387 422052542 600606100 2215572612 2215517440
  4646   3958354063 3222751978 2791606508 3958358822 3958354176
  16797   2606567399 911210221 439137893 2606584221 2606567424
  81032   2158022947 555927704 1577205474 2157941880 2158022912
  52796   3840300587 862657291 2691441354 3840353596 3840300800
  33014   3347640031 2487434789 1227135184 3347673078 3347640064
  2374   2246710153 1273452653 748041657 2246712646 2246710272
  6414   2572208831 1598751352 1192349817 2572215310 2572208896
  82988   4194610597 1475117613 950558045 4194527700 4194610688
  34891   2660783999 2559001438 467137141 2660819019 2660784128
  14652   2762034697 1324856503 1561139761 2762049340 2762034688
  18430   2930604613 256689944 2872767643 2930586370 2930604800
  25376   2701115369 2362054015 1426480606 2701090016 2701115392
  47439   3149753903 1077597110 1644549986 3149706417 3149753856
  43739   3868594747 799323461 2187261419 3868638683 3868594944
  25048   2833402069 1206472510 2133073341 2833427160 2833402112
  103620   3377682137 3110065042 777273096 3377578556 3377682176
  96702   4087467617 1611715033 166419792 4087371074 4087467776
  29566   2451775559 151644748 1540286797 2451746178 2451775744
  12912   3579349049 3328228247 657701941 3579336336 3579349248
  41582   3320060959 1118518434 401002935 3320019346 3320060928
  5664   3564946163 2060147910 2933406414 3564951840 3564946176
  66635   2291654389 375346565 802255575 2291721035 2291654400
  76372   2239690421 1505451055 1216905795 2239614124 2239690496
  16388   3796075207 1265327805 816937077 3796091652 3796075264
  123355   3944219417 1028422409 1314126970 3944342747 3944219392
  47440   4168725739 742256728 3297442360 4168678320 4168725760
  45372   2296600133 857656005 1797073038 2296554948 2296600320
  84848   3048071357 1557698217 693310040 3048156272 3048071424
  2062   4194474469 3055463384 238925294 4194472434 4194474496
  74406   2542782013 1402041846 632875472 2542707802 2542782208
  34084   3889480961 626001910 746235297 3889446876 3889480960
  77503   3484209613 1746830635 1045097232 3484132161 3484209664
  12408   3669033463 1569763171 241006342 3669021064 3669033472
  67019   4174676699 1439591726 3838278536 4174743755 4174676736
  764   2196474751 116302099 984167008 2196475644 2196474880
  28072   2635302133 401963032 302411088 2635274072 2635302144
  76747   2585953969 2539555669 895649038 2586030795 2585954048
  51297   2915378737 338658250 405464475 2915327391 2915378688
  17218   2779483463 2395157684 2168054996 2779500866 2779483648
  79866   4061777543 1535969744 2176043121 4061857530 4061777664
  15810   4242749813 848352614 3142679777 4242734142 4242749952
  26176   3259217831 687523588 2459818554 3259191744 3259217920
  62664   3419965711 2752764499 652989508 3419903032 3419965696
  23976   3878051371 1177102623 743758081 3878027608 3878051584
  6858   3080959109 294709258 1527528208 3080966090 3080959232
  42884   2953835141 2718252475 2096448418 2953792380 2953835264
  23730   3048949457 200183234 2415487130 3048925774 3048949504
  46693   4085778839 2190782193 4026272379 4085825637 4085778944
  32743   3929268311 3832375670 1017982519 3929301223 3929268480
  5252   4031220119 753106863 3415718619 4031225476 4031220224
  10943   2872645021 2559219578 2091863007 2872656063 2872645120
  75833   3854023463 67734891 2152838971 3854099257 3854023424
  51602   4224891917 50104775 2590844380 4224943506 4224891904
  99632   4201194589 483363713 3410110289 4201294384 4201194752
  42801   3329843047 2258834876 2116102344 3329886001 3329843200
  56752   2378671829 255824390 1343837372 2378615120 2378671872
  12793   4013095943 1618033190 3151728764 4013083143 4013095936
  9155   3958184819 633135735 2676633028 3958175805 3958184960
  27343   2711335591 607385844 1198545535 2711363023 2711335680
  52672   3182075063 683461272 1665418053 3182127808 3182075136
  50401   2944987901 2649210349 690390962 2945038305 2944987904
  33436   3319146277 1963190439 1539512686 3319179676 3319146240
  51416   3881297579 3555792963 1236141377 3881246248 3881297664
  65560   3430083037 1059534061 2267905113 3430017512 3430083072
  14154   3783104371 1743479971 495886925 3783090358 3783104512
  1909   4253474053 2113025193 1345096154 4253475957 4253474048
  40059   3119815217 2124141778 1178474899 3119775109 3119815168
  69844   3009443387 2627517981 647318080 3009373740 3009443584
  55234   3679574879 482708128 2613911675 3679630274 3679575040
  86669   3397411847 3083820465 1915549056 3397498509 3397411840
  47744   4018521449 2190720909 3134978847 4018473856 4018521600
  23178   3583845409 153083843 1047089227 3583868554 3583845376
  9817   4235937781 2808662728 892827418 4235947609 4235937792
  24178   4242186253 2793708207 1867483243 4242162062 4242186240
  59742   2665295861 1439076446 219947950 2665355614 2665295872
  44995   2227044301 362969779 1287064612 2226999357 2227044352
  23792   3405972589 1189708014 1646025138 3405996528 3405972736
  49428   4113818521 3122376234 1384874850 4113868052 4113818624
  92008   2546737811 1563264619 153398270 2546645912 2546737920
  9068   2349518629 2273166731 126341108 2349527660 2349518592
  71548   3381091543 38597453 1141352928 3381163132 3381091584
  48669   3447358517 1897143048 60568040 3447310051 3447358720
  14745   4090256713 113349640 342837519 4090271641 4090256896
  25449   3842730161 1093448179 100907274 3842755689 3842730240
  7467   2166632071 1976958021 594938421 2166639659 2166632192
  46985   3803772163 2068085873 1631287048 3803819145 3803772160
  7554   2381312749 1595872864 1711916127 2381305214 2381312768
  75833   3990345529 1649332848 3619201413 3990269895 3990345728
  68112   2993458019 1730205045 2859691553 2993390064 2993458176
  74885   2965038343 2907829739 2879935929 2964963451 2965038336
  63346   2219042711 436491975 49308361 2218979470 2219042816
  98534   2533161493 1333315850 126452134 2533062938 2533161472
  12893   2583254743 2442974351 1802174125 2583241891 2583254784
  84824   2917351807 503210215 213013872 2917267112 2917351936
  92949   2592688211 68901269 962223399 2592781333 2592688384
  31226   2189738891 290744224 1865980757 2189707782 2189739008
  87386   2386242277 1889766231 583791822 2386154918 2386242304
  53770   3615803753 64478068 3562944242 3615750134 3615803904
  112856   4088645681 199462782 32645017 4088533032 4088645888
  90815   4095484051 319461740 1932267082 4095393345 4095484160
  34980   2376706459 294717303 714880714 2376671580 2376706560
  54140   2189060261 1068145359 1068561642 2189114492 2189060352
  68384   3930534917 2959915529 2917506938 3930603296 3930534912
  4017   2467062187 1551702637 488818223 2467058255 2467062272
  42807   3202150117 3069252404 2351163500 3202107337 3202150144
  39524   3558224381 2875161784 2945870119 3558184860 3558224384
  84916   4220470117 1780703917 414231562 4220385356 4220470272
  46248   2686576799 2072911445 529300800 2686530648 2686576896
  47842   4116675587 3640575169 3728118107 4116723426 4116675584
  20726   2592487847 1186359837 1614299147 2592467210 2592487936
  21606   2402861369 1960684948 1442915822 2402839706 2402861312
  13828   3118324753 2422467996 1357224872 3118338564 3118324736
  55195   4002828953 1045278970 2559830431 4002884251 4002829056
  102430   3057329879 2875324178 921057116 3057227490 3057329920
  46251   2785175017 92768304 176691938 2785128789 2785175040
  32068   3648886697 1450465685 1206749748 3648918852 3648886784
  61256   2235106961 548592005 95475736 2235045816 2235107072
  34332   2268155977 1054465600 1678261956 2268121828 2268156160
  29118   3458381461 3222076815 1984816062 3458352450 3458381568
  31171   3473650937 899535492 1178247513 3473619773 3473650944
  31921   2310628811 1726255560 1320081747 2310596943 2310628864
  77235   3131593603 1193560026 1584793025 3131516493 3131593728
  99838   2950037689 2248610537 2837849836 2949937922 2950037760
  76274   2158009921 1389707518 1267177489 2158086386 2158010112
  93080   2277236959 1617864934 1473203650 2277330072 2277236992
  20840   2661609967 1272883394 843543851 2661630824 2661609984
  73378   4033557013 3943891563 495126167 4033483614 4033556992
  23448   4272880751 3410531117 1273421998 4272904344 4272880896
  72858   3167710423 1820303502 3009807921 3167637606 3167710464
  72936   2795646671 1670497135 1260518062 2795719656 2795646720
  10148   2204179927 1342789692 1689921552 2204169820 2204179968
  93598   2774505323 360899203 2741922144 2774599070 2774505472
  69979   3011097809 1065515743 2992808149 3011167835 3011097856
  19582   3150414847 1697433113 2841777934 3150395266 3150414848
  11044   4190408459 3017243371 2072314053 4190397404 4190408448
  43172   2608874707 86888394 248588045 2608917924 2608874752
  47305   3408958103 1387952750 3111959856 3408910903 3408958208
  11141   2336223859 1896478724 812347475 2336235141 2336224000
  22702   3542564579 1903575177 3420306087 3542587310 3542564608
  76251   2821658881 1901452204 1613508986 2821582629 2821658880
  41520   2333634503 989780027 1769930853 2333593040 2333634560
  3174   2791199183 130181492 724835500 2791202406 2791199232
  52717   2340498323 898525892 1429314233 2340445715 2340498432
  99304   3836191187 2095312270 2722048183 3836290536 3836191232
  24102   2970668819 1783632273 300849830 2970644698 2970668800
  15736   2424018659 1781765007 605682592 2424034424 2424018688
  16162   3459187903 1109708795 2720902179 3459204130 3459187968
  44191   4150066787 3426219611 4134679795 4150111135 4150066944
  101120   4120028641 690528708 452286987 4119927552 4120028672
  83695   4272402859 3861492892 2556209418 4272486639 4272402944
  89475   4045324229 3260378111 392508340 4045413763 4045324288
  37226   2969073683 1775330797 2930855173 2969110890 2969073664
  2069   4059221951 3805818748 82531514 4059219947 4059222016
  17696   2810042713 1064591861 2087448973 2810060576 2810042880
  49800   3648809543 314570233 3242453708 3648859528 3648809728
  43375   2824296613 230487739 2749935911 2824340079 2824296704
  36273   4281661847 3982803590 2465890478 4281698225 4281661952
  64584   3303957221 534305956 702763562 3304021832 3303957248
  43220   2757655759 546117595 1312789668 2757699028 2757655808
  75294   3838590289 1977928621 633489263 3838665758 3838590464
  88569   3681181261 3421795263 400223233 3681092871 3681181440
  57034   2519819551 296792790 889994431 2519876554 2519819520
  700   3479343157 490231921 915921959 3479344060 3479343360
  57238   3644735597 3194065802 1537942923 3644678506 3644735744
  56472   4201434691 2920233596 3034810882 4201378408 4201434880
  65378   2520119803 2012345372 344305558 2520185186 2520119808
  16351   2789175479 1951380168 1609917511 2789159201 2789175552
  1809   2203120237 960794406 1844108438 2203122193 2203120384
  103820   4027610669 774835322 2428011694 4027507060 4027610880
  32018   3433930601 2045952127 96030687 3433962770 3433930752
  55877   3244804039 213315008 846959234 3244748219 3244804096
  112675   3818601811 3659373861 3164850209 3818714659 3818601984
  30364   3715484107 868026084 527667103 3715453796 3715484160
  83802   2677918249 762785249 1127067787 2678002010 2677918208
  59670   3956267687 1890674970 781584125 3956208106 3956267776
  2929   3673922839 1637697272 1026562909 3673925745 3673922816
  53181   2411964809 2235967072 310674664 2412018109 2411964928
  122884   4018441223 3484571740 600685917 4018318332 4018441216
  54514   3242925313 2102152468 1354868313 3242979826 3242925312
  12728   3603458801 411998138 953186101 3603446088 3603458816
  30534   2481344087 2062179989 470966532 2481374790 2481344256
  83865   2314219771 1017711393 2236137069 2314135911 2314219776
  65776   2339514907 1388535647 957635345 2339580656 2339514880
  65978   2646028967 2641111078 765460658 2646095034 2646029056
  29263   4181120089 3276466560 1965316465 4181090993 4181120256
  48704   2227984093 1385091564 1258686349 2227935424 2227984128
  14928   2560157753 841768960 1681458557 2560172880 2560157952
  4968   4230756863 800308229 3693276210 4230761832 4230756864
  45894   3653259823 2339984242 3190184030 3653214138 3653260032
  30584   2461217753 1412477067 418330243 2461187208 2461217792
  88043   3852676951 688967308 1129502781 3852765163 3852677120
  9722   2413985423 2173259940 1757759911 2413975814 2413985536
  51639   2193466459 1146964280 1949634224 2193518263 2193466624
  2290   4225806713 415284946 2770096034 4225809138 4225806848
  6529   2414735747 1508409989 2052913844 2414729343 2414735872
  63098   4192651523 1941367300 3289650282 4192714618 4192651520
  95544   2798406739 1697286371 2786210183 2798502456 2798406912
  836   3196320287 598968772 2463639855 3196321092 3196320256
  14271   3562125403 655320811 940807320 3562111297 3562125568
  77760   3212317699 867272533 1939383232 3212395456 3212317696
  30360   2197893079 1714952221 1313596452 2197862760 2197893120
  46672   4167457213 2756774644 2780039510 4167410608 4167457280
  75134   3593670809 2435500959 3466356217 3593595778 3593670912
  52245   2725877639 2101189519 652783373 2725825515 2725877760
  41639   4131142163 3331400156 8350688 4131100505 4131142144
  120096   3971124841 2260687921 2080850596 3971245088 3971124992
  114701   4195875379 98915495 1174042298 4195760883 4195875584
  62244   3223851073 2072773268 3006221124 3223789020 3223851264
  110016   3588024397 2479174886 1929109367 3587914560 3588024576
  764   3221624291 2511044122 402400471 3221625084 3221624320
  94410   4017146759 3538324061 2641522610 4017052470 4017146880
  12506   3266906339 2079756822 2478906971 3266918874 3266906368
  79685   3350917721 388376898 2324139056 3350838203 3350917888
  61662   3193244503 2126797329 2433504877 3193306334 3193244672
  74360   3107070041 679462303 1768668677 3106995848 3107070208
  109960   3697643687 35836233 3183981864 3697753736 3697643776
  20550   4194672451 3721148032 3969092222 4194693190 4194672640
  63507   2782037591 2133484570 2752764853 2782101267 2782037760
  63106   2280103789 270660964 1342912514 2280040830 2280103936
  37369   2690203931 105783254 1150957842 2690241273 2690203904
  6784   2751307907 1107868916 1784549262 2751301248 2751308032
  90454   2511108683 2396491560 972623189 2511018410 2511108864
  14065   3024027967 493753257 1648379129 3024014095 3024028160
  7028   4123170071 3573452148 2803148776 4123163020 4123170048
  66352   2161551893 745817693 1660678195 2161618224 2161551872
  68464   2396873669 1363932043 64892711 2396942192 2396873728
  44931   3283072943 3129097088 2791455916 3283117955 3283073024
  5182   2646512039 1399963851 2117348721 2646506946 2646512128
  50906   2989212623 1877069729 933210969 2989263578 2989212672
  93440   3264266563 1398317182 2490696072 3264360192 3264266752
  99561   3722318381 3622846029 3332586911 3722418153 3722318592
  20938   2661222769 2591353872 805424658 2661201974 2661222912
  44832   2648859683 1592470326 1908503233 2648814816 2648859648
  99507   3639114389 697850204 1909792658 3639014989 3639114496
  91372   2547611191 571395485 337795520 2547519764 2547611136
  106532   3703347499 31515791 2780492921 3703241180 3703347712
  91914   3671844103 195423499 2693654726 3671752182 3671844096
  52901   4045239109 1057959004 1703398723 4045292197 4045239296
  33282   2967028903 1201118633 528836619 2966995710 2967028992
  104152   3578456069 174779281 165872655 3578560216 3578456064
  64012   2278111207 415535291 1781739958 2278047220 2278111232
  89808   2965369943 2037410764 2228693557 2965459920 2965370112
  10434   4237597103 1375267311 59976994 4237586750 4237597184
  79811   4210641151 2970410206 386342404 4210720963 4210641152
  12174   2167713529 2133051470 1419770515 2167725710 2167713536
  32178   3075439141 801535899 2572238189 3075406926 3075439104
  26916   3275385977 1604961215 621798869 3275413028 3275386112
  1173   2573803261 1881928718 1025329502 2573802091 2573803264
  11422   2198345707 1658634743 2110242922 2198334306 2198345728
  6131   2672325517 1334253781 1839037050 2672331763 2672325632
  111327   4239912107 2761620864 3923167986 4240023519 4239912192
  24826   4236758389 2664315742 3636487941 4236733702 4236758528
  45248   3718128121 3399842766 60667875 3718082880 3718128128
  30958   3917563471 2357243798 3615998862 3917532690 3917563648
  68746   2446635689 2349714374 965514515 2446704522 2446635776
  27330   2606696009 375600495 316340110 2606668862 2606696192
  114066   3726391237 2174423316 3299466220 3726505362 3726391296
  92900   3782157593 126082665 3614041938 3782250468 3782157568
  54692   2183126327 772349425 210356510 2183180964 2183126272
  65568   2725411223 325709079 1558648488 2725345760 2725411328
  6011   4239882061 1805316185 870209619 4239888251 4239882240
  51978   2302786669 830973583 982087215 2302734838 2302786816
  42360   3888575513 3353989108 50263907 3888617848 3888575488
  71680   2342148643 1876680055 687755342 2342076928 2342148608
  8434   3325517621 998394004 700389251 3325509390 3325517824
  51140   3578308117 877202394 3148780244 3578256956 3578308096
  38561   3020525407 2142539839 2119160494 3020564129 3020525568
  52124   2489163689 2206695297 2218055943 2489215900 2489163776
  95692   3003913501 1760989437 688185698 3003817780 3003913472
  119688   4287812933 2180424919 3892441989 4287932808 4287813120
  16380   3552148507 2296499024 2737497989 3552164860 3552148480
  58104   2747387243 1199293566 1821976371 2747329288 2747387392
  47872   2724368981 1540689841 288779815 2724321280 2724369152
  102744   3412756759 1336307881 2597550617 3412859480 3412756736
  6596   4044696037 1850414862 524766384 4044689468 4044696064
  26806   3256089241 355597863 2593206363 3256062538 3256089344
  88002   4279639171 2313764492 2474815765 4279551294 4279639296
  24280   2346806323 532416902 2062934952 2346830552 2346806272
  72968   2538915361 1086311898 284737770 2538842360 2538915328
  60561   4000233137 274724327 3654257242 4000172655 4000233216
  45028   2344417069 526583826 799864200 2344371996 2344417024
  23773   2341720967 1450273521 2308662187 2341697315 2341721088
  26225   2674215937 936463573 309662738 2674189711 2674215936
  13338   3974784991 2386801199 3605925374 3974798362 3974785024
  27102   3022237511 1422054493 1205095289 3022210594 3022237696
  84798   3095003167 1141362274 715511678 3095087934 3095003136
  90874   3702147497 3346187539 875875810 3702056710 3702147584
  99857   2714349977 2380489549 906815202 2714449937 2714350080
  15846   2275161521 2136755246 581485803 2275145754 2275161600
  51068   4009405537 3186972474 132676938 4009354628 4009405696
  127009   4088363347 1261038086 955336685 4088236511 4088363520
  506   2870997343 576976054 1964702626 2870998010 2870997504
  56264   2198933987 1513602374 326132407 2198990280 2198934016
  85651   2830918837 2030685632 2720429706 2830833261 2830918912
  72952   2425520719 100754007 816945305 2425447944 2425520896
  28876   4026813797 2350457937 2942743496 4026785076 4026813952
  71238   2354135759 1096013732 664471689 2354207046 2354135808
  67516   2732259407 2571972810 1447703272 2732192068 2732259584
  19681   2745738503 1318722786 359661783 2745718815 2745738496
  35671   3233359453 1396268213 1207305656 3233323945 3233359616
  86425   3447870583 3345488171 2798962687 3447784295 3447870720
  81105   2615337047 1285031994 2612152842 2615418321 2615337216
  74698   3266576111 3153351085 127270577 3266650826 3266576128
  57048   3485318989 999820882 621288482 3485376216 3485319168
  32209   4159279811 4011494097 4052164907 4159247663 4159279872
  33249   3849292823 3101907681 1410587997 3849326049 3849292800
  51502   3506628791 722781163 3486311202 3506680366 3506628864
  6813   3588855593 2574105753 405324625 3588862365 3588855552
  106193   3680841163 2025351246 652950177 3680735023 3680841216
  118916   4275387433 4054810726 3034089882 4275268732 4275387648
  38311   4179618277 1325534099 4003315419 4179656615 4179618304
  671   2664221449 761088917 405551587 2664220769 2664221440
  38402   2304224581 917546656 2116057520 2304186366 2304224768
  71030   4042466717 676507943 1991267064 4042395786 4042466816
  53964   2888008049 1925058675 19858588 2888062156 2888008192
  16056   4008316531 2056959313 1691498882 4008300616 4008316672
  40963   3973417759 1018847030 3047091551 3973376765 3973417728
  13690   2711137393 1366104118 2513328611 2711151226 2711137536
  3472   2270788433 349453877 2209217036 2270792080 2270788608
  3100   2870106797 2220948037 1715529731 2870103780 2870106880
  10611   3559000103 3391887198 1569751117 3559010675 3559000064
  46984   3649044187 2330767817 303307557 3648997240 3649044224
  40676   3846302021 2706257255 2635936306 3846342884 3846302208
  31939   3317260697 3216935356 2722351195 3317228861 3317260800
  17716   2686698601 1048936164 1270719926 2686681036 2686698752
  46194   2628925109 578542704 817277055 2628878990 2628925184
  17515   4157768179 2387505025 1147881435 4157785707 4157768192
  54332   2822895209 1643444709 2383888882 2822841028 2822895360
  78587   3652921981 2033747905 2679706512 3653000699 3652922112
  51408   3571091959 3513024545 1553971304 3571040560 3571091968
  21212   2497614389 864549763 1922099081 2497635548 2497614336
  71370   3931122323 3117965527 1325266932 3931193802 3931122432
  33323   2494914893 2301120628 1567876266 2494948395 2494915072
  29600   3034755649 2219942033 395528898 3034726240 3034755840
  54153   3426032833 1371846043 1134132302 3426087049 3426032896
  59060   4041965929 3786417037 2464641843 4041907020 4041966080
  63005   3277388089 2684762694 3175663098 3277451293 3277388288
  43849   3597160139 1641196645 530571909 3597116343 3597160192
  87509   4047490457 447153069 3995594363 4047403051 4047490560
  51592   3619589569 1837566612 3577300197 3619641224 3619589632
  3721   3748555067 737892169 3696180862 3748551543 3748555264
  15584   3074841247 2419097765 1466286967 3074856928 3074841344
  75978   3761274659 2987277118 2492483531 3761198646 3761274624
  112272   3397710377 2684663509 2236981439 3397822608 3397710336
  43620   3265146737 930015182 1767035507 3265190500 3265146880
  93421   3367614403 3359528605 1546519532 3367521043 3367614464
  68905   2484708353 265492265 2113897451 2484777257 2484708352
  38485   2599892803 280750162 1901532366 2599931477 2599892992
  90740   3300197827 2498740568 3150150495 3300288628 3300197888
  1788   2818189313 313020488 1257327970 2818191100 2818189312
  23518   2773934609 1091193440 1721959076 2773958110 2773934592
  11142   3217045973 1454338556 2860996843 3217034874 3217046016
  27161   4081675001 14097995 2293647038 4081702169 4081675008
  12627   3244937071 1025564434 1635624414 3244949843 3244937216
  67518   3340676177 67802603 1755262461 3340743870 3340676352
  81875   4071482837 2321393942 3928970238 4071564755 4071482880
  80711   4285665893 3750461916 3877019638 4285585337 4285666048
  57587   2330531809 709151016 213811292 2330474253 2330531840
  12470   2303194783 925939333 145722733 2303207350 2303194880
  43416   3707063729 2731011943 2694514098 3707020392 3707063808
  2596   2254588423 859905683 1172361361 2254591012 2254588416
  92421   3751869139 2456029906 1836194964 3751776763 3751869184
  26058   2435461373 74520201 2171415508 2435435318 2435461376
  22268   3430480589 2460017684 1923140652 3430502908 3430480640
  85065   3404781293 743865491 1641044514 3404696247 3404781312
  1745   2765676721 1407230284 880679081 2765678545 2765676800
  121288   3999073721 340251521 2849353100 3998952504 3999073792
  33261   2813713193 618098075 739290433 2813746413 2813713152
  80707   2296068389 992486632 110862330 2295987645 2296068352
  48444   2868228689 2729626750 1574793992 2868180420 2868228864
  73521   3935684273 1396332750 1718236088 3935757873 3935684352
  96535   3009921139 1424774907 542925273 3009824745 3009921280
  60551   3051964451 973294010 749063836 3052024967 3051964416
  1694   4294446997 103010598 4039754851 4294445410 4294447104
  69831   2514248509 1772746492 1043307761 2514318535 2514248704
  23389   2780567191 1647399956 746467241 2780543907 2780567296
  20048   2973166463 2307933921 744785623 2973146544 2973166592
  92363   3816678389 256544457 1274297477 3816770763 3816678400
  20363   3823840879 2217228890 913085587 3823861387 3823841024
  58319   3151686137 2558286150 2668016683 3151627825 3151686144
  62581   4223912867 1238247054 2364824685 4223850379 4223912960
  30878   3038795831 1740706822 2781176238 3038765154 3038796032
  106318   3762698903 3688128070 901608575 3762805326 3762699008
  7869   2946800531 1017619717 2890271664 2946808509 2946800640
  71612   3600109187 2936752770 400204036 3600037700 3600109312
  63476   3387964231 1690348146 2226715327 3387900940 3387964416
  66443   3525896089 1098744673 1493621461 3525829749 3525896192
  928   3008720987 1037328194 2853109610 3008720224 3008721152
  94709   3056705381 1684976378 490522045 3056610827 3056705536
  34168   4261235729 338744540 3583993782 4261269880 4261235712
  95443   3540298939 2367337726 339965761 3540394451 3540299008
  9552   4053937681 3428408732 3539428465 4053928112 4053937664
  105331   4229443961 3446950743 933361791 4229549427 4229444096
  79650   2608078411 912196653 1020889724 2607998942 2608078592
  50565   3494394907 3109563408 1792409671 3494344315 3494394880
  100432   3579326573 1462799735 2435967224 3579427152 3579326720
  22192   2279221261 682239513 1585360786 2279243440 2279221248
  79416   3114743677 1895153179 1167054263 3114823224 3114743808
  7883   3476670163 2427718404 1699283064 3476678091 3476670208
  12947   3914227573 2628765772 3484059522 3914240659 3914227712
  24016   3645884569 3407072326 1951867637 3645908688 3645884672
  36743   2891345087 2169993186 1273954131 2891381895 2891345152
  45205   2492596949 61681440 2362617450 2492642197 2492596992
  12415   2148223711 1916997414 455156060 2148211329 2148223744
  27938   2322906253 970078554 2264912357 2322878430 2322906368
  18472   3325072529 2958110510 2936766536 3325091112 3325072640
  29085   2616233161 2319172090 2294742462 2616262301 2616233216
  5782   3132368333 1822728617 1742556331 3132362602 3132368384
  60240   2532836821 421413441 188865014 2532897104 2532836864
  50834   2849877029 1910958784 1157367189 2849927826 2849876992
  7724   2564560601 68838009 1560121902 2564552916 2564560640
  99092   3271919957 1968423974 2705832621 3271821036 3271920128
  58620   3256801631 2797095196 1470183063 3256860412 3256801792
  12470   2255386789 1062741283 1607379649 2255374410 2255386880
  44808   2171272951 424900274 380956282 2171317768 2171272960
  29014   2371771079 13247897 607179868 2371800150 2371771136
  20318   2477323213 2111144277 2365851927 2477343582 2477323264
  17160   2321096131 118813018 1131089292 2321079032 2321096192
  12702   3068748239 903602008 938900270 3068735586 3068748288
  77155   4199949763 2582870147 788689058 4199872669 4199949824
  12160   3179765191 3042827428 1527624107 3179777408 3179765248
  39980   2460803897 1183181982 1747429887 2460843820 2460803840
  59768   2388260323 1662708785 739293158 2388320120 2388260352
  25475   2503102951 1275724163 480498201 2503077501 2503102976
  30310   2478694759 131604533 848706169 2478725222 2478694912
  70216   4071792107 3063404508 3350722662 4071862344 4071792128
  32830   3103712813 2878327729 483086087 3103745598 3103712768
  55422   4285716509 1931254009 2568209741 4285661058 4285716480
  85360   3986848661 265451665 550259893 3986763408 3986848768
  49225   2452358299 753012026 1662118658 2452407625 2452358400
  60844   2460455047 607866100 2039999772 2460516012 2460455168
  38438   4038241787 653501840 3994513879 4038280230 4038241792
  27330   2543706623 2411398496 945627559 2543733954 2543706624
  14064   2495666651 116900142 2421273668 2495652624 2495666688
  86689   4111444531 4055752269 3559388789 4111531425 4111444736
  49225   2910921323 1591871882 1556700788 2910872247 2910921472
  19928   2908738229 1186793461 2032550590 2908718376 2908738304
  2348   3210787249 3150625276 1528561272 3210784980 3210787328
  57360   2793744209 1629192692 1338317038 2793687024 2793744384
  41330   4216691977 3326502681 796814197 4216733298 4216691968
  58840   4282088189 2104670842 4129135414 4282029352 4282088192
  5698   3222905999 2436126215 56554394 3222900414 3222906112
  11570   2208913633 4414552 1272480351 2208902094 2208913664
  61363   2428741871 675509824 1657496024 2428680525 2428741888
  99938   3091156241 2406068686 2571420133 3091256162 3091156224
  85206   2657124853 916258282 1771026293 2657210070 2657124864
  36565   3876535181 1510190146 1564706862 3876571861 3876535296
  18971   3239349713 2476583220 920780845 3239368731 3239349760
  5214   3690435691 3288770439 2724007595 3690430626 3690435840
  18563   3189290833 2648974049 1012204666 3189272445 3189291008
  41852   2509973149 2239951798 1603483075 2509931396 2509973248
  107439   3607268003 96061857 668073557 3607375535 3607268096
  4460   2368390229 1364834428 1170247056 2368385940 2368390400
  113748   3288881753 1303956555 1292813045 3288768172 3288881920
  37244   3716863093 1053207082 1720339294 3716825988 3716863232
  104227   3381452419 2186067671 682255844 3381556771 3381452544
  38573   4028519419 1274286146 2451394734 4028480851 4028519424
  96280   2843224459 2214431432 291471310 2843128296 2843224576
  57121   2850410947 200905595 628028115 2850468129 2850411008
  77982   2252138627 438169826 1038219612 2252216734 2252138752
  31286   3413412661 2568830043 729736774 3413381578 3413412864
  83540   2628656983 2067319898 1758618717 2628573612 2628657152
  126462   4167091937 434807482 2033714168 4167218430 4167091968
  45298   2236940479 601901929 1864895594 2236985842 2236940544
  25312   2545308863 729264244 444954126 2545283616 2545308928
  48176   2758598819 2059017004 1464709876 2758647088 2758598912
  42833   2654994827 1604327348 1509065571 2654952111 2654994944
  33525   4178837669 1882090301 2467154560 4178804235 4178837760
  52462   3229118201 1508253225 343145720 3229065746 3229118208
  28455   3400580773 139073876 2372718123 3400609319 3400580864
  17376   3235743949 1947013590 2297924653 3235726624 3235744000
  69982   4045831301 1771075046 3154985230 4045901406 4045831424
  11757   2428161973 1490666230 862842490 2428173805 2428162048
  23011   2717774239 1750174827 139592634 2717797347 2717774336
  46194   3433297433 667439563 364354985 3433343602 3433297408
  90052   4178323249 2042720089 3599612582 4178233404 4178323456
  59623   2346655691 941617344 2002178003 2346596121 2346655744
  34374   3744709169 3280867892 770949178 3744675002 3744709376
  60632   4065231923 179466346 3915625600 4065171496 4065232128
  87395   3631010269 1958082109 2220293340 3631097699 3631010304
  91044   2881826593 2204874096 833043375 2881917604 2881826560
  878   2872873349 2235268224 1627572415 2872874350 2872873472
  4248   3256649471 939689069 2276142620 3256645224 3256649472
  26559   2383496593 2013597413 339332717 2383470145 2383496704
  51806   3964048513 3593628397 1769477251 3964100446 3964048640
  71416   2250482393 2214626302 2031838347 2250553848 2250482432
  62740   2727499961 692527862 1844486086 2727562772 2727500032
  58339   2161908569 208911288 1622758521 2161967075 2161908736
  75892   3983953217 2348995682 459910691 3983877516 3983953408
  68572   2173900087 1953159370 349229967 2173831460 2173900032
  70723   3005875729 1530114340 507156332 3005804989 3005875712
  57629   2984753179 2527876373 2805013273 2984810781 2984753152
  1818   3118629083 2475040960 3012152939 3118627302 3118629120
  48404   2941998539 1031491454 877314283 2942046996 2941998592
  24068   2403358079 1118533956 2356072749 2403334140 2403358208
  83867   3254748443 804215654 1395387587 3254664549 3254748416
  96388   2629817591 403398878 2368252058 2629913988 2629817600
  57308   3388951697 914990801 1590575162 3388894500 3388951808
  89280   4103635577 1057193648 2564109274 4103724992 4103635712
  90160   3953747041 1025111163 1292689637 3953837360 3953747200
  35069   2688124709 38377427 1505857132 2688159741 2688124672
  12359   2715091807 1552993489 2678157706 2715079609 2715091968
  58603   3643338427 728102355 2003549767 3643279893 3643338496
  33925   3651695849 2512067956 128149607 3651661947 3651695872
  70228   3776262443 76685665 290635584 3776192428 3776262656
  63050   2705120167 336719286 1405678264 2705183306 2705120256
  80243   3001988939 504104044 2891002477 3001908877 3001989120
  57909   2570889229 137766291 309275929 2570831307 2570889216
  75020   3884282957 1296838779 2238965554 3884358156 3884283136
  35998   3020064811 2655254031 852791677 3020100766 3020064768
  19789   2635622767 1397042903 288614488 2635603123 2635622912
  46738   3522904499 1733702449 2039733750 3522951314 3522904576
  60130   3920586277 2303242811 3407313615 3920646370 3920586240
  119792   4132050149 2067601439 536218404 4131930384 4132050176
  31527   4018117577 3831571754 2912769347 4018086105 4018117632
  3060   3168503447 406374430 1506473124 3168506612 3168503552
  11030   4044703217 565786709 138088197 4044692202 4044703232
  54548   3869267081 253540420 3387754128 3869321748 3869267200
  35904   2288645069 1517918103 873228957 2288681024 2288645120
  9949   4035779159 458960321 1188440467 4035789277 4035779328
  91418   3494794357 1080454528 3078545306 3494885914 3494794496
  4732   2635168717 1004332414 2109015959 2635164036 2635168768
  61572   3375052613 559886985 2005739024 3375114372 3375052800
  58003   3469677557 344808869 126907228 3469619565 3469677568
  65850   3327341461 2724583747 2465557324 3327275718 3327341568
  342   2469633949 2465599255 959619876 2469634390 2469634048
  6824   2710988783 2195818553 425289712 2710995624 2710988800
  35676   2831414567 978523489 117404393 2831450204 2831414528
  60129   3194249917 404218536 1199157401 3194310113 3194249984
  113998   4186600291 3492719708 2239554483 4186714446 4186600448
  32098   2233725973 1331491803 1910690797 2233693854 2233725952
  36580   2375123143 1314936460 658134129 2375086620 2375123200
  3316   3461612353 2548366659 2927943274 3461615860 3461612544
  84851   3804637051 2254642815 405670047 3804552333 3804637184
  30508   2881165883 2404212984 1393820934 2881196588 2881166080
  20023   4001669783 178138154 2455535799 4001689911 4001669888
  83908   3993247441 2027014333 3607075903 3993163580 3993247488
  959   4258904537 1908672191 3638190407 4258903617 4258904576
  95373   3854352119 2118385463 3523614913 3854447501 3854352128
  520   2705108929 135138818 2521912255 2705109512 2705108992
  35406   2273278193 153151758 1336429665 2273313614 2273278208
  18648   2491696631 73346266 928729427 2491715288 2491696640
  52983   2756065471 1965108014 92719495 2756118519 2756065536
  12848   2332623833 864000729 1811104173 2332611024 2332623872
  11289   3169290821 1308375081 2730485818 3169279719 3169291008
  8605   3568655357 3074659160 282445938 3568663965 3568655360
  89220   3613015999 3322708203 1770709794 3613105284 3613016064
  32610   4156097291 2284461638 929072110 4156129890 4156097280
  67310   2920171343 1590421842 2253541613 2920238830 2920171520
  83990   2477306617 1543546847 1133146800 2477390614 2477306624
  19526   2536164643 537976922 1058323769 2536145082 2536164608
  32998   3924746113 3818166294 767677336 3924779238 3924746240
  35592   3739036111 1290755419 1786285688 3739071752 3739036160
  68246   3878024177 3097770822 1585921458 3877955946 3878024192
  55476   2985847747 1409108240 1318444124 2985903284 2985847808
  15232   3298397659 3254880860 96548672 3298382464 3298397696
  72412   2700737783 2320340176 847072630 2700665380 2700737792
  6660   4240845463 416301441 2719109170 4240838908 4240845568
  26477   3692648441 2177963759 1585777676 3692674925 3692648448
  85860   2657739533 873253661 577100630 2657653660 2657739520
  54527   4168202369 487144288 1499079428 4168257023 4168202496
  94968   2750515687 1074907316 374293558 2750420744 2750515712
  78938   3752173459 3614667653 3038717924 3752252506 3752173568
  85408   3568072439 88740450 2273267989 3567987040 3568072448
  71040   3251662529 3057188292 530068305 3251733632 3251662592
  40848   2933527133 2676519934 1846250903 2933568144 2933527296
  91152   3868057657 1828454745 1618913403 3867966704 3868057856
  45632   2957401441 2570288814 1415569714 2957355968 2957401600
  11432   2243630801 94713799 507860037 2243642280 2243630848
  16070   2863285331 366680227 1082426191 2863301574 2863285504
  11480   3261771511 3126811684 2788359449 3261760040 3261771520
  71582   3820875127 1237848771 2692882837 3820803682 3820875264
  16880   3336110473 407206865 2760482197 3336127472 3336110592
  40988   4292600201 3482399971 3410050675 4292641308 4292600320
  18632   2158565351 321313099 851452967 2158546744 2158565376
  27506   3184229281 1860481526 2452735301 3184256882 3184229376
  24812   3679174721 741443791 41939365 3679150100 3679174912
  49209   2800290709 2376083759 917896791 2800241607 2800290816
  34172   3041642273 1482122432 1932226161 3041608068 3041642240
  37589   2363240017 544248432 2242703164 2363277781 2363240192
  82862   3735836089 2021552011 1066100248 3735753298 3735836160
  61875   3917097827 2229819954 2352340189 3917159859 3917097984
  73816   2429834117 2264787487 1016125425 2429908056 2429834240
  16310   3968565319 1199150734 851362075 3968581814 3968565504
  51602   4215602513 1323343027 557735706 4215654290 4215602688
  13076   2461123183 594554422 531857706 2461136404 2461123328
  58090   3326972171 2822921051 55111241 3327030250 3326972160
  8505   2594330107 345474202 24246306 2594338617 2594330112
  59536   2282146417 2059362422 1581581325 2282206096 2282146560
  20261   2891597347 2486205095 245819516 2891577051 2891597312
  49448   2451678947 1605494249 1260318445 2451728424 2451678976
  60903   2280013367 499397728 2170095578 2280074215 2280013312
  32462   2397280399 1571221804 2367609300 2397248050 2397280512
  14955   2873297681 216725108 1630500954 2873282709 2873297664
  29288   2833725229 796931420 1105959273 2833754472 2833725184
  58755   3390187349 2774444421 1928627140 3390246275 3390187520
  6550   2291215291 919068208 1346568611 2291208810 2291215360
  110518   3245157647 1760480626 1500334768 3245268150 3245157632
  9540   2557846219 315502366 1631110072 2557836732 2557846272
  50842   3093658391 1832269278 1559784287 3093709210 3093658368
  68375   3331557491 3313137906 2574630852 3331489257 3331557632
  107788   3087759469 741860795 134214492 3087867404 3087759616
  26630   3990644069 677749570 2602311994 3990670854 3990644224
  94075   2538710633 1218403516 1679569935 2538804859 2538710784
  60442   2762537783 1895348293 995254375 2762477542 2762537984
  57240   2842778717 760799954 1017089776 2842836120 2842778880
  49447   3347462213 814054037 2316165524 3347412953 3347462400
  26356   3045538787 334613951 211968280 3045565172 3045538816
  52408   2189011807 264306866 1993490019 2188959560 2189011968
  72949   2677938203 573426423 1768941354 2678011125 2677938176
  14521   2718153169 2636818653 2400557562 2718167737 2718153216
  22802   3044604203 2675070622 1625583438 3044581358 3044604160
  96512   4126890979 619243079 33910144 4126794496 4126891008
  10526   3782575211 2186031505 2812366479 3782585886 3782575360
  2406   2647422473 1314474765 1892202019 2647424870 2647422464
  10987   3059797421 2631233425 148388648 3059786517 3059797504
  43362   3912379967 916070428 3259617285 3912423522 3912380160
  38444   4215583651 509750711 1612800171 4215622188 4215583744
  83752   3303422623 3300019271 2952576013 3303338968 3303422720
  69544   2371080191 2026430994 656095383 2371010648 2371080192
  52824   3996430247 3436716207 2379202623 3996483160 3996430336
  27328   4080650923 1151533643 334842317 4080623680 4080651008
  49907   3863367341 914719419 3511527544 3863417331 3863367424
  70334   3351884807 1640022542 86242744 3351814466 3351884800
  3665   2966745869 511007285 1851316769 2966742191 2966745856
  78365   3868132739 3626985799 83466751 3868211229 3868132864
  59987   3672882709 1715079279 3613213675 3672822701 3672882688
  4436   3045051277 2095585806 1668029344 3045046956 3045051392
  93480   3519327347 3143412413 2541579681 3519234008 3519327488
  35591   3449135509 558070294 2019417483 3449100025 3449135616
  71809   4244923673 2877671927 3908305899 4244995457 4244923648
  30936   3416657353 2882133841 368553025 3416626472 3416657408
  23886   2790134539 2227176380 2534188416 2790158414 2790134528
  50858   3235378807 996971747 2631165668 3235328086 3235378944
  36061   2745531169 2478728257 751514359 2745567197 2745531136
  52407   3386563093 2995475074 3199865018 3386615479 3386563072
  77714   2458997939 958983625 1287422579 2459075730 2458998016
  40736   3949504633 3902558369 352365957 3949545504 3949504768
  39828   3184598023 635598854 2741276721 3184558188 3184598016
  63878   3756848707 1123605287 77121376 3756785018 3756848896
  16713   3411034597 692829174 1962994346 3411017911 3411034624
  58093   3755697497 1863445071 1624757882 3755639571 3755697664
  28560   2397335299 1512222814 699573292 2397306736 2397335296
  14448   2686440959 53014195 585085938 2686426512 2686440960
  11211   3728232811 1098245307 1843110317 3728221749 3728232960
  69139   2884136447 431027978 1388933713 2884067309 2884136448
  69708   2514268753 2312167676 2073811179 2514199220 2514268928
  5904   3309269959 1599334010 2879805054 3309264112 3309270016
  53202   2342686153 2113980295 756782243 2342739410 2342686208
  94377   3307823611 1480832314 1321245453 3307729239 3307823616
  80986   2574535619 1034169376 1375332754 2574454694 2574535680
  8167   3891283043 2953042523 2809928991 3891291367 3891283200
  75187   4143667277 2869109719 684926183 4143592269 4143667456
  73246   3199075379 1475821659 2872564471 3199148830 3199075584
  18924   2319869869 566698165 1147301249 2319851028 2319869952
  27625   2209078759 1289709499 1709917615 2209051159 2209078784
  24778   3790246703 3577585813 789800461 3790222134 3790246912
  20556   2611352353 2215568240 947487707 2611331764 2611352320
  20636   3811286867 3062875189 2145967925 3811307676 3811287040
  72882   2481076901 1171681928 2227262269 2481004110 2481076992
  37544   3717067049 1859245231 2884599542 3717029464 3717067008
  53702   3170513417 2519778901 1726382802 3170567110 3170513408
  80905   3652265789 3588910436 2515808534 3652346889 3652265984
  52521   2572310693 2410876094 1274045861 2572363305 2572310784
  87008   4223877947 2272896017 3445235898 4223965152 4223878144
  54364   2568374041 2420656989 1540766116 2568319652 2568374016
  73654   3339526139 3046220861 1172354907 3339452490 3339526144
  113367   3481037393 1271026858 2431438179 3480924201 3481037568
  83612   3084020977 2439544354 1287339007 3084104604 3084020992
  48775   2570757803 665456230 1487474229 2570806663 2570757888
  90587   3674504159 244821118 1736753025 3674413605 3674504192
  12860   2601047261 2170524844 784825082 2601060156 2601047296
  35298   3659697631 1301757013 1393188461 3659662366 3659697664
  21519   2268606709 1236566247 222264241 2268628239 2268606720
  91852   2615801137 2411894356 1170609861 2615892940 2615801088
  15740   3141193481 2398416334 1035022239 3141177732 3141193472
  40744   4276707067 3112105669 30141395 4276666328 4276707072
  14241   3729578351 757199351 1436534238 3729592737 3729578496
  7928   4213832089 226710069 3792236404 4213824264 4213832192
  39383   4155795239 877085076 3797260954 4155756073 4155795456
  14532   2862802399 1052752323 456001718 2862816964 2862802432
  20878   2701029577 397373062 2417479312 2701050510 2701029632
  15560   3222409651 2447514332 214381270 3222394168 3222409728
  57333   3282463963 672293480 1108953433 3282521333 3282464000
  34318   3727654717 3189843828 1462458262 3727620594 3727654912
  44030   3346273883 1229412523 1622734300 3346230018 3346274048
  18816   3336508577 1910296335 2754616180 3336489856 3336508672
  40684   3189688309 955395893 1479508199 3189729004 3189688320
  10303   2695989953 26192938 643034584 2695979713 2695990016
  1344   4067312929 652713405 3297452318 4067311552 4067312896
  97592   3911517299 3402082544 2510134053 3911419848 3911517440
  93824   2568382637 536843450 2474290762 2568288896 2568382720
  70864   3639573473 2134466370 2138991970 3639502640 3639573504
  19684   2495578621 2317756705 1239569530 2495558940 2495578624
  32728   4051838683 651194779 457717919 4051805992 4051838720
  4771   2388508103 2111602616 2341669988 2388512931 2388508160
  33455   3250565281 2938584720 435691105 3250531921 3250565376
  21387   3658796563 1967028338 3524932484 3658817931 3658796544
  30002   4129870793 1593815371 1085794570 4129900850 4129870848
  41236   3865501433 2176830274 1616915464 3865460204 3865501440
  46264   2907103007 1334784954 49402053 2907056712 2907102976
  34968   2594012209 205964479 1357118009 2593977192 2594012160
  32105   3035299907 1109232995 2094317048 3035267991 3035300096
  19152   2631920639 126607478 2520654526 2631901488 2631920640
  22096   3922964069 2969689115 3612021968 3922942128 3922964224
  82666   2691897863 2199839520 940491742 2691815190 2691897856
  51397   4236579761 1215131044 1871049737 4236528443 4236579840
  4290   3962834041 2493743198 3784726925 3962838466 3962834176
  31250   4143004487 3801874995 3534696054 4143035922 4143004672
  41660   2774740403 864494122 766370223 2774698820 2774740480
  43156   2650803451 2459893492 473461194 2650760300 2650803456
  1552   3597067373 48813570 1566678885 3597069072 3597067520
  48604   2577597941 1744420441 2053599423 2577646556 2577597952
  81552   2618291639 261183794 2092526906 2618210160 2618291712
  27835   2825919431 40459129 547940020 2825947323 2825919488
  23413   2651902567 111769256 377424972 2651879307 2651902720
  35257   3410284573 2854570089 470585233 3410319801 3410284544
  71597   3042994337 2524178594 257984713 3043066029 3042994432
  58770   3007339583 1441304534 1115944169 3007281006 3007339776
  4257   2736655787 166469345 822212728 2736660129 2736655872
  61930   4032318557 3664271042 3358467540 4032256790 4032318720
  13596   3377362721 1907592725 2690421790 3377349092 3377362688
  47656   3302957363 778834891 974355870 3302909912 3302957568
  77900   3862761523 3050130151 312397124 3862683828 3862761728
  37974   3989513797 3615651 898385730 3989476010 3989513984
  40297   3564943069 405185701 1532881264 3564902807 3564943104
  42725   3994823263 126689069 2786600489 3994780699 3994823424
  12276   3199557349 1223819953 3092864446 3199569652 3199557376
  49948   2401881929 1094282750 1368353340 2401932060 2401882112
  64076   2161923619 1749603886 55677476 2161987660 2161923584
  104974   3164602799 1762236754 1163094108 3164707854 3164602880
  84874   4034851543 872201366 3509191961 4034936458 4034851584
  44949   4019079373 2785422316 2185694397 4019124373 4019079424
  59822   2648032577 2235128576 2108149731 2648092590 2648032768
  89976   2663713963 173772075 1037406010 2663624072 2663714048
  28115   3624998327 1330840864 2174270869 3625026515 3624998400
  24049   3837186797 760863749 1128638668 3837210865 3837186816
  94976   2770072049 453773294 1469331461 2769977088 2770072064
  26549   3188861693 793367072 2278152105 3188888245 3188861696
  88980   4281188869 1105124805 552608933 4281099884 4281188864
  19408   3982704503 2214733001 2775830220 3982724048 3982704640
  37990   2857822507 1732561254 955571552 2857784474 2857822464
  60276   2246418263 810228561 2190490191 2246358156 2246418432
  8590   3059993851 2326237140 75868820 3060002446 3059993856
  15734   3727746313 3473086165 449696890 3727762038 3727746304
  2904   3280964429 480938671 737458140 3280961704 3280964608
  113751   3970283063 893806837 3523864073 3970169513 3970283264
  36056   2529458599 1851529839 2453041491 2529494744 2529458688
  39082   4218075619 2633399927 1567611638 4218114730 4218075648
  79816   2641177717 1816179106 1220848183 2641257672 2641177856
  17812   3293427593 134259699 1496748982 3293409900 3293427712
  40177   3048130091 698737965 1424953359 3048089871 3048130048
  2035   3198328139 883183794 272643765 3198330355 3198328320
  75569   2741316527 315906246 1196826432 2741392177 2741316608
  55935   3998727163 488278334 2237239218 3998783103 3998727168
  7914   4166759309 1360733563 966733961 4166767338 4166759424
  20349   2614245037 2039063731 530889352 2614224771 2614245120
  4996   2904280571 1578285205 1548917063 2904285572 2904280576
  19560   2998755007 2589571892 665139454 2998735512 2998755072
  77892   3849162929 2148191970 3268575412 3849085116 3849163008
  51426   2277155281 1921373852 1926155529 2277206754 2277155328
  71376   3064323169 1124165861 460054554 3064251952 3064323328
  63444   3142426717 1709106087 2328826201 3142490324 3142426880
  25553   2887710979 1218005641 1637903008 2887685423 2887710976
  71132   2390819149 1496307149 867783468 2390748196 2390819328
  45393   2572418213 1539788660 1220564359 2572463697 2572418304
  88639   3541310939 2458577015 3471458084 3541399615 3541310976
  45432   3390739159 1746890498 1689146205 3390784632 3390739200
  17846   3629826817 1734770911 434071930 3629808970 3629826816
  5495   2291120123 835818511 1870265947 2291114633 2291120128
  1086   2170800239 1826340714 184485253 2170799298 2170800384
  56516   3579342653 2665584499 821719236 3579286332 3579342848
  46214   4045498559 2934350495 3882850611 4045544838 4045498624
  32244   2978035937 2806939636 1347019044 2978068212 2978035968
  16318   4271113699 3781396500 1863034666 4271097410 4271113728
  16110   2634521321 20486829 363257064 2634537454 2634521344
  77016   3973636781 2275378487 828590687 3973713880 3973636864
  51072   2806840613 2606351669 2399388851 2806891648 2806840576
  45504   3676808251 822804134 2446388588 3676762944 3676808448
  57959   2190409913 1414165432 1277234959 2190467943 2190409984
  23880   3089416037 2020456397 584671553 3089392312 3089416192
  50179   4023805927 3536247634 1973423137 4023856131 4023805952
  73496   2171440391 1006180115 208074866 2171513880 2171440384
  22003   3653456207 2094710138 1992851939 3653478387 3653456384
  59588   3231828863 2538223627 589519939 3231888580 3231828992
  28688   4007998289 1223984952 1088159576 4007969776 4007998464
  88778   3709276939 2027583803 315087202 3709188150 3709276928
  69529   4237280239 1021671695 1899835712 4237210727 4237280256
  33227   2168635697 1249257294 1796407888 2168668875 2168635648
  314   2165058131 2000420624 1268735183 2165058618 2165058304
  8916   2952504193 140519766 2280280829 2952495404 2952504320
  32922   2906981927 368475696 2042215331 2906948966 2906981888
  9916   3357703873 1812298028 1534189926 3357713852 3357703936
  33602   2701353871 1670166402 1408901670 2701320382 2701353984
  9694   3158294201 3053937804 874603346 3158303966 3158294272
  43925   3111831157 225914617 925666399 3111875221 3111831296
  17643   2804576897 2600372460 2366551619 2804559381 2804577024
  80046   2834141227 302341000 2203536188 2834061138 2834141184
  63494   2846073911 162494332 1028391311 2846010618 2846074112
  7489   2867055211 1139776476 1888178165 2867047871 2867055360
  3264   3953406659 2041692921 3790373957 3953403456 3953406720
  60616   2266412327 1599697615 1228673859 2266351672 2266412288
  117247   4256187989 1202533079 1915936449 4256070913 4256188160
  56140   3277374577 593350077 1536350654 3277430860 3277374720
  99077   3897201559 2242704226 2659564148 3897300741 3897201664
  30730   3113495909 445022180 840833900 3113465334 3113496064
  20820   2814889261 1694856080 893095789 2814868396 2814889216
  3206   3918975097 3851529282 3527921225 3918972026 3918975232
  106664   3812664607 2442263471 951821512 3812771240 3812664576
  65998   3430264489 988379344 3155338071 3430330574 3430264576
  41202   2982551903 1396057328 1636283414 2982510862 2982552064
  50381   3664637201 1581701529 1478586497 3664687565 3664637184
  42701   3997897193 1554587055 45002757 3997939917 3997897216
  66428   2263071091 2080005642 885059490 2263137660 2263071232
  4263   2298231373 787228856 285244958 2298227289 2298231552
  104208   3662179153 128040054 413941562 3662075120 3662179328
  89293   3577073233 3291818738 3313110897 3577162701 3577073408
  114646   4033150621 3255728730 687768947 4033036074 4033150720
  8351   4256997257 2898258576 1955720911 4256989025 4256997376
  50242   2743292971 1383181911 1569677905 2743343170 2743292928
  28409   2510694341 2177217190 2488111689 2510722809 2510694400
  2285   2802573281 2283920868 2238943399 2802571027 2802573312
  47144   4130070887 495061164 2398073131 4130023896 4130071040
  45561   3395295587 3158281041 1500364311 3395341305 3395295744
  47152   3625504457 2805003104 903808396 3625457360 3625504512
  73854   3213402301 989180048 1220229380 3213476222 3213402368
  10727   3048159511 2755780147 316158424 3048170215 3048159488
  87280   2560976533 2284795394 577125263 2561063920 2560976640
  81523   2552466079 1559427604 1289034597 2552384653 2552466176
  74366   3672340579 1285697437 1188305293 3672266370 3672340736
  18992   3091360361 2583656761 219160670 3091379504 3091360512
  62563   4222678181 3211654492 372338568 4222740835 4222678272
  24936   4072310377 607081081 627543970 4072285592 4072310528
  95783   2559600859 1887649323 1304684226 2559505113 2559600896
  117404   3931775851 2798374496 2966350555 3931658596 3931776000
  30045   3985248637 3881404304 1256347300 3985278813 3985248768
  79174   3538389961 2926136089 2753029243 3538310842 3538390016
  8932   2718744673 2710145197 156943801 2718735900 2718744832
  46568   2750858743 973672856 2323279940 2750905320 2750858752
  79550   2594902589 317760143 945481658 2594823234 2594902784
  18304   4057809391 2529572455 3934207270 4057827712 4057809408
  3864   3563586749 2363159667 588411157 3563582952 3563586816
  21338   2857706627 1386416051 2466233637 2857728090 2857706752
  51472   2874708293 199698757 420942404 2874657008 2874708480
  90549   3849644329 341546800 2364386190 3849735093 3849644544
  15984   3661054549 814117452 2230286812 3661038736 3661054720
  93059   3939873473 108593246 1240511177 3939780477 3939873536
  66858   3756843067 1534909302 470872999 3756776406 3756843264
  83432   3784341787 2107202204 1223926533 3784425192 3784341760
  5727   3370087067 304549462 1438532511 3370081441 3370087168
  76400   3937570691 1892365612 3037340868 3937647216 3937570816
  53660   3431325971 1586265530 3059161757 3431379612 3431325952
  89320   3066135599 1436525895 738776294 3066224872 3066135552
  52478   2534379413 1257422066 408084677 2534431998 2534379520
  4430   3085082489 1001389797 2788277971 3085078194 3085082624
  58970   4088399053 1522705700 1678188708 4088458074 4088399104
  16144   3456096893 3303222161 2784287783 3456080880 3456097024
  23269   3769413953 3391081065 1498302258 3769390875 3769414144
  32016   3160812419 671555609 1371476661 3160780528 3160812544
  84430   3670168823 2743480758 470670990 3670253262 3670168832
  42388   2470946183 728094768 2130075264 2470988692 2470946304
  46056   3714624751 3489218448 2911183118 3714578712 3714624768
  7426   3438418651 2062554844 618361885 3438426114 3438418688
  102275   3820183001 802125786 1992958951 3820080765 3820183040
  37730   4026693029 1419269924 3097630149 4026730850 4026693120
  5321   2325621317 1098280024 792401341 2325626825 2325621504
  5493   4137927707 1027403338 3747605073 4137933173 4137927680
  116421   4252969943 1319209855 3731871476 4253086405 4252969984
  35114   3396547981 2863292147 753135640 3396512982 3396548096
  79099   2314811281 1421120527 339990741 2314890491 2314811392
  61631   3708039641 3151404804 2929398727 3707978049 3708039680
  28749   2198922067 1333385030 965905719 2198893491 2198922240
  35076   3693487757 1187794041 1540320894 3693452796 3693487872
  94844   2846431547 628809331 698531861 2846336900 2846431744
  47857   2854387559 2282309232 1389921230 2854435569 2854387712
  53005   3884494571 3109314587 3229316640 3884547597 3884494592
  53856   2790129919 2263329813 519568177 2790183776 2790129920
  45866   4281810583 1536582258 3152552289 4281856554 4281810688
  100472   3020314513 1714096447 2971698110 3020214152 3020314624
  114314   3428024389 657182395 2491094498 3427910262 3428024576
  12156   2553375893 2024286523 450816612 2553363844 2553376000
  6941   3257763007 3134593436 2072581130 3257756131 3257763072
  105300   4153154543 2748396344 2167904926 4153259860 4153154560
  100845   3507336307 1449594411 3344123178 3507437293 3507336448
  56689   2320815407 535887928 493530318 2320758671 2320815360
  2491   3960025793 754189962 2853975704 3960028347 3960025856
  51593   4001318777 3815259622 63648802 4001370505 4001318912
  1935   4242749557 647099677 2319837696 4242747761 4242749696
  2324   3477362011 1444884518 993452548 3477364500 3477362176
  44292   2373645223 1667855090 235475795 2373689604 2373645312
  57760   2539542913 1363566252 275404498 2539600800 2539543040
  98526   4006240309 2820305943 597739099 4006141986 4006240512
  76375   2464445861 2400368800 843851953 2464522327 2464445952
  56286   2726885053 884954462 1309200544 2726941406 2726885120
  12196   3149783513 1045156070 1636247446 3149795748 3149783552
  35592   2195271889 278497103 897063714 2195236344 2195271936
  95459   2894787811 2576373465 665838616 2894883299 2894787840
  88911   3041167651 73769445 2354690749 3041256527 3041167616
  9347   2612797009 504426961 1776473692 2612787837 2612797184
  89144   3976809139 1617565804 2641927904 3976720072 3976809216
  19780   3357222677 1573698907 1783498924 3357242436 3357222656
  62430   4050373759 583200121 247851854 4050436318 4050373888
  79434   2257431923 1077647388 449227457 2257511498 2257432064
  100928   3708956969 729390398 3423875000 3708856000 3708956928
  6816   3920383613 1478283899 374069209 3920376928 3920383744
  3021   2504814401 20593600 1282175236 2504811571 2504814592
  53397   2261399473 214883604 1548754114 2261346155 2261399552
  59367   2989456373 2919999915 2597603235 2989515751 2989456384
  98809   3470948587 2070151929 1728715483 3470849799 3470948608
  83488   3737559689 3497502213 332996611 3737476320 3737559808
  35596   2491663253 1604000530 327625164 2491627764 2491663360
  23822   3356814121 524274012 2817937520 3356837902 3356814080
  71366   3522037423 3257646242 2300192162 3521966138 3522037504
  40832   3502020439 1261364627 2318339324 3501979776 3502020608
  60457   3126566117 71518376 2071338528 3126626601 3126566144
  3076   2344835357 273012316 1997076105 2344838404 2344835328
  13768   2985790589 2445216928 739473444 2985776952 2985790720
  73464   3679152469 1245677803 3158142766 3679079176 3679152640
  23912   3202755119 2754737958 3027024660 3202778984 3202755072
  71896   3610799663 1723716576 1296907432 3610871768 3610799872
  7356   3528312443 1490544315 1442565162 3528319932 3528312576
  66323   3082062961 190745342 3030873982 3081996781 3082063104
  84828   3242969137 2376189685 1471010796 3242884516 3242969344
  11118   4058084243 2418340767 1406078174 4058073234 4058084352
  40092   2196565859 1072135445 1516976148 2196525924 2196566016
  75014   2352234617 1228836088 1823521401 2352159738 2352234752
  41722   3961955737 1021813415 198612715 3961997562 3961955840
  9535   2287195087 2191956454 1904997462 2287204671 2287195136
  6987   3640789501 3613344673 1250180219 3640796491 3640789504
  516   3298479649 1316950918 812606139 3298480132 3298479616
  40847   2505701651 256044385 1888231488 2505742479 2505701632
  16342   3500910559 232195485 2178196979 3500894250 3500910592
  23750   2391219731 1136662216 420139303 2391195962 2391219712
  52224   3955688101 2331145797 3596323253 3955740416 3955688192
  3790   2148522049 511244520 59443795 2148526030 2148522240
  52279   4144774951 3681808540 2701165382 4144827447 4144775168
  25343   2999951261 356972033 1158874506 2999926017 2999951360
  31428   3142384829 728200483 210049861 3142416324 3142384896
  47238   2193622363 910042022 259392050 2193575290 2193622528
  36436   3987586783 2290382319 3611464294 3987550380 3987586816
  18843   3554506499 2710649965 2375267943 3554525339 3554506496
  91070   2420266117 1067875352 1337642306 2420357310 2420266240
  38326   2332177433 1861706857 1478357917 2332139082 2332177408
  70424   2435097109 1313836576 1843333616 2435167512 2435097088
  49936   3510778801 377960926 2804071244 3510728944 3510778880
  9293   3302550677 1866435744 476729470 3302560077 3302550784
  77228   4024813003 3233729918 3125443914 4024735828 4024813056
  21424   2759571691 1943810577 231130661 2759550288 2759571712
  50270   3853933033 2653089978 2084372788 3853983326 3853933056
  120264   4017316141 3808060314 2482090021 4017436616 4017316352
  42218   3887268899 783867060 2249812561 3887311082 3887268864
  63535   2502710071 1028366398 2001398778 2502773551 2502710016
  32424   2582885399 2416059355 868117436 2582917800 2582885376
  43409   3361869031 1574633477 1565439556 3361912465 3361869056
  79769   3248176207 1741188922 1928246626 3248256153 3248176384
  85418   3453320839 2998080335 46275456 3453235542 3453320960
  22117   2579210749 2283265563 1627345500 2579188635 2579210752
  12138   3375127069 351048126 1684144405 3375114902 3375127040
  57764   3230405267 1019455081 2685939875 3230463140 3230405376
  93576   3395066783 1997140831 742900111 3394973304 3395066880
  90950   2767667429 256805862 1297312640 2767576506 2767667456
  21168   3570905747 2734231593 383683103 3570884688 3570905856
  34200   2796766871 2010377963 781523032 2796801176 2796766976
  98355   3130833457 1391836456 854671566 3130931763 3130833408
  40458   3317171999 475199051 2641664746 3317212426 3317171968
  19072   3703585267 1165193994 1631777403 3703566208 3703585280
  102430   3975851071 2821400227 1366476958 3975748834 3975851264
  107666   4010507177 1066656883 3657113021 4010614930 4010507264
  37896   3620601851 2234939168 1517914107 3620563960 3620601856
  47636   4146599333 2397313818 4049009034 4146647060 4146599424
  45916   2676416549 784046630 198629593 2676370596 2676416512
  65334   3125538173 2577203387 489728337 3125472970 3125538304
  8558   4205280329 3866650311 3363284846 4205271954 4205280512
  69760   2312714227 300758077 127176876 2312644480 2312714240
  102648   3575694593 2068609154 2621692788 3575797240 3575694592
  45156   4001748503 1943506625 3371616210 4001703324 4001748480
  56295   4212166759 4180366484 2976529457 4212110617 4212166912
  86776   3543957427 1922463060 3342093119 3544044280 3543957504
  20719   3845805251 2493417191 485165056 3845826031 3845805312
  92772   2319851659 1535611203 1901143095 2319759004 2319851776
  96041   2666859869 2046496363 2120529910 2666763991 2666860032
  1850   2257589359 2034690408 1997419504 2257591354 2257589504
  22318   3910423931 3413211427 3311196190 3910446382 3910424064
  79773   3400388741 2450228900 1295967230 3400309091 3400388864
  34340   2886432097 1096743305 2221843621 2886397916 2886432256
  25945   2782098749 2400913035 1750690166 2782072999 2782098944
  40708   2197609237 820148624 2093004562 2197568508 2197609216
  72631   3897582881 2432350324 3689080842 3897510217 3897582848
  90382   3322629469 1497437836 3104881262 3322720014 3322629632
  27633   3208303381 967572177 770382272 3208275727 3208303360
  36366   2870881337 2363413778 2738658946 2870917902 2870881536
  67608   2874700639 894100060 1206884489 2874768408 2874700800
  35753   3093467011 1663616535 2896268604 3093431383 3093467136
  40735   2454265651 2284386563 873513308 2454224865 2454265600
  83064   2374072919 84474580 1193623427 2374156152 2374073088
  33316   3090222791 256136148 1020485082 3090189532 3090222848
  16608   4048125443 2073048797 293062568 4048142048 4048125440
  48455   3037678841 917522718 384184719 3037727303 3037678848
  27386   4242229583 3308492754 2303723167 4242202374 4242229760
  48708   2613948739 68805830 61392343 2613900220 2613948928
  30276   2966684989 1066005158 332176664 2966654908 2966685184
  22090   2680708139 1077704090 2467011619 2680730186 2680708096
  72952   3678987023 1612014754 6370743 3679059960 3678987008
  58284   4182729643 779151102 2750883357 4182788012 4182729728
  73497   3427286347 256036398 3298621919 3427213031 3427286528
  92150   3003276181 2178597804 1936169750 3003184138 3003276288
  82940   3626570053 3458919906 825965996 3626653180 3626570240
  2132   4200868261 238050128 2797128437 4200870484 4200868352
  22950   3155199367 426429879 3136282092 3155176538 3155199488
  58716   3274815853 2698029915 1541435782 3274874716 3274816000
  61010   3877884323 3702690999 2081940420 3877823406 3877884416
  103469   3868356677 802936539 890632939 3868253395 3868356864
  26197   2166403319 728786330 1035605154 2166429525 2166403328
  41327   2789793493 2520542993 311500326 2789834863 2789793536
  32868   2373954731 2219961011 867472705 2373987684 2373954816
  4944   2468919721 75738056 1540129371 2468914864 2468919808
  69150   2603892857 2046873054 2092950181 2603962142 2603892992
  98184   3368211911 1951648223 2985497633 3368310152 3368211968
  1365   3050406739 523074679 1081780540 3050408277 3050406912
  20613   3345239951 3062915956 1350629746 3345219451 3345240064
  44253   3647484571 1998657766 819719890 3647440419 3647484672
  52534   2509642699 1127725829 1073996202 2509695286 2509642752
  53613   3217677097 2267510812 2738071139 3217730669 3217677056
  85071   3668937101 3314387866 3096118046 3669022287 3668937216
  15191   2591984869 481554820 2004095777 2591969705 2591984896
  30457   2947110931 2707303928 829162999 2947141369 2947110912
  95289   2830919107 766904731 1097763338 2830823879 2830919168
  3056   2484801227 637704353 74689086 2484804336 2484801280
  67781   3062424317 3001204250 2900185716 3062492101 3062424320
  60086   3352944911 2814965655 1792567618 3352884810 3352944896
  28130   2262755329 1038245287 666921074 2262727198 2262755328
  30520   3586137697 1457046464 1643254399 3586168376 3586137856
  97078   3063287533 391265356 1579623237 3063384630 3063287552
  22869   2530636681 1601427043 2055395866 2530613931 2530636800
  28626   3172992787 3150075745 124331490 3173021394 3172992768
  7824   3693732737 2693345686 525224046 3693725040 3693732864
  74144   3652132327 2684415234 517121114 3652058208 3652132352
  29368   2300835451 1259357975 1943514377 2300864952 2300835584
  96639   2622013109 1400261263 760157877 2621916545 2622013184
  23337   3750425059 67991544 1111820039 3750448425 3750425088
  68312   3731593771 3420002729 1571916492 3731525672 3731593984
  31466   2370542683 550423302 77819761 2370574314 2370542848
  50212   2400215687 1660323017 1389853847 2400165596 2400215808
  66970   3993699917 208166025 1882963546 3993767066 3993700096
  76478   2968039561 193246594 2268427151 2967963202 2968039680
  110096   4217662187 2030307851 2519978647 4217772304 4217662208
  34776   3674066701 1482700910 3141299870 3674101464 3674066688
  39276   3698856487 50500131 2344692527 3698817172 3698856448
  6424   2865681947 395000510 2847221151 2865675496 2865681920
  45845   2700917171 908538092 90779914 2700963093 2700917248
  70136   3175459271 1704389731 2789546583 3175389192 3175459328
  46652   3356601923 1502318088 2391665704 3356555460 3356602112
  25354   3778060877 2890506884 801462059 3778086410 3778061056
  59751   2584405039 2189383479 377837437 2584345241 2584404992
  15277   2931496367 2277562429 1409794078 2931481171 2931496448
  90036   2863853521 2172949195 1296201609 2863763532 2863853568
  43777   2534063071 2248320819 1854850926 2534019327 2534063104
  46448   4037671511 3974792455 889827252 4037625232 4037671680
  60405   3869375903 379378243 1598861029 3869436405 3869376000
  64154   3048445031 2859699269 2575100557 3048381030 3048445184
  34456   3240509243 1283372717 2508055327 3240474984 3240509440
  50284   2974076789 1413435415 898189710 2974026644 2974076928
  61522   3868963181 2513613574 660079509 3869024850 3868963328
  73328   2393492347 798575341 2292310609 2393565808 2393492480
  103858   3658627723 2734114314 3314194896 3658731698 3658627840
  28418   2166860221 648626871 325112786 2166888706 2166860288
  42731   2756994917 1535246408 712872157 2757037803 2756995072
  69351   2159624707 992692630 288327237 2159555353 2159624704
  5820   3428326589 3241407315 2554243432 3428332476 3428326656
  50039   2457253159 1518691289 1338233320 2457303159 2457253120
  9686   3815990863 1170325110 1951205146 3816000726 3815991040
  48146   2866796263 400329535 2205339788 2866844434 2866796288
  17223   3528568961 254129774 2683374914 3528586311 3528569088
  113587   4289369299 2059070181 1491115289 4289482931 4289369344
  23883   2545752893 746779318 1164948172 2545776971 2545753088
  52696   3709304569 668026522 1600334617 3709357272 3709304576
  32829   2726276309 1101350557 2492256446 2726309181 2726276352
  65890   4005703717 1835151590 456114599 4005769570 4005703680
  71380   2395693661 1799778685 1014598911 2395765204 2395693824
  102312   4175996711 384714945 2738354804 4176099240 4175996928
  96074   3912909461 1837912348 3090980451 3913005642 3912909568
  81820   3045786397 1710481869 250808260 3045868188 3045786368
  106433   3340393253 2611177933 1022472338 3340499649 3340393216
  1998   3594694399 389478144 3251136813 3594692402 3594694400
  37056   3484151767 1664393463 1340084868 3484188864 3484151808
  77430   3056902111 2194774500 2202420622 3056979574 3056902144
  46621   3518759287 191015935 3321273895 3518806045 3518759424
  42936   2817378119 2106109681 2421735171 2817421240 2817378304
  62884   2924457617 2895241525 898976954 2924520612 2924457728
  67602   3743399189 2871597808 3551121601 3743331566 3743399168
  93872   3478472903 1023173943 2870974548 3478379088 3478472960
  15637   2409396839 1553856576 585140427 2409412629 2409396992
  77212   3615475291 2031237671 1256148495 3615398244 3615475456
  22166   3140670943 1933444931 1472719197 3140648810 3140670976
  105219   3445360901 2809155469 1460837845 3445255677 3445360896
  3083   2778728269 1680943648 1206167554 2778731531 2778728448
  26860   2188892333 1721419489 869211239 2188865556 2188892416
  11600   2147515081 1334792499 1303490965 2147526736 2147515136
  64257   2897280901 935153947 1792503195 2897345281 2897281024
  37279   3340011137 2198882402 3063195036 3340048543 3340011264
  85956   2278967591 1902037552 1925866460 2278881596 2278967552
  33868   2503554353 2266187811 83280476 2503520436 2503554304
  29290   3176585119 1479154552 744139856 3176614506 3176585216
  36583   3438139363 1262608742 2455468933 3438175975 3438139392
  85411   2562344713 1777369436 1986641960 2562259293 2562344704
  31852   2722453787 2491197761 1732755715 2722485612 2722453760
  60028   3850989421 3612973187 3000815632 3851049596 3850989568
  31652   3105633823 182865736 2072792065 3105602140 3105633792
  4339   2510615959 1148270993 404025525 2510620403 2510616064
  61540   2335700123 381736272 1333174251 2335761764 2335700224
  85086   3922129787 2776973111 865769533 3922215006 3922129920
  16901   3951612263 2947845902 1102100190 3951595515 3951612416
  2828   4000520983 3257089218 253528166 4000523788 4000520960
  9886   2790289283 1746613381 1887785185 2790279522 2790289408
  50884   3177280201 1465385668 817268549 3177229372 3177280256
  83395   2434542563 89092144 1170736560 2434459197 2434542592
  76920   4122800641 2761549516 3038370917 4122723720 4122800640
  25565   2600157319 1018267789 2200197479 2600131875 2600157440
  56820   2430576493 652405761 1987379611 2430519820 2430576640
  33705   3012497951 823921815 483214278 3012531625 3012497920
  39796   2577832627 236550228 1315402124 2577872500 2577832704
  57864   3622206389 3037596871 156160663 3622148600 3622206464
  14235   2234612221 440172072 842399907 2234626459 2234612224
  72052   3429750361 790832338 478008152 3429822580 3429750528
  43321   2865934693 1169036235 1071649639 2865978169 2865934848
  37928   2681071651 1917182268 1774910142 2681109544 2681071616
  19820   2487060811 851432679 390012899 2487041172 2487060992
  87831   2780779073 2628423713 904460964 2780867095 2780779264
  5170   3672840827 1207316766 1909575078 3672835790 3672840960
  80828   2289041393 274014804 207720217 2289122236 2289041408
  19619   2840577497 324705894 561575938 2840597155 2840577536
  24608   2364858949 1395452821 1806461321 2364883744 2364859136
  17169   3179549803 1434890656 2773655272 3179532783 3179549952
  11223   3814096757 477003832 369378918 3814108119 3814096896
  32413   3620814863 740788133 570937636 3620847261 3620814848
  30761   3325465181 1327710 3010530891 3325496105 3325465344
  31719   3346106279 2030522966 2602765635 3346138087 3346106368
  16192   3547048279 1278620676 596640532 3547032256 3547048448
  45498   2818949477 745294460 2475231318 2818995130 2818949632
  83014   2237289289 777863202 1944216641 2237372486 2237289472
  28982   2742548713 2401474505 1701540504 2742519754 2742548736
  25416   3680305183 3052807341 723161545 3680279736 3680305152
  31023   3884147647 3084688772 728855458 3884116689 3884147712
  7641   2177430007 1403487847 279824139 2177422375 2177430016
  34362   2931611549 1833332071 2776207507 2931646010 2931611648
  1572   4265254937 2031198503 1562181844 4265256484 4265254912
  97454   4204183429 3712964099 1737865817 4204281006 4204183552
  103898   3885369119 953651721 1937469583 3885472986 3885369088
  82172   3528117673 1072445483 85738788 3528035588 3528117760
  46654   3321499157 2147498485 2837941991 3321452482 3321499136
  9945   2485996099 1830779843 128226309 2486006233 2485996288
  41864   2476629509 2253124007 1970297259 2476671368 2476629504
  51320   2651112511 2380487339 2608458339 2651164024 2651112704
  114074   3470851289 2351681802 1442601630 3470737254 3470851328
  78826   2713541177 1917304247 1632489922 2713462550 2713541376
  39687   4269288997 3078941169 4101634612 4269249529 4269289216
  70290   3244361269 515458410 2564204773 3244291182 3244361472
  20214   3232602481 23588016 340453304 3232582410 3232602624
  18761   4069336591 4046232206 489428940 4069317815 4069336576
  44399   2393003087 448261127 1558708215 2392958865 2393003264
  74725   2720518301 686514348 1108612712 2720593125 2720518400
  123180   3921598249 1792324217 2183926776 3921721644 3921598464
  5040   2193360863 1905811998 842964793 2193355856 2193360896
  22188   2814045569 1466234646 462893848 2814023508 2814045696
  20918   3127582621 614088721 1221663433 3127603638 3127582720
  75150   3443042879 93613898 2704644532 3442967922 3443043072
  9466   2531691451 1554938313 1300030429 2531682054 2531691520
  474   3133117927 1362634036 460701354 3133118426 3133117952
  32742   2672760491 879955276 1174290161 2672727834 2672760576
  28496   4084406149 2622228120 540778900 4084434768 4084406272
  46428   3433492901 601930318 1464693720 3433539420 3433492992
  28886   2419459117 821115000 1574964527 2419487958 2419459072
  88730   3610977187 923124062 2336762727 3610888550 3610977280
  58504   3431838239 2092281812 455241175 3431896712 3431838208
  82823   2176340863 1410722789 553688987 2176423815 2176340992
  52125   4127264563 2560402374 3820858154 4127316893 4127264768
  60840   2346700087 174384918 6937989 2346639192 2346700032
  43886   3294672151 2047918429 1495181340 3294628242 3294672128
  32475   2328507031 832442020 806019139 2328539611 2328507136
  59933   3047126209 2850168117 1813013022 3047186205 3047126272
  41540   3265386269 1076516787 3231560807 3265344700 3265386240
  41462   3212076719 1505665990 2727699095 3212118262 3212076800
  33590   3683423921 451645704 3367113282 3683457590 3683424000
  30736   2346469093 726423179 575218054 2346499856 2346469120
  35402   2285406037 453446828 217451709 2285370806 2285406208
  28133   3207684521 2462519030 855191379 3207656475 3207684608
  2934   2282985119 1795654425 2096225364 2282988150 2282985216
  81854   3492725897 2642785682 454744946 3492644162 3492726016
  84570   2272262219 1224222603 1539596820 2272346970 2272262400
  76126   2526902047 2424298232 1804305871 2526978142 2526902016
  54349   2929807813 2071361897 860229782 2929753523 2929807872
  77387   2913899837 1368714203 2148232834 2913822645 2913900032
  92025   3963019477 1217854361 1736500434 3962927495 3963019520
  18797   2540261167 139946779 131897384 2540279917 2540261120
  89118   2978300419 22402215 2078450156 2978211298 2978300416
  20779   2943853547 49658992 1365995764 2943874347 2943853568
  47195   2829425359 2654106365 828660267 2829472603 2829425408
  22871   2632654729 2461825571 2487857425 2632631977 2632654848
  18593   2301213259 1581315393 634198256 2301194847 2301213440
  78845   3186978019 855162421 913045159 3187056893 3186978048
  23042   3874472209 3440009634 1451438682 3874449150 3874472192
  42371   3463655051 1358574659 235808750 3463697539 3463655168
  18992   3234503537 1764240192 579844889 3234484688 3234503680
  23814   3257284879 2917227563 380794778 3257261050 3257284864
  14684   2336602157 969837181 108805224 2336616796 2336602112
  63368   3206434183 472733676 3139204789 3206370936 3206434304
  58849   3807834623 1622202296 3798341996 3807893473 3807834624
  85310   3317500163 3057549029 665939786 3317585470 3317500160
  41916   3792850993 3256535286 2665120380 3792893116 3792851200
  72228   3487595963 1822677852 888999340 3487668260 3487596032
  20625   2715492007 1130727567 428732336 2715512721 2715492096
  55060   3119379023 103864034 1929228597 3119324140 3119379200
  30402   4245700691 246295640 1159326498 4245731266 4245700864
  16808   4226401031 3924953968 1024376691 4226417832 4226401024
  15667   3492533059 3240376097 2132433058 3492548915 3492533248
  105567   3932204429 3072668051 3248118957 3932310111 3932204544
  8772   3170768717 723060283 1210227806 3170760124 3170768896
  21021   3089004707 2042234221 1749285738 3089025821 3089004800
  63490   3278951539 1842049353 2525792470 3278888190 3278951680
  5320   2369365903 953565925 357917523 2369371336 2369366016
  23108   3115212047 380127533 1437804806 3115188924 3115212032
  28882   2693666377 438283967 2565418002 2693695442 2693666560
  43225   3090757337 2315118483 2775831072 3090714151 3090757376
  89062   3581586403 2801743482 14312043 3581675494 3581586432
  13189   2227560271 1523458726 2098129750 2227547259 2227560448
  87984   2686086929 884558725 1729826684 2685998928 2686086912
  19911   3510203729 126074212 3374537783 3510183993 3510203904
  48976   3345123659 1303881402 371375928 3345074864 3345123840
  63679   3183378073 193199832 1084596934 3183441855 3183378176
  16002   2885997277 2822060519 1969295782 2886013314 2885997312
  12492   4182486229 4130449741 2030233901 4182473780 4182486272
  48178   3211599119 1277166818 2644689184 3211647282 3211599104
  47598   2851365599 834662598 782202325 2851413230 2851365632
  61094   3711830569 1648630314 577786176 3711769434 3711830528
  63984   3273008329 616151782 2507054446 3272944400 3273008384
  6970   2328231137 1213763922 1521809207 2328238138 2328231168
  10922   2169542917 408354321 2146001229 2169531990 2169542912
  85718   2793949261 559369242 2539738365 2793863722 2793949440
  43012   2592925891 1067829488 1972381400 2592882940 2592925952
  8466   2764331621 524587369 2600101757 2764323310 2764331776
  44303   2291603411 1790998691 2273591494 2291559153 2291603456
  111357   3323513533 873501021 1608821875 3323624957 3323513600
  82128   2421537077 956798915 1507127165 2421454896 2421537024
  1865   3852566477 943882415 3013811977 3852568393 3852566528
  65614   3162044371 2296431618 633873857 3161978802 3162044416
  107241   3397908329 3090881118 353579194 3398015721 3397908480
  8528   3076795081 744926292 1121064749 3076786608 3076795136
  25580   2854384301 2363746887 560844985 2854409964 2854384384
  59367   4135698583 1947691269 2129788859 4135758055 4135698688
  70919   3645683381 453648971 1539101137 3645612537 3645683456
  93569   3042368339 1502122390 968947614 3042462081 3042368512
  33391   2538586801 1584273743 2513455201 2538620271 2538586880
  47998   3223207567 406870770 1482681526 3223255678 3223207680
  64976   3876112199 1410837449 1427940304 3876177360 3876112384
  3501   3672278387 863206511 2165388175 3672282029 3672278528
  24504   3153831101 2065734859 3026500006 3153855672 3153831168
  35696   2537518759 933528699 1202252677 2537554544 2537518848
  3616   2549506291 961397676 701090758 2549502688 2549506304
  114704   3954959191 1465131795 2041226682 3954844656 3954959360
  78715   3106869641 1546262802 243859619 3106791045 3106869760
  65474   3955160893 2267820918 1506557476 3955226562 3955161088
  57858   2929683851 54756914 1967762995 2929626110 2929683968
  31895   3279114889 691259927 2469694877 3279083113 3279115008
  11838   2772671149 2701987550 1714338058 2772683070 2772671232
  69647   3383048183 342849746 849284193 3382978545 3383048192
  12094   3629079257 2848095256 3536358125 3629091390 3629079296
  84865   3025972777 428148804 1280309428 3026057601 3025972736
  61032   4092500723 2757377154 597295874 4092439704 4092500736
  57472   2399447359 308937797 294017645 2399390080 2399447552
  25399   3310753529 498187613 1845974647 3310728137 3310753536
  61103   2693499187 2048602135 1535190045 2693438033 2693499136
  21432   4157704487 1611565682 3634703333 4157726136 4157704704
  19964   3489256157 2376566586 1433546204 3489276156 3489256192
  105700   3509369543 1006931564 2242718841 3509263900 3509369600
  46592   2767956713 1219605212 2415514446 2768003328 2767956736
  10421   4059020269 2953142446 667555236 4059030709 4059020288
  81513   2429796913 1084189683 1060087486 2429878377 2429796864
  25630   3512962703 846005450 3053482906 3512988446 3512962816
  51650   3709487263 3178700775 3254228495 3709539010 3709487360
  52366   3218199779 351904477 1052407957 3218252174 3218199808
  77859   3575991257 3461201297 1031117120 3576069155 3575991296
  48999   2781437753 281120312 145515402 2781388953 2781437952
  39610   2367259597 91972211 1403066182 2367220038 2367259648
  56092   2439145537 194445643 1185327042 2439089636 2439145728
  73512   3368344451 375788500 2484069470 3368418088 3368344576
  1672   3223183169 2888133999 790067905 3223185032 3223183360
  39852   3233020303 665846620 458165269 3233060268 3233020416
  51176   3246554527 2100409267 2988860533 3246605800 3246554624
  10248   2973669683 2444795075 397329846 2973659640 2973669888
  6224   2182232989 1404256929 716100598 2182239312 2182233088
  18806   2992045723 1332685112 1138702 2992027018 2992045824
  43596   3681207067 2648877371 2658321992 3681163444 3681207040
  1013   3191230181 2714787669 1413022152 3191231221 3191230208
  75952   3755347543 597666308 501901841 3755423664 3755347712
  59892   4257040061 2445458334 3040005772 4256980236 4257040128
  102929   3118258211 1805164105 1267446745 3118361105 3118258176
  82156   2377450241 787388887 1380280289 2377368084 2377450240
  55483   2486079487 661251565 673178047 2486134971 2486079488
  70791   3638693029 3050610238 1042918802 3638763911 3638693120
  14881   3976219781 1089215306 1289054084 3976234785 3976219904
  54996   3159834253 897189869 890131659 3159889364 3159834368
  22820   2781994381 547196667 506157207 2782017316 2781994496
  87625   2938528451 1096718658 98205751 2938616137 2938528512
  5998   3365065237 2985350821 814582273 3365059218 3365065216
  66044   3375755927 3237561629 1098079135 3375689988 3375756032
  45249   2938721413 2489393429 1423644904 2938766785 2938721536
  101200   3717624049 491380538 2403335253 3717522864 3717624064
  41799   2226486337 783430620 1305748342 2226444729 2226486528
  38925   3255342593 3058180053 772337557 3255381517 3255342592
  7673   3708830693 2967672447 3318756530 3708823047 3708830720
  58630   2392463539 2283473301 2371852997 2392404986 2392463616
  65067   2275550273 544999372 2089686477 2275615531 2275550464
  28193   2828771861 887634156 466804334 2828743647 2828771840
  84188   4035984991 2842116717 848354886 4035900964 4035985152
  10620   2717000183 551332812 2019660496 2716989572 2717000192
  15529   4241250451 661823931 3870728137 4241266089 4241250560
  4582   4293151339 719842916 1393447915 4293156070 4293151488
  35467   3999326281 496090446 3239024891 3999361931 3999326464
  100230   3418132279 611314199 842289544 3418032250 3418132480
  19731   4166910109 832060858 3167413996 4166890477 4166910208
  38891   2912370077 2565004801 2867100495 2912331285 2912370176
  37823   2667601319 1079232363 330922858 2667639231 2667601408
  48046   4131119599 1472195258 3289476355 4131071570 4131119616
  107682   4189682053 3164093075 3667209240 4189574494 4189682176
  49488   2268762491 999250811 1958883044 2268812112 2268762624
  30212   3582142397 799469959 83985072 3582112252 3582142464
  3360   2909335073 86453007 2265286812 2909331680 2909335040
  58157   3579957961 393554852 1712930899 3579899859 3579958016
  64656   3826676753 2890304683 2627526429 3826612080 3826676736
  33422   2910262711 605167655 215375989 2910296206 2910262784
  72519   2582305603 1111652033 2535469041 2582378311 2582305792
  58033   2960295271 1250056042 1815748368 2960353457 2960295424
  60270   3837651409 159068884 3194567592 3837591186 3837651456
  19318   3037731317 693376527 1121406050 3037750646 3037731328
  73291   3334715173 1653849660 2295641467 3334788427 3334715136
  47747   2157133739 1746980134 82325493 2157086077 2157133824
  25958   2359047337 1172930821 1744510409 2359073382 2359047424
  87681   4071239321 3745634783 2862544014 4071327105 4071239424
  56437   3802844033 2258374494 3317771550 3802787723 3802844160
  21989   3629837201 2369273188 477264246 3629859301 3629837312
  55998   3239013289 1094013556 2444532879 3238957378 3239013376
  68313   2442516641 1788510474 562309908 2442585049 2442516736
  89636   3858484549 1847052834 3149801457 3858395100 3858484736
  23975   2589873427 738165774 2547411930 2589849433 2589873408
  32690   3317779613 1371358987 3164107667 3317747022 3317779712
  63656   3264315517 2647152075 2962536055 3264251992 3264315648
  52288   3312999709 1847489564 2650958943 3313051968 3312999680
  39426   3916456421 1590735869 3089749665 3916495874 3916456448
  97001   3272214157 2373204440 2432469803 3272117271 3272214272
  14255   4176909937 3864184042 3182527586 4176895825 4176910080
  105976   4048625341 817533142 923480429 4048519432 4048625408
  10953   3530740177 3370982288 3341652607 3530729271 3530740224
  21174   2223071237 1938964271 2040976579 2223050058 2223071232
  113952   3539066693 3144785644 2265575967 3539180832 3539066880
  7116   2894409709 216233206 2104011182 2894402612 2894409728
  71871   2807101949 1726924509 2313077838 2807173823 2807101952
  53360   2896538779 2244420993 1721115040 2896485520 2896538880
  18517   2170722493 1520462086 298345173 2170704043 2170722560
  34880   2476133089 1583890744 722069608 2476168000 2476133120
  67528   4196195501 1599241730 904352119 4196263112 4196195584
  10929   4007603879 669724258 3667267177 4007593039 4007603968
  15272   3396149819 2283275750 693337790 3396165288 3396150016
  6076   4173189749 1646307944 3661770042 4173195964 4173189888
  97752   3166606111 2641349190 2642863277 3166703832 3166606080
  34130   3056713963 2210087752 2549098895 3056679854 3056713984
  68755   3071700517 1534557645 3063926347 3071769235 3071700480
  44060   4158259951 3273331920 949105863 4158215908 4158259968
  4660   3863296187 3399017251 2747226584 3863291596 3863296256
  11002   2665538377 361721037 1138544220 2665549562 2665538560
  44500   3202193479 2309246905 2504428537 3202238164 3202193664
  18524   2491734809 1893682939 1759693288 2491753308 2491734784
  27344   3086828081 2623924137 1295206339 3086855376 3086828032
  29268   3959833781 3948813937 603418926 3959804588 3959833856
  31801   2529573091 333354569 1404473787 2529604921 2529573120
  88678   2776579787 2349806361 2113524655 2776491162 2776579840
  8936   2926597013 1242775863 1173752023 2926606056 2926597120
  81995   3253002659 2591106083 1531258516 3252920757 3253002752
  36842   3940439609 259892446 3028636393 3940402966 3940439808
  5188   3121508581 3095128117 2328576709 3121503420 3121508608
  77366   3021777379 1301785444 2320439184 3021700042 3021777408
  63766   2769399287 1935253260 312528315 2769463062 2769399296
  46936   4140798737 3803220705 3941536338 4140845656 4140798720
  55408   3978017471 1309796978 1185206227 3977962128 3978017536
  67616   2819675623 2238001229 809184850 2819608032 2819675648
  32530   2904404137 34053 2118780216 2904371694 2904404224
  63435   2151740743 2071300977 2139280175 2151677493 2151740928
  61062   4016926019 1437011502 284182484 4016987270 4016926208
  44636   4227580157 1155004297 440303136 4227535524 4227580160
  67192   2154353947 957650510 1802474603 2154286728 2154353920
  64516   3792774481 2316206235 2760579005 3792710140 3792774656
  77176   3630363131 3588196327 1829425514 3630285960 3630363136
  69967   2932333601 591963650 603219754 2932263601 2932333568
  16935   4125724829 890716654 2565953440 4125707993 4125724928
  21871   4104123281 3174711590 2274115597 4104145263 4104123392
  4940   4269579323 2180784867 1695981605 4269584460 4269579520
  96739   2603419141 137021925 99080702 2603515875 2603419136
  87901   2326233193 1962943853 142762267 2326145443 2326233344
  42420   3716022487 2397052896 2487931997 3716064948 3716022528
  31257   2980380671 1066755427 286852910 2980349415 2980380672
  36300   3329473547 154618572 1167498837 3329509836 3329473536
  40884   3041576623 1506069075 1465154567 3041617588 3041576704
  8701   2699839609 1177069715 1348845286 2699848445 2699839744
  65370   2434368511 2298269720 2401525243 2434303142 2434368512
  59197   2652649579 2139786557 506329913 2652590531 2652649728
  83449   3468439633 2872913808 32402795 3468356359 3468439808
  42311   4197764371 1269285251 356104098 4197722041 4197764352
  24372   3409893703 3104128331 3168386524 3409918260 3409893888
  34064   2297824183 485090660 2086644929 2297858320 2297824256
  2047   3005834701 762466073 1599802370 3005832705 3005834752
  54452   3007904519 877810375 915945451 3007850060 3007904512
  119604   3859707377 1854185956 329799162 3859826996 3859707392
  24048   2267973833 972337019 275475182 2267949840 2267973888
  25920   3890395403 1314377000 2472507731 3890369472 3890395392
  23067   4066193503 363624972 1827631150 4066216731 4066193664
  52084   2191359029 1389044071 557684627 2191411060 2191358976
  79546   2624899507 324111802 2324710289 2624979130 2624899584
  25994   2324959009 348551306 33017560 2324984970 2324958976
  50665   2710271483 2652162328 2563037793 2710220823 2710271488
  61532   4063940891 1979355482 2697766663 4064002396 4063940864
  11303   2419524071 2254879415 2231117515 2419512793 2419524096
  33714   4049736511 505318422 1136369706 4049770418 4049736704
  9115   3041137139 1972016655 1771848049 3041146267 3041137152
  60870   3704559527 1314553229 1858378391 3704620486 3704559616
  36736   3077024959 2162564129 183144563 3077061760 3077025024
  102629   3705056059 1693783165 3330384559 3705158885 3705056256
  45930   2181703361 548918055 160081548 2181657494 2181703424
  33400   4034645243 2433961290 1744697857 4034678648 4034645248
  56132   4095556141 1610426914 3593725429 4095500220 4095556352
  62697   2860718479 1245464352 1661709602 2860655895 2860718592
  32788   3898406579 1191505293 699731009 3898373868 3898406656
  5640   2503974611 178074981 486025504 2503969016 2503974656
  66498   4219583983 499720638 2462797570 4219517502 4219584000
  3402   4206678199 477208712 3049019698 4206681674 4206678272
  16992   4080696349 3050635326 1212468046 4080679328 4080696320
  103127   2885812031 2838237452 375215977 2885915351 2885812224
  23152   2504026573 512262802 1150435319 2504003472 2504026624
  35769   2263159079 1294824935 751511676 2263194809 2263159040
  110359   3089154781 1275736414 1817423085 3089044457 3089154816
  28160   2491622191 2121923470 794226780 2491593984 2491622144
  44220   2794638101 1367799231 1499329098 2794682300 2794638080
  70870   2615296787 881283803 2605849543 2615225898 2615296768
  78928   3453807493 427567695 910335967 3453728688 3453807616
  84596   2707776037 1389854042 1427595236 2707691404 2707776000
  53280   3915403213 2449588594 1298847950 3915349984 3915403264
  45268   3208625669 806800098 2134365918 3208580396 3208625664
  80653   3111637577 120796137 877283338 3111718413 3111637760
  52456   3290935597 1175473305 916239424 3290883096 3290935552
  57101   3324163301 3290898479 329216781 3324106227 3324163328
  114957   4233843961 3232499613 3388576434 4233958925 4233843968
  89257   3945717211 2969537317 695793670 3945627991 3945717248
  29031   2707053907 937063395 2384608349 2707025049 2707054080
  80396   2625383777 1392942697 72478927 2625464332 2625383936
  102296   3275238919 1935623428 121727733 3275136616 3275238912
  93555   2293606037 1440559980 209078117 2293699699 2293606144
  22080   4177312351 2810720675 702670505 4177290432 4177312512
  79890   3824803739 1194976704 3432101032 3824883730 3824803840
  3029   4012594051 1552704458 2282089303 4012597205 4012594176
  8064   3339837667 2758790604 415983320 3339845760 3339837696
  94814   3904138727 3047788301 1862505043 3904043938 3904138752
  2130   3462023207 3200041293 604616340 3462021038 3462023168
  43492   3678343649 3239072223 686524287 3678300188 3678343680
  117914   3797169301 1669120493 561012335 3797051494 3797169408
  49741   2941789793 1967138079 2374707802 2941839693 2941789952
  15709   2670759029 1402232139 2322976671 2670743459 2670759168
  56790   3636566837 1736209704 3458296411 3636623830 3636567040
  13130   3905494871 1059393719 2213891307 3905481910 3905495040
  72862   3406363703 2980670652 1735206405 3406436766 3406363904
  31030   2235673123 1489261135 1748262782 2235704118 2235673088
  29947   4038752197 2369422213 69502171 4038782203 4038752256
  82808   2281626323 327686929 1988821029 2281543560 2281626368
  73008   3015771947 657171297 1039592866 3015844912 3015771904
  97536   2555880277 159256503 221903681 2555977984 2555880448
  69400   2975087327 1081285508 2195118513 2975156760 2975087360
  83950   3858757769 2009154053 1037643662 3858673938 3858757888
  62416   2634816739 2222149134 2172022124 2634879184 2634816768
  41525   3638694649 222682431 217071254 3638653131 3638694656
  24108   3596151571 2715958837 804055827 3596127444 3596151552
  10755   3818130451 2089023228 2412414119 3818141187 3818130432
  77809   4227222773 2563573752 2651324010 4227144975 4227222784
  47551   3239561449 2588200969 397159678 3239513921 3239561472
  5595   3445920749 3369865391 2533169044 3445926363 3445920768
  82636   4259440441 950999454 805745598 4259358004 4259440640
  8140   2933802701 674778461 489864950 2933794612 2933802752
  17344   3880004971 585794435 3005961962 3880022464 3880005120
  67879   3825026783 1654599678 3220895543 3825094695 3825026816
  21177   3201059053 1871013947 2064645450 3201037895 3201059072
  40662   3036263407 3013734419 1760234252 3036222762 3036263424
  110774   3614276437 572513960 2233857750 3614387382 3614276608
  41935   3494994287 2500538440 1896143134 3494952497 3494994432
  117868   4219666691 1609337131 1409985803 4219784556 4219666688
  61079   3214181077 866871346 1817857751 3214242199 3214181120
  115996   4184055229 2205859539 2682127047 4184171292 4184055296
  121136   3993405539 190506134 2878380126 3993284560 3993405696
  82554   3225325847 3006162156 2591366775 3225408378 3225325824
  76894   3828370061 1553486535 1316019625 3828293282 3828370176
  25468   2787117043 2029115361 2451368536 2787091588 2787117056
  25243   2174860543 1108605633 108088894 2174885787 2174860544
  65657   3653046329 675938380 3025179164 3652980871 3653046528
  26973   3412484011 1958323927 553412589 3412511069 3412484096
  17440   2915644471 1411962315 1647762890 2915662112 2915644672
  2823   3686733637 2813393213 3377189244 3686731001 3686733824
  17957   2939635723 2678847586 68321612 2939617755 2939635712
  15464   3788155879 2238747476 370317016 3788140440 3788155904
  33315   3848392529 1267655119 833465878 3848426019 3848392704
  31565   2667146851 584540057 1142501115 2667115443 2667147008
  91920   2834779093 2247103642 1260329693 2834871056 2834779136
  58880   3224031533 584765160 472866502 3223972608 3224031488
  73600   4094695079 1059481627 2615295629 4094768768 4094695168
  188   3007565111 2156492552 1297447299 3007565500 3007565312
  23766   3312007213 1266852624 752295390 3312030934 3312007168
  49012   3963991957 3228134399 3651093655 3964041076 3963992064
  57006   3962294131 649980675 2705117991 3962237266 3962294272
  49320   3277210081 1547866575 108291385 3277160792 3277210112
  46509   4165664579 2616848005 1773035248 4165711277 4165664768
  81398   3447229909 513215602 306673392 3447148554 3447229952
  103400   3750205843 1300431202 1912069973 3750309352 3750205952
  64505   4158539029 603146158 2009393977 4158474503 4158539008
  33680   2702948033 1927501463 1995787027 2702914416 2702948096
  37402   3678625259 366256127 1035917916 3678662682 3678625280
  10212   2457428069 1575941186 2108137203 2457438436 2457428224
  17132   2381544929 1628529572 1595867018 2381562092 2381544960
  2790   2510137493 1894128447 1947620952 2510134810 2510137600
  31465   2295653149 1682619153 1102456755 2295684585 2295653120
  114357   4091698901 1213987008 2259931487 4091584587 4091698944
  87536   2878510937 2451978780 722603822 2878598640 2878511104
  89124   3292174463 2811338050 3145651951 3292263716 3292174592
  122700   3981728909 2542124330 67458457 3981851724 3981729024
  22412   3699745877 2568739604 586035266 3699723636 3699746048
  49245   3603565331 3382956363 2136694842 3603614557 3603565312
  14338   3202383089 1871733530 209357263 3202397442 3202383104
  41570   3582645523 3413727577 581403727 3582687074 3582645504
  101472   2784597187 2049658977 374525409 2784495776 2784597248
  4275   3963063109 1531265929 396748191 3963067571 3963063296
  25500   2409545969 1250913116 1938504363 2409571484 2409545984
  40992   3876573499 2605412950 3383871311 3876614688 3876573696
  32632   2831978783 2707127451 1535873825 2832011384 2831978752
  9976   2588311939 1996113012 2281121574 2588302088 2588312064
  21292   3612497261 3415178262 3391648691 3612476116 3612497408
  76291   3866510759 1837652177 3709481916 3866434557 3866510848
  78100   3415641743 745992584 2068599760 3415719956 3415641856
  56797   3006348271 1363396223 1398097020 3006405085 3006348288
  58803   3874011919 2721495428 3577494827 3874070707 3874011904
  14380   3245573743 1414775044 205840380 3245559508 3245573888
  68978   2244614299 170725217 167375664 2244683378 2244614400
  67466   2460279181 1543555069 1062760446 2460346762 2460279296
  11128   2505904909 183488560 1094107393 2505916024 2505904896
  31927   3896286137 3588530811 2867156013 3896254281 3896286208
  100380   4293816733 4008001648 825002098 4293716452 4293816832
  59561   2183690897 1107459420 6744544 2183631447 2183691008
  31032   2642273863 208440278 2612933442 2642305080 2642274048
  28304   3773538511 3183979601 2829157257 3773510256 3773538560
  74198   3513996371 1429997493 96260091 3514070742 3513996544
  83090   3769376981 1501551855 2162094258 3769460114 3769377024
  70166   3433840783 419366307 2432959698 3433770730 3433840896
  61852   2978488613 2960687472 2113395004 2978550428 2978488576
  41518   3209085071 88167025 844991224 3209043666 3209085184
  63272   2732808083 1197501942 2122591076 2732871464 2732808192
  107121   4233064001 795957004 2316435744 4232957071 4233064192
  53687   2679148139 548772924 668885389 2679201975 2679148288
  8818   3159112417 404372843 1737448430 3159121266 3159112448
  9759   2517874277 2480190868 202399235 2517884191 2517874432
  2916   3130464509 1017334177 3059102059 3130467428 3130464512
  31872   2355422519 450379584 1388650419 2355454336 2355422464
  62276   2394613657 2232400738 1648671670 2394676036 2394613760
  33092   3459980113 2267988865 287708205 3459947196 3459980288
  64784   3556398863 1242702068 1670461161 3556334064 3556398848
  63750   2996593489 1487622095 2065241999 2996529914 2996593664
  62677   3327462863 383059127 745806833 3327525589 3327462912
  14820   3309892643 2777416364 2466449054 3309877788 3309892608
  75691   2192478727 1270395892 77132024 2192554411 2192478720
  44232   2159214433 559427734 932839911 2159258824 2159214592
  210   4093299853 3325571571 2798328927 4093300178 4093299968
  79572   2978316949 2166390491 338904618 2978396628 2978317056
  29552   3217519507 2512450990 1923351967 3217549168 3217519616
  35947   2311785187 2049557045 757588395 2311821163 2311785216
  2344   2544728629 1624616317 171420038 2544730920 2544728576
  60180   3959912549 3044939597 1633078814 3959852524 3959912704
  7440   4186871261 306500106 1016657402 4186863856 4186871296
  31585   2841472691 690736090 1252485952 2841504353 2841472768
  20128   2979462763 371203902 2496655406 2979442784 2979462912
  58938   3327364637 2023834750 2024313184 3327423546 3327364608
  58520   2727768907 1282616626 2040965708 2727827608 2727769088
  105818   3909615971 1003100809 804966850 3909510310 3909616128
  58145   2752095443 2564185459 742014 2752037343 2752095488
  54868   3553880059 1253918010 468142340 3553825196 3553880064
  22124   2245496699 898487304 936241861 2245474708 2245496832
  31856   2337766073 2269940670 1377379944 2337798000 2337766144
  43776   2707202093 2079420239 1963068436 2707245824 2707202048
  93530   3617373547 53038572 2373249844 3617467226 3617373696
  90078   3599297657 758779419 2042349806 3599207714 3599297792
  61697   2807816567 1283735614 838084009 2807878401 2807816704
  71738   4253340467 3630027608 386558828 4253268934 4253340672
  85524   2668084849 767791494 99151770 2668170516 2668084992
  9512   3485975971 2313441703 2497487569 3485985576 3485976064
  35070   2272921733 909132139 1730639106 2272886786 2272921856
  80366   2492257381 2487082023 1110746000 2492177170 2492257536
  51519   4196968739 99529496 4096112258 4196917185 4196968704
  11210   3770603017 1537072895 599740405 3770614218 3770603008
  46412   3225578641 1168691034 1976387257 3225625164 3225578752
  70490   3814097347 813278523 1492509518 3814167898 3814097408
  55694   3682486681 2281204238 787307668 3682431090 3682486784
  89585   3237985727 433101113 1521706501 3237896207 3237985792
  6842   2455576091 1499698137 1499152408 2455569222 2455576064
  69765   3229251937 2170904572 891298279 3229321861 3229252096
  21700   3122330089 1598939929 629868221 3122351812 3122330112
  39419   2696783429 857844490 1804570310 2696744197 2696783616
  63639   4158061819 599507499 1928433144 4158125463 4158061824
  101490   3307501721 2154238512 2617606853 3307400334 3307501824
  57936   2396795131 1783178984 1938540232 2396737200 2396795136
  67767   2640798427 1935620010 2246553920 2640730697 2640798464
  43190   2411458507 716551995 1421610996 2411501750 2411458560
  21292   3765599653 1147184163 2628962575 3765621036 3765599744
  115886   4077433097 3065633644 3325641066 4077317202 4077433088
  52480   2788920313 1801168551 1898506148 2788972800 2788920320
  69588   2731588799 2320627454 2506219130 2731519276 2731588864
  58416   3261015557 1023635380 2966429366 3261073968 3261015552
  64048   3368028343 1104738979 1617546672 3367964368 3368028416
  110960   3464974769 967585579 3238522107 3465085808 3464974848
  99957   3137079059 1675087858 258253694 3136979083 3137079040
  42356   2230218733 339517385 792562657 2230176396 2230218752
  78838   2337424477 511104409 1248422862 2337345802 2337424640
  7864   2604056417 1599537023 167598304 2604064440 2604056576
  2632   3251343833 3073314349 721080981 3251341240 3251343872
  5820   3797243873 3026215854 3495640011 3797238084 3797243904
  40084   2175081967 1444917407 1699865000 2175122068 2175081984
  69140   3054495487 58356536 2014583201 3054426348 3054495488
  54064   3539768383 2741931157 1539154755 3539714512 3539768576
  17603   4096689307 3706646607 1333589647 4096707011 4096689408
  18278   3789198887 2885525880 2102755111 3789180570 3789198848
  2057   2732296739 1553950854 1305207067 2732294647 2732296704
  4748   2337618713 1247959187 1214375359 2337623436 2337618688
  83205   2497953277 1694657901 1873752559 2498036485 2497953280
  35136   4204277747 749199142 2010618783 4204312896 4204277760
  79881   3582394267 548867882 1274890840 3582314487 3582394368
  64048   3114206033 2428048502 2501821097 3114142160 3114206208
  8964   3111719783 28887884 1466081212 3111728900 3111719936
  77296   4234507367 2609448708 4224846891 4234584816 4234507520
  81570   3619239163 1595544504 2008254734 3619157598 3619239168
  51867   2499859807 1582012733 2381610775 2499808101 2499859968
  4669   3916387249 417285333 3314921644 3916382659 3916387328
  17627   2900425793 1950303236 504079822 2900408357 2900425984
  14184   3659531597 3030041882 2088152129 3659517592 3659531776
  58211   2202674737 289802249 732216778 2202616477 2202674688
  13309   3656346269 970237012 93015671 3656359677 3656346368
  71080   3604363439 743650302 2437484104 3604292440 3604363520
  16256   3601700821 1911044965 419838824 3601684608 3601700864
  62832   2819893463 973218458 2642588141 2819830672 2819893504
  19956   3286071409 2256520517 105192084 3286051596 3286071552
  41832   2895615251 701669520 374193797 2895573400 2895615232
  103060   3588947539 1195693313 2111964118 3589050772 3588947712
  56316   4061491717 946753175 403813563 4061435396 4061491712
  60952   2859021197 150807052 2809172046 2859082264 2859021312
  8126   3980370203 1241089859 2076987804 3980362050 3980370176
  43632   4166456731 912035396 1815139800 4166413200 4166456832
  98702   3907594489 544428866 1349351956 3907693198 3907594496
  44186   3247763353 1840852977 2682670408 3247719270 3247763456
  68722   2586419387 2277334210 938767140 2586488178 2586419456
  34593   2423739511 16253884 790474876 2423705055 2423739648
  61381   2163089063 1876653525 1136736763 2163027771 2163089152
  38206   3493504193 3075472608 498973319 3493542462 3493504256
  82104   2156576131 957725143 1005542979 2156658360 2156576256
  39728   3199416001 292758491 541199290 3199455792 3199416064
  46292   3628657807 68101391 1049422267 3628704212 3628657920
  68672   2212415021 524928231 622492794 2212346304 2212414976
  89572   3085306199 1863626765 1476793760 3085395940 3085306368
  24304   3803128409 2742955954 1274974530 3803104272 3803128576
  39528   2436346799 2239202199 656648442 2436386408 2436346880
  72432   2523026351 1299239660 232229072 2522954000 2523026432
  69028   2907189223 1139819676 1063872144 2907120220 2907189248
  65925   2431892719 566863591 2023875797 2431958661 2431892736
  30078   3207192311 3044651294 40507698 3207222398 3207192320
  52772   2626717547 2165725541 1689394756 2626770468 2626717696
  78617   2394387493 985448028 1966807518 2394466073 2394387456
  12826   4100890063 2427210446 780643287 4100877286 4100890112
  51356   4259475161 3346583847 2359689173 4259423844 4259475200
  97591   3102318257 200099451 2665558130 3102220745 3102318336
  54601   3990897571 101091137 1952573194 3990843063 3990897664
  117104   3960653117 2043971294 1241688326 3960770416 3960653312
  91576   3132698197 2580197694 2046529753 3132789944 3132698368
  42763   3780465613 17094208 2370869821 3780508427 3780465664
  18688   3713997019 1072828150 2142235209 3713978368 3713997056
  24613   3928183541 3647939585 448042860 3928208165 3928183552
  84626   2451770297 413067174 2139472585 2451854994 2451770368
  14985   3848397263 1303151795 141189918 3848412297 3848397312
  38996   3957714317 265689576 3516172091 3957675436 3957714432
  50939   4230089363 809060084 3866976548 4230140411 4230089472
  5889   3835070377 1428004402 1190572958 3835076353 3835070464
  23606   3425827583 1472912676 2034377665 3425803978 3425827584
  46038   2353683251 1940726943 1980063562 2353637162 2353683200
  5972   2679431941 2152334454 1029943276 2679425964 2679431936
  73638   3396678671 2687111076 228428032 3396605018 3396678656
  64008   3017831639 279883133 1884431646 3017767672 3017831680
  61203   2640919469 2379348511 198841535 2640858349 2640919552
  15670   3074133763 2759227236 2592899455 3074118090 3074133760
  57392   2321738443 1791058741 1629701431 2321681104 2321738496
  16044   2353982003 1930060062 221301799 2353997996 2353981952
  74245   3412047739 323280961 177087603 3412122117 3412047872
  49576   2705512307 1424262852 1853011599 2705562024 2705512448
  43401   2562822187 1308692450 888961929 2562865545 2562822144
  82462   3820899659 1805848291 3256985686 3820817378 3820899840
  57505   2218505881 49910896 2132363567 2218563489 2218505984
  72552   4079592983 2733621349 3690300214 4079520408 4079592960
  16196   3014839697 1139698103 2370825323 3014856004 3014839808
  48898   3514071733 938862321 57652665 3514022910 3514071808
  51217   3152429699 3090400391 2605182544 3152378607 3152429824
  84272   2477541749 1420724450 2391274765 2477626160 2477541888
  10188   2615058463 943019014 746364933 2615068620 2615058432
  71927   2693170357 1076850400 152039691 2693242359 2693170432
  90612   3984927511 3935305698 3289124544 3984836876 3984927488
  119112   3742089709 135643228 2318110619 3742208840 3742089728
  69012   2242321901 658952352 789298658 2242252908 2242321920
  69176   2931712211 1254566212 905965055 2931643080 2931712256
  33645   3952025867 2975586644 428019834 3951992211 3952025856
  33238   3049536943 978378554 1010376518 3049503786 3049537024
  44688   3647688791 627818235 747377165 3647733648 3647688960
  24584   2990404411 1505768501 426150266 2990380024 2990404608
  42288   4234858021 3142863096 1910726070 4234900528 4234858240
  55693   3597911951 1359069433 2800946795 3597856371 3597912064
  9016   2257935013 443589423 2161941682 2257926088 2257935104
  90846   3572098213 2383183087 2309454543 3572189150 3572098304
  73939   2319172957 533985794 156424665 2319099181 2319173120
  97184   4255906087 3009984826 726433728 4256003488 4255906304
  20156   2740650749 2707262632 991328923 2740630596 2740650752
  92264   4142901449 2178839231 3314009062 4142809240 4142901504
  86763   2510874571 2256609356 37839896 2510961387 2510874624
  85719   3385772749 294465249 1791104189 3385687081 3385772800
  80096   3312536351 446922 1067885090 3312616416 3312536320
  70503   3986827349 3246236293 2498163762 3986757017 3986827520
  32578   3962642003 3386099837 3187291345 3962609598 3962642176
  57819   4232416739 1294321433 990709987 4232474587 4232416768
  22441   2342711467 472095849 1934529839 2342733993 2342711552
  26296   2786941811 1019938285 40283465 2786915656 2786941952
  48388   3524388349 3224708555 954904576 3524339964 3524388352
  74559   3225655711 293902186 829098901 3225730367 3225655808
  33351   4174039559 1116372120 1737025188 4174072903 4174039552
  16413   3952914457 1856343730 2583591981 3952898019 3952914432
  43449   2408999101 1698259244 730995289 2409042617 2408999168
  93897   3831890539 2446259389 3154318708 3831984585 3831890688
  62368   4054563761 1985501230 3822546120 4054626208 4054563840
  25954   2976399641 1263639731 471592799 2976425570 2976399616
  3310   3047716073 726160622 2570035581 3047719406 3047716096
  70801   4065567227 622509225 1072688331 4065638033 4065567232
  101999   3940848851 2808162344 36361405 3940746897 3940848896
  91154   3592497631 919677683 1315469118 3592406510 3592497664
  3040   3392337181 3017775097 1776269387 3392334112 3392337152
  6626   2697663517 996841439 1308741382 2697670114 2697663488
  74232   3405925279 1569578460 3005961154 3405999608 3405925376
  72259   2647841687 2482966458 1177432013 2647769533 2647841792
  67684   2285440601 466782152 529704726 2285373084 2285440768
  63616   3396481703 1930172941 963534948 3396545408 3396481792
  112676   3922775273 2023247117 2563025354 3922887972 3922775296
  116507   4291287619 1167956444 289677665 4291404315 4291287808
  24336   2635101263 285626453 1352399826 2635125776 2635101440
  58132   3916984849 1677230286 536668526 3917042964 3916984832
  36078   2313376159 902527090 1017659539 2313412334 2313376256
  13730   3357782333 28830056 2080452781 3357796258 3357782528
  30204   3951220321 1045532118 181203281 3951250684 3951220480
  3502   3206875099 2133062625 116932605 3206878638 3206875136
  20182   2376218567 1118302704 464610786 2376198442 2376218624
  48147   2249185823 58254759 2223847566 2249233939 2249185792
  52417   3672867013 110022440 3155627078 3672919489 3672867072
  17952   2662597573 111177261 2386871616 2662579680 2662597632
  81310   2660891999 1577865716 322530761 2660973470 2660892160
  33340   4072080923 2400085189 935408529 4072047556 4072080896
  22677   3731543927 2543596326 238472624 3731566741 3731544064
  50753   2320183711 1900038915 661312719 2320133055 2320183808
  12182   2312697253 1426581823 1518606020 2312709526 2312697344
  102348   3352778917 726027462 862225302 3352881356 3352779008
  48290   3443277881 3035121692 369129085 3443229790 3443278080
  8070   2598501743 568106489 2264121798 2598493818 2598501888
  101094   4166313187 186292783 1472230072 4166414310 4166313216
  23198   4053059243 1819655494 906248547 4053036130 4053059328
  29907   3236318831 127336090 616399075 3236289069 3236318976
  3698   3408756391 3392193517 1015941089 3408752782 3408756480
  14638   3911634113 3179527135 337422927 3911648814 3911634176
  30972   3847225021 2554002623 1614910537 3847256060 3847225088
  54294   3448263121 459113637 773552346 3448317462 3448263168
  16743   2244478589 907040953 825549165 2244461977 2244478720
  204   3025545577 2542403728 1501008089 3025545932 3025545728
  55042   2905018439 2681550967 527032164 2905073666 2905018624
  14624   3548653037 3443690559 139349570 3548667680 3548653056
  5212   2632810151 94024329 1928058187 2632815452 2632810240
  54476   2340074557 1005865515 137080166 2340020276 2340074752
  20572   2242551173 377482883 773714096 2242571868 2242551296
  6248   3033005047 2769491169 2978368414 3033011304 3033005056
  9246   2894821927 663556253 827732592 2894812642 2894821888
  68263   2350141397 910043960 1716886340 2350073177 2350141440
  12460   3103891669 2773740829 1336514721 3103904172 3103891712
  15064   2656075883 81640055 1089264094 2656060968 2656076032
  53186   3697829507 990081266 790964336 3697776446 3697829632
  46816   4021029989 2607874599 3707886370 4021076960 4021030144
  11550   2820881803 106692805 2785999506 2820870370 2820881920
  94699   3007213673 144968769 2309737188 3007308523 3007213824
  93792   3697281859 3440646967 1606642938 3697375840 3697282048
  84656   2920441717 2866611386 2408610675 2920526512 2920441856
  11007   2349198763 1437899158 503071966 2349209855 2349198848
  100752   3584522299 1476849097 1274133726 3584623248 3584522496
  100710   3629203621 3120359122 2960588718 3629304422 3629203712
  37508   3744768439 2031693795 3300465573 3744806020 3744768512
  71348   2914843999 2013412943 260880308 2914915508 2914844160
  67992   4003174421 774146668 2420390086 4003106408 4003174400
  36478   2319426847 102092729 1798149134 2319390338 2319426816
  24248   2180179691 193523659 1578262245 2180155464 2180179712
  29050   2338926701 2104266810 1661037340 2338955898 2338926848
  2088   3570947299 2851244347 1982191418 3570949416 3570947328
  65180   2370405733 220965527 205969075 2370471068 2370405888
  19264   3903579997 2265492369 914454264 3903599424 3903580160
  96148   4071325927 3067161909 3551927661 4071422100 4071325952
  61958   2384411719 1306415704 1931058350 2384349946 2384411904
  30011   2933782387 344533510 1905277371 2933812539 2933782528
  90070   3067173467 2074639839 2928394468 3067263702 3067173632
  107668   3632412697 1433251095 898650001 3632520340 3632412672
  10088   3607697089 1536600780 1588431235 3607707240 3607697152
  78984   4169135489 999230126 2421524363 4169214600 4169135616
  64072   3168716017 233492366 815678087 3168651960 3168716032
  5856   4250724997 2590479063 2495942641 4250730976 4250725120
  78628   3950252443 3052231561 3243933371 3950173916 3950252544
  39904   2513843513 1792419703 841112550 2513803808 2513843712
  104389   3438432133 2972802646 424029214 3438327867 3438432256
  81986   4090602683 2222158493 2792266755 4090520766 4090602752
  8216   3054285293 996631108 2842923994 3054293528 3054285312
  79160   3753213517 669273456 851500836 3753134536 3753213696
  74437   2163255077 2160770754 1042730149 2163180603 2163255040
  11408   3585109163 2853129565 654056887 3585120656 3585109248
  49636   2880259199 2844214278 1485593817 2880308964 2880259328
  84062   2429099159 326598379 1214596425 2429183326 2429099264
  30106   3884682317 2763925488 573265390 3884652390 3884682496
  27383   4090700951 3988879974 2567385536 4090673673 4090701056
  48371   3200186707 11941928 2415261335 3200235251 3200186880
  28370   4260846791 1832320440 2003910041 4260818478 4260846848
  88614   3660530459 1547984265 2979986342 3660441818 3660530432
  48768   2398224113 2329264760 1483073513 2398175360 2398224128
  22831   3772802213 353395071 981057025 3772779473 3772802304
  34794   3723964357 2155169294 654324336 3723929622 3723964416
  7870   2793221773 1473911924 2221308875 2793214018 2793221888
  6770   2780687167 1464061301 991252544 2780680590 2780687360
  43749   3631995427 3491540763 1331077172 3631951643 3631995392
  11188   2635908073 1732458887 1027477720 2635919284 2635908096
  111401   3303562411 3261453802 1103059144 3303451095 3303562496
  47601   3049241093 443675160 34889284 3049193487 3049241088
  59520   4018711267 2826743838 3457235932 4018651776 4018711296
  28276   2329202399 1651955887 527234048 2329230708 2329202432
  83389   2877052847 951683866 2642249377 2877136317 2877052928
  10922   2732737517 2030756817 637793741 2732726614 2732737536
  79014   3632970409 1322791722 462264079 3633049510 3632970496
  19372   2846398939 44511744 617255436 2846379604 2846398976
  19911   3882509179 1949308531 1506811115 3882489401 3882509312
  28167   3692801551 1038542173 1177254035 3692773369 3692801536
  104520   3263460769 1093460051 1028569639 3263565384 3263460864
  64181   3384582323 2415738331 561299155 3384646581 3384582400
  44480   2520957077 18023752 2440353269 2521001664 2520957184
  35352   2373602051 2041966812 262275698 2373566696 2373602048
  113533   4250830609 818730106 1955444918 4250944125 4250830592
  154   3733829611 980886149 1928818444 3733829478 3733829632
  22719   3374328613 1895579810 3267281341 3374351295 3374328576
  11336   3026807683 637606787 2585335197 3026796472 3026807808
  104411   3309092287 2931240552 862945925 3309196763 3309092352
  43780   2595720763 195345825 270645238 2595677180 2595720960
  27199   3481447259 2201889366 3320134348 3481474623 3481447424
  17761   2765972969 59708913 2548600494 2765990753 2765972992
  5960   4038721243 3962938304 955125455 4038715320 4038721280
  73824   2682189227 750968384 1236676719 2682115488 2682189312
  633   4019632321 756489791 206160839 4019631751 4019632384
  22770   2216477531 1071632702 1410333826 2216454926 2216477696
  11880   3255532909 5700804 1793240523 3255544936 3255533056
  28120   2830519187 1231876538 1443537973 2830547416 2830519296
  83241   2809493207 193017659 1959901961 2809576489 2809493248
  7036   2205675253 1276848959 1223857435 2205682300 2205675264
  58244   3247408141 759217803 2932655542 3247349884 3247408128
  77768   2531192341 460346025 1752272411 2531114552 2531192320
  58224   2260812341 2107160754 1332555741 2260754064 2260812288
  36840   2488627189 1453969277 90861923 2488590360 2488627200
  32864   3499504133 1938380290 309238359 3499536992 3499504128
  15033   3058914517 280851862 1120007303 3058899527 3058914560
  98682   3585414017 2842207723 1718745015 3585315462 3585414144
  27467   3186427483 1027601194 1066503828 3186400181 3186427648
  77261   3223355903 1835443362 3035525250 3223433165 3223355904
  104628   4071602011 2475249153 3787183062 4071706804 4071602176
  20660   3639018809 2940998353 599644017 3638998348 3639019008
  65351   3925895551 3910558565 3050801289 3925830329 3925895680
  8688   3484505887 2712171573 3209567032 3484497168 3484505856
  49455   4212890651 3010517700 240812200 4212940079 4212890624
  27989   4127492431 2130281613 3080991789 4127520597 4127492608
  38470   2403438509 1533349687 1706792685 2403400122 2403438592
  30877   2576441297 826945315 279598554 2576410467 2576441344
  64834   4026684553 3055273521 198437963 4026749506 4026684672
  848   3879695419 2455966246 1905349477 3879696464 3879695616
  53352   2360926927 437659443 546979444 2360873624 2360926976
  72220   2459373859 2448004148 443670976 2459446044 2459373824
  65929   3540599423 2847264131 1767599627 3540665481 3540599552
  73559   2796771301 2378990092 1725476119 2796697769 2796771328
  68563   4020014749 3571274999 445189117 4019946285 4020014848
  92561   2706910223 2411572191 1103725079 2707002769 2706910208
  37497   3409255459 1665588461 2480138924 3409217927 3409255424
  21601   2704305809 1019043869 14145052 2704284319 2704305920
  9304   2534678639 6986104 1557342124 2534669480 2534678784
  96773   2564871649 543377462 1970790029 2564774907 2564871680
  77266   3255589621 1448942259 776877297 3255666898 3255589632
  1870   2484527477 133711562 853254898 2484529486 2484527616
  36446   2502289919 641449944 2248546443 2502253474 2502289920
  84550   2908590379 2820186594 278223238 2908674886 2908590336
  90579   2465992721 2114947328 1981348709 2465902125 2465992704
  20406   3235860923 1701724173 337868232 3235881398 3235860992
  45885   2214033347 768025398 753434465 2214079293 2214033408
  78297   2487106291 1779221240 460897680 2487184601 2487106304
  75435   4118689789 1889585430 3973623720 4118614357 4118689792
  90326   2532824479 1579859650 1137194664 2532914902 2532824576
  82728   2905045259 747371202 1945689458 2904962520 2905045248
  68324   3448489937 2991963498 3018651213 3448421660 3448489984
  68678   3324056143 2354398711 2489328981 3323987642 3324056320
  58693   2767504979 598367865 898625092 2767563845 2767505152
  71056   2178739813 846049388 234672253 2178668912 2178739968
  95711   3584286119 132855481 910456654 3584381919 3584286208
  86530   2938890659 1159962696 1950496751 2938977282 2938890752
  25240   3720884267 192600785 2641002524 3720909720 3720884480
  117138   3812200009 2831881971 3590215483 3812083054 3812200192
  9837   2477901373 1251516876 300615462 2477911405 2477901568
  20456   3953216591 2904004586 1964865363 3953196312 3953216768
  90403   3674445857 306093504 525590955 3674536227 3674445824
  33563   3512881753 634324633 964809766 3512915483 3512881920
  61988   2250914747 1678408697 299788313 2250852828 2250914816
  45583   3214951357 1005116970 729296663 3214905841 3214951424
  75240   3291193973 1388476038 3134806234 3291269352 3291194112
  107912   3665056687 1866996203 1648579531 3665164680 3665056768
  26952   2279438519 1462518853 1965788279 2279411640 2279438592
  48922   2383240477 921040332 1321438364 2383289370 2383240448
  72378   3299911991 147875107 1154956796 3299984570 3299912192
  116998   4000655921 2962234655 3819922021 4000539130 4000656128
  29910   2177348653 1214062808 1735971402 2177378518 2177348608
  40249   3777702259 3659887418 3427490839 3777662151 3777702400
  9264   3153668927 2628891707 446889723 3153659856 3153669120
  24496   4044619027 25794120 609877313 4044594512 4044619008
  6514   2643924191 1700532935 799495829 2643917710 2643924224
  17285   3258905207 910890903 1095524107 3258922629 3258905344
  85166   2462412941 937577691 2165158 2462498222 2462413056
  2181   3561300817 1825267167 2460847091 3561298811 3561300992
  82504   3412740263 1582059613 561524595 3412822856 3412740352
  57714   3714830563 3046502118 3537665816 3714772878 3714830592
  78248   3063216941 901872170 712175506 3063138648 3063216896
  82434   2811665891 660527244 1083688960 2811748354 2811665920
  47520   2413210399 1582018323 2271999064 2413162848 2413210368
  15211   2238004543 1177748005 514334093 2238019947 2238004736
  64770   3977829719 3046558956 3494363769 3977765118 3977829888
  37564   4198238399 493020453 1630922604 4198200900 4198238464
  13260   2745093157 2299219841 2469198815 2745106380 2745093120
  51511   3786180329 3186520998 211488992 3786231863 3786180352
  1300   2278153321 2042276248 673685186 2278152172 2278153472
  2169   2942380229 751610649 2807897220 2942382457 2942380288
  48033   2399869063 1146381152 1656190172 2399917217 2399869184
  18036   2567752679 1999798673 449472134 2567770740 2567752704
  70234   4066113451 1163600109 71995113 4066043302 4066113536
  18705   4210281913 2093077148 3823088234 4210263279 4210281984
  15436   2804604857 1512527713 9177140 2804589492 2804604928
  7158   2613097391 353024902 1137946775 2613104630 2613097472
  5151   2984156789 836069582 1151821919 2984151777 2984156928
  25208   3204484817 1086134025 2178290960 3204510072 3204484864
  43111   2208772061 1530777168 114980042 2208728985 2208772096
  4510   3440279861 891331672 1660246945 3440275554 3440280064
  25346   3075360097 2646968450 1892803059 3075334910 3075360256
  5276   2395645513 2320770717 1950409978 2395640420 2395645696
  37647   4257173461 2286143109 4064574175 4257135857 4257173504
  72824   4007847397 806061330 3972665730 4007920248 4007847424
  61909   2978550287 1784603271 894098429 2978612181 2978550272
  3357   3513082561 358262258 400985522 3513079267 3513082624
  27358   3425397361 2339743339 2271725328 3425370146 3425397504
  94009   2759828171 2244296419 1885258617 2759734215 2759828224
  6509   3946414099 2159091738 2097332025 3946407571 3946414080
  1208   2608158167 1823709851 1114613601 2608159416 2608158208
  96015   3038074271 1438563764 2264943042 3037978353 3038074368
  66518   3397781509 2055125870 1868985206 3397848022 3397781504
  12336   3839830567 3701034181 839737308 3839842864 3839830528
  73599   2724169447 2297923617 1276266283 2724243071 2724169472
  40754   3214397369 1680503924 1088406332 3214356686 3214397440
  114066   3507541853 319005099 1162176557 3507427950 3507542016
  42054   2168431913 2114351354 951098377 2168473926 2168431872
  44956   2599630931 1694012464 312476189 2599586148 2599631104
  51234   2779522583 2049678354 2328286352 2779573794 2779522560
  22453   2845888649 996206408 2654937619 2845866315 2845888768
  25630   2580394829 616349063 698755275 2580369378 2580395008
  54184   2909068837 1055338524 2681313788 2909014616 2909068800
  32238   4056649841 3169477279 1209854200 4056617746 4056649984
  118790   3598895441 1156191308 57426211 3598776826 3598895616
  59976   3014765573 61249984 2164276988 3014705592 3014765568
  28906   2954666903 651851294 211722233 2954638102 2954667008
  61963   3859611869 2863578023 3235687095 3859549941 3859611904
  13491   4224254357 43210706 1726775913 4224267955 4224254464
  26726   2401980011 1673882949 391011619 2402006886 2401980160
  20275   2858182589 2839436967 2607726150 2858202931 2858182656
  31146   2340310019 177442829 126377423 2340278870 2340310016
  55331   2842398983 309636905 666313436 2842454307 2842398976
  16276   3245532319 1214689891 2757691286 3245516140 3245532416
  51876   3726622363 1209988063 2431464307 3726674340 3726622464
  49572   2665152253 1851359075 2300782179 2665102684 2665152256
  91384   2726367887 510550544 459336233 2726459384 2726368000
  78912   3606723739 870357636 689957754 3606802752 3606723840
  56432   3777979189 1308451368 3423325263 3777922960 3777979392
  32799   3087256327 2656511560 2904027070 3087223521 3087256320
  5289   3221117437 782681415 2800131813 3221122729 3221117440
  1264   2761211491 1832617651 1037645209 2761212912 2761211648
  26130   3212599349 2204690963 2153128871 3212625682 3212599552
  93668   4211598791 3112350690 4166902021 4211692516 4211598848
  42653   3335793679 2499764882 1024959023 3335836317 3335793664
  76917   2815595683 1254747068 684451577 2815518859 2815595776
  66763   4247594699 2794753582 3974142096 4247527989 4247594752
  55895   3030462349 995554645 1953846182 3030518359 3030462464
  62180   3083796491 623779925 2535911310 3083858660 3083796480
  21738   2888369453 2006976870 1136816657 2888347670 2888369408
  62952   4022622839 3794498572 3545211286 4022685928 4022622976
  76314   2809212451 284254790 2801536122 2809136102 2809212416
  91846   2951548049 1835846502 1210440839 2951640006 2951548160
  45566   3475712347 1469362054 579612649 3475758078 3475712512
  41410   2538904777 1281864638 2358037194 2538946242 2538904832
  71042   3606059137 702970486 1659394802 3606130306 3606059264
  6996   4192829747 1764328934 2043611401 4192836948 4192829952
  28952   2759522861 2251215395 299968575 2759493864 2759522816
  68556   3841141009 1567349454 464510159 3841209548 3841140992
  23224   4247674819 4074002297 2582721825 4247698104 4247674880
  65132   3013355297 1961566701 1882356380 3013290132 3013355264
  57811   3308800471 2321910613 3195150591 3308858323 3308800512
  57452   3464553959 3382258389 2852372889 3464611436 3464553984
  13415   2321228831 448518391 386099893 2321242215 2321228800
  96972   2869430537 1301694435 2865521245 2869333556 2869430528
  87302   2400744817 1064370390 54760391 2400657658 2400744960
  107886   3876881699 3668444333 1609975300 3876989550 3876881664
  52494   2601727351 504838221 722289731 2601779982 2601727488
  59083   3276460399 2774162623 2010865049 3276401461 3276460544
  1114   3601573681 1142908858 1583296082 3601572774 3601573888
  16348   2772351031 2484417531 2305468543 2772367580 2772351232
  95051   3191052871 233968637 2807959044 3190958005 3191053056
  15798   2473748527 2080394072 1100537758 2473732682 2473748480
  43931   3865457293 405967060 1823034258 3865501339 3865457408
  83220   2522164577 1674860811 826155804 2522247956 2522164736
  51820   3964562677 861246159 656148620 3964614508 3964562688
  88287   3220144789 1816012414 1908955387 3220233183 3220144896
  84272   3760303529 3211436753 2586050132 3760219344 3760303616
  81939   3563812067 2907425931 588068816 3563894035 3563812096
  62737   3415221679 2811613634 461822348 3415284497 3415221760
  26469   3267140911 391118467 2315731461 3267167589 3267141120
  49474   2163035723 896225991 1074757365 2162986430 2163035904
  78299   3628288661 200946873 3298560109 3628367067 3628288768
  26312   2560001263 205067465 378287679 2559974968 2560001280
  24696   2249164459 468278898 903847740 2249189240 2249164544
  100224   3978488131 1163699175 1126567446 3978588544 3978488320
  81890   2766352723 1902141616 2709192910 2766271006 2766352896
  82428   3612633043 1562896025 435303825 3612550660 3612633088
  79184   3330262181 701599708 2737111712 3330341456 3330262272
  59332   3846417083 1073739135 41243819 3846357820 3846417152
  10348   2874730841 2635488124 2351108822 2874720660 2874731008
  33284   3853890433 3249947885 3385267757 3853857276 3853890560
  5731   2322730117 539052472 965992047 2322735971 2322730240
  97341   3220287557 1776810733 2704734514 3220385085 3220287744
  11576   3002320963 409327120 127393283 3002332728 3002321152
  33808   3885677717 3368153649 1465228594 3885644016 3885677824
  19090   2452748279 2261436242 1927979135 2452767378 2452748288
  10643   3051140167 2669337106 1117775762 3051129709 3051140352
  15533   2377401241 1415532322 2030240346 2377416877 2377401344
  47677   2930596447 1948392354 2825703676 2930644285 2930596608
  111974   3370147931 541195966 1864404554 3370260070 3370148096
  42318   2589263351 1578557217 1049640661 2589221042 2589263360
  19368   3262730893 1933919412 2615663322 3262711640 3262731008
  49197   4224598069 2875425796 3065073240 4224647469 4224598272
  72776   3575310329 3332799058 2872682133 3575237560 3575310336
  83692   2745962777 1076348539 1029189947 2746046444 2745962752
  59838   4250756327 1229538433 1301497794 4250696514 4250756352
  17862   2909288471 2205795957 2870201548 2909306310 2909288448
  44593   3120029837 509376741 1277057911 3119985359 3120029952
  96616   2782130303 664645372 803081568 2782227048 2782130432
  12471   2634500623 2362732524 2358319963 2634488137 2634500608
  113254   4264318489 1367630642 2872582786 4264431718 4264318464
  37852   2716482089 835207338 1822928951 2716444196 2716482048
  30884   3504436097 3265791660 1887242836 3504405340 3504436224
  58715   3360119569 774655755 54236470 3360060837 3360119552
  96632   3618706901 3437818062 2829692616 3618610312 3618706944
  16868   3674354683 359884179 143688471 3674337820 3674354688
  38390   2501394851 660910465 906706405 2501356554 2501394944
  51720   3975111053 1347621160 2887253849 3975162888 3975111168
  7481   2227944539 1319514363 1024552580 2227937223 2227944704
  41294   2788608733 2309378809 1875654959 2788567474 2788608768
  93934   3229071649 1354595341 45576656 3228977682 3229071616
  1215   3184883131 469482229 1653626805 3184884415 3184883200
  7286   3063871051 790078697 2536308594 3063863946 3063871232
  89850   2543299211 2395825219 1652883649 2543209478 2543299328
  11465   2644995911 626764144 192050402 2645007561 2644996096
  71786   2809140577 1113405588 585670368 2809068950 2809140736
  31554   3379258829 1497941461 2183431653 3379290434 3379258880
  54009   3389508323 2647071961 1976403853 3389454343 3389508352
  22148   2736411421 1729538469 862766997 2736389244 2736411392
  24257   2597159161 1678885849 2200184460 2597183425 2597159168
  50064   2949843529 1856706104 2177766243 2949893776 2949843712
  61748   4158000893 288270424 724411391 4157939148 4158000896
  89176   2789200481 60379731 1627411910 2789111464 2789200640
  21620   2258437729 1323784251 280150757 2258416268 2258437888
  66576   4098782153 2848526062 2928140837 4098715632 4098782208
  86597   3919929701 671072813 1878852237 3920016453 3919929856
  61976   3975971317 1533230938 1506506055 3976033304 3975971328
  55308   2326765321 2270712789 124083057 2326820620 2326765312
  43088   2752091761 155846931 1637807627 2752048816 2752091904
  79981   2417986897 1672056353 2210779292 2418067053 2417987072
  57912   3432069937 2669162225 388865875 3432012232 3432070144
  63639   4252339543 3567337340 298219079 4252276073 4252339712
  70341   3705683147 534236356 1618040620 3705753541 3705683200
  76676   4280980349 3157661347 1786933663 4280903804 4280980480
  34704   2919964501 1056344846 965314136 2919999376 2919964672
  61574   2364513673 394542262 533657935 2364452218 2364513792
  23294   2575127911 560386747 986412090 2575151358 2575128064
  22870   3013807477 2523423910 2336831717 3013784746 3013807616
  13746   3055565371 2278846690 1489667945 3055551822 3055565568
  74186   3628254407 90799859 1591012137 3628180278 3628254464
  48518   2683403707 2429714053 2416891936 2683355258 2683403776
  64333   3732928813 577758373 3072878801 3732864691 3732929024
  83991   2606012779 802283855 1213533656 2605928937 2606012928
  19195   3211970141 1119580236 1206951300 3211951109 3211970304
  46277   3975019177 3550281948 1331042831 3975065541 3975019264
  28020   3892037089 1237469699 1390365354 3892009100 3892037120
  54738   4230457213 3045778896 2619946155 4230402606 4230457344
  114915   3726746041 1643820348 2312890556 3726631197 3726746112
  77476   2331394729 1466057496 698890184 2331317340 2331394816
  112368   3985629959 3444368241 2417011253 3985517584 3985629952
  60884   3443408783 16855582 1415495232 3443469780 3443408896
  44165   2965463197 1114545892 2611112273 2965419131 2965463296
  96068   3230018039 1486749205 267758375 3229921980 3230018048
  16757   3487531373 1420029274 1719569664 3487514763 3487531520
  12662   2955259907 729396023 228957348 2955247242 2955259904
  5733   2215714829 2089658466 953400631 2215720549 2215714816
  25232   2692780421 913595975 2177464259 2692755312 2692780544
  49042   2579354821 1418913194 493535918 2579403922 2579354880
  51202   2306361229 221122063 831263479 2306412546 2306361344
  63692   3547082831 1942295806 1292700583 3547019316 3547083008
  74404   3262926011 1095854982 953645676 3262851676 3262926080
  115800   3494024251 2963302971 38645974 3493908648 3494024448
  71615   3328520579 1141870962 2188437873 3328449089 3328520704
  55816   2571061879 1989378629 1364166842 2571006200 2571062016
  84798   2445514867 891508570 1677692825 2445599806 2445515008
  5336   2354685659 790903863 1559779076 2354680360 2354685696
  67272   4017422329 3661752236 1909197587 4017489608 4017422336
  88120   3820123189 471097256 1996457232 3820035272 3820123392
  28612   4265419553 3997418836 2561847084 4265448132 4265419520
  85927   2201061409 640078350 1017543955 2200975449 2201061376
  31878   2175417883 1519436108 2075902001 2175385978 2175417856
  46223   4242738791 3785773025 2093794846 4242692721 4242738944
  88897   3354193327 3016914486 544171281 3354282305 3354193408
  47674   2888317903 1787265489 1946902866 2888365626 2888317952
  90538   2581449721 1453256143 1084414756 2581540266 2581449728
  90280   3104184773 1423395364 2250630626 3104094552 3104184832
  57803   3126322517 682223731 565193161 3126264885 3126322688
  70576   4115082431 386274978 1701594771 4115153072 4115082496
  48559   3613500497 3157637538 531773294 3613549231 3613500672
  11885   3185724811 2530322439 326987001 3185736813 3185724928
  109040   3653740469 713611861 2149111220 3653849584 3653740544
  100566   4293176551 927295421 3752022261 4293277142 4293176576
  28807   2685397751 737362942 2485540255 2685426567 2685397760
  69398   3702736621 3592454478 3211913339 3702806038 3702736640
  87104   4231097597 330647876 1615460000 4231184704 4231097600
  21480   2208151741 1524528823 1867328479 2208130328 2208151808
  37708   2932192213 275977453 1008568766 2932154548 2932192256
  30311   2445283987 2001760185 555351816 2445314407 2445284096
  74909   3155262287 675422862 2500816972 3155187555 3155262464
  50542   4258107239 591943626 3266601844 4258157934 4258107392
  16859   3108020933 2102958445 1728790598 3108037851 3108020992
  44701   2593083277 42188897 2444441835 2593128093 2593083392
  32275   3354223693 1106096488 1369327137 3354256147 3354223872
  59290   3771504629 2229843465 582002890 3771445350 3771504640
  106394   3319106389 681494208 469724289 3319212954 3319106560
  12518   3394592363 2074072611 2499476985 3394605030 3394592512
  13315   3777580757 3622184252 701866059 3777594115 3777580800
  80003   4273505321 2972225032 2787479448 4273585539 4273505536
  45128   2501896127 946899244 1589912220 2501941320 2501896192
  37009   2407134953 413441852 2163272943 2407171985 2407134976
  58192   3962212651 2490282534 2869341919 3962154672 3962212864
  109558   3247479299 1720473409 1767170065 3247588854 3247479296
  73696   3135018883 395819857 846984962 3135092704 3135019008
  12048   3026037353 131514810 414692625 3026025456 3026037504
  77736   3641163349 3397195122 2733981416 3641241256 3641163520
  32672   2693299849 2195255070 1339109876 2693267296 2693299968
  41366   2279625701 1107637537 1948646939 2279584362 2279625728
  39698   3545288377 3215869794 1761659470 3545328146 3545288448
  31891   3516068729 2117918822 1557367099 3516100755 3516068864
  8680   4161864149 3959544518 3961574441 4161855512 4161864192
  73344   2413295023 448743753 1820858982 2413221760 2413295104
  64064   2716590847 137067681 542737231 2716654912 2716590848
  68298   3298710353 2711848598 2536318664 3298642230 3298710528
  49951   4115386007 3689693579 3615946548 4115436063 4115386112
  10167   2925247211 2330762068 2461690266 2925237065 2925247232
  78839   3824320853 2046243124 3576469606 3824399863 3824321024
  72034   3229119989 1867020596 2799322421 3229047966 3229120000
  1679   4177717877 3457978440 2337606277 4177716337 4177718016
  81494   3047486789 123012910 2809911576 3047568470 3047486976
  651   3576437609 438925909 1346216293 3576437109 3576437760
  82742   2980313737 859161677 2847533039 2980396598 2980313856
  44421   2404977317 70249714 2388938144 2405021829 2404977408
  63798   3678120361 873826012 2195733948 3678056650 3678120448
  3238   2674952803 310286297 1322815368 2674949722 2674952960
  95307   3142892849 764392152 854821200 3142797749 3142893056
  58   4290274643 1573053013 1804089659 4290274758 4290274816
  52468   4204846781 3157166959 3647049387 4204794380 4204846848
  66081   3449259089 1580570579 1408603945 3449325345 3449259264
  15295   3392393113 164322069 3237921074 3392408511 3392393216
  31120   3099916679 2226975439 1223697855 3099885680 3099916800
  37466   2643779741 1238465691 1396686464 2643817306 2643779840
  59425   3459794771 2522384089 1762330499 3459735519 3459794944
  48220   3079055039 2380191007 361520943 3079103324 3079055104
  73395   3913668949 3115887528 17811534 3913595725 3913669120
  55856   3529093181 235542428 2860006075 3529037520 3529093376
  31936   2247240811 313717767 1634575536 2247272896 2247240960
  103911   3558917623 917862225 125150226 3559021543 3558917632
  86026   3576614653 2097413728 2354780118 3576528630 3576614656
  11152   3621290221 2206513835 1949340416 3621301392 3621290240
  17887   3647675749 1196135344 3542064884 3647658017 3647675904
  9796   3327941249 1788961201 1517952383 3327931580 3327941376
  105422   3989993431 74931261 785388900 3990098894 3989993472
  57839   2616546787 1698490003 1303008919 2616604655 2616546816
  12220   2159206787 93215902 1854081922 2159194692 2159206912
  37120   3235126777 2190828502 700384509 3235163904 3235126784
  13195   3511568311 1823146796 844036345 3511555189 3511568384
  76392   4244734993 1544261020 3855235662 4244811368 4244734976
  101299   3275092943 1833016112 1644728714 3274991693 3275092992
  56276   2431549889 941529157 1074605295 2431493676 2431549952
  57340   4242555829 3275539388 2893935769 4242498564 4242555904
  119883   3995184563 1981270549 789377688 3995064757 3995184640
  51998   2655404183 939448457 37666143 2655352290 2655404288
  35471   3371195197 1140411734 823866201 3371230863 3371195392
  54208   2621706557 2073561457 1321342092 2621760960 2621706752
  26516   3120980117 899061490 777292152 3121006740 3120980224
  65484   2888471191 1241953310 602879716 2888405812 2888471296
  38264   2173987381 1949274352 1838834707 2174025592 2173987328
  107512   3330883733 832829219 2292728941 3330776328 3330883840
  8406   3227324579 2159219389 2179644401 3227316266 3227324672
  54207   2302763249 597648663 474447480 2302817471 2302763264
  32582   3769755727 3335221115 620491342 3769788486 3769755904
  25809   2600758843 1984804218 1601640758 2600784849 2600759040
  77628   4134973949 838145480 2943936357 4135051580 4134973952
  72680   2548526863 841727905 17836081 2548599528 2548526848
  76644   2921280683 1924708804 2059512200 2921204124 2921280768
  2262   3594714637 186369882 682224215 3594716886 3594714624
  27616   4240601137 2313127598 1182744946 4240628960 4240601344
  65814   2634754613 2421514907 992731203 2634688746 2634754560
  1268   3104155573 749848543 733699477 3104156916 3104155648
  88930   2990163329 636974394 1371308843 2990252386 2990163456
  27964   2647421653 2590298632 44437422 2647449660 2647421696
  27013   3371427439 595130692 660964593 3371400571 3371427584
  74147   4006495039 1535823219 1737757225 4006569379 4006495232
  99786   3805545427 2603224327 1617073404 3805445686 3805545472
  44023   3681609937 3242273409 3030560828 3681654007 3681609984
  98976   3622543711 550199863 496804165 3622642848 3622543872
  708   3651188887 1065930127 1658544536 3651188284 3651188992
  91972   3240154061 2973000481 2547395225 3240062140 3240154112
  11270   3804157999 3408431288 128596555 3804146938 3804158208
  90144   2606489971 1896644231 2300840242 2606580256 2606490112
  52930   2696735357 926133579 1664809565 2696682558 2696735488
  8012   3807168737 3351388557 813973442 3807160756 3807168768
  20888   3699002621 3567837759 2280025507 3698981736 3699002624
  19708   2305530449 4575504 957354818 2305550332 2305530624
  24910   2215232273 1415787588 2095128099 2215257166 2215232256
  80081   2255423743 1904522292 724114468 2255343663 2255423744
  36164   2416366957 202561360 1934749243 2416403268 2416367104
  13168   2590045193 2352433417 1254751391 2590032016 2590045184
  8249   2621881063 1980377404 2405269773 2621889337 2621881088
  78040   2338562773 143631651 732295134 2338640856 2338562816
  54140   2763058351 1465669455 2481991828 2763112572 2763058432
  38792   3808799887 2384962726 2767118330 3808761208 3808800000
  29082   3977247773 2864839681 3494741820 3977218662 3977247744
  82523   2837523181 1940322983 2377619243 2837440677 2837523200
  2936   2645327833 2115904807 54731989 2645330808 2645327872
  24888   3380822909 597033451 1314165518 3380847928 3380823040
  35488   2340714193 2327871267 27948828 2340678752 2340714240
  44180   3011239549 17305642 1259795236 3011283860 3011239680
  61296   3513204323 346927610 1447382912 3513143184 3513204480
  3629   3140632619 332359224 2732431797 3140636205 3140632576
  43352   3900437951 442827277 2296802095 3900481368 3900438016
  21975   3183330677 2910907822 818527606 3183352791 3183330816
  19490   3955475981 884238356 1625021889 3955495458 3955475968
  35228   3401005429 299603978 1911019091 3400970340 3401005568
  38427   2529376363 2302904971 641258322 2529414939 2529376512
  4917   4101385243 2323940735 1691020437 4101390133 4101385216
  6484   4143016931 110733705 1289137323 4143023444 4143016960
  13613   4018255783 256106104 1959724650 4018269485 4018255872
  28003   3622348973 206243719 3119018537 3622321053 3622349056
  47747   2222743279 1546761019 428168903 2222791043 2222743296
  23192   3459351859 2368411225 2990293167 3459375256 3459352064
  74176   3305736713 1605730008 1899825762 3305662528 3305736704
  98024   3297599161 1941790587 1747623646 3297501208 3297599232
  36998   2437768393 583049505 472356551 2437731450 2437768448
  91764   2799255787 326677311 872838560 2799164044 2799255808
  50065   2525656201 1708358769 107476933 2525706385 2525656320
  57513   3607927327 3468128673 560004569 3607984809 3607927296
  5520   2149350809 446697052 1980095912 2149356432 2149350912
  87598   3258701653 2933624562 1716953851 3258789422 3258701824
  89950   3327929357 1241873452 3190231096 3327839394 3327929344
  50132   4157009891 1433490502 820746261 4156959788 4157009920
  22648   3996796003 3449795036 1574525275 3996773512 3996796160
  16714   2663144657 411387137 727679686 2663161418 2663144704
  26790   2874183899 949115986 2081493750 2874157146 2874183936
  42009   4270908721 115252568 3424415015 4270866919 4270908928
  29477   3324349097 1803819663 2476998415 3324378661 3324349184
  63680   4214408797 1468212543 742124117 4214472640 4214408960
  64458   4154715283 3574690310 2944676604 4154650934 4154715392
  57700   3068247631 1441091850 2603534993 3068190108 3068247808
  39728   3551456851 2151423932 1946132007 3551496752 3551457024
  54666   3393940751 469274515 796938768 3393886070 3393940736
  11961   2263435787 1156811069 2248863373 2263447737 2263435776
  62840   2244162139 886610665 2222630778 2244225144 2244162304
  47344   2455805593 591806599 650848538 2455853040 2455805696
  50930   3015072091 1921551899 2939930428 3015123186 3015072256
  1218   4228528607 1075711088 1977976007 4228527422 4228528640
  39738   4104662519 2305431082 2019176894 4104622790 4104662528
  72322   2670249851 970349098 2135415361 2670322306 2670249984
  54369   2378322179 2289397502 92352162 2378376545 2378322176
  49559   2992498129 370563216 1821898549 2992547735 2992498176
  49897   2525717429 1306129552 2161921562 2525667607 2525717504
  37902   3900746593 3134227924 3642606550 3900784654 3900746752
  450   3166045307 331416305 436512805 3166044990 3166045440
  103538   2955376657 2439930497 2449521547 2955480178 2955376640
  38010   2438278679 2203826944 472779947 2438316666 2438278656
  52892   2668862723 1206715361 606275016 2668809828 2668862720
  35238   3656825863 2008813852 1318345229 3656790618 3656825856
  109391   4122555893 2633707139 4072797646 4122665295 4122555904
  20686   2454836413 915053049 2209863278 2454857166 2454836480
  83386   4216995649 2648791874 1448828518 4217079226 4216995840
  85700   4254294571 817341554 881345013 4254209084 4254294784
  35683   4114241279 3400059622 3429676921 4114205597 4114241280
  14450   3376889819 3264592258 2972025520 3376875406 3376889856
  48421   2842077071 1662815558 245001562 2842125605 2842077184
  39092   2233548773 244018804 2228925282 2233509708 2233548800
  19095   2675609323 616586438 1193778455 2675628439 2675609344
  85782   4008229691 607433788 2104484164 4008144106 4008229888
  514   2696263957 48504164 1500404799 2696264450 2696263936
  36080   2892100921 2375451553 1308939220 2892065040 2892101120
  41609   2607149929 1200285777 670436964 2607191689 2607150080
  2120   4227900533 3848910939 517097451 4227898552 4227900672
  34040   3649844333 2360652697 1331564729 3649810440 3649844480
  110984   3541283089 2336282038 3043691631 3541394056 3541283072
  17778   2846163659 1231442060 2766066431 2846145934 2846163712
  64708   4126814501 679890240 1570117056 4126750012 4126814720
  6400   3823998223 2915460418 329460583 3823991808 3823998208
  25466   3407517193 2659126512 3293557792 3407542650 3407517184
  83429   3836196341 2762651072 1234858282 3836279781 3836196352
  90086   2653357951 404567906 946259720 2653267994 2653358080
  51589   3748190371 2253234263 3710288012 3748242053 3748190464
  45374   2970909671 1280635655 321217918 2970864322 2970909696
  29887   4057811687 256642164 1744968070 4057841599 4057811712
  109918   3440758729 3114392382 2653787445 3440648866 3440758784
  39091   2303543329 1246945533 1218877347 2303582387 2303543296
  28037   3254673379 3020129940 232188793 3254645371 3254673408
  43588   2509571789 1738775495 977581867 2509528252 2509571840
  47684   2830820929 1094973893 1609819611 2830773436 2830821120
  47337   2196566683 1705016144 576129334 2196519447 2196566784
  25729   3868706353 2136606515 3421119215 3868732289 3868706560
  3472   2250524461 2148043455 109620061 2250527888 2250524416
  66551   2255249147 2114006898 2231865614 2255182601 2255249152
  33210   2838765161 2602800670 764808091 2838798522 2838765312
  88536   3538900877 3526765556 2813592522 3538989528 3538900992
  106014   3983885327 2620941793 279975498 3983991326 3983885312
  712   3226608773 1532733359 1581451409 3226609608 3226608896
  21638   2148575071 149324870 1826835333 2148553594 2148575232
  64172   2362116049 1760762691 2289837609 2362180268 2362116096
  86592   4057523581 3689238496 2016695702 4057610304 4057523712
  103609   3206555713 2471422445 556192404 3206452295 3206555904
  3786   2189142289 569912118 1378368112 2189146058 2189142272
  8488   3422725079 1897197480 3048191747 3422733608 3422725120
  71122   3300304727 649095415 986571877 3300376018 3300304896
  58240   2959836899 1282040692 677773701 2959778688 2959836928
  56423   2517578951 85419740 55731088 2517635431 2517579008
  44665   3407181907 2331687015 117301807 3407226745 3407182080
  6984   2612174717 1200565206 17867240 2612167864 2612174848
  26215   3374335751 45489242 773034734 3374361959 3374335744
  64789   3052019081 2843767519 2135837390 3052083989 3052019200
  50352   3128574611 635719089 1478973602 3128625072 3128574720
  74554   2344712287 953665551 233321814 2344637894 2344712448
  30249   3849170363 1335979895 2111817042 3849200681 3849170432
  62428   3867408499 1811994809 3362254281 3867471068 3867408640
  43558   3307009837 1415240552 2701883353 3307053350 3307009792
  28810   4109067643 3607539282 1987088130 4109038966 4109067776
  21902   3273165061 1011027568 697222126 3273143154 3273165056
  110816   3138165091 1627673287 306152292 3138054432 3138165248
  118150   4053010457 1194537136 2500660952 4052892282 4053010432
  4054   3250862597 3243193274 934987516 3250858538 3250862592
  28697   3511177633 744065828 349926687 3511149031 3511177728
  95850   4188497591 3498507973 727973552 4188593514 4188497664
  9684   2257820959 1470521924 168134012 2257830612 2257820928
  50636   4148733319 686322213 479206927 4148784076 4148733440
  81462   2248974587 1401031777 1307427244 2248893130 2248974592
  18356   3000374309 1816304588 1841252721 3000392628 3000374272
  426   2518612357 685709887 568535984 2518612054 2518612480
  67824   2582469761 1425815269 694787666 2582537712 2582469888
  90264   4146779017 2400414897 2695788368 4146688872 4146779136
  29982   2745699907 1639669459 1751594990 2745670114 2745700096
  1891   2231772451 1354858077 1564768315 2231770525 2231772416
  17536   2623076429 1180562891 521969436 2623094144 2623076608
  53780   2193608189 165630287 511155672 2193661972 2193608192
  79522   2568752257 1230611684 1067767929 2568831906 2568752384
  46300   3624937391 1466700945 1291708078 3624891172 3624937472
  32304   3777240629 1395105562 2225498864 3777208528 3777240832
  6784   2296165771 904702684 156869669 2296172672 2296165888
  63996   2853927917 1484128098 1351303607 2853991932 2853927936
  76938   2577548297 521082098 2167226522 2577471350 2577548288
  65229   3417373331 1539353858 3319166287 3417438669 3417373440
  1776   3615075049 1316088431 1331764397 3615076848 3615075072
  102452   4289869433 276038872 2861431602 4289972020 4289869568
  30628   3074012897 1258845939 1775980153 3074043556 3074012928
  120767   4050460901 3487010800 2037932552 4050340161 4050460928
  22652   3025926581 2300701305 706612417 3025949308 3025926656
  50833   2505797417 2209454836 1831422235 2505848209 2505797376
  36949   2730573089 1781033363 892259149 2730536107 2730573056
  56494   4076272441 762016615 399649094 4076216146 4076272640
  78595   3814903189 517443819 1647418931 3814981891 3814903296
  9942   2563825987 1371127387 479054030 2563816234 2563826176
  31205   3659414327 136909314 3063948857 3659383323 3659414528
  67767   3617761019 1650558124 3587941278 3617693257 3617761024
  18197   2422822819 366736400 142833271 2422804715 2422822912
  64184   3081850313 2126593525 397353025 3081786184 3081850368
  21184   4052908081 1796643209 3546157269 4052929472 4052908288
  94075   4236809827 425506029 243338790 4236715909 4236809984
  23547   2484972683 1619746105 1580411647 2484996347 2484972800
  64948   3455120659 1491551445 1886272359 3455185588 3455120640
  17908   2885332937 1390414166 856559617 2885315084 2885332992
  36882   2526356467 1805331443 2440505937 2526319598 2526356480
  98197   3985171369 3529738184 3671650922 3985073259 3985171456
  59260   2343646853 263233200 1431924695 2343587716 2343646976
  3104   2921167283 1175809515 309733441 2921170464 2921167360
  53186   3304058609 274138884 1292511233 3304005438 3304058624
  32265   3107853037 28767798 1239097497 3107820791 3107853056
  56072   3460725029 2766479864 2330899683 3460781064 3460724992
  7872   3979652939 1961095936 2455799718 3979660992 3979653120
  67374   2992873993 2768412976 1597733851 2992941358 2992873984
  101440   2726774461 61627796 1769890209 2726673088 2726774528
  42022   2405460163 1805200706 1852069315 2405502246 2405460224
  3851   4099969987 2128450863 694534869 4099973899 4099970048
  74279   4217009743 4085570906 766852047 4217084199 4217009920
  74160   4188301769 196020398 2484256036 4188227664 4188301824
  67085   2646172271 1973478460 2177343409 2646239501 2646172416
  18552   2895160319 2551101319 757037868 2895141768 2895160320
  44058   2222641321 1730469715 52906406 2222685466 2222641408
  19369   2395336217 1673977168 1800089471 2395316823 2395336192
  41988   3185616059 242429827 1490341476 3185574140 3185616128
  69217   2257820867 601716540 1104929263 2257751711 2257820928
  86099   2623851833 381646565 398266514 2623938131 2623852032
  55760   3649356787 1366188050 1140550321 3649412560 3649356800
  73041   2328260821 1801255663 2232037010 2328187823 2328260864
  54718   3548394601 964797195 1534725861 3548449470 3548394752
  100254   3685868507 1892941793 2355868147 3685968798 3685868544
  110040   4199450719 2484911116 2895735714 4199340840 4199450880
  30114   3678430979 2348063143 1724355704 3678461090 3678430976
  1660   3904052387 969557777 624209205 3904050820 3904052480
  477   3498273047 1134712911 287539557 3498272547 3498273024
  47485   3424448627 738334184 99884852 3424401283 3424448768
  23846   3718492069 3167709685 2015146313 3718516006 3718492160
  36112   2474427379 1820693105 1356437160 2474463504 2474427392
  84088   2416415263 920946379 826541529 2416499320 2416415232
  28181   3631867817 376563939 2870258639 3631896085 3631867904
  85924   2993976103 273472890 2622175465 2994061988 2993976064
  46002   2761205477 2757732513 1930669631 2761251506 2761205504
  13967   3831068333 979028299 3400720125 3831054449 3831068416
  26705   3633052741 1717893370 3052739519 3633079633 3633052928
  39450   2972544593 2680437418 983085675 2972505318 2972544768
  65472   2580029813 1778816848 1989864563 2579964480 2580029952
  24958   2598300709 550762193 1362693882 2598325630 2598300672
  39771   3826388201 1559542213 2433617521 3826427995 3826388224
  39538   2609650261 1981450200 73031287 2609689970 2609650432
  36473   3556532663 344702061 1433100461 3556496263 3556532736
  34942   3468292379 2408746339 886865693 3468257410 3468292352
  51671   2584797473 375783427 1879299808 2584745769 2584797440
  56363   2409171923 1789799626 156122539 2409115605 2409171968
  67140   4093718533 1420187283 2833115235 4093651388 4093718528
  7747   2710584757 2052810726 748586381 2710577085 2710584832
  13452   2370769033 631958878 203031449 2370782604 2370769152
  30695   3810991733 1092868193 2194123697 3811022567 3810991872
  10953   2198586059 1287185212 1442633001 2198597065 2198586112
  57898   4259207731 696577569 1809016704 4259265834 4259207936
  20046   4186456199 3583067066 3829100474 4186476366 4186456320
  13818   3168999319 939558217 173516714 3169013242 3168999424
  33634   3590243081 2971867077 999428402 3590276706 3590243072
  85175   3948538793 2729596099 1728857663 3948624055 3948538880
  7403   2611259171 1385199045 2108391261 2611266539 2611259136
  48604   4178587117 1444891519 3025524489 4178538532 4178587136
  88296   2482235869 823100685 1776621307 2482324200 2482235904
  63682   4094989739 557094075 517480374 4095053506 4094989824
  36933   3490151299 2041121486 3119113928 3490188357 3490151424
  75380   3047767507 1225277502 1326470205 3047692172 3047767552
  5842   2486163109 2481877277 1836280431 2486169042 2486163200
  82489   3468948449 3392513970 3008838903 3469030969 3468948480
  10864   2814130049 2812877878 2536378542 2814141040 2814130176
  41993   3075638887 1640886547 1989581243 3075681033 3075639040
  4684   2380802273 1570327870 176693889 2380797620 2380802304
  86488   2571335311 1433814706 477115135 2571421912 2571335424
  11438   3244861913 1775895236 3095827992 3244850514 3244861952
  91645   3571375877 1261560584 1966086546 3571467517 3571375872
  42273   4066781153 874103211 2923136247 4066738911 4066781184
  25168   2738085797 632933406 2280689935 2738111056 2738085888
  15676   2328472889 1262693136 1061986983 2328457156 2328472832
  55320   3746821891 3133173908 2748595712 3746877208 3746821888
  79776   3753002767 393404495 1323260923 3753082528 3753002752
  68007   3460399903 2631537408 2219998030 3460331865 3460399872
  91993   3964222729 1218066192 3185157189 3964130727 3964222720
  79415   3988208221 2395146877 1316359225 3988287799 3988208384
  61684   3530222623 3194597292 1884053750 3530284276 3530222592
  14980   2946307853 1881022141 634332224 2946292860 2946307840
  42909   3323954059 2920898261 861582934 3323911267 3323954176
  42906   2166596659 1251607876 1882621497 2166639514 2166596608
  81518   3614750207 1564591707 1702688072 3614831726 3614750208
  25193   4294783373 12478705 2127611210 4294808681 4294783488
  34164   3702219583 2151075749 2537575008 3702185612 3702219776
  94103   3455766233 1671312534 941042774 3455672169 3455766272
  21900   2903300291 1547217494 703808027 2903278452 2903300352
  40660   3642441401 3067575327 2603302336 3642400812 3642441472
  15174   2686397071 2555737643 1003202502 2686382010 2686397184
  42396   2520089743 2146996133 2110920364 2520132252 2520089856
  2100   2383678559 1478099294 1551306253 2383676620 2383678720
  66264   3741988153 255970587 2836663848 3741922088 3741988352
  101996   3282710987 2987277228 2267330204 3282609044 3282711040
  54595   3678137689 2590271414 2113591699 3678083261 3678137856
  36800   2183163319 374644535 1479177215 2183200192 2183163392
  22130   3262299433 1484667157 1749653298 3262321522 3262299392
  75124   3556746451 1102802362 602893025 3556821620 3556746496
  22792   3752058671 1090047608 3200984459 3752081672 3752058880
  53536   3091608259 1315473465 1674369384 3091661856 3091608320
  18564   2548897961 586141565 2014639520 2548916612 2548898048
  91904   4289129573 1900789451 2774875662 4289037824 4289129728
  16438   2249134687 142963491 700148742 2249151286 2249134848
  87822   3581538269 3066756075 1813941088 3581450482 3581538304
  24616   2338075139 1955454770 1505874024 2338050520 2338075136
  87348   4018354181 3243104120 1898526396 4018441524 4018354176
  23680   3340252471 3295659440 1665610548 3340276352 3340252672
  4318   2855580517 1103224338 732107287 2855584990 2855580672
  57288   3039481979 1927264779 2914807866 3039424824 3039482112
  56982   3406656713 680822298 1270869929 3406713750 3406656768
  27966   4178455027 2067273752 3768508018 4178483006 4178455040
  101186   4051883333 2797780269 1854087255 4051984706 4051883520
  53024   2595988279 1071324348 679496860 2596041248 2595988224
  47077   3783966089 2737178112 2701405037 3784013285 3783966208
  21438   3886574537 784527085 1559125294 3886553154 3886574592
  41256   3444041477 441878986 2243665365 3444082728 3444041472
  90760   3762091609 1934549815 3230855427 3762001016 3762091776
  84423   2498203423 242442243 1787427900 2498287815 2498203392
  46195   3752114903 387647979 287894738 3752068749 3752114944
  70708   2433317021 1567303916 627145171 2433387828 2433317120
  71955   2343780107 834005092 1909218217 2343708141 2343780096
  87452   2199565127 920258794 453891952 2199652764 2199565312
  67741   2455973893 254761835 6428400 2455906147 2455973888
  103692   2982325873 1964368023 316672930 2982429708 2982326016
  79444   3347005307 836881638 865784878 3346925996 3347005440
  18082   3559078637 1275389451 13077895 3559096738 3559078656
  17676   3279387763 3006914395 2741806647 3279370228 3279387904
  18744   2326605989 593070586 82136267 2326587336 2326606080
  11352   2946484019 954229389 1272440304 2946495576 2946484224
  47973   2373214721 2171957442 695124583 2373166747 2373214720
  27368   2937178019 47146758 1648651796 2937150744 2937178112
  20082   2330412283 1800914785 355821180 2330432370 2330412288
  85263   3819327821 2346959967 2371337240 3819242737 3819328000
  984   2299688953 1733191136 1786200696 2299689944 2299688960
  118820   3671816957 884660160 1792517101 3671698140 3671816960
  88981   3414494873 1811575693 2434374369 3414583957 3414494976
  84414   3111925813 2038489563 2125558664 3111841602 3111926016
  13692   2934785857 1716259946 738378314 2934799740 2934786048
  29696   3965549503 1330659183 1034145357 3965519872 3965549568
  82778   3689817643 2447269159 2484239834 3689735078 3689817856
  23432   2610532583 2394299533 1884437537 2610556040 2610532608
  4678   2278932673 1346606039 1156056716 2278928058 2278932736
  2964   3704034223 1680753050 756247576 3704037268 3704034304
  79807   2425511237 316648185 1539930243 2425431617 2425511424
  38436   3303750139 345232851 853845377 3303711708 3303750144
  58749   3248576887 1604222733 552977637 3248518275 3248577024
  19088   3267852239 1920466872 3241550241 3267871376 3267852288
  44272   3096495371 64669137 86329710 3096539632 3096495360
  12128   2172020681 677652252 1592225180 2172032864 2172020736
  85547   3291368503 78233192 2198498231 3291454251 3291368704
  58556   3365024321 2416311 465644786 3365083068 3365024512
  53823   3054973543 422652951 1957281819 3054919873 3054973696
  15958   2661036139 555890725 465504878 2661052246 2661036288
  50998   2877885853 1145265145 344163562 2877834954 2877885952
  4647   4041115217 1590932840 2834250111 4041110745 4041115392
  75304   2745117743 2622843163 2413014230 2745193000 2745117696
  97341   4069538377 1726998386 2938054517 4069635901 4069538560
  111704   3836284723 3539132 1751894614 3836173224 3836284928
  85204   2652096991 134065790 221885515 2652011820 2652097024
  14901   2448775229 78369040 768798544 2448790325 2448775424
  117771   4226473187 2824125380 340547993 4226590987 4226473216
  63210   4236701633 3859877880 1790775743 4236764906 4236701696
  37700   2486567219 1391409609 1207559682 2486529468 2486567168
  18648   2426656907 1551941740 866851900 2426675672 2426657024
  114043   4088092373 607666704 3454569296 4088206459 4088092416
  17130   3910917173 3312922285 352334919 3910934506 3910917376
  69285   2270336323 734302576 562252211 2270267227 2270336512
  60279   3361721183 1928422514 2127675293 3361661065 3361721344
  75710   2217970693 799852405 902462776 2217894978 2217970688
  32247   2690356033 825334978 854945867 2690323977 2690356224
  9208   3149127973 3145268953 223310981 3149137144 3149127936
  95176   3474220961 3382373814 2759653856 3474125880 3474221056
  64837   2181252343 1329494275 2003993222 2181187515 2181252352
  6248   3572387801 1677653269 1451256523 3572381592 3572387840
  59698   2648931463 741997923 2511731368 2648871886 2648931584
  92692   2537468341 292528310 2054916842 2537375724 2537468416
  92914   4224754543 627618163 1215802218 4224661774 4224754688
  99425   2878864459 2553870360 1918245005 2878964065 2878864640
  49046   2188523551 1669916630 1590992994 2188474474 2188523520
  8178   2495498179 1541243667 1901970564 2495490062 2495498240
  37181   3792832933 2201594843 2392777945 3792795843 3792833024
  78372   4169525473 1340000413 2523283270 4169603876 4169525504
  54812   3345668327 34403505 2960734022 3345613540 3345668352
  37688   2150145077 785637228 1263625583 2150107336 2150145024
  18149   3390560023 891688966 197372415 3390541851 3390560000
  4328   3289539229 1420300952 147947122 3289535000 3289539328
  103683   3284172427 2217027873 713582909 3284068861 3284172544
  8176   4094245487 665074498 3680698533 4094237456 4094245632
  52463   2917596553 2909028134 2521961903 2917544209 2917596672
  22062   3399208961 3338522774 2989941039 3399186898 3399208960
  6096   4183018291 2742254622 576661946 4183012400 4183018496
  85200   3638172779 1188551405 1881320490 3638258128 3638172928
  56556   2876978579 2317027457 328710533 2877035244 2876978688
  52222   2785849841 280727563 1761219310 2785902078 2785849856
  41032   3874731803 972246023 2371337679 3874772808 3874731776
  63336   3466020583 2511892688 300033090 3465957272 3466020608
  30380   3032638703 2530878048 1307311495 3032669100 3032638720
  57464   2437907767 458680974 2195417479 2437850248 2437907712
  369   4193573281 1660316511 3786071945 4193573007 4193573376
  22480   2416950313 1298059872 933490234 2416927792 2416950272
  27163   4039056509 1600311247 593393197 4039029477 4039056640
  64153   2463129209 646485083 2276269320 2463193497 2463129344
  38969   2506554629 251581894 2191291941 2506593593 2506554624
  12320   2636929201 1636375357 1950357539 2636941600 2636929280
  32716   2933770403 2119667331 130140939 2933737780 2933770496
  47456   3133167407 2759757467 495484351 3133119904 3133167360
  72728   2281466303 640322749 2159171930 2281393640 2281466368
  35000   3914940131 2123202687 2025877701 3914905160 3914940160
  10994   3915280643 32621962 705295094 3915269646 3915280640
  42736   2835229853 1802434851 2762337865 2835272688 2835229952
  23410   4052054257 2133730904 2761584611 4052077682 4052054272
  35140   2993816417 579835790 1883288355 2993851716 2993816576
  7724   3926140831 2632218914 1155442417 3926148652 3926140928
  23032   2635181291 1825407376 1961974925 2635204344 2635181312
  102688   3862069513 58932634 2311763001 3861966816 3862069504
  25762   2487939023 902901466 2255514690 2487964834 2487939072
  82884   3552866087 2218915586 83142380 3552783164 3552866048
  100738   3559911937 207352960 3312064055 3560012674 3559911936
  71208   2312012543 2213605186 1873454960 2312083752 2312012544
  43290   3091653973 301140267 1047653532 3091697434 3091654144
  29349   4279867877 646531615 2390088154 4279838555 4279867904
  46594   4288617569 4078045280 3744624162 4288571134 4288617728
  18325   2978495867 1581306552 2958826080 2978514325 2978496000
  11232   3362923609 1344713890 2034329050 3362912544 3362923776
  47306   3643030739 1820525088 3358856337 3642983478 3643030784
  46386   2467600087 2406573540 1550015749 2467553742 2467600128
  4655   2928855197 1897419681 1857670479 2928850641 2928855296
  45733   3762166403 1311735436 2178379911 3762120795 3762166528
  38765   2480090227 2225525871 1011528747 2480051603 2480090368
  13426   2345032171 1455414172 726172463 2345045618 2345032192
  100208   3604362191 3247876138 835489248 3604262032 3604362240
  100658   3735542189 1688925886 315875382 3735441614 3735542272
  72757   3915617401 3129083215 1155435816 3915690293 3915617536
  34584   4269483553 1401986991 1036985241 4269448936 4269483520
  29567   2534717453 2334522756 205295342 2534687873 2534717440
  66541   4200115391 2480102400 1292922233 4200048915 4200115456
  4970   3695811181 2317754001 1897156347 3695816298 3695811328
  8752   2956619833 2167688012 924810987 2956628784 2956620032
  61156   3196195999 2501115298 1811034460 3196134940 3196196096
  66795   2476899829 755214519 696357318 2476966635 2476899840
  47541   2365310333 1795189611 723444427 2365262923 2365310464
  67471   3593992561 593950275 2033441931 3594060175 3593992704
  3199   3003046171 2429044061 531825055 3003042945 3003046144
  54398   2859150277 2523296996 2222568355 2859204734 2859150336
  58798   4245223033 3557427245 3049500234 4245164370 4245223168
  18640   2847691991 1085026845 602703752 2847710672 2847692032
  88976   2469538373 2438682158 1735620782 2469449584 2469538560
  58384   3677427119 1485950343 1722996928 3677485584 3677427200
  20891   2391536731 1102826366 1325020910 2391557787 2391536896
  87989   3683719499 2703337209 515474381 3683631691 3683719680
  23887   3199222699 3196524787 2972956250 3199246671 3199222784
  72365   3340735169 1393359119 1507705860 3340662867 3340735232
  85765   3535299191 286656308 274127400 3535213563 3535299328
  80453   4165887449 3594418725 3099521735 4165967941 4165887488
  61215   2424107611 343571158 254741033 2424046561 2424107776
  76890   3895692389 1728790774 2909979515 3895769434 3895692544
  13986   3291466709 2873324144 1019736370 3291480738 3291466752
  64767   3674281049 2156292532 2898692163 3674345983 3674281216
  117424   3920661709 1408638076 506180670 3920544336 3920661760
  40380   2609693293 17730840 1399873387 2609653060 2609693440
  38904   2299275739 1463123370 2159092592 2299314680 2299275776
  19880   3972951271 3081478167 2036889674 3972931416 3972951296
  69984   2351528239 1305262211 453210530 2351458208 2351528192
  65455   3388846471 2871150472 578895426 3388912047 3388846592
  80305   2333435953 874631071 940436786 2333355599 2333435904
  28826   2774368297 2503769299 750501677 2774339430 2774368256
  82041   2220240299 302890516 812869429 2220158343 2220240384
  50581   2606783887 895747269 85505477 2606834581 2606784000
  43755   4164734957 2934870478 980262401 4164691221 4164734976
  32396   2631792557 1547895488 469062991 2631825036 2631792640
  48842   4275386743 240264126 3693036330 4275338038 4275386880
  3133   3617469799 3548763676 1865901653 3617466819 3617469952
  2476   2891974489 152227955 1423979945 2891972180 2891974656
  13343   2588275163 1037515983 2276538493 2588288543 2588275200
  50333   3916742201 3148528133 3072944726 3916792733 3916742400
  13888   2203405363 1918119388 450599963 2203419200 2203405312
  51216   2227217017 579746321 644089242 2227268368 2227217152
  75829   4221317357 3808113483 1003290192 4221393205 4221317376
  3577   2308711423 2264578501 2258804416 2308707847 2308711424
  7652   2325372457 1896992462 65273853 2325364764 2325372416
  31492   3573180937 854913906 2525881470 3573149436 3573180928
  29042   2783946943 2568572490 1387668681 2783976050 2783947008
  58348   3330826529 1510893181 716731658 3330884844 3330826496
  25675   2454046691 2163549230 819779300 2454021045 2454046720
  93899   3962154491 1282334968 3599523962 3962248395 3962154496
  12394   2571470329 246963793 1382815131 2571457942 2571470336
  10754   2222798009 1557432959 1582942469 2222808834 2222798080
  96274   2898490583 2779737925 2305978139 2898586898 2898490624
  32840   2348762237 710665436 1549312684 2348795208 2348762368
  54005   3991479253 2459850263 2833783369 3991533301 3991479296
  14435   2411420149 1947245507 1840808832 2411405725 2411420160
  87369   3462141877 106682651 2374597941 3462054583 3462141952
  36992   3634741199 3232895359 233567491 3634778240 3634741248
  112032   3841407611 559648899 250356908 3841519776 3841407744
  71341   3598675307 3297554999 2289999559 3598604115 3598675456
  14312   4215530639 2758595023 171285168 4215516440 4215530752
  37169   2284920133 751247916 301606699 2284883151 2284920320
  66488   2928862949 1042627577 2281334156 2928796488 2928862976
  56044   3193888601 2038102722 3154801584 3193832724 3193888768
  7667   4072526407 3325548381 4037468271 4072518925 4072526592
  55858   3121068277 2444487962 1923347216 3121124146 3121068288
  26898   3474318481 3362547351 1645239530 3474291694 3474318592
  79607   3838854463 719500026 3371710439 3838934263 3838854656
  5856   2257630157 77522635 1638992938 2257624352 2257630208
  9807   3659156957 3071246377 1767869392 3659147185 3659156992
  25111   4215498481 3987446741 3426187078 4215473385 4215498496
  50708   2917098577 269945168 1725154191 2917048044 2917098752
  6402   3551507803 2364852740 2259213356 3551514370 3551507968
  32928   3497650339 1558106921 1072915111 3497617504 3497650432
  107238   3228779809 326220373 966501581 3228672538 3228779776
  13099   3481869803 1595700630 3143483384 3481882923 3481869824
  44197   3109091761 1118727891 1309587772 3109047643 3109091840
  1304   3436130459 2610710769 1171429118 3436131864 3436130560
  19870   3008748143 1046754681 2299849633 3008768158 3008748288
  63164   3501895777 1879397912 2230057066 3501832772 3501895936
  30328   3038033731 2909725835 3027115827 3038003592 3038033920
  69462   2327977207 1749148221 985597752 2328046678 2327977216
  8166   2225818999 2142853291 534361827 2225810970 2225819136
  41046   3602752667 1046355047 2464251491 3602711722 3602752768
  79874   4144426109 3143019978 2125051589 4144506114 4144426240
  67763   2930500193 1597676923 433960296 2930568115 2930500352
  90692   4190358979 3994200241 1384043037 4190449732 4190359040
  38344   2674368863 41629810 2089607129 2674407368 2674369024
  73175   2310010369 1702329524 1352288556 2309937193 2310010368
  46896   3829909411 2775689620 3088128720 3829956400 3829909504
  6564   2970039287 450348233 604044385 2970045860 2970039296
  30234   2203622279 1320961326 1644499601 2203592166 2203622400
  17808   2449368127 925284494 2413420251 2449350512 2449368320
  18097   2190612037 619077474 1825067198 2190630321 2190612224
  41400   3378475141 2510181148 2403250756 3378516664 3378475264
  63589   4028016089 1565602120 3147141893 4027952539 4028016128
  59208   2412513643 737060522 1929867673 2412573000 2412513792
  93500   4275726461 3303734978 971728730 4275820092 4275726592
  88616   3212997979 2496717009 1522848863 3213086760 3212998144
  11412   2601658463 1531510232 839243048 2601670036 2601658624
  24585   2322196927 2308617826 1524928214 2322221577 2322196992
  69823   2626454449 2025648769 2015756029 2626524351 2626454528
  87992   3000727201 2519918717 766628634 3000639304 3000727296
  66643   2233837121 561674901 1529697619 2233770669 2233837312
  37212   2260290997 621124133 1872737112 2260328284 2260291072
  20535   2558878123 1950543508 86063265 2558857673 2558878208
  18864   3211291939 2289284957 3091453552 3211273040 3211291904
  67001   2810636417 1074432353 1274861863 2810703545 2810636544
  22568   3122355809 1865413146 2180258971 3122333400 3122355968
  22095   3270633731 1822009925 3246858690 3270611633 3270633728
  4060   3751387477 913559538 2352526743 3751383588 3751387648
  54809   2226701297 946520594 1140356271 2226646503 2226701312
  42267   2671179743 317696430 2330034488 2671222043 2671179776
  18330   3847052747 3054600118 3684228825 3847071130 3847052800
  12780   3815784173 3348094044 2334962622 3815796972 3815784192
  45448   2304605293 526318335 1682384341 2304559992 2304605440
  76103   4049956661 768919655 1343606236 4050032967 4049956864
  54832   3240085451 112504090 2438822361 3240030672 3240085504
  96513   3101359661 2346885694 1325490092 3101263103 3101359616
  92672   3917303239 3233284682 3904656049 3917210624 3917303296
  1866   3586381327 2420166610 2326579156 3586383178 3586381312
  34586   2642507981 830575486 958115744 2642473446 2642508032
  1819   2740098113 1867650402 103557665 2740096485 2740098304
  62096   3865456207 459432692 1059528817 3865394288 3865456384
  8820   3493953937 476993013 3421580087 3493945228 3493954048
  95531   2483565389 551478464 415582062 2483661099 2483565568
  11616   3148534409 2195385767 1024587196 3148546144 3148534528
  6584   3643892327 2348381145 1605813937 3643885896 3643892480
  90778   4114270163 3656388420 2635175564 4114360986 4114270208
  55763   4196977277 513452742 1439385657 4197033171 4196977408
  19788   2329245671 764725033 511731598 2329265484 2329245696
  103091   4028750221 2451523602 3135929430 4028853427 4028750336
  31212   2771445197 444179398 647111564 2771414036 2771445248
  91616   2347091939 1088239220 310182261 2347183584 2347091968
  117464   3867684311 2635047229 2358943219 3867566888 3867684352
  29136   2578511519 879012678 1749373414 2578482480 2578511616
  13284   4011432979 2845164754 112943435 4011446244 4011432960
  35211   3953651101 828927641 1664897113 3953686411 3953651200
  21669   3344958401 423560732 1909978917 3344936795 3344958464
  70503   3548629661 56935602 556436642 3548700263 3548629760
  78432   3432889013 427447742 1126865523 3432967520 3432889088
  53238   3943583359 2301062652 120174784 3943530250 3943583488
  82349   2895385631 1637989314 35100635 2895467949 2895385600
  19931   2259522689 2211044403 1695931484 2259502885 2259522816
  7904   4167214397 1219340542 3804381250 4167222496 4167214592
  31808   3617839507 3188212094 308882234 3617871424 3617839616
  68648   2347628053 796944684 1417335130 2347696680 2347628032
  14525   3375370039 2365694434 153823423 3375355715 3375370240
  63449   2941298897 1642355126 2380984124 2941362393 2941298944
  1586   2727112229 994385410 748909254 2727110606 2727112192
  22259   3102253351 1836097246 2414176692 3102231053 3102253312
  65600   3111615901 2220485788 2003975439 3111681600 3111616000
  102902   2824661909 1761495081 2384217477 2824764918 2824662016
  47292   3587152873 2198781926 1482093913 3587200188 3587152896
  10110   2563122893 1650877787 2145126047 2563112834 2563122944
  52272   2343816857 1772427434 614527532 2343869232 2343816960
  30705   4096834111 2746960144 2255599098 4096803599 4096834304
  63963   4184075419 3508824113 3285626748 4184139483 4184075520
  5312   2246981257 1803177296 2167959684 2246976064 2246981376
  74526   4162374869 3276154467 1672403161 4162300386 4162374912
  82016   3994509817 93708382 3864686321 3994591840 3994509824
  58289   3018007777 2173124032 1505285716 3017949519 3018007808
  41888   4122776939 1390964339 1987315038 4122818976 4122777088
  110244   3759244891 2881745108 3586100350 3759355300 3759245056
  55940   2224044157 1623474119 1921591986 2223988348 2224044288
  68504   3246261959 955803025 551641897 3246193512 3246262016
  21352   2501069083 566249095 757375584 2501090408 2501069056
  27184   2607126917 130484789 1525978093 2607099856 2607127040
  91968   3792588967 896861941 547615207 3792681024 3792589056
  10526   2279940409 690760353 392387607 2279929826 2279940352
  13088   4187252843 1905758659 2413617943 4187266080 4187252992
  47818   2571249001 2097887902 1468757799 2571201334 2571249152
  46900   4095300919 580797382 590059196 4095348020 4095301120
  79371   2467231799 2451219160 1310976433 2467152373 2467231744
  35954   3424190503 2069329722 1883669026 3424226418 3424190464
  75237   2597283617 1307126614 701507938 2597358821 2597283584
  28160   2291930033 2060871967 1271822425 2291958272 2291930112
  40977   3398167429 28196751 3394570976 3398208529 3398167552
  69584   3453229807 1842587431 903995073 3453160240 3453229824
  38173   4121597761 2883050553 1834191064 4121559779 4121597952
  35271   2320025209 1946530873 71205317 2319990073 2320025344
  3196   2980014577 2847788973 1096738316 2980011396 2980014592
  11064   3677185531 1853155851 3092526864 3677196600 3677185536
  54495   2926488211 714070082 538232254 2926433825 2926488320
  12862   2199651043 1626355592 1095167640 2199663934 2199651072
  55796   4202360453 1150449775 2094462028 4202304780 4202360576
  25391   3562098427 239618538 132386589 3562123823 3562098432
  1052   3413257009 2744728467 2853165206 3413258268 3413257216
  96580   3421994011 358003215 779012907 3422090564 3421993984
  47356   2258645737 1003683589 1422963618 2258598404 2258645760
  89494   2440158181 892145359 552079812 2440068714 2440158208
  59012   2374948627 1516790958 1952831912 2375007620 2374948608
  48678   3810286681 726744465 3754306042 3810238170 3810286848
  65824   4005279613 3731289307 2392555395 4005345568 4005279744
  20600   3757673107 3020200096 538134367 3757693816 3757673216
  8353   4022229059 2782041798 1776494855 4022237601 4022229248
  7265   4069057087 496036689 1456214909 4069050015 4069057280
  19830   3575637547 310943531 1390345524 3575657334 3575637504
  95879   3037680251 525765858 2335477878 3037776263 3037680384
  78892   2152401107 609679488 472386734 2152322260 2152401152
  14185   2387210923 139904535 1832649072 2387225193 2387211008
  35312   3493544669 1970592870 2798561535 3493580016 3493544704
  108465   3847402831 321193864 1943135847 3847294543 3847403008
  75753   2524680359 289995686 992497266 2524604695 2524680448
  41962   3419564669 3085450165 2916076214 3419522838 3419564800
  49200   3220144727 1362896200 2216924469 3220194096 3220144896
  12902   2823930293 555699508 2808826006 2823917466 2823930368
  30202   2918631589 2342333254 2011034805 2918601478 2918631680
  86733   3430673677 2947192048 2715267394 3430586931 3430673664
  85010   4136713741 1239713433 3615243834 4136798738 4136713728
  16559   2951276557 2095124444 1914591481 2951293103 2951276544
  90722   4258955759 172189394 1732361742 4259046498 4258955776
  2709   2851091231 2643615061 977532867 2851093909 2851091200
  39196   2993433379 759972934 2948594298 2993394148 2993433344
  34127   2898988123 1776551843 758445296 2898954161 2898988288
  113872   4140461641 572013928 923374017 4140575696 4140461824
  46089   2890424087 1592747498 869456328 2890470153 2890424064
  7415   3834909737 1949930719 1362085189 3834902537 3834909952
  51375   3193166693 1829306820 1934907709 3193218223 3193166848
  15876   3584649373 2020766996 2828336239 3584633596 3584649472
  11281   3603834427 1491533185 2675918828 3603823343 3603834624
  11728   2171425943 854826234 1587950991 2171437776 2171426048
  41272   3449786287 3095493517 1027127343 3449745096 3449786368
  89977   3344631331 986373006 2717703104 3344721273 3344631296
  73116   3308141449 1223170446 641489569 3308214684 3308141568
  54840   3521680717 1499561548 3246122688 3521626056 3521680896
  94340   2417544461 11465556 1375111202 2417450108 2417544448
  14560   2170649489 253871807 1744897930 2170635040 2170649600
  65466   3059614823 216120032 633544772 3059680442 3059614976
  15859   3686619719 2647343569 129712298 3686604045 3686619904
  21476   3504329099 582664960 1629033282 3504350692 3504329216
  76931   2294403323 2288606484 1132762533 2294326397 2294403328
  30636   4182644119 2209688368 3816037794 4182674860 4182644224
  15688   3521998219 3352712277 909187639 3521982648 3521998336
  35896   3443767337 1240089745 1333929703 3443731400 3443767296
  29423   2878492667 2365924154 2686815989 2878522095 2878492672
  56239   3544028287 3028327196 2427948132 3544084655 3544028416
  7148   2239251151 2225348559 114803039 2239244052 2239251200
  69377   4009242683 756588267 1753896802 4009312257 4009242880
  73152   2340843971 1162750575 255293967 2340770880 2340844032
  29169   2429112397 335021727 1507304785 2429083407 2429112576
  17064   3599198069 707379321 3077292117 3599181144 3599198208
  59260   4286161741 3600923362 2328523041 4286102660 4286161920
  111748   4282136821 1355828845 2380994329 4282248580 4282136832
  75328   2851937953 519379328 1915349838 2852013376 2851938048
  43244   2274543329 2270020694 2148051927 2274500116 2274543360
  74909   3468920537 1990892575 701939845 3468845667 3468920576
  20930   3312827363 2787090181 2393226731 3312848322 3312827392
  71028   4223185103 1440741451 914267946 4223114124 4223185152
  53627   2681822257 701247597 33372635 2681875835 2681822208
  5089   4046577389 768947191 3176262235 4046572319 4046577408
  25045   2245272187 1893498629 603707240 2245247275 2245272320
  26961   3136418317 343087366 1483304354 3136391343 3136418304
  13212   3711231647 3420716041 2262111654 3711218532 3711231744
  73644   2257227331 1664450104 2125769308 2257301164 2257227520
  46050   2816424341 1974116582 1133133160 2816470498 2816424448
  57496   2452190999 1309538877 1558978280 2452248472 2452190976
  12671   4050346409 2788609677 1062470581 4050333825 4050346496
  70451   2565277123 63957974 252653927 2565347635 2565277184
  99661   4142976259 1658452993 1940576023 4142876595 4142976256
  55813   2996473307 164131859 1861930327 2996417531 2996473344
  63803   2458028407 286236078 1691273693 2458092347 2458028544
  43908   2225148617 1843245126 694251933 2225192580 2225148672
  53294   3042095731 939181747 2104537365 3042149166 3042095872
  42926   3211922261 2943873953 154093171 3211965358 3211922432
  44765   3128369477 462359196 2563032754 3128414429 3128369664
  5484   4048378813 2113019179 2590227953 4048373396 4048378880
  12192   3282053207 3017713034 1781927996 3282041184 3282053376
  7570   3234122657 1105725341 2266156261 3234115182 3234122752
  79925   2791145989 469035763 2201003632 2791066059 2791145984
  65844   3246869293 2260113050 1649828109 3246935092 3246869248
  126020   4164178391 224074841 1202195346 4164052412 4164178432
  12081   4179562733 961495598 121447795 4179550671 4179562752
  44811   3918819101 1795714951 474807146 3918863883 3918819072
  71748   2904473903 279565233 899288469 2904402108 2904473856
  76472   2841882053 647613911 1723970126 2841805640 2841882112
  84947   2880705367 2015444639 1573701684 2880790483 2880705536
  1569   2409923951 1814437027 284364001 2409922527 2409924096
  87589   3284752277 1129788701 1482653739 3284664795 3284752384
  99176   2684216573 2280027112 2017487293 2684315752 2684216576
  66529   3893922001 798419889 3056741792 3893988577 3893922048
  119062   3716909953 1933317329 3136881944 3717029142 3716910080
  21524   2848057013 901260635 2693444508 2848035564 2848057088
  17053   2736024497 1224708232 1633152231 2736041629 2736024576
  39717   3521360749 81833442 2108887925 3521400613 3521360896
  7131   2183215231 224783841 75215181 2183208229 2183215360
  3872   3250419811 1969260132 461822001 3250423840 3250419968
  31643   2551888733 222219382 543448562 2551857253 2551888896
  14984   3268027127 2501252861 3079766794 3268042120 3268027136
  34797   2303271791 221663165 2197594315 2303306733 2303271936
  32014   3183752477 1119868639 475419770 3183784462 3183752448
  53220   3793988993 1241264267 1868971086 3793935900 3793989120
  5089   2265667409 1759819803 456892031 2265672673 2265667584
  70048   2656017401 834559797 500803700 2655947360 2656017408
  79249   3489022787 1369197667 1729274020 3488943727 3489022976
  80510   4227588329 3544135843 733190880 4227668862 4227588352
  65742   2288127533 1752490893 1226752107 2288061746 2288127488
  35301   2277538027 1386041122 1064865206 2277573349 2277538048
  31262   3943948387 3470829343 2662380431 3943979806 3943948544
  55880   3011121097 2486161170 2068266786 3011065272 3011121152
  53122   3845222543 2527528918 1467940763 3845275778 3845222656
  28371   2721068303 1163886517 1081841194 2721039917 2721068288
  25260   2495997173 473048373 1722140575 2495971924 2495997184
  64069   4040697461 2844909131 2595672761 4040761669 4040697600
  82819   4210527107 1225349363 952336644 4210610051 4210527232
  20020   3202016533 334359071 804394512 3202036532 3202016512
  39920   3012858713 343239214 2808416713 3012898800 3012858880
  122884   4132647977 2662936891 3051269057 4132771076 4132648192
  107238   3303141689 2994580154 2144059933 3303034650 3303141888
  20808   2983052777 1735543012 2098865292 2983073608 2983052800
  21994   4181677109 2478527945 2994444592 4181655318 4181677312
  53397   3692164981 1302523402 952476162 3692218517 3692165120
  75854   3807064853 3674925734 3239198267 3806988978 3807064832
  42193   3774098921 1383411835 2785599921 3774141137 3774098944
  69072   2548616701 875520018 627789648 2548685776 2548616704
  26600   2790699623 1108439490 1341189549 2790673176 2790699776
  60144   2808032063 1634702384 1921538837 2808092400 2808032256
  10248   3356553643 1270511488 1168286018 3356543480 3356553728
  47058   3430719233 2676671591 1015175785 3430766290 3430719232
  113729   3947029367 3486057706 909467424 3946915775 3947029504
  52828   3485402321 2678030538 837805110 3485349540 3485402368
  77064   3544651213 1935695993 548340303 3544574200 3544651264
  8460   3075872717 2532169176 1207008767 3075864308 3075872768
  111040   4035254897 3782451988 2638930953 4035366080 4035255040
  15124   3750885629 3038562805 1918178036 3750900756 3750885632
  97314   2679212491 756648825 2059366336 2679115230 2679212544
  3245   2415374147 2082346852 981893484 2415371091 2415374336
  64453   2555123251 1166657568 2496384474 2555058747 2555123200
  73639   3553673077 482712700 2693853051 3553599577 3553673216
  32490   2511090487 1321322224 2266280330 2511122922 2511090432
  14693   3998114363 834612305 887122763 3998129253 3998114560
  83897   3230544461 1851079460 1326353437 3230628537 3230544640
  96000   4121300597 1242213954 2383080375 4121396736 4121300736
  90228   2792794597 2265116435 1556706376 2792704396 2792794624
  46354   3213270031 130473725 2909556270 3213316370 3213270016
  63398   3450485791 431282808 2401109228 3450549158 3450485760
  58032   2670055109 38500360 1033834868 2669997136 2670055168
  70028   2571403529 1160578227 1683152212 2571333492 2571403520
  17052   3000946967 875252377 1019160861 3000929892 3000946944
  11083   2426489783 447483043 506004977 2426478773 2426489856
  12034   2696580521 2278140860 2053845284 2696592642 2696580608
  22786   3337389871 2624954274 2268813456 3337367294 3337390080
  41350   3888390313 2161362510 1742391532 3888431750 3888390400
  468   3531643961 2791350813 2061692699 3531643692 3531644160
  49104   3760272781 376979457 3189939151 3760223792 3760272896
  6582   3401547377 2215580888 839480826 3401554102 3401547520
  35671   3859088627 3803587869 1597581157 3859124311 3859088640
  22416   2634091177 811521142 2181616737 2634113680 2634091264
  66379   3736742089 1535239595 2819522548 3736675765 3736742144
  73063   3825525901 3609943575 2469738321 3825599079 3825526016
  25613   3596844221 1285380880 1066362624 3596869901 3596844288
  59548   3618334261 546522319 1988654285 3618394012 3618334464
  1922   2976870763 2193744794 2010742414 2976868990 2976870912
  19560   2280766459 1108360060 1277625838 2280786024 2280766464
  9188   2555385013 305120555 1480058934 2555375900 2555385088
  4976   3110364371 3055223557 2710999481 3110369392 3110364416
  92149   4043943511 1924230315 2224097951 4043851531 4043943680
  34496   2248945613 1309284780 227113806 2248911168 2248945664
  62054   2228674601 1559541393 921563297 2228736614 2228674560
  44074   2427735679 1845127043 1675311786 2427691734 2427735808
  120005   3725446313 620687338 1872264370 3725566405 3725446400
  70015   2423393981 125016341 1124333651 2423464063 2423394048
  43876   2796281149 1420618448 337180117 2796237468 2796281344
  1481   4080833413 1270593732 932102489 4080835017 4080833536
  7094   2924730293 2680501069 2313569269 2924723274 2924730368
  12905   3264846121 224626627 200462189 3264858985 3264846080
  66582   3520549451 3158088559 2205361259 3520483050 3520549632
  26774   3848268763 1578502040 1570167966 3848295574 3848268800
  32495   2824244749 567804835 1180765257 2824212241 2824244736
  2997   4227104993 2360099630 214136964 4227108021 4227105024
  26918   2816443787 1502811900 2498503155 2816416986 2816443904
  42853   4114194373 263732320 1639421240 4114151579 4114194432
  28519   2532726149 33083940 137706443 2532754791 2532726272
  23698   4051415867 1761648183 3939231837 4051392366 4051416064
  12160   3914631101 837829505 2565799972 3914619008 3914631168
  104388   3412452779 2170634348 1250106963 3412557252 3412452864
  100698   3426323039 2236210691 690435734 3426423898 3426323200
  45396   3327097001 3166178263 1802203311 3327142484 3327097088
  41332   2539439801 191859338 769909012 2539398540 2539439872
  90408   4288101101 352180403 3867562095 4288010712 4288101120
  2651   3491537111 808109595 2451448758 3491539803 3491537152
  90697   4077121483 2693371570 2578293987 4077212233 4077121536
  54764   2642505893 1438380778 1553059853 2642560748 2642505984
  18745   2784640897 1863364543 597738595 2784659769 2784641024
  86648   2887928171 1454084739 2157019824 2888014968 2887928320
  73216   2985785351 1298166297 1060055102 2985858560 2985785344
  55152   2382493853 409890405 1489869424 2382438800 2382493952
  51765   2150812591 445103009 1424297467 2150760907 2150812672
  69712   3662994943 1924557851 2006442728 3662925232 3662994944
  46866   3205389157 735381851 381616059 3205342446 3205389312
  93223   3261919091 176376070 579323280 3262012455 3261919232
  54038   2982962821 1728348441 2342935047 2983016982 2982962944
  30273   3527123599 2134600836 944606011 3527093439 3527123712
  72438   3181101439 2102032947 1799176539 3181174006 3181101568
  15015   3942197137 814550354 3927144311 3942182233 3942197248
  54108   2658494821 387424719 2137779225 2658549084 2658494976
  4885   3636132811 1745911140 2931891929 3636127979 3636132864
  16668   2941955537 348418460 17007925 2941972252 2941955584
  42862   3758782957 735327811 1256353413 3758740114 3758782976
  63366   3768297307 1918897536 2452835862 3768234106 3768297472
  4712   2379794059 1338525415 1025032922 2379789464 2379794176
  63856   2986553333 505213951 2164537874 2986617200 2986553344
  7788   3840561451 2835698710 1332599832 3840569452 3840561664
  32018   3922950839 2491562486 3793316264 3922918894 3922950912
  25963   2674451233 890668326 2158685632 2674477163 2674451200
  61596   3170352929 1558692858 3099827374 3170414492 3170352896
  26709   2658133097 509427737 1781018060 2658106539 2658133248
  38898   2986521721 1537469701 1459102896 2986560754 2986521856
  74330   2232395933 101870585 1436008783 2232321702 2232396032
  56500   2331572171 283506866 1560534218 2331515724 2331572224
  52209   2652764671 637993676 2555523127 2652712463 2652764672
  23501   3561839383 3420354381 2277675529 3561862861 3561839360
  41499   2371796807 2326898369 384318104 2371838491 2371796992
  500   3551896561 3308549648 2368909638 3551896076 3551896576
  54615   2203221239 1881414224 1227947150 2203166633 2203221248
  75001   4065472889 4028586061 3213642098 4065548025 4065473024
  42696   3648529849 69355008 1974117458 3648572616 3648529920
  52554   2618354069 401753655 2162660591 2618406730 2618354176
  37168   3715377037 3111247820 1888771895 3715339984 3715377152
  97679   4078231667 2536075465 3575639459 4078329487 4078231808
  47616   3960649643 3138907879 2799656219 3960697344 3960649728
  97119   3019506151 2448397125 245341640 3019409057 3019506176
  53458   3166446737 1500890264 1302078749 3166500306 3166446848
  65004   4190955983 3247675729 1349457137 4190891028 4190956032
  7118   2220465971 332754220 1844279572 2220473038 2220465920
  28588   2386577477 659742137 2021642377 2386549076 2386577664
  53396   2967958691 2484327617 1840459296 2968012180 2967958784
  15509   2668786459 2312453891 616154492 2668770923 2668786432
  49718   2926222847 2607586006 2722124447 2926173130 2926222848
  50536   2848259417 1058465403 501843826 2848310120 2848259584
  7306   2204916853 1624852343 1124036690 2204924298 2204916992
  44283   2707993979 1665112672 1797499794 2708038395 2707994112
  38096   3256948627 877408985 198748916 3256910640 3256948736
  11259   2797550531 1730675859 701269526 2797539333 2797550592
  7609   2515779923 556445765 804594341 2515772487 2515780096
  81332   2484544921 692173848 1726386517 2484626356 2484545024
  15525   2290072639 819045552 1219472915 2290057307 2290072832
  20092   2165203253 781900974 672340447 2165223292 2165203200
  73313   3992920817 2932384841 1084268387 3992847519 3992920832
  28690   4208496221 187215358 2754952463 4208525074 4208496384
  33846   3910154587 103831207 1945555630 3910120906 3910154752
  47682   2752521463 1082237511 2215095166 2752473790 2752521472
  36289   3341286229 2585964030 617705355 3341250111 3341286400
  12413   2713215203 2013089180 2014155799 2713227645 2713215232
  3321   3995986837 2962730559 747782101 3995990265 3995986944
  19520   2344608073 1599566360 1982229899 2344627776 2344608256
  62680   3201496691 2292422496 3182530171 3201434152 3201496832
  90198   2726442353 875393506 56153540 2726352298 2726442496
  60941   4025310763 883737950 485576086 4025250035 4025310976
  24324   2921673119 2311779257 714998119 2921697540 2921673216
  62616   4032567829 351726526 3044140344 4032505192 4032567808
  119473   3997716803 3633757701 2212226002 3997836465 3997716992
  12932   2173379753 1570743965 1391954854 2173366908 2173379840
  66859   3656904023 538173774 16999827 3656837333 3656904192
  69124   2690371351 564766671 730420855 2690440452 2690371328
  24492   2619865811 486712001 22281110 2619841364 2619865856
  114966   3551341207 2099436877 782656460 3551226346 3551341312
  45747   4255454131 125894434 2670339083 4255499955 4255454208
  54542   4082397467 2963235602 2385515589 4082451982 4082397440
  4814   2354509111 2149020378 2151612877 2354504242 2354509056
  11880   2647076423 2455045004 2463623003 2647064728 2647076608
  63088   2555874353 1976270168 1417553283 2555811216 2555874304
  93073   3162685931 1187408445 2869882758 3162592879 3162685952
  111001   4141462489 1239523095 510159147 4141573529 4141462528
  82035   3261382721 1497748961 1323868658 3261464947 3261382912
  20820   3577577977 2051007963 2390878655 3577557164 3577577984
  102887   3760279343 1487392226 393861375 3760176665 3760279552
  35040   3073669523 90534501 2964861046 3073704672 3073669632
  85600   4146973031 1537031105 2702301368 4147058784 4146973184
  59576   3512745991 2346439374 1185041866 3512805560 3512745984
  51974   3023285383 2829953660 795432971 3023233530 3023285504
  11354   2455782353 1962620979 646942671 2455793754 2455782400
  56888   3166123183 2789621595 199637231 3166180152 3166123264
  90400   4290375569 1136492409 153688201 4290285280 4290375680
  11736   2326300943 679936142 1741744210 2326289192 2326300928
  85646   3074954761 1036626820 2322952278 3075040398 3074954752
  2512   2622720281 821768082 2097398751 2622717744 2622720256
  61817   4221715529 2577512332 2026141280 4221777529 4221715712
  33520   4143380951 2041901210 3328549359 4143414512 4143380992
  25844   2385455411 1901107598 2091961472 2385481204 2385455360
  17676   2228768957 1304931986 400384000 2228786700 2228769024
  72543   3892541273 1382419263 3026442827 3892468897 3892541440
  20050   2874689483 1172912664 2270807332 2874709586 2874689536
  45138   4134662309 589900162 657719981 4134617262 4134662400
  83484   2252507219 1700020790 1572558716 2252590876 2252507392
  3949   2696824061 1714833179 541544615 2696828013 2696824064
  35343   2602298651 1090361859 2035496604 2602333967 2602298624
  108949   3981367193 1277010781 1248061353 3981258347 3981367296
  14075   2380619291 969197134 61209534 2380633339 2380619264
  57073   2759307703 96178178 756860643 2759364849 2759307776
  71536   2834579383 1564279494 2083403292 2834650992 2834579456
  80279   4034272093 3017105612 413380547 4034352535 4034272256
  9127   2261293361 273984418 1829570701 2261302439 2261293312
  50616   2389850849 100013087 105205552 2389800264 2389850880
  58543   2191245869 463772851 189441414 2191187281 2191245824
  47388   4118743703 1082153969 309991203 4118696420 4118743808
  57424   2359182019 295854329 1964725917 2359124656 2359182080
  33204   3925557971 1355052179 2804717708 3925591220 3925558016
  47310   2957521997 404070426 374677654 2957569486 2957522176
  17325   3066933131 1818792738 1611232624 3066915923 3066933248
  81100   3995846123 910149176 305814858 3995927244 3995846144
  17528   3582168503 2878471 104965199 3582186104 3582168576
  37289   2708759063 2656198534 2565991319 2708721751 2708759040
  61394   3716506907 1196513830 1051171379 3716445486 3716506880
  107757   3410534717 1356632659 99766312 3410427155 3410534912
  12650   2711241971 1490342553 329937812 2711229334 2711241984
  45705   3906881389 2277120619 3576497059 3906927241 3906881536
  50488   4187043803 3398672285 3772616262 4187094328 4187043840
  68857   4168033433 796928469 755667861 4167964679 4168033536
  106832   3106792147 1545499539 2347703250 3106685360 3106792192
  91131   3591659387 3467637593 1764942393 3591568389 3591659520
  74304   2759514587 103471405 1395104056 2759588928 2759514624
  54010   3147249577 2496274626 2540190263 3147195654 3147249664
  13668   3892703629 1781249615 2686141895 3892717412 3892703744
  25889   2514366541 1690563819 692421035 2514392609 2514366720
  50702   2687301811 858468227 1112817135 2687352590 2687301888
  35146   4038504583 832096183 1762391071 4038539850 4038504704
  94088   3381018551 317773170 1081397543 3381112712 3381018624
  2608   3344370619 757876182 2326064015 3344368080 3344370688
  55971   2459710391 1092055620 162920768 2459766435 2459710464
  32048   3222262409 1337526569 2869110419 3222230480 3222262528
  44820   3655142503 627914377 3244183500 3655097836 3655142656
  4464   3352974367 2086935729 3054315175 3352978800 3352974336
  30858   2493049081 78522649 755875305 2493079946 2493049088
  9544   2369094817 830052365 2244150529 2369104456 2369094912
  12591   3378833201 2914152242 1021417836 3378845999 3378833408
  66925   2968696883 1967196146 1438665924 2968629907 2968696832
  68137   3830078029 1607167555 1391063551 3830146345 3830078208
  30740   3449852519 3394827688 1869814129 3449821932 3449852672
  23200   3086104363 445694078 2309678530 3086127520 3086104320
  59606   3273155021 2315237157 2177029910 3273214678 3273155072
  8751   3749231279 2640890370 650256574 3749222609 3749231360
  19700   3315869371 1456540245 1198230586 3315889140 3315869440
  98889   2645140847 1646624851 1806056391 2645239881 2645140992
  16042   4274430487 2343123264 2299555995 4274446506 4274430464
  20332   3027043111 332526372 560666906 3027063404 3027043072
  35176   3437286163 578609495 1582799950 3437321320 3437286144
  74618   4096951231 1270635113 924638726 4097025914 4096951296
  41788   3961262911 1430864744 481805149 3961221316 3961263104
  9770   2566070383 2556483189 1340985181 2566060758 2566070528
  50824   2580839171 2295710749 1212662329 2580889992 2580839168
  46436   2358108343 582225490 2277975417 2358061980 2358108416
  28620   2173708631 1914955694 1005168780 2173680180 2173708800
  3995   2449555123 945092859 421000526 2449559195 2449555200
  1976   2627923349 2485198538 2368617861 2627921480 2627923456
  44306   3462226861 1514603221 555049540 3462271250 3462226944
  55802   2520703649 1389792160 1267659219 2520759546 2520703744
  53412   2198885641 1540682554 1539914251 2198939044 2198885632
  41641   2940162451 2597552965 1917255180 2940204201 2940162560
  46801   3590381287 3368011121 2518207882 3590334511 3590381312
  1810   3727085251 92722167 2492372233 3727087122 3727085312
  26930   2901461489 428702208 1676499435 2901434574 2901461504
  36023   3597174809 1016748575 3543736957 3597210807 3597174784
  3792   3276675581 3041790602 3083966397 3276671792 3276675584
  29652   3851258773 2124582073 2868469832 3851288532 3851258880
  39876   3596831503 1920007001 2256838019 3596871364 3596831488
  15371   3821753513 1641027403 1422267688 3821738229 3821753600
  77156   3046823761 444355123 1206004334 3046746780 3046823936
  47301   3372505949 1181468154 1767370141 3372458811 3372506112
  59028   4186887127 957540691 2361985343 4186946196 4186887168
  89241   4070231027 2089741501 142279167 4070320281 4070231040
  71616   2514746503 924375185 1246929860 2514675008 2514746624
  51512   3478236217 3140689532 1897806475 3478184904 3478236416
  20940   2611463563 171709835 148817423 2611442740 2611463680
  57634   3220683707 1775699907 353509518 3220741410 3220683776
  53429   3127724009 2550843450 117082777 3127777461 3127724032
  76728   2928389221 2312560106 2421178449 2928312648 2928389376
  25896   3801506473 3651321980 920216352 3801532456 3801506560
  106138   4191719227 2656961885 1235818041 4191613286 4191719424
  45364   2811452689 170188070 1729831873 2811498036 2811452672
  48126   4253577079 2514612016 2469698874 4253625342 4253577216
  44260   3036498161 1525215621 1520518017 3036453916 3036498176
  11434   3391541261 2923935068 851675640 3391552682 3391541248
  82358   2583035311 2544685376 2247555055 2582953034 2583035392
  42333   3648039839 2552234542 2491797032 3647997603 3648039936
  32988   3452601221 1533726192 833747846 3452568356 3452601344
  84918   3730657709 2491801009 2464578478 3730742710 3730657792
  29632   3073410383 1595521060 717278436 3073380928 3073410560
  6324   2350185991 106326602 2233844776 2350179660 2350185984
  46791   3486250583 1399206974 3059790238 3486297543 3486250752
  69772   4025858029 783711453 1683229871 4025927820 4025858048
  20745   3042596923 865704215 1038165806 3042617865 3042597120
  16588   3859160467 520700871 1500787792 3859177164 3859160576
  67429   2222376349 1897898466 1579313308 2222309019 2222376448
  54624   4218922571 2248297933 3910810432 4218868128 4218922752
  20436   3775106351 282516305 1861946791 3775086124 3775106560
  64843   2678316229 1615327176 858605018 2678251445 2678316288
  46206   2617401533 1625599963 1556682912 2617447806 2617401600
  37744   3480726233 2456709985 2869011271 3480764016 3480726272
  20150   4066365041 3924900202 355078464 4066385334 4066365184
  105412   4046228713 2143508059 1738092894 4046334148 4046228736
  22937   3946521437 2464625594 1620154333 3946498663 3946521600
  84515   2357046871 74592906 1142436183 2357131555 2357047040
  59775   2489228299 434015768 540186112 2489288063 2489228288
  100467   3244991027 1387548607 1025618529 3244890765 3244991232
  35196   4265209279 953225246 524650551 4265174148 4265209344
  27258   3661380353 1413891550 1527285476 3661407610 3661380352
  90092   3966056533 2898896760 3352944669 3966146796 3966056704
  48296   4221082003 3881068489 1082542696 4221130408 4221082112
  46625   2437916669 970240388 2310908811 2437963297 2437916672
  105668   3478830967 2958142947 2770443804 3478725436 3478831104
  28108   2308713557 709513723 758100321 2308741836 2308713728
  87982   3995676323 884043895 3381248873 3995764398 3995676416
  82271   2750669629 1294992090 2490407730 2750752095 2750669824
  22294   2664233239 774678304 1652733939 2664255510 2664233216
  30368   2865135487 166620645 2283056067 2865165984 2865135616
  29102   2388788477 251086851 88005066 2388817582 2388788480
  11608   4156489453 2755814650 195711326 4156501080 4156489472
  68734   2171716453 1455899839 832334236 2171785342 2171716608
  51065   3438231721 692385041 2234957840 3438180743 3438231808
  21680   3369300971 251472461 3314995734 3369279312 3369300992
  117455   3554350627 1876008581 2343000080 3554468047 3554350592
  70948   2361575291 611408296 1777162739 2361504476 2361575424
  64552   3849133811 3414622133 3207279689 3849198376 3849133824
  10728   2977262161 1552914233 2965951302 2977251608 2977262336
  87799   3617734187 784183909 1283105381 3617646345 3617734144
  8317   3475188593 2888876866 1661707364 3475197053 3475188736
  18948   3244673777 2215695078 1151382565 3244692740 3244673792
  61212   2266125571 1321272989 2081289777 2266186780 2266125568
  51862   4027120043 609785753 460357684 4027068266 4027120128
  66574   4271292841 11717590 1041521939 4271226354 4271292928
  12511   2843932087 869528967 486916010 2843919649 2843932160
  80527   3739205053 3361650800 3418932488 3739285647 3739205120
  53362   2872218007 2760538024 483497483 2872164750 2872218112
  68944   3471601157 2169751521 1351498393 3471670096 3471601152
  62682   2709997903 890343396 496855220 2709935398 2709998080
  64076   3330067067 410667141 2240046637 3330003124 3330067200
  21190   2675714627 2623258715 2391286941 2675736006 2675714816
  108873   3997317893 315466773 1298463666 3997426761 3997317888
  76055   4289040773 331250838 1588916990 4289116951 4289040896
  97181   2661239117 2233144815 1631765543 2661336477 2661239296
  23803   3567040063 1551582195 1771208671 3567016453 3567040256
  56528   4269620639 2377631010 754480823 4269564208 4269620736
  3070   3023087467 969640446 415134102 3023090686 3023087616
  29350   2570153939 570082834 1668031777 2570183334 2570153984
  60084   3292832273 3219454207 278406290 3292892340 3292832256
  42932   2604321077 410257668 1857542881 2604278092 2604321024
  92558   4159801279 464830446 149568195 4159893902 4159801344
  18171   3795505033 896594421 3769687831 3795523323 3795505152
  16219   2154282727 457146338 959464875 2154266533 2154282752
  4909   3553046719 729065960 1995132136 3553051693 3553046784
  67936   3544447703 153875167 1575068320 3544379808 3544447744
  37616   4066156481 1586771381 1309805514 4066194160 4066156544
  68133   2740882693 614795172 880447951 2740950821 2740882688
  79628   3060691853 1365386749 2191590454 3060612340 3060691968
  50182   3361204193 1650923915 1730414224 3361254406 3361204224
  74296   3430844359 1960077684 2252622026 3430770120 3430844416
  33592   2524361893 875694181 21442267 2524395576 2524361984
  47731   2706124921 2509961100 1399824029 2706077325 2706125056
  92967   3236248783 65297863 3102545820 3236341799 3236248832
  44200   3766288297 2805925761 790003327 3766244184 3766288384
  12498   4000371383 1549473680 3316269718 4000358958 4000371456
  102260   3390607949 1162847559 156379082 3390505868 3390608128
  30132   3463444067 1760467424 2716167132 3463474356 3463444224
  71738   3992178097 1704092958 2141910190 3992106438 3992178176
  15050   3588388961 3152884727 2845058313 3588404170 3588389120
  59232   2176853461 2152730462 1932066911 2176794272 2176853504
  120340   4223829451 791339124 3748736276 4223949844 4223829504
  81360   3843085793 3698480880 1950936438 3843004464 3843085824
  16136   2302903153 2158937968 293083933 2302919432 2302903296
  39938   3388542583 186209436 794393952 3388502782 3388542720
  3293   3613553219 3352906096 2151500977 3613550115 3613553408
  115280   4285482317 1185308942 1341375122 4285597776 4285482496
  657   3217214849 1189130366 2214296879 3217214319 3217214976
  6699   2832633581 2296620911 840602429 2832626901 2832633600
  48810   4047222863 1645127948 1178385399 4047174230 4047223040
  29001   3967333789 2737130 3177540229 3967304887 3967333888
  74248   2855226991 982893022 2147485618 2855301384 2855227136
  92665   3317289109 2039571145 1419092647 3317196551 3317289216
  17188   4074532837 2407615341 3733696796 4074515676 4074532864
  27080   2427773377 1320394080 187009311 2427800520 2427773440
  95908   4040281939 2039933432 2511573373 4040378020 4040282112
  74973   3688303699 2516016941 272150134 3688378845 3688303872
  95910   3286862077 2234291813 2129353440 3286957990 3286862080
  28170   3735359293 1145807732 864553849 3735387658 3735359488
  49280   2541674423 1504479132 398318520 2541723776 2541674496
  26180   2672957359 521548226 536984026 2672983620 2672957440
  4661   2810714173 2365071389 1767167578 2810709707 2810714368
  1735   2828532653 1527800524 2242572818 2828531001 2828532736
  1650   2203192183 1781871054 615604837 2203193970 2203192320
  30054   3907532927 3221445356 2795327850 3907503002 3907533056
  31103   3468855953 1499738599 2879901372 3468887167 3468856064
  59448   3414703141 1271396637 2269087727 3414762552 3414703104
  56495   3761830507 3181133497 652921160 3761774161 3761830656
  82382   4263021353 408774921 2036330421 4263103950 4263021568
  26094   2391678259 237642281 1031633232 2391652114 2391678208
  62759   2809230163 2072631667 2505402825 2809167577 2809230336
  2503   2998968311 2418142026 977064465 2998965817 2998968320
  35128   3574810433 13872798 3228170825 3574845752 3574810624
  51746   2584941701 1723661929 463758328 2584993570 2584941824
  39581   3649453849 3486272423 376532961 3649493405 3649453824
  38462   2766685567 2662823946 2036312759 2766647234 2766685696
  16488   2254282523 2026522209 1508131583 2254298984 2254282496
  39941   2217192167 274384607 873048164 2217152251 2217192192
  47001   2943681089 802239126 459836940 2943634279 2943681280
  27324   2817489251 2534335817 1715011353 2817516732 2817489408
  6600   2640413771 46896628 1029788916 2640420552 2640413952
  4412   3631059547 1617800023 2029494156 3631064124 3631059712
  75453   3115333547 2559689617 3038756317 3115409085 3115333632
  10864   2593230791 1031547240 1965298171 2593241712 2593230848
  8275   2839447427 269798303 894660264 2839455827 2839447552
  69726   2601327161 1124067246 77595152 2601257634 2601327360
  72488   2596224643 1403871497 422374690 2596297256 2596224768
  5899   3733318411 2366723074 13999035 3733312501 3733318400
  48662   2383696559 2170419309 418573047 2383745302 2383696640
  67480   2498315383 1217056796 768465750 2498383000 2498315520
  87656   3532597951 1014163260 3146857895 3532510360 3532598016
  41424   2560512869 2459506311 751389455 2560554448 2560513024
  18198   3714093451 2876071255 3406429182 3714075370 3714093568
  21032   3289022063 215789174 1720776924 3289001176 3289022208
  10135   2512774321 250298223 380611872 2512784535 2512774400
  92572   3689383001 3281248289 2942327819 3689290596 3689383168
  98075   3777491717 469919819 2206752220 3777393637 3777491712
  26916   3045298901 789340052 2958926913 3045272028 3045298944
  3256   3290899529 1098612169 1595565058 3290902968 3290899712
  59421   3169577899 1112974869 1554792889 3169518563 3169577984
  67328   2963079247 2754534727 2566879985 2963146752 2963079424
  9713   3773886059 3154443220 2475943382 3773895921 3773886208
  19015   3878333617 2621455036 453800321 3878352711 3878333696
  12272   2247954607 237514830 1754163310 2247942416 2247954688
  95891   2937229573 1008127153 2091268796 2937133677 2937229568
  49009   2584045417 170342018 2446530094 2584094577 2584045568
  4954   4045932127 3573897745 2610024540 4045927334 4045932288
  40385   3257559113 2308289243 33567235 3257599681 3257559296
  23814   3110651627 86986419 2941813846 3110627834 3110651648
  87225   3399758519 501607389 3147142764 3399845817 3399758592
  28753   3242987249 317234020 325396402 3243016017 3242987264
  32858   2633960179 2134067931 582667979 2633993050 2633960192
  18173   3911073443 1963407103 2500992564 3911091709 3911073536
  45144   3190069271 1376204989 2793976195 3190024104 3190069248
  38330   2404548763 73641894 1309776393 2404510534 2404548864
  89419   2902330157 2321709943 437061514 2902419531 2902330112
  39678   3942958049 153770344 1096813513 3942918402 3942958080
  29142   2310552353 1166113366 112360662 2310523178 2310552320
  71901   3718985561 1028284200 2000509850 3718913827 3718985728
  54328   2338684723 287553763 1405445559 2338739000 2338684672
  103992   3733371437 2136181559 2840208431 3733475640 3733371648
  18545   4103686619 1667587114 2239783985 4103668111 4103686656
  69730   3101606369 2679912147 1267249875 3101536670 3101606400
  1669   3124335287 1659596984 155342227 3124337029 3124335360
  83926   3640300273 1462409291 2677585125 3640216362 3640300288
  107225   4006014923 2588094785 3115803861 4006122201 4006014976
  499   3587963507 637274460 3023231836 3587964147 3587963648
  56544   3628692149 3100439691 845461548 3628635680 3628692224
  55174   3082133323 1126386131 305226114 3082188678 3082133504
  45805   2174406019 630208697 1906998750 2174451949 2174406144
  74513   2809071599 1257606655 2187666719 2809146129 2809071616
  72151   2768930071 843079585 2573250201 2769002199 2768930048
  129324   4266354773 1300557087 652598585 4266225620 4266354944
  21080   3256255117 2780740665 560226286 3256234152 3256255232
  35868   3508087579 947483347 153622033 3508123420 3508087552
  43171   2261211349 2099691977 216663939 2261168221 2261211392
  86452   2161733507 876856649 49439951 2161820084 2161733632
  25328   3109828219 2411699348 1683279533 3109853680 3109828352
  32662   3846563003 2812567905 2895933041 3846530410 3846563072
  35241   2965933249 1079308368 1247887703 2965898071 2965933312
  19650   2271840029 913483421 688131712 2271820350 2271840000
  39243   3936221483 118597446 1955851797 3936182453 3936221696
  60488   4243655557 4145641890 963411660 4243716168 4243655680
  52644   2650931461 1761271724 2259623080 2650984100 2650931456
  43136   2961231907 906869377 1192889370 2961188736 2961231872
  2861   2591313073 1076943535 1834193256 2591316013 2591313152
  28420   3538994677 2627785531 3035167631 3539023108 3538994688
  48142   2593345943 393079533 296794339 2593394190 2593346048
  23431   3090822341 852074126 1579953199 3090798969 3090822400
  82711   2287011413 1456613365 430943281 2286928873 2287011584
  36267   3253973237 2797044031 3039983006 3254009515 3253973248
  40162   4035850487 2144825797 1511254035 4035890658 4035850496
  115084   3604908781 1088307224 2043128565 3605023884 3604908800
  76705   3542494583 2654926595 2457338093 3542418015 3542494720
  29247   3973184441 3687432527 2009543415 3973213759 3973184512
  8022   3247556539 292088661 2540124756 3247548586 3247556608
  17633   3264645437 51360895 2401880755 3264663265 3264645632
  118496   3813914543 1794981439 2197610163 3814033120 3813914624
  42764   2148464099 1208263232 1548245114 2148421364 2148464128
  69364   3824446033 1920318183 3498888800 3824515572 3824446208
  11546   4147300987 2889316264 4126505873 4147289574 4147301120
  63094   3215439421 2595737711 2882490295 3215502710 3215439616
  22731   3613511173 2183048636 1000532039 3613488437 3613511168
  75881   3110893603 1387511983 955844283 3110817687 3110893568
  58545   2297190449 1729789938 1195463922 2297131855 2297190400
  21316   3553347727 2543543111 86852330 3553326524 3553347840
  11448   3431101787 2068912348 1745729526 3431113400 3431101952
  93450   2834091679 2260090904 2667308045 2833998326 2834091776
  108698   4194540391 543824901 3327170064 4194431846 4194540544
  36067   2955513241 89115535 956219503 2955549411 2955513344
  1714   2321065501 958730846 1170299823 2321063758 2321065472
  999   2360580997 800579339 419392666 2360580121 2360581120
  50508   4067997209 1518022992 3385153929 4067946676 4067997184
  52292   2461708489 28945467 1886546118 2461760836 2461708544
  5912   4229955497 4221065944 1258239002 4229949672 4229955584
  48302   2958918917 1046687202 738416346 2958967214 2958918912
  8949   2151725237 557344282 232350175 2151734261 2151725312
  11019   2841360083 215245183 1821556731 2841349109 2841360128
  22413   4202700209 3602252011 3841738310 4202722701 4202700288
  82216   3639911783 2808013126 718637607 3639829720 3639911936
  26024   3439736987 767990186 469150159 3439763112 3439737088
  27428   2181345953 136530401 286784955 2181318620 2181346048
  46683   2372400223 681257186 1171953002 2372447067 2372400384
  37619   3832212697 1069965356 42121610 3832175117 3832212736
  9184   3234973151 1871133445 1749096271 3234982368 3234973184
  20535   3112385873 368730934 461658541 3112406583 3112386048
  47476   2528010337 653814726 262751604 2527963020 2528010496
  9666   2223339451 2196528424 71625690 2223329854 2223339520
  37765   3491433199 839577727 2772617159 3491470981 3491433216
  62532   2590598809 551937186 1128238314 2590536380 2590598912
  56808   2168856049 73746866 1455990447 2168799256 2168856064
  3736   3002575327 2874691237 107632114 3002579096 3002575360
  9387   2646654293 2612038523 1595327221 2646663851 2646654464
  84194   3245034593 670564336 750687635 3244950558 3245034752
  38880   3936136943 754849774 432977529 3936175840 3936136960
  53208   2921079061 1974535317 2909904654 2921025832 2921079040
  20795   2655051349 369846738 820317204 2655072315 2655051520
  99462   3768833507 1133459007 2682099385 3768932998 3768833536
  40369   4167704747 3277986375 3668291636 4167745201 4167704832
  10160   2850185549 511617949 1567434180 2850195888 2850185728
  32296   4143208169 1719732960 1877441533 4143175896 4143208192
  68479   4042201549 806261349 3830569852 4042133121 4042201600
  58096   4270973639 3399470600 2133045720 4271031792 4270973696
  38640   4038727201 2909107344 1959461150 4038688528 4038727168
  42160   2246184293 558683177 1110603217 2246142288 2246184448
  75014   3664102847 1947936443 3060703493 3664027898 3664102912
  52303   3498420287 1514999944 40353018 3498368177 3498420480
  57628   2535778649 1248231157 1548035376 2535721188 2535778816
  16393   3264780791 242578387 3182205050 3264764407 3264780800
  82979   3112375993 1826021643 1959801532 3112293085 3112376064
  102221   3211047377 1952635893 1722387471 3211149645 3211047424
  112527   3509669321 388358247 2453218615 3509781903 3509669376
  48968   4288065619 2644626733 3722765708 4288114760 4288065792
  29002   2258805677 1137855709 1335575500 2258776758 2258805760
  9943   4039281637 1528508286 1389137050 4039271721 4039281664
  46888   3008015333 370675577 2829504282 3007968472 3008015360
  17222   2869013843 562970089 1210482099 2869031238 2869014016
  20214   3969385337 3053400928 476039581 3969365258 3969385472
  57085   3202954721 1353378958 2783908238 3202897667 3202954752
  29058   3309005543 2764939611 3047945171 3308976510 3309005568
  75024   3737658391 576330744 231571113 3737583344 3737658368
  13156   3559920337 2835283912 172052041 3559933540 3559920384
  60445   3843099427 2521337405 1950289836 3843159837 3843099392
  76004   3871124207 1552234445 1837631985 3871200228 3871124224
  35320   2532063379 2079271020 285422614 2532098808 2532063488
  3091   2696216767 1082136697 686003213 2696213741 2696216832
  10677   3976566019 2297909417 1495826665 3976555339 3976566016
  27638   3806409851 44921454 3512532241 3806382346 3806409984
  54360   3271771351 1657836542 948751281 3271825752 3271771392
  38624   3650140343 3245887036 55526747 3650101792 3650140416
  61944   2257522219 818825079 1105392093 2257584120 2257522176
  74849   3240421181 2105477659 2686886308 3240346527 3240421376
  108140   3743807429 1647363807 1588498967 3743699348 3743807488
  53144   3552657923 2715683564 820581999 3552604776 3552657920
  35076   2869166851 2123823588 97052928 2869201924 2869166848
  51967   3714450469 2677007174 3712819602 3714502399 3714450432
  65548   2787537773 1983140267 1751012676 2787603468 2787537920
  44350   3526021073 3041257600 2559750498 3525976770 3526021120
  85520   2267892929 1721443432 1231987775 2267807472 2267892992
  31728   3723905543 2176375123 2168739958 3723873808 3723905536
  97074   4088025553 4072170180 3760940492 4087928526 4088025600
  95072   2814518071 392845163 2011329282 2814423200 2814518272
  3582   2891802181 2388695864 2057516233 2891805950 2891802368
  20067   3406487797 1086749079 2110183694 3406467741 3406487808
  11536   2154939649 598358612 198523490 2154928112 2154939648
  77740   3359132473 116337473 53591079 3359054932 3359132672
  36524   3245799901 2390950104 2062200375 3245836460 3245799936
  84303   3575927503 1628849585 1579209735 3576011855 3575927552
  79014   3255684749 669582033 3008574430 3255605850 3255684864
  2128   2725448153 2414565799 2234315818 2725450320 2725448192
  8412   2874968819 1955626786 1459061266 2874977244 2874968832
  70775   2183400607 870985114 1761858077 2183329929 2183400704
  39128   2369196919 2240094008 84207729 2369236184 2369197056
  61829   2191088363 1350256983 1995494722 2191026555 2191088384
  67720   3936287473 2854677344 89742601 3936219768 3936287488
  21024   3743303581 1984166789 3127182200 3743282656 3743303680
  34448   3585260197 1063336389 2592561005 3585294736 3585260288
  37796   2710394959 1014852023 2377164218 2710432932 2710395136
  9156   3416281067 514940554 1765838977 3416290244 3416281088
  42649   3508936111 848069647 772767758 3508893543 3508936192
  78570   4131630407 2357839643 2676929542 4131552022 4131630592
  15240   2329516547 1191786955 437281319 2329501304 2329516544
  78056   3270279097 2898082323 648722464 3270357224 3270279168
  51394   4230988967 2156146626 2409892625 4231040450 4230989056
  66806   3163768511 2008085622 1453781696 3163835382 3163768576
  86700   3482571221 2463439886 1935440293 3482657964 3482571264
  64026   3972768857 140651942 420408692 3972833050 3972769024
  1877   3888375221 1148036847 2708655505 3888377173 3888375296
  77921   3899739499 3814330057 2838617839 3899661727 3899739648
  409   3598612111 2344168698 3382039593 3598611815 3598612224
  47204   3337088861 1040075311 3049201212 3337136228 3337089024
  28972   4050950023 1959862558 1633039100 4050979116 4050950144
  101869   3774744713 747437235 2118807420 3774642963 3774744832
  87740   3209471981 2511664625 1626507129 3209384260 3209472000
  77532   3751604491 920921561 2349208886 3751526948 3751604480
  23944   3491378713 3031642060 1855473990 3491402632 3491378688
  47993   4061294291 2076141941 3192739506 4061342329 4061294336
  103576   3936527821 2400221290 203200640 3936631448 3936527872
  78310   2494978139 1899609683 1569140220 2495056614 2494978304
  34569   2410693847 657107042 1051403511 2410659319 2410693888
  32584   2356509431 1473666062 850321145 2356542024 2356509440
  50841   3654270967 377550428 3081693113 3654220135 3654270976
  44181   3176167993 2363491219 279281208 3176212373 3176168192
  72415   4212886129 2763643812 43427015 4212958687 4212886272
  79836   2673727379 523816986 2661504451 2673647652 2673727488
  14594   3853914439 2605412916 1009628579 3853929218 3853914624
  81960   2209401487 379182190 1139687671 2209483560 2209401600
  80168   3412951343 377939181 3167983749 3413031720 3412951552
  4347   3792995981 3134937544 2693858587 3792991749 3792996096
  16208   3237227471 2354070631 131543392 3237211312 3237227520
  47544   3686895067 3609364376 2810837011 3686942648 3686895104
  16662   2239688653 478866859 1646157165 2239705366 2239688704
  114519   3885829193 3553250685 899709517 3885943895 3885829376
  23849   2506880329 1834282136 613648875 2506904361 2506880512
  30486   2214227083 1140371828 767619865 2214257686 2214227200
  44191   3896339273 2484567436 2588287522 3896295265 3896339456
  83582   2179560323 1905521398 1857468133 2179644030 2179560448
  8304   2584848349 1433164511 552562313 2584840080 2584848384
  62278   4041919801 1148652989 275345490 4041857722 4041920000
  18699   2361708131 1782479451 668336787 2361726987 2361708288
  56000   3602845901 2372460170 1749377082 3602901952 3602845952
  44396   2296716661 1244205241 156050605 2296761196 2296716800
  29381   3104065463 2179970433 1389958688 3104036155 3104065536
  34025   3947105317 1863546787 2901124050 3947071255 3947105280
  41038   3867218959 3805155501 2387318163 3867177906 3867218944
  5410   3654417197 192213236 2748087956 3654422818 3654417408
  88702   2655155821 821357686 736308720 2655244670 2655155968
  105948   3113255633 1969132187 843332940 3113361628 3113255680
  24895   2454675007 1673226551 1982613462 2454700095 2454675200
  38476   4016280683 2362954366 1536114797 4016319308 4016280832
  28673   2949988183 92587959 1939256142 2949959679 2949988352
  64148   3932575951 2478753088 474783672 3932511852 3932576000
  110380   3802270831 568097686 1298871458 3802160596 3802270976
  56380   3964751821 3549876695 2402146919 3964695492 3964751872
  94553   3776871541 220364036 1478183548 3776966233 3776871680
  35789   4223718623 3974410140 4086112971 4223682867 4223718656
  72072   2719404763 1135881241 1959188030 2719332728 2719404800
  46280   3200114837 810865363 1598542796 3200068664 3200114944
  49890   3755420563 290681134 29961556 3755370782 3755420672
  22940   2213747099 564106239 172724844 2213724260 2213747200
  48838   3457725781 826956335 2980486043 3457677114 3457725952
  46260   2679782291 1750964201 1226042139 2679828660 2679782400
  50923   3989705677 109085166 3605632797 3989756651 3989705728
  49871   3754404361 1089514300 984542933 3754354481 3754404352
  65646   2818905757 759440217 2020148741 2818840210 2818905856
  62360   3557926763 1626671597 1672472592 3557864552 3557926912
  19920   3632190083 1182617823 3548344694 3632170288 3632190208
  6232   3522258343 3222921640 2023144072 3522252200 3522258432
  11947   2543048527 508191210 349895521 2543036757 2543048704
  46740   2657862941 1870444508 2482536335 2657816172 2657862912
  30432   3386191513 2612670416 3299544919 3386161184 3386191616
  44561   3430396507 277571582 1506683722 3430352111 3430396672
  25881   2463372869 2082711109 2241576421 2463347175 2463373056
  51622   3674871803 2430488849 2187467539 3674820186 3674871808
  33494   2798512751 2124700291 2629891439 2798546390 2798512896
  14895   2639245069 1927720411 2293936231 2639230161 2639245056
  68010   3808695707 2602008994 2215450650 3808627798 3808695808
  78540   4173778039 4084218704 1932953558 4173699636 4173778176
  12497   3856749307 1202880714 3096643404 3856736815 3856749312
  76426   3571253857 667081320 3082137684 3571177590 3571254016
  65114   4053173933 3189166308 510205141 4053239130 4053174016
  3448   3222897527 2507300856 1812652837 3222894216 3222897664
  66007   3220574501 1219894209 2258636810 3220508457 3220574464
  60576   4016823571 929019141 1967969441 4016762976 4016823552
  66623   3993703741 3178220241 2160830563 3993637313 3993703936
  56931   3314654771 1277215613 1805825383 3314711907 3314654976
  30011   2195705177 1940708309 158987850 2195735355 2195705344
  35546   2596565497 1759131617 1226264414 2596601050 2596565504
  39607   3312305981 2456317339 2958935909 3312266569 3312306176
  26646   3450481901 645894373 1467494529 3450455274 3450481920
  2644   3977531171 3296416629 63152085 3977528492 3977531136
  29061   2827280857 1353037347 2599346402 2827251835 2827280896
  52090   2754926183 2111572540 2652581752 2754874246 2754926336
  92270   2402032429 881427123 98834689 2402124654 2402032384
  71984   3706233931 552367794 2117641504 3706306096 3706234112
  94616   3107167067 1753666966 1055623420 3107072616 3107167232
  13863   3707212969 2632712956 907129510 3707199193 3707213056
  44206   3116760259 2513874112 296187606 3116716114 3116760320
  41732   2987756287 2376185366 1551288865 2987798020 2987756288
  41603   3858527741 258928569 1308478007 3858569347 3858527744
  8374   3117982199 961597330 2448403208 3117973834 3117982208
  4869   2390655823 509175512 1817501423 2390651131 2390656000
  12732   2316181859 424917917 1961412172 2316194748 2316182016
  13249   2710979399 847276771 1646294684 2710966335 2710979584
  72318   3669537689 2455774609 2354120182 3669465474 3669537792
  46283   3584060219 3140004506 2464107836 3584106699 3584060416
  7594   3272278769 530896997 2263174837 3272286378 3272278784
  21829   3355402627 454748289 1512793148 3355424581 3355402752
  17879   2895541333 129858295 793628767 2895559383 2895541504
  37970   4136086501 2792389507 3304303301 4136048558 4136086528
  84942   2772691877 454740899 1284879572 2772607026 2772691968
  8185   2275540577 885681437 770834910 2275548921 2275540736
  44736   3746680121 1391612155 171685493 3746635584 3746680320
  45053   2738166973 1359416833 1689770938 2738121987 2738167040
  32344   3888711527 2950787871 1274733796 3888679336 3888711680
  108983   3846960251 1096568658 2156184151 3847069367 3846960384
  16492   2664396181 575763633 1485871447 2664412780 2664396288
  71696   3830075693 1135512405 2537532229 3830004208 3830075904
  71769   2190631979 101631550 2075618425 2190703705 2190631936
  22502   2213056063 2037686111 2204263549 2213078758 2213056256
  23435   3100627207 2982524973 774884739 3100650635 3100627200
  65308   4242300019 2725983820 1876099230 4242234852 4242300160
  11993   3403340987 2618956432 2859675395 3403329063 3403341056
  6632   2804184443 757674483 1912951635 2804191208 2804184576
  106020   4118797873 2504071071 3696017020 4118904100 4118798080
  42509   2636021029 631712611 1687685337 2635978483 2636020992
  48040   2652502781 1032954488 2339352461 2652550824 2652502784
  3448   2280002371 314866100 1779968666 2280006008 2280002560
  81991   2860379777 1360589560 2107379271 2860461895 2860379904
  18326   3746856353 116594862 1822521081 3746874774 3746856448
  69790   3731595121 1027202150 384852960 3731665054 3731595264
  40392   2421635467 1351052736 1779587497 2421675976 2421635584
  40824   3259897463 1049748923 3038383947 3259856776 3259897600
  2228   4095096193 255319369 3568718177 4095098548 4095096320
  84996   4122619937 1351794774 689626571 4122704900 4122619904
  90024   3843622669 489698843 1775125010 3843712680 3843622656
  12355   3964102763 2272768858 1149313600 3964115267 3964102912
  70917   2634659227 1511149795 2236699663 2634730245 2634659328
  18120   4201681091 498048129 1543951605 4201699272 4201681152
  81123   4251635431 3174289962 544664836 4251716579 4251635456
  59582   3267330961 2838677397 926349960 3267390654 3267331072
  35314   3469525747 1827908370 1975930854 3469561074 3469525760
  57435   3679696789 242591911 2366463315 3679754331 3679696896
  12328   2279320151 1170717506 1667930364 2279307992 2279320320
  103005   3570670009 2658753953 2216426801 3570773085 3570670080
  15450   2534579693 665063330 954543758 2534564262 2534579712
  22796   3319637831 3063413343 1772317651 3319660812 3319638016
  76176   4124047043 2195565293 1985294011 4123970928 4124047104
  60789   2564485333 300049785 2214743092 2564546165 2564485376
  27966   2311581313 307756135 1975367988 2311553474 2311581440
  110028   3604202431 185814073 1268957679 3604312524 3604202496
  65844   2669252743 1394934843 578015242 2669187020 2669252864
  51236   3683847493 1922023353 132004168 3683796444 3683847680
  96972   2730099583 2145279250 576169756 2730196684 2730099712
  19506   3487537189 2316816526 324205393 3487556658 3487537152
  73692   2246417627 330408053 1140004485 2246343972 2246417664
  41144   3472604563 658109918 2797556350 3472563528 3472604672
  69515   2243485303 97261298 1080026744 2243415925 2243485440
  2059   3296100593 684878800 145588718 3296102667 3296100608
  24146   2368181747 1800354759 778848966 2368157614 2368181760
  19878   3267796069 2222641766 156392448 3267776346 3267796224
  70048   3893718701 232561467 2187183126 3893788832 3893718784
  46888   3753627463 2121102261 317011252 3753674536 3753627648
  13510   3697342939 2724821483 3277015583 3697356486 3697342976
  15395   2900372767 1136164130 2550763103 2900357341 2900372736
  70456   3050060467 1612064792 56902564 3049990088 3050060544
  58858   3212240819 2506108045 1801441555 3212299754 3212240896
  7424   3007942853 2429971138 474098333 3007950336 3007942912
  8867   2415456427 2150927052 1193009810 2415465379 2415456512
  87680   2538729679 2126558131 1160594749 2538642048 2538729728
  81201   3077995799 1549692610 2655697727 3077914575 3077995776
  27969   3107655413 3070737944 681420474 3107683393 3107655424
  70123   3404185957 906330301 1034026305 3404115989 3404186112
  34908   2545512043 2271993128 1642556521 2545547100 2545512192
  38856   2716427251 2080144367 517189811 2716466120 2716427264
  55859   2469835217 628424173 1717170659 2469779405 2469835264
  1108   4128027199 898837329 3339765534 4128028500 4128027392
  44680   3956188651 2214787298 656557622 3956233352 3956188672
  82193   2446333777 2434604271 537216078 2446251759 2446333952
  78588   3432732731 1639194549 3045950507 3432654340 3432732928
  19696   3876701581 625094357 110343835 3876682000 3876701696
  40452   3196382779 2051192926 1790593181 3196342524 3196382976
  33483   3542890781 1518764597 1275720566 3542924235 3542890752
  95370   4078513213 4034044169 3364405645 4078418038 4078513408
  57379   2214758641 301518726 1293954047 2214701277 2214758656
  70542   2234911057 1006619309 1778112110 2234840690 2234911232
  51580   3995989069 2821928213 3416780837 3996040828 3995989248
  87984   4240372597 823492643 2373357688 4240460720 4240372736
  28124   3417942953 383189108 3283100661 3417971164 3417943040
  47382   4133416933 1564521699 2722449940 4133464342 4133416960
  36837   2940454697 80528749 95900401 2940491493 2940454656
  24037   2523433279 2454390807 1908706451 2523457509 2523433472
  102805   3829586029 3099745843 1877132722 3829483371 3829586176
  45065   2901565987 1890440230 2616752028 2901520887 2901565952
  5897   2323558043 1197641949 603153950 2323552247 2323558144
  15374   2776448377 529659349 1574368284 2776463886 2776448512
  60516   4042216547 420923961 1316525381 4042156188 4042216704
  25637   3127858549 2532641656 690097828 3127884325 3127858688
  13641   3751319491 601427991 1153805776 3751305911 3751319552
  30965   2281192759 1634531851 1473386595 2281223669 2281192704
  86390   3658752173 1736125507 127708899 3658838646 3658752256
  113137   3567451007 648951126 3187893231 3567564273 3567451136
  68964   3892432861 3860027138 2287559230 3892363932 3892432896
  31399   3791812823 3109180263 618861879 3791844263 3791812864
  71195   2308942849 172853957 1916789904 2309014043 2308942848
  33308   3073929731 2848309385 2917181071 3073896420 3073929728
  91439   2860562071 387631799 2167964236 2860653615 2860562176
  41540   3060324503 1747890042 1397164460 3060283068 3060324608
  45151   3914453783 914185813 3178160583 3914498911 3914453760
  32944   2370152791 139683109 739866798 2370120016 2370152960
  4507   2629201411 2445861189 349935706 2629196901 2629201408
  21981   3778937809 3483008057 2272359558 3778959837 3778937856
  60591   3409843903 1511430850 1957975950 3409783377 3409843968
  44664   4087428347 252128276 843757775 4087383688 4087428352
  70248   4271734253 544851836 723750775 4271664024 4271734272
  56363   3380692111 1399933797 3072057991 3380748587 3380692224
  42652   3618784703 1802664209 1303117572 3618742116 3618784768
  44469   4243262069 2188458004 3977789677 4243306677 4243262208
  10406   3699092743 1378030030 3532984097 3699082330 3699092736
  36250   2369524273 422807442 658525192 2369487974 2369524224
  74900   3075327971 2894260116 2414640630 3075402900 3075328000
  3083   4253793079 768052157 559675716 4253790197 4253793280
  17832   3833981339 2196863939 1494233199 3833999272 3833981440
  68257   3893663099 2939105417 2576395443 3893594975 3893663232
  37792   3974153311 1791445918 1227784586 3974191264 3974153472
  49012   2863393877 1297927625 2671570277 2863345036 2863394048
  54298   2855377333 484229958 2506548673 2855323110 2855377408
  71124   3887242127 1663641219 2768332925 3887171116 3887242240
  7939   3006810223 2667029672 839641890 3006818307 3006810368
  14517   3196996687 1644037266 2472799985 3196982347 3196996864
  30752   4020435953 3704024228 1370106961 4020466720 4020435968
  69114   3084879859 2779535576 1838989847 3084948986 3084879872
  52074   2879913779 287819306 2213429566 2879861654 2879913728
  12022   2249669707 1327319736 700908810 2249657866 2249669888
  52849   3210703931 991116845 1950471007 3210651279 3210704128
  25776   2659644503 2531409362 2631881661 2659670448 2659644672
  23816   4195579043 1157468026 1684122898 4195555320 4195579136
  63226   4196734907 204444237 316081199 4196798202 4196734976
  20170   2233283321 1763619457 1394651721 2233303498 2233283328
  46286   2338959421 2039947269 30053928 2338913330 2338959616
  23932   2257257917 1084558252 2186766410 2257234052 2257257984
  31655   3501844183 2934901980 1178583607 3501875879 3501844224
  27708   3083387123 1340400655 188295037 3083359428 3083387136
  18712   2357367059 194763530 2352467727 2357348328 2357367040
  33050   4081268227 776613888 3651550171 4081301274 4081268224
  19872   3928261709 107249354 2150626560 3928242016 3928261888
  33639   2371016009 382667951 2175249577 2371049831 2371016192
  46942   2558156269 83380366 1092288547 2558109346 2558156288
  94313   2594734301 1255369566 866494453 2594828649 2594734336
  51906   2292522697 901619297 1798809820 2292574658 2292522752
  76024   4140493549 755500809 2167714000 4140569592 4140493568
  605   3529732909 3402954237 1450512859 3529733725 3529733120
  27341   3624565081 2737117225 3070896877 3624592589 3624565248
  58304   3874040689 3791505051 1735536633 3873982528 3874040832
  33641   3802273793 1491736865 2167582185 3802307433 3802273792
  77884   2165894893 1425068412 1448972772 2165972796 2165894912
  22419   2555745691 271910450 47498698 2555768211 2555745792
  30953   4155649549 473999655 3270052507 4155618583 4155649536
  24173   2650380203 2092128102 1604830132 2650404461 2650380288
  23522   2687591551 1766398641 462750737 2687615202 2687591680
  49594   4266669493 834085003 2360366304 4266619974 4266669568
  6951   3090596759 2637624769 2902323983 3090603815 3090596864
  3189   2777381947 2580451707 1411746110 2777378955 2777382144
  116616   3750935113 1549351892 798939249 3750818680 3750935296
  1352   3760008773 3181534121 2252273578 3760007608 3760008960
  42958   3102766391 728759677 2857958984 3102809550 3102766592
  35267   4108623283 2472730149 563578359 4108588093 4108623360
  38228   3497158319 1373539475 3401906587 3497120172 3497158400
  44448   2866431731 51675975 1026319846 2866387296 2866431744
  17284   3571157089 1530384049 2149091682 3571139964 3571157248
  91180   3463899469 2796965802 358549186 3463990828 3463899648
  80222   2861990557 60173215 2369969617 2862070878 2861990656
  75326   2167496813 1243762885 484344716 2167421634 2167496960
  56382   3742639279 391729287 1435485611 3742695742 3742639360
  90840   3030456697 794017995 2747501524 3030547672 3030456832
  56564   2763473123 758462527 520700170 2763529716 2763473152
  68511   4282165883 4173961455 4004226821 4282097505 4282166016
  771   2565489137 201049306 2418435169 2565488381 2565489152
  21314   3401305847 1017016104 753457658 3401284542 3401305856
  52008   3013494397 1070735399 2188246485 3013442520 3013494528
  87044   3397237271 2175441929 3271386954 3397150204 3397237248
  43483   3205198907 385200921 2220841362 3205242587 3205199104
  66100   3229153693 259091195 113906030 3229087692 3229153792
  116098   4011755087 1557932370 256675556 4011871362 4011755264
  28710   3706255219 2982615817 1341721281 3706284070 3706255360
  92916   3503266747 1970607564 3396864961 3503359732 3503266816
  34860   2690448931 1694353692 1307475054 2690483756 2690448896
  42041   2399071069 367611082 118275659 2399029191 2399071232
  52489   2336358751 816826281 937581245 2336411401 2336358912
  48204   3128128649 2347943320 244596881 3128080564 3128128768
  75422   3674356547 483566869 2682920308 3674281314 3674356736
  29759   3900445607 839657225 1791541377 3900475455 3900445696
  30472   2929767847 618054913 1011364620 2929737464 2929767936
  46246   3468713233 1567513473 748920628 3468666970 3468713216
  33648   2721043421 690439171 1926021008 2721077104 2721043456
  80568   3207782959 1554975900 1902088983 3207702344 3207782912
  2516   3604411141 2093965353 2764245178 3604408620 3604411136
  14495   3869914723 1650630685 2459923934 3869900385 3869914880
  76641   3151776109 1065456554 3131256812 3151852897 3151776256
  37580   2646197707 2032782314 1096235946 2646235340 2646197760
  104413   3452059907 3042906938 2672189655 3451955491 3452059904
  31128   2703626659 1811987074 1897921339 2703595624 2703626752
  51283   3054083243 1546544947 2636135724 3054032045 3054083328
  77966   3255612161 1272105761 2169779380 3255690126 3255612160
  18506   2294557159 1031508815 1176292430 2294575690 2294557184
  70760   3909147701 2923701714 2347963286 3909218664 3909147904
  50434   2253102223 488884594 498465391 2253152770 2253102336
  87584   2616402643 2579745419 1477334273 2616315104 2616402688
  24040   3124416083 1362748317 929630225 3124440296 3124416256
  1298   2919392699 2504716847 2850904509 2919391470 2919392768
  19353   4072146781 1299680802 939627278 4072127591 4072146944
  90947   3237327707 1021513403 248473641 3237418819 3237327872
  29729   3327579713 3202945905 2075323331 3327609633 3327579904
  21079   3703797883 3300834188 1460186570 3703819095 3703798016
  81296   2456427403 304723575 1891825779 2456508816 2456427520
  184   3697405759 2391005986 722961271 3697406136 3697405952
  55312   4155284843 2660711921 3015536233 4155340304 4155284992
  19271   2530653331 777974067 1625311230 2530634169 2530653440
  111342   3870244319 3660044219 3157501787 3870355694 3870244352
  25164   2218556183 1627930670 2066408373 2218530996 2218556160
  84914   3544536889 3392200530 1813339078 3544452174 3544537088
  38924   3552709883 144986242 138402474 3552748812 3552709888
  98568   3017441533 196590698 1190519293 3017342968 3017441536
  3032   2239436887 2178936679 259533386 2239434024 2239437056
  39013   3417373517 2832379880 3364264831 3417334683 3417373696
  98509   4082454863 411451093 3938104222 4082356531 4082455040
  93939   3460326427 3170120633 667486241 3460232461 3460326400
  55742   2558022391 758740903 639265977 2558078142 2558022400
  11074   3413817829 1750319158 2335760248 3413828930 3413817856
  33640   3193568669 579902580 1084773619 3193602408 3193568768
  11076   3439922243 2994209742 2182601463 3439911356 3439922432
  41504   4077708493 259686765 1636212567 4077667040 4077708544
  76855   2872435823 2460537294 169855478 2872512823 2872435968
  60854   4272677323 2331653085 1455813844 4272738230 4272677376
  35701   2896626197 1338081613 2145761909 2896590475 2896626176
  85394   2329304137 621441689 1594485119 2329218926 2329304320
  62424   3641696147 623738118 3609192210 3641633832 3641696256
  43262   2328560167 222610743 1707594424 2328603390 2328560128
  64312   4294737151 4271014098 1697448875 4294801464 4294737152
  68640   3703109801 2228254624 2538054843 3703041248 3703109888
  52202   2485079767 1135122417 890496270 2485027606 2485079808
  26846   4065931537 2677763313 2639650150 4065958366 4065931520
  5862   4074008459 2074207311 1734659909 4074014438 4074008576
  1992   2303027627 1448291085 1361413499 2303025720 2303027712
  25020   3465074027 1127320824 1557132123 3465049156 3465074176
  103088   3667151041 2283185962 1326169074 3667254192 3667151104
  11808   2879367523 2408420494 1502547220 2879379488 2879367680
  5364   3346309327 701229371 1237746982 3346304012 3346309376
  6632   2919318313 1820029772 55243091 2919324904 2919318272
  20400   2901973937 2181107021 66223706 2901994416 2901974016
  56381   3417787159 1200694469 1262193608 3417730755 3417787136
  87470   2956057081 2048987151 2423116482 2955969618 2956057088
  42010   3914486857 289063424 1777155173 3914445030 3914487040
  64170   3086028599 1186093601 816800352 3085964630 3086028800
  21423   3448037849 2501313687 370437299 3448016465 3448037888
  3460   3880509313 1772038495 2215430062 3880505980 3880509440
  95716   2949608369 2381205190 1474092337 2949704164 2949608448
  26198   3888748907 3186000695 2065896561 3888775254 3888749056
  32472   3026158843 1158731119 569283875 3026126376 3026158848
  3664   4241719663 2055141814 117402420 4241723472 4241719808
  62183   3036177337 1573957865 3010323367 3036239591 3036177408
  32261   3025511407 526058845 1730069136 3025479163 3025511424
  10372   2931881413 2898580534 2759330357 2931871100 2931881472
  51438   4208705213 2503912293 3327947454 4208756718 4208705280
  19696   2536647937 1515565804 1354588987 2536667632 2536647936
  54505   2684086151 491795882 666615558 2684140777 2684086272
  15850   4197236773 3128750797 153701973 4197252842 4197236992
  25498   2820353561 1977321101 962055880 2820328038 2820353536
  15238   4051327799 3713331649 3833214289 4051343238 4051328000
  55756   4292988853 2025764228 808234057 4293044684 4292988928
  27432   2158783589 1190309854 117606812 2158811176 2158783744
  12517   2183385401 2166136234 376093988 2183397861 2183385344
  18140   2254593241 1868844161 1096759713 2254575140 2254593280
  17700   3123362549 2290990154 907456375 3123380260 3123362560
  55160   2739890947 510641981 1056428959 2739946104 2739890944
  65348   2554791821 495215673 1641054323 2554857284 2554791936
  55829   3642543577 146784777 1322510085 3642599445 3642543616
  28005   4281152893 3031132315 3503521568 4281181029 4281153024
  83847   3290467931 2529023564 1571201549 3290384249 3290468096
  22094   3698041447 2485501945 2029671040 3698019506 3698041600
  92018   2851606327 392317733 1338865276 2851514510 2851606528
  3908   3729041689 457470114 2405553033 3729037756 3729041664
  26243   3368412059 2260593276 1901294071 3368385917 3368412160
  71776   3006634991 2589286146 2404850101 3006563232 3006635008
  32771   2511821569 406594524 2050643204 2511788797 2511821568
  15756   3986367017 1580370060 1989791651 3986351476 3986367232
  28908   4013174171 1740843136 1019060858 4013203180 4013174272
  14457   2538510311 1191910031 2325276416 2538495879 2538510336
  29662   3021246407 2100933843 347929847 3021216802 3021246464
  75860   3309140077 95314842 2368322804 3309216084 3309140224
  84749   2326240277 422060777 672240116 2326325005 2326240256
  41716   2869409629 2269955550 692979349 2869368076 2869409792
  30406   4224725041 1064680237 3042626870 4224694842 4224725248
  277   2175744647 1772671898 784025711 2175744491 2175744768
  45464   2614321037 1778563261 780140193 2614275688 2614321152
  51035   4150452517 2842714568 1624986074 4150503771 4150452736
  92492   3798886457 3535467767 2627771759 3798794164 3798886656
  92420   4001914061 658594584 2704221447 4001821692 4001914112
  73496   2557200449 482305732 501103641 2557127144 2557200640
  22548   3206279533 1611405266 1186427657 3206302228 3206279680
  55929   2418978619 1964001019 1670572978 2419034745 2418978816
  8172   2265084553 2036973826 1338010110 2265076500 2265084672
  49103   3252179003 842894179 3234497809 3252228303 3252179200
  18500   3036996601 874022715 1720055693 3036978108 3036996608
  78090   2939783359 455863991 2193598519 2939861514 2939783424
  44616   3545277097 2979914534 1108333891 3545321800 3545277184
  29260   3712075909 2574550328 2045179360 3712105292 3712076032
  14267   3067639537 1653348148 1822885181 3067653819 3067639552
  27826   2875111517 371433958 1692128803 2875083854 2875111680
  77072   2228261779 1514601470 1566780535 2228184816 2228261888
  33076   2177898757 607664669 1254127202 2177931828 2177898752
  63713   4185136873 655152811 233350114 4185073183 4185136896
  74932   4110572821 3914672053 2976565783 4110497868 4110572800
  42088   3806670053 660116483 426522907 3806712168 3806670080
  49906   4036277519 1005543565 1808865731 4036327410 4036277504
  15905   3020951917 886172488 822833919 3020967969 3020952064
  46711   3574173593 2189450521 2639906547 3574126985 3574173696
  103084   3578694601 1500967820 162408351 3578797740 3578694656
  74223   2993680073 2539540433 2229044125 2993605905 2993680128
  67194   2918984771 2639836667 194927324 2919052154 2918984960
  15510   3086012123 2277967156 2459292784 3086027670 3086012160
  31157   3619804891 1288497313 2304466145 3619836085 3619804928
  68030   3498058147 2887633152 3003080310 3497990210 3498058240
  44640   2216141689 47694437 313432479 2216097184 2216141824
  16242   3117152539 3106864133 2062109778 3117168754 3117152512
  26150   3492158731 2577595586 1683659430 3492132570 3492158720
  88726   2212521407 1084328083 636851096 2212432746 2212521472
  95761   2750567899 646987030 841495551 2750472175 2750567936
  51428   3125651891 1308877806 2119658609 3125600540 3125651968
  2191   2279954843 1378245096 2075514977 2279952753 2279954944
  11676   2511873823 493438583 1935955654 2511885468 2511873792
  20133   2227913489 418972149 434786525 2227933605 2227913472
  99904   3256704151 2732489631 1170261292 3256604352 3256704256
  29070   3622569877 2398372136 2159202123 3622599054 3622569984
  5472   2476790683 2079372226 200636108 2476796256 2476790784
  33532   3712819111 2933280200 149098581 3712852732 3712819200
  35183   3979689083 2098788131 3157419888 3979654033 3979689216
  39885   2487757829 2193833638 1667811318 2487797709 2487757824
  48407   4183052591 1989489331 3930710249 4183004393 4183052800
  55104   2656431251 1448224945 160670767 2656376256 2656431360
  46094   2554658479 246191209 1455720704 2554704654 2554658560
  106466   4078948693 472949555 678451183 4079055330 4078948864
  61944   2789042791 2466129798 1314224821 2788981000 2789042944
  86678   2262374041 1102548841 2102778056 2262460822 2262374144
  94259   3449419189 153631154 3372721834 3449513523 3449419264
  27862   3370962977 2964672352 462329385 3370990806 3370962944
  30166   4220183299 3225985601 2523633124 4220153130 4220183296
  26320   3007665851 1372289431 2588951282 3007639600 3007665920
  56748   3740413877 2646269539 1954966214 3740357204 3740413952
  75536   3017449651 890311822 1458342716 3017374192 3017449728
  83568   2996975017 810993957 2852510965 2996891536 2996975104
  21165   3015395431 188211913 1773833574 3015416749 3015395584
  99310   4071314713 3283694222 1465624751 4071413998 4071314688
  6900   3971877491 1964371966 2148730892 3971870732 3971877632
  16585   3113042407 1638931531 1437481762 3113025847 3113042432
  68559   2152029787 142183816 1315582449 2152098511 2152029952
  97682   3171100769 2709399181 1164509506 3171198610 3171100928
  73316   2701534061 284083683 2340636355 2701460892 2701534208
  6197   3685686863 3076313437 1161942515 3685680843 3685687040
  61799   3201923861 803300410 1676532814 3201985639 3201923840
  65896   3431148757 717937708 1268629063 3431214696 3431148800
  75241   2152577369 1480182075 1960339199 2152502295 2152577536
  103706   4152340441 2836901311 2339560611 4152236774 4152340480
  79680   2671490911 874771805 286044339 2671411392 2671491072
  33436   2534650571 974024153 1267532712 2534684060 2534650624
  57144   3693223141 936030466 1974333996 3693166024 3693223168
  42857   2568439801 2087642616 1062660601 2568396951 2568439808
  92761   4127944663 2859602201 1227746334 4127851943 4127944704
  6871   2510741843 2356672544 206476492 2510748887 2510742016
  38775   4293426377 2158324749 1499698314 4293387657 4293426432
  37150   2874584599 2022725520 835072281 2874547426 2874584576
  5026   3589641697 1619305241 1235257698 3589636702 3589641728
  12048   3021250643 2815809418 2118167304 3021238768 3021250816
  71085   2299415029 392239785 9267914 2299486125 2299415040
  19969   3982175101 290772107 2196143295 3982155263 3982175232
  108802   4056738743 2328183480 3964024108 4056630014 4056738816
  85564   3327004507 844272627 484087907 3327090236 3327004672
  31836   2398451633 641757785 990423658 2398483548 2398451712
  29352   2712242411 1793231461 1569741818 2712213080 2712242432
  95785   3847882127 3359389663 2999584480 3847786455 3847882240
  45272   3592966739 3154691489 1544764311 3592921640 3592966912
  57050   2751034837 570993710 1971684563 2751091930 2751034880
  78851   4269998143 1911886666 2029201512 4269919485 4269998336
  45553   3030523571 3002995789 413704242 3030569201 3030523648
  984   4127218429 1597026211 2226223364 4127219416 4127218432
  82715   3077561159 2280824411 2130524854 3077644059 3077561344
  5278   3516712217 2547983823 1524134943 3516717470 3516712192
  74328   2555531197 1822390348 1415340822 2555456936 2555531264
  22750   3472653973 2175279361 402915108 3472631330 3472654080
  3641   3932557949 315801795 953131210 3932561721 3932558080
  62091   3484188497 27713416 1715788831 3484126581 3484188672
  59620   3053432489 1588215858 2229332505 3053372956 3053432576
  10838   2247267947 1035335260 822202587 2247278934 2247268096
  69899   4235104493 2590644551 3959017037 4235034613 4235104512
  33496   2522447791 1699005284 749782896 2522481368 2522447872
  54346   2184040189 1463331716 733187409 2183985846 2184040192
  53040   3295392019 2571462766 2048897763 3295445040 3295392000
  15640   4155339961 2366301666 1120182030 4155355672 4155340032
  30258   2740000841 793089819 648329421 2739970766 2740001024
  54298   2568057593 416180551 2208521898 2568003302 2568057600
  20340   4128825677 1818621348 3521874470 4128805516 4128825856
  52614   3644556221 2148888290 2761043908 3644608902 3644556288
  14204   2259707767 825232290 223033903 2259722108 2259707904
  49440   2741933503 1321457392 2270669321 2741884128 2741933568
  40070   3176720867 3136595590 2638425273 3176760966 3176720896
  89026   2827538911 1948989326 380715314 2827627970 2827538944
  93228   3434765767 1852314701 352923346 3434672596 3434765824
  79400   3430507699 492954151 884973957 3430428376 3430507776
  23503   2677823669 2135827477 703659361 2677847247 2677823744
  77972   2903891917 2325032308 210374750 2903969940 2903891968
  20676   2163940423 953197661 1340241094 2163961284 2163940608
  83738   2318199269 2035567105 760109074 2318115558 2318199296
  84310   3394635311 182873942 2298735893 3394551210 3394635520
  19036   4289440751 3728332400 2342923541 4289421732 4289440768
  20251   2192477239 1199883840 1118821782 2192497435 2192477184
  54166   2214509189 2168556401 630495613 2214563478 2214509312
  41002   4122434599 1377341768 2940926783 4122393814 4122434816
  53514   2934605983 2619249126 1693241100 2934659594 2934606080
  112568   3633701963 2683347337 2204266686 3633589576 3633702144
  96596   3749099927 2235069169 43307546 3749003436 3749100032
  2498   3558018019 2619783783 64875864 3558015550 3558018048
  28212   2845360169 920198109 207158678 2845388340 2845360128
  99704   3427069699 268853256 3335259755 3427169400 3427069696
  3030   2357573441 1179878602 1602780995 2357570602 2357573632
  53167   2754827071 4548495 546639692 2754774097 2754827264
  79856   4218446201 2993212285 728398020 4218526192 4218446336
  1995   4030069073 277324283 3992661031 4030071243 4030069248
  51426   4021567271 2417681577 598713146 4021516062 4021567488
  50696   2525977847 409817827 1995523524 2525927160 2525977856
  86113   3391055281 2758247298 2820724370 3390969247 3391055360
  82150   2159656307 1560125123 1229314397 2159738598 2159656448
  2894   2828963663 360980126 2748350048 2828960946 2828963840
  60775   2621585261 2230464815 1649526851 2621524633 2621585408
  44376   2907287681 1631878464 2881036467 2907332184 2907287808
  77915   4074046531 3285876105 1306027209 4074124635 4074046720
  12010   2192341517 934858776 2158144874 2192329494 2192341504
  3464   3801303073 1798640499 3044091111 3801299576 3801303040
  46842   2682750883 2079762981 22008248 2682704134 2682750976
  65717   3625063951 2885108027 2029737006 3625129653 3625063936
  46007   3044569079 1375461802 1074670493 3044615095 3044569088
  32496   2380922681 1345541089 626853252 2380955120 2380922624
  1756   3584272819 2619152486 1776412924 3584274652 3584272896
  6100   3952514087 3037621895 3561206807 3952520148 3952514048
  42388   2621938703 816319361 2168517881 2621981076 2621938688
  38208   3341090717 950545086 1750590342 3341052608 3341090816
  99021   3969645839 751175420 2340604560 3969744845 3969645824
  90000   3481820197 2670985611 2387035062 3481910160 3481820160
  66116   2261169217 145755773 898614193 2261103292 2261169408
  82550   3218451311 198294027 1274356402 3218368906 3218451456
  25198   2153989433 402179778 995194142 2153964178 2153989376
  64886   3229696061 644112727 729123303 3229631370 3229696256
  80184   3821854469 969544419 3544769097 3821934648 3821854464
  60252   2581996477 1320541160 410661062 2581936292 2581996544
  1392   2973146597 1971480841 2341696493 2973148016 2973146624
  42264   4048961347 1244836624 2850911934 4049003800 4048961536
  51984   2418146371 963026223 730096151 2418094576 2418146560
  80288   3576256897 1898177681 1030229884 3576176736 3576257024
  24063   3113764981 2369757082 2706936755 3113741057 3113765120
  55866   3603885283 2190837528 1351680643 3603941178 3603885312
  109964   4090337747 728854366 2776276129 4090447756 4090337792
  70470   3404675249 3103853915 1400693797 3404604858 3404675328
  30166   3594331561 460026156 3277157195 3594301482 3594331648
  62244   2600833223 67679630 1345734154 2600895524 2600833280
  88110   3199844047 1297865184 2137186949 3199932206 3199844096
  74727   3901838783 2193195107 3088872250 3901913575 3901838848
  11733   2963313667 1032290871 932970744 2963325397 2963313664
  56750   2199505921 881509289 2042975186 2199562670 2199505920
  12354   3999202667 2790969975 3812296986 3999190462 3999202816
  43282   3522105523 3435973825 388798492 3522148882 3522105600
  82484   3980447293 3536606024 3661652299 3980529972 3980447488
  54705   3108014407 639059616 422331941 3107959887 3108014592
  9340   4198863623 2201867405 495374035 4198872956 4198863616
  23408   3524465393 107220550 2062564951 3524488816 3524465408
  79696   3947267683 191908726 114272309 3947188144 3947267840
  63304   2315579953 417616200 1416455431 2315516600 2315579904
  102326   3015929221 140017162 2695098226 3015827018 3015929344
  34419   3371110363 281449879 2406386881 3371144819 3371110400
  65202   2596560647 625374767 858907706 2596625842 2596560640
  120420   4272931787 1861276518 2319265097 4272811420 4272931840
  74631   3179974771 778945956 1995878027 3180049543 3179974912
  5707   3658281043 3569148682 1326362139 3658275509 3658281216
  11532   3718965253 1310797584 1077173970 3718953716 3718965248
  62558   3688251713 57286001 1233779290 3688189346 3688251904
  6366   2502090419 70981152 1624245019 2502084130 2502090496
  84716   3885216277 1250284406 3365143479 3885300972 3885216256
  73072   3916909307 82806087 612556964 3916836240 3916909312
  61124   3061049857 316215764 555253812 3060988732 3061049856
  39859   3193583983 2435166570 1328536966 3193623987 3193584128
  93566   3231226423 1695269340 1865108965 3231320190 3231226624
  84544   2986022869 1901798107 1841146116 2986107456 2986022912
  61954   3437920141 1996966263 3150622001 3437982210 3437920256
  18504   3856273367 929455860 3349933249 3856254904 3856273408
  30008   3233188241 1290498598 2086820905 3233158344 3233188352
  61997   3589960481 290036175 859599355 3589898451 3589960448
  87279   3665534531 154519221 1246175717 3665621999 3665534720
  87308   2592895223 2011625880 2516280515 2592807924 2592895232
  56269   2845360579 670850015 1462424810 2845416909 2845360640
  61564   3000048439 2580894477 1628916487 3000110204 3000048640
  58112   3927369373 738402982 506259427 3927427584 3927369472
  96958   3846440141 1035172729 1917664743 3846537150 3846440192
  87287   2856890089 723893299 2809841450 2856802825 2856890112
  73172   2863018393 909123180 1376670458 2863091668 2863018496
  99008   2472096941 45407662 2062642571 2471998016 2472097024
  17203   2406540457 1379495717 453144221 2406557747 2406540544
  47326   2917808749 1123494562 410880953 2917856222 2917808896
  9692   3190094849 1351174984 2398801208 3190104540 3190094848
  65748   3435755039 826946550 3221766965 3435689260 3435755008
  11980   4169616677 157954159 807415895 4169628876 4169616896
  94986   3571858361 1292811870 3115006899 3571953418 3571858432
  15833   2874455041 408685039 244383 2874470873 2874455040
  6108   2793000029 146116746 2619114446 2792994084 2793000192
  61510   2999717713 2478032944 507481242 2999656378 2999717888
  50868   2317348597 61218819 2294356322 2317399476 2317348608
  67879   2237732579 1767939294 1011933568 2237664729 2237732608
  89728   3878250643 2993513661 2308926356 3878161024 3878250752
  76369   3391297103 2366335691 2651729650 3391220911 3391297280
  33849   2200427599 122243095 1265981941 2200461625 2200427776
  98078   3895545499 3414656985 3357987901 3895447522 3895545600
  36695   3072638357 659009649 2045154425 3072675159 3072638464
  83336   3257716843 2361836637 2707629145 3257800328 3257716992
  105735   3500148287 1811321957 616168962 3500254215 3500148480
  1297   2955446831 1875940572 1099405274 2955445487 2955446784
  28409   2227610029 369781445 173354691 2227581703 2227610112
  86912   2819027311 2257126903 52429260 2818940544 2819027456
  66012   2913466223 1647745981 539848330 2913400356 2913466368
  24304   2388930179 1154269751 618849743 2388906000 2388930304
  31766   3998744417 902518357 3143381814 3998712810 3998744576
  22281   2204611583 2032820707 106826593 2204589303 2204611584
  19685   2497688777 577206218 2120249677 2497669147 2497688832
  32804   3343304291 1882354659 113851161 3343337252 3343304448
  26322   2524757801 1561537640 888800380 2524784082 2524757760
  70797   2926491329 1664111591 2502065157 2926562189 2926491392
  46338   4225458509 4100762838 975185946 4225412350 4225458688
  48280   4240274449 1334642443 1354249504 4240322712 4240274432
  4221   3348155257 681836015 2944060323 3348151171 3348155392
  59064   2911251029 2116802389 196550981 2911310264 2911251200
  13156   3848414393 3404600438 15946542 3848401308 3848414464
  15188   2256741499 1126261632 59288158 2256756820 2256741632
  56196   3544723807 1483846807 816258667 3544780164 3544723968
  57569   4159248241 1720706839 1432386431 4159190815 4159248384
  38334   3203179747 841638999 3041384563 3203141442 3203179776
  123605   3980058799 1895441750 2510925641 3979935275 3980058880
  2366   4215717983 3839431748 3376286086 4215715778 4215718144
  20116   2803054451 193941284 203908283 2803034476 2803054592
  85608   2737534823 1405870291 956930624 2737620584 2737534976
  20808   4007573663 3705193713 3301586772 4007594568 4007573760
  107278   4120903279 2587110424 2238758303 4121010702 4120903424
  70646   3714906683 1076092937 2920118914 3714977526 3714906880
  21878   3673364587 1020228852 2152719484 3673342858 3673364736
  19689   2954849423 1131798778 2747140466 2954829847 2954849536
  46474   2614422049 400401590 2572296259 2614468490 2614422016
  36723   2446581029 513093108 1660276740 2446617715 2446580992
  71448   3666006523 1803260208 1038744203 3665935080 3666006528
  22313   2842738957 1592722444 2687748959 2842716631 2842738944
  17793   2207053859 1125372883 733621998 2207036031 2207053824
  102180   2932601521 1446854223 1858543280 2932499420 2932601600
  92134   2901387857 749780288 2828903920 2901480166 2901388032
  54172   2156156363 296842547 279228059 2156210588 2156156416
  54816   3193461053 1522714637 2504903790 3193516064 3193461248
  38402   3641902907 2400370664 1531754809 3641941506 3641903104
  75104   4253662519 655052090 1742211080 4253737824 4253662720
  78119   3215731949 1962318587 837378375 3215810087 3215731968
  41252   3885707821 2094317148 859055744 3885749284 3885708032
  67880   2540194747 1873867466 551022269 2540262696 2540194816
  74765   3730865777 923825512 563759826 3730940685 3730865920
  57006   2434307429 1665743455 54259837 2434364590 2434307584
  43357   3778711529 547140285 167000657 3778668195 3778711552
  21865   3953908201 3166466743 3056071453 3953930089 3953908224
  12940   2818799833 2750560135 2446298401 2818786932 2818799872
  37671   2789977889 2384202872 2717408244 2790015527 2789977856
  68479   3935374757 2831073978 2574280014 3935306369 3935374848
  15698   3142013453 452715280 404058038 3141997742 3142013440
  71900   4124685449 2615647547 3104805833 4124613668 4124685568
  8028   3285464239 1436658698 392724800 3285472348 3285464320
  52856   4279151027 4246844315 2201542874 4279098248 4279151104
  11880   2300306741 1475205753 1464357266 2300318568 2300306688
  61253   3148561771 1716007466 2991394626 3148623173 3148561920
  4068   3523602977 2057134717 3274537335 3523607012 3523602944
  11372   3776755727 697637610 901475478 3776767084 3776755712
  94368   3556918153 2977215749 2967876489 3557012640 3556918272
  50441   2604113437 1971926947 2332562144 2604062967 2604113408
  22514   2815403953 2292210900 160390256 2815381518 2815404032
  105908   3877876243 721035083 3280944042 3877982132 3877876224
  43364   2964047923 72966447 2805162412 2964091236 2964047872
  36944   3464262859 2319444767 2246160923 3464225968 3464262912
  57853   3203888411 1568452989 811202784 3203946237 3203888384
  52706   2850769289 2620371612 750335411 2850822114 2850769408
  5204   2947581181 2938244025 2742668047 2947575980 2947581184
  64403   4044904183 1217402851 2222505616 4044968595 4044904192
  55048   2262655411 150824710 211206865 2262710536 2262655488
  39427   3502075897 2407544519 1052735111 3502036477 3502075904
  40606   3203047097 2577634395 1128025950 3203087774 3203047168
  3843   2911929667 51315030 1337286680 2911926013 2911929856
  67869   3597775817 135667457 3080707682 3597708003 3597775872
  54033   3636022631 2593553576 2220240604 3635968751 3636022784
  38880   3504368137 434472458 2682355794 3504329248 3504368128
  21743   3554693621 1613849465 1957630189 3554715375 3554693632
  82028   4277811887 322449464 160183252 4277729940 4277811968
  85769   2628326839 1961719244 444607287 2628241143 2628326912
  58164   4082190421 1713045290 865671661 4082248756 4082190592
  111205   3956058649 3904370998 2622110528 3956169829 3956058624
  17721   3485778727 2714222999 592404047 3485760967 3485778688
  19212   2867403437 279310759 484888829 2867384308 2867403520
  54056   3928343873 360669679 1243859292 3928290008 3928344064
  63788   2796448489 1418713495 1765095924 2796384724 2796448512
  33488   3768645241 491705118 1173129301 3768678864 3768645376
  72959   2873595163 1452121283 1223984741 2873668095 2873595136
  600   2843042299 935305222 295847084 2843042904 2843042304
  56888   2811887411 2201459935 1881511131 2811830472 2811887360
  98229   4082144441 3372750185 3895391392 4082242741 4082144512
  29665   3458172979 762537935 332378476 3458143519 3458173184
  93158   3518432531 2653351445 1118260170 3518525670 3518432512
  9473   3273769157 914087139 426008241 3273759743 3273769216
  36151   2415060547 830567008 1290458096 2415096887 2415060736
  9616   2479844459 2188008481 240490855 2479834992 2479844608
  86770   3862106693 647584647 2150014610 3862193650 3862106880
  76479   3972255233 340921173 2609369819 3972178753 3972255232
  36499   4110126563 2466083696 628937925 4110090093 4110126592
  58225   3571855627 1049245887 3465742186 3571797391 3571855616
  32900   4185740837 3478625607 3853595980 4185773700 4185740800
  14960   4153975591 2937563348 867119999 4153960848 4153975808
  77058   2418633851 700987391 1890465017 2418711042 2418633984
  17760   3906007549 44379162 650199141 3905989792 3906007552
  17608   2545874819 1101653127 2407110814 2545857336 2545874944
  32852   2722659451 2393216279 659131647 2722626732 2722659584
  40054   2282824433 2181010345 1409727665 2282784394 2282824448
  97882   4260263173 854960784 2245040781 4260165286 4260263168
  70440   2624941421 1266601761 27121843 2624871128 2624941568
  33445   2877616837 1094911311 2824873206 2877583451 2877616896
  74337   3184765901 2888177328 2694750431 3184691615 3184765952
  50549   3530357053 1833324114 3429551381 3530407797 3530357248
  104310   2985038827 2266024894 379046589 2984934538 2985038848
  42604   2230272467 1801575661 746588022 2230315116 2230272512
  104038   3839771701 1713436235 1896279508 3839875942 3839771904
  92000   4107427309 1165499418 3729576441 4107335328 4107427328
  46078   2975519917 933388613 2808972800 2975473922 2975520000
  51272   3552492967 3427526502 2697447502 3552441784 3552493056
  35820   2777577223 833996331 2635940496 2777613036 2777577216
  116810   4259471189 3881690101 1014613227 4259588170 4259471360
  3155   2629468427 1287004280 1754713537 2629471571 2629468416
  61260   3417023237 1703827996 912107881 3417084492 3417023232
  25290   3585040933 1024544483 615423871 3585015606 3585040896
  56668   2935832041 1150071504 2358837390 2935888732 2935832064
  92988   3652042753 3375565273 2375048657 3651949764 3652042752
  58428   2300237119 1729512127 1897876869 2300178884 2300237312
  35737   2799528161 2595721126 1288373108 2799563929 2799528192
  9941   3722412377 3541933316 397397726 3722422485 3722412544
  66523   2824738421 1856481990 1972076277 2824805083 2824738560
  40664   4002601037 1998476918 3355167095 4002641880 4002601216
  50818   3972362159 1169445911 2425774057 3972311422 3972362240
  43286   3104373973 2451151416 1333006735 3104330730 3104374016
  61979   4073953841 1665169908 2223278263 4073892069 4073954048
  19727   3259111187 62674269 1974432746 3259091441 3259111168
  54004   2648649943 804330849 305601128 2648595980 2648649984
  15213   3806880097 343637506 692235303 3806865043 3806880256
  106060   3477357493 2645984439 1913126069 3477251508 3477357568
  98785   4067166031 3255260834 33740712 4067264993 4067166208
  50184   4009150687 101783057 2946607074 4009200904 4009150720
  22624   2208253087 1093322758 449794280 2208230560 2208253184
  50486   3803626943 2108488913 905671089 3803576522 3803627008
  69260   2846747119 387409427 1461777655 2846677876 2846747136
  106236   3785585131 12237588 1119867601 3785478916 3785585152
  45747   2898563287 1848693815 927013021 2898517581 2898563328
  92924   3605484881 418061159 979573737 3605392132 3605485056
  48203   2878736431 1827806423 2080195849 2878784587 2878736384
  80216   3685917839 2453331662 1824022099 3685837736 3685917952
  38368   2487674551 147458362 2090811086 2487636256 2487674624
  7321   3003757483 1115830559 1318684418 3003750247 3003757568
  112714   3903414349 3348810348 248153544 3903301814 3903414528
  74178   4189244351 3427427147 3092715305 4189170238 4189244416
  75587   3791892739 1415919282 807544452 3791968323 3791892736
  32373   3874522261 3271391590 1368492860 3874554741 3874522368
  62826   2189184073 1701453395 754227472 2189121430 2189184256
  50169   2222032313 452510022 1447910286 2221982215 2222032384
  57348   2319119669 799251394 1282962341 2319062268 2319119616
  49776   2298921167 220478792 1491128083 2298970992 2298921216
  61755   2977483801 203484313 1975470252 2977545531 2977483776
  45008   3872116097 760338580 1289303481 3872161232 3872116224
  38509   3091312031 740343232 2974006694 3091350637 3091312128
  18052   2155933643 1858937712 2070566230 2155951748 2155933696
  73724   4264136623 626394366 1525072756 4264062980 4264136704
  8536   2776832503 1857464597 839502021 2776823976 2776832512
  24288   4003846291 3507432931 3066146032 4003822112 4003846400
  35352   2363516483 1633414972 2051466793 2363552024 2363516672
  64110   2221459901 653046437 1563425635 2221524078 2221459968
  6849   2957709523 70958562 2062099574 2957702719 2957709568
  68536   4026153191 947254812 654080446 4026221752 4026153216
  43948   2510035921 907166516 1957490431 2509992020 2510035968
  66606   3117811813 1792854251 1135583099 3117745362 3117811968
  52739   3518132617 1312062773 2320253827 3518185475 3518132736
  28928   3073837183 753375375 1380246090 3073808384 3073837312
  118032   4105647817 315621266 2486332191 4105529840 4105647872
  114989   4259956319 3730023289 2725075678 4259841491 4259956480
  68960   2806570133 70330998 1001788 2806639200 2806570240
  35379   3316830593 2175246622 1588232475 3316795341 3316830720
  94221   2420006243 984034608 359224687 2419912179 2420006400
  31048   2317699679 1431501652 974612827 2317668792 2317699840
  69418   4042379027 3619761690 3421260188 4042309590 4042379008
  69739   2968354243 273343678 575582940 2968424043 2968354304
  11532   3456396439 919425742 1310531494 3456408076 3456396544
  69904   2893469329 2517367053 1812016784 2893539344 2893469440
  109903   3612387299 2199387549 602122980 3612277425 3612387328
  17384   4079249261 1323745019 3111447365 4079232024 4079249408
  75770   3294235531 1268253465 2325076572 3294311418 3294235648
  107500   4146916181 3695630693 555654962 4147023852 4146916352
  4779   2225165549 1212457766 633832749 2225160789 2225165568
  95084   4163315293 2034160446 1420682584 4163220372 4163315456
  48120   3943437959 3679186243 3824186412 3943389960 3943438080
  54694   3878065591 2074804343 524779695 3878010970 3878065664
  31412   2222658377 998876694 173920692 2222689972 2222658560
  76320   3755211419 329322733 373053695 3755287840 3755211520
  85296   4005023287 1102194650 2673070384 4005108784 4005023488
  72258   3545528299 793475156 802070865 3545600578 3545528320
  75784   3946826803 1888468535 375450327 3946902792 3946827008
  8630   2678480317 1570246287 541566078 2678489014 2678480384
  6156   2814470843 2465908467 473044138 2814464756 2814470912
  41529   3503459789 3378314262 478960126 3503418311 3503459840
  65106   2567246543 1058098042 101721007 2567311698 2567246592
  48118   3453407393 2671674531 3002354127 3453455606 3453407488
  19689   3911956837 2854707116 100598518 3911976681 3911956992
  87570   3554096113 1890819933 2478887065 3554183698 3554096128
  80486   2993239199 2357163756 2189895496 2993319782 2993239296
  27980   2547719543 18413211 2288403321 2547747660 2547719680
  14841   2968070011 1235873934 2788852136 2968055303 2968070144
  19648   3667035403 3280525156 2712225580 3667055040 3667035392
  29415   2171525173 867788266 190689564 2171554535 2171525120
  6756   2479223587 2329851977 1449455349 2479216796 2479223552
  50828   3115698277 1133552910 266456010 3115749260 3115698432
  63789   2837583601 2085360384 880654432 2837647405 2837583616
  69008   3406458239 2407012589 978156413 3406527376 3406458368
  48204   3864416069 636270959 992415113 3864464460 3864416256
  86342   2277338023 1447035658 350322810 2277251770 2277338112
  19681   2792417941 2418427831 2341398363 2792398367 2792418048
  53552   3034420177 1356223907 2383595526 3034473776 3034420224
  59897   2662521089 968263322 606815237 2662580985 2662521088
  19033   2952378943 2279365035 639633383 2952360103 2952379136
  19711   2545556177 1028532477 161388622 2545575935 2545556224
  44313   2849615519 2777419890 1551250764 2849659929 2849615616
  8258   3696049999 131353524 2274104292 3696041918 3696050176
  50587   2672502403 2315925398 1134585702 2672451941 2672502528
  219   3411427843 2807280522 1661902881 3411428059 3411427840
  4870   4125243271 2970089141 1985096626 4125238522 4125243392
  51676   4233421613 1517041045 4003804235 4233473500 4233421824
  72640   2699437457 16407004 1111263900 2699510208 2699437568
  54607   2428557877 132336589 412586891 2428503217 2428557824
  89974   3836244233 491233099 2269079426 3836334198 3836244224
  63182   4049830051 93720864 3640838687 4049893326 4049830144
  75476   2954237789 1413136704 1015167442 2954162476 2954237952
  62122   2422708303 239585777 1456885308 2422770602 2422708480
  9430   3110517253 834179358 1549398537 3110507818 3110517248
  5887   4094692991 1990707330 2057336345 4094699007 4094693120
  38540   2669453497 2064802847 2070355194 2669492108 2669453568
  46014   2636545277 2221754698 1170388105 2636499266 2636545280
  108757   4194913763 1227651829 1729173433 4194805035 4194913792
  42803   2693718953 1922154503 1591702162 2693676237 2693719040
  34274   3848713177 399147665 3634747650 3848747490 3848713216
  36679   3111142169 2576323731 663206498 3111105465 3111142144
  86703   3173320637 651281802 1812383885 3173407407 3173320704
  34675   3179268949 522515401 2735671060 3179303795 3179269120
  18231   4120856633 3640135073 228801586 4120875063 4120856832
  29082   2955573931 2343511911 1533005363 2955544934 2955574016
  28882   2456196511 2332415986 624053214 2456167726 2456196608
  103192   4254315647 3885679915 4050114041 4254212584 4254315776
  78882   2199952763 993296863 1332490837 2200031778 2199952896
  22872   3992819807 3048748200 688492701 3992842840 3992819968
  34569   3088999181 58721960 2786655876 3088964599 3088999168
  52654   2486209787 1508511088 465830725 2486262446 2486209792
  25844   2984235853 1289805424 2505114686 2984210188 2984236032
  4044   2243125177 1295232391 424365476 2243129292 2243125248
  2216   3824223107 2406144296 1519472623 3824221016 3824223232
  35742   2279489977 1367144278 579236598 2279525790 2279490048
  57800   3162084517 2775629336 2353917653 3162026808 3162084608
  34638   2647535879 147533703 509134723 2647501234 2647535872
  105479   3482145197 2316557593 2509733811 3482250759 3482145280
  12937   2826178181 2356156729 1313042336 2826165367 2826178304
  3444   3699742723 3280435937 319158734 3699739276 3699742720
  95297   3526905251 744584153 2364637060 3526810047 3526905344
  87080   3115970807 790052620 2084683637 3115883736 3115970816
  81801   2800523731 1774034526 337787640 2800605577 2800523776
  34049   4092572791 114672165 1356428054 4092606977 4092572928
  37141   3471355519 1627287457 1631007570 3471392789 3471355648
  50450   3242148577 2439522680 3006926684 3242199058 3242148608
  1467   3143183039 1784750127 2156073095 3143181637 3143183104
  60582   2686450519 1840393414 775498488 2686390106 2686450688
  121998   4091616817 58312631 598716645 4091495026 4091617024
  52508   3858753739 2762080345 1290402504 3858701284 3858753792
  66156   3459855019 1893855617 2010357236 3459921260 3459855104
  32797   4111867649 3396067032 3093370209 4111900445 4111867648
  38179   3739207861 1598738579 1167546691 3739246115 3739207936
  64064   3443812997 2840446198 1649253696 3443749056 3443813120
  50283   3739206881 1383308911 1720141722 3739257195 3739206912
  83156   3905483381 1000330558 3415853247 3905400364 3905483520
  76904   3431943481 3257932558 2305690204 3431866776 3431943680
  63523   3383815081 159561714 964245802 3383751645 3383815168
  51456   3750435653 1978648243 3410350032 3750384384 3750435840
  18536   3894665959 509497289 1041142092 3894647448 3894665984
  61581   2531861369 1250257744 916763861 2531923085 2531861504
  76764   4039240313 1105043019 1665795464 4039163684 4039240448
  86463   3140560043 2339563964 3033694149 3140473665 3140560128
  30518   2411887339 2119957034 564944266 2411856842 2411887360
  40477   3890935357 2654680634 2192154547 3890895075 3890935552
  33944   3603738407 3480272563 3058091548 3603704424 3603738368
  30003   3505576313 2332707233 2550386605 3505606451 3505576448
  80726   2339218319 1112037839 2150979559 2339299158 2339218432
  76810   2904386141 934821418 558299297 2904309494 2904386304
  29471   3204659407 1155389845 2250484100 3204688927 3204659456
  14879   3812639683 1714332520 2359933866 3812654623 3812639744
  104064   4076784323 1845955423 3907970402 4076888448 4076784384
  84823   3227726837 264643075 406390918 3227811671 3227726848
  101268   2706403741 1841734322 1319880238 2706505108 2706403840
  82917   2721921767 111691584 808306659 2722004709 2721921792
  62488   2476828139 966031889 2457387610 2476890648 2476828160
  357   2528578033 1657419263 2516994795 2528577691 2528578048
  39739   3055936141 1315001889 591409075 3055975995 3055936256
  54648   4099612999 1393713288 26759256 4099667832 4099613184
  59948   4036266233 129434167 1591155390 4036206292 4036266240
  69296   2262573697 165213690 91187857 2262643120 2262573824
  103101   4075437943 3350160628 247334206 4075541181 4075438080
  45664   3116800619 2040488048 179670366 3116846432 3116800768
  95418   3604351403 2416028805 2538451040 3604256070 3604351488
  49981   3780587753 3754153319 825626378 3780637757 3780587776
  20048   2579437667 2043848647 1645729032 2579417776 2579437824
  51564   4216542061 1131180984 233889236 4216593772 4216542208
  36442   3942869239 1736239307 704686286 3942905690 3942869248
  24739   2434051661 120112302 1264197939 2434027101 2434051840
  100768   4208442983 800994639 823417262 4208342368 4208443136
  97914   3313914133 3025216574 1648651163 3313816198 3313914112
  97844   3828291539 1274145714 66639698 3828193740 3828291584
  36704   2917103207 524804684 2002598170 2917066656 2917103360
  18342   3074737517 941075396 173214388 3074719322 3074737664
  50042   3881633023 3736683924 3253018922 3881582982 3881633024
  50289   3368606567 549247436 2680549680 3368556431 3368606720
  64413   3054173333 1477527763 2613793224 3054237853 3054173440
  9204   2842963847 1332226792 873177303 2842954764 2842963968
  50036   4147582897 2768453084 3878855500 4147532940 4147582976
  66830   2499418247 1994342835 50362409 2499485198 2499418368
  24427   2382683047 1544631776 740901643 2382707563 2382683136
  25094   3589145233 3321796334 106893573 3589120250 3589145344
  66641   2606500789 2489924093 2152069797 2606434223 2606500864
  84528   2230084643 1358577395 76917226 2230000080 2230084608
  101966   4094288747 2446554643 3304407235 4094390862 4094288896
  65876   3671953037 3611161994 3270008142 3671887276 3671953152
  31408   2601731929 1675907265 590578921 2601700688 2601732096
  86428   3915586867 812488984 1838976000 3915500644 3915587072
  44406   4245269141 2796456614 1011614169 4245313654 4245269248
  92084   3488894137 1568102997 2701277171 3488802124 3488894208
  21808   2523941239 1745113181 2166274190 2523919568 2523941376
  102321   3317648809 1190637593 2309628120 3317751217 3317648896
  28100   2801747303 154642193 2451578584 2801719356 2801747456
  44522   2521823713 385848723 237188412 2521779222 2521823744
  6320   2327547331 881713913 158702183 2327541072 2327547392
  15113   3314653691 550587088 1387325636 3314668809 3314653696
  71624   3485747261 474511925 3395718658 3485675832 3485747456
  71859   2625635429 2295506734 1008029944 2625707443 2625635584
  32675   2662707847 1693193641 1384951686 2662675293 2662707968
  6652   2308054171 1122517276 1884411175 2308060924 2308054272
  17622   2217632363 1434218312 1000132178 2217614890 2217632512
  67817   4080882733 2741498146 2557951563 4080815127 4080882944
  53149   2761946177 449689468 1994728337 2761893219 2761946368
  48782   3606463009 758896555 3075601334 3606511758 3606462976
  65318   3603445849 1133678350 792618326 3603380698 3603446016
  30739   4022398957 1775435382 2521213179 4022429715 4022398976
  61058   2559950753 1960464555 447523112 2560011906 2559950848
  25980   2885032291 2504804465 1407179358 2885006468 2885032448
  60294   4258342241 2503634675 2065910708 4258282106 4258342400
  75570   3972491203 2270649224 2522343897 3972566834 3972491264
  73302   3314602597 1204907056 361950529 3314529450 3314602752
  98266   3815291749 2131612056 1318094487 3815390170 3815291904
  75868   3168161791 1190983897 433235935 3168237660 3168161792
  75212   2614736779 567580089 1658388740 2614812108 2614736896
  58988   3423879089 2337632697 72817544 3423820180 3423879168
  98755   3688913323 1220308523 1357743684 3688814653 3688913408
  31280   3230363771 2316900120 134121785 3230395184 3230363904
  77543   3002047777 1214468198 1626278905 3002125287 3002047744
  10295   3002539741 2558643866 1322063567 3002529481 3002539776
  37356   3386222443 2427501710 2872780825 3386185236 3386222592
  29833   3411412699 1114396130 3310092238 3411442569 3411412736
  41207   3870720811 3422481116 2100127399 3870679817 3870721024
  41952   3042571561 1345644909 1012939923 3042529568 3042571520
  52314   4060985741 916982483 2285695889 4060933542 4060985856
  26833   2417462629 2226835380 1867064336 2417435951 2417462784
  10780   2486343991 1129165087 535638464 2486354716 2486343936
  1642   2209747957 2097372390 648116883 2209749610 2209747968
  53843   2454773927 156136263 385291734 2454720173 2454774016
  54399   4236812441 2967408834 749180594 4236758145 4236812544
  46113   4211391083 1167781758 990210320 4211437345 4211391232
  83591   3399048967 1645074176 1076708649 3398965369 3399048960
  59624   4132598159 3310831381 3875687753 4132538648 4132598272
  33438   3698597671 3392287386 1776588417 3698631070 3698597632
  106314   4189123073 2276369454 135370798 4189016758 4189123072
  22585   3196598303 1162859110 1818422132 3196575687 3196598272
  102392   3958734097 2733910633 3434471507 3958631688 3958734080
  82119   3909960881 692332142 2522562361 3909878841 3909960960
  71117   3433328407 2044679865 1760280637 3433257267 3433328384
  42934   2866944797 2296944616 1342173862 2866901834 2866944768
  8903   2395314307 2048327532 1421485983 2395305529 2395314432
  88292   3145179251 2218233586 3065983447 3145091100 3145179392
  16248   2193448931 1661117392 1581844191 2193465208 2193448960
  52496   3961248833 2345073851 2424867612 3961301520 3961249024
  47334   3144822643 1770217105 2295071397 3144775450 3144822784
  56943   3534225491 1997461024 2637164406 3534168721 3534225664
  78612   3566215997 2879265871 2704869510 3566137580 3566216192
  52576   2621482727 1758426117 79664103 2621430176 2621482752
  10486   2929574839 2376167252 2426893173 2929564426 2929574912
  634   3197342689 3041345737 2124315246 3197342086 3197342720
  106834   3990194947 3552906889 2058070615 3990088110 3990194944
  19241   2427860537 2210591938 978559742 2427879721 2427860480
  42118   3033747331 1967554530 1665348410 3033705338 3033747456
  29216   2380336201 103152009 1692366699 2380365600 2380336384
  56916   3487691881 331421874 2509227117 3487635116 3487692032
  50603   2350242077 2022384156 1073587076 2350191445 2350242048
  26796   3778920239 492359560 415193061 3778947244 3778920448
  85506   3855490273 2429925189 3489295709 3855575810 3855490304
  48820   3500961559 490923670 1191344782 3501010356 3500961536
  43410   3577655261 2049432634 2568355711 3577698706 3577655296
  48580   2574855571 1658835630 1524254002 2574904260 2574855680
  51368   2344148861 2227531325 1611864045 2344097624 2344148992
  1660   2462819753 1243222127 1695816605 2462818180 2462819840
  61167   3372509137 1869882497 940877625 3372570351 3372509184
  17191   2632516123 1755748486 2271415604 2632533287 2632516096
  55280   2680495397 8674091 1567095407 2680550640 2680495360
  70848   2363889553 2270737307 1214965508 2363960512 2363889664
  6388   3634601423 117509663 2479199238 3634595084 3634601472
  28046   2248690727 2087241216 1059716497 2248662642 2248690688
  60812   3378936277 624829033 2237107560 3378875508 3378936320
  19527   2462928973 1432024101 29746068 2462909625 2462929152
  42214   2801302793 661807530 1964333082 2801344998 2801302784
  74385   2808893203 777413798 1692563734 2808818799 2808893184
  15712   2234141603 192494921 2222675820 2234125984 2234141696
  27948   3846055667 2417558702 2472191306 3846083628 3846055680
  76442   3369813091 269523768 1422465588 3369736806 3369813248
  44078   3713707853 2707462341 326676212 3713752110 3713708032
  25144   2179202279 376970548 294598796 2179227448 2179202304
  109960   4174700983 1270784316 2844248314 4174591096 4174701056
  83046   3110048101 2151424454 2654722129 3109965210 3110048256
  9303   3091746013 2678736991 1654856783 3091736745 3091746048
  86602   2317755619 1163555861 1391707955 2317669046 2317755648
  23088   2172506773 715810518 1527419710 2172529968 2172506880
  3272   3641411099 3141327769 3584557069 3641407800 3641411072
  58055   4145758691 1933642800 2558274720 4145816775 4145758720
  86657   3019227061 2766147979 871613652 3019313793 3019227136
  75776   3591953479 2569244827 189980490 3592029440 3591953664
  62132   2726403431 766336437 374532232 2726465716 2726403584
  26614   3686754649 161337845 1244758266 3686728202 3686754816
  9382   2634282941 1559070847 1263529461 2634292390 2634283008
  32068   2697747911 81507628 840391838 2697780036 2697747968
  18660   2381418271 947780292 183219955 2381399580 2381418240
  26710   2592994273 952057514 1809163151 2592967594 2592994304
  80203   2305056709 1700445446 1702905724 2305136971 2305056768
  47954   2965558961 2953567390 214200338 2965606994 2965559040
  87419   3798369541 211279394 1461283456 3798456955 3798369536
  52316   2190181867 639691913 546488310 2190234204 2190181888
  4884   3771659471 321900927 987683435 3771664404 3771659520
  46630   3942166373 3101273304 2238123075 3942119898 3942166528
  30685   3253572463 2207462123 1282570625 3253603293 3253572608
  91304   2954935397 2272902805 2002115659 2955026856 2954935552
  9656   2779691807 619817797 263371719 2779682120 2779691776
  43272   3495129931 2952470902 2946491243 3495173384 3495130112
  96269   3843866431 3574494128 1472612105 3843962893 3843866624
  40902   2550005527 260876672 1259246508 2550046406 2550005504
  46237   2318928407 92683793 1615995721 2318882147 2318928384
  117952   4269622393 1664964156 1952556423 4269740480 4269622528
  53708   3009372907 717632559 584685523 3009426636 3009372928
  8344   3104284877 1067051964 200997780 3104293272 3104284928
  7702   2467009681 329132677 1353112840 2467017494 2467009792
  10103   2407280101 790969147 1690080510 2407290231 2407280128
  10152   3756508727 2153240429 3431131208 3756519080 3756508928
  42329   2173853179 550429759 44050367 2173810855 2173853184
  51738   2175557729 379287744 344172639 2175506150 2175557888
  8466   2606709067 1408241423 1704914915 2606700782 2606709248
  76665   2464832731 2176394063 85986087 2464909433 2464832768
  85271   3584266489 990167220 365502404 3584181225 3584266496
  33811   3834566929 2769220474 771564892 3834533101 3834566912
  62913   3764461177 1011088604 421775817 3764524225 3764461312
  15607   2452086041 2279711703 875214230 2452070409 2452086016
  70209   2727347123 1747968020 2423896858 2727417409 2727347200
  20136   2406065839 590688644 2291225529 2406086056 2406065920
  63375   4093962137 3935723641 1304546540 4094025615 4093962240
  110814   3691056361 1672743933 1781116782 3690945570 3691056384
  67690   2862864883 513397967 2856844054 2862797206 2862864896
  91483   3303735313 1145048412 2914284559 3303643813 3303735296
  40414   2893733789 1843335882 1861864916 2893774302 2893733888
  776   2422310447 1242556799 737487247 2422309624 2422310400
  83396   4166050981 1335290846 3836613735 4166134468 4166051072
  55459   2974423097 2584248495 2904654815 2974367837 2974423296
  553   3697695037 1547443643 1967411240 3697695785 3697695232
  30264   3855253063 288814212 3406725374 3855283512 3855253248
  74090   3186362591 3091483725 478249050 3186436714 3186362624
  9160   4151736139 2238162050 2010269179 4151727160 4151736320
  59625   2633012219 2596746871 1348250705 2632952599 2633012224
  29457   2966409937 2342707179 2466313122 2966439441 2966409984
  61948   2251344149 352606579 1368670669 2251406076 2251344128
  6700   2582781863 27032435 646780814 2582775252 2582781952
  34868   3461818823 458102333 118298387 3461784012 3461818880
  49116   2272795367 1117977726 1998451121 2272746276 2272795392
  80455   3538228987 262043504 1937772728 3538148537 3538228992
  29735   2871957931 1854013924 308948091 2871987751 2871958016
  15378   3498362939 736240085 898285257 3498347758 3498363136
  14083   3690185281 3154046139 933672906 3690171389 3690185472
  76698   3739801873 1181944309 3668031875 3739725158 3739801856
  22584   3295936789 797293196 1985795293 3295959352 3295936768
  29038   3794235769 412176122 1966683323 3794206866 3794235904
  86648   3004356349 1874449476 1756500911 3004443000 3004356352
  80822   4158735341 3990883649 2894183871 4158816182 4158735360
  15621   3758733493 886675376 850995586 3758749189 3758733568
  40136   3598064819 2867056615 2332979229 3598024760 3598064896
  30044   2503148897 922153757 1042349348 2503119012 2503149056
  40604   2662381009 613802049 1893265767 2662340452 2662381056
  21882   3835716799 154582792 1812912020 3835738746 3835716864
  69104   3116054059 2964836902 2072654652 3115984912 3116054016
  56434   3718240679 3565820461 2235165255 3718184334 3718240768
  92390   2326288219 1593929867 1500463161 2326195994 2326288384
  81726   4144822529 745312963 1749597387 4144740802 4144822528
  29001   3177129559 571840087 247705550 3177158729 3177129728
  72439   2175188753 1349644579 256548826 2175261175 2175188736
  57616   2341134863 1464005696 1082182366 2341077232 2341134848
  67508   4149781589 320820309 2397775545 4149714252 4149781760
  60156   3669863807 1303460661 2575503213 3669803780 3669863936
  66319   3350978879 67790104 3099243186 3351045391 3350979072
  26349   2788801979 2217107939 2356035108 2788828397 2788802048
  17684   3411349237 3407203403 3405307017 3411366932 3411349248
  41851   2243512499 784396269 2111472021 2243554427 2243512576
  71645   2592680107 375787454 296414576 2592608547 2592680192
  68445   3416866421 179641405 1420806569 3416798115 3416866560
  1628   3592365109 3033448560 1942403319 3592363684 3592365312
  36501   2752315883 1666453455 1878640443 2752352405 2752315904
  81768   2311634023 1802089297 18422742 2311552408 2311634176
  15282   2626146157 257134177 1613423799 2626161586 2626146304
  22664   2849349289 1711668019 725981753 2849372040 2849349376
  12169   2849503271 2350036178 1454163965 2849515401 2849503232
  2230   2699782139 1777601714 1919573281 2699779914 2699782144
  40440   3086481511 1458089838 81760322 3086441224 3086481664
  33642   3244443437 912240506 68342670 3244409750 3244443392
  89332   2877764831 134037508 1090473515 2877854196 2877764864
  2789   3929885131 3423590160 1754434304 3929882395 3929885184
  1475   2321726587 793108874 1647629071 2321725245 2321726720
  8309   2332684577 403451009 1601497815 2332676235 2332684544
  35656   3999749081 3974066469 1829551680 3999713464 3999749120
  42264   3621715127 53814272 3279502257 3621757464 3621715200
  57487   3465111821 100823073 2258104223 3465054321 3465111808
  39519   2227071233 826501437 1665087545 2227110751 2227071232
  22830   2633532133 1990912004 546082660 2633554990 2633532160
  80883   3144656057 473167420 335785479 3144737011 3144656128
  22548   3816499759 3767791839 220549727 3816522516 3816499968
  73170   2173265711 368588200 687219199 2173192494 2173265664
  30280   3626627003 1621122385 507096375 3626657352 3626627072
  78663   3040592683 293305177 1348354099 3040513977 3040592640
  83677   3934044797 2442136800 1136086051 3933961251 3934044928
  76658   2739130549 571356799 2425827316 2739053966 2739130624
  59944   3501971633 3284524845 2669645837 3501911768 3501971712
  91565   3572531873 906841453 2927692079 3572623533 3572531968
  96884   3554996239 1485880235 3514984835 3555093108 3554996224
  44713   2363744797 320302356 2198366960 2363700055 2363744768
  83688   3383050799 1912579227 664570372 3382967320 3383051008
  54369   3726590767 3705853203 599090219 3726645345 3726590976
  15344   2597325503 447479601 1449322118 2597310224 2597325568
  23131   2550350207 310906266 178043647 2550373467 2550350336
  49479   3284134489 1856960409 20067466 3284184135 3284134656
  88185   3626004427 1162963181 19799347 3626092665 3626004480
  32702   2587369931 574335824 2054674568 2587337282 2587369984
  79440   2560522309 738490967 1201435280 2560601936 2560522496
  2005   3707641591 1515714880 2197901268 3707643605 3707641600
  34760   2543637923 814415366 2473782795 2543672776 2543638016
  66419   3083333797 1740584263 1534531474 3083267469 3083333888
  48064   3576599557 1743316021 242827146 3576551488 3576599552
  87925   3650350519 2963914617 58751035 3650438517 3650350592
  29331   4283227967 1105425673 2992404836 4283198829 4283228160
  80851   3422142553 3302434691 993655692 3422223571 3422142720
  74720   4143196151 174000259 3915884111 4143270880 4143196160
  50029   3673396147 298571969 1562502642 3673446253 3673396224
  35331   3202282649 3110150525 2905543313 3202247421 3202282752
  61990   2749773973 473113392 336614023 2749836070 2749774080
  5574   4019659499 296491425 973688731 4019653946 4019659520
  3373   2649776279 1556362853 760441366 2649773011 2649776384
  40912   2247816521 15182400 2178045179 2247775792 2247816704
  42568   2160975017 1301983071 303273300 2160932536 2160975104
  40942   3079989169 1928619047 2972201377 3080030190 3079989248
  13599   2585507159 1903903091 1350301883 2585493729 2585507328
  74858   3791502859 2494075505 219484150 3791577706 3791502848
  813   3702390061 2302993584 3104595006 3702389459 3702390272
  95297   2915979359 1858004370 1175475498 2915884223 2915979520
  22003   3194230063 1559046332 921372273 3194252019 3194230016
  30337   2565222019 664578581 2239963356 2565252481 2565222144
  26186   4139155343 4001944357 4055316792 4139129270 4139155456
  34312   2497408831 1026239346 2128295701 2497443336 2497409024
  25806   2528936327 246560487 78908377 2528962254 2528936448
  68144   3810563459 2490114066 2994882307 3810495440 3810563584
  33180   2185491571 910784749 1190473048 2185458532 2185491712
  66312   3764641973 1942664529 2124104499 3764708360 3764642048
  28182   2877646193 896462930 782271101 2877674518 2877646336
  37748   4291803889 3611363382 566356235 4291766156 4291803904
  81845   2587436051 425722834 2504336006 2587517877 2587436032
  58103   3146194399 343060133 763801542 3146252535 3146194432
  42722   4199594801 3658690085 275083905 4199552286 4199595008
  20936   2677184129 959172527 2154854098 2677163320 2677184256
  4440   2259259147 1918419430 901914197 2259254696 2259259136
  13067   2607924079 129352721 413865458 2607937291 2607924224
  70840   4127424491 2542588628 476524620 4127495352 4127424512
  93112   2644795919 1065243993 769845484 2644889016 2644795904
  1731   3779432071 2625358141 1399030696 3779433923 3779432192
  76337   2333356919 1029921776 2014014861 2333433393 2333357056
  78033   2687468083 1019845867 1393753100 2687389999 2687468032
  71356   2457644603 143634568 1680318758 2457716156 2457644800
  9172   2388754897 329763726 2020728982 2388745772 2388754944
  80413   4249660427 711143369 104406186 4249740829 4249660416
  26864   2162365307 249438301 517389458 2162338576 2162365440
  50860   2792426023 330237738 71231287 2792375124 2792425984
  75151   3621757289 1199600904 1254547356 3621682289 3621757440
  78448   2155693537 1507548576 111035122 2155615120 2155693568
  44292   2650628567 308095468 797312022 2650584316 2650628608
  43044   2725340923 610423315 1781038987 2725297884 2725340928
  12240   2241590861 1065938977 445407403 2241578800 2241591040
  103053   3444501611 2905972001 1501192551 3444604813 3444501760
  44817   3858367451 1825047103 894980539 3858322671 3858367488
  50752   3697020581 253085107 322327291 3697071424 3697020672
  71211   3664545167 2532970642 298273382 3664474069 3664545280
  29922   2776159493 976513963 2733146884 2776189410 2776159488
  7858   3106892039 866399965 1593170848 3106884174 3106892032
  81117   3093195829 2520196059 2949538414 3093114915 3093196032
  26451   4170817331 699700201 3302179882 4170843987 4170817536
  43106   3836493047 2044776520 2241488985 3836536162 3836493056
  10762   4120221361 3136617099 386503731 4120210678 4120221440
  34264   2780634839 403830169 1855052341 2780669144 2780634880
  43331   3190562939 1564397199 2719267894 3190519741 3190563072
  7467   2970449929 2297392742 386750969 2970457387 2970449920
  116820   4220502133 2552845869 1235313197 4220619092 4220502272
  48282   2597988031 2493990849 1660313501 2598036378 2597988096
  23555   3029954927 466645394 2051376718 3029978627 3029955072
  21262   2869824409 2375171970 1350529534 2869803250 2869824512
  52348   2881743677 1186921051 497182953 2881796220 2881743872
  51972   2600144537 497220108 2301623626 2600092668 2600144640
  98750   3011066483 2945125384 2668955960 3010967874 3011066624
  45927   3983798779 893646726 671362814 3983752857 3983798784
  24596   2316942961 59099339 1574050032 2316918508 2316943104
  87898   2933900243 244314589 2387602969 2933812390 2933900288
  78637   3418613201 2403391290 1520848793 3418534611 3418613248
  68673   2881330073 958929642 2783319165 2881398849 2881330176
  103976   3900617821 2564282509 2861810637 3900514008 3900617984
  69411   3875249143 1243662747 619649191 3875318563 3875249152
  43391   4001968757 2388071063 1260769516 4001925505 4001968896
  3376   3258164381 1279072077 2470449171 3258161104 3258164480
  86008   3019140317 788344585 2570653648 3019226360 3019140352
  8106   3403587181 350195410 1382344886 3403579222 3403587328
  112579   4173014999 4145123025 1529706254 4173127619 4173015040
  17823   3204860609 1077842885 721728230 3204878495 3204860672
  7533   2957310539 1148687025 2345661547 2957303187 2957310720
  43998   3178189463 986133885 249069142 3178145570 3178189568
  34311   3236413501 1347019808 2272805649 3236448007 3236413696
  106252   4085169203 2026607260 1616392089 4085275660 4085169408
  5291   3800954317 2689036491 1523119497 3800959659 3800954368
  91152   4252354363 1091024295 3438609404 4252263408 4252354560
  965   3804178517 2117795070 544483064 3804179653 3804178688
  24678   3317537801 709245628 664578321 3317513114 3317537792
  19866   3199246957 1597960503 3104208363 3199227238 3199247104
  8933   3629658997 1948727236 2013169183 3629650203 3629659136
  103080   3726206227 1455928645 2711222085 3726103128 3726206208
  53936   4165516777 3388040749 1013212228 4165570736 4165516800
  15182   4071738173 3283123845 3002937596 4071723186 4071738368
  30740   2359028017 701166063 243498928 2359058708 2359027968
  102102   3703790591 277129345 223903378 3703688490 3703790592
  80572   4059044147 4051289602 1394410275 4059124924 4059044352
  26916   2859130987 345917661 957635750 2859104220 2859131136
  86566   3722459911 1545997473 1398475369 3722373338 3722459904
  21542   2532303997 1753949471 340892661 2532325670 2532304128
  3632   3307158781 2873934045 30092020 3307155152 3307158784
  100941   4275648001 3339109501 3846565627 4275748941 4275648000
  3738   3425634463 2769184297 2709082984 3425638298 3425634560
  94280   3294333881 2595724878 3076088896 3294428232 3294333952
  59416   2693807503 1761403352 2155198627 2693867032 2693807616
  27075   3008806583 2893141086 906525733 3008833731 3008806656
  16744   2965017037 2070037783 1439025136 2965000344 2965017088
  17657   2958481817 915723326 549749371 2958464263 2958481920
  6016   2518657931 1031343269 372161616 2518664064 2518658048
  38182   4038441863 370168398 1814462269 4038403802 4038441984
  25623   3846179299 439152253 2657506459 3846204951 3846179328
  40611   2887410989 1258222884 2151567088 2887451555 2887410944
  8268   3080294353 2566756750 482981609 3080286132 3080294400
  24825   3117528749 723660943 2480488351 3117504007 3117528832
  31042   2257459241 349232416 1355661189 2257490242 2257459200
  37270   2175845041 1635623399 1458801787 2175807850 2175845120
  63994   2796339551 1987692789 448200415 2796275718 2796339712
  21782   2475666901 1839934585 1924368782 2475645162 2475666944
  22575   2571415507 2219789527 1045942808 2571438127 2571415552
  1332   4034388947 3323517796 2905870381 4034390324 4034388992
  34572   3222639547 2764687390 177709994 3222605044 3222639616
  7492   4036983073 2004227560 3177004637 4036975548 4036983040
  16576   4128933383 86077437 3430124413 4128916800 4128933376
  53679   2695917269 770397938 211854233 2695863633 2695917312
  47086   2949159299 2285916355 1023871951 2949206510 2949159424
  76416   3998336989 521090031 1218175908 3998413440 3998337024
  73603   4207119043 1675673912 3523898681 4207045501 4207119104
  33242   4089294877 1899139046 3231782300 4089261606 4089294848
  25091   3028553981 641319432 935442551 3028579075 3028553984
  101950   3817396169 1215431987 590559636 3817498174 3817396224
  78651   2545673773 1556010038 1592080524 2545595077 2545673728
  1076   2558490283 619195263 1048427834 2558489292 2558490368
  7392   3102624311 3076450500 1184325860 3102631904 3102624512
  36369   4242794903 3893145839 1145592560 4242758639 4242795008
  91852   2201114533 769343061 146942054 2201206476 2201114624
  31354   2208707159 1506084090 161624117 2208675974 2208707328
  18444   3170110997 102726535 1672708256 3170129420 3170110976
  54360   4129774511 3223126107 1683772509 4129828952 4129774592
  109442   4069201021 697379025 1455395591 4069091710 4069201152
  3607   2528140621 2006293521 312694903 2528137193 2528140800
  83320   2298389381 1991651456 2220775998 2298306184 2298389504
  64818   2376161341 1615432993 61492942 2376096718 2376161536
  79372   2694651961 679690582 2668642677 2694731532 2694652160
  106233   3218596889 2106996674 382558552 3218490631 3218596864
  100010   2737869097 1093671874 504301754 2737769046 2737869056
  52865   2618636689 1421382042 447991656 2618689665 2618636800
  65636   2569233983 1788634638 2298177976 2569168540 2569234176
  47344   3289892899 1920152123 965971666 3289940208 3289892864
  15640   3318031393 594928223 544475979 3318015720 3318031360
  39011   3206684183 2224322746 1413078316 3206645149 3206684160
  56908   2390320601 1181189070 791285418 2390263732 2390320640
  34579   2231615479 415151511 1663914973 2231650067 2231615488
  69863   2376689023 306507017 1324192206 2376759015 2376689152
  36037   4259740153 546513131 309355817 4259704123 4259740160
  49940   3329118931 643194496 2152141740 3329069036 3329118976
  52686   2342814403 227487618 1230551140 2342761778 2342814464
  44364   3489260221 540259234 2712759888 3489215924 3489260288
  27456   3968845513 2269941375 1215869683 3968818112 3968845568
  24602   2156164729 2081014228 1997637838 2156140262 2156164864
  113300   3966584351 2058100020 770761029 3966471020 3966584320
  91232   4226485673 3097050674 2760014163 4226394528 4226485760
  38150   3959267803 620262014 2196527624 3959229690 3959267840
  75625   3732567197 1715731020 930821316 3732642921 3732567296
  27030   2715744071 1994371207 422575206 2715717226 2715744256
  67642   3094098229 2316680138 446299633 3094030790 3094098432
  38856   2628097399 1543918065 1912206271 2628058680 2628097536
  112638   3641234813 2764990715 3506039072 3641347582 3641234944
  108328   3831255583 2154567789 976464040 3831363880 3831255552
  107452   4246059229 1755462853 1250307627 4246166716 4246059264
  40712   3685312627 1747658905 146288489 3685272056 3685312768
  35132   3964914391 3093031651 1625758339 3964879300 3964914432
  3482   2655814883 910385567 426383299 2655818394 2655814912
  28763   2356156889 452861162 2089482230 2356128165 2356156928
  69621   4043631181 3382526164 2748326015 4043700981 4043631360
  33266   2839446041 2278394513 2770429865 2839412750 2839446016
  84818   2496004327 764860109 2435525584 2496089170 2496004352
  10387   2893000157 2731849892 2648136671 2893010579 2893000192
  77664   3042008309 2531604157 2349130405 3041930656 3042008320
  39192   2583866849 2547362257 1218610706 2583906072 2583866880
  29774   3309406013 24470542 2266396692 3309435982 3309406208
  16137   3417315133 2632726613 561430797 3417331465 3417315328
  24923   4273594469 2285580698 525372687 4273619547 4273594624
  60878   3823766819 1036791806 2885228560 3823827662 3823766784
  55923   2591675159 1586642486 2414122510 2591731059 2591675136
  64550   2767586071 1554873568 1842140207 2767650598 2767586048
  52452   3824373013 3549254976 1787985208 3824320540 3824372992
  31403   3968864407 3284701423 931620518 3968833109 3968864512
  74420   3197892421 2678491565 1919235736 3197818188 3197892608
  51624   2820346883 736506045 215003443 2820295256 2820346880
  105909   3517457627 24355077 280122925 3517351755 3517457664
  66684   3474601583 2948501323 2976665615 3474535044 3474601728
  36598   3950800277 146460025 3524488413 3950763786 3950800384
  81192   3785145751 3504510782 88946658 3785227048 3785145856
  58532   4023747367 2701408339 3517763342 4023806116 4023747584
  89878   3390164831 1183622339 2783876172 3390075114 3390164992
  79546   2734121801 407447939 2229586896 2734201530 2734121984
  85890   4156598161 706540270 1644053875 4156684162 4156598272
  34483   3370989553 2949736509 2615193661 3370955085 3370989568
  71624   3605548201 1493065413 2378347325 3605619912 3605548288
  14304   2809179623 380443970 1775139221 2809193952 2809179648
  56984   2692533989 2538190846 851044288 2692591000 2692534016
  62452   3004898371 1228442880 2111242255 3004836108 3004898560
  24662   3153022603 1625023462 2396208537 3153047382 3153022720
  80357   2930553677 487252720 2885546425 2930634213 2930553856
  95814   4011813941 3799681190 2172889954 4011909958 4011814144
  58925   3138720731 3049352866 1321350274 3138779693 3138720768
  83875   2748462397 1934111652 1917162019 2748546467 2748462592
  91993   2360311663 1360915381 1020658636 2360403801 2360311808
  65737   2293623791 1309801039 524311680 2293689545 2293623808
  71008   2249561257 1321507978 1008387639 2249490336 2249561344
  61240   3613821821 141416334 3387121865 3613883192 3613821952
  66710   3493066231 717742277 2792816324 3493132950 3493066240
  26585   4201171693 3735986166 3015889460 4201145127 4201171712
  37141   2457906839 930191909 1870385087 2457944085 2457906944
  3880   3700996253 1799434089 3250265079 3701000232 3700996352
  20312   3008214571 54720551 1529694162 3008194216 3008214528
  8533   2162879557 1138078014 884139635 2162871211 2162879744
  109560   3900195851 2491054265 3396653718 3900305400 3900195840
  20476   3541830613 2245603499 3241322663 3541810180 3541830656
  2635   3138824501 2422647344 1034858598 3138827339 3138824704
  64530   3457551263 352611831 94292116 3457615890 3457551360
  104578   3003366721 904992249 1385715986 3003262334 3003366912
  13588   3152864657 2907920599 1667273880 3152878356 3152864768
  34211   3980536057 3421084496 1725591299 3980570275 3980536064
  37203   3432952811 2118946005 457442296 3432915629 3432952832
  61570   2380952437 1219207626 823123562 2381014146 2380952576
  26180   2413928873 2235113491 151733756 2413902780 2413928960
  11964   3587533141 464080386 2561315381 3587521348 3587533312
  60184   3600437179 2682453627 1615440610 3600377064 3600437248
  78404   2565331147 2263274651 1178626521 2565252796 2565331200
  52110   2893141117 2835149823 2506256020 2893089138 2893141248
  20928   2957528381 1278634497 1250354603 2957507648 2957528576
  125936   4229373367 2290826652 2450294119 4229499376 4229373440
  51582   3358682519 1860282857 790823820 3358631042 3358682624
  15546   2886905291 12145726 2702690786 2886889798 2886905344
  53292   2225017441 1044776842 1369470572 2224964308 2225017600
  75194   3206480093 1212895057 2735624953 3206555322 3206480128
  15024   2570203949 1676182491 1114920320 2570188880 2570203904
  83459   4257584777 335506014 3910858651 4257668355 4257584896
  32462   3602485153 834295549 2286497307 3602517710 3602485248
  29782   3277714777 2251325976 1598602818 3277744726 3277714944
  81953   3006958919 1520618072 2652358575 3007041057 3006959104
  39593   2364140203 947908828 1158993732 2364100695 2364140288
  70427   3354388753 939728361 1943890887 3354459163 3354388736
  18214   3648310181 601954391 2597116042 3648328486 3648310272
  5368   2215166171 1441708774 1777443537 2215160840 2215166208
  70180   4168493477 2112097179 337099819 4168563748 4168493568
  6800   3893729971 2975401569 2802120284 3893723248 3893730048
  99862   2848513937 1677977149 488929254 2848613910 2848514048
  3587   2884068203 1508495662 2094197924 2884071939 2884068352
  30180   2638429571 359639870 1664107068 2638399516 2638429696
  26620   3870378563 1011225853 2429043207 3870352132 3870378752
  2834   2194211549 192964523 76145766 2194208750 2194211584
  11132   2942702803 492356665 2337358410 2942713980 2942702848
  25862   3336649091 514622171 553409110 3336623354 3336649216
  56952   4037935589 1558721590 1490379635 4037878664 4037935616
  20998   3887066219 973992330 3714192974 3887045370 3887066368
  111459   4120521859 2089625055 4013257946 4120633443 4120521984
  21888   3431598403 1004615846 1618152985 3431620480 3431598592
  36965   3198902017 1492328726 1993758980 3198865051 3198902016
  41500   2404200413 2096889922 70598481 2404158948 2404200448
  49894   3698059187 160863592 2727703284 3698009370 3698059264
  57542   2353115081 262217730 935762486 2353172678 2353115136
  28130   2392913521 2323365564 2105864305 2392885534 2392913664
  120929   4228061419 3210428574 3079993155 4228182369 4228061440
  25562   3155035523 1766582204 3148461572 3155061210 3155035648
  24724   3623376727 687287455 3356486022 3623401620 3623376896
  36800   2168728979 1507599229 142861883 2168692288 2168729088
  15321   2598441019 2393606253 1974350532 2598456537 2598441216
  36828   2734353521 1570958983 2670038360 2734316836 2734353664
  6046   3741073477 3492460965 2234424788 3741079710 3741073664
  120768   4290266347 2569263402 141644077 4290387136 4290266368
  43568   3010231999 2743596204 1216107100 3010188496 3010232064
  91382   2845138333 2770578509 1515321378 2845047050 2845138432
  29938   3220852769 2266205232 337229133 3220882674 3220852736
  74605   2841612181 207914109 288966180 2841686893 2841612288
  83220   3573362497 1432389971 1327621133 3573445908 3573362688
  67227   4169534951 1235523629 1993478554 4169602203 4169534976
  80000   2729691199 307581284 1583010774 2729611392 2729691392
  112156   3711375113 1854706238 534866773 3711487260 3711375104
  59981   2618494223 1269328148 693722758 2618554189 2618494208
  94232   3094080329 1303805946 2119050677 3093986280 3094080512
  76185   3061921157 1135415678 2110794105 3061845095 3061921280
  34394   2955035077 2616395969 2907434292 2955000742 2955035136
  16050   2415973897 248254939 907665489 2415957838 2415973888
  17354   3966910177 3389372935 221574601 3966927562 3966910208
  103170   4041831023 3612979112 944107019 4041727998 4041831168
  11822   3306569767 2220644780 1111607290 3306581550 3306569728
  58907   3232704383 2950672459 1517024311 3232645605 3232704512
  102384   2927180723 2756199245 2679190595 2927283184 2927180800
  66692   2839311647 1280818247 2316876886 2839244924 2839311616
  65611   3134670829 950066478 1385148767 3134605237 3134670848
  46722   2993092213 1611756360 2045330292 2993045630 2993092352
  32510   2175593831 1167363787 923376216 2175626494 2175593984
  24817   4127466709 1785160297 716704082 4127491569 4127466752
  32239   3956404013 2928744167 1481088833 3956436463 3956404224
  5283   3781717553 450405716 2011182067 3781712477 3781717760
  53296   2888340109 1746456421 735762918 2888393520 2888340224
  69142   2941570007 2923861229 1380995827 2941500906 2941570048
  16170   3054847823 885753979 1367446193 3054831830 3054848000
  114435   3399761461 1690944015 998983019 3399647229 3399761664
  21123   3083423789 74976863 1275712848 3083402621 3083423744
  52466   2779839613 1465085581 664403918 2779892210 2779839744
  75137   4080394363 3416801866 3009281850 4080469633 4080394496
  24667   2458718429 1527223382 619785027 2458743131 2458718464
  78611   3003018449 2622580636 879678382 3003097107 3003018496
  29119   4126690759 428505669 2101725963 4126661697 4126690816
  62002   2518742257 1971896574 2437749874 2518680270 2518742272
  10396   3846971707 1075398362 1865209984 3846982300 3846971904
  46448   2445081187 2352310353 131963215 2445034896 2445081344
  24206   2554055851 48943141 2073495657 2554080142 2554055936
  73550   3258199621 3227473060 374094845 3258273358 3258199808
  4348   3868390793 945183263 3370961063 3868386564 3868390912
  88211   3069201337 477709054 1008663747 3069113197 3069201408
  71244   3758515331 3496891038 676793404 3758586700 3758515456
  17498   2426641201 1988439861 1312296956 2426658650 2426641152
  22700   2382001249 693174643 811863309 2381978708 2382001408
  63267   3689309809 3206360975 2261786234 3689246685 3689309952
  27380   2787009893 115879134 2672070712 2787037428 2787010048
  30033   2257930319 737116579 1858348621 2257900463 2257930496
  71572   3470568379 1491741197 1634786264 3470496876 3470568448
  72297   2459600417 1705284331 369476556 2459672681 2459600384
  95603   3690483509 1700573207 2925217327 3690579315 3690483712
  55374   3688703561 3134047016 1086377230 3688759118 3688703744
  5028   2646196249 2551014009 1472776911 2646191196 2646196224
  89240   2549056567 2007003676 672542550 2549145752 2549056512
  45108   4076877787 2411134743 3371861605 4076922932 4076877824
  39780   3877032953 3460722323 3658387740 3876993180 3877032960
  86662   4210697333 4130090961 3899169988 4210784134 4210697472
  15066   3932530913 3410166743 857905464 3932515878 3932530944
  119866   4069920847 934111517 815449310 4069801158 4069921024
  25824   2481749561 2218158597 317540029 2481723680 2481749504
  85156   2353722467 2194571650 753324712 2353807780 2353722624
  44859   3869141699 1385037934 969441531 3869186619 3869141760
  50605   2766243889 905746728 898358277 2766294445 2766243840
  72436   2839547671 2345844526 367555539 2839620084 2839547648
  4444   2700045017 2284567032 2679902166 2700049500 2700045056
  19592   3320450137 2963673603 2494881784 3320469896 3320450304
  23496   4158200819 362494097 3029382385 4158224328 4158200832
  42998   3056585443 575766278 2655630726 3056542474 3056585472
  64645   3158185981 782925539 2191710043 3158121339 3158185984
  9388   4262989711 1189992562 1715467180 4262999212 4262989824
  13635   4227340421 3722655857 1051703505 4227354179 4227340544
  5480   3825300569 1951288814 2164885411 3825306216 3825300736
  8667   3971787289 1898914119 3355863836 3971778597 3971787264
  38916   4230159553 2214404773 1353427737 4230120700 4230159616
  40388   3054672001 644987075 973451394 3054712516 3054672128
  73970   2596471883 1355824998 1002175742 2596546034 2596472064
  47452   4117101491 781842979 1352757584 4117054116 4117101568
  26980   2916167717 2214560700 1116792340 2916140700 2916167680
  41920   3402010939 2266064488 1827011855 3402053056 3402011136
  33937   3770280307 151160987 2494507139 3770246511 3770280448
  114420   4242282911 3184818438 1679149753 4242168588 4242283008
  36277   3390026587 1664228169 425065842 3389990475 3390026752
  56364   3195151433 1421794809 1206231269 3195095252 3195151616
  8458   3082424773 2983182985 1796119800 3082416374 3082424832
  53647   3056897083 2206172069 2472709659 3056843633 3056897280
  4100   3204450311 158519561 2536631745 3204454404 3204450304
  58124   3426865501 708586896 813634751 3426923788 3426865664
  9997   2478790049 1674534052 72954716 2478800141 2478790144
  1042   3088383349 1854895682 1582745044 3088382446 3088383488
  32060   2284085471 955374633 2134123684 2284053444 2284085504
  76340   3933713233 1964450974 381606148 3933637068 3933713408
  45696   3304885219 3010261712 2088837629 3304930944 3304885248
  62784   3149170109 2061394521 1902037572 3149232960 3149170176
  66514   2792197483 2496113381 1050727915 2792264146 2792197632
  27870   4233881987 3080462521 3399587236 4233909982 4233882112
  84913   3453401009 1203792761 2130136006 3453486001 3453401088
  37380   2587045729 153889427 3741140 2587083268 2587045888
  57883   2625453529 1089467799 1262508440 2625395685 2625453568
  8698   3677731207 3552071843 3478488398 3677740026 3677731328
  7551   3721706993 2523515979 2977215082 3721714559 3721707008
  77705   3482060431 1381046658 2205986339 3481982839 3482060544
  54252   3301335013 2780629405 2819053783 3301389292 3301335040
  59198   2694968071 860441599 1236744613 2694908866 2694968064
  64810   4193308571 2117628893 2629626938 4193243862 4193308672
  30420   3680562553 1972668993 1037670881 3680532268 3680562688
  71717   3226704571 1278299950 671229674 3226776357 3226704640
  29670   2595157679 1416891345 2444066087 2595128090 2595157760
  39760   2529068863 2006759468 682343651 2529029296 2529069056
  3859   3297142033 2801227573 2777595843 3297145875 3297142016
  4484   3490954013 979555942 1097076150 3490949500 3490953984
  49403   3973201867 840358766 2801095492 3973152517 3973201920
  27248   3850028473 3573968288 1216375571 3850001296 3850028544
  40500   2469315313 775740151 1577863094 2469274828 2469315328
  30742   3073090369 2073692663 124257549 3073121302 3073090560
  46276   3891906269 475768999 2808802605 3891860028 3891906304
  821   4050338333 3189267990 2337868307 4050339125 4050338304
  112530   3686007407 3331499450 1849967597 3685895022 3686007552
  32455   4081785131 769362556 2159143585 4081752889 4081785344
  63763   2376318247 962434285 665399825 2376381971 2376318208
  73310   3921245299 1264518973 2419312809 3921172130 3921245440
  9351   4270417951 2894645031 1373743287 4270427271 4270417920
  63200   2468355577 627214217 698625974 2468418784 2468355584
  95503   4251846691 1019828166 2120999568 4251942159 4251846656
  89137   3095014331 1676342013 2489264834 3095103537 3095014400
  23450   3199395299 719360707 117595388 3199371878 3199395328
  43420   2598811739 569664902 1383791217 2598855324 2598811904
  47709   3551168083 314592326 2674025047 3551120547 3551168256
  38030   3663721753 2616123145 785863669 3663759758 3663721728
  17856   2399842493 250112675 89998952 2399860416 2399842560
  7700   3320691467 2285123182 2428402593 3320683756 3320691456
  790   3155122403 325804717 1985974148 3155121642 3155122432
  18601   3526697227 2417875580 909244651 3526678615 3526697216
  21246   3243869341 1046551813 62115891 3243890686 3243869440
  60116   2442619903 589854103 146961453 2442559788 2442619904
  28850   4171644811 4096700940 3783881502 4171616078 4171644928
  74062   3591284633 2513664764 3378918809 3591210674 3591284736
  79628   3762979159 2307180846 2701210508 3763058956 3762979328
  24836   3814754687 2157875537 1905466242 3814779652 3814754816
  33824   3636402893 54555098 764227430 3636369120 3636402944
  96260   4065890557 674543970 2819338341 4065794300 4065890560
  54598   2875740743 1325670771 535099162 2875686330 2875740928
  12251   4186195529 2313451949 604741173 4186183461 4186195712
  46864   2529543911 2048603487 697236752 2529590800 2529543936
  81302   3739021171 2702957838 1705978988 3739102614 3739021312
  10567   4171770133 3153847760 539340984 4171759545 4171770112
  35681   2993307743 1938122629 2522062723 2993343585 2993307904
  79711   4057190903 582822425 1413462480 4057270623 4057190912
  15972   3076599727 1302978391 1652553247 3076583836 3076599808
  48252   3375373873 2995041492 1107547915 3375325828 3375374080
  118144   3526080163 3263579434 2878630710 3526198400 3526080256
  96133   2556154439 71350210 573330995 2556058491 2556154624
  82132   2832064793 2198496494 21048475 2831982636 2832064768
  52132   3379518253 3033010600 2872583590 3379466076 3379518208
  13624   2215807159 1908290866 262029093 2215793608 2215807232
  81225   4072461389 2053002124 2692029435 4072380343 4072461568
  51968   3052763341 1394233924 1593236126 3052815360 3052763392
  56786   3826300103 1055219229 1064746455 3826356946 3826300160
  18353   3556121059 2072205378 792276057 3556102735 3556121088
  50300   2575170539 2226870081 272953878 2575120260 2575170560
  51964   2708742677 875133045 1847351237 2708794620 2708742656
  77104   2515431253 1629532174 1784107347 2515354320 2515431424
  40003   3783543503 2432326891 2647278965 3783583555 3783543552
  84969   2486748029 975437229 1543052948 2486663191 2486748160
  20147   2564787301 1442180370 46640640 2564807603 2564787456
  30192   2657575897 762759392 1496101043 2657545744 2657575936
  12616   2376527863 1770407379 861472190 2376540488 2376527872
  88266   3656073041 2765689891 3516746809 3655984950 3656073216
  7772   3071448953 125031222 1042337784 3071441316 3071449088
  72657   3862671601 1646132946 3451440381 3862598959 3862671616
  5067   3913823981 3046820216 635046483 3913829067 3913824000
  13267   3899826661 1071733551 952772648 3899813421 3899826688
  14259   3578033219 982699633 950363864 3578019149 3578033408
  40533   3957907801 1359586905 3937495432 3957948501 3957907968
  38215   3794853947 2109271080 1173721197 3794892359 3794854144
  29344   2627920991 2179735582 1476077792 2627950496 2627921152
  65320   4049617171 3233844512 2865929614 4049682472 4049617152
  20310   2747396279 2354686065 1346316989 2747416662 2747396352
  57000   4157472841 2265987641 2618073557 4157416024 4157473024
  39924   3726241837 2812600341 3523426984 3726202124 3726242048
  50368   2820029909 1420549683 366033978 2820080320 2820029952
  88271   3606628357 3092114827 393359314 3606716623 3606628352
  73704   3617723897 2309690169 741438271 3617650200 3617723904
  13438   2771130311 2115329601 1144198749 2771143806 2771130368
  22760   2150094277 1541687535 1585427241 2150071576 2150094336
  20726   3179545289 1564064489 1984886813 3179566070 3179545344
  6864   2354964217 2319730497 1247631718 2354971088 2354964224
  8887   3117999791 2625809748 2940600310 3117990985 3117999872
  10896   2898417437 2469602237 1666562208 2898428304 2898417408
  60396   3841223017 2512917231 2673132980 3841162772 3841223168
  51268   2874811649 1000566066 847713667 2874862916 2874811648
  10279   2367701573 1594346226 344254320 2367691481 2367701760
  54321   3890733013 2521491143 3238597535 3890678735 3890733056
  87148   3937830679 2056611502 1394536253 3937743508 3937830656
  20828   2639636611 1118799274 1166062602 2639615908 2639636736
  103707   4112771107 644311382 3925644202 4112667365 4112771072
  73063   4276664453 4037795375 3118868384 4276737639 4276664576
  23724   3837770003 3296373105 3292158830 3837793708 3837769984
  3028   3442145407 1456193089 2197740755 3442148564 3442145536
  39971   3826700363 171651300 1143093641 3826740515 3826700544
  67454   3513707311 3304427849 1147504523 3513640066 3513707520
  6136   2668760893 654921395 1069215832 2668754952 2668761088
  97974   3324314363 3026804734 176436729 3324216394 3324314368
  32115   2873047871 1363531802 649920286 2873015949 2873048064
  10060   3713338469 596346695 1659089983 3713328564 3713338624
  103970   3865617157 3768599183 1424548668 3865721122 3865617152
  79240   3041836753 737097558 2203318230 3041916040 3041836800
  33496   2235573601 171705423 988260311 2235540264 2235573760
  30691   3543913033 3216550044 1033709582 3543882525 3543913216
  65533   3981558337 969615109 1780547859 3981624061 3981558528
  28796   4102260881 3030448822 1446963442 4102232196 4102260992
  14132   2285995759 1661700169 104487758 2285981644 2285995776
  27084   3501827711 2696599262 1287723773 3501854924 3501827840
  100037   3698648497 1470061634 865737540 3698748613 3698648576
  75868   3346998829 1583919350 3257590845 3347074652 3346998784
  100318   3142658657 494160661 236383153 3142759134 3142658816
  27040   3280268819 1995229833 1971968175 3280295840 3280268800
  10614   3927930509 1956594859 2869604553 3927920010 3927930624
  53913   2322673817 272448419 1839184507 2322620007 2322673920
  64380   2732548969 718536797 554600500 2732484740 2732549120
  32499   3086126137 49629852 2123587529 3086158835 3086126336
  60520   2774843251 808098219 118266074 2774903912 2774843392
  37623   3677431999 1480518247 3676291938 3677394441 3677432064
  69285   2345337559 581366429 292844134 2345268315 2345337600
  56702   2648915573 1159210942 1774138000 2648859010 2648915712
  10616   2614061563 277843264 2228724828 2614072184 2614061568
  20287   2925642311 238689269 2647869823 2925662783 2925642496
  7112   3585399751 3434923992 2989420575 3585406920 3585399808
  95408   3678537847 799436676 1738572318 3678442576 3678537984
  16940   4256386217 4024061500 2462649536 4256369364 4256386304
  17944   3251589221 170848945 583314133 3251571432 3251589376
  71685   2400687371 1104390160 993830481 2400615675 2400687360
  12332   2450314507 1852725600 208346103 2450326828 2450314496
  47923   3190193767 2851098390 2737512338 3190241843 3190193920
  37012   3136165451 1253092332 498163202 3136128620 3136165632
  28572   3938108453 1620891547 3438869519 3938079844 3938108416
  64635   2443126643 118789762 2150421552 2443062149 2443126784
  117060   3852752693 716812132 667984322 3852635836 3852752896
  48434   2373324509 1715219162 694275797 2373372978 2373324544
  13084   2273214277 1071829100 533880960 2273201380 2273214464
  88356   3386346283 636485558 2275428133 3386257884 3386346240
  64593   3223001723 1854045256 5235585 3222937263 3223001856
  99515   3438831497 3278138243 322633384 3438732101 3438831616
  14356   2392882451 950510761 657795381 2392868076 2392882432
  74298   4005976253 3288435807 3520768068 4006050618 4005976320
  57054   3159438973 2134521950 906768785 3159496158 3159439104
  78   2491288351 1108068433 1524900486 2491288398 2491288320
  30343   3199488629 225874742 448599469 3199519111 3199488768
  11567   2401958233 1029843823 2248306081 2401946833 2401958400
  4022   3692755327 3040710798 6376783 3692759478 3692755456
  5196   2655693329 1036656015 719669728 2655698508 2655693312
  44706   3873836459 3417396933 3397417585 3873881250 3873836544
  23991   2357229697 2143840191 300770374 2357253815 2357229824
  5638   2361963971 1021805156 1173559708 2361969670 2361964032
  89701   3065615821 2477973496 158844888 3065526171 3065615872
  70756   2698100429 1427291286 2172554729 2698171236 2698100480
  39882   2306206561 808344405 1139183282 2306246602 2306206720
  4244   2496288199 359427248 616886459 2496292500 2496288256
  40308   2468639801 1255600521 13488956 2468599436 2468639744
  37332   2835043969 1986373250 2803222435 2835006764 2835044096
  20478   3705802831 3499729449 3583264676 3705782530 3705803008
  48755   2603423951 2526166887 2521410056 2603375245 2603424000
  88193   2435954303 245295268 921288554 2435866239 2435954432
  3726   2957781479 1431361308 2409229207 2957785230 2957781504
  32636   3088762123 382874166 2348810757 3088794748 3088762112
  43109   2228971253 2093982520 1357111326 2229014373 2228971264
  57101   2213356363 1882827707 717414531 2213413645 2213356544
  48872   3246604799 2218893482 57062887 3246653672 3246604800
  3984   2236359533 597677963 1530561454 2236363664 2236359680
  73796   3253820653 179412930 905491514 3253746876 3253820672
  14448   2522372219 1746447075 728485163 2522357904 2522372352
  29077   2768905973 285636158 785732832 2768935061 2768905984
  9042   2314484749 862558463 245812725 2314475694 2314484736
  11923   2754846769 232731840 1420614896 2754834797 2754846720
  20336   4115012309 68222834 1938064289 4115032688 4115012352
  69265   3418430311 363681221 1919176574 3418499729 3418430464
  52915   3313297657 355651734 2437760713 3313350579 3313297664
  48011   3938225659 990598935 3092518659 3938177653 3938225664
  29160   2319961403 1696951144 839244636 2319932184 2319961344
  35547   2155234589 1359456476 2123507195 2155199013 2155234560
  55034   4213757467 3896275156 17749179 4213812474 4213757440
  41148   2447521403 2189272490 1842973387 2447562684 2447521536
  36516   3074575837 1737316914 2519277728 3074539356 3074575872
  51878   4073124719 2488919551 3114493232 4073176742 4073124864
  45070   3072558413 391309952 2967888949 3072513522 3072558592
  16100   3334950589 1456950663 2377627588 3334966756 3334950656
  55092   2601073003 2052533960 111327403 2601018060 2601073152
  7088   3040529147 89910934 193383776 3040536240 3040529152
  84323   2812355177 549484033 537382105 2812271005 2812355328
  23896   2923486453 535786558 589445280 2923462568 2923486464
  82454   4011623971 1528847224 1411151360 4011541482 4011623936
  11340   2813233637 2095675682 39311085 2813245004 2813233664
  15980   4268315533 2519001807 1680518393 4268299668 4268315648
  21910   3702360547 3525802560 1444160459 3702338666 3702360576
  9436   2784725149 1151786086 2161361762 2784734684 2784725248
  113360   4085605109 2249305904 450861933 4085718480 4085605120
  30128   3944505391 2537691105 1699551034 3944475472 3944505600
  54708   3012354157 2305496586 1415677295 3012299596 3012354304
  51457   3081750257 1875032487 1555204465 3081801729 3081750272
  9446   2251990001 519223699 163031564 2251999462 2251990016
  102740   3136527343 2374060366 2315360991 3136424620 3136527360
  14654   3827551787 1989576928 1250055951 3827537346 3827552000
  32643   2974797977 1452533943 251354648 2974765437 2974798080
  110526   4059074867 3791732780 3307795994 4059185598 4059075072
  21859   2606747903 991670858 2596036691 2606726045 2606747904
  89652   3735416653 3341732827 82531937 3735327180 3735416832
  14197   4102545023 1175230585 2670452959 4102559349 4102545152
  64650   3303409061 1990828702 848913776 3303344502 3303409152
  31373   2159651191 333869202 1569946801 2159619955 2159651328
  46606   2749859149 1010677269 1565483052 2749905934 2749859328
  72754   3158312747 1567580605 1198526158 3158239950 3158312704
  83741   4284057859 3493834513 1130835794 4284141597 4284057856
  4023   2312508001 1622587776 1602612895 2312504137 2312508160
  41907   3152025637 3032002061 2591868614 3152067507 3152025600
  110148   3218503153 1852903384 1670045837 3218613316 3218503168
  9867   2228265751 676318879 720667633 2228255861 2228265728
  96998   4278630931 1075334474 2246859003 4278533914 4278630912
  63325   2809826627 157554719 1704187873 2809763491 2809826816
  47496   3158027891 2609067822 620993181 3157980536 3158028032
  3014   2166841163 597673664 1484336751 2166844358 2166841344
  12426   2971044679 371896536 1411814784 2971032438 2971044864
  70239   3529142581 88678208 1817567610 3529213023 3529142784
  36494   2565953651 2412353080 1837570903 2565917298 2565953792
  94830   3179689867 1259723545 2866867674 3179595154 3179689984
  10521   3566077171 186548013 3502209701 3566087705 3566077184
  29724   3892545383 2936654640 3717803131 3892515812 3892545536
  35875   4260250921 650248812 1391814668 4260215261 4260251136
  6322   3734076839 550357924 1058903132 3734083250 3734076928
  77208   2814520199 1984362412 601646442 2814597528 2814520320
  73865   4124530087 2697903268 3235045437 4124456311 4124530176
  16986   3904560917 3252361341 451832264 3904543910 3904560896
  69867   3852038117 1462386383 3164215288 3851968277 3852038144
  68640   3792601513 1376501583 2026654591 3792670240 3792601600
  61896   2286542579 1051691356 915848821 2286480696 2286542592
  64042   3509370901 2433256689 328733938 3509434922 3509370880
  79064   2447434919 2425644982 750147646 2447514072 2447435008
  49500   3290876023 1026775540 507107255 3290826660 3290876160
  42175   3681762127 2450259740 1328311948 3681720129 3681762304
  15899   2655054943 1242431708 1656129265 2655039205 2655055104
  70726   3790358291 1813082792 2577701596 3790287546 3790358272
  111720   3920533613 482406705 1514182573 3920645480 3920533760
  22346   2807449811 2225293242 1113591243 2807427510 2807449856
  27030   3607428953 3089499739 1745745758 3607456150 3607429120
  82651   3199103261 689284344 952380261 3199020581 3199103232
  60770   2514105089 409678956 268780061 2514044318 2514105088
  74634   3321897179 2007231011 3272855521 3321971850 3321897216
  90889   4243446821 3956544398 1817307026 4243356151 4243447040
  6008   3499246423 1070605845 1396850072 3499240584 3499246592
  27674   3238904111 543786115 2217631995 3238931994 3238904320
  55958   3035674841 341686199 659939474 3035618922 3035674880
  34534   3753091883 952080458 280579293 3753126630 3753092096
  80482   2366518151 1474287007 2301555891 2366598754 2366518272
  120   4117129859 1842700780 2057868014 4117130104 4117129984
  43911   2430312881 17255992 568094893 2430356871 2430312960
  69707   4249400069 2105920814 3291216482 4249469771 4249400064
  48566   2801222929 1903240338 2392343017 2801174346 2801222912
  15012   3519795637 452093177 3000832295 3519780700 3519795712
  25336   2457638917 918634993 1933622331 2457613576 2457638912
  27212   2867079821 2807026390 1786067453 2867107148 2867079936
  5678   3790421209 1646847774 1736560514 3790426926 3790421248
  35683   2388965713 1910048755 208554215 2389001571 2388965888
  36614   2943755053 2942648313 82439069 2943791622 2943755008
  34041   2534913077 1681436282 1232544848 2534947065 2534913024
  73983   2770844719 1586607314 1502980655 2770918655 2770844672
  89113   2191226803 569429234 1461232248 2191315993 2191226880
  4977   2946493531 1928394451 1119413712 2946498673 2946493696
  19587   3317779193 1862265117 1890310473 3317759613 3317779200
  80930   3350135147 3063201754 1721177438 3350216226 3350135296
  22556   2778354991 2486843583 100521450 2778332388 2778354944
  46363   3974461949 94301109 3873564266 3974508315 3974461952
  110384   3484994633 141116588 600353493 3484884432 3484994816
  88847   2970423019 2658372155 2354916509 2970511887 2970423040
  44615   4018729811 1192284506 347692790 4018774599 4018729984
  92050   3050653799 282163865 2265279745 3050746002 3050653952
  58762   2674240343 90785390 2155826773 2674181750 2674240512
  78278   2677783529 1331726987 951055542 2677705274 2677783552
  41665   2537726501 1190221224 1099701483 2537684799 2537726464
  49277   3247008631 1244512881 2669101778 3246959491 3247008768
  60901   3306929449 2324735816 433215996 3306868507 3306929408
  88491   3972327319 3942653490 909605972 3972238933 3972327424
  45878   3944404459 2583368364 2280242196 3944358602 3944404480
  80074   4028377571 1419078747 3409873045 4028457674 4028377600
  15966   3442570099 1390629044 3171896324 3442586206 3442570240
  29548   2947191683 1489846948 388867648 2947162260 2947191808
  22920   2160994079 924676577 383640644 2160971128 2160994048
  81806   2405210281 833137602 807987788 2405292174 2405210368
  75344   2269459729 455178425 35690929 2269535056 2269459712
  38104   2197556513 664236173 2031897376 2197594584 2197556480
  37704   2778282379 426953359 2153871458 2778320200 2778282496
  2371   3697096259 1365067804 2927548980 3697094077 3697096448
  79118   2447874787 806404193 512459322 2447953934 2447874816
  70914   2582576977 425237047 1959598676 2582506238 2582577152
  56976   2852815283 1352598024 210297532 2852758384 2852815360
  56230   2511960397 2097293550 987411954 2512016806 2511960576
  67167   2269256239 1867291879 170256465 2269189025 2269256192
  2454   3874447097 1580021368 48511475 3874449558 3874447104
  88900   2487555703 541227871 779392371 2487466940 2487555840
  119852   3870209269 582311117 3367508307 3870089428 3870209280
  39221   3240032447 2241732708 1679648871 3240071733 3240032512
  17073   4214521189 51408537 3378554969 4214504271 4214521344
  14512   3029987227 291231760 2624129848 3030001840 3029987328
  20496   2784975119 482102937 150548995 2784995600 2784975104
  32736   2646748807 953630028 2259667669 2646781664 2646748928
  18516   3735813337 3369560326 3011292453 3735831892 3735813376
  54480   3704712541 1876199351 2257958420 3704767184 3704712704
  112155   3905716657 3630689090 2994655965 3905828891 3905716736
  74861   3813796933 1178664099 1551277709 3813722259 3813797120
  85440   3192954091 1136522422 1871389278 3192868672 3192954112
  88884   3513434923 3412530062 1914150895 3513345996 3513434880
  48593   3820255151 3448617646 1336446898 3820303825 3820255232
  18976   3727087471 3339120262 3319075745 3727106592 3727087616
  55532   3712967983 918311051 323640498 3712912660 3712968192
  22072   2317085821 449042179 2246691244 2317063880 2317085952
  34845   3399866861 846011369 2981656276 3399832035 3399866880
  71019   4242020213 592869160 439905539 4242091371 4242020352
  12733   3619550353 2915046247 495117987 3619563197 3619550464
  11759   3728960887 2378807448 1412843194 3728949265 3728961024
  117571   3540960097 1778352788 531095198 3541077827 3540960256
  5229   2188097533 863702717 1103401282 2188102765 2188097536
  55604   2437983593 866642751 346590539 2437928140 2437983744
  38632   3079829657 105845425 600552156 3079868392 3079829760
  72012   2430829393 375985087 402960513 2430901580 2430829568
  25806   4119681029 1637718664 2394006331 4119706830 4119681024
  5666   3211856161 986767175 1945512643 3211850462 3211856128
  86384   4174270739 3224997347 2973170790 4174357104 4174270720
  7476   3255972659 1688632653 1876021887 3255980340 3255972864
  57458   2536350623 1038674791 1370177135 2536293262 2536350720
  52568   3411155701 1270747571 1246795650 3411103144 3411155712
  55675   3305467687 1457892830 2555173530 3305411973 3305467648
  43882   2636993771 124452792 1358879917 2636949910 2636993792
  36764   2316821821 2050873855 1513442690 2316785252 2316822016
  25285   3797744651 3084018309 228315022 3797719355 3797744640
  37139   3802357621 1077659998 2567900932 3802394899 3802357760
  82792   4219171507 1357375553 83908780 4219254376 4219171584
  2072   3787015367 2185035524 2097068007 3787013352 3787015424
  5651   2438932709 611071501 727211617 2438927085 2438932736
  38839   3598227221 2522169083 3549880803 3598266039 3598227200
  9139   2605794259 1562656616 518341496 2605785165 2605794304
  3062   2809778813 1336951029 805779363 2809782006 2809778944
  95435   3987445867 2085055015 1463149312 3987350581 3987446016
  4215   2351910677 1083838515 980464422 2351906441 2351910656
  21117   3773627773 179715772 3335362803 3773649021 3773627904
  17608   2456452087 2134903558 401270248 2456434488 2456452096
  32405   3046846951 766056394 1137842593 3046814571 3046846976
  60857   3160462859 990527591 2270635272 3160523705 3160462848
  78602   4253333239 2059787710 203997438 4253254646 4253333248
  33780   3266033569 3086344121 21707701 3266067444 3266033664
  41711   2977387163 1680743313 1072508257 2977428975 2977387264
  71596   2193509639 1199056506 881877808 2193438036 2193509632
  3112   4022798933 1153891960 922792730 4022795992 4022799104
  72346   2516804093 1105289704 1837597927 2516731750 2516804096
  65648   3860101279 3311650776 3525980233 3860167024 3860101376
  61588   2796338029 1894139332 936074719 2796399764 2796338176
  89353   4201791947 2885799551 965490997 4201881353 4201792000
  29203   4043971649 3149057265 564907839 4043942637 4043971840
  49182   3054576323 1377909382 2747705502 3054625566 3054576384
  98984   3826563953 2813314637 3133739705 3826465112 3826564096
  30236   3060036433 1255385885 442865990 3060066844 3060036608
  87660   2287782851 581384309 1137811877 2287870572 2287782912
  37548   4263396937 2943818804 2207102650 4263359572 4263397120
  39383   3614232019 3583361166 3437348932 3614192681 3614232064
  42018   2219855947 1180645304 1234714256 2219814110 2219856128
  74231   2340445033 426564735 942839120 2340519415 2340445184
  95261   3251385737 2525275212 349894523 3251290595 3251385856
  13872   2275091971 1097356196 1081006444 2275078096 2275091968
  18956   2562045931 1607954988 160433457 2562064908 2562045952
  12050   3029155333 2874499739 1614574583 3029167378 3029155328
  98118   3922996841 1940912046 3784400764 3922898874 3922996992
  72769   2645249507 2406758093 820622945 2645322305 2645249536
  61883   3213687613 3053458483 3153144823 3213625925 3213687808
  67042   3851259551 1357014400 3443568991 3851192606 3851259648
  86370   3845132497 1565966923 2814323894 3845218914 3845132544
  87768   2708947273 2353042872 172982272 2709035224 2708947456
  95084   4006995739 3940121972 405116215 4006900628 4006995712
  31974   3750521057 1690929005 702565841 3750553062 3750521088
  77881   3644481839 2402989258 362267886 3644559929 3644482048
  37052   3710084459 841780083 3222623328 3710121660 3710084608
  98264   4123858883 2468517268 1688585677 4123957208 4123858944
  53629   4185773513 562932381 538681226 4185719939 4185773568
  78597   4223815963 3479416930 118919780 4223737339 4223815936
  48242   3431604941 1082057553 2314738639 3431556750 3431604992
  46824   2660956547 2656226841 1951227798 2661003496 2660956672
  58010   2169540977 1112493026 360614176 2169599130 2169541120
  52594   2368650773 355489087 805694590 2368703346 2368650752
  65666   3197301559 917170162 1749853104 3197236094 3197301760
  31740   4238562169 2265807989 482944600 4238530564 4238562304
  19257   3662751061 2644158504 401573300 3662770489 3662751232
  23008   2599574269 1873477572 365786009 2599597280 2599574272
  43657   3192693059 2399904632 2075182854 3192649591 3192693248
  102562   2957105497 648571539 1748564754 2957208226 2957105664
  94108   3132527813 2410139159 1354412950 3132621980 3132527872
  52809   4169221883 1006439118 2876216394 4169169079 4169221888
  20243   3053447743 1985677349 338697082 3053427693 3053447936
  60121   2332458277 635147687 1294956456 2332518361 2332458240
  36856   2393703359 672462985 298403992 2393666568 2393703424
  74524   3410410979 1577902920 3218372581 3410485532 3410411008
  45657   2844789011 850249493 648534824 2844743335 2844788992
  35474   3581303153 3176842980 3100865303 3581338770 3581303296
  36907   2581293733 2162912871 1076378250 2581256917 2581293824
  14595   2723077879 840538388 233315589 2723092483 2723077888
  72440   2348723921 307649190 1311158324 2348651528 2348723968
  25505   2478145279 639541199 943848458 2478119775 2478145280
  37692   4279812241 914948194 832612570 4279850044 4279812352
  66047   3700298417 2154572044 117672742 3700364543 3700298496
  74820   3226915961 3175137636 812075941 3226990916 3226916096
  61408   2410813607 1221472638 1765323842 2410752288 2410813696
  9946   2844150341 718590761 1553314025 2844140582 2844150528
  42427   2893976087 891686410 256692570 2893933637 2893976064
  89312   4281190481 3631445728 3886070839 4281101344 4281190656
  86401   2652435431 650140219 1974728319 2652521857 2652435456
  28232   3858409147 1245548045 2671058953 3858380984 3858409216
  87107   4098095233 1429285178 3107998636 4098182467 4098095360
  48783   3921132197 548971597 2354715569 3921083505 3921132288
  31474   3703373111 2269518686 557381863 3703404786 3703373312
  20514   2301302867 1554082569 1862345020 2301282526 2301303040
  68218   3227573033 2606729222 1523498390 3227641210 3227572992
  102841   2927528701 2747609451 2632355012 2927425863 2927528704
  10612   4019067193 549259986 3007567133 4019056780 4019067392
  62133   2864661467 2186034121 1996271764 2864599371 2864661504
  4412   2790815297 956505384 1179590863 2790819900 2790815488
  83093   3313797629 84351126 1907460656 3313880725 3313797632
  99820   3798164687 3163301079 218863586 3798264556 3798164736
  91550   2947922969 1082839826 2726028358 2947831394 2947922944
  46292   2662904957 2560749667 1786592017 2662858796 2662905088
  53539   2379629731 46238367 1276529916 2379683363 2379629824
  33344   3957140347 3216410659 673126780 3957107136 3957140480
  82272   2687100769 2652245451 632387551 2687018656 2687100928
  95123   4280371789 3620754789 3235502219 4280467091 4280371968
  40617   4234567837 1291977179 620847203 4234527319 4234567936
  2820   3231453509 1906049619 158696204 3231456516 3231453696
  5262   2527340393 1029523162 1695800674 2527335282 2527340544
  22890   2467461023 163313964 2053225056 2467484010 2467461120
  52106   2555058101 151163018 930932565 2555006070 2555058176
  66803   4011290243 1517459932 1952038932 4011357171 4011290368
  12402   2831422381 2539028507 494928222 2831410062 2831422464
  47259   3044803403 1307604623 273079892 3044756325 3044803584
  63044   4263253051 1898867972 3233370104 4263190204 4263253248
  60400   2245725289 1248848482 1445764656 2245665040 2245725440
  18797   2416125067 2131447383 935065717 2416143981 2416125184
  47168   2363008919 102005162 748319393 2363056192 2363009024
  26751   2187957509 1986617893 548133764 2187984255 2187957504
  27992   2830615517 1844471430 1785285385 2830587560 2830615552
  97212   3743153639 3323764257 1870877278 3743056452 3743153664
  23110   3980143729 2125932756 1407703400 3980120762 3980143872
  44923   2607883937 72687272 1372316280 2607928955 2607884032
  37648   2977935811 614450043 1083347197 2977898224 2977935872
  21195   4279074941 3515643549 3222778704 4279096267 4279075072
  45609   3169975241 791455483 504664934 3169929687 3169975296
  73322   4116000517 3229680280 3189557436 4116073834 4116000512
  72519   2782504471 1296488371 2017366756 2782576967 2782504448
  59452   3120772463 227394627 3044850106 3120832060 3120772608
  83772   3076410143 2123623635 2597647256 3076493884 3076410112
  38872   2518197173 2070309675 1779596674 2518236120 2518197248
  13864   2623233763 2220563113 100677068 2623247656 2623233792
  57308   3038489257 1897403834 2893282047 3038546652 3038489344
  53133   2230460399 1085886357 622294272 2230407283 2230460416
  84987   2773035703 641599461 215981468 2772950789 2773035776
  69701   3497059019 3440385984 466396253 3496989371 3497059072
  104053   3432592027 1568570385 777150512 3432488075 3432592128
  27813   3468922747 3203782437 400796589 3468895067 3468922880
  34516   4149279977 2811765760 2180165864 4149245484 4149280000
  55670   4142341949 1123144063 2798749545 4142397814 4142342144
  67629   2440809269 1081977290 2148409331 2440741587 2440809216
  77292   3776214881 1128601127 1155276163 3776292332 3776215040
  73109   3138061187 2304469336 1971830379 3138134421 3138061312
  37936   3095844707 2794252890 941195755 3095806928 3095844864
  27332   4279348459 1854529349 1481371068 4279321148 4279348480
  76993   3801222281 3301901304 1162838853 3801299393 3801222400
  98845   2501326931 1170436765 1709357895 2501425949 2501327104
  8870   2403885613 929962095 712608255 2403894438 2403885568
  15503   2732670979 1779677638 5345705 2732686479 2732670976
  82346   3357708293 2568091173 3354819688 3357625942 3357708288
  36904   3616335631 3358930689 3118070997 3616298712 3616335616
  42128   3301465759 1830951060 52309969 3301507984 3301465856
  8082   3402181469 556899360 2330355978 3402173550 3402181632
  89260   4073523581 534047600 316525549 4073434452 4073523712
  54480   2228297689 1156027771 1629186072 2228243248 2228297728
  23106   2504142301 845660401 737450353 2504119230 2504142336
  10771   3975593879 3932605567 722732075 3975604755 3975593984
  7944   2596826051 845560407 641918838 2596818168 2596826112
  71148   4121160853 1487524097 917580524 4121232108 4121160960
  40330   2688971179 2429423383 732464033 2689011594 2688971264
  2258   2703377221 680607770 125572805 2703375150 2703377408
  85849   3645845513 768972200 2171764269 3645759655 3645845504
  36600   2852911231 1449395226 1508523814 2852874760 2852911360
  86434   3617641253 185374415 2807034617 3617554782 3617641216
  39762   2794780591 1826227051 889560539 2794820434 2794780672
  44735   3058811573 2366338904 1703558045 3058766913 3058811648
  1592   3928839337 253770447 16158198 3928837832 3928839424
  51878   2451163103 576320044 1946113176 2451215014 2451163136
  111180   4155159979 673022743 3018426038 4155048884 4155160064
  50401   4024517767 1946858966 645101064 4024467487 4024517888
  32080   3816219349 1910397930 1486374417 3816251472 3816219392
  56686   2244191683 253502268 2105995974 2244248430 2244191744
  10064   2765427851 1198144286 750840852 2765417904 2765427968
  389   3072337603 2056123996 1759936768 3072338053 3072337664
  68385   2672342903 1963631135 2488846940 2672411425 2672343040
  4944   2308457351 145826293 1592262061 2308452528 2308457472
  104019   3136101109 2702335826 1347047520 3135997101 3136101120
  44900   4268179147 370030523 455368960 4268224100 4268179200
  52793   3890673847 495191089 2673192580 3890726713 3890673920
  30180   3028734221 298535874 111870826 3028704028 3028734208
  78600   4202489719 937901208 57631822 4202568456 4202489856
  49350   4084442119 3324121200 1979115121 4084392762 4084442112
  30874   4102919477 4073585223 1971801772 4102888806 4102919680
  38408   2998276327 2529846215 2261220426 2998314760 2998276352
  36811   3198750773 91607203 1578534298 3198787787 3198750976
  36224   2585427563 2580670476 1853898061 2585391488 2585427712
  33817   2999379347 815748760 2601177564 2999413273 2999379456
  64045   3786009641 3269841429 598308225 3786073645 3786009600
  10720   2321624299 1339000064 1904712916 2321635040 2321624320
  55580   2176550081 2011750811 2023574735 2176494564 2176550144
  94586   2699439871 19121770 1156885123 2699345286 2699439872
  95851   3429806531 1731347035 1089215491 3429710741 3429806592
  19072   2295607063 1944689528 1565250201 2295587968 2295607040
  82332   3584567801 1560321296 407518484 3584485476 3584567808
  5921   3529240027 2816722676 2826673879 3529234143 3529240064
  4397   3377616617 1269988136 1543993750 3377621037 3377616640
  75928   3656775919 87500304 1758728247 3656851864 3656775936
  81480   2395492207 460121487 1957345562 2395573832 2395492352
  103358   4062874757 633064917 2823948895 4062771522 4062874880
  75717   3276406297 1401873006 1859303600 3276481989 3276406272
  47270   2612725459 1368884744 2114679415 2612772774 2612725504
  16135   4038729769 3437691213 3943920661 4038746119 4038729984
  89440   3744047543 3381070513 1423616107 3743958176 3744047616
  68314   2573983553 325654814 1199218611 2573915430 2573983744
  118091   4214161283 2990879999 4041952549 4214043317 4214161408
  13004   2889240143 2327735649 1635110563 2889253324 2889240320
  21330   3252825001 1690731378 1644053643 3252803758 3252825088
  37638   2799696619 969101000 1312737358 2799734278 2799696640
  83495   2399033027 1180100936 277936241 2398949593 2399033088
  69684   2963619101 2954668075 409453786 2963549388 2963619072
  18890   3133791191 2113528141 2671842084 3133772342 3133791232
  11574   3741929579 1010113595 2810433667 3741941302 3741929728
  103325   3387236767 1669026928 1656923031 3387133539 3387236864
  59140   2175694337 1456759565 246973558 2175753476 2175694336
  47792   4007936183 751216010 3674657113 4007888464 4007936256
  18283   2372877631 1380604776 2172363761 2372896107 2372877824
  27734   3694245983 3425639744 2600392744 3694218410 3694246144
  46463   3944955023 3304487330 2700172839 3945001599 3944955136
  60258   3154816261 2665275561 2768194594 3154876514 3154816256
  71045   2459949017 2256057215 962639319 2459878011 2459949056
  90056   2451334373 933533749 365546573 2451244344 2451334400
  27108   3263765663 1013714434 634589317 3263792868 3263765760
  15116   2198050313 1198204748 1196357912 2198035188 2198050304
  46162   2328535207 194686470 672250795 2328489134 2328535296
  79447   2478839437 1385679917 135706294 2478760105 2478839552
  84744   3110482339 1119056566 1566482567 3110397688 3110482432
  70081   3510044141 3252217955 3457648945 3510114241 3510044160
  40999   2907910567 2269924219 593876337 2907951655 2907910656
  50372   2724776059 1646942845 1264935894 2724826564 2724776192
  89056   3971220949 608507732 589181707 3971131936 3971220992
  21974   4256435389 1521110794 2125236986 4256457430 4256435456
  59293   3259995301 1000962170 393388469 3260054685 3259995392
  64394   3832564961 677244284 259304449 3832629386 3832564992
  6471   2618534371 45322531 123180990 2618527929 2618534400
  71440   2844667169 335950731 2823847125 2844595696 2844667136
  36279   2254521497 2043297436 943725436 2254557879 2254521600
  37597   2953457987 92974822 2625475007 2953495773 2953458176
  17562   3989984693 3574587069 3332014316 3989967206 3989984768
  5540   2415052973 1507902076 601599452 2415058596 2415053056
  103326   3623108569 434968938 1156237578 3623211934 3623108608
  48812   2845807817 2728172209 1088723855 2845759060 2845807872
  42314   2343958961 1092351495 1268043403 2344001354 2343959040
  58717   2499384793 2027790937 432156276 2499326115 2499384832
  6954   2999414599 2113326342 1015427587 2999407830 2999414784
  71388   2177280181 299622207 2015444354 2177351644 2177280256
  19496   3481844077 1891715560 1945180403 3481863720 3481844224
  19034   3310530961 1278435480 1981426597 3310550106 3310531072
  57504   3470927651 2744294975 2540733553 3470985120 3470927616
  46680   2889357011 954297047 337863467 2889403736 2889357056
  66851   4039597637 745185350 925553981 4039664675 4039597824
  41424   2323116247 1910404860 2059234790 2323074864 2323116288
  82069   2446500443 1699520348 763314496 2446418539 2446500608
  42988   2271286229 985125031 1317090841 2271243284 2271286272
  30475   3651357239 407330652 498765993 3651387915 3651357440
  7188   2882353547 2267604449 27416821 2882360852 2882353664
  60051   3213742877 3146734643 2555673655 3213802899 3213742848
  42306   2530311863 2257495603 407315574 2530354242 2530311936
  94540   3897110669 636403082 1901172930 3897016244 3897110784
  45044   2497783733 366141197 1174438791 2497738764 2497783808
  45353   2703415487 1022876356 1016978660 2703460905 2703415552
  53852   2429634043 2228271033 1993602215 2429687900 2429634048
  23908   3979550447 1387222436 995673626 3979526556 3979550464
  55008   2332200799 1559742514 1527886955 2332145952 2332200960
  28029   2203258163 150094746 644668963 2203286141 2203258112
  84550   2657115421 764096261 2585916017 2657199942 2657115392
  108030   3694826347 971707634 454754761 3694934526 3694826496
  44168   4046490251 2573883781 3504541544 4046534536 4046490368
  21884   2844436207 875428725 1192939551 2844414340 2844436224
  65664   2754442709 370012493 1316902664 2754508416 2754442752
  36388   3651728863 3449136167 3215204161 3651692508 3651728896
  57237   2235946819 523506599 1982143669 2235889771 2235947008
  77277   2500942271 1142188563 2117377887 2500865059 2500942336
  18381   3632533501 1535066744 2178937284 3632515123 3632533504
  2284   2745989747 1853336234 1146071156 2745987604 2745989888
  91843   3775689871 904115150 1678462499 3775598141 3775689984
  29652   2418982463 440163933 783920369 2419012308 2418982656
  50144   2494787453 1835530653 2381956533 2494837728 2494787584
  50501   2482914767 2398321378 2424470842 2482864315 2482914816
  4288   3099173867 2172670131 102229667 3099169600 3099173888
  79176   2567971751 1576220969 1481726067 2568051016 2567971840
  27920   2733740951 229669107 2328778058 2733713136 2733741056
  69252   2162619517 71471864 1297366109 2162688900 2162619648
  13641   2635715591 1645617488 668403182 2635729225 2635715584
  77149   2291987153 185582694 1130974555 2291910051 2291987200
  114684   3817097369 3382198960 722794601 3817212156 3817097472
  54980   2361146113 728285771 1553878019 2361091132 2361146112
  33974   2722919977 771445752 1400100120 2722953910 2722919936
  39574   3266613947 1808224572 990406320 3266574442 3266614016
  18944   3669084941 3402966415 3151861516 3669103872 3669084928
  76566   2801922967 371481859 2709512128 2801846506 2801923072
  3344   3920069891 2568020140 23873203 3920073232 3920069888
  20995   2996446657 417019214 1226877408 2996425725 2996446720
  35760   2280502513 1520697140 699432592 2280466768 2280502528
  78068   3586770073 1062114749 1281745946 3586692108 3586770176
  69009   4025451613 1260527260 1404642875 4025382767 4025451776
  65970   2438239259 1163506917 692243149 2438305202 2438239232
  50108   3567918559 1328696595 3198819924 3567968700 3567918592
  91795   2860551601 2665802036 2787541354 2860643475 2860551680
  10804   2727937601 807602222 679751943 2727926988 2727937792
  71242   3164411377 291365613 267931671 3164340150 3164411392
  61567   2898277961 1721465589 570145810 2898216577 2898278144
  33524   2330314937 1809991670 671594456 2330348532 2330315008
  56514   3107107847 496308876 2486648330 3107051326 3107107840
  2850   3534242297 1751342727 3428912748 3534239454 3534242304
  74775   4183885763 2047225631 789879395 4183811049 4183885824
  14608   3776683783 2459590226 2973392247 3776698384 3776683776
  53745   2313649061 357047671 2210196256 2313595407 2313649152
  42476   2234948201 974217593 1317492240 2234905876 2234948352
  43628   3185407783 2384380581 2824191486 3185451372 3185407744
  85699   3442388309 523883403 2323799451 3442474179 3442388480
  58932   2648977973 2103533517 2095166084 2649036852 2648977920
  20724   2158510691 1859308229 901679258 2158490124 2158510848
  55855   3465125753 185529629 1830624655 3465181743 3465125888
  35648   2354522893 895376457 744654228 2354487232 2354522880
  48004   3014325557 35035415 2538091045 3014373764 3014325760
  63169   2825582153 822636087 129458684 2825645505 2825582336
  50967   4285160119 191107216 3604686354 4285109225 4285160192
  75317   3233152709 2268227115 2021903424 3233228085 3233152768
  59768   3507250429 3450696065 789622317 3507190664 3507250432
  38924   2319613427 394555685 1054111348 2319574516 2319613440
  91486   3578323597 3197177482 1442425573 3578415198 3578323712
  83030   2399422187 1764117934 2269974721 2399505238 2399422208
  79021   3764339473 1880257666 1735182382 3764260435 3764339456
  52822   3188892649 736810896 1899984131 3188839850 3188892672
  41025   3114211921 2633429388 2451652889 3114253121 3114212096
  68852   3311488849 41594855 67489015 3311557876 3311489024
  71904   2957328659 921900143 2906521042 2957256736 2957328640
  79614   2932758223 998389897 748195800 2932678658 2932758272
  14960   2756428723 332701306 2583236649 2756413840 2756428800
  38638   4114744681 65779447 992089944 4114783470 4114744832
  115117   3855242159 2688674773 1062292112 3855357357 3855242240
  58648   3824256973 602385722 819858228 3824198376 3824257024
  19992   2226796829 1708644684 1149160783 2226816792 2226796800
  16240   3043867979 1467653611 2437225555 3043851920 3043868160
  26272   3324756497 138672736 926306821 3324782752 3324756480
  43652   2674865209 417351242 1111597815 2674821756 2674865408
  10524   2885112409 2714925105 2495211511 2885123100 2885112576
  87424   4230995089 3154714081 1740295132 4231082624 4230995200
  95681   4270794511 1719778524 2525803617 4270698815 4270794496
  9182   3501960971 2564253264 53606502 3501951778 3501960960
  17004   3674046263 2743299566 3284483162 3674063468 3674046464
  8772   3324644537 1109273259 2037058560 3324635836 3324644608
  19778   3804120847 355365461 858812859 3804140610 3804120832
  54280   3999695207 3448816634 2203625273 3999749640 3999695360
  72639   2864423369 2565634304 2073808496 2864350785 2864423424
  103893   3225379211 2669458822 2441652924 3225275435 3225379328
  31771   3823937231 1830453563 3642001759 3823969051 3823937280
  44818   4038654863 1627837954 3289625443 4038610158 4038654976
  19077   2280071243 2258771193 2258863028 2280052347 2280071424
  60382   2646145153 1980353964 399632418 2646084898 2646145280
  50600   2169756571 1356576897 322256235 2169807272 2169756672
  90800   4278052991 1883507164 2046663170 4278143920 4278053120
  14614   2276972921 267752962 615816613 2276987670 2276973056
  92204   2532028883 1000682855 1716747728 2532121132 2532028928
  11048   2278916357 666401031 216403430 2278927400 2278916352
  5459   2439605489 1640135299 1774349570 2439610963 2439605504
  90854   2357901389 1904892316 906321612 2357810714 2357901568
  15113   2893805179 184250141 683814753 2893790199 2893805312
  37968   2818063279 2723233350 2210269707 2818025392 2818063360
  86404   3595027739 2543180973 2631919929 3595114116 3595027712
  12867   3479826871 1499403773 429344122 3479814077 3479826944
  46485   2175203491 1013910382 1357162719 2175250069 2175203584
  55793   2207565739 825564184 1883111476 2207510031 2207565824
  5381   2872507661 444574002 1983081846 2872513029 2872507648
  43004   3147454231 1932320973 2563428762 3147411204 3147454208
  25940   2229802241 1220601815 2221521581 2229776300 2229802240
  1714   3313511639 2161311571 2829470295 3313513394 3313511680
  51204   3410773169 2148556737 1074830967 3410824452 3410773248
  59770   3486876847 2255245562 225958232 3486936698 3486876928
  46150   3244000631 1883837507 1606084691 3244046918 3244000768
  55352   3244381631 104309699 735347390 3244437048 3244381696
  111048   3737179441 30384822 989211999 3737290696 3737179648
  16652   2998967221 1215171143 244237707 2998950644 2998967296
  71184   2237171351 1296180575 911579890 2237100272 2237171456
  99083   2873515417 650820463 2668369211 2873416437 2873515520
  63432   2476641683 1256819771 584495958 2476705224 2476641792
  90328   3561314821 2718369076 2319863805 3561224488 3561314816
  8075   2220638603 625669050 862055888 2220646795 2220638720
  17802   3015118597 1884495552 2694882879 3015136394 3015118592
  105888   3206978143 2534581136 2735183984 3207084192 3206978304
  14073   3587551301 2857188507 1772628275 3587537415 3587551488
  65856   2969164883 1760122120 2102791169 2969230912 2969165056
  61060   3086909543 951916409 1599620778 3086848636 3086909696
  83852   3078569003 2782396967 234567284 3078652812 3078568960
  62873   3506519857 1066216219 513268646 3506582937 3506520064
  34896   3606378107 398311843 1289539341 3606413136 3606378240
  51656   2158593383 235683918 3388428 2158541880 2158593536
  21718   3403206529 3124240060 2649261482 3403228374 3403206656
  53389   3498734489 443139582 1769076052 3498787981 3498734592
  65351   2957444201 1020242446 2371222236 2957509703 2957444352
  36544   3032456087 1643130504 3026484421 3032492736 3032456192
  49276   4179093839 3726119961 161798477 4179143292 4179094016
  98334   2668120159 477204834 1882877904 2668021986 2668120320
  17948   2764569239 526615901 1019105706 2764551396 2764569344
  52768   3229243463 2353364865 2220658572 3229296416 3229243648
  94089   4264401373 1879884299 4017347175 4264495497 4264401408
  56728   2804133181 800967592 1680961491 2804076648 2804133376
  43412   2355974683 1411903910 996166306 2356018068 2355974656
  47180   3374675147 1113736721 1545543332 3374722380 3374675200
  18008   3909062761 3656976678 1063178317 3909080920 3909062912
  90270   2939357951 477733704 1372586132 2939448222 2939357952
  50072   3740525773 117150401 2764878499 3740575896 3740525824
  27220   2233348877 1382298366 1161948565 2233321644 2233348864
  92250   3863910299 2116431479 1493538779 3863818150 3863910400
  2695   2594979659 1869791134 634076209 2594982535 2594979840
  55223   4093767793 1295603238 828562049 4093712713 4093767936
  27897   3439802057 758070062 178146784 3439830009 3439802112
  30449   3476805037 2067559449 1429694637 3476774671 3476805120
  54043   3827514637 1444973114 766469892 3827568667 3827514624
  73401   3288808687 2093505217 1810417420 3288882105 3288808704
  80214   2934120197 154835706 2756228563 2934200406 2934120192
  48517   4150451549 2835412542 2789464903 4150500229 4150451712
  50982   2853477329 333341760 1281468389 2853528358 2853477376
  82512   3471661847 1930503578 1384516644 3471744336 3471661824
  58799   3345892481 3025928226 1241492150 3345833809 3345892608
  21936   2204396801 926338352 1939343344 2204374864 2204396800
  14800   3424081391 1998926414 1636033117 3424066608 3424081408
  11855   2668624447 445464541 2057984408 2668612785 2668624640
  30672   4086889897 2254842822 4007948065 4086920656 4086889984
  69980   2738145769 2239180084 484439875 2738075812 2738145792
  40364   4268014721 867255833 217131093 4267974484 4268014848
  75094   2842707041 722722372 163374514 2842782294 2842707200
  25385   3019515319 1259495540 1597515499 3019540777 3019515392
  103880   3463237307 888704979 2187334173 3463133496 3463237376
  75734   2464604579 772317664 17540717 2464528938 2464604672
  47152   3327051421 1963038206 331558926 3327004368 3327051520
  86760   4185553417 2877466222 3737034891 4185640168 4185553408
  29998   4151678183 1392407306 2352598900 4151648210 4151678208
  66978   2981023189 1046951671 9894243 2980956254 2981023232
  56927   4193662531 935059751 4095167013 4193605793 4193662720
  13280   2962453033 1865863563 1063407618 2962466272 2962452992
  20516   2614902391 996509638 1183754697 2614882012 2614902528
  12304   3249896773 695149789 26859608 3249884656 3249896960
  25873   2798259689 1113935078 1957040400 2798285585 2798259712
  3620   2229343091 1237074990 1645434837 2229339612 2229343232
  78784   3654011609 1910605316 2240719982 3654090432 3654011648
  8198   2457973351 231678580 437550706 2457981702 2457973504
  6039   2603651461 1016232156 859250091 2603657623 2603651584
  55850   3190173677 38147278 1045372513 3190117846 3190173696
  96794   4199494847 3679645088 3633819058 4199591706 4199494912
  91984   3501681259 3333253400 3125275619 3501589424 3501681408
  53260   2186057707 99610642 141631319 2186110988 2186057728
  34126   3011440021 1859213699 2757382962 3011474254 3011440128
  10324   2453507393 2205549319 314083378 2453497260 2453507584
  65260   2434548769 1254928239 311022839 2434483476 2434548736
  64029   2511567683 460011671 2453691521 2511503843 2511567872
  16806   2819725439 567567021 1302548298 2819708762 2819725568
  62992   2447245051 2048654837 1429042021 2447308048 2447245056
  15470   2947412779 506708822 812275781 2947397266 2947412736
  19535   4160175517 1631841809 1927106476 4160195151 4160175616
  47725   3105480943 2086962116 720133591 3105433235 3105480960
  91736   2930982611 1447381285 651889555 2930890920 2930982656
  38250   2538073313 664695957 2012276217 2538035094 2538073344
  91956   3203068103 3177189956 857233256 3202976204 3203068160
  21842   4218347233 3764662689 3522062641 4218325422 4218347264
  45551   3333472111 3118708799 2729574331 3333426705 3333472256
  31038   4271191901 3812059022 1344211741 4271223102 4271192064
  70526   2876917789 2676295944 886696826 2876988286 2876917760
  48240   2342816557 1943845491 797350470 2342864752 2342816512
  55732   2667518573 65833086 1815354715 2667574452 2667518720
  34687   2892764549 2538534903 1968994435 2892729985 2892764672
  25203   2371407319 1099047583 1724256243 2371432563 2371407360
  49640   2313055429 135865134 2180366315 2313105128 2313055488
  24365   2766313133 127810373 1655349917 2766288851 2766313216
  10538   2691917311 1095472513 2167988727 2691927850 2691917312
  24256   2833925663 123345384 2008115434 2833901376 2833925632
  56292   2656314611 1754683718 686168779 2656370916 2656314624
  52883   3598023119 1175193677 488964862 3597970285 3598023168
  45520   3818420719 2513588171 772844661 3818466256 3818420736
  78898   3189452209 818887525 2718644778 3189531186 3189452288
  96888   3143927711 515437579 495082065 3143830920 3143927808
  1904   3856926041 1569395512 3737316403 3856924304 3856926208
  10973   4113945599 2040201102 3247616433 4113956573 4113945600
  55079   2604811711 1479337602 6540158 2604756697 2604811776
  42496   3622625537 1229557660 3025172470 3622583040 3622625536
  7888   3886984081 1029889085 3695325620 3886976304 3886984192
  26383   3178961417 2671295774 2938889694 3178987791 3178961408
  76000   3478587701 2478297230 1046596413 3478511904 3478587904
  70612   2526465883 820283921 1366118441 2526395436 2526466048
  3702   3907522571 3395270093 2190355503 3907518858 3907522560
  81020   3321533617 838840577 202876908 3321614716 3321533696
  24068   2964311281 2826582423 2098594536 2964287228 2964311296
  35658   3120220903 1690936901 206669696 3120185270 3120220928
  43518   4282083521 2043743689 588367027 4282127102 4282083584
  14316   3768160519 1731416419 2522150742 3768146196 3768160512
  99501   4171529179 3920746228 988239460 4171628717 4171529216
  46884   3786312349 121965352 1559649998 3786265564 3786312448
  71864   2241406681 124330505 1670655494 2241334856 2241406720
  1152   2792218409 109408460 1761040512 2792219520 2792218368
  44424   3137380843 175544022 3134014903 3137336440 3137380864
  49964   2341190567 342281328 572075888 2341140692 2341190656
  8574   2749153261 1445371263 1436577523 2749144706 2749153280
  2992   2419648151 2012646456 2387024396 2419651248 2419648256
  61244   3473336987 3086152305 303817700 3473275844 3473337088
  57448   3671528873 1049515473 2888999463 3671586408 3671528960
  74503   3964542899 1886792392 1288834720 3964617479 3964542976
  59318   2205634883 2191088486 267281941 2205694390 2205635072
  12388   2890008817 2801792961 558652210 2889996444 2890008832
  90098   4103306897 2998490653 1956320200 4103216910 4103307008
  17063   2402086021 1961382727 591475906 2402103207 2402086144
  47245   3551187499 3451572509 52282759 3551234701 3551187456
  39292   4093273517 2764503196 1117927941 4093312892 4093273600
  27215   2155956437 352090927 576946670 2155983695 2155956480
  17538   3602402737 3030854092 2864361500 3602420354 3602402816
  97218   3577254997 960294853 2626441500 3577157950 3577255168
  53348   2896619303 2202707652 1802884616 2896672612 2896619264
  24268   3192431171 985709576 2946532210 3192407092 3192431360
  45404   3519573481 1209930884 3411877213 3519528100 3519573504
  47078   2650482277 2273898790 243028478 2650435354 2650482432
  100920   3448401079 3447484428 2066591941 3448300232 3448401152
  49342   3249328283 3086980481 961405490 3249377726 3249328384
  62818   2591581823 689674787 406067720 2591644770 2591581952
  13708   3598115981 1355764319 219486159 3598129804 3598116096
  1638   2152270741 979717848 1579002094 2152269210 2152270848
  102534   3813777469 2249017367 3202313841 3813880198 3813777664
  5808   2237239489 614754362 1680534939 2237233744 2237239552
  9538   2636955341 1982894319 2027586225 2636964930 2636955392
  1000   4233034847 3139692138 1376367704 4233036008 4233035008
  9556   4281587017 3076465626 147889403 4281577644 4281587200
  39454   3343322683 398776303 1657531849 3343283426 3343322880
  26006   4276184431 3476852055 3679888877 4276210582 4276184576
  91548   2272638187 2260376267 1854333885 2272729756 2272638208
  30677   3980442113 1729919731 3396151893 3980472789 3980442112
  86660   3234736867 450996753 916834465 3234650236 3234736896
  52372   3348967403 1516332644 794420870 3348915052 3348967424
  84227   2903824241 816115703 1883277146 2903740157 2903824384
  80573   3012912421 2162048026 2913236337 3012992957 3012912384
  67483   2444312807 2285597002 679404123 2444245349 2444312832
  19824   2462491873 429817430 531704717 2462511728 2462491904
  45810   2171358863 2125544186 1127262240 2171313166 2171358976
  21721   2742823687 1299495597 747597109 2742801959 2742823680
  64180   2777037793 799183921 693660874 2776973644 2777037824
  15801   2835189013 47834325 199887660 2835204793 2835188992
  11517   2450772557 491737881 319696559 2450784253 2450772736
  35466   4286476387 4216235694 1401467043 4286441078 4286476544
  66323   2862953923 2435882312 1724521930 2862887661 2862953984
  83017   3433498697 23561146 2366394568 3433581897 3433498880
  33767   3798932369 1897902141 1774895241 3798898713 3798932480
  31380   2515288367 2251947053 668359402 2515256940 2515288320
  16   2392920671 852840188 2276273948 2392920816 2392920832
  5157   2454483697 81280621 2039900498 2454478555 2454483712
  87793   2618985181 1235061582 1906946990 2619073009 2618985216
  32973   2887252861 1517064959 1614503623 2887285965 2887252992
  24264   2172869857 1940219511 2145664951 2172894152 2172869888
  8332   3680435201 1950252410 532706183 3680426868 3680435200
  50467   4079782741 1722211806 4037666406 4079833379 4079782912
  25807   3504564001 142839577 2287861802 3504538161 3504563968
  52100   3220921153 785898656 914045118 3220869244 3220921344
  110656   4253115527 1295476072 2081098718 4253226304 4253115648
  66155   2408791339 1493658068 301758890 2408857451 2408791296
  27495   4235483753 2056736072 641342853 4235511399 4235483904
  73672   2855667247 1196515943 1388804003 2855740872 2855667200
  5169   3629346887 926939754 2258591362 3629341903 3629347072
  74204   4013372017 951775965 966625075 4013297956 4013372160
  79169   3272349887 842630403 2585107340 3272429121 3272349952
  24028   2892328669 1685662573 2782932627 2892352732 2892328704
  32076   2781325949 2603000186 527172222 2781294004 2781326080
  44478   4100209567 3910913794 1732949805 4100165186 4100209664
  58432   3789341251 793494816 641064145 3789283008 3789341440
  30208   2934058889 1978344247 1391090367 2934089216 2934059008
  49267   2708511149 779226726 599085075 2708560499 2708511232
  42232   2647217539 1829426574 1489041385 2647259896 2647217664
  66763   3268065191 227798609 1359518828 3268132043 3268065280
  58556   2650630253 2499602125 1717056252 2650571844 2650630400
  88390   3797965109 227065609 3562769078 3797876922 3797965312
  53608   3666386467 697132321 1593039029 3666440040 3666386432
  158   2371280287 1932154394 296763440 2371280542 2371280384
  14927   3311021239 2180252218 1131487001 3311036239 3311021312
  26396   3986862521 2988154965 1208486622 3986836196 3986862592
  72922   4239918569 1955312966 89224357 4239991514 4239918592
  22912   2360342717 862226663 1566490986 2360365696 2360342784
  31036   2621289401 1469882095 783515080 2621258436 2621289472
  40391   4155734753 3441408125 4136859776 4155694393 4155734784
  62912   4197634121 3799895203 2600589405 4197571392 4197634304
  32917   4061370563 2168749054 3127029234 4061403541 4061370624
  29921   3633400513 2496521310 1186386527 3633430497 3633400576
  52942   2586561797 1599109673 1001153471 2586614734 2586561792
  28295   3033907033 2063826562 131159102 3033878905 3033907200
  81800   3070926731 827028859 1848074485 3070845048 3070926848
  108436   3917028937 817072673 2509095221 3917137556 3917029120
  80504   3680578439 2377622655 2121028307 3680498056 3680578560
  44368   2811761371 1055824989 2918699 2811717040 2811761408
  115904   3877377797 2791247052 1662425509 3877493696 3877377792
  61361   2183762723 1092903309 821573561 2183824049 2183762688
  31308   2971815359 1517887034 2728567544 2971784116 2971815424
  17800   3777957427 1780765940 3397817197 3777939832 3777957632
  779   3927423881 3641689395 738162363 3927424779 3927424000
  105744   3359248043 788682602 3240993859 3359142384 3359248128
  5675   4199685379 2561562898 2002545315 4199691051 4199685376
  47604   3493878749 3079132138 289338111 3493926388 3493878784
  81177   3940017857 3474833736 1587639800 3940099097 3940017920
  92162   3545201291 321744582 1345689524 3545293570 3545201408
  84734   3907465853 3868835085 1678505495 3907550718 3907465984
  23635   2389927387 1602134343 91269834 2389951059 2389927424
  58113   3711962519 1117060271 1468662274 3712020737 3711962624
  41911   2325069203 1925530819 480396214 2325111223 2325069312
  2278   2362099759 347187178 349424700 2362101990 2362099712
  42878   4257651527 1473439385 881791774 4257694590 4257651712
  65563   3667962577 1351353749 123996379 3668028187 3667962624
  11014   3764938637 1105728218 1977789217 3764927738 3764938752
  21529   2194251431 2040346025 438012359 2194229991 2194251520
  100396   2829866041 2603959557 2696752653 2829966636 2829866240
  27945   3440995511 2579150139 2444778867 3440967639 3440995584
  32390   3737339029 2016409253 172370556 3737371526 3737339136
  23747   2338073977 2299778058 1241307802 2338050365 2338074112
  40645   3343746529 499319158 3298626528 3343705915 3343746560
  1860   3558065839 839460639 1436042522 3558067780 3558065920
  40738   3367474571 439986032 2340302248 3367433950 3367474688
  58103   3316375961 318810287 643052872 3316317961 3316376064
  107067   3067653991 2940216403 2835620232 3067761211 3067654144
  47793   2555582903 1858089394 1741580099 2555535183 2555582976
  107488   2984155781 2359309876 2727517798 2984048416 2984155904
  40768   3424387649 2930757402 1440509478 3424347072 3424387840
  24156   2590348231 1090079490 1426121505 2590372444 2590348288
  2026   2157051053 2141774437 587311576 2157049110 2157051136
  62155   2630891843 30715155 1909184407 2630829877 2630892032
  66512   3498073673 1152921059 2026642247 3498140368 3498073856
  36126   2909590991 1514821374 993082463 2909627166 2909591040
  25482   3403819667 212801171 889753145 3403794294 3403819776
  55304   3839634737 3062725151 3461366829 3839579640 3839634944
  54670   2230777363 438372307 573553025 2230832014 2230777344
  50376   3356396359 1835907062 174455638 3356446920 3356396544
  99322   3883759549 1912051142 3470760868 3883660294 3883759616
  56784   2416118753 721781731 1241720304 2416175568 2416118784
  83509   3767160193 89228462 3158702353 3767076811 3767160320
  101071   3856708577 2705610907 1850504808 3856607537 3856708608
  22682   2569253443 2230675422 1045916468 2569276314 2569253632
  43744   4068652501 471004732 3755635654 4068696288 4068652544
  44406   3776089483 1383231157 3617735878 3776045194 3776089600
  31260   2179980167 626240974 971650981 2179949028 2179980288
  7425   2356380487 217876194 1117157263 2356388097 2356380672
  61400   3892006043 103542466 763080166 3892067544 3892006144
  15934   2585558303 140121665 513270782 2585542338 2585558272
  67517   2520926981 1452766649 1895470413 2520994493 2520926976
  95981   3777408161 2830837567 2099628553 3777504237 3777408256
  41247   3547584787 3542858754 35250097 3547626015 3547584768
  20880   2294695253 1185798283 197168022 2294716304 2294695424
  13166   2590289153 1856950242 452894652 2590302318 2590289152
  41995   3783630497 3552900392 2317285758 3783588597 3783630592
  56372   2813847737 2384774496 1568359660 2813791436 2813847808
  18725   2221074433 438407573 1362998530 2221055707 2221074432
  50597   2460018311 246431266 2029559182 2460069029 2460018432
  18550   3018821101 2386876105 1871826817 3018802570 3018821120
  84902   3546063839 1942143654 2260776298 3545978970 3546063872
  104821   4098945143 1572872381 828753279 4099050101 4098945280
  14827   4132300057 3667764908 4111738921 4132314859 4132300032
  7646   3673146647 535101186 2844977884 3673154270 3673146624
  95852   3828994373 3666771278 602301644 3829090412 3828994560
  36583   2652716149 114141797 2214096641 2652679705 2652716288
  26620   3705057089 3581056332 2061065624 3705030660 3705057280
  31573   3069160631 868986120 1470243091 3069192277 3069160704
  16465   2236777663 953357102 1550579386 2236794193 2236777728
  41786   3280233001 3228094903 684155081 3280191174 3280232960
  50318   3328650851 2700469227 2799070618 3328701326 3328651008
  47632   2929506091 2138666775 2899849280 2929553680 2929506048
  19170   3330742619 3330448489 1566068396 3330723614 3330742784
  12480   2455317533 1674082839 1830415162 2455329984 2455317504
  61383   2287255109 2050824917 1520974788 2287316679 2287255296
  12163   2449373909 410277924 2023263732 2449386115 2449373952
  60944   4036687001 2948682937 2918294741 4036748048 4036687104
  95467   3578048003 2634436207 871365027 3577952533 3578048000
  94047   4060725701 540156619 30904357 4060819807 4060725760
  59261   2388200641 395121421 918242487 2388259965 2388200704
  113543   3602553151 3293312267 3338449039 3602666887 3602553344
  28585   3745315969 558177214 3675916276 3745287511 3745316096
  58428   3690784231 3417589706 1110958960 3690842684 3690784256
  25444   3490904429 3135151715 280473625 3490930020 3490904576
  83761   2911604867 934934592 2499739251 2911521231 2911604992
  89656   3401533073 8215153 3082321249 3401443528 3401533184
  9288   2292751493 686099899 1035993940 2292742328 2292751616
  65948   4223352967 921988856 3019787406 4223419036 4223353088
  14078   2693789291 515393581 2504462183 2693803518 2693789440
  47808   3819164897 3743776718 1521680895 3819117120 3819164928
  27411   2897272123 1371785708 119494533 2897244909 2897272320
  10192   3070402583 812254074 2381694027 3070392368 3070402560
  8714   2412434467 802621038 777421189 2412443146 2412434432
  3388   3667467371 3076682734 3085081026 3667464132 3667467520
  6946   2867229389 1217350133 1982273434 2867222494 2867229440
  94974   2266099951 1759803245 1725570014 2266194942 2266099968
  7769   3435472361 2365070622 129123583 3435480153 3435472384
  5068   3106628201 2128708517 2479041218 3106633420 3106628352
  77980   3196856231 2992432410 1877963925 3196778340 3196856320
  44221   3074951779 83254828 2249493367 3074907715 3074951936
  72927   2978940683 1622262322 1679001018 2979013599 2978940672
  53888   3155344103 3112310310 2943128304 3155398016 3155344128
  28352   4198469839 2606392483 1713732769 4198441536 4198469888
  4101   2821951999 1676006584 2383544731 2821947899 2821952000
  40599   4128879241 3078494736 376072927 4128919959 4128879360
  38184   3403219217 2023236092 2872896163 3403257384 3403219200
  58441   2488849889 112240766 1022825734 2488791479 2488849920
  106137   3611505481 1919046685 3490389644 3611611801 3611505664
  306   2692602859 308613607 661044876 2692602574 2692602880
  13610   2395308841 359084341 293232240 2395322410 2395308800
  11303   3634129427 1552678055 293092412 3634118105 3634129408
  23517   2181764587 1639619025 63763045 2181741091 2181764608
  94352   3904027723 2073889161 989545951 3904122256 3904027904
  30140   2514389347 1879734725 1415897275 2514359364 2514389504
  80981   2325331997 430020300 1147085699 2325412949 2325331968
  34949   3721058893 2827554369 2654812980 3721024123 3721059072
  19958   3116743237 1916053239 1351544660 3116763382 3116743424
  39070   4005310493 3349967443 2524576132 4005349534 4005310464
  44660   4033825823 654642037 2863955511 4033870452 4033825792
  38923   3176962751 1736574578 796247000 3176923893 3176962816
  32171   3783501571 793025792 2628266942 3783469397 3783501568
  4432   2625008579 129528518 166006592 2625004208 2625008640
  78788   2872524541 1139247536 1716493266 2872603332 2872524544
  54154   2805599077 670407615 2348010151 2805653386 2805599232
  32248   2198239367 682314189 493937080 2198207240 2198239488
  8052   3521155543 1195764614 627460745 3521163636 3521155584
  35336   3521062163 3195014375 470388476 3521097480 3521062144
  70588   2323983359 639004782 1982071661 2324053948 2323983360
  19748   2638716527 1936279801 121722901 2638696924 2638716672
  49162   3328962271 1497377854 1145482922 3329011466 3328962304
  27285   3608167729 2078626744 2640132760 3608195221 3608167936
  59514   3002925481 895358621 2627176278 3002866054 3002925568
  21571   3379648057 324852029 2185131756 3379669827 3379648256
  45697   2740086053 1830070532 1534550583 2740040319 2740086016
  2964   3393055439 2166118723 3117312592 3393058452 3393055488
  55046   3064001411 2828872862 529019252 3064056582 3064001536
  41128   3451599247 1655357258 1551353265 3451558232 3451599360
  20841   2277338897 207423192 1991815083 2277318039 2277338880
  63314   3058293661 2641792 1509381149 3058230446 3058293760
  103746   3882171437 1852837253 439812219 3882275394 3882171648
  598   4093173031 4082904101 2477722436 4093172650 4093173248
  8479   2505657403 1084323210 714340889 2505649121 2505657600
  97003   3064264837 537743709 218075634 3064167957 3064264960
  54930   2827656983 1561045521 1278779913 2827711890 2827656960
  63942   2780243681 584294440 2454630426 2780179770 2780243712
  35946   2411269489 1361492237 2143506022 2411233686 2411269632
  61975   2744246359 989428736 698425349 2744308503 2744246528
  36073   2935902283 51982332 1904463134 2935938537 2935902464
  94217   2756449313 1928685795 1976761832 2756355063 2756449280
  125636   4206888467 4055075553 757165534 4206762812 4206888448
  18608   3807761141 3490557986 1942403189 3807779760 3807761152
  78071   4000893461 1306177441 3263066407 4000815369 4000893440
  63232   3990560737 1210660523 810125122 3990497536 3990560768
  38711   4126578067 208210778 151115181 4126616887 4126578176
  42727   2938764799 1625956800 2124706179 2938722073 2938764800
  18092   3705445357 3345224650 3115663686 3705463468 3705445376
  2378   4196970647 3503693058 1411871853 4196973130 4196970752
  90238   3764065609 1287967718 2499285361 3763975554 3764065792
  6883   4129821469 648903055 2770847813 4129814557 4129821440
  49004   2355559849 1543499509 382348050 2355608940 2355559936
  82225   2581590499 788800231 2523183647 2581672753 2581590528
  55696   3555205763 445353545 191519144 3555261584 3555205888
  10165   4144941509 2817558807 3278845578 4144951733 4144941568
  6261   3452034809 427986100 1453959878 3452028555 3452034816
  11185   2765225999 1606002420 1503301301 2765237169 2765225984
  48883   2287489657 1719290317 1472636543 2287538675 2287489792
  2323   2828369749 409221429 965911917 2828367597 2828369920
  49034   2596250677 1710652407 2432497708 2596299658 2596250624
  1940   3887871959 371754448 2349006960 3887870060 3887872000
  21355   4061503423 2538797675 543330645 4061524843 4061503488
  50165   3601377139 1721751205 3143971378 3601327115 3601377280
  16034   2760630857 898609044 1688636164 2760647074 2760631040
  61405   4290393047 659650272 3099099484 4290454493 4290393088
  25040   2182033883 22367026 419560255 2182058960 2182033920
  20491   3062149721 1754187724 2232035629 3062129397 3062149888
  47040   3056323939 1720991173 1786217344 3056277056 3056324096
  18680   3252337273 2708712379 1268920623 3252356088 3252337408
  25506   2914392947 2622806900 1982600714 2914367582 2914393088
  103845   4181481071 128741006 1674913432 4181377371 4181481216
  81277   4233968023 2787053222 818663331 4233886851 4233968128
  96069   3733832989 2350960784 724129842 3733929029 3733832960
  71421   2205801817 2105201682 1043755428 2205730563 2205801984
  99095   3640239293 3044017867 3380346335 3640140265 3640239360
  48918   2777215391 337394398 1288900377 2777166570 2777215488
  12455   2237326241 426374366 1354974583 2237338791 2237326336
  55352   4047656047 72383124 280286727 4047600840 4047656192
  52022   2632870363 1339062054 2350034074 2632922422 2632870400
  83228   3443021971 2694539656 1059661066 3442938852 3443022080
  78614   3665973617 2131468589 967696396 3666052374 3665973760
  15766   2602547341 2592309845 1825974256 2602531690 2602547456
  19004   2749916641 483066691 567452887 2749897668 2749916672
  47889   3547148453 3226910421 1052680452 3547100655 3547148544
  53456   3925232981 3576092983 3243868806 3925179696 3925233152
  11210   2433626009 2135602946 1963090204 2433614902 2433626112
  66778   3448731269 1623132312 997589671 3448798170 3448731392
  18464   3995099683 724370731 785371602 3995081184 3995099648
  88992   2655849041 1494382225 276976809 2655760224 2655849216
  50710   2844884821 1298693459 1884920848 2844834282 2844884992
  63984   3815023411 2504906722 959030529 3814959632 3815023616
  29515   2801190817 944435339 2165214203 2801220427 2801190912
  12660   2780871193 192988388 884098648 2780883828 2780871168
  60108   2877966317 87932223 1173007121 2877906228 2877966336
  22126   3993391433 1752849511 3278342738 3993369490 3993391616
  23242   2185532143 620694194 2022136231 2185555402 2185532160
  53500   2852840663 1553961470 1394013859 2852787204 2852840704
  67384   3354024767 3066074522 1810774458 3353957576 3354024960
  16934   3398266769 1022491974 2072054873 3398249946 3398266880
  32784   2266857157 892771179 763868048 2266824432 2266857216
  84512   2350638403 1144895354 1726394224 2350723104 2350638592
  9438   3591377513 3479654140 2638513758 3591387102 3591377664
  83208   3528494219 1503217912 912536235 3528411128 3528494336
  20569   3342087439 1340603144 906601816 3342107993 3342087424
  42798   3004647487 1431652333 2065073904 3004604882 3004647680
  24661   2817998191 543100634 1282411032 2817973675 2817998336
  12707   2656571299 2371505691 2647827188 2656558685 2656571392
  25966   2598374329 923150508 371898978 2598348434 2598374400
  50792   3973791931 1030629561 1935624006 3973741208 3973792000
  11585   2253037153 1352428543 1787333300 2253048897 2253037312
  12751   2936250893 545215410 1891959074 2936238129 2936250880
  83710   4160774711 1635815487 249208057 4160858622 4160774912
  18032   2366702839 254371717 1695333421 2366720880 2366702848
  20893   3138118079 1245215470 211307825 3138097251 3138118144
  30889   2264908379 438256844 1225732949 2264877655 2264908544
  3712   3405177947 1099755838 2456531809 3405174400 3405178112
  31650   2376769079 413324774 2029039120 2376800674 2376769024
  16040   3409545107 1776037433 3351176368 3409561256 3409545216
  42253   3726943019 2678845981 3605290361 3726985485 3726943232
  94930   3400537241 2766633562 1521663792 3400632274 3400537344
  90172   3315929933 3113453729 3196784260 3315839940 3315930112
  54534   2229238993 1389482777 2123937861 2229184506 2229239040
  13548   2772798949 2527445294 524758848 2772812524 2772798976
  1566   2479238393 774235581 1775538525 2479239966 2479238400
  59625   3781596139 1170968749 3596614661 3781655785 3781596160
  97523   3717239983 3560101723 2079263914 3717337587 3717240064
  14200   3260908019 3026595068 200558453 3260893832 3260908032
  16040   2536907231 287698248 2217704287 2536891224 2536907264
  36668   3479550553 1768267769 1219005214 3479587388 3479550720
  45512   3013157393 91971624 525169144 3013202888 3013157376
  64675   2688393529 2453621308 314509800 2688458403 2688393728
  81784   3546569447 25471904 1030315860 3546487688 3546569472
  57069   3004850029 649952673 1296708204 3004907245 3004850176
  58374   3428649821 1363149476 2852830211 3428591610 3428649984
  11695   3678621073 2437323497 3474253390 3678609489 3678621184
  62702   4263084277 369404587 1037310692 4263146990 4263084288
  19140   3888895069 2172647012 1095312658 3888914372 3888895232
  68393   4226352569 3282760930 3143787973 4226421033 4226352640
  62074   2515787107 2375853818 2144471482 2515725190 2515787264
  78632   3408082031 327459688 2345854248 3408003544 3408082176
  105232   3264691813 1133598782 2743238969 3264797200 3264691968
  56572   2457194239 245038163 312131157 2457250812 2457194240
  86856   2981764727 148846937 2541253858 2981678008 2981764864
  30563   2188965491 1202875872 1164573099 2188996195 2188965632
  103346   3345807431 648788979 888498747 3345704270 3345807616
  115857   3761696837 2588437824 693803759 3761812881 3761697024
  50240   4203978577 1007669098 2357247021 4203928512 4203978752
  80970   2394154739 825060381 581667445 2394235722 2394154752
  20884   2587268863 721418225 2369743405 2587289748 2587268864
  72766   4033575383 2517318245 571294697 4033502658 4033575424
  76390   3111494843 1538691864 2133077792 3111418522 3111494912
  320   2199043909 1443153113 585979830 2199043776 2199044096
  107530   3475647349 2290586035 3066969380 3475539958 3475647488
  39012   3196563289 2576709745 599094691 3196602468 3196563456
  42856   3047587987 95175710 539102089 3047545240 3047588096
  96181   3191279297 2001629917 459574489 3191375541 3191279360
  104432   3068456759 310304336 1334320397 3068352528 3068456960
  44243   3094335479 969740424 2273633888 3094291245 3094335488
  72302   3281076079 1160074448 776150694 3281003922 3281076224
  15302   2363362741 95380867 67334090 2363378118 2363362816
  96632   2547672103 950490183 1363194553 2547768696 2547672064
  11628   3939467017 941709115 3902405700 3939478636 3939467008
  11569   3490247833 3160775642 1726971936 3490259505 3490247936
  43022   3244652783 1947103394 1197657989 3244609778 3244652800
  74434   2453219987 514154033 2290610064 2453294530 2453220096
  64843   3980847623 1388184772 3189978894 3980782773 3980847616
  82414   3783276017 2190031714 229354687 3783358446 3783276032
  57700   3291801313 819071304 2331825107 3291859044 3291801344
  64949   3582569077 3098998058 1167225770 3582504267 3582569216
  88352   2424486539 350702888 1244548516 2424398304 2424486656
  53148   3351648269 2725488801 1207879636 3351701404 3351648256
  13524   2725665587 1091811288 291592742 2725652012 2725665536
  66503   3042264079 1643999430 2915620502 3042197561 3042264064
  43504   4234010849 501029540 1849501582 4234054384 4234010880
  73571   2682235207 2579602156 1584688998 2682161821 2682235392
  70608   2202048509 788471613 1093205191 2201977904 2202048512
  51799   3572620439 3270179547 2665021608 3572672343 3572620544
  97898   3905859541 826771220 3722713578 3905761686 3905859584
  9140   2681133877 1172885704 1984158235 2681142964 2681133824
  31928   3460075727 202347982 2818837731 3460107704 3460075776
  108346   3754387387 1073151650 94218945 3754495802 3754387456
  22149   3920108501 2088974011 3019850521 3920130693 3920108544
  64524   3617559157 3616312779 1378716499 3617623820 3617559296
  82701   4194519347 3341528898 1290854396 4194602253 4194519552
  86792   3869361827 736942057 3670390629 3869275128 3869361920
  41718   3390776897 2067586034 2776794113 3390735370 3390777088
  112251   4152884731 2793467925 3771775117 4152996987 4152884736
  49670   2401299799 648292115 654771820 2401250298 2401299968
  9740   4030879483 3100234974 579010540 4030869748 4030879488
  38610   3730659281 1211586655 3479495611 3730697938 3730659328
  1202   4009909753 3741083292 3547647216 4009910962 4009909760
  36480   2919738803 2139624960 2617263064 2919775360 2919738880
  6784   4167369893 265328104 981646586 4167376768 4167369984
  101134   3180733961 2236437406 2504135704 3180835086 3180733952
  1711   2714272537 643097001 846136964 2714274223 2714272512
  112863   3697955887 3539949804 3496716300 3697843233 3697956096
  64774   2213494057 1816520901 1754580253 2213558790 2213494016
  30500   3109061849 601782951 2692399591 3109031388 3109061888
  21817   3904385741 1422816371 188355091 3904363975 3904385792
  80348   3220510231 3124909172 2471541856 3220429860 3220510208
  926   2854611887 2852733839 2403742931 2854612894 2854611968
  29472   4144434401 663619774 1085624091 4144463904 4144434432
  71946   3372274901 223699154 2548608222 3372346890 3372274944
  22897   3297480041 709003605 1423290168 3297503089 3297480192
  43420   2638082767 988838301 1402036274 2638039396 2638082816
  87263   4174541143 3465372049 787708276 4174628575 4174541312
  80836   4209096607 603641065 629102706 4209015868 4209096704
  12016   3524307109 1255688711 1908061661 3524295184 3524307200
  48356   2927864543 2134973915 245682937 2927816220 2927864576
  54614   2893354127 561969635 2633288793 2893299626 2893354240
  76081   3170914333 2737966815 2676403732 3170990385 3170914304
  27888   3018246839 2287197189 2025170314 3018274800 3018246912
  22020   2444011519 2424780428 1800298019 2443989500 2444011520
  20824   3011813201 1231653446 619743438 3011834200 3011813376
  37613   2646866347 1349055576 920748244 2646904045 2646866432
  19009   3825802103 3759754029 1798482910 3825783231 3825802240
  21778   3208370083 1269046737 733447287 3208391954 3208370176
  42608   2371638559 1592512955 587464626 2371595920 2371638528
  17992   2282003389 1807946527 1497190511 2281985464 2282003456
  40982   3405570359 1954247097 2141902484 3405529578 3405570560
  61322   2827975247 1474853861 842668214 2827914102 2827975424
  49031   3298178659 831161601 2877275004 3298129785 3298178816
  49100   2281027643 2110683324 887713279 2281076684 2281027584
  47440   2293108501 205120822 1829632620 2293155920 2293108480
  42438   4164366127 2193560440 1233920124 4164323898 4164366336
  102100   3323028343 210709876 814660985 3322926380 3323028480
  45593   3107175893 1011696314 2355260500 3107221529 3107175936
  39912   2265699767 1569823811 131198709 2265739752 2265699840
  87025   3220027201 2564862341 1017621067 3220114417 3220027392
  29847   2583538483 2114166052 295330237 2583508585 2583538432
  36408   3723341537 2155709424 774598014 3723377976 3723341568
  69956   4008539273 3450643333 2575419612 4008609348 4008539392
  34479   3392688193 2519336296 304393616 3392653905 3392688384
  48463   2565838619 1150061285 2280959482 2565790129 2565838592
  23796   3460669913 2702841641 3345163579 3460693748 3460669952
  88146   4091751749 245345911 1022411664 4091840082 4091751936
  26504   2915480201 304548832 2328254491 2915453816 2915480320
  76176   2519430409 684673812 1878108659 2519354224 2519430400
  8755   2527771549 1402643488 45329529 2527762893 2527771648
  39879   2623194073 1031910090 845499232 2623154233 2623194112
  39674   2365839001 1562261981 1825373017 2365799430 2365839104
  45883   2636071079 2511874792 42010114 2636025285 2636071168
  24463   3209260129 2702391250 1496098451 3209235825 3209260288
  37984   4162672693 228756101 1879775677 4162710880 4162672896
  29497   4223874197 280639650 421207308 4223844807 4223874304
  64720   2936488853 144020006 2126128779 2936424240 2936488960
  31281   2807552453 2722526654 2564629584 2807521231 2807552512
  37227   3255052813 3196969990 2022410311 3255090027 3255052800
  74492   2399796391 1404630291 317056099 2399870972 2399796480
  87502   4195514483 319377724 1245962574 4195602126 4195514624
  69006   3428870293 2304592360 3235346439 3428939406 3428870400
  51804   3865900811 2547224417 3576096012 3865848996 3865900800
  104972   3200189101 1984485313 1301336009 3200294156 3200189184
  108707   3697901869 2667841755 2001562849 3697793373 3697902080
  53093   3079600519 2341216744 420663129 3079653733 3079600640
  76521   2696516807 2541106000 1520051647 2696440343 2696516864
  15256   2885714969 51726663 2508898551 2885730200 2885714944
  57704   3037045981 1268654690 1913679684 3037103720 3037046016
  41200   2748428461 1385402090 1911609937 2748387344 2748428544
  74058   2476760807 1969095373 2000405746 2476686774 2476760832
  23391   2961014923 464559365 249501967 2960991649 2961015040
  91054   3367851379 1029253088 1019890514 3367760466 3367851520
  90245   4152129383 1273302066 2066959793 4152219781 4152129536
  77524   2991028531 727909860 1698808922 2990951212 2991028736
  76522   2479476799 1599202317 530491831 2479553514 2479476992
  28028   2814190961 1072153990 682591178 2814219132 2814191104
  84410   3890438801 1505108252 2206886143 3890523322 3890438912
  83110   4266192989 3119397602 188587715 4266110042 4266193152
  44840   2323219363 2247962174 1122234830 2323264296 2323219456
  44717   2400526651 692912485 2157965535 2400482131 2400526848
  22312   3653182723 1457668934 1057493308 3653160408 3653182720
  40248   2385193051 1268250709 528872070 2385152968 2385193216
  67825   3193978163 2688591569 1769755407 3193910543 3193978368
  24752   4224345263 916146452 2837850557 4224370096 4224345344
  38622   2387850119 704337667 1438428844 2387888862 2387850240
  21738   2485605799 2113631030 1026813895 2485584150 2485605888
  43878   3054985553 1268122643 1498415102 3055029606 3054985728
  68984   2543951987 1572973554 18011782 2543883144 2543952128
  17301   3959827643 1568453149 2418173430 3959845013 3959827712
  16485   2705944229 2473402871 2477089661 2705960805 2705944320
  45624   3169299407 1248455334 1614931664 3169345080 3169299456
  34062   3572445209 2217537572 942809157 3572479246 3572445184
  57964   3256969421 154502440 2854653986 3256911508 3256969472
  71712   3018703537 1669193284 2435530511 3018775328 3018703616
  1132   3267004493 2677450322 163025376 3267003540 3267004672
  85536   2765590799 413060046 1964073441 2765676320 2765590784
  83846   2806253267 612169719 1289968546 2806337158 2806253312
  26592   3682446479 1877427788 1152098845 3682420000 3682446592
  92252   4292042471 1142416731 2049025133 4292134748 4292042496
  49243   2471548967 49364693 724133392 2471598171 2471548928
  34616   3384116563 3126639210 2295695706 3384082120 3384116736
  25479   2830123409 1336526558 404349592 2830098041 2830123520
  79356   3283837019 2569321670 2874626424 3283757828 3283837184
  102555   2766887533 1047978307 2676392077 2766990235 2766887680
  102853   4248203209 2587732063 1579554392 4248306117 4248203264
  14872   4009288967 1520102708 1629559771 4009274088 4009288960
  83992   4065098249 1567079395 140412635 4065014248 4065098240
  38167   2526892817 1653735520 805523375 2526930967 2526892800
  41492   2830201331 2268527786 445604049 2830242836 2830201344
  20504   2748814181 1276347097 1742398835 2748793832 2748814336
  27414   2375289233 1390854169 1705719675 2375261930 2375289344
  53764   2737681433 750341095 2225958851 2737735172 2737681408
  80513   2366851247 2111942449 658614962 2366770815 2366851328
  10984   2309526799 1532868155 2264545956 2309515800 2309526784
  3490   2594392859 1635462981 1059645764 2594389342 2594392832
  44871   4157691529 1170537570 3670832819 4157646777 4157691648
  41273   4240213403 1547484671 1744021839 4240254777 4240213504
  5569   2302256393 76598530 414195315 2302250815 2302256384
  25881   3468224477 1219983001 1187657944 3468198631 3468224512
  97628   3910691293 606127335 1589281758 3910788956 3910691328
  82926   4260461581 3345774729 1901699452 4260378642 4260461568
  59230   3712227811 3121064975 1269849030 3712287070 3712227840
  80032   4165398067 2535236140 2735262608 4165478304 4165398272
  100032   3308675999 2935809263 2329432643 3308576064 3308676096
  65615   2177155777 946122377 2153981889 2177090225 2177155840
  20860   2546887061 421791829 1376019716 2546908028 2546887168
  28983   3065176531 2467920582 2085972873 3065205559 3065176576
  36252   2226026311 683679711 517822475 2226062748 2226026496
  13816   3002768669 2057403636 2764157501 3002754824 3002768640
  4754   3945549389 1394473537 2547109303 3945554322 3945549568
  50234   2658141659 1025078038 2123341839 2658191930 2658141696
  67960   2372270713 1223745036 1370762324 2372202888 2372270848
  36484   2944036969 1753154848 1687500103 2944000636 2944037120
  1156   4005117469 3795684050 388117165 4005118596 4005117440
  60868   2628837833 319885348 2309036388 2628777020 2628837888
  65464   2448058721 1901580467 302225157 2448124344 2448058880
  39994   4006456609 2838929559 3318832629 4006416582 4006456576
  43052   4276037033 709447628 2719021318 4275994068 4276037120
  22620   3518935993 1840502254 8102469 3518958684 3518936064
  34838   3655432961 3313582190 128092173 3655398122 3655432960
  75541   3467486959 1422593751 859087526 3467562517 3467486976
  46824   3426750077 115827114 6173729 3426797032 3426750208
  93448   4037932747 2811904240 3931445242 4037839352 4037932800
  18312   2350725667 899452637 935428188 2350707320 2350725632
  35808   2254455649 1032786020 614049104 2254420000 2254455808
  52020   2418878989 542037961 2403482400 2418930996 2418878976
  40775   2204745643 1473915034 1537833022 2204704953 2204745728
  3360   3808264591 3113341535 2277636738 3808268064 3808264704
  53132   3146985859 953761052 1520158912 3147039116 3146985984
  24639   4213325653 844392227 1257730586 4213350463 4213325824
  85964   2888976161 973580984 57969588 2888890164 2888976128
  46844   4039261007 3296062421 934973282 4039214340 4039261184
  26876   2553590477 2420697779 1468467170 2553617404 2553590528
  26537   3768320287 2535777824 1415094732 3768346793 3768320256
  8394   4017361697 308509641 3433789322 4017370058 4017361664
  28394   2236717663 198393127 385381544 2236689430 2236717824
  39517   4170948643 1888604823 3430955885 4170988125 4170948608
  44268   2157562751 759752954 361193696 2157607148 2157562880
  109216   3774995591 3327411933 1607809879 3774886496 3774995712
  74758   3922022521 1617370132 1627439068 3921947898 3922022656
  58468   2661302029 2080489461 2012286771 2661360484 2661302016
  31319   2965379323 988435661 1745093155 2965410647 2965379328
  26870   3611514481 1678928925 1895165216 3611541494 3611514624
  32410   3054413693 1030108339 1997177377 3054381414 3054413824
  71459   2758780907 1093401768 2633657454 2758709469 2758780928
  44161   2505556817 568954242 1778142631 2505601153 2505556992
  57516   2961261629 1598316719 1681375977 2961319340 2961261824
  17898   2293292347 938093035 1937623992 2293310186 2293292288
  91957   2401606763 627641849 1484850854 2401698869 2401606912
  60791   2725207421 2554646931 1487313262 2725268343 2725207552
  1204   4005822259 1322620951 2452929120 4005823668 4005822464
  64195   4049226367 2550048182 542830531 4049162301 4049226496
  64877   3128989051 2240636363 1324956281 3129054061 3128989184
  74760   2385582847 1494861363 1468857989 2385508088 2385582848
  71607   3589065923 3496440433 2528380394 3589137591 3589065984
  54632   3214706983 752321811 991140869 3214652312 3214706944
  82488   2702432087 2494470722 1449851681 2702349768 2702432256
  101368   2860427893 1941646471 734227752 2860529400 2860428032
  54216   2203046011 740328140 445350464 2203100360 2203046144
  9278   2859343177 581147618 2182992633 2859334082 2859343360
  26232   2581910567 381969679 2334947232 2581936760 2581910528
  2689   3343080341 3082643098 1908710898 3343077759 3343080448
  82200   2588100037 206688506 1970733428 2588017896 2588100096
  105750   3681213743 516082307 1006114382 3681108202 3681213952
  40727   2550401267 988370586 2225041787 2550360553 2550401280
  35792   3201078193 2818605745 2761842449 3201114064 3201078272
  75169   3427422529 2746397816 1977042275 3427497889 3427422720
  54799   2684070329 1908856855 959233749 2684015601 2684070400
  101604   3482728607 696877397 2329570701 3482627100 3482728704
  99156   2743244683 1361430812 2521027440 2743343956 2743244800
  41104   2399388263 182769698 2217644981 2399429520 2399388416
  61858   4036123433 1515108302 3119297089 4036061790 4036123648
  16235   2682807931 664320280 1329839388 2682824299 2682808064
  52156   3478387499 352024144 2457170723 3478335300 3478387456
  91668   2609913461 1928374029 1004125166 2610005268 2609913600
  37996   2514383071 2194483455 1411469603 2514345108 2514383104
  56817   3292211941 2129682767 2302260534 3292268785 3292211968
  54625   2996278721 2731246794 2559078553 2996333409 2996278784
  22357   2461953653 1664588640 954491814 2461931435 2461953792
  109788   3684934237 949282028 2775851300 3684824612 3684934400
  3690   3153430519 650190455 1695046699 3153434218 3153430528
  7243   2963629541 985086033 2560539766 2963622325 2963629568
  82050   2540857843 732886271 699687196 2540775806 2540857856
  33744   2774309459 505479417 2126174605 2774343376 2774309632
  72260   4235765263 1191230515 3316497516 4235837508 4235765248
  28153   3453008963 2910710750 675871518 3453037305 3453009152
  31303   3809494673 3243601080 773084953 3809463481 3809494784
  81348   3674960983 98950771 766555707 3675042500 3674961152
  16717   4115031181 1850489639 2242689821 4115014579 4115031296
  8512   2649682039 111255676 1665423864 2649690688 2649682176
  68358   3277193657 2308959393 202465167 3277125370 3277193728
  49590   3628607603 3419030087 674995407 3628657334 3628607744
  6232   3347231357 984981325 2678770230 3347225256 3347231488
  11912   3381573973 2018107552 1428106113 3381586056 3381574144
  60460   4108997671 1750489022 871597230 4109058348 4108997888
  7808   2816153773 914775763 1221282300 2816146048 2816153856
  18278   2906967097 1622626557 1036931926 2906985574 2906967296
  68640   4259898359 1535542162 3970504048 4259829728 4259898368
  63900   3170802329 2871243437 1194429791 3170738532 3170802432
  36885   3174390179 2111136914 885261503 3174353387 3174390272
  79134   2474053787 393953570 167536382 2473974754 2474053888
  71740   2938031773 1684141905 1945364847 2937960132 2938031872
  58625   3268723151 2873938895 1423006577 3268781825 3268723200
  71350   3425344903 1860513943 1829041652 3425416374 3425345024
  2800   2467137553 155320090 1065110996 2467134736 2467137536
  40088   3685915217 1024641199 2993679780 3685955480 3685915392
  57464   3158854267 1807081781 2249429196 3158911864 3158854400
  61131   3577172023 269175553 797475430 3577111093 3577172224
  58724   4278179611 1615832274 3916967217 4278238308 4278179584
  78817   2963515741 1704517017 2930374711 2963437087 2963515904
  64982   2997864671 1326079106 918511910 2997799722 2997864704
  27460   2934354611 2122362855 2275014153 2934327228 2934354688
  47569   3752900089 3075421731 623585293 3752947665 3752900096
  67352   2834761417 1541389561 535399037 2834694120 2834761472
  52513   2410726169 2197279765 943142349 2410673631 2410726144
  42345   2355355193 1268390721 1623450701 2355312791 2355355136
  79673   3600789713 1388589413 1086529787 3600869433 3600789760
  85459   4284659303 2369534141 3576683150 4284744915 4284659456
  80358   2667622747 951005081 1979905813 2667542554 2667622912
  69325   3342985147 2176670469 1983427558 3342915891 3342985216
  62246   2876443907 1173170207 1851612157 2876506150 2876443904
  28139   3468484199 485030877 224683538 3468456213 3468484352
  74082   3510691339 2944426339 1502116152 3510765410 3510691328
  77913   3243176441 2179350032 2728223827 3243254361 3243176448
  95839   3675256073 684801783 2479888106 3675351903 3675256064
  2713   3227164357 1580312520 1781560762 3227167129 3227164416
  20830   3191559737 33295600 1452131952 3191539106 3191559936
  106241   4244756023 809088207 1259562890 4244862465 4244756224
  54054   2972116177 1282937703 705640834 2972170278 2972116224
  21440   2459439581 1128675940 1169693798 2459461056 2459439616
  22322   3593165437 905063426 2823505453 3593187890 3593165568
  59552   3216121261 174131097 2347374137 3216180896 3216121344
  34168   2987376871 1260084305 1792249834 2987411064 2987376896
  68538   3133359401 628019420 2288348414 3133290822 3133359360
  75448   2310157741 963856000 245686269 2310082376 2310157824
  99195   3477475789 882628090 282800751 3477376645 3477475840
  66913   2558512577 1713027875 1003454637 2558579553 2558512640
  14778   3857483899 1795726671 2458100041 3857498810 3857484032
  77548   4007547251 1398530117 3300046553 4007624940 4007547392
  28448   3576670049 6399619 2992811701 3576641760 3576670208
  72898   2968772243 1269189828 1347511720 2968845250 2968772352
  126108   4284429343 3030471258 263020968 4284303204 4284429312
  19676   3740939021 821446744 95915450 3740919332 3740939008
  42479   4287967867 3456561861 1724097832 4287925521 4287968000
  51845   3096225311 2138064452 1313432770 3096173435 3096225280
  30571   2475248257 1975048985 1112097112 2475278955 2475248384
  32521   3797011613 3434652558 1806762727 3797044233 3797011712
  113867   3478204321 2538355638 2676387715 3478090549 3478204416
  73889   4013982359 244546786 3511755760 4013908575 4013982464
  75460   2396031263 1397735437 1364595422 2396106692 2396031232
  56910   3576609271 1423343585 3553209464 3576552370 3576609280
  59774   2232017063 1058508950 1546081645 2232076926 2232017152
  15366   3011733931 2723389288 313419092 3011718650 3011734016
  70643   3845604089 2047016451 1608382311 3845533453 3845604096
  65209   4120566091 2440418355 1189237461 4120501063 4120566272
  17031   2282583313 759142879 829238685 2282566265 2282583296
  86016   3902382313 2462032044 1995232564 3902468352 3902382336
  69374   2875765931 1367764056 1449196291 2875696642 2875766016
  30618   2530459783 1445143170 1324965881 2530429286 2530459904
  8018   2641634977 1576531415 1823745355 2641627054 2641635072
  61171   3514669337 2452480303 2913794649 3514730483 3514669312
  86103   2572778503 1974000128 888651983 2572864599 2572778496
  90915   2630168231 1729684127 1009886056 2630077405 2630168320
  8598   3032522503 2780063029 1774186574 3032513898 3032522496
  35452   2151305417 1202212694 53589277 2151340924 2151305472
  64284   3803325073 1143331181 1640196610 3803389468 3803325184
  30996   2597427893 2006375431 2361806804 2597396972 2597427968
  17696   3862322851 1456992966 436805501 3862340640 3862322944
  68868   3323063143 3145966121 1840020561 3322994428 3323063296
  80542   4129190671 1669567784 1284839397 4129110114 4129190656
  96566   3171178123 804645901 2645741861 3171274806 3171178240
  6157   3129417721 7140374 2686136025 3129423885 3129417728
  15519   3864029419 2217425091 2308394516 3864013921 3864029440
  55368   3779399287 501019834 1930742214 3779344056 3779399424
  75770   3151126039 1838924861 2691931118 3151201786 3151126016
  15321   3794224283 1420853850 461594014 3794209063 3794224384
  39556   3413471839 1705892740 949364728 3413511556 3413472000
  20019   4106685551 2244850096 1283270225 4106665677 4106685696
  25880   3004420691 33889970 2943738511 3004446744 3004420864
  113325   3843287977 1691091896 852531424 3843174739 3843288064
  100572   3711861389 256503210 403434105 3711962076 3711861504
  52387   3585916003 853626169 1489605013 3585863773 3585916160
  40810   2265987133 1001746529 1687548964 2265946518 2265987328
  28428   3230889803 1245770961 2641870349 3230918412 3230889984
  92494   4256293081 866485893 2124139961 4256200626 4256293120
  35526   4022449801 1352185497 3321594994 4022485446 4022449920
  62996   2165542777 1393633044 164114633 2165479916 2165542912
  47987   3294968821 3108738875 568342017 3294920845 3294968832
  43756   4002308711 3430584722 2271790636 4002352620 4002308864
  112879   4160203459 873685148 803333114 4160316399 4160203520
  66734   3612858817 2602021790 1001627320 3612925614 3612858880
  31288   4279522607 1608934691 1192490475 4279491528 4279522816
  96059   2532309719 1487008272 623786225 2532405819 2532309760
  34299   4248798121 1758202027 2192753332 4248832507 4248798208
  96434   2722982461 2265000701 1992630865 2723079090 2722982656
  26030   3440063593 860525753 2035992784 3440089774 3440063744
  68057   2970150367 1755352435 1881649995 2970082343 2970150400
  7237   2739434549 2015740127 310562774 2739441733 2739434496
  54651   3939293417 1536055878 1434437144 3939348091 3939293440
  32716   3637673051 2165682995 3126977570 3637705932 3637673216
  96328   2924057039 2465983723 608835240 2923960760 2924057088
  10624   4194430061 2336621788 3283298270 4194419584 4194430208
  53551   3036811901 2282256592 772619669 3036865583 3036812032
  33955   3246091063 211464166 400219591 3246057309 3246091264
  3072   3836792651 356104040 3800080677 3836795904 3836792832
  30629   2804534017 2472515002 1615963074 2804564645 2804534016
  55087   3892856153 348528629 3313033883 3892801233 3892856320
  19291   3298232233 1772983703 2152929754 3298213029 3298232320
  23048   3806675753 2822629157 2069212631 3806699016 3806675968
  38096   2283879217 1214233176 1341091833 2283841072 2283879168
  92656   3302071249 1545348858 1747658136 3301978640 3302071296
  31255   2793376711 2183866667 1632223077 2793408023 2793376768
  20665   3798433213 3030642087 3429978947 3798453945 3798433280
  70014   2907990733 1224825917 1515180368 2907920770 2907990784
  23856   3531373067 1249480056 2961927691 3531396912 3531373056
  32135   3838486361 357336346 2954087115 3838518663 3838486528
  52200   4210469911 3017282847 708563969 4210417688 4210469888
  80306   3401407649 1739191439 2495434132 3401488050 3401407744
  1797   2967661261 983566642 1706718077 2967659515 2967661312
  56698   2912301767 1772729438 1261194434 2912358522 2912301824
  67899   2456044529 205119450 1838851827 2455976645 2456044544
  65946   2428401037 830203112 1903873935 2428335206 2428401152
  91850   2824305581 2629018518 41161085 2824397514 2824305664
  64186   3568019929 925671134 920531462 3567955782 3568019968
  89252   4257465493 582217693 664757102 4257376348 4257465600
  10632   2209522619 1431916301 1961708752 2209533320 2209522688
  54660   3251361803 2927187770 1014196081 3251416452 3251361792
  66226   2705360747 1396275277 889528528 2705294670 2705360896
  40005   2388093511 1028337480 1971509156 2388053691 2388093696
  78936   2448685583 609142679 254154007 2448764504 2448685568
  37900   3037603529 795804743 2084798897 3037641484 3037603584
  49816   2759233667 1049518413 1147189597 2759183976 2759233792
  20395   2413349089 436148732 979016129 2413369515 2413349120
  33638   2449680379 1386634763 1737396168 2449646746 2449680384
  14928   3483892103 1838821402 1765742286 3483907152 3483892224
  83727   3683440109 2925323694 3010172825 3683523855 3683440128
  53681   2839025869 532100222 1643153302 2839079601 2839025920
  8448   3708732943 3417504993 137660081 3708724480 3708732928
  88265   2814368353 2438992672 405876756 2814280247 2814368512
  65296   2509056059 1918127366 1296494085 2509121552 2509056256
  49043   3750180373 655181905 1618254299 3750229395 3750180352
  91129   3548204551 2417043850 1604892145 3548113415 3548204544
  42732   3308328923 872702540 1588569045 3308371692 3308328960
  67686   2742404527 2464068655 1769246693 2742336922 2742404608
  39737   2186679367 231380024 1582818802 2186719289 2186679552
  115   2188703243 1864600861 1037694370 2188703347 2188703232
  8150   2512230547 463473359 2363171593 2512238806 2512230656
  35196   3847408013 1039647515 2649767509 3847443324 3847408128
  40590   2958803123 1364208787 2895286779 2958762610 2958803200
  62497   3208357981 863581168 436927493 3208420641 3208358144
  40911   3904720811 1150060666 2531831103 3904679985 3904720896
  4343   2347977683 1785375219 995776909 2347973385 2347977728
  86495   2387098667 996200233 606395369 2387185119 2387098624
  37676   3183827879 1378472121 1516100490 3183865644 3183827968
  3525   3228925489 163773148 3179532945 3228929221 3228925696
  53207   3648642301 37733888 3094574522 3648695511 3648642304
  36604   3048225079 94902162 452941634 3048261884 3048225280
  44835   3517683293 3417820675 3500610881 3517638621 3517683456
  10200   2351253371 1019382007 1589725855 2351243304 2351253504
  3967   3572181637 2349560031 3310894518 3572177793 3572181760
  89664   2905476089 2546618560 273178690 2905386432 2905476096
  70352   3908797769 3803636962 421474780 3908868304 3908797952
  87704   3619087547 23444653 1103770498 3618999912 3619087616
  11816   3131972621 2913713283 647966219 3131984424 3131972608
  16649   2400491099 1624515831 975339945 2400474615 2400491264
  88104   2147573551 447034966 1711622001 2147485400 2147573504
  56007   2464232929 360289754 128103986 2464176953 2464232960
  48961   3950476169 3721337880 1753886045 3950427327 3950476288
  25094   3983341259 415336959 62756938 3983366406 3983341312
  71661   2645589971 2477829273 1016758531 2645661677 2645590016
  122476   4043674501 1522232011 1952648548 4043552148 4043674624
  49088   2433080057 50179617 103159213 2433129152 2433080064
  90196   3209520889 560519036 2401796734 3209611092 3209520896
  19937   3018516103 731569105 1256396531 3018536161 3018516224
  37926   2826784993 1555881066 180302336 2826747098 2826785024
  98864   3997272919 692182654 214664683 3997174224 3997273088
  18161   2271859253 1563028033 1324690861 2271877361 2271859200
  45442   2329725653 1383273050 1665392202 2329771138 2329725696
  3793   3615181679 2728601937 846879495 3615185617 3615181824
  100144   3571603561 2045460277 968793434 3571503568 3571603712
  84718   3762681023 2353582824 404218358 3762596370 3762681088
  4380   3012537137 726803639 2117304850 3012532708 3012537088
  12219   2471930963 843337802 1935063772 2471943355 2471931136
  58860   2350042801 1156598735 1510466066 2350101740 2350042880
  32696   3303056441 2962145366 952300199 3303089336 3303056640
  17839   2147994643 1004542799 1316411678 2147976785 2147994624
  10400   4274544221 2029591979 844001930 4274533984 4274544384
  46528   2404237879 1513899906 1112568364 2404191296 2404237824
  24773   2915589283 1145627660 2494298203 2915564603 2915589376
  101788   3085017589 2446710061 1245177377 3084915812 3085017600
  77196   3434224049 2258580567 729293596 3434301324 3434224128
  43054   3997118263 3259276618 267861973 3997161518 3997118464
  11057   2669796053 2083036420 76611602 2669785039 2669796096
  702   2735268689 1363926940 1492332808 2735269566 2735268864
  110494   3732050383 3006294475 2646408650 3732160926 3732050432
  59923   3197010727 90022805 1058702301 3196950765 3197010688
  4472   2498208283 2473290872 1030526801 2498212728 2498208256
  32217   3036668251 1537114381 2799267199 3036636199 3036668416
  11056   3463287029 146768771 1688293240 3463275984 3463287040
  50535   2304145211 2183093927 893402507 2304195687 2304145152
  99122   4260393719 329280548 1924541741 4260294606 4260393728
  54126   4233636731 2753560676 4129035524 4233582738 4233636864
  59096   2326894277 462345476 598228936 2326835240 2326894336
  59564   4283974553 2332190611 667134031 4283915092 4283974656
  43427   3329955773 3140559024 914198225 3329999267 3329955840
  36312   2959266161 2603809227 170562565 2959229992 2959266304
  1429   2911566101 896294215 734175791 2911567509 2911566080
  86676   4052101741 3609620216 773035520 4052188564 4052101888
  31752   3722538769 3279067956 1023708512 3722507000 3722538752
  60245   2904092227 2681075712 991003185 2904032171 2904092416
  25808   2913298307 1400964387 2149780780 2913272624 2913298432
  9921   2398058387 1016212834 2268531711 2398048575 2398058496
  39161   2472230843 1422409033 501749893 2472191751 2472230912
  27672   2731743169 1602572953 1500249021 2731770904 2731743232
  73572   2272118389 1851642040 564846539 2272192100 2272118528
  24564   2780511739 2231368613 1676629944 2780536308 2780511744
  66663   2379722251 748944045 617428089 2379788903 2379722240
  50715   2913039383 208490974 1015764833 2913090075 2913039360
  34156   3223207411 874811009 2222353434 3223173268 3223207424
  104788   4010475817 1978532639 730340756 4010580820 4010476032
  57483   3377165359 2128142114 2822091787 3377108085 3377165568
  57866   3894256787 2595054421 2503566182 3894199030 3894256896
  6384   2228985739 1972027937 1321154735 2228992240 2228985856
  14991   4171486369 851567242 1600548905 4171501455 4171486464
  40704   3120394639 1754491431 382920190 3120354048 3120394752
  50108   2696932129 2419944610 903883707 2696881988 2696932096
  82188   3905193113 2678752414 772384152 3905111028 3905193216
  37447   2568179203 1717730345 139189649 2568141753 2568179200
  7356   2920560481 1062567612 2396934364 2920567996 2920560640
  29642   2986752907 2981865517 1370316867 2986723382 2986753024
  14640   2666612699 258004955 1271733538 2666627376 2666612736
  101778   3174908701 801745765 1873846368 3175010450 3174908672
  62551   2804570453 773614100 1726324142 2804633175 2804570624
  70101   4216141649 725766293 3623463746 4216211925 4216141824
  37143   3837711439 647596601 2144729337 3837748759 3837711616
  59590   3818913509 3123167839 3059928658 3818853946 3818913536
  102171   3936629761 36821203 905625964 3936731931 3936629760
  27786   4124974709 581696837 975465837 4124947062 4124974848
  40408   2434178603 474098714 2268769973 2434138152 2434178560
  39232   2257010443 581613207 1321143541 2257049664 2257010432
  69424   2737131181 671043357 1945555938 2737061840 2737131264
  17579   2260374329 1559633373 1658468604 2260391851 2260374272
  74792   3104089631 1340129674 1464981755 3104164392 3104089600
  12104   4020389927 1932689611 914100530 4020378040 4020390144
  35355   3222672263 1747899234 2838971400 3222707739 3222672384
  81481   3127818433 2971590916 2280361793 3127899977 3127818496
  71789   2167684339 2112802839 1379027103 2167756141 2167684352
  59771   3865797479 706292251 2137898 3865737861 3865797632
  43627   3049484671 705639569 540645650 3049441173 3049484800
  50017   2355454207 95597365 498621380 2355504225 2355454208
  44892   3166222223 1018442366 2542119347 3166267228 3166222336
  206   3722339947 1092452855 2876562831 3722339890 3722340096
  42142   2777677997 1460520266 2227358352 2777635938 2777678080
  99082   3543230657 3103285267 1165849036 3543131638 3543230720
  34652   3562968119 752031384 2405069478 3562933668 3562968320
  14726   3697626397 310525130 2006124654 3697611642 3697626368
  23778   3256523819 1937880133 1938359062 3256547554 3256523776
  16522   3050689769 2011642113 1837360021 3050673270 3050689792
  15844   4220549297 2523880646 1993848168 4220565220 4220549376
  3709   2232405871 1310221537 1723079694 2232402307 2232406016
  116036   3853772899 2766645789 128933876 3853889092 3853773056
  57670   3905608079 680553900 3463272282 3905665862 3905608192
  67957   3802169389 2004763206 1690798408 3802237557 3802169600
  86402   4199587471 3024569240 1238051029 4199501182 4199587584
  57771   3140477257 2067320408 93353106 3140419669 3140477440
  32080   4049269981 1496552569 3699046179 4049302096 4049270016
  22579   3662311711 1796109269 1328137566 3662334259 3662311680
  60626   3351681727 677933279 3232583601 3351621166 3351681792
  5035   3160636373 1500285817 1367941081 3160641451 3160636416
  108064   3295346993 2849939767 2319838437 3295455264 3295347200
  9502   2322646397 2038283397 13418720 2322656030 2322646528
  61408   3499798541 2086211416 1324081382 3499737120 3499798528
  26842   4093496447 940980886 981305989 4093469734 4093496576
  43951   3146504807 2555389719 93931961 3146461009 3146504960
  56163   3503105737 2152418668 3468846582 3503049629 3503105792
  84824   3959857871 918894713 3652429140 3959773096 3959857920
  100003   3214455733 661067500 1291302745 3214355805 3214455808
  68976   2150800307 307872211 1940871361 2150869360 2150800384
  35456   3152463581 1471841865 2320522660 3152499072 3152463616
  72807   3250340251 1435686910 1044315903 3250267545 3250340352
  95310   4148285047 1293343284 3245559948 4148380494 4148285184
  3078   2586605963 1319698237 966385883 2586603002 2586606080
  79476   3653345537 62748451 2464419353 3653266060 3653345536
  64527   3200352847 1694209687 1981765912 3200417551 3200353024
  71199   3095253523 140375595 1441218468 3095182305 3095253504
  1893   2521225813 65525475 1379708165 2521227877 2521225984
  32116   2208694769 795466389 1370347311 2208726900 2208694784
  73650   2294825279 598864636 1587981564 2294751822 2294825472
  88776   2438591387 358410989 680249338 2438502712 2438591488
  45993   3122288311 269922231 1605120967 3122242391 3122288384
  99631   2873988809 2191518822 535956005 2874088495 2873988864
  77490   3460632893 2633971175 1603689824 3460710578 3460633088
  39707   2815903933 2752364257 1668158269 2815943707 2815904000
  90680   3952879387 164346361 3616104656 3952970040 3952879360
  75912   2382965227 2266956312 535056280 2382889336 2382965248
  44132   2532254479 1968104948 630704383 2532210332 2532254464
  60112   3410173621 2935345680 2139171456 3410113584 3410173696
  2472   3393782923 2112173645 1358070948 3393785512 3393783040
  6658   3755303087 1746394865 616293812 3755309826 3755303168
  68999   2814440357 1208235863 1604840425 2814509447 2814440448
  36056   2816293267 454537708 311336091 2816257320 2816293376
  87641   3076090447 794060383 378525410 3076178265 3076090624
  18560   3318393031 3146163781 1317029814 3318374528 3318393088
  65499   2927540339 5478253 2291301980 2927474981 2927540480
  1804   2402628401 574100025 1413579932 2402626548 2402628352
  59052   3675309269 2182291835 1440924643 3675368364 3675309312
  84416   2756891633 2676791092 39489889 2756976064 2756891648
  100597   2805962669 478831248 119986764 2805862155 2805962752
  55195   3545349397 1162339678 1092634557 3545294181 3545349376
  32305   2602896011 903989318 1336563340 2602928433 2602896128
  111962   4100494561 2312903203 2694660872 4100606554 4100494592
  7184   4044630269 775856561 974257227 4044623088 4044630272
  59446   2933833261 1706040585 394671993 2933773770 2933833216
  20042   4104923803 2825781135 2735519235 4104943946 4104923904
  38625   2710646797 256928827 535651996 2710608159 2710646784
  59694   3453753361 1087334376 1904686774 3453693650 3453753344
  78573   3038662787 1455244119 1312135954 3038584339 3038662912
  33152   2606240657 750282179 971250338 2606207616 2606240768
  26390   3325286233 1109114880 1492051959 3325260010 3325286400
  93188   2542406393 91232272 2574443 2542499588 2542406400
  75760   2312684383 1774239140 2280919818 2312760304 2312684544
  11598   2359327499 2173355226 1188493166 2359315890 2359327488
  57102   3321931243 197128929 2136297189 3321874162 3321931264
  11108   3542648029 2263759129 1198163303 3542636956 3542648064
  72584   3526728551 481596529 3196922060 3526656120 3526728704
  104244   3826654439 3701341766 1876042861 3826758708 3826654464
  73540   4083075497 479228149 4017594356 4083002044 4083075584
  74928   3502336573 1658359558 2010492864 3502411696 3502336768
  61794   2979008621 2506753879 2019419130 2978946974 2979008768
  29563   3667269581 1945464632 2928703251 3667299195 3667269632
  24580   2677775623 594583456 410373665 2677751036 2677775616
  5484   2592458237 898747518 377528780 2592463724 2592458240
  2635   2603359097 206697568 1927869182 2603361867 2603359232
  13751   3117414737 79162348 2976792979 3117401161 3117414912
  91140   3119761367 3102082154 2924249581 3119670268 3119761408
  40946   3211525277 1770218176 1260192079 3211484430 3211525376
  68466   4030775971 42673230 4009911693 4030707598 4030776064
  19997   2685102047 634133890 1407929118 2685122077 2685102080
  75956   2835070649 2216251078 407311609 2834994764 2835070720
  13214   4057196623 2164021137 1603925222 4057183586 4057196800
  32860   3887977777 2457686896 3012135813 3887945124 3887977984
  52363   3549206341 2781578757 1803710255 3549154165 3549206528
  63938   4274800349 15079510 2354428496 4274864322 4274800384
  102147   3359493391 1923515183 2209226460 3359595523 3359493376
  69028   3061641529 1290133741 2509511345 3061710756 3061641728
  88876   2566899493 1322670144 1048954033 2566810580 2566899456
  64283   3914259431 3820295460 2169160111 3914195173 3914259456
  48792   3995768171 3259103084 1459109228 3995817112 3995768320
  28225   4210562357 3263980993 2613597953 4210590785 4210562560
  8221   2354760509 455747693 1700040041 2354768925 2354760704
  33725   2971044551 1206159662 1134452768 2971010883 2971044608
  25231   2603179933 1244216960 2457692367 2603154801 2603180032
  75864   2322274583 149733999 267925790 2322198696 2322274560
  5090   2617341449 1131893674 1352011596 2617336350 2617341440
  79528   3856890227 2794953793 2215466754 3856810840 3856890368
  2434   3169603817 616454556 2824767592 3169601406 3169603840
  9633   3827005993 1211041560 1360863204 3827015841 3827006208
  47827   3297704881 2987045483 1758442394 3297752787 3297704960
  91057   3204996037 1965466413 2063906597 3205087153 3204996096
  73528   2580575281 1232891239 1257573648 2580648760 2580575232
  19372   3441539093 2658194808 1724435539 3441519700 3441539072
  14832   3106290413 617139221 1421428033 3106275600 3106290432
  46630   3223252337 1279512003 1224169997 3223205850 3223252480
  38729   2815061677 658588702 1211073323 2815100489 2815061760
  118163   3977960933 2744478696 622415753 3978079123 3977960960
  77206   3751173719 114687010 672499659 3751251094 3751173888
  17555   4273984931 3671486490 2862606144 4273967469 4273985024
  21440   4063478281 2026647838 1561728316 4063499712 4063478272
  3247   2865193453 1743727224 437534740 2865190225 2865193472
  15994   3009487777 1058098314 2188720363 3009471878 3009487872
  66243   3912914053 3188483628 2382495249 3912980419 3912914176
  39868   4013121433 1422782976 3559235983 4013081668 4013121536
  56442   2994887771 1155814236 1810053678 2994831494 2994887936
  80409   2558759389 1365697086 209921507 2558679015 2558759424
  60939   3928215157 2056146820 2747152680 3928276235 3928215296
  37527   3884778803 3515293269 1474370175 3884741481 3884779008
  26304   4259394497 2793447350 3507445960 4259368256 4259394560
  54574   2397859157 1720641246 2360516591 2397913902 2397859328
  30548   3146951909 647671360 425285379 3146921388 3146951936
  88071   3871832347 3575566790 2377588076 3871920391 3871832320
  23559   2876079383 2015799778 917803413 2876055801 2876079360
  10016   2457986239 2115749846 92735244 2457976288 2457986304
  32526   2733579089 1954406296 483217601 2733611790 2733579264
  37670   3256532311 430690432 1292043124 3256570150 3256532480
  65871   3722043641 1560664366 33644496 3722109519 3722043648
  28401   2900889869 2133507692 130648435 2900918257 2900889856
  38383   3784699823 1679913553 31732244 3784661521 3784699904
  5814   4048234063 4043128800 2864566237 4048228426 4048234240
  66065   3981794329 2111830571 1742069335 3981728239 3981794304
  95336   3682367173 430207434 1288994788 3682462568 3682367232
  56880   3780783103 1541401748 1919211790 3780839984 3780783104
  19357   2443994723 2160602627 1895985537 2444014237 2443994880
  32096   2635586461 2046973565 2346860469 2635618656 2635586560
  39935   2151399629 1304084159 1347152144 2151439615 2151399680
  86216   3347272583 1621487225 2919204108 3347358920 3347272704
  14314   3436820447 1238853889 1137951454 3436806166 3436820480
  68587   4014141709 3130082130 2844803968 4014073109 4014141696
  31133   3346512809 151465643 2091783254 3346481763 3346512896
  11796   3174953767 691439837 2444401962 3174941932 3174953728
  24080   2204013857 1091178980 1224905898 2203989744 2204013824
  72168   2423324567 931692834 1446991844 2423396840 2423324672
  73264   3078911189 2065747177 1030702293 3078984496 3078911232
  16178   2781370463 958811494 268768828 2781386802 2781370624
  8047   2358519467 1838014099 271709867 2358511505 2358519552
  51370   3209279741 653020936 1074385766 3209228374 3209279744
  10527   3459443621 2824692118 1934825058 3459433185 3459443712
  44321   2785724267 1889265241 2675409753 2785768737 2785724416
  67464   2769321083 731471915 1963015542 2769253752 2769321216
  21488   2576187821 1604215756 1404517781 2576209392 2576187904
  48477   2611912423 1390669451 1541320958 2611863971 2611912448
  58421   2827924807 699635070 902569621 2827983413 2827924992
  78221   2161700083 1864776949 1718754482 2161621875 2161700096
  26713   3431098787 2238085659 2433278772 3431125593 3431098880
  69828   3561455923 430425844 2187267019 3561525956 3561456128
  74428   3600642359 2096731076 1786251722 3600716988 3600642560
  31736   2869670863 847561044 1761081766 2869702648 2869670912
  8402   3728025953 3070902823 580367586 3728034514 3728026112
  581   3389428747 2793738374 2969108534 3389429317 3389428736
  24256   3842996713 3572895002 2903569879 3842972480 3842996736
  71330   4104419173 2859618142 2238280900 4104347998 4104419328
  2120   3714860113 1988796249 1639577297 3714862408 3714860288
  93437   2706819757 425804757 544391537 2706913277 2706819840
  94316   2812686731 566290165 654829801 2812592532 2812686848
  63982   3469859803 290060973 3141556148 3469795858 3469859840
  40134   2384812589 1933151629 1768350730 2384772410 2384812544
  2404   3397087081 2123817357 1825349517 3397089636 3397087232
  43784   3676209127 2548313428 1706392383 3676252936 3676209152
  114354   3614859403 2694442467 973792118 3614745166 3614859520
  97664   4251127481 2633243691 1843956007 4251029888 4251127552
  22580   3730376393 355307382 2206850210 3730353868 3730376448
  24212   2832865999 452557492 18454599 2832841836 2832866048
  14012   3465285413 2792327026 3321469141 3465271364 3465285376
  8459   2563122137 2301644784 2205653879 2563113717 2563122176
  94077   2551201361 1504959054 2429222218 2551107459 2551201536
  45611   3828524867 444807103 716933478 3828479445 3828525056
  17820   2164379081 801226525 936145257 2164396956 2164379136
  88821   4153547249 3935802141 3887831642 4153458443 4153547264
  76204   3287765333 2672050084 2157772688 3287841708 3287765504
  72134   3410264479 2735068095 1509905835 3410192442 3410264576
  15748   2297801483 1877251658 1639325676 2297785724 2297801472
  74918   3947462671 716983683 1050102236 3947537574 3947462656
  28620   4216755233 2782152992 2980129522 4216726580 4216755200
  49978   2659131571 1324905267 56859948 2659181626 2659131648
  102132   3624193369 937746096 3423178288 3624091404 3624193536
  53469   3717788941 2439939075 3111913704 3717735459 3717788928
  52566   4293902377 1708857951 3151158840 4293850026 4293902592
  38944   3629649563 1163260875 402684581 3629688608 3629649664
  47794   4180471111 4153779119 3208219960 4180423502 4180471296
  6392   3610656691 694628098 2765027356 3610650376 3610656768
  99664   3156106007 2561819521 3143402875 3156006320 3156105984
  60893   2530436801 1199364443 909136105 2530497757 2530436864
  15389   2235379721 1513687958 184729548 2235364323 2235379712
  70634   3782212997 2701534455 3597361252 3782283754 3782213120
  5709   2207768179 217632683 426040216 2207762611 2207768320
  107501   3613032811 1385310887 2458101695 3612925459 3613032960
  2712   3848272067 818036203 2035648105 3848274840 3848272128
  32074   3435820757 2702273765 2796049978 3435788726 3435820800
  37920   3091781741 2413235372 1150029980 3091743968 3091781888
  45014   3676592483 952484727 192019706 3676637654 3676592640
  69154   3116617171 1202653905 2249290038 3116548062 3116617216
  77928   3681219469 959775697 3100740067 3681141656 3681219584
  21476   3670774867 1347293201 3503762047 3670753564 3670775040
  81046   4247474243 1515999101 3313131061 4247555478 4247474432
  86772   3253840957 1419409589 795122513 3253927924 3253841152
  80524   3268467679 1840300710 412317924 3268387188 3268467712
  33618   3227871611 2645728061 1543040265 3227905362 3227871744
  62539   3837044417 2435140873 1357565199 3836981941 3837044480
  78746   4201730539 418437566 3905127489 4201809306 4201730560
  55894   2465138087 2212396564 1424062290 2465194070 2465138176
  29827   3077399053 1872835418 1880050999 3077428867 3077399040
  64412   3821143321 1561346958 2746694720 3821078884 3821143296
  106372   4000262003 2269213341 2859733217 4000368516 4000262144
  86182   3624256267 1055037334 1312170489 3624342438 3624256256
  3152   2902575979 595658117 176565293 2902579280 2902576128
  98504   4236170083 3504770308 1220823202 4236071736 4236170240
  45046   2177239291 1160810181 992051566 2177194250 2177239296
  90400   2748786847 1610328955 2565827061 2748696544 2748786944
  30722   3789848333 3181815532 59820722 3789879042 3789848320
  62954   2244225617 896231447 413541842 2244288746 2244225792
  46647   2742762223 2558188167 372944034 2742715593 2742762240
  92995   4293867047 579703881 228647696 4293774269 4293867264
  71364   2604560627 2210198269 38985315 2604489276 2604560640
  22308   3761370181 1568646662 1688525162 3761348060 3761370368
  50432   4219109501 2776673573 1807665600 4219059200 4219109632
  17552   2393854487 1291763797 1902712417 2393872016 2393854464
  42025   3550247461 2404636690 2829212859 3550289449 3550247424
  47616   4048670383 1127122651 4007733294 4048622848 4048670464
  20460   2512818617 246128179 343729274 2512798228 2512818688
  29026   2298401453 2040006057 1070444972 2298372510 2298401536
  27112   3055252723 2072959393 1531708461 3055279848 3055252736
  5230   3480325237 1270965874 2432615672 3480320146 3480325376
  41671   2857280863 2529840702 818107940 2857322695 2857281024
  53262   2539322449 296609069 221155961 2539375886 2539322624
  86562   2489373959 2003393917 2405895570 2489287390 2489373952
  54520   3849024931 678356571 3146807739 3848970504 3849025024
  8015   2534789351 568643843 271489655 2534781361 2534789376
  19058   2484541951 1038442969 700060423 2484522894 2484541952
  58030   4210700491 1716328610 2179732544 4210758574 4210700544
  6517   2174162681 1549027757 942562211 2174169205 2174162688
  52586   3692179013 2111965247 1247187610 3692231786 3692179200
  47668   2893003363 85673368 1061221532 2893051188 2893003520
  82056   2208406349 238338893 1263190964 2208488584 2208406528
  66279   3343107857 1036387612 1075542289 3343041561 3343107840
  77436   2680907441 691522318 169758122 2680830084 2680907520
  111248   3518523689 1386778326 3068484821 3518634896 3518523648
  123774   4278576359 3512376277 2532239338 4278452610 4278576384
  29736   3104972323 302760885 131192377 3105002024 3104972288
  8314   2315427529 554690589 1591375291 2315419270 2315427584
  111668   4176041171 969904883 709950461 4175929548 4176041216
  33188   2317456697 2272754514 2164551310 2317489828 2317456640
  93464   3972418519 656701116 387799171 3972325096 3972418560
  44552   2175010951 1377058689 429568925 2175055624 2175011072
  91685   4006886717 3074673531 2357418336 4006978597 4006886912
  52216   3975299371 996663685 3278937779 3975247368 3975299584
  27033   3965014447 2381934203 3220829588 3964987495 3965014528
  6088   3190634453 1138038040 1444028502 3190640584 3190634496
  21045   3705019999 45770459 2021200909 3704999115 3705020160
  69376   2942898797 1176628936 627658644 2942968320 2942898944
  35572   2831361059 2438823955 2125342594 2831396596 2831361024
  1317   3275086427 617038945 15733666 3275087909 3275086592
  40248   3855211649 2349356732 2002974973 3855252024 3855211776
  105896   3007599643 628119442 606071078 3007493720 3007599616
  116552   4221068713 3109815390 2854085887 4220952248 4221068800
  16254   2916103933 1519092006 1733072996 2916087682 2916103936
  54022   2942775959 1735919366 2806472540 2942830086 2942776064
  66460   4052900749 1328182705 40346964 4052967324 4052900864
  97764   4083797957 373200409 3080667455 4083700252 4083798016
  97572   3309840509 2490004524 2679298267 3309938212 3309840640
  55488   2601184723 1785134050 366709603 2601240256 2601184768
  27907   3247796689 431733051 5172823 3247824643 3247796736
  52776   3065042363 1133320118 1854672573 3065095208 3065042432
  75320   2852793199 1308352398 495280574 2852868664 2852793344
  68504   4016006087 3553184624 1469803556 4015937640 4016006144
  7412   3857746273 1351704287 583139754 3857753844 3857746432
  10322   2229620149 1175630897 1409172243 2229609902 2229620224
  50004   2521517543 882466565 1966547465 2521567572 2521517568
  25760   2775553103 931303502 171786016 2775579040 2775553280
  21344   3841003583 138511927 3826077849 3841025120 3841003776
  20599   3841497763 162392306 326313080 3841518455 3841497856
  42019   3634065569 430200706 2466811932 3634023645 3634065664
  51352   3450760279 1749152869 3401069926 3450811800 3450760448
  10243   4221517133 121098466 2329950957 4221527555 4221517312
  70784   2913849871 462359044 2384313458 2913779072 2913849856
  92316   3336412553 663562045 1490735228 3336320356 3336412672
  27204   2237838973 1945694840 1610819319 2237866308 2237839104
  35396   2879834333 2720476746 1883859624 2879869764 2879834368
  20231   3285814393 651885240 652445137 3285834759 3285814528
  89789   4081316051 1196160978 354423753 4081226307 4081316096
  50172   2890988671 1703932600 1362189214 2891038972 2890988800
  24228   4240543607 2004719127 2571323258 4240519516 4240543744
  93286   4207765867 1920453307 260201310 4207672730 4207766016
  28750   3777207289 1920980364 2116402025 3777178546 3777207296
  39820   3115589383 3104547434 1134169255 3115629196 3115589376
  82207   3291497269 1900174206 3275534419 3291579679 3291497472
  7246   2534857333 1799033309 1055071593 2534864718 2534857472
  34012   2834007541 1452624628 2492899658 2834041564 2834007552
  12174   3367321369 1175737605 149852910 3367309170 3367321344
  10621   4246306913 3972981996 2829028462 4246296451 4246307072
  9636   2334366379 1516747859 1461201494 2334376100 2334366464
  88044   3481391887 117833843 2190083439 3481479916 3481391872
  50220   4009202489 3549115901 2873416432 4009252908 4009202688
  31016   2535983027 1470729804 709993194 2536014120 2535983104
  42013   2849681827 2556994421 1256169076 2849639907 2849681920
  3358   2854349801 2547174796 166901266 2854353182 2854349824
  97482   2882433797 1832396746 1057273456 2882531274 2882433792
  22032   2745584801 1634320096 2091585552 2745606928 2745584896
  70972   2730667777 360648920 36159801 2730596804 2730667776
  70799   3270918223 2113645390 2163186625 3270989199 3270918400
  45023   2250318533 1696700536 1965580238 2250363615 2250318592
  13315   2807284099 909664792 2212703496 2807297539 2807284224
  1488   2534045597 805197079 513024549 2534047184 2534045696
  23430   2779077149 543535456 2723159258 2779053690 2779077120
  30584   3223698139 1727735949 467330050 3223667592 3223698176
  25765   2541266087 388729895 979467492 2541240411 2541266176
  20135   3220121231 2024355172 2773585493 3220141479 3220121344
  50878   2527428019 1795824620 1595515990 2527478974 2527428096
  21294   3887405597 974135476 3421688890 3887426862 3887405568
  66175   4100962577 1650019765 3437000011 4101028735 4100962560
  75028   3712262527 832993689 998451510 3712187628 3712262656
  118426   3684745583 916935519 2154946650 3684627302 3684745728
  30072   2374329179 783161054 677090579 2374359416 2374329344
  53937   3611943427 185888813 3489257296 3611997361 3611943424
  14468   3578113711 426267774 596784025 3578128260 3578113792
  29904   3286183519 451110808 857253019 3286213584 3286183680
  1533   3984564163 2876290800 2598265008 3984562691 3984564224
  19507   3997998701 1999903061 1226820479 3998018355 3997998848
  100278   3538477289 3078594951 84047896 3538377034 3538477312
  25497   3515869949 1423032060 3196437356 3515895449 3515869952
  795   2798674013 1982935459 404710436 2798673381 2798674176
  30902   4176667973 3275738710 3483574824 4176637258 4176668160
  64079   3137155907 1795127469 2531497097 3137220175 3137156096
  52582   2473761709 898510404 7381575 2473814374 2473761792
  24004   4205847389 2373272348 3816128830 4205823548 4205847552
  56336   2903208907 1277955645 1002313722 2903152624 2903208960
  34224   3244105859 2807071882 703322839 3244140208 3244105984
  110702   4080541151 3179229884 2787101954 4080430482 4080541184
  79095   3211185511 188545055 1699275727 3211264759 3211185664
  92917   3947255357 647124063 944053109 3947348469 3947255552
  32064   3189404143 2062826249 837358439 3189372096 3189404160
  48036   3656368951 244506179 1917792648 3656321116 3656369152
  30472   2957690383 1693455963 2115815666 2957659896 2957690368
  6870   3958951669 2989956476 668644508 3958958550 3958951680
  92352   4049423333 665143012 3072244314 4049331008 4049423360
  20758   3041847437 1432078902 1267071704 3041826794 3041847552
  30091   4182471487 2200702431 1702065296 4182501771 4182471680
  59082   3303855169 2154717397 1797234210 3303914442 3303855360
  21984   3211068389 1029770557 335965691 3211046432 3211068416
  3752   3863380739 1787959610 31109671 3863376984 3863380736
  49920   3635511773 3480415048 70790707 3635561728 3635511808
  61138   3406798303 1275258022 2335768262 3406737198 3406798336
  44424   2625455551 1305114615 288798079 2625500040 2625455616
  39208   2912839087 2482201739 649456611 2912799960 2912839168
  80424   3769369979 2214057248 1043786814 3769450536 3769370112
  101412   3843902047 2796376250 2897474028 3844003620 3843902208
  25122   2508395119 2067184898 2197340500 2508420386 2508395264
  74344   3042586621 2793179326 1147886866 3042512280 3042586624
  76102   3787756547 2671782006 3310196296 3787832646 3787756544
  65345   3697192259 938702526 3581889618 3697127103 3697192448
  125263   3953449573 3588891063 1279321108 3953574991 3953449728
  1470   2252292689 531839438 1436559103 2252294334 2252292864
  16088   3096403421 720913910 1222843726 3096419544 3096403456
  76515   3136393147 28252896 2262897060 3136316701 3136393216
  64440   4219101329 1767684606 3202704758 4219165880 4219101440
  8406   2560996369 756334436 708098252 2561004758 2560996352
  62752   3748942367 1841605229 2184558126 3749005088 3748942336
  50976   3842434447 427640556 2587631592 3842383584 3842434560
  55455   2821680737 568100993 1128921401 2821625441 2821680896
  13072   2536168381 615389855 855525777 2536181520 2536168448
  41884   2541491917 15808272 1323640944 2541533852 2541491968
  42862   3217412749 149863291 534584084 3217455726 3217412864
  10544   3624328751 88201714 2626966060 3624339504 3624328960
  30213   4177115639 2773803270 917784578 4177145861 4177115648
  44852   2170560811 513935303 1085309541 2170605620 2170560768
  1560   4272140297 1191565684 1492916383 4272138728 4272140288
  60614   2858832973 2725474099 935390391 2858772538 2858833152
  16306   3851379821 2980534464 1683729123 3851396274 3851379968
  49264   4057692869 1273354466 3278702600 4057742192 4057692928
  30272   2201517469 902306194 1423925707 2201547840 2201517568
  44718   2221963879 1302090389 1554432113 2221919314 2221964032
  18946   2807069591 2767708783 2481432769 2807088642 2807069696
  26004   3377403499 474264978 233505235 3377377644 3377403648
  58929   3536596087 3333941958 211731721 3536537295 3536596224
  14629   2382649021 876623144 193136495 2382663717 2382649088
  35812   2250233857 788204771 1472777949 2250269668 2250233856
  66051   2631630949 343995800 1982234515 2631565053 2631631104
  13016   2774320343 1878162952 1269530523 2774307368 2774320384
  63206   2348773099 2068191749 903905030 2348709914 2348773120
  74335   2651781773 952259054 106913223 2651707553 2651781888
  35121   3697533871 2690240638 1471352870 3697498831 3697533952
  79114   3220460951 842094159 353494064 3220381942 3220461056
  17214   2236557511 1904735348 1218230377 2236574782 2236557568
  57355   2988952553 192872842 2091504162 2988895221 2988952576
  5570   2788716439 1604386056 995871042 2788722114 2788716544
  96364   3207930263 2810259744 1771468892 3208026732 3207930368
  34462   2248734343 224264890 2064563663 2248768926 2248734464
  31150   2238956087 1814690524 227041145 2238987182 2238956032
  86014   3456893977 256190561 2423852707 3456979966 3456893952
  1639   2624608409 2285037136 1991271110 2624610151 2624608512
  62419   4167577987 1496291500 3606170578 4167640531 4167578112
  63600   4116978953 3688077839 3644288872 4116915344 4116978944
  28880   3280370941 3000558408 1372786901 3280342064 3280370944
  105318   3559504261 106106636 3359136836 3559399066 3559504384
  55522   3094447679 873501876 2082069989 3094392350 3094447872
  120304   3845512159 3029543399 3613867137 3845632496 3845512192
  42450   3072189503 1330397886 1077538400 3072232146 3072189696
  41870   2174026409 479419776 1441938684 2173984626 2174026496
  111082   3430892137 2239617974 1735032141 3431003370 3430892288
  14115   3699901109 1910912851 297660055 3699887069 3699901184
  71236   2648097239 1414350845 190283019 2648026044 2648097280
  32278   2849798293 1979086339 922326036 2849830678 2849798400
  14142   4239208811 2407837964 1866313090 4239194818 4239208960
  28696   2470156303 447468939 1006420196 2470127592 2470156288
  74784   2656252523 1369635872 1539477675 2656177888 2656252672
  93981   4226252731 1331787202 3388495159 4226158819 4226252800
  66302   4071242561 2986647708 158988241 4071309054 4071242752
  109143   4026920341 3192269616 657563929 4027029591 4026920448
  96880   3913987951 7562347 1660169091 3914084976 3913988096
  72912   2530113647 607756957 604526901 2530040880 2530113792
  41115   3738986731 3259786435 3277454604 3739027867 3738986752
  111122   3661919293 986551376 1835515115 3662030610 3661919488
  88697   3358129129 2595606450 2601573706 3358040455 3358129152
  101627   3347843281 2656883785 612512940 3347944955 3347843328
  104017   3775969147 797598091 3639035007 3776073297 3775969280
  87132   2736511087 2010367435 1399940509 2736598364 2736511232
  45725   4103825261 3138907367 3357839633 4103779683 4103825408
  29316   3938107757 3824344872 2760641951 3938078588 3938107904
  82418   3567466403 684460601 2706668206 3567548914 3567466496
  29721   4252430909 3514480532 1412836398 4252401383 4252431104
  47853   4092316427 1367718973 1165016890 4092364269 4092316416
  34547   3286801807 1285513850 681698850 3286836467 3286801920
  12207   3943166749 2673452512 1399180276 3943178927 3943166720
  64699   2721109031 864761890 2517013956 2721173691 2721108992
  75534   3570254447 3229764735 2373583664 3570330126 3570254592
  74100   3049051361 554823165 1435218299 3049125492 3049051392
  49116   3785157289 1204709325 551502661 3785108260 3785157376
  18012   3918737513 3479793608 693528443 3918755676 3918737664
  65145   3415145543 1715268049 1901172111 3415080583 3415145728
  3472   2317268141 1789718914 132508949 2317264752 2317268224
  84464   2330369383 1049851491 1538834741 2330454000 2330369536
  66566   2372811521 962697416 437299218 2372744954 2372811520
  92239   3292419107 1869454050 3195999026 3292511311 3292419072
  29332   2392956967 1458753115 1228564060 2392927596 2392956928
  20621   4265235439 4088305135 3863956472 4265256077 4265235456
  20580   3380637899 2485884336 2516984737 3380617372 3380637952
  77976   2280183877 425667226 346171662 2280106088 2280184064
  22592   3277795387 1129933234 1506788748 3277772992 3277795584
  3196   3340909093 654975420 2958399655 3340912252 3340909056
  43158   3919275589 2338039880 3301087765 3919232618 3919275776
  343   2331967601 1457318401 881127187 2331968087 2331967744
  35740   2599041191 1660441096 271464871 2599005540 2599041280
  45340   4083039119 945953812 1441433245 4082993892 4083039232
  55999   4294140029 356317426 965203210 4294084161 4294140160
  52648   2304443231 1400932153 1546142224 2304390744 2304443392
  52257   2279013491 2264385988 827285517 2278961375 2279013632
  73276   3624768317 1774576366 2436661369 3624695236 3624768512
  21008   4109329547 3530102969 3186743462 4109308656 4109329664
  82466   3653921641 3565633414 229633871 3653839326 3653921792
  44757   3801384767 1274339185 1657053055 3801340203 3801384960
  73199   3418622231 2984568099 2522882611 3418695407 3418622208
  87224   3465612251 3053453081 1608203970 3465699512 3465612288
  64231   4217034461 1355261584 1717343662 4216970265 4217034496
  22544   3499770163 1050254025 2776055559 3499792912 3499770368
  16353   2150465069 151899434 766063916 2150481377 2150465024
  10339   4081543853 3053541789 2381613311 4081554275 4081543936
  29645   4203485549 1254737425 335121777 4203456051 4203485696
  82808   3944893439 692271509 1265610132 3944810632 3944893440
  840   2761450469 1976324837 222503294 2761449656 2761450496
  10551   4247058547 1101856140 3102692125 4247069239 4247058688
  76512   4035945247 2806175296 1185400966 4036021728 4035945216
  110760   4104827843 2095955542 2950355359 4104717144 4104827904
  13609   2657137463 522601806 1121269959 2657151273 2657137664
  71611   3655017571 1498192790 23459598 3654946117 3655017728
  85378   3249022661 1225370086 3182467587 3249108098 3249022720
  10807   4119961247 73351669 2198152772 4119950537 4119961344
  9906   3541575181 128370784 2925943517 3541565262 3541575168
  69284   2163678373 145194111 1914802970 2163747748 2163678464
  664   3034755011 1345767208 1290689754 3034755736 3034755072
  16532   2625562873 1390331470 2292314068 2625546348 2625562880
  19336   3032129281 1557635956 2937798869 3032148616 3032129280
  14210   3175649651 2320224411 351266325 3175635582 3175649792
  69962   3694778761 3355644611 1079261971 3694848842 3694778880
  63884   2197056409 1394462985 207295590 2197120396 2197056512
  8772   3090200851 2681475609 2478785778 3090192060 3090200832
  6556   3195611959 881415940 1610697689 3195618716 3195612160
  738   3094406717 1772017306 2079119919 3094407650 3094406912
  53472   3839077733 3259477245 125766148 3839131360 3839077888
  69837   2513899981 1719995650 2150582805 2513830195 2513900032
  44892   3934677067 2432740251 2125445331 3934722140 3934677248
  10508   4072361863 3475311877 3294495104 4072351476 4072361984
  100816   3629877631 1756379272 2512869641 3629978576 3629877760
  45780   3740607373 226705942 3142389251 3740653268 3740607488
  47950   3705477449 2018903281 212784886 3705525582 3705477632
  76699   2681791223 2149661460 2471532575 2681867931 2681791232
  70984   3684231433 3606371576 3380080725 3684302408 3684231424
  18753   3565428991 2255693229 2084527121 3565410239 3565428992
  16820   2759554279 1353306152 1767920919 2759571124 2759554304
  16939   2887559011 2227335293 1095034305 2887576107 2887559168
  80265   4083970421 1271582386 8250410 4084050825 4083970560
  92890   3145134169 1041219291 191103922 3145041446 3145134336
  49948   4221186659 3225984940 2557648028 4221136868 4221186816
  45001   3519812399 2041189882 797312411 3519767607 3519812608
  19357   3709162817 2926200293 752612457 3709182365 3709163008
  11506   2298135053 61280467 764658545 2298146546 2298135040
  55415   3483221633 1119587326 1610787146 3483277175 3483221760
  59857   3892264711 3394480185 1684547272 3892204847 3892264704
  35776   2827861691 2755018277 1961010972 2827897536 2827861760
  6043   4051682099 1873825263 2010848386 4051676261 4051682304
  6887   2219835181 129809860 1191268537 2219842023 2219835136
  1409   2207514679 250026936 41669764 2207516033 2207514624
  5420   4176424753 880894624 2931473280 4176419540 4176424960
  88616   2678888999 1470760061 1937818990 2678800344 2678888960
  93141   3317692883 3078169350 987885749 3317786069 3317692928
  37352   3043431563 1971331493 867601139 3043394328 3043431680
  25873   3930001289 125087467 3812718611 3930027281 3930001408
  34900   3604370789 2739731120 3500511727 3604336044 3604370944
  62205   2982376847 2760378908 2056206312 2982314755 2982376960
  35739   2802183887 1775852857 2369932612 2802148197 2802183936
  85540   2666287891 280375976 890954859 2666373412 2666287872
  16035   4277691163 2062488795 2863631910 4277707171 4277691136
  7639   2824609663 1061748484 510332545 2824602153 2824609792
  52340   2414939621 1008817625 2116855289 2414887308 2414939648
  62830   3534836413 696786582 1126560135 3534899310 3534836480
  3202   2551327021 1708687582 1095413423 2551330178 2551326976
  66147   3791680483 496082924 2604588253 3791746659 3791680512
  71753   2438038843 2259967045 575039249 2437967287 2438039040
  1034   2305353979 2222065807 88635134 2305352950 2305353984
  92572   4192905023 1716385874 2165354369 4192997788 4192905216
  52232   4013536199 1693861122 3483234558 4013484024 4013536256
  107154   3585679187 2036037406 1596705466 3585786514 3585679360
  91641   3604452301 3002613159 1863882465 3604360711 3604452352
  38190   2700458207 276294087 69962919 2700496430 2700458240
  18642   2675086223 178777260 956718831 2675104978 2675086336
  7342   3380904523 3067176438 3380672552 3380897362 3380904704
  28613   3200695699 2109024471 1259206106 3200724421 3200695808
  48   2880096577 234295956 2535347450 2880096816 2880096768
  40901   2453263753 605189996 528467018 2453304773 2453263872
  112174   3484408099 959840764 2828466884 3484520238 3484408064
  94152   3795477547 3715168069 2701548295 3795571912 3795477760
  47796   3590345123 3123323015 371383311 3590297420 3590345216
  6273   2417155381 1553592569 1748596289 2417149055 2417155328
  96301   2693019313 744887706 281336100 2693115693 2693019392
  50740   4064491099 3982314299 3939948726 4064440524 4064491264
  27172   3120026891 1783714800 9209781 3119999708 3120026880
  26922   2423997379 1766768806 2276843893 2424024362 2423997440
  75858   2326346587 2278743136 1046475323 2326270894 2326346752
  52898   2565273481 1654691183 1179683146 2565220702 2565273600
  66240   3781362973 2292421559 3557813190 3781429184 3781362944
  18144   2336866559 335668130 509027909 2336848416 2336866560
  73982   2955793051 2425207788 723814213 2955719170 2955793152
  26365   3170748793 105773021 2119187710 3170722563 3170748928
  37749   2429126881 248334958 2184556050 2429164661 2429126912
  81148   4085653601 2678625728 3227211478 4085734908 4085653760
  1308   2379927773 658646591 1172141351 2379926500 2379927808
  28880   4102297603 1143984824 3334786702 4102268720 4102297600
  99128   4265924423 3635405991 3783087277 4266023736 4265924608
  15672   2154976907 1739987604 105446702 2154992696 2154977024
  42848   3329650483 241374829 245214875 3329607840 3329650688
  96392   3937250021 1763318495 580570799 3937346440 3937250048
  49595   3184959301 2634526885 324888473 3185009083 3184959488
  25582   2851004141 1576252302 2115184967 2851029742 2851004160
  57556   3577772911 1782861523 1154784546 3577715500 3577773056
  41452   2618229121 435825386 2469417165 2618187796 2618229248
  57854   3823569949 807394312 235752105 3823627774 3823569920
  66088   3623207149 1136100937 1460064781 3623141080 3623207168
  97068   3204610781 2503580375 2678097573 3204707884 3204610816
  26862   2224114957 771027831 324883526 2224141806 2224114944
  52850   3745321397 3484945138 2079098457 3745268622 3745321472
  120536   4273252339 4088606453 659651564 4273131816 4273252352
  65029   4267314019 3087696920 1034553082 4267379205 4267314176
  35304   4142585719 3009446513 1249462096 4142550552 4142585856
  44077   2628452683 692237612 989637610 2628408787 2628452864
  4696   3588242569 588820447 2211573997 3588237992 3588242688
  96027   3825178241 599084473 2116608840 3825274395 3825178368
  46157   2324966591 56493125 496203194 2325012813 2324966656
  2941   3107100463 75078241 2679775713 3107097475 3107100416
  118984   4126700161 1080837812 141843270 4126819272 4126700288
  75955   3317061821 948397831 1440988760 3316985933 3317061888
  76649   2237966491 337794901 1534084067 2238043241 2237966592
  61032   2863143889 569202221 1762209139 2863204968 2863143936
  75291   2800915129 1890754828 1744540028 2800839909 2800915200
  84592   3989423617 453398199 965264241 3989508208 3989423616
  55992   2648141819 1530983480 575846031 2648085832 2648141824
  2182   3678385127 271658278 3588421841 3678387334 3678385152
  23862   3833566481 3646487157 1885424229 3833542602 3833566464
  38441   3357339023 1646591721 1129151222 3357300695 3357339136
  42863   3626507141 1312677418 192016419 3626464401 3626507264
  34380   3199951631 3168790848 3011987836 3199985996 3199951616
  119285   3928422947 3811480833 532942082 3928303627 3928422912
  28958   3352652333 822206869 2186583351 3352623330 3352652288
  1082   3927588943 3600603602 88399507 3927590202 3927589120
  32544   2538547043 1297903824 1122528069 2538514656 2538547200
  46442   2282897761 2024891475 2157611215 2282944362 2282897920
  71368   3629142637 1662096803 1437235003 3629214152 3629142784
  59680   3618860569 2798153056 2043718186 3618920224 3618860544
  58678   3185766959 114071785 1405533952 3185708234 3185766912
  3110   2699630057 1555420436 392296373 2699633190 2699630080
  39787   3841874429 107859207 1097252618 3841914219 3841874432
  48278   2532275357 1797478410 520866903 2532323734 2532275456
  111949   4203708419 39853319 76425143 4203820365 4203708416
  21448   2799418529 2123893451 2411606368 2799397176 2799418624
  20600   2179455757 513073597 1275858923 2179476344 2179455744
  62492   3202198807 2504431414 1933556427 3202261276 3202198784
  58252   3631782221 3116835237 3250873061 3631724148 3631782400
  92254   2387727269 1691054056 2282166454 2387635106 2387727360
  86703   2367089209 1191833224 1650484996 2367175855 2367089152
  10180   2759279977 2251053461 1705184509 2759269948 2759280128
  58348   2250246169 1980253017 206929312 2250304492 2250246144
  70672   3082738291 2128934724 3047453578 3082667760 3082738432
  42096   3227321717 2452393182 559759736 3227279760 3227321856
  80787   2170370479 443772294 2151429277 2170289773 2170370560
  20948   2881652731 655455647 280388878 2881673684 2881652736
  25384   2326707469 757706764 1863364446 2326682072 2326707456
  81621   2604952397 1761755361 2386639560 2605034197 2604952576
  30328   3594416473 49596509 1540485124 3594446968 3594416640
  116640   3552931573 982935871 305878813 3552814944 3552931584
  40090   3366003853 2100634672 3324320814 3366044058 3366003968
  34580   2629152373 832733441 1826322307 2629117932 2629152512
  75597   3220568443 1665508479 1246313816 3220644173 3220568576
  69490   2786136097 1456588234 2462038736 2786205554 2786136064
  62460   2440153423 2052912729 1434959462 2440091140 2440153600
  19154   2825754479 1842614869 1262484144 2825773778 2825754624
  41200   4077046559 3638255295 3536773031 4077005328 4077046528
  4461   3196651697 158289310 1233043329 3196656237 3196651776
  10438   2387981881 1460451086 1096260604 2387992262 2387981824
  19653   3815825963 1853449397 3786778922 3815806523 3815826176
  13903   3094262827 1649576608 2668048813 3094276687 3094262784
  68156   2500248151 2293022405 1015762760 2500180164 2500248320
  2181   4062271049 497463357 2460956293 4062273413 4062271232
  11109   2658727411 2408924863 2122348312 2658738533 2658727424
  93841   3196507957 1380939529 1954881607 3196602001 3196508160
  72541   2459347351 296865566 1348824276 2459274915 2459347456
  55549   4053115369 3642347750 2551833904 4053059843 4053115392
  1023   3227047309 2677018898 779230044 3227046401 3227047424
  54987   3961080377 799122083 2671723703 3961135563 3961080576
  8760   3666809513 2787146943 2151181916 3666800840 3666809600
  70337   3653810353 1790099405 856031991 3653740095 3653810432
  33893   2567445071 2300140029 746682693 2567479141 2567445248
  66700   3753047503 3541180478 2792251497 3753114252 3753047552
  21977   2620341419 682564761 2258110120 2620319527 2620341504
  17047   4177521457 556629035 1748454456 4177538711 4177521664
  91408   3806663417 1260976618 1501204874 3806572016 3806663424
  46559   3561583913 628916421 410632979 3561537313 3561583872
  4522   2691318647 656382359 83882901 2691323306 2691318784
  38543   2830249223 2517236569 502053179 2830287759 2830249216
  31568   2676026317 1219834559 1521825613 2675994800 2676026368
  5799   2367452533 1108154728 2005850490 2367446873 2367452672
  3389   4287579749 3317543077 230980676 4287583293 4287579904
  42303   2409568697 489739532 601709945 2409526465 2409568768
  32614   3992841277 69369193 268347496 3992874086 3992841472
  55775   3479519027 1489339929 2940053396 3479463457 3479519232
  17783   2353742197 2047474909 1208939912 2353724553 2353742336
  89906   4218451453 3834175625 72200918 4218541362 4218451456
  111561   4048649519 34287966 2117428319 4048761289 4048649728
  61952   2904229019 2425936452 2085943024 2904167168 2904229120
  27162   3692676209 1316064232 281796062 3692649190 3692676352
  48446   3185743523 3137252003 376714834 3185695170 3185743616
  60326   3591095471 527717680 3230741983 3591155878 3591095552
  18564   3587745157 2426241591 2150253006 3587726716 3587745280
  988   2850340357 343829984 2447854451 2850341340 2850340352
  52184   2911084951 1847040709 2562760663 2911137240 2911085056
  50480   4258957177 3660258586 4177918907 4258906832 4258957312
  71912   2558471651 91700587 2256553934 2558543592 2558471680
  39524   3225637379 1083924227 3222859977 3225676900 3225637376
  104553   4252177099 1537504822 81983170 4252281705 4252177152
  9780   3791893421 89996674 3446394620 3791903284 3791893504
  1327   2168601691 1918399860 1499423382 2168600529 2168601856
  61666   3837100249 1298461689 3545570510 3837038622 3837100288
  25095   3461191589 939368618 1539087460 3461216775 3461191680
  18408   3322749847 2023768459 2909802338 3322768360 3322749952
  27607   2772673649 1657220444 2211177336 2772646185 2772673792
  57428   2777191357 1795924685 1023375335 2777248852 2777191424
  31408   3963639637 260704576 198508445 3963608400 3963639808
  3182   3002657743 1398963258 2043083228 3002654610 3002657792
  5192   3589673033 135652756 687641911 3589678408 3589673216
  18296   2681178733 656024209 19779808 2681160584 2681178880
  68156   2799850897 2408454389 1333636738 2799782852 2799851008
  45110   3302978131 1042539597 614780418 3302933194 3302978304
  23324   3851969567 929574492 2163466428 3851946212 3851969536
  74970   3774644543 859147623 920329472 3774569766 3774644736
  35698   2734422517 1927447494 1886893951 2734458226 2734422528
  58842   2428622323 2125963193 920366998 2428681178 2428622336
  29696   2385305047 487857795 795606837 2385275392 2385305088
  19677   2488968763 2069251774 1444042713 2488988637 2488968960
  64334   2733517691 860849165 770741891 2733453490 2733517824
  113378   3693193717 3416182854 2293966492 3693080350 3693193728
  51739   2929007119 1145334919 635124918 2928955365 2929007104
  40568   3949824191 3685865731 2225375457 3949864824 3949824256
  76166   3048585641 2332648958 484816653 3048509562 3048585728
  64258   2631454583 338716678 474910661 2631518978 2631454720
  45011   2852719381 562905054 1533113297 2852764371 2852719360
  7994   3751052719 1896906863 2877737217 3751060794 3751052800
  60286   2613071711 1187963779 1101588469 2613011586 2613071872
  40310   3740067413 3182032841 885899869 3740107894 3740067584
  74480   2467822703 684609554 1892174626 2467748368 2467822848
  90637   2452630757 1499977405 930321896 2452540147 2452630784
  70607   2801831881 1390281960 838669335 2801902543 2801831936
  65144   4005916799 2997797068 1759450440 4005851784 4005916928
  91309   3987035309 3359806764 3057128796 3986944083 3987035392
  53637   2826592297 142173463 2725055582 2826645893 2826592256
  80188   4272723977 1683926246 4217171751 4272643780 4272723968
  56349   2462810869 2327357139 2138444585 2462867229 2462810880
  20384   2298759233 2037179346 165452643 2298779808 2298759424
  74719   4100372803 2348981571 213079431 4100298273 4100372992
  28524   2451811639 739486803 1230971032 2451783060 2451811584
  10086   4012114633 941634027 2924353457 4012104602 4012114688
  69801   2582579017 1664517669 2032633870 2582649001 2582579200
  4804   3245853167 244147279 206831278 3245857988 3245853184
  99263   4218439633 358914173 3991170138 4218340417 4218439680
  6814   3293844233 732869345 536433618 3293851038 3293844224
  8512   2802456379 1753069422 1473017014 2802448064 2802456576
  86347   3939527729 3755116518 2367011315 3939441589 3939527936
  35476   3001277267 649794659 1242034050 3001241964 3001277440
  7404   2173005511 281164973 1324441404 2173012972 2173005568
  58118   3364159033 1320442709 2463826831 3364217350 3364159232
  60428   4083499391 1639762968 2350297323 4083439092 4083499520
  44000   2171026267 1178722621 1183935508 2171070432 2171026432
  24477   2762560417 1316960392 387525643 2762536035 2762560512
  45277   3891589879 1250543340 1537224192 3891635165 3891589888
  20546   3640265843 1754884802 2955804601 3640286530 3640265984
  18932   2732012821 218862854 582631738 2732031732 2732012800
  24070   2510942657 641399155 2464277489 2510966790 2510942720
  103087   3796389931 1478250649 2501435453 3796287057 3796390144
  71518   2237347369 1725076606 351740969 2237275810 2237347328
  64863   2725214221 2468273736 933435173 2725149345 2725214208
  33418   4075944571 1793465704 842075372 4075978122 4075944704
  29384   2888257027 1043229837 1030716073 2888227640 2888257024
  94199   3710568163 3708477473 678037365 3710662391 3710568192
  51213   2621853841 362586610 2360308072 2621802739 2621853952
  73668   2176774679 1829625372 2081832240 2176848324 2176774656
  48655   3721020139 501823431 2866785169 3720971505 3721020160
  7589   2921084393 2348951228 39835916 2921092005 2921084416
  81988   2542879337 1016086729 2107025099 2542797500 2542879488
  18774   4060517177 1765481990 680458456 4060536150 4060517376
  33990   2762259407 1401814575 1234546155 2762225466 2762259456
  43336   4156685161 295403635 802107680 4156641976 4156685312
  10605   2824635487 2342951428 1200401895 2824625043 2824635648
  47431   2632911553 430853203 1566762350 2632864185 2632911616
  1456   3146482697 98678768 533711470 3146481232 3146482688
  55294   3302547277 3048805435 1897420233 3302602750 3302547456
  34295   2539655693 1406693168 1918396863 2539689975 2539655680
  91047   2957732551 2954026558 1707166518 2957823655 2957732608
  56379   3736576033 3140767995 911258956 3736632379 3736576000
  11652   3064100981 431262350 782274351 3064112772 3064101120
  75502   3171423751 347909300 3014032662 3171348242 3171423744
  68288   2774892349 1422858723 24959882 2774824256 2774892544
  107096   3622531837 1819013688 2516272278 3622638936 3622531840
  29992   3973050409 751593267 2928356805 3973080616 3973050624
  59584   2502130649 2444309902 204699096 2502071104 2502130688
  12680   3481722709 2664875426 1108798181 3481710200 3481722880
  9848   3585827681 1246356698 658503758 3585817992 3585827840
  47425   4112729629 1248914719 622196263 4112777025 4112729600
  25366   2841974339 1917767617 864781783 2841999894 2841974528
  39861   3061231031 2215466424 2156887251 3061191243 3061231104
  10640   2355038837 958897924 1430059414 2355049616 2355038976
  37177   2981348263 1824609232 1583272455 2981311175 2981348352
  2393   3254320007 1962819384 377149822 3254322521 3254320128
  62943   3672666091 3067709929 2980024347 3672729055 3672666112
  26093   3282530239 1078957310 854474846 3282504211 3282530304
  53018   2944651439 83171598 991231098 2944598502 2944651520
  32821   3589438529 3270784138 736594306 3589405899 3589438720
  20772   3674247623 464633420 868116413 3674226908 3674247680
  87504   2666092123 931200393 1019300167 2666179792 2666092288
  21717   3476775727 1437655601 737773530 3476797653 3476775936
  13209   3567758881 685929062 2109873023 3567745639 3567758848
  56219   2345107529 1061917171 881188157 2345051493 2345107712
  52760   3323038241 1698929088 1138563421 3322985448 3323038208
  116742   4182476537 3371645890 750551489 4182593286 4182476544
  12528   3866297933 2559652208 2854709505 3866285584 3866298112
  86777   2984789761 1724008275 487361840 2984876537 2984789760
  79336   2771569883 1605082686 1265057531 2771649256 2771569920
  72993   4015121191 310395533 1925227340 4015048415 4015121408
  25418   3772558393 649399109 474984412 3772584010 3772558592
  8122   3428202341 3283809386 647627456 3428194374 3428202496
  108950   3666373637 1734141964 3412594055 3666482582 3666373632
  67856   3407450869 2438879561 2389994510 3407383024 3407450880
  46108   4188758549 3380005154 2843595759 4188804636 4188758528
  41452   2655338797 2454124703 1882812994 2655297300 2655338752
  16170   4156312781 3695662963 2220529779 4156296662 4156312832
  10424   3135071011 3044933789 1443538452 3135081400 3135070976
  7637   3520538761 1544540075 1153492246 3520531243 3520538880
  118594   4207445401 507764433 4076836804 4207326910 4207445504
  38131   3183848501 1862013839 701319 3183886835 3183848704
  44192   3301750741 291665180 99180120 3301706592 3301750784
  36569   3407968357 2157915511 1773821366 3407931943 3407968512
  63347   3573004847 326516751 1231264560 3573068403 3573005056
  13100   3170941463 524395039 2907719761 3170928340 3170941440
  73631   3259363339 1776011324 1849491217 3259436959 3259363328
  70239   2466896539 2446604531 2424656393 2466826401 2466896640
  2122   2740169401 784040975 2061930687 2740167350 2740169472
  26777   3260382943 382338888 2875284972 3260409753 3260382976
  27903   3961208467 2510028615 3392758639 3961236479 3961208576
  20806   3650310199 32334121 3019541922 3650331206 3650310400
  80179   3363826073 1922921100 2675321791 3363745997 3363826176
  36762   3097509101 1180607208 2872180535 3097545882 3097509120
  19332   4027007939 2834407534 1809314770 4026988668 4027008000
  1520   3166114307 1982781700 249477534 3166112784 3166114304
  23842   3210450317 2071878577 2345278390 3210426590 3210450432
  76793   3054079243 2850934414 948477083 3054156025 3054079232
  114844   3882659503 3522667895 1328832342 3882774428 3882659584
  77839   2816372567 911604755 2143276093 2816450575 2816372736
  52332   3192472373 57698133 691881639 3192524908 3192472576
  37698   2562365123 1734040139 982519415 2562402882 2562365184
  68705   2752128031 1221741974 1019690080 2752196705 2752128000
  12452   2389153771 1332782109 473499356 2389166244 2389153792
  26445   2771459347 1231041515 1920718126 2771432883 2771459328
  34669   2548442087 1022973064 1159412934 2548476781 2548442112
  17968   3816825797 2178105838 1697503525 3816807888 3816825856
  28635   4229492537 3077128375 820736233 4229464101 4229492736
  2604   3534434021 143882196 1542296799 3534431444 3534434048
  87070   2480158001 1014184061 921701945 2480245022 2480157952
  508   4193499103 947533640 2028994754 4193499644 4193499136
  27752   3980306843 3763736140 502459374 3980334696 3980306944
  83982   3853392031 3549189548 3285126261 3853476110 3853392128
  77488   4130767541 2856997749 3030853914 4130845104 4130767616
  424   2964692201 2720108325 1721838403 2964691800 2964692224
  78684   2479791563 1099712653 1290989652 2479712932 2479791616
  89889   4100759827 2075038362 374964121 4100849697 4100759808
  70830   3737035807 2136817674 3212631533 3736964946 3737035776
  89792   3561477701 3222458362 3521613304 3561567680 3561477888
  755   2870999891 1273653084 1993555179 2871000819 2871000064
  11784   3865361963 1461135873 3022602296 3865373960 3865362176
  1293   3842128513 3668307579 1161619276 3842127347 3842128640
  2024   3042271657 2642355240 1387153530 3042269720 3042271744
  50256   2656087921 2451149263 2138993182 2656138320 2656088064
  20756   2862528101 2592777643 1242544038 2862549012 2862528256
  74583   3951078221 85503294 953300138 3951003817 3951078400
  44230   2339183293 584959404 198010231 2339227590 2339183360
  120008   3905771783 989076278 3647258905 3905891784 3905771776
  14293   2448746507 2213618859 62132761 2448732203 2448746496
  62856   2685282191 2098561387 1757892013 2685345160 2685282304
  78995   3053901167 933101844 2629694282 3053980307 3053901312
  60032   3309217111 2847175461 544609717 3309277312 3309217280
  80573   3151966117 1773331285 2058205550 3151885635 3151966208
  8452   4160862481 2365425551 2944379859 4160854012 4160862464
  35110   3296764403 2043242429 964836298 3296729306 3296764416
  46010   2704426583 1936225846 672868132 2704380742 2704426752
  26680   3438409451 2618876327 2934578804 3438436152 3438409472
  82916   3333279449 286291953 404589492 3333362404 3333279488
  2705   3522734641 1260825380 1940071160 3522737553 3522734848
  12543   3102039599 926459172 1534478117 3102052095 3102039552
  10832   3342609097 1708396173 3340537084 3342598320 3342609152
  53128   3901593221 3252455378 2972969593 3901646472 3901593344
  17960   3477161707 3452479291 1696237644 3477179688 3477161728
  46128   4198668059 1190669433 3486299584 4198714160 4198668032
  271   2433029453 1141276531 1264596582 2433029903 2433029632
  90470   3091549757 1881452076 1372331995 3091640422 3091549952
  5060   3083637637 2225186155 565522879 3083632700 3083637760
  95092   4076531861 2183861940 1787576419 4076627060 4076531968
  96590   3438443951 2147685923 636818820 3438347442 3438444032
  10712   2970622843 1948598250 1178800295 2970633688 2970622976
  36775   3379112651 3307504373 780416268 3379075929 3379112704
  78881   3256681963 476024160 971476043 3256760865 3256681984
  47535   2675542193 740261186 654013931 2675589807 2675542272
  13376   3352387651 1994420668 2443309009 3352401216 3352387840
  30296   3030661537 1550504195 2105269179 3030631336 3030661632
  4371   2397520919 563122484 2086246714 2397516525 2397520896
  35144   2828006353 778940336 1389089049 2827971256 2828006400
  48680   3037214867 554322299 48790354 3037263656 3037214976
  15969   3849481157 1002702279 3455107340 3849497185 3849481216
  28970   3655716403 1157098287 1728035342 3655745578 3655716608
  10332   3530086837 3347396770 2615219497 3530097244 3530086912
  86157   3378783049 1606027733 3351790900 3378697075 3378783232
  37840   3784784891 1366973543 978276129 3784822736 3784784896
  68908   3689422333 1109182006 3199825811 3689491244 3689422336
  83928   3681821747 2036413611 2097234297 3681905880 3681821952
  96458   3939951427 245948668 1647616335 3939855158 3939951616
  42568   4184665291 3923888273 3462507410 4184707912 4184665344
  29369   2945450119 899211838 2780473823 2945420871 2945450240
  27176   3788813957 1230581166 3538392163 3788841256 3788814080
  40079   2152963447 1459877474 368848659 2152923505 2152963584
  45349   3808478423 1509070160 95292684 3808523813 3808478464
  36310   2224505603 1458231379 844801395 2224541910 2224505600
  63612   3863570449 785915138 2831839919 3863506820 3863570432
  53043   4203259219 1575823646 629157807 4203206349 4203259392
  43886   3052453951 574431108 21191753 3052498030 3052454144
  52422   3149553821 1137281707 1757817939 3149501498 3149553920
  22411   3778233367 2946321464 2242030838 3778255755 3778233344
  57246   3342278503 490483629 2721872997 3342221410 3342278656
  44406   3773321677 2529158986 1322722339 3773366134 3773321728
  45612   2785786019 1105948644 2233352397 2785831724 2785786112
  63882   2682464957 2472297691 1657916869 2682528906 2682465024
  18712   3725106563 2768521243 1531741300 3725087976 3725106688
  70667   4046430517 2086425889 2447009804 4046360053 4046430720
  94056   2966811919 1356771458 94036766 2966717848 2966811904
  40371   2659293503 733211363 1054057324 2659253325 2659293696
  78938   3045596833 1827700629 2784631814 3045675866 3045596928
  54712   2901912779 1333041287 789968179 2901967544 2901912832
  4733   3310080799 2700770906 2572524919 3310076035 3310080768
  89120   3919445357 617562081 3032014509 3919534624 3919445504
  48483   2332366943 333190713 55378987 2332318621 2332367104
  21322   2192738747 2096344384 521755426 2192760138 2192738816
  79397   2663170429 1384368883 724270944 2663091163 2663170560
  81069   3830933747 1098278810 2642958467 3830852691 3830933760
  59483   3159541159 767692286 1654831759 3159600731 3159541248
  35759   3652508507 2903753570 2643073406 3652472913 3652508672
  18717   2444136313 158391492 101322359 2444155165 2444136448
  41154   2910019439 796134081 1052040034 2909978430 2910019584
  6516   3184921919 3135899763 3082266002 3184915596 3184922112
  39016   4190656087 3475939285 171887631 4190617240 4190656256
  69572   2167194959 360540137 951594072 2167125564 2167195136
  7289   3629629771 2389523104 3434371192 3629637241 3629629952
  43198   3296761807 1933445439 1785327323 3296718658 3296761856
  2826   2720561773 2164469308 2568271731 2720559094 2720561920
  68256   2986277939 339239122 135444619 2986346144 2986277888
  21796   3677940811 157039642 1278510089 3677919196 3677940992
  28978   3076591103 597150043 1292883624 3076620082 3076591104
  45642   3042401641 2868867885 1856684146 3042447434 3042401792
  3697   2294326897 1632006290 1042872809 2294323343 2294327040
  32682   2784992563 1251552168 2713805825 2785025194 2784992512
  22670   3276790051 1382514820 2267601110 3276767346 3276790016
  29588   2545950551 2457169675 2202932152 2545921132 2545950720
  40611   3257079667 2648967099 579318047 3257039197 3257079808
  41138   4118470403 2758934541 2396537106 4118511538 4118470400
  52985   3534253483 262039758 3411110417 3534200583 3534253568
  1867   3055221269 2071852539 385803007 3055223115 3055221248
  41093   3582632359 246665580 2897501497 3582591355 3582632448
  49070   3572477113 2358616081 651005902 3572428114 3572477184
  92617   3191355437 2250660235 1298158155 3191262775 3191355392
  63509   3522881353 2501622567 2938312506 3522818027 3522881536
  80775   3340038133 1933355983 2841007492 3340118919 3340038144
  44142   2444614321 1647137341 1224478940 2444658542 2444614400
  79392   3339957499 1121221624 17014099 3339878112 3339957504
  35864   2809641157 2525915518 798841952 2809677080 2809641216
  61807   3879973723 154496500 723513096 3880035695 3879973888
  57247   3822920027 2922276275 3106748189 3822977439 3822920192
  33432   2274046703 1359717004 1935906784 2274080152 2274046720
  41837   2240551109 401081513 1709607415 2240593005 2240551168
  24120   3119047769 757962355 2517765474 3119023816 3119047936
  30807   3678099449 2189883192 772414408 3678068649 3678099456
  7174   3309900821 1861706565 2216566838 3309893626 3309900800
  40313   2538016057 712725336 391773986 2537975943 2538016256
  39450   3422120447 1660672309 2471468992 3422159898 3422120448
  10572   2905685417 2268213584 1311499257 2905674932 2905685504
  106195   3806558887 1257361693 1783931023 3806452781 3806558976
  65975   2315432291 1844255648 412745401 2315498423 2315432448
  29997   2429926553 1457907520 1048963975 2429956653 2429926656
  13404   3086825309 2518201073 1708020938 3086812068 3086825472
  19310   2404300673 1212724723 791903721 2404320110 2404300800
  9566   4271100131 1576050550 896500154 4271109726 4271100160
  23362   4207566613 1809308833 604059718 4207543230 4207566592
  40007   2679068011 1792669872 1985773114 2679108167 2679068160
  12272   3350029091 1470072070 2103616571 3350016784 3350029056
  36621   3324204229 1256309555 2010622740 3324240909 3324204288
  13473   4059158377 915813594 2205533447 4059145055 4059158528
  48010   3907605007 638970005 1501826219 3907556982 3907604992
  95480   2445570977 2395755221 2198395176 2445666552 2445571072
  45995   3081969731 311250107 1686828649 3081923925 3081969920
  55394   2765030083 1344071546 2531934411 2765085538 2765030144
  84502   2836323883 1923240864 36740649 2836239338 2836323840
  23675   2308754801 838749310 541268129 2308778619 2308754944
  68978   3302084077 1403858677 1907042034 3302153074 3302084096
  65008   3356623783 1281036489 862443472 3356558864 3356623872
  96661   4134339617 361263959 4119594726 4134436245 4134339584
  13436   3837858161 3431531563 734890524 3837844868 3837858304
  33344   3724562383 1825629217 2443695067 3724529088 3724562432
  47135   3186499691 1909111232 735714953 3186546975 3186499840
  40606   2304148391 723956017 2270011214 2304189086 2304148480
  106913   4088471837 3018948469 3327514672 4088364895 4088471808
  35400   3808109867 1173373458 1209423627 3808145480 3808110080
  45306   3607179893 162476038 326908870 3607134726 3607180032
  42468   2708558233 690407988 671812753 2708600804 2708558336
  25020   3235246561 1612303467 2677762308 3235221572 3235246592
  58401   3712221323 759667880 3240336908 3712163039 3712221440
  36384   4173062363 2516931804 1935356132 4173098784 4173062400
  85932   3246393323 2040507580 2146874407 3246479276 3246393344
  44771   3567308039 2826723793 3330249756 3567352803 3567308032
  5396   2865086101 1534199585 83357292 2865080812 2865086208
  37016   3531557527 1659596353 3338370976 3531594648 3531557632
  50032   3415268863 2553523653 1018969706 3415318896 3415268864
  15131   3135736217 670337653 1273833868 3135751451 3135736320
  5512   2925162599 2409629478 2722513875 2925157240 2925162752
  11166   4111995211 1505100708 3576056981 4111984226 4111995392
  28493   2329953097 782798554 1553295376 2329981773 2329953280
  78104   3730717091 312920881 3075020081 3730639080 3730717184
  12440   3547133323 650413510 3182545512 3547121000 3547133440
  25489   2917614019 986046190 90112273 2917588591 2917614080
  84692   2763589733 1677233976 982788608 2763505196 2763589888
  71592   3357955099 2533083341 198814422 3358026664 3357955072
  67460   4056763589 1483702246 730454533 4056831108 4056763648
  68848   2254809107 1983584473 1034313977 2254740240 2254809088
  60116   2815512127 2773113373 605085622 2815572436 2815512320
  118467   4231936829 1196195098 2605127581 4232055491 4231937024
  16024   2160064129 500556941 986689373 2160048232 2160064256
  28903   3702430661 3227499750 1576253991 3702401817 3702430720
  97049   3422961173 2258699734 2230007085 3422864103 3422961152
  103298   3795027629 1627672 3656838833 3795131010 3795027712
  9366   3171692549 2680027156 2804466786 3171683178 3171692544
  100803   4119141671 1939948047 2021545102 4119041085 4119141888
  11052   2461101493 1677835910 1790447534 2461112620 2461101568
  94649   3305259599 2056951344 2252561306 3305165127 3305259776
  89496   3044026903 856485940 2549728518 3043937384 3044026880
  49178   4149789733 1295301779 3209809769 4149838874 4149789696
  56010   3271100839 2704350660 823149123 3271156938 3271100928
  11822   3621006463 638062567 2019129755 3620994770 3621006592
  1421   2555907121 2467764423 196534128 2555908493 2555907072
  54629   2873549431 2398794646 2783908771 2873604197 2873549568
  21098   2777505119 540950635 1918201877 2777484182 2777505280
  116306   4048430041 1786660693 1286276025 4048313774 4048430080
  20359   2900364451 2869240827 833456328 2900344185 2900364544
  23520   2766866227 870610733 1702283389 2766842656 2766866176
  53012   3131746841 500672589 666210114 3131693804 3131746816
  57520   3564290293 172438157 159542559 3564232784 3564290304
  68856   2633936969 732673724 716174184 2634006008 2633937152
  72209   3283330639 2474388581 621669142 3283258607 3283330816
  31082   3820651411 240859004 1337506924 3820682602 3820651520
  2020   3294601301 1038732352 2661425834 3294603492 3294601472
  46327   4108861571 1992328153 2491635844 4108815369 4108861696
  78916   3480713701 3337628431 541339922 3480792644 3480713728
  20422   2831592457 2436637450 2318496024 2831612870 2831592448
  118770   4152211621 680903430 3957519942 4152330482 4152211712
  119093   3924967643 1251220211 3345825897 3924848587 3924967680
  73681   2325624709 634627591 1268795746 2325698513 2325624832
  46351   3069923729 2840047759 1840561064 3069970191 3069923840
  43280   2382619357 895006957 792213591 2382576112 2382619392
  51377   2702400863 188412751 1126635026 2702349647 2702401024
  51702   4070878099 3482158813 1317000588 4070929910 4070878208
  65333   2279197901 1495850237 1480024507 2279132619 2279197952
  94407   3159747677 2825484916 2701149599 3159653433 3159747840
  67730   3463238293 2587021620 3258615738 3463306130 3463238400
  120993   4272706201 2110052519 1008052950 4272827297 4272706304
  82108   3246847507 23434190 1921939225 3246929596 3246847488
  44592   4173074797 2593030083 1171149248 4173030352 4173074944
  26928   2262716627 2108653876 17943361 2262689744 2262716672
  9431   2881320707 1336154858 997794297 2881311273 2881320704
  1854   3298835509 3085432584 2217198900 3298833858 3298835712
  96186   4130135059 921776828 3734525615 4130038854 4130135040
  106713   2976615907 1637099472 2603534692 2976509223 2976615936
  39664   3626449429 3222788856 2747000222 3626489072 3626449408
  35450   2299845061 681713699 2089301227 2299880570 2299845120
  61276   3532519391 1716763239 799130711 3532580700 3532519424
  5900   2215653353 1014513289 314467960 2215659276 2215653376
  67740   3281388457 780830732 170069555 3281456284 3281388544
  11314   3378464597 1517458523 1444771299 3378476082 3378464768
  36291   2344502683 1323476461 721877080 2344539075 2344502784
  57176   2564162093 230574084 1238877317 2564104872 2564162048
  2082   2856412319 50092505 916543458 2856414498 2856412416
  122450   3951422009 2479809863 3725465836 3951544658 3951422208
  43622   3811251611 856552417 2147910000 3811295334 3811251712
  52468   2162660173 1964891244 374334663 2162607884 2162660352
  33532   2193045703 994424887 438663863 2193079292 2193045760
  73313   2303084837 1288613846 474233623 2303011487 2303084800
  12904   2193470089 269813807 502583111 2193483112 2193470208
  52616   2390874517 1268207971 2313152310 2390822008 2390874624
  48128   3756335449 2454319145 1820218138 3756287488 3756335616
  18563   2168278877 125227151 2055112578 2168297603 2168279040
  23203   3944858783 2402014835 161902352 3944882083 3944858880
  16437   3318442081 439405773 1710930621 3318458677 3318442240
  1104   3019990979 757584030 1003936561 3019989936 3019991040
  14304   2650344691 54895431 418139796 2650330400 2650344704
  10958   2789553497 2694886582 2371418815 2789564622 2789553664
  78501   2949091111 2588716605 481309057 2949169573 2949091072
  14751   2363707639 1744502717 805814676 2363722399 2363707648
  42651   3482393597 2881121276 1978100387 3482436251 3482393600
  48876   4247679811 613630476 2394474579 4247728876 4247680000
  22174   3277593139 1224397317 1247665312 3277615518 3277593344
  8742   3326909483 1276993798 429985745 3326918182 3326909440
  31636   4183785611 2557814672 3230223066 4183817364 4183785728
  69687   2415872509 999012288 1192709435 2415802825 2415872512
  32028   3125900507 1416314927 1192650890 3125868516 3125900544
  19852   2578364267 416982222 751909421 2578344564 2578364416
  83762   2659918529 337926324 2633913511 2659834830 2659918592
  61515   3350507077 823628075 3031687021 3350445749 3350507264
  46832   3124494497 2939279479 72796600 3124541424 3124494592
  58618   3081533041 1152365847 2438545446 3081474566 3081533184
  44036   3929666627 3302281897 1143816439 3929710852 3929666816
  79574   2711635529 2692337718 2252381702 2711556138 2711635712
  62512   3809277877 190605692 2318561795 3809340464 3809277952
  63798   3783107987 595110219 657646371 3783044298 3783108096
  66024   3973078853 2714349384 2410426770 3973145064 3973079040
  68244   2205216883 159604649 1886730650 2205285268 2205217024
  51794   2527840537 1175725757 2525878678 2527788718 2527840512
  75516   2477722073 468722279 1231115187 2477646596 2477722112
  20546   2374827527 1688697372 856774526 2374848066 2374827520
  95430   2714502103 1619321956 1824118537 2714406714 2714502144
  328   3787360957 1337051298 569667808 3787360696 3787361024
  46806   2510928647 1716442763 1323078014 2510881834 2510928640
  29830   3409974781 2738226195 1321792675 3409944954 3409974784
  11654   3610782467 1154191604 31273224 3610770810 3610782464
  11756   2364685937 2207412744 1432706564 2364674324 2364686080
  576   2836148957 54144256 2478338164 2836148416 2836148992
  60586   3029330519 1552968352 2215924649 3029270102 3029330688
  64942   4237935929 3249296402 3788676007 4238001070 4237936128
  34620   3595783901 2736343345 778825113 3595818556 3595783936
  83687   2850223951 427612538 165731063 2850140441 2850224128
  20971   2254805191 313611352 1240978552 2254784277 2254805248
  62020   3612638741 2242828660 2105373128 3612700740 3612638720
  101912   2658419891 2276622175 1815896050 2658318056 2658419968
  70415   2779376749 633384083 1540530357 2779306481 2779376896
  1232   4183801123 1427004371 2229205630 4183802320 4183801088
  83754   3225144733 1903747402 1156865595 3225228586 3225144832
  63905   2565262421 2002396235 1709737451 2565326497 2565262592
  1984   4068208909 378821362 2357133171 4068210880 4068208896
  87453   3583926499 3441437834 1515539304 3583839075 3583926528
  42016   2909770469 728918002 153960008 2909812512 2909770496
  45939   3317291603 1310205673 961158088 3317245837 3317291776
  64873   3153552833 757918584 1792201739 3153488023 3153552896
  80344   2489495681 729918424 2434592185 2489415464 2489495808
  11822   3896126281 3410806331 1549202631 3896138286 3896126464
  76853   3120886739 214039466 1806681121 3120809931 3120886784
  46584   2508343547 325040234 800586173 2508296968 2508343552
  93312   3993242479 1432767361 2480228176 3993149312 3993242624
  95271   2656288409 1652485977 2065248897 2656383783 2656288512
  39906   2873765473 2798208496 263468977 2873725726 2873765632
  56564   2573588569 1612953161 168342475 2573532172 2573588736
  41852   3760017227 47926597 1591733797 3759975556 3760017408
  18804   4089964141 871814572 3037949253 4089945484 4089964288
  93496   3208956511 1920797869 2121555164 3208863176 3208956672
  62138   3754656259 3606665616 79354172 3754718394 3754656256
  61009   3822954277 3227240228 3460992168 3823015249 3822954240
  19190   3565673339 185025256 2585949025 3565692662 3565673472
  115080   4212523717 3842814006 1530677729 4212638856 4212523776
  99664   3231094553 1659437200 1982009311 3230994864 3231094528
  113394   3756101191 1531489354 906312376 3755987982 3756101376
  2856   2998400213 1794382115 393445502 2998403112 2998400256
  40750   3377789033 1219918117 3168329360 3377748434 3377789184
  8350   4248328621 4057545566 2348728858 4248337054 4248328704
  66085   2901708577 874503958 1933715016 2901774629 2901708544
  27186   2394739447 1427474975 277907249 2394766642 2394739456
  37324   3703131961 398411543 3430929997 3703094836 3703132160
  114686   3939335501 586146705 591422299 3939220994 3939335680
  88643   3866595409 1794799305 2611973762 3866506941 3866595584
  20496   4279939399 389232269 2294753236 4279960080 4279939584
  34210   2683034551 34751433 1784981019 2683000414 2683034624
  67690   2887922839 450839569 1145292110 2887855254 2887922944
  84296   3714243167 659748285 1930314709 3714327624 3714243328
  88250   3785864231 1178978881 445282585 3785952442 3785864192
  9922   2216606053 598050840 1401847380 2216616130 2216606208
  82000   4106812439 1413995150 1891718627 4106894416 4106812416
  81196   2482473023 1551653778 267674326 2482392020 2482473216
  33756   3752301559 1733022244 3169413705 3752335324 3752301568
  37681   3701226937 2349260348 1301247562 3701264689 3701227008
  59624   3395506057 2969528630 2435331078 3395565800 3395506176
  3777   3165438637 2512817470 133721115 3165442497 3165438720
  93349   3296440003 260608206 2318482596 3296346715 3296440064
  89582   4279745273 3898867478 2420901239 4279834862 4279745280
  53282   3233707481 1242817255 2134961231 3233654238 3233707520
  68543   4045723663 215862975 473688089 4045792191 4045723648
  8717   3626277673 3601968062 1837734790 3626268915 3626277632
  46450   3286494941 1304765498 1554742955 3286541426 3286494976
  54008   4253889401 1035234684 3943478165 4253835528 4253889536
  7778   3699279677 1459659712 3433543021 3699272094 3699279872
  59958   2601411559 1445162470 1639971315 2601351626 2601411584
  25040   2528448359 199331541 529503709 2528473552 2528448512
  63777   2563911859 1849342054 852799093 2563975713 2563911936
  18740   3063504551 3019804731 881705176 3063523380 3063504640
  41233   4091157613 2485144085 2625508538 4091116527 4091157760
  49229   2539917337 1546574180 276689280 2539966541 2539917312
  43284   3978204397 3712758100 481639323 3978161132 3978204416
  26256   3420307421 92887661 1931161791 3420333712 3420307456
  31704   2662770479 2624815033 502527242 2662802136 2662770432
  47563   3214653853 1591323413 1666799200 3214701515 3214653952
  29917   4179293317 556838274 3998766371 4179263523 4179293440
  32874   4201683547 892573430 1109084398 4201716586 4201683712
  44120   3581415499 2432203098 2292310869 3581371560 3581415680
  27056   2311729291 244347450 1266719146 2311702352 2311729408
  90284   3203359993 2761732481 1083629934 3203269716 3203360000
  94698   3537685939 1752954913 721400375 3537780714 3537686016
  14442   2782254481 75674858 1776860353 2782240150 2782254592
  86866   3778861381 1201585295 525312439 3778948434 3778861568
  89168   3499894243 809945693 3036929966 3499983440 3499894272
  75827   2970565879 2382489586 2220307872 2970641715 2970565888
  43376   4166471719 1041952949 3764953037 4166515312 4166471936
  83636   3937527493 3096792535 3824503704 3937443916 3937527552
  79638   2420816887 2211103678 2152336965 2420737258 2420816896
  3566   3419135933 3095484777 2400790515 3419132434 3419136000
  113881   4082011499 1292956580 2799382111 4081897767 4082011648
  46880   3206966701 2232107614 2204521149 3207013664 3206966784
  36698   2779491263 2207418399 1848145506 2779454630 2779491328
  30912   4008059827 560539824 2492927613 4008090816 4008059904
  104458   4228248853 697395376 1668043535 4228353290 4228248832
  37614   3835290079 1953547096 1652900700 3835327726 3835290112
  27464   3534385579 2978588073 517079019 3534358200 3534385664
  64770   3007828147 1708785289 298155823 3007892994 3007828224
  115678   4101623441 3904513630 3382072469 4101507874 4101623552
  45784   3420991543 1671440226 1624078382 3420945960 3420991744
  80682   3641021191 1676595020 3567257535 3641101866 3641021184
  57530   2886031751 627773086 132496532 2885974342 2886031872
  55620   3016562771 2654839510 2715234587 3016618564 3016562944
  21712   2849717989 2324110427 2476948729 2849739728 2849718016
  115575   3675456427 2165486274 3165753972 3675572087 3675456512
  566   2485093249 1034657145 2277182597 2485092810 2485093376
  11597   4090728337 2555533452 201614380 4090716851 4090728448
  105423   2911648469 1428714435 1389564120 2911753935 2911648512
  58084   3351439397 2380404953 991365782 3351497444 3351439360
  50944   3679765997 771099569 708226583 3679715072 3679766016
  7012   2890592563 810185855 1229052953 2890585500 2890592512
  31016   2897881933 203248600 459413741 2897913128 2897882112
  44539   2397466699 121679231 1308576271 2397511419 2397466880
  37223   3766167841 1669519890 2881066757 3766130585 3766167808
  13596   4183323853 844167281 2515106081 4183337500 4183323904
  114789   4250544211 3754595015 39423078 4250659173 4250544384
  46765   2468777911 312384398 2224148375 2468824749 2468777984
  78501   2667021193 1164293247 1553852388 2666942811 2667021312
  82934   2835163691 2214498622 2739123240 2835080714 2835163648
  24836   2671163941 1576983086 204056354 2671188740 2671163904
  80300   2265857773 1493371225 667265269 2265938092 2265857792
  22943   3403415161 1036671511 79476671 3403438239 3403415296
  17164   2836279301 2038233030 2217838110 2836262132 2836279296
  56615   2363355361 808735743 1661914793 2363298777 2363355392
  56769   2916088781 1973605270 1235526925 2916145601 2916088832
  22918   2584737977 1094782086 535622361 2584760966 2584738048
  100645   3274960939 1793558735 2767343017 3274860251 3274960896
  84739   4130749361 1635001931 809044234 4130834179 4130749440
  57248   2594354029 129028081 682436542 2594411424 2594354176
  47637   3008796409 2196981411 2929412579 3008844053 3008796416
  38422   2298369251 1140433855 2070299196 2298330858 2298369280
  2852   2718503531 1267407556 199230863 2718506532 2718503680
  77609   3208762789 2345189200 182750381 3208840489 3208762880
  54798   3274097317 264136122 83924548 3274042610 3274097408
  40902   2384990191 2382932459 371549805 2385031110 2384990208
  23987   4162032067 1158741675 2497233427 4162056115 4162032128
  32716   2426724467 1738930641 1723149840 2426757324 2426724608
  17560   4173258043 621044477 360902456 4173275800 4173258240
  8806   3260502697 364334883 1402537017 3260493978 3260502784
  73648   3963277973 1891702514 257739758 3963351728 3963278080
  15332   3318935549 1797519177 2983238273 3318920220 3318935552
  80204   4155222073 2472329017 1451797451 4155142068 4155222272
  20768   2410190339 617514460 204755946 2410169568 2410190336
  89063   2288208059 1490706353 1758574574 2288119065 2288208128
  33472   2677845811 40137700 961963434 2677879232 2677845760
  61558   3137302601 3134920638 736923444 3137364342 3137302784
  30036   3401028859 2115805047 3121839268 3401058900 3401028864
  66452   3630335561 1895381590 250596736 3630269292 3630335744
  68354   3110079853 1076711115 194363881 3110148354 3110080000
  12725   3921545297 3164199719 292167715 3921558197 3921545472
  50984   2833361309 459718105 1823551435 2833310424 2833361408
  6910   2164202471 2041511940 86162000 2164195586 2164202496
  16507   2902029587 1341833683 594978649 2902013061 2902029568
  39423   2231781907 623784755 877460626 2231742465 2231781888
  46499   3545402621 406054008 935546699 3545449123 3545402624
  36229   3106815847 1001225324 402095898 3106779771 3106816000
  102458   4042350229 2894960135 369408128 4042247878 4042350336
  1163   3421801417 397133473 2632771835 3421800309 3421801472
  79513   4154715751 984125894 4008057140 4154795417 4154715904
  48261   2344341521 419873617 546502976 2344389765 2344341504
  98349   4240974013 2930972993 4044974900 4240875731 4240974080
  83510   4192601383 2517032194 3705759729 4192685110 4192601600
  26052   2693306383 1882543410 21049022 2693280316 2693306368
  101204   4265746609 195251226 2438426458 4265847892 4265746688
  39560   2589198589 635915821 406400717 2589238152 2589198592
  85766   2422800967 2260863747 187053999 2422715386 2422801152
  11119   3832061141 595364055 501645579 3832072303 3832061184
  21136   3714805537 1883924123 3527701891 3714784368 3714805504
  94445   2693049427 1345588673 1047743549 2693144045 2693049600
  75348   3973582049 1850849327 1186540808 3973506732 3973582080
  23697   2202413371 1713515319 1315233926 2202437009 2202413312
  104704   3696258131 176630196 2699656526 3696363008 3696258304
  68616   2690397839 1388945177 442410046 2690466568 2690397952
  61458   4015853717 344236978 3250254885 4015915282 4015853824
  5364   2604058033 569497076 829317348 2604052748 2604058112
  42020   4154138033 683537092 3707050540 4154180132 4154138112
  113072   3776349263 1412944343 313346603 3776462512 3776349440
  25107   2948246047 253692667 1235238054 2948220909 2948246016
  41040   2307645163 1588008322 722305867 2307604144 2307645184
  14694   2744717629 2359704111 1908418973 2744703130 2744717824
  56096   3094134067 607429621 2137323631 3094078176 3094134272
  21859   3454250771 1382591314 3379646377 3454228893 3454250752
  50074   3006634031 1774131083 761290211 3006684058 3006633984
  64109   4065118163 1515648479 2127153349 4065054099 4065118208
  1062   3518455471 1088033380 1933375426 3518454490 3518455552
  15048   4279316567 2496461145 3746745172 4279301688 4279316736
  94732   3153547853 860836848 1895654648 3153642764 3153548032
  25135   4003341443 2899347951 1282726610 4003316433 4003341568
  16988   2867191993 543624994 550456062 2867175076 2867192064
  46204   4062099079 2713607576 3883466765 4062052996 4062099200
  89796   2702749409 798324838 916601572 2702839236 2702749440
  66506   2391058601 770160556 1018748943 2390992182 2391058688
  8817   3539014861 112300928 1587167694 3539023729 3539014912
  25497   3761674577 3760016534 438244511 3761649255 3761674752
  99813   2867205899 1442607139 2630721164 2867305701 2867205888
  105656   4048158047 341928381 2890386305 4048263864 4048158208
  13304   4065772453 2015557015 861363453 4065785848 4065772544
  76184   3519950587 2817967633 2565147037 3520026776 3519950592
  4102   2239154569 1292054711 1104353615 2239158790 2239154688
  25525   2417223937 1329075501 1760772772 2417249461 2417223936
  5738   2377595587 114304875 1892780808 2377601386 2377595648
  13273   4280240837 2371511636 2523230998 4280227623 4280240896
  51732   3526055461 798628491 3247500592 3526107156 3526055424
  11374   3260865991 2946239219 1576645088 3260877422 3260866048
  24040   4131516941 3385141642 632627904 4131492888 4131516928
  17579   3425065459 1622006490 399352181 3425083051 3425065472
  73258   3817567681 387524267 2847526278 3817494486 3817567744
  58536   4151719751 3384625886 2107716575 4151661400 4151719936
  69030   2787938551 2292893542 1810296026 2788007590 2787938560
  10730   2288950033 112255601 2086902177 2288960746 2288950016
  70276   2157136781 272737716 802444823 2157066620 2157136896
  11584   2320289641 1387478996 1633818465 2320301376 2320289792
  7321   3130212289 679822764 1142379532 3130205031 3130212352
  36524   3895972621 1772380160 2022345759 3895936084 3895972608
  89856   2906706763 280559164 1727679689 2906617088 2906706944
  87884   3776163799 1675579975 1899989201 3776251724 3776163840
  9102   2786773747 1287643332 319415373 2786764658 2786773760
  19338   3354539411 951307653 2757259062 3354520182 3354539520
  19008   2856811499 23725312 709722774 2856792512 2856811520
  25668   3955773053 180226530 2383821696 3955747516 3955773184
  16630   3590063473 2507217924 1686726885 3590080246 3590063616
  13920   2920903567 1916054360 2255270943 2920917600 2920903680
  71387   2966512849 1894064991 1108895968 2966584283 2966512896
  68838   4237393709 87688757 924678475 4237462758 4237393920
  73304   3878562607 1485466512 739514596 3878489512 3878562816
  28958   2333930947 1061166748 1244717822 2333902050 2333931008
  7332   3399477979 3006092837 1284727542 3399485348 3399478016
  39480   3105362737 1897981011 1094576154 3105323464 3105362944
  52278   2623747387 1233508556 1867963223 2623799862 2623747584
  57956   4195774127 1898298209 3798482302 4195716252 4195774208
  30990   2542440029 1495161873 104955071 2542409202 2542440192
  12251   3000920603 52523687 136975220 3000932827 3000920576
  39807   4259258723 597027235 1513052932 4259298687 4259258880
  9016   2645029939 378398022 1607051496 2645020872 2645029888
  81048   4050187013 1402152356 4022739398 4050268056 4050187008
  37406   2689317529 180976570 1757759431 2689280226 2689317632
  83686   4125963379 463234916 1523533847 4126047206 4125963520
  27654   2700779933 572389569 362478081 2700752378 2700780032
  97027   3145133461 940123318 1954623284 3145230595 3145133568
  76812   3404386267 1077067660 2214431107 3404463116 3404386304
  40940   3345100303 2941992959 1489740891 3345059348 3345100288
  25664   2317085311 390520801 1726630586 2317059776 2317085440
  105428   3249967709 1579744418 795870606 3250073300 3249967872
  36069   2667956701 1654832194 1738071877 2667992805 2667956736
  62190   3289432753 401462374 2143774826 3289495022 3289432832
  28644   2316070349 1512706366 2301774336 2316099044 2316070400
  80703   4046189473 2620981493 598750021 4046108865 4046189568
  101518   3220229203 437538034 1456079062 3220330894 3220229376
  27590   2761459609 160049811 73208726 2761432122 2761459712
  44270   2667028409 174861163 189161300 2667072750 2667028480
  19354   2266550977 368184180 1817997266 2266531686 2266551040
  25404   2740519829 1271760816 2518517337 2740494532 2740519936
  74953   2159583479 1505108059 1723855248 2159658441 2159583488
  55974   2786325803 2200949714 1534231126 2786269786 2786325760
  61438   3930732277 552599078 854143336 3930793726 3930732288
  91044   2728018301 1509771431 392025230 2727927388 2728018432
  46342   2777007631 293893290 2539654052 2777053958 2777007616
  93472   3780804931 72899046 1964616109 3780711648 3780805120
  75580   3267488177 384392463 1547262095 3267412676 3267488256
  40500   2532951073 849367829 2169302651 2532991540 2532951040
  61597   3193477051 1502229870 902264408 3193415523 3193477120
  27600   3706699993 767309961 2090072631 3706727632 3706700032
  73203   2803141483 420878798 2318212425 2803068429 2803141632
  57363   4078860463 1702761546 1208394028 4078803181 4078860544
  38638   3951115033 924033449 2042260687 3951153646 3951115008
  22382   3761030773 478235735 998331093 3761008530 3761030912
  58240   2503060379 1598384335 472823756 2503002240 2503060480
  45869   4172965789 127159287 2375651873 4173011757 4172965888
  6965   3799165571 2833861185 3033446310 3799158731 3799165696
  53204   3430812493 1630690391 322147257 3430759468 3430812672
  13896   2843053427 2197950125 910132123 2843039672 2843053568
  99928   3991559959 189075740 1123569630 3991659864 3991559936
  50514   2308808273 714208404 2120691053 2308858962 2308808448
  30448   4291992409 3006752214 1503093215 4292023024 4291992576
  22826   2689979429 1078453697 226899394 2689956566 2689979392
  1257   3214041631 3157425236 2768401968 3214042857 3214041600
  2304   2646443263 4616878 2637910805 2646445568 2646443264
  91557   3762639613 474151112 2411896544 3762731173 3762639616
  44428   4263208801 178998908 3820000733 4263164532 4263208960
  110448   4113775891 2127545483 3128012512 4113665424 4113775872
  22800   2155124953 703458209 1565625044 2155102192 2155124992
  45896   2180537141 949219942 190069291 2180491192 2180537088
  19693   3070491757 2688283152 2533547997 3070472211 3070491904
  45051   2373764171 1661359370 1091673583 2373809403 2373764352
  42907   3097509643 1372868290 1310048347 3097466725 3097509632
  86124   2763227029 1593412363 367509213 2763313260 2763227136
  6584   3474984553 368999137 1809593337 3474978120 3474984704
  10412   3575201023 2941543265 551556719 3575190612 3575201024
  70895   3991102043 3834651289 2611145212 3991031313 3991102208
  33618   3223231103 2083836295 1262763096 3223264850 3223231232
  6695   3646725077 2629074817 588147865 3646731815 3646725120
  3046   2498484803 139460809 2234905518 2498488038 2498484992
  80492   2558337827 883467294 857778392 2558257300 2558337792
  67166   4141352129 3902032661 3337003039 4141285026 4141352192
  65507   3655261321 2315634379 734455075 3655326947 3655261440
  28848   2224915127 712856675 1706286971 2224886352 2224915200
  33469   4063880543 1369979165 236373813 4063847235 4063880704
  97903   3839781287 3779507732 995129811 3839683473 3839781376
  46678   2300770441 568074011 1067767281 2300723882 2300770560
  46276   3418547113 912439030 2433095254 3418500924 3418547200
  53318   2731563313 2042682468 1657548869 2731509946 2731563264
  20539   2896930787 2602394652 1177992417 2896951355 2896930816
  91368   2669874631 1360839965 14199550 2669966056 2669874688
  51636   3211643293 2806946317 204879403 3211591756 3211643392
  40347   2696280793 1355678396 829299404 2696240485 2696280832
  48980   2203159159 2147233829 1769283678 2203208276 2203159296
  39318   2895802303 331357326 1080218543 2895763050 2895802368
  29480   2257603253 234140114 682370637 2257573848 2257603328
  32900   2782353157 1016932542 2053645636 2782320252 2782353152
  33088   3659046539 1963831098 2331229942 3659013568 3659046656
  46560   2250434059 646017673 2225579790 2250480608 2250434048
  53025   2332841053 1497003492 2016035838 2332788191 2332841216
  4224   2574106309 563031712 192636557 2574110592 2574106368
  3072   3541486213 2377542458 2951918262 3541483264 3541486336
  26982   3413088557 2098016093 925897457 3413115750 3413088768
  5117   3302055293 615491029 1324889978 3302050307 3302055424
  5517   2405529431 2189628705 1998319871 2405535117 2405529600
  99649   3853113923 3818279028 3427313926 3853213761 3853114112
  16190   2982097397 2000379619 2172047938 2982113598 2982097408
  76510   3868534403 2966008543 77414143 3868611038 3868534528
  87311   3892563229 1647417699 1262120230 3892475889 3892563200
  60024   2464666063 2083107803 2310771468 2464606088 2464666112
  53111   3415130959 2247331577 2098355231 3415184247 3415131136
  39115   3335902007 1620706230 2161173417 3335941323 3335902208
  17947   2584941467 1795983933 1372120552 2584923621 2584941568
  93157   3997807433 1125240574 171230690 3997900773 3997807616
  27285   2991174247 1562256630 1239953096 2991201685 2991174400
  61101   3614481683 3570127546 1335473514 3614420563 3614481664
  26618   3383034173 1060406494 2514809818 3383007750 3383034368
  32776   4263487021 724279232 2342127939 4263454456 4263487232
  46453   2237951983 826421959 1316928674 2237905547 2237952000
  48211   3135535541 1137306936 672812778 3135487405 3135535616
  67942   3618400661 498438322 1467448871 3618332826 3618400768
  59142   3072810953 345113679 1110592451 3072751866 3072811008
  12232   3773828869 847846831 1766506439 3773841096 3773828864
  36966   2834247413 2094187531 197396074 2834210458 2834247424
  40349   2468784137 1797598436 492793476 2468743779 2468784128
  89636   4263079453 1141490109 1680344166 4262989788 4263079424
  54449   3635768879 3043653589 2725990684 3635714639 3635769088
  9149   3486976351 3273111823 353532639 3486985661 3486976512
  6714   3256589617 826313687 1837496093 3256583110 3256589824
  56588   3113466451 3064866531 1000193054 3113410036 3113466624
  56104   4079850613 1338921566 3455523900 4079906856 4079850752
  111051   3572778683 2788205684 2691277013 3572889803 3572778752
  3364   2196639167 1157385127 519741975 2196642596 2196639232
  54956   3550803071 2422823041 2922287325 3550748244 3550803200
  4482   4061949131 2710740491 716219228 4061944702 4061949184
  32548   3450985883 808337092 2413030579 3451018532 3450985984
  68652   2674984723 70982793 235434343 2675053356 2674984704
  26179   2790189637 859329704 2574561702 2790163645 2790189824
  13548   3661292389 1344779219 2080005759 3661306092 3661292544
  45112   3912782303 1764603292 2204627815 3912737224 3912782336
  57888   3352088681 421353890 3332517705 3352030944 3352088832
  24511   3391532273 2150192533 2625705485 3391556799 3391532288
  80103   4096343113 3706559090 1018764655 4096423399 4096343296
  33973   3192941539 407387324 448554118 3192975541 3192941568
  51068   3184318883 550309494 1517332706 3184267908 3184318976
  102623   3742016819 3107233753 3670437552 3742119647 3742017024
  25023   3565789837 2532355612 1904337402 3565814975 3565789952
  33848   2886158809 2657071728 1847133725 2886192696 2886158848
  13577   3124622531 884900475 2752406046 3124636169 3124622592
  93200   2490056363 1821875610 1733390017 2489963248 2490056448
  50112   3671301587 3432318789 1644870682 3671251520 3671301632
  10364   3640770953 3069799227 1781137879 3640781436 3640771072
  61956   3425543857 929994191 1371222611 3425481980 3425543936
  18095   2487664693 2479836294 1480364390 2487646545 2487664640
  62170   2160068327 1170564639 2014394068 2160130522 2160068352
  109988   3603322313 43713930 3161010538 3603432356 3603322368
  56390   2285666479 787691070 173466053 2285722950 2285666560
  24757   3408484621 1227067209 3005190108 3408459851 3408484608
  33994   4025932723 1130858543 1229588560 4025966794 4025932800
  14001   2545597729 127626979 1022642805 2545583695 2545597696
  38374   3892258033 1878590410 3832443184 3892219674 3892258048
  64540   3119885437 2136056201 2856791681 3119950108 3119885568
  105870   3934235051 629271667 2869429825 3934129266 3934235136
  20265   2364179509 1495242071 935359291 2364199721 2364179456
  23090   2210259893 2172063792 1420503247 2210236878 2210259968
  108391   3191770411 845089902 633787171 3191661977 3191770368
  14500   3748240877 1010395953 12717149 3748255396 3748240896
  44696   2484557431 1860875850 835836493 2484602264 2484557568
  4810   3302760767 2739030138 3197732448 3302756150 3302760960
  72332   2841589589 541786557 2258149578 2841517428 2841589760
  416   2689315831 1757714014 1305651822 2689315424 2689315840
  75716   3260199563 2380332194 2986958025 3260123964 3260199680
  47562   2866639813 1072594731 2743344576 2866592310 2866639872
  73440   2840166079 431381452 2690092928 2840239584 2840166144
  5671   3037038113 642976243 469589032 3037043751 3037038080
  19166   2612766139 1236168986 655796138 2612785374 2612766208
  18168   2682270007 297108315 2625917564 2682288376 2682270208
  26318   3744664901 3619661035 743103472 3744638770 3744665088
  68210   4160402479 169593380 864167271 4160334478 4160402688
  78892   2761431403 1994485694 1220792860 2761510444 2761431552
  69376   3882420239 3451317470 2892366949 3882489600 3882420224
  93398   3698151031 2798739206 139639431 3698057770 3698151168
  24302   2361144563 726722601 388473062 2361120274 2361144576
  52920   2736691907 964805005 2333922873 2736639048 2736691968
  2496   2786195747 1304891724 2221606701 2786198208 2786195712
  18532   3763615927 2892562525 694589433 3763634532 3763616000
  122735   3991213687 2766579227 2453891590 3991336559 3991213824
  59878   3533600333 1151151440 2059615592 3533660390 3533600512
  97360   2877679741 2307692733 91899247 2877777232 2877679872
  27644   3936110903 779916703 1302706558 3936083460 3936111104
  94088   4132549969 1812053527 3447508911 4132456056 4132550144
  84920   4032038837 2962042478 655561463 4031953992 4032038912
  12998   2300492531 1250162316 1900578036 2300505542 2300492544
  46923   3378483817 901022896 3141084044 3378437045 3378483968
  12577   3299499377 508505615 1757445047 3299512097 3299499520
  15931   2320516301 2203769136 720823378 2320532283 2320516352
  49294   2897241871 127457760 2536220759 2897192562 2897241856
  44993   2661124769 1569965891 1464264339 2661169857 2661124864
  20184   2302748849 1090033790 1949631132 2302728744 2302748928
  53193   3153467621 1807870287 2977334142 3153414455 3153467648
  30438   3871953229 3850419734 1803321258 3871922970 3871953408
  47540   3971192059 2054148450 3469754778 3971144524 3971192064
  113867   3980284859 2479135046 2610970470 3980171061 3980284928
  20089   2191444967 84615659 1379010657 2191465081 2191444992
  68498   2508219607 1983247228 201652922 2508288146 2508219648
  63706   2303908987 1234755399 298848492 2303972826 2303909120
  29032   2420418107 1010713198 230654676 2420389272 2420418304
  49161   3620722309 958534205 1560421552 3620771593 3620722432
  78914   2210574911 751084179 862679019 2210496190 2210575104
  4800   3312312671 830810159 3064163655 3312317632 3312312832
  18363   2562204679 1942295863 1631668350 2562223035 2562204672
  49848   3089418503 1996000627 25536581 3089468344 3089418496
  60298   3748430449 953969660 2661313242 3748490890 3748430592
  29515   4241163811 1339701896 3874224291 4241134261 4241163776
  3564   3583400339 2742317186 973181456 3583404012 3583400448
  21728   3513544169 3134834169 702285660 3513565920 3513544192
  61961   3218983993 2488308625 1807766608 3218922231 3218984192
  28050   3325185067 931552500 813604259 3325156974 3325185024
  13631   4008241703 2051782810 1510092147 4008228289 4008241920
  11352   4157531767 1717549898 350326066 4157543256 4157531904
  18491   2910086989 313010164 2406091000 2910105659 2910087168
  10364   2169193241 1967586500 1101623189 2169203580 2169193216
  42993   2431641419 2099976394 1030148930 2431598607 2431641600
  23546   3357591893 3018619127 2468938025 3357568518 3357592064
  18502   3994297031 2727466563 3865302071 3994315590 3994297088
  17147   3151010003 1165132097 1323451260 3151027195 3151010048
  5437   2885318243 1253375989 365747271 2885312963 2885318400
  67818   3725521817 2857468801 1276673274 3725454102 3725521920
  38007   3754127309 2337084924 2491608220 3754165367 3754127360
  40727   2619200327 746860044 976164037 2619159785 2619200512
  53807   2545702979 1224626279 1541087062 2545649361 2545703168
  5993   3705216821 124978803 2189005781 3705223017 3705217024
  4330   3900161701 1120331356 451237809 3900166122 3900161792
  22940   2488870921 1274154197 2054347305 2488847972 2488870912
  51594   3779749607 59560177 1820071806 3779698038 3779749632
  21810   3001633403 1360550318 1553182461 3001611726 3001633536
  2206   3108555143 593636709 2635813407 3108553058 3108555264
  79103   3186780523 3138984929 380464957 3186701569 3186780672
  12793   2770577237 783246685 145911207 2770590201 2770577408
  7432   4104216637 1898561085 3417776445 4104209400 4104216832
  67135   3335490007 1262021646 1408041185 3335557183 3335490048
  10247   3914328611 2990509625 523545181 3914338823 3914328576
  100271   3526870933 2575855366 605280778 3526971311 3526871040
  51611   3425867747 2352342570 3175075572 3425816165 3425867776
  61643   3714944393 757146812 331323930 3715006155 3714944512
  95534   3483344057 2074175693 402791301 3483439662 3483344128
  15964   2930482367 1015684677 2214929950 2930466468 2930482432
  11298   4255902533 2029355449 4237074882 4255891422 4255902720
  75956   4200524869 1640485136 3288362602 4200601012 4200525056
  106518   2968314527 1281114117 1151903433 2968208106 2968314624
  3267   3842610341 1034169690 219123648 3842607165 3842610432
  103247   3502023433 2226344557 575335764 3502126671 3502023424
  3592   3863995283 2318850624 3579636023 3863991800 3863995392
  71424   4262581597 2659660703 3248058128 4262510336 4262581760
  18210   4207693957 3157527295 51983276 4207675870 4207694080
  13882   3284697623 2849587164 2208066260 3284683718 3284697600
  6905   2419019951 1130065274 1452971447 2419026937 2419020032
  60814   2628345991 1185231505 2534492383 2628285298 2628346112
  95092   3903208271 3836230905 3830517267 3903303540 3903208448
  76139   4189170823 1677252498 3028752645 4189094805 4189170944
  3692   2750178709 553141720 1681288936 2750182508 2750178816
  42469   3323590373 1097337948 446742931 3323632869 3323590400
  38508   2737123391 1527518108 2288847503 2737085076 2737123584
  48049   3173681111 2085176661 555557203 3173729201 3173681152
  27397   2303839799 1909813542 1228021491 2303867141 2303839744
  26605   2349264761 1150441249 748322340 2349291501 2349264896
  104378   3434669321 698504242 82541467 3434564934 3434669312
  65756   3265617067 339371703 1297465197 3265551396 3265617152
  49780   2882455661 1622128596 69569630 2882505588 2882455808
  86488   4126079479 1018836485 1758434944 4125993000 4126079488
  87316   2326681793 1729469690 1082154040 2326769172 2326681856
  64957   2238753991 568963745 694042417 2238689091 2238754048
  91374   2454530783 2136054472 457854401 2454439442 2454530816
  29716   3258920381 2139591618 450796506 3258890732 3258920448
  28432   2794792589 1232733007 2229668380 2794821136 2794792704
  9327   4038241447 1832441288 1146862492 4038232209 4038241536
  14060   2311826819 926490083 860271393 2311812884 2311826944
  64546   2300029253 1971029343 310374605 2299964894 2300029440
  27708   3016523351 1983663904 130998256 3016551228 3016523520
  102072   3199125311 1752329676 1621238002 3199023432 3199125504
  36759   4063207409 1200875991 3211994459 4063244183 4063207424
  22352   3172843567 969734462 26304603 3172821168 3172843520
  20096   2744578729 130782389 2608374546 2744598912 2744578816
  48076   2856238009 2043575393 527996882 2856190004 2856238080
  78884   3243056197 847739384 177794184 3242977500 3243056384
  19775   2225606807 1005261645 1047368028 2225626687 2225606912
  95737   2317553677 1251929431 2229016823 2317649401 2317553664
  29792   2828467261 2471457558 1496355630 2828497248 2828467456
  56547   3194486579 2861803025 734022625 3194543331 3194486784
  61666   2215479823 1123551808 45440121 2215418142 2215479808
  104807   4177853321 3624648221 291602627 4177958247 4177853440
  52303   4006875109 1222660433 3779787053 4006822833 4006875136
  84946   3093897503 843834084 2450187978 3093812526 3093897472
  59848   2889313117 11954813 390162797 2889253432 2889313280
  19968   3410153027 24850303 828546221 3410173184 3410153216
  47472   3264538493 743912187 2056971412 3264491152 3264538624
  16203   2655397033 396948639 1291175556 2655380917 2655397120
  16428   2983943993 1068926618 2488125072 2983927764 2983944192
  34004   3990214493 3015124245 1587928120 3990248660 3990214656
  3376   2995651081 819167836 2916165164 2995654448 2995651072
  82178   2380483517 157353653 1462537527 2380565762 2380483584
  106940   3612372287 2117828022 1795746690 3612479420 3612372480
  57832   4222116113 2402809528 3770250200 4222058264 4222116096
  76815   2419779737 1105477794 897669849 2419703025 2419779840
  479   2160902311 367456857 1141850358 2160901921 2160902400
  24740   3276766837 55959255 1509835193 3276791716 3276766976
  36468   2655713183 1237850115 1681136189 2655749748 2655713280
  69588   2614725829 471576281 195379806 2614656300 2614725888
  18919   2238234553 1165383255 1690855058 2238253543 2238234624
  59912   4020632527 854160802 3524814188 4020692488 4020632576
  88632   2962619951 900356798 2704833725 2962531272 2962619904
  90679   2741516983 361655572 601840976 2741607735 2741517056
  80337   3447250409 715987432 3296017334 3447330769 3447250432
  83448   3464489419 2012822240 484910720 3464572920 3464489472
  46478   3868626133 560156631 3019995059 3868579698 3868626176
  69479   3586738723 2396614745 2489862559 3586808167 3586738688
  86866   3900057103 1661679085 3805004750 3899970222 3900057088
  27382   3643076447 1344178976 2781628949 3643049226 3643076608
  71   4237200421 106121597 2549325158 4237200569 4237200640
  73644   2430186113 1070797354 890104832 2430259884 2430186240
  1503   3443678033 1537031344 1113156084 3443676705 3443678208
  32676   3493689299 390505906 865182535 3493722020 3493689344
  3694   2748122843 496859999 1522900656 2748119186 2748122880
  57702   3911150501 3721002721 726018596 3911092890 3911150592
  83284   2283537323 953208102 1309970024 2283454124 2283537408
  11164   2222290823 671584775 1736829101 2222279780 2222290944
  10250   3201891263 1545287991 1276034199 3201901578 3201891328
  35008   3586425641 800928512 2156408811 3586390592 3586425600
  48536   3166455053 2084993091 1754602565 3166406504 3166455040
  56876   2893568059 70398685 1153986802 2893511380 2893568256
  6474   2405028809 1019525002 1119992644 2405022390 2405028864
  29043   2683238161 1035960716 1484300989 2683209101 2683238144
  42784   4200359389 296859711 2267343191 4200316640 4200359424
  42342   2983449251 1105373779 2980828035 2983407002 2983449344
  76192   2924149901 2224085092 1978819456 2924226208 2924150016
  61095   2567772659 526409069 1975748061 2567833767 2567772672
  33714   3049767079 3006947569 2775944047 3049733454 3049767168
  34845   3747302441 3686521154 3236286518 3747267555 3747302400
  41200   4028748917 467683240 447059201 4028707856 4028749056
  11235   2875193747 2861463271 1500801963 2875205091 2875193856
  46563   2996590237 2289798319 796429978 2996543773 2996590336
  15496   2948140387 347679241 1622162258 2948156040 2948140544
  40949   2266333519 2188944787 1776425098 2266292747 2266333696
  71843   3775016633 1413910317 1132397322 3775088547 3775016704
  119338   3890166673 712098506 2505273152 3890047446 3890166784
  83828   3296967007 1459043750 2174063470 3296883340 3296967168
  112230   3398710241 1344579851 2935464667 3398598042 3398710272
  93540   3219243847 2863420109 2151358994 3219337572 3219244032
  27548   3307590673 2347695947 326582770 3307563108 3307590656
  103421   2802632957 2209046161 2172710456 2802529539 2802632960
  2502   2618121197 2069495603 2348290766 2618123718 2618121216
  25194   3747116827 572886095 2323874484 3747091606 3747116800
  42748   2501032249 1750267799 2464511924 2500989700 2501032448
  45316   2773689047 1508900131 66526531 2773643772 2773689088
  67688   3309795023 1135842367 141830810 3309862760 3309795072
  79820   2734139251 118718843 465400966 2734059572 2734139392
  27186   3267800411 2097022117 2209796595 3267827762 3267800576
  69505   2696368553 2400886011 274709495 2696438145 2696368640
  47423   3535332623 2168307451 2993789908 3535285185 3535332608
  58756   3091604233 2500944940 2558837465 3091545468 3091604224
  74900   4038890431 3046724397 2086064730 4038815596 4038890496
  32328   3956279477 1558781812 2436207796 3956247224 3956279552
  9787   2747247037 2060076218 1135071405 2747237317 2747247104
  31831   3114655367 1324544453 1604993241 3114623657 3114655488
  55822   2280091379 553933364 1826417433 2280147214 2280091392
  55662   3078106841 2785899465 352609417 3078051218 3078106880
  79462   4268911237 2504064470 1398329273 4268990822 4268911360
  108645   3129414623 999568649 2816714504 3129306011 3129414656
  59516   3518453429 855197121 1128907027 3518393988 3518453504
  48773   3721400107 548928350 3181868840 3721351547 3721400320
  27122   2782141267 1571660604 1299530315 2782114318 2782141440
  49262   2441370941 1134324965 2134087881 2441321874 2441371136
  99656   3013484291 1029870522 1777846129 3013384632 3013484288
  48192   3316869173 1160081981 215592581 3316917568 3316869376
  7419   2191343519 1685757728 1608778711 2191336197 2191343616
  88250   3046841563 2246426058 1717697528 3046753350 3046841600
  8444   2595751919 1879624633 160967583 2595760380 2595751936
  37244   2711313097 545928364 1790243182 2711275908 2711313152
  426   2792438881 1282273087 535112185 2792439466 2792439040
  100698   3690970937 1851180722 729924654 3691071834 3690971136
  83664   2358153037 878750713 767360816 2358236880 2358153216
  113948   4131913441 2056887642 1525169309 4131799524 4131913472
  60650   3559942223 1618603341 2221630880 3560003050 3559942400
  14159   4158264613 591670847 3984694328 4158278991 4158264832
  42050   3099297767 1456294995 2384815171 3099339842 3099297792
  73532   2617002793 1488512416 1841844928 2617076284 2617002752
  72633   3899515771 2180156502 2882554304 3899588537 3899515904
  40132   3538076107 1239457557 3133825924 3538116292 3538076160
  15792   2296063433 595971825 1742823367 2296047696 2296063488
  94249   3086581243 160564977 84198995 3086486999 3086581248
  94056   3539083939 393158166 366799571 3539178088 3539084032
  46815   2687693881 473471281 490275564 2687740895 2687694080
  100478   4088132387 3884363562 275417012 4088031874 4088132352
  30626   2556536011 1888610474 1900673707 2556566690 2556536064
  76586   3282945049 1599879708 2847435642 3282868438 3282945024
  45549   3212123833 2038184879 419805099 3212169453 3212123904
  8708   3359624041 2576057319 674217299 3359632900 3359624192
  106501   3935923561 138378697 1905924461 3936030213 3935923712
  83916   3129411067 421151334 1868299414 3129494988 3129411072
  74672   2231440483 675048155 2207925459 2231365968 2231440640
  56024   2417095951 518799774 656221530 2417039912 2417095936
  103256   4003674119 2189022303 610858123 4003777368 4003674112
  6225   2993372197 1963857093 1328401893 2993365935 2993372160
  18071   3784285403 3771148 3041904868 3784267369 3784285440
  48308   4277840377 1858642875 1784869678 4277792076 4277840384
  29576   4008527759 634011223 2143635945 4008557448 4008527872
  35525   2423672599 890120980 16121661 2423708101 2423672576
  25528   2865107123 511567381 562993538 2865132728 2865107200
  66492   2317904801 594454878 1205197122 2317838404 2317904896
  11236   2483444273 198000350 484024758 2483432988 2483444224
  73128   3561258959 3409198303 2722234187 3561185880 3561259008
  78962   3699659449 249728975 2101483929 3699738482 3699659520
  9844   3252796649 1199883075 2206778508 3252806516 3252796672
  97212   3693584551 708027147 2106368197 3693487428 3693584640
  91886   4052854867 2246872152 1949973811 4052763154 4052855040
  2290   2985006803 1622978466 972680405 2985009138 2985006848
  65716   3370918927 1081108056 2032085740 3370853196 3370918912
  50368   3189660601 2353169401 745324895 3189711040 3189660672
  76041   4294735267 3156013291 3260707306 4294811401 4294735360
  103822   3612923029 3462341035 1159886485 3613026958 3612923136
  10164   2536561201 538538851 1032841120 2536571316 2536561152
  80520   2285733239 1265003324 1884288322 2285652856 2285733376
  3384   3706886759 2552429092 3478172318 3706890296 3706886912
  21632   3896894839 2257800463 2040575045 3896873344 3896894976
  65977   4099433683 2262495073 3606193748 4099367751 4099433728
  9527   2628278041 1125939750 362106613 2628287543 2628278016
  17354   2591063351 657784838 1341320408 2591045942 2591063296
  36482   3023874169 452685554 1926875034 3023910786 3023874304
  104044   3887333873 2505902940 2962679577 3887437932 3887333888
  68111   3242760679 1277823138 1967676740 3242828815 3242760704
  7249   4161153229 642551692 1950100726 4161146031 4161153280
  27465   2687552443 132990585 1426818909 2687525047 2687552512
  39024   3850887767 3545334855 1645929241 3850848912 3850887936
  97530   3094594577 2493027632 1417478485 3094692090 3094594560
  115185   3932812571 2571699129 1062689532 3932697359 3932812544
  12733   2680792613 119464830 1057045728 2680805309 2680792576
  8717   3623062433 313405470 922026732 3623071245 3623062528
  77753   3648960691 2696884723 819352165 3648883015 3648960768
  16978   4284412697 993920600 2701148503 4284429650 4284412672
  68907   3293155027 1468290728 137125700 3293086165 3293155072
  1744   2662547891 1349795900 748096304 2662546224 2662547968
  19278   2772182603 2243700474 1991993151 2772202062 2772182784
  1756   3939831173 2884123085 1366708437 3939833052 3939831296
  16664   3696841157 1164813233 2339017101 3696857880 3696841216
  80374   2722939127 2707798512 1199513169 2723019510 2722939136
  14962   3679543727 2403499218 3109660218 3679528846 3679543808
  55910   3606747889 3444554726 2497380672 3606691994 3606747904
  88185   3556796101 1570695526 2868118934 3556707975 3556796160
  54042   2246511251 851851290 796604167 2246457318 2246511360
  54232   4129945637 1860248573 2909587266 4129999832 4129945600
  21224   3274671031 1371367563 2701091101 3274692328 3274671104
  18309   2486088433 540092290 491470352 2486070139 2486088448
  36848   3125554301 2511133314 1789510579 3125591280 3125554432
  110412   3765884777 3031262559 2876219708 3765995340 3765884928
  52526   2327710003 918549777 2034878542 2327762478 2327709952
  3096   3264772169 2516585179 736321618 3264769256 3264772352
  20176   2259341453 269112849 379040520 2259321392 2259341568
  10995   4278277039 1125611417 397076451 4278288115 4278277120
  22830   3331486033 894243121 898610832 3331463378 3331486208
  45895   3336851491 1343812149 2461486175 3336897351 3336851456
  49532   2515916189 334706676 352783727 2515965820 2515916288
  33592   4258128097 1252584606 1622877356 4258161720 4258128128
  11646   3501479687 2302563650 1154642015 3501491326 3501479680
  74909   2653310951 830267491 2348008829 2653385885 2653310976
  8537   2639960381 303449878 694634421 2639952039 2639960576
  21738   2521569767 1506483111 767739549 2521591530 2521569792
  70513   3246798817 980839386 3090563877 3246869361 3246798848
  43744   3909422689 1455423894 3804313363 3909379104 3909422848
  6928   3927464731 1933438248 96540832 3927457776 3927464704
  78594   4099236773 3975378095 1986296166 4099315458 4099236864
  91704   2855140867 361261998 2735368776 2855049160 2855140864
  18977   4255390859 353193734 4078145795 4255371999 4255390976
  50729   3509581631 1556822340 1082940194 3509531095 3509581824
  5538   3348214963 1638330858 207324009 3348220578 3348215040
  86502   4134058949 1158555072 2909033543 4133972506 4134059008
  79517   4081046659 3922767870 567969501 4081126301 4081046784
  102532   3028089803 866301273 2732706485 3028192388 3028089856
  57068   3013145461 178224380 1427784195 3013088532 3013145600
  18332   3921774977 1512343950 3540500354 3921793436 3921775104
  6240   3233759857 2590111787 223763907 3233766240 3233760000
  76415   2567035931 2378701278 1502229716 2566959489 2567035904
  45900   2334115573 1350771285 1049595220 2334069684 2334115584
  87720   4213069769 3405189515 1209834449 4212982104 4213069824
  52029   2325779597 1862746350 228733300 2325831741 2325779712
  30936   3178285969 311802051 297493437 3178317016 3178286080
  1444   3407289467 2729198495 986898201 3407291044 3407289600
  52132   4019845573 3264373170 1816223257 4019793500 4019845632
  32941   3348622439 2315478289 1574152696 3348655533 3348622592
  85941   3943972451 958364112 224080205 3943886667 3943972608
  86353   2327644037 1429546042 1242837843 2327730513 2327644160
  59502   3194602739 304230921 1327233062 3194662254 3194602752
  63067   2374244141 1653326477 867850105 2374307163 2374244096
  56990   3865696831 1776289433 2516757693 3865754014 3865697024
  19760   2426087747 1342772822 1562605005 2426068176 2426087936
  116135   3525337087 33703016 833754141 3525453223 3525337088
  44558   3132146669 2730139287 3127760569 3132191246 3132146688
  93896   2628423713 1273749162 1330460212 2628517576 2628423680
  29264   4093607333 3577354381 329667615 4093578160 4093607424
  14089   2796030469 611655873 346849805 2796044553 2796030464
  49708   2496440281 854332063 1312627453 2496390612 2496440320
  25961   2461526693 498830313 541080947 2461500823 2461526784
  73532   3433827247 280648442 1346720916 3433753796 3433827328
  59880   2680110067 14731372 2570737943 2680169960 2680110080
  38438   4094138617 2494468173 1213871052 4094177062 4094138624
  49488   3802383427 3354415626 3509897515 3802334128 3802383616
  24331   4161535643 1216934293 2515189773 4161560075 4161535744
  19002   2451315079 1844816337 2369761060 2451296198 2451315200
  112684   4256943391 3718381834 2441277714 4257056044 4256943360
  82526   2559388339 1766351954 542959719 2559305890 2559388416
  11616   2595582751 1552902398 572266796 2595571104 2595582720
  52694   2151517997 330117329 1254606814 2151465258 2151517952
  14732   3547004537 1854923689 2798947349 3547019404 3547004672
  46732   4229985889 4012975801 416208389 4229939316 4229986048
  27326   4155688843 848189669 1517542775 4155661634 4155688960
  95817   3843210923 2283376618 1019223572 3843306825 3843211008
  47385   2986397033 2183520699 2565883307 2986349799 2986397184
  116350   4051882823 942665248 3037480457 4051766658 4051883008
  30816   2164487357 249921802 133238997 2164518240 2164487424
  84961   3900527329 2771238587 1737489328 3900612321 3900527360
  33296   2739841967 1576258920 1641140507 2739808752 2739842048
  65395   3082937261 298811185 1378632935 3082871949 3082937344
  55452   2788522679 1251391307 2593313997 2788578204 2788522752
  87556   3306403589 3278832954 142794698 3306316028 3306403584
  22048   2657245043 1886435769 1959945848 2657267232 2657245184
  56514   4143832351 2585048459 2911587108 4143888834 4143832320
  46844   2381614217 979694513 2193819550 2381567492 2381614336
  16153   3648468869 1240141771 577394829 3648485145 3648468992
  42924   4196817433 2919593192 1947841657 4196860332 4196817408
  23676   3435532943 690997665 3292670408 3435509380 3435533056
  29612   3242626789 2772890560 824104813 3242656428 3242626816
  87987   2889575413 453657284 2113366688 2889663411 2889575424
  59221   2306295889 1832493873 1360708921 2306236843 2306296064
  34306   3528478099 3001314100 735013444 3528512514 3528478208
  27298   3034489313 2556795844 1788518781 3034516642 3034489344
  28454   3782160689 650514132 3367391303 3782189350 3782160896
  48852   3644465609 1615219371 675640540 3644514516 3644465664
  109254   3292477093 1571629665 1790438376 3292367930 3292477184
  12885   2515970729 926603282 713904286 2515957931 2515970816
  38437   4098813401 4049191021 695356638 4098851877 4098813440
  99069   3620899613 2711906245 1747209052 3620998653 3620899584
  6459   3554350001 2804072764 1622935751 3554343621 3554350080
  78193   4087876913 2174050887 111531170 4087798927 4087877120
  18408   4018096393 1746139441 3831308890 4018077976 4018096384
  66447   4085892361 3784720450 407062705 4085825905 4085892352
  67481   2294547163 517179846 1218225725 2294479719 2294547200
  67965   3312351299 507979188 692308944 3312419453 3312351488
  86810   2323163149 444286324 1764728454 2323076326 2323163136
  27781   2490992071 401516578 2069445136 2491019909 2490992128
  79520   3414158647 919986256 1565306456 3414079328 3414158848
  48287   2400064633 1297357895 641397410 2400113055 2400064768
  81869   2890530109 2322233231 1227072533 2890612173 2890530304
  24310   3111436973 2001973930 1012478591 3111412746 3111437056
  38925   4053362057 2367652446 87595635 4053401101 4053362176
  56220   2781615983 261881365 2368658564 2781672348 2781616128
  104268   3393761489 2060114644 3007721147 3393657268 3393761536
  862   2705493047 980881933 180872534 2705494110 2705493248
  76748   4102448303 1307012498 867284931 4102525132 4102448384
  73020   3437837993 435008800 1690471623 3437765060 3437838080
  5725   4219932947 3977113350 453654974 4219927203 4219932928
  87820   3759366643 826152290 3715212853 3759454476 3759366656
  44209   3336164999 150793676 755241125 3336209329 3336165120
  27570   2678805499 475442809 1234527546 2678777934 2678805504
  23877   3762079567 1615741442 3697129355 3762103621 3762079744
  45304   3714150197 723573931 1275122496 3714105096 3714150400
  40497   2298888047 1167118608 1966884000 2298928689 2298888192
  13556   3906198199 2583544738 722697537 3906211828 3906198272
  19419   2456743843 1252920217 1840926391 2456763355 2456743936
  3436   2378774917 590616131 2164729568 2378778476 2378775040
  47193   2983213243 2575792241 1853516976 2983260505 2983213312
  77952   4122764663 1110185113 323652554 4122686848 4122764800
  27424   2447076787 706775451 2306647256 2447104288 2447076864
  48754   4185560311 1194565522 1247004412 4185609074 4185560320
  33185   4026163853 1269981242 1020315784 4026130783 4026163968
  89628   3966457823 494851757 1701596184 3966368228 3966457856
  14172   3233471251 1859754366 1235392421 3233485404 3233471232
  96056   2822369867 1582323361 762571739 2822466104 2822370048
  72336   4218809741 620108054 2163678935 4218882192 4218809856
  34576   2732324761 1802565362 482448481 2732359440 2732324864
  100676   3589121339 2762576999 244956301 3589020860 3589121536
  76840   2545598963 95201015 2213790456 2545675816 2545598976
  2020   2306556181 1929528703 901105464 2306554140 2306556160
  117252   3602503159 1780412962 1907573425 3602385916 3602503168
  50710   4026092687 2554542249 2022997005 4026143510 4026092800
  85130   2706061621 2076730633 1675400618 2706146698 2706061568
  39061   2919962797 218760435 2216876456 2920001941 2919962880
  6738   4061047981 1812777512 1488328086 4061054802 4061048064
  35696   2319806537 1022139772 1693608377 2319842416 2319806720
  57583   2457980963 1226827018 1002602458 2458038511 2457980928
  18751   4285501789 1243908193 2815187910 4285520703 4285501952
  72975   3013962167 1024977429 1633195565 3014035215 3013962240
  36655   2294507503 136432641 1622736210 2294544175 2294507520
  12002   4109908009 2869907395 3333473523 4109920226 4109908224
  58592   2604615061 1558537382 283223281 2604556576 2604615168
  1712   3695225173 2327464449 3014936810 3695227056 3695225344
  71818   2372629027 17615831 495653262 2372700810 2372628992
  63584   3114304651 3026278597 2080111017 3114368352 3114304768
  18375   4051148363 2604987972 1060492598 4051130169 4051148544
  32816   3729102647 3052462879 3725135758 3729070032 3729102848
  33554   2603517667 1843700735 74562527 2603484142 2603517696
  58088   2860613813 1652892001 2013608406 2860555800 2860613888
  67172   2458720813 1639378969 821551684 2458653596 2458720768
  29536   2982264631 1772535822 2503776211 2982235296 2982264832
  111432   3473796043 1433238511 1333763314 3473907528 3473796096
  63401   3028624933 460580761 1666582329 3028688297 3028624896
  36309   2324212447 1636705599 2172238829 2324176171 2324212480
  95687   3558133927 685564141 2057194526 3558038329 3558134016
  15946   2155667509 498822011 1587349949 2155683402 2155667456
  38508   2177650637 1277362454 1445255207 2177689196 2177650688
  6974   4193029297 2901470901 2388115882 4193036350 4193029376
  38347   2619649093 612836313 595606085 2619610933 2619649280
  17050   4105190611 2001427654 938885082 4105173606 4105190656
  3512   2944491031 81520360 2866057268 2944487496 2944491008
  64066   2916709231 827512437 973422616 2916773442 2916709376
  26569   3650748533 3277571325 3151298369 3650775241 3650748672
  36054   3852363269 2747444088 3100338804 3852399318 3852363264
  92608   2597691011 1956888981 244585857 2597598528 2597691136
  32260   2307872351 2305650843 1872798092 2307904772 2307872512
  117354   3943080761 2803645188 2054796373 3942963606 3943080960
  48226   2820798427 691637745 2263721397 2820846690 2820798464
  52795   3703380773 2491133092 1013971642 3703327941 3703380736
  36336   3544578859 3056236602 2904851133 3544542480 3544578816
  4281   2849095589 2824024087 2360020681 2849099961 2849095680
  51853   2485428739 1693327833 2154904891 2485376883 2485428736
  99892   4142376871 96499826 1857879509 4142476852 4142376960
  17273   2246200037 1700544255 1877354054 2246182791 2246200064
  52017   3781306307 1645246197 332590929 3781358385 3781306368
  34816   3367192307 264033668 2965741298 3367227136 3367192320
  84192   2395454473 2116494399 1474562090 2395538656 2395454464
  60698   3638451017 213427846 106564003 3638390502 3638451200
  105484   3780219853 46249945 1977061052 3780114420 3780219904
  23712   2691231031 40670328 1666973345 2691207520 2691231232
  46510   2365990537 1998291956 855363138 2366037166 2365990656
  116997   3971012447 1269136517 1362151428 3971129605 3971012608
  49582   2406656137 120470791 292249793 2406705838 2406656256
  42762   3238067011 1455868350 2886485632 3238109962 3238067200
  99424   3189354401 20603682 2418371506 3189255072 3189354496
  6602   2609370893 142006593 1927866023 2609377482 2609370880
  13420   3051093673 1339300085 2421762987 3051107180 3051093760
  49902   3751529317 2424987588 1110999713 3751479570 3751529472
  88502   3678933221 3510122606 3002662879 3678844746 3678933248
  6764   3126703417 1031405858 242885943 3126696852 3126703616
  21248   3658145011 3377186457 3642628668 3658166272 3658145024
  6382   3988406957 1709638065 695807323 3988413422 3988407040
  62696   3201410627 2103976065 2652021074 3201348120 3201410816
  13316   3929707997 1145253092 3642763936 3929694716 3929708032
  13525   3347036377 839587545 2629865983 3347022891 3347036416
  66690   2362199017 791885495 2266433938 2362132350 2362199040
  13038   4087720603 1304938883 406475479 4087733742 4087720704
  49529   2920200419 1454089456 167953938 2920249977 2920200448
  4842   2725464029 100176001 504784630 2725459222 2725464064
  22430   3189511001 2055319397 545721519 3189533598 3189511168
  27050   2635874309 1644747473 1801547923 2635847254 2635874304
  39542   4039286047 3672806119 2676696411 4039246474 4039286016
  78352   2514519719 480110944 540694973 2514441456 2514519808
  102444   3484674181 154436581 3390314483 3484776748 3484674304
  59631   3195280393 242697698 2484642272 3195220753 3195280384
  29445   4162133743 949007212 3620651487 4162104315 4162133760
  54887   3740736863 1173548758 783991195 3740791911 3740737024
  42806   3211267351 1419353993 1345589881 3211310134 3211267328
  20764   3670649113 3474963669 1896040559 3670628324 3670649088
  89870   3685598863 2757957177 1138795431 3685509106 3685598976
  30084   3605968697 2512306556 3001052355 3605938812 3605968896
  29771   3954806179 1176015757 273702698 3954836043 3954806272
  23601   4138511137 814351403 1487369658 4138534705 4138511104
  4241   3634239533 670749308 11271101 3634243985 3634239744
  44594   2857623277 1899133073 1976668382 2857578702 2857623296
  21678   2870405441 2434825443 2259884292 2870383954 2870405632
  90335   2811287593 1205513849 1072372137 2811197217 2811287552
  85394   3387068143 1659817362 3287642156 3387153554 3387068160
  45974   3543092909 1017130217 2823984303 3543047018 3543092992
  49980   4269104627 3407643007 725247535 4269054660 4269104640
  19684   2588454767 2578418146 502741988 2588474596 2588454912
  52812   2201581457 241210799 95538252 2201528756 2201581568
  81776   2522745769 16553005 72457929 2522664080 2522745856
  5388   4176459817 3498784011 1037554455 4176454644 4176460032
  67038   4288531193 766514456 1488885540 4288464162 4288531200
  28763   3455480111 1497602671 1757885901 3455509083 3455480320
  38273   3057225433 1702136042 1449465720 3057187199 3057225472
  77428   2853614767 589486021 1128776387 2853692276 2853614848
  97728   3734862949 650875884 2624227763 3734765376 3734863104
  78376   2489319323 2178489137 2444445156 2489241048 2489319424
  19962   2457788189 2330415190 561182637 2457808122 2457788160
  89937   4174790573 2769270335 1439189243 4174880593 4174790656
  104406   3823064419 1210506569 3129431896 3823168982 3823064576
  39112   2386771721 2051068193 1166499744 2386810824 2386771712
  69884   3714780887 1568789521 388648436 3714850812 3714780928
  41185   3895106731 2168548082 3145695684 3895148001 3895106816
  62512   3626231261 459309791 150020481 3626293808 3626231296
  28986   2287383247 204315750 339381461 2287354310 2287383296
  1556   2260935319 2083721941 2133141004 2260936980 2260935424
  46726   3924152447 3717845359 1660081021 3924199302 3924152576
  3298   3842429401 2779533657 2461232393 3842426142 3842429440
  84381   3738795409 3012387132 1929971242 3738879901 3738795520
  97956   3369098273 2821740135 1778392137 3369196196 3369098240
  34916   3874233301 3004169716 3703965203 3874198428 3874233344
  2535   2402423627 654132664 926592277 2402426343 2402423808
  37824   2940580873 178954043 2475008314 2940543040 2940580864
  120340   3993763721 851332619 3722358358 3993884180 3993763840
  3714   2164610023 595150063 1299662065 2164606334 2164610048
  53684   2261198761 650396186 162558803 2261252532 2261198848
  71433   3347525971 3248030738 2636694237 3347597577 3347526144
  32196   2326051771 1586572442 1724015577 2326019644 2326051840
  18411   4050638531 3866913997 2932449509 4050657003 4050638592
  91772   3487959641 2783631462 1260120043 3487868036 3487959808
  24640   3273442441 3049721489 200195803 3273417920 3273442560
  78582   3208042529 1704959787 3206873551 3208121078 3208042496
  68009   2201325713 364987865 2007716491 2201393833 2201325824
  75880   3867574943 3499309344 2759543896 3867499160 3867575040
  92094   4257695777 3383445039 1124663266 4257603650 4257695744
  64165   2990451197 2311523790 983338262 2990515365 2990451200
  66889   4273713937 3094641547 275508264 4273780809 4273713920
  109288   3837607507 2598518596 2634597870 3837716968 3837607680
  71633   2556041003 1392018036 2325837289 2555969327 2556040960
  12663   2411107861 734353898 2282900381 2411120503 2411107840
  51677   2355357427 2177003782 1536644772 2355305763 2355357440
  43455   2511756977 1064954061 1918566868 2511800511 2511757056
  36592   2751505219 764793948 1822201999 2751468816 2751505408
  22904   4095452681 3202878083 2590863566 4095429768 4095452672
  10982   2709607847 2682698595 2496182367 2709618918 2709607936
  49083   3199332593 1533659761 1152228835 3199283525 3199332608
  26196   3863669701 3234992613 517087841 3863695956 3863669760
  3907   2308821169 357158209 776457726 2308825155 2308821248
  93668   3265839779 2253096909 2191984694 3265933540 3265839872
  89666   3701970521 534204310 660060261 3702060354 3701970688
  70288   2342356969 982663814 946521566 2342427280 2342356992
  77980   3377175673 2508827725 2470421791 3377097828 3377175808
  62108   3285305323 1432224481 2043129167 3285367452 3285305344
  32812   3797917187 3013614705 834171165 3797949996 3797917184
  109006   3925510289 1766488755 3386828978 3925619406 3925510400
  85076   3362989471 3063940376 1325897425 3363074644 3362989568
  77210   3603065519 1171065213 897365255 3602988390 3603065600
  25140   3986152613 3928814017 757715196 3986127564 3986152704
  112003   3817660837 3068333783 941305224 3817772931 3817660928
  71840   4188623759 2126549040 178968643 4188695712 4188623872
  24200   2772891137 545914423 6443467 2772915336 2772891136
  10144   3942211993 3273914525 3885590973 3942201952 3942212096
  65384   2895242281 1049033385 969262995 2895307624 2895242240
  7597   3795045533 1652136875 219301255 3795038035 3795045632
  81400   3780754097 3740918794 569584317 3780835576 3780754176
  3894   3156361697 1642232370 562347641 3156357834 3156361728
  89968   2826148817 661984957 293217785 2826058896 2826148864
  30082   3534832229 1935457209 1515876418 3534862466 3534832384
  40036   2172650563 1325445628 486860711 2172610716 2172650752
  10326   2420647211 299742767 311016027 2420636842 2420647168
  28758   3343826851 113029022 2132876196 3343855702 3343826944
  56960   2767817207 907445205 647643077 2767874176 2767817216
  8320   4151460427 1114405715 51216375 4151468928 4151460608
  36669   2170092577 58856566 1625112948 2170055875 2170092544
  32762   4134426313 3145533095 1906590487 4134393606 4134426368
  4378   2894631251 573716499 2704793360 2894627046 2894631424
  10840   2437217261 1166740141 1957279945 2437228120 2437217280
  39369   3885498853 3143399126 931494540 3885538249 3885498880
  92217   3263931971 1589266881 3079033248 3264024377 3263932160
  2544   3849631393 2539742766 2738420706 3849634032 3849631488
  13369   4035351997 1609619135 3033308261 4035365433 4035352064
  6968   3334825883 1983248542 185307604 3334832952 3334825984
  27181   2915073457 186485216 961833703 2915100717 2915073536
  1233   3117821893 2027001360 900387554 3117823185 3117821952
  40620   2429811763 291294784 2232873450 2429771092 2429811712
  30818   2336113697 5041598 908626354 2336082846 2336113664
  35488   2573413837 1826329961 818735448 2573378400 2573413888
  110311   4013173081 1718431214 1755912809 4013283559 4013173248
  49842   2935826507 234039483 664293664 2935876530 2935826688
  57710   4170198503 1267904902 3390678424 4170140818 4170198528
  78135   4276409369 1894396161 3930408176 4276331209 4276409344
  8014   2439229159 327552097 211858759 2439221170 2439229184
  1840   4257199853 3764082925 3915117664 4257198032 4257199872
  60954   2569399109 180725202 749915715 2569460250 2569399296
  45720   2630334023 1070611768 1942126567 2630288488 2630334208
  23464   3229097959 1504754858 1483815997 3229074520 3229097984
  68178   2248601323 1978807693 2191684962 2248533166 2248601344
  16414   2643999763 343608475 912656340 2644016158 2643999744
  29906   3240718097 3198872538 2191677712 3240747986 3240718080
  64054   4265269069 145601357 261074064 4265205194 4265269248
  47088   2561072509 2184905404 1510679418 2561119728 2561072640
  7947   3310798291 1604991116 2668618535 3310806283 3310798336
  6760   3182730721 2203959013 1205512855 3182737512 3182730752
  61282   3075195491 2508906094 2844098465 3075256930 3075195648
  66540   3543822959 2652373573 1940658672 3543756564 3543823104
  49600   2313983827 40082249 2009094135 2314033600 2313984000
  30616   2549499289 2298506461 2485529335 2549530008 2549499392
  27506   2741826467 370422370 328486168 2741799054 2741826560
  45718   2699186257 1305261549 162060427 2699232150 2699186432
  115555   3424803521 2551832196 2506658440 3424919139 3424803584
  48035   3390085807 1819124405 2905797665 3390133923 3390085888
  28422   3421860707 2717053355 122277904 3421832442 3421860864
  28196   2928822587 396330938 2887578505 2928850980 2928822784
  54829   2907414361 2672292869 2162504419 2907469357 2907414528
  20014   2703251143 2624286122 2621404680 2703231186 2703251200
  40780   3842831479 1335210009 3213762552 3842872396 3842831616
  46824   2158100233 814005479 965364783 2158053400 2158100224
  39818   3993704369 2952578610 2880218993 3993744266 3993704448
  29880   2539575539 1877596571 728729407 2539545672 2539575552
  89765   3100322411 2305461074 1864946271 3100232795 3100322560
  56271   4154605283 1204450917 795906208 4154661583 4154605312
  66975   4084857859 1969827892 3331832549 4084924831 4084857856
  7104   2305996873 998105598 1978820397 2306004160 2305997056
  37017   2892736663 2556688300 396655811 2892699751 2892736768
  38594   3144502171 32419858 419935260 3144540866 3144502272
  24075   2443972711 1997574494 2321699084 2443948789 2443972864
  71087   3836203067 2111388971 1936019345 3836274351 3836203264
  58177   3432091123 3192199073 1386056552 3432149313 3432091136
  23936   2985450317 1797169810 363504851 2985426560 2985450496
  14680   2819535611 2810000677 884624275 2819550296 2819535616
  6434   2807530409 2485944514 250691404 2807536930 2807530496
  37384   2216752337 289535765 1814620158 2216715000 2216752384
  58933   4138289861 1908350359 1901054186 4138230987 4138289920
  87679   3515860703 3432373291 388672560 3515773057 3515860736
  41314   4041088573 1814161508 4003287942 4041130082 4041088768
  96554   3553680217 261295410 3318197774 3553776938 3553680384
  64752   2607644783 478596359 2026946159 2607709680 2607644928
  47810   3951500681 1644067720 345835817 3951548610 3951500800
  74092   2517093581 1859715222 1781164391 2517167724 2517093632
  121217   4248888311 3125217173 1994543441 4249009537 4248888320
  53225   2588642891 1884229775 753985729 2588696297 2588643072
  13617   2980581809 449373671 2895258435 2980595505 2980581888
  57185   3722165801 2552753139 1353231783 3722222945 3722165760
  19407   2531584051 1037177405 1143356379 2531603407 2531584000
  49462   2423052869 2070396059 1313516122 2423003594 2423053056
  81440   2366303711 88051292 1716015774 2366222304 2366303744
  45242   2694923711 510511299 1144819239 2694969018 2694923776
  50140   3207874289 668185257 964126243 3207924444 3207874304
  93745   4195617089 2618079340 3296195574 4195523535 4195617280
  1969   2327325089 951608981 1041971087 2327327153 2327325184
  63968   2203414847 2187951825 1602026108 2203479008 2203415040
  72905   2166176053 1255173522 1834871905 2166103095 2166176000
  83876   2417142997 1379530167 2109359083 2417059164 2417143040
  31974   3604667113 291843224 2345164269 3604635162 3604667136
  82012   2184724793 1555952520 1030100191 2184806748 2184724736
  155   2948527609 1507061194 1582497310 2948527771 2948527616
  7197   4217852021 2135474340 234781582 4217859357 4217852160
  27496   3779741657 1425325902 1759432037 3779769192 3779741696
  12849   3382220279 2218845115 2847120723 3382207439 3382220288
  4753   3955540657 2542234767 1671314171 3955545489 3955540736
  71   3514216261 1661789180 1728030727 3514216519 3514216448
  40552   2561501057 805353454 1825119386 2561541736 2561501184
  50002   2323746377 1630431138 2085010662 2323696558 2323746560
  1008   3897689713 1468506394 3278656479 3897688848 3897689856
  40984   4105660519 1920229184 1785176391 4105619688 4105660672
  41406   2303795471 601596927 300613870 2303754050 2303795456
  47524   3968546381 3841895419 76746203 3968594084 3968546560
  82766   4072229683 3261474834 185540689 4072312654 4072229888
  84192   2927804723 1373055650 424052464 2927720736 2927804928
  85721   2366338151 396982965 2172436234 2366424025 2366338304
  98030   3906312931 356395584 911409488 3906410990 3906312960
  87216   2874119473 716534775 1378164506 2874206640 2874119424
  61670   3961443659 1763455803 1564679858 3961505510 3961443840
  87078   2478495199 1840010419 412499826 2478582310 2478495232
  27408   4011617903 144069212 1461874109 4011645456 4011618048
  95958   3037854739 1516891815 8967799 3037758762 3037854720
  6044   3082458707 828308029 1628951842 3082464924 3082458880
  49256   2456163337 1856887653 1864069178 2456212584 2456163328
  71548   2243752619 2055307578 35087970 2243681156 2243752704
  92342   3269407507 1001138933 1836442411 3269499830 3269407488
  40367   2845401211 1685324179 1228140701 2845441711 2845401344
  37701   2610037483 2450949536 133474066 2610075205 2610037504
  9877   3945898727 748674075 2267147319 3945908629 3945898752
  4151   2807512831 32326487 1600561337 2807508681 2807512832
  15874   2849504851 888781739 1390331703 2849489150 2849505024
  32037   4138177081 441076234 1537340536 4138145243 4138177280
  53392   2439520003 534810112 869242805 2439573392 2439520000
  67511   3155514553 125250689 713953349 3155447113 3155514624
  59178   2823308699 2391637862 2155341760 2823249622 2823308800
  23274   2445690817 1150414346 1068770760 2445667606 2445690880
  95814   3671936201 3617083658 507177331 3672032070 3671936256
  23704   2794820521 534617548 2164350744 2794796904 2794820608
  92538   2601818069 363915081 2582727663 2601725574 2601818112
  111015   3830923307 2894196501 275884499 3830812505 3830923520
  79892   3492851639 2177055594 2437682942 3492771820 3492851712
  65595   2230404973 1917334825 1051102996 2230470715 2230405120
  36710   3109487327 2815430719 1985173993 3109524070 3109487360
  842   2185414411 179256160 159535460 2185415242 2185414400
  31231   2322656221 103435639 1798656180 2322687487 2322656256
  46645   2241328283 483786989 2123040815 2241375029 2241328384
  37628   2781543199 736848194 216462531 2781505540 2781543168
  8604   2842437803 1736920385 2577190532 2842429284 2842437888
  29644   4094865613 1437421036 2849692159 4094836020 4094865664
  25860   4182511877 1496218661 2155737539 4182537732 4182511872
  72257   4051391063 2024656560 3692803454 4051318975 4051391232
  119969   3948368741 2776359194 3531501341 3948488865 3948368896
  26156   3321028783 2414019068 3260982244 3321002708 3321028864
  27418   2884797709 1883394165 2285689296 2884825114 2884797696
  57264   2614322681 1500467500 372416964 2614265424 2614322688
  109680   3624886381 3298919771 826472252 3624996208 3624886528
  13326   4243916483 2222567053 939439011 4243929870 4243916544
  8316   2239640813 803389768 1118227004 2239649148 2239640832
  75092   3252352547 3122030304 412748655 3252427604 3252352512
  24966   3454911553 715675051 200606101 3454936710 3454911744
  75741   3323285789 812651568 1374526284 3323361501 3323285760
  46767   3489136709 1476212350 1302945134 3489090129 3489136896
  10764   2801241293 1937031699 1594737868 2801252108 2801241344
  82094   3029147141 2657562924 2121421656 3029065042 3029147136
  17150   3437197931 1207345272 2284158356 3437180930 3437198080
  52839   3168179591 220239894 1729005613 3168126873 3168179712
  80578   4231901801 3105074649 4042624236 4231821374 4231901952
  44738   3626924087 2596005589 595625911 3626879550 3626924288
  28335   2152843747 865099125 353257652 2152815441 2152843776
  11856   2499024551 2485586485 449031396 2499036496 2499024640
  103458   3318689947 1856770836 2143306969 3318793506 3318690048
  5816   3503939903 1938920933 1702593217 3503945912 3503940096
  16964   2898013663 2452378570 1825550171 2897996732 2898013696
  50464   2166434099 1257308039 1106507922 2166484512 2166434048
  94679   3021192767 539690426 2207939462 3021098281 3021192960
  54136   2351235247 639589271 1914503436 2351181192 2351235328
  102949   2986131019 1362680400 2924292041 2986234149 2986131200
  88558   2285355329 1865808992 64511585 2285444078 2285355520
  56608   3323470753 3075093205 2827811716 3323527456 3323470848
  16227   2343086077 521183668 145664926 2343069853 2343086080
  22628   2863046033 1493803581 978448855 2863023516 2863046144
  55265   2745993973 545640520 2190204266 2746049249 2745993984
  76520   3461776807 1128772131 2561070311 3461700376 3461776896
  20283   2924174053 2055480027 518850000 2924194363 2924174080
  59050   3164230661 2881533379 2813185493 3164171606 3164230656
  17784   3419899193 2787020060 3053745965 3419881608 3419899392
  53883   4250289973 212766718 3695941965 4250236293 4250290176
  12137   3101167567 2063974767 763513241 3101179753 3101167616
  96306   3195166319 384464915 2806399978 3195262770 3195166464
  27496   3043851961 438423501 1595758793 3043879528 3043852032
  2027   3091490009 2490560895 1581329447 3091488021 3091490048
  66876   3728214293 481595554 3311800040 3728281148 3728214272
  33741   3627409021 1668221224 248769955 3627375411 3627409152
  53971   3042784847 1354111598 1640040258 3042838995 3042785024
  92471   3055772063 2431231190 1669033468 3055679689 3055772160
  16743   2380714351 1755593870 360351953 2380731239 2380714496
  26568   3009885913 448144713 2066993397 3009912520 3009885952
  95106   2487039817 487554937 2030835869 2486944894 2487040000
  54442   3005846479 1297161095 2330554897 3005900970 3005846528
  79401   3471120973 50820081 2173745974 3471200553 3471121152
  41007   2667225293 1520848317 693868123 2667184337 2667225344
  70535   2196604537 271399748 38083047 2196534137 2196604672
  77597   2600767969 4455384 831640097 2600690403 2600768000
  38696   3213839177 1776822173 1219179870 3213800664 3213839360
  81686   2473216231 2173526272 2075481401 2473134570 2473216256
  33477   2938457309 2864035541 1696556270 2938423867 2938457344
  39100   4006784237 271185237 245718409 4006745156 4006784256
  49895   4206072137 1737025409 3550742159 4206022425 4206072320
  60324   3019604479 1738029370 498721690 3019664804 3019604480
  43868   2228288837 2203849914 912956056 2228245156 2228289024
  40584   3885595027 1101724565 2006174131 3885554552 3885595136
  8214   3252119693 2267368122 325876795 3252111594 3252119808
  111156   3720085939 1321137104 79172266 3719974860 3720086016
  56452   3301875089 2885206713 2420010140 3301931652 3301875200
  23835   3890234633 1783408171 86440089 3890210789 3890234624
  62474   2358841327 2079858063 558565915 2358778870 2358841344
  120   2212380481 1780676416 1143029066 2212380792 2212380672
  46736   2626935083 1697575128 538221269 2626981776 2626935040
  27176   2184476009 1271500167 291348071 2184448984 2184476160
  3689   3720333217 1395533315 1879175453 3720337001 3720333312
  57216   2637251579 786728778 1915728618 2637194368 2637251584
  28386   3345892171 491735691 2575693274 3345920738 3345892352
  18566   2591991043 366917734 1110751077 2591972474 2591991040
  23293   4034257427 1641867873 1838841899 4034234115 4034257408
  5850   2299787513 1864184228 26744321 2299781670 2299787520
  58632   3579366797 797085826 2705121558 3579425544 3579366912
  2409   3537182993 3313723456 1400836297 3537180567 3537182976
  54488   3440076481 2738115896 2285262784 3440131032 3440076544
  93840   3802139623 2092575902 3608607315 3802045808 3802139648
  62088   2374462939 833484456 2199063731 2374400888 2374462976
  43712   2567613847 376606537 1268132097 2567570240 2567613952
  30204   3896119049 2111684215 3817697323 3896149244 3896119040
  44774   2593155247 1001466456 714078292 2593200102 2593155328
  12480   2203430861 214429879 140356587 2203443392 2203430912
  72287   3947665769 803449651 666024399 3947593633 3947665920
  46786   2349754919 890091466 742786126 2349708094 2349754880
  38130   3456103997 2293396104 2636494373 3456066062 3456104192
  66216   4221417307 163977351 524176953 4221483688 4221417472
  27448   3834695707 1833846198 3174119680 3834668232 3834695680
  14444   4088420123 3569568210 3319857236 4088405652 4088420096
  72419   3846752167 1901076291 1741259425 3846824675 3846752256
  115030   4059081157 3382245940 3558107072 4058966186 4059081216
  56719   3037075693 940342990 824498158 3037018993 3037075712
  78859   2744270027 2659001145 1195860611 2744191221 2744270080
  29679   3695109361 533657706 2552782385 3695079697 3695109376
  72490   2523164933 474937833 1353739980 2523092438 2523164928
  1715   4092236711 1075594698 1889050653 4092238515 4092236800
  65513   2975532713 2924644006 2643652142 2975467287 2975532800
  24936   4130962321 2715887904 624680684 4130937496 4130962432
  110868   3869292209 1371346362 1838377997 3869403156 3869292288
  17925   2430811727 740490523 1860168514 2430793979 2430811904
  92101   4019312897 3525920142 3761693757 4019220795 4019312896
  114047   3562927811 1004565678 2968711521 3562813825 3562927872
  68483   2921042599 2664832865 2647956997 2920974205 2921042688
  13494   3825147983 323479653 2099897254 3825161654 3825148160
  71648   4207827167 1211406898 2953623159 4207755552 4207827200
  118220   3833214691 2643141360 3215824292 3833332940 3833214720
  54451   2189695609 144998230 445276866 2189641293 2189695744
  18596   2248757699 1521387287 485051855 2248776356 2248757760
  90664   2695232609 1138751969 2447931850 2695142104 2695232768
  58291   3929473819 2066017827 1575062832 3929415501 3929473792
  77404   3299732771 631130027 1810899366 3299655332 3299732736
  74188   2809157041 479339616 922670932 2809082932 2809157120
  27794   3643957627 22837794 273259091 3643929966 3643957760
  45054   2634482987 410902711 1819209024 2634437890 2634482944
  59192   4288045093 639497117 1829901666 4288104504 4288045312
  29684   2602376519 2523920621 1315975547 2602347020 2602376704
  54439   3030087251 1213506428 2450778257 3030032985 3030087424
  77547   4163543003 3395314056 702825480 4163465493 4163543040
  65541   3391842299 2215691805 1035981831 3391907845 3391842304
  47773   3285654293 359509127 1445945635 3285702045 3285654272
  34068   2773695907 2320794541 1622828446 2773661932 2773696000
  40210   4183694057 2079728410 3936193857 4183653870 4183694080
  52064   2177151439 425563472 317434339 2177099424 2177151488
  45995   3290003441 3003647994 1366806707 3290049451 3290003456
  113337   3647129569 809377793 2652758469 3647242937 3647129600
  59870   3619340129 1397948035 1568938290 3619280418 3619340288
  89435   3251655677 2368448175 955093770 3251566245 3251655680
  63436   4256936417 340388289 363759180 4256873012 4256936448
  74301   3655818841 1850046584 3023088044 3655744707 3655819008
  11851   2929375937 178580209 2247659668 2929387851 2929376000
  65848   4282971943 1219610334 3025533028 4283038008 4282972160
  49300   3888278257 2529306377 3422207697 3888228972 3888278272
  4174   4259734477 364799471 3466649308 4259730354 4259734528
  86047   3589630939 380764132 1477637182 3589717023 3589630976
  45576   2229696841 1782916719 1653970356 2229651448 2229697024
  64083   3299156297 3046369005 1915997269 3299092397 3299156480
  16898   3892556033 223483740 764777056 3892572930 3892556032
  55183   3301522993 312377312 2807737036 3301578383 3301523200
  17636   3978164521 2830124962 1788640118 3978182372 3978164736
  15943   3750151283 1361515763 1569055347 3750167367 3750151424
  22955   2196475427 1913024951 580752912 2196498347 2196475392
  60018   3944133959 3126918885 733624876 3944074126 3944134144
  35388   3747379157 865349029 3373898360 3747343812 3747379200
  7496   2925274939 715828516 1418736757 2925282632 2925275136
  10260   2149276237 1961296623 2111182018 2149286676 2149276416
  51632   2482457611 1171908422 1224292332 2482509232 2482457600
  49362   4075930237 1849329331 2188221080 4075979730 4075930368
  52546   3687328979 1116425792 1825680833 3687276478 3687329024
  100201   3602978143 573151006 971924828 3603078505 3602978304
  10840   3133454383 2543551690 1448851216 3133465176 3133454336
  21081   3874837601 814222447 2112284030 3874816679 3874837760
  92616   4079874707 2333005974 2952792926 4079967432 4079874816
  45986   3203851843 261531334 234902699 3203806046 3203852032
  87325   2873989141 2090756671 2299867289 2873901795 2873989120
  90857   3844111289 2209010524 1159142352 3844020503 3844111360
  47418   3865805453 2665447022 1737698650 3865758150 3865805568
  46038   2910876677 2428126926 1232903029 2910922710 2910876672
  37985   3947037001 108236854 2259332774 3947075169 3947037184
  64962   2494205081 1683197062 227158956 2494270146 2494205184
  1932   2526813127 1309916717 1250001646 2526811252 2526813184
  4055   3554962189 355545945 1356063005 3554958121 3554962176
  21435   3636867887 3022527494 2704407178 3636889531 3636868096
  121411   3953673473 731745343 711665897 3953552061 3953673472
  12528   3514784011 1649007680 371177658 3514771472 3514784000
  14338   3989210557 1228762542 3708252256 3989196286 3989210624
  69142   3432270509 133112035 619792217 3432339734 3432270592
  20214   2448502933 1198355246 1108963424 2448523254 2448503040
  15376   3114378811 2587404844 2207214152 3114394384 3114379008
  13420   2897285029 403195234 2667617552 2897271700 2897285120
  60910   2949055103 1680944259 1329719068 2948994322 2949055232
  31775   3475868827 1248197431 899471645 3475837153 3475868928
  41931   3296076191 2696082390 3137818652 3296034357 3296076288
  73460   3898483607 2041230486 1908902643 3898557172 3898483712
  79993   3871502539 772179569 1961065785 3871582585 3871502592
  2944   2427595031 1766238588 886231400 2427597952 2427595008
  69376   3242882011 2488758703 717609771 3242951424 3242882048
  54569   2992446601 2560511869 2150359461 2992501289 2992446720
  51488   3657786239 3139585785 1443375475 3657734880 3657786368
  35741   3384732161 2788590509 2730561940 3384696419 3384732160
  61961   2465866061 1159079333 1785148018 2465804279 2465866240
  76148   3626329897 610111653 1439857524 3626406004 3626329856
  52566   4050398813 2584698809 17471766 4050346410 4050398976
  64750   4128023311 929300617 3481216054 4127958546 4128023296
  51000   3091827679 825467788 1202651527 3091776712 3091827712
  10342   2417524259 107054891 1985926353 2417534566 2417524224
  13220   2309346917 1636726583 877445250 2309333852 2309347072
  82692   3731421839 3015854516 2367710095 3731504644 3731421952
  101746   3097629181 2904933 1160673907 3097527438 3097629184
  59696   3120432691 72649602 2077989673 3120492592 3120432896
  31704   2268341849 379615520 2026095476 2268310312 2268342016
  67008   2587856839 1175392262 1532700602 2587923904 2587856896
  59368   3170574809 121543451 1764690235 3170634216 3170574848
  4768   3190812223 279230069 552546453 3190807648 3190812416
  36624   4248830389 2081263601 2352493939 4248867088 4248830464
  4046   2924809487 2354604983 2305982246 2924805426 2924809472
  93439   2628117433 2465739962 1312356054 2628210943 2628117504
  33473   2455973893 268239199 1521665950 2456007361 2455973888
  76336   2398715899 230837826 427704728 2398639568 2398715904
  41796   2318494757 1619703929 1450842508 2318452924 2318494720
  91802   3438884731 1286505642 2137075317 3438793062 3438884864
  21577   3930697807 891681555 996940148 3930676407 3930697984
  43448   2818017607 1935891853 344439653 2818061240 2818017792
  1595   2535043717 1251009831 1257459024 2535045435 2535043840
  86750   3886436119 470688537 3223958772 3886349346 3886436096
  3653   2517223853 344584411 1822759388 2517227589 2517223936
  57032   2882338331 1794169050 1063812901 2882395336 2882338304
  65440   2455504739 1849629242 1739512431 2455439456 2455504896
  5346   3823131329 1018397474 1994687604 3823136738 3823131392
  10154   3552786749 823845935 2808168975 3552776790 3552786944
  36076   4212288811 1043799398 183757644 4212325100 4212289024
  111469   4194238229 2634182423 871010226 4194126739 4194238208
  59708   3257333333 2028039632 1910080384 3257273796 3257333504
  117624   3869094083 345382707 3764788679 3869211768 3869094144
  77210   3560896811 700337175 1664424586 3560819558 3560896768
  20331   3860961317 3313144856 880472273 3860940949 3860961280
  64702   3938370571 974472457 3397553501 3938435262 3938370560
  76943   2324554181 2299207628 262953063 2324477297 2324554240
  52673   2172895801 1899428184 1070432050 2172843071 2172895744
  50784   2296934177 404574843 1455677321 2296984928 2296934144
  116860   4043818739 2445316261 1566933837 4043935612 4043818752
  100720   2952155603 2085783020 1917390905 2952054928 2952155648
  77   2639151959 2593164559 2129871051 2639152205 2639152128
  74880   2612081869 937174329 1119451877 2612007040 2612081920
  89972   4271220157 2273065080 4236967632 4271130252 4271220224
  112444   3425906893 2425750378 2858058273 3426019388 3425906944
  27113   2533256183 1011929883 925513754 2533229079 2533256192
  76168   3290026739 346574377 1577178980 3290102920 3290026752
  56501   2590675291 160880150 1955492199 2590731957 2590675456
  2422   2808211643 2656590246 2194474061 2808214134 2808211712
  78280   3819499891 687462697 459981658 3819578312 3819500032
  70328   4011740587 2567562047 2945158457 4011670344 4011740672
  2597   2938313237 576905099 2055551155 2938310619 2938313216
  67603   2175264709 638184752 168739474 2175332371 2175264768
  46824   3509786069 1182777803 2088990970 3509832936 3509786112
  50176   2289775409 1537258194 1029503453 2289725184 2289775360
  61564   3108375703 1202712357 2386841821 3108437372 3108375808
  60120   2226641203 1476539718 1449576732 2226581032 2226641152
  54149   2922121819 1725085452 1126973499 2922067835 2922121984
  83632   2344328491 1477770090 213885924 2344412080 2344328448
  4385   2200240433 999377669 299665516 2200244769 2200240384
  49916   3183708673 2978614849 2841040367 3183658756 3183708672
  42380   3505978543 3007745240 3388114612 3506021004 3505978624
  58604   3517634641 1409886739 536306847 3517576212 3517634816
  56927   2332717831 1793661743 219066601 2332660897 2332717824
  64801   2503389149 1725382892 1631244464 2503324383 2503389184
  59666   3275035051 929570942 1749087596 3274975470 3275035136
  60049   2904887551 100524702 1402846704 2904947601 2904887552
  95377   3175588147 2792421712 1266307938 3175492975 3175588352
  41752   2297129683 1774072431 187322591 2297171480 2297129728
  92874   3785787527 2141959762 3602097877 3785694774 3785787648
  107819   3489699439 49765713 2840617130 3489807403 3489699584
  97945   3923075291 1822859990 2493574027 3922977383 3923075328
  448   2571847127 342803520 764698419 2571846720 2571847168
  82416   2652697291 2262341159 1475372098 2652614928 2652697344
  105944   4179735689 1675715119 2574756770 4179841752 4179735808
  23956   3270023353 1064737977 1005510515 3269999468 3270023424
  71880   3606452389 1553580937 1351228080 3606380600 3606452480
  51667   2979583351 1672289541 2100192642 2979635155 2979583488
  16050   2713464211 1881554952 2142871595 2713448270 2713464320
  5726   2302457653 2234426447 2118075327 2302451874 2302457600
  10550   2397912287 919445984 1560573644 2397922870 2397912320
  67563   2155195541 1311292674 1067735872 2155128085 2155195648
  8078   4112346899 2366884627 91374938 4112338802 4112346880
  26008   2888798657 2724950664 2258852460 2888772712 2888798720
  10602   2180425183 1804452254 134726345 2180435818 2180425216
  94178   3120486953 2120497528 1705509362 3120581090 3120486912
  41978   2247114659 911875783 307170888 2247072774 2247114752
  3054   4183325059 1136938219 2153827914 4183328238 4183325184
  40064   2877892669 2017412966 908674787 2877852800 2877892864
  60040   3699283403 1566242220 827292768 3699223416 3699283456
  45563   2240534537 678599354 1677016608 2240488965 2240534528
  9666   2369879873 879240933 1834661277 2369889730 2369880064
  48683   2732096047 266465683 1952234499 2732144683 2732096000
  25356   3125790641 647982693 153706288 3125765364 3125790720
  13999   3906082237 3865660110 2784931755 3906096303 3906082304
  29540   2203410767 1939613606 817484665 2203440484 2203410944
  40764   3235092943 2692773740 752004255 3235052228 3235092992
  23589   3548656693 925859159 2304159961 3548680485 3548656896
  68934   3961503587 2154012703 1713082234 3961572678 3961503744
  72743   3623944657 1734961123 1172658776 3623871961 3623944704
  45931   3376554449 761443540 2913808994 3376508565 3376554496
  97510   3930798013 1658338822 2676438843 3930700570 3930798080
  87272   3142043753 439121942 2722055104 3141956632 3142043904
  80242   3552749407 1813741387 808056255 3552829810 3552749568
  90965   4178002849 1712058034 2740314177 4177911979 4178002944
  20504   3662397553 3228099623 1919386196 3662377192 3662397696
  40956   2979772651 12571307 1418914015 2979731716 2979772672
  78363   2745673327 2112865222 1881814942 2745595109 2745673472
  48368   2535722809 1820540946 1883843991 2535674640 2535723008
  1958   2572876699 57417074 1640944817 2572878758 2572876800
  83583   4117299059 2620013833 2300294734 4117382783 4117299200
  72594   3532561171 522065359 739559195 3532488558 3532561152
  19746   3108547499 386834108 2227124664 3108567330 3108547584
  83060   3612054581 24733098 2650424096 3611971724 3612054784
  35828   4024633477 3015847186 1009964878 4024669428 4024633600
  55740   3968721437 3518419241 1567021106 3968777148 3968721408
  31888   2824329359 170125228 883445887 2824297584 2824329472
  24051   4089461083 556988125 3220186472 4089485299 4089461248
  73484   3698473039 3355034032 2877147464 3698399732 3698473216
  6152   3878317081 213251570 1713111203 3878323208 3878317056
  60792   3865835531 2246886301 889449091 3865896312 3865835520
  18148   2909447747 1708494570 2059916395 2909429788 2909447936
  71119   2703186559 1126899780 790673695 2703115569 2703186688
  44221   3398242193 307553475 427223370 3398286525 3398242304
  45225   3912196619 1425470917 2663364449 3912151383 3912196608
  44836   2410267649 1215215920 1381487824 2410222812 2410267648
  46568   3833957639 3473387584 291196674 3833911064 3833957632
  16692   2163262397 114079876 900718074 2163279156 2163262464
  98365   3459261739 171246030 3285935235 3459163331 3459261696
  94591   2415020261 2093612363 537353885 2415114879 2415020288
  84150   3425847049 431153738 2159170856 3425931190 3425847040
  49316   2390588729 170998928 1315275379 2390539356 2390588672
  107201   3501703357 3076376944 871924140 3501810625 3501703424
  16076   4140006469 3070625981 2330708512 4139990580 4140006656
  47072   3737015263 2973795532 366247687 3737062368 3737015296
  11264   4080515489 3647219878 2522047272 4080504320 4080515584
  12742   2405391851 2346736789 2308152532 2405404614 2405391872
  42174   3177942211 2963945093 2565865839 3177984446 3177942272
  60711   3441473491 1132249611 1664464412 3441534247 3441473536
  59816   3689699543 414046294 3398717474 3689759400 3689699584
  33712   3566968411 2754313863 351898146 3566934864 3566968576
  4033   4035410767 3523695332 801438651 4035414977 4035410944
  32168   4233676357 2823466797 3338835684 4233708712 4233676544
  26212   3243864373 3039222073 177101960 3243890788 3243864576
  43330   3054644993 2790931861 1503184372 3054601662 3054644992
  22796   3339482569 1116749873 977430797 3339505420 3339482624
  16474   2817637717 1407024608 2655701204 2817654362 2817637888
  69444   3736125587 2371652637 3255113362 3736195140 3736125696
  67711   3200984443 2488477068 2376786397 3201052287 3200984576
  17654   4003878713 3670996692 848585085 4003861258 4003878912
  15734   4170005369 1481811743 1193362722 4169989770 4170005504
  71854   3751415947 2842395323 482821987 3751344210 3751416064
  61148   3266973097 1782403843 1817519758 3267034332 3266973184
  27391   2579860783 1681220612 620512399 2579833345 2579860736
  91583   2437892417 534529225 332373981 2437801025 2437892608
  28153   2731329817 1467993365 2689221821 2731357945 2731329792
  113717   3465498779 1029685977 1525549592 3465612597 3465498880
  9500   2836681667 734576105 1668411597 2836691228 2836681728
  31941   2548603991 845206910 2368903573 2548636101 2548604160
  29532   3294944761 2212147274 2026871935 3294915236 3294944768
  63595   3499182013 2931825530 1483010443 3499118485 3499182080
  50957   4111271903 187684470 3669274449 4111220979 4111271936
  40026   3891095203 2994296440 3691876237 3891135322 3891095296
  31662   2395546409 272525235 1852052832 2395578030 2395546368
  69370   2227785013 970451473 1956540696 2227854330 2227784960
  97588   3605163047 1769623058 1373034363 3605260596 3605163008
  16648   2521353739 2246103122 558379846 2521370376 2521353728
  2311   2440648079 1121742651 1533714301 2440645881 2440648192
  93377   4024826339 220992016 563539444 4024919745 4024826368
  54294   3909370991 2363916406 3578879600 3909316842 3909371136
  28820   3678739313 3396633296 2589469159 3678768276 3678739456
  90213   3086145061 1272024861 1342754009 3086054811 3086145024
  78223   3031270679 635101545 1337265343 3031348879 3031270656
  9240   2922025571 1858573789 255517116 2922034968 2922025728
  46778   2256197257 526697067 404331309 2256150598 2256197376
  76654   3770726677 292890252 2074483594 3770650002 3770726656
  52305   3182365379 797355411 2308096037 3182417745 3182365440
  22996   4264376023 3034992914 2376428248 4264399060 4264376064
  51998   2414156357 209409899 2245931904 2414104546 2414156544
  26016   2458590383 970945494 1679836716 2458564448 2458590464
  89610   2240544617 204582367 139980710 2240634378 2240544768
  64425   2449891853 394622590 1714730310 2449956265 2449891840
  19368   3514247213 2646158838 530550739 3514266792 3514247424
  31020   3915743063 2417294574 2792640606 3915774252 3915743232
  9087   2636614817 1095874620 749431288 2636623999 2636614912
  36341   3163196447 2555746372 1306914057 3163232757 3163196416
  16897   2158822403 854074989 1701278384 2158839297 2158822400
  42207   2363244071 776827405 1716624404 2363286239 2363244032
  58514   3140448937 2152307560 1037979529 3140507538 3140449024
  79285   3668559329 3657219699 1655927544 3668638645 3668559360
  85547   3412485467 1352430436 1725143221 3412400085 3412485632
  21627   3034520351 2760227862 1027966777 3034541947 3034520320
  27164   3125484589 2937240556 2868611541 3125511708 3125484544
  37848   3934968337 1338651521 3271312263 3934930472 3934968320
  90590   3193605983 1887125447 2606645353 3193515554 3193606144
  60212   2237114171 851260204 1900757893 2237174324 2237114112
  72070   3360172943 590069917 2061448273 3360100986 3360173056
  107350   3344081809 935336129 2802674544 3343974570 3344081920
  17358   3897463151 666621340 1744719989 3897445938 3897463296
  13072   2781617549 1759268274 2600624296 2781604592 2781617664
  28160   2292606461 2153981333 115055497 2292578304 2292606464
  35261   3078775613 1668097535 487782124 3078811069 3078775808
  66830   4263838541 751375388 993278066 4263905550 4263838720
  18104   2908814119 1069962040 684054576 2908832184 2908814080
  15913   2294450467 2032898077 419608324 2294466345 2294450432
  88614   3345554063 741566906 742890266 3345465562 3345554176
  63916   2193590233 1477845685 1922557312 2193526356 2193590272
  78776   4019040503 3383078550 3544308096 4019119288 4019040512
  95881   2737277993 991458198 1993923889 2737373833 2737277952
  34113   2220261887 2201360063 1769379782 2220296001 2220261888
  73371   2429595859 47438551 33555257 2429669275 2429595904
  54000   3668725909 1193178 1958901945 3668780016 3668726016
  29458   2913126319 1983656704 544956028 2913096942 2913126400
  96227   4213637479 2272489263 510478051 4213733859 4213637632
  31418   2949199373 2141918511 1308225270 2949230778 2949199360
  85724   2496056539 501968125 403584488 2496142300 2496056576
  55372   2153005201 792133698 304131513 2153060684 2153005312
  127565   4252420967 2847019424 3058577515 4252293555 4252421120
  41222   3583404647 1880149857 317101428 3583363578 3583404800
  38732   2738209241 326177838 988873183 2738170548 2738209280
  17794   2833727723 462833322 2664838099 2833745538 2833727744
  5955   3992144749 1057432785 2477796421 3992138941 3992144896
  26255   2286881899 2078209930 81413861 2286855793 2286882048
  61885   2504252749 832476937 1668387133 2504191043 2504252928
  58456   2522072099 1212044375 1159464270 2522130520 2522072064
  91992   3990496291 1497946586 214298001 3990588248 3990496256
  30027   2558049349 2239743777 1228537231 2558019509 2558049536
  49870   2302235629 1757052507 1809298269 2302285518 2302235648
  39702   3691472921 2721219798 954837966 3691433194 3691472896
  60318   3075048259 1886937415 880616844 3074988130 3075048448
  20904   4100764583 3501209680 3552186029 4100785576 4100764672
  68018   4259234453 641939576 2979016783 4259166542 4259234560
  14453   3983515891 1856793371 3404096810 3983501451 3983515904
  68751   4123553309 2288765970 2900136078 4123484529 4123553280
  70034   3996394079 3645646288 3352793271 3996464274 3996394240
  12724   2259280423 853305259 1095689016 2259293108 2259280384
  11407   2616507923 2444842484 2044291276 2616496497 2616507904
  83266   4113965183 1645283573 1752814645 4114048578 4113965312
  31604   2149927223 676811680 762746565 2149958772 2149927168
  42068   3501144949 2968241900 624211787 3501187156 3501145088
  25067   4137262819 154434908 2106526321 4137287915 4137262848
  99580   3667549807 188672802 2337280172 3667450372 3667549952
  6404   4117916063 3453683263 398477135 4117909756 4117916160
  98671   2556760837 2215002252 1822884701 2556859503 2556760832
  73600   3665775611 2681138544 3255695605 3665702016 3665775616
  18496   3682392863 3493878500 1717632753 3682374336 3682392832
  73586   3437115043 701318671 683259698 3437041550 3437115136
  52706   2770579211 91039873 2004308073 2770631906 2770579200
  30076   2658038947 639342113 1485901366 2658008964 2658039040
  43003   2518256987 886110542 1412199081 2518300155 2518257152
  62624   2355992159 1633210153 227292387 2355929696 2355992320
  51440   3610070591 619586102 3490907209 3610019344 3610070784
  28459   2204635337 1205955819 1259941043 2204606933 2204635392
  24892   2542666733 1764451916 2528203911 2542641860 2542666752
  11020   3204670351 48834475 1088174451 3204659444 3204670464
  10180   4042085293 1477995977 4037797190 4042095556 4042085376
  38824   4156708021 632837830 1697924853 4156669272 4156708096
  47080   3801588289 2688231342 3674896002 3801635560 3801588480
  85997   3717227083 3135149264 1072199640 3717313261 3717227264
  6176   2733234799 1978039057 2273692773 2733228768 2733234944
  3800   2902620047 2607815580 2745930789 2902616360 2902620160
  42595   3018469829 2353265083 497405349 3018427293 3018469888
  10956   2727427301 1047690758 232324850 2727416372 2727427328
  7212   2393497531 309416374 575220753 2393504812 2393497600
  59197   2943775379 1098962129 1063624655 2943834685 2943775488
  108875   3853280003 3403722266 3349828256 3853388875 3853280000
  94263   3096035827 2607422040 2597290720 3095941577 3096035840
  18024   3693630397 1206509072 2061536769 3693648488 3693630464
  72537   2712434161 1339547293 1375206274 2712361639 2712434176
  83360   4279405243 2855015647 2541142655 4279488672 4279405312
  31869   2929446007 587501910 831923603 2929478013 2929446144
  55178   2368565267 956561787 1674049015 2368620426 2368565248
  3274   2760252377 1045772545 540977943 2760249142 2760252416
  53516   3071902651 2584309228 1942488575 3071849204 3071902720
  25708   3937993831 883838748 3014023566 3938019692 3937993984
  66932   2854234451 107994631 1718343528 2854167692 2854234624
  22352   3243972577 1874121203 1532055643 3243994960 3243972608
  31862   3996212833 884875496 3862158020 3996181130 3996212992
  97056   3436131269 3209966575 1765369401 3436034272 3436131328
  35222   2789399687 936746083 578079927 2789364586 2789399808
  53031   2888967821 1963332647 2454344644 2889020967 2888967936
  47627   2532247979 1144585871 625832159 2532295691 2532248064
  12232   3572530061 3214745449 1089596978 3572517944 3572530176
  57452   2401493147 91356953 1908357984 2401435796 2401493248
  6688   2471327921 345607978 2215994560 2471321312 2471328000
  11880   3130865377 2410408062 2728509234 3130877288 3130865408
  116488   4262509177 3199915161 658547079 4262392824 4262509312
  27675   3205244773 551140739 2740483420 3205272603 3205244928
  85555   4133752339 988723783 953874057 4133837875 4133752320
  65256   3499359119 414385699 1610752976 3499293976 3499359232
  63062   3072509443 2425913280 3046502907 3072446378 3072509440
  111019   3576691067 70497930 3451341421 3576580181 3576691200
  50730   2608736237 379036150 865825981 2608786986 2608736256
  12554   2526713837 2101627286 621836291 2526701302 2526713856
  49841   3631673599 506251915 2360705689 3631623759 3631673600
  67478   3601720651 2524806258 1900444906 3601788310 3601720832
  29555   3690882827 2588679699 1658144722 3690853261 3690882816
  14832   2323325951 1177002357 1034624590 2323340784 2323325952
  92116   3017852017 2116271249 344752401 3017944276 3017852160
  10422   2452076399 184030873 522495399 2452066122 2452076544
  1582   3012150653 355447246 1434201388 3012152366 3012150784
  26461   2999163833 815558500 1897122872 2999190365 2999163904
  46425   2417231903 377761255 622366281 2417278297 2417231872
  98744   3772712557 2819156387 3571791641 3772613960 3772712704
  54424   2407458589 1586088583 107963960 2407512984 2407458560
  17594   2991516397 369924572 628662700 2991534010 2991516416
  9078   3006922211 2225338648 409822203 3006931318 3006922240
  4472   2368167229 1570875280 1814510478 2368171896 2368167424
  37295   4006408867 3023099097 1857565496 4006446255 4006408960
  15524   3688644199 941997840 661994298 3688659876 3688644352
  36097   3547314179 1572597540 1872233209 3547350273 3547314176
  37519   2694642151 2327558799 1780085919 2694604657 2694642176
  96760   3794075651 967502254 1769244949 3794172408 3794075648
  107432   3907272263 3751529795 3089213285 3907379880 3907272448
  45182   3184197881 888053640 1667180595 3184243070 3184197888
  13112   4097475311 3632635249 772261461 4097488440 4097475328
  242   2666202811 751718845 2058848239 2666202638 2666202880
  77902   2907095783 1916788647 1649281697 2907173710 2907095808
  101124   3090699077 1040412380 1060620214 3090800388 3090699264
  40328   3430686491 2943538401 2226310375 3430726792 3430686464
  43228   2274621067 1075260153 1679691675 2274577956 2274621184
  1717   4191478127 506339907 4056824489 4191476555 4191478272
  21642   3572014253 3278752541 1874241520 3571992694 3572014336
  56407   2903665801 2753693639 2179309600 2903609513 2903665920
  37945   4115118571 1679323543 3596011197 4115156537 4115118592
  1419   3154278503 300414222 2586964057 3154277237 3154278656
  81068   3826250863 310885223 3561633187 3826169940 3826251008
  7556   2340467807 1829866557 2172389926 2340475524 2340467968
  34564   3263173973 855428937 734231783 3263208708 3263174144
  27488   3668589649 942272649 317740670 3668562336 3668589824
  2973   2784057337 1986289104 2418497727 2784054371 2784057344
  69903   3101634223 1937775178 1863314157 3101564401 3101634304
  65234   2592906677 1288898468 480523070 2592841518 2592906752
  18394   2506635829 172586642 1236684103 2506654170 2506635776
  42430   2534036597 2326868568 1483226478 2533994306 2534036736
  9526   3978927409 1774593926 1835348017 3978937142 3978927616
  3160   4135638677 1357008677 667590225 4135635624 4135638784
  64247   2590361107 1186726132 2387973606 2590425335 2590361088
  82647   4253037829 2485204473 1878998766 4253120471 4253037824
  67238   3705544957 2071836334 1441472090 3705612198 3705544960
  109445   4080708377 3064017319 3546153220 4080817797 4080708352
  13012   2410373491 1071116939 2287796458 2410360620 2410373632
  64488   2992725553 2663007767 2036639186 2992789992 2992725504
  46343   3765049087 748877833 2764921784 3765095431 3765049088
  7140   2535733853 2124862266 1513231099 2535741156 2535734016
  11576   3908444171 999220708 1837080648 3908432584 3908444160
  34959   2366563151 960598739 563051213 2366598287 2366563328
  3730   3683527669 51198080 322139105 3683531410 3683527680
  101868   3208413941 2213055057 1903068050 3208515820 3208413952
  38169   2606354701 159261533 2490551781 2606316519 2606354688
  39920   2202207961 491757641 1072560598 2202247920 2202208000
  12570   2691583523 1838305147 1920795650 2691596058 2691583488
  63550   4047765143 3565406112 2387309084 4047701698 4047765248
  73150   3272842129 250247671 916574718 3272915390 3272842240
  32200   2300436067 1199290849 2025374355 2300404024 2300436224
  69072   2650909973 2116039624 563443867 2650979024 2650909952
  67056   2190436999 511788291 183971237 2190370064 2190437120
  52827   3764047291 2688561955 890422378 3764100187 3764047360
  37148   3429336437 1463137315 2946425149 3429299428 3429336576
  44289   3883040851 496661201 1623795934 3882996735 3883041024
  44896   3926218433 1978588775 3839022676 3926263392 3926218496
  58141   3203496931 1978633632 1521488654 3203438819 3203496960
  88530   3389612579 1048511762 815134548 3389701074 3389612544
  21496   3161041567 1625736427 283128387 3161063160 3161041664
  93247   2938321459 306132806 2431758382 2938414655 2938321408
  117146   3775920503 3457127728 1791557409 3775803494 3775920640
  97510   4205730301 1456672365 3368995643 4205827814 4205730304
  44494   3485501101 1470970685 2136744809 3485545678 3485501184
  33139   2960641219 2048037968 1986887518 2960608141 2960641280
  20101   3168470573 573082460 559952437 3168450427 3168470528
  97648   3170010223 335554875 495718639 3169912720 3170010368
  87716   3494170033 2805811525 3052430438 3494257828 3494170112
  23672   2704083673 1656541198 2511823798 2704107384 2704083712
  36984   4119845731 3297818156 1844556891 4119882872 4119845888
  55919   3041392897 72166333 1036395124 3041336977 3041392896
  4153   4269536501 4161381909 1164036239 4269540665 4269536512
  11969   2890576907 2389309881 2571885807 2890588865 2890576896
  2796   3847283519 3053428188 54677065 3847280916 3847283712
  41128   3922972093 1143655494 1452793197 3923013288 3922972160
  1248   2224042591 1534862708 1490743358 2224044000 2224042752
  29491   2969597773 1195541517 2708238651 2969568461 2969597952
  58321   2372011487 887658395 156608956 2372069841 2372011520
  48964   2241215369 630308115 777779012 2241166524 2241215488
  26608   3016799381 2721530279 2826995313 3016772880 3016799488
  74240   2737972901 1691804931 2199285995 2737898752 2737972992
  16116   3754685213 3282785003 155645069 3754701300 3754685184
  84465   4204329001 40788537 3370151517 4204413681 4204329216
  13878   3767276159 1251331798 2722682249 3767290166 3767276288
  16581   2917787669 887485628 854029883 2917804229 2917787648
  48865   3583962791 1666119247 1806882148 3583914015 3583962880
  10565   2912242447 711494269 2545239728 2912252997 2912242432
  42259   3715660579 2934844982 3071078999 3715618285 3715660544
  22986   2496263767 1674310796 784823958 2496286922 2496263936
  80077   3229125787 1830687916 1310616331 3229045811 3229125888
  79436   2248025639 1090354249 901459021 2247946164 2248025600
  24325   2594595769 2204967647 2334378858 2594571515 2594595840
  72316   2209701181 1096566659 163441267 2209629060 2209701376
  18588   2394510361 1858672669 1044400199 2394528924 2394510336
  112072   4044164219 2764993336 1095733724 4044276424 4044164352
  37946   2235419729 2223223610 1757827600 2235457850 2235419904
  41026   3429243119 1986979901 1132360436 3429202110 3429243136
  96240   4019286301 2974510884 2275160224 4019190032 4019286272
  57797   2372823179 518938995 1067572885 2372881093 2372823296
  80373   4080426083 545980615 2121707655 4080345867 4080426240
  77968   3655368019 2115178362 1114464147 3655446160 3655368192
  34803   2788605293 2218751466 1785009166 2788640243 2788605440
  12360   3420209543 197443570 2329372145 3420222024 3420209664
  7828   4216579517 2204181212 4030139902 4216587412 4216579584
  81161   3694045543 816162939 3422077292 3693964535 3694045696
  78504   2990342939 1408393163 795665220 2990264408 2990342912
  35080   3779894623 391484263 1112442312 3779929864 3779894784
  3534   3227299591 1035364158 3060912970 3227296050 3227299584
  113061   3910748939 1810982441 1793261048 3910635867 3910748928
  32169   4292286821 850953204 1094937496 4292254807 4292286976
  65794   2579323807 845244836 2265339226 2579389698 2579323904
  2734   3512797507 447682395 2426760275 3512800430 3512797696
  36251   3569992663 1048183436 354482189 3570028955 3569992704
  74974   4214525521 1803337724 1961535964 4214450722 4214525696
  94989   3276844577 1839209202 1042982590 3276749555 3276844544
  22626   4163192959 1686648005 2551137729 4163215714 4163193088
  37798   2937966883 2607130340 271140595 2938004646 2937966848
  23964   2865548107 557696679 1295742535 2865572252 2865548288
  4181   3903982429 728042048 1606078381 3903978411 3903982592
  2462   3111368593 520308146 1548124415 3111366242 3111368704
  35314   4119153877 1253322491 42033899 4119189234 4119153920
  62555   4165363159 1347367567 3365424963 4165300645 4165363200
  98047   3119074111 1152532908 466377044 3118976257 3119074304
  2752   3290496431 3105644645 3151627140 3290493760 3290496512
  1434   4264228597 3180241218 917212840 4264230042 4264228608
  76384   2693204687 704350868 1537939847 2693281120 2693204736
  46530   2420800307 475656426 1868583643 2420753726 2420800256
  3784   4144076143 52462005 3146465737 4144072504 4144076288
  76105   2745508453 49229468 2051250363 2745432503 2745508608
  19684   3089753063 1537539881 2362334366 3089772772 3089753088
  70000   3815434823 3697375770 479665551 3815505008 3815435008
  26678   3032322857 456694946 1993843723 3032296138 3032322816
  28632   3039366259 112491451 1890146091 3039337768 3039366400
  28348   4122143477 1388779548 1179566460 4122171836 4122143488
  103399   4043811979 1243990888 1651501922 4043915495 4043812096
  21336   3731115847 1954489716 441485486 3731094696 3731116032
  3282   2780130767 1673159104 1646199821 2780127534 2780130816
  37011   2810556011 2312841607 428526592 2810593171 2810556160
  72078   3199430041 1585786395 496259016 3199502222 3199430144
  83900   2584334869 1688097473 1082623870 2584418748 2584334848
  7332   3552898961 1642519041 1037794467 3552906404 3552899072
  80109   3118753373 2996556882 276177973 3118673427 3118753536
  51274   3912931417 1075598340 2511016077 3912982858 3912931584
  77708   3061510471 2422324791 1690401016 3061432948 3061510656
  59942   2703338149 2616513766 485355025 2703278298 2703338240
  81088   3649565671 3120515195 1128614490 3649484608 3649565696
  61800   3903072623 1649129919 220136586 3903010968 3903072768
  31953   3824761321 1960832443 2643104398 3824729391 3824761344
  119616   3619383899 1854323285 175149892 3619264448 3619384064
  258   3926525147 792911482 2049177515 3926524926 3926525184
  69287   2167069693 1237872600 451586173 2167138983 2167069696
  90995   3693248089 3270321688 118691639 3693339251 3693248256
  72472   3005230351 830550760 1253923489 3005302808 3005230336
  84592   2940057067 1535896931 1850626414 2939972496 2940057088
  5672   3415918993 453874281 276914946 3415924776 3415919104
  11086   2634534031 2217733736 635485607 2634545230 2634534144
  61840   3326790053 1913960650 754211701 3326851984 3326790144
  26452   2605834969 602342017 1068275964 2605808556 2605835008
  68141   4088333083 485470331 3319316748 4088401197 4088333056
  36600   4244226169 2513414223 2787045809 4244189704 4244226304
  5524   2169214573 789989558 1502703077 2169209196 2169214720
  67470   2149454707 1920784991 1895346145 2149522318 2149454848
  60177   3695777119 506104790 544235587 3695837457 3695777280
  76268   2848036889 2121908079 1893571472 2847960596 2848036864
  37692   2540190599 861252721 345786702 2540228412 2540190720
  17490   3724420057 2183144376 1132985505 3724402606 3724420096
  49834   4122537437 1694145030 3528391809 4122487638 4122537472
  80740   3087427939 292416738 2458081007 3087508836 3087428096
  62336   2373363533 558204479 1810673264 2373426048 2373363712
  916   2344819817 1333603638 2026847071 2344819052 2344819968
  119876   3675815201 3462548137 3039144131 3675935044 3675815168
  41119   3512234161 3233820793 893884086 3512275359 3512234240
  24596   3610658783 1546674879 697406892 3610634220 3610658816
  15104   3663796739 3306662111 2871622431 3663781632 3663796736
  76491   2456620891 436631033 1527562635 2456544565 2456621056
  104408   3070333087 667433819 65565436 3070437592 3070333184
  24624   2671893017 1513759150 1063476085 2671868368 2671892992
  101760   4226506103 2124474521 268763925 4226404480 4226506240
  98976   3052891409 1775274383 1984195899 3052792416 3052891392
  32758   2845958623 585100439 1952217875 2845925898 2845958656
  70480   4163289787 1373107890 2859513934 4163219376 4163289856
  13117   3013296647 162624231 283595058 3013309757 3013296640
  15477   3763526341 2797887375 538458214 3763541877 3763526400
  87106   3446500567 2400824596 2064129714 3446587714 3446500608
  47215   2954246413 1393527927 1274639817 2954293615 2954246400
  78892   2175364901 301027481 671536551 2175285972 2175364864
  85645   2608893143 2278592630 1265566253 2608807539 2608893184
  102374   4104300407 3040306804 467224124 4104198170 4104300544
  10663   2705941607 1292776349 1936122475 2705952423 2705941760
  37794   3442806607 1546595737 113486632 3442844578 3442806784
  56148   3530970809 3315902524 896990974 3531027028 3530970880
  71283   2795889181 827740671 362472183 2795817869 2795889152
  23176   3902825111 15776899 696073157 3902848392 3902825216
  79955   3813695909 309918849 1317022393 3813775955 3813696000
  54556   3921948559 830607736 230319643 3922003228 3921948672
  8619   2779867451 2734945035 354521621 2779859029 2779867648
  13737   2704729057 1101593335 2649518741 2704715351 2704729088
  42588   3368482573 257935864 226615589 3368525148 3368482560
  90969   3768812239 401921932 578026953 3768903257 3768812288
  38200   4058577209 1128324232 2904087988 4058539208 4058577408
  48394   2223806461 884521911 1306959379 2223758070 2223806464
  21564   4075567883 3546547927 601267524 4075589436 4075567872
  45301   2727796691 288709172 360206438 2727842037 2727796736
  78510   2797401619 1614333592 1024000363 2797323090 2797401600
  8276   2572846739 1814547309 435988978 2572838572 2572846848
  27928   2310289159 1570960574 1953155187 2310317080 2310289152
  60374   3240484691 105922399 2284729365 3240545238 3240484864
  3554   2300401639 898934786 511913523 2300405218 2300401664
  43600   2637798803 1472451496 1661343473 2637755312 2637798912
  70882   3031196923 1672581985 899742850 3031267810 3031196928
  31626   2178058381 491527033 737498610 2178026870 2178058496
  57412   2922907469 423231075 1983986344 2922850236 2922907648
  2826   3136841219 2226581189 1947673197 3136844042 3136841216
  11260   4287072541 2592200041 3625529575 4287083772 4287072512
  43260   2199138229 1786017131 573174058 2199181564 2199138304
  33616   3251226037 2657189857 1653520752 3251192496 3251226112
  62000   3166766399 47381926 1986385336 3166704592 3166766592
  67082   2634976147 559162004 2540716185 2634909174 2634976256
  77792   2531452163 603087801 2112497484 2531529952 2531452160
  28674   3107213321 1915243499 300067656 3107184638 3107213312
  15654   3906999311 948349394 3906640239 3907014950 3906999296
  6144   3340424239 749861615 1248389794 3340418304 3340424448
  11419   3833325887 3269195666 122298980 3833337499 3833326080
  7736   3933726089 2274748231 3009106588 3933733944 3933726208
  81335   3775866349 362548458 3424808734 3775947703 3775866368
  59662   3050017939 2142210381 232125431 3050077710 3050018048
  47639   3177406319 979453481 761595912 3177454103 3177406464
  18484   3764343041 1271864468 2230862801 3764324556 3764343040
  78657   3385654313 519012688 558490229 3385575615 3385654272
  77368   2386020347 2104746819 1173113892 2386097720 2386020352
  10564   2924616203 2350482684 1452112719 2924605628 2924616192
  90589   2557652359 2486276475 1306136106 2557561891 2557652480
  16511   2189653523 2058111386 163132096 2189670015 2189653504
  64904   2351578211 210237455 1593104122 2351643272 2351578368
  64232   3447276997 1463011749 2194330812 3447212824 3447277056
  55250   2216666341 248032134 2127668049 2216611118 2216666368
  37000   2275192009 658014192 151234625 2275155064 2275192064
  22322   2272034951 948302695 2238860085 2272012750 2272035072
  19058   3053514089 2000274986 566788944 3053495182 3053514240
  21104   3404753623 489605629 907296499 3404774768 3404753664
  54932   2427257159 1824207331 664626629 2427202412 2427257344
  61401   3120934769 1870705203 2913877374 3120996313 3120934912
  65148   2321832311 1414774546 1458605065 2321767300 2321832448
  274   3297100231 2532777772 291871123 3297100014 3297100288
  73556   3272655989 1366436961 123702842 3272729684 3272656128
  48796   3865576709 2381608063 893125736 3865625500 3865576704
  15912   2599529957 186017752 189082389 2599545896 2599529984
  93818   2959770701 1631805861 2840300182 2959677062 2959770880
  82369   3973812859 935273267 1592679592 3973730623 3973812992
  109043   3636498599 2931309531 3446276859 3636607731 3636498688
  43635   2487465229 2126306782 93547210 2487421581 2487465216
  45466   2613961279 847446689 1481782371 2613916006 2613961472
  61401   4258063699 4122585365 2831154518 4258002471 4258063872
  38810   2515213543 1219853605 862675930 2515174758 2515213568
  102754   3328526563 2597916429 3117038578 3328423838 3328526592
  53202   2924506063 1393806949 2861676229 2924452910 2924506112
  60549   3830788867 1491557222 297050445 3830849413 3830788864
  69704   2248750211 1754883146 331256080 2248680632 2248750336
  44381   2951012261 2693795460 2421286396 2951056733 2951012352
  93620   3466346137 1853649411 2715226836 3466252620 3466346240
  23065   4248320807 3440286608 1560551386 4248297959 4248321024
  13906   3924404051 3727539670 1523274157 3924418130 3924404224
  5436   2598894209 1221078337 290067475 2598888900 2598894336
  23183   3306496007 2324810986 2517108284 3306519183 3306496000
  7423   3707977183 508127772 3139555753 3707984639 3707977216
  25086   3429722683 2134104870 1380781665 3429697794 3429722880
  7532   2549263229 587894626 340418930 2549270892 2549263360
  26404   3585337997 721271587 2955649277 3585364516 3585338112
  24643   2271646439 1405710029 157267018 2271671107 2271646464
  63562   2722336481 2261871831 1257000405 2722272950 2722336512
  36718   3085527323 1223079855 3022670300 3085490578 3085527296
  71227   2152641121 1535979510 158390605 2152712507 2152641280
  55556   3521417479 3402643047 878394182 3521473028 3521417472
  100877   3526162373 609841322 3509541538 3526061555 3526162432
  34408   2838250823 1961817639 24710502 2838285416 2838251008
  4062   2957026997 882490673 1893441644 2957023010 2957027072
  81531   2974768331 1893345272 663093571 2974849915 2974768384
  21269   3476776687 1685295490 2098321583 3476755435 3476776704
  85685   3966876127 102324497 447310429 3966961845 3966876160
  29032   2634029933 271348864 504659918 2634059112 2634030080
  76551   2197823743 1960994273 306435898 2197900295 2197823744
  55042   3156443887 1962500060 258042008 3156388862 3156443904
  76439   3113995487 1444873182 2044189225 3114071959 3113995520
  52742   2180606683 60558166 782032085 2180553978 2180606720
  54982   2164388539 241289578 801611175 2164443590 2164388608
  71006   4020258259 1210810057 2426728391 4020187298 4020258304
  51859   2366855531 1169560150 268704757 2366803821 2366855680
  55808   3882003113 2865960960 179183002 3881947392 3882003200
  42958   3413015743 2186390250 3240610734 3412972850 3413015808
  16321   3251590777 441559459 1885428563 3251574591 3251590912
  78738   3571851919 2413578934 296591554 3571773294 3571852032
  44349   3430717163 2050292748 587530707 3430761533 3430717184
  43405   3712127843 3021418720 1088315472 3712171405 3712128000
  75520   3901545161 326532665 1480758559 3901620736 3901545216
  64808   4252234967 3770113729 2330200100 4252299816 4252235008
  3336   2271144973 777245647 695548222 2271141624 2271144960
  90836   2746736287 345392762 671319694 2746645548 2746736384
  77078   2351958053 1775817310 1502102747 2351880938 2351958016
  46472   3422582279 2264771971 415189811 3422628744 3422582272
  30272   2601806029 2316522937 60349624 2601836352 2601806080
  66256   3946230053 1572671335 3231612074 3946163760 3946230016
  43289   4174883327 800815156 708613285 4174926617 4174883328
  100186   3950085079 845152603 1538751736 3949984934 3950085120
  36260   3938397037 3107036254 2854556115 3938360924 3938397184
  44176   3301813849 189112987 2878012224 3301769840 3301814016
  49568   2435945143 453642036 1659978175 2435895648 2435945216
  4454   3552638051 3011959133 2772279933 3552642662 3552638208
  30099   2347264529 184863740 2316004210 2347234413 2347264512
  11750   2194052573 172011806 2048113787 2194064358 2194052608
  54280   3111664027 311731077 52167593 3111718408 3111664128
  99710   4140766369 2297335709 1934935241 4140666754 4140766464
  10814   3773400557 855556890 1968772376 3773411390 3773400576
  79808   2532873313 26385980 536992866 2532953280 2532873472
  51768   3665781323 875867377 1207396523 3665833272 3665781504
  37422   3493377473 2653969317 3483891050 3493340114 3493377536
  76771   3302546263 1166734539 2240356249 3302623203 3302546432
  79846   3552895679 730368778 3265359966 3552815898 3552895744
  75145   2872704973 502855602 1651209488 2872629879 2872705024
  31095   2677206757 107810796 2178944432 2677237879 2677206784
  38752   3149208653 2941480619 2525481473 3149170080 3149208832
  8730   4066778909 1253074408 1117868963 4066787610 4066778880
  47508   2595575909 1267926423 2360324998 2595528556 2595576064
  86929   3179343367 2633496351 925923819 3179256431 3179343360
  77833   3753031277 1156274527 419920071 3753109257 3753031424
  68838   2497553111 1695829896 2333896522 2497484314 2497553152
  13590   2915946611 407945444 1368627965 2915933162 2915946752
  20833   2849348959 2014134251 130579223 2849328287 2849349120
  86959   2219978051 705047140 396235346 2220065199 2219978240
  57001   4143959903 984409245 3161391741 4144017065 4143960064
  43952   2578189993 2074694460 287722811 2578234032 2578190080
  48792   4127279987 1735362474 1247090064 4127328920 4127280128
  35072   2508339667 800583824 520556939 2508304640 2508339712
  26470   2575753393 458459126 301235577 2575779942 2575753472
  9090   3923848879 1433931160 3668286382 3923858050 3923848960
  96420   3284715521 164593968 1916541812 3284811940 3284715520
  26180   2464772333 288788078 368927499 2464746172 2464772352
  29553   3006745591 2790690659 2472965564 3006716047 3006745600
  61040   2448476749 1493543147 1381856031 2448415888 2448476928
  102972   3956906957 2663627805 2732947300 3957009980 3956907008
  58660   2277947437 1804903080 1167991236 2277888732 2277947392
  62418   2640217961 1655851873 1500729102 2640155694 2640218112
  51120   3605745329 842339674 1461834112 3605796528 3605745408
  6604   3208894441 597498048 263934169 3208887860 3208894464
  79084   3083534893 290444926 2085081096 3083455764 3083534848
  64105   3618653729 3355780773 3509103304 3618589591 3618653696
  82290   2853900367 1487138500 2535428268 2853818254 2853900544
  32992   3686976589 1061438566 2348526150 3687009760 3686976768
  86016   2334157303 578105372 571321849 2334243328 2334157312
  59348   2237659549 2078025397 1212921551 2237718996 2237659648
  66763   3302199211 1296619099 437843817 3302266059 3302199296
  61149   3119708027 32262522 2091367071 3119647011 3119708160
  7848   2324981963 436283503 640725400 2324989864 2324982016
  44877   3050948609 2422015987 259699568 3050903731 3050948608
  62069   3125560759 205319099 1192597403 3125622901 3125560832
  85581   2823173281 2447970355 1125282428 2823087795 2823173376
  37819   2997644777 575501687 1225887231 2997606981 2997644800
  25818   3852575249 2832470998 3658113293 3852549414 3852575232
  65148   3330690239 55125551 901370345 3330625156 3330690304
  12080   3129154961 441142351 2943071681 3129167152 3129155072
  45506   3312003581 1015713583 2639474357 3311958078 3312003584
  69579   3380190277 389195313 2810420405 3380260043 3380190464
  84232   4240956563 1375714632 2061820196 4240872440 4240956672
  22466   4289936311 2853608009 3916968176 4289958850 4289936384
  93912   4162916467 194855415 1231952812 4162822696 4162916608
  10564   4129174141 2495109954 766261295 4129184836 4129174272
  35168   3035691077 1088993174 1742367234 3035656096 3035691264
  53113   2660290907 2598756035 1585365493 2660237959 2660291072
  80633   2407205473 2328604922 1450670393 2407124999 2407205632
  56407   3621713281 175874464 742989284 3621657001 3621713408
  61329   3118639637 755689494 665704449 3118700945 3118639616
  41651   2949022913 464034143 2613858571 2948981325 2949022976
  35195   2806621757 100867056 141428879 2806657147 2806621952
  55380   2517565331 1838339330 433442313 2517620820 2517565440
  34072   2989947731 1390929214 1819424179 2989981976 2989947904
  66166   2215812191 1399713669 1126012447 2215746186 2215812352
  20450   2439053041 1866439064 1121350668 2439032606 2439053056
  52109   3990285307 3357508811 3149697935 3990337421 3990285312
  7202   2373955387 1879735140 225227556 2373962786 2373955584
  46679   3262643807 2666590826 1081992070 3262690647 3262643968
  76114   3457930027 3216332240 3424069250 3458006098 3457929984
  84492   3425280679 1177819952 1955053441 3425365260 3425280768
  11099   2986235563 755760769 1268311219 2986246747 2986235648
  23650   3194096449 1739891277 644245239 3194120290 3194096640
  64684   3002700079 962940278 2962730699 3002635348 3002700032
  5776   3755480609 2205342463 2879237355 3755474800 3755480576
  36461   2623484887 2115341178 402242309 2623448467 2623484928
  44449   3263801393 1802338152 2521445420 3263846049 3263801600
  37198   3745645441 1388465804 2318587074 3745682766 3745645568
  26782   2254615537 1998459656 925321161 2254642334 2254615552
  19696   2639667311 115614918 1256443853 2639687152 2639667456
  74876   3856166579 3338922386 715791089 3856091780 3856166656
  12812   4097183681 1932448604 3797500807 4097170932 4097183744
  32983   2779020943 1822441605 1918598123 2779054039 2779021056
  82300   3802384493 150614585 3081263257 3802466940 3802384640
  44755   3444061949 1518710324 436727830 3444106707 3444061952
  64313   3861460507 586283246 562416535 3861524793 3861460480
  55056   2574599393 734527527 984615668 2574544368 2574599424
  469   2322696527 1123141054 1392026930 2322696235 2322696704
  24412   2229548899 914324677 678688014 2229573468 2229549056
  11275   3290263799 2326624810 2738605153 3290275083 3290263808
  58161   4169142389 1039295671 2488677241 4169200689 4169142528
  59902   2290450259 1053992207 777145393 2290510334 2290450432
  77116   3527970323 3374651037 2960194046 3527893188 3527970304
  48308   3879040163 2812837837 1036263207 3879088564 3879040256
  49270   2896983877 2083221995 359685666 2896934794 2896984064
  83064   4063790707 2336984572 2594860486 4063873912 4063790848
  50228   2466019211 472979488 1662835158 2466069556 2466019328
  64026   4269068989 716498149 597324254 4269133082 4269069056
  41827   2214838771 1247597655 1778069636 2214796957 2214838784
  37273   2805163813 43210967 2030656510 2805201049 2805163776
  83486   3018801763 1467674980 2122647360 3018885406 3018801920
  54574   4110377489 1232186295 1733749159 4110432046 4110377472
  46150   3953812399 910365365 2295441250 3953858630 3953812480
  67242   2252230961 1024113128 1606630763 2252163670 2252230912
  34926   4216571483 1874001767 594094427 4216606574 4216571648
  65824   3258247361 1093952418 2481860893 3258181600 3258247424
  20163   3525102169 1597172491 3103549856 3525082173 3525102336
  34617   3808243781 1438904581 3552007337 3808209351 3808243968
  84200   3702191161 2059016491 3291997184 3702107160 3702191360
  18503   4038427807 1292612788 2421228959 4038409401 4038427904
  13392   4172249321 583679053 3793271477 4172262736 4172249344
  112068   3987508003 645108925 132295838 3987620036 3987507968
  59369   3453527641 1033080298 805483337 3453468439 3453527808
  98407   4170930761 153363368 1965348523 4170832537 4170930944
  86840   3177358571 1266024618 982253745 3177445432 3177358592
  260   3774471517 3268914764 1505171345 3774471420 3774471680
  4218   3731148019 2949871505 3644494143 3731152250 3731148032
  71280   3434513987 2273952805 3053917565 3434585456 3434514176
  48173   4207472699 2755974833 3789216917 4207521069 4207472896
  18464   2418684641 1166032743 202138410 2418703136 2418684672
  15010   3754142321 1442706707 1782657062 3754127454 3754142464
  43754   2693851751 151628090 487410715 2693808150 2693851904
  27034   3815482109 2389448872 1452245129 3815509146 3815482112
  62264   2172622603 857431155 1650827082 2172560328 2172622592
  19158   3782008231 391414103 2019339677 3782027478 3782008320
  15108   3675556879 2106577845 244395197 3675541756 3675556864
  86016   2556347779 1113771872 187932572 2556433920 2556347904
  82904   3607090411 1196880074 3215017861 3607173336 3607090432
  86064   3133750211 194797815 2819073863 3133836336 3133750272
  77434   2338647893 109875684 1780930102 2338570630 2338648064
  5819   3015126859 1249595691 940149286 3015132859 3015127040
  85485   3674404037 1975791257 1421193161 3674489581 3674404096
  14468   3147658937 2975075884 2438305834 3147644540 3147659008
  867   2878901503 2700806489 1755793570 2878900637 2878901504
  32644   3295896257 1076571255 3241259532 3295863676 3295896320
  70288   2890820771 1406848803 948962934 2890891152 2890820864
  30059   3597895849 220250540 260908339 3597925995 3597895936
  17033   4184813747 898162929 3207020342 4184796791 4184813824
  96544   4291452377 2959511999 4046882078 4291355872 4291452416
  61727   3862888459 3571080725 3117682722 3862826721 3862888448
  94328   2928673031 33703924 21193951 2928767352 2928673024
  60507   4034244761 3060445066 531121262 4034184357 4034244864
  21824   3878825897 3560165282 615397803 3878804160 3878825984
  78826   3537209219 1632832446 1411886118 3537288170 3537209344
  56487   3103567081 1717415365 3082316772 3103623591 3103567104
  102076   4205623573 1988059089 2659204029 4205725628 4205623552
  28300   2485661447 303721167 1075612785 2485633140 2485661440
  84820   2768181683 1609946658 1424001443 2768096940 2768181760
  10402   2711786243 1858924140 1577889129 2711796642 2711786240
  1968   4010996369 2497900792 3644070612 4010994512 4010996480
  21093   3064250069 2888158704 1121358054 3064229019 3064250112
  24217   4144914691 1946416698 3362648217 4144890471 4144914688
  83523   2919978937 2220844072 241085483 2920062531 2919979008
  69388   2602859999 1969731058 2243866706 2602929420 2602860032
  22887   4217493499 2488651490 538459732 4217470617 4217493504
  88377   4031378749 3984665389 3730469242 4031467321 4031378944
  33857   2278490881 706146753 1615001880 2278524737 2278490880
  83407   2686885111 587199593 438382045 2686801713 2686885120
  54282   2851580689 2734963329 26536275 2851526390 2851580672
  38478   2790102737 621011910 1239372299 2790064306 2790102784
  94808   3757450633 2320102110 3302505606 3757545560 3757450752
  46924   4186975207 1662680303 2016420357 4186928308 4186975232
  30205   2198583703 1428149875 988909206 2198553603 2198583808
  31724   2934626623 778137211 2257250518 2934595092 2934626816
  58575   2414093729 549932018 1973400436 2414152399 2414093824
  72968   3964792907 2313912510 666955878 3964866056 3964793088
  83111   3443989781 855036098 1874239994 3443906649 3443989760
  93921   4260723023 2840601695 3417319894 4260629279 4260723200
  19386   3453234077 3346383520 3307913696 3453214790 3453234176
  10193   3488582873 2075745191 2014602854 3488593105 3488582912
  97889   3926607071 229055688 2501763095 3926509215 3926607104
  23882   2804674009 1134131582 2724432768 2804650166 2804674048
  57279   3251391203 2186868592 2425729938 3251333953 3251391232
  78860   3365802731 173699105 3053668026 3365881612 3365802752
  44205   3576439231 2698473017 265499438 3576395091 3576439296
  47768   3283518257 237115410 1546223570 3283470696 3283518464
  9298   2792868607 2657735452 2651899149 2792859310 2792868608
  8881   2458307651 1217820470 1271443318 2458316721 2458307840
  85303   2518730803 448638739 45658493 2518816055 2518730752
  80281   2258129591 741428222 1577224463 2258209945 2258129664
  89133   2396346581 1506839365 1318543529 2396435757 2396346624
  86853   2439789641 932520231 1701115167 2439702971 2439789824
  72530   3360703523 1260448768 2523295492 3360630958 3360703488
  19136   3805444631 366361900 130323637 3805463744 3805444608
  66732   3200726591 1385202576 2377184389 3200793516 3200726784
  34841   3209088713 1560094462 1681180855 3209053927 3209088768
  31453   3486703609 73094627 385888883 3486672163 3486703616
  78557   3378836077 654353092 1382914564 3378914781 3378836224
  2354   2532016367 518180347 1712222929 2532018738 2532016384
  67062   2467101367 1319654283 2129117326 2467034378 2467101440
  35150   2706116717 1771481176 1014684443 2706081714 2706116864
  90930   3993889463 2447101803 3963611138 3993980466 3993889536
  9800   4261739239 337572337 3098043427 4261729464 4261739264
  66173   3806030927 900807430 708717591 3806097277 3806031104
  1414   3836195123 3545560225 125648465 3836193914 3836195328
  97371   2682177181 998450612 2134642281 2682079909 2682177280
  5128   2394048277 1441758019 60506210 2394043128 2394048256
  70350   3703470391 2042087273 2420063489 3703400242 3703470592
  5612   4106046613 2670084326 3611009759 4106052332 4106046720
  73753   4067652287 2919396883 2611119979 4067578599 4067652352
  30281   2386976143 2002993141 1290382175 2386945975 2386976256
  58494   3654788981 902147525 1462781919 3654847614 3654789120
  95547   2384565643 406386294 1702919511 2384470213 2384565760
  24389   3683669329 284921159 1367226308 3683645115 3683669504
  38721   2754301391 1515543107 437361391 2754340161 2754301440
  35524   2831621489 2323048964 2672374338 2831657156 2831621632
  66325   3748413161 1263692246 3106650060 3748346859 3748413184
  10513   3285871579 1073287520 2792316775 3285861103 3285871616
  21708   3960615859 1776336304 2845076191 3960594228 3960615936
  9412   2550261107 1394367516 1424169271 2550270660 2550261248
  22208   4126927823 3595308661 1334573891 4126950080 4126927872
  70426   4278591529 274264383 727948837 4278662170 4278591744
  32669   3108577529 622027377 1739293003 3108610205 3108577536
  59276   2679583219 2001190421 2615794310 2679523956 2679583232
  29256   3304188691 2381120745 2528911427 3304217928 3304188672
  90228   4164903053 3141124766 235796444 4164993396 4164903168
  65261   3274241387 2812167025 742025453 3274176275 3274241536
  25532   2175909059 525645781 574855952 2175883588 2175909120
  14989   3536231269 2927980793 2938856923 3536216435 3536231424
  75968   2685682171 432680045 188236162 2685606208 2685682176
  86647   3910213199 1880452423 3603641497 3910126729 3910213376
  7728   3274577953 2098343447 701998990 3274585648 3274577920
  21230   3346128197 1368346587 612948210 3346107154 3346128384
  12869   2685109957 321167915 1550920067 2685122885 2685110016
  18328   2548936073 834052743 57936487 2548917864 2548936192
  79790   4286167841 86147231 1929275788 4286088018 4286167808
  29837   3972787829 633719010 1643373153 3972817805 3972787968
  75559   4020704521 3280923171 3882782167 4020780071 4020704512
  43880   3693950539 1104325574 1283167147 3693994600 3693950720
  103186   2877900587 2694465545 1884223324 2878003730 2877900544
  3865   3196527277 3100860534 1844340476 3196523495 3196527360
  22378   3862206281 1002131049 2512861861 3862228842 3862206464
  47204   3640521557 1241905913 2802228094 3640474524 3640521728
  43881   2193535397 1045985295 2144774334 2193491607 2193535488
  13678   4263608527 1144504015 482135319 4263622254 4263608576
  54038   2269459277 1605897623 1854872804 2269513494 2269459456
  71227   3179914169 1777903770 278434928 3179843013 3179914240
  6594   2610295241 2119963391 1354678989 2610288702 2610295296
  109673   3800506709 1226227451 853621497 3800397207 3800506880
  23376   4240675913 648356037 3597214615 4240652720 4240676096
  14773   2733039013 2216202507 524667587 2733053877 2733039104
  30697   3069111769 1606917569 1604459441 3069142505 3069111808
  80848   2170884743 1487357554 69708462 2170965712 2170884864
  91540   3389552207 2554320472 1587651495 3389460844 3389552384
  8317   4219884923 2178517492 2059428959 4219876739 4219885056
  55950   2668363319 530374291 815017019 2668307314 2668363264
  86690   2742528233 334220788 2655712072 2742614946 2742528256
  25845   3124316033 2499642418 2741722271 3124290315 3124316160
  11276   3225753617 2559049765 1568499112 3225742324 3225753600
  67407   2619564767 828667395 2455979547 2619632207 2619564800
  34024   3261147511 2333288082 2698453864 3261181672 3261147648
  25729   2620423859 2576538810 2469924613 2620398207 2620423936
  60439   4059381659 2864273672 1228898789 4059321321 4059381760
  72304   3753712351 3528841683 1377714734 3753640080 3753712384
  74355   3634634713 787930644 1274411636 3634709107 3634634752
  82768   3523702621 1951732227 3443262954 3523620016 3523702784
  75196   2833771387 635924609 1009548804 2833696324 2833771520
  30496   3610523713 2116060078 2036593297 3610493408 3610523904
  16538   4198891271 1794094838 1998745209 4198907802 4198891264
  83436   4225283981 156783260 1147238935 4225367532 4225284096
  52372   3594016619 1765879273 2639273887 3593964396 3594016768
  14618   3029650381 625777050 771915697 3029665050 3029650432
  46756   3224820233 1089152671 1812649419 3224773468 3224820224
  29444   2315574409 1965339100 2105514083 2315545084 2315574528
  63712   2887898737 2254690516 1301387653 2887835168 2887898880
  36483   4267171511 1446588230 718676749 4267208067 4267171584
  23592   2977517353 2840359052 1373592856 2977540904 2977517312
  55055   2839820941 810462880 2300449546 2839876111 2839821056
  28960   4088391583 904591543 3839600267 4088420640 4088391680
  16490   3734776849 774054007 1870242570 3734760342 3734776832
  50806   3233357989 53128315 2623073891 3233408886 3233358080
  28643   3738945143 2841547404 1955910272 3738916637 3738945280
  114517   3362178581 341805364 2911178472 3362064043 3362178560
  13866   4001128693 1413223113 3336452108 4001114838 4001128704
  17224   3621345619 670184002 2823907740 3621328568 3621345792
  82217   2954478727 1710882935 605868623 2954561065 2954478848
  15502   2181997303 795502539 241300245 2181981810 2181997312
  58856   2152312541 1511643024 2065600378 2152253720 2152312576
  6684   2269817971 1363726419 1589157689 2269824796 2269818112
  37008   4232771773 3062072128 2710029062 4232808848 4232771840
  100349   3484675613 1704369964 57222098 3484575235 3484675584
  60198   4253556137 2980965853 1011854769 4253496026 4253556224
  51668   3177664309 2102215486 304118119 3177612844 3177664512
  85216   4243017719 1917117999 2091789359 4243102944 4243017728
  81604   2777268227 950079266 2632497249 2777349828 2777268224
  27202   3211474187 2654464667 2323126457 3211446974 3211474176
  9052   2337561637 340928148 1590734767 2337552548 2337561600
  53580   3131057539 428035868 2159823520 3131004084 3131057664
  77595   3023440139 93094864 2995112175 3023362533 3023440128
  35176   2284777843 1667044631 2127617407 2284742808 2284777984
  104089   3661588603 2997463486 67959598 3661692825 3661588736
  29478   2242451983 1989157210 1635699983 2242481446 2242451968
  95148   3305169457 75525737 1535382058 3305264812 3305169664
  54391   3938736091 3749632321 2868695987 3938681737 3938736128
  63980   3358016941 374018297 405161298 3357953044 3358017024
  7008   2407246859 1197402464 173013854 2407253856 2407246848
  60314   2829917137 32893573 1461492362 2829856870 2829917184
  7010   3526065379 1852603810 2502455577 3526058398 3526065408
  96757   2823991063 119698582 2517495289 2824087797 2823991040
  21659   2947792781 2685885568 69293126 2947814555 2947792896
  32194   3552143873 2940168713 2340249344 3552111678 3552143872
  38356   4212567743 1135192027 553873557 4212529452 4212567808
  24960   3448305439 775984760 2434688107 3448330368 3448305408
  88745   3916681543 602101592 3154473766 3916770473 3916681728
  45090   4091047747 3567266991 2450961904 4091093026 4091047936
  62244   3162275741 2173145788 2143609400 3162338084 3162275840
  17818   2807389657 628688285 1211860051 2807371878 2807389696
  49382   3751146689 2489521257 2214659253 3751097370 3751146752
  122372   4254077731 1909126034 3422916197 4253955324 4254077696
  77626   2840507731 2579548765 275324124 2840585530 2840507904
  52870   3000009379 1699702076 2694661162 3000062342 3000009472
  24676   2911138721 130106104 262180239 2911114140 2911138816
  39885   3521903741 290922437 2679696575 3521863987 3521903872
  18057   4038207209 2361144913 1713935398 4038189175 4038207232
  95700   2477172421 1598560446 1429153663 2477268180 2477172480
  52867   4244831869 8919798 3923387724 4244884867 4244832000
  58024   2822497333 2277220304 1813444631 2822555304 2822497280
  3946   3560123101 1844262546 379896815 3560119190 3560123136
  27266   4150469621 2681293314 2515567380 4150496898 4150469632
  1008   4049396467 101975363 1125921661 4049395472 4049396480
  21206   3649021847 1504998234 757483302 3649000746 3649021952
  91695   2586687029 1468058756 1189269878 2586778671 2586686976
  69641   3315800591 1265084073 1739677331 3315730935 3315800576
  15092   4115600633 2670883304 1267382765 4115615732 4115600640
  63216   3633958417 378129556 1335031150 3633895184 3633958400
  36270   3372182771 638073019 542735622 3372146514 3372182784
  992   3946471037 1573138072 409163304 3946472160 3946471168
  40480   2460565013 1983678717 1292304083 2460605472 2460564992
  23578   4117604807 1524498670 3085968688 4117628442 4117604864
  110467   3754957589 262075491 1792744282 3754847101 3754957568
  37678   3792312133 968813913 2057681484 3792349998 3792312320
  16940   3318094489 2847610228 135018459 3318077652 3318094592
  66250   2787314941 1665186726 2341726931 2787248694 2787314944
  46648   3519366803 95405629 1278135001 3519320264 3519366912
  33608   3957382699 2283312909 2453279903 3957416520 3957382912
  101175   4048928479 3011320598 3684983190 4049029687 4048928512
  124010   3986472911 59851050 2250265714 3986596970 3986472960
  3987   2246633647 1247869418 1113166565 2246637715 2246633728
  79688   3119833921 1687251092 2035119659 3119754424 3119834112
  66867   2753078399 601347498 2535892838 2753145395 2753078528
  8632   2299996739 1846883325 235191867 2300005560 2299996928
  28033   2926522051 2751020673 740769087 2926494079 2926522112
  10691   4050985723 2983921589 2744351100 4050975037 4050985728
  99837   4044886567 1697280624 3497353499 4044986621 4044886784
  7820   3419520551 3114526884 1585565217 3419512692 3419520512
  36083   3076420037 36886377 1661074299 3076456179 3076420096
  24583   3294181607 2080723548 62496122 3294157049 3294181632
  77036   3703588843 2107218995 2884283199 3703511828 3703588864
  113426   4265947001 4186348491 3922040624 4265833710 4265947136
  86360   2449162013 1987649235 362625458 2449248344 2449161984
  39412   2908063009 1074913787 225469678 2908023564 2908062976
  7086   3977508211 1217376843 1406424358 3977501266 3977508352
  92411   3879708979 1665905226 1729201338 3879801595 3879709184
  27683   3877351987 1056637950 3312182606 3877324509 3877352192
  55560   3750536659 3732666046 1520780766 3750592264 3750536704
  108546   3713998259 2138253466 782091174 3713889790 3713998336
  102424   3288119069 793709958 1448810166 3288221464 3288119040
  13338   2341890979 1978461703 871266208 2341904410 2341891072
  15550   3203660749 2226064633 1932973413 3203676350 3203660800
  11468   2387671999 685269272 247115216 2387683532 2387672064
  37316   2684617549 763363297 1043918662 2684580412 2684617728
  119456   3789372583 939568274 2400398848 3789253216 3789372672
  82552   4270252183 458474937 4080276678 4270334840 4270252288
  49962   3273818567 909322385 2163051737 3273868586 3273818624
  65881   3438585373 296911512 3386325089 3438519463 3438585344
  92328   3267261577 2257523664 3221489268 3267354024 3267261696
  29276   4259726797 2893757056 3606010660 4259756124 4259726848
  95324   4019616847 3637883059 607568124 4019521700 4019617024
  13257   3017689393 691821020 553637083 3017676087 3017689344
  35912   2568466391 1724214686 2141571788 2568502344 2568466432
  166   3526615621 2798445418 2529006917 3526615642 3526615808
  70539   2216664973 1594354686 1398837787 2216594549 2216665088
  92438   4061510231 2014720055 47833643 4061417962 4061510400
  86226   4258238819 3346963908 3463947080 4258325202 4258238976
  68614   3942746491 2275315032 3456052894 3942815238 3942746624
  25127   2443239157 725849958 2262684681 2443214041 2443239168
  87520   3599376917 2828538231 290339845 3599289376 3599376896
  180   4232944907 295937108 3337840903 4232944716 4232944896
  33576   4032563719 2634090706 204447314 4032597288 4032563712
  14245   4243668739 2233004997 2591214336 4243654491 4243668736
  75251   2320070761 2179606981 2236884746 2319995661 2320070912
  22105   3329284957 735160375 2903774358 3329307225 3329285120
  86816   3032842171 2631797217 474158688 3032755424 3032842240
  30600   2425476617 1893225368 1796378397 2425507208 2425476608
  44964   2293116781 2253822735 622190741 2293161892 2293116928
  75129   4022033557 2652583704 1445520438 4021958535 4022033664
  80968   2713032151 2197925951 1848289338 2712951224 2713032192
  59121   4177790033 1641667940 552931322 4177731087 4177790208
  77021   2749028549 964726363 2146567450 2748951587 2749028608
  6924   2916104041 1647802465 2058850950 2916111116 2916104192
  87022   2366780909 2032543070 1606752507 2366693906 2366780928
  51856   2391936527 377987557 2289929305 2391884656 2391936512
  49858   2866535129 2793002394 1886918756 2866585026 2866535168
  108210   3656061943 2974499637 423249716 3655953742 3656061952
  57578   3552401863 2807368705 3330954857 3552459498 3552401920
  10360   4102304419 3120012457 712537913 4102294152 4102304512
  93615   3741831713 3702311200 2566784099 3741738065 3741831680
  21920   2502945499 2421652652 917628081 2502923616 2502945536
  96988   3201130529 2947994805 1401120476 3201227484 3201130496
  62689   4090476977 1526637604 3253639972 4090539745 4090477056
  45461   3309751381 2843776237 2834896898 3309706091 3309751552
  66078   3464090717 58949848 2730192398 3464024802 3464090880
  38466   3456075869 1249833524 2906347571 3456114498 3456076032
  40647   4015857971 2506976921 3680959844 4015817529 4015858176
  60635   2326621351 938067282 1018010846 2326682075 2326621440
  78256   3981346493 3538465969 2472295173 3981424816 3981346560
  53059   3656250107 2755000626 684015852 3656197053 3656250112
  64970   3004398167 1233606662 2950084302 3004333366 3004398336
  6384   2915143741 1839117250 241432292 2915137552 2915143936
  76182   2941553273 284100717 1895498130 2941629590 2941553408
  464   2513528111 412314465 1064175810 2513527600 2513528064
  62464   3817730699 681551264 407571847 3817793280 3817730816
  62494   3142034107 1565722167 1527223412 3142096670 3142034176
  9508   2395753487 526587190 684939480 2395743964 2395753472
  46344   3923060737 3135985218 1609319567 3923107080 3923060736
  95647   3932157877 3926609047 1977628740 3932062305 3932157952
  5500   2168902291 1136427990 2162246596 2168896900 2168902400
  14849   2395836071 573931711 1364766615 2395851009 2395836160
  50274   3688416749 278696226 1422476503 3688366494 3688416768
  45255   3413780423 2163359018 1843944756 3413735225 3413780480
  93959   3242338811 2754958921 48320879 3242432775 3242338816
  7988   4243216631 731956144 2828040515 4243208652 4243216640
  31521   3952092839 1083573222 145309003 3952061407 3952092928
  6096   2656489057 556479008 1706350158 2656495312 2656489216
  5520   2610319337 1785211989 601292180 2610313840 2610319360
  16118   3362004781 3241113779 1938161810 3362020854 3362004736
  36904   4233162377 603485825 308950184 4233125592 4233162496
  80904   2380048207 1074145460 1104787832 2379967480 2380048384
  22237   3853505351 1465449850 631458200 3853483299 3853505536
  36617   3528731951 5421290 2019658706 3528768777 3528732160
  51237   3991250507 3638550600 3777043102 3991301925 3991250688
  11320   2529953639 1643865767 1644558749 2529942472 2529953792
  5848   3650831089 2964727281 2220405713 3650836952 3650831104
  37384   2153479021 196818226 661143331 2153516552 2153479168
  59828   2936269751 2811300902 910802684 2936209996 2936269824
  12841   2689875059 2015191704 987594508 2689862359 2689875200
  23410   2196138671 296415583 1096152735 2196162162 2196138752
  92420   2571007339 503962220 641291747 2571099908 2571007488
  8068   2205178433 1988550374 1466169168 2205170556 2205178624
  48030   3227212679 3107744969 3111096573 3227164770 3227212800
  14274   4127715791 2705725685 2336576066 4127730114 4127715840
  74285   3778979753 2437597824 1962553563 3779054125 3778979840
  71936   4058933987 2528274138 2625998926 4058862080 4058934016
  107971   4186897219 2190674653 502568671 4187005379 4186897408
  27807   2424674429 178640169 953571940 2424702367 2424674560
  26640   2970214003 1764026207 1030928468 2970187504 2970214144
  12806   3649691119 3190667246 69597748 3649703942 3649691136
  95396   2369952311 1194090563 2180502475 2370047652 2369952256
  76987   3538370351 303377246 3299310162 3538293573 3538370560
  103255   3443280473 2638243701 1569839849 3443383895 3443280640
  11527   3168665593 2365337293 2344576556 3168654073 3168665600
  50146   2759644373 252144992 2020723446 2759594270 2759644416
  51326   2306868233 1079569348 542736603 2306919550 2306868224
  36784   2470289383 546599514 442840060 2470252624 2470289408
  43084   3019011833 358630368 1127493224 3018968756 3019011840
  46767   3636652841 3389830343 2166932518 3636606033 3636652800
  92927   4246858699 1403205159 1525054374 4246951679 4246858752
  29501   2222363237 952638426 571100444 2222392893 2222363392
  52652   3571667881 1466056932 571287299 3571720620 3571667968
  26941   3889806827 1148452554 481954322 3889833789 3889806848
  33121   2483396939 1275079513 1849092412 2483430241 2483397120
  74928   2525593163 1737396183 2345250913 2525518416 2525593344
  14448   3289061509 989764984 2738091461 3289076080 3289061632
  35371   2227364603 2088490408 923231244 2227399979 2227364608
  76827   3235403729 1733110192 2778332265 3235480603 3235403776
  63130   2687304391 1171699995 2142829344 2687241318 2687304448
  60574   2742954017 2087915456 918146789 2743014558 2742953984
  16075   3227508953 935600626 2146716744 3227525067 3227508992
  44413   2647338091 642165506 1680532254 2647382653 2647338240
  8247   2371632533 2173714177 860140382 2371640887 2371632640
  2367   3809366797 3417802103 1699491131 3809364417 3809366784
  15746   2679069017 2024115521 254035858 2679084930 2679069184
  2820   3534798409 435231527 1076509795 3534801412 3534798592
  22016   4164912623 1266645415 3592989594 4164934656 4164912640
  38640   3386357759 1853434355 3329149746 3386396400 3386357760
  26326   2407473073 1806019408 2017235445 2407499478 2407473152
  45278   2543577979 1771321266 504695850 2543623390 2543578112
  2372   2356472939 516733654 2019404249 2356475460 2356473088
  28154   4220186329 111151123 301292885 4220158214 4220186368
  49876   2769741049 1934171546 2388213391 2769691180 2769741056
  35594   2200237861 775711649 1161606753 2200273418 2200237824
  5231   3713640683 3643150616 2909013774 3713645935 3713640704
  3155   2699511011 1889672251 1454301195 2699514195 2699511040
  83831   2229824627 1049816577 486073146 2229740937 2229824768
  12159   3068707753 804760753 1157307015 3068719999 3068707840
  57965   2269836703 1760480917 283649628 2269894765 2269836800
  19252   3175430551 772287426 2715380851 3175411404 3175430656
  17812   3910969871 28802548 2878367808 3910987668 3910969856
  95892   2563145393 1961317695 113028229 2563049580 2563145472
  47246   3760621933 2187219551 1280777344 3760574834 3760622080
  37648   2866877513 1730110571 1321780677 2866915344 2866877696
  10144   3102022019 16424357 1092412158 3102012000 3102022144
  5872   2937823561 85829671 570888942 2937817872 2937823744
  17290   3808246709 2795747852 1020234743 3808264074 3808246784
  19774   3033250351 47177059 196768528 3033230530 3033250304
  78178   2671476721 1548566433 1900369632 2671398558 2671476736
  40656   2349852199 2298862877 722587154 2349811504 2349852160
  67756   4030709281 3184773373 1638151501 4030641492 4030709248
  43290   2402905993 811103763 1816167810 2402862822 2402906112
  87504   4181250253 659334483 674357860 4181162800 4181250304
  58051   3145494857 1110234372 1259084954 3145553091 3145495040
  5730   4152857473 170818979 2975447292 4152851870 4152857600
  20908   3187316707 1851993645 945459575 3187337644 3187316736
  59762   2514793903 1456557533 732627026 2514853746 2514793984
  29504   4188997739 4077565043 2871770053 4189027392 4188997888
  60371   2369037947 1950523729 2162343584 2369098451 2369038080
  86284   2260730491 596944539 1467742655 2260816908 2260730624
  69132   3595141747 1622081737 581580123 3595211020 3595141888
  18272   4086430987 413098124 4082887459 4086412704 4086430976
  66953   4254173213 3408090825 1859453030 4254106231 4254173184
  39156   4027379341 3470362917 1868991268 4027418612 4027379456
  19554   4275787559 3783175937 1604488951 4275807330 4275787776
  11728   2615882411 1688234613 2391252448 2615894224 2615882496
  46300   3269943629 1944101523 385094097 3269897508 3269943808
  736   3829981237 3106853035 2961571038 3829982176 3829981440
  113684   3582235057 1740891911 3039736435 3582121452 3582235136
  41060   2488997729 432429298 261600965 2488956828 2488997888
  38846   3137458963 1448109478 92313593 3137420098 3137458944
  69997   3244613321 2557514880 3133853850 3244543379 3244613376
  39427   3987768121 1233772470 1002011570 3987728893 3987768320
  96478   3704302759 141782163 3287566307 3704399326 3704302848
  36569   3787549621 1715499420 1410036859 3787586265 3787549696
  24728   2859464203 1236893912 68797426 2859488920 2859464192
  33520   3208115089 1023883318 1752194822 3208081680 3208115200
  112572   3932285143 3402864873 2003120048 3932172612 3932285184
  62   2166896359 563062957 1145616710 2166896322 2166896384
  89844   2215396427 845256842 859706454 2215486452 2215396608
  28651   3956178823 2774688786 788937945 3956150293 3956178944
  78498   4148971481 105445889 1491449249 4149050018 4148971520
  16847   2245798861 1099953400 1395038939 2245815759 2245798912
  56722   3608673923 2656304520 1109693320 3608730770 3608674048
  59248   3627029447 675222219 1219020636 3627088752 3627029504
  36821   2555783221 608756717 150133370 2555746347 2555783168
  57234   3884272537 28348188 2765592668 3884215406 3884272640
  14249   2228155903 1221557800 1783247867 2228141655 2228155904
  82823   3728414353 12666421 1276707239 3728497287 3728414464
  34790   3295166807 2471883450 2474321133 3295201766 3295166976
  71665   3369314447 2608669499 1470683925 3369242895 3369314560
  43024   4121012783 3821141832 3025302932 4120969968 4121012992
  68082   2616805211 434824778 504525545 2616737294 2616805376
  37376   3796366439 3464509329 1278428183 3796329216 3796366592
  28542   3929675221 3134857346 3811301989 3929646722 3929675264
  81499   3816782839 27009012 3425589508 3816864347 3816782848
  77336   2745350269 329950622 196799766 2745427736 2745350400
  84926   3698476193 3074754890 1655279866 3698391362 3698476288
  50310   3088675439 432789384 1666888281 3088625274 3088675584
  28898   3307823551 1167435115 652837096 3307852514 3307823616
  22863   2453033449 803386712 599098493 2453056335 2453033472
  37545   3212653469 276525348 1761688673 3212691113 3212653568
  62657   2456642917 184313177 156437538 2456580415 2456643072
  1481   4130309983 741685910 4012475447 4130308663 4130310144
  72843   4181442943 3482457245 814823547 4181370229 4181443072
  92745   3220015921 410473113 2771883209 3220108873 3220016128
  83894   3271945151 1841659596 2815589776 3272029110 3271945216
  35622   2433620653 1233462184 2421309420 2433656358 2433620736
  20660   3297250639 2622209437 1612310424 3297230156 3297250816
  101524   3907858039 158172166 889843106 3907959700 3907858176
  90972   4146148079 1160261000 294440049 4146057124 4146148096
  29048   3520766477 1639374746 577246548 3520795512 3520766464
  11188   2162839897 738158734 1422206200 2162828876 2162840064
  72655   2265996331 1009865322 2230814205 2266068943 2265996288
  5466   3001211893 2462433052 2531785891 3001206438 3001211904
  906   3244828603 3009932957 2851666709 3244827766 3244828672
  28705   3024183731 2789945483 2732937343 3024155103 3024183808
  83797   2837490781 907871145 682891798 2837407147 2837490944
  74195   3836990671 3630816536 1419743906 3836916525 3836990720
  57426   2460025187 1885871460 2007126378 2459967918 2460025344
  99508   3301816591 3119155662 1372721169 3301916084 3301816576
  55016   3642638933 591457301 2619737999 3642584088 3642639104
  64102   3074511919 1074868563 382297490 3074447770 3074511872
  85744   2784915359 1631854157 97462372 2785001200 2784915456
  35048   2579359891 342375796 1353314637 2579324952 2579360000
  21720   4023837413 1126959600 820652350 4023815720 4023837440
  34116   3823248509 3286936166 194479101 3823214524 3823248640
  4516   4261657061 3124451423 2519992110 4261652572 4261657088
  49720   2170331167 1641984150 1776954642 2170380856 2170331136
  3130   2392829939 1125152114 2121784337 2392826822 2392829952
  20352   3008158499 2718346636 1946185603 3008178816 3008158464
  52199   2305348739 850321024 538370981 2305296665 2305348864
  22002   3443339813 3379950355 2022377237 3443361778 3443339776
  27132   2423979721 2404977338 2278848486 2423952644 2423979776
  58812   2580018173 1988998205 2355080563 2580076988 2580018176
  67086   3377635103 2470045945 1467968530 3377702158 3377635072
  101824   3568649629 2007239036 1861010631 3568547904 3568649728
  69260   3770500973 1189826450 3673400560 3770570380 3770501120
  47264   2577502237 1076476118 2147781225 2577549472 2577502208
  15144   2344391267 104812318 1153599780 2344406568 2344391424
  71405   3011396561 897138546 315422692 3011325203 3011396608
  35261   2386379603 791278266 578124533 2386344515 2386379776
  13800   2362014959 2297311636 337745654 2362028776 2362014976
  9916   3677969777 2169355600 2732975597 3677960004 3677969920
  30930   3570074567 1940442776 56136156 3570105554 3570074624
  48901   2768106989 641509986 2162343887 2768155909 2768107008
  19799   3631140803 3538321285 2862441839 3631121065 3631140864
  15844   4240348031 3340951890 845245687 4240332316 4240348160
  24753   3375601343 3063726600 139204183 3375626161 3375601408
  50413   2648660251 532901080 2403852378 2648609811 2648660224
  78892   3682108747 1761903173 3142853653 3682187820 3682108928
  43053   3583570901 3331584132 2327753433 3583527891 3583570944
  57856   3486144331 2829995106 3414405135 3486086656 3486144512
  51831   3255539411 1555532182 3143461370 3255487625 3255539456
  84148   3160686097 705822966 476132751 3160601932 3160686080
  43983   4110749891 2616626178 3601137362 4110793935 4110749952
  52232   3838262047 441178142 1367249750 3838209784 3838262016
  72186   3148347199 462074130 606571036 3148419578 3148347392
  45024   3739818409 2757970455 3307542829 3739773472 3739818496
  10258   3050229863 1159680746 2250018382 3050240274 3050230016
  62856   3433442141 817388641 548073812 3433505160 3433442304
  14052   3047840111 1868476305 1639601805 3047826204 3047840256
  38506   4006384817 323358674 2730680933 4006346390 4006384896
  68640   2491645217 805609141 35134434 2491576544 2491645184
  43221   2861874341 2529212073 2561080543 2861831211 2861874432
  15802   2525554853 1682677845 554461074 2525570746 2525554944
  24082   2454117703 2222195773 1608847836 2454141970 2454117888
  20239   3830208931 353828906 1898978116 3830229263 3830209024
  47804   3089204779 307257322 3053763708 3089156932 3089204736
  4372   3886734037 3280980962 2784777118 3886738452 3886734080
  81269   2300073689 2129481927 1606793815 2300154997 2300073728
  38529   3663983039 2914926608 3179510911 3664021633 3663983104
  1433   4172411729 3230863572 1585426158 4172410471 4172411904
  81758   3703849657 2715972176 2404112661 3703931486 3703849728
  855   3755467279 1666516822 1880386071 3755468119 3755467264
  15332   3666079993 1171712615 2645561441 3666064668 3666080000
  90196   4092798431 3108461891 1097500950 4092888660 4092798464
  60334   3936363637 670160554 2532664421 3936303442 3936363776
  90940   2904966193 2218041007 940612273 2904875204 2904966144
  50931   3573572467 2644693056 2176985436 3573623539 3573572608
  25595   2364818149 1499078698 1528780253 2364792581 2364818176
  63707   3855969191 1299804773 2546361028 3855905573 3855969280
  28316   2263607701 1129482787 1139584756 2263636124 2263607808
  58101   3972135179 2914621878 2250399845 3972193269 3972135168
  44371   4178103563 2605042079 2347910658 4178147923 4178103552
  82164   3035043101 1113793431 1600267808 3034960908 3035043072
  31688   2636376931 435032703 121435743 2636408776 2636377088
  44456   3507973939 3122099654 2420225144 3508018600 3507974144
  20152   2737965851 1043790707 1928376594 2737985976 2737965824
  105331   3631679101 1273812529 3054972426 3631784563 3631679232
  21604   2985662747 543907847 206730830 2985684324 2985662720
  73736   2811120551 2064212284 1608380188 2811194376 2811120640
  71788   3628681241 528054975 301798819 3628609428 3628681216
  110950   3374880143 1544844477 597126463 3374991206 3374880256
  70788   3719956159 2592817985 1233028436 3719885436 3719956224
  12673   2713514249 1575847473 1510471846 2713501567 2713514240
  15832   2287162399 1808148045 634429472 2287178200 2287162368
  64669   2215781131 1345179880 928254914 2215845789 2215781120
  41048   3781834457 2004310449 728996826 3781793448 3781834496
  80652   4189671037 2249134196 1997810866 4189751820 4189671168
  82008   3338864261 2497544634 901849514 3338782376 3338864384
  25208   3678989701 1542576114 149287966 3679015032 3678989824
  50280   2983538507 1644758147 1445183450 2983588968 2983538688
  53032   2758514351 1016985131 2366638362 2758567464 2758514432
  28924   2626895099 2524920331 286233809 2626866180 2626895104
  53664   3556932403 2370251799 2188611717 3556878944 3556932608
  45633   3278966203 2395100237 1775213557 3278920639 3278966272
  109871   3467059927 3045475354 2243375643 3466950097 3467059968
  83768   3398818219 1798402238 3009968160 3398902072 3398818304
  42034   2197360229 741460140 1628951366 2197402418 2197360384
  41681   2683849561 359178835 1223023107 2683808047 2683849728
  80413   2304196969 1590323013 306137290 2304277533 2304197120
  5196   3198926701 1370919366 1556751764 3198932044 3198926848
  19587   2768171339 734486287 16469204 2768191107 2768171520
  29452   2370727069 1735044652 625683239 2370697716 2370727168
  87239   3266938621 2297533756 1719793735 3267025863 3266938624
  11285   3482609591 1526329440 1114880189 3482620949 3482609664
  91633   3293352091 2928309318 2240271781 3293443825 3293352192
  1476   3445763549 1262487459 1059009344 3445762108 3445763584
  37062   2800233311 1622132836 1603364081 2800196410 2800233472
  47891   2225337571 551674635 1081383530 2225385491 2225337600
  8746   2993650691 1381835699 367663933 2993641942 2993650688
  66646   2270227081 47667392 925785044 2270160554 2270227200
  86388   2258125747 1191553341 231354645 2258039436 2258125824
  49723   3696316727 1090548431 3045394588 3696366651 3696316928
  89166   3080460023 1779617931 2343943759 3080549198 3080460032
  87145   3092273887 946133764 2390671818 3092361065 3092273920
  32106   3466686499 560750005 3113716265 3466718570 3466686464
  20402   3794938541 1938936895 516838117 3794959026 3794938624
  41097   2153806159 1019287233 1232873472 2153765239 2153806336
  84860   2708785777 2140419695 1546054166 2708870780 2708785920
  104148   3707294417 486551565 742016681 3707190316 3707294464
  20968   3336916483 777140156 2227648621 3336895512 3336916480
  59479   3196163549 868925763 658773985 3196104105 3196163584
  57518   3041127703 1835709106 2402161959 3041070162 3041127680
  25112   3564547589 1770325203 1069773867 3564522472 3564547584
  30783   3087259841 764636157 1652667491 3087229121 3087259904
  69814   2532600661 827305718 1481203248 2532670646 2532600832
  47822   3875047817 1375444068 322977373 3875095758 3875047936
  32602   2626833481 86110868 305911378 2626801062 2626833664
  40390   2539869971 780485045 2519386980 2539829562 2539869952
  95400   3925297379 2162298012 3111244246 3925392808 3925297408
  56436   2857940929 2254008286 2258071860 2857997428 2857940992
  73908   2261297791 982720679 2065972027 2261371828 2261297920
  54714   2905884473 333677839 797665829 2905939386 2905884672
  36828   3265123157 868297095 2766867027 3265160156 3265123328
  103646   3093214913 2552094069 2125820381 3093111330 3093214976
  18414   4080415921 1515073664 2126276286 4080397586 4080416000
  16010   3198119807 960706383 487403297 3198103926 3198119936
  70165   3064866523 1620333745 1547748821 3064796395 3064866560
  43998   2685713543 351205270 2635537277 2685757662 2685713664
  30393   3532210471 3014296081 1763118235 3532240825 3532210432
  79454   3699655237 2507938232 1380749282 3699575970 3699655424
  9880   3679811999 2030043076 1292046757 3679802216 3679812096
  1833   3688688077 805112698 1034526994 3688686295 3688688128
  66171   2606439887 807033197 1405913390 2606373765 2606439936
  5641   2839857763 1443134200 1681352677 2839852279 2839857920
  16840   2799913003 1850018450 1050397939 2799896120 2799912960
  5858   2288191187 463044558 1148547583 2288185374 2288191232
  40697   4177546619 1033680361 307196554 4177506055 4177546752
  84902   2405625251 599804998 399414676 2405540442 2405625344
  6241   3015156377 2439409143 359253802 3015162721 3015156480
  18849   3466439297 1289038893 3156712127 3466458273 3466439424
  96094   3500534347 2765489478 1019682559 3500630622 3500534528
  99268   3233927693 734586137 1904408385 3233828412 3233927680
  84332   3118727167 1525867430 2249898835 3118642836 3118727168
  12592   3482147843 503615517 52264041 3482135248 3482147840
  53356   3431368511 3172704920 1569943746 3431315348 3431368704
  34775   2206488343 1691889637 1815184914 2206453545 2206488320
  22651   3620347883 1454000204 1214676258 3620325253 3620347904
  7416   2182821211 1878097598 1788489769 2182813960 2182821376
  9296   3519745961 1339798240 1889046779 3519736752 3519746048
  28256   3420712667 920702150 366474989 3420740960 3420712704
  67507   3025662487 36505333 1207454496 3025729971 3025662464
  61882   2533056343 144613591 2054136325 2532994630 2533056512
  41314   2696022757 1623518410 881614327 2696064098 2696022784
  97760   3461693047 1737350884 1098880873 3461595424 3461693184
  78994   4159566199 365504579 3497935277 4159645330 4159566336
  76500   3353589103 68211059 632528977 3353665748 3353589248
  55138   2909902643 1841838753 1823313611 2909957730 2909902592
  91226   3880873151 3006815852 3340848642 3880781990 3880873216
  68181   3091728901 2300877403 1564855499 3091660715 3091728896
  44806   3473185291 2079560899 748850734 3473140474 3473185280
  57472   2624661029 695250138 2489989634 2624718464 2624660992
  76699   3884017877 3395714480 1484754968 3883941221 3884017920
  65752   2905812061 885375352 1367490117 2905746472 2905812224
  58504   2824676051 139473022 266517932 2824617592 2824676096
  3408   3939922949 3033702093 727921841 3939919536 3939922944
  99110   2663225737 246676160 1231076549 2663324966 2663225856
  1265   3910315457 1327154212 923085847 3910316785 3910315520
  72243   3310783537 2814675805 2985017402 3310855987 3310783744
  82806   3580365769 191669235 128617006 3580448630 3580365824
  53181   3427561121 2127908693 2557112052 3427614397 3427561216
  39138   3137706599 802458131 1478860490 3137667614 3137706752
  73499   4192266401 897616053 3198937274 4192339995 4192266496
  22296   2197085213 2196769970 1920901667 2197062888 2197085184
  45579   3595338031 2121522837 1561023623 3595383819 3595338240
  20856   3175168121 2679897369 801792936 3175189112 3175168256
  44650   2980699003 92562934 1111291445 2980654486 2980699136
  44604   3666147787 3351741638 131913409 3666103236 3666147840
  30202   3239266799 2220988991 1351123695 3239236614 3239266816
  72238   3500741191 350682446 1585556525 3500813614 3500741376
  74420   2609225737 1072888278 1612336228 2609300148 2609225728
  54991   2587830589 85436355 118168547 2587775793 2587830784
  29636   4025777449 2198475343 1081770239 4025807300 4025777664
  16497   4266338569 2411315756 1589948891 4266355057 4266338560
  6733   4188819367 2694710462 3634095132 4188812723 4188819456
  9567   4106352457 1108487999 2590043211 4106343073 4106352640
  13922   4029639797 857427095 888620484 4029626014 4029639936
  49068   3462946411 3119385457 389401464 3462995628 3462946560
  41550   4113949381 1123655549 161194224 4113907890 4113949440
  83048   3918177959 2197665368 522487822 3918095000 3918178048
  60988   2674502653 2227460212 300620153 2674441668 2674502656
  45666   2228951323 1944499271 1822775688 2228996962 2228951296
  44894   2883766771 1287456961 1856108640 2883721890 2883766784
  77763   2911659689 1728104352 809103756 2911737539 2911659776
  32536   3840467513 3719031812 2044131186 3840435176 3840467712
  30856   2491535093 1269873270 1794353188 2491504248 2491535104
  54102   2768258221 554871755 682287804 2768312406 2768258304
  6320   3737506309 1899728063 1682504636 3737512624 3737506304
  6660   3118224601 1825995122 665360390 3118231300 3118224640
  55000   3170351111 3044469655 383077217 3170296104 3170351104
  61758   2365018163 1809004291 145594590 2365079870 2365018112
  44743   2823888017 1457903684 2161058949 2823932871 2823888128
  89366   2660032909 1898016137 1141233628 2660122390 2660033024
  98852   3512352191 1638721202 3472651012 3512451108 3512352256
  78033   2835766721 2329672058 107965009 2835844817 2835766784
  20890   3753588373 3139071256 2428155566 3753609370 3753588480
  660   2819297113 461458519 1436887685 2819296620 2819297280
  48565   3584182873 3019917985 577649793 3584231605 3584183040
  40227   3458128711 2123372287 3101922262 3458088669 3458128896
  52259   2886566843 2224552728 168012964 2886514653 2886566912
  70026   2232628483 501314749 982798015 2232558454 2232628480
  80974   3005366407 36205178 1247873308 3005447502 3005366528
  77464   2174268749 410475493 989356910 2174191464 2174268928
  6179   2267714311 314458665 1165717655 2267708125 2267714304
  103802   4224054431 1354999373 658667572 4223950726 4224054528
  86700   3961593281 1182192185 2663474185 3961680044 3961593344
  31406   2274468331 2214076268 1146013764 2274436946 2274468352
  91476   4099596973 2096678269 3846201103 4099505580 4099597056
  9241   2384154361 890748718 2195307937 2384163609 2384154368
  42362   3688556063 413290974 974029546 3688513670 3688556032
  35136   3816109351 323525752 930544438 3816074176 3816109312
  93623   2445406427 1254750322 211088787 2445312841 2445406464
  31571   2687814113 1169621448 492172383 2687782573 2687814144
  117064   3930566989 601658495 1177322526 3930450104 3930567168
  5074   3069527641 1343651677 495940388 3069522734 3069527808
  26870   2305467407 889999616 2156948744 2305440522 2305467392
  55852   3638604649 3222458912 1922380130 3638660652 3638604800
  46174   3560908061 2337380342 1424755922 3560861858 3560908032
  99604   4245695819 4020173708 276832582 4245596396 4245696000
  100868   3513584023 211863556 527482230 3513483260 3513584128
  82020   2527031053 1753698343 1813443759 2527113060 2527031040
  2832   3289697927 172460541 1387135914 3289695216 3289698048
  39817   4208955391 132228701 826611484 4208915575 4208955392
  95760   3193482119 1392691977 2589325197 3193578000 3193482240
  47020   3393359509 510499065 2211789830 3393406636 3393359616
  76973   3841695631 3840281056 2063400341 3841772717 3841695744
  25388   3397640821 3087731977 1026302619 3397615572 3397640960
  16510   3494505389 3138010632 2689322390 3494521982 3494505472
  61838   3964893091 2713187437 591053495 3964955022 3964893184
  36205   4216789319 1763738848 2488093876 4216753299 4216789504
  8922   3949138243 1706021746 3070607139 3949129510 3949138432
  10900   2353770973 985843758 670389304 2353760108 2353771008
  88908   3550206937 1673140263 1863180050 3550118068 3550206976
  3181   2220912409 1167193197 1550987594 2220915565 2220912384
  101788   3248519591 577169438 33644984 3248621468 3248519680
  84762   4271292329 4214704578 4147894214 4271207654 4271292416
  5355   3144133981 3064550892 1538993633 3144128789 3144134144
  11961   2781422311 695814722 651088237 2781434297 2781422336
  37407   2567491973 7920271 572808260 2567529503 2567492096
  43087   2414965013 869915554 1018632219 2414921905 2414964992
  19275   3124437091 3118834427 2613041295 3124456523 3124437248
  3404   3539060831 1500913293 885061179 3539064396 3539060992
  8400   2166269011 88684780 1451661628 2166277584 2166269184
  65324   2647161353 1573833206 1658176085 2647096020 2647161344
  70017   3500067877 2468046458 3306405290 3500137857 3500067840
  51398   2709499651 964760739 1884286116 2709448250 2709499648
  105348   3562342739 2845252081 1160760171 3562448260 3562342912
  37208   3147649097 1083072281 2633829328 3147612072 3147649280
  80100   2185221541 1703364043 1987666327 2185141532 2185221632
  33065   2755359839 1984410143 772361731 2755393065 2755360000
  38868   2252769131 2209974926 1486378807 2252808148 2252769280
  43054   3567870931 1056201311 2580228368 3567914030 3567870976
  31233   3809446057 242555306 2720412831 3809414911 3809446144
  21669   3139897147 168459379 2831187758 3139875675 3139897344
  29694   4121496713 304446255 3794833424 4121526526 4121496832
  50983   2866523743 1429312406 540746124 2866574887 2866523904
  36618   2880000947 1585292474 1982759687 2879964406 2880001024
  32064   3705712939 2439963447 2807101436 3705745216 3705713152
  35360   2776046921 329426769 1038278788 2776011744 2776047104
  51446   2435325149 838158607 1992408543 2435376630 2435325184
  31560   2303773657 863370042 1834293269 2303805256 2303773696
  46672   2320652671 964382003 1489007777 2320606128 2320652800
  75546   3030339421 1796874178 52611461 3030264038 3030339584
  11375   2309802661 548284542 211017641 2309791377 2309802752
  111085   3486934937 1500812290 1704237054 3487046125 3486935040
  53744   2564664253 551725948 1945191194 2564610576 2564664320
  58216   2161294697 1433110256 352189740 2161353064 2161294848
  90990   3112454893 1883144361 3096104489 3112545902 3112454912
  51320   4069124779 265657180 1413255232 4069073544 4069124864
  57216   4001176261 959279397 672288115 4001119104 4001176320
  38772   2157803357 1706642856 1454505401 2157842292 2157803520
  94415   4209938809 652326776 555411227 4209844529 4209938944
  27252   3274952783 2383469648 3239860412 3274925708 3274952960
  8981   3481751417 3102277595 1246004643 3481760533 3481751552
  72037   3966909263 788180591 360974540 3966981477 3966909440
  90679   3936891001 583271625 2187463343 3936981815 3936891136
  9057   2831025229 1708785179 600564900 2831034465 2831025408
  51024   3534891631 2239090674 2562204675 3534840752 3534891776
  22950   2432020373 2273781359 511513572 2432043430 2432020480
  21768   3748113647 3265238296 3265503771 3748091896 3748113664
  44711   4208277217 1561437407 2159258667 4208321959 4208277248
  5972   2448629551 582136836 734667592 2448635476 2448629504
  11956   2412700117 672331153 1016394305 2412712116 2412700160
  33758   2544597109 1115917533 2509617787 2544631006 2544597248
  56644   3530724893 1728697576 2053990201 3530781508 3530724864
  70405   2513263237 2390976495 748177320 2513192955 2513263360
  1614   2274821203 85421482 1444706703 2274822990 2274821376
  39330   3881449969 3810476632 2749611207 3881489314 3881449984
  45890   2921669801 1456932338 1327837338 2921623998 2921669888
  1640   3050149451 922233505 2429925824 3050147992 3050149632
  8518   3608138059 833208071 921527286 3608146758 3608138240
  28135   3061088501 1502126663 96147601 3061060377 3061088512
  49615   3496682989 795221811 3203363165 3496732623 3496683008
  71650   2947598813 1880572559 2866077753 2947527198 2947598848
  82860   3110974577 2173752873 2723286106 3111057580 3110974720
  71860   3249826597 1196698157 3040514504 3249898420 3249826560
  100232   3923263523 2114494681 3385837146 3923363720 3923263488
  99584   4028563657 2751815744 2754288864 4028663296 4028563712
  72030   4011905263 160869729 1992672838 4011977310 4011905280
  35178   2891802829 768231707 1416938651 2891838058 2891802880
  91253   2852554039 510500823 2723313519 2852645493 2852554240
  46353   2959222523 1488011514 1663186027 2959176175 2959222528
  41641   3622100897 2761677407 792234839 3622059351 3622100992
  70715   2919444551 331447340 2418793943 2919515451 2919444736
  32076   2610465667 2012762812 1660597641 2610497868 2610465792
  44882   2333530951 875469472 891208579 2333486254 2333531136
  85456   2663823629 1627770267 1937567222 2663738160 2663823616
  87280   3408510311 109421870 1000639098 3408597744 3408510464
  65028   2692759733 107950053 359219737 2692824836 2692759808
  62932   3676473901 2459607429 1252688022 3676537044 3676474112
  71152   4027613773 2305063005 3740739980 4027542800 4027613952
  79866   3094279399 91725113 2336598916 3094359290 3094279424
  69117   3093143003 1535949323 612369410 3093073923 3093143040
  64604   3289469011 2953671776 3208541417 3289404580 3289469184
  5232   3268707149 2772492409 2815003153 3268702096 3268707328
  803   2631079439 2505944590 1908126205 2631078621 2631079424
  7553   2192940671 885517899 28557140 2192933247 2192940800
  37852   2880301573 948262462 760951981 2880339420 2880301568
  14352   2668506719 2005536876 2200388230 2668521232 2668506880
  18822   2569649009 1759684177 325505444 2569667974 2569649152
  32355   4228276673 3517808667 3089103682 4228244381 4228276736
  55690   2243707087 960027552 1012347902 2243762826 2243707136
  47912   2292053221 1583841052 2038863531 2292101160 2292053248
  60616   2517398111 153035312 1890087111 2517337656 2517398272
  35703   2803173409 2195548919 2131730028 2803209079 2803173376
  4320   3557967593 2897287912 1347265852 3557963296 3557967616
  72865   3898003079 1247220905 1825227162 3897930335 3898003200
  34600   2927797031 2416526151 375397614 2927831592 2927796992
  48848   3543591671 2684754094 1236830448 3543542832 3543591680
  50777   3071375611 582651874 2217057603 3071426393 3071375616
  9192   2952736499 159473091 2123267852 2952727320 2952736512
  22640   3335593691 2277107353 1245653173 3335616368 3335593728
  72344   2323885411 815686524 617588383 2323957912 2323885568
  42303   3606570103 266549577 1049493924 3606527937 3606570240
  52449   2152533083 156075840 1172699042 2152480799 2152533248
  29956   2880596893 1639045190 1024975325 2880567036 2880596992
  37616   3963497089 1176505460 825771266 3963534832 3963497216
  9894   2627099099 1951263066 1971631996 2627109030 2627099136
  38834   3723580489 2485406186 2653340590 3723619506 3723580672
  10375   3933684739 2096143329 2332131088 3933695111 3933684736
  79174   4063807427 749745269 917330591 4063728314 4063807488
  36490   3960508303 2488611465 2311300661 3960471926 3960508416
  99480   3542751427 3281886910 1622052823 3542652008 3542751488
  8691   2496600727 1408342317 843132973 2496592141 2496600832
  33431   2620229137 317859722 431919734 2620262551 2620229120
  62360   2261657479 1064964988 189906 2261595240 2261657600
  45107   3208096147 844208046 781445066 3208051149 3208096256
  42   2438472913 1451720890 2110127887 2438472918 2438472960
  10923   3440238913 2584366770 1190400277 3440228181 3440239104
  38352   2935094303 197569351 1048574416 2935055920 2935094272
  24388   3170095889 744211862 2828046108 3170071484 3170095872
  16664   2576596559 2410216013 109647262 2576580072 2576596736
  2441   2457094879 1398522244 323013985 2457097353 2457094912
  43882   3459323041 1306620066 2543526480 3459367018 3459323136
  23043   3772600291 3202677659 2420879777 3772577277 3772600320
  40412   3497060533 347154625 1014828377 3497101020 3497060608
  108680   3544767977 2147859926 2102857290 3544659320 3544768000
  6023   2994261427 634952536 2245259486 2994255481 2994261504
  1588   2238169699 1617354360 1641893447 2238171444 2238169856
  34027   3944064461 2821650659 2363783821 3944098539 3944064512
  6688   3724662077 1610479619 141701236 3724655584 3724662272
  73842   3309372973 1702567575 3208851236 3309299086 3309372928
  51182   3528323213 740650305 397733035 3528374510 3528323328
  10812   4117008089 3300230412 3701510278 4116997316 4117008128
  64110   2846723479 37548108 851609153 2846659474 2846723584
  62863   3830957353 2166745268 1772955329 3830894705 3830957568
  57588   2941971289 656201208 133752234 2942029044 2941971456
  73316   3376973011 1770646056 603589164 3377046372 3376973056
  29211   3433731199 2891085953 2815415693 3433760539 3433731328
  31730   3111626527 1354386223 2754846545 3111658226 3111626496
  89786   3339364267 2855984609 1677556704 3339274566 3339364352
  89224   3078564157 2826976364 2908176076 3078653576 3078564352
  23077   2790458651 2496542741 2142554930 2790481701 2790458624
  10961   3092949131 261682350 2433685752 3092960209 3092949248
  46800   2547825041 2285686073 1226500775 2547778352 2547825152
  73122   3407861617 181139042 792501366 3407934882 3407861760
  22090   2243424191 1432639038 83592404 2243402166 2243424256
  62288   3316726867 2924912984 929924004 3316664752 3316727040
  26512   3300685691 2297275529 1272076102 3300659312 3300685824
  12104   2637564313 1843622542 2195741190 2637552312 2637564416
  76844   3690516793 2824906081 2419894384 3690440148 3690516992
  8688   2224937783 1147249955 245326206 2224929040 2224937728
  18850   3377125207 707911290 21467894 3377106526 3377125376
  87210   2511456823 1425166513 2457236387 2511369558 2511456768
  6392   2926560551 133118706 1266304559 2926554120 2926560512
  24136   3938119723 3054221980 1493259251 3938095800 3938119936
  91452   3112876043 2303487377 2769656801 3112784580 3112876032
  74004   2738807119 438065229 895563450 2738881300 2738807296
  4528   3651888719 2263092974 1286209108 3651893424 3651888896
  97664   3016251991 583423268 1287364983 3016349824 3016252160
  15812   3272813977 572909280 1757083775 3272829892 3272814080
  9006   3854153659 2796638737 446371186 3854162734 3854153728
  29762   3403715417 598245163 1136353162 3403745346 3403715584
  45158   2261512909 606868590 1620117941 2261558118 2261512960
  1712   2449121419 1557600392 1373729803 2449123248 2449121536
  35061   3463025257 2757559211 616215232 3462990347 3463025408
  64326   3768768851 2337935059 1229666050 3768833350 3768769024
  17561   4071688979 1269185400 2139310058 4071706521 4071688960
  94800   2710238159 932236155 1845297901 2710333008 2710238208
  46123   2948033651 1183297306 833609249 2948079915 2948033792
  63684   3059474083 785105354 1956748611 3059410492 3059474176
  53564   3190346239 3094491456 1409537722 3190292676 3190346240
  47821   2594748203 1277512940 1612047508 2594700339 2594748160
  99528   3958768067 3170183586 1475444045 3958867656 3958768128
  83924   2255849569 907815237 1753568009 2255933652 2255849728
  20170   2803378609 573971513 864253336 2803398858 2803378688
  17685   2479645373 841267339 788908628 2479663125 2479645440
  76296   4272698897 679970936 356636983 4272775176 4272698880
  123032   4171483873 3644503104 691967574 4171606936 4171483904
  53925   3942384907 2584816407 1816301914 3942330971 3942384896
  8570   3528771089 2407111424 2491977284 3528762502 3528771072
  36193   3189412417 390022342 1408580547 3189448801 3189412608
  17612   2656230113 2068567239 1345270767 2656247756 2656230144
  74048   2270138417 849885384 1832835979 2270064320 2270138368
  44006   2810707219 746724338 157860405 2810751206 2810707200
  31744   3056439301 2800455811 2615984870 3056471040 3056439296
  17944   2268664109 1551994453 1868189102 2268682008 2268664064
  49097   2207534809 505909700 61998297 2207583945 2207534848
  36968   3727547983 3225223086 1068188036 3727511192 3727548160
  58863   3970308059 2366381791 1248521861 3970249233 3970308096
  85874   3919185289 3279121839 2498999178 3919099534 3919185408
  74184   3354094049 1737272311 2614351515 3354168264 3354094080
  31120   4106094859 2022427393 3097571552 4106125968 4106094848
  42896   3017683489 1681059340 2642499926 3017726352 3017683456
  61375   3176186191 1129177358 170096804 3176247743 3176186368
  81082   3461975323 1823493700 1462040155 3462056378 3461975296
  68972   2302648541 566145527 2065732754 2302717548 2302648576
  63125   3990768511 1126308476 226078740 3990705515 3990768640
  29667   3276951407 928340923 1568250825 3276981219 3276951552
  74712   3092239687 2271131483 1782650108 3092165160 3092239872
  14135   3004776017 2213282602 1098200826 3004790327 3004776192
  8374   2259046397 289074773 593073990 2259038026 2259046400
  54986   2235210533 615476920 839267423 2235155510 2235210496
  8398   3010225969 2291681331 1710558580 3010217522 3010225920
  3032   4292168227 856657063 3817387216 4292171224 4292168192
  65277   2196839377 878829093 718018528 2196904701 2196839424
  16888   2306503853 535211804 609490674 2306487048 2306503936
  86439   4260695029 2983262185 943284768 4260608601 4260695040
  80861   3185719909 1693310467 2417994478 3185639203 3185720064
  56731   4244780383 213726273 1177262976 4244723813 4244780544
  60796   2192131493 1774491392 348822053 2192192380 2192131584
  67122   3462931949 185052503 956216766 3462999090 3462931968
  70226   3251994197 1164902768 3148318148 3251924142 3251994368
  78635   3519371269 1097200374 134127918 3519292629 3519371264
  69747   2829889879 2110622508 2510113318 2829820301 2829890048
  105792   4094517853 3185301763 1355541434 4094623808 4094518016
  70648   4215030959 2205645164 3588929240 4214960392 4215031040
  107205   3673317073 2828843020 2283816277 3673424325 3673317120
  53125   2576662901 797003999 741314120 2576609915 2576663040
  35416   2777947703 2614897582 2223235774 2777983320 2777947904
  53740   2944285457 2484556328 1477678414 2944339180 2944285440
  99228   2547298937 2235783581 2404225841 2547199844 2547299072
  29429   2342187863 2296031863 1367921591 2342217461 2342188032
  91809   4073529727 2445088476 1934638387 4073438047 4073529856
  3514   2604431003 1352273585 565433673 2604427590 2604431104
  80439   4199071171 1616281049 1197097708 4198990793 4199071232
  105071   3836731519 344629690 3406626806 3836626577 3836731648
  12457   3945448813 3734529808 750978877 3945436503 3945448960
  55117   3031123759 2569081482 2453268297 3031068595 3031123712
  46909   3748364089 1133350864 466654729 3748317379 3748364288
  47659   2193276851 1913981882 1935371321 2193229269 2193276928
  30044   3219308593 3092217566 409560785 3219338844 3219308800
  92099   3121413193 1690524657 2167192812 3121505475 3121413376
  37819   2398684027 179704408 2115794504 2398646341 2398684160
  81662   2803018313 1345479810 1762254549 2803100158 2803018496
  75236   4294460647 606570170 2475211098 4294535908 4294460672
  34194   2450979697 70079371 1314524806 2450945646 2450979840
  15995   2955037139 2736594744 661148688 2955021189 2955037184
  5678   2207784013 1804846247 934734858 2207778514 2207784192
  31270   4142958751 2081297336 3240220076 4142990118 4142958848
  45823   3173744611 3083066774 2891623788 3173698817 3173744640
  41442   2970489047 2301889098 25942346 2970530530 2970489088
  66568   4035586957 3379430128 1637817574 4035653640 4035587072
  46251   3499317329 2627054313 3269038372 3499363755 3499317504
  33350   3364922669 750007559 885271663 3364955974 3364922624
  2482   2809690831 2375541776 1406133843 2809693362 2809690880
  52680   2160064811 365287645 1521636475 2160117448 2160064768
  48131   3419991229 2144717504 3353587425 3419943165 3419991296
  37076   3560449661 512059155 2404178808 3560412716 3560449792
  98516   4092150809 2729245114 531209897 4092249300 4092150784
  95736   3138276881 352793357 755048992 3138372600 3138276864
  48856   2745922969 979857439 853192593 2745971928 2745923072
  11426   2884496387 2466551775 1643837814 2884484958 2884496384
  6108   3831980057 2657606593 3247748327 3831986140 3831980032
  33265   3602475589 2303649273 2162597789 3602442511 3602475776
  20900   2674996561 1945239995 1084129456 2674975836 2674996736
  25348   3188481893 1156921870 2153648310 3188507396 3188482048
  60   2981321797 999183251 2382901163 2981321924 2981321984
  116178   3854567021 1312086622 3715724159 3854450990 3854567168
  58898   2304627067 289472394 989869221 2304686098 2304627200
  49456   2178977687 1079429229 306613729 2179027248 2178977792
  9746   2299037267 1065729486 1986665981 2299047186 2299037440
  16604   3379108631 3231004980 3250911204 3379125212 3379108608
  97925   2956067827 1333518660 209791040 2955969915 2956067840
  15534   2937236209 2507037441 795003600 2937220690 2937236224
  70520   4031207111 2469116876 1468009721 4031277688 4031207168
  13238   2372739851 1134710152 1944848645 2372726602 2372739840
  81280   4159976747 1363046897 3894943451 4159895680 4159976960
  26846   3134295247 2952829634 2089771172 3134268450 3134295296
  52401   3450902173 1815601375 2942565821 3450849871 3450902272
  5088   2648174539 2171078650 672340873 2648179680 2648174592
  52338   3034244309 2495017640 3019465459 3034296690 3034244352
  64264   3347570869 3258596982 1330723816 3347635208 3347570944
  98552   4182162581 992190699 2824901248 4182064136 4182162688
  29181   2405274253 2222195419 828409939 2405245187 2405274368
  14038   2225709973 1066491690 2145057891 2225724118 2225710080
  88828   3794109443 1286500262 1445685643 3794020612 3794109440
  23462   2841125843 2711673647 2566195134 2841102426 2841125888
  27163   3873033629 905941780 1270987510 3873060891 3873033728
  62011   2807054401 2163076137 1264265945 2807116603 2807054592
  116644   4256507687 367983282 1892773752 4256624548 4256507904
  31950   2532467981 1619253188 687464765 2532436018 2532467968
  12706   2836240961 2074566530 572602257 2836228446 2836241152
  91617   4248757327 3434147561 4151782710 4248665887 4248757504
  28764   3566525141 2718406501 3219146879 3566496420 3566525184
  53166   4230957589 755721277 814133978 4230904402 4230957568
  11402   2429031889 1577924676 2325562789 2429020534 2429031936
  32084   2219186989 109597984 778006486 2219154860 2219186944
  29892   2240531353 1466878732 437939868 2240561348 2240531456
  47976   3184735241 493959018 2193308136 3184783208 3184735232
  31680   3861012959 1839063126 1797982744 3861044672 3861012992
  1051   4289498809 2985890535 1379024690 4289497829 4289498880
  94391   2788380461 740725615 2514508801 2788474807 2788380416
  87366   3576419611 2544910217 285304666 3576506950 3576419584
  15196   4027801021 1022372696 1429076977 4027816284 4027801088
  36438   2887351063 1324901771 1688266270 2887387478 2887351040
  28122   3279364391 2117988112 1916192004 3279336230 3279364352
  47658   3978494467 2630126516 922158647 3978446806 3978494464
  50336   2281388399 1472419359 2089045599 2281438880 2281388544
  63554   3257707153 1419160156 2226725154 3257770818 3257707264
  49903   3285588151 3094298200 157699304 3285538321 3285588224
  60021   2338566283 1252852924 457481796 2338506379 2338566400
  58237   2758166171 2169346143 2544686957 2758108035 2758166272
  8628   3237508811 1203303521 3236844199 3237517492 3237508864
  30404   3048992293 8423332 2915124190 3048961852 3048992256
  16826   3190267799 589842157 2881358223 3190284730 3190267904
  41568   4027748909 2528938549 3564986921 4027790688 4027749120
  33088   4029570133 3750004528 202056357 4029603392 4029570304
  25320   3716863883 63117181 1482755751 3716889320 3716864000
  4184   2683654349 894320923 643229742 2683658584 2683654400
  48884   2950822711 2279983476 1931612736 2950871796 2950822912
  65186   2937664027 2321998122 236966126 2937729186 2937664000
  22355   2242124041 858131115 208070523 2242146387 2242124032
  34857   3448105607 1661636450 1992223837 3448070871 3448105728
  18972   3388354159 18701618 2019364213 3388373276 3388354304
  40600   4069419521 1157687379 586312139 4069460120 4069419520