|diff|    p a b trace_true trace_pred

  54089   0 0 0 -54590 -500
  77157   0 0 0 76632 -525
  19686   0 0 0 -20108 -421
  41547   0 0 0 41044 -503
  42113   0 0 0 -42510 -396
  29656   0 0 0 29259 -397
  43746   0 0 0 43304 -442
  93791   0 0 0 -94294 -502
  31214   0 0 0 30701 -513
  8837   0 0 0 -9314 -476
  27286   0 0 0 26867 -419
  48564   0 0 0 -49088 -523
  41287   0 0 0 40874 -413
  25552   0 0 0 -26018 -465
  59410   0 0 0 58881 -529
  8154   0 0 0 7730 -424
  13170   0 0 0 12744 -426
  38104   0 0 0 -38579 -474
  56869   0 0 0 56334 -535
  15686   0 0 0 -16224 -537
  13653   0 0 0 -14079 -425
  43740   0 0 0 -44256 -515
  50496   0 0 0 -50996 -499
  42420   0 0 0 -42846 -425
  32794   0 0 0 -33234 -439
  91008   0 0 0 90496 -512
  16458   0 0 0 16050 -408
  62337   0 0 0 61826 -511
  21191   0 0 0 -21710 -518
  40074   0 0 0 -40536 -461
  90323   0 0 0 -90761 -437
  87868   0 0 0 87411 -457
  71026   0 0 0 -71466 -439
  48101   0 0 0 -48508 -406
  32271   0 0 0 31837 -434
  81063   0 0 0 -81512 -448
  62688   0 0 0 62136 -552
  73534   0 0 0 -74011 -476
  59209   0 0 0 -59680 -470
  88956   0 0 0 88561 -395
  100386   0 0 0 -100835 -448
  29593   0 0 0 29086 -507
  45350   0 0 0 44939 -411
  42095   0 0 0 -42530 -434
  11388   0 0 0 10853 -535
  58858   0 0 0 -59308 -449
  62398   0 0 0 -62924 -525
  60495   0 0 0 60066 -429
  48437   0 0 0 48006 -431
  86120   0 0 0 -86604 -483
  107033   0 0 0 -107520 -486
  65748   0 0 0 65261 -487
  31624   0 0 0 31200 -424
  13428   0 0 0 12998 -430
  26297   0 0 0 -26704 -406
  26511   0 0 0 26075 -436
  85712   0 0 0 85224 -488
  36223   0 0 0 -36624 -400
  66001   0 0 0 -66510 -508
  90710   0 0 0 -91261 -550
  979   0 0 0 492 -487
  79888   0 0 0 -80317 -428
  53040   0 0 0 54544 1503
  76970   0 0 0 76539 -431
  32986   0 0 0 32516 -470
  34577   0 0 0 34168 -409
  41122   0 0 0 40644 -478
  34885   0 0 0 34334 -551
  91934   0 0 0 91467 -467
  81738   0 0 0 -82124 -385
  73516   0 0 0 73110 -406
  86068   0 0 0 -86616 -547
  34600   0 0 0 -35130 -529
  5613   0 0 0 -6092 -478
  81423   0 0 0 80886 -537
  86292   0 0 0 85752 -540
  45232   0 0 0 -45682 -449
  71068   0 0 0 -71452 -383
  7756   0 0 0 7358 -398
  47452   0 0 0 -47908 -455
  20436   0 0 0 -20991 -554
  65883   0 0 0 -66415 -531
  19078   0 0 0 18677 -401
  93879   0 0 0 93383 -496
  12481   0 0 0 12049 -432
  33394   0 0 0 32854 -540
  27372   0 0 0 26944 -428
  51932   0 0 0 51535 -397
  81642   0 0 0 -82155 -512
  42622   0 0 0 -43166 -543
  5327   0 0 0 4869 -458
  18775   0 0 0 18375 -400
  49785   0 0 0 -50255 -469
  45954   0 0 0 45432 -522
  27006   0 0 0 -27546 -539
  36379   0 0 0 35854 -525
  6621   0 0 0 6106 -515
  56880   0 0 0 -55792 1088
  71117   0 0 0 -71663 -545
  47923   0 0 0 47499 -424
  16486   0 0 0 -16891 -404
  25596   0 0 0 25152 -444
  76893   0 0 0 76480 -413
  36576   0 0 0 36124 -452
  50366   0 0 0 -50779 -412
  20347   0 0 0 19888 -459
  113206   0 0 0 112699 -507
  32383   0 0 0 31964 -419
  38415   0 0 0 37911 -504
  70829   0 0 0 -71258 -428
  71786   0 0 0 71279 -507
  63515   0 0 0 62986 -529
  60429   0 0 0 59922 -507
  67478   0 0 0 -67993 -514
  22466   0 0 0 21987 -479
  35660   0 0 0 -36136 -475
  66613   0 0 0 -67099 -485
  7162   0 0 0 -7636 -473
  11447   0 0 0 10978 -469
  31808   0 0 0 31368 -440
  37567   0 0 0 37036 -531
  81180   0 0 0 -81621 -440
  26142   0 0 0 -26552 -409
  98199   0 0 0 97752 -447
  44549   0 0 0 44140 -409
  5850   0 0 0 5345 -505
  11638   0 0 0 11195 -443
  17375   0 0 0 16871 -504
  44204   0 0 0 43675 -529
  45692   0 0 0 -46158 -465
  27635   0 0 0 -28046 -410
  79290   0 0 0 78900 -390
  78062   0 0 0 -78578 -515
  13695   0 0 0 13258 -437
  61669   0 0 0 -62170 -500
  14001   0 0 0 13586 -415
  10800   0 0 0 -11286 -485
  54465   0 0 0 53960 -505
  45246   0 0 0 -45757 -510
  82865   0 0 0 -83361 -495
  24686   0 0 0 -25077 -390
  7157   0 0 0 -7615 -457
  104809   0 0 0 104306 -503
  90753   0 0 0 90326 -427
  52541   0 0 0 52103 -438
  91513   0 0 0 -92062 -548
  6619   0 0 0 -7033 -413
  25109   0 0 0 -25638 -528
  66247   0 0 0 65764 -483
  34534   0 0 0 34089 -445
  15920   0 0 0 -16344 -423
  43593   0 0 0 43054 -539
  93250   0 0 0 92768 -482
  6480   0 0 0 6082 -398
  40707   0 0 0 -41109 -401
  49707   0 0 0 -50170 -462
  13758   0 0 0 13267 -491
  23643   0 0 0 -24193 -549
  53141   0 0 0 -53618 -476
  23529   0 0 0 23120 -409
  84319   0 0 0 -84832 -512
  20460   0 0 0 19967 -493
  49005   0 0 0 48492 -513
  33037   0 0 0 32495 -542
  749   0 0 0 342 -407
  57969   0 0 0 57542 -427
  92949   0 0 0 -93380 -430
  4880   0 0 0 4360 -520
  24408   0 0 0 23961 -447
  10715   0 0 0 10266 -449
  59538   0 0 0 -60020 -481
  55093   0 0 0 -55586 -492
  69009   0 0 0 -69416 -406
  48225   0 0 0 47762 -463
  9109   0 0 0 -9519 -409
  71458   0 0 0 -71910 -451
  66873   0 0 0 66403 -470
  8271   0 0 0 -8783 -511
  73223   0 0 0 72684 -539
  71300   0 0 0 70747 -553
  3342   0 0 0 2882 -460
  16515   0 0 0 -17026 -510
  21126   0 0 0 -14450 6676
  42861   0 0 0 42453 -408
  89755   0 0 0 -90282 -526
  5027   0 0 0 4534 -493
  8544   0 0 0 -8975 -430
  3792   0 0 0 -4286 -493
  29731   0 0 0 -30184 -452
  5654   0 0 0 5142 -512
  78737   0 0 0 -79200 -462
  30655   0 0 0 30236 -419
  76980   0 0 0 -77508 -527
  37601   0 0 0 37125 -476
  69741   0 0 0 69290 -451
  32584   0 0 0 32190 -394
  21322   0 0 0 -21710 -387
  83570   0 0 0 -84084 -513
  57134   0 0 0 56699 -435
  89998   0 0 0 89602 -396
  8568   0 0 0 8033 -535
  11386   0 0 0 -11934 -547
  76948   0 0 0 76515 -433
  8396   0 0 0 7913 -483
  44634   0 0 0 -45070 -435
  46343   0 0 0 45816 -527
  76682   0 0 0 -77206 -523
  86318   0 0 0 -86830 -511
  31917   0 0 0 31408 -509
  114581   0 0 0 -115100 -518
  44667   0 0 0 44215 -452
  35460   0 0 0 35022 -438
  100949   0 0 0 100480 -469
  55248   0 0 0 -55671 -422
  32830   0 0 0 32386 -444
  26096   0 0 0 -26660 -563
  4327   0 0 0 3893 -434
  85341   0 0 0 85364 22
  9454   0 0 0 -9911 -456
  68951   0 0 0 -69502 -550
  24211   0 0 0 23802 -409
  65582   0 0 0 -65979 -396
  81961   0 0 0 -82410 -448
  5327   0 0 0 4846 -481
  52526   0 0 0 -52947 -420
  31143   0 0 0 -31674 -530
  36304   0 0 0 35791 -513
  69134   0 0 0 -69590 -455
  40036   0 0 0 -40451 -414
  24628   0 0 0 24182 -446
  90451   0 0 0 -90911 -459
  23294   0 0 0 -23692 -397
  24805   0 0 0 -25341 -535
  16183   0 0 0 -16640 -456
  102521   0 0 0 -103049 -527
  101387   0 0 0 100852 -535
  66190   0 0 0 -66699 -508
  10234   0 0 0 9730 -504
  12359   0 0 0 -12888 -528
  79018   0 0 0 -79552 -533
  27272   0 0 0 26796 -476
  48315   0 0 0 47808 -507
  27293   0 0 0 -27789 -495
  6375   0 0 0 -6773 -397
  24245   0 0 0 -24708 -462
  67095   0 0 0 66650 -445
  8868   0 0 0 8392 -476
  49049   0 0 0 -49446 -396
  22171   0 0 0 21744 -427
  55008   0 0 0 -55504 -495
  38049   0 0 0 -38502 -452
  89234   0 0 0 -89643 -408
  2391   0 0 0 1871 -520
  10387   0 0 0 9874 -513
  397   0 0 0 -101 -498
  111381   0 0 0 -111890 -508
  32758   0 0 0 32224 -534
  29110   0 0 0 -29610 -499
  69599   0 0 0 -70010 -410
  27947   0 0 0 -28468 -520
  72764   0 0 0 72238 -526
  12815   0 0 0 12282 -533
  8024   0 0 0 -8518 -493
  19293   0 0 0 -19740 -446
  82550   0 0 0 82100 -450
  48473   0 0 0 -48996 -522
  50053   0 0 0 49626 -427
  31415   0 0 0 30963 -452
  59616   0 0 0 -60045 -428
  16510   0 0 0 16030 -480
  17138   0 0 0 -17640 -501
  93920   0 0 0 93378 -542
  80348   0 0 0 79937 -411
  39633   0 0 0 39128 -505
  5192   0 0 0 4796 -396
  15538   0 0 0 15143 -395
  8490   0 0 0 8056 -434
  37629   0 0 0 -38130 -500
  44040   0 0 0 -44503 -462
  8375   0 0 0 -8887 -511
  84898   0 0 0 84371 -527
  27793   0 0 0 -28224 -430
  11997   0 0 0 -12538 -540
  28751   0 0 0 -29308 -556
  41140   0 0 0 -41549 -408
  21247   0 0 0 -21767 -519
  34978   0 0 0 -35408 -429
  73442   0 0 0 -73874 -431
  88057   0 0 0 87510 -547
  15848   0 0 0 -16236 -387
  45704   0 0 0 -46100 -395
  18674   0 0 0 18133 -541
  45309   0 0 0 44841 -468
  5284   0 0 0 -5827 -542
  925   0 0 0 -1330 -404
  33749   0 0 0 33291 -458
  6323   0 0 0 -6739 -415
  32672   0 0 0 32175 -497
  53627   0 0 0 53140 -487
  6158   0 0 0 -6700 -541
  20475   0 0 0 -20952 -476
  103587   0 0 0 -104100 -512
  56069   0 0 0 -56578 -508
  52594   0 0 0 -52984 -389
  31817   0 0 0 -32218 -400
  19485   0 0 0 -19886 -400
  14892   0 0 0 -15305 -412
  8634   0 0 0 8139 -495
  55971   0 0 0 55421 -550
  8934   0 0 0 8490 -444
  64013   0 0 0 63621 -392
  13549   0 0 0 -13974 -424
  18573   0 0 0 18086 -487
  4302   0 0 0 -4739 -436
  19176   0 0 0 18712 -464
  99307   0 0 0 98809 -498
  2161   0 0 0 1694 -467
  82104   0 0 0 -82564 -459
  63085   0 0 0 -63480 -394
  47760   0 0 0 -48223 -462
  34395   0 0 0 -34824 -428
  10100   0 0 0 -10618 -517
  24794   0 0 0 24256 -538
  70182   0 0 0 69654 -528
  77713   0 0 0 77196 -517
  59275   0 0 0 58844 -431
  87744   0 0 0 -88267 -522
  33237   0 0 0 32766 -471
  75191   0 0 0 -75710 -518
  33693   0 0 0 -34204 -510
  59504   0 0 0 59012 -492
  79887   0 0 0 -80294 -406
  36303   0 0 0 35750 -553
  20640   0 0 0 20188 -452
  65464   0 0 0 64944 -520
  46465   0 0 0 46060 -405
  80009   0 0 0 -80552 -542
  80933   0 0 0 -81459 -525
  66524   0 0 0 66074 -450
  72505   0 0 0 -72937 -431
  26630   0 0 0 26170 -460
  33039   0 0 0 -33489 -449
  82677   0 0 0 82224 -453
  71696   0 0 0 -72180 -483
  70683   0 0 0 -71115 -431
  740   0 0 0 330 -410
  90891   0 0 0 90452 -439
  37747   0 0 0 -38260 -512
  49592   0 0 0 -49983 -390
  16116   0 0 0 15680 -436
  85558   0 0 0 85060 -498
  59996   0 0 0 -60439 -442
  90005   0 0 0 -90458 -452
  7150   0 0 0 -7707 -556
  18158   0 0 0 -18678 -519
  103136   0 0 0 -103680 -543
  3779   0 0 0 3272 -507
  3884   0 0 0 3444 -440
  84170   0 0 0 83624 -546
  83289   0 0 0 82801 -488
  67466   0 0 0 -67973 -506
  35320   0 0 0 34824 -496
  67277   0 0 0 -67792 -514
  16458   0 0 0 -16896 -437
  16029   0 0 0 15543 -486
  25982   0 0 0 25508 -474
  20496   0 0 0 19963 -533
  32375   0 0 0 -32834 -458
  14014   0 0 0 13566 -448
  7428   0 0 0 7023 -405
  43390   0 0 0 -43901 -510
  3703   0 0 0 3312 -391
  64852   0 0 0 -65270 -417
  64063   0 0 0 -64607 -543
  18079   0 0 0 17587 -492
  47702   0 0 0 -48130 -427
  69242   0 0 0 68788 -454
  87448   0 0 0 -87967 -518
  35958   0 0 0 -36402 -443
  123434   0 0 0 122892 -542
  11945   0 0 0 -12462 -516
  63345   0 0 0 62861 -484
  40630   0 0 0 -41036 -405
  45992   0 0 0 45517 -475
  107837   0 0 0 -108377 -539
  62285   0 0 0 -62770 -484
  31109   0 0 0 -31602 -492
  24743   0 0 0 24322 -421
  5030   0 0 0 -5452 -421
  33581   0 0 0 -33990 -408
  14239   0 0 0 13780 -459
  2356   0 0 0 1956 -400
  32309   0 0 0 31866 -443
  24028   0 0 0 23557 -471
  82712   0 0 0 -83238 -525
  45871   0 0 0 -46414 -542
  91932   0 0 0 91470 -462
  14485   0 0 0 -14936 -450
  20625   0 0 0 -21074 -448
  43093   0 0 0 -43610 -516
  53615   0 0 0 -54160 -544
  122679   0 0 0 -123212 -532
  94199   0 0 0 -94746 -546
  49460   0 0 0 48972 -488
  39692   0 0 0 -40147 -454
  95372   0 0 0 -95894 -521
  72229   0 0 0 71745 -484
  50126   0 0 0 49613 -513
  39484   0 0 0 -40000 -515
  57199   0 0 0 -57717 -517
  17260   0 0 0 -17746 -485
  13784   0 0 0 13302 -482
  47111   0 0 0 -47611 -499
  32615   0 0 0 32177 -438
  99032   0 0 0 98540 -492
  42507   0 0 0 41957 -550
  48266   0 0 0 -48722 -455
  22824   0 0 0 -23330 -505
  35280   0 0 0 -35716 -435
  62450   0 0 0 -62877 -426
  80834   0 0 0 80345 -489
  50662   0 0 0 -51137 -474
  65199   0 0 0 -65715 -515
  14798   0 0 0 -15219 -420
  18355   0 0 0 -18811 -455
  51745   0 0 0 51276 -469
  28367   0 0 0 -28894 -526
  28992   0 0 0 -29417 -424
  102157   0 0 0 -102599 -441
  82170   0 0 0 81707 -463
  77150   0 0 0 76727 -423
  44011   0 0 0 43481 -530
  45580   0 0 0 -46050 -469
  12981   0 0 0 12564 -417
  123521   0 0 0 122985 -536
  91322   0 0 0 -91821 -498
  51535   0 0 0 51051 -484
  79085   0 0 0 78577 -508
  91912   0 0 0 -92444 -531
  81374   0 0 0 80828 -546
  4912   0 0 0 -5406 -493
  28550   0 0 0 28127 -423
  64731   0 0 0 -65251 -519
  12733   0 0 0 12214 -519
  86637   0 0 0 -87186 -548
  95000   0 0 0 -95430 -429
  82365   0 0 0 -82858 -492
  79989   0 0 0 -80418 -428
  4340   0 0 0 -4809 -468
  35020   0 0 0 -35488 -467
  28815   0 0 0 -29242 -426
  14790   0 0 0 14274 -516
  34517   0 0 0 34076 -441
  35347   0 0 0 -35839 -491
  80660   0 0 0 -81054 -393
  30272   0 0 0 -30715 -442
  91147   0 0 0 90678 -469
  57707   0 0 0 57322 -385
  18015   0 0 0 17568 -447
  30279   0 0 0 -30748 -468
  77362   0 0 0 -77776 -413
  75463   0 0 0 -75969 -505
  88174   0 0 0 -88589 -414
  20145   0 0 0 -20554 -408
  30417   0 0 0 -30814 -396
  49300   0 0 0 48766 -534
  42204   0 0 0 -42621 -416
  83094   0 0 0 -83540 -445
  11449   0 0 0 10925 -524
  20319   0 0 0 19908 -411
  27070   0 0 0 26622 -448
  76130   0 0 0 75618 -512
  6971   0 0 0 -7446 -474
  41394   0 0 0 -41787 -392
  31170   0 0 0 -31615 -444
  44319   0 0 0 43856 -463
  40548   0 0 0 -41017 -468
  19344   0 0 0 18840 -504
  76711   0 0 0 76275 -436
  53479   0 0 0 53076 -403
  62274   0 0 0 61757 -517
  79516   0 0 0 -80030 -513
  16103   0 0 0 15708 -395
  2512   0 0 0 2032 -480
  78077   0 0 0 -77808 269
  28463   0 0 0 -28913 -449
  58934   0 0 0 -59423 -488
  34602   0 0 0 -35044 -441
  80602   0 0 0 -81109 -506
  22709   0 0 0 22324 -385
  56926   0 0 0 56456 -470
  55774   0 0 0 -56306 -531
  42602   0 0 0 42068 -534
  1501   0 0 0 -2016 -514
  17634   0 0 0 17142 -492
  44021   0 0 0 -44478 -456
  84802   0 0 0 -85272 -469
  47268   0 0 0 -47770 -501
  36059   0 0 0 35634 -425
  4789   0 0 0 4377 -412
  26525   0 0 0 -26996 -470
  41317   0 0 0 40782 -535
  16293   0 0 0 15855 -438
  19129   0 0 0 -19524 -394
  47456   0 0 0 47026 -430
  61512   0 0 0 -61936 -423
  55573   0 0 0 -56057 -483
  90979   0 0 0 -91442 -462
  109275   0 0 0 108750 -525
  23802   0 0 0 23268 -534
  92082   0 0 0 -92508 -425
  25921   0 0 0 -26474 -552
  12295   0 0 0 -12808 -512
  34839   0 0 0 34370 -469
  16119   0 0 0 15700 -419
  17552   0 0 0 -18086 -533
  1721   0 0 0 1284 -437
  47924   0 0 0 47412 -512
  12800   0 0 0 -13272 -471
  67518   0 0 0 67126 -392
  4266   0 0 0 3816 -450
  43543   0 0 0 43080 -463
  108764   0 0 0 108230 -534
  50024   0 0 0 49499 -525
  40775   0 0 0 40306 -469
  93678   0 0 0 93188 -490
  48064   0 0 0 -48584 -519
  101311   0 0 0 -101785 -473
  10441   0 0 0 9985 -456
  56551   0 0 0 56156 -395
  68636   0 0 0 -69171 -534
  19500   0 0 0 -19929 -428
  38757   0 0 0 38321 -436
  79538   0 0 0 -80066 -527
  105965   0 0 0 105448 -517
  100478   0 0 0 -101028 -549
  44420   0 0 0 -44968 -547
  110762   0 0 0 110244 -518
  16182   0 0 0 -16734 -551
  32400   0 0 0 -32928 -527
  83541   0 0 0 -84072 -530
  39251   0 0 0 -39666 -414
  66423   0 0 0 65896 -527
  46541   0 0 0 -47015 -473
  71798   0 0 0 71309 -489
  43059   0 0 0 42510 -549
  76575   0 0 0 -77127 -551
  83795   0 0 0 -84212 -416
  19627   0 0 0 19079 -548
  96222   0 0 0 -96682 -459
  6221   0 0 0 5776 -445
  20791   0 0 0 20368 -423
  91709   0 0 0 91265 -444
  108642   0 0 0 108152 -490
  26431   0 0 0 -26882 -450
  35393   0 0 0 -35918 -524
  43577   0 0 0 43074 -503
  66427   0 0 0 -66885 -457
  99242   0 0 0 -99789 -546
  95196   0 0 0 94698 -498
  41546   0 0 0 -41963 -416
  1303   0 0 0 -1733 -429
  79767   0 0 0 -80190 -422
  34008   0 0 0 33564 -444
  22383   0 0 0 21866 -517
  80433   0 0 0 -80850 -416
  68812   0 0 0 -69341 -528
  14188   0 0 0 13739 -449
  105172   0 0 0 -105719 -546
  20022   0 0 0 19492 -530
  51126   0 0 0 -51256 -129
  4964   0 0 0 -5435 -470
  26274   0 0 0 25788 -486
  39481   0 0 0 38986 -495
  95138   0 0 0 -95590 -451
  7259   0 0 0 -7669 -409
  27565   0 0 0 -28084 -518
  92129   0 0 0 91607 -522
  39658   0 0 0 39186 -472
  57832   0 0 0 57326 -506
  61280   0 0 0 60770 -510
  55644   0 0 0 -56106 -461
  60289   0 0 0 -58892 1397
  20666   0 0 0 -21222 -555
  61465   0 0 0 61048 -417
  44992   0 0 0 44596 -396
  23547   0 0 0 -23956 -408
  19615   0 0 0 19182 -433
  98381   0 0 0 -98883 -501
  31653   0 0 0 -32076 -422
  17408   0 0 0 16995 -413
  14996   0 0 0 -15488 -491
  22846   0 0 0 -23400 -553
  54283   0 0 0 -54806 -522
  60032   0 0 0 59493 -539
  88554   0 0 0 88093 -461
  64299   0 0 0 63839 -460
  14268   0 0 0 13711 -557
  36165   0 0 0 -36558 -392
  62873   0 0 0 62323 -550
  13430   0 0 0 -13941 -510
  102793   0 0 0 102318 -475
  48800   0 0 0 -49332 -531
  59199   0 0 0 -59676 -476
  85713   0 0 0 85188 -525
  35557   0 0 0 -35958 -400
  59534   0 0 0 -60042 -507
  124187   0 0 0 123669 -518
  80683   0 0 0 -81187 -503
  44096   0 0 0 43569 -527
  69046   0 0 0 -69532 -485
  78635   0 0 0 78238 -397
  86684   0 0 0 -87190 -505
  26139   0 0 0 25646 -493
  26300   0 0 0 -26764 -463
  91120   0 0 0 90669 -451
  95187   0 0 0 94758 -429
  5513   0 0 0 5121 -392
  28453   0 0 0 -28976 -522
  10682   0 0 0 10229 -453
  8857   0 0 0 -9268 -410
  50531   0 0 0 -51024 -492
  39595   0 0 0 -40076 -480
  63580   0 0 0 63024 -556
  108415   0 0 0 -108966 -550
  27033   0 0 0 26596 -437
  93532   0 0 0 -93967 -434
  7319   0 0 0 -7726 -406
  71487   0 0 0 71092 -395
  34886   0 0 0 -35318 -431
  103947   0 0 0 -104414 -466
  90162   0 0 0 89654 -508
  36430   0 0 0 -36895 -464
  81968   0 0 0 -82502 -533
  26450   0 0 0 25917 -533
  90445   0 0 0 -90932 -486
  80272   0 0 0 79732 -540
  8014   0 0 0 7516 -498
  23016   0 0 0 -23419 -402
  60055   0 0 0 -60591 -535
  86456   0 0 0 86038 -418
  94291   0 0 0 93831 -460
  99617   0 0 0 -100111 -493
  5256   0 0 0 15650 10393
  25388   0 0 0 -25863 -474
  29819   0 0 0 29342 -477
  81713   0 0 0 81180 -533
  34574   0 0 0 -35062 -487
  39088   0 0 0 38619 -469
  44227   0 0 0 -44752 -524
  32712   0 0 0 -33141 -428
  71309   0 0 0 -71766 -456
  5873   0 0 0 -6339 -465
  105565   0 0 0 105042 -523
  89346   0 0 0 88806 -540
  71835   0 0 0 -72379 -543
  37641   0 0 0 37183 -458
  101971   0 0 0 101422 -549
  23858   0 0 0 23451 -407
  57512   0 0 0 -57978 -465
  114828   0 0 0 114287 -541
  69421   0 0 0 -69824 -402
  64172   0 0 0 63683 -489
  60906   0 0 0 -61414 -507
  112794   0 0 0 112550 -244
  54062   0 0 0 -54588 -525
  20059   0 0 0 19585 -474
  8526   0 0 0 8134 -392
  54824   0 0 0 -55357 -532
  21754   0 0 0 21296 -458
  82227   0 0 0 81798 -429
  92611   0 0 0 92113 -498
  94807   0 0 0 -95278 -470
  47619   0 0 0 47206 -413
  66164   0 0 0 65727 -437
  67474   0 0 0 67067 -407
  20160   0 0 0 19737 -423
  46719   0 0 0 -47115 -395
  6605   0 0 0 -7024 -418
  19316   0 0 0 -19706 -389
  65257   0 0 0 64782 -475
  5550   0 0 0 5066 -484
  25051   0 0 0 24622 -429
  36504   0 0 0 36042 -462
  7225   0 0 0 6718 -507
  71930   0 0 0 -72464 -533
  74773   0 0 0 -75236 -462
  67645   0 0 0 -68160 -514
  14127   0 0 0 13576 -551
  88600   0 0 0 -89125 -524
  41917   0 0 0 41414 -503
  84771   0 0 0 -85284 -512
  22047   0 0 0 21654 -393
  59089   0 0 0 58636 -453
  58488   0 0 0 57976 -512
  13715   0 0 0 13325 -390
  32307   0 0 0 -32815 -507
  63538   0 0 0 63007 -531
  91431   0 0 0 90915 -516
  5036   0 0 0 4577 -459
  10412   0 0 0 9975 -437
  46279   0 0 0 45856 -423
  53229   0 0 0 -53694 -464
  69349   0 0 0 68919 -430
  89242   0 0 0 88766 -476
  89723   0 0 0 -90264 -540
  4686   0 0 0 4239 -447
  58313   0 0 0 -58750 -436
  46984   0 0 0 -47442 -457
  85470   0 0 0 85000 -470
  38034   0 0 0 37535 -499
  19533   0 0 0 19054 -479
  4925   0 0 0 4472 -453
  5664   0 0 0 -6184 -519
  39329   0 0 0 -39831 -501
  42716   0 0 0 -43198 -481
  54547   0 0 0 54020 -527
  78072   0 0 0 -77210 862
  104368   0 0 0 -104844 -475
  83727   0 0 0 83330 -397
  24563   0 0 0 -24957 -393
  43894   0 0 0 -44410 -515
  28464   0 0 0 27919 -545
  30219   0 0 0 -30718 -498
  14070   0 0 0 -14490 -419
  9478   0 0 0 -9882 -403
  438   0 0 0 -916 -477
  22123   0 0 0 21584 -539
  33683   0 0 0 33243 -440
  42959   0 0 0 42534 -425
  100189   0 0 0 99689 -500
  40678   0 0 0 -41141 -462
  77600   0 0 0 77198 -402
  20472   0 0 0 -20890 -417
  51141   0 0 0 -51531 -389
  99639   0 0 0 -100178 -538
  96419   0 0 0 95888 -531
  87800   0 0 0 87290 -510
  31217   0 0 0 30936 -281
  55260   0 0 0 54798 -462
  97499   0 0 0 97052 -447
  45778   0 0 0 -46184 -405
  8679   0 0 0 -9150 -470
  20686   0 0 0 -21124 -437
  46957   0 0 0 46505 -452
  53527   0 0 0 52992 -535
  47484   0 0 0 46956 -528
  84955   0 0 0 -85411 -455
  6782   0 0 0 -7248 -465
  51476   0 0 0 50950 -526
  70861   0 0 0 70428 -433
  96138   0 0 0 95675 -463
  24970   0 0 0 24498 -472
  40126   0 0 0 -40552 -425
  91015   0 0 0 90495 -520
  111911   0 0 0 -112448 -536
  46732   0 0 0 -47166 -433
  7945   0 0 0 -8424 -478
  16950   0 0 0 16408 -542
  26719   0 0 0 -27230 -510
  96349   0 0 0 95910 -439
  35310   0 0 0 -35790 -479
  25116   0 0 0 24590 -526
  33672   0 0 0 -34121 -448
  40297   0 0 0 -40714 -416
  61307   0 0 0 -61754 -446
  34527   0 0 0 34134 -393
  71527   0 0 0 71147 -380
  106120   0 0 0 105653 -467
  50599   0 0 0 50202 -397
  52873   0 0 0 52419 -454
  29229   0 0 0 28786 -443
  78006   0 0 0 77576 -430
  15377   0 0 0 -15896 -518
  11859   0 0 0 11444 -415
  34435   0 0 0 -34924 -488
  97128   0 0 0 96666 -462
  94147   0 0 0 -94550 -402
  60096   0 0 0 59590 -506
  22379   0 0 0 -22914 -534
  51839   0 0 0 -52270 -430
  65569   0 0 0 -66026 -456
  100199   0 0 0 -100708 -508
  33102   0 0 0 -33588 -485
  82277   0 0 0 -82785 -507
  11834   0 0 0 11357 -477
  28142   0 0 0 27674 -468
  55475   0 0 0 -55933 -457
  13395   0 0 0 12859 -536
  60905   0 0 0 60471 -434
  48602   0 0 0 -48995 -392
  69279   0 0 0 68852 -427
  56802   0 0 0 -57304 -501
  94309   0 0 0 93795 -514
  51049   0 0 0 -51487 -437
  43419   0 0 0 43002 -417
  38889   0 0 0 38362 -527
  58752   0 0 0 58288 -464
  31881   0 0 0 -32360 -478
  2144   0 0 0 -2634 -489
  76880   0 0 0 76374 -506
  33538   0 0 0 -34005 -466
  68156   0 0 0 -68565 -408
  51644   0 0 0 -52079 -434
  6510   0 0 0 -6906 -395
  36493   0 0 0 -36889 -395
  29304   0 0 0 -29706 -401
  18553   0 0 0 18022 -531
  56043   0 0 0 55514 -529
  43850   0 0 0 -44252 -401
  57887   0 0 0 -58384 -496
  35661   0 0 0 35134 -527
  51495   0 0 0 50996 -499
  18227   0 0 0 17750 -477
  25701   0 0 0 -26195 -493
  59579   0 0 0 59035 -544
  14342   0 0 0 13920 -422
  19442   0 0 0 18910 -532
  31454   0 0 0 -31854 -399
  33005   0 0 0 -33406 -400
  2188   0 0 0 -2647 -458
  66138   0 0 0 65625 -513
  45550   0 0 0 45153 -397
  35426   0 0 0 -25877 9549
  84643   0 0 0 -85099 -455
  55996   0 0 0 55448 -548
  35451   0 0 0 -35860 -408
  27585   0 0 0 -27329 256
  86917   0 0 0 86518 -399
  39025   0 0 0 -39463 -437
  88669   0 0 0 88183 -486
  8789   0 0 0 -9294 -504
  82190   0 0 0 81795 -395
  76556   0 0 0 76136 -420
  10664   0 0 0 10138 -526
  79084   0 0 0 -79625 -540
  57328   0 0 0 -57790 -461
  57549   0 0 0 57072 -477
  117477   0 0 0 -117992 -514
  100634   0 0 0 100171 -463
  105120   0 0 0 104668 -452
  32904   0 0 0 -33302 -397
  45026   0 0 0 44553 -473
  72867   0 0 0 -73388 -520
  101555   0 0 0 101088 -467
  58764   0 0 0 -59151 -386
  53011   0 0 0 -53532 -520
  111473   0 0 0 110993 -480
  11452   0 0 0 -11927 -474
  6585   0 0 0 6173 -412
  39501   0 0 0 -39986 -484
  66363   0 0 0 -66756 -392
  78579   0 0 0 -78988 -408
  28954   0 0 0 -29458 -503
  7995   0 0 0 7527 -468
  16029   0 0 0 15629 -400
  36474   0 0 0 36058 -416
  37192   0 0 0 36668 -524
  8004   0 0 0 7562 -442
  40995   0 0 0 -41516 -520
  78748   0 0 0 78326 -422
  61293   0 0 0 -61839 -545
  3727   0 0 0 3310 -417
  49711   0 0 0 49290 -421
  108215   0 0 0 -108703 -487
  1181   0 0 0 -1623 -441
  52347   0 0 0 -52778 -430
  13229   0 0 0 12838 -391
  80468   0 0 0 -80928 -459
  77660   0 0 0 77210 -450
  13687   0 0 0 13181 -506
  91775   0 0 0 -92206 -430
  90149   0 0 0 -90680 -530
  27059   0 0 0 26522 -537
  112236   0 0 0 111700 -536
  7300   0 0 0 6824 -476
  45660   0 0 0 45176 -484
  32582   0 0 0 -33116 -533
  22929   0 0 0 -23346 -416
  2787   0 0 0 2245 -542
  3477   0 0 0 2985 -492
  108503   0 0 0 107991 -512
  12098   0 0 0 -12580 -481
  10149   0 0 0 -10614 -464
  10506   0 0 0 -10993 -486
  64710   0 0 0 -65126 -415
  64226   0 0 0 -64664 -437
  12953   0 0 0 12528 -425
  64054   0 0 0 63612 -442
  61962   0 0 0 -62406 -443
  71378   0 0 0 -71868 -489
  42988   0 0 0 42450 -538
  106018   0 0 0 -106551 -532
  18791   0 0 0 -19265 -473
  35195   0 0 0 34784 -411
  25592   0 0 0 25185 -407
  7250   0 0 0 6758 -492
  24947   0 0 0 -25428 -480
  39213   0 0 0 -39694 -480
  63541   0 0 0 63016 -525
  55933   0 0 0 55441 -492
  92883   0 0 0 -93342 -458
  18155   0 0 0 -18668 -512
  74875   0 0 0 -75320 -444
  52956   0 0 0 -53434 -477
  37733   0 0 0 37280 -453
  60419   0 0 0 59914 -505
  45551   0 0 0 -46072 -520
  23135   0 0 0 -23680 -544
  84215   0 0 0 -84763 -547
  16920   0 0 0 -17458 -537
  121782   0 0 0 121244 -538
  26402   0 0 0 25940 -462
  84303   0 0 0 -84740 -436
  73542   0 0 0 73122 -420
  29084   0 0 0 -29576 -491
  95960   0 0 0 95439 -521
  77526   0 0 0 -78042 -515
  29753   0 0 0 -30168 -414
  3601   0 0 0 -4062 -460
  39673   0 0 0 -40177 -503
  36243   0 0 0 35689 -554
  89661   0 0 0 -90213 -551
  58441   0 0 0 -58844 -402
  48050   0 0 0 47582 -468
  51125   0 0 0 50605 -520
  21581   0 0 0 21111 -470
  83522   0 0 0 83034 -488
  11160   0 0 0 -11676 -515
  8243   0 0 0 7828 -415
  26250   0 0 0 -26647 -396
  22689   0 0 0 -23237 -547
  16157   0 0 0 -16698 -540
  35213   0 0 0 34736 -477
  67166   0 0 0 66774 -392
  19986   0 0 0 -19404 582
  71385   0 0 0 70882 -503
  62522   0 0 0 62129 -393
  62829   0 0 0 -63362 -532
  79451   0 0 0 -77467 1984
  29468   0 0 0 -29871 -402
  61594   0 0 0 -62115 -520
  5320   0 0 0 -5848 -527
  25506   0 0 0 -25991 -484
  12711   0 0 0 -13180 -468
  70496   0 0 0 -71010 -513
  43137   0 0 0 -43686 -548
  60965   0 0 0 60471 -494
  64509   0 0 0 64063 -446
  10254   0 0 0 -10742 -487
  69893   0 0 0 69450 -443
  2293   0 0 0 1833 -460
  42638   0 0 0 -43142 -503
  6561   0 0 0 -7058 -496
  59880   0 0 0 59484 -396
  74210   0 0 0 -74724 -513
  26409   0 0 0 25978 -431
  101860   0 0 0 101356 -504
  67702   0 0 0 -68174 -471
  24582   0 0 0 -25001 -418
  49712   0 0 0 49286 -426
  40291   0 0 0 39832 -459
  6502   0 0 0 5976 -526
  57800   0 0 0 57309 -491
  64795   0 0 0 -65274 -478
  38322   0 0 0 -38738 -415
  47909   0 0 0 -48420 -510
  20754   0 0 0 -21294 -539
  17204   0 0 0 -17752 -547
  10446   0 0 0 -10964 -517
  70591   0 0 0 70148 -443
  30043   0 0 0 29632 -411
  18675   0 0 0 -19086 -410
  26902   0 0 0 26354 -548
  14681   0 0 0 14235 -446
  113352   0 0 0 -113901 -548
  69155   0 0 0 -63590 5565
  16199   0 0 0 -16632 -432
  33315   0 0 0 32788 -527
  77387   0 0 0 -77861 -473
  40398   0 0 0 39868 -530
  41177   0 0 0 -41580 -402
  71094   0 0 0 -71629 -534
  799   0 0 0 -1354 -554
  38179   0 0 0 37658 -521
  15189   0 0 0 14733 -456
  36920   0 0 0 36477 -443
  17148   0 0 0 -17540 -391
  86122   0 0 0 85576 -546
  6792   0 0 0 -7267 -474
  17144   0 0 0 -17564 -419
  20052   0 0 0 19550 -502
  37904   0 0 0 37406 -498
  120345   0 0 0 119816 -529
  48080   0 0 0 -48468 -387
  93276   0 0 0 -93751 -474
  18735   0 0 0 -19170 -434
  67040   0 0 0 66514 -526
  47111   0 0 0 -47648 -536
  74458   0 0 0 74042 -416
  19630   0 0 0 19094 -536
  716   0 0 0 -1100 -383
  61707   0 0 0 -62100 -392
  20708   0 0 0 20274 -434
  88141   0 0 0 -88572 -430
  21591   0 0 0 -22101 -509
  90791   0 0 0 90237 -554
  32136   0 0 0 -32552 -415
  32309   0 0 0 31880 -429
  48024   0 0 0 47540 -484
  58324   0 0 0 57876 -448
  33808   0 0 0 -34325 -516
  46083   0 0 0 -46476 -392
  21355   0 0 0 -21788 -432
  47712   0 0 0 -48117 -404
  8328   0 0 0 -8733 -404
  76973   0 0 0 76549 -424
  44841   0 0 0 -45352 -510
  3927   0 0 0 -4368 -440
  13149   0 0 0 12666 -483
  25865   0 0 0 25366 -499
  2632   0 0 0 2077 -555
  17131   0 0 0 -17652 -520
  12660   0 0 0 -13148 -487
  70995   0 0 0 70507 -488
  40518   0 0 0 40116 -402
  40799   0 0 0 -41353 -553
  105330   0 0 0 -105826 -495
  67347   0 0 0 -67783 -435
  14380   0 0 0 -14904 -523
  5792   0 0 0 5256 -536
  69144   0 0 0 68627 -517
  57202   0 0 0 56686 -516
  90516   0 0 0 90042 -474
  37407   0 0 0 -37834 -426
  42450   0 0 0 -42976 -525
  34282   0 0 0 33882 -400
  44803   0 0 0 -45319 -515
  4144   0 0 0 3708 -436
  79025   0 0 0 78532 -493
  17165   0 0 0 16704 -461
  26190   0 0 0 25679 -511
  72868   0 0 0 72375 -493
  106166   0 0 0 -106635 -468
  100783   0 0 0 100262 -521
  83210   0 0 0 -83646 -435
  67766   0 0 0 -68176 -409
  7768   0 0 0 -8201 -432
  32184   0 0 0 -32637 -452
  4018   0 0 0 -4534 -515
  2870   0 0 0 -3388 -517
  41787   0 0 0 -42205 -417
  36382   0 0 0 35916 -466
  33998   0 0 0 -34482 -483
  6219   0 0 0 -6657 -437
  89638   0 0 0 -90156 -517
  24219   0 0 0 -24665 -445
  21021   0 0 0 20521 -500
  96260   0 0 0 -96710 -449
  52980   0 0 0 -53487 -506
  14138   0 0 0 -14564 -425
  47511   0 0 0 46993 -518
  40092   0 0 0 -40631 -538
  30737   0 0 0 -31194 -456
  56480   0 0 0 -56922 -441
  75407   0 0 0 74938 -469
  24369   0 0 0 -24820 -450
  29253   0 0 0 -29794 -540
  91563   0 0 0 -91961 -397
  85760   0 0 0 85240 -520
  23284   0 0 0 22883 -401
  53220   0 0 0 -53678 -457
  38332   0 0 0 -38873 -540
  55553   0 0 0 -56096 -542
  78710   0 0 0 78210 -500
  81323   0 0 0 -81798 -474
  7207   0 0 0 6683 -524
  95464   0 0 0 -95964 -499
  4139   0 0 0 -4546 -406
  97377   0 0 0 -97865 -487
  90351   0 0 0 89941 -410
  74769   0 0 0 74246 -523
  75572   0 0 0 75059 -513
  59199   0 0 0 -59616 -416
  7577   0 0 0 7038 -539
  37468   0 0 0 37071 -397
  71426   0 0 0 -71915 -488
  59060   0 0 0 -59572 -511
  52345   0 0 0 51928 -417
  63877   0 0 0 -64364 -486
  87692   0 0 0 -88107 -414
  91224   0 0 0 90673 -551
  9211   0 0 0 8788 -423
  25107   0 0 0 24728 -379
  4223   0 0 0 -4634 -410
  197   0 0 0 -316 -513
  10688   0 0 0 -11191 -502
  59687   0 0 0 -60188 -500
  31769   0 0 0 -32162 -392
  27901   0 0 0 27392 -509
  65472   0 0 0 -65949 -476
  83982   0 0 0 -84414 -431
  15473   0 0 0 16062 588
  36065   0 0 0 35594 -471
  14407   0 0 0 -14939 -531
  41467   0 0 0 41067 -400
  30177   0 0 0 -30596 -418
  91112   0 0 0 -91607 -494
  74183   0 0 0 -74641 -457
  63801   0 0 0 63274 -527
  43943   0 0 0 -44490 -546
  78254   0 0 0 -78783 -528
  43555   0 0 0 43020 -535
  40016   0 0 0 -40522 -505
  65711   0 0 0 65310 -401
  46111   0 0 0 -46640 -528
  19671   0 0 0 -20213 -541
  27097   0 0 0 26540 -557
  56913   0 0 0 56425 -488
  57111   0 0 0 -57597 -485
  49366   0 0 0 -49772 -405
  4809   0 0 0 -5220 -410
  49813   0 0 0 -50325 -511
  98329   0 0 0 -98775 -445
  21422   0 0 0 20955 -467
  87827   0 0 0 -88298 -470
  51666   0 0 0 54414 2747
  91480   0 0 0 -91983 -502
  20526   0 0 0 -21013 -486
  75052   0 0 0 74553 -499
  2720   0 0 0 2218 -502
  33453   0 0 0 -33924 -470
  16011   0 0 0 -16440 -428
  26674   0 0 0 -27110 -435
  76351   0 0 0 -76880 -528
  89245   0 0 0 -89781 -535
  36388   0 0 0 -36910 -521
  47012   0 0 0 46508 -504
  95670   0 0 0 -96216 -545
  10800   0 0 0 -11214 -413
  68338   0 0 0 -68842 -503
  45338   0 0 0 -45876 -537
  48900   0 0 0 -49306 -405
  14630   0 0 0 14204 -426
  86812   0 0 0 86307 -505
  19249   0 0 0 18814 -435
  68965   0 0 0 -69378 -412
  83815   0 0 0 -84217 -401
  12876   0 0 0 12340 -536
  10375   0 0 0 9953 -422
  66164   0 0 0 -66708 -543
  29677   0 0 0 -30071 -393
  70754   0 0 0 -71230 -475
  111802   0 0 0 111283 -519
  20154   0 0 0 -20657 -502
  41941   0 0 0 -42488 -546
  19171   0 0 0 -19652 -480
  49572   0 0 0 -49998 -425
  90518   0 0 0 90061 -457
  93766   0 0 0 -94234 -467
  50058   0 0 0 -50578 -519
  25314   0 0 0 -25713 -398
  72659   0 0 0 -73164 -504
  11900   0 0 0 11402 -498
  109881   0 0 0 -110388 -506
  38590   0 0 0 38170 -420
  37702   0 0 0 -38182 -479
  61576   0 0 0 -61980 -403
  6360   0 0 0 5844 -516
  13433   0 0 0 -13909 -475
  54826   0 0 0 -55224 -397
  4223   0 0 0 -4758 -534
  16398   0 0 0 -16821 -422
  81453   0 0 0 81068 -385
  52479   0 0 0 -53008 -528
  32555   0 0 0 -33046 -490
  2090   0 0 0 -2492 -401
  6048   0 0 0 -6478 -429
  83446   0 0 0 82898 -548
  34582   0 0 0 -35019 -436
  14200   0 0 0 -14642 -441
  17915   0 0 0 18244 328
  25794   0 0 0 25354 -440
  47956   0 0 0 47487 -469
  43411   0 0 0 -43935 -523
  24644   0 0 0 -25090 -445
  104074   0 0 0 103582 -492
  97065   0 0 0 96544 -521
  29796   0 0 0 29382 -414
  13221   0 0 0 12714 -507
  42090   0 0 0 41614 -476
  5170   0 0 0 -5676 -505
  66239   0 0 0 -66645 -405
  76697   0 0 0 76298 -399
  15921   0 0 0 -16444 -522
  122801   0 0 0 -123329 -527
  47973   0 0 0 47420 -553
  45583   0 0 0 45186 -397
  84445   0 0 0 -84914 -468
  2580   0 0 0 2036 -544
  74639   0 0 0 74212 -427
  34614   0 0 0 34086 -528
  77953   0 0 0 77453 -500
  12896   0 0 0 12400 -496
  66506   0 0 0 -67055 -548
  501   0 0 0 -892 -390
  28481   0 0 0 28062 -419
  76393   0 0 0 -76825 -431
  51790   0 0 0 51347 -443
  16956   0 0 0 -17402 -445
  79451   0 0 0 -79986 -534
  16229   0 0 0 15672 -557
  26575   0 0 0 26088 -487
  63175   0 0 0 62680 -495
  24291   0 0 0 23764 -527
  6518   0 0 0 -6980 -461
  43221   0 0 0 42762 -459
  24156   0 0 0 23684 -472
  46254   0 0 0 -46797 -542
  32379   0 0 0 -32911 -531
  4812   0 0 0 -5356 -543
  10587   0 0 0 -11041 -453
  75260   0 0 0 -75793 -532
  52597   0 0 0 -51588 1009
  99235   0 0 0 -99794 -558
  42465   0 0 0 -42953 -487
  57115   0 0 0 56710 -405
  13339   0 0 0 12801 -538
  9553   0 0 0 9015 -538
  26996   0 0 0 -27431 -434
  52276   0 0 0 -52744 -467
  49942   0 0 0 -50403 -460
  32911   0 0 0 -33398 -486
  51860   0 0 0 51332 -528
  66019   0 0 0 65526 -493
  14533   0 0 0 14014 -519
  1350   0 0 0 -1903 -552
  40582   0 0 0 40109 -473
  70113   0 0 0 69648 -465
  54874   0 0 0 -55394 -519
  86166   0 0 0 -86661 -494
  48132   0 0 0 47594 -538
  22646   0 0 0 -23144 -497
  9275   0 0 0 -9827 -551
  24743   0 0 0 24192 -551
  59330   0 0 0 -59752 -421
  45335   0 0 0 44945 -390
  23448   0 0 0 -23938 -489
  48986   0 0 0 -49530 -543
  92309   0 0 0 91900 -409
  8633   0 0 0 -9030 -396
  71104   0 0 0 -71588 -483
  48942   0 0 0 48467 -475
  14405   0 0 0 -14927 -521
  25017   0 0 0 -25527 -509
  7192   0 0 0 -7587 -394
  46459   0 0 0 -46981 -521
  7946   0 0 0 7536 -410
  76171   0 0 0 75635 -536
  68419   0 0 0 67956 -463
  75355   0 0 0 74893 -462
  63635   0 0 0 63242 -393
  98967   0 0 0 98556 -411
  13283   0 0 0 12853 -430
  85141   0 0 0 84696 -445
  92696   0 0 0 -93121 -424
  31503   0 0 0 31110 -393
  87774   0 0 0 87360 -414
  46386   0 0 0 53620 7233
  113183   0 0 0 112650 -533
  91244   0 0 0 90707 -537
  35293   0 0 0 34880 -413
  53834   0 0 0 -54230 -395
  67845   0 0 0 -68378 -532
  4351   0 0 0 3933 -418
  43260   0 0 0 42781 -479
  40028   0 0 0 39522 -506
  85308   0 0 0 84762 -546
  46590   0 0 0 46152 -438
  47293   0 0 0 -47838 -544
  21064   0 0 0 20638 -426
  22078   0 0 0 21664 -414
  13336   0 0 0 -13810 -473
  54758   0 0 0 -55297 -538
  102858   0 0 0 102390 -468
  46669   0 0 0 46229 -440
  31643   0 0 0 -32154 -510
  61540   0 0 0 61146 -394
  34547   0 0 0 34150 -397
  29510   0 0 0 29012 -498
  31660   0 0 0 31165 -495
  32275   0 0 0 31869 -406
  77580   0 0 0 77111 -469
  100228   0 0 0 99768 -460
  76072   0 0 0 -76464 -391
  92709   0 0 0 -93112 -402
  20418   0 0 0 -20856 -437
  73938   0 0 0 73400 -538
  23037   0 0 0 -23592 -554
  73295   0 0 0 72818 -477
  72536   0 0 0 -72984 -447
  10501   0 0 0 10108 -393
  93296   0 0 0 -93746 -449
  69556   0 0 0 -70025 -468
  20058   0 0 0 19582 -476
  11604   0 0 0 11056 -548
  42792   0 0 0 -43216 -423
  47698   0 0 0 47201 -497
  10871   0 0 0 -11281 -409
  22224   0 0 0 -22730 -505
  76701   0 0 0 76253 -448
  41866   0 0 0 41464 -402
  2774   0 0 0 -3222 -447
  53013   0 0 0 52609 -404
  98824   0 0 0 -99348 -523
  24571   0 0 0 24122 -449
  15346   0 0 0 -15764 -417
  15724   0 0 0 -16226 -501
  43803   0 0 0 -44347 -543
  101622   0 0 0 101090 -532
  83223   0 0 0 -83779 -555
  88995   0 0 0 -89533 -537
  36744   0 0 0 -37206 -461
  2525   0 0 0 2005 -520
  17419   0 0 0 -17862 -442
  49864   0 0 0 -49984 -119
  43806   0 0 0 -43465 341
  35821   0 0 0 -36377 -555
  64122   0 0 0 -64610 -487
  42832   0 0 0 -43268 -435
  74942   0 0 0 -75468 -525
  88904   0 0 0 88391 -513
  56577   0 0 0 -57002 -424
  402   0 0 0 -902 -499
  57604   0 0 0 57092 -512
  56828   0 0 0 56284 -544
  64963   0 0 0 -65382 -418
  16724   0 0 0 16279 -445
  1564   0 0 0 -1955 -390
  104150   0 0 0 103610 -540
  31690   0 0 0 -32168 -477
  56303   0 0 0 55821 -482
  112322   0 0 0 -112847 -524
  30825   0 0 0 30312 -513
  83325   0 0 0 -83760 -434
  60115   0 0 0 59582 -533
  2391   0 0 0 -2905 -513
  52889   0 0 0 -53299 -409
  123429   0 0 0 122892 -537
  54029   0 0 0 -54512 -482
  13219   0 0 0 12714 -505
  30281   0 0 0 -30702 -420
  84266   0 0 0 83861 -405
  65338   0 0 0 -65748 -409
  65629   0 0 0 -66066 -436
  29645   0 0 0 29097 -548
  49068   0 0 0 48670 -398
  14705   0 0 0 -15126 -420
  4414   0 0 0 -4968 -553
  46199   0 0 0 45686 -513
  30959   0 0 0 30546 -413
  87689   0 0 0 -88211 -521
  10025   0 0 0 9610 -415
  51412   0 0 0 -51803 -390
  1866   0 0 0 -2424 -557
  6817   0 0 0 6405 -412
  62543   0 0 0 -63094 -550
  95267   0 0 0 -95716 -448
  320   0 0 0 -804 -483
  14612   0 0 0 14107 -505
  77284   0 0 0 -77756 -471
  30716   0 0 0 30320 -396
  47154   0 0 0 46606 -548
  75529   0 0 0 75032 -497
  52567   0 0 0 52125 -442
  42184   0 0 0 41659 -525
  119713   0 0 0 -120246 -532
  115034   0 0 0 114497 -537
  62535   0 0 0 62054 -481
  110344   0 0 0 109838 -506
  312   0 0 0 -792 -479
  94828   0 0 0 94290 -538
  12052   0 0 0 -12534 -481
  80013   0 0 0 79519 -494
  61353   0 0 0 -61830 -476
  74655   0 0 0 74194 -461
  115566   0 0 0 -110048 5518
  20191   0 0 0 -20738 -546
  63229   0 0 0 -63675 -445
  63357   0 0 0 62960 -397
  36909   0 0 0 -37341 -431
  7098   0 0 0 6660 -438
  90698   0 0 0 90274 -424
  14329   0 0 0 13873 -456
  7597   0 0 0 7052 -545
  65944   0 0 0 -66330 -385
  68118   0 0 0 -68522 -403
  44524   0 0 0 -45011 -486
  5524   0 0 0 5094 -430
  50490   0 0 0 -50954 -463
  93144   0 0 0 -93628 -483
  99252   0 0 0 -99771 -518
  21233   0 0 0 20796 -437
  45300   0 0 0 44868 -432
  99901   0 0 0 99401 -500
  91840   0 0 0 91428 -412
  103756   0 0 0 106320 2563
  91797   0 0 0 91922 124
  52554   0 0 0 -53087 -532
  33653   0 0 0 33194 -459
  103646   0 0 0 -104146 -499
  64387   0 0 0 63988 -399
  89517   0 0 0 -89976 -458
  10887   0 0 0 10354 -533
  79262   0 0 0 -79811 -548
  11785   0 0 0 -12180 -394
  32689   0 0 0 32216 -473
  26564   0 0 0 -27050 -485
  1600   0 0 0 1171 -429
  11795   0 0 0 11402 -393
  5811   0 0 0 -6245 -433
  110858   0 0 0 -111411 -552
  25231   0 0 0 24688 -543
  45741   0 0 0 45242 -499
  31301   0 0 0 30782 -519
  68412   0 0 0 -68832 -419
  27564   0 0 0 27148 -416
  113605   0 0 0 -114124 -518
  96645   0 0 0 -92874 3771
  54251   0 0 0 -54636 -384
  65898   0 0 0 65464 -434
  5637   0 0 0 -6189 -551
  52238   0 0 0 51832 -406
  41823   0 0 0 -42334 -510
  72126   0 0 0 71716 -410
  8720   0 0 0 8232 -488
  51673   0 0 0 51162 -511
  38257   0 0 0 -38721 -463
  51789   0 0 0 -52210 -420
  96186   0 0 0 95722 -464
  119320   0 0 0 -119874 -553
  15847   0 0 0 -16352 -504
  58394   0 0 0 57956 -438
  48130   0 0 0 47702 -428
  102223   0 0 0 -102720 -496
  7108   0 0 0 6570 -538
  27194   0 0 0 26704 -490
  88430   0 0 0 87878 -552
  23820   0 0 0 -24228 -407
  73414   0 0 0 73002 -412
  60174   0 0 0 60483 308
  45484   0 0 0 45074 -410
  24060   0 0 0 23653 -407
  26650   0 0 0 26227 -423
  12847   0 0 0 -13370 -522
  27382   0 0 0 26918 -464
  84294   0 0 0 -84766 -471
  91303   0 0 0 90788 -515
  99517   0 0 0 -99959 -441
  16172   0 0 0 15768 -404
  51434   0 0 0 50910 -524
  127378   0 0 0 126837 -541
  218   0 0 0 -666 -447
  55906   0 0 0 -56292 -385
  86026   0 0 0 85577 -449
  73193   0 0 0 72776 -417
  29261   0 0 0 28722 -539
  70874   0 0 0 -71286 -411
  67783   0 0 0 67340 -443
  20120   0 0 0 19689 -431
  35989   0 0 0 35509 -480
  86787   0 0 0 86289 -498
  80837   0 0 0 -81273 -435
  74242   0 0 0 -74714 -471
  56725   0 0 0 -57226 -500
  32690   0 0 0 32149 -541
  32698   0 0 0 -33225 -526
  51068   0 0 0 -51574 -505
  6264   0 0 0 -6771 -506
  106655   0 0 0 106141 -514
  119257   0 0 0 118702 -555
  37788   0 0 0 -38337 -548
  1106   0 0 0 681 -425
  38617   0 0 0 38216 -401
  71461   0 0 0 70932 -529
  53668   0 0 0 -54106 -437
  16450   0 0 0 15916 -534
  41533   0 0 0 40995 -538
  13390   0 0 0 -13832 -441
  3238   0 0 0 -3646 -407
  3471   0 0 0 3018 -453
  10064   0 0 0 -10571 -506
  47453   0 0 0 46948 -505
  40335   0 0 0 -40862 -526
  32326   0 0 0 31837 -489
  18001   0 0 0 17566 -435
  46554   0 0 0 46120 -434
  16980   0 0 0 -17527 -546
  54629   0 0 0 54182 -447
  78206   0 0 0 -78717 -510
  51906   0 0 0 51400 -506
  20743   0 0 0 -21158 -414
  70946   0 0 0 -71478 -531
  33078   0 0 0 -33501 -422
  29874   0 0 0 29410 -464
  53719   0 0 0 -54215 -495
  59449   0 0 0 58910 -539
  62725   0 0 0 -63203 -477
  44304   0 0 0 43797 -507
  87942   0 0 0 87407 -535
  51142   0 0 0 -51654 -511
  4044   0 0 0 3525 -519
  15209   0 0 0 -15680 -470
  76534   0 0 0 76014 -520
  111736   0 0 0 -112230 -493
  43285   0 0 0 -43762 -476
  93853   0 0 0 93361 -492
  68476   0 0 0 -68903 -426
  38243   0 0 0 -38673 -429
  90311   0 0 0 -90800 -488
  1346   0 0 0 -1786 -439
  23059   0 0 0 -23500 -440
  11582   0 0 0 11100 -482
  27381   0 0 0 -27167 214
  12294   0 0 0 -12771 -476
  67203   0 0 0 -67692 -488
  81376   0 0 0 -81917 -540
  81110   0 0 0 80557 -553
  57954   0 0 0 57557 -397
  12169   0 0 0 -12566 -396
  43854   0 0 0 43338 -516
  2189   0 0 0 -2588 -398
  92895   0 0 0 92377 -518
  26477   0 0 0 26056 -421
  21822   0 0 0 -22318 -495
  85532   0 0 0 85047 -485
  1377   0 0 0 -1823 -445
  121759   0 0 0 121218 -541
  32769   0 0 0 -33219 -449
  81142   0 0 0 80745 -397
  48724   0 0 0 48270 -454
  73071   0 0 0 -73599 -527
  96858   0 0 0 96395 -463
  60046   0 0 0 -60515 -468
  18689   0 0 0 1588 20277
  69600   0 0 0 -70025 -424
  23732   0 0 0 23285 -447
  20382   0 0 0 19920 -462
  91861   0 0 0 -92373 -511
  19982   0 0 0 -20507 -524
  58788   0 0 0 58313 -475
  63037   0 0 0 62489 -548
  31144   0 0 0 30678 -466
  105901   0 0 0 -106422 -520
  7513   0 0 0 -7977 -463
  71995   0 0 0 71488 -507
  63780   0 0 0 63292 -488
  66839   0 0 0 66341 -498
  1232   0 0 0 764 -468
  95021   0 0 0 94555 -466
  33604   0 0 0 -34150 -545
  95010   0 0 0 -95511 -500
  10110   0 0 0 9570 -540
  104913   0 0 0 -105465 -551
  79902   0 0 0 79470 -432
  51094   0 0 0 50593 -501
  100073   0 0 0 -100578 -504
  21782   0 0 0 -22178 -395
  79073   0 0 0 -79546 -472
  7427   0 0 0 -7927 -499
  12567   0 0 0 -13085 -517
  23605   0 0 0 -24118 -512
  36351   0 0 0 -36807 -455
  46016   0 0 0 -45247 769
  12773   0 0 0 12383 -390
  28230   0 0 0 27824 -406
  18091   0 0 0 -18582 -490
  28707   0 0 0 -29139 -431
  6203   0 0 0 5732 -471
  59863   0 0 0 -60282 -418
  50343   0 0 0 -50796 -452
  8111   0 0 0 7686 -425
  99404   0 0 0 98922 -482
  58296   0 0 0 -58780 -483
  12776   0 0 0 12380 -396
  44434   0 0 0 -44816 -381
  28659   0 0 0 -29070 -410
  19948   0 0 0 -20368 -419
  17500   0 0 0 17100 -400
  13123   0 0 0 12654 -469
  77644   0 0 0 77095 -549
  11737   0 0 0 -12216 -478
  39506   0 0 0 -39922 -415
  59381   0 0 0 -59796 -414
  25871   0 0 0 25451 -420
  30041   0 0 0 -30462 -420
  69706   0 0 0 -70236 -529
  32312   0 0 0 -32784 -471
  56003   0 0 0 55452 -551
  85783   0 0 0 85254 -529
  48914   0 0 0 -49325 -410
  60548   0 0 0 -60964 -415
  37907   0 0 0 -38442 -534
  26902   0 0 0 -27330 -427
  13498   0 0 0 14028 529
  86349   0 0 0 -86893 -543
  49531   0 0 0 49077 -454
  20305   0 0 0 19854 -451
  2750   0 0 0 2270 -480
  57632   0 0 0 57186 -446
  40769   0 0 0 -41320 -550
  59393   0 0 0 58838 -555
  6049   0 0 0 5586 -463
  11932   0 0 0 11540 -392
  61754   0 0 0 61347 -407
  99449   0 0 0 -99920 -470
  84786   0 0 0 -85216 -429
  36154   0 0 0 -36679 -524
  18534   0 0 0 -19017 -482
  5582   0 0 0 5066 -516
  18867   0 0 0 18389 -478
  42177   0 0 0 41754 -423
  107021   0 0 0 -107531 -509
  4700   0 0 0 4290 -410
  114065   0 0 0 113582 -483
  37615   0 0 0 37106 -509
  103858   0 0 0 -104351 -492
  39105   0 0 0 38569 -536
  96607   0 0 0 96164 -443
  56729   0 0 0 -57181 -451
  77709   0 0 0 -78106 -396
  31579   0 0 0 31084 -495
  83804   0 0 0 83372 -432
  125949   0 0 0 -126492 -542
  44967   0 0 0 -45362 -394
  25664   0 0 0 25248 -416
  47823   0 0 0 -48268 -444
  43151   0 0 0 42717 -434
  33979   0 0 0 33435 -544
  52925   0 0 0 52456 -469
  28047   0 0 0 -28545 -497
  17804   0 0 0 17326 -478
  69564   0 0 0 -70104 -539
  11413   0 0 0 -11831 -417
  22683   0 0 0 -23107 -423
  45686   0 0 0 -46168 -481
  90395   0 0 0 89846 -549
  59973   0 0 0 59571 -402
  34686   0 0 0 34168 -518
  57604   0 0 0 60428 2823
  86921   0 0 0 -87429 -507
  90555   0 0 0 -91010 -454
  546   0 0 0 -1000 -453
  4729   0 0 0 4248 -481
  26855   0 0 0 26449 -406
  51397   0 0 0 -51932 -534
  71053   0 0 0 -71454 -400
  62376   0 0 0 -62810 -433
  58115   0 0 0 -58505 -389
  76235   0 0 0 75702 -533
  69015   0 0 0 68628 -387
  71203   0 0 0 70741 -462
  57137   0 0 0 -57601 -463
  2256   0 0 0 1782 -474
  47996   0 0 0 -48456 -459
  24354   0 0 0 23940 -414
  84371   0 0 0 83895 -476
  95957   0 0 0 -96396 -438
  57684   0 0 0 57198 -486
  88868   0 0 0 -89414 -545
  89789   0 0 0 -90318 -528
  34595   0 0 0 -35031 -435
  12641   0 0 0 12199 -442
  59037   0 0 0 58535 -502
  34398   0 0 0 33903 -495
  70520   0 0 0 70016 -504
  62706   0 0 0 -63138 -431
  80533   0 0 0 80063 -470
  58338   0 0 0 57923 -415
  74674   0 0 0 -75198 -523
  35488   0 0 0 -35954 -465
  20066   0 0 0 19645 -421
  46314   0 0 0 -46814 -499
  59567   0 0 0 -60092 -524
  120310   0 0 0 119766 -544
  32008   0 0 0 31473 -535
  2696   0 0 0 -3164 -467
  11544   0 0 0 11016 -528
  55005   0 0 0 -54666 339
  35548   0 0 0 -35954 -405
  9588   0 0 0 -10117 -528
  91051   0 0 0 -91556 -504
  5111   0 0 0 4682 -429
  61272   0 0 0 -61758 -485
  58484   0 0 0 57993 -491
  66232   0 0 0 65744 -488
  18   0 0 0 -440 -421
  6400   0 0 0 -6840 -439
  35196   0 0 0 -35636 -439
  59725   0 0 0 -60195 -469
  113604   0 0 0 -114154 -549
  32515   0 0 0 32120 -395
  36937   0 0 0 36524 -413
  3006   0 0 0 -3506 -499
  85239   0 0 0 84719 -520
  30249   0 0 0 -30704 -454
  19585   0 0 0 -20127 -541
  84398   0 0 0 83862 -536
  1475   0 0 0 921 -554
  94853   0 0 0 -95381 -527
  1177   0 0 0 -582 595
  35022   0 0 0 -35420 -397
  18237   0 0 0 -18656 -418
  52621   0 0 0 -53047 -425
  13210   0 0 0 12810 -400
  11582   0 0 0 11103 -479
  8104   0 0 0 -8607 -502
  88774   0 0 0 -89284 -509
  32051   0 0 0 -32598 -546
  67031   0 0 0 -67486 -454
  83574   0 0 0 -83996 -421
  19983   0 0 0 19562 -421
  32592   0 0 0 -33124 -531
  35126   0 0 0 -35640 -513
  68760   0 0 0 68232 -528
  55074   0 0 0 -55536 -461
  15668   0 0 0 15196 -472
  72844   0 0 0 72404 -440
  7114   0 0 0 6556 -558
  25968   0 0 0 -26483 -514
  86309   0 0 0 85874 -435
  54118   0 0 0 -54653 -534
  95375   0 0 0 94944 -431
  78532   0 0 0 -79046 -513
  85911   0 0 0 85400 -511
  70618   0 0 0 -71102 -483
  40551   0 0 0 -41010 -458
  91478   0 0 0 90954 -524
  45935   0 0 0 45474 -461
  11085   0 0 0 -11478 -392
  15795   0 0 0 -16242 -446
  11957   0 0 0 11472 -485
  71972   0 0 0 71446 -526
  16501   0 0 0 -16998 -496
  40549   0 0 0 -41106 -556
  19001   0 0 0 18608 -393
  27124   0 0 0 -27600 -475
  25128   0 0 0 24622 -506
  49551   0 0 0 49103 -448
  34669   0 0 0 34206 -463
  37349   0 0 0 -37763 -413
  83309   0 0 0 82792 -517
  61502   0 0 0 -62031 -528
  73520   0 0 0 -73938 -417
  15960   0 0 0 -16494 -533
  51226   0 0 0 -51776 -549
  12805   0 0 0 -13220 -414
  57606   0 0 0 -58078 -471
  8083   0 0 0 -8509 -425
  59274   0 0 0 -59678 -403
  20743   0 0 0 20297 -446
  49057   0 0 0 -49476 -418
  60442   0 0 0 -60847 -404
  32762   0 0 0 32350 -412
  15421   0 0 0 14973 -448
  28794   0 0 0 -29242 -447
  58431   0 0 0 -58925 -493
  6882   0 0 0 6482 -400
  110021   0 0 0 -110502 -480
  9910   0 0 0 9488 -422
  50348   0 0 0 -50818 -469
  68725   0 0 0 68235 -490
  107473   0 0 0 -107934 -460
  26244   0 0 0 -26784 -539
  93803   0 0 0 -94225 -421
  60687   0 0 0 60242 -445
  56951   0 0 0 -57402 -450
  49751   0 0 0 49261 -490
  25926   0 0 0 -26384 -457
  52644   0 0 0 52248 -396
  72490   0 0 0 -72921 -430
  14126   0 0 0 -14567 -440
  23313   0 0 0 22846 -467
  97020   0 0 0 96484 -536
  10153   0 0 0 -10674 -520
  1964   0 0 0 -2396 -431
  11358   0 0 0 10905 -453
  43019   0 0 0 -43554 -534
  37998   0 0 0 -38536 -537
  84139   0 0 0 83656 -483
  69956   0 0 0 69544 -412
  52375   0 0 0 -52912 -536
  27769   0 0 0 27244 -525
  49458   0 0 0 -49989 -530
  70812   0 0 0 70342 -470
  4133   0 0 0 3679 -454
  77978   0 0 0 -78489 -510
  60523   0 0 0 60009 -514
  4788   0 0 0 4322 -466
  93843   0 0 0 93340 -503
  35976   0 0 0 35485 -491
  71229   0 0 0 -71783 -553
  31375   0 0 0 30882 -493
  23428   0 0 0 -23874 -445
  51206   0 0 0 50722 -484
  35582   0 0 0 -36027 -444
  51904   0 0 0 -52385 -480
  77374   0 0 0 -77790 -415
  40339   0 0 0 -40870 -530
  40319   0 0 0 39836 -483
  64195   0 0 0 63690 -505
  17172   0 0 0 16687 -485
  58444   0 0 0 57927 -517
  28979   0 0 0 28564 -415
  14883   0 0 0 14448 -435
  11573   0 0 0 11063 -510
  69583   0 0 0 69139 -444
  69957   0 0 0 69534 -423
  6337   0 0 0 5848 -489
  52845   0 0 0 -53256 -410
  94858   0 0 0 94373 -485
  81351   0 0 0 80926 -425
  7793   0 0 0 -8323 -529
  75554   0 0 0 75009 -545
  72968   0 0 0 -73450 -481
  19243   0 0 0 18842 -401
  27994   0 0 0 27601 -393
  25091   0 0 0 24570 -521
  21023   0 0 0 20590 -433
  20284   0 0 0 -20808 -523
  73210   0 0 0 72792 -418
  38101   0 0 0 37586 -515
  53214   0 0 0 -53692 -477
  80585   0 0 0 -81099 -513
  52181   0 0 0 -52611 -429
  86659   0 0 0 -87204 -544
  54819   0 0 0 54390 -429
  74139   0 0 0 73650 -489
  113692   0 0 0 113193 -499
  83155   0 0 0 -83626 -470
  48438   0 0 0 -48859 -420
  91062   0 0 0 90555 -507
  12461   0 0 0 -12894 -432
  35775   0 0 0 35266 -509
  21142   0 0 0 -21529 -386
  91368   0 0 0 -91802 -433
  16225   0 0 0 15750 -475
  41275   0 0 0 40740 -535
  13874   0 0 0 -14385 -510
  6884   0 0 0 7826 941
  39714   0 0 0 39167 -547
  14118   0 0 0 -14564 -445
  20487   0 0 0 -20932 -444
  15952   0 0 0 15484 -468
  56888   0 0 0 -57369 -480
  34641   0 0 0 34124 -517
  44351   0 0 0 43866 -485
  19209   0 0 0 18722 -487
  40221   0 0 0 -40694 -472
  10680   0 0 0 10241 -439
  1925   0 0 0 1378 -547
  97983   0 0 0 97452 -531
  94175   0 0 0 93742 -433
  71343   0 0 0 70834 -509
  20105   0 0 0 19682 -423
  33219   0 0 0 32692 -527
  4415   0 0 0 -4827 -411
  33843   0 0 0 33361 -482
  20853   0 0 0 -21367 -513
  29511   0 0 0 -30056 -544
  41755   0 0 0 41230 -525
  46740   0 0 0 46296 -444
  35442   0 0 0 35018 -424
  32377   0 0 0 31917 -460
  18461   0 0 0 19152 690
  22470   0 0 0 21942 -528
  83113   0 0 0 82674 -439
  51864   0 0 0 51319 -545
  3895   0 0 0 -4424 -528
  30887   0 0 0 -31434 -546
  42030   0 0 0 41584 -446
  43587   0 0 0 43152 -435
  1195   0 0 0 -1698 -502
  48186   0 0 0 -48614 -427
  81916   0 0 0 81480 -436
  27448   0 0 0 -27891 -442
  23681   0 0 0 23261 -420
  34732   0 0 0 -35227 -494
  71231   0 0 0 -71691 -459
  59042   0 0 0 58578 -464
  3897   0 0 0 -4341 -443
  62307   0 0 0 61768 -539
  14120   0 0 0 13630 -490
  47938   0 0 0 47452 -486
  78219   0 0 0 77696 -523
  38318   0 0 0 37788 -530
  40758   0 0 0 40263 -495
  41707   0 0 0 42565 857
  11819   0 0 0 -12302 -482
  49718   0 0 0 -50130 -411
  63660   0 0 0 -64040 -379
  104577   0 0 0 -105054 -476
  84371   0 0 0 -84914 -542
  44462   0 0 0 -44999 -536
  59577   0 0 0 -60012 -434
  90320   0 0 0 89892 -428
  27682   0 0 0 -28187 -504
  23546   0 0 0 -24067 -520
  95398   0 0 0 94962 -436
  26073   0 0 0 -26551 -477
  89539   0 0 0 88986 -553
  19009   0 0 0 -19544 -534
  38486   0 0 0 38034 -452
  60506   0 0 0 60108 -398
  8142   0 0 0 -8594 -451
  15206   0 0 0 -15724 -517
  3211   0 0 0 2726 -485
  114088   0 0 0 113551 -537
  35720   0 0 0 -36144 -423
  38559   0 0 0 -39110 -550
  79518   0 0 0 -79954 -435
  18173   0 0 0 17694 -479
  40680   0 0 0 40221 -459
  1754   0 0 0 -2215 -460
  75215   0 0 0 -75649 -433
  55402   0 0 0 -55939 -536
  7481   0 0 0 -8028 -546
  20700   0 0 0 20267 -433
  4545   0 0 0 -5000 -454
  19960   0 0 0 19496 -464
  78341   0 0 0 77814 -527
  51069   0 0 0 -51472 -402
  71680   0 0 0 71218 -462
  63134   0 0 0 -63606 -471
  26007   0 0 0 25557 -450
  71368   0 0 0 70954 -414
  45054   0 0 0 -45483 -428
  88181   0 0 0 -88675 -493
  44981   0 0 0 -45472 -490
  18355   0 0 0 17848 -507
  5887   0 0 0 5491 -396
  1322   0 0 0 942 -380
  56829   0 0 0 56322 -507
  45738   0 0 0 -46278 -539
  31811   0 0 0 -32274 -462
  16844   0 0 0 16290 -554
  15713   0 0 0 -16132 -418
  76563   0 0 0 -77098 -534
  50586   0 0 0 -51034 -447
  45824   0 0 0 45308 -516
  57634   0 0 0 -58029 -394
  24197   0 0 0 23726 -471
  49664   0 0 0 -50203 -538
  73107   0 0 0 -73488 -380
  21668   0 0 0 -22179 -510
  59234   0 0 0 -59716 -481
  29049   0 0 0 28514 -535
  89297   0 0 0 88790 -507
  70056   0 0 0 69513 -543
  32787   0 0 0 -33177 -389
  91   0 0 0 -486 -394
  9255   0 0 0 8790 -465
  33417   0 0 0 32962 -455
  9488   0 0 0 -9978 -489
  33928   0 0 0 33490 -438
  9287   0 0 0 -9764 -476
  43594   0 0 0 -44063 -468
  17964   0 0 0 17517 -447
  80544   0 0 0 80090 -454
  63737   0 0 0 63294 -443
  7788   0 0 0 7341 -447
  3736   0 0 0 3204 -532
  61058   0 0 0 60656 -402
  117623   0 0 0 117077 -546
  55807   0 0 0 -56282 -474
  98653   0 0 0 -99181 -527
  31048   0 0 0 30576 -472
  21315   0 0 0 20866 -449
  3603   0 0 0 3072 -531
  106108   0 0 0 -106632 -523
  65583   0 0 0 -66084 -500
  41500   0 0 0 41042 -458
  49852   0 0 0 -50363 -510
  42206   0 0 0 -42723 -516
  66164   0 0 0 -66568 -403
  4475   0 0 0 4085 -390
  104531   0 0 0 104034 -497
  88967   0 0 0 -89467 -499
  115086   0 0 0 114548 -538
  8785   0 0 0 8233 -552
  49757   0 0 0 -50198 -440
  28044   0 0 0 -28467 -422
  2701   0 0 0 2255 -446
  47540   0 0 0 46992 -548
  45222   0 0 0 -45717 -494
  47608   0 0 0 47098 -510
  73443   0 0 0 -73920 -476
  10238   0 0 0 -10703 -464
  86957   0 0 0 -87386 -428
  81853   0 0 0 81427 -426
  74721   0 0 0 74210 -511
  18681   0 0 0 -19142 -460
  62103   0 0 0 -62653 -549
  25326   0 0 0 24786 -540
  96175   0 0 0 95747 -428
  117788   0 0 0 117256 -532
  29639   0 0 0 -30175 -535
  79625   0 0 0 79120 -505
  9202   0 0 0 8774 -428
  46132   0 0 0 -46576 -443
  79784   0 0 0 79356 -428
  17779   0 0 0 -18320 -540
  4304   0 0 0 3798 -506
  21010   0 0 0 -21462 -451
  51726   0 0 0 51286 -440
  90232   0 0 0 -90763 -530
  16324   0 0 0 15814 -510
  93518   0 0 0 92997 -521
  67178   0 0 0 66662 -516
  82882   0 0 0 -83404 -521
  6109   0 0 0 5627 -482
  75992   0 0 0 -76524 -531
  53141   0 0 0 -53640 -498
  88802   0 0 0 -89272 -469
  52166   0 0 0 -52584 -417
  4769   0 0 0 4296 -473
  58481   0 0 0 -59020 -538
  16513   0 0 0 16014 -499
  23599   0 0 0 23079 -520
  32359   0 0 0 31892 -467
  83925   0 0 0 -84438 -512
  42090   0 0 0 -42508 -417
  46554   0 0 0 46040 -514
  6964   0 0 0 -7462 -497
  102751   0 0 0 102237 -514
  37279   0 0 0 -37820 -540
  5098   0 0 0 -5507 -408
  4918   0 0 0 -5465 -546
  115907   0 0 0 -116461 -553
  35494   0 0 0 35000 -494
  78812   0 0 0 -79209 -396
  62109   0 0 0 61593 -516
  28974   0 0 0 28577 -397
  35472   0 0 0 34962 -510
  95100   0 0 0 94648 -452
  47556   0 0 0 -48009 -452
  52508   0 0 0 -53025 -516
  53408   0 0 0 -53856 -447
  45413   0 0 0 -45970 -556
  100828   0 0 0 100362 -466
  114627   0 0 0 114128 -499
  12476   0 0 0 12050 -426
  7361   0 0 0 6877 -484
  104770   0 0 0 -105316 -545
  100480   0 0 0 -100985 -504
  57136   0 0 0 56737 -399
  2014   0 0 0 -2553 -538
  51210   0 0 0 -51727 -516
  2350   0 0 0 1797 -553
  1988   0 0 0 -2488 -499
  43980   0 0 0 -44380 -399
  57472   0 0 0 -57886 -413
  98860   0 0 0 98324 -536
  76044   0 0 0 -76465 -420
  55914   0 0 0 -56352 -437
  11764   0 0 0 -12234 -469
  35941   0 0 0 35546 -395
  95030   0 0 0 -95487 -456
  89276   0 0 0 -88875 401
  9598   0 0 0 9173 -425
  89601   0 0 0 89068 -533
  19270   0 0 0 -19758 -487
  62037   0 0 0 -62558 -520
  79179   0 0 0 -79574 -394
  101491   0 0 0 100970 -521
  7206   0 0 0 6686 -520
  3248   0 0 0 2831 -417
  53716   0 0 0 53319 -397
  58912   0 0 0 -59377 -464
  99286   0 0 0 98789 -497
  83886   0 0 0 83370 -516
  35901   0 0 0 35490 -411
  23282   0 0 0 -23780 -497
  71789   0 0 0 71286 -503
  41162   0 0 0 40664 -498
  60003   0 0 0 -60483 -479
  2636   0 0 0 -3046 -409
  14101   0 0 0 13638 -463
  73811   0 0 0 73294 -517
  23383   0 0 0 -23864 -480
  71595   0 0 0 -72104 -508
  6986   0 0 0 -7488 -501
  65160   0 0 0 66181 1020
  85104   0 0 0 84622 -482
  11549   0 0 0 11010 -539
  40328   0 0 0 39936 -392
  75285   0 0 0 74880 -405
  41311   0 0 0 -41824 -512
  9179   0 0 0 -9583 -403
  6477   0 0 0 -6989 -511
  4   0 0 0 -482 -486
  40405   0 0 0 -40827 -421
  16816   0 0 0 16310 -506
  24174   0 0 0 23770 -404
  51792   0 0 0 -52314 -521
  3593   0 0 0 -3980 -386
  51948   0 0 0 -52495 -546
  25700   0 0 0 25245 -455
  31034   0 0 0 -31494 -459
  47455   0 0 0 47074 -381
  36929   0 0 0 36404 -525
  18334   0 0 0 -18839 -504
  90779   0 0 0 -91192 -412
  38759   0 0 0 38352 -407
  69988   0 0 0 -70402 -413
  50367   0 0 0 49858 -509
  8913   0 0 0 -9399 -485
  77701   0 0 0 77176 -525
  21835   0 0 0 21404 -431
  49766   0 0 0 -50292 -525
  119935   0 0 0 -120474 -538
  41655   0 0 0 -42182 -526
  63061   0 0 0 -63479 -417
  31969   0 0 0 -32400 -430
  42944   0 0 0 -43433 -488
  79464   0 0 0 -79945 -480
  85778   0 0 0 85298 -480
  22544   0 0 0 22115 -429
  12652   0 0 0 12168 -484
  57387   0 0 0 -57872 -484
  93973   0 0 0 93480 -493
  91360   0 0 0 90924 -436
  21564   0 0 0 21060 -504
  33855   0 0 0 -34304 -448
  97830   0 0 0 -98305 -474
  39932   0 0 0 -40426 -493
  19570   0 0 0 19060 -510
  102772   0 0 0 102238 -534
  107213   0 0 0 -107752 -538
  38401   0 0 0 37892 -509
  47179   0 0 0 -47726 -546
  46378   0 0 0 45954 -424
  65677   0 0 0 65204 -473
  8926   0 0 0 8376 -550
  70149   0 0 0 69748 -401
  102141   0 0 0 -102646 -504
  45717   0 0 0 45180 -537
  56694   0 0 0 56143 -551
  86346   0 0 0 -86852 -505
  20253   0 0 0 -20779 -525
  93060   0 0 0 92656 -404
  96314   0 0 0 95879 -435
  1593   0 0 0 -1994 -400
  21921   0 0 0 -22450 -528
  80145   0 0 0 79651 -494
  34633   0 0 0 34182 -451
  26197   0 0 0 25751 -446
  41121   0 0 0 40730 -391
  73184   0 0 0 72665 -519
  90053   0 0 0 -90544 -490
  28135   0 0 0 27655 -480
  36110   0 0 0 -36564 -453
  67317   0 0 0 -67768 -450
  36101   0 0 0 35629 -472
  41206   0 0 0 40787 -419
  82826   0 0 0 -83232 -405
  33723   0 0 0 33260 -463
  16074   0 0 0 -16604 -529
  48007   0 0 0 -48461 -453
  27762   0 0 0 27210 -552
  48946   0 0 0 48520 -426
  30529   0 0 0 30082 -447
  21605   0 0 0 -22046 -440
  72438   0 0 0 -72936 -497
  57815   0 0 0 -58368 -552
  72796   0 0 0 73317 520
  92506   0 0 0 92044 -462
  82615   0 0 0 -83126 -510
  1961   0 0 0 -2222 -260
  23307   0 0 0 22830 -477
  58376   0 0 0 -58862 -485
  61446   0 0 0 60918 -528
  103810   0 0 0 103283 -527
  25812   0 0 0 -26205 -392
  40925   0 0 0 -41369 -443
  32539   0 0 0 -32952 -412
  5275   0 0 0 4858 -417
  68853   0 0 0 -69284 -430
  97748   0 0 0 -98240 -491
  1074   0 0 0 -1537 -462
  20991   0 0 0 20501 -490
  44664   0 0 0 44153 -511
  52162   0 0 0 -52586 -423
  53090   0 0 0 -53571 -480
  84682   0 0 0 -85185 -502
  15592   0 0 0 15165 -427
  29976   0 0 0 -30437 -460
  95676   0 0 0 95229 -447
  2691   0 0 0 -3108 -416
  67312   0 0 0 -67783 -470
  60592   0 0 0 60102 -490
  28535   0 0 0 28132 -403
  30174   0 0 0 -30678 -503
  96636   0 0 0 -97096 -459
  23173   0 0 0 22751 -422
  28141   0 0 0 -28606 -464
  8213   0 0 0 7698 -515
  74632   0 0 0 74120 -512
  29098   0 0 0 -29500 -401
  96999   0 0 0 96565 -434
  22856   0 0 0 -23365 -508
  68618   0 0 0 68100 -518
  31223   0 0 0 -31630 -406
  50505   0 0 0 50092 -413
  66616   0 0 0 -67148 -531
  76828   0 0 0 76360 -468
  109568   0 0 0 -110116 -547
  34245   0 0 0 -34762 -516
  39026   0 0 0 39316 289
  6909   0 0 0 6452 -457
  45488   0 0 0 -45921 -432
  70557   0 0 0 70080 -477
  46952   0 0 0 46464 -488
  25010   0 0 0 -25532 -521
  60226   0 0 0 59799 -427
  15655   0 0 0 15197 -458
  90443   0 0 0 89990 -453
  44170   0 0 0 43745 -425
  46818   0 0 0 46280 -538
  59984   0 0 0 -60501 -516
  64470   0 0 0 64002 -468
  34742   0 0 0 34260 -482
  50608   0 0 0 50146 -462
  61140   0 0 0 -61668 -527
  73045   0 0 0 -73460 -414
  103474   0 0 0 -103974 -499
  28104   0 0 0 -28484 -379
  42439   0 0 0 -42885 -445
  69734   0 0 0 69355 -379
  5388   0 0 0 -5886 -497
  49580   0 0 0 -49999 -418
  9344   0 0 0 -9862 -517
  47714   0 0 0 -48170 -455
  16986   0 0 0 -17349 -362
  113076   0 0 0 -113631 -554
  23654   0 0 0 -24077 -422
  52196   0 0 0 -52702 -505
  32426   0 0 0 -32871 -444
  65317   0 0 0 -65852 -534
  71127   0 0 0 -71542 -414
  101973   0 0 0 -102528 -554
  95649   0 0 0 -96180 -530
  81336   0 0 0 -81790 -453
  105905   0 0 0 -106395 -489
  2504   0 0 0 1998 -506
  36596   0 0 0 -37096 -499
  76995   0 0 0 -77462 -466
  48026   0 0 0 -46757 1269
  42672   0 0 0 -43120 -447
  62535   0 0 0 -62994 -458
  68134   0 0 0 67624 -510
  94319   0 0 0 93816 -503
  15373   0 0 0 -15789 -415
  77557   0 0 0 77048 -509
  22607   0 0 0 22134 -473
  105722   0 0 0 105225 -497
  2814   0 0 0 -3261 -446
  27174   0 0 0 26778 -396
  11263   0 0 0 -11654 -390
  63930   0 0 0 -64379 -448
  36914   0 0 0 -37405 -490
  86398   0 0 0 85996 -402
  34325   0 0 0 33918 -407
  28908   0 0 0 -29386 -477
  36114   0 0 0 -36611 -496
  85847   0 0 0 85421 -426
  31381   0 0 0 -31824 -442
  59654   0 0 0 -60174 -519
  32161   0 0 0 31684 -477
  4028   0 0 0 -4443 -414
  61239   0 0 0 -61640 -400
  84687   0 0 0 -85218 -530
  17281   0 0 0 16749 -532
  2271   0 0 0 -2804 -532
  10207   0 0 0 9762 -445
  51307   0 0 0 50830 -477
  83777   0 0 0 83367 -410
  77467   0 0 0 76922 -545
  25873   0 0 0 25445 -428
  57085   0 0 0 56674 -411
  33215   0 0 0 -33673 -457
  39449   0 0 0 -39872 -422
  58288   0 0 0 57790 -498
  13836   0 0 0 -14237 -400
  71729   0 0 0 -72218 -488
  43022   0 0 0 -43475 -452
  37455   0 0 0 -37892 -436
  20050   0 0 0 19640 -410
  87574   0 0 0 -88021 -446
  5545   0 0 0 5038 -507
  80444   0 0 0 -80842 -397
  19210   0 0 0 -19657 -446
  24386   0 0 0 -24794 -407
  17500   0 0 0 17021 -479
  10853   0 0 0 -11361 -507
  31888   0 0 0 -32397 -508
  36728   0 0 0 -30923 5805
  31319   0 0 0 -31807 -487
  16528   0 0 0 16024 -504
  45199   0 0 0 -45652 -452
  82803   0 0 0 -83196 -392
  29403   0 0 0 28960 -443
  25962   0 0 0 25448 -514
  31487   0 0 0 30959 -528
  8015   0 0 0 7633 -382
  34002   0 0 0 -34460 -457
  993   0 0 0 -1546 -552
  97025   0 0 0 -97576 -550
  103346   0 0 0 -103866 -519
  82576   0 0 0 82086 -490
  47163   0 0 0 46676 -487
  9728   0 0 0 -10133 -404
  41437   0 0 0 -41858 -420
  51076   0 0 0 -51512 -435
  114535   0 0 0 114036 -499
  79067   0 0 0 78628 -439
  40022   0 0 0 39469 -553
  70575   0 0 0 70088 -487
  20536   0 0 0 20072 -464
  19317   0 0 0 18777 -540
  44629   0 0 0 44223 -406
  74385   0 0 0 -74823 -437
  122867   0 0 0 -123394 -526
  5404   0 0 0 5008 -396
  22508   0 0 0 22062 -446
  20549   0 0 0 -21016 -466
  73787   0 0 0 74958 1170
  9823   0 0 0 9398 -425
  27   0 0 0 -498 -470
  33092   0 0 0 32658 -434
  28076   0 0 0 -28618 -541
  46031   0 0 0 -46518 -486
  28430   0 0 0 -28840 -409
  89146   0 0 0 88638 -508
  57977   0 0 0 -58472 -494
  82556   0 0 0 -82951 -394
  51787   0 0 0 -52329 -541
  61300   0 0 0 60896 -404
  44395   0 0 0 43910 -485
  32169   0 0 0 -32579 -409
  59527   0 0 0 -59995 -467
  42058   0 0 0 41570 -488
  41060   0 0 0 -41542 -481
  33148   0 0 0 -33668 -519
  30353   0 0 0 -30762 -408
  35627   0 0 0 35232 -395
  28527   0 0 0 28047 -480
  2628   0 0 0 -3030 -401
  82235   0 0 0 81736 -499
  84350   0 0 0 -84750 -399
  75668   0 0 0 -76094 -425
  54749   0 0 0 54291 -458
  77645   0 0 0 77193 -452
  92510   0 0 0 91983 -527
  18328   0 0 0 -18749 -420
  89589   0 0 0 89122 -467
  20345   0 0 0 -20799 -453
  46792   0 0 0 -47243 -450
  23186   0 0 0 22753 -433
  18819   0 0 0 18413 -406
  78394   0 0 0 -78873 -478
  23587   0 0 0 23060 -527
  42005   0 0 0 -42487 -481
  19332   0 0 0 18850 -482
  24312   0 0 0 23830 -482
  14237   0 0 0 -14638 -400
  63734   0 0 0 63248 -486
  58324   0 0 0 -58849 -524
  84817   0 0 0 -85306 -488
  41598   0 0 0 -42122 -523
  71795   0 0 0 -72296 -500
  20280   0 0 0 -20713 -432
  55360   0 0 0 54884 -476
  30033   0 0 0 -30574 -540
  16248   0 0 0 -16800 -551
  15353   0 0 0 -15855 -501
  105161   0 0 0 -105681 -519
  9065   0 0 0 8594 -471
  20643   0 0 0 -21113 -469
  63832   0 0 0 63350 -482
  5031   0 0 0 -5432 -400
  23587   0 0 0 23124 -463
  28618   0 0 0 -29064 -445
  43657   0 0 0 43187 -470
  88601   0 0 0 -89090 -488
  13408   0 0 0 13013 -395
  88433   0 0 0 88002 -431
  16529   0 0 0 19737 3207
  49274   0 0 0 48796 -478
  63312   0 0 0 -63781 -468
  15581   0 0 0 -16036 -454
  12999   0 0 0 12450 -549
  47679   0 0 0 -48162 -482
  47177   0 0 0 -47630 -452
  61652   0 0 0 61136 -516
  64418   0 0 0 63930 -488
  6595   0 0 0 -7000 -404
  11323   0 0 0 10928 -395
  85992   0 0 0 85540 -452
  43376   0 0 0 42952 -424
  8762   0 0 0 8312 -450
  44661   0 0 0 44259 -402
  110942   0 0 0 -111423 -480
  82593   0 0 0 82182 -411
  1384   0 0 0 -1915 -530
  66046   0 0 0 65570 -476
  106898   0 0 0 -107391 -492
  8940   0 0 0 8474 -466
  25209   0 0 0 -25662 -452
  58928   0 0 0 -59471 -542
  71345   0 0 0 70845 -500
  93273   0 0 0 -93741 -467
  33043   0 0 0 -33469 -425
  47639   0 0 0 -48110 -470
  64635   0 0 0 -65160 -524
  3131   0 0 0 -3641 -509
  24093   0 0 0 -24570 -476
  35361   0 0 0 -35784 -422
  4032   0 0 0 3604 -428
  115064   0 0 0 114536 -528
  79054   0 0 0 78597 -457
  65135   0 0 0 -65668 -532
  58206   0 0 0 57742 -464
  32265   0 0 0 31777 -488
  11473   0 0 0 -11920 -446
  70131   0 0 0 69639 -492
  11630   0 0 0 -12132 -501
  84366   0 0 0 -84823 -456
  61562   0 0 0 61020 -542
  57681   0 0 0 57280 -401
  25872   0 0 0 25393 -479
  61593   0 0 0 61155 -438
  21100   0 0 0 -21648 -547
  19497   0 0 0 -19998 -500
  106143   0 0 0 105644 -499
  46168   0 0 0 -46614 -445
  9898   0 0 0 -10439 -540
  81045   0 0 0 -81463 -417
  25234   0 0 0 -25742 -507
  51240   0 0 0 -51746 -505
  51920   0 0 0 -52394 -473
  77390   0 0 0 -77897 -506
  49241   0 0 0 48801 -440
  39966   0 0 0 39560 -406
  56311   0 0 0 55902 -409
  73138   0 0 0 -73636 -497
  1380   0 0 0 -1862 -481
  39493   0 0 0 -39964 -470
  50788   0 0 0 -51272 -483
  10503   0 0 0 10044 -459
  5925   0 0 0 -6322 -396
  19160   0 0 0 18706 -454
  44138   0 0 0 43624 -514
  560   0 0 0 -1039 -478
  75608   0 0 0 -76120 -511
  60380   0 0 0 59826 -554
  102420   0 0 0 -102893 -472
  82564   0 0 0 82158 -406
  55060   0 0 0 -55483 -422
  70369   0 0 0 -70881 -511
  14472   0 0 0 -15003 -530
  54633   0 0 0 -55110 -476
  22495   0 0 0 -22934 -438
  87237   0 0 0 -87685 -447
  6511   0 0 0 6020 -491
  66432   0 0 0 65940 -492
  44911   0 0 0 -45371 -459
  101706   0 0 0 101186 -520
  42002   0 0 0 41609 -393
  38439   0 0 0 -38923 -483
  8150   0 0 0 7647 -503
  58966   0 0 0 58554 -412
  64855   0 0 0 -65257 -401
  28657   0 0 0 28215 -442
  84566   0 0 0 84028 -538
  11048   0 0 0 10612 -436
  15087   0 0 0 -15637 -549
  4182   0 0 0 -4730 -547
  35103   0 0 0 -35649 -545
  100525   0 0 0 100030 -495
  20185   0 0 0 19633 -552
  39251   0 0 0 38793 -458
  37486   0 0 0 -37911 -424
  48577   0 0 0 48030 -547
  108109   0 0 0 107560 -549
  49223   0 0 0 -49620 -396
  30644   0 0 0 30146 -498
  3611   0 0 0 3394 -217
  58601   0 0 0 58103 -498
  65199   0 0 0 64674 -525
  33050   0 0 0 -33494 -443
  72274   0 0 0 -72707 -432
  57729   0 0 0 -58185 -455
  59030   0 0 0 60224 1193
  18865   0 0 0 -19328 -462
  72767   0 0 0 -73253 -485
  48041   0 0 0 47663 -378
  25637   0 0 0 -26044 -406
  87242   0 0 0 -87783 -540
  56833   0 0 0 56311 -522
  21589   0 0 0 -22099 -509
  56395   0 0 0 55912 -483
  67988   0 0 0 -68407 -418
  89976   0 0 0 89450 -526
  24429   0 0 0 23995 -434
  33082   0 0 0 32592 -490
  64011   0 0 0 63526 -485
  51772   0 0 0 -52258 -485
  38919   0 0 0 -39452 -532
  97370   0 0 0 96887 -483
  14661   0 0 0 14113 -548
  106449   0 0 0 105910 -539
  11408   0 0 0 10907 -501
  21577   0 0 0 21180 -397
  113633   0 0 0 -114138 -504
  7558   0 0 0 7098 -460
  71427   0 0 0 -71873 -445
  53715   0 0 0 53260 -455
  18833   0 0 0 18451 -382
  34488   0 0 0 -34910 -421
  67061   0 0 0 -67610 -548
  11377   0 0 0 10841 -536
  14973   0 0 0 -15468 -494
  5665   0 0 0 -6214 -548
  97242   0 0 0 -97720 -477
  34576   0 0 0 34110 -466
  68245   0 0 0 -68717 -471
  44590   0 0 0 44044 -546
  5120   0 0 0 4592 -528
  10754   0 0 0 -11184 -429
  44206   0 0 0 -44684 -477
  18077   0 0 0 -18498 -420
  26823   0 0 0 -27294 -470
  29727   0 0 0 29194 -533
  31411   0 0 0 -31829 -417
  89070   0 0 0 88626 -444
  8585   0 0 0 -9042 -456
  82386   0 0 0 81903 -483
  36585   0 0 0 36644 58
  5635   0 0 0 5162 -473
  77801   0 0 0 77338 -463
  63337   0 0 0 -63774 -436
  46374   0 0 0 -46918 -543
  55876   0 0 0 55344 -532
  68042   0 0 0 67592 -450
  32890   0 0 0 32444 -446
  63641   0 0 0 63251 -390
  60729   0 0 0 -61250 -520
  45177   0 0 0 44634 -543
  67606   0 0 0 67220 -386
  64863   0 0 0 64342 -521
  77683   0 0 0 77172 -511
  70458   0 0 0 70001 -457
  17384   0 0 0 16837 -547
  21437   0 0 0 -21981 -543
  4583   0 0 0 -5136 -552
  96307   0 0 0 -96733 -425
  88144   0 0 0 87751 -393
  41944   0 0 0 -42460 -515
  31704   0 0 0 31257 -447
  35809   0 0 0 -36288 -478
  40498   0 0 0 -40964 -465
  8398   0 0 0 -8835 -436
  65786   0 0 0 65370 -416
  59484   0 0 0 59049 -435
  83756   0 0 0 83275 -481
  42866   0 0 0 42331 -535
  24073   0 0 0 -24556 -482
  33731   0 0 0 -34136 -404
  2453   0 0 0 1997 -456
  54924   0 0 0 54460 -464
  119101   0 0 0 -119618 -516
  24381   0 0 0 23994 -387
  26459   0 0 0 25932 -527
  22694   0 0 0 -23227 -532
  51634   0 0 0 -52030 -395
  79182   0 0 0 -79622 -439
  25557   0 0 0 -25960 -402
  51101   0 0 0 50661 -440
  60965   0 0 0 -61504 -538
  11694   0 0 0 11279 -415
  33374   0 0 0 -33906 -531
  8661   0 0 0 -9127 -465
  60447   0 0 0 -60958 -510
  36345   0 0 0 -36800 -454
  102307   0 0 0 -102825 -517
  46257   0 0 0 45868 -389
  32865   0 0 0 -33404 -538
  56465   0 0 0 55922 -543
  63033   0 0 0 62585 -448
  33241   0 0 0 32712 -529
  6009   0 0 0 5596 -413
  67037   0 0 0 66482 -555
  2916   0 0 0 -3474 -557
  17563   0 0 0 17022 -541
  102865   0 0 0 -103319 -453
  23519   0 0 0 23102 -417
  35325   0 0 0 -35729 -403
  110790   0 0 0 110325 -465
  28631   0 0 0 28208 -423
  43753   0 0 0 -44198 -444
  71326   0 0 0 70890 -436
  79303   0 0 0 78806 -497
  85072   0 0 0 84634 -438
  53760   0 0 0 53230 -530
  45749   0 0 0 45274 -475
  80364   0 0 0 -80835 -470
  52988   0 0 0 52502 -486
  57561   0 0 0 57075 -486
  114415   0 0 0 -114963 -547
  89753   0 0 0 89221 -532
  29300   0 0 0 28859 -441
  80132   0 0 0 -80554 -421
  102770   0 0 0 102304 -466
  93271   0 0 0 -93661 -389
  22467   0 0 0 21920 -547
  79463   0 0 0 -79990 -526
  2620   0 0 0 -3153 -532
  7603   0 0 0 -8092 -488
  95319   0 0 0 94790 -529
  2668   0 0 0 2170 -498
  43976   0 0 0 43462 -514
  118330   0 0 0 117808 -522
  49442   0 0 0 -49899 -456
  16006   0 0 0 15571 -435
  56479   0 0 0 -56992 -512
  13487   0 0 0 12962 -525
  72566   0 0 0 -73062 -495
  30596   0 0 0 -30994 -397
  29485   0 0 0 -30005 -519
  83167   0 0 0 82764 -403
  72501   0 0 0 -72964 -462
  97285   0 0 0 -97706 -420
  68973   0 0 0 -69432 -458
  84358   0 0 0 83832 -526
  62010   0 0 0 -62444 -433
  42018   0 0 0 41519 -499
  24636   0 0 0 24128 -508
  10214   0 0 0 -10735 -520
  78350   0 0 0 77799 -551
  48009   0 0 0 47529 -480
  5114   0 0 0 -5613 -498
  82991   0 0 0 82438 -553
  8540   0 0 0 8090 -450
  16957   0 0 0 -17492 -534
  67384   0 0 0 -67911 -526
  21635   0 0 0 21159 -476
  41113   0 0 0 40646 -467
  110435   0 0 0 -110944 -508
  42291   0 0 0 41791 -500
  117315   0 0 0 -117864 -548
  60649   0 0 0 -61121 -471
  115515   0 0 0 -116062 -546
  120513   0 0 0 120980 466
  82047   0 0 0 -82530 -482
  77302   0 0 0 76780 -522
  25900   0 0 0 25456 -444
  24857   0 0 0 -25243 -385
  65977   0 0 0 65459 -518
  26561   0 0 0 -27057 -495
  17186   0 0 0 -17640 -453
  3138   0 0 0 2637 -501
  18412   0 0 0 17969 -443
  15958   0 0 0 15440 -518
  32963   0 0 0 -33489 -525
  31840   0 0 0 31409 -431
  91510   0 0 0 -91962 -451
  59396   0 0 0 58926 -470
  73142   0 0 0 -73688 -545
  76   0 0 0 -388 -464
  23232   0 0 0 -23720 -487
  48583   0 0 0 -49118 -534
  57404   0 0 0 56866 -538
  49755   0 0 0 49290 -465
  46150   0 0 0 -46697 -546
  81834   0 0 0 81356 -478
  102994   0 0 0 -103508 -513
  65064   0 0 0 64527 -537
  34056   0 0 0 33618 -438
  36914   0 0 0 -37422 -507
  9949   0 0 0 -10366 -416
  16751   0 0 0 -17162 -410
  3106   0 0 0 2684 -422
  31029   0 0 0 -31435 -405
  114853   0 0 0 114315 -538
  87247   0 0 0 -87702 -454
  88774   0 0 0 -89252 -477
  122298   0 0 0 -122814 -515
  22757   0 0 0 22242 -515
  48715   0 0 0 -49225 -509
  13887   0 0 0 -14352 -464
  41042   0 0 0 -41550 -507
  101855   0 0 0 101412 -443
  3934   0 0 0 -4461 -526
  25103   0 0 0 -25514 -410
  40673   0 0 0 -41188 -514
  32148   0 0 0 -32600 -451
  10280   0 0 0 9852 -428
  21656   0 0 0 21146 -510
  76731   0 0 0 76203 -528
  77723   0 0 0 -78212 -488
  56351   0 0 0 -56813 -461
  58269   0 0 0 -58787 -517
  14700   0 0 0 14236 -464
  68682   0 0 0 -69078 -395
  67159   0 0 0 -67580 -420
  10698   0 0 0 -11114 -415
  32385   0 0 0 31857 -528
  100837   0 0 0 100282 -555
  59841   0 0 0 59451 -390
  31512   0 0 0 -31216 296
  28777   0 0 0 28256 -521
  73886   0 0 0 -74370 -483
  82616   0 0 0 -83132 -515
  70555   0 0 0 70054 -501
  61351   0 0 0 -61814 -462
  41884   0 0 0 41406 -478
  62942   0 0 0 -63380 -437
  107482   0 0 0 106931 -551
  53396   0 0 0 -53835 -438
  8379   0 0 0 -8848 -468
  9500   0 0 0 -9913 -412
  2439   0 0 0 -2918 -478
  31413   0 0 0 -31816 -402
  61964   0 0 0 -62378 -413
  33408   0 0 0 32918 -490
  65300   0 0 0 64800 -500
  64035   0 0 0 63576 -459
  62235   0 0 0 -62725 -489
  15343   0 0 0 14856 -487
  75296   0 0 0 -75683 -386
  43997   0 0 0 -44390 -392
  219   0 0 0 -324 -543
  79220   0 0 0 -79678 -457
  29180   0 0 0 -29660 -479
  35567   0 0 0 -35975 -407
  1879   0 0 0 -2290 -410
  60559   0 0 0 60026 -533
  7947   0 0 0 7406 -541
  31216   0 0 0 -31661 -444
  20448   0 0 0 19980 -468
  58421   0 0 0 -58908 -486
  58262   0 0 0 -58700 -437
  106192   0 0 0 105662 -530
  58526   0 0 0 58101 -425
  55365   0 0 0 54864 -501
  22393   0 0 0 21992 -401
  31516   0 0 0 -31926 -409
  43290   0 0 0 -43730 -439
  94090   0 0 0 -93678 412
  90444   0 0 0 89944 -500
  61383   0 0 0 -61833 -449
  72085   0 0 0 71534 -551
  85234   0 0 0 -85666 -431
  9105   0 0 0 -9604 -498
  35344   0 0 0 34948 -396
  80635   0 0 0 80212 -423
  24348   0 0 0 51555 27206
  10679   0 0 0 -11200 -520
  46046   0 0 0 -46522 -475
  70033   0 0 0 -70550 -516
  56106   0 0 0 55592 -514
  89992   0 0 0 89521 -471
  7287   0 0 0 6870 -417
  69441   0 0 0 -69923 -481
  21248   0 0 0 -21722 -473
  39664   0 0 0 39233 -431
  63106   0 0 0 -63643 -536
  101873   0 0 0 101388 -485
  58344   0 0 0 57932 -412
  68163   0 0 0 67731 -432
  42833   0 0 0 -43242 -408
  20859   0 0 0 -21382 -522
  116425   0 0 0 115896 -529
  52040   0 0 0 -52486 -445
  69965   0 0 0 69524 -441
  57922   0 0 0 -58410 -487
  64461   0 0 0 63976 -485
  110534   0 0 0 -111038 -503
  100436   0 0 0 99977 -459
  42738   0 0 0 42338 -400
  79077   0 0 0 78676 -401
  7607   0 0 0 -8022 -414
  3077   0 0 0 2594 -483
  6305   0 0 0 5790 -515
  39708   0 0 0 -40100 -391
  69613   0 0 0 69140 -473
  54376   0 0 0 53872 -504
  17160   0 0 0 -17703 -542
  18839   0 0 0 18318 -521
  2534   0 0 0 2093 -441
  4314   0 0 0 -4722 -407
  82786   0 0 0 -83207 -420
  34608   0 0 0 -35148 -539
  80278   0 0 0 79781 -497
  64345   0 0 0 63874 -471
  8648   0 0 0 -9116 -467
  76896   0 0 0 -77448 -551
  82072   0 0 0 81566 -506
  52128   0 0 0 51707 -421
  5123   0 0 0 4591 -532
  17892   0 0 0 17437 -455
  14518   0 0 0 14006 -512
  58658   0 0 0 58261 -397
  12906   0 0 0 -13407 -500
  71511   0 0 0 71000 -511
  16719   0 0 0 16214 -505
  63244   0 0 0 62792 -452
  20282   0 0 0 19814 -468
  42294   0 0 0 41852 -442
  102730   0 0 0 -103232 -501
  56848   0 0 0 56322 -526
  62145   0 0 0 -61066 1079
  8682   0 0 0 8154 -528
  44070   0 0 0 43532 -538
  98188   0 0 0 -98708 -519
  44565   0 0 0 44084 -481
  68358   0 0 0 -68790 -431
  34874   0 0 0 34457 -417
  61686   0 0 0 61293 -393
  37767   0 0 0 -38268 -500
  81834   0 0 0 -82228 -393
  39317   0 0 0 -39790 -472
  45904   0 0 0 -46404 -499
  69115   0 0 0 68718 -397
  89270   0 0 0 -89740 -469
  24660   0 0 0 24138 -522
  39189   0 0 0 -39608 -418
  72761   0 0 0 72352 -409
  69460   0 0 0 69004 -456
  65527   0 0 0 -65941 -413
  29622   0 0 0 -30086 -463
  52486   0 0 0 -52920 -433
  78171   0 0 0 -78579 -407
  13320   0 0 0 12778 -542
  51872   0 0 0 51318 -554
  97227   0 0 0 97513 285
  55046   0 0 0 54509 -537
  116764   0 0 0 -117298 -533
  91272   0 0 0 -91746 -473
  43499   0 0 0 -42813 686
  19162   0 0 0 18652 -510
  24091   0 0 0 -24623 -531
  84276   0 0 0 -84696 -419
  14528   0 0 0 -15033 -504
  38579   0 0 0 38882 302
  50496   0 0 0 -51047 -550
  5451   0 0 0 -5975 -523
  24097   0 0 0 23606 -491
  46498   0 0 0 46090 -408
  6416   0 0 0 5978 -438
  74139   0 0 0 73654 -485
  64429   0 0 0 63968 -461
  61543   0 0 0 61121 -422
  16144   0 0 0 15674 -470
  57746   0 0 0 57340 -406
  15594   0 0 0 -15992 -397
  73891   0 0 0 -74377 -485
  49279   0 0 0 -49716 -436
  42927   0 0 0 -43357 -429
  82806   0 0 0 82282 -524
  57254   0 0 0 -57607 -352
  73112   0 0 0 72576 -536
  15841   0 0 0 -16306 -464
  49317   0 0 0 48824 -493
  51569   0 0 0 51093 -476
  83989   0 0 0 -84410 -420
  9722   0 0 0 -10156 -433
  71575   0 0 0 -72001 -425
  91171   0 0 0 90636 -535
  118604   0 0 0 -119130 -525
  69395   0 0 0 68994 -401
  69590   0 0 0 69132 -458
  34188   0 0 0 33657 -531
  33625   0 0 0 33158 -467
  44343   0 0 0 -44856 -512
  24846   0 0 0 24388 -458
  41953   0 0 0 -42506 -552
  56091   0 0 0 55581 -510
  9329   0 0 0 8926 -403
  90431   0 0 0 -90936 -504
  74178   0 0 0 73777 -401
  96846   0 0 0 -97400 -553
  20597   0 0 0 20154 -443
  92757   0 0 0 92210 -547
  86409   0 0 0 -86815 -405
  86156   0 0 0 85669 -487
  79585   0 0 0 -80064 -478
  70869   0 0 0 70333 -536
  32931   0 0 0 32406 -525
  57295   0 0 0 -57847 -551
  22119   0 0 0 -22525 -405
  26596   0 0 0 26156 -440
  48889   0 0 0 48386 -503
  74173   0 0 0 -74655 -481
  32801   0 0 0 -33343 -541
  16969   0 0 0 16439 -530
  43098   0 0 0 -43515 -416
  93518   0 0 0 -94045 -526
  61905   0 0 0 -62446 -540
  25469   0 0 0 -25928 -458
  2860   0 0 0 -3332 -471
  70269   0 0 0 -70805 -535
  102468   0 0 0 101955 -513
  91624   0 0 0 91122 -502
  3564   0 0 0 3070 -494
  6160   0 0 0 -6596 -435
  73831   0 0 0 -74328 -496
  72591   0 0 0 72155 -436
  67916   0 0 0 67518 -398
  63210   0 0 0 -63704 -493
  112170   0 0 0 -112698 -527
  116157   0 0 0 -116695 -537
  24085   0 0 0 -24512 -426
  57584   0 0 0 -58114 -529
  35767   0 0 0 -36174 -406
  13427   0 0 0 -13924 -496
  29849   0 0 0 -30362 -512
  3075   0 0 0 -3538 -462
  20532   0 0 0 20126 -406
  48405   0 0 0 -48115 290
  54923   0 0 0 -52475 2448
  17513   0 0 0 17894 380
  81045   0 0 0 -81470 -424
  33908   0 0 0 33368 -540
  22304   0 0 0 -22813 -508
  51065   0 0 0 50657 -408
  11867   0 0 0 -12272 -404
  101947   0 0 0 -102438 -490
  48587   0 0 0 48092 -495
  8359   0 0 0 7926 -433
  100584   0 0 0 -101122 -537
  23653   0 0 0 23114 -539
  30243   0 0 0 29763 -480
  4104   0 0 0 3610 -494
  14172   0 0 0 -14700 -527
  30512   0 0 0 -31038 -525
  53842   0 0 0 -54340 -497
  17014   0 0 0 16613 -401
  112   0 0 0 -354 -466
  54769   0 0 0 -55226 -456
  14146   0 0 0 -14642 -495
  4860   0 0 0 -5300 -439
  54681   0 0 0 54282 -399
  20292   0 0 0 -20694 -401
  5788   0 0 0 -6256 -467
  9742   0 0 0 9286 -456
  68624   0 0 0 68221 -403
  12029   0 0 0 -12502 -472
  15344   0 0 0 14916 -428
  53577   0 0 0 53062 -515
  46439   0 0 0 -46970 -530
  9695   0 0 0 11434 1738
  94379   0 0 0 -94849 -469
  93464   0 0 0 -93980 -515
  84336   0 0 0 -84794 -457
  10682   0 0 0 -11091 -408
  100442   0 0 0 -100948 -505
  100290   0 0 0 -100800 -509
  37059   0 0 0 -37580 -520
  71063   0 0 0 -71508 -444
  68552   0 0 0 68014 -538
  36919   0 0 0 36510 -409
  24618   0 0 0 24228 -390
  28787   0 0 0 -29196 -408
  1609   0 0 0 -2116 -506
  64928   0 0 0 -65334 -405
  18896   0 0 0 -19426 -529
  95633   0 0 0 -96172 -538
  62182   0 0 0 61774 -408
  29696   0 0 0 -30151 -454
  89764   0 0 0 -90234 -469
  107131   0 0 0 -107642 -510
  9644   0 0 0 -10150 -505
  78562   0 0 0 -79110 -547
  64535   0 0 0 64058 -477
  5426   0 0 0 -5978 -551
  79047   0 0 0 78528 -519
  40130   0 0 0 39706 -424
  104762   0 0 0 104267 -495
  82459   0 0 0 81918 -541
  7762   0 0 0 -8234 -471
  79501   0 0 0 78982 -519
  74869   0 0 0 74475 -394
  10984   0 0 0 -11492 -507
  49308   0 0 0 -49764 -455
  83757   0 0 0 -84166 -408
  30456   0 0 0 29928 -528
  27822   0 0 0 27279 -543
  49641   0 0 0 -48543 1098
  28864   0 0 0 28314 -550
  89156   0 0 0 88642 -514
  49168   0 0 0 48754 -414
  23256   0 0 0 22741 -515
  35253   0 0 0 34736 -517
  8199   0 0 0 7756 -443
  7024   0 0 0 6578 -446
  44296   0 0 0 43785 -511
  10775   0 0 0 -11210 -434
  111804   0 0 0 111317 -487
  48067   0 0 0 47607 -460
  60017   0 0 0 59492 -525
  27900   0 0 0 -28308 -407
  83011   0 0 0 -83469 -457
  11347   0 0 0 10904 -443
  78592   0 0 0 -79100 -507
  19786   0 0 0 19336 -450
  20305   0 0 0 19779 -526
  28694   0 0 0 28183 -511
  104130   0 0 0 -104614 -483
  63763   0 0 0 -64257 -493
  45990   0 0 0 -44586 1404
  35757   0 0 0 35356 -401
  112972   0 0 0 -113515 -542
  643   0 0 0 134 -509
  22187   0 0 0 -22681 -493
  11682   0 0 0 11212 -470
  103987   0 0 0 -104475 -487
  44003   0 0 0 43584 -419
  26861   0 0 0 -27363 -501
  19019   0 0 0 -17783 1236
  6462   0 0 0 5924 -538
  74172   0 0 0 73740 -432
  1089   0 0 0 571 -518
  23000   0 0 0 22606 -394
  11539   0 0 0 -12026 -486
  27780   0 0 0 -28228 -447
  82831   0 0 0 -83281 -449
  6650   0 0 0 -7046 -395
  58746   0 0 0 58258 -488
  78209   0 0 0 77790 -419
  58680   0 0 0 58278 -402
  37238   0 0 0 36830 -408
  32366   0 0 0 -32858 -491
  15450   0 0 0 14991 -459
  99063   0 0 0 98556 -507
  27780   0 0 0 27303 -477
  76779   0 0 0 -77261 -481
  104256   0 0 0 -104792 -535
  20973   0 0 0 20462 -511
  65755   0 0 0 65223 -532
  9209   0 0 0 8720 -489
  48881   0 0 0 -49427 -545
  27619   0 0 0 -28165 -545
  38800   0 0 0 38388 -412
  31244   0 0 0 30831 -413
  64421   0 0 0 -64952 -530
  517   0 0 0 -1044 -526
  53710   0 0 0 53304 -406
  71764   0 0 0 -72184 -419
  65552   0 0 0 -66057 -504
  73980   0 0 0 73533 -447
  69002   0 0 0 68465 -537
  92104   0 0 0 -92545 -440
  38025   0 0 0 37533 -492
  21925   0 0 0 21491 -434
  9584   0 0 0 9160 -424
  97166   0 0 0 96743 -423
  76792   0 0 0 -77276 -483
  1586   0 0 0 -2008 -421
  36869   0 0 0 36446 -423
  84053   0 0 0 -84506 -452
  91016   0 0 0 90597 -419
  20002   0 0 0 -20474 -471
  45546   0 0 0 -45945 -398
  77888   0 0 0 -78309 -420
  75977   0 0 0 75433 -544
  89995   0 0 0 -90422 -426
  83187   0 0 0 82740 -447
  68772   0 0 0 68278 -494
  68989   0 0 0 68502 -487
  58419   0 0 0 -58865 -445
  71283   0 0 0 70902 -381
  95295   0 0 0 -95799 -503
  86168   0 0 0 -86622 -453
  25446   0 0 0 -25452 -5
  117472   0 0 0 116956 -516
  9622   0 0 0 -10031 -408
  20812   0 0 0 20280 -532
  89863   0 0 0 -90369 -505
  33227   0 0 0 -33729 -501
  62310   0 0 0 61920 -390
  45997   0 0 0 45517 -480
  74889   0 0 0 -75378 -488
  107481   0 0 0 -107992 -510
  27280   0 0 0 26880 -400
  48483   0 0 0 -48892 -408
  72101   0 0 0 -72578 -476
  117329   0 0 0 116792 -537
  29473   0 0 0 -29864 -390
  40630   0 0 0 40109 -521
  9546   0 0 0 9072 -474
  25053   0 0 0 24516 -537
  6917   0 0 0 6482 -435
  16939   0 0 0 -17421 -481
  84865   0 0 0 -85280 -414
  2509   0 0 0 2007 -502
  82097   0 0 0 -82592 -494
  58198   0 0 0 57686 -512
  78763   0 0 0 78294 -469
  82017   0 0 0 -82462 -444
  47964   0 0 0 47552 -412
  15004   0 0 0 -15403 -398
  65130   0 0 0 64602 -528
  38036   0 0 0 37500 -536
  12779   0 0 0 -13222 -442
  51016   0 0 0 -51533 -516
  1554   0 0 0 1150 -404
  1762   0 0 0 -2227 -464
  47743   0 0 0 -48153 -409
  17632   0 0 0 -18060 -427
  70675   0 0 0 70150 -525
  19181   0 0 0 18635 -546
  15803   0 0 0 15366 -437
  6813   0 0 0 -7238 -424
  5472   0 0 0 5013 -459
  24778   0 0 0 -25254 -475
  43460   0 0 0 43077 -383
  4797   0 0 0 4308 -489
  25657   0 0 0 25188 -469
  5507   0 0 0 5094 -413
  38158   0 0 0 37605 -553
  72316   0 0 0 -72850 -533
  61430   0 0 0 -61893 -462
  3782   0 0 0 3295 -487
  27710   0 0 0 27216 -494
  94400   0 0 0 93957 -443
  7059   0 0 0 6529 -530
  815   0 0 0 -1248 -432
  96382   0 0 0 95919 -463
  66019   0 0 0 -66512 -492
  11770   0 0 0 -12296 -525
  73180   0 0 0 -73623 -442
  41164   0 0 0 40684 -480
  114395   0 0 0 113904 -491
  41617   0 0 0 -42012 -394
  45204   0 0 0 44784 -420
  50765   0 0 0 -51210 -444
  22789   0 0 0 22335 -454
  25882   0 0 0 25452 -430
  54681   0 0 0 54222 -459
  32636   0 0 0 32096 -540
  119112   0 0 0 118616 -496
  60452   0 0 0 59982 -470
  29248   0 0 0 28802 -446
  62441   0 0 0 61929 -512
  13049   0 0 0 -13597 -547
  26465   0 0 0 -26874 -408
  19887   0 0 0 -20341 -453
  31553   0 0 0 31150 -403
  54871   0 0 0 -55323 -451
  16665   0 0 0 16180 -485
  51459   0 0 0 -51976 -516
  50004   0 0 0 49570 -434
  91064   0 0 0 -91496 -431
  78502   0 0 0 -79012 -509
  56753   0 0 0 56230 -523
  33279   0 0 0 32807 -472
  4805   0 0 0 -5291 -485
  974   0 0 0 -1420 -445
  25853   0 0 0 -26332 -478
  93175   0 0 0 -93724 -548
  42147   0 0 0 -42637 -489
  77274   0 0 0 76825 -449
  67264   0 0 0 66711 -553
  55549   0 0 0 -56009 -459
  61693   0 0 0 -62168 -474
  22239   0 0 0 21784 -455
  62549   0 0 0 -63088 -538
  76329   0 0 0 76350 20
  91495   0 0 0 -91956 -460
  45230   0 0 0 -45730 -499
  41038   0 0 0 -41464 -425
  70669   0 0 0 -71168 -498
  6654   0 0 0 -7200 -545
  29435   0 0 0 28998 -437
  68015   0 0 0 -68538 -522
  22730   0 0 0 -23284 -553
  65629   0 0 0 65166 -463
  57362   0 0 0 -57851 -488
  56975   0 0 0 -57476 -500
  12987   0 0 0 -13383 -395
  97438   0 0 0 96982 -456
  87568   0 0 0 87160 -408
  107321   0 0 0 -107850 -528
  52197   0 0 0 -52630 -432
  59423   0 0 0 58939 -484
  1411   0 0 0 908 -503
  16103   0 0 0 -16548 -444
  94604   0 0 0 94867 262
  16267   0 0 0 15846 -421
  43526   0 0 0 -44045 -518
  82952   0 0 0 -83378 -425
  51296   0 0 0 -51830 -533
  87914   0 0 0 -88393 -478
  84706   0 0 0 84186 -520
  81460   0 0 0 -81967 -506
  62322   0 0 0 -62817 -494
  26189   0 0 0 -26677 -487
  49686   0 0 0 49294 -392
  79436   0 0 0 -78405 1031
  26709   0 0 0 26296 -413
  24378   0 0 0 -24780 -401
  99879   0 0 0 -100412 -532
  82162   0 0 0 81718 -444
  82889   0 0 0 82384 -505
  78780   0 0 0 -79274 -493
  59779   0 0 0 59264 -515
  10635   0 0 0 10182 -453
  33679   0 0 0 33158 -521
  5446   0 0 0 -5853 -406
  97047   0 0 0 -97527 -479
  11306   0 0 0 -11764 -457
  34230   0 0 0 33702 -528
  18679   0 0 0 -19098 -418
  10927   0 0 0 10459 -468
  15226   0 0 0 -15635 -408
  47379   0 0 0 -47837 -457
  111654   0 0 0 -112138 -483
  42740   0 0 0 42310 -430
  19735   0 0 0 19254 -481
  48854   0 0 0 -49399 -544
  73278   0 0 0 72770 -508
  83222   0 0 0 -83666 -443
  60363   0 0 0 59814 -549
  17380   0 0 0 -17838 -457
  44942   0 0 0 44479 -463
  96296   0 0 0 -96744 -447
  12920   0 0 0 12487 -433
  112671   0 0 0 -113228 -556
  38326   0 0 0 37894 -432
  31260   0 0 0 30758 -502
  59216   0 0 0 58733 -483
  97101   0 0 0 96590 -511
  17370   0 0 0 16864 -506
  38721   0 0 0 38298 -423
  51296   0 0 0 -51834 -537
  7716   0 0 0 7317 -399
  41706   0 0 0 41260 -446
  94436   0 0 0 93968 -468
  814   0 0 0 -1283 -468
  7578   0 0 0 7106 -472
  90160   0 0 0 89734 -426
  11224   0 0 0 -11649 -424
  72076   0 0 0 71628 -448
  31116   0 0 0 -31604 -487
  54473   0 0 0 53981 -492
  22621   0 0 0 22178 -443
  23835   0 0 0 -24263 -427
  49788   0 0 0 -50246 -457
  62292   0 0 0 61746 -546
  89462   0 0 0 89018 -444
  21851   0 0 0 21462 -389
  67066   0 0 0 66522 -544
  86232   0 0 0 -86751 -518
  61454   0 0 0 -61986 -531
  54903   0 0 0 -55298 -394
  43385   0 0 0 42946 -439
  79742   0 0 0 -80155 -412
  58200   0 0 0 57706 -494
  64021   0 0 0 63471 -550
  69889   0 0 0 -70393 -503
  77101   0 0 0 76546 -555
  34416   0 0 0 -34874 -457
  61860   0 0 0 61456 -404
  23018   0 0 0 -23446 -427
  23195   0 0 0 22732 -463
  14018   0 0 0 13550 -468
  74634   0 0 0 74130 -504
  48887   0 0 0 48450 -437
  64647   0 0 0 64123 -524
  84270   0 0 0 83843 -427
  19510   0 0 0 19033 -477
  45828   0 0 0 -46363 -534
  28515   0 0 0 27990 -525
  55160   0 0 0 54608 -552
  115358   0 0 0 114845 -513
  77799   0 0 0 77390 -409
  112912   0 0 0 112376 -536
  60505   0 0 0 -60996 -490
  44530   0 0 0 44067 -463
  96526   0 0 0 96060 -466
  17107   0 0 0 16611 -496
  13110   0 0 0 12666 -444
  5320   0 0 0 -5719 -398
  25546   0 0 0 25110 -436
  48672   0 0 0 -49100 -427
  50908   0 0 0 -51316 -407
  64020   0 0 0 63516 -504
  74819   0 0 0 74336 -483
  116087   0 0 0 115604 -483
  71975   0 0 0 71491 -484
  56109   0 0 0 55680 -429
  84526   0 0 0 -84938 -411
  5703   0 0 0 5300 -403
  66740   0 0 0 -67278 -537
  88435   0 0 0 87918 -517
  28023   0 0 0 -28578 -554
  86355   0 0 0 85961 -394
  32297   0 0 0 31906 -391
  46623   0 0 0 46071 -552
  88486   0 0 0 -88977 -490
  47269   0 0 0 -47722 -452
  90113   0 0 0 -90544 -430
  90690   0 0 0 90222 -468
  58104   0 0 0 57633 -471
  70106   0 0 0 -70640 -533
  48223   0 0 0 -48733 -509
  11526   0 0 0 -12001 -474
  108606   0 0 0 -109114 -507
  100032   0 0 0 -100590 -557
  28372   0 0 0 -28815 -442
  68900   0 0 0 -69416 -515
  86564   0 0 0 -87106 -541
  21808   0 0 0 21414 -394
  38118   0 0 0 37666 -452
  29999   0 0 0 -30419 -419
  75212   0 0 0 74733 -479
  50133   0 0 0 -50694 -560
  16445   0 0 0 -16917 -471
  45941   0 0 0 -44815 1126
  31966   0 0 0 -32453 -486
  59800   0 0 0 59280 -520
  106086   0 0 0 -106564 -477
  12175   0 0 0 -12666 -490
  12835   0 0 0 -13357 -521
  79661   0 0 0 -80217 -555
  44774   0 0 0 -45192 -417
  36614   0 0 0 -37031 -416
  58514   0 0 0 57980 -534
  109073   0 0 0 -109554 -480
  73345   0 0 0 -73820 -474
  12349   0 0 0 11898 -451
  77393   0 0 0 -77906 -512
  32993   0 0 0 32554 -439
  41738   0 0 0 41340 -398
  39262   0 0 0 -39768 -505
  31523   0 0 0 -32025 -501
  9181   0 0 0 8638 -543
  73674   0 0 0 73264 -410
  63630   0 0 0 -64064 -433
  68610   0 0 0 68124 -486
  49510   0 0 0 -50055 -544
  10603   0 0 0 10147 -456
  78483   0 0 0 -79009 -525
  72504   0 0 0 72024 -480
  2089   0 0 0 1541 -548
  82939   0 0 0 -81680 1259
  996   0 0 0 501 -495
  82393   0 0 0 -82860 -466
  45339   0 0 0 -44511 828
  64222   0 0 0 63712 -510
  3511   0 0 0 3082 -429
  95576   0 0 0 95101 -475
  437   0 0 0 -114 -551
  52952   0 0 0 52402 -550
  65759   0 0 0 -66255 -495
  16929   0 0 0 -15397 1532
  31471   0 0 0 31000 -471
  37131   0 0 0 -37564 -432
  59751   0 0 0 59253 -498
  47816   0 0 0 -48284 -467
  73736   0 0 0 73225 -511
  55451   0 0 0 55662 210
  31687   0 0 0 -32084 -396
  103427   0 0 0 -103919 -491
  86528   0 0 0 86024 -504
  10661   0 0 0 -11170 -508
  18246   0 0 0 17733 -513
  10157   0 0 0 9670 -487
  104926   0 0 0 -105462 -535
  57434   0 0 0 -57867 -432
  12493   0 0 0 12096 -397
  36643   0 0 0 -37126 -482
  13625   0 0 0 13123 -502
  75820   0 0 0 -76374 -553
  101733   0 0 0 101251 -482
  56630   0 0 0 56214 -416
  57817   0 0 0 57266 -551
  120342   0 0 0 119807 -535
  52324   0 0 0 51894 -430
  35172   0 0 0 -35665 -492
  53968   0 0 0 -54402 -433
  26148   0 0 0 -26622 -473
  65835   0 0 0 65380 -455
  37816   0 0 0 -38210 -393
  107894   0 0 0 107406 -488
  8793   0 0 0 8314 -479
  53824   0 0 0 -54221 -396
  32237   0 0 0 -32758 -520
  25574   0 0 0 -26005 -430
  77080   0 0 0 -77630 -549
  72242   0 0 0 -72664 -421
  77015   0 0 0 76560 -455
  1739   0 0 0 -2248 -508
  27270   0 0 0 -27822 -551
  66303   0 0 0 65868 -435
  869   0 0 0 -1342 -472
  88601   0 0 0 -89056 -454
  27586   0 0 0 -28006 -419
  27361   0 0 0 26869 -492
  73806   0 0 0 -74339 -532
  100265   0 0 0 99742 -523
  43564   0 0 0 -44069 -504
  98634   0 0 0 -99136 -501
  1109   0 0 0 604 -505
  92405   0 0 0 91922 -483
  11573   0 0 0 11062 -511
  89854   0 0 0 -90284 -429
  53232   0 0 0 52800 -432
  8505   0 0 0 7982 -523
  21402   0 0 0 20886 -516
  19481   0 0 0 -19882 -400
  24497   0 0 0 -24892 -394
  80483   0 0 0 80081 -402
  35892   0 0 0 -36310 -417
  13609   0 0 0 13178 -431
  7841   0 0 0 -8273 -431
  77671   0 0 0 -78082 -410
  53775   0 0 0 -54220 -444
  39203   0 0 0 38680 -523
  29636   0 0 0 29112 -524
  82953   0 0 0 82505 -448
  2557   0 0 0 -2974 -416
  24534   0 0 0 -25018 -483
  35833   0 0 0 35442 -391
  43852   0 0 0 -44310 -457
  61631   0 0 0 61140 -491
  3106   0 0 0 -3585 -478
  42883   0 0 0 -43416 -532
  21634   0 0 0 -22113 -478
  18951   0 0 0 -19476 -524
  35579   0 0 0 35090 -489
  38148   0 0 0 -38575 -426
  4346   0 0 0 -4889 -542
  5976   0 0 0 -6512 -535
  13166   0 0 0 -13701 -534
  27157   0 0 0 27921 763
  47368   0 0 0 -47763 -394
  22896   0 0 0 -23396 -499
  74669   0 0 0 74186 -483
  98438   0 0 0 97954 -484
  37352   0 0 0 36944 -408
  92192   0 0 0 91744 -448
  49775   0 0 0 -50183 -407
  56971   0 0 0 -57481 -509
  5231   0 0 0 -5622 -390
  87283   0 0 0 -87768 -484
  90455   0 0 0 89964 -491
  50650   0 0 0 50104 -546
  23028   0 0 0 22492 -536
  16322   0 0 0 -16760 -437
  27201   0 0 0 26754 -447
  39171   0 0 0 41803 2631
  29077   0 0 0 -29563 -485
  63291   0 0 0 -63842 -550
  64891   0 0 0 64350 -541
  57993   0 0 0 57524 -469
  39396   0 0 0 -39900 -503
  55175   0 0 0 54682 -493
  11548   0 0 0 -11949 -400
  62604   0 0 0 -63004 -399
  47026   0 0 0 -47446 -419
  50629   0 0 0 -51094 -464
  1729   0 0 0 1186 -543
  40271   0 0 0 39730 -541
  72021   0 0 0 -72454 -432
  53967   0 0 0 -54365 -397
  49147   0 0 0 -49605 -457
  50243   0 0 0 49823 -420
  37529   0 0 0 -38060 -530
  781   0 0 0 318 -463
  103060   0 0 0 -103520 -459
  37568   0 0 0 -37986 -417
  53333   0 0 0 52896 -437
  35758   0 0 0 35246 -512
  108856   0 0 0 -109401 -544
  20334   0 0 0 -20752 -417
  83025   0 0 0 -83576 -550
  86040   0 0 0 85488 -552
  36227   0 0 0 35683 -544
  14901   0 0 0 14414 -487
  48095   0 0 0 -48533 -437
  39471   0 0 0 39066 -405
  18683   0 0 0 -19115 -431
  86117   0 0 0 85586 -531
  56   0 0 0 -492 -435
  36337   0 0 0 35882 -455
  41326   0 0 0 -41759 -432
  2533   0 0 0 1982 -551
  34406   0 0 0 33894 -512
  110460   0 0 0 -110966 -505
  18180   0 0 0 17726 -454
  65024   0 0 0 64490 -534
  6937   0 0 0 6416 -521
  24973   0 0 0 -25456 -482
  82913   0 0 0 -83439 -525
  90391   0 0 0 89958 -433
  51170   0 0 0 -51681 -510
  45798   0 0 0 45350 -448
  29377   0 0 0 -29911 -533
  110362   0 0 0 109864 -498
  38652   0 0 0 -39057 -404
  28487   0 0 0 28009 -478
  43962   0 0 0 43538 -424
  47939   0 0 0 47494 -445
  47634   0 0 0 47237 -397
  25406   0 0 0 -25935 -528
  3039   0 0 0 -3426 -386
  66947   0 0 0 66547 -400
  32908   0 0 0 -33360 -451
  88144   0 0 0 -88650 -505
  105468   0 0 0 -105998 -529
  355   0 0 0 -834 -478
  21871   0 0 0 21478 -393
  63809   0 0 0 -64218 -408
  86181   0 0 0 -86722 -540
  103898   0 0 0 103419 -479
  3380   0 0 0 -3768 -387
  8032   0 0 0 -8528 -495
  70804   0 0 0 -71290 -485
  58673   0 0 0 58212 -461
  56060   0 0 0 -56479 -418
  44359   0 0 0 -44837 -477
  7280   0 0 0 6854 -426
  25714   0 0 0 -26207 -492
  64439   0 0 0 -64907 -467
  49995   0 0 0 -50460 -464
  74788   0 0 0 74394 -394
  29797   0 0 0 -30317 -519
  62039   0 0 0 -62568 -528
  43022   0 0 0 -43512 -489
  29222   0 0 0 28678 -544
  22393   0 0 0 21908 -485
  111121   0 0 0 110660 -461
  118716   0 0 0 118176 -540
  4543   0 0 0 4060 -483
  29089   0 0 0 28603 -486
  95373   0 0 0 -95922 -548
  9266   0 0 0 -9652 -385
  50219   0 0 0 -50756 -536
  81857   0 0 0 81458 -399
  17856   0 0 0 -18318 -461
  727   0 0 0 304 -423
  67519   0 0 0 -67950 -430
  90691   0 0 0 90146 -545
  30235   0 0 0 29794 -441
  2323   0 0 0 1927 -396
  17282   0 0 0 -17714 -431
  53394   0 0 0 -53782 -387
  79218   0 0 0 -79648 -429
  46728   0 0 0 46220 -508
  32618   0 0 0 32102 -516
  6504   0 0 0 -6900 -395
  63563   0 0 0 -64014 -450
  77377   0 0 0 76948 -429
  64839   0 0 0 -65337 -497
  1291   0 0 0 -1798 -506
  102106   0 0 0 -102586 -479
  30193   0 0 0 -30658 -464
  121281   0 0 0 120741 -540
  22259   0 0 0 -22726 -466
  50367   0 0 0 -50791 -423
  37425   0 0 0 36983 -442
  56822   0 0 0 56296 -526
  78189   0 0 0 -78701 -511
  10180   0 0 0 9754 -426
  29608   0 0 0 31005 1396
  68273   0 0 0 67763 -510
  18515   0 0 0 18105 -410
  64597   0 0 0 64130 -467
  20849   0 0 0 -21390 -540
  94452   0 0 0 93919 -533
  23243   0 0 0 -23663 -419
  64433   0 0 0 -64928 -494
  18309   0 0 0 17854 -455
  37293   0 0 0 36870 -423
  98646   0 0 0 98111 -535
  59541   0 0 0 59138 -403
  2736   0 0 0 -3180 -443
  53648   0 0 0 53172 -476
  32711   0 0 0 32247 -464
  55536   0 0 0 -56034 -497
  7520   0 0 0 -8052 -531
  66900   0 0 0 -67364 -463
  101817   0 0 0 101374 -443
  41668   0 0 0 -42082 -413
  3368   0 0 0 -3911 -542
  73904   0 0 0 -74455 -550
  74661   0 0 0 74106 -555
  66795   0 0 0 -67229 -433
  19008   0 0 0 18552 -456
  43758   0 0 0 -44144 -385
  19806   0 0 0 19395 -411
  42389   0 0 0 41920 -469
  69554   0 0 0 69157 -397
  85876   0 0 0 -86297 -420
  55261   0 0 0 -55772 -510
  73404   0 0 0 72999 -405
  54369   0 0 0 -54868 -498
  99779   0 0 0 -100290 -510
  110430   0 0 0 109880 -550
  29596   0 0 0 -30110 -513
  2097   0 0 0 1568 -529
  986   0 0 0 501 -485
  47832   0 0 0 47345 -487
  23418   0 0 0 -23936 -517
  35703   0 0 0 -36124 -420
  83639   0 0 0 -84056 -416
  27749   0 0 0 -28267 -517
  85442   0 0 0 -85884 -441
  45583   0 0 0 -46028 -444
  14413   0 0 0 13885 -528
  26378   0 0 0 -26891 -512
  39738   0 0 0 39276 -462
  65761   0 0 0 65334 -427
  24497   0 0 0 -24920 -422
  39271   0 0 0 -39793 -521
  39294   0 0 0 -39708 -413
  36895   0 0 0 36401 -494
  35469   0 0 0 34970 -499
  52131   0 0 0 51705 -426
  56718   0 0 0 56319 -399
  67690   0 0 0 67146 -544
  8114   0 0 0 7673 -441
  13167   0 0 0 -13570 -402
  30314   0 0 0 -30833 -518
  10611   0 0 0 -11005 -393
  57560   0 0 0 -58102 -541
  19618   0 0 0 -20166 -547
  13460   0 0 0 -13922 -461
  33116   0 0 0 -33624 -507
  84728   0 0 0 -85261 -532
  6939   0 0 0 -7367 -427
  49136   0 0 0 48586 -550
  87916   0 0 0 -88330 -413
  63230   0 0 0 -63766 -535
  36555   0 0 0 -37057 -501
  75800   0 0 0 75336 -464
  5510   0 0 0 -5932 -421
  82027   0 0 0 -82519 -491
  10540   0 0 0 -10990 -449
  41678   0 0 0 -42145 -466
  5050   0 0 0 4654 -396
  86173   0 0 0 -86600 -426
  11884   0 0 0 11400 -484
  91138   0 0 0 -91639 -500
  42788   0 0 0 42243 -545
  24813   0 0 0 -25258 -444
  16142   0 0 0 15734 -408
  54795   0 0 0 -55316 -520
  79252   0 0 0 -79760 -507
  68536   0 0 0 68039 -497
  92539   0 0 0 92003 -536
  79041   0 0 0 -79577 -535
  61147   0 0 0 -61652 -504
  15454   0 0 0 14994 -460
  43281   0 0 0 42793 -488
  42464   0 0 0 -42854 -389
  81011   0 0 0 -81518 -506
  24744   0 0 0 -25307 -562
  34485   0 0 0 33972 -513
  94563   0 0 0 94065 -498
  22296   0 0 0 21840 -456
  41102   0 0 0 40590 -512
  15501   0 0 0 15062 -439
  42084   0 0 0 -42508 -423
  2350   0 0 0 1940 -410
  66189   0 0 0 66066 -123
  102429   0 0 0 101944 -485
  54941   0 0 0 54429 -512
  36483   0 0 0 -36872 -388
  21607   0 0 0 -22088 -480
  74662   0 0 0 -75168 -505
  22477   0 0 0 -23000 -522
  53129   0 0 0 -53596 -466
  18227   0 0 0 -18650 -422
  92303   0 0 0 91750 -553
  16195   0 0 0 -16598 -402
  88295   0 0 0 87788 -507
  25028   0 0 0 24620 -408
  86804   0 0 0 -87342 -537
  23389   0 0 0 -23880 -490
  4018   0 0 0 -4472 -453
  57621   0 0 0 57156 -465
  56548   0 0 0 -57036 -487
  27432   0 0 0 -27978 -545
  100832   0 0 0 -101372 -539
  52536   0 0 0 -52968 -431
  46672   0 0 0 -47195 -522
  21904   0 0 0 21384 -520
  40750   0 0 0 -41250 -499
  91114   0 0 0 90594 -520
  83970   0 0 0 -84391 -420
  46655   0 0 0 46155 -500
  70387   0 0 0 -70806 -418
  72368   0 0 0 71967 -401
  87247   0 0 0 -87636 -388
  68160   0 0 0 67747 -413
  103380   0 0 0 -103834 -453
  79802   0 0 0 79312 -490
  17605   0 0 0 -18100 -494
  18022   0 0 0 17536 -486
  19056   0 0 0 18654 -402
  11100   0 0 0 -11556 -455
  48387   0 0 0 47975 -412
  27732   0 0 0 27276 -456
  19684   0 0 0 -20086 -401
  85606   0 0 0 85085 -521
  586   0 0 0 -990 -403
  119322   0 0 0 118818 -504
  88590   0 0 0 -89083 -492
  84682   0 0 0 84212 -470
  13422   0 0 0 -13882 -459
  30165   0 0 0 29632 -533
  83079   0 0 0 82566 -513
  23023   0 0 0 -23456 -432
  5019   0 0 0 4616 -403
  2528   0 0 0 -3044 -515
  80031   0 0 0 79621 -410
  38919   0 0 0 38432 -487
  59095   0 0 0 58613 -482
  18650   0 0 0 -19136 -485
  43795   0 0 0 -44260 -464
  11796   0 0 0 -12182 -385
  85255   0 0 0 -85747 -491
  58266   0 0 0 -58746 -479
  54134   0 0 0 53671 -463
  15679   0 0 0 -16106 -426
  51341   0 0 0 50900 -441
  5012   0 0 0 4473 -539
  74812   0 0 0 -75256 -443
  96982   0 0 0 -97523 -540
  112024   0 0 0 111500 -524
  85600   0 0 0 85172 -428
  14675   0 0 0 -15095 -419
  117250   0 0 0 -117799 -548
  62719   0 0 0 -63272 -552
  38173   0 0 0 37752 -421
  18346   0 0 0 -18764 -417
  113539   0 0 0 -114085 -545
  16803   0 0 0 -17332 -528
  69498   0 0 0 69097 -401
  60607   0 0 0 60119 -488
  76115   0 0 0 75716 -399
  32496   0 0 0 32057 -439
  8699   0 0 0 -9170 -470
  95582   0 0 0 95082 -500
  65220   0 0 0 64829 -391
  6714   0 0 0 6210 -504
  60017   0 0 0 59578 -439
  93045   0 0 0 92618 -427
  93313   0 0 0 92770 -543
  99151   0 0 0 -99605 -453
  49472   0 0 0 49078 -394
  8537   0 0 0 8118 -419
  37610   0 0 0 37091 -519
  77855   0 0 0 -78402 -546
  50877   0 0 0 54788 3910
  38129   0 0 0 37742 -387
  18648   0 0 0 18173 -475
  4695   0 0 0 4230 -465
  104052   0 0 0 103567 -485
  8574   0 0 0 8032 -542
  52803   0 0 0 52345 -458
  22551   0 0 0 22064 -487
  6440   0 0 0 5892 -548
  84842   0 0 0 -85348 -505
  56214   0 0 0 -56664 -449
  51793   0 0 0 -52236 -442
  40476   0 0 0 -41004 -527
  63806   0 0 0 63312 -494
  29929   0 0 0 -30396 -466
  57939   0 0 0 57520 -419
  824   0 0 0 275 -549
  22938   0 0 0 22522 -416
  27571   0 0 0 27033 -538
  63865   0 0 0 -64287 -421
  38533   0 0 0 -38963 -429
  11965   0 0 0 -12398 -432
  33066   0 0 0 32624 -442
  47978   0 0 0 47504 -474
  73066   0 0 0 72664 -402
  35500   0 0 0 34972 -528
  11528   0 0 0 10998 -530
  42383   0 0 0 -42834 -450
  22885   0 0 0 -23424 -538
  34842   0 0 0 -35298 -455
  7288   0 0 0 -7820 -531
  22619   0 0 0 -23052 -432
  102864   0 0 0 102698 -166
  25388   0 0 0 -25810 -421
  83410   0 0 0 82924 -486
  101760   0 0 0 -100736 1024
  70801   0 0 0 -71208 -406
  42996   0 0 0 -43460 -463
  29880   0 0 0 29323 -557
  46988   0 0 0 46436 -552
  17992   0 0 0 -18457 -464
  11552   0 0 0 11066 -486
  47774   0 0 0 47262 -512
  46766   0 0 0 46346 -420
  5013   0 0 0 4557 -456
  46123   0 0 0 45609 -514
  39047   0 0 0 38625 -422
  13035   0 0 0 -13446 -410
  100668   0 0 0 100160 -508
  101081   0 0 0 100576 -505
  72360   0 0 0 -72891 -530
  35171   0 0 0 34618 -553
  29994   0 0 0 29581 -413
  67026   0 0 0 66477 -549
  4602   0 0 0 -5116 -513
  8489   0 0 0 -8950 -460
  61538   0 0 0 61060 -478
  66383   0 0 0 -66805 -421
  47823   0 0 0 47411 -412
  67112   0 0 0 -67613 -500
  3691   0 0 0 3227 -464
  54004   0 0 0 -54456 -451
  59209   0 0 0 58664 -545
  18228   0 0 0 -18680 -451
  89210   0 0 0 88790 -420
  57953   0 0 0 -58464 -510
  20644   0 0 0 -21055 -410
  88323   0 0 0 87809 -514
  23495   0 0 0 -23971 -475
  72789   0 0 0 72303 -486
  86116   0 0 0 85629 -487
  79947   0 0 0 -80491 -543
  61456   0 0 0 61051 -405
  76515   0 0 0 -77044 -528
  13541   0 0 0 -14028 -486
  64419   0 0 0 -64933 -513
  117902   0 0 0 117374 -528
  40661   0 0 0 40234 -427
  38538   0 0 0 -38940 -401
  20390   0 0 0 19856 -534
  70437   0 0 0 70032 -405
  65081   0 0 0 -65575 -493
  80764   0 0 0 80355 -409
  29314   0 0 0 28868 -446
  82356   0 0 0 81957 -399
  50267   0 0 0 -50693 -425
  44284   0 0 0 43737 -547
  32046   0 0 0 -32478 -431
  48075   0 0 0 48706 630
  3491   0 0 0 2981 -510
  2758   0 0 0 2310 -448
  12949   0 0 0 -13379 -429
  50012   0 0 0 -50531 -518
  13440   0 0 0 -13836 -395
  50950   0 0 0 -51350 -399
  75296   0 0 0 -75847 -550
  3982   0 0 0 3577 -405
  8085   0 0 0 7694 -391
  32011   0 0 0 31502 -509
  28658   0 0 0 -29106 -447
  57824   0 0 0 -58314 -489
  26066   0 0 0 25647 -419
  93368   0 0 0 -93903 -534
  12810   0 0 0 12388 -422
  10427   0 0 0 -10824 -396
  95858   0 0 0 -96314 -455
  32568   0 0 0 -32970 -401
  53510   0 0 0 -54047 -536
  14839   0 0 0 14425 -414
  87393   0 0 0 87295 -98
  36533   0 0 0 -37040 -506
  111657   0 0 0 -112164 -506
  71702   0 0 0 71193 -509
  14737   0 0 0 14200 -537
  37372   0 0 0 36983 -389
  66918   0 0 0 66462 -456
  56357   0 0 0 55878 -479
  8022   0 0 0 7483 -539
  55395   0 0 0 -55868 -472
  27288   0 0 0 26788 -500
  79268   0 0 0 -79799 -530
  6206   0 0 0 5806 -400
  10286   0 0 0 9773 -513
  25647   0 0 0 25097 -550
  50986   0 0 0 50534 -452
  6062   0 0 0 -6566 -503
  33336   0 0 0 32836 -500
  107749   0 0 0 107272 -477
  12616   0 0 0 -13119 -502
  44587   0 0 0 44119 -468
  907   0 0 0 -1404 -496
  19550   0 0 0 -20014 -463
  63504   0 0 0 63006 -498
  30607   0 0 0 30140 -467
  69061   0 0 0 -69470 -408
  8429   0 0 0 8030 -399
  41456   0 0 0 40946 -510
  79457   0 0 0 -80004 -546
  67465   0 0 0 -67921 -455
  90202   0 0 0 -90752 -549
  38060   0 0 0 -38504 -443
  73583   0 0 0 73177 -406
  46467   0 0 0 -46988 -520
  6111   0 0 0 -6572 -460
  30507   0 0 0 30114 -393
  18036   0 0 0 17616 -420
  17893   0 0 0 -18283 -389
  41030   0 0 0 -41522 -491
  64091   0 0 0 63551 -540
  58947   0 0 0 -59356 -408
  93075   0 0 0 -93630 -554
  88299   0 0 0 -88780 -480
  11139   0 0 0 -11572 -432
  24241   0 0 0 -24649 -407
  69468   0 0 0 -69901 -432
  88362   0 0 0 87898 -464
  66844   0 0 0 66453 -391
  36889   0 0 0 -37286 -396
  20860   0 0 0 20451 -409
  19381   0 0 0 18900 -481
  66681   0 0 0 -67127 -445
  22880   0 0 0 22410 -470
  22584   0 0 0 22099 -485
  4408   0 0 0 3890 -518
  55192   0 0 0 54795 -397
  41855   0 0 0 -42299 -443
  17855   0 0 0 -18382 -526
  12273   0 0 0 -12798 -524
  45701   0 0 0 45302 -399
  75772   0 0 0 -76305 -532
  54505   0 0 0 54780 274
  97030   0 0 0 96559 -471
  93147   0 0 0 92616 -531
  1344   0 0 0 -1850 -505
  34971   0 0 0 34536 -435
  2053   0 0 0 1629 -424
  62440   0 0 0 61920 -520
  9217   0 0 0 8710 -507
  95298   0 0 0 -95709 -410
  11258   0 0 0 -11734 -475
  6943   0 0 0 6432 -511
  90277   0 0 0 -90822 -544
  55355   0 0 0 -55893 -537
  19408   0 0 0 -19812 -403
  102665   0 0 0 -103205 -539
  31607   0 0 0 31162 -445
  91246   0 0 0 -91644 -397
  117950   0 0 0 117424 -526
  29462   0 0 0 29040 -422
  12744   0 0 0 -13264 -519
  34785   0 0 0 -35309 -523
  22091   0 0 0 21607 -484
  70103   0 0 0 -70601 -497
  78017   0 0 0 -78506 -488
  53624   0 0 0 53110 -514
  81876   0 0 0 -82317 -440
  20206   0 0 0 19805 -401
  7549   0 0 0 -8098 -548
  31408   0 0 0 -31916 -507
  68222   0 0 0 -68626 -403
  14801   0 0 0 14325 -476
  63038   0 0 0 -63495 -456
  2066   0 0 0 1624 -442
  22768   0 0 0 22299 -469
  65226   0 0 0 -65698 -471
  102560   0 0 0 -103008 -447
  46806   0 0 0 -47314 -507
  10485   0 0 0 10060 -425
  51963   0 0 0 -52374 -410
  31054   0 0 0 30513 -541
  63513   0 0 0 -64063 -549
  5592   0 0 0 5194 -398
  75031   0 0 0 74484 -547
  92605   0 0 0 -82022 10583
  58723   0 0 0 58259 -464
  41496   0 0 0 -42036 -539
  109894   0 0 0 -110408 -513
  56206   0 0 0 55810 -396
  68928   0 0 0 68448 -480
  20899   0 0 0 -21324 -424
  27489   0 0 0 27062 -427
  91536   0 0 0 -92056 -519
  10976   0 0 0 10584 -392
  12691   0 0 0 -13236 -544
  48096   0 0 0 47668 -428
  46559   0 0 0 -47100 -540
  79847   0 0 0 79427 -420
  35419   0 0 0 -35914 -494
  74770   0 0 0 -75203 -432
  27832   0 0 0 -28238 -405
  48658   0 0 0 -41099 7559
  70065   0 0 0 69568 -497
  38527   0 0 0 37983 -544
  35527   0 0 0 35137 -390
  3644   0 0 0 3182 -462
  10554   0 0 0 -11068 -513
  54842   0 0 0 54387 -455
  12492   0 0 0 -12890 -397
  56216   0 0 0 55674 -542
  24896   0 0 0 -25395 -498
  761   0 0 0 -1258 -496
  96056   0 0 0 -96552 -495
  47731   0 0 0 47334 -397
  89884   0 0 0 89468 -416
  58582   0 0 0 -58992 -409
  49034   0 0 0 48512 -522
  65416   0 0 0 -65954 -537
  20188   0 0 0 -20708 -519
  8003   0 0 0 -8541 -537
  7601   0 0 0 7073 -528
  19289   0 0 0 -19786 -496
  95540   0 0 0 -96011 -470
  79231   0 0 0 78848 -383
  13854   0 0 0 -14269 -414
  34846   0 0 0 -35346 -499
  108810   0 0 0 108289 -521
  76084   0 0 0 75665 -419
  42328   0 0 0 41832 -496
  48891   0 0 0 -49368 -476
  13283   0 0 0 12828 -455
  30568   0 0 0 30112 -456
  87244   0 0 0 86747 -497
  84449   0 0 0 -84996 -546
  16086   0 0 0 -16545 -458
  90190   0 0 0 -90738 -547
  2224   0 0 0 -2677 -452
  39700   0 0 0 39232 -468
  34419   0 0 0 33963 -456
  113508   0 0 0 -114054 -545
  45609   0 0 0 -46065 -455
  7725   0 0 0 7201 -524
  51052   0 0 0 -51529 -476
  16284   0 0 0 15778 -506
  11594   0 0 0 11085 -509
  11444   0 0 0 -11832 -387
  41689   0 0 0 41192 -497
  89447   0 0 0 -89941 -493
  72746   0 0 0 -73234 -487
  55167   0 0 0 54662 -505
  94765   0 0 0 94354 -411
  14841   0 0 0 14450 -391
  65150   0 0 0 -65618 -467
  16172   0 0 0 15675 -497
  21102   0 0 0 -21592 -489
  77332   0 0 0 76927 -405
  30196   0 0 0 -30740 -543
  16075   0 0 0 15572 -503
  36432   0 0 0 35938 -494
  28973   0 0 0 -29427 -453
  55862   0 0 0 -56367 -504
  7486   0 0 0 7100 -386
  69046   0 0 0 -69573 -526
  73486   0 0 0 73092 -394
  29400   0 0 0 28991 -409
  17440   0 0 0 16926 -514
  59637   0 0 0 59082 -555
  111206   0 0 0 -111758 -551
  74975   0 0 0 -75422 -446
  43616   0 0 0 43214 -402
  75370   0 0 0 74871 -499
  20470   0 0 0 -20958 -487
  71530   0 0 0 70980 -550
  53144   0 0 0 -53577 -432
  5615   0 0 0 5071 -544
  25314   0 0 0 24913 -401
  27440   0 0 0 26975 -465
  13633   0 0 0 13116 -517
  73433   0 0 0 -73832 -398
  45706   0 0 0 -46156 -449
  57056   0 0 0 -57472 -415
  13124   0 0 0 12585 -539
  70091   0 0 0 -70511 -419
  100207   0 0 0 99665 -542
  56239   0 0 0 55777 -462
  63523   0 0 0 -63939 -415
  43562   0 0 0 -43962 -399
  52972   0 0 0 -53434 -461
  42627   0 0 0 -43096 -468
  44471   0 0 0 -44951 -479
  5954   0 0 0 5418 -536
  12509   0 0 0 12024 -485
  7955   0 0 0 7476 -479
  80379   0 0 0 79931 -448
  65315   0 0 0 -65798 -482
  126514   0 0 0 125980 -534
  12594   0 0 0 12063 -531
  44252   0 0 0 -44781 -528
  72250   0 0 0 71796 -454
  76855   0 0 0 76414 -441
  84661   0 0 0 -85115 -453
  1828   0 0 0 1425 -403
  87963   0 0 0 87483 -480
  98740   0 0 0 -99178 -437
  66040   0 0 0 -66575 -534
  118670   0 0 0 -119188 -517
  21905   0 0 0 21450 -455
  16692   0 0 0 -17131 -438
  39353   0 0 0 -39863 -509
  7393   0 0 0 7003 -390
  3546   0 0 0 -4028 -481
  31901   0 0 0 31481 -420
  14506   0 0 0 -14992 -485
  34528   0 0 0 -34941 -412
  31510   0 0 0 -31984 -473
  53610   0 0 0 53094 -516
  4862   0 0 0 -5263 -400
  70472   0 0 0 70042 -430
  79557   0 0 0 79061 -496
  79980   0 0 0 -80532 -551
  66192   0 0 0 65788 -404
  34916   0 0 0 -35321 -404
  30884   0 0 0 -31418 -533
  56289   0 0 0 55826 -463
  52708   0 0 0 -53234 -525
  28828   0 0 0 28387 -441
  25666   0 0 0 25250 -416
  63667   0 0 0 -64207 -539
  82393   0 0 0 -82943 -549
  19518   0 0 0 -19998 -479
  39620   0 0 0 -40086 -465
  122551   0 0 0 -123098 -546
  107527   0 0 0 107040 -487
  20370   0 0 0 -20830 -459
  22341   0 0 0 21792 -549
  53020   0 0 0 -53535 -514
  76400   0 0 0 75876 -524
  41692   0 0 0 -42215 -522
  68646   0 0 0 -69074 -427
  26891   0 0 0 26448 -443
  59890   0 0 0 -60336 -445
  10653   0 0 0 10164 -489
  46559   0 0 0 -47056 -496
  114125   0 0 0 113593 -532
  53282   0 0 0 52782 -500
  77518   0 0 0 77014 -504
  8880   0 0 0 8410 -470
  110642   0 0 0 -111182 -539
  14606   0 0 0 -15126 -519
  97694   0 0 0 97262 -432
  3473   0 0 0 3057 -416
  64934   0 0 0 64505 -429
  74012   0 0 0 73501 -511
  32012   0 0 0 -32434 -421
  14353   0 0 0 -14889 -535
  83593   0 0 0 -84075 -481
  95595   0 0 0 -96138 -542
  90649   0 0 0 90202 -447
  47682   0 0 0 -46338 1344
  62864   0 0 0 -63366 -501
  58403   0 0 0 57974 -429
  70462   0 0 0 70038 -424
  17539   0 0 0 17076 -463
  11419   0 0 0 11011 -408
  11681   0 0 0 -12120 -438
  23066   0 0 0 22578 -488
  40908   0 0 0 -41436 -527
  773   0 0 0 270 -503
  49508   0 0 0 48990 -518
  6229   0 0 0 -6724 -494
  35155   0 0 0 -35683 -527
  22070   0 0 0 -22502 -431
  66844   0 0 0 66325 -519
  72651   0 0 0 -73177 -525
  25171   0 0 0 -25679 -507
  59247   0 0 0 -59750 -502
  2234   0 0 0 1774 -460
  19162   0 0 0 -19564 -401
  9534   0 0 0 9114 -420
  4546   0 0 0 -5020 -473
  92516   0 0 0 91981 -535
  34831   0 0 0 34446 -385
  61611   0 0 0 -62012 -400
  44361   0 0 0 43946 -415
  119584   0 0 0 -120091 -506
  69672   0 0 0 -70081 -408
  44117   0 0 0 43682 -435
  1061   0 0 0 -1603 -541
  7477   0 0 0 7020 -457
  12388   0 0 0 -12863 -474
  66905   0 0 0 66402 -503
  26287   0 0 0 -26810 -522
  32952   0 0 0 32509 -443
  2489   0 0 0 -3027 -537
  27250   0 0 0 26802 -448
  43330   0 0 0 42795 -535
  28220   0 0 0 -28641 -420
  24042   0 0 0 23502 -540
  12627   0 0 0 12094 -533
  103976   0 0 0 -104472 -495
  100361   0 0 0 -100858 -496
  44992   0 0 0 -45482 -489
  41689   0 0 0 41262 -427
  90925   0 0 0 90390 -535
  2187   0 0 0 -2691 -503
  90207   0 0 0 -90749 -541
  54421   0 0 0 -54854 -432
  18423   0 0 0 -18871 -447
  86345   0 0 0 -86796 -450
  72745   0 0 0 -73208 -462
  55459   0 0 0 55054 -405
  52069   0 0 0 51685 -384
  70222   0 0 0 69712 -510
  47177   0 0 0 46712 -465
  92882   0 0 0 -93363 -480
  53700   0 0 0 -54160 -459
  30664   0 0 0 30161 -503
  72089   0 0 0 -72566 -476
  15435   0 0 0 14905 -530
  53824   0 0 0 -54262 -437
  5344   0 0 0 4833 -511
  16261   0 0 0 -16714 -452
  43356   0 0 0 42844 -512
  63718   0 0 0 63202 -516
  5009   0 0 0 4596 -413
  63404   0 0 0 -63866 -461
  7474   0 0 0 -8000 -525
  32472   0 0 0 31946 -526
  25494   0 0 0 -25929 -434
  61082   0 0 0 -61562 -479
  26988   0 0 0 26559 -429
  38571   0 0 0 -39032 -460
  74627   0 0 0 74232 -395
  56850   0 0 0 56448 -402
  52649   0 0 0 52209 -440
  22970   0 0 0 -23477 -506
  41272   0 0 0 -41683 -410
  991   0 0 0 486 -505
  55004   0 0 0 54607 -397
  74593   0 0 0 -75135 -541
  42248   0 0 0 -42766 -517
  52225   0 0 0 -52660 -434
  37571   0 0 0 37054 -517
  97289   0 0 0 -97819 -529
  47165   0 0 0 -47700 -534
  97550   0 0 0 97095 -455
  53092   0 0 0 -53568 -475
  65504   0 0 0 64956 -548
  6670   0 0 0 -7066 -395
  28810   0 0 0 28402 -408
  53026   0 0 0 -53488 -461
  15974   0 0 0 15537 -437
  50177   0 0 0 49718 -459
  50253   0 0 0 -50702 -448
  7046   0 0 0 -7444 -397
  43976   0 0 0 -44415 -438
  38454   0 0 0 37988 -466
  11647   0 0 0 11199 -448
  7862   0 0 0 7437 -425
  81021   0 0 0 -81434 -412
  15733   0 0 0 15333 -400
  19643   0 0 0 -20038 -394
  73834   0 0 0 73299 -535
  28965   0 0 0 -28852 113
  34214   0 0 0 33682 -532
  48115   0 0 0 47674 -441
  36609   0 0 0 36119 -490
  12001   0 0 0 -12441 -439
  2891   0 0 0 -3427 -535
  19294   0 0 0 -19702 -407
  63020   0 0 0 62540 -480
  90491   0 0 0 90056 -435
  61260   0 0 0 60729 -531
  23961   0 0 0 -24420 -458
  63176   0 0 0 62638 -538
  119124   0 0 0 -119661 -536
  13239   0 0 0 12846 -393
  67195   0 0 0 66691 -504
  68660   0 0 0 -69100 -439
  24875   0 0 0 24448 -427
  115367   0 0 0 114862 -505
  46324   0 0 0 -45823 501
  53972   0 0 0 -54514 -541
  5279   0 0 0 4870 -409
  12130   0 0 0 11696 -434
  63565   0 0 0 63138 -427
  93532   0 0 0 93053 -479
  110496   0 0 0 -111039 -542
  81742   0 0 0 -82225 -482
  21317   0 0 0 20814 -503
  103190   0 0 0 102679 -511
  37783   0 0 0 -35148 2635
  85205   0 0 0 -85752 -546
  59065   0 0 0 -59568 -502
  52320   0 0 0 51854 -466
  10979   0 0 0 -11400 -420
  56501   0 0 0 -56968 -466
  90824   0 0 0 90290 -534
  12151   0 0 0 11752 -399
  85167   0 0 0 -85636 -468
  2966   0 0 0 2538 -428
  61449   0 0 0 -61999 -549
  33012   0 0 0 -33560 -547
  25380   0 0 0 -25792 -411
  17351   0 0 0 -17742 -390
  72908   0 0 0 72377 -531
  19650   0 0 0 -20102 -451
  45593   0 0 0 45048 -545
  83256   0 0 0 -83656 -399
  3511   0 0 0 -3951 -439
  34889   0 0 0 -35315 -425
  109379   0 0 0 108847 -532
  13639   0 0 0 -14047 -407
  56699   0 0 0 -57145 -445
  71160   0 0 0 -71608 -447
  79903   0 0 0 -80441 -537
  8677   0 0 0 -9077 -399
  50994   0 0 0 50586 -408
  58978   0 0 0 58589 -389
  47811   0 0 0 47284 -527
  57774   0 0 0 57364 -410
  32714   0 0 0 -33248 -533
  47042   0 0 0 -47488 -445
  17676   0 0 0 17209 -467
  80601   0 0 0 -81120 -518
  17100   0 0 0 -17600 -499
  37753   0 0 0 37313 -440
  61938   0 0 0 61422 -516
  108040   0 0 0 107563 -477
  13066   0 0 0 12638 -428
  45329   0 0 0 -45851 -521
  49974   0 0 0 -50524 -549
  69302   0 0 0 68755 -547
  107257   0 0 0 106788 -469
  91507   0 0 0 90999 -508
  73901   0 0 0 -74340 -438
  54398   0 0 0 53924 -474
  13255   0 0 0 -13782 -526
  25641   0 0 0 -26067 -425
  50341   0 0 0 -50778 -436
  34736   0 0 0 -35266 -529
  93675   0 0 0 -94160 -484
  3030   0 0 0 2540 -490
  55636   0 0 0 -56043 -406
  32413   0 0 0 31930 -483
  45186   0 0 0 44668 -518
  3940   0 0 0 -4432 -491
  30440   0 0 0 -30864 -423
  9226   0 0 0 -9638 -411
  12304   0 0 0 -12797 -492
  67437   0 0 0 66977 -460
  67792   0 0 0 -68315 -522
  31086   0 0 0 30588 -498
  22682   0 0 0 -23156 -473
  59172   0 0 0 -59656 -483
  9190   0 0 0 8671 -519
  19281   0 0 0 -19768 -486
  98600   0 0 0 -99033 -432
  15465   0 0 0 -16018 -552
  19830   0 0 0 -20292 -461
  34670   0 0 0 -35156 -485
  74139   0 0 0 -74682 -542
  42126   0 0 0 41596 -530
  10055   0 0 0 9626 -429
  50389   0 0 0 -50820 -430
  46777   0 0 0 46364 -413
  28846   0 0 0 28452 -394
  3662   0 0 0 -4071 -408
  2303   0 0 0 1870 -433
  43889   0 0 0 -44388 -498
  55472   0 0 0 -55896 -423
  53007   0 0 0 -53402 -394
  41290   0 0 0 -41749 -458
  47285   0 0 0 46777 -508
  2309   0 0 0 -1870 439
  27364   0 0 0 26916 -448
  35485   0 0 0 -35997 -511
  4265   0 0 0 3790 -475
  29232   0 0 0 -29758 -525
  39355   0 0 0 -39860 -504
  15807   0 0 0 15285 -522
  77440   0 0 0 76982 -458
  47625   0 0 0 47139 -486
  58520   0 0 0 -59068 -547
  88730   0 0 0 -89253 -522
  71916   0 0 0 71496 -420
  51814   0 0 0 51314 -500
  21250   0 0 0 20824 -426
  57229   0 0 0 -57702 -472
  52992   0 0 0 -53451 -458
  77030   0 0 0 76574 -456
  25459   0 0 0 -25982 -522
  106490   0 0 0 105942 -548
  44900   0 0 0 -45346 -445
  47710   0 0 0 -48262 -551
  44710   0 0 0 44246 -464
  10926   0 0 0 -11420 -493
  82707   0 0 0 82278 -429
  42747   0 0 0 42237 -510
  33364   0 0 0 32866 -498
  84483   0 0 0 -85000 -516
  29926   0 0 0 29456 -470
  6649   0 0 0 6332 -317
  46456   0 0 0 -46959 -502
  69261   0 0 0 -69790 -528
  20474   0 0 0 -20941 -466
  16181   0 0 0 -16696 -514
  67728   0 0 0 67331 -397
  54993   0 0 0 54444 -549
  20743   0 0 0 20228 -515
  65223   0 0 0 64785 -438
  45840   0 0 0 -46272 -431
  37281   0 0 0 -37782 -500
  19753   0 0 0 -20292 -538
  104896   0 0 0 -105434 -537
  23307   0 0 0 22775 -532
  84279   0 0 0 -84683 -403
  59346   0 0 0 -59763 -416
  100745   0 0 0 100263 -482
  35682   0 0 0 35132 -550
  26746   0 0 0 -27256 -509
  89741   0 0 0 -90262 -520
  47853   0 0 0 -48404 -550
  46209   0 0 0 -46627 -417
  106033   0 0 0 105532 -501
  27870   0 0 0 -28278 -407
  87533   0 0 0 -88074 -540
  82020   0 0 0 -82465 -444
  21841   0 0 0 -22270 -428
  30036   0 0 0 -30496 -459
  28695   0 0 0 -29104 -408
  11090   0 0 0 -11626 -535
  68492   0 0 0 -68888 -395
  51474   0 0 0 50979 -495
  21043   0 0 0 21660 616
  116917   0 0 0 -117419 -501
  71219   0 0 0 70816 -403
  64044   0 0 0 -64564 -519
  11018   0 0 0 10554 -464
  88346   0 0 0 87843 -503
  7959   0 0 0 -8459 -499
  18479   0 0 0 -18962 -482
  60809   0 0 0 -61208 -398
  52303   0 0 0 51778 -525
  67030   0 0 0 66488 -542
  12884   0 0 0 12439 -445
  80074   0 0 0 -80593 -518
  53711   0 0 0 53258 -453
  68438   0 0 0 -68938 -499
  62941   0 0 0 62506 -435
  64435   0 0 0 63944 -491
  20940   0 0 0 -21378 -437
  108343   0 0 0 -108867 -523
  75632   0 0 0 -76177 -544
  96922   0 0 0 -97359 -436
  24113   0 0 0 23611 -502
  56985   0 0 0 56432 -553
  2763   0 0 0 -3218 -454
  28973   0 0 0 -29394 -420
  59582   0 0 0 -60066 -483
  43413   0 0 0 42986 -427
  92085   0 0 0 -92622 -536
  17765   0 0 0 -18289 -523
  16585   0 0 0 16195 -390
  4476   0 0 0 -4973 -496
  68393   0 0 0 67896 -497
  37138   0 0 0 -37678 -539
  67683   0 0 0 -68127 -443
  79977   0 0 0 79514 -463
  49723   0 0 0 -50212 -488
  74733   0 0 0 74240 -493
  33262   0 0 0 -33682 -419
  48037   0 0 0 47597 -440
  97362   0 0 0 -93015 4347
  44634   0 0 0 44114 -520
  12964   0 0 0 12426 -538
  102557   0 0 0 102082 -475
  29790   0 0 0 -30288 -497
  72191   0 0 0 71660 -531
  14699   0 0 0 -15208 -508
  59583   0 0 0 59190 -393
  119840   0 0 0 -120392 -551
  81856   0 0 0 81330 -526
  15880   0 0 0 -16278 -397
  40295   0 0 0 39802 -493
  3615   0 0 0 3105 -510
  114906   0 0 0 -115458 -551
  1007   0 0 0 531 -476
  7132   0 0 0 6681 -451
  49172   0 0 0 48634 -538
  22273   0 0 0 28903 6629
  73943   0 0 0 -74392 -448
  93046   0 0 0 92559 -487
  17695   0 0 0 17162 -533
  26741   0 0 0 -27142 -400
  95544   0 0 0 -96080 -535
  74637   0 0 0 -75145 -507
  95428   0 0 0 -95912 -483
  27846   0 0 0 -28364 -517
  48932   0 0 0 -49352 -419
  25827   0 0 0 -26260 -432
  4915   0 0 0 4467 -448
  2099   0 0 0 1653 -446
  1388   0 0 0 -1786 -397
  30457   0 0 0 29926 -531
  30711   0 0 0 -31213 -501
  58918   0 0 0 -59410 -491
  56866   0 0 0 56347 -519
  82047   0 0 0 -82596 -548
  26552   0 0 0 26146 -406
  63033   0 0 0 62587 -446
  2959   0 0 0 2495 -464
  42327   0 0 0 -35318 7009
  51439   0 0 0 -51868 -428
  39044   0 0 0 -39555 -510
  38778   0 0 0 38334 -444
  16058   0 0 0 -16460 -401
  40315   0 0 0 39917 -398
  47260   0 0 0 46811 -449
  27030   0 0 0 -27480 -449
  6352   0 0 0 -6780 -427
  4069   0 0 0 -4576 -506
  75062   0 0 0 -75537 -474
  10495   0 0 0 -10920 -424
  7949   0 0 0 -8399 -449
  69950   0 0 0 69528 -422
  72187   0 0 0 -72612 -424
  6406   0 0 0 5911 -495
  48330   0 0 0 -48742 -411
  67192   0 0 0 -67616 -423
  88099   0 0 0 87592 -507
  41149   0 0 0 -41578 -428
  18586   0 0 0 18082 -504
  21368   0 0 0 20888 -480
  9803   0 0 0 -10213 -409
  92916   0 0 0 92406 -510
  98601   0 0 0 98081 -520
  27346   0 0 0 26874 -472
  2957   0 0 0 -3438 -480
  59808   0 0 0 59337 -471
  67042   0 0 0 -67504 -461
  9339   0 0 0 -9861 -521
  18566   0 0 0 -19093 -526
  12590   0 0 0 12192 -398
  96349   0 0 0 95897 -452
  49299   0 0 0 -49159 140
  5334   0 0 0 4794 -540
  40103   0 0 0 -40567 -463
  21234   0 0 0 23794 2559
  86794   0 0 0 -87297 -502
  28302   0 0 0 -28767 -464
  32434   0 0 0 -32870 -435
  17738   0 0 0 -18265 -526
  45648   0 0 0 45168 -480
  38639   0 0 0 38230 -409
  88918   0 0 0 -89373 -454
  40168   0 0 0 39648 -520
  29572   0 0 0 29176 -396
  72244   0 0 0 71735 -509
  53873   0 0 0 -54276 -402
  103684   0 0 0 -104202 -517
  19047   0 0 0 18509 -538
  70172   0 0 0 69700 -472
  1286   0 0 0 -1741 -454
  84424   0 0 0 83912 -512
  106740   0 0 0 -107277 -536
  125   0 0 0 -639 -513
  56980   0 0 0 56470 -510
  54898   0 0 0 -55354 -455
  45540   0 0 0 -45929 -388
  74084   0 0 0 -74529 -444
  71678   0 0 0 -72127 -448
  129707   0 0 0 129154 -553
  21449   0 0 0 20966 -483
  35354   0 0 0 -35840 -485
  43519   0 0 0 43129 -390
  86187   0 0 0 -86576 -388
  24987   0 0 0 -25460 -472
  33120   0 0 0 32594 -526
  35636   0 0 0 35179 -457
  20084   0 0 0 19680 -404
  39564   0 0 0 39031 -533
  60057   0 0 0 -60610 -552
  52205   0 0 0 -52638 -432
  43629   0 0 0 43172 -457
  2514   0 0 0 -2939 -424
  27924   0 0 0 -28430 -505
  47829   0 0 0 -48246 -416
  23836   0 0 0 23373 -463
  82940   0 0 0 82541 -399
  35792   0 0 0 -36277 -484
  39632   0 0 0 -40170 -537
  114600   0 0 0 -115102 -501
  77072   0 0 0 76569 -503
  28782   0 0 0 -29317 -534
  8444   0 0 0 7954 -490
  18510   0 0 0 -17827 683
  118056   0 0 0 -118576 -519
  43124   0 0 0 42736 -388
  69012   0 0 0 -69538 -525
  11959   0 0 0 11414 -545
  62806   0 0 0 -63288 -481
  23246   0 0 0 22737 -509
  76389   0 0 0 75917 -472
  59000   0 0 0 58595 -405
  21691   0 0 0 21204 -487
  11117   0 0 0 -11612 -494
  93803   0 0 0 93354 -449
  109102   0 0 0 108546 -556
  35714   0 0 0 -36169 -454
  2148   0 0 0 1744 -404
  1277   0 0 0 877 -400
  51076   0 0 0 50534 -542
  51920   0 0 0 -52346 -425
  6377   0 0 0 5826 -551
  47834   0 0 0 -48296 -461
  8640   0 0 0 -9023 -382
  11423   0 0 0 10975 -448
  21942   0 0 0 -22491 -548
  82575   0 0 0 82064 -511
  25636   0 0 0 -26124 -487
  27718   0 0 0 27334 -384
  46435   0 0 0 -46843 -407
  38095   0 0 0 37581 -514
  8736   0 0 0 -9216 -479
  20248   0 0 0 -20709 -460
  47729   0 0 0 47318 -411
  9980   0 0 0 9598 -382
  37276   0 0 0 -37781 -504
  62855   0 0 0 62430 -425
  57184   0 0 0 56794 -390
  3318   0 0 0 -3768 -449
  9120   0 0 0 -9557 -436
  84518   0 0 0 84036 -482
  38377   0 0 0 -38896 -518
  53686   0 0 0 53230 -456
  20528   0 0 0 -20965 -436
  98967   0 0 0 -99490 -522
  39904   0 0 0 -40453 -548
  9895   0 0 0 -10338 -442
  32816   0 0 0 32274 -542
  68967   0 0 0 68429 -538
  57597   0 0 0 -58152 -554
  39212   0 0 0 38674 -538
  42401   0 0 0 42006 -395
  75463   0 0 0 74950 -513
  52595   0 0 0 52111 -484
  57884   0 0 0 57462 -422
  15766   0 0 0 16385 618
  83379   0 0 0 82909 -470
  101788   0 0 0 -102267 -478
  112073   0 0 0 -112581 -507
  48590   0 0 0 -49140 -549
  29319   0 0 0 28920 -399
  10453   0 0 0 9917 -536
  47329   0 0 0 46862 -467
  16947   0 0 0 -17394 -446
  20613   0 0 0 20080 -533
  57536   0 0 0 57055 -481
  29522   0 0 0 29034 -488
  75548   0 0 0 75048 -500
  12708   0 0 0 -13202 -493
  59884   0 0 0 -60409 -524
  75496   0 0 0 -76020 -523
  35011   0 0 0 -35428 -416
  3467   0 0 0 3027 -440
  11215   0 0 0 10681 -534
  20368   0 0 0 27506 7137
  53915   0 0 0 -54400 -484
  39046   0 0 0 38552 -494
  61500   0 0 0 -61900 -399
  75135   0 0 0 74655 -480
  108597   0 0 0 108082 -515
  53653   0 0 0 53148 -505
  34635   0 0 0 -35072 -436
  51417   0 0 0 -51929 -511
  65248   0 0 0 -65694 -445
  44808   0 0 0 44304 -504
  85861   0 0 0 85458 -403
  32250   0 0 0 31736 -514
  97567   0 0 0 97028 -539
  95319   0 0 0 94872 -447
  3313   0 0 0 -3768 -454
  20544   0 0 0 20057 -487
  11922   0 0 0 11538 -384
  78025   0 0 0 77542 -483
  36076   0 0 0 -36558 -481
  83846   0 0 0 -84351 -504
  79389   0 0 0 78900 -489
  1725   0 0 0 -2166 -440
  7970   0 0 0 -8424 -453
  71066   0 0 0 70679 -387
  38867   0 0 0 -39264 -396
  62201   0 0 0 61809 -392
  68220   0 0 0 67706 -514
  21445   0 0 0 20926 -519
  34028   0 0 0 -34538 -509
  37530   0 0 0 -37972 -441
  8690   0 0 0 -9176 -485
  43071   0 0 0 42569 -502
  78930   0 0 0 78386 -544
  15645   0 0 0 15244 -401
  77641   0 0 0 -78126 -484
  50933   0 0 0 -51482 -548
  66394   0 0 0 -66870 -475
  86242   0 0 0 -86742 -499
  63673   0 0 0 -64192 -518
  1419   0 0 0 -1951 -531
  78303   0 0 0 77773 -530
  800   0 0 0 297 -503
  46872   0 0 0 -47366 -493
  28554   0 0 0 -29092 -537
  102266   0 0 0 101751 -515
  88202   0 0 0 87722 -480
  78062   0 0 0 77544 -518
  23416   0 0 0 -23918 -501
  47495   0 0 0 -48037 -541
  103108   0 0 0 -103626 -517
  78052   0 0 0 -78474 -421
  34941   0 0 0 34529 -412
  32180   0 0 0 -32592 -411
  51345   0 0 0 50833 -512
  43909   0 0 0 -44379 -469
  72026   0 0 0 -72557 -530
  80171   0 0 0 79728 -443
  14251   0 0 0 -14778 -526
  81681   0 0 0 -82072 -390
  79883   0 0 0 -80376 -492
  4756   0 0 0 4233 -523
  16625   0 0 0 16160 -465
  47064   0 0 0 -47580 -515
  16318   0 0 0 -16712 -393
  114172   0 0 0 -114701 -528
  23606   0 0 0 -24031 -424
  30203   0 0 0 -30602 -398
  44537   0 0 0 44009 -528
  83312   0 0 0 -83706 -393
  8699   0 0 0 8270 -429
  62601   0 0 0 62080 -521
  18443   0 0 0 -18855 -411
  55541   0 0 0 -56050 -508
  44142   0 0 0 -44534 -391
  29780   0 0 0 29309 -471
  34594   0 0 0 34063 -531
  41582   0 0 0 41054 -528
  5908   0 0 0 -5620 288
  88411   0 0 0 -88848 -436
  105521   0 0 0 -105994 -472
  24670   0 0 0 -25087 -416
  38086   0 0 0 -38624 -537
  28970   0 0 0 28505 -465
  64630   0 0 0 64100 -530
  110748   0 0 0 110236 -512
  56864   0 0 0 56330 -534
  94179   0 0 0 -94691 -511
  36303   0 0 0 35757 -546
  72471   0 0 0 72036 -435
  46645   0 0 0 46174 -471
  50293   0 0 0 49782 -511
  23231   0 0 0 22840 -391
  49171   0 0 0 48668 -503
  45929   0 0 0 -46368 -438
  55112   0 0 0 -50973 4139
  50399   0 0 0 49881 -518
  65990   0 0 0 65548 -442
  62714   0 0 0 62212 -502
  20308   0 0 0 19796 -512
  6647   0 0 0 6144 -503
  12183   0 0 0 11771 -412
  47204   0 0 0 46770 -434
  30811   0 0 0 30330 -481
  44884   0 0 0 44397 -487
  26113   0 0 0 25695 -418
  52130   0 0 0 51618 -512
  33191   0 0 0 -33638 -446
  15341   0 0 0 14909 -432
  68431   0 0 0 67910 -521
  78952   0 0 0 78404 -548
  13022   0 0 0 12493 -529
  76780   0 0 0 76268 -512
  64656   0 0 0 -65196 -539
  3792   0 0 0 3312 -480
  66522   0 0 0 66045 -477
  61124   0 0 0 60596 -528
  66965   0 0 0 66429 -536
  56652   0 0 0 -57135 -482
  29794   0 0 0 -30177 -382
  35120   0 0 0 -35552 -431
  39901   0 0 0 39413 -488
  27116   0 0 0 26628 -488
  3197   0 0 0 2680 -517
  29474   0 0 0 29023 -451
  52380   0 0 0 51938 -442
  91815   0 0 0 -92224 -408
  71652   0 0 0 -72164 -511
  94924   0 0 0 94452 -472
  14293   0 0 0 13777 -516
  44613   0 0 0 44146 -467
  41269   0 0 0 -41732 -462
  41090   0 0 0 -41605 -514
  8840   0 0 0 8366 -474
  5101   0 0 0 4693 -408
  12483   0 0 0 -12888 -404
  13498   0 0 0 13065 -433
  72727   0 0 0 72216 -511
  45970   0 0 0 -46479 -508
  7121   0 0 0 -7608 -486
  21472   0 0 0 -21953 -480
  17592   0 0 0 -18049 -456
  38474   0 0 0 37944 -530
  85288   0 0 0 84852 -436
  7938   0 0 0 -8343 -404
  45035   0 0 0 44538 -497
  45426   0 0 0 44987 -439
  32720   0 0 0 32192 -528
  108595   0 0 0 -109115 -519
  16170   0 0 0 -16598 -427
  72012   0 0 0 71486 -526
  71323   0 0 0 -71725 -401
  22297   0 0 0 -22694 -396
  22954   0 0 0 -23427 -472
  65719   0 0 0 65168 -551
  12420   0 0 0 11925 -495
  6324   0 0 0 -6764 -439
  105690   0 0 0 -106226 -535
  42972   0 0 0 42547 -425
  47606   0 0 0 -48042 -435
  3235   0 0 0 -3636 -400
  81669   0 0 0 -82117 -447
  17903   0 0 0 -18420 -516
  69427   0 0 0 -69932 -504
  40095   0 0 0 -40508 -412
  41175   0 0 0 40688 -487
  2767   0 0 0 -2354 413
  84417   0 0 0 -84962 -544
  89494   0 0 0 -90010 -515
  11969   0 0 0 -12503 -533
  70585   0 0 0 -71017 -431
  17643   0 0 0 -18180 -536
  80594   0 0 0 -81147 -552
  59207   0 0 0 -59692 -484
  34829   0 0 0 -35326 -496
  57019   0 0 0 -57541 -521
  12559   0 0 0 12160 -399
  102569   0 0 0 -103075 -505
  15857   0 0 0 15432 -425
  22491   0 0 0 -22980 -488
  76658   0 0 0 76116 -542
  60397   0 0 0 -60831 -433
  28245   0 0 0 27840 -405
  109593   0 0 0 -110092 -498
  66161   0 0 0 65724 -437
  51545   0 0 0 51050 -495
  96657   0 0 0 -97100 -442
  18972   0 0 0 -19468 -495
  74049   0 0 0 73656 -393
  41540   0 0 0 41036 -504
  69772   0 0 0 69379 -393
  1597   0 0 0 -2073 -475
  24546   0 0 0 24134 -412
  20192   0 0 0 19724 -468
  69596   0 0 0 -70130 -533
  46560   0 0 0 -47072 -511
  13043   0 0 0 -13546 -502
  15885   0 0 0 15427 -458
  70831   0 0 0 70380 -451
  58454   0 0 0 -58934 -479
  7017   0 0 0 -7482 -464
  8534   0 0 0 -8951 -416
  88058   0 0 0 87632 -426
  81695   0 0 0 81225 -470
  27506   0 0 0 -27979 -472
  70462   0 0 0 69969 -493
  34629   0 0 0 -35056 -426
  38426   0 0 0 -38868 -441
  56225   0 0 0 55813 -412
  750   0 0 0 -1300 -549
  44166   0 0 0 -44700 -533
  82438   0 0 0 82019 -419
  78890   0 0 0 78392 -498
  20100   0 0 0 19582 -518
  40733   0 0 0 40256 -477
  32949   0 0 0 -33453 -503
  95717   0 0 0 95176 -541
  57755   0 0 0 57365 -390
  70761   0 0 0 70368 -393
  51234   0 0 0 -51758 -523
  87568   0 0 0 -88122 -553
  27718   0 0 0 -28210 -491
  46862   0 0 0 -47408 -545
  36342   0 0 0 -36795 -452
  23804   0 0 0 -24229 -424
  103183   0 0 0 102659 -524
  45555   0 0 0 45101 -454
  6205   0 0 0 5797 -408
  15071   0 0 0 -15508 -436
  60887   0 0 0 60360 -527
  25300   0 0 0 -25775 -474
  14093   0 0 0 13581 -512
  30506   0 0 0 -30909 -402
  85980   0 0 0 -86472 -491
  112752   0 0 0 -113265 -512
  69459   0 0 0 68930 -529
  30917   0 0 0 -31439 -521
  70784   0 0 0 -71193 -408
  33783   0 0 0 33312 -471
  91088   0 0 0 -91543 -454
  41903   0 0 0 41436 -467
  44592   0 0 0 -45127 -534
  33188   0 0 0 32776 -412
  4942   0 0 0 4511 -431
  21505   0 0 0 -22027 -521
  61017   0 0 0 60527 -490
  45201   0 0 0 44660 -541
  70784   0 0 0 70230 -554
  55979   0 0 0 -56475 -495
  43097   0 0 0 42588 -509
  44053   0 0 0 -44607 -553
  10930   0 0 0 10414 -516
  36712   0 0 0 36300 -412
  74458   0 0 0 -74928 -469
  3433   0 0 0 2883 -550
  17407   0 0 0 -17932 -524
  68654   0 0 0 68125 -529
  37417   0 0 0 -37952 -534
  49297   0 0 0 48842 -455
  54681   0 0 0 54224 -457
  71540   0 0 0 71012 -528
  7618   0 0 0 -8083 -464
  14817   0 0 0 14341 -476
  30228   0 0 0 -30766 -537
  68655   0 0 0 -69126 -470
  52585   0 0 0 52126 -459
  12244   0 0 0 11842 -402
  53125   0 0 0 52653 -472
  25507   0 0 0 -25944 -436
  24266   0 0 0 23724 -542
  62765   0 0 0 -63294 -528
  19776   0 0 0 -20176 -399
  46484   0 0 0 46092 -392
  24264   0 0 0 23866 -398
  31193   0 0 0 -31695 -501
  28146   0 0 0 27696 -450
  19146   0 0 0 18732 -414
  32502   0 0 0 -33046 -543
  20232   0 0 0 19694 -538
  33406   0 0 0 -33821 -414
  47344   0 0 0 46924 -420
  93915   0 0 0 -94347 -431
  51562   0 0 0 -51960 -397
  75500   0 0 0 -76042 -541
  311   0 0 0 -815 -503
  26996   0 0 0 -27507 -510
  58690   0 0 0 58162 -528
  33121   0 0 0 -33639 -517
  77510   0 0 0 -77902 -391
  22096   0 0 0 -22519 -422
  31523   0 0 0 30967 -556
  23822   0 0 0 -24257 -434
  23213   0 0 0 -23650 -436
  50074   0 0 0 49520 -554
  6582   0 0 0 -7055 -472
  3439   0 0 0 2993 -446
  116953   0 0 0 116434 -519
  1686   0 0 0 1166 -520
  42680   0 0 0 -43158 -477
  35734   0 0 0 35191 -543
  38651   0 0 0 38148 -503
  44880   0 0 0 44436 -444
  17627   0 0 0 17126 -501
  90861   0 0 0 -91358 -496
  80976   0 0 0 -80320 656
  75570   0 0 0 75180 -390
  55955   0 0 0 -56462 -506
  90503   0 0 0 -90974 -470
  56151   0 0 0 -56592 -440
  68928   0 0 0 68379 -549
  1080   0 0 0 757 -323
  21800   0 0 0 21306 -494
  52339   0 0 0 51878 -461
  87563   0 0 0 87068 -495
  43197   0 0 0 -43679 -481
  66476   0 0 0 66002 -474
  115753   0 0 0 -116274 -520
  28333   0 0 0 -28850 -516
  92481   0 0 0 -92984 -502
  34385   0 0 0 -34824 -438
  42287   0 0 0 41879 -408
  52239   0 0 0 -52649 -409
  48549   0 0 0 48086 -463
  75753   0 0 0 75234 -519
  29327   0 0 0 -29847 -519
  30839   0 0 0 30384 -455
  46763   0 0 0 46264 -499
  33248   0 0 0 -33682 -433
  81092   0 0 0 80616 -476
  3029   0 0 0 2522 -507
  14863   0 0 0 14339 -524
  76307   0 0 0 -76787 -479
  37196   0 0 0 -37632 -435
  104916   0 0 0 104417 -499
  31474   0 0 0 31036 -438
  51667   0 0 0 51199 -468
  77485   0 0 0 -77964 -478
  18127   0 0 0 -18530 -402
  70432   0 0 0 -70962 -529
  50152   0 0 0 -50546 -393
  87973   0 0 0 87540 -433
  23738   0 0 0 -24212 -473
  1688   0 0 0 1230 -458
  19731   0 0 0 19191 -540
  90647   0 0 0 -91111 -463
  29429   0 0 0 -29919 -489
  20694   0 0 0 -21211 -516
  80995   0 0 0 -81412 -416
  139   0 0 0 -376 -515
  54912   0 0 0 -55460 -547
  19580   0 0 0 19163 -417
  110845   0 0 0 -111374 -528
  25583   0 0 0 25188 -395
  85221   0 0 0 84716 -505
  38430   0 0 0 -38928 -497
  99021   0 0 0 98566 -455
  3254   0 0 0 2864 -390
  39318   0 0 0 38835 -483
  98867   0 0 0 98333 -534
  94465   0 0 0 93967 -498
  55321   0 0 0 -55750 -428
  10608   0 0 0 -11100 -491
  33264   0 0 0 -33738 -473
  11385   0 0 0 10888 -497
  41986   0 0 0 41454 -532
  76559   0 0 0 -76999 -439
  60351   0 0 0 -60906 -554
  36173   0 0 0 35723 -450
  85611   0 0 0 85212 -399
  62829   0 0 0 62316 -513
  42816   0 0 0 -43222 -405
  63755   0 0 0 -64312 -556
  69067   0 0 0 68554 -513
  52584   0 0 0 52162 -422
  26286   0 0 0 -26828 -541
  5438   0 0 0 -5978 -539
  2312   0 0 0 1908 -404
  25365   0 0 0 24872 -493
  102636   0 0 0 -103150 -513
  11509   0 0 0 -11964 -454
  5799   0 0 0 5316 -483
  6150   0 0 0 -6590 -439
  20040   0 0 0 -20478 -437
  56897   0 0 0 56405 -492
  87921   0 0 0 87464 -457
  42351   0 0 0 41828 -523
  64440   0 0 0 63970 -470
  21879   0 0 0 21385 -494
  3857   0 0 0 3334 -523
  95333   0 0 0 -95794 -460
  25816   0 0 0 -26346 -529
  32933   0 0 0 32468 -465
  3275   0 0 0 -3808 -532
  61784   0 0 0 -62253 -468
  32702   0 0 0 32245 -457
  10773   0 0 0 10314 -459
  50965   0 0 0 -51504 -538
  19268   0 0 0 -19694 -425
  54185   0 0 0 -54625 -439
  15529   0 0 0 -16068 -538
  25974   0 0 0 25524 -450
  14899   0 0 0 -15438 -538
  55274   0 0 0 -55830 -555
  27203   0 0 0 -27586 -382
  12066   0 0 0 -12459 -392
  18504   0 0 0 18102 -402
  17236   0 0 0 -17710 -473
  54717   0 0 0 -55156 -438
  65042   0 0 0 -65462 -419
  55364   0 0 0 -55867 -502
  27585   0 0 0 -28135 -549
  84169   0 0 0 83683 -486
  22456   0 0 0 21942 -514
  92260   0 0 0 91818 -442
  4455   0 0 0 3934 -521
  26633   0 0 0 26143 -490
  72223   0 0 0 71760 -463
  33196   0 0 0 32773 -423
  16073   0 0 0 15542 -531
  28471   0 0 0 -29008 -536
  14858   0 0 0 14433 -425
  30066   0 0 0 29606 -460
  76127   0 0 0 -76006 121
  84318   0 0 0 -84727 -408
  42008   0 0 0 41554 -454
  30754   0 0 0 30200 -554
  552   0 0 0 157 -395
  45783   0 0 0 45350 -433
  50706   0 0 0 -51253 -546
  92817   0 0 0 92294 -523
  92911   0 0 0 92370 -541
  73725   0 0 0 73306 -419
  22214   0 0 0 -22694 -479
  55710   0 0 0 -56125 -414
  8457   0 0 0 8054 -403
  48810   0 0 0 -49299 -488
  18952   0 0 0 18494 -458
  77693   0 0 0 -78154 -460
  44197   0 0 0 -44702 -504
  28866   0 0 0 -29382 -515
  13814   0 0 0 -14281 -466
  28111   0 0 0 27664 -447
  77361   0 0 0 76964 -397
  32681   0 0 0 -33070 -388
  64219   0 0 0 63691 -528
  75498   0 0 0 74954 -544
  41604   0 0 0 -42114 -509
  49359   0 0 0 -49890 -530
  15585   0 0 0 -16051 -465
  47113   0 0 0 46609 -504
  102651   0 0 0 -103138 -486
  74631   0 0 0 74169 -462
  66935   0 0 0 -67382 -446
  15077   0 0 0 -15546 -468
  30686   0 0 0 -31193 -506
  68440   0 0 0 67938 -502
  44892   0 0 0 44506 -386
  15740   0 0 0 -16214 -473
  26663   0 0 0 26162 -501
  89060   0 0 0 88662 -398
  96169   0 0 0 95725 -444
  51819   0 0 0 51352 -467
  2490   0 0 0 2091 -399
  11224   0 0 0 -11644 -419
  19726   0 0 0 -20115 -388
  100283   0 0 0 99800 -483
  28667   0 0 0 -29176 -508
  5163   0 0 0 -5572 -408
  33116   0 0 0 -33620 -503
  35587   0 0 0 35051 -536
  39457   0 0 0 -39879 -421
  48748   0 0 0 48199 -549
  55414   0 0 0 54996 -418
  45753   0 0 0 -46174 -420
  106094   0 0 0 -106636 -541
  62239   0 0 0 61792 -447
  86382   0 0 0 -86780 -397
  96581   0 0 0 -94333 2248
  27336   0 0 0 -27828 -491
  30721   0 0 0 30170 -551
  26717   0 0 0 26252 -465
  57191   0 0 0 56674 -517
  75919   0 0 0 75460 -459
  83950   0 0 0 83482 -468
  20855   0 0 0 -21317 -461
  98742   0 0 0 -99284 -541
  7291   0 0 0 6760 -531
  17032   0 0 0 16561 -471
  68336   0 0 0 -68723 -386
  97362   0 0 0 -97840 -477
  73616   0 0 0 73170 -446
  6535   0 0 0 6021 -514
  61306   0 0 0 -61777 -470
  65448   0 0 0 -65938 -489
  75464   0 0 0 75075 -389
  104213   0 0 0 103668 -545
  79941   0 0 0 79520 -421
  33065   0 0 0 -33488 -422
  57624   0 0 0 57118 -506
  43280   0 0 0 42851 -429
  93265   0 0 0 92721 -544
  6631   0 0 0 -7043 -411
  39275   0 0 0 38721 -554
  37628   0 0 0 37174 -454
  5503   0 0 0 4996 -507
  12341   0 0 0 11876 -465
  70694   0 0 0 -71095 -400
  20376   0 0 0 19839 -537
  109270   0 0 0 108730 -540
  85246   0 0 0 -85728 -481
  31501   0 0 0 -31914 -412
  29771   0 0 0 29332 -439
  96190   0 0 0 95673 -517
  45608   0 0 0 45100 -508
  56653   0 0 0 -57092 -438
  79209   0 0 0 78659 -550
  45163   0 0 0 -45629 -465
  446   0 0 0 -986 -539
  82430   0 0 0 -82899 -468
  4749   0 0 0 -5252 -502
  74689   0 0 0 74262 -427
  23140   0 0 0 22644 -496
  3243   0 0 0 -3771 -527
  62415   0 0 0 61917 -498
  59997   0 0 0 59534 -463
  10584   0 0 0 -10986 -401
  70433   0 0 0 69881 -552
  33150   0 0 0 -33576 -425
  54740   0 0 0 54344 -396
  52534   0 0 0 -53020 -485
  15163   0 0 0 -15710 -546
  30519   0 0 0 30076 -443
  54723   0 0 0 54292 -431
  20707   0 0 0 20162 -545
  52169   0 0 0 -52680 -510
  13950   0 0 0 -14340 -389
  49816   0 0 0 49376 -440
  39619   0 0 0 -40098 -478
  88611   0 0 0 -89058 -446
  93661   0 0 0 93172 -489
  79820   0 0 0 79324 -496
  23138   0 0 0 -23577 -438
  77578   0 0 0 -78022 -443
  20470   0 0 0 -20860 -389
  84120   0 0 0 83712 -408
  84602   0 0 0 84102 -500
  19576   0 0 0 19020 -556
  19799   0 0 0 -20195 -395
  53889   0 0 0 -54288 -398
  41332   0 0 0 40786 -546
  53150   0 0 0 -53610 -459
  112898   0 0 0 112388 -510
  96989   0 0 0 96492 -497
  2957   0 0 0 2470 -487
  27734   0 0 0 -28170 -435
  100113   0 0 0 -99700 413
  3246   0 0 0 2840 -406
  53412   0 0 0 52975 -437
  79439   0 0 0 -79990 -550
  2900   0 0 0 -2169 731
  51747   0 0 0 51210 -537
  51111   0 0 0 50688 -423
  86529   0 0 0 86035 -494
  81897   0 0 0 -82290 -392
  3172   0 0 0 2718 -454
  61061   0 0 0 60629 -432
  44043   0 0 0 -44502 -458
  77561   0 0 0 -78103 -541
  12416   0 0 0 12024 -392
  4020   0 0 0 3498 -522
  47170   0 0 0 46750 -420
  65191   0 0 0 -65701 -509
  45547   0 0 0 -46015 -467
  32024   0 0 0 -32438 -413
  1324   0 0 0 -1832 -507
  5529   0 0 0 -6060 -530
  41941   0 0 0 -42372 -430
  38592   0 0 0 38110 -482
  98469   0 0 0 -99005 -535
  89462   0 0 0 -89962 -499
  66326   0 0 0 65926 -400
  82877   0 0 0 82406 -471
  25644   0 0 0 25256 -388
  65173   0 0 0 64692 -481
  79651   0 0 0 -80178 -526
  60607   0 0 0 60186 -421
  959   0 0 0 -1418 -458
  41909   0 0 0 -42452 -542
  52212   0 0 0 51796 -416
  80668   0 0 0 80162 -506
  24397   0 0 0 23925 -472
  55385   0 0 0 -55894 -508
  109460   0 0 0 -110008 -547
  70886   0 0 0 70392 -494
  30593   0 0 0 30080 -513
  61874   0 0 0 -62300 -425
  87684   0 0 0 -88158 -473
  74260   0 0 0 -74791 -530
  11267   0 0 0 -11729 -461
  56357   0 0 0 -56748 -390
  12743   0 0 0 12206 -537
  42856   0 0 0 -43358 -501
  82142   0 0 0 -82678 -535
  54980   0 0 0 54521 -459
  8783   0 0 0 -9332 -548
  22912   0 0 0 -23422 -509
  80064   0 0 0 79540 -524
  63753   0 0 0 63354 -399
  101301   0 0 0 102204 902
  33956   0 0 0 -34455 -498
  64762   0 0 0 -65194 -431
  120918   0 0 0 120368 -550
  74301   0 0 0 -74771 -469
  6047   0 0 0 5535 -512
  12054   0 0 0 11538 -516
  62873   0 0 0 62368 -505
  6711   0 0 0 6290 -421
  84162   0 0 0 -84694 -531
  73596   0 0 0 73068 -528
  61589   0 0 0 61126 -463
  39524   0 0 0 -40003 -478
  93287   0 0 0 -93766 -478
  84124   0 0 0 -84586 -461
  61570   0 0 0 -62068 -497
  18994   0 0 0 18464 -530
  30374   0 0 0 29898 -476
  62538   0 0 0 62031 -507
  86964   0 0 0 -87467 -502
  87728   0 0 0 87300 -428
  55885   0 0 0 -56329 -443
  61299   0 0 0 -61764 -464
  57684   0 0 0 -58210 -525
  96489   0 0 0 -97008 -518
  87722   0 0 0 87265 -457
  72825   0 0 0 -73274 -448
  99352   0 0 0 98926 -426
  16878   0 0 0 -17289 -410
  47024   0 0 0 -47472 -447
  9213   0 0 0 -9690 -476
  66281   0 0 0 65780 -501
  11650   0 0 0 -12198 -547
  94546   0 0 0 -95056 -509
  15383   0 0 0 -15831 -447
  5205   0 0 0 5946 740
  61799   0 0 0 61336 -463
  51493   0 0 0 -50878 615
  68251   0 0 0 67851 -400
  90147   0 0 0 89620 -527
  76685   0 0 0 76193 -492
  33634   0 0 0 -34025 -390
  98507   0 0 0 97978 -529
  36337   0 0 0 -36801 -463
  83000   0 0 0 -83484 -483
  105425   0 0 0 -105927 -501
  1805   0 0 0 1345 -460
  28720   0 0 0 28327 -393
  87198   0 0 0 86768 -430
  66324   0 0 0 65868 -456
  24594   0 0 0 24180 -414
  32148   0 0 0 31608 -540
  22662   0 0 0 22281 -381
  20051   0 0 0 19631 -420
  32489   0 0 0 -32960 -470
  25854   0 0 0 -26280 -425
  70402   0 0 0 -70859 -456
  46711   0 0 0 46160 -551
  47712   0 0 0 -48262 -549
  4582   0 0 0 4087 -495
  58791   0 0 0 -59234 -442
  13593   0 0 0 13086 -507
  14924   0 0 0 -15320 -395
  55851   0 0 0 -56356 -504
  57971   0 0 0 57427 -544
  38790   0 0 0 38306 -484
  124056   0 0 0 123525 -531
  2757   0 0 0 2206 -551
  20416   0 0 0 19976 -440
  85316   0 0 0 -85760 -443
  20366   0 0 0 -20904 -537
  106879   0 0 0 -107422 -542
  70321   0 0 0 -70842 -520
  22238   0 0 0 21730 -508
  20040   0 0 0 19577 -463
  46000   0 0 0 -46440 -439
  36273   0 0 0 -36685 -411
  71956   0 0 0 71444 -512
  22779   0 0 0 22327 -452
  18227   0 0 0 17829 -398
  102556   0 0 0 102102 -454
  91846   0 0 0 -92308 -461
  53841   0 0 0 -54224 -382
  54532   0 0 0 -55010 -477
  38086   0 0 0 -38598 -511
  74763   0 0 0 -75304 -540
  77656   0 0 0 -78137 -480
  40933   0 0 0 -41462 -528
  67521   0 0 0 -67948 -426
  74390   0 0 0 -74907 -516
  56756   0 0 0 -57160 -403
  43844   0 0 0 43335 -509
  21365   0 0 0 -21887 -521
  13351   0 0 0 12902 -449
  37189   0 0 0 -37637 -447
  68921   0 0 0 68389 -532
  16173   0 0 0 15712 -461
  72325   0 0 0 71782 -543
  7631   0 0 0 -8108 -476
  53335   0 0 0 52780 -555
  11421   0 0 0 -11826 -404
  60924   0 0 0 -61401 -476
  3529   0 0 0 -4034 -504
  10835   0 0 0 -11356 -520
  93979   0 0 0 -94486 -506
  50900   0 0 0 50471 -429
  22870   0 0 0 22436 -434
  105353   0 0 0 -105888 -534
  45717   0 0 0 -43312 2405
  37388   0 0 0 36892 -496
  57345   0 0 0 -57825 -479
  52371   0 0 0 -52824 -452
  5663   0 0 0 5202 -461
  63876   0 0 0 -64411 -534
  54727   0 0 0 -55124 -396
  39922   0 0 0 39421 -501
  40196   0 0 0 -40676 -479
  4105   0 0 0 3655 -450
  66268   0 0 0 67815 1546
  54390   0 0 0 53881 -509
  39397   0 0 0 38890 -507
  21251   0 0 0 -21753 -501
  82492   0 0 0 81948 -544
  86129   0 0 0 85697 -432
  57792   0 0 0 -58334 -541
  110644   0 0 0 -111179 -534
  18261   0 0 0 17761 -500
  19572   0 0 0 19130 -442
  54385   0 0 0 53866 -519
  64210   0 0 0 63766 -444
  33110   0 0 0 -33622 -511
  72477   0 0 0 -72931 -453
  168   0 0 0 -604 -435
  57387   0 0 0 56940 -447
  97757   0 0 0 -98299 -541
  29943   0 0 0 29461 -482
  92635   0 0 0 -93138 -502
  9888   0 0 0 9415 -473
  35928   0 0 0 -36339 -410
  9877   0 0 0 9468 -409
  86433   0 0 0 -86956 -522
  77022   0 0 0 76481 -541
  37014   0 0 0 36471 -543
  58746   0 0 0 58237 -509
  32313   0 0 0 -32862 -548
  15290   0 0 0 14744 -546
  76781   0 0 0 -77190 -408
  18287   0 0 0 17758 -529
  17911   0 0 0 17484 -427
  33162   0 0 0 32720 -442
  40444   0 0 0 40040 -404
  98438   0 0 0 97888 -550
  70719   0 0 0 70294 -425
  33844   0 0 0 33387 -457
  74766   0 0 0 74287 -479
  50238   0 0 0 -50743 -504
  104749   0 0 0 104290 -459
  42247   0 0 0 -42648 -400
  103717   0 0 0 -104240 -522
  92526   0 0 0 91982 -544
  46461   0 0 0 45996 -465
  51690   0 0 0 51184 -506
  35362   0 0 0 -35812 -449
  116426   0 0 0 -116980 -553
  2713   0 0 0 -3143 -429
  60758   0 0 0 -61254 -495
  25835   0 0 0 25328 -507
  56232   0 0 0 -56690 -457
  93503   0 0 0 92990 -513
  58639   0 0 0 58236 -403
  35318   0 0 0 -35767 -448
  9590   0 0 0 -10107 -516
  66213   0 0 0 -66661 -447
  40304   0 0 0 -40842 -537
  51271   0 0 0 50738 -533
  43716   0 0 0 43244 -472
  62309   0 0 0 61773 -536
  20236   0 0 0 19747 -489
  54384   0 0 0 53964 -420
  15578   0 0 0 15055 -523
  106485   0 0 0 105986 -499
  98438   0 0 0 -98961 -522
  51614   0 0 0 -50216 1398
  22918   0 0 0 22528 -390
  50944   0 0 0 50422 -522
  69686   0 0 0 69244 -442
  106727   0 0 0 106216 -511
  46163   0 0 0 45707 -456
  93254   0 0 0 92750 -504
  47703   0 0 0 -48155 -451
  80617   0 0 0 80104 -513
  38723   0 0 0 38296 -427
  7697   0 0 0 7237 -460
  113061   0 0 0 112536 -525
  74653   0 0 0 74114 -539
  75061   0 0 0 -75583 -521
  31951   0 0 0 -32479 -527
  63040   0 0 0 62644 -396
  50490   0 0 0 50099 -391
  57804   0 0 0 57402 -402
  49423   0 0 0 -49824 -400
  61266   0 0 0 -61729 -462
  44613   0 0 0 -45134 -520
  38128   0 0 0 -38605 -476
  17713   0 0 0 -18104 -390
  74186   0 0 0 73644 -542
  8974   0 0 0 8528 -446
  24708   0 0 0 24180 -528
  35131   0 0 0 -35540 -408
  63785   0 0 0 -64176 -390
  7271   0 0 0 6805 -466
  68022   0 0 0 -68560 -537
  44318   0 0 0 43902 -416
  66925   0 0 0 66452 -473
  52357   0 0 0 -52857 -499
  29262   0 0 0 28800 -462
  118527   0 0 0 117978 -549
  115383   0 0 0 114829 -554
  68623   0 0 0 -69066 -442
  35740   0 0 0 35253 -487
  94469   0 0 0 94065 -404
  31295   0 0 0 30888 -407
  69977   0 0 0 69438 -539
  69340   0 0 0 -69799 -458
  11142   0 0 0 -11636 -493
  69558   0 0 0 -70014 -455
  110384   0 0 0 109875 -509
  17782   0 0 0 17238 -544
  75402   0 0 0 -75886 -483
  107124   0 0 0 -107670 -545
  5160   0 0 0 4761 -399
  95468   0 0 0 94922 -546
  48531   0 0 0 48000 -531
  55149   0 0 0 54622 -527
  31206   0 0 0 -31594 -387
  75917   0 0 0 -76420 -502
  84956   0 0 0 -85496 -539
  71773   0 0 0 -72278 -504
  75460   0 0 0 -75988 -527
  8258   0 0 0 -8696 -437
  6536   0 0 0 6088 -448
  41980   0 0 0 41479 -501
  64734   0 0 0 -65154 -419
  47712   0 0 0 -48212 -499
  19330   0 0 0 -19843 -512
  87081   0 0 0 -87584 -502
  80120   0 0 0 -80582 -461
  28935   0 0 0 -28116 819
  15173   0 0 0 14709 -464
  19121   0 0 0 -19636 -514
  28977   0 0 0 -29361 -383
  7213   0 0 0 6792 -421
  50525   0 0 0 -50982 -456
  63351   0 0 0 -63803 -451
  68641   0 0 0 -69136 -494
  47865   0 0 0 -48390 -524
  86647   0 0 0 86254 -393
  20021   0 0 0 19575 -446
  53133   0 0 0 -53598 -464
  59458   0 0 0 -59895 -436
  19301   0 0 0 18841 -460
  19343   0 0 0 -19757 -413
  43956   0 0 0 -44409 -452
  8604   0 0 0 8082 -522
  50901   0 0 0 50463 -438
  280   0 0 0 -215 -495
  5294   0 0 0 4750 -544
  51333   0 0 0 -51886 -552
  72317   0 0 0 -72750 -432
  55064   0 0 0 54661 -403
  89436   0 0 0 -89964 -527
  68144   0 0 0 -63274 4870
  75774   0 0 0 75314 -460
  61887   0 0 0 -62298 -410
  9901   0 0 0 9436 -465
  5475   0 0 0 -6015 -539
  38174   0 0 0 -38610 -435
  46447   0 0 0 46012 -435
  109272   0 0 0 108729 -543
  43155   0 0 0 42717 -438
  33788   0 0 0 -34312 -523
  37177   0 0 0 36705 -472
  86301   0 0 0 -86769 -467
  34361   0 0 0 -34845 -483
  17889   0 0 0 -18429 -539
  29458   0 0 0 28998 -460
  29206   0 0 0 28786 -420
  103612   0 0 0 103064 -548
  78620   0 0 0 -79014 -393
  22496   0 0 0 -23032 -535
  32076   0 0 0 34583 2506
  52238   0 0 0 -52658 -419
  26129   0 0 0 25666 -463
  3720   0 0 0 -4114 -393
  2616   0 0 0 2092 -524
  35407   0 0 0 -35812 -404
  58185   0 0 0 57710 -475
  35072   0 0 0 34646 -426
  105062   0 0 0 -105561 -498
  13265   0 0 0 12815 -450
  3961   0 0 0 3448 -513
  95710   0 0 0 95205 -505
  87538   0 0 0 87072 -466
  81406   0 0 0 -81845 -438
  33652   0 0 0 -34185 -532
  36772   0 0 0 -37269 -496
  49996   0 0 0 -50480 -483
  1874   0 0 0 1403 -471
  60853   0 0 0 60414 -439
  122331   0 0 0 121792 -539
  52982   0 0 0 52456 -526
  65744   0 0 0 -66240 -495
  32261   0 0 0 -32795 -533
  37735   0 0 0 -38253 -517
  64439   0 0 0 63942 -497
  49799   0 0 0 -50313 -513
  83551   0 0 0 83018 -533
  77203   0 0 0 76706 -497
  63923   0 0 0 63437 -486
  51790   0 0 0 51270 -520
  19035   0 0 0 18512 -523
  61288   0 0 0 -61715 -426
  77162   0 0 0 76630 -532
  86855   0 0 0 86379 -476
  30914   0 0 0 30498 -416
  40810   0 0 0 40283 -527
  34483   0 0 0 33984 -499
  29636   0 0 0 -30137 -500
  80432   0 0 0 -80838 -405
  77102   0 0 0 76648 -454
  29042   0 0 0 -29519 -476
  14419   0 0 0 -14939 -519
  103581   0 0 0 -104124 -542
  84365   0 0 0 -84833 -467
  100925   0 0 0 -101366 -440
  82498   0 0 0 -82941 -442
  62084   0 0 0 -62508 -423
  767   0 0 0 343 -424
  39384   0 0 0 -39853 -468
  54305   0 0 0 -54832 -526
  60473   0 0 0 59942 -531
  69024   0 0 0 -69422 -397
  102699   0 0 0 -103237 -537
  45354   0 0 0 -45812 -457
  95841   0 0 0 95334 -507
  49481   0 0 0 -50003 -521
  20320   0 0 0 19892 -428
  51180   0 0 0 -51710 -529
  35917   0 0 0 -36450 -532
  24971   0 0 0 24561 -410
  101165   0 0 0 100616 -549
  98424   0 0 0 97936 -488
  98308   0 0 0 97800 -508
  37004   0 0 0 36552 -452
  18650   0 0 0 18196 -454
  50571   0 0 0 50042 -529
  50634   0 0 0 50137 -497
  64050   0 0 0 -64519 -468
  9535   0 0 0 9084 -451
  50504   0 0 0 49958 -546
  66544   0 0 0 -66950 -405
  24101   0 0 0 -24515 -413
  25478   0 0 0 24984 -494
  66998   0 0 0 66567 -431
  84953   0 0 0 84564 -389
  101580   0 0 0 -102114 -533
  66276   0 0 0 65762 -514
  31674   0 0 0 31242 -432
  86744   0 0 0 86224 -520
  43959   0 0 0 -44512 -552
  92514   0 0 0 92014 -500
  22094   0 0 0 21672 -422
  101921   0 0 0 -102407 -485
  27777   0 0 0 27948 170
  44906   0 0 0 44492 -414
  6658   0 0 0 6260 -398
  14639   0 0 0 -15117 -477
  71936   0 0 0 71430 -506
  71578   0 0 0 -72013 -434
  32990   0 0 0 32555 -435
  6350   0 0 0 -6752 -401
  17872   0 0 0 17474 -398
  68148   0 0 0 67607 -541
  53400   0 0 0 52959 -441
  48233   0 0 0 -48748 -514
  65660   0 0 0 65152 -508
  30222   0 0 0 -30757 -534
  60725   0 0 0 -61152 -426
  26279   0 0 0 25824 -455
  60687   0 0 0 60136 -551
  75097   0 0 0 -75630 -532
  73622   0 0 0 73148 -474
  97896   0 0 0 -98420 -523
  75399   0 0 0 -75868 -468
  74903   0 0 0 -75328 -424
  59387   0 0 0 58910 -477
  99182   0 0 0 98671 -511
  30946   0 0 0 -31412 -465
  77049   0 0 0 -77509 -459
  10725   0 0 0 10261 -464
  37702   0 0 0 37208 -494
  29370   0 0 0 -29869 -498
  41523   0 0 0 40995 -528
  42461   0 0 0 41994 -467
  52738   0 0 0 52200 -538
  27094   0 0 0 26679 -415
  10303   0 0 0 -10724 -420
  1253   0 0 0 -1652 -398
  54159   0 0 0 53755 -404
  54848   0 0 0 54297 -551
  45711   0 0 0 -46261 -549
  84092   0 0 0 83599 -493
  60057   0 0 0 59512 -545
  32882   0 0 0 -33398 -515
  106846   0 0 0 106316 -530
  23090   0 0 0 22617 -473
  102930   0 0 0 102410 -520
  82574   0 0 0 82041 -533
  71635   0 0 0 71141 -494
  43417   0 0 0 42964 -453
  9193   0 0 0 8779 -414
  88628   0 0 0 88152 -476
  15881   0 0 0 -16276 -394
  52154   0 0 0 -52686 -531
  47665   0 0 0 47194 -471
  57272   0 0 0 56771 -501
  78925   0 0 0 78418 -507
  52968   0 0 0 52552 -416
  10871   0 0 0 10414 -457
  1083   0 0 0 604 -479
  107374   0 0 0 106838 -536
  18765   0 0 0 -19183 -417
  42458   0 0 0 41994 -464
  28986   0 0 0 -29398 -411
  57273   0 0 0 56766 -507
  51043   0 0 0 50633 -410
  26497   0 0 0 -27004 -506
  85021   0 0 0 -85536 -514
  48303   0 0 0 -48796 -492
  42939   0 0 0 -43444 -504
  48260   0 0 0 -48688 -427
  51647   0 0 0 51238 -409
  1989   0 0 0 1574 -415
  60720   0 0 0 -61213 -492
  16731   0 0 0 -17163 -431
  54805   0 0 0 -55242 -436
  70545   0 0 0 -70958 -412
  6145   0 0 0 6340 194
  28487   0 0 0 28086 -401
  61261   0 0 0 60770 -491
  19759   0 0 0 19349 -410
  41763   0 0 0 -42204 -440
  74845   0 0 0 74405 -440
  16025   0 0 0 15620 -405
  27435   0 0 0 -27960 -524
  76768   0 0 0 76286 -482
  43742   0 0 0 -44256 -513
  24785   0 0 0 -25168 -382
  110438   0 0 0 109888 -550
  83362   0 0 0 82892 -470
  9740   0 0 0 9269 -471
  86978   0 0 0 86574 -404
  22807   0 0 0 -23194 -386
  3811   0 0 0 3300 -511
  57540   0 0 0 -58083 -542
  86265   0 0 0 -86731 -465
  75465   0 0 0 -75960 -494
  61854   0 0 0 -62284 -429
  26951   0 0 0 26448 -503
  9014   0 0 0 -9448 -433
  31684   0 0 0 -32124 -439
  19092   0 0 0 18692 -400
  27103   0 0 0 26680 -423
  79856   0 0 0 -80261 -404
  47577   0 0 0 -48032 -454
  86900   0 0 0 -87413 -512
  51943   0 0 0 -52336 -392
  4416   0 0 0 -4932 -515
  47008   0 0 0 46476 -532
  30345   0 0 0 -30829 -483
  90998   0 0 0 -91458 -459
  10119   0 0 0 9688 -431
  42949   0 0 0 -43452 -502
  95935   0 0 0 -96461 -525
  40459   0 0 0 -40878 -418
  46666   0 0 0 46261 -405
  117535   0 0 0 -118086 -550
  53264   0 0 0 -53728 -463
  7940   0 0 0 -8394 -453
  7399   0 0 0 -7812 -412
  9721   0 0 0 -10129 -407
  9831   0 0 0 -10352 -520
  42714   0 0 0 42325 -389
  51960   0 0 0 51580 -380
  8714   0 0 0 8286 -428
  76297   0 0 0 -76701 -403
  85757   0 0 0 85265 -492
  34353   0 0 0 33829 -524
  62538   0 0 0 -63047 -508
  16052   0 0 0 15633 -419
  69845   0 0 0 -70285 -439
  19798   0 0 0 -20216 -417
  62934   0 0 0 -63477 -542
  111303   0 0 0 110792 -511
  68137   0 0 0 67678 -459
  91991   0 0 0 91501 -490
  40058   0 0 0 -40512 -453
  1241   0 0 0 824 -417
  82937   0 0 0 -83486 -548
  55724   0 0 0 55261 -463
  235   0 0 0 -747 -511
  30410   0 0 0 -30448 -37
  73643   0 0 0 -74122 -478
  9524   0 0 0 8980 -544
  60055   0 0 0 59621 -434
  29043   0 0 0 -29503 -459
  61531   0 0 0 -61926 -394
  7042   0 0 0 6612 -430
  35303   0 0 0 34812 -491
  49489   0 0 0 49092 -397
  80952   0 0 0 80451 -501
  29375   0 0 0 -29819 -443
  15683   0 0 0 15182 -501
  14407   0 0 0 13893 -514
  77235   0 0 0 76716 -519
  22084   0 0 0 -22562 -477
  29420   0 0 0 28904 -516
  86187   0 0 0 -86650 -462
  80292   0 0 0 -80840 -547
  15175   0 0 0 -15695 -519
  40568   0 0 0 40060 -508
  30309   0 0 0 29886 -423
  40987   0 0 0 40558 -429
  21425   0 0 0 -21946 -520
  69620   0 0 0 69148 -472
  56863   0 0 0 56346 -517
  92632   0 0 0 92226 -406
  82262   0 0 0 81728 -534
  28707   0 0 0 -29169 -461
  72039   0 0 0 -72421 -381
  58041   0 0 0 57632 -409
  67889   0 0 0 67338 -551
  60542   0 0 0 60028 -514
  70570   0 0 0 -66511 4059
  25971   0 0 0 -26417 -445
  17198   0 0 0 -17694 -495
  41530   0 0 0 -41927 -396
  71977   0 0 0 71561 -416
  68793   0 0 0 68307 -486
  1934   0 0 0 1426 -508
  36079   0 0 0 -36521 -441
  82009   0 0 0 81616 -393
  14999   0 0 0 -15428 -428
  22297   0 0 0 -22750 -452
  11676   0 0 0 -12129 -452
  2663   0 0 0 2226 -437
  40742   0 0 0 40288 -454
  34162   0 0 0 33688 -474
  88918   0 0 0 -89364 -445
  3268   0 0 0 2737 -531
  1743   0 0 0 1343 -400
  8745   0 0 0 8343 -402
  36154   0 0 0 35618 -536
  47839   0 0 0 -42336 5503
  58005   0 0 0 57501 -504
  39124   0 0 0 -39517 -392
  22421   0 0 0 -22856 -434
  80494   0 0 0 -80953 -458
  22237   0 0 0 -22756 -518
  73613   0 0 0 73218 -395
  29839   0 0 0 -30348 -508
  79164   0 0 0 78707 -457
  84078   0 0 0 83547 -531
  77031   0 0 0 76584 -447
  60368   0 0 0 59866 -502
  91148   0 0 0 -91659 -510
  96361   0 0 0 -96868 -506
  45158   0 0 0 44743 -415
  83973   0 0 0 83480 -493
  54059   0 0 0 -54577 -517
  15702   0 0 0 15280 -422
  22837   0 0 0 -23259 -421
  49178   0 0 0 -49645 -466
  87736   0 0 0 -88237 -500
  33076   0 0 0 32650 -426
  79202   0 0 0 -79626 -423
  1502   0 0 0 -2013 -510
  34421   0 0 0 -34852 -430
  66797   0 0 0 66329 -468
  48561   0 0 0 48070 -491
  87502   0 0 0 -87997 -494
  29697   0 0 0 29139 -558
  80521   0 0 0 -81017 -495
  77795   0 0 0 -74728 3067
  49600   0 0 0 -50105 -504
  35709   0 0 0 35229 -480
  61667   0 0 0 -62096 -428
  6085   0 0 0 5554 -531
  3705   0 0 0 3269 -436
  40345   0 0 0 40730 384
  42863   0 0 0 42482 -381
  40550   0 0 0 -41020 -469
  13861   0 0 0 13431 -430
  74335   0 0 0 -74846 -510
  1120   0 0 0 603 -517
  95594   0 0 0 95137 -457
  21476   0 0 0 -21955 -478
  30032   0 0 0 -30461 -428
  26614   0 0 0 26074 -540
  34085   0 0 0 -34504 -418
  25506   0 0 0 -25926 -419
  68544   0 0 0 68020 -524
  33432   0 0 0 33040 -392
  65868   0 0 0 -66386 -517
  27869   0 0 0 -28324 -454
  38289   0 0 0 37734 -555
  81388   0 0 0 -81825 -436
  57659   0 0 0 -58135 -475
  43061   0 0 0 42516 -545
  21244   0 0 0 20810 -434
  4854   0 0 0 4452 -402
  12792   0 0 0 -13211 -418
  70316   0 0 0 -70860 -543
  92659   0 0 0 -93096 -436
  1329   0 0 0 -1851 -521
  76070   0 0 0 -76473 -402
  78519   0 0 0 78085 -434
  71135   0 0 0 -71552 -416
  9539   0 0 0 9126 -413
  79859   0 0 0 -80401 -541
  27117   0 0 0 26732 -385
  51341   0 0 0 50900 -441
  75508   0 0 0 75001 -507
  78797   0 0 0 78418 -379
  44688   0 0 0 44252 -436
  43473   0 0 0 43040 -433
  12454   0 0 0 12062 -392
  102703   0 0 0 -103201 -497
  45307   0 0 0 44781 -526
  50346   0 0 0 -50842 -495
  71607   0 0 0 71099 -508
  29466   0 0 0 -29916 -449
  8331   0 0 0 7866 -465
  81387   0 0 0 80915 -472
  26101   0 0 0 -26655 -553
  42591   0 0 0 -43114 -522
  11226   0 0 0 10684 -542
  33862   0 0 0 -34304 -441
  43678   0 0 0 43199 -479
  6997   0 0 0 -7457 -459
  116407   0 0 0 -116958 -550
  47914   0 0 0 -48346 -431
  23235   0 0 0 -23699 -463
  21614   0 0 0 21160 -454
  52090   0 0 0 -52542 -451
  52304   0 0 0 51870 -434
  99076   0 0 0 98610 -466
  46458   0 0 0 45923 -535
  24859   0 0 0 24454 -405
  88319   0 0 0 87854 -465
  79086   0 0 0 78591 -495
  68316   0 0 0 -68775 -458
  104344   0 0 0 103814 -530
  68891   0 0 0 -69419 -527
  43789   0 0 0 43253 -536
  3761   0 0 0 3278 -483
  85573   0 0 0 -86042 -468
  8443   0 0 0 7960 -483
  112070   0 0 0 -112619 -548
  17405   0 0 0 -17885 -479
  7812   0 0 0 7353 -459
  44352   0 0 0 43894 -458
  34026   0 0 0 -34505 -478
  105915   0 0 0 -106456 -540
  4818   0 0 0 -5341 -522
  91511   0 0 0 90956 -555
  612   0 0 0 -1135 -522
  25176   0 0 0 24688 -488
  20201   0 0 0 19720 -481
  9303   0 0 0 8795 -508
  103618   0 0 0 103100 -518
  53410   0 0 0 -53958 -547
  15520   0 0 0 14988 -532
  30292   0 0 0 -30690 -397
  102604   0 0 0 102102 -502
  80235   0 0 0 -80776 -540
  27217   0 0 0 26768 -449
  87089   0 0 0 86574 -515
  21254   0 0 0 -21672 -417
  4099   0 0 0 3630 -469
  100384   0 0 0 -100939 -554
  3336   0 0 0 -3834 -497
  93862   0 0 0 -94350 -487
  59091   0 0 0 -59528 -436
  26682   0 0 0 -27147 -464
  17154   0 0 0 16694 -460
  18013   0 0 0 17555 -458
  5718   0 0 0 -6132 -413
  38592   0 0 0 38062 -530
  25119   0 0 0 -25651 -531
  40115   0 0 0 -40565 -449
  8691   0 0 0 8222 -469
  25219   0 0 0 24743 -476
  30605   0 0 0 -31000 -394
  37585   0 0 0 37192 -393
  64279   0 0 0 63834 -445
  22159   0 0 0 21740 -419
  22189   0 0 0 -22619 -429
  839   0 0 0 -1376 -536
  34973   0 0 0 34504 -469
  8065   0 0 0 7526 -539
  12423   0 0 0 16584 4160
  54062   0 0 0 53637 -425
  46749   0 0 0 -47210 -460
  75923   0 0 0 -76450 -526
  74094   0 0 0 73543 -551
  33814   0 0 0 33272 -542
  24626   0 0 0 -25093 -466
  101480   0 0 0 -102004 -523
  79121   0 0 0 78697 -424
  1416   0 0 0 992 -424
  7119   0 0 0 -7592 -472
  36817   0 0 0 36265 -552
  91552   0 0 0 -91942 -389
  31567   0 0 0 31186 -381
  17948   0 0 0 -18422 -473
  53894   0 0 0 -54440 -545
  109844   0 0 0 109312 -532
  3846   0 0 0 3429 -417
  83601   0 0 0 83198 -403
  65022   0 0 0 64624 -398
  79125   0 0 0 -79570 -444
  106736   0 0 0 106259 -477
  100492   0 0 0 100052 -440
  52545   0 0 0 -52975 -429
  65870   0 0 0 65444 -426
  46821   0 0 0 -47308 -486
  16158   0 0 0 15674 -484
  39514   0 0 0 39035 -479
  57284   0 0 0 56870 -414
  34192   0 0 0 -34587 -394
  69586   0 0 0 -69991 -404
  36564   0 0 0 36031 -533
  50381   0 0 0 49896 -485
  53027   0 0 0 52626 -401
  44803   0 0 0 44298 -505
  27935   0 0 0 27402 -533
  24859   0 0 0 24468 -391
  113865   0 0 0 113332 -533
  91698   0 0 0 91146 -552
  38644   0 0 0 38114 -530
  75205   0 0 0 -75723 -517
  27284   0 0 0 26846 -438
  67910   0 0 0 67440 -470
  39150   0 0 0 38720 -430
  112267   0 0 0 -112768 -500
  107771   0 0 0 -108296 -524
  106933   0 0 0 -107486 -552
  41067   0 0 0 40572 -495
  35626   0 0 0 35092 -534
  3084   0 0 0 -3510 -425
  29135   0 0 0 28725 -410
  69258   0 0 0 -69799 -540
  33743   0 0 0 33292 -451
  84416   0 0 0 -84842 -425
  9964   0 0 0 -10421 -456
  78120   0 0 0 77654 -466
  38791   0 0 0 -39222 -430
  30305   0 0 0 -29968 337
  15835   0 0 0 -16331 -495
  24523   0 0 0 -25077 -553
  60314   0 0 0 -60842 -527
  55469   0 0 0 -55899 -429
  64083   0 0 0 -64526 -442
  52998   0 0 0 52474 -524
  31833   0 0 0 31299 -534
  74712   0 0 0 74234 -478
  52063   0 0 0 51628 -435
  106361   0 0 0 105873 -488
  67040   0 0 0 66540 -500
  34245   0 0 0 36492 2246
  80789   0 0 0 -81296 -506
  58221   0 0 0 -58748 -526
  90214   0 0 0 89718 -496
  79282   0 0 0 -79728 -445
  85463   0 0 0 -86000 -536
  34962   0 0 0 34469 -493
  71204   0 0 0 -71710 -505
  13884   0 0 0 -14328 -443
  56570   0 0 0 -57010 -439
  62722   0 0 0 62264 -458
  24304   0 0 0 -24778 -473
  80069   0 0 0 -80535 -465
  95478   0 0 0 -96016 -537
  58485   0 0 0 -58961 -475
  83626   0 0 0 -84069 -442
  91725   0 0 0 -92137 -411
  65349   0 0 0 -65753 -403
  71323   0 0 0 70922 -401
  63838   0 0 0 -61370 2468
  66212   0 0 0 -66718 -505
  27114   0 0 0 26567 -547
  36832   0 0 0 -37245 -412
  3461   0 0 0 -3978 -516
  20815   0 0 0 20356 -459
  8741   0 0 0 8347 -394
  109029   0 0 0 -109548 -518
  20939   0 0 0 20434 -505
  2362   0 0 0 -2837 -474
  64135   0 0 0 -64626 -490
  104846   0 0 0 104388 -458
  13221   0 0 0 -13698 -476
  33681   0 0 0 -34217 -535
  37678   0 0 0 37183 -495
  61294   0 0 0 -61708 -413
  26496   0 0 0 26094 -402
  12307   0 0 0 11794 -513
  60624   0 0 0 60116 -508
  78781   0 0 0 78352 -429
  52435   0 0 0 51980 -455
  21192   0 0 0 20734 -458
  125458   0 0 0 -126008 -549
  51969   0 0 0 51478 -491
  12327   0 0 0 15494 3166
  53529   0 0 0 53134 -395
  74745   0 0 0 -75228 -482
  15499   0 0 0 15070 -429
  83323   0 0 0 -83577 -253
  32048   0 0 0 -32556 -507
  29463   0 0 0 -29948 -484
  81671   0 0 0 -82137 -465
  39917   0 0 0 39509 -408
  69926   0 0 0 -70409 -482
  17787   0 0 0 -18304 -516
  5727   0 0 0 5332 -395
  69728   0 0 0 -70270 -541
  7254   0 0 0 6724 -530
  99521   0 0 0 -99972 -450
  3284   0 0 0 -3735 -450
  30484   0 0 0 30056 -428
  26960   0 0 0 26432 -528
  3191   0 0 0 2800 -391
  10713   0 0 0 -11176 -462
  26224   0 0 0 25738 -486
  57462   0 0 0 56926 -536
  21380   0 0 0 20850 -530
  111037   0 0 0 -111583 -545
  21586   0 0 0 -22076 -489
  37442   0 0 0 36967 -475
  41862   0 0 0 41466 -396
  49295   0 0 0 49818 522
  57188   0 0 0 -57596 -407
  28400   0 0 0 27988 -412
  120410   0 0 0 -120949 -538
  25208   0 0 0 -25686 -477
  24376   0 0 0 -24892 -515
  37070   0 0 0 36692 -378
  15086   0 0 0 -15517 -430
  37129   0 0 0 36686 -443
  5712   0 0 0 -6232 -519
  120250   0 0 0 -120788 -537
  43969   0 0 0 43504 -465
  91736   0 0 0 91284 -452
  29427   0 0 0 -29904 -476
  74273   0 0 0 -74711 -437
  82905   0 0 0 -83410 -504
  66709   0 0 0 -67251 -541
  80243   0 0 0 79808 -435
  111629   0 0 0 -112146 -516
  59531   0 0 0 -59965 -433
  94515   0 0 0 94050 -465
  76525   0 0 0 76063 -462
  34797   0 0 0 34336 -461
  16474   0 0 0 16060 -414
  16854   0 0 0 -17384 -529
  103564   0 0 0 103026 -538
  11294   0 0 0 -11782 -487
  59261   0 0 0 58779 -482
  102000   0 0 0 -102460 -459
  67173   0 0 0 66724 -449
  66062   0 0 0 65593 -469
  47043   0 0 0 46584 -459
  32266   0 0 0 -32662 -395
  24314   0 0 0 -24859 -544
  31915   0 0 0 -32449 -533
  5592   0 0 0 5077 -515
  52954   0 0 0 -53410 -455
  69561   0 0 0 69102 -459
  16456   0 0 0 15994 -462
  114726   0 0 0 114233 -493
  21631   0 0 0 21169 -462
  52149   0 0 0 -52596 -446
  74736   0 0 0 -75269 -532
  24280   0 0 0 -24701 -420
  78192   0 0 0 -78657 -464
  29604   0 0 0 29063 -541
  62410   0 0 0 61988 -422
  10073   0 0 0 -10592 -518
  46696   0 0 0 46292 -404
  23856   0 0 0 -24290 -433
  73253   0 0 0 -73736 -482
  4761   0 0 0 4230 -531
  88606   0 0 0 88141 -465
  70848   0 0 0 -71368 -519
  17030   0 0 0 -17448 -417
  22955   0 0 0 22542 -413
  63640   0 0 0 63125 -515
  28645   0 0 0 -27534 1111
  30251   0 0 0 29857 -394
  71999   0 0 0 71504 -495
  71850   0 0 0 -72263 -412
  95289   0 0 0 -95805 -515
  55041   0 0 0 -55556 -514
  5490   0 0 0 5054 -436
  88755   0 0 0 -89184 -428
  44611   0 0 0 -45144 -532
  40302   0 0 0 39774 -528
  86253   0 0 0 -86800 -546
  15567   0 0 0 15036 -531
  120230   0 0 0 119690 -540
  26297   0 0 0 25882 -415
  84900   0 0 0 -85312 -411
  44392   0 0 0 -44919 -526
  50109   0 0 0 -50555 -445
  71963   0 0 0 -72412 -448
  4042   0 0 0 -4482 -439
  19269   0 0 0 -19758 -488
  22958   0 0 0 -23508 -549
  43443   0 0 0 42970 -473
  65116   0 0 0 64643 -473
  8952   0 0 0 -9500 -547
  13205   0 0 0 -13757 -551
  5124   0 0 0 -5646 -521
  9228   0 0 0 8693 -535
  39405   0 0 0 38854 -551
  40047   0 0 0 -40514 -466
  73718   0 0 0 -74150 -431
  47913   0 0 0 47376 -537
  27475   0 0 0 27018 -457
  41622   0 0 0 -42116 -493
  33934   0 0 0 33797 -137
  114876   0 0 0 114324 -552
  36602   0 0 0 36113 -489
  56659   0 0 0 56182 -477
  8870   0 0 0 8400 -470
  53917   0 0 0 53451 -466
  4301   0 0 0 -4092 209
  57789   0 0 0 -58286 -496
  9684   0 0 0 -10091 -406
  1372   0 0 0 904 -468
  32428   0 0 0 32028 -400
  76693   0 0 0 76166 -527
  45236   0 0 0 -45724 -487
  62376   0 0 0 -62850 -473
  66214   0 0 0 -66662 -447
  27451   0 0 0 -27994 -542
  84499   0 0 0 -84991 -491
  37113   0 0 0 -37538 -424
  58275   0 0 0 57845 -430
  8303   0 0 0 -8818 -514
  7046   0 0 0 -7565 -518
  78088   0 0 0 77593 -495
  53789   0 0 0 -54278 -488
  59641   0 0 0 59206 -435
  65256   0 0 0 64710 -546
  30800   0 0 0 30286 -514
  71303   0 0 0 -71785 -481
  30020   0 0 0 29590 -430
  39994   0 0 0 39568 -426
  3353   0 0 0 -3841 -487
  5012   0 0 0 4514 -498
  49889   0 0 0 49351 -538
  27704   0 0 0 27178 -526
  40899   0 0 0 40486 -413
  30478   0 0 0 -30932 -453
  46777   0 0 0 46242 -535
  250   0 0 0 -791 -540
  112901   0 0 0 112386 -515
  32779   0 0 0 32243 -536
  63309   0 0 0 -63723 -413
  73699   0 0 0 73170 -529
  8764   0 0 0 -9319 -554
  62784   0 0 0 -63206 -421
  94921   0 0 0 -95467 -545
  88736   0 0 0 -89205 -468
  23892   0 0 0 23422 -470
  43161   0 0 0 -43584 -422
  48049   0 0 0 47537 -512
  37490   0 0 0 -38004 -513
  17513   0 0 0 -17922 -408
  8198   0 0 0 7712 -486
  1235   0 0 0 762 -473
  19116   0 0 0 18613 -503
  20871   0 0 0 -21344 -472
  60528   0 0 0 60116 -412
  29278   0 0 0 28734 -544
  74457   0 0 0 73960 -497
  79276   0 0 0 -79796 -519
  24442   0 0 0 -24964 -521
  34285   0 0 0 33774 -511
  96803   0 0 0 96258 -545
  54866   0 0 0 54414 -452
  12617   0 0 0 12069 -548
  46461   0 0 0 -46888 -426
  80923   0 0 0 -81442 -518
  11136   0 0 0 10589 -547
  35380   0 0 0 -35841 -460
  79189   0 0 0 -79719 -529
  16357   0 0 0 15892 -465
  48538   0 0 0 48046 -492
  117731   0 0 0 -118236 -504
  96371   0 0 0 95949 -422
  82589   0 0 0 82158 -431
  52671   0 0 0 52178 -493
  13938   0 0 0 13552 -386
  81585   0 0 0 81047 -538
  51553   0 0 0 -52018 -464
  56318   0 0 0 -56842 -523
  18830   0 0 0 18325 -505
  50700   0 0 0 50280 -420
  51509   0 0 0 -51942 -432
  77356   0 0 0 76934 -422
  39530   0 0 0 -40051 -520
  85255   0 0 0 84839 -416
  19883   0 0 0 -20301 -417
  30583   0 0 0 30154 -429
  12210   0 0 0 -12624 -413
  88593   0 0 0 88092 -501
  8097   0 0 0 7638 -459
  73170   0 0 0 72643 -527
  4554   0 0 0 -5085 -530
  13770   0 0 0 13241 -529
  14577   0 0 0 14071 -506
  40164   0 0 0 -40699 -534
  37888   0 0 0 -38411 -522
  29070   0 0 0 -29504 -433
  64759   0 0 0 -65300 -540
  19937   0 0 0 -20382 -444
  57362   0 0 0 56818 -544
  40221   0 0 0 39714 -507
  49970   0 0 0 -50410 -439
  87757   0 0 0 -88265 -507
  74207   0 0 0 73698 -509
  13047   0 0 0 -13494 -446
  23092   0 0 0 22702 -390
  20305   0 0 0 -20780 -474
  6458   0 0 0 -6870 -411
  9281   0 0 0 8807 -474
  10409   0 0 0 -10866 -456
  60771   0 0 0 60246 -525
  50811   0 0 0 -51266 -454
  10494   0 0 0 10093 -401
  54800   0 0 0 54279 -521
  87703   0 0 0 87172 -531
  21136   0 0 0 20704 -432
  104283   0 0 0 103743 -540
  72629   0 0 0 -73185 -555
  23186   0 0 0 -23704 -517
  2663   0 0 0 -3156 -492
  39638   0 0 0 -40151 -512
  67748   0 0 0 67246 -502
  6375   0 0 0 5942 -433
  98449   0 0 0 97970 -479
  32377   0 0 0 31923 -454
  10410   0 0 0 9906 -504
  103436   0 0 0 -103964 -527
  78820   0 0 0 -79286 -465
  33731   0 0 0 33338 -393
  31013   0 0 0 30509 -504
  65196   0 0 0 -65723 -526
  29229   0 0 0 28686 -543
  14505   0 0 0 14116 -389
  26710   0 0 0 -27212 -501
  99599   0 0 0 -100115 -515
  75329   0 0 0 -75822 -492
  100015   0 0 0 -100476 -460
  26536   0 0 0 -27020 -483
  11029   0 0 0 10500 -529
  54216   0 0 0 53811 -405
  64670   0 0 0 64230 -440
  32220   0 0 0 -32697 -476
  60222   0 0 0 -60660 -437
  38074   0 0 0 37559 -515
  69640   0 0 0 69245 -395
  56994   0 0 0 56564 -430
  10181   0 0 0 -10620 -438
  20468   0 0 0 -20471 -2
  6667   0 0 0 -7168 -500
  95776   0 0 0 95272 -504
  17408   0 0 0 16854 -554
  18270   0 0 0 17790 -480
  72111   0 0 0 71697 -414
  11914   0 0 0 -12320 -405
  47595   0 0 0 -48075 -479
  37303   0 0 0 36832 -471
  29143   0 0 0 28610 -533
  64918   0 0 0 64495 -423
  117384   0 0 0 116858 -526
  48054   0 0 0 -48468 -413
  13299   0 0 0 12898 -401
  88893   0 0 0 88400 -493
  64924   0 0 0 64461 -463
  99891   0 0 0 99397 -494
  14790   0 0 0 14376 -414
  73826   0 0 0 -74364 -537
  56707   0 0 0 -57184 -476
  372   0 0 0 -46 -418
  30014   0 0 0 -30481 -466
  11814   0 0 0 11401 -413
  3653   0 0 0 -4150 -496
  4741   0 0 0 -5178 -436
  44261   0 0 0 -44790 -528
  23714   0 0 0 -24117 -402
  5289   0 0 0 -5698 -408
  90105   0 0 0 89651 -454
  70370   0 0 0 -70806 -435
  39636   0 0 0 -40040 -403
  3877   0 0 0 -4300 -422
  40780   0 0 0 40366 -414
  37655   0 0 0 37206 -449
  20818   0 0 0 20302 -516
  49138   0 0 0 48707 -431
  88480   0 0 0 88065 -415
  3291   0 0 0 -3750 -458
  32149   0 0 0 -32624 -474
  42719   0 0 0 -43119 -399
  56882   0 0 0 -57281 -398
  48409   0 0 0 -48872 -462
  3738   0 0 0 -4130 -391
  74258   0 0 0 73778 -480
  14741   0 0 0 14316 -425
  28640   0 0 0 -29087 -446
  9448   0 0 0 9056 -392
  12409   0 0 0 11973 -436
  19830   0 0 0 -20378 -547
  68926   0 0 0 -69417 -490
  52427   0 0 0 -52921 -493
  48543   0 0 0 48007 -536
  29628   0 0 0 29220 -408
  35965   0 0 0 35577 -388
  54479   0 0 0 -55006 -526
  40862   0 0 0 -41280 -417
  36949   0 0 0 36482 -467
  51479   0 0 0 -52022 -542
  45362   0 0 0 44892 -470
  15679   0 0 0 -16166 -486
  55359   0 0 0 54944 -415
  6631   0 0 0 -7092 -460
  84617   0 0 0 84173 -444
  24342   0 0 0 23886 -456
  83024   0 0 0 82490 -534
  10936   0 0 0 -11366 -429
  16419   0 0 0 15866 -553
  22398   0 0 0 21882 -516
  9091   0 0 0 -9534 -442
  112829   0 0 0 -113370 -540
  30452   0 0 0 29920 -532
  55027   0 0 0 54562 -465
  51002   0 0 0 -51471 -468
  9064   0 0 0 -9460 -395
  103196   0 0 0 102724 -472
  14966   0 0 0 14442 -524
  32988   0 0 0 32541 -447
  110189   0 0 0 -110730 -540
  22294   0 0 0 21859 -435
  89976   0 0 0 89474 -502
  13779   0 0 0 -14325 -545
  65047   0 0 0 64560 -487
  31624   0 0 0 31237 -387
  46345   0 0 0 -46784 -438
  73273   0 0 0 72798 -475
  83182   0 0 0 -83737 -554
  4269   0 0 0 3865 -404
  41392   0 0 0 -41869 -476
  109683   0 0 0 -110162 -478
  10291   0 0 0 9891 -400
  97568   0 0 0 97018 -550
  63582   0 0 0 63137 -445
  47832   0 0 0 47356 -476
  2808   0 0 0 -3194 -385
  12694   0 0 0 12242 -452
  69938   0 0 0 -70441 -502
  36782   0 0 0 36354 -428
  95194   0 0 0 94714 -480
  12010   0 0 0 -10533 1477
  30101   0 0 0 29572 -529
  36205   0 0 0 35661 -544
  5897   0 0 0 -6410 -512
  76878   0 0 0 -77328 -449
  74307   0 0 0 73777 -530
  17537   0 0 0 17008 -529
  70369   0 0 0 69841 -528
  68209   0 0 0 -68726 -516
  62289   0 0 0 61884 -405
  63521   0 0 0 -64020 -498
  78732   0 0 0 -79152 -419
  49846   0 0 0 49364 -482
  42513   0 0 0 41999 -514
  16170   0 0 0 15739 -431
  71265   0 0 0 70746 -519
  111347   0 0 0 -111866 -518
  22751   0 0 0 22302 -449
  26686   0 0 0 -27196 -509
  83159   0 0 0 82681 -478
  61183   0 0 0 60772 -411
  74180   0 0 0 -74670 -489
  91223   0 0 0 90671 -552
  6336   0 0 0 5840 -496
  27400   0 0 0 -27882 -481
  56386   0 0 0 55920 -466
  34244   0 0 0 -34746 -501
  80192   0 0 0 -80602 -409
  296   0 0 0 -244 -540
  43577   0 0 0 -43989 -411
  69147   0 0 0 -69701 -553
  49029   0 0 0 48584 -445
  15448   0 0 0 14938 -510
  25754   0 0 0 25342 -412
  26872   0 0 0 -27326 -453
  5197   0 0 0 -5716 -518
  35456   0 0 0 -35857 -400
  36123   0 0 0 -36568 -444
  33560   0 0 0 -33987 -426
  73491   0 0 0 -73935 -443
  88801   0 0 0 -89189 -387
  4681   0 0 0 -5141 -459
  20066   0 0 0 19581 -485
  80587   0 0 0 -81078 -490
  23035   0 0 0 22604 -431
  57189   0 0 0 -46365 10824
  110700   0 0 0 110202 -498
  88406   0 0 0 -88867 -460
  44264   0 0 0 -44787 -522
  91728   0 0 0 -92202 -473
  59037   0 0 0 58594 -443
  78694   0 0 0 78256 -438
  42128   0 0 0 41703 -425
  49626   0 0 0 49141 -485
  61428   0 0 0 60943 -485
  88921   0 0 0 88387 -534
  46389   0 0 0 45858 -531
  79562   0 0 0 -80102 -539
  15606   0 0 0 -16106 -499
  29875   0 0 0 29424 -451
  23334   0 0 0 22952 -382
  81476   0 0 0 -81892 -415
  74928   0 0 0 -75326 -397
  37678   0 0 0 -38070 -391
  37373   0 0 0 -37820 -446
  2700   0 0 0 2183 -517
  78732   0 0 0 -79146 -413
  71166   0 0 0 70740 -426
  57334   0 0 0 56900 -434
  55983   0 0 0 -56408 -424
  67604   0 0 0 67215 -389
  1951   0 0 0 -2460 -508
  89186   0 0 0 88764 -422
  120375   0 0 0 119842 -533
  38803   0 0 0 -39285 -481
  11589   0 0 0 16919 5329
  14142   0 0 0 -14612 -469
  20039   0 0 0 -20480 -440
  32421   0 0 0 -32856 -434
  18044   0 0 0 -18554 -509
  54129   0 0 0 -54642 -512
  111709   0 0 0 -112233 -523
  75193   0 0 0 74675 -518
  85892   0 0 0 85420 -472
  89430   0 0 0 88928 -502
  48148   0 0 0 -48673 -524
  18607   0 0 0 -19120 -512
  55824   0 0 0 55324 -500
  22352   0 0 0 21942 -410
  35325   0 0 0 34827 -498
  70618   0 0 0 -71157 -538
  12333   0 0 0 -12843 -509
  12140   0 0 0 11623 -517
  117225   0 0 0 -117729 -503
  4837   0 0 0 -5231 -393
  55859   0 0 0 55454 -405
  38265   0 0 0 -38734 -468
  71781   0 0 0 -72186 -404
  25259   0 0 0 -25800 -540
  6172   0 0 0 5700 -472
  85822   0 0 0 -86364 -541
  7199   0 0 0 -7680 -480
  57784   0 0 0 57362 -422
  53050   0 0 0 52558 -492
  56201   0 0 0 55715 -486
  44290   0 0 0 43862 -428
  36976   0 0 0 36570 -406
  25814   0 0 0 25297 -517
  36751   0 0 0 -37277 -525
  82337   0 0 0 -82868 -530
  2535   0 0 0 2016 -519
  6043   0 0 0 5625 -418
  38320   0 0 0 -38817 -496
  9526   0 0 0 9095 -431
  2742   0 0 0 -3192 -449
  95821   0 0 0 95287 -534
  4647   0 0 0 4237 -410
  22553   0 0 0 -21247 1306
  18017   0 0 0 17600 -417
  32844   0 0 0 32381 -463
  60370   0 0 0 -60845 -474
  79129   0 0 0 78594 -535
  33406   0 0 0 -33874 -467
  41348   0 0 0 -41811 -462
  72000   0 0 0 71604 -396
  3479   0 0 0 2942 -537
  72762   0 0 0 72344 -418
  65216   0 0 0 -65744 -527
  61285   0 0 0 -61734 -448
  88855   0 0 0 -89405 -549
  29552   0 0 0 29013 -539
  48771   0 0 0 -49242 -470
  99356   0 0 0 98842 -514
  29947   0 0 0 -30410 -462
  87320   0 0 0 -87720 -399
  37919   0 0 0 37366 -553
  39849   0 0 0 39339 -510
  42234   0 0 0 41838 -396
  73973   0 0 0 -74381 -407
  95623   0 0 0 95143 -480
  14279   0 0 0 13876 -403
  18565   0 0 0 -18976 -410
  11577   0 0 0 -12044 -466
  98500   0 0 0 97968 -532
  72361   0 0 0 -72797 -435
  62157   0 0 0 61689 -468
  67473   0 0 0 66946 -527
  85889   0 0 0 -86416 -526
  87523   0 0 0 -87950 -426
  95647   0 0 0 95112 -535
  31484   0 0 0 -32004 -519
  77580   0 0 0 -78089 -508
  36678   0 0 0 -37200 -521
  97779   0 0 0 -98324 -544
  54119   0 0 0 53575 -544
  79163   0 0 0 78625 -538
  48686   0 0 0 48192 -494
  46511   0 0 0 -46948 -436
  57768   0 0 0 -58152 -383
  52159   0 0 0 -52572 -412
  65937   0 0 0 65466 -471
  32157   0 0 0 31606 -551
  18915   0 0 0 -19427 -511
  22584   0 0 0 -23010 -425
  43946   0 0 0 43469 -477
  102277   0 0 0 -102728 -450
  93691   0 0 0 -94166 -474
  53355   0 0 0 52805 -550
  20511   0 0 0 20051 -460
  59681   0 0 0 -60083 -401
  37190   0 0 0 36792 -398
  74055   0 0 0 -74552 -496
  46129   0 0 0 45677 -452
  35120   0 0 0 -35616 -495
  37247   0 0 0 36817 -430
  14176   0 0 0 -14603 -426
  72796   0 0 0 72394 -402
  25926   0 0 0 25505 -421
  37247   0 0 0 -37802 -554
  65627   0 0 0 -66125 -497
  74472   0 0 0 -74954 -481
  61730   0 0 0 61320 -410
  10203   0 0 0 9760 -443
  42888   0 0 0 42451 -437
  89691   0 0 0 89138 -553
  85995   0 0 0 -86425 -429
  28692   0 0 0 28164 -528
  86687   0 0 0 -87233 -545
  49227   0 0 0 48693 -534
  31158   0 0 0 -31674 -515
  20745   0 0 0 20342 -403
  67694   0 0 0 -68176 -481
  103298   0 0 0 102839 -459
  10958   0 0 0 10414 -544
  62548   0 0 0 62097 -451
  4157   0 0 0 -4602 -444
  82604   0 0 0 -83095 -490
  99350   0 0 0 -99868 -517
  92038   0 0 0 91576 -462
  46599   0 0 0 46162 -437
  53223   0 0 0 -53631 -407
  33745   0 0 0 33212 -533
  82553   0 0 0 82114 -439
  94745   0 0 0 -95301 -555
  41070   0 0 0 40519 -551
  2540   0 0 0 -3006 -465
  5531   0 0 0 5112 -419
  22560   0 0 0 -22986 -425
  52455   0 0 0 52032 -423
  66394   0 0 0 -66927 -532
  12770   0 0 0 12320 -450
  47531   0 0 0 47079 -452
  63402   0 0 0 62848 -554
  60647   0 0 0 60250 -397
  18496   0 0 0 -18913 -416
  46859   0 0 0 -47272 -412
  26348   0 0 0 -26745 -396
  28406   0 0 0 27958 -448
  97707   0 0 0 97188 -519
  23502   0 0 0 22968 -534
  44590   0 0 0 -45017 -426
  38045   0 0 0 37588 -457
  20771   0 0 0 -21325 -553
  46026   0 0 0 45555 -471
  72783   0 0 0 -73316 -532
  72053   0 0 0 -72495 -441
  60315   0 0 0 -59596 719
  83272   0 0 0 -83740 -467
  38522   0 0 0 -38946 -423
  13473   0 0 0 -13892 -418
  56927   0 0 0 -57394 -466
  53517   0 0 0 53117 -400
  85348   0 0 0 84915 -433
  70150   0 0 0 69649 -501
  104449   0 0 0 103953 -496
  28178   0 0 0 27681 -497
  35039   0 0 0 34494 -545
  55315   0 0 0 -55864 -548
  68096   0 0 0 67683 -413
  76931   0 0 0 -77450 -518
  72759   0 0 0 -73233 -473
  38251   0 0 0 37780 -471
  27864   0 0 0 27312 -552
  76588   0 0 0 -77111 -522
  98598   0 0 0 -99017 -418
  8408   0 0 0 -8824 -415
  15071   0 0 0 -15499 -427
  82832   0 0 0 82352 -480
  37419   0 0 0 36920 -499
  41757   0 0 0 -42224 -466
  8417   0 0 0 7920 -497
  89651   0 0 0 89130 -521
  54836   0 0 0 54442 -394
  23496   0 0 0 23072 -424
  10340   0 0 0 -10875 -534
  8315   0 0 0 7884 -431
  70710   0 0 0 -71254 -543
  39974   0 0 0 -40414 -439
  2505   0 0 0 2072 -433
  86366   0 0 0 85859 -507
  36921   0 0 0 36472 -449
  85961   0 0 0 86472 510
  39394   0 0 0 -39842 -447
  45129   0 0 0 44661 -468
  2029   0 0 0 1506 -523
  51496   0 0 0 -51910 -413
  111648   0 0 0 111096 -552
  50818   0 0 0 50281 -537
  31599   0 0 0 -32122 -522
  56340   0 0 0 -56746 -405
  10393   0 0 0 9948 -445
  19   0 0 0 -449 -468
  68085   0 0 0 -68521 -435
  5226   0 0 0 4824 -402
  104483   0 0 0 104009 -474
  44412   0 0 0 -44952 -539
  52330   0 0 0 -52865 -534
  30653   0 0 0 30194 -459
  78197   0 0 0 -78736 -538
  49900   0 0 0 49358 -542
  31215   0 0 0 30672 -543
  37969   0 0 0 -38432 -462
  36539   0 0 0 -37013 -473
  36506   0 0 0 36076 -430
  33457   0 0 0 -33925 -467
  63481   0 0 0 -64003 -521
  10336   0 0 0 -10740 -403
  55911   0 0 0 55518 -393
  95018   0 0 0 94586 -432
  96287   0 0 0 95791 -496
  19500   0 0 0 19096 -404
  82827   0 0 0 82326 -501
  6389   0 0 0 5885 -504
  3930   0 0 0 -4419 -488
  75434   0 0 0 -75944 -509
  81213   0 0 0 -81624 -410
  103781   0 0 0 103236 -545
  75210   0 0 0 -75691 -480
  46886   0 0 0 -47314 -427
  15811   0 0 0 -16349 -537
  89886   0 0 0 89368 -518
  68544   0 0 0 68124 -420
  118517   0 0 0 117967 -550
  12725   0 0 0 -13180 -454
  21724   0 0 0 21244 -480
  37214   0 0 0 -37658 -443
  83835   0 0 0 83435 -400
  70174   0 0 0 69714 -460
  19322   0 0 0 18850 -472
  11200   0 0 0 -11722 -521
  103719   0 0 0 103229 -490
  58756   0 0 0 -59138 -381
  48258   0 0 0 47720 -538
  18066   0 0 0 -18475 -408
  28090   0 0 0 27574 -516
  46041   0 0 0 -46575 -533
  59775   0 0 0 -60252 -476
  71427   0 0 0 71007 -420
  90437   0 0 0 90030 -407
  26719   0 0 0 -27204 -484
  15520   0 0 0 15126 -394
  46482   0 0 0 46074 -408
  79739   0 0 0 79333 -406
  85119   0 0 0 84652 -467
  69598   0 0 0 -70099 -500
  40629   0 0 0 -41087 -457
  50062   0 0 0 -50504 -441
  89546   0 0 0 89014 -532
  21492   0 0 0 -22040 -547
  58911   0 0 0 -59383 -471
  63919   0 0 0 -64424 -504
  6870   0 0 0 6443 -427
  71797   0 0 0 71474 -323
  35978   0 0 0 -36381 -402
  38913   0 0 0 -37785 1128
  18024   0 0 0 17488 -536
  5205   0 0 0 -5622 -416
  102862   0 0 0 -103364 -501
  49210   0 0 0 48758 -452
  41985   0 0 0 -42392 -406
  59100   0 0 0 58679 -421
  7234   0 0 0 6770 -464
  71066   0 0 0 -71462 -395
  19144   0 0 0 -19642 -497
  18661   0 0 0 -19144 -482
  56968   0 0 0 -57468 -499
  46282   0 0 0 -46724 -441
  66498   0 0 0 -67037 -538
  41789   0 0 0 41384 -405
  82324   0 0 0 81905 -419
  43345   0 0 0 42946 -399
  30173   0 0 0 -30675 -501
  6869   0 0 0 -7304 -434
  59539   0 0 0 -60021 -481
  41954   0 0 0 -42378 -423
  94944   0 0 0 94426 -518
  45384   0 0 0 44970 -414
  44976   0 0 0 -45417 -440
  53439   0 0 0 -53856 -416
  24426   0 0 0 23892 -534
  55254   0 0 0 54848 -406
  27579   0 0 0 -27977 -397
  84079   0 0 0 -84520 -440
  107671   0 0 0 -108178 -506
  43758   0 0 0 -44284 -525
  22315   0 0 0 21868 -447
  65271   0 0 0 -65706 -434
  36862   0 0 0 36356 -506
  57445   0 0 0 57049 -396
  77631   0 0 0 77213 -418
  18884   0 0 0 18379 -505
  2587   0 0 0 2144 -443
  92243   0 0 0 91731 -512
  29427   0 0 0 -29844 -416
  49853   0 0 0 -50274 -420
  50873   0 0 0 50453 -420
  4722   0 0 0 4268 -454
  78836   0 0 0 -79264 -427
  28265   0 0 0 27816 -449
  68993   0 0 0 -69382 -388
  13197   0 0 0 -13633 -435
  77500   0 0 0 77103 -397
  114262   0 0 0 -114786 -523
  55385   0 0 0 54982 -403
  33496   0 0 0 -33932 -435
  39990   0 0 0 39506 -484
  18425   0 0 0 -18930 -504
  76916   0 0 0 76462 -454
  2829   0 0 0 -3340 -510
  21387   0 0 0 20933 -454
  36150   0 0 0 35746 -404
  78469   0 0 0 77966 -503
  69381   0 0 0 68847 -534
  65523   0 0 0 -65942 -418
  49630   0 0 0 -50140 -509
  91418   0 0 0 -91873 -454
  11056   0 0 0 10614 -442
  71690   0 0 0 71228 -462
  61841   0 0 0 61385 -456
  33184   0 0 0 -33594 -409
  56998   0 0 0 56522 -476
  3349   0 0 0 2844 -505
  75263   0 0 0 74715 -548
  14077   0 0 0 -14600 -522
  54065   0 0 0 53655 -410
  42722   0 0 0 42326 -396
  43109   0 0 0 -43588 -478
  85368   0 0 0 -85869 -500
  58443   0 0 0 -58878 -434
  20961   0 0 0 20568 -393
  55493   0 0 0 -55989 -495
  36073   0 0 0 35662 -411
  49605   0 0 0 -48206 1399
  62910   0 0 0 -63351 -440
  49700   0 0 0 50895 1194
  74894   0 0 0 -75375 -480
  60268   0 0 0 59766 -502
  39313   0 0 0 38912 -401
  91092   0 0 0 -91600 -507
  82638   0 0 0 -83050 -411
  79556   0 0 0 79039 -517
  53268   0 0 0 52800 -468
  40726   0 0 0 -41199 -472
  68545   0 0 0 -69026 -480
  72388   0 0 0 71924 -464
  80025   0 0 0 79566 -459
  15335   0 0 0 14884 -451
  38254   0 0 0 -38788 -533
  114670   0 0 0 -115197 -526
  59122   0 0 0 58598 -524
  19562   0 0 0 -19962 -399
  16525   0 0 0 16060 -465
  25770   0 0 0 -26254 -483
  43884   0 0 0 43454 -430
  10235   0 0 0 -10690 -454
  86982   0 0 0 -87534 -551
  96247   0 0 0 95697 -550
  9677   0 0 0 9194 -483
  16703   0 0 0 -17204 -500
  9183   0 0 0 8702 -481
  19239   0 0 0 -19762 -522
  53895   0 0 0 -54432 -536
  73037   0 0 0 72585 -452
  104257   0 0 0 103777 -480
  31293   0 0 0 -31819 -525
  45246   0 0 0 44706 -540
  19299   0 0 0 18897 -402
  60688   0 0 0 60256 -432
  50317   0 0 0 -50700 -382
  90376   0 0 0 -90928 -551
  14345   0 0 0 -14748 -402
  91828   0 0 0 -92248 -419
  10648   0 0 0 -11042 -393
  5057   0 0 0 -5473 -415
  91087   0 0 0 90676 -411
  15437   0 0 0 14981 -456
  38337   0 0 0 37888 -449
  85867   0 0 0 -86376 -508
  13290   0 0 0 12795 -495
  46186   0 0 0 -46577 -390
  56098   0 0 0 55709 -389
  4916   0 0 0 -5367 -450
  43500   0 0 0 43028 -472
  26338   0 0 0 25942 -396
  1266   0 0 0 -1754 -487
  50787   0 0 0 -51282 -494
  59362   0 0 0 -59850 -487
  45805   0 0 0 -46286 -480
  54933   0 0 0 -55416 -482
  110745   0 0 0 -111254 -508
  17024   0 0 0 16578 -446
  71480   0 0 0 71080 -400
  99439   0 0 0 98981 -458
  63118   0 0 0 -63540 -421
  90839   0 0 0 90334 -505
  7791   0 0 0 -8191 -399
  17332   0 0 0 -17796 -463
  105567   0 0 0 -106048 -480
  14394   0 0 0 13887 -507
  65569   0 0 0 -66028 -458
  61372   0 0 0 60908 -464
  83344   0 0 0 -83808 -463
  62580   0 0 0 -63079 -498
  34530   0 0 0 -35028 -497
  51891   0 0 0 51504 -387
  21348   0 0 0 -21844 -495
  52998   0 0 0 -53491 -492
  65040   0 0 0 -65501 -460
  36179   0 0 0 -36648 -468
  48912   0 0 0 -49452 -539
  98605   0 0 0 98174 -431
  18285   0 0 0 17844 -441
  52472   0 0 0 -52952 -479
  93568   0 0 0 -94123 -554
  56974   0 0 0 56534 -440
  42972   0 0 0 -43384 -411
  46744   0 0 0 -47232 -487
  17627   0 0 0 -18158 -530
  89821   0 0 0 -90270 -448
  51113   0 0 0 -50122 991
  27633   0 0 0 27234 -399
  92676   0 0 0 92150 -526
  2443   0 0 0 -2875 -431
  55623   0 0 0 55081 -542
  27468   0 0 0 -27951 -482
  30866   0 0 0 30367 -499
  53504   0 0 0 -54029 -524
  72932   0 0 0 -73417 -484
  81136   0 0 0 -80208 928
  48131   0 0 0 -48679 -547
  50585   0 0 0 -51028 -442
  81989   0 0 0 -82488 -498
  59163   0 0 0 58673 -490
  22328   0 0 0 21938 -390
  15278   0 0 0 14784 -494
  12098   0 0 0 11663 -435
  30215   0 0 0 -30758 -542
  70400   0 0 0 69958 -442
  40770   0 0 0 40238 -532
  74811   0 0 0 -75252 -440
  24995   0 0 0 -25457 -461
  104307   0 0 0 103812 -495
  76056   0 0 0 75642 -414
  47534   0 0 0 47054 -480
  86201   0 0 0 -86750 -548
  30516   0 0 0 29974 -542
  67391   0 0 0 66936 -455
  57285   0 0 0 56739 -546
  12776   0 0 0 -13238 -461
  20809   0 0 0 20380 -429
  12593   0 0 0 12118 -475
  25453   0 0 0 -25895 -441
  3875   0 0 0 3480 -395
  78313   0 0 0 -78822 -508
  7941   0 0 0 -8350 -408
  5728   0 0 0 -6161 -432
  56301   0 0 0 55832 -469
  96308   0 0 0 -96858 -549
  92327   0 0 0 91836 -491
  52889   0 0 0 -53280 -390
  33768   0 0 0 -34232 -463
  10546   0 0 0 10134 -412
  65699   0 0 0 65294 -405
  64269   0 0 0 63841 -428
  17119   0 0 0 16678 -441
  62577   0 0 0 -62996 -418
  15974   0 0 0 15514 -460
  19089   0 0 0 -19633 -543
  48181   0 0 0 47709 -472
  92150   0 0 0 91692 -458
  38640   0 0 0 38220 -420
  92379   0 0 0 91900 -479
  22363   0 0 0 21812 -551
  45897   0 0 0 45407 -490
  30645   0 0 0 -31200 -554
  70041   0 0 0 -70496 -454
  47783   0 0 0 -48194 -410
  55438   0 0 0 -55878 -439
  35019   0 0 0 34565 -454
  24836   0 0 0 -25243 -406
  49285   0 0 0 -49698 -412
  24724   0 0 0 24283 -441
  10102   0 0 0 -10538 -435
  24744   0 0 0 24288 -456
  55867   0 0 0 -56304 -436
  53340   0 0 0 52835 -505
  45012   0 0 0 -45536 -523
  78493   0 0 0 -78976 -482
  97257   0 0 0 96792 -465
  2265   0 0 0 1738 -527
  10427   0 0 0 -10973 -545
  55437   0 0 0 55015 -422
  43011   0 0 0 42498 -513
  8308   0 0 0 7778 -530
  25893   0 0 0 -26373 -479
  76297   0 0 0 75798 -499
  70867   0 0 0 70448 -419
  4244   0 0 0 3714 -530
  80626   0 0 0 -81098 -471
  24514   0 0 0 24054 -460
  36091   0 0 0 35634 -457
  43025   0 0 0 -43580 -554
  14841   0 0 0 14324 -517
  98989   0 0 0 -99537 -547
  47300   0 0 0 46786 -514
  72224   0 0 0 71826 -398
  664   0 0 0 -1110 -445
  43186   0 0 0 44404 1217
  50281   0 0 0 49876 -405
  8997   0 0 0 8556 -441
  2681   0 0 0 -3096 -414
  61640   0 0 0 61144 -496
  57016   0 0 0 -57534 -517
  74045   0 0 0 -74579 -533
  59118   0 0 0 -59506 -387
  12829   0 0 0 12374 -455
  90531   0 0 0 89988 -543
  16769   0 0 0 -17185 -415
  46713   0 0 0 -47201 -487
  38831   0 0 0 -39374 -542
  26867   0 0 0 -27257 -389
  17106   0 0 0 -17616 -509
  97557   0 0 0 97048 -509
  52853   0 0 0 -53308 -454
  24562   0 0 0 24080 -482
  45887   0 0 0 45382 -505
  47348   0 0 0 46924 -424
  101346   0 0 0 100848 -498
  48958   0 0 0 -49442 -483
  62526   0 0 0 -62946 -419
  13332   0 0 0 -13822 -489
  1919   0 0 0 1532 -387
  102203   0 0 0 -102728 -524
  6138   0 0 0 5746 -392
  9155   0 0 0 -9588 -432
  608   0 0 0 -1160 -551
  9916   0 0 0 9374 -542
  39739   0 0 0 39258 -481
  25595   0 0 0 -26150 -554
  91165   0 0 0 -91568 -402
  30139   0 0 0 -30675 -535
  87112   0 0 0 86632 -480
  52842   0 0 0 52352 -490
  84532   0 0 0 84085 -447
  80069   0 0 0 -80535 -465
  67878   0 0 0 67459 -419
  19440   0 0 0 -19854 -413
  46092   0 0 0 45698 -394
  22173   0 0 0 21729 -444
  64596   0 0 0 64150 -446
  15334   0 0 0 -15779 -444
  11291   0 0 0 -11695 -403
  35865   0 0 0 35310 -555
  66716   0 0 0 66263 -453
  83937   0 0 0 -83199 738
  34177   0 0 0 33657 -520
  31853   0 0 0 31428 -425
  269   0 0 0 -144 -413
  5567   0 0 0 5143 -424
  87398   0 0 0 -87827 -428
  32650   0 0 0 -33103 -452
  23901   0 0 0 -24294 -392
  8847   0 0 0 8334 -513
  50094   0 0 0 -50637 -542
  26349   0 0 0 25841 -508
  52390   0 0 0 51910 -480
  110229   0 0 0 -110776 -546
  65707   0 0 0 -66111 -403
  27093   0 0 0 -27645 -551
  73174   0 0 0 -73624 -449
  5493   0 0 0 4985 -508
  74598   0 0 0 74062 -536
  78745   0 0 0 -79233 -487
  23605   0 0 0 -24062 -456
  32392   0 0 0 31946 -446
  44925   0 0 0 44382 -543
  58765   0 0 0 58244 -521
  29867   0 0 0 -30326 -458
  48908   0 0 0 -49349 -440
  41921   0 0 0 -42356 -434
  66375   0 0 0 -66851 -475
  58846   0 0 0 58410 -436
  87271   0 0 0 88188 916
  53068   0 0 0 -53572 -503
  148   0 0 0 -254 -402
  14511   0 0 0 -14999 -487
  26861   0 0 0 26326 -535
  72414   0 0 0 -72944 -529
  22573   0 0 0 -22978 -404
  31400   0 0 0 30966 -434
  40905   0 0 0 40361 -544
  63280   0 0 0 62730 -550
  32435   0 0 0 -32977 -541
  29472   0 0 0 -29983 -510
  52505   0 0 0 -52936 -430
  28579   0 0 0 28129 -450
  82144   0 0 0 81684 -460
  108084   0 0 0 -108618 -533
  80896   0 0 0 80384 -512
  44774   0 0 0 44332 -442
  115369   0 0 0 -115898 -528
  60928   0 0 0 -61325 -396
  31707   0 0 0 31244 -463
  18118   0 0 0 17596 -522
  365   0 0 0 -897 -531
  106156   0 0 0 105660 -496
  5122   0 0 0 -5671 -548
  47140   0 0 0 -47638 -497
  80706   0 0 0 -81239 -532
  91784   0 0 0 -92278 -493
  84333   0 0 0 -84864 -530
  23272   0 0 0 -23671 -398
  57705   0 0 0 -58217 -511
  41611   0 0 0 -42019 -407
  1833   0 0 0 -2230 -396
  42509   0 0 0 -43062 -552
  65115   0 0 0 -65609 -493
  11413   0 0 0 10900 -513
  21835   0 0 0 21441 -394
  100142   0 0 0 -100594 -451
  28369   0 0 0 27873 -496
  31995   0 0 0 -32496 -500
  24022   0 0 0 23613 -409
  41112   0 0 0 40615 -497
  1441   0 0 0 -1940 -498
  41117   0 0 0 40622 -495
  58488   0 0 0 58001 -487
  106748   0 0 0 -107219 -470
  48147   0 0 0 47721 -426
  107828   0 0 0 107366 -462
  41074   0 0 0 40578 -496
  23785   0 0 0 -24212 -426
  2337   0 0 0 1944 -393
  62406   0 0 0 61967 -439
  66199   0 0 0 -66694 -494
  35717   0 0 0 -36174 -456
  25866   0 0 0 25374 -492
  55616   0 0 0 55098 -518
  54252   0 0 0 -54650 -397
  50085   0 0 0 -50560 -474
  99785   0 0 0 99256 -529
  56403   0 0 0 -56814 -410
  80368   0 0 0 83383 3014
  101567   0 0 0 101041 -526
  22440   0 0 0 -22870 -429
  43243   0 0 0 -43786 -542
  44811   0 0 0 44290 -521
  31533   0 0 0 31140 -393
  7206   0 0 0 -7609 -402
  60971   0 0 0 -61500 -528
  16387   0 0 0 15966 -421
  67089   0 0 0 -67511 -421
  95554   0 0 0 -96075 -520
  40739   0 0 0 -41227 -487
  20659   0 0 0 -21050 -390
  12735   0 0 0 -13164 -428
  42423   0 0 0 41901 -522
  56751   0 0 0 56302 -449
  19117   0 0 0 18727 -390
  50294   0 0 0 -50717 -422
  18996   0 0 0 18532 -464
  85371   0 0 0 84870 -501
  104414   0 0 0 -104957 -542
  14259   0 0 0 -14801 -541
  7102   0 0 0 -7622 -519
  95513   0 0 0 -96038 -524
  36886   0 0 0 36445 -441
  26946   0 0 0 26430 -516
  31181   0 0 0 -31645 -463
  16133   0 0 0 -16529 -395
  42313   0 0 0 41828 -485
  49983   0 0 0 -50474 -490
  47129   0 0 0 -47588 -458
  19495   0 0 0 19006 -489
  12032   0 0 0 -12450 -417
  61164   0 0 0 -61569 -404
  11787   0 0 0 -12205 -417
  60506   0 0 0 -61046 -539
  95978   0 0 0 95471 -507
  93573   0 0 0 -94105 -531
  58910   0 0 0 -59323 -412
  113231   0 0 0 -113735 -503
  28981   0 0 0 28459 -522
  57936   0 0 0 -58452 -515
  25092   0 0 0 -25590 -497
  84096   0 0 0 83637 -459
  83311   0 0 0 89546 6234
  9569   0 0 0 9166 -403
  65512   0 0 0 -66068 -555
  13781   0 0 0 -14226 -444
  48302   0 0 0 47778 -524
  27654   0 0 0 27215 -439
  10687   0 0 0 10216 -471
  8261   0 0 0 -8678 -416
  3741   0 0 0 3240 -501
  7344   0 0 0 6896 -448
  94589   0 0 0 -94990 -400
  7310   0 0 0 -7791 -480
  4748   0 0 0 -5218 -469
  78371   0 0 0 77892 -479
  44538   0 0 0 44065 -473
  72455   0 0 0 -72915 -459
  53434   0 0 0 -53912 -477
  28853   0 0 0 28304 -549
  4548   0 0 0 4101 -447
  40174   0 0 0 -40717 -542
  37672   0 0 0 -38166 -493
  58825   0 0 0 58411 -414
  105808   0 0 0 -106319 -510
  725   0 0 0 286 -439
  13166   0 0 0 -13568 -401
  11818   0 0 0 11323 -495
  23879   0 0 0 23497 -382
  94002   0 0 0 -94532 -529
  30407   0 0 0 29984 -423
  80549   0 0 0 -80951 -401
  35289   0 0 0 34771 -518
  19671   0 0 0 -20144 -472
  38502   0 0 0 -39040 -537
  44083   0 0 0 -44628 -544
  39336   0 0 0 38859 -477
  32699   0 0 0 32175 -524
  4799   0 0 0 4372 -427
  78341   0 0 0 -78790 -448
  53856   0 0 0 -54308 -451
  32517   0 0 0 32128 -389
  7588   0 0 0 -8092 -503
  34813   0 0 0 -35316 -502
  70185   0 0 0 -70588 -402
  20021   0 0 0 19604 -417
  48705   0 0 0 -49194 -488
  26984   0 0 0 -27491 -506
  59895   0 0 0 59428 -467
  21274   0 0 0 -21769 -494
  46176   0 0 0 45735 -441
  2517   0 0 0 -3012 -494
  54700   0 0 0 -55170 -469
  41511   0 0 0 41016 -495
  21266   0 0 0 20859 -407
  63680   0 0 0 63216 -464
  103430   0 0 0 -103956 -525
  925   0 0 0 382 -543
  8707   0 0 0 8283 -424
  97336   0 0 0 96881 -455
  54456   0 0 0 -54906 -449
  64362   0 0 0 63912 -450
  36215   0 0 0 35804 -411
  61698   0 0 0 -62143 -444
  35788   0 0 0 -36253 -464
  94693   0 0 0 94251 -442
  126205   0 0 0 125656 -549
  18094   0 0 0 -18618 -523
  78632   0 0 0 78093 -539
  63737   0 0 0 63202 -535
  38282   0 0 0 -38819 -536
  43182   0 0 0 42727 -455
  17604   0 0 0 -18110 -505
  1932   0 0 0 -2482 -549
  90575   0 0 0 90056 -519
  7463   0 0 0 6913 -550
  48687   0 0 0 -49090 -402
  81819   0 0 0 -82253 -433
  55326   0 0 0 -55820 -493
  9691   0 0 0 -10223 -531
  6741   0 0 0 6255 -486
  10725   0 0 0 -11169 -443
  48613   0 0 0 -49017 -403
  2600   0 0 0 2153 -447
  48550   0 0 0 -48980 -429
  2432   0 0 0 1900 -532
  20878   0 0 0 -21419 -540
  50535   0 0 0 50025 -510
  15778   0 0 0 -16216 -437
  60883   0 0 0 -61445 -561
  24693   0 0 0 -25076 -382
  20789   0 0 0 20325 -464
  47349   0 0 0 46884 -465
  18330   0 0 0 -18814 -483
  25822   0 0 0 25366 -456
  104242   0 0 0 103701 -541
  81724   0 0 0 81173 -551
  95520   0 0 0 -96039 -518
  71652   0 0 0 71255 -397
  99529   0 0 0 99029 -500
  49258   0 0 0 48822 -436
  12157   0 0 0 -12549 -391
  55730   0 0 0 55208 -522
  51625   0 0 0 -52058 -432
  83617   0 0 0 83120 -497
  78242   0 0 0 -78756 -513
  16083   0 0 0 15652 -431
  19415   0 0 0 18974 -441
  48303   0 0 0 47799 -504
  53818   0 0 0 53286 -532
  11524   0 0 0 11108 -416
  66402   0 0 0 -66900 -497
  19035   0 0 0 18500 -535
  89241   0 0 0 88818 -423
  50986   0 0 0 50540 -446
  64303   0 0 0 63780 -523
  29164   0 0 0 -29609 -444
  12189   0 0 0 -12634 -444
  60536   0 0 0 60090 -446
  22480   0 0 0 21944 -536
  22866   0 0 0 -23258 -391
  53910   0 0 0 53460 -450
  67683   0 0 0 67192 -491
  17310   0 0 0 16824 -486
  33129   0 0 0 32726 -403
  84294   0 0 0 -84700 -405
  9078   0 0 0 -9588 -509
  83595   0 0 0 83092 -503
  20063   0 0 0 -20553 -489
  43065   0 0 0 42606 -459
  24957   0 0 0 24517 -440
  13050   0 0 0 12615 -435
  26315   0 0 0 25896 -419
  51250   0 0 0 50724 -526
  11345   0 0 0 -11743 -397
  13217   0 0 0 12765 -452
  83380   0 0 0 -83910 -529
  17632   0 0 0 -18040 -407
  21284   0 0 0 20829 -455
  31119   0 0 0 30725 -394
  4043   0 0 0 3548 -495
  31182   0 0 0 -31594 -411
  15652   0 0 0 -16148 -495
  41956   0 0 0 -42465 -508
  94537   0 0 0 -95032 -494
  90470   0 0 0 89994 -476
  54883   0 0 0 54488 -395
  13127   0 0 0 -13574 -446
  1159   0 0 0 -1572 -412
  59121   0 0 0 -59645 -523
  97085   0 0 0 -97603 -517
  14664   0 0 0 14188 -476
  16439   0 0 0 16008 -431
  36334   0 0 0 -36834 -499
  45038   0 0 0 -45494 -455
  64438   0 0 0 -64873 -434
  82254   0 0 0 81760 -494
  56758   0 0 0 -57215 -456
  58710   0 0 0 58212 -498
  12088   0 0 0 11585 -503
  62165   0 0 0 -62712 -546
  18773   0 0 0 -19302 -528
  67923   0 0 0 -68463 -539
  62341   0 0 0 61918 -423
  78987   0 0 0 78488 -499
  104899   0 0 0 -105386 -486
  56166   0 0 0 -56572 -405
  86305   0 0 0 86720 414
  30308   0 0 0 -30703 -394
  103652   0 0 0 103162 -490
  115523   0 0 0 -116043 -519
  50614   0 0 0 50066 -548
  80568   0 0 0 -80982 -413
  20450   0 0 0 -20884 -433
  73264   0 0 0 72726 -538
  76790   0 0 0 76322 -468
  531   0 0 0 134 -397
  107892   0 0 0 107392 -500
  38698   0 0 0 -39178 -479
  43207   0 0 0 42748 -459
  95766   0 0 0 -96243 -476
  104691   0 0 0 104232 -459
  44704   0 0 0 44235 -469
  72643   0 0 0 72158 -485
  14970   0 0 0 -15376 -405
  96169   0 0 0 -96592 -422
  11085   0 0 0 -11618 -532
  11169   0 0 0 -11671 -501
  43488   0 0 0 43006 -482
  74119   0 0 0 -74542 -422
  65388   0 0 0 64851 -537
  81920   0 0 0 -82428 -507
  57243   0 0 0 -57730 -486
  65318   0 0 0 64811 -507
  88643   0 0 0 88236 -407
  52643   0 0 0 -53134 -490
  14003   0 0 0 13576 -427
  66987   0 0 0 66519 -468
  42992   0 0 0 -43534 -541
  73826   0 0 0 73387 -439
  71000   0 0 0 70606 -394
  51395   0 0 0 -51903 -507
  98387   0 0 0 97856 -531
  8653   0 0 0 -9086 -432
  32425   0 0 0 -31976 449
  107908   0 0 0 -108414 -505
  21659   0 0 0 -22191 -531
  64151   0 0 0 -64662 -510
  82355   0 0 0 -82905 -549
  87228   0 0 0 86700 -528
  42019   0 0 0 41528 -491
  111708   0 0 0 -112255 -546
  49917   0 0 0 49502 -415
  10274   0 0 0 9736 -538
  38136   0 0 0 -38656 -519
  670   0 0 0 -1208 -537
  36100   0 0 0 -36556 -455
  6333   0 0 0 -6874 -540
  100648   0 0 0 -101124 -475
  1243   0 0 0 -1685 -441
  113171   0 0 0 112655 -516
  64335   0 0 0 -64732 -396
  30939   0 0 0 30462 -477
  22276   0 0 0 21767 -509
  80853   0 0 0 80372 -481
  553   0 0 0 -1006 -452
  28960   0 0 0 -29502 -541
  71494   0 0 0 -71988 -493
  22568   0 0 0 -23047 -478
  43802   0 0 0 43372 -430
  86883   0 0 0 -87431 -547
  81289   0 0 0 80740 -549
  12423   0 0 0 11926 -497
  48769   0 0 0 48324 -445
  54962   0 0 0 54502 -460
  75573   0 0 0 -76051 -477
  27496   0 0 0 -27960 -463
  22438   0 0 0 22020 -418
  20532   0 0 0 -20998 -465
  37261   0 0 0 -37697 -435
  19397   0 0 0 18873 -524
  21389   0 0 0 -21870 -480
  43052   0 0 0 42640 -412
  18329   0 0 0 17926 -403
  41273   0 0 0 40782 -491
  61596   0 0 0 61146 -450
  49366   0 0 0 48875 -491
  48635   0 0 0 -49040 -404
  47014   0 0 0 -47418 -403
  42776   0 0 0 42230 -546
  102452   0 0 0 101964 -488
  45163   0 0 0 -45635 -471
  39596   0 0 0 -39984 -387
  86734   0 0 0 -87215 -480
  30320   0 0 0 29899 -421
  35920   0 0 0 -36438 -517
  69536   0 0 0 -70074 -537
  34778   0 0 0 34289 -489
  48918   0 0 0 48491 -427
  23348   0 0 0 -23834 -485
  87797   0 0 0 -88332 -534
  26849   0 0 0 26386 -463
  76603   0 0 0 76186 -417
  9071   0 0 0 8657 -414
  40275   0 0 0 39841 -434
  39980   0 0 0 39572 -408
  46213   0 0 0 45795 -418
  24785   0 0 0 24305 -480
  37643   0 0 0 -38186 -542
  29926   0 0 0 29391 -535
  65079   0 0 0 64614 -465
  31671   0 0 0 31223 -448
  36729   0 0 0 -37213 -483
  74177   0 0 0 -74580 -402
  87105   0 0 0 -87642 -536
  68614   0 0 0 -69112 -497
  52331   0 0 0 51816 -515
  104574   0 0 0 -105054 -479
  109011   0 0 0 108497 -514
  52744   0 0 0 -53213 -468
  76905   0 0 0 76465 -440
  16374   0 0 0 -15230 1144
  57276   0 0 0 -57738 -461
  41557   0 0 0 41118 -439
  74453   0 0 0 74034 -419
  23722   0 0 0 23275 -447
  91405   0 0 0 90914 -491
  89857   0 0 0 -90397 -539
  77773   0 0 0 77320 -453
  76293   0 0 0 -76714 -420
  27720   0 0 0 -28170 -449
  83996   0 0 0 -84520 -523
  83494   0 0 0 82948 -546
  44523   0 0 0 -44932 -408
  44933   0 0 0 44521 -412
  22827   0 0 0 22316 -511
  40495   0 0 0 40084 -411
  68099   0 0 0 67621 -478
  24277   0 0 0 -24832 -554
  38335   0 0 0 -38742 -406
  22072   0 0 0 21650 -422
  43587   0 0 0 -44052 -464
  69259   0 0 0 68844 -415
  16838   0 0 0 -17369 -530
  16135   0 0 0 -16575 -439
  45199   0 0 0 -45672 -472
  33529   0 0 0 -34036 -506
  56923   0 0 0 57914 990
  71327   0 0 0 -71790 -462
  1424   0 0 0 954 -470
  85078   0 0 0 -85520 -441
  83449   0 0 0 -83890 -440
  26994   0 0 0 26480 -514
  91727   0 0 0 -92276 -548
  48781   0 0 0 -49203 -421
  34937   0 0 0 34444 -493
  25810   0 0 0 25369 -441
  79678   0 0 0 79192 -486
  102252   0 0 0 -102701 -448
  102354   0 0 0 -102907 -552
  15413   0 0 0 14880 -533
  84519   0 0 0 84002 -517
  37722   0 0 0 -38149 -426
  41054   0 0 0 -41504 -449
  20789   0 0 0 20350 -439
  27713   0 0 0 27304 -409
  53296   0 0 0 -53738 -441
  80845   0 0 0 80433 -412
  11403   0 0 0 11000 -403
  3949   0 0 0 3518 -431
  45300   0 0 0 44753 -547
  40824   0 0 0 -41373 -548
  5971   0 0 0 5579 -392
  26343   0 0 0 25847 -496
  97143   0 0 0 -97662 -518
  83493   0 0 0 82940 -553
  58741   0 0 0 -59258 -516
  79688   0 0 0 -80236 -547
  100423   0 0 0 99936 -487
  65944   0 0 0 65553 -391
  20547   0 0 0 -20966 -418
  28559   0 0 0 -29027 -467
  36042   0 0 0 -36436 -393
  14308   0 0 0 13846 -462
  4400   0 0 0 -4932 -531
  49838   0 0 0 -50270 -431
  68235   0 0 0 67826 -409
  36791   0 0 0 36334 -457
  591   0 0 0 -1126 -534
  61253   0 0 0 60814 -439
  65213   0 0 0 -65622 -408
  40550   0 0 0 40028 -522
  43525   0 0 0 42966 -559
  22206   0 0 0 -22690 -483
  35341   0 0 0 34840 -501
  75057   0 0 0 -75557 -499
  46465   0 0 0 -46954 -488
  93935   0 0 0 93396 -539
  18758   0 0 0 18348 -410
  36052   0 0 0 35650 -402
  51585   0 0 0 -52006 -420
  41086   0 0 0 40691 -395
  2948   0 0 0 -3472 -523
  52786   0 0 0 -53256 -469
  24264   0 0 0 -24809 -544
  86446   0 0 0 85998 -448
  47206   0 0 0 46668 -538
  26497   0 0 0 -26926 -428
  25984   0 0 0 -26505 -520
  8039   0 0 0 -8360 -320
  28620   0 0 0 28234 -386
  38932   0 0 0 -39481 -548
  44014   0 0 0 -44396 -381
  109617   0 0 0 109096 -521
  75151   0 0 0 74624 -527
  58018   0 0 0 -58454 -435
  30868   0 0 0 -31323 -454
  26505   0 0 0 -27012 -506
  32741   0 0 0 32280 -461
  71886   0 0 0 71439 -447
  43918   0 0 0 -44335 -416
  57251   0 0 0 -57710 -458
  17439   0 0 0 -17838 -398
  91698   0 0 0 -92105 -406
  60478   0 0 0 -60921 -442
  873   0 0 0 -1408 -534
  64606   0 0 0 64067 -539
  64534   0 0 0 -65009 -474
  75171   0 0 0 74760 -411
  71158   0 0 0 -71667 -508
  55151   0 0 0 54672 -479
  82760   0 0 0 82320 -440
  101052   0 0 0 -101506 -453
  53960   0 0 0 -54348 -387
  9547   0 0 0 9096 -451
  25757   0 0 0 -26192 -434
  3073   0 0 0 2583 -490
  82574   0 0 0 82142 -432
  106052   0 0 0 105542 -510
  41140   0 0 0 40715 -425
  35389   0 0 0 -35870 -480
  74863   0 0 0 -75359 -495
  55167   0 0 0 54729 -438
  102009   0 0 0 101508 -501
  98828   0 0 0 -99272 -443
  40835   0 0 0 -41256 -420
  62184   0 0 0 61644 -540
  15936   0 0 0 -16367 -430
  52705   0 0 0 52200 -505
  91373   0 0 0 -91806 -432
  38388   0 0 0 37964 -424
  56359   0 0 0 -56843 -483
  54223   0 0 0 -54687 -463
  22639   0 0 0 22219 -420
  110144   0 0 0 109626 -518
  3233   0 0 0 -3698 -464
  7680   0 0 0 7217 -463
  82465   0 0 0 82038 -427
  33471   0 0 0 -33916 -444
  71689   0 0 0 -72244 -554
  27842   0 0 0 -28341 -498
  31716   0 0 0 31193 -523
  81002   0 0 0 -81516 -513
  17142   0 0 0 16603 -539
  8214   0 0 0 -8648 -433
  68758   0 0 0 68288 -470
  49219   0 0 0 -49730 -510
  6595   0 0 0 6102 -493
  11589   0 0 0 -12082 -492
  60132   0 0 0 -60676 -543
  8171   0 0 0 7726 -445
  18019   0 0 0 -18476 -456
  69186   0 0 0 68632 -554
  64275   0 0 0 63798 -477
  37270   0 0 0 36793 -477
  79449   0 0 0 79034 -415
  72098   0 0 0 71642 -456
  58188   0 0 0 -58673 -484
  70976   0 0 0 -71470 -493
  3230   0 0 0 2818 -412
  39743   0 0 0 -40262 -518
  57123   0 0 0 -57596 -472
  61437   0 0 0 60931 -506
  58140   0 0 0 -58696 -555
  79117   0 0 0 78655 -462
  65413   0 0 0 64950 -463
  27840   0 0 0 27384 -456
  47055   0 0 0 -47575 -519
  67748   0 0 0 67298 -450
  52955   0 0 0 52539 -416
  42809   0 0 0 42403 -406
  79210   0 0 0 -79719 -508
  85068   0 0 0 -85611 -542
  80624   0 0 0 80194 -430
  69745   0 0 0 69257 -488
  61793   0 0 0 -62242 -448
  28471   0 0 0 27987 -484
  73567   0 0 0 -74070 -502
  77437   0 0 0 -77919 -481
  95311   0 0 0 -95829 -517
  2292   0 0 0 -2771 -478
  21104   0 0 0 20632 -472
  105894   0 0 0 -106441 -546
  53637   0 0 0 -54100 -462
  21056   0 0 0 -21474 -417
  21940   0 0 0 -22452 -511
  59147   0 0 0 -59634 -486
  33733   0 0 0 -34192 -458
  69055   0 0 0 68580 -475
  75757   0 0 0 75366 -391
  99626   0 0 0 99145 -481
  66546   0 0 0 -66975 -428
  14386   0 0 0 -14910 -523
  77148   0 0 0 -77688 -539
  23244   0 0 0 28290 5045
  72547   0 0 0 -73006 -458
  126690   0 0 0 126140 -550
  20197   0 0 0 19690 -507
  42902   0 0 0 42347 -555
  52348   0 0 0 51877 -471
  30275   0 0 0 -30697 -421
  32096   0 0 0 -32619 -522
  114273   0 0 0 113773 -500
  73258   0 0 0 73785 526
  75015   0 0 0 -75428 -412
  57410   0 0 0 56902 -508
  59466   0 0 0 -59862 -395
  15743   0 0 0 15282 -461
  71161   0 0 0 70637 -524
  65573   0 0 0 65029 -544
  17454   0 0 0 17049 -405
  85509   0 0 0 -86038 -528
  69741   0 0 0 69290 -451
  30922   0 0 0 30498 -424
  8356   0 0 0 7924 -432
  60641   0 0 0 -61145 -503
  85665   0 0 0 -86095 -429
  91261   0 0 0 90827 -434
  9072   0 0 0 8606 -466
  35120   0 0 0 -35506 -385
  63877   0 0 0 -64394 -516
  31350   0 0 0 30922 -428
  17265   0 0 0 -17788 -522
  69205   0 0 0 68716 -489
  81101   0 0 0 80558 -543
  96201   0 0 0 -96682 -480
  9143   0 0 0 -6163 2980
  16023   0 0 0 15499 -524
  55745   0 0 0 55232 -513
  75271   0 0 0 -75746 -474
  15739   0 0 0 15221 -518
  39220   0 0 0 -39716 -495
  20418   0 0 0 19875 -543
  30286   0 0 0 -26052 4234
  113764   0 0 0 113239 -525
  100184   0 0 0 -100686 -501
  52731   0 0 0 52231 -500
  41012   0 0 0 40616 -396
  28124   0 0 0 -28608 -483
  93002   0 0 0 92456 -546
  35103   0 0 0 -35644 -540
  63240   0 0 0 62862 -378
  48463   0 0 0 47977 -486
  43370   0 0 0 -43908 -537
  112392   0 0 0 -112939 -546
  66286   0 0 0 -66796 -509
  31634   0 0 0 31080 -554
  95672   0 0 0 -96099 -426
  33836   0 0 0 -34385 -548
  96187   0 0 0 -96628 -440
  25691   0 0 0 -26180 -488
  68484   0 0 0 68025 -459
  6748   0 0 0 -7183 -434
  54143   0 0 0 -54673 -529
  32367   0 0 0 -32880 -512
  96738   0 0 0 96280 -458
  11023   0 0 0 10478 -545
  53213   0 0 0 -53681 -467
  34222   0 0 0 33755 -467
  2861   0 0 0 -3252 -390
  30178   0 0 0 -30627 -448
  55403   0 0 0 54921 -482
  19688   0 0 0 19205 -483
  22739   0 0 0 -23262 -522
  38547   0 0 0 38146 -401
  93093   0 0 0 92610 -483
  30864   0 0 0 -31311 -446
  20218   0 0 0 -20731 -512
  70416   0 0 0 69964 -452
  23337   0 0 0 -23844 -506
  31773   0 0 0 -32301 -527
  52774   0 0 0 52224 -550
  79908   0 0 0 -80400 -491
  2201   0 0 0 1747 -454
  56297   0 0 0 -56754 -456
  68302   0 0 0 67885 -417
  66240   0 0 0 65832 -408
  91498   0 0 0 -91932 -433
  64654   0 0 0 64148 -506
  89699   0 0 0 89146 -553
  10305   0 0 0 -10700 -394
  54164   0 0 0 -54648 -483
  66518   0 0 0 66078 -440
  40228   0 0 0 39821 -407
  78514   0 0 0 -78920 -405
  37493   0 0 0 -37954 -460
  50134   0 0 0 49692 -442
  20012   0 0 0 -20425 -412
  34049   0 0 0 33634 -415
  14550   0 0 0 -15048 -497
  83230   0 0 0 -83745 -514
  53288   0 0 0 -53731 -442
  8970   0 0 0 8464 -506
  88554   0 0 0 88107 -447
  65067   0 0 0 -65492 -424
  48512   0 0 0 -49021 -508
  91641   0 0 0 91137 -504
  42287   0 0 0 -42768 -480
  68049   0 0 0 67606 -443
  39529   0 0 0 -39921 -391
  293   0 0 0 -103 -396
  7830   0 0 0 -8258 -427
  34781   0 0 0 -35310 -528
  40977   0 0 0 40514 -463
  62190   0 0 0 -62659 -468
  41358   0 0 0 40827 -531
  4709   0 0 0 4299 -410
  86037   0 0 0 -86451 -413
  37289   0 0 0 -37764 -474
  5264   0 0 0 -3731 1533
  57981   0 0 0 -53209 4772
  36348   0 0 0 -36804 -455
  45176   0 0 0 44673 -503
  10473   0 0 0 10068 -405
  4348   0 0 0 3845 -503
  90108   0 0 0 89658 -450
  70004   0 0 0 -70534 -529
  88135   0 0 0 87636 -499
  11327   0 0 0 -11802 -474
  16900   0 0 0 16485 -415
  88538   0 0 0 88152 -386
  56391   0 0 0 55977 -414
  49376   0 0 0 48843 -533
  24619   0 0 0 -25146 -526
  71269   0 0 0 -71705 -435
  122888   0 0 0 122354 -534
  48682   0 0 0 -49094 -411
  89718   0 0 0 -90202 -483
  19598   0 0 0 -20057 -458
  38328   0 0 0 37896 -432
  99213   0 0 0 98696 -517
  17704   0 0 0 -18107 -402
  45078   0 0 0 -45484 -405
  3427   0 0 0 -3937 -509
  100500   0 0 0 99994 -506
  85171   0 0 0 84654 -517
  4890   0 0 0 4430 -460
  11978   0 0 0 -12391 -412
  58531   0 0 0 -58938 -406
  32406   0 0 0 -32894 -487
  18247   0 0 0 17859 -388
  10792   0 0 0 10238 -554
  46999   0 0 0 46584 -415
  25139   0 0 0 24681 -458
  102248   0 0 0 101778 -470
  76777   0 0 0 -77274 -496
  42721   0 0 0 -43254 -532
  11433   0 0 0 11015 -418
  435   0 0 0 -876 -440
  110023   0 0 0 -110542 -518
  60432   0 0 0 59963 -469
  4020   0 0 0 -4444 -423
  32521   0 0 0 32053 -468
  11539   0 0 0 11046 -493
  50068   0 0 0 -50475 -406
  99661   0 0 0 99114 -547
  54546   0 0 0 53994 -552
  59445   0 0 0 59038 -407
  60016   0 0 0 59462 -554
  43003   0 0 0 -43493 -489
  36617   0 0 0 36170 -447
  949   0 0 0 -1407 -457
  86282   0 0 0 -86822 -539
  32287   0 0 0 31770 -517
  60513   0 0 0 60057 -456
  26136   0 0 0 25684 -452
  10226   0 0 0 9813 -413
  39512   0 0 0 39093 -419
  27293   0 0 0 -27734 -440
  73306   0 0 0 -73710 -403
  24122   0 0 0 -24568 -445
  66238   0 0 0 -66651 -412
  50241   0 0 0 -50691 -449
  34622   0 0 0 34144 -478
  104465   0 0 0 -105002 -536
  57766   0 0 0 57275 -491
  58286   0 0 0 57758 -528
  6100   0 0 0 -6500 -399
  14545   0 0 0 -15085 -539
  41059   0 0 0 40592 -467
  50582   0 0 0 50142 -440
  82615   0 0 0 82086 -529
  37862   0 0 0 37451 -411
  7056   0 0 0 -7514 -457
  29989   0 0 0 29526 -463
  14247   0 0 0 -14676 -428
  101280   0 0 0 -101748 -467
  62281   0 0 0 -62721 -439
  69722   0 0 0 -70275 -552
  36798   0 0 0 -37319 -520
  60076   0 0 0 59564 -512
  101642   0 0 0 -102169 -526
  28190   0 0 0 27648 -542
  40872   0 0 0 40452 -420
  38825   0 0 0 -39220 -394
  69777   0 0 0 69342 -435
  17121   0 0 0 -17521 -399
  74291   0 0 0 -74760 -468
  12425   0 0 0 11888 -537
  34994   0 0 0 -35475 -480
  81069   0 0 0 -81543 -473
  71406   0 0 0 -71801 -394
  60138   0 0 0 59619 -519
  43963   0 0 0 43499 -464
  49615   0 0 0 -50017 -401
  44524   0 0 0 -45004 -479
  578   0 0 0 58 -520
  42502   0 0 0 42060 -442
  99524   0 0 0 99020 -504
  34960   0 0 0 34452 -508
  15268   0 0 0 14756 -512
  23252   0 0 0 -23734 -481
  16966   0 0 0 16500 -466
  15372   0 0 0 -15922 -549
  3960   0 0 0 3565 -395
  115682   0 0 0 -116192 -509
  57247   0 0 0 -57782 -534
  67646   0 0 0 -68167 -520
  86839   0 0 0 86290 -549
  58045   0 0 0 57589 -456
  31573   0 0 0 -32114 -540
  22034   0 0 0 -22547 -512
  61058   0 0 0 60562 -496
  4602   0 0 0 -5077 -474
  107783   0 0 0 -108270 -486
  9239   0 0 0 -9632 -392
  61923   0 0 0 61422 -501
  27255   0 0 0 26714 -541
  44257   0 0 0 43799 -458
  56611   0 0 0 56109 -502
  85311   0 0 0 84776 -535
  100401   0 0 0 99929 -472
  68660   0 0 0 -69052 -391
  35017   0 0 0 -35490 -472
  73189   0 0 0 72707 -482
  94897   0 0 0 -95446 -548
  3392   0 0 0 2962 -430
  78819   0 0 0 79478 658
  64226   0 0 0 -64703 -476
  71682   0 0 0 71219 -463
  1643   0 0 0 -2063 -419
  31738   0 0 0 -32130 -391
  73854   0 0 0 73458 -396
  89094   0 0 0 88676 -418
  46387   0 0 0 45921 -466
  99230   0 0 0 -99685 -454
  77185   0 0 0 -77684 -498
  39322   0 0 0 -39773 -450
  92531   0 0 0 -90652 1879
  76305   0 0 0 75892 -413
  44574   0 0 0 44148 -426
  60532   0 0 0 60038 -494
  2094   0 0 0 -2588 -493
  6218   0 0 0 -6738 -519
  68644   0 0 0 -69089 -444
  36380   0 0 0 35948 -432
  87360   0 0 0 -87817 -456
  18992   0 0 0 18504 -488
  64564   0 0 0 65359 794
  2260   0 0 0 1854 -406
  58580   0 0 0 -59094 -513
  84001   0 0 0 -84430 -428
  100957   0 0 0 100515 -442
  55720   0 0 0 55217 -503
  31993   0 0 0 -32421 -427
  111449   0 0 0 -111992 -542
  7720   0 0 0 7182 -538
  59945   0 0 0 59492 -453
  19597   0 0 0 -20142 -544
  39072   0 0 0 38639 -433
  60203   0 0 0 59712 -491
  78914   0 0 0 78449 -465
  33474   0 0 0 33042 -432
  26707   0 0 0 26224 -483
  92773   0 0 0 -93194 -420
  75515   0 0 0 -75920 -404
  12021   0 0 0 11610 -411
  57575   0 0 0 57082 -493
  11578   0 0 0 11074 -504
  72943   0 0 0 72432 -511
  103743   0 0 0 -104268 -524
  73994   0 0 0 73454 -540
  74623   0 0 0 -75122 -498
  62109   0 0 0 61648 -461
  29100   0 0 0 -29613 -512
  25014   0 0 0 24588 -426
  5067   0 0 0 -5486 -418
  2337   0 0 0 -2769 -431
  10648   0 0 0 13577 2928
  91574   0 0 0 91100 -474
  41327   0 0 0 40848 -479
  35676   0 0 0 68374 32697
  19598   0 0 0 -20029 -430
  76334   0 0 0 75886 -448
  13576   0 0 0 13038 -538
  33183   0 0 0 32654 -529
  52681   0 0 0 52177 -504
  64416   0 0 0 -63972 444
  101642   0 0 0 -102131 -488
  68756   0 0 0 -69226 -469
  89343   0 0 0 88914 -429
  64790   0 0 0 64259 -531
  48403   0 0 0 -48940 -536
  27875   0 0 0 -28427 -551
  8010   0 0 0 -8415 -404
  34129   0 0 0 33669 -460
  25565   0 0 0 25133 -432
  76286   0 0 0 75888 -398
  5529   0 0 0 5100 -429
  79913   0 0 0 79388 -525
  2894   0 0 0 2412 -482
  9326   0 0 0 -9847 -520
  47417   0 0 0 -47905 -487
  90637   0 0 0 -91115 -477
  73050   0 0 0 -73478 -427
  19891   0 0 0 19394 -497
  15276   0 0 0 14814 -462
  46966   0 0 0 46488 -478
  38368   0 0 0 -38811 -442
  117654   0 0 0 -118189 -534
  76854   0 0 0 -77374 -519
  18016   0 0 0 17463 -553
  20891   0 0 0 -21430 -538
  3679   0 0 0 3229 -450
  16360   0 0 0 15900 -460
  65834   0 0 0 -66365 -530
  40304   0 0 0 39766 -538
  56735   0 0 0 56278 -457
  80786   0 0 0 80375 -411
  60547   0 0 0 -61077 -529
  37851   0 0 0 37323 -528
  26784   0 0 0 26242 -542
  54331   0 0 0 -54744 -412
  30984   0 0 0 30522 -462
  87514   0 0 0 -88043 -528
  24037   0 0 0 23583 -454
  10354   0 0 0 9952 -402
  32258   0 0 0 -32700 -441
  37364   0 0 0 -37838 -473
  65377   0 0 0 -65877 -499
  27946   0 0 0 -28387 -440
  38805   0 0 0 38303 -502
  6178   0 0 0 5638 -540
  66624   0 0 0 66091 -533
  94890   0 0 0 -95394 -503
  56362   0 0 0 -56880 -517
  19095   0 0 0 -19513 -417
  31761   0 0 0 -32194 -432
  39594   0 0 0 -39985 -390
  85844   0 0 0 -86336 -491
  14777   0 0 0 14282 -495
  69139   0 0 0 68601 -538
  31542   0 0 0 31047 -495
  12316   0 0 0 11836 -480
  24508   0 0 0 24114 -394
  71860   0 0 0 -72272 -411
  72835   0 0 0 -73306 -470
  15908   0 0 0 -16338 -429
  8362   0 0 0 7963 -399
  51843   0 0 0 51368 -475
  10935   0 0 0 10437 -498
  44023   0 0 0 -44469 -445
  67769   0 0 0 67332 -437
  21141   0 0 0 -21570 -428
  48882   0 0 0 48453 -429
  58154   0 0 0 -58605 -450
  78600   0 0 0 78209 -391
  26310   0 0 0 -26805 -494
  69525   0 0 0 -70032 -506
  74120   0 0 0 -74628 -507
  31338   0 0 0 -31784 -445
  8042   0 0 0 -8560 -517
  74   0 0 0 -569 -494
  24757   0 0 0 24234 -523
  71718   0 0 0 71176 -542
  1779   0 0 0 -2294 -514
  93084   0 0 0 -93519 -434
  94649   0 0 0 94200 -449
  63841   0 0 0 63946 104
  40591   0 0 0 40180 -411
  2061   0 0 0 -2554 -492
  43294   0 0 0 -43808 -513
  114747   0 0 0 114238 -509
  98146   0 0 0 97594 -552
  23045   0 0 0 22526 -519
  24608   0 0 0 24164 -444
  14536   0 0 0 14050 -486
  8848   0 0 0 8421 -427
  94329   0 0 0 93903 -426
  45947   0 0 0 45423 -524
  17479   0 0 0 -17874 -394
  89350   0 0 0 88807 -543
  75888   0 0 0 -76374 -485
  72533   0 0 0 72038 -495
  16164   0 0 0 15760 -404
  74371   0 0 0 -74902 -530
  29205   0 0 0 28654 -551
  49628   0 0 0 -50054 -425
  102480   0 0 0 101966 -514
  54001   0 0 0 53483 -518
  52908   0 0 0 52352 -556
  38544   0 0 0 -39044 -499
  48158   0 0 0 47610 -548
  6830   0 0 0 6316 -514
  100164   0 0 0 99688 -476
  60528   0 0 0 -60955 -426
  15782   0 0 0 15399 -383
  70243   0 0 0 -70756 -512
  5954   0 0 0 5569 -385
  107860   0 0 0 107353 -507
  2255   0 0 0 -2772 -516
  32529   0 0 0 32032 -497
  38245   0 0 0 37774 -471
  44675   0 0 0 -45170 -494
  69579   0 0 0 69110 -469
  78332   0 0 0 77814 -518
  21819   0 0 0 21304 -515
  80679   0 0 0 -81234 -554
  86482   0 0 0 -86966 -483
  80973   0 0 0 80492 -481
  33268   0 0 0 -33750 -481
  63002   0 0 0 62477 -525
  78220   0 0 0 -78766 -545
  55561   0 0 0 -55982 -420
  29345   0 0 0 -29813 -467
  64962   0 0 0 64438 -524
  105975   0 0 0 -106512 -536
  85664   0 0 0 -86170 -505
  2853   0 0 0 -3300 -446
  98899   0 0 0 98348 -551
  45437   0 0 0 45042 -395
  90746   0 0 0 90304 -442
  30203   0 0 0 -30708 -504
  62737   0 0 0 -63128 -390
  47072   0 0 0 46631 -441
  93315   0 0 0 92779 -536
  71765   0 0 0 71352 -413
  22638   0 0 0 22122 -516
  50852   0 0 0 50302 -550
  17118   0 0 0 -17528 -409
  41481   0 0 0 -41987 -505
  48075   0 0 0 47536 -539
  20798   0 0 0 20390 -408
  29350   0 0 0 28944 -406
  26656   0 0 0 -27124 -467
  5591   0 0 0 5092 -499
  41377   0 0 0 -41831 -453
  53018   0 0 0 -53436 -417
  86990   0 0 0 86570 -420
  54960   0 0 0 54428 -532
  8402   0 0 0 7991 -411
  19480   0 0 0 19058 -422
  57536   0 0 0 -58082 -545
  6127   0 0 0 -6523 -395
  52257   0 0 0 -52772 -514
  47377   0 0 0 -47824 -446
  81843   0 0 0 -82234 -390
  66785   0 0 0 66297 -488
  77786   0 0 0 77358 -428
  110700   0 0 0 -111206 -505
  124305   0 0 0 123750 -555
  29234   0 0 0 -29700 -465
  8658   0 0 0 8260 -398
  112171   0 0 0 111624 -547
  32723   0 0 0 -33130 -406
  93942   0 0 0 93424 -518
  44283   0 0 0 -44672 -388
  91342   0 0 0 -91879 -536
  52542   0 0 0 52004 -538
  27485   0 0 0 26953 -532
  5655   0 0 0 -6130 -474
  21407   0 0 0 20885 -522
  69062   0 0 0 -69522 -459
  35086   0 0 0 -35536 -449
  1003   0 0 0 -1481 -477
  39849   0 0 0 -40374 -524
  106387   0 0 0 105924 -463
  117018   0 0 0 116466 -552
  16706   0 0 0 16252 -454
  53666   0 0 0 -54126 -459
  66049   0 0 0 -66574 -524
  98249   0 0 0 97706 -543
  97214   0 0 0 -97702 -487
  55107   0 0 0 -55532 -424
  27477   0 0 0 -27953 -475
  52381   0 0 0 -52844 -462
  75014   0 0 0 -75464 -449
  68985   0 0 0 68448 -537
  7043   0 0 0 -7570 -526
  10644   0 0 0 10248 -396
  49611   0 0 0 -50028 -416
  25503   0 0 0 -25936 -432
  27004   0 0 0 -21536 5468
  20185   0 0 0 -20691 -505
  42440   0 0 0 41925 -515
  51021   0 0 0 -51520 -498
  9862   0 0 0 -10421 -558
  71261   0 0 0 70800 -461
  92678   0 0 0 92198 -480
  26934   0 0 0 -27334 -399
  34975   0 0 0 -35430 -454
  19879   0 0 0 -20365 -485
  90271   0 0 0 89745 -526
  49845   0 0 0 -50300 -454
  24640   0 0 0 24092 -548
  93673   0 0 0 93138 -535
  29261   0 0 0 28744 -517
  39338   0 0 0 -39812 -473
  81922   0 0 0 -82409 -486
  6957   0 0 0 -7384 -426
  33572   0 0 0 -34022 -449
  12673   0 0 0 12200 -473
  11016   0 0 0 10463 -553
  9312   0 0 0 -9720 -407
  87521   0 0 0 -88028 -506
  49881   0 0 0 -50418 -536
  30665   0 0 0 -31092 -426
  42373   0 0 0 41921 -452
  2941   0 0 0 -3380 -438
  97021   0 0 0 -97476 -454
  21685   0 0 0 -22126 -440
  71410   0 0 0 70974 -436
  70492   0 0 0 -70975 -482
  44681   0 0 0 -45081 -399
  12992   0 0 0 -13439 -446
  1164   0 0 0 -1586 -421
  23911   0 0 0 23460 -451
  31026   0 0 0 30548 -478
  26100   0 0 0 25677 -423
  19767   0 0 0 -20247 -479
  50530   0 0 0 -50954 -423
  20731   0 0 0 -21264 -532
  65612   0 0 0 -66157 -544
  75415   0 0 0 74900 -515
  118791   0 0 0 118282 -509
  29822   0 0 0 -30236 -413
  55386   0 0 0 -53933 1453
  14042   0 0 0 -14548 -505
  29578   0 0 0 -30064 -485
  2008   0 0 0 1473 -535
  19117   0 0 0 -19653 -535
  100743   0 0 0 100256 -487
  24993   0 0 0 -25499 -505
  1078   0 0 0 633 -445
  31264   0 0 0 30716 -548
  63794   0 0 0 -64267 -472
  52248   0 0 0 -52664 -415
  24387   0 0 0 23842 -545
  56740   0 0 0 56284 -456
  33865   0 0 0 -34348 -482
  111212   0 0 0 110670 -542
  78771   0 0 0 -79247 -475
  92578   0 0 0 -93111 -532
  32526   0 0 0 32048 -478
  48345   0 0 0 47836 -509
  30945   0 0 0 30488 -457
  6346   0 0 0 -6880 -533
  92871   0 0 0 92326 -545
  21109   0 0 0 20644 -465
  29735   0 0 0 -30283 -547
  58786   0 0 0 -59272 -485
  22423   0 0 0 21958 -465
  4261   0 0 0 3756 -505
  49458   0 0 0 -49954 -495
  61598   0 0 0 61106 -492
  44067   0 0 0 -44488 -420
  39585   0 0 0 39128 -457
  80035   0 0 0 -80556 -520
  101045   0 0 0 -101572 -526
  24843   0 0 0 -25266 -422
  74809   0 0 0 74342 -467
  75589   0 0 0 -76098 -508
  65675   0 0 0 65157 -518
  124883   0 0 0 -125417 -533
  1251   0 0 0 -1644 -392
  15656   0 0 0 -16122 -465
  76075   0 0 0 76447 371
  63998   0 0 0 -64550 -551
  7958   0 0 0 -8388 -429
  62204   0 0 0 -62720 -515
  51395   0 0 0 50864 -531
  55740   0 0 0 55297 -443
  12711   0 0 0 -13138 -426
  41512   0 0 0 -41934 -421
  42503   0 0 0 -42976 -472
  11709   0 0 0 -10752 957
  29673   0 0 0 -30221 -547
  44418   0 0 0 -44808 -389
  2119   0 0 0 1570 -549
  60889   0 0 0 60436 -453
  15925   0 0 0 -16452 -526
  48779   0 0 0 -49322 -542
  29977   0 0 0 -30370 -392
  44961   0 0 0 44566 -395
  18601   0 0 0 -19050 -448
  26333   0 0 0 25856 -477
  59292   0 0 0 58793 -499
  14294   0 0 0 -14695 -400
  35414   0 0 0 -35810 -395
  66329   0 0 0 65897 -432
  13422   0 0 0 12976 -446
  63596   0 0 0 63186 -410
  74647   0 0 0 74221 -426
  35556   0 0 0 35041 -515
  79476   0 0 0 79010 -466
  16869   0 0 0 -17270 -400
  57801   0 0 0 57333 -468
  5226   0 0 0 -5674 -447
  95987   0 0 0 -96468 -480
  34175   0 0 0 -34582 -406
  30706   0 0 0 -31094 -387
  85482   0 0 0 -85988 -505
  1308   0 0 0 -1741 -432
  61994   0 0 0 -62543 -548
  64154   0 0 0 63610 -544
  29363   0 0 0 28878 -485
  101325   0 0 0 105196 3870
  55794   0 0 0 55330 -464
  119811   0 0 0 -120336 -524
  42172   0 0 0 -42642 -469
  42170   0 0 0 41784 -386
  110736   0 0 0 -111232 -495
  14545   0 0 0 14041 -504
  71613   0 0 0 71196 -417
  31931   0 0 0 -32384 -452
  14544   0 0 0 13994 -550
  29128   0 0 0 28712 -416
  75069   0 0 0 74636 -433
  94466   0 0 0 93913 -553
  65962   0 0 0 -66492 -529
  108711   0 0 0 -109249 -537
  96496   0 0 0 -97024 -527
  73193   0 0 0 72768 -425
  40625   0 0 0 -41135 -509
  110811   0 0 0 -111316 -504
  89166   0 0 0 88675 -491
  101182   0 0 0 -101673 -490
  103625   0 0 0 -104149 -523
  86833   0 0 0 -87276 -442
  46112   0 0 0 45579 -533
  29703   0 0 0 29170 -533
  81998   0 0 0 -82510 -511
  30080   0 0 0 29527 -553
  47300   0 0 0 -47841 -540
  34172   0 0 0 -34659 -486
  11644   0 0 0 -12177 -532
  64214   0 0 0 -64659 -444
  75170   0 0 0 -75678 -507
  73672   0 0 0 -74130 -457
  49550   0 0 0 49030 -520
  17631   0 0 0 -18162 -530
  65453   0 0 0 64961 -492
  3780   0 0 0 3390 -390
  84212   0 0 0 -84616 -403
  66971   0 0 0 66568 -403
  91716   0 0 0 -92203 -486
  29785   0 0 0 29372 -413
  20086   0 0 0 -20637 -550
  21019   0 0 0 20528 -491
  78179   0 0 0 77790 -389
  22876   0 0 0 22396 -480
  2662   0 0 0 -3158 -495
  43499   0 0 0 42972 -527
  75   0 0 0 -485 -409
  36070   0 0 0 35652 -418
  45763   0 0 0 45228 -535
  56420   0 0 0 55869 -551
  52891   0 0 0 52488 -403
  52521   0 0 0 52117 -404
  73589   0 0 0 73082 -507
  21432   0 0 0 20892 -540
  82824   0 0 0 82316 -508
  45082   0 0 0 44565 -517
  72678   0 0 0 -73175 -496
  86760   0 0 0 -87260 -499
  64742   0 0 0 64197 -545
  22243   0 0 0 -22748 -504
  15913   0 0 0 -16307 -393
  9879   0 0 0 -10421 -541
  30032   0 0 0 29499 -533
  83332   0 0 0 82808 -524
  1245   0 0 0 814 -431
  10134   0 0 0 -10691 -556
  75941   0 0 0 -76480 -538
  111243   0 0 0 110700 -543
  13378   0 0 0 -13809 -430
  71951   0 0 0 71455 -496
  84949   0 0 0 -85436 -486
  11262   0 0 0 10711 -551
  8676   0 0 0 9920 1243
  68976   0 0 0 -69374 -397
  259   0 0 0 -724 -464
  16957   0 0 0 16526 -431
  18865   0 0 0 -19334 -468
  14544   0 0 0 14070 -474
  69564   0 0 0 -70080 -515
  63605   0 0 0 -63986 -380
  9262   0 0 0 8792 -470
  6284   0 0 0 -6756 -471
  463   0 0 0 -932 -468
  53112   0 0 0 -53626 -513
  70208   0 0 0 69787 -421
  44541   0 0 0 -45072 -530
  10929   0 0 0 10388 -541
  100436   0 0 0 -100944 -507
  46435   0 0 0 -45894 541
  47632   0 0 0 -48132 -499
  76270   0 0 0 -76707 -436
  70458   0 0 0 -70974 -515
  19257   0 0 0 18753 -504
  16403   0 0 0 -16844 -440
  16639   0 0 0 -17095 -455
  79873   0 0 0 -80403 -529
  93181   0 0 0 92724 -457
  50343   0 0 0 49792 -551
  45295   0 0 0 44793 -502
  19030   0 0 0 -19547 -516
  11085   0 0 0 -11492 -406
  55046   0 0 0 -55541 -494
  60394   0 0 0 59865 -529
  35393   0 0 0 -35844 -450
  6375   0 0 0 5839 -536
  6449   0 0 0 -6841 -391
  960   0 0 0 -1353 -392
  5766   0 0 0 5214 -552
  89090   0 0 0 88656 -434
  92696   0 0 0 -93185 -488
  37703   0 0 0 37236 -467
  32172   0 0 0 -25991 6181
  35243   0 0 0 34746 -497
  62555   0 0 0 62093 -462
  36136   0 0 0 35691 -445
  85083   0 0 0 -85520 -436
  15453   0 0 0 -16007 -553
  7958   0 0 0 7511 -447
  52724   0 0 0 52314 -410
  62396   0 0 0 -62896 -499
  2728   0 0 0 -3156 -427
  65647   0 0 0 -66175 -527
  71975   0 0 0 71557 -418
  1420   0 0 0 1030 -390
  92219   0 0 0 -92764 -544
  52714   0 0 0 52176 -538
  106820   0 0 0 -107326 -505
  92100   0 0 0 91591 -509
  37788   0 0 0 -38222 -433
  18321   0 0 0 -18754 -432
  7644   0 0 0 7162 -482
  28241   0 0 0 -28721 -479
  90   0 0 0 -238 -328
  40605   0 0 0 -41019 -413
  111634   0 0 0 -112138 -503
  93840   0 0 0 -94364 -523
  48210   0 0 0 47704 -506
  6740   0 0 0 6327 -413
  95956   0 0 0 -96379 -422
  51113   0 0 0 50576 -537
  27640   0 0 0 27184 -456
  26568   0 0 0 -26982 -413
  76102   0 0 0 75694 -408
  53208   0 0 0 52780 -428
  65696   0 0 0 -66210 -513
  18544   0 0 0 18144 -400
  74342   0 0 0 73882 -460
  26714   0 0 0 26231 -483
  37356   0 0 0 -37779 -422
  80777   0 0 0 -81306 -528
  1681   0 0 0 1274 -407
  29430   0 0 0 28884 -546
  98758   0 0 0 -99312 -553
  15410   0 0 0 -15788 -377
  43120   0 0 0 42644 -476
  95886   0 0 0 -96418 -531
  49306   0 0 0 -49781 -474
  25151   0 0 0 -25600 -448
  57918   0 0 0 57412 -506
  41764   0 0 0 41326 -438
  57320   0 0 0 -57824 -503
  66575   0 0 0 66070 -505
  96622   0 0 0 -97102 -479
  26462   0 0 0 -26848 -385
  53295   0 0 0 52776 -519
  121078   0 0 0 120524 -554
  64631   0 0 0 -65185 -553
  35713   0 0 0 35168 -545
  44329   0 0 0 43897 -432
  5084   0 0 0 4578 -506
  95633   0 0 0 -96153 -519
  45822   0 0 0 -46221 -398
  1458   0 0 0 2989 1530
  118584   0 0 0 -119110 -525
  76371   0 0 0 75889 -482
  76355   0 0 0 -76749 -393
  60633   0 0 0 -61078 -444
  75667   0 0 0 75221 -446
  84057   0 0 0 -84590 -532
  56423   0 0 0 55988 -435
  2675   0 0 0 -2206 469
  24405   0 0 0 23880 -525
  38819   0 0 0 38329 -490
  43230   0 0 0 42741 -489
  33890   0 0 0 -34364 -473
  119852   0 0 0 119321 -531
  29491   0 0 0 29004 -487
  742   0 0 0 -1258 -515
  32813   0 0 0 32388 -425
  46197   0 0 0 -46600 -402
  71005   0 0 0 -71514 -508
  59144   0 0 0 -59654 -509
  59196   0 0 0 58726 -470
  2699   0 0 0 -3132 -432
  39275   0 0 0 -39789 -513
  47950   0 0 0 -48376 -425
  111403   0 0 0 -111945 -541
  21799   0 0 0 21354 -445
  20198   0 0 0 -20586 -387
  61989   0 0 0 -62468 -478
  58573   0 0 0 58074 -499
  92574   0 0 0 92164 -410
  86237   0 0 0 -86645 -407
  10474   0 0 0 10030 -444
  57933   0 0 0 -58322 -388
  71003   0 0 0 70532 -471
  42439   0 0 0 41958 -481
  81102   0 0 0 80707 -395
  20514   0 0 0 -20952 -437
  25797   0 0 0 25398 -399
  81369   0 0 0 -81799 -429
  29991   0 0 0 -30494 -502
  117119   0 0 0 116630 -489
  39710   0 0 0 -40204 -493
  34867   0 0 0 34442 -425
  75248   0 0 0 -75729 -480
  69010   0 0 0 -69456 -445
  62701   0 0 0 62284 -417
  18847   0 0 0 -19298 -450
  41773   0 0 0 41232 -541
  4069   0 0 0 -4539 -469
  9966   0 0 0 -10380 -413
  19965   0 0 0 19441 -524
  13388   0 0 0 -13859 -470
  68411   0 0 0 67988 -423
  1818   0 0 0 -2363 -544
  10685   0 0 0 -11121 -435
  93568   0 0 0 -94043 -474
  72849   0 0 0 72437 -412
  56067   0 0 0 55527 -540
  1390   0 0 0 909 -481
  54647   0 0 0 -55185 -537
  9186   0 0 0 8674 -512
  70771   0 0 0 70259 -512
  33639   0 0 0 -34069 -429
  66227   0 0 0 -66748 -520
  22326   0 0 0 21893 -433
  16717   0 0 0 -17253 -535
  91920   0 0 0 91402 -518
  47092   0 0 0 46601 -491
  4224   0 0 0 -4658 -433
  38084   0 0 0 -38535 -450
  31952   0 0 0 31518 -434
  6067   0 0 0 5661 -406
  2992   0 0 0 -3543 -550
  42647   0 0 0 42233 -414
  32287   0 0 0 -32808 -520
  56073   0 0 0 55571 -502
  18056   0 0 0 17645 -411
  89378   0 0 0 -89908 -529
  111223   0 0 0 -111769 -545
  62307   0 0 0 61852 -455
  27518   0 0 0 27020 -498
  48830   0 0 0 48354 -476
  59889   0 0 0 -60406 -516
  18948   0 0 0 18442 -506
  523   0 0 0 -982 -458
  51833   0 0 0 -52288 -454
  50895   0 0 0 50346 -549
  71873   0 0 0 -71940 -66
  39034   0 0 0 -39520 -485
  104074   0 0 0 -104605 -530
  14420   0 0 0 -9862 4558
  1556   0 0 0 1163 -393
  62154   0 0 0 61628 -526
  24692   0 0 0 -25185 -492
  18024   0 0 0 -18512 -487
  27906   0 0 0 27465 -441
  57047   0 0 0 -57494 -446
  31759   0 0 0 31238 -521
  3593   0 0 0 3134 -459
  4866   0 0 0 -5374 -507
  18582   0 0 0 18150 -432
  68494   0 0 0 68046 -448
  45425   0 0 0 44938 -487
  23877   0 0 0 23356 -521
  75298   0 0 0 74778 -520
  35266   0 0 0 -35708 -441
  58436   0 0 0 -58854 -417
  30070   0 0 0 29656 -414
  19450   0 0 0 -19873 -422
  64645   0 0 0 64202 -443
  113883   0 0 0 113368 -515
  52213   0 0 0 51755 -458
  40098   0 0 0 -40632 -533
  76547   0 0 0 76080 -467
  63970   0 0 0 -64394 -423
  44546   0 0 0 -44989 -442
  7556   0 0 0 -8074 -517
  60557   0 0 0 60126 -431
  39961   0 0 0 -40480 -518
  74748   0 0 0 74336 -412
  91030   0 0 0 90611 -419
  70212   0 0 0 -70661 -448
  65552   0 0 0 65016 -536
  91751   0 0 0 91227 -524
  54604   0 0 0 -53595 1009
  80752   0 0 0 80198 -554
  55940   0 0 0 -56359 -418
  20181   0 0 0 -20574 -392
  75059   0 0 0 74531 -528
  28993   0 0 0 28580 -413
  10573   0 0 0 10032 -541
  69555   0 0 0 -69983 -427
  4347   0 0 0 -4820 -472
  99561   0 0 0 99217 -344
  6320   0 0 0 -6804 -483
  8763   0 0 0 8316 -447
  86674   0 0 0 86141 -533
  35760   0 0 0 35304 -456
  7072   0 0 0 -7460 -387
  57825   0 0 0 -58316 -490
  60838   0 0 0 60300 -538
  43771   0 0 0 -44164 -392
  24818   0 0 0 24383 -435
  44760   0 0 0 -45285 -524
  20174   0 0 0 -20686 -511
  18470   0 0 0 -18910 -439
  23703   0 0 0 -24132 -428
  103395   0 0 0 102875 -520
  71951   0 0 0 71560 -391
  65319   0 0 0 64877 -442
  33008   0 0 0 -33550 -541
  29843   0 0 0 29388 -455
  93710   0 0 0 -94227 -516
  51541   0 0 0 51103 -438
  73251   0 0 0 -73644 -392
  49158   0 0 0 48635 -523
  7172   0 0 0 -7611 -438
  82259   0 0 0 81838 -421
  18431   0 0 0 -18972 -540
  34385   0 0 0 33942 -443
  43732   0 0 0 43186 -546
  10895   0 0 0 10445 -450
  47795   0 0 0 47369 -426
  1932   0 0 0 1466 -466
  54984   0 0 0 -55472 -487
  33858   0 0 0 -34281 -422
  90641   0 0 0 -91103 -461
  55826   0 0 0 -56345 -518
  11320   0 0 0 -11790 -469
  75818   0 0 0 75510 -308
  68529   0 0 0 68094 -435
  106590   0 0 0 -107098 -507
  29666   0 0 0 -30206 -539
  59957   0 0 0 59546 -411
  13010   0 0 0 12510 -500
  10197   0 0 0 9690 -507
  46851   0 0 0 -47395 -543
  25102   0 0 0 -25554 -451
  40255   0 0 0 39789 -466
  10371   0 0 0 -10778 -406
  37549   0 0 0 37089 -460
  2033   0 0 0 -2513 -479
  62451   0 0 0 -62963 -511
  26514   0 0 0 26029 -485
  53389   0 0 0 52938 -451
  33138   0 0 0 32631 -507
  21229   0 0 0 20716 -513
  87230   0 0 0 -87668 -437
  21425   0 0 0 -21925 -499
  13743   0 0 0 13243 -500
  56447   0 0 0 56037 -410
  53282   0 0 0 52794 -488
  116199   0 0 0 -116748 -548
  12878   0 0 0 12350 -528
  86313   0 0 0 -86775 -461
  78926   0 0 0 -79372 -445
  73308   0 0 0 72777 -531
  25105   0 0 0 -25616 -510
  8464   0 0 0 7968 -496
  108429   0 0 0 -108944 -514
  68339   0 0 0 67846 -493
  45536   0 0 0 -46086 -549
  41933   0 0 0 41498 -435
  16667   0 0 0 16120 -547
  9913   0 0 0 -10388 -474
  8021   0 0 0 7519 -502
  119041   0 0 0 118492 -549
  37872   0 0 0 -38333 -460
  44629   0 0 0 44150 -479
  36908   0 0 0 36415 -493
  63059   0 0 0 -63555 -495
  13607   0 0 0 13124 -483
  73137   0 0 0 -73619 -481
  70558   0 0 0 70139 -419
  2488   0 0 0 2052 -436
  26320   0 0 0 -26809 -488
  27489   0 0 0 -28011 -521
  25224   0 0 0 -21006 4218
  80566   0 0 0 80077 -489
  36305   0 0 0 -36780 -474
  19810   0 0 0 19272 -538
  1986   0 0 0 1524 -462
  24205   0 0 0 23728 -477
  76312   0 0 0 -76781 -468
  114395   0 0 0 -114924 -528
  77562   0 0 0 -78007 -444
  52055   0 0 0 -52534 -478
  37329   0 0 0 -37758 -428
  68228   0 0 0 -68673 -444
  12061   0 0 0 -12472 -410
  26905   0 0 0 26465 -440
  34268   0 0 0 -34693 -424
  18432   0 0 0 17910 -522
  28988   0 0 0 28437 -551
  3074   0 0 0 2578 -496
  86598   0 0 0 -87020 -421
  0   0 0 0 -540 -540
  27317   0 0 0 -27852 -534
  83550   0 0 0 -84078 -527
  77018   0 0 0 -77562 -543
  863   0 0 0 402 -461
  79050   0 0 0 78632 -418
  89330   0 0 0 -89869 -538
  71381   0 0 0 70862 -519
  89472   0 0 0 -89978 -505
  478   0 0 0 -927 -448
  11466   0 0 0 -11996 -529
  1692   0 0 0 1167 -525
  2405   0 0 0 1938 -467
  49962   0 0 0 -50398 -435
  20456   0 0 0 -20910 -453
  74930   0 0 0 74405 -525
  43895   0 0 0 -44296 -400
  119468   0 0 0 -120000 -531
  14706   0 0 0 14305 -401
  62530   0 0 0 -62968 -437
  78667   0 0 0 -79139 -471
  59712   0 0 0 -60200 -487
  80955   0 0 0 80483 -472
  9017   0 0 0 8470 -547
  35584   0 0 0 35098 -486
  46282   0 0 0 45842 -440
  26201   0 0 0 -26700 -498
  82479   0 0 0 -82954 -474
  2413   0 0 0 -2911 -497
  12029   0 0 0 -12495 -465
  11269   0 0 0 10778 -491
  52726   0 0 0 -53250 -523
  17479   0 0 0 -17980 -500
  45548   0 0 0 -46100 -551
  34   0 0 0 -449 -414
  90193   0 0 0 -90664 -470
  5408   0 0 0 4938 -470
  94658   0 0 0 -95198 -539
  97007   0 0 0 96510 -497
  10382   0 0 0 -10844 -461
  37215   0 0 0 36723 -492
  78420   0 0 0 -78901 -480
  47174   0 0 0 -47613 -438
  13076   0 0 0 -13564 -487
  30664   0 0 0 30202 -462
  4806   0 0 0 4395 -411
  35541   0 0 0 35098 -443
  48327   0 0 0 -48788 -460
  15497   0 0 0 -16027 -529
  28667   0 0 0 -29174 -506
  9901   0 0 0 -10406 -504
  86469   0 0 0 85975 -494
  37322   0 0 0 -37844 -521
  68391   0 0 0 -68910 -518
  83620   0 0 0 -84132 -511
  96794   0 0 0 96270 -524
  42071   0 0 0 -42620 -548
  29712   0 0 0 29249 -463
  26774   0 0 0 -27298 -523
  40326   0 0 0 39943 -383
  44886   0 0 0 -45389 -502
  35906   0 0 0 -36306 -399
  64161   0 0 0 63630 -531
  53420   0 0 0 52871 -549
  43616   0 0 0 -44078 -461
  52793   0 0 0 52324 -469
  21866   0 0 0 -22387 -520
  57589   0 0 0 57094 -495
  43935   0 0 0 -44456 -520
  45259   0 0 0 -45704 -444
  63509   0 0 0 -63948 -438
  19105   0 0 0 18588 -517
  71001   0 0 0 70465 -536
  94518   0 0 0 94072 -446
  40613   0 0 0 40179 -434
  78565   0 0 0 -79032 -466
  54307   0 0 0 -54764 -456
  5252   0 0 0 4765 -487
  88728   0 0 0 -89266 -537
  48726   0 0 0 48323 -403
  20993   0 0 0 -21390 -396
  79704   0 0 0 79267 -437
  81584   0 0 0 81057 -527
  59103   0 0 0 -59571 -467
  36108   0 0 0 35595 -513
  18438   0 0 0 -18851 -412
  41465   0 0 0 41010 -455
  6791   0 0 0 6324 -467
  39389   0 0 0 38848 -541
  69787   0 0 0 69396 -391
  6966   0 0 0 -7469 -502
  43634   0 0 0 43150 -484
  3119   0 0 0 2680 -439
  67747   0 0 0 -68204 -456
  22120   0 0 0 21616 -504
  28516   0 0 0 -28978 -461
  45324   0 0 0 -45792 -467
  3960   0 0 0 3555 -405
  32180   0 0 0 -32630 -449
  23187   0 0 0 22706 -481
  29846   0 0 0 29420 -426
  40954   0 0 0 40471 -483
  40590   0 0 0 -41134 -543
  52440   0 0 0 52901 460
  1379   0 0 0 -1845 -465
  40843   0 0 0 41005 161
  49506   0 0 0 49000 -506
  93141   0 0 0 92663 -478
  63831   0 0 0 63327 -504
  80296   0 0 0 -80785 -488
  43801   0 0 0 -44220 -418
  79869   0 0 0 79388 -481
  35472   0 0 0 -35922 -449
  61442   0 0 0 -61971 -528
  56898   0 0 0 -57411 -512
  33048   0 0 0 -33448 -399
  41499   0 0 0 -41895 -395
  24430   0 0 0 23954 -476
  31315   0 0 0 30801 -514
  7680   0 0 0 7196 -484
  40529   0 0 0 40115 -414
  38956   0 0 0 -39450 -493
  10942   0 0 0 10486 -456
  106624   0 0 0 106107 -517
  65726   0 0 0 -66131 -404
  29681   0 0 0 -30099 -417
  13712   0 0 0 13242 -470
  19020   0 0 0 -19436 -415
  9040   0 0 0 -9594 -553
  23933   0 0 0 23384 -549
  39719   0 0 0 -40155 -435
  12793   0 0 0 12308 -485
  36196   0 0 0 -36679 -482
  13859   0 0 0 13323 -536
  48545   0 0 0 48026 -519
  95156   0 0 0 -95574 -417
  46270   0 0 0 45807 -463
  55007   0 0 0 -55454 -446
  84978   0 0 0 84546 -432
  23412   0 0 0 -23817 -404
  68513   0 0 0 -68996 -482
  65411   0 0 0 64920 -491
  96601   0 0 0 -96627 -25
  13819   0 0 0 13294 -525
  33810   0 0 0 33296 -514
  46804   0 0 0 -47283 -478
  40287   0 0 0 -40694 -406
  107472   0 0 0 106943 -529
  35091   0 0 0 -35612 -520
  45658   0 0 0 45168 -490
  42128   0 0 0 -42570 -441
  25471   0 0 0 24990 -481
  58807   0 0 0 58285 -522
  35873   0 0 0 -36420 -546
  85471   0 0 0 -85952 -480
  44269   0 0 0 -44763 -493
  5727   0 0 0 5290 -437
  36614   0 0 0 -37120 -505
  49536   0 0 0 -50032 -495
  14766   0 0 0 -15233 -466
  5818   0 0 0 5360 -458
  11530   0 0 0 10986 -544
  28273   0 0 0 -28675 -401
  78264   0 0 0 78012 -252
  12835   0 0 0 12324 -511
  25876   0 0 0 25429 -447
  84983   0 0 0 84538 -445
  71085   0 0 0 -71564 -478
  66978   0 0 0 -67518 -539
  69270   0 0 0 68868 -402
  59858   0 0 0 -60308 -449
  118107   0 0 0 -118661 -553
  16288   0 0 0 15898 -390
  29361   0 0 0 28845 -516
  97564   0 0 0 97071 -493
  118990   0 0 0 -103380 15610
  9850   0 0 0 9372 -478
  101128   0 0 0 100587 -541
  10708   0 0 0 -11126 -417
  94957   0 0 0 94473 -484
  89990   0 0 0 89520 -470
  48590   0 0 0 -49140 -549
  55613   0 0 0 -56098 -484
  12195   0 0 0 11694 -501
  955   0 0 0 -1371 -415
  54310   0 0 0 -54765 -454
  21378   0 0 0 20938 -440
  116806   0 0 0 116268 -538
  20723   0 0 0 20267 -456
  24009   0 0 0 23572 -437
  53512   0 0 0 53038 -474
  58008   0 0 0 57510 -498
  68602   0 0 0 -69038 -435
  72518   0 0 0 72033 -485
  30676   0 0 0 -31190 -513
  1700   0 0 0 -2190 -489
  46743   0 0 0 46203 -540
  78441   0 0 0 -78942 -500
  19962   0 0 0 -20412 -449
  118317   0 0 0 -118860 -542
  119590   0 0 0 119057 -533
  73401   0 0 0 -73803 -401
  45991   0 0 0 -46461 -469
  43659   0 0 0 43246 -413
  51647   0 0 0 51217 -430
  51268   0 0 0 -51810 -541
  65685   0 0 0 65283 -402
  94722   0 0 0 94245 -477
  67346   0 0 0 -67836 -489
  120541   0 0 0 -121095 -553
  81599   0 0 0 -82088 -488
  44993   0 0 0 44446 -547
  27270   0 0 0 26884 -386
  9889   0 0 0 9435 -454
  2138   0 0 0 1652 -486
  96752   0 0 0 96206 -546
  107146   0 0 0 106685 -461
  39130   0 0 0 -39642 -511
  35106   0 0 0 -35508 -401
  60804   0 0 0 -61308 -503
  5536   0 0 0 -5922 -385
  67354   0 0 0 -67826 -471
  10993   0 0 0 -11484 -490
  35980   0 0 0 -36391 -410
  57642   0 0 0 57222 -420
  1729   0 0 0 -2178 -448
  122122   0 0 0 -122648 -525
  43203   0 0 0 -43722 -518
  52678   0 0 0 52290 -388
  33200   0 0 0 -33588 -387
  73753   0 0 0 73351 -402
  12634   0 0 0 -13022 -387
  52922   0 0 0 52510 -412
  48480   0 0 0 47962 -518
  18325   0 0 0 -18725 -399
  22783   0 0 0 -23299 -515
  16115   0 0 0 -16595 -479
  1508   0 0 0 1044 -464
  14713   0 0 0 14292 -421
  10677   0 0 0 -11124 -446
  78001   0 0 0 -78461 -459
  14346   0 0 0 -14759 -412
  42153   0 0 0 -42653 -499
  48508   0 0 0 -49064 -555
  21895   0 0 0 -22378 -482
  8216   0 0 0 -8698 -481
  31213   0 0 0 -31752 -538
  70098   0 0 0 69685 -413
  32464   0 0 0 31992 -472
  20134   0 0 0 19704 -430
  84141   0 0 0 83700 -441
  61824   0 0 0 61329 -495
  46468   0 0 0 -46926 -457
  58946   0 0 0 58476 -470
  43692   0 0 0 -44224 -531
  79832   0 0 0 79392 -440
  62055   0 0 0 -62586 -530
  64211   0 0 0 63690 -521
  65676   0 0 0 -66210 -533
  67984   0 0 0 -68384 -399
  52247   0 0 0 51820 -427
  75891   0 0 0 75478 -413
  20124   0 0 0 -20538 -413
  95828   0 0 0 95390 -438
  783   0 0 0 262 -521
  47237   0 0 0 46814 -423
  30323   0 0 0 29828 -495
  12156   0 0 0 11658 -498
  12025   0 0 0 11614 -411
  516   0 0 0 542 1058
  60879   0 0 0 60418 -461
  64587   0 0 0 -65140 -552
  34145   0 0 0 -34654 -508
  83955   0 0 0 83511 -444
  21308   0 0 0 20915 -393
  61490   0 0 0 -61998 -507
  102271   0 0 0 101836 -435
  70705   0 0 0 70269 -436
  652   0 0 0 -1196 -543
  83370   0 0 0 -83852 -481
  63647   0 0 0 -64075 -427
  1425   0 0 0 -1970 -544
  87932   0 0 0 87425 -507
  41595   0 0 0 -42042 -446
  46254   0 0 0 45767 -487
  65276   0 0 0 64811 -465
  80643   0 0 0 80218 -425
  11474   0 0 0 -12004 -529
  77278   0 0 0 76809 -469
  47004   0 0 0 46580 -424
  93701   0 0 0 93168 -533
  94939   0 0 0 -95373 -433
  40197   0 0 0 39748 -449
  56810   0 0 0 56398 -412
  42186   0 0 0 41672 -514
  19204   0 0 0 18658 -546
  93813   0 0 0 93336 -477
  61630   0 0 0 -62134 -503
  60449   0 0 0 -60971 -521
  19279   0 0 0 -19322 -42
  114587   0 0 0 -115138 -550
  100168   0 0 0 99690 -478
  113729   0 0 0 113210 -519
  2438   0 0 0 -2898 -459
  41095   0 0 0 40600 -495
  7878   0 0 0 -8432 -553
  65603   0 0 0 -66051 -447
  26792   0 0 0 -27194 -401
  37641   0 0 0 37126 -515
  115038   0 0 0 114508 -530
  88993   0 0 0 88469 -524
  20122   0 0 0 -20680 -557
  34579   0 0 0 34138 -441
  68033   0 0 0 67586 -447
  83949   0 0 0 -84456 -506
  87695   0 0 0 -88210 -514
  9685   0 0 0 -10076 -390
  81437   0 0 0 -81976 -538
  81412   0 0 0 81004 -408
  33243   0 0 0 -33764 -520
  37235   0 0 0 -37751 -515
  59248   0 0 0 -59742 -493
  3397   0 0 0 -3859 -461
  93781   0 0 0 93289 -492
  89032   0 0 0 -89588 -555
  53719   0 0 0 53244 -475
  68001   0 0 0 -68527 -525
  9269   0 0 0 8759 -510
  46002   0 0 0 -46484 -481
  54427   0 0 0 53874 -553
  8101   0 0 0 7584 -517
  60362   0 0 0 59934 -428
  24774   0 0 0 -25192 -417
  63423   0 0 0 -63853 -429
  18358   0 0 0 -18828 -469
  41628   0 0 0 41087 -541
  48789   0 0 0 -49203 -413
  43800   0 0 0 43266 -534
  25790   0 0 0 -26290 -499
  31219   0 0 0 -31656 -436
  47183   0 0 0 -47661 -477
  30344   0 0 0 29795 -549
  32491   0 0 0 -33038 -546
  44445   0 0 0 43940 -505
  27339   0 0 0 26940 -399
  90757   0 0 0 90278 -479
  94269   0 0 0 -94774 -504
  14779   0 0 0 14332 -447
  86533   0 0 0 -87052 -518
  88689   0 0 0 -89196 -506
  75374   0 0 0 -75835 -460
  43043   0 0 0 -43592 -548
  84110   0 0 0 83578 -532
  80045   0 0 0 79630 -415
  3995   0 0 0 3500 -495
  114277   0 0 0 113733 -544
  46484   0 0 0 -46962 -477
  37079   0 0 0 36634 -445
  30446   0 0 0 -30988 -541
  103895   0 0 0 -104436 -540
  37123   0 0 0 -37646 -522
  27883   0 0 0 27380 -503
  64394   0 0 0 -64846 -451
  116111   0 0 0 115568 -543
  46076   0 0 0 45584 -492
  80161   0 0 0 -80674 -512
  57857   0 0 0 57410 -447
  55325   0 0 0 -55792 -466
  21287   0 0 0 -21738 -450
  115143   0 0 0 -115659 -515
  860   0 0 0 440 -420
  12016   0 0 0 11487 -529
  105010   0 0 0 -105465 -454
  57555   0 0 0 -58046 -490
  51440   0 0 0 50926 -514
  7514   0 0 0 7064 -450
  30749   0 0 0 -31194 -444
  44310   0 0 0 -44719 -408
  37777   0 0 0 37257 -520
  13094   0 0 0 -13646 -551
  114429   0 0 0 -114961 -531
  46411   0 0 0 -46837 -425
  78815   0 0 0 78383 -432
  83428   0 0 0 82978 -450
  24375   0 0 0 -24798 -422
  79914   0 0 0 -80318 -403
  22593   0 0 0 -23077 -483
  17618   0 0 0 17170 -448
  56988   0 0 0 56585 -403
  56361   0 0 0 -56819 -457
  22559   0 0 0 -22988 -428
  101172   0 0 0 100689 -483
  84272   0 0 0 -84817 -544
  56962   0 0 0 -57394 -431
  47177   0 0 0 -47643 -465
  38794   0 0 0 38394 -400
  2576   0 0 0 -3000 -423
  77234   0 0 0 -77699 -464
  55185   0 0 0 54708 -477
  40506   0 0 0 -40918 -411
  23499   0 0 0 -24047 -547
  32441   0 0 0 -32856 -414
  17225   0 0 0 -17756 -530
  9193   0 0 0 8720 -473
  73235   0 0 0 -73754 -518
  15818   0 0 0 15330 -488
  80552   0 0 0 80006 -546
  21177   0 0 0 20772 -405
  89396   0 0 0 88995 -401
  32988   0 0 0 -33420 -431
  61265   0 0 0 -61740 -474
  29544   0 0 0 -30040 -495
  66765   0 0 0 66270 -495
  68045   0 0 0 -68500 -454
  12371   0 0 0 -12899 -527
  51330   0 0 0 50886 -444
  7262   0 0 0 6886 -376
  16983   0 0 0 16527 -456
  39843   0 0 0 39443 -400
  45998   0 0 0 -46501 -502
  36537   0 0 0 36077 -460
  102888   0 0 0 102352 -536
  1611   0 0 0 1109 -502
  79118   0 0 0 -79665 -546
  47838   0 0 0 -48243 -404
  98835   0 0 0 98283 -552
  83185   0 0 0 -83726 -540
  26491   0 0 0 26068 -423
  100720   0 0 0 -101282 -561
  39143   0 0 0 -39562 -418
  85985   0 0 0 85582 -403
  10644   0 0 0 -11161 -516
  21687   0 0 0 21170 -517
  94177   0 0 0 -94617 -439
  75852   0 0 0 75318 -534
  23240   0 0 0 -23637 -396
  105181   0 0 0 -104876 305
  68293   0 0 0 -68728 -434
  61045   0 0 0 -61564 -518
  5718   0 0 0 5286 -432
  41552   0 0 0 -42098 -545
  112742   0 0 0 -113248 -505
  25588   0 0 0 25139 -449
  41427   0 0 0 41020 -407
  14942   0 0 0 14500 -442
  56359   0 0 0 55892 -467
  22379   0 0 0 21879 -500
  49561   0 0 0 -50026 -464
  64600   0 0 0 64065 -535
  1477   0 0 0 982 -495
  15427   0 0 0 14880 -547
  94443   0 0 0 -94910 -466
  25547   0 0 0 25011 -536
  17368   0 0 0 16918 -450
  46625   0 0 0 46084 -541
  89385   0 0 0 -89826 -440
  66832   0 0 0 66420 -412
  8369   0 0 0 -8867 -497
  25842   0 0 0 25323 -519
  99346   0 0 0 -99801 -454
  105272   0 0 0 -105816 -543
  12853   0 0 0 -13394 -540
  75684   0 0 0 -76188 -503
  3819   0 0 0 -4220 -400
  25110   0 0 0 -25523 -412
  5381   0 0 0 -5798 -416
  13768   0 0 0 13215 -553
  51185   0 0 0 -51694 -508
  10945   0 0 0 -11430 -484
  24598   0 0 0 24054 -544
  17101   0 0 0 -17591 -489
  73727   0 0 0 73196 -531
  58898   0 0 0 58352 -546
  68591   0 0 0 -69038 -446
  10301   0 0 0 -10712 -410
  70555   0 0 0 70162 -393
  11329   0 0 0 -11734 -404
  7727   0 0 0 7259 -468
  37063   0 0 0 36538 -525
  90127   0 0 0 89676 -451
  87406   0 0 0 -87924 -517
  9523   0 0 0 9090 -433
  19724   0 0 0 19230 -494
  19441   0 0 0 18988 -453
  26078   0 0 0 25538 -540
  16264   0 0 0 -16772 -507
  13577   0 0 0 -14032 -454
  70971   0 0 0 -71433 -461
  68501   0 0 0 -69048 -546
  73624   0 0 0 73096 -528
  29303   0 0 0 28898 -405
  6873   0 0 0 -7368 -494
  39746   0 0 0 39274 -472
  52045   0 0 0 -52474 -428
  58426   0 0 0 57876 -550
  31239   0 0 0 30828 -411
  11765   0 0 0 -12223 -457
  39420   0 0 0 -39963 -542
  9496   0 0 0 9068 -428
  80501   0 0 0 -81042 -540
  37740   0 0 0 37304 -436
  83294   0 0 0 -83826 -531
  27982   0 0 0 27556 -426
  96665   0 0 0 -97133 -467
  76357   0 0 0 -76848 -490
  41446   0 0 0 40956 -490
  25938   0 0 0 25536 -402
  105106   0 0 0 -105590 -483
  35668   0 0 0 -36103 -434
  61782   0 0 0 -62268 -485
  28289   0 0 0 -28694 -404
  81148   0 0 0 80609 -539
  101219   0 0 0 -101690 -470
  27926   0 0 0 27488 -438
  43908   0 0 0 -44340 -431
  19691   0 0 0 19292 -399
  25742   0 0 0 25298 -444
  74570   0 0 0 -74961 -390
  56464   0 0 0 56018 -446
  60916   0 0 0 -61448 -531
  91348   0 0 0 90914 -434
  45873   0 0 0 -46326 -452
  93810   0 0 0 93284 -526
  75976   0 0 0 75502 -474
  40043   0 0 0 -40466 -422
  62007   0 0 0 61529 -478
  27128   0 0 0 -27638 -509
  73506   0 0 0 73055 -451
  57824   0 0 0 57283 -541
  38087   0 0 0 -38612 -524
  22759   0 0 0 22244 -515
  58561   0 0 0 58140 -421
  45413   0 0 0 -45967 -553
  7363   0 0 0 6841 -522
  53510   0 0 0 53026 -484
  14207   0 0 0 13756 -451
  99379   0 0 0 -99904 -524
  50284   0 0 0 -50688 -403
  30058   0 0 0 -30614 -555
  23285   0 0 0 22864 -421
  743   0 0 0 -1225 -481
  5370   0 0 0 -2304 3066
  91034   0 0 0 -91559 -524
  42558   0 0 0 44270 1711
  111012   0 0 0 110468 -544
  23146   0 0 0 22762 -384
  46333   0 0 0 45950 -383
  20016   0 0 0 19547 -469
  44818   0 0 0 -45231 -412
  43388   0 0 0 42919 -469
  85793   0 0 0 -86230 -436
  6926   0 0 0 6434 -492
  10918   0 0 0 10412 -506
  71267   0 0 0 70731 -536
  33264   0 0 0 -33746 -481
  6225   0 0 0 -6737 -511
  2805   0 0 0 -3234 -428
  80956   0 0 0 80528 -428
  67650   0 0 0 67104 -546
  65112   0 0 0 -65625 -512
  29166   0 0 0 28776 -390
  33831   0 0 0 33309 -522
  98340   0 0 0 97815 -525
  46961   0 0 0 46560 -401
  46687   0 0 0 46190 -497
  53809   0 0 0 53368 -441
  20110   0 0 0 -20567 -456
  90995   0 0 0 -91424 -428
  52008   0 0 0 51538 -470
  40749   0 0 0 40309 -440
  48719   0 0 0 -49116 -396
  39702   0 0 0 39254 -448
  29808   0 0 0 29406 -402
  33345   0 0 0 32906 -439
  33481   0 0 0 32972 -509
  46146   0 0 0 -46548 -401
  53268   0 0 0 52863 -405
  3861   0 0 0 -4282 -420
  3455   0 0 0 2950 -505
  26696   0 0 0 -27192 -495
  5464   0 0 0 4987 -477
  5271   0 0 0 -5685 -413
  99310   0 0 0 -99837 -526
  15739   0 0 0 -16200 -460
  76124   0 0 0 -76634 -509
  87869   0 0 0 87341 -528
  60394   0 0 0 59976 -418
  52793   0 0 0 -53287 -493
  38829   0 0 0 -39315 -485
  18276   0 0 0 17847 -429
  92824   0 0 0 -93339 -514
  26974   0 0 0 -27437 -462
  61630   0 0 0 61121 -509
  26919   0 0 0 26424 -495
  33120   0 0 0 32566 -554
  46832   0 0 0 46437 -395
  48611   0 0 0 48137 -474
  68334   0 0 0 67836 -498
  59549   0 0 0 59088 -461
  11714   0 0 0 -12226 -511
  37392   0 0 0 36956 -436
  40778   0 0 0 40359 -419
  90213   0 0 0 89666 -547
  54753   0 0 0 54241 -512
  8810   0 0 0 -9309 -498
  6982   0 0 0 6508 -474
  56888   0 0 0 56416 -472
  55698   0 0 0 -56242 -543
  110611   0 0 0 -111119 -507
  3033   0 0 0 -3428 -394
  55334   0 0 0 54828 -506
  4970   0 0 0 4430 -540
  32147   0 0 0 -32648 -500
  68202   0 0 0 -68632 -429
  26443   0 0 0 25993 -450
  13194   0 0 0 -13702 -507
  45606   0 0 0 45080 -526
  58228   0 0 0 57738 -490
  24033   0 0 0 -24525 -491
  79742   0 0 0 -80285 -542
  33534   0 0 0 -34001 -466
  51443   0 0 0 50976 -467
  102307   0 0 0 -102827 -519
  24631   0 0 0 -25137 -505
  33431   0 0 0 -33886 -454
  13159   0 0 0 -13637 -477
  93536   0 0 0 93116 -420
  50581   0 0 0 50068 -513
  9970   0 0 0 -10482 -511
  62368   0 0 0 61878 -490
  18571   0 0 0 18149 -422
  61805   0 0 0 -62194 -388
  115194   0 0 0 -110042 5152
  56075   0 0 0 -56470 -394
  25268   0 0 0 24771 -497
  33535   0 0 0 -34070 -534
  14453   0 0 0 14035 -418
  38889   0 0 0 38360 -529
  64197   0 0 0 -64670 -472
  106323   0 0 0 105786 -537
  19799   0 0 0 -20211 -411
  23413   0 0 0 23016 -397
  108913   0 0 0 108435 -478
  14006   0 0 0 -14518 -511
  44409   0 0 0 -44832 -422
  5094   0 0 0 4618 -476
  72615   0 0 0 72162 -453
  846   0 0 0 408 -438
  76085   0 0 0 75600 -485
  47960   0 0 0 47504 -456
  73046   0 0 0 -73504 -457
  5180   0 0 0 -5637 -456
  18800   0 0 0 -19234 -433
  17928   0 0 0 -18368 -439
  26650   0 0 0 26132 -518
  68547   0 0 0 68002 -545
  78594   0 0 0 -79040 -445
  68833   0 0 0 -69360 -526
  93762   0 0 0 93262 -500
  24689   0 0 0 24290 -399
  53302   0 0 0 52860 -442
  2016   0 0 0 -2460 -443
  18083   0 0 0 -18604 -520
  122335   0 0 0 -122871 -535
  59558   0 0 0 -60056 -497
  97051   0 0 0 -97490 -438
  27969   0 0 0 27444 -525
  94460   0 0 0 93914 -546
  85384   0 0 0 84846 -538
  12608   0 0 0 -13010 -401
  47270   0 0 0 46773 -497
  12241   0 0 0 -12719 -477
  15572   0 0 0 -15981 -408
  48696   0 0 0 49310 613
  44651   0 0 0 -45087 -435
  20506   0 0 0 20106 -400
  53643   0 0 0 53167 -476
  30788   0 0 0 30260 -528
  48071   0 0 0 47536 -535
  114333   0 0 0 113799 -534
  19721   0 0 0 -20113 -391
  68127   0 0 0 -68538 -410
  63444   0 0 0 -63838 -393
  29236   0 0 0 28836 -400
  48779   0 0 0 -49283 -503
  79120   0 0 0 78722 -398
  4467   0 0 0 -4960 -492
  17927   0 0 0 -18355 -427
  49388   0 0 0 -49840 -451
  59918   0 0 0 -60440 -521
  30103   0 0 0 29551 -552
  3164   0 0 0 -3672 -507
  21247   0 0 0 -21750 -502
  62243   0 0 0 61763 -480
  28582   0 0 0 28094 -488
  13950   0 0 0 13415 -535
  10950   0 0 0 -11488 -537
  18205   0 0 0 -18669 -463
  9943   0 0 0 -10338 -394
  43230   0 0 0 42813 -417
  23867   0 0 0 23376 -491
  18021   0 0 0 -18558 -536
  16718   0 0 0 -17191 -472
  5723   0 0 0 5281 -442
  68233   0 0 0 67716 -517
  37539   0 0 0 -38057 -517
  40975   0 0 0 40543 -432
  54042   0 0 0 53619 -423
  5672   0 0 0 -6195 -522
  3897   0 0 0 -4420 -522
  23367   0 0 0 22950 -417
  52090   0 0 0 51570 -520
  22138   0 0 0 21678 -460
  2563   0 0 0 2086 -477
  79431   0 0 0 78955 -476
  12527   0 0 0 -12963 -435
  7782   0 0 0 7238 -544
  66689   0 0 0 -67175 -485
  9680   0 0 0 -10211 -530
  99873   0 0 0 -100377 -503
  52080   0 0 0 51583 -497
  61260   0 0 0 -61761 -500
  95106   0 0 0 -95604 -497
  16355   0 0 0 15900 -455
  11665   0 0 0 11112 -553
  75590   0 0 0 -76142 -551
  106882   0 0 0 106422 -460
  3680   0 0 0 3177 -503
  102735   0 0 0 -103237 -501
  4000   0 0 0 3484 -516
  71801   0 0 0 71262 -539
  18619   0 0 0 18088 -531
  14391   0 0 0 13906 -485
  6572   0 0 0 -6985 -412
  61130   0 0 0 60694 -436
  94739   0 0 0 -95268 -528
  76569   0 0 0 76019 -550
  3362   0 0 0 -3798 -435
  42014   0 0 0 -42495 -480
  38755   0 0 0 38316 -439
  47611   0 0 0 -48089 -477
  26934   0 0 0 -27341 -406
  26328   0 0 0 -26739 -410
  104877   0 0 0 104388 -489
  66144   0 0 0 65672 -472
  49487   0 0 0 -49926 -438
  87016   0 0 0 86480 -536
  86969   0 0 0 -87378 -408
  65302   0 0 0 64901 -401
  91760   0 0 0 91342 -418
  30132   0 0 0 29650 -482
  28101   0 0 0 -28546 -444
  9777   0 0 0 9239 -538
  14343   0 0 0 13936 -407
  64757   0 0 0 64360 -397
  27427   0 0 0 -27876 -448
  102356   0 0 0 101880 -476
  36229   0 0 0 -36773 -543
  22870   0 0 0 22400 -470
  21033   0 0 0 -20182 851
  48458   0 0 0 48006 -452
  79165   0 0 0 78698 -467
  19479   0 0 0 -19879 -399
  95318   0 0 0 -95723 -404
  29535   0 0 0 -29986 -450
  56271   0 0 0 -56751 -479
  62074   0 0 0 61682 -392
  104380   0 0 0 -104925 -544
  52814   0 0 0 52277 -537
  85451   0 0 0 84978 -473
  60124   0 0 0 59686 -438
  19662   0 0 0 -20156 -493
  47818   0 0 0 47342 -476
  16543   0 0 0 16117 -426
  16694   0 0 0 16230 -464
  33630   0 0 0 -34166 -535
  2897   0 0 0 -3366 -468
  81836   0 0 0 -82244 -407
  106623   0 0 0 -107132 -508
  58394   0 0 0 57850 -544
  77129   0 0 0 76713 -416
  777   0 0 0 391 -386
  24398   0 0 0 -24878 -479
  36132   0 0 0 -36564 -431
  69953   0 0 0 69530 -423
  18593   0 0 0 -18989 -395
  59418   0 0 0 -59960 -541
  89144   0 0 0 88680 -464
  90309   0 0 0 -90751 -441
  79855   0 0 0 -80359 -503
  83002   0 0 0 -83500 -497
  46970   0 0 0 46436 -534
  68936   0 0 0 -69443 -506
  87412   0 0 0 86882 -530
  27735   0 0 0 27222 -513
  441   0 0 0 -147 294
  73352   0 0 0 -73770 -417
  1826   0 0 0 1329 -497
  32219   0 0 0 -32720 -500
  4092   0 0 0 3658 -434
  58142   0 0 0 57612 -530
  83600   0 0 0 83200 -400
  11434   0 0 0 11044 -390
  9835   0 0 0 -10314 -478
  35553   0 0 0 35050 -503
  49025   0 0 0 48550 -475
  57127   0 0 0 56680 -447
  6833   0 0 0 6420 -413
  29494   0 0 0 29061 -433
  43303   0 0 0 42750 -553
  42716   0 0 0 42250 -466
  75849   0 0 0 -76306 -456
  60682   0 0 0 -61107 -424
  34095   0 0 0 33626 -469
  35406   0 0 0 34887 -519
  41586   0 0 0 41062 -524
  10888   0 0 0 -11343 -454
  46929   0 0 0 46465 -464
  15199   0 0 0 -15652 -452
  41175   0 0 0 40773 -402
  71393   0 0 0 -71913 -519
  119760   0 0 0 119228 -532
  84149   0 0 0 83668 -481
  112696   0 0 0 112200 -496
  93243   0 0 0 -93724 -480
  28048   0 0 0 27566 -482
  103865   0 0 0 103419 -446
  2089   0 0 0 -2520 -430
  25743   0 0 0 25222 -521
  42971   0 0 0 42550 -421
  45707   0 0 0 45276 -431
  67265   0 0 0 -67736 -470
  80111   0 0 0 79680 -431
  26868   0 0 0 -27350 -481
  69159   0 0 0 -69591 -431
  47943   0 0 0 47439 -504
  59236   0 0 0 58766 -470
  75374   0 0 0 74836 -538
  32784   0 0 0 32254 -530
  10165   0 0 0 9721 -444
  32179   0 0 0 31711 -468
  55435   0 0 0 -55834 -398
  56091   0 0 0 55624 -467
  79030   0 0 0 -79584 -553
  109090   0 0 0 108613 -477
  59941   0 0 0 59442 -499
  49085   0 0 0 48561 -524
  27395   0 0 0 26950 -445
  49481   0 0 0 49068 -413
  100118   0 0 0 99660 -458
  47926   0 0 0 -48394 -467
  7717   0 0 0 7323 -394
  88680   0 0 0 88214 -466
  8043   0 0 0 -8460 -416
  37623   0 0 0 37190 -433
  137   0 0 0 -584 -446
  100380   0 0 0 -100896 -515
  83430   0 0 0 -83842 -411
  114461   0 0 0 113918 -543
  60325   0 0 0 -60826 -500
  13831   0 0 0 -14377 -545
  41604   0 0 0 -42074 -469
  73060   0 0 0 -73490 -429
  72235   0 0 0 -72765 -529
  39676   0 0 0 -40184 -507
  16136   0 0 0 15738 -398
  94708   0 0 0 94245 -463
  93660   0 0 0 -94148 -487
  46583   0 0 0 -47013 -429
  101051   0 0 0 100514 -537
  30251   0 0 0 -30678 -426
  77098   0 0 0 76612 -486
  45141   0 0 0 -45619 -477
  8366   0 0 0 -8858 -491
  106120   0 0 0 -106651 -530
  83452   0 0 0 -83920 -467
  74914   0 0 0 74516 -398
  56456   0 0 0 56040 -416
  102711   0 0 0 -103248 -536
  6726   0 0 0 6263 -463
  12564   0 0 0 18035 5470
  48853   0 0 0 48302 -551
  29155   0 0 0 -29688 -532
  35090   0 0 0 -35501 -410
  25153   0 0 0 -25604 -450
  66798   0 0 0 66398 -400
  11697   0 0 0 11286 -411
  73587   0 0 0 73080 -507
  78515   0 0 0 -79032 -516
  9386   0 0 0 -9866 -479
  97633   0 0 0 97124 -509
  92251   0 0 0 91714 -537
  1871   0 0 0 -2334 -462
  66217   0 0 0 65732 -485
  49959   0 0 0 -50438 -478
  75589   0 0 0 -76133 -543
  103418   0 0 0 -103928 -509
  9691   0 0 0 -10114 -422
  80784   0 0 0 80384 -400
  3033   0 0 0 -3536 -502
  22023   0 0 0 21496 -527
  66466   0 0 0 65933 -533
  9079   0 0 0 -9501 -421
  17833   0 0 0 17410 -423
  36155   0 0 0 -36616 -460
  103528   0 0 0 -104058 -529
  67657   0 0 0 -68135 -477
  7735   0 0 0 7199 -536
  27829   0 0 0 27397 -432
  39382   0 0 0 38856 -526
  97040   0 0 0 -97512 -471
  115744   0 0 0 115213 -531
  12265   0 0 0 -12695 -429
  8303   0 0 0 -8811 -507
  78189   0 0 0 77677 -512
  16394   0 0 0 -16952 -557
  69328   0 0 0 68863 -465
  2105   0 0 0 1668 -437
  19013   0 0 0 -19458 -444
  1345   0 0 0 -1878 -532
  16208   0 0 0 -16722 -513
  79939   0 0 0 -80382 -442
  15397   0 0 0 14882 -515
  56406   0 0 0 55896 -510
  88634   0 0 0 88127 -507
  54335   0 0 0 53934 -401
  53650   0 0 0 -54194 -543
  20808   0 0 0 -21296 -487
  18708   0 0 0 18295 -413
  36504   0 0 0 -36978 -473
  110040   0 0 0 -110562 -521
  52072   0 0 0 -52474 -401
  3398   0 0 0 2914 -484
  20450   0 0 0 20062 -388
  10532   0 0 0 -11075 -542
  23145   0 0 0 22656 -489
  45370   0 0 0 -45859 -488
  49220   0 0 0 -49630 -409
  33073   0 0 0 -33622 -548
  11136   0 0 0 -11638 -501
  74495   0 0 0 -74933 -437
  8778   0 0 0 8343 -435
  21336   0 0 0 -21762 -425
  70055   0 0 0 -70543 -487
  44116   0 0 0 43586 -530
  7465   0 0 0 6956 -509
  78140   0 0 0 -78684 -543
  92165   0 0 0 91708 -457
  18938   0 0 0 18861 -77
  51038   0 0 0 50537 -501
  5140   0 0 0 -5614 -473
  86992   0 0 0 86444 -548
  79099   0 0 0 -79641 -541
  102114   0 0 0 -102584 -469
  57387   0 0 0 56930 -457
  17926   0 0 0 -18458 -531
  5910   0 0 0 -6382 -471
  76872   0 0 0 76443 -429
  46299   0 0 0 45890 -409
  88216   0 0 0 87666 -550
  51747   0 0 0 -52143 -395
  30584   0 0 0 -31046 -461
  1081   0 0 0 -1576 -494
  52611   0 0 0 52074 -537
  32603   0 0 0 -33093 -489
  86295   0 0 0 85785 -510
  86067   0 0 0 -86475 -407
  59045   0 0 0 -59514 -468
  62608   0 0 0 -63021 -412
  56658   0 0 0 -57182 -523
  19985   0 0 0 19572 -413
  115633   0 0 0 -116135 -501
  44105   0 0 0 -44576 -470
  93430   0 0 0 -93862 -431
  29714   0 0 0 29174 -540
  13649   0 0 0 -14083 -433
  50088   0 0 0 49670 -418
  26285   0 0 0 25871 -414
  73938   0 0 0 73452 -486
  62246   0 0 0 -59892 2354
  37901   0 0 0 -38444 -542
  49823   0 0 0 49300 -523
  23883   0 0 0 -24431 -547
  19298   0 0 0 18882 -416
  112097   0 0 0 -112652 -554
  82878   0 0 0 82450 -428
  12079   0 0 0 11648 -431
  53124   0 0 0 52740 -384
  14362   0 0 0 -14866 -503
  47123   0 0 0 46574 -549
  27749   0 0 0 27210 -539
  95375   0 0 0 -95901 -525
  47695   0 0 0 47235 -460
  116709   0 0 0 116166 -543
  30493   0 0 0 -30882 -388
  84461   0 0 0 -84991 -529
  33656   0 0 0 33216 -440
  65774   0 0 0 65313 -461
  55074   0 0 0 -55524 -449
  88039   0 0 0 87562 -477
  21753   0 0 0 -22188 -434
  55935   0 0 0 -56482 -546
  47136   0 0 0 46726 -410
  15763   0 0 0 -16275 -511
  42349   0 0 0 -42898 -548
  24066   0 0 0 23564 -502
  29155   0 0 0 -29638 -482
  87542   0 0 0 -87997 -454
  59453   0 0 0 59047 -406
  33910   0 0 0 -34414 -503
  26861   0 0 0 -27328 -466
  28133   0 0 0 -28660 -526
  48394   0 0 0 -48906 -511
  109646   0 0 0 109164 -482
  13224   0 0 0 12799 -425
  37932   0 0 0 -38475 -542
  98528   0 0 0 -99039 -510
  6886   0 0 0 6381 -505
  78509   0 0 0 77987 -522
  18956   0 0 0 18418 -538
  66997   0 0 0 66457 -540
  67843   0 0 0 67445 -398
  67665   0 0 0 -68153 -487
  87226   0 0 0 86824 -402
  27415   0 0 0 -27837 -421
  79808   0 0 0 79320 -488
  48005   0 0 0 -48421 -415
  81607   0 0 0 -82063 -455
  24700   0 0 0 24228 -472
  38522   0 0 0 -39043 -520
  55910   0 0 0 -56364 -453
  104715   0 0 0 104222 -493
  636   0 0 0 -1062 -425
  76285   0 0 0 -76828 -542
  73421   0 0 0 72934 -487
  6295   0 0 0 5745 -550
  87310   0 0 0 -87832 -521
  43839   0 0 0 -44329 -489
  27995   0 0 0 27566 -429
  23532   0 0 0 -24053 -520
  45611   0 0 0 45102 -509
  40240   0 0 0 -40641 -400
  13098   0 0 0 -13628 -529
  19096   0 0 0 -19511 -414
  3146   0 0 0 -3558 -411
  46798   0 0 0 -47261 -462
  78343   0 0 0 77816 -527
  27079   0 0 0 -27500 -420
  48216   0 0 0 -48762 -545
  33608   0 0 0 33071 -537
  90118   0 0 0 89596 -522
  13670   0 0 0 -14152 -481
  95785   0 0 0 -96236 -450
  71903   0 0 0 -72450 -546
  34236   0 0 0 -34678 -441
  100981   0 0 0 100480 -501
  76421   0 0 0 -76852 -430
  2448   0 0 0 2042 -406
  117750   0 0 0 117244 -506
  50285   0 0 0 -50822 -536
  84636   0 0 0 -85076 -439
  38679   0 0 0 -39143 -463
  6281   0 0 0 -6820 -538
  35476   0 0 0 -35878 -401
  57127   0 0 0 -57547 -419
  18355   0 0 0 -18913 -557
  72588   0 0 0 -73047 -458
  36268   0 0 0 -36671 -402
  11686   0 0 0 -12216 -529
  58905   0 0 0 58486 -419
  1365   0 0 0 -1882 -516
  71378   0 0 0 -71782 -403
  63227   0 0 0 -63700 -472
  18734   0 0 0 18195 -539
  33134   0 0 0 32616 -518
  33940   0 0 0 33526 -414
  58463   0 0 0 58014 -449
  67638   0 0 0 67218 -420
  29796   0 0 0 29336 -460
  110986   0 0 0 -111484 -497
  62905   0 0 0 -63363 -457
  36681   0 0 0 36277 -404
  96097   0 0 0 95599 -498
  15506   0 0 0 -15892 -385
  38165   0 0 0 -38558 -392
  6503   0 0 0 -7052 -548
  38593   0 0 0 38161 -432
  17548   0 0 0 17006 -542
  1032   0 0 0 3536 2503
  63752   0 0 0 -64210 -457
  26206   0 0 0 -26707 -500
  35526   0 0 0 -36048 -521
  92902   0 0 0 92484 -418
  32013   0 0 0 -32420 -406
  117687   0 0 0 117156 -531
  47812   0 0 0 -48262 -449
  53348   0 0 0 52833 -515
  36885   0 0 0 36380 -505
  3919   0 0 0 -4371 -451
  52275   0 0 0 51857 -418
  99436   0 0 0 -99980 -543
  17645   0 0 0 17247 -398
  51567   0 0 0 -52077 -509
  35039   0 0 0 -34828 211
  83768   0 0 0 -84182 -413
  61019   0 0 0 60516 -503
  105961   0 0 0 105434 -527
  23949   0 0 0 23512 -437
  46215   0 0 0 -46628 -412
  116626   0 0 0 -117157 -530
  49296   0 0 0 -49700 -403
  42465   0 0 0 -42950 -484
  98288   0 0 0 99330 1041
  6152   0 0 0 -6588 -435
  13039   0 0 0 -13506 -466
  50267   0 0 0 49748 -519
  88982   0 0 0 88476 -506
  7020   0 0 0 6566 -454
  20746   0 0 0 -21260 -513
  5928   0 0 0 -6464 -535
  62985   0 0 0 62508 -477
  13814   0 0 0 13282 -532
  13980   0 0 0 13487 -493
  67079   0 0 0 66668 -411
  12605   0 0 0 -13138 -532
  49118   0 0 0 -49557 -438
  5240   0 0 0 4808 -432
  22117   0 0 0 -22596 -478
  27488   0 0 0 27056 -432
  40113   0 0 0 39574 -539
  78683   0 0 0 78264 -419
  104790   0 0 0 -102566 2224
  60126   0 0 0 59641 -485
  29978   0 0 0 29429 -549
  54528   0 0 0 -55047 -518
  42303   0 0 0 -42782 -478
  21304   0 0 0 20790 -514
  90272   0 0 0 89758 -514
  30396   0 0 0 29886 -510
  29347   0 0 0 -29863 -515
  23029   0 0 0 -23567 -537
  3947   0 0 0 -4451 -503
  45026   0 0 0 44576 -450
  21940   0 0 0 21488 -452
  90825   0 0 0 90377 -448
  84915   0 0 0 -85410 -494
  46399   0 0 0 45892 -507
  50521   0 0 0 49968 -553
  19397   0 0 0 -19828 -430
  53093   0 0 0 52702 -391
  82109   0 0 0 81690 -419
  5721   0 0 0 5174 -547
  67579   0 0 0 67032 -547
  28476   0 0 0 -28971 -494
  38701   0 0 0 38235 -466
  77061   0 0 0 -77508 -446
  98096   0 0 0 97574 -522
  78696   0 0 0 78276 -420
  19511   0 0 0 -19932 -420
  89471   0 0 0 -90019 -547
  104034   0 0 0 -104562 -527
  38688   0 0 0 -39102 -413
  69415   0 0 0 -69924 -508
  40738   0 0 0 -41269 -530
  62044   0 0 0 -62546 -501
  29328   0 0 0 28938 -390
  1259   0 0 0 -1660 -400
  46322   0 0 0 -46854 -531
  3785   0 0 0 3260 -525
  83972   0 0 0 -84491 -518
  97429   0 0 0 -97922 -492
  35402   0 0 0 34874 -528
  2299   0 0 0 -2715 -415
  37862   0 0 0 37834 -28
  119920   0 0 0 -120458 -537
  4076   0 0 0 3690 -386
  53374   0 0 0 -53770 -395
  71113   0 0 0 -71605 -491
  32533   0 0 0 32128 -405
  17931   0 0 0 -18471 -539
  92106   0 0 0 91606 -500
  24999   0 0 0 24522 -477
  78066   0 0 0 -78548 -481
  67722   0 0 0 -68119 -396
  76312   0 0 0 75784 -528
  92681   0 0 0 92128 -553
  63703   0 0 0 -64167 -463
  66320   0 0 0 -66871 -550
  108934   0 0 0 -109460 -525
  72102   0 0 0 71677 -425
  12224   0 0 0 -12641 -416
  52075   0 0 0 51665 -410
  43114   0 0 0 -43533 -418
  36838   0 0 0 36404 -434
  23457   0 0 0 22914 -543
  10629   0 0 0 -11070 -440
  49547   0 0 0 49069 -478
  25727   0 0 0 -26254 -526
  3577   0 0 0 -3985 -407
  93277   0 0 0 -93760 -482
  89316   0 0 0 -89832 -515
  69899   0 0 0 -70310 -410
  78337   0 0 0 77846 -491
  61647   0 0 0 -62128 -480
  32285   0 0 0 -32808 -522
  108583   0 0 0 -109116 -532
  84680   0 0 0 -85172 -491
  77638   0 0 0 77130 -508
  25585   0 0 0 25050 -535
  111569   0 0 0 -112093 -523
  71421   0 0 0 -71952 -530
  23758   0 0 0 -24198 -439
  10574   0 0 0 10042 -532
  64886   0 0 0 -65342 -455
  8004   0 0 0 7499 -505
  80956   0 0 0 -81478 -521
  4340   0 0 0 3864 -476
  90354   0 0 0 89922 -432
  29733   0 0 0 -30236 -502
  40240   0 0 0 39848 -392
  10772   0 0 0 10370 -402
  28353   0 0 0 -28850 -496
  56521   0 0 0 -56968 -446
  7966   0 0 0 -8500 -533
  37096   0 0 0 36703 -393
  33253   0 0 0 32708 -545
  4666   0 0 0 4206 -460
  10445   0 0 0 -10858 -412
  38866   0 0 0 -39395 -528
  91918   0 0 0 -92405 -486
  2111   0 0 0 -2638 -526
  12894   0 0 0 -13435 -540
  6594   0 0 0 -7068 -473
  26807   0 0 0 -27259 -451
  817   0 0 0 -1291 -473
  41094   0 0 0 40672 -422
  31257   0 0 0 30852 -405
  35867   0 0 0 35438 -429
  109943   0 0 0 -110477 -533
  49562   0 0 0 -50022 -459
  58235   0 0 0 57686 -549
  78716   0 0 0 78161 -555
  8399   0 0 0 7990 -409
  2372   0 0 0 1822 -550
  60710   0 0 0 -61140 -429
  45963   0 0 0 45536 -427
  23919   0 0 0 23440 -479
  68557   0 0 0 68158 -399
  15960   0 0 0 -16394 -433
  29405   0 0 0 -29888 -482
  64413   0 0 0 63876 -537
  46789   0 0 0 -47218 -428
  7503   0 0 0 -7991 -487
  6311   0 0 0 -6790 -478
  60967   0 0 0 -61438 -470
  66899   0 0 0 66396 -503
  49359   0 0 0 -49772 -412
  30291   0 0 0 -30718 -426
  27840   0 0 0 27414 -426
  45468   0 0 0 -45892 -423
  115121   0 0 0 -115617 -495
  47622   0 0 0 -48115 -492
  28745   0 0 0 28266 -479
  27930   0 0 0 -28392 -461
  54538   0 0 0 -54995 -456
  20398   0 0 0 19958 -440
  40387   0 0 0 -40916 -528
  47227   0 0 0 46834 -393
  39359   0 0 0 -39896 -536
  30295   0 0 0 29868 -427
  90087   0 0 0 89617 -470
  55752   0 0 0 -56299 -546
  66427   0 0 0 -66971 -543
  6885   0 0 0 -7286 -400
  37366   0 0 0 36913 -453
  38233   0 0 0 -38694 -460
  24339   0 0 0 23923 -416
  70759   0 0 0 -71283 -523
  57692   0 0 0 -58189 -496
  24213   0 0 0 23758 -455
  14233   0 0 0 -14684 -450
  6080   0 0 0 -6520 -439
  37733   0 0 0 37338 -395
  59417   0 0 0 58875 -542
  88148   0 0 0 87647 -501
  40968   0 0 0 -41508 -539
  97146   0 0 0 -96720 426
  64466   0 0 0 -64896 -429
  47405   0 0 0 -47928 -522
  73719   0 0 0 -74142 -422
  120672   0 0 0 -121225 -552
  52973   0 0 0 -53405 -431
  13224   0 0 0 -13695 -470
  56625   0 0 0 -57143 -517
  18931   0 0 0 -19355 -423
  49693   0 0 0 49276 -417
  81819   0 0 0 81408 -411
  44873   0 0 0 -45306 -432
  49674   0 0 0 -50154 -479
  94090   0 0 0 93555 -535
  1654   0 0 0 -2063 -408
  63763   0 0 0 -64160 -396
  73348   0 0 0 72959 -389
  84245   0 0 0 83834 -411
  32466   0 0 0 31952 -514
  81558   0 0 0 -81954 -395
  296   0 0 0 -161 -457
  6798   0 0 0 -7335 -536
  27017   0 0 0 -27534 -516
  13333   0 0 0 12841 -492
  4297   0 0 0 -4831 -533
  242   0 0 0 -257 -499
  40258   0 0 0 -40678 -419
  50224   0 0 0 49820 -404
  1397   0 0 0 866 -531
  41372   0 0 0 40832 -540
  41813   0 0 0 41422 -391
  47187   0 0 0 -47702 -514
  82435   0 0 0 -82970 -534
  84439   0 0 0 83988 -451
  85459   0 0 0 -85873 -413
  97529   0 0 0 -98058 -528
  86719   0 0 0 -87166 -446
  61318   0 0 0 -61850 -531
  86691   0 0 0 -87110 -418
  27024   0 0 0 -27552 -527
  96432   0 0 0 95978 -454
  5753   0 0 0 -6216 -462
  48828   0 0 0 -49246 -417
  71848   0 0 0 71464 -384
  91844   0 0 0 -92322 -477
  40047   0 0 0 -40499 -451
  37302   0 0 0 -37721 -418
  9369   0 0 0 -9901 -531
  4597   0 0 0 4151 -446
  16148   0 0 0 15702 -446
  32371   0 0 0 31839 -532
  52969   0 0 0 -53388 -418
  67917   0 0 0 67441 -476
  59526   0 0 0 59078 -448
  23630   0 0 0 23212 -418
  95354   0 0 0 -95868 -513
  24064   0 0 0 23618 -446
  92934   0 0 0 92496 -438
  111323   0 0 0 110803 -520
  80318   0 0 0 79820 -498
  65340   0 0 0 -65741 -400
  36269   0 0 0 -36742 -472
  439   0 0 0 -830 -390
  30855   0 0 0 -31265 -409
  46344   0 0 0 -46745 -400
  38092   0 0 0 37660 -432
  8969   0 0 0 8520 -449
  30138   0 0 0 29594 -544
  25311   0 0 0 -25854 -542
  72629   0 0 0 72089 -540
  119600   0 0 0 -120123 -522
  26561   0 0 0 26076 -485
  26952   0 0 0 -27404 -451
  57681   0 0 0 57258 -423
  109315   0 0 0 -109826 -510
  12833   0 0 0 -13386 -552
  7936   0 0 0 -8334 -397
  74573   0 0 0 -75056 -482
  24673   0 0 0 -25156 -482
  75228   0 0 0 -75711 -482
  47080   0 0 0 46581 -499
  10367   0 0 0 -10814 -446
  82565   0 0 0 82100 -465
  17496   0 0 0 17002 -494
  53190   0 0 0 52719 -471
  80979   0 0 0 80428 -551
  45048   0 0 0 44538 -510
  28688   0 0 0 28307 -381
  11521   0 0 0 -11944 -422
  103072   0 0 0 -103558 -485
  5508   0 0 0 -6008 -499
  17387   0 0 0 16932 -455
  50018   0 0 0 -50412 -393
  94952   0 0 0 94487 -465
  54460   0 0 0 54056 -404
  102663   0 0 0 -103129 -465
  88359   0 0 0 -88748 -388
  56212   0 0 0 -56702 -489
  16629   0 0 0 16225 -404
  22971   0 0 0 22518 -453
  54831   0 0 0 -55275 -443
  76932   0 0 0 76432 -500
  19851   0 0 0 -20309 -457
  59533   0 0 0 59056 -477
  18082   0 0 0 17586 -496
  52675   0 0 0 53681 1005
  11712   0 0 0 -12185 -472
  95964   0 0 0 -96450 -485
  27107   0 0 0 -27566 -458
  2460   0 0 0 1989 -471
  66328   0 0 0 -66854 -525
  34105   0 0 0 33611 -494
  53683   0 0 0 -54147 -463
  92843   0 0 0 92375 -468
  16481   0 0 0 -16887 -405
  26143   0 0 0 -26606 -462
  95343   0 0 0 94924 -419
  54027   0 0 0 -54490 -462
  79073   0 0 0 -79579 -505
  41394   0 0 0 40957 -437
  70792   0 0 0 70401 -391
  77997   0 0 0 77567 -430
  38994   0 0 0 38514 -480
  82081   0 0 0 81662 -419
  33902   0 0 0 33443 -459
  39602   0 0 0 39082 -520
  50263   0 0 0 49713 -550
  59859   0 0 0 -60324 -464
  44082   0 0 0 43682 -400
  40997   0 0 0 40476 -521
  8578   0 0 0 8100 -478
  111579   0 0 0 111080 -499
  56075   0 0 0 -56562 -486
  24350   0 0 0 23845 -505
  62869   0 0 0 62458 -411
  88   0 0 0 -310 -398
  46258   0 0 0 -46692 -433
  27409   0 0 0 27026 -383
  3270   0 0 0 -3783 -512
  57637   0 0 0 57212 -425
  28070   0 0 0 -28566 -495
  18993   0 0 0 18570 -423
  23848   0 0 0 23313 -535
  6235   0 0 0 5844 -391
  58234   0 0 0 -58746 -511
  2931   0 0 0 2427 -504
  54053   0 0 0 -54550 -496
  94339   0 0 0 93816 -523
  62462   0 0 0 62052 -410
  44027   0 0 0 43608 -419
  29668   0 0 0 -30194 -525
  44422   0 0 0 -44854 -431
  12138   0 0 0 -12530 -391
  72669   0 0 0 72137 -532
  47236   0 0 0 46826 -410
  38432   0 0 0 37936 -496
  65838   0 0 0 -66380 -541
  28001   0 0 0 27476 -525
  15015   0 0 0 14472 -543
  71983   0 0 0 -72507 -523
  115512   0 0 0 114972 -540
  57168   0 0 0 56701 -467
  79251   0 0 0 78807 -444
  30185   0 0 0 29665 -520
  72911   0 0 0 72496 -415
  1268   0 0 0 -1803 -534
  65890   0 0 0 65427 -463
  25370   0 0 0 24826 -544
  110423   0 0 0 -110946 -522
  18157   0 0 0 17749 -408
  92640   0 0 0 92103 -537
  114496   0 0 0 113987 -509
  68853   0 0 0 68395 -458
  13146   0 0 0 -13670 -523
  72168   0 0 0 71616 -552
  117734   0 0 0 -118248 -513
  54702   0 0 0 54317 -385
  18256   0 0 0 -18656 -399
  90946   0 0 0 90506 -440
  58848   0 0 0 58319 -529
  77916   0 0 0 77440 -476
  74558   0 0 0 74110 -448
  28159   0 0 0 27662 -497
  45527   0 0 0 45098 -429
  58867   0 0 0 -59410 -542
  29932   0 0 0 29500 -432
  54733   0 0 0 54267 -466
  78058   0 0 0 77511 -547
  65051   0 0 0 -65545 -493
  47275   0 0 0 -47751 -475
  34421   0 0 0 33976 -445
  40737   0 0 0 40188 -549
  52397   0 0 0 52016 -381
  45522   0 0 0 -46009 -486
  112851   0 0 0 -113367 -515
  60218   0 0 0 59712 -506
  89916   0 0 0 89433 -483
  63940   0 0 0 63406 -534
  74647   0 0 0 74135 -512
  11448   0 0 0 -11913 -464
  65506   0 0 0 -66064 -557
  49801   0 0 0 49286 -515
  4676   0 0 0 4124 -552
  85586   0 0 0 -86083 -496
  45791   0 0 0 45394 -397
  64387   0 0 0 63901 -486
  16367   0 0 0 -16896 -528
  54971   0 0 0 -55389 -417
  17315   0 0 0 -17850 -534
  15567   0 0 0 -16083 -515
  22521   0 0 0 -22919 -397
  60366   0 0 0 59834 -532
  35869   0 0 0 35346 -523
  7241   0 0 0 -7692 -450
  10047   0 0 0 -10438 -390
  51200   0 0 0 -51620 -419
  48954   0 0 0 -49492 -537
  53010   0 0 0 52502 -508
  99854   0 0 0 -100361 -506
  10317   0 0 0 -10792 -474
  21444   0 0 0 20923 -521
  92181   0 0 0 -92724 -542
  46265   0 0 0 45798 -467
  87798   0 0 0 87347 -451
  91312   0 0 0 90787 -525
  47831   0 0 0 47304 -527
  45574   0 0 0 -46032 -457
  37627   0 0 0 -38167 -539
  64654   0 0 0 -65064 -409
  2299   0 0 0 1876 -423
  4562   0 0 0 4069 -493
  21130   0 0 0 -21643 -512
  121946   0 0 0 121413 -533
  13034   0 0 0 12540 -494
  14808   0 0 0 14272 -536
  68728   0 0 0 -69224 -495
  19902   0 0 0 -20320 -417
  15100   0 0 0 -15572 -471
  13792   0 0 0 13330 -462
  61241   0 0 0 60782 -459
  32174   0 0 0 31675 -499
  42317   0 0 0 41835 -482
  73036   0 0 0 -73564 -527
  79528   0 0 0 -80045 -516
  2502   0 0 0 -2920 -417
  68929   0 0 0 -69412 -482
  54224   0 0 0 -54687 -462
  51872   0 0 0 51360 -512
  36237   0 0 0 35743 -494
  62198   0 0 0 61783 -415
  75605   0 0 0 -76106 -500
  52923   0 0 0 52404 -519
  65314   0 0 0 64766 -548
  51434   0 0 0 50968 -466
  9884   0 0 0 -10306 -421
  13473   0 0 0 13066 -407
  82286   0 0 0 -82804 -517
  102207   0 0 0 101744 -463
  59420   0 0 0 -59900 -479
  31940   0 0 0 31538 -402
  66637   0 0 0 -67064 -426
  58931   0 0 0 -59406 -474
  5048   0 0 0 4576 -472
  36148   0 0 0 -36698 -549
  4518   0 0 0 4062 -456
  93074   0 0 0 -93509 -434
  33053   0 0 0 -33467 -413
  76734   0 0 0 76332 -402
  42240   0 0 0 41834 -406
  92160   0 0 0 91670 -490
  21931   0 0 0 21401 -530
  43189   0 0 0 -43632 -442
  1292   0 0 0 -1717 -424
  87311   0 0 0 86774 -537
  3314   0 0 0 -3735 -420
  56549   0 0 0 -57004 -454
  65701   0 0 0 65284 -417
  4891   0 0 0 -5408 -516
  10469   0 0 0 9960 -509
  35759   0 0 0 -36288 -528
  112039   0 0 0 111491 -548
  60019   0 0 0 59538 -481
  117348   0 0 0 -117684 -335
  77749   0 0 0 77254 -495
  20895   0 0 0 20369 -526
  64154   0 0 0 -64690 -535
  77283   0 0 0 76885 -398
  53125   0 0 0 52731 -394
  50352   0 0 0 -50750 -397
  116332   0 0 0 -116872 -539
  101134   0 0 0 100676 -458
  189   0 0 0 -245 -434
  75260   0 0 0 74830 -430
  90460   0 0 0 89906 -554
  111997   0 0 0 -112494 -496
  27531   0 0 0 27105 -426
  75702   0 0 0 -76180 -477
  56230   0 0 0 -56665 -434
  2041   0 0 0 -2490 -448
  77907   0 0 0 -78420 -512
  70782   0 0 0 70244 -538
  3073   0 0 0 2619 -454
  67273   0 0 0 -67661 -387
  46370   0 0 0 -46866 -495
  50631   0 0 0 50226 -405
  61196   0 0 0 -61668 -471
  60569   0 0 0 60172 -397
  54442   0 0 0 53985 -457
  83193   0 0 0 -83588 -394
  3951   0 0 0 -4335 -383
  50397   0 0 0 49918 -479
  41968   0 0 0 -42460 -491
  58931   0 0 0 58430 -501
  57330   0 0 0 56935 -395
  65188   0 0 0 64767 -421
  60058   0 0 0 59582 -476
  59599   0 0 0 -60049 -449
  95650   0 0 0 95173 -477
  41404   0 0 0 -41796 -391
  93274   0 0 0 92754 -520
  110577   0 0 0 -107963 2614
  98436   0 0 0 97909 -527
  837   0 0 0 408 -429
  82800   0 0 0 82364 -436
  105516   0 0 0 -106062 -545
  24370   0 0 0 23886 -484
  72297   0 0 0 71790 -507
  51344   0 0 0 -51803 -458
  16380   0 0 0 15942 -438
  6184   0 0 0 5780 -404
  10173   0 0 0 -10582 -408
  67850   0 0 0 67457 -393
  8622   0 0 0 8098 -524
  26400   0 0 0 25946 -454
  10255   0 0 0 -10634 -378
  93663   0 0 0 -94136 -472
  42273   0 0 0 41886 -387
  2636   0 0 0 -3178 -541
  40324   0 0 0 39870 -454
  60503   0 0 0 59988 -515
  45964   0 0 0 45573 -391
  9451   0 0 0 -9856 -404
  48193   0 0 0 -48635 -441
  25741   0 0 0 25278 -463
  13534   0 0 0 -14065 -530
  29318   0 0 0 -29716 -397
  41198   0 0 0 40716 -482
  23287   0 0 0 -23791 -503
  68557   0 0 0 -69090 -532
  73206   0 0 0 72697 -509
  46382   0 0 0 45885 -497
  97974   0 0 0 97444 -530
  87603   0 0 0 87122 -481
  79896   0 0 0 -80402 -505
  91417   0 0 0 90871 -546
  20875   0 0 0 20362 -513
  41392   0 0 0 40936 -456
  78661   0 0 0 78219 -442
  48594   0 0 0 48170 -424
  1630   0 0 0 -2058 -427
  83180   0 0 0 -83723 -542
  73117   0 0 0 72614 -503
  19355   0 0 0 -19830 -474
  80889   0 0 0 82858 1968
  35412   0 0 0 -35950 -537
  55175   0 0 0 -55710 -534
  32224   0 0 0 31776 -448
  23665   0 0 0 -24215 -549
  73823   0 0 0 73308 -515
  5604   0 0 0 -6126 -521
  60253   0 0 0 -60780 -526
  18413   0 0 0 17960 -453
  71431   0 0 0 70991 -440
  43850   0 0 0 -44331 -480
  45768   0 0 0 45237 -531
  45250   0 0 0 44838 -412
  47098   0 0 0 46576 -522
  16366   0 0 0 -16758 -391
  96955   0 0 0 98409 1453
  94200   0 0 0 -94617 -416
  83644   0 0 0 -84140 -495
  49781   0 0 0 49374 -407
  106765   0 0 0 -107267 -501
  16435   0 0 0 15890 -545
  46587   0 0 0 -47104 -516
  11712   0 0 0 11170 -542
  12348   0 0 0 -12762 -413
  41755   0 0 0 -42234 -478
  60263   0 0 0 -60755 -491
  59340   0 0 0 -59856 -515
  34051   0 0 0 33548 -503
  3670   0 0 0 -4209 -538
  31816   0 0 0 -32354 -537
  25940   0 0 0 -26414 -473
  43800   0 0 0 43332 -468
  22360   0 0 0 -22850 -489
  16192   0 0 0 -16644 -451
  69036   0 0 0 -69552 -515
  67364   0 0 0 -67843 -478
  17992   0 0 0 17456 -536
  16146   0 0 0 15600 -546
  72256   0 0 0 71738 -518
  60752   0 0 0 -61234 -481
  27869   0 0 0 27439 -430
  91795   0 0 0 91393 -402
  27682   0 0 0 -28127 -444
  113323   0 0 0 -113817 -493
  9118   0 0 0 -9560 -441
  31679   0 0 0 -32109 -429
  30010   0 0 0 29526 -484
  64030   0 0 0 63529 -501
  49547   0 0 0 50925 1377
  39588   0 0 0 -40118 -529
  31208   0 0 0 -31620 -411
  68923   0 0 0 -69316 -392
  97040   0 0 0 -97548 -507
  16210   0 0 0 -16636 -425
  2612   0 0 0 2199 -413
  92871   0 0 0 -93405 -533
  54668   0 0 0 54150 -518
  28446   0 0 0 -28962 -515
  90718   0 0 0 90251 -467
  77741   0 0 0 -78199 -457
  8951   0 0 0 -9396 -444
  47050   0 0 0 46660 -390
  77195   0 0 0 76676 -519
  51886   0 0 0 -52365 -478
  22482   0 0 0 -23036 -553
  52234   0 0 0 51812 -422
  26349   0 0 0 25936 -413
  89364   0 0 0 -89760 -395
  63997   0 0 0 -64411 -413
  19075   0 0 0 -19578 -502
  30656   0 0 0 -31188 -531
  8745   0 0 0 -9181 -435
  35832   0 0 0 -36309 -476
  16507   0 0 0 -16893 -385
  41764   0 0 0 -42167 -402
  58125   0 0 0 -58600 -474
  78801   0 0 0 -79315 -513
  85873   0 0 0 85383 -490
  21128   0 0 0 -21595 -466
  26643   0 0 0 -27118 -474
  38400   0 0 0 37866 -534
  90906   0 0 0 90430 -476
  59759   0 0 0 -60152 -392
  72443   0 0 0 71958 -485
  107733   0 0 0 107240 -493
  17731   0 0 0 17214 -517
  13402   0 0 0 12958 -444
  28548   0 0 0 28158 -390
  34986   0 0 0 -35455 -468
  66455   0 0 0 -67008 -552
  17606   0 0 0 -18064 -457
  15473   0 0 0 -15877 -403
  88992   0 0 0 88502 -490
  64271   0 0 0 63878 -393
  78245   0 0 0 -78784 -538
  95402   0 0 0 -95839 -436
  33714   0 0 0 -34113 -398
  73003   0 0 0 -73415 -411
  53586   0 0 0 -54106 -519
  29835   0 0 0 29378 -457
  95829   0 0 0 -96379 -549
  30943   0 0 0 -31404 -460
  85349   0 0 0 -85760 -410
  55103   0 0 0 -55482 -378
  127960   0 0 0 127413 -547
  41567   0 0 0 41070 -497
  39132   0 0 0 38694 -438
  17357   0 0 0 -17814 -456
  6346   0 0 0 5809 -537
  26494   0 0 0 26107 -387
  62123   0 0 0 61707 -416
  57996   0 0 0 -58420 -423
  91438   0 0 0 -91956 -517
  30269   0 0 0 29841 -428
  49483   0 0 0 -49888 -404
  40243   0 0 0 39728 -515
  60599   0 0 0 60130 -469
  20448   0 0 0 -20992 -543
  68471   0 0 0 67912 -559
  14977   0 0 0 14441 -536
  69326   0 0 0 68781 -545
  69657   0 0 0 -70194 -536
  12283   0 0 0 -12684 -400
  11859   0 0 0 11427 -432
  82853   0 0 0 -83394 -540
  31154   0 0 0 -31548 -393
  41704   0 0 0 -42206 -501
  24544   0 0 0 -25095 -550
  99956   0 0 0 99436 -520
  6850   0 0 0 6308 -542
  98237   0 0 0 -98665 -427
  74096   0 0 0 73596 -500
  19042   0 0 0 18528 -514
  73991   0 0 0 73494 -497
  52242   0 0 0 -52694 -451
  30411   0 0 0 29984 -427
  42747   0 0 0 -43167 -419
  62861   0 0 0 62464 -397
  51760   0 0 0 51248 -512
  28800   0 0 0 28405 -395
  25299   0 0 0 24874 -425
  11378   0 0 0 10908 -470
  9722   0 0 0 -10262 -539
  39284   0 0 0 38750 -534
  46753   0 0 0 -47270 -516
  85660   0 0 0 -86177 -516
  6472   0 0 0 6032 -440
  4145   0 0 0 3688 -457
  43002   0 0 0 42537 -465
  11354   0 0 0 10930 -424
  6869   0 0 0 -7280 -410
  58845   0 0 0 -59305 -459
  108345   0 0 0 -108871 -525
  94722   0 0 0 94251 -471
  17581   0 0 0 -18090 -508
  72961   0 0 0 72523 -438
  82872   0 0 0 -83428 -555
  31546   0 0 0 -32005 -458
  54752   0 0 0 -55158 -405
  3679   0 0 0 3236 -443
  53916   0 0 0 53448 -468
  25323   0 0 0 -25860 -536
  67210   0 0 0 66760 -450
  21901   0 0 0 -22382 -480
  32240   0 0 0 31704 -536
  97495   0 0 0 96998 -497
  35548   0 0 0 35102 -446
  52692   0 0 0 -53145 -452
  47284   0 0 0 -47711 -426
  12624   0 0 0 12118 -506
  57771   0 0 0 57352 -419
  7034   0 0 0 6610 -424
  11435   0 0 0 -11910 -474
  116907   0 0 0 116354 -553
  27343   0 0 0 -27829 -485
  84990   0 0 0 -85535 -544
  65635   0 0 0 65144 -491
  63536   0 0 0 63066 -470
  105197   0 0 0 110887 5689
  50315   0 0 0 -50748 -432
  12962   0 0 0 12536 -426
  50355   0 0 0 49841 -514
  67150   0 0 0 -67658 -507
  30082   0 0 0 29567 -515
  14423   0 0 0 -14832 -408
  91797   0 0 0 -92258 -460
  10688   0 0 0 10278 -410
  1256   0 0 0 -1712 -455
  26076   0 0 0 -26531 -454
  45977   0 0 0 -46393 -415
  99110   0 0 0 98598 -512
  53994   0 0 0 -54394 -399
  17149   0 0 0 -17612 -462
  8643   0 0 0 -9106 -462
  4256   0 0 0 -4666 -409
  36850   0 0 0 -37387 -536
  15161   0 0 0 -15676 -514
  35591   0 0 0 -36093 -501
  37934   0 0 0 37495 -439
  96241   0 0 0 -96756 -514
  107085   0 0 0 -107616 -530
  44717   0 0 0 -45188 -470
  12585   0 0 0 -13128 -542
  605   0 0 0 174 -431
  77471   0 0 0 -77926 -454
  100839   0 0 0 -101310 -470
  39803   0 0 0 -40300 -496
  43510   0 0 0 43112 -398
  2121   0 0 0 1573 -548
  22067   0 0 0 21560 -507
  56744   0 0 0 56289 -455
  37420   0 0 0 -37965 -544
  1749   0 0 0 1267 -482
  81054   0 0 0 80924 -130
  7309   0 0 0 -7716 -406
  34249   0 0 0 -34734 -484
  27811   0 0 0 27314 -497
  3411   0 0 0 2967 -444
  70293   0 0 0 69823 -470
  65588   0 0 0 65160 -428
  17923   0 0 0 -18340 -416
  42718   0 0 0 42292 -426
  9200   0 0 0 -9732 -531
  3599   0 0 0 3054 -545
  63796   0 0 0 -64227 -430
  82089   0 0 0 -82641 -551
  66724   0 0 0 -67240 -515
  108880   0 0 0 -109419 -538
  13286   0 0 0 12872 -414
  63975   0 0 0 -64438 -462
  45818   0 0 0 -46343 -524
  6876   0 0 0 -7302 -425
  12110   0 0 0 11588 -522
  34724   0 0 0 -35135 -410
  3243   0 0 0 -3740 -496
  101399   0 0 0 -101878 -478
  37828   0 0 0 38183 354
  39565   0 0 0 -39958 -392
  12096   0 0 0 -12534 -437
  63986   0 0 0 63446 -540
  72778   0 0 0 -73260 -481
  32444   0 0 0 32044 -400
  68613   0 0 0 -69050 -436
  67325   0 0 0 66936 -389
  52374   0 0 0 -52895 -520
  37508   0 0 0 37010 -498
  44633   0 0 0 44117 -516
  44425   0 0 0 -44958 -532
  58591   0 0 0 58113 -478
  88000   0 0 0 -88494 -493
  21129   0 0 0 -21592 -462
  92729   0 0 0 -93195 -465
  117531   0 0 0 117010 -521
  96960   0 0 0 -97512 -551
  44080   0 0 0 -44576 -495
  33538   0 0 0 33079 -459
  20621   0 0 0 20147 -474
  97970   0 0 0 97504 -466
  87293   0 0 0 -87794 -500
  23271   0 0 0 -23710 -438
  36595   0 0 0 -37140 -544
  56378   0 0 0 55921 -457
  3608   0 0 0 -4163 -554
  11502   0 0 0 -11957 -454
  3111   0 0 0 2604 -507
  40667   0 0 0 -41194 -526
  1010   0 0 0 -1408 -397
  29777   0 0 0 29313 -464
  57951   0 0 0 -58353 -401
  49247   0 0 0 48846 -401
  26968   0 0 0 26502 -466
  74589   0 0 0 74150 -439
  15575   0 0 0 -16086 -510
  90453   0 0 0 -84679 5774
  13483   0 0 0 -14006 -522
  16101   0 0 0 -16559 -457
  49281   0 0 0 48777 -504
  10088   0 0 0 -10549 -460
  42804   0 0 0 42295 -509
  22730   0 0 0 -23154 -423
  80458   0 0 0 79977 -481
  79877   0 0 0 79476 -401
  24684   0 0 0 24255 -429
  72507   0 0 0 72122 -385
  18147   0 0 0 -18562 -414
  111664   0 0 0 -112204 -539
  37720   0 0 0 -38120 -399
  41506   0 0 0 41010 -496
  96807   0 0 0 96270 -537
  57505   0 0 0 -57913 -407
  80754   0 0 0 80217 -537
  77627   0 0 0 -78140 -512
  34502   0 0 0 -34949 -446
  11977   0 0 0 -12480 -502
  7342   0 0 0 -7894 -551
  81528   0 0 0 81009 -519
  78995   0 0 0 78532 -463
  34727   0 0 0 -35240 -512
  4027   0 0 0 3542 -485
  113600   0 0 0 113073 -527
  32567   0 0 0 32015 -552
  65460   0 0 0 -65890 -429
  2415   0 0 0 -2922 -506
  35799   0 0 0 -36291 -491
  75347   0 0 0 74800 -547
  95507   0 0 0 95023 -484
  22210   0 0 0 -22754 -543
  37308   0 0 0 -37762 -453
  23699   0 0 0 -24144 -444
  4538   0 0 0 4019 -519
  2814   0 0 0 2352 -462
  34826   0 0 0 -35356 -529
  63064   0 0 0 62515 -549
  98322   0 0 0 97855 -467
  3146   0 0 0 2672 -474
  890   0 0 0 -1444 -553
  76001   0 0 0 -76432 -430
  46993   0 0 0 46582 -411
  258   0 0 0 3640 3898
  76400   0 0 0 75951 -449
  19239   0 0 0 -19708 -468
  69660   0 0 0 -70184 -523
  27182   0 0 0 26720 -462
  28960   0 0 0 28492 -468
  27815   0 0 0 -28358 -542
  102981   0 0 0 -103515 -533
  21667   0 0 0 21152 -515
  3678   0 0 0 3234 -444
  36711   0 0 0 -37159 -447
  71702   0 0 0 -72180 -477
  83447   0 0 0 -83878 -430
  6937   0 0 0 -7442 -504
  80416   0 0 0 79947 -469
  50907   0 0 0 -51440 -532
  77992   0 0 0 77524 -468
  60292   0 0 0 59852 -440
  81576   0 0 0 81064 -512
  62168   0 0 0 61656 -512
  32452   0 0 0 31931 -521
  119944   0 0 0 119452 -492
  744   0 0 0 222 -522
  68901   0 0 0 -69289 -387
  90658   0 0 0 -91161 -502
  71996   0 0 0 -72456 -459
  85027   0 0 0 84572 -455
  5304   0 0 0 -5782 -477
  10762   0 0 0 -11198 -435
  61441   0 0 0 -61930 -488
  26842   0 0 0 26414 -428
  67560   0 0 0 -68113 -552
  37019   0 0 0 36466 -553
  5765   0 0 0 5378 -387
  67219   0 0 0 -67610 -390
  59825   0 0 0 -60337 -511
  76744   0 0 0 76294 -450
  37398   0 0 0 -37812 -413
  17969   0 0 0 17452 -517
  50345   0 0 0 49800 -545
  80418   0 0 0 -80896 -477
  62108   0 0 0 -62514 -405
  1171   0 0 0 766 -405
  119337   0 0 0 -119842 -504
  40694   0 0 0 -41197 -502
  25073   0 0 0 24564 -509
  15622   0 0 0 15108 -514
  76738   0 0 0 76327 -411
  104041   0 0 0 -104504 -462
  25087   0 0 0 24650 -437
  102163   0 0 0 101624 -539
  99459   0 0 0 98994 -465
  33171   0 0 0 32726 -445
  70961   0 0 0 70412 -549
  12657   0 0 0 -13109 -451
  15014   0 0 0 -15535 -520
  86649   0 0 0 -87146 -496
  46742   0 0 0 -47201 -458
  79325   0 0 0 78930 -395
  86037   0 0 0 85605 -432
  102780   0 0 0 102238 -542
  10379   0 0 0 -10815 -435
  37493   0 0 0 -37970 -476
  55714   0 0 0 -56218 -503
  71747   0 0 0 71313 -434
  22750   0 0 0 -23280 -529
  79533   0 0 0 -80045 -511
  54157   0 0 0 -54668 -510
  8867   0 0 0 8423 -444
  14150   0 0 0 13707 -443
  42094   0 0 0 -42574 -479
  90499   0 0 0 -91017 -517
  38545   0 0 0 38002 -543
  48786   0 0 0 48392 -394
  21010   0 0 0 -21552 -541
  44918   0 0 0 -45345 -426
  78977   0 0 0 78530 -447
  8595   0 0 0 8168 -427
  27516   0 0 0 -27920 -403
  60059   0 0 0 -60546 -486
  3176   0 0 0 -3578 -401
  43923   0 0 0 43492 -431
  70419   0 0 0 -70886 -466
  31907   0 0 0 31512 -395
  57688   0 0 0 57234 -454
  2348   0 0 0 -2822 -473
  10685   0 0 0 -11230 -544
  42936   0 0 0 -43334 -397
  34025   0 0 0 33542 -483
  62290   0 0 0 61808 -482
  67413   0 0 0 66974 -439
  77365   0 0 0 -77788 -422
  29145   0 0 0 28684 -461
  15108   0 0 0 -15638 -529
  6419   0 0 0 5936 -483
  11098   0 0 0 -11611 -512
  7321   0 0 0 -7854 -532
  80835   0 0 0 -81353 -517
  59315   0 0 0 -59770 -454
  47305   0 0 0 -47783 -477
  19001   0 0 0 18486 -515
  79189   0 0 0 78699 -490
  76958   0 0 0 -77372 -413
  11034   0 0 0 10576 -458
  90897   0 0 0 90469 -428
  16108   0 0 0 -16491 -382
  64654   0 0 0 -65060 -405
  64666   0 0 0 64174 -492
  55627   0 0 0 55224 -403
  37342   0 0 0 36946 -396
  22604   0 0 0 22202 -402
  19376   0 0 0 18908 -468
  20649   0 0 0 -21144 -494
  55165   0 0 0 54748 -417
  61070   0 0 0 -61543 -472
  65417   0 0 0 65012 -405
  699   0 0 0 218 -481
  73227   0 0 0 -73694 -466
  48263   0 0 0 -48790 -526
  15512   0 0 0 -15938 -425
  94102   0 0 0 93640 -462
  82763   0 0 0 82237 -526
  108630   0 0 0 -109131 -500
  44054   0 0 0 43649 -405
  45700   0 0 0 45274 -426
  61783   0 0 0 61229 -554
  39211   0 0 0 38786 -425
  103216   0 0 0 102726 -490
  53614   0 0 0 53154 -460
  60035   0 0 0 -60545 -509
  69971   0 0 0 69580 -391
  44011   0 0 0 -44471 -459
  94015   0 0 0 93518 -497
  23401   0 0 0 22849 -552
  13546   0 0 0 -14078 -531
  5728   0 0 0 5310 -418
  22689   0 0 0 -23175 -485
  6931   0 0 0 -7455 -523
  25386   0 0 0 24890 -496
  7249   0 0 0 -7662 -412
  26005   0 0 0 -26518 -512
  24278   0 0 0 -24667 -388
  63974   0 0 0 63532 -442
  37219   0 0 0 36746 -473
  71008   0 0 0 -71385 -376
  55044   0 0 0 -55548 -503
  101325   0 0 0 100819 -506
  34158   0 0 0 -34592 -433
  4440   0 0 0 3988 -452
  81120   0 0 0 -81583 -462
  21748   0 0 0 21253 -495
  85197   0 0 0 -85717 -519
  28753   0 0 0 -29178 -424
  76163   0 0 0 -76551 -387
  55488   0 0 0 55026 -462
  76002   0 0 0 -76471 -468
  53101   0 0 0 52706 -395
  54655   0 0 0 -55050 -394
  71498   0 0 0 70962 -536
  52108   0 0 0 51711 -397
  56238   0 0 0 55722 -516
  43390   0 0 0 42894 -496
  16663   0 0 0 16187 -476
  79126   0 0 0 78626 -500
  43872   0 0 0 -44369 -496
  43044   0 0 0 -43561 -516
  75055   0 0 0 -75574 -518
  64294   0 0 0 -64848 -553
  3754   0 0 0 3350 -404
  91184   0 0 0 90740 -444
  77525   0 0 0 77116 -409
  45970   0 0 0 -46464 -493
  29907   0 0 0 -30322 -414
  66828   0 0 0 66294 -534
  42741   0 0 0 -43289 -547
  100671   0 0 0 100146 -525
  36647   0 0 0 36114 -533
  43278   0 0 0 44010 731
  49906   0 0 0 49496 -410
  4103   0 0 0 -4610 -506
  30531   0 0 0 30117 -414
  11382   0 0 0 -11784 -401
  53914   0 0 0 -54380 -465
  100159   0 0 0 99616 -543
  10320   0 0 0 -10832 -511
  79547   0 0 0 -79966 -418
  51439   0 0 0 -51948 -508
  37848   0 0 0 37360 -488
  76455   0 0 0 -76939 -483
  80293   0 0 0 79782 -511
  75540   0 0 0 75095 -445
  30677   0 0 0 -31121 -443
  39050   0 0 0 38574 -476
  8160   0 0 0 -8700 -539
  47784   0 0 0 47354 -430
  87414   0 0 0 86937 -477
  77469   0 0 0 -77979 -509
  69218   0 0 0 68798 -420
  13897   0 0 0 13450 -447
  21108   0 0 0 20673 -435
  86759   0 0 0 -87147 -387
  56611   0 0 0 -57161 -549
  43617   0 0 0 -44038 -420
  48387   0 0 0 -48932 -544
  35447   0 0 0 35028 -419
  26133   0 0 0 -26548 -414
  8638   0 0 0 -9170 -531
  95933   0 0 0 -96418 -484
  26567   0 0 0 26162 -405
  30009   0 0 0 29545 -464
  61279   0 0 0 60862 -417
  102487   0 0 0 -103022 -534
  59110   0 0 0 58706 -404
  62701   0 0 0 62268 -433
  50695   0 0 0 -51198 -502
  7044   0 0 0 6582 -462
  79600   0 0 0 79130 -470
  64649   0 0 0 64139 -510
  82565   0 0 0 82114 -451
  32656   0 0 0 -33170 -513
  85616   0 0 0 -86024 -407
  59045   0 0 0 -59446 -400
  66366   0 0 0 -66847 -480
  61495   0 0 0 61017 -478
  7492   0 0 0 -7900 -407
  45338   0 0 0 44879 -459
  61677   0 0 0 -62141 -463
  85937   0 0 0 85487 -450
  38252   0 0 0 37797 -455
  26358   0 0 0 25836 -522
  65568   0 0 0 65084 -484
  11708   0 0 0 -12190 -481
  45994   0 0 0 45504 -490
  69264   0 0 0 -69765 -500
  84670   0 0 0 84124 -546
  21981   0 0 0 -22538 -556
  94306   0 0 0 93772 -534
  10149   0 0 0 -10694 -544
  35442   0 0 0 34982 -460
  53386   0 0 0 52949 -437
  80890   0 0 0 80475 -415
  56791   0 0 0 56281 -510
  60833   0 0 0 -61307 -473
  42054   0 0 0 41589 -465
  34946   0 0 0 -35389 -442
  55065   0 0 0 -55488 -422
  33785   0 0 0 -34244 -458
  66403   0 0 0 66006 -397
  20854   0 0 0 20436 -418
  51587   0 0 0 -52113 -525
  6998   0 0 0 -7398 -399
  46354   0 0 0 -46839 -484
  75576   0 0 0 -76070 -493
  84090   0 0 0 -84580 -489
  10726   0 0 0 -11183 -456
  23360   0 0 0 -23840 -479
  65200   0 0 0 64732 -468
  6329   0 0 0 5810 -519
  36852   0 0 0 36421 -431
  44173   0 0 0 -44655 -481
  36808   0 0 0 -37324 -515
  26393   0 0 0 -26796 -402
  19412   0 0 0 -19840 -427
  75326   0 0 0 74800 -526
  13293   0 0 0 12750 -543
  32650   0 0 0 -33095 -444
  83632   0 0 0 -82446 1186
  44263   0 0 0 -44757 -493
  63760   0 0 0 -64285 -524
  55454   0 0 0 55026 -428
  697   0 0 0 293 -404
  24167   0 0 0 -24568 -400
  10797   0 0 0 -11283 -485
  57749   0 0 0 -58299 -549
  59668   0 0 0 -60074 -405
  77634   0 0 0 77136 -498
  47872   0 0 0 -48400 -527
  49535   0 0 0 49084 -451
  82664   0 0 0 -83204 -539
  49930   0 0 0 -50344 -413
  63539   0 0 0 -64092 -552
  42208   0 0 0 41815 -393
  36780   0 0 0 -37235 -454
  83181   0 0 0 -83642 -460
  54018   0 0 0 -54556 -537
  45698   0 0 0 -46230 -531
  67688   0 0 0 67292 -396
  34539   0 0 0 -35090 -550
  66247   0 0 0 65762 -485
  20502   0 0 0 19997 -505
  34955   0 0 0 34431 -524
  84519   0 0 0 84002 -517
  18943   0 0 0 18407 -536
  12867   0 0 0 -13414 -546
  111508   0 0 0 -112032 -523
  59701   0 0 0 59203 -498
  98771   0 0 0 98225 -546
  86382   0 0 0 -86860 -477
  619   0 0 0 98 -521
  3713   0 0 0 -4230 -516
  70970   0 0 0 -71468 -497
  47818   0 0 0 -48369 -550
  18093   0 0 0 -18494 -400
  15383   0 0 0 14868 -515
  44031   0 0 0 43602 -429
  26512   0 0 0 -27036 -523
  62663   0 0 0 62276 -387
  18728   0 0 0 -19246 -517
  15624   0 0 0 15124 -500
  85727   0 0 0 -86140 -412
  82411   0 0 0 -82924 -512
  86765   0 0 0 -86124 641
  77673   0 0 0 77264 -409
  5533   0 0 0 -5999 -465
  85030   0 0 0 -85543 -512
  14873   0 0 0 14398 -475
  1321   0 0 0 867 -454
  33072   0 0 0 32582 -490
  69924   0 0 0 -70380 -455
  29651   0 0 0 -30145 -493
  17510   0 0 0 16957 -553
  97061   0 0 0 96506 -555
  62261   0 0 0 61739 -522
  93868   0 0 0 -94320 -451
  60943   0 0 0 60405 -538
  22265   0 0 0 21738 -527
  78447   0 0 0 -78950 -502
  56035   0 0 0 -56509 -473
  101506   0 0 0 -102054 -547
  28722   0 0 0 28308 -414
  85188   0 0 0 84744 -444
  9958   0 0 0 -10398 -439
  2384   0 0 0 1858 -526
  21520   0 0 0 21051 -469
  24768   0 0 0 24221 -547
  83147   0 0 0 -83593 -445
  68990   0 0 0 -69420 -429
  23433   0 0 0 22883 -550
  88034   0 0 0 -88571 -536
  33459   0 0 0 -33855 -395
  83826   0 0 0 83399 -427
  54735   0 0 0 54300 -435
  38871   0 0 0 38432 -439
  94408   0 0 0 -94926 -517
  47444   0 0 0 46900 -544
  30498   0 0 0 30101 -397
  31990   0 0 0 31532 -458
  58257   0 0 0 -58669 -411
  72614   0 0 0 -73148 -533
  83621   0 0 0 83133 -488
  94285   0 0 0 93745 -540
  19780   0 0 0 19288 -492
  9732   0 0 0 -10231 -498
  98395   0 0 0 97857 -538
  24295   0 0 0 23844 -451
  57731   0 0 0 57251 -480
  79974   0 0 0 -78880 1094
  44642   0 0 0 44141 -501
  48039   0 0 0 47562 -477
  9746   0 0 0 9298 -448
  8651   0 0 0 -9069 -417
  84832   0 0 0 -85251 -418
  79958   0 0 0 -80353 -394
  88761   0 0 0 -89175 -413
  87082   0 0 0 86671 -411
  73058   0 0 0 72566 -492
  18597   0 0 0 -19112 -514
  66446   0 0 0 -66924 -477
  35263   0 0 0 34787 -476
  31929   0 0 0 31447 -482
  78219   0 0 0 -78703 -483
  1951   0 0 0 -2370 -418
  67405   0 0 0 66990 -415
  35444   0 0 0 35004 -440
  90465   0 0 0 -91002 -536
  10328   0 0 0 9776 -552
  65825   0 0 0 -66349 -523
  1723   0 0 0 1210 -513
  97706   0 0 0 97273 -433
  5552   0 0 0 5150 -402
  70662   0 0 0 70150 -512
  5184   0 0 0 -5718 -533
  74230   0 0 0 73689 -541
  30582   0 0 0 30169 -413
  58125   0 0 0 -58632 -506
  95838   0 0 0 95431 -407
  24718   0 0 0 24215 -503
  38328   0 0 0 -38769 -440
  35216   0 0 0 -35666 -449
  66824   0 0 0 66303 -521
  10965   0 0 0 10477 -488
  22164   0 0 0 21632 -532
  9126   0 0 0 -9552 -425
  21711   0 0 0 -22256 -544
  70085   0 0 0 -70640 -554
  32213   0 0 0 -32675 -461
  59700   0 0 0 59264 -436
  28750   0 0 0 -29236 -485
  89799   0 0 0 -90342 -542
  65598   0 0 0 65113 -485
  25864   0 0 0 25472 -392
  15340   0 0 0 14835 -505
  76394   0 0 0 75964 -430
  87002   0 0 0 86471 -531
  7208   0 0 0 -7694 -485
  21534   0 0 0 21044 -490
  12495   0 0 0 -12927 -431
  18631   0 0 0 18210 -421
  80380   0 0 0 79824 -556
  29452   0 0 0 -29975 -522
  75010   0 0 0 -75549 -538
  43548   0 0 0 -44060 -511
  102687   0 0 0 -103142 -454
  4262   0 0 0 3783 -479
  22030   0 0 0 -22560 -529
  47548   0 0 0 47034 -514
  44183   0 0 0 43791 -392
  13176   0 0 0 -13726 -549
  53815   0 0 0 -54216 -400
  71621   0 0 0 71157 -464
  6972   0 0 0 6540 -432
  110025   0 0 0 109503 -522
  23747   0 0 0 23194 -553
  14420   0 0 0 -14863 -442
  30268   0 0 0 -30735 -466
  80585   0 0 0 -80968 -382
  91857   0 0 0 91364 -493
  8733   0 0 0 8185 -548
  56443   0 0 0 56006 -437
  86264   0 0 0 -86712 -447
  26193   0 0 0 25719 -474
  11775   0 0 0 11294 -481
  67002   0 0 0 -67439 -436
  33676   0 0 0 -34160 -483
  26085   0 0 0 25653 -432
  60879   0 0 0 60339 -540
  72791   0 0 0 72272 -519
  73888   0 0 0 -74393 -504
  83110   0 0 0 82606 -504
  75512   0 0 0 75064 -448
  30813   0 0 0 30306 -507
  15983   0 0 0 -16530 -546
  83011   0 0 0 -83550 -538
  52729   0 0 0 52224 -505
  14201   0 0 0 -14668 -466
  47240   0 0 0 46766 -474
  29731   0 0 0 29326 -405
  64025   0 0 0 63570 -455
  36001   0 0 0 -36555 -553
  23087   0 0 0 -23550 -462
  54717   0 0 0 -55169 -451
  28513   0 0 0 -29056 -542
  17015   0 0 0 16508 -507
  52407   0 0 0 -50896 1511
  29024   0 0 0 28507 -517
  115019   0 0 0 114539 -480
  14394   0 0 0 13856 -538
  17567   0 0 0 17052 -515
  81876   0 0 0 -82337 -460
  15876   0 0 0 15494 -382
  59211   0 0 0 58822 -389
  6423   0 0 0 -6824 -400
  36521   0 0 0 -37074 -552
  100859   0 0 0 100379 -480
  60664   0 0 0 60112 -552
  51934   0 0 0 51466 -468
  84674   0 0 0 -85224 -549
  81150   0 0 0 -81600 -449
  27693   0 0 0 27214 -479
  9493   0 0 0 9090 -403
  53930   0 0 0 53456 -474
  74821   0 0 0 77607 2785
  35437   0 0 0 35036 -401
  103725   0 0 0 -104221 -495
  29062   0 0 0 -29462 -399
  94872   0 0 0 -95354 -481
  54886   0 0 0 54355 -531
  64374   0 0 0 63898 -476
  6595   0 0 0 -6996 -400
  60713   0 0 0 60268 -445
  7482   0 0 0 6982 -500
  97389   0 0 0 -96733 656
  21329   0 0 0 -21773 -443
  32701   0 0 0 32196 -505
  38840   0 0 0 38292 -548
  24427   0 0 0 -24928 -500
  88391   0 0 0 -88929 -537
  44734   0 0 0 -45278 -543
  61867   0 0 0 -62342 -474
  18221   0 0 0 17780 -441
  49837   0 0 0 49320 -517
  122962   0 0 0 122408 -554
  77352   0 0 0 -77798 -445
  52498   0 0 0 -52962 -463
  25027   0 0 0 24582 -445
  40261   0 0 0 39755 -506
  18573   0 0 0 18035 -538
  95338   0 0 0 -95758 -419
  83269   0 0 0 -52997 30272
  57520   0 0 0 -57970 -449
  4412   0 0 0 3912 -500
  26730   0 0 0 -27276 -545
  1523   0 0 0 996 -527
  21614   0 0 0 21102 -512
  91211   0 0 0 -91641 -429
  70139   0 0 0 69657 -482
  14554   0 0 0 -15098 -543
  63733   0 0 0 63234 -499
  36746   0 0 0 36258 -488
  594   0 0 0 -1122 -527
  40037   0 0 0 -40458 -420
  23087   0 0 0 -23634 -546
  111002   0 0 0 110489 -513
  37350   0 0 0 -37864 -513
  17311   0 0 0 16838 -473
  66692   0 0 0 66248 -444
  47033   0 0 0 46540 -493
  33288   0 0 0 -33820 -531
  100666   0 0 0 -101207 -540
  123517   0 0 0 -124058 -540
  3666   0 0 0 -4067 -400
  79967   0 0 0 79498 -469
  66546   0 0 0 -66995 -448
  8426   0 0 0 -8820 -393
  28431   0 0 0 27973 -458
  11227   0 0 0 10687 -540
  99512   0 0 0 -100053 -540
  8355   0 0 0 7860 -495
  35673   0 0 0 -36141 -467
  25024   0 0 0 24559 -465
  77531   0 0 0 77016 -515
  113841   0 0 0 113292 -549
  85916   0 0 0 -86330 -413
  39884   0 0 0 39446 -438
  7476   0 0 0 6946 -530
  92090   0 0 0 -92615 -524
  28010   0 0 0 27479 -531
  55084   0 0 0 -55604 -519
  108986   0 0 0 108470 -516
  101914   0 0 0 -102394 -479
  13019   0 0 0 -13430 -410
  15121   0 0 0 -15600 -478
  11131   0 0 0 -11532 -400
  37575   0 0 0 37138 -437
  119890   0 0 0 119368 -522
  82105   0 0 0 -82656 -550
  49537   0 0 0 -50018 -480
  65795   0 0 0 65911 115
  91960   0 0 0 -92446 -485
  28777   0 0 0 -29326 -548
  95685   0 0 0 95148 -537
  13769   0 0 0 13307 -462
  35526   0 0 0 -35952 -425
  483   0 0 0 -20 -503
  70822   0 0 0 70425 -397
  92785   0 0 0 92270 -515
  85827   0 0 0 -86382 -554
  68219   0 0 0 -68746 -526
  25535   0 0 0 25117 -418
  88046   0 0 0 87542 -504
  435   0 0 0 192 -243
  33041   0 0 0 -33568 -526
  14799   0 0 0 14249 -550
  75507   0 0 0 75101 -406
  21772   0 0 0 -22267 -494
  87214   0 0 0 86748 -466
  30174   0 0 0 -30590 -415
  44704   0 0 0 -45110 -405
  75560   0 0 0 75023 -537
  81368   0 0 0 80928 -440
  59494   0 0 0 58947 -547
  77402   0 0 0 76963 -439
  6620   0 0 0 -7074 -453
  87414   0 0 0 87004 -410
  52289   0 0 0 51872 -417
  49442   0 0 0 -49896 -453
  108713   0 0 0 108202 -511
  57141   0 0 0 -57634 -492
  10810   0 0 0 10268 -542
  94168   0 0 0 93649 -519
  22308   0 0 0 21884 -424
  96474   0 0 0 -96954 -479
  62222   0 0 0 -62767 -544
  45779   0 0 0 45291 -488
  64059   0 0 0 65916 1856
  38126   0 0 0 -38628 -501
  40971   0 0 0 40443 -528
  60314   0 0 0 -60723 -408
  77786   0 0 0 -78322 -535
  53567   0 0 0 53055 -512
  65269   0 0 0 64802 -467
  6633   0 0 0 6190 -443
  75859   0 0 0 -76316 -456
  930   0 0 0 512 -418
  62070   0 0 0 -62580 -509
  62089   0 0 0 -62562 -472
  9938   0 0 0 9524 -414
  45810   0 0 0 -46342 -531
  96105   0 0 0 95573 -532
  5782   0 0 0 5392 -390
  14531   0 0 0 -14937 -405
  50760   0 0 0 50256 -504
  45692   0 0 0 45199 -493
  93497   0 0 0 -93963 -465
  8537   0 0 0 7980 -557
  31947   0 0 0 31433 -514
  5825   0 0 0 -6254 -428
  5931   0 0 0 5498 -433
  15580   0 0 0 -16072 -491
  37317   0 0 0 36786 -531
  81139   0 0 0 80728 -411
  22579   0 0 0 22053 -526
  36315   0 0 0 -36825 -509
  50881   0 0 0 -51417 -535
  11591   0 0 0 11168 -423
  5349   0 0 0 -5862 -512
  37136   0 0 0 -37530 -393
  60215   0 0 0 59756 -459
  13140   0 0 0 12701 -439
  23101   0 0 0 -23490 -388
  92138   0 0 0 -92568 -429
  8274   0 0 0 7878 -396
  48379   0 0 0 47910 -469
  13778   0 0 0 -14322 -543
  73851   0 0 0 -74371 -519
  72447   0 0 0 71908 -539
  107611   0 0 0 -108159 -547
  27524   0 0 0 -27937 -412
  26961   0 0 0 26500 -461
  12326   0 0 0 -12822 -495
  94931   0 0 0 -95340 -408
  76728   0 0 0 76779 50
  102923   0 0 0 -103421 -497
  11996   0 0 0 11521 -475
  50549   0 0 0 50104 -445
  50910   0 0 0 -51316 -405
  37169   0 0 0 36760 -409
  43535   0 0 0 43078 -457
  47320   0 0 0 46809 -511
  92430   0 0 0 -92979 -548
  29257   0 0 0 -29655 -397
  52231   0 0 0 -52738 -506
  26436   0 0 0 -26961 -524
  32883   0 0 0 -33301 -417
  75171   0 0 0 74748 -423
  14080   0 0 0 -14570 -489
  34975   0 0 0 -35375 -399
  76391   0 0 0 -76873 -481
  63507   0 0 0 63074 -433
  60096   0 0 0 -60540 -443
  15636   0 0 0 -16113 -476
  44135   0 0 0 -44561 -425
  7940   0 0 0 -8353 -412
  2904   0 0 0 2381 -523
  15486   0 0 0 -15912 -425
  2504   0 0 0 -3002 -497
  21483   0 0 0 -22032 -548
  38145   0 0 0 -38640 -494
  25990   0 0 0 -26404 -413
  44983   0 0 0 -45410 -426
  2112   0 0 0 -2520 -407
  28647   0 0 0 28116 -531
  50313   0 0 0 49870 -443
  35163   0 0 0 -35556 -392
  4736   0 0 0 -5251 -514
  2743   0 0 0 -3183 -439
  84085   0 0 0 83691 -394
  11779   0 0 0 -12245 -465
  57669   0 0 0 -58061 -391
  19629   0 0 0 19148 -481
  20732   0 0 0 -17796 2936
  96225   0 0 0 95814 -411
  47619   0 0 0 47100 -519
  37377   0 0 0 -37830 -452
  10482   0 0 0 10020 -462
  6143   0 0 0 5690 -453
  16840   0 0 0 -17364 -523
  20281   0 0 0 19822 -459
  78598   0 0 0 78164 -434
  41106   0 0 0 40696 -410
  68328   0 0 0 67790 -538
  43578   0 0 0 43172 -406
  88002   0 0 0 87454 -548
  57761   0 0 0 -58233 -471
  4850   0 0 0 5604 753
  20457   0 0 0 -20936 -478
  59416   0 0 0 -59842 -425
  29102   0 0 0 -29652 -549
  60093   0 0 0 -60503 -409
  86022   0 0 0 -86416 -393
  68763   0 0 0 -69272 -508
  18817   0 0 0 18284 -533
  67536   0 0 0 66983 -553
  38731   0 0 0 -39270 -538
  19215   0 0 0 -19770 -554
  11381   0 0 0 -11812 -430
  46602   0 0 0 46122 -480
  415   0 0 0 -938 -522
  114114   0 0 0 113606 -508
  41312   0 0 0 40902 -410
  39323   0 0 0 38866 -457
  70427   0 0 0 69943 -484
  39763   0 0 0 39229 -534
  98580   0 0 0 -96566 2014
  36122   0 0 0 -36643 -520
  24274   0 0 0 -24716 -441
  33882   0 0 0 33410 -472
  113064   0 0 0 112532 -532
  426   0 0 0 38 -388
  89625   0 0 0 -90024 -398
  29064   0 0 0 28531 -533
  77998   0 0 0 -78536 -537
  16499   0 0 0 -16897 -397
  56336   0 0 0 -56846 -509
  58800   0 0 0 -59304 -503
  37295   0 0 0 36875 -420
  54727   0 0 0 57132 2404
  14643   0 0 0 14249 -394
  82424   0 0 0 -82933 -508
  34472   0 0 0 -34958 -485
  72045   0 0 0 71553 -492
  43361   0 0 0 42816 -545
  68342   0 0 0 67918 -424
  37746   0 0 0 37224 -522
  29032   0 0 0 28500 -532
  88720   0 0 0 -81507 7213
  77030   0 0 0 -77466 -435
  85347   0 0 0 84832 -515
  50628   0 0 0 50166 -462
  28474   0 0 0 -28962 -487
  22466   0 0 0 -22885 -418
  37168   0 0 0 -37643 -474
  62916   0 0 0 62503 -413
  1861   0 0 0 1321 -540
  73263   0 0 0 72715 -548
  92463   0 0 0 -92951 -487
  83474   0 0 0 -83958 -483
  35286   0 0 0 -35704 -417
  20970   0 0 0 20484 -486
  101132   0 0 0 -101660 -527
  91484   0 0 0 90956 -528
  28531   0 0 0 -29034 -502
  11408   0 0 0 11022 -386
  72209   0 0 0 -72611 -401
  5919   0 0 0 5456 -463
  1321   0 0 0 838 -483
  29096   0 0 0 28629 -467
  84086   0 0 0 83635 -451
  74672   0 0 0 74147 -525
  57687   0 0 0 57270 -417
  99004   0 0 0 -99492 -487
  55362   0 0 0 54846 -516
  64607   0 0 0 64150 -457
  85410   0 0 0 -85840 -429
  35361   0 0 0 34940 -421
  22231   0 0 0 21694 -537
  34504   0 0 0 33986 -518
  5044   0 0 0 4490 -554
  49296   0 0 0 -49688 -391
  3527   0 0 0 3118 -409
  19851   0 0 0 -20316 -464
  52479   0 0 0 52075 -404
  21466   0 0 0 -21964 -497
  27493   0 0 0 27078 -415
  58386   0 0 0 -58814 -427
  66561   0 0 0 -67054 -492
  102230   0 0 0 101726 -504
  68884   0 0 0 -69406 -521
  46808   0 0 0 -47234 -425
  14897   0 0 0 -15300 -402
  71808   0 0 0 71359 -449
  35501   0 0 0 35089 -412
  13408   0 0 0 -13816 -407
  10286   0 0 0 9774 -512
  30501   0 0 0 -30986 -484
  48475   0 0 0 -48919 -443
  20250   0 0 0 19739 -511
  16268   0 0 0 15716 -552
  24336   0 0 0 -24817 -480
  50880   0 0 0 50441 -439
  78556   0 0 0 -79072 -515
  43519   0 0 0 43011 -508
  58164   0 0 0 57676 -488
  52272   0 0 0 51787 -485
  84633   0 0 0 84166 -467
  43510   0 0 0 -44043 -532
  52777   0 0 0 52264 -513
  71903   0 0 0 -72378 -474
  45442   0 0 0 44938 -504
  9945   0 0 0 -10410 -464
  62523   0 0 0 -63018 -494
  14373   0 0 0 13908 -465
  38972   0 0 0 38428 -544
  69090   0 0 0 68674 -416
  43583   0 0 0 43131 -452
  15466   0 0 0 -15892 -425
  23847   0 0 0 -24266 -418
  19812   0 0 0 -20331 -518
  47758   0 0 0 47848 89
  3884   0 0 0 -4414 -529
  80901   0 0 0 -81307 -405
  38093   0 0 0 -38593 -499
  1806   0 0 0 1259 -547
  81312   0 0 0 -81828 -515
  322   0 0 0 -839 -516
  15841   0 0 0 15326 -515
  89685   0 0 0 -90228 -542
  60731   0 0 0 60196 -535
  91446   0 0 0 90990 -456
  50565   0 0 0 -51071 -505
  25978   0 0 0 25569 -409
  64145   0 0 0 63619 -526
  28020   0 0 0 -28422 -401
  57555   0 0 0 -58089 -533
  43812   0 0 0 -44359 -546
  82655   0 0 0 82194 -461
  31415   0 0 0 -31844 -428
  44157   0 0 0 -44660 -502
  19687   0 0 0 -20124 -436
  104947   0 0 0 -105461 -513
  21125   0 0 0 -21576 -450
  73376   0 0 0 -73824 -447
  72304   0 0 0 71814 -490
  110569   0 0 0 -111062 -492
  71241   0 0 0 70724 -517
  13122   0 0 0 12683 -439
  15394   0 0 0 -15800 -405
  64258   0 0 0 -64657 -398
  41531   0 0 0 41010 -521
  80235   0 0 0 -80782 -546
  82375   0 0 0 81886 -489
  24837   0 0 0 -25330 -492
  49998   0 0 0 -50460 -461
  52667   0 0 0 -53112 -444
  29348   0 0 0 28920 -428
  53963   0 0 0 53460 -503
  46049   0 0 0 45565 -484
  110330   0 0 0 109831 -499
  83357   0 0 0 -83852 -494
  41799   0 0 0 -42188 -388
  41944   0 0 0 41515 -429
  80168   0 0 0 -80563 -394
  4866   0 0 0 -5342 -475
  19327   0 0 0 -19767 -439
  29766   0 0 0 29354 -412
  86757   0 0 0 -87241 -483
  10857   0 0 0 -11357 -499
  91246   0 0 0 -91733 -486
  1939   0 0 0 1442 -497
  37347   0 0 0 36902 -445
  47524   0 0 0 -47919 -394
  9202   0 0 0 8750 -452
  66927   0 0 0 66528 -399
  86698   0 0 0 86312 -386
  49404   0 0 0 -49923 -518
  88706   0 0 0 -89174 -467
  86705   0 0 0 -87177 -471
  31564   0 0 0 -32070 -505
  19962   0 0 0 -20484 -521
  41310   0 0 0 40921 -389
  84561   0 0 0 -85002 -440
  104618   0 0 0 104102 -516
  21459   0 0 0 20972 -487
  59924   0 0 0 59445 -479
  58006   0 0 0 57542 -464
  25623   0 0 0 25118 -505
  31182   0 0 0 30721 -461
  69564   0 0 0 -69984 -419
  47427   0 0 0 -47940 -512
  32840   0 0 0 32420 -420
  40840   0 0 0 40410 -430
  94895   0 0 0 -95428 -532
  56046   0 0 0 -56498 -451
  73639   0 0 0 -74036 -396
  54455   0 0 0 -54912 -456
  36509   0 0 0 -36998 -488
  104054   0 0 0 103584 -470
  18872   0 0 0 18336 -536
  16355   0 0 0 15882 -473
  70595   0 0 0 70129 -466
  43672   0 0 0 -44118 -445
  29848   0 0 0 -30353 -504
  79783   0 0 0 79268 -515
  10298   0 0 0 9784 -514
  2296   0 0 0 1783 -513
  66549   0 0 0 66123 -426
  5932   0 0 0 5485 -447
  17332   0 0 0 16884 -448
  6212   0 0 0 5814 -398
  41095   0 0 0 40565 -530
  85213   0 0 0 84810 -403
  5880   0 0 0 -6343 -462
  18473   0 0 0 -18975 -501
  95772   0 0 0 -96274 -501
  99753   0 0 0 99282 -471
  84801   0 0 0 84332 -469
  13088   0 0 0 12596 -492
  53660   0 0 0 53164 -496
  35194   0 0 0 34799 -395
  23139   0 0 0 22631 -508
  7645   0 0 0 7252 -393
  9707   0 0 0 9210 -497
  27810   0 0 0 -28292 -481
  67024   0 0 0 -67483 -458
  62145   0 0 0 61714 -431
  40899   0 0 0 -41340 -440
  98122   0 0 0 97624 -498
  78584   0 0 0 -79130 -545
  76153   0 0 0 -76644 -490
  54631   0 0 0 -55086 -454
  91678   0 0 0 91162 -516
  68657   0 0 0 68187 -470
  45317   0 0 0 44818 -499
  56996   0 0 0 -57434 -437
  77185   0 0 0 76657 -528
  66041   0 0 0 65590 -451
  58898   0 0 0 58460 -438
  3946   0 0 0 3414 -532
  98800   0 0 0 -99228 -427
  797   0 0 0 -1327 -529
  71960   0 0 0 -72449 -488
  82360   0 0 0 -82860 -499
  52781   0 0 0 -53275 -493
  39453   0 0 0 38986 -467
  73039   0 0 0 -73593 -553
  22721   0 0 0 22326 -395
  45279   0 0 0 -45787 -507
  20512   0 0 0 -20990 -477
  44971   0 0 0 44518 -453
  45054   0 0 0 44552 -502
  30668   0 0 0 30186 -482
  71930   0 0 0 -72422 -491
  73982   0 0 0 -74410 -427
  55221   0 0 0 54797 -424
  29312   0 0 0 -29850 -537
  15933   0 0 0 -16487 -553
  7185   0 0 0 6645 -540
  9930   0 0 0 9385 -545
  14321   0 0 0 13784 -537
  48718   0 0 0 -49216 -497
  42014   0 0 0 41492 -522
  83490   0 0 0 82960 -530
  61416   0 0 0 60986 -430
  45239   0 0 0 -45638 -398
  45331   0 0 0 44882 -449
  77391   0 0 0 -77849 -457
  32863   0 0 0 32338 -525
  31264   0 0 0 30846 -418
  53737   0 0 0 -54184 -446
  5798   0 0 0 -6314 -515
  6224   0 0 0 -6698 -473
  55483   0 0 0 55008 -475
  61310   0 0 0 -61706 -395
  44407   0 0 0 -44853 -445
  89043   0 0 0 -89480 -436
  98412   0 0 0 -98916 -503
  77659   0 0 0 -78095 -435
  20475   0 0 0 -20996 -520
  933   0 0 0 494 -439
  48223   0 0 0 -48731 -507
  40542   0 0 0 40043 -499
  52631   0 0 0 52191 -440
  70427   0 0 0 70030 -397
  80637   0 0 0 -81094 -456
  77676   0 0 0 77286 -390
  6581   0 0 0 6187 -394
  104256   0 0 0 103706 -550
  86226   0 0 0 -86762 -535
  31790   0 0 0 31386 -404
  91934   0 0 0 91394 -540
  8836   0 0 0 -9247 -410
  42904   0 0 0 42394 -510
  35696   0 0 0 35176 -520
  93988   0 0 0 93587 -401
  31977   0 0 0 31541 -436
  117409   0 0 0 116886 -523
  5374   0 0 0 4908 -466
  27289   0 0 0 26886 -403
  55490   0 0 0 -56002 -511
  46709   0 0 0 46204 -505
  99970   0 0 0 99424 -546
  101257   0 0 0 100764 -493
  81582   0 0 0 -82006 -423
  3189   0 0 0 2712 -477
  40366   0 0 0 39817 -549
  95400   0 0 0 -95880 -479
  46632   0 0 0 -47126 -493
  76558   0 0 0 -77085 -526
  25744   0 0 0 25250 -494
  16089   0 0 0 -16592 -502
  61396   0 0 0 -61930 -533
  36568   0 0 0 36021 -547
  9268   0 0 0 8734 -534
  11277   0 0 0 10866 -411
  89371   0 0 0 88870 -501
  2760   0 0 0 -3155 -394
  101400   0 0 0 -101876 -475
  85223   0 0 0 84676 -547
  5668   0 0 0 5193 -475
  11537   0 0 0 -11985 -447
  37105   0 0 0 -37529 -423
  43524   0 0 0 43109 -415
  18956   0 0 0 -19431 -474
  3059   0 0 0 -3564 -504
  8182   0 0 0 -8572 -389
  65766   0 0 0 65334 -432
  69484   0 0 0 -69979 -494
  51835   0 0 0 51402 -433
  105014   0 0 0 -105520 -505
  37503   0 0 0 37026 -477
  80403   0 0 0 80010 -393
  32779   0 0 0 -33225 -445
  38614   0 0 0 -39016 -401
  42589   0 0 0 -43098 -508
  31458   0 0 0 31147 -311
  20595   0 0 0 21473 877
  29877   0 0 0 -29812 65
  50690   0 0 0 -51143 -452
  36993   0 0 0 36542 -451
  31759   0 0 0 -32276 -516
  35617   0 0 0 35178 -439
  51069   0 0 0 -51480 -410
  31199   0 0 0 -31598 -398
  46946   0 0 0 46544 -402
  75831   0 0 0 75384 -447
  11682   0 0 0 11285 -397
  110690   0 0 0 -111187 -496
  54101   0 0 0 53678 -423
  57983   0 0 0 -58366 -382
  90535   0 0 0 -91008 -472
  51765   0 0 0 51236 -529
  57694   0 0 0 57158 -536
  38541   0 0 0 -38934 -392
  94828   0 0 0 94281 -547
  27560   0 0 0 27076 -484
  8614   0 0 0 -9115 -500
  71695   0 0 0 -72213 -517
  90283   0 0 0 -90813 -529
  8783   0 0 0 -9235 -451
  51381   0 0 0 50880 -501
  22638   0 0 0 -23056 -417
  22261   0 0 0 21752 -509
  44196   0 0 0 -44741 -544
  5504   0 0 0 -5924 -419
  11584   0 0 0 -11998 -413
  33466   0 0 0 -33896 -429
  56113   0 0 0 -56614 -500
  70707   0 0 0 70283 -424
  1386   0 0 0 -1786 -399
  38814   0 0 0 -39344 -529
  46260   0 0 0 45804 -456
  1929   0 0 0 1460 -469
  8189   0 0 0 -8698 -508
  28576   0 0 0 28125 -451
  49126   0 0 0 -49633 -506
  72075   0 0 0 71616 -459
  82530   0 0 0 -83002 -471
  71335   0 0 0 -71822 -486
  99663   0 0 0 -100196 -532
  99098   0 0 0 -99638 -539
  71508   0 0 0 -72046 -537
  34779   0 0 0 -35228 -448
  90994   0 0 0 -91453 -458
  46806   0 0 0 46349 -457
  42057   0 0 0 41547 -510
  70435   0 0 0 -70899 -463
  31768   0 0 0 -32200 -431
  45107   0 0 0 44698 -409
  85904   0 0 0 85470 -434
  86946   0 0 0 -87432 -485
  64678   0 0 0 -65102 -423
  62628   0 0 0 -63142 -513
  71504   0 0 0 70974 -530
  79990   0 0 0 -79890 100
  69552   0 0 0 69081 -471
  64905   0 0 0 64432 -473
  5539   0 0 0 5054 -485
  1252   0 0 0 819 -433
  7815   0 0 0 7425 -390
  37390   0 0 0 -37846 -455
  14076   0 0 0 -14512 -435
  18544   0 0 0 -18964 -419
  32837   0 0 0 32293 -544
  55336   0 0 0 -55738 -401
  47535   0 0 0 -47938 -402
  60882   0 0 0 60456 -426
  35222   0 0 0 -35669 -446
  4803   0 0 0 4298 -505
  73268   0 0 0 72745 -523
  34104   0 0 0 -34560 -455
  49344   0 0 0 48840 -504
  50312   0 0 0 -50781 -468
  9646   0 0 0 9180 -466
  22186   0 0 0 -22676 -489
  72092   0 0 0 -72500 -407
  42667   0 0 0 42167 -500
  52670   0 0 0 52285 -385
  30312   0 0 0 29858 -454
  37208   0 0 0 -37742 -533
  9497   0 0 0 -9930 -432
  38498   0 0 0 -39016 -517
  9842   0 0 0 -10371 -528
  79654   0 0 0 79114 -540
  36909   0 0 0 36378 -531
  99924   0 0 0 99420 -504
  9010   0 0 0 8587 -423
  32991   0 0 0 -33413 -421
  62637   0 0 0 62240 -397
  45479   0 0 0 44999 -480
  409   0 0 0 -4 -413
  11230   0 0 0 10733 -497
  38834   0 0 0 38384 -450
  24888   0 0 0 24406 -482
  16903   0 0 0 16488 -415
  2065   0 0 0 -2473 -407
  43476   0 0 0 -43976 -499
  23536   0 0 0 23015 -521
  39990   0 0 0 -40486 -495
  109160   0 0 0 108658 -502
  6410   0 0 0 5947 -463
  1345   0 0 0 -1744 -398
  33545   0 0 0 -34077 -531
  6989   0 0 0 6494 -495
  74377   0 0 0 73888 -489
  50806   0 0 0 -51296 -489
  11318   0 0 0 10774 -544
  64456   0 0 0 64006 -450
  63172   0 0 0 62649 -523
  57302   0 0 0 -57754 -451
  72867   0 0 0 -73360 -492
  28841   0 0 0 -29339 -497
  31223   0 0 0 -31698 -474
  90192   0 0 0 89702 -490
  88946   0 0 0 -89418 -471
  22602   0 0 0 -23049 -446
  10598   0 0 0 -11077 -478
  47117   0 0 0 46690 -427
  72769   0 0 0 -73264 -494
  22414   0 0 0 22026 -388
  62604   0 0 0 62116 -488
  26866   0 0 0 26380 -486
  12433   0 0 0 12002 -431
  77160   0 0 0 76646 -514
  9127   0 0 0 8744 -383
  19167   0 0 0 18682 -485
  87689   0 0 0 87266 -423
  6882   0 0 0 6432 -450
  24456   0 0 0 23924 -532
  91936   0 0 0 91464 -472
  73736   0 0 0 -74180 -443
  4191   0 0 0 -4704 -512
  97375   0 0 0 -97832 -456
  15439   0 0 0 -15914 -474
  8548   0 0 0 -9074 -525
  29439   0 0 0 -29928 -488
  44813   0 0 0 -45208 -394
  1410   0 0 0 -1828 -417
  35409   0 0 0 34911 -498
  63977   0 0 0 -64498 -520
  17006   0 0 0 -17541 -534
  94414   0 0 0 -94848 -433
  45802   0 0 0 -46263 -460
  64051   0 0 0 63592 -459
  54042   0 0 0 53564 -478
  48292   0 0 0 47865 -427
  99054   0 0 0 -99588 -533
  83687   0 0 0 -84082 -394
  19799   0 0 0 -20248 -448
  17328   0 0 0 -17751 -422
  75740   0 0 0 -76278 -537
  122514   0 0 0 -123062 -547
  54468   0 0 0 53937 -531
  9090   0 0 0 8588 -502
  35914   0 0 0 -36383 -468
  17205   0 0 0 -17642 -436
  74493   0 0 0 74098 -395
  43547   0 0 0 -43986 -438
  31268   0 0 0 -31738 -469
  17497   0 0 0 -17898 -400
  48742   0 0 0 -49135 -392
  37309   0 0 0 36792 -517
  59361   0 0 0 58827 -534
  86287   0 0 0 85756 -531
  73725   0 0 0 -74214 -488
  30564   0 0 0 -31108 -543
  42397   0 0 0 -42862 -464
  61091   0 0 0 -61551 -459
  80556   0 0 0 -81054 -497
  68602   0 0 0 -69006 -403
  63511   0 0 0 62997 -514
  29332   0 0 0 -29811 -478
  74998   0 0 0 74528 -470
  13844   0 0 0 -14309 -464
  8772   0 0 0 8372 -400
  55424   0 0 0 55024 -400
  8912   0 0 0 8448 -464
  2439   0 0 0 -2996 -556
  64925   0 0 0 -65323 -397
  17211   0 0 0 16806 -405
  86982   0 0 0 86429 -553
  81182   0 0 0 80707 -475
  57111   0 0 0 56571 -540
  60497   0 0 0 -60886 -388
  66647   0 0 0 -67140 -492
  70542   0 0 0 70056 -486
  79127   0 0 0 78641 -486
  70027   0 0 0 69579 -448
  105411   0 0 0 -105954 -542
  71111   0 0 0 70568 -543
  106737   0 0 0 -107251 -513
  53417   0 0 0 52987 -430
  35170   0 0 0 -35616 -445
  53262   0 0 0 -53722 -459
  99519   0 0 0 99094 -425
  29186   0 0 0 -29597 -410
  92220   0 0 0 91681 -539
  3845   0 0 0 3414 -431
  80927   0 0 0 80379 -548
  105462   0 0 0 104943 -519
  12843   0 0 0 12311 -532
  55630   0 0 0 55165 -465
  47224   0 0 0 46711 -513
  47977   0 0 0 47583 -394
  29770   0 0 0 -30250 -479
  91811   0 0 0 -92281 -469
  38107   0 0 0 37687 -420
  81399   0 0 0 -81844 -444
  74700   0 0 0 -75260 -559
  34465   0 0 0 34052 -413
  16411   0 0 0 15951 -460
  5898   0 0 0 5500 -398
  30818   0 0 0 -31366 -547
  46273   0 0 0 45795 -478
  41040   0 0 0 -41482 -441
  66143   0 0 0 -66682 -538
  45935   0 0 0 -46425 -489
  32812   0 0 0 -33304 -491
  2080   0 0 0 -2530 -449
  52249   0 0 0 -52636 -386
  48561   0 0 0 48065 -496
  37455   0 0 0 36946 -509
  97947   0 0 0 -98490 -542
  95243   0 0 0 -95718 -474
  48513   0 0 0 -48958 -444
  11885   0 0 0 11430 -455
  5569   0 0 0 -6082 -512
  33585   0 0 0 33079 -506
  21164   0 0 0 20726 -438
  25028   0 0 0 -25502 -473
  336   0 0 0 -126 -462
  116559   0 0 0 116032 -527
  58628   0 0 0 -59030 -401
  49177   0 0 0 -49560 -382
  9518   0 0 0 -9918 -399
  16097   0 0 0 -16580 -482
  98355   0 0 0 97913 -442
  15979   0 0 0 15520 -459
  70037   0 0 0 -70576 -538
  13656   0 0 0 13250 -406
  81615   0 0 0 81068 -547
  27272   0 0 0 26798 -474
  52800   0 0 0 52303 -497
  4703   0 0 0 -5140 -436
  51911   0 0 0 -52380 -468
  63847   0 0 0 -64338 -490
  98997   0 0 0 98446 -551
  29482   0 0 0 29067 -415
  13748   0 0 0 -14144 -395
  89350   0 0 0 88832 -518
  23869   0 0 0 23418 -451
  26738   0 0 0 -27261 -522
  61752   0 0 0 -62201 -448
  116314   0 0 0 -116860 -545
  32390   0 0 0 31964 -426
  12967   0 0 0 12516 -451
  91990   0 0 0 91441 -549
  29216   0 0 0 28722 -494
  53739   0 0 0 53188 -551
  11770   0 0 0 11356 -414
  32529   0 0 0 32130 -399
  29598   0 0 0 -29994 -395
  47488   0 0 0 -47966 -477
  31187   0 0 0 -31712 -524
  1536   0 0 0 981 -555
  93894   0 0 0 -94345 -450
  86836   0 0 0 -87338 -501
  14729   0 0 0 -15262 -532
  35963   0 0 0 -36414 -450
  28645   0 0 0 28162 -483
  48196   0 0 0 47662 -534
  50079   0 0 0 -50480 -400
  63184   0 0 0 -63664 -479
  50306   0 0 0 49831 -475
  60309   0 0 0 59905 -404
  58579   0 0 0 58137 -442
  8194   0 0 0 -8680 -485
  25578   0 0 0 30442 4863
  16445   0 0 0 -16930 -484
  41252   0 0 0 -41778 -525
  32725   0 0 0 -33258 -532
  24926   0 0 0 -25436 -509
  3794   0 0 0 -4234 -439
  48625   0 0 0 -49084 -458
  64710   0 0 0 -65158 -447
  21956   0 0 0 -22345 -388
  35231   0 0 0 34737 -494
  18616   0 0 0 -19116 -499
  40057   0 0 0 -40598 -540